timestamp_iso,status_code,latency_ms,error
2026-09-11T20:34:05.469946+00:00,201,60.36,
2026-09-11T20:34:05.496490+00:00,201,75.79,
2026-09-11T20:34:05.530439+00:00,201,73.85,
2026-09-11T20:34:05.527491+00:00,201,125.93,
2026-09-11T20:34:05.525482+00:00,201,146.38,
2026-09-11T20:34:05.555851+00:00,201,119.47,
2026-09-11T20:34:05.572008+00:00,201,158.31,
2026-09-11T20:34:05.596538+00:00,201,138.37,
2026-09-11T20:34:05.558977+00:00,201,179.45,
2026-09-11T20:34:05.630033+00:00,201,251.15,
2026-09-11T20:34:05.604478+00:00,201,313.71,
2026-09-11T20:34:05.654471+00:00,201,334.37,
2026-09-11T20:34:05.605390+00:00,201,391.16,
2026-09-11T20:34:05.652817+00:00,201,364.30,
2026-09-11T20:34:05.674855+00:00,201,390.18,
2026-09-11T20:34:05.669841+00:00,201,397.82,
2026-09-11T20:34:05.696556+00:00,201,437.83,
2026-09-11T20:34:05.721284+00:00,201,471.34,
2026-09-11T20:34:05.672107+00:00,201,523.86,
2026-09-11T20:34:05.730296+00:00,201,481.09,
2026-09-11T20:34:05.656434+00:00,201,559.04,
2026-09-11T20:34:05.734929+00:00,201,486.50,
2026-09-11T20:34:05.738391+00:00,201,488.32,
2026-09-11T20:34:05.730296+00:00,201,503.23,
2026-09-11T20:34:05.762734+00:00,201,511.23,
2026-09-11T20:34:05.790857+00:00,201,519.34,
2026-09-11T20:34:05.792520+00:00,201,529.13,
2026-09-11T20:34:05.822006+00:00,201,516.03,
2026-09-11T20:34:05.827249+00:00,201,528.91,
2026-09-11T20:34:05.858756+00:00,201,507.70,
2026-09-11T20:34:05.878718+00:00,201,507.98,
2026-09-11T20:34:05.880669+00:00,201,508.56,
2026-09-11T20:34:05.916088+00:00,201,488.63,
2026-09-11T20:34:05.886922+00:00,201,532.93,
2026-09-11T20:34:05.912937+00:00,201,524.48,
2026-09-11T20:34:05.919939+00:00,201,527.85,
2026-09-11T20:34:05.944819+00:00,201,512.57,
2026-09-11T20:34:05.950350+00:00,201,511.36,
2026-09-11T20:34:05.988453+00:00,201,480.66,
2026-09-11T20:34:05.981447+00:00,201,502.08,
2026-09-11T20:34:05.996355+00:00,201,498.07,
2026-09-11T20:34:05.998608+00:00,201,503.22,
2026-09-11T20:34:06.015485+00:00,201,486.68,
2026-09-11T20:34:06.015485+00:00,201,506.68,
2026-09-11T20:34:06.042856+00:00,201,501.83,
2026-09-11T20:34:06.063580+00:00,201,506.29,
2026-09-11T20:34:06.063580+00:00,201,506.36,
2026-09-11T20:34:06.063580+00:00,201,523.81,
2026-09-11T20:34:06.096691+00:00,201,531.09,
2026-09-11T20:34:06.129350+00:00,201,546.52,
2026-09-11T20:34:06.133433+00:00,201,562.60,
2026-09-11T20:34:06.154359+00:00,201,562.79,
2026-09-11T20:34:06.178645+00:00,201,545.71,
2026-09-11T20:34:06.188674+00:00,201,550.32,
2026-09-11T20:34:06.192812+00:00,201,550.84,
2026-09-11T20:34:06.212078+00:00,201,548.53,
2026-09-11T20:34:06.212078+00:00,201,548.89,
2026-09-11T20:34:06.188674+00:00,201,575.78,
2026-09-11T20:34:06.221651+00:00,201,563.00,
2026-09-11T20:34:06.204591+00:00,201,578.18,
2026-09-11T20:34:06.221968+00:00,201,565.00,
2026-09-11T20:34:06.229989+00:00,201,573.46,
2026-09-11T20:34:06.221968+00:00,201,589.24,
2026-09-11T20:34:06.229989+00:00,201,593.29,
2026-09-11T20:34:06.263406+00:00,201,598.44,
2026-09-11T20:34:06.268809+00:00,201,591.28,
2026-09-11T20:34:06.295693+00:00,201,591.01,
2026-09-11T20:34:06.311670+00:00,201,595.11,
2026-09-11T20:34:06.295693+00:00,201,616.84,
2026-09-11T20:34:06.321746+00:00,201,595.98,
2026-09-11T20:34:06.337417+00:00,201,610.69,
2026-09-11T20:34:06.335407+00:00,201,615.50,
2026-09-11T20:34:06.353829+00:00,201,603.20,
2026-09-11T20:34:06.342471+00:00,201,622.65,
2026-09-11T20:34:06.362811+00:00,201,604.07,
2026-09-11T20:34:06.362811+00:00,201,635.59,
2026-09-11T20:34:06.383253+00:00,201,627.16,
2026-09-11T20:34:06.383253+00:00,201,634.39,
2026-09-11T20:34:06.390613+00:00,201,646.46,
2026-09-11T20:34:06.383253+00:00,201,655.05,
2026-09-11T20:34:06.406464+00:00,201,646.81,
2026-09-11T20:34:06.402346+00:00,201,657.52,
2026-09-11T20:34:06.412013+00:00,201,655.16,
2026-09-11T20:34:06.437715+00:00,201,643.48,
2026-09-11T20:34:06.448796+00:00,201,637.11,
2026-09-11T20:34:06.434051+00:00,201,660.83,
2026-09-11T20:34:06.459599+00:00,201,646.54,
2026-09-11T20:34:06.448796+00:00,201,663.23,
2026-09-11T20:34:06.448796+00:00,201,659.53,
2026-09-11T20:34:06.464921+00:00,201,658.99,
2026-09-11T20:34:06.464921+00:00,201,663.15,
2026-09-11T20:34:06.484176+00:00,201,658.43,
2026-09-11T20:34:06.484176+00:00,201,669.86,
2026-09-11T20:34:06.494615+00:00,201,664.39,
2026-09-11T20:34:06.495619+00:00,201,669.36,
2026-09-11T20:34:06.495619+00:00,201,674.47,
2026-09-11T20:34:06.495619+00:00,201,679.64,
2026-09-11T20:34:06.514101+00:00,201,685.11,
2026-09-11T20:34:06.514101+00:00,201,699.32,
2026-09-11T20:34:06.543100+00:00,201,696.33,
2026-09-11T20:34:06.543666+00:00,201,697.29,
2026-09-11T20:34:06.543666+00:00,201,710.61,
2026-09-11T20:34:06.563812+00:00,201,707.84,
2026-09-11T20:34:06.574216+00:00,201,710.31,
2026-09-11T20:34:06.563812+00:00,201,719.04,
2026-09-11T20:34:06.574216+00:00,201,716.82,
2026-09-11T20:34:06.585404+00:00,201,708.28,
2026-09-11T20:34:06.613334+00:00,201,739.49,
2026-09-11T20:34:06.621687+00:00,201,737.80,
2026-09-11T20:34:06.621687+00:00,201,741.91,
2026-09-11T20:34:06.653671+00:00,201,744.98,
2026-09-11T20:34:06.671160+00:00,201,740.83,
2026-09-11T20:34:06.671160+00:00,201,753.59,
2026-09-11T20:34:06.694430+00:00,201,755.09,
2026-09-11T20:34:06.694430+00:00,201,763.11,
2026-09-11T20:34:06.710660+00:00,201,764.24,
2026-09-11T20:34:06.721071+00:00,201,758.11,
2026-09-11T20:34:06.710660+00:00,201,768.33,
2026-09-11T20:34:06.721071+00:00,201,773.42,
2026-09-11T20:34:06.746579+00:00,201,764.21,
2026-09-11T20:34:06.742870+00:00,201,770.33,
2026-09-11T20:34:06.740739+00:00,201,774.94,
2026-09-11T20:34:06.748703+00:00,201,773.67,
2026-09-11T20:34:06.756978+00:00,201,773.67,
2026-09-11T20:34:06.756978+00:00,201,774.15,
2026-09-11T20:34:06.756978+00:00,201,783.74,
2026-09-11T20:34:06.788431+00:00,201,799.77,
2026-09-11T20:34:06.779189+00:00,201,810.43,
2026-09-11T20:34:06.788431+00:00,201,808.73,
2026-09-11T20:34:06.779189+00:00,201,821.01,
2026-09-11T20:34:06.808362+00:00,201,833.13,
2026-09-11T20:34:06.808362+00:00,201,840.86,
2026-09-11T20:34:06.805483+00:00,201,864.90,
2026-09-11T20:34:06.808362+00:00,201,867.52,
2026-09-11T20:34:06.826654+00:00,201,870.02,
2026-09-11T20:34:06.826654+00:00,201,879.92,
2026-09-11T20:34:06.853164+00:00,201,920.35,
2026-09-11T20:34:06.862053+00:00,201,915.56,
2026-09-11T20:34:06.862053+00:00,201,919.86,
2026-09-11T20:34:06.854749+00:00,201,948.16,
2026-09-11T20:34:06.884491+00:00,201,971.29,
2026-09-11T20:34:06.901596+00:00,201,964.87,
2026-09-11T20:34:06.905617+00:00,201,963.08,
2026-09-11T20:34:06.912150+00:00,201,959.72,
2026-09-11T20:34:06.899773+00:00,201,985.69,
2026-09-11T20:34:06.917676+00:00,201,973.52,
2026-09-11T20:34:06.901596+00:00,201,1014.73,
2026-09-11T20:34:06.919686+00:00,201,1003.18,
2026-09-11T20:34:06.946694+00:00,201,985.97,
2026-09-11T20:34:06.946694+00:00,201,1007.29,
2026-09-11T20:34:06.959607+00:00,201,1004.27,
2026-09-11T20:34:06.964265+00:00,201,1020.64,
2026-09-11T20:34:06.970554+00:00,201,1019.53,
2026-09-11T20:34:06.946694+00:00,201,1047.88,
2026-09-11T20:34:06.954038+00:00,201,1046.25,
2026-09-11T20:34:06.967552+00:00,201,1039.06,
2026-09-11T20:34:07.000454+00:00,201,1037.61,
2026-09-11T20:34:06.997337+00:00,201,1053.64,
2026-09-11T20:34:07.012974+00:00,201,1047.07,
2026-09-11T20:34:07.012974+00:00,201,1054.42,
2026-09-11T20:34:07.021702+00:00,201,1057.59,
2026-09-11T20:34:07.038043+00:00,201,1054.36,
2026-09-11T20:34:07.026586+00:00,201,1073.54,
2026-09-11T20:34:07.039738+00:00,201,1084.01,
2026-09-11T20:34:07.053084+00:00,201,1096.62,
2026-09-11T20:34:07.051077+00:00,201,1106.30,
2026-09-11T20:34:07.060305+00:00,201,1110.47,
2026-09-11T20:34:07.060305+00:00,201,1113.55,
2026-09-11T20:34:07.071398+00:00,201,1121.10,
2026-09-11T20:34:07.075835+00:00,201,1132.21,
2026-09-11T20:34:07.075835+00:00,201,1130.54,
2026-09-11T20:34:07.075835+00:00,201,1134.08,
2026-09-11T20:34:07.092731+00:00,201,1136.67,
2026-09-11T20:34:07.107301+00:00,201,1135.86,
2026-09-11T20:34:07.092731+00:00,201,1151.51,
2026-09-11T20:34:07.110954+00:00,201,1154.52,
2026-09-11T20:34:07.110954+00:00,201,1157.76,
2026-09-11T20:34:07.107301+00:00,201,1175.58,
2026-09-11T20:34:07.123032+00:00,201,1173.73,
2026-09-11T20:34:07.123032+00:00,201,1181.17,
2026-09-11T20:34:07.123032+00:00,201,1196.49,
2026-09-11T20:34:07.139583+00:00,201,1185.59,
2026-09-11T20:34:07.139583+00:00,201,1198.55,
2026-09-11T20:34:07.155070+00:00,201,1188.94,
2026-09-11T20:34:07.157648+00:00,201,1211.56,
2026-09-11T20:34:07.165378+00:00,201,1217.56,
2026-09-11T20:34:07.156228+00:00,201,1236.28,
2026-09-11T20:34:07.176441+00:00,201,1223.16,
2026-09-11T20:34:07.174438+00:00,201,1237.20,
2026-09-11T20:34:07.181523+00:00,201,1235.82,
2026-09-11T20:34:07.205049+00:00,201,1245.69,
2026-09-11T20:34:07.205049+00:00,201,1256.04,
2026-09-11T20:34:07.214954+00:00,201,1251.55,
2026-09-11T20:34:07.205049+00:00,201,1269.85,
2026-09-11T20:34:07.214954+00:00,201,1274.14,
2026-09-11T20:34:07.238756+00:00,201,1279.21,
2026-09-11T20:34:07.238756+00:00,201,1280.44,
2026-09-11T20:34:07.233232+00:00,201,1326.84,
2026-09-11T20:34:07.256715+00:00,201,1323.27,
2026-09-11T20:34:07.249990+00:00,201,1332.44,
2026-09-11T20:34:07.279726+00:00,201,1329.07,
2026-09-11T20:34:07.285281+00:00,201,1357.66,
2026-09-11T20:34:07.277285+00:00,201,1389.40,
2026-09-11T20:34:07.289281+00:00,201,1381.17,
2026-09-11T20:34:07.290703+00:00,201,1384.37,
2026-09-11T20:34:07.290703+00:00,201,1387.25,
2026-09-11T20:34:07.313085+00:00,201,1408.36,
2026-09-11T20:34:07.342534+00:00,201,1433.72,
2026-09-11T20:34:07.346190+00:00,201,1433.47,
2026-09-11T20:34:07.364376+00:00,201,1449.26,
2026-09-11T20:34:07.364376+00:00,201,1450.31,
2026-09-11T20:34:07.361725+00:00,201,1463.57,
2026-09-11T20:34:07.393679+00:00,201,1482.87,
2026-09-11T20:34:07.395185+00:00,201,1480.90,
2026-09-11T20:34:07.414002+00:00,201,1492.52,
2026-09-11T20:34:07.414002+00:00,201,1512.33,
2026-09-11T20:34:07.424996+00:00,201,1502.45,
2026-09-11T20:34:07.424996+00:00,201,1526.33,
2026-09-11T20:34:07.451090+00:00,201,1524.17,
2026-09-11T20:34:07.450080+00:00,201,1530.01,
2026-09-11T20:34:07.456410+00:00,201,1535.15,
2026-09-11T20:34:07.472064+00:00,201,1544.03,
2026-09-11T20:34:07.472064+00:00,201,1549.32,
2026-09-11T20:34:07.472064+00:00,201,1561.85,
2026-09-11T20:34:07.472064+00:00,201,1560.07,
2026-09-11T20:34:07.487736+00:00,201,1576.37,
2026-09-11T20:34:07.509353+00:00,201,1569.35,
2026-09-11T20:34:07.490481+00:00,201,1591.31,
2026-09-11T20:34:07.509353+00:00,201,1580.86,
2026-09-11T20:34:07.522328+00:00,201,1582.98,
2026-09-11T20:34:07.509353+00:00,201,1602.01,
2026-09-11T20:34:07.509353+00:00,201,1606.10,
2026-09-11T20:34:07.538031+00:00,201,1588.37,
2026-09-11T20:34:07.529649+00:00,201,1595.89,
2026-09-11T20:34:07.519514+00:00,201,1614.14,
2026-09-11T20:34:07.529649+00:00,201,1614.09,
2026-09-11T20:34:07.550408+00:00,201,1619.79,
2026-09-11T20:34:07.548397+00:00,201,1627.20,
2026-09-11T20:34:07.574973+00:00,201,1614.38,
2026-09-11T20:34:07.595208+00:00,201,1602.93,
2026-09-11T20:34:07.588127+00:00,201,1624.46,
2026-09-11T20:34:07.603730+00:00,201,1623.80,
2026-09-11T20:34:07.600729+00:00,201,1633.48,
2026-09-11T20:34:07.590208+00:00,201,1646.00,
2026-09-11T20:34:07.605729+00:00,201,1639.30,
2026-09-11T20:34:07.641251+00:00,201,1636.83,
2026-09-11T20:34:07.635977+00:00,201,1658.56,
2026-09-11T20:34:07.633977+00:00,201,1665.73,
2026-09-11T20:34:07.653292+00:00,201,1657.02,
2026-09-11T20:34:07.654644+00:00,201,1668.99,
2026-09-11T20:34:07.671942+00:00,201,1663.68,
2026-09-11T20:34:07.668943+00:00,201,1679.32,
2026-09-11T20:34:07.676951+00:00,201,1673.73,
2026-09-11T20:34:07.696439+00:00,201,1680.94,
2026-09-11T20:34:07.707491+00:00,201,1672.84,
2026-09-11T20:34:07.693934+00:00,201,1690.68,
2026-09-11T20:34:07.699447+00:00,201,1694.04,
2026-09-11T20:34:07.733875+00:00,201,1692.48,
2026-09-11T20:34:07.773245+00:00,201,1685.69,
2026-09-11T20:34:07.777691+00:00,201,1685.20,
2026-09-11T20:34:07.766091+00:00,201,1703.71,
2026-09-11T20:34:07.784119+00:00,201,1687.10,
2026-09-11T20:34:07.780608+00:00,201,1700.10,
2026-09-11T20:34:07.800365+00:00,201,1687.55,
2026-09-11T20:34:07.800365+00:00,201,1715.93,
2026-09-11T20:34:07.808106+00:00,201,1712.67,
2026-09-11T20:34:07.833361+00:00,201,1710.42,
2026-09-11T20:34:07.854589+00:00,201,1693.82,
2026-09-11T20:34:07.853404+00:00,201,1707.95,
2026-09-11T20:34:07.866756+00:00,201,1705.61,
2026-09-11T20:34:07.870207+00:00,201,1705.04,
2026-09-11T20:34:07.872338+00:00,201,1704.62,
2026-09-11T20:34:07.857815+00:00,201,1723.18,
2026-09-11T20:34:07.885644+00:00,201,1707.54,
2026-09-11T20:34:07.874340+00:00,201,1724.14,
2026-09-11T20:34:07.891656+00:00,201,1712.66,
2026-09-11T20:34:07.887899+00:00,201,1738.58,
2026-09-11T20:34:07.917456+00:00,201,1714.45,
2026-09-11T20:34:07.914946+00:00,201,1735.04,
2026-09-11T20:34:07.922471+00:00,201,1730.48,
2026-09-11T20:34:07.930163+00:00,201,1725.10,
2026-09-11T20:34:07.936649+00:00,201,1727.54,
2026-09-11T20:34:07.920465+00:00,201,1747.60,
2026-09-11T20:34:07.959511+00:00,201,1722.65,
2026-09-11T20:34:07.956513+00:00,201,1728.33,
2026-09-11T20:34:07.965034+00:00,201,1724.26,
2026-09-11T20:34:07.967446+00:00,201,1730.21,
2026-09-11T20:34:07.985985+00:00,201,1724.60,
2026-09-11T20:34:07.989991+00:00,201,1734.70,
2026-09-11T20:34:07.993222+00:00,201,1733.88,
2026-09-11T20:34:07.997103+00:00,201,1740.62,
2026-09-11T20:34:07.983332+00:00,201,1760.22,
2026-09-11T20:34:08.006663+00:00,201,1753.44,
2026-09-11T20:34:08.015367+00:00,201,1747.24,
2026-09-11T20:34:07.997103+00:00,201,1763.89,
2026-09-11T20:34:08.038239+00:00,201,1736.60,
2026-09-11T20:34:08.035342+00:00,201,1752.23,
2026-09-11T20:34:08.050958+00:00,201,1740.15,
2026-09-11T20:34:08.042248+00:00,201,1750.19,
2026-09-11T20:34:08.064151+00:00,201,1734.05,
2026-09-11T20:34:08.066362+00:00,201,1734.63,
2026-09-11T20:34:08.060701+00:00,201,1745.84,
2026-09-11T20:34:08.079262+00:00,201,1730.49,
2026-09-11T20:34:08.076261+00:00,201,1757.05,
2026-09-11T20:34:08.092743+00:00,201,1743.70,
2026-09-11T20:34:08.088746+00:00,201,1747.60,
2026-09-11T20:34:08.100338+00:00,201,1742.22,
2026-09-11T20:34:08.124553+00:00,201,1744.24,
2026-09-11T20:34:08.122299+00:00,201,1749.94,
2026-09-11T20:34:08.158668+00:00,201,1722.80,
2026-09-11T20:34:08.149748+00:00,201,1741.23,
2026-09-11T20:34:08.147334+00:00,201,1750.57,
2026-09-11T20:34:08.152703+00:00,201,1759.19,
2026-09-11T20:34:08.171211+00:00,201,1746.59,
2026-09-11T20:34:08.176334+00:00,201,1744.75,
2026-09-11T20:34:08.169210+00:00,201,1764.12,
2026-09-11T20:34:08.193086+00:00,201,1755.94,
2026-09-11T20:34:08.196182+00:00,201,1759.21,
2026-09-11T20:34:08.208763+00:00,201,1751.76,
2026-09-11T20:34:08.198493+00:00,201,1765.27,
2026-09-11T20:34:08.211786+00:00,201,1781.98,
2026-09-11T20:34:08.219643+00:00,201,1779.41,
2026-09-11T20:34:08.217141+00:00,201,1783.11,
2026-09-11T20:34:08.233791+00:00,201,1776.20,
2026-09-11T20:34:08.240451+00:00,201,1766.63,
2026-09-11T20:34:08.231789+00:00,201,1785.97,
2026-09-11T20:34:08.240451+00:00,201,1785.78,
2026-09-11T20:34:08.259858+00:00,201,1780.21,
2026-09-11T20:34:08.274662+00:00,201,1775.67,
2026-09-11T20:34:08.259858+00:00,201,1791.87,
2026-09-11T20:34:08.285047+00:00,201,1776.45,
2026-09-11T20:34:08.269259+00:00,201,1794.99,
2026-09-11T20:34:08.276586+00:00,201,1793.90,
2026-09-11T20:34:08.301061+00:00,201,1792.81,
2026-09-11T20:34:08.297718+00:00,201,1798.04,
2026-09-11T20:34:08.308532+00:00,201,1796.63,
2026-09-11T20:34:08.308532+00:00,201,1807.37,
2026-09-11T20:34:08.316724+00:00,201,1797.13,
2026-09-11T20:34:08.325659+00:00,201,1799.66,
2026-09-11T20:34:08.325659+00:00,201,1806.86,
2026-09-11T20:34:08.339490+00:00,201,1808.89,
2026-09-11T20:34:08.339490+00:00,201,1809.79,
2026-09-11T20:34:08.339490+00:00,201,1824.76,
2026-09-11T20:34:08.363370+00:00,201,1816.15,
2026-09-11T20:34:08.379071+00:00,201,1814.92,
2026-09-11T20:34:08.363370+00:00,201,1831.49,
2026-09-11T20:34:08.379071+00:00,201,1831.08,
2026-09-11T20:34:08.383889+00:00,201,1826.10,
2026-09-11T20:34:08.396569+00:00,201,1830.00,
2026-09-11T20:34:08.396569+00:00,201,1855.66,
2026-09-11T20:34:08.410866+00:00,201,1858.13,
2026-09-11T20:34:08.408863+00:00,201,1862.93,
2026-09-11T20:34:08.416383+00:00,201,1856.45,
2026-09-11T20:34:08.446603+00:00,201,1863.92,
2026-09-11T20:34:08.443263+00:00,201,1877.73,
2026-09-11T20:34:08.454785+00:00,201,1876.68,
2026-09-11T20:34:08.464496+00:00,201,1879.71,
2026-09-11T20:34:08.471782+00:00,201,1872.48,
2026-09-11T20:34:08.471336+00:00,201,1879.33,
2026-09-11T20:34:08.466986+00:00,201,1899.94,
2026-09-11T20:34:08.492388+00:00,201,1877.98,
2026-09-11T20:34:08.489390+00:00,201,1888.55,
2026-09-11T20:34:08.518828+00:00,201,1884.12,
2026-09-11T20:34:08.495325+00:00,201,1912.69,
2026-09-11T20:34:08.522763+00:00,201,1900.09,
2026-09-11T20:34:08.516444+00:00,201,1910.38,
2026-09-11T20:34:08.527002+00:00,201,1918.43,
2026-09-11T20:34:08.564592+00:00,201,1893.21,
2026-09-11T20:34:08.558326+00:00,201,1904.03,
2026-09-11T20:34:08.555022+00:00,201,1910.25,
2026-09-11T20:34:08.579856+00:00,201,1892.95,
2026-09-11T20:34:08.586667+00:00,201,1905.03,
2026-09-11T20:34:08.576007+00:00,201,1923.47,
2026-09-11T20:34:08.589384+00:00,201,1914.25,
2026-09-11T20:34:08.608817+00:00,201,1900.19,
2026-09-11T20:34:08.606642+00:00,201,1917.85,
2026-09-11T20:34:08.642860+00:00,201,1899.77,
2026-09-11T20:34:08.640235+00:00,201,1911.24,
2026-09-11T20:34:08.667102+00:00,201,1890.04,
2026-09-11T20:34:08.670359+00:00,201,1901.82,
2026-09-11T20:34:08.677421+00:00,201,1909.41,
2026-09-11T20:34:08.664453+00:00,201,1926.30,
2026-09-11T20:34:08.682793+00:00,201,1916.24,
2026-09-11T20:34:08.671940+00:00,201,1930.65,
2026-09-11T20:34:08.685193+00:00,201,1929.83,
2026-09-11T20:34:08.712781+00:00,201,1945.46,
2026-09-11T20:34:08.721230+00:00,201,1939.85,
2026-09-11T20:34:08.715556+00:00,201,1961.89,
2026-09-11T20:34:08.750361+00:00,201,1979.45,
2026-09-11T20:34:08.776241+00:00,201,1980.78,
2026-09-11T20:34:08.777744+00:00,201,1991.23,
2026-09-11T20:34:08.774240+00:00,201,1997.18,
2026-09-11T20:34:08.786748+00:00,201,1989.77,
2026-09-11T20:34:08.808734+00:00,201,2001.86,
2026-09-11T20:34:08.814904+00:00,201,1999.40,
2026-09-11T20:34:08.817916+00:00,201,2002.60,
2026-09-11T20:34:08.826755+00:00,201,2011.33,
2026-09-11T20:34:08.825754+00:00,201,2023.93,
2026-09-11T20:34:08.854216+00:00,201,2030.07,
2026-09-11T20:34:08.856280+00:00,201,2031.39,
2026-09-11T20:34:08.875793+00:00,201,2038.19,
2026-09-11T20:34:08.879972+00:00,201,2038.16,
2026-09-11T20:34:08.874615+00:00,201,2050.42,
2026-09-11T20:34:08.904809+00:00,201,2055.91,
2026-09-11T20:34:08.904809+00:00,201,2065.17,
2026-09-11T20:34:08.927520+00:00,201,2062.99,
2026-09-11T20:34:08.930038+00:00,201,2067.20,
2026-09-11T20:34:08.925524+00:00,201,2076.94,
2026-09-11T20:34:08.933037+00:00,201,2074.13,
2026-09-11T20:34:08.948272+00:00,201,2084.46,
2026-09-11T20:34:08.974650+00:00,201,2090.53,
2026-09-11T20:34:08.970296+00:00,201,2099.68,
2026-09-11T20:34:08.980165+00:00,201,2092.24,
2026-09-11T20:34:08.980165+00:00,201,2107.42,
2026-09-11T20:34:08.988536+00:00,201,2105.71,
2026-09-11T20:34:09.008854+00:00,201,2120.01,
2026-09-11T20:34:09.011037+00:00,201,2121.65,
2026-09-11T20:34:09.026261+00:00,201,2121.78,
2026-09-11T20:34:09.026261+00:00,201,2127.82,
2026-09-11T20:34:09.031036+00:00,201,2129.57,
2026-09-11T20:34:09.045524+00:00,201,2132.69,
2026-09-11T20:34:09.040006+00:00,201,2144.17,
2026-09-11T20:34:09.043526+00:00,201,2154.49,
2026-09-11T20:34:09.063561+00:00,201,2139.92,
2026-09-11T20:34:09.060550+00:00,201,2163.26,
2026-09-11T20:34:09.082115+00:00,201,2146.13,
2026-09-11T20:34:09.087189+00:00,201,2145.22,
2026-09-11T20:34:09.079946+00:00,201,2160.93,
2026-09-11T20:34:09.104948+00:00,201,2145.51,
2026-09-11T20:34:09.096795+00:00,201,2157.63,
2026-09-11T20:34:09.089327+00:00,201,2167.15,
2026-09-11T20:34:09.112549+00:00,201,2162.99,
2026-09-11T20:34:09.115561+00:00,201,2163.69,
2026-09-11T20:34:09.107036+00:00,201,2179.29,
2026-09-11T20:34:09.121957+00:00,201,2162.60,
2026-09-11T20:34:09.121957+00:00,201,2173.25,
2026-09-11T20:34:09.132728+00:00,201,2167.31,
2026-09-11T20:34:09.130208+00:00,201,2174.37,
2026-09-11T20:34:09.146357+00:00,201,2175.14,
2026-09-11T20:34:09.142083+00:00,201,2184.92,
2026-09-11T20:34:09.172391+00:00,201,2186.50,
2026-09-11T20:34:09.168496+00:00,201,2199.51,
2026-09-11T20:34:09.170504+00:00,201,2200.11,
2026-09-11T20:34:09.196718+00:00,201,2189.47,
2026-09-11T20:34:09.172391+00:00,201,2220.22,
2026-09-11T20:34:09.188535+00:00,201,2207.34,
2026-09-11T20:34:09.188535+00:00,201,2217.32,
2026-09-11T20:34:09.213095+00:00,201,2207.38,
2026-09-11T20:34:09.211095+00:00,201,2213.18,
2026-09-11T20:34:09.215097+00:00,201,2215.50,
2026-09-11T20:34:09.224691+00:00,201,2222.81,
2026-09-11T20:34:09.230736+00:00,201,2221.81,
2026-09-11T20:34:09.229729+00:00,201,2234.66,
2026-09-11T20:34:09.241251+00:00,201,2225.95,
2026-09-11T20:34:09.230736+00:00,201,2240.30,
2026-09-11T20:34:09.247853+00:00,201,2245.94,
2026-09-11T20:34:09.271987+00:00,201,2241.44,
2026-09-11T20:34:09.278071+00:00,201,2240.08,
2026-09-11T20:34:09.280746+00:00,201,2248.41,
2026-09-11T20:34:09.294989+00:00,201,2237.71,
2026-09-11T20:34:09.297357+00:00,201,2257.78,
2026-09-11T20:34:09.297357+00:00,201,2266.81,
2026-09-11T20:34:09.310106+00:00,201,2259.44,
2026-09-11T20:34:09.325260+00:00,201,2261.80,
2026-09-11T20:34:09.310106+00:00,201,2278.06,
2026-09-11T20:34:09.324253+00:00,201,2271.19,
2026-09-11T20:34:09.335946+00:00,201,2280.59,
2026-09-11T20:34:09.345577+00:00,201,2281.27,
2026-09-11T20:34:09.345577+00:00,201,2289.03,
2026-09-11T20:34:09.345577+00:00,201,2303.70,
2026-09-11T20:34:09.376605+00:00,201,2298.38,
2026-09-11T20:34:09.380204+00:00,201,2306.10,
2026-09-11T20:34:09.380204+00:00,201,2314.16,
2026-09-11T20:34:09.371232+00:00,201,2322.83,
2026-09-11T20:34:09.392609+00:00,201,2325.29,
2026-09-11T20:34:09.390854+00:00,201,2332.95,
2026-09-11T20:34:09.424431+00:00,201,2347.58,
2026-09-11T20:34:09.424431+00:00,201,2360.01,
2026-09-11T20:34:09.427162+00:00,201,2361.08,
2026-09-11T20:34:09.455949+00:00,201,2353.19,
2026-09-11T20:34:09.455949+00:00,201,2353.24,
2026-09-11T20:34:09.455949+00:00,201,2373.64,
2026-09-11T20:34:09.471694+00:00,201,2360.20,
2026-09-11T20:34:09.465179+00:00,201,2367.13,
2026-09-11T20:34:09.465179+00:00,201,2374.73,
2026-09-11T20:34:09.471694+00:00,201,2373.88,
2026-09-11T20:34:09.487624+00:00,201,2380.91,
2026-09-11T20:34:09.490896+00:00,201,2384.58,
2026-09-11T20:34:09.509976+00:00,201,2416.98,
2026-09-11T20:34:09.519420+00:00,201,2417.39,
2026-09-11T20:34:09.509976+00:00,201,2427.96,
2026-09-11T20:34:09.522168+00:00,201,2431.36,
2026-09-11T20:34:09.541209+00:00,201,2429.30,
2026-09-11T20:34:09.541209+00:00,201,2428.70,
2026-09-11T20:34:09.541209+00:00,201,2442.41,
2026-09-11T20:34:09.551780+00:00,201,2441.74,
2026-09-11T20:34:09.551780+00:00,201,2441.44,
2026-09-11T20:34:09.568197+00:00,201,2436.79,
2026-09-11T20:34:09.568197+00:00,201,2436.89,
2026-09-11T20:34:09.568197+00:00,201,2448.43,
2026-09-11T20:34:09.568197+00:00,201,2461.55,
2026-09-11T20:34:09.568197+00:00,201,2456.26,
2026-09-11T20:34:09.588611+00:00,201,2458.44,
2026-09-11T20:34:09.582880+00:00,201,2471.67,
2026-09-11T20:34:09.598760+00:00,201,2472.11,
2026-09-11T20:34:09.600357+00:00,201,2481.49,
2026-09-11T20:34:09.605135+00:00,201,2479.67,
2026-09-11T20:34:09.607244+00:00,201,2491.76,
2026-09-11T20:34:09.620415+00:00,201,2489.02,
2026-09-11T20:34:09.629916+00:00,201,2502.83,
2026-09-11T20:34:09.620415+00:00,201,2513.16,
2026-09-11T20:34:09.655285+00:00,201,2492.91,
2026-09-11T20:34:09.653287+00:00,201,2502.80,
2026-09-11T20:34:09.650286+00:00,201,2510.54,
2026-09-11T20:34:09.648182+00:00,201,2518.13,
2026-09-11T20:34:09.664655+00:00,201,2506.04,
2026-09-11T20:34:09.654287+00:00,201,2527.32,
2026-09-11T20:34:09.668182+00:00,201,2524.42,
2026-09-11T20:34:09.669184+00:00,201,2535.85,
2026-09-11T20:34:09.686841+00:00,201,2525.76,
2026-09-11T20:34:09.684824+00:00,201,2533.49,
2026-09-11T20:34:09.682263+00:00,201,2542.57,
2026-09-11T20:34:09.686841+00:00,201,2541.63,
2026-09-11T20:34:09.692988+00:00,201,2546.74,
2026-09-11T20:34:09.703406+00:00,201,2537.93,
2026-09-11T20:34:09.703406+00:00,201,2550.39,
2026-09-11T20:34:09.724636+00:00,201,2536.61,
2026-09-11T20:34:09.720954+00:00,201,2555.31,
2026-09-11T20:34:09.724636+00:00,201,2554.98,
2026-09-11T20:34:09.740555+00:00,201,2547.55,
2026-09-11T20:34:09.735237+00:00,201,2559.25,
2026-09-11T20:34:09.740555+00:00,201,2558.59,
2026-09-11T20:34:09.745364+00:00,201,2562.62,
2026-09-11T20:34:09.755906+00:00,201,2558.75,
2026-09-11T20:34:09.755906+00:00,201,2575.26,
2026-09-11T20:34:09.766402+00:00,201,2575.79,
2026-09-11T20:34:09.755906+00:00,201,2579.36,
2026-09-11T20:34:09.766402+00:00,201,2577.69,
2026-09-11T20:34:09.785755+00:00,201,2571.61,
2026-09-11T20:34:09.785755+00:00,201,2576.17,
2026-09-11T20:34:09.785755+00:00,201,2585.81,
2026-09-11T20:34:09.785755+00:00,201,2588.46,
2026-09-11T20:34:09.804018+00:00,201,2582.27,
2026-09-11T20:34:09.798338+00:00,201,2592.09,
2026-09-11T20:34:09.804018+00:00,201,2590.58,
2026-09-11T20:34:09.798338+00:00,201,2603.95,
2026-09-11T20:34:09.804018+00:00,201,2598.90,
2026-09-11T20:34:09.833900+00:00,201,2610.27,
2026-09-11T20:34:09.833900+00:00,201,2617.42,
2026-09-11T20:34:09.829914+00:00,201,2624.71,
2026-09-11T20:34:09.833900+00:00,201,2617.91,
2026-09-11T20:34:09.840444+00:00,201,2629.42,
2026-09-11T20:34:09.840444+00:00,201,2650.09,
2026-09-11T20:34:09.867081+00:00,201,2643.47,
2026-09-11T20:34:09.865513+00:00,201,2651.71,
2026-09-11T20:34:09.871364+00:00,201,2651.30,
2026-09-11T20:34:09.871364+00:00,201,2661.63,
2026-09-11T20:34:09.880966+00:00,201,2660.17,
2026-09-11T20:34:09.890966+00:00,201,2664.88,
2026-09-11T20:34:09.897745+00:00,201,2662.37,
2026-09-11T20:34:09.892975+00:00,201,2671.24,
2026-09-11T20:34:09.909108+00:00,201,2676.07,
2026-09-11T20:34:09.909108+00:00,201,2684.53,
2026-09-11T20:34:09.914109+00:00,201,2683.03,
2026-09-11T20:34:09.914109+00:00,201,2689.73,
2026-09-11T20:34:09.924524+00:00,201,2711.49,
2026-09-11T20:34:09.924524+00:00,201,2711.21,
2026-09-11T20:34:09.940940+00:00,201,2700.81,
2026-09-11T20:34:09.940940+00:00,201,2714.18,
2026-09-11T20:34:09.955674+00:00,201,2716.31,
2026-09-11T20:34:09.955674+00:00,201,2725.31,
2026-09-11T20:34:09.961775+00:00,201,2762.72,
2026-09-11T20:34:09.991382+00:00,201,2749.02,
2026-09-11T20:34:09.955674+00:00,201,2788.69,
2026-09-11T20:34:09.991382+00:00,201,2759.14,
2026-09-11T20:34:09.991382+00:00,201,2761.90,
2026-09-11T20:34:10.003371+00:00,201,2760.65,
2026-09-11T20:34:09.965301+00:00,201,2808.62,
2026-09-11T20:34:09.991382+00:00,201,2783.26,
2026-09-11T20:34:10.003371+00:00,201,2769.23,
2026-09-11T20:34:10.003371+00:00,201,2771.64,
2026-09-11T20:34:10.003371+00:00,201,2789.13,
2026-09-11T20:34:10.019178+00:00,201,2789.29,
2026-09-11T20:34:10.021993+00:00,201,2790.87,
2026-09-11T20:34:10.040413+00:00,201,2787.90,
2026-09-11T20:34:10.050869+00:00,201,2788.57,
2026-09-11T20:34:10.051411+00:00,201,2799.05,
2026-09-11T20:34:10.040413+00:00,201,2816.88,
2026-09-11T20:34:10.060819+00:00,201,2806.61,
2026-09-11T20:34:10.051411+00:00,201,2819.77,
2026-09-11T20:34:10.060819+00:00,201,2815.10,
2026-09-11T20:34:10.060819+00:00,201,2821.68,
2026-09-11T20:34:10.068055+00:00,201,2820.50,
2026-09-11T20:34:10.084111+00:00,201,2826.66,
2026-09-11T20:34:10.097902+00:00,201,2830.73,
2026-09-11T20:34:10.097902+00:00,201,2834.60,
2026-09-11T20:34:10.084111+00:00,201,2846.35,
2026-09-11T20:34:10.105538+00:00,201,2839.22,
2026-09-11T20:34:10.105538+00:00,201,2844.56,
2026-09-11T20:34:10.113901+00:00,201,2841.84,
2026-09-11T20:34:10.124286+00:00,201,2849.20,
2026-09-11T20:34:10.113901+00:00,201,2859.68,
2026-09-11T20:34:10.129895+00:00,201,2854.85,
2026-09-11T20:34:10.124286+00:00,201,2868.44,
2026-09-11T20:34:10.146463+00:00,201,2869.73,
2026-09-11T20:34:10.146463+00:00,201,2878.73,
2026-09-11T20:34:10.146463+00:00,201,2885.16,
2026-09-11T20:34:10.154403+00:00,201,2890.77,
2026-09-11T20:34:10.166250+00:00,201,2884.31,
2026-09-11T20:34:10.167249+00:00,201,2902.02,
2026-09-11T20:34:10.187940+00:00,201,2899.14,
2026-09-11T20:34:10.187940+00:00,201,2914.62,
2026-09-11T20:34:10.197868+00:00,201,2909.83,
2026-09-11T20:34:10.197868+00:00,201,2918.13,
2026-09-11T20:34:10.205392+00:00,201,2916.10,
2026-09-11T20:34:10.205392+00:00,201,2922.59,
2026-09-11T20:34:10.216071+00:00,201,2930.08,
2026-09-11T20:34:10.226132+00:00,201,2923.38,
2026-09-11T20:34:10.216071+00:00,201,2940.94,
2026-09-11T20:34:10.229888+00:00,201,2946.45,
2026-09-11T20:34:10.251881+00:00,201,2954.86,
2026-09-11T20:34:10.245856+00:00,201,2960.28,
2026-09-11T20:34:10.270110+00:00,201,2970.48,
2026-09-11T20:34:10.270110+00:00,201,2967.59,
2026-09-11T20:34:10.270110+00:00,201,2975.80,
2026-09-11T20:34:10.267362+00:00,201,2986.01,
2026-09-11T20:34:10.277909+00:00,201,2983.38,
2026-09-11T20:34:10.309782+00:00,201,3001.84,
2026-09-11T20:34:10.310701+00:00,201,2998.90,
2026-09-11T20:34:10.320766+00:00,201,3007.05,
2026-09-11T20:34:10.330674+00:00,201,3013.94,
2026-09-11T20:34:10.328662+00:00,201,3021.76,
2026-09-11T20:34:10.342293+00:00,201,3026.67,
2026-09-11T20:34:10.344301+00:00,201,3027.81,
2026-09-11T20:34:10.346311+00:00,201,3034.99,
2026-09-11T20:34:10.350164+00:00,201,3037.10,
2026-09-11T20:34:10.366878+00:00,201,3026.09,
2026-09-11T20:34:10.369110+00:00,201,3040.72,
2026-09-11T20:34:10.378657+00:00,201,3036.38,
2026-09-11T20:34:10.358884+00:00,201,3057.21,
2026-09-11T20:34:10.373129+00:00,201,3053.23,
2026-09-11T20:34:10.408127+00:00,201,3046.97,
2026-09-11T20:34:10.402099+00:00,201,3058.43,
2026-09-11T20:34:10.400088+00:00,201,3071.38,
2026-09-11T20:34:10.404110+00:00,201,3072.45,
2026-09-11T20:34:10.425836+00:00,201,3068.09,
2026-09-11T20:34:10.421824+00:00,201,3079.90,
2026-09-11T20:34:10.420192+00:00,201,3086.98,
2026-09-11T20:34:10.445026+00:00,201,3081.32,
2026-09-11T20:34:10.442924+00:00,201,3087.17,
2026-09-11T20:34:10.456091+00:00,201,3080.66,
2026-09-11T20:34:10.462113+00:00,201,3080.82,
2026-09-11T20:34:10.449044+00:00,201,3100.52,
2026-09-11T20:34:10.465628+00:00,201,3089.10,
2026-09-11T20:34:10.471183+00:00,201,3091.12,
2026-09-11T20:34:10.467152+00:00,201,3101.53,
2026-09-11T20:34:10.488657+00:00,201,3107.61,
2026-09-11T20:34:10.488657+00:00,201,3113.68,
2026-09-11T20:34:10.498879+00:00,201,3107.94,
2026-09-11T20:34:10.498879+00:00,201,3118.06,
2026-09-11T20:34:10.505209+00:00,201,3118.62,
2026-09-11T20:34:10.498879+00:00,201,3133.78,
2026-09-11T20:34:10.522977+00:00,201,3135.44,
2026-09-11T20:34:10.514872+00:00,201,3143.54,
2026-09-11T20:34:10.540897+00:00,201,3140.50,
2026-09-11T20:34:10.539873+00:00,201,3149.54,
2026-09-11T20:34:10.543992+00:00,201,3150.18,
2026-09-11T20:34:10.550300+00:00,201,3148.54,
2026-09-11T20:34:10.550300+00:00,201,3158.06,
2026-09-11T20:34:10.569401+00:00,201,3153.55,
2026-09-11T20:34:10.557847+00:00,201,3176.86,
2026-09-11T20:34:10.580070+00:00,201,3170.96,
2026-09-11T20:34:10.590055+00:00,201,3177.67,
2026-09-11T20:34:10.596572+00:00,201,3176.55,
2026-09-11T20:34:10.580070+00:00,201,3200.58,
2026-09-11T20:34:10.596572+00:00,201,3201.03,
2026-09-11T20:34:10.593960+00:00,201,3212.31,
2026-09-11T20:34:10.609196+00:00,201,3209.01,
2026-09-11T20:34:10.615544+00:00,201,3207.09,
2026-09-11T20:34:10.639746+00:00,201,3219.81,
2026-09-11T20:34:10.656902+00:00,201,3220.18,
2026-09-11T20:34:10.655812+00:00,201,3237.56,
2026-09-11T20:34:10.656902+00:00,201,3235.55,
2026-09-11T20:34:10.671715+00:00,201,3249.27,
2026-09-11T20:34:10.671715+00:00,201,3265.29,
2026-09-11T20:34:10.702811+00:00,201,3272.76,
2026-09-11T20:34:10.728473+00:00,201,3278.55,
2026-09-11T20:34:10.720898+00:00,201,3301.45,
2026-09-11T20:34:10.750288+00:00,201,3296.49,
2026-09-11T20:34:10.750288+00:00,201,3321.41,
2026-09-11T20:34:10.760216+00:00,201,3318.22,
2026-09-11T20:34:10.760216+00:00,201,3321.34,
2026-09-11T20:34:10.776040+00:00,201,3334.62,
2026-09-11T20:34:10.776040+00:00,201,3339.88,
2026-09-11T20:34:10.781225+00:00,201,3345.61,
2026-09-11T20:34:10.814384+00:00,201,3340.47,
2026-09-11T20:34:10.807729+00:00,201,3350.96,
2026-09-11T20:34:10.807143+00:00,201,3361.57,
2026-09-11T20:34:10.816952+00:00,201,3354.93,
2026-09-11T20:34:10.816952+00:00,201,3496.46,
2026-09-11T20:34:10.838896+00:00,201,3479.23,
2026-09-11T20:34:10.835882+00:00,201,3483.78,
2026-09-11T20:34:10.840985+00:00,201,3475.58,
2026-09-11T20:34:10.871463+00:00,201,3456.64,
2026-09-11T20:34:10.840985+00:00,201,3490.05,
2026-09-11T20:34:10.875055+00:00,201,3452.56,
2026-09-11T20:34:10.887371+00:00,201,3450.67,
2026-09-11T20:34:10.887371+00:00,201,3460.13,
2026-09-11T20:34:10.908169+00:00,201,3446.64,
2026-09-11T20:34:10.908169+00:00,201,3448.90,
2026-09-11T20:34:10.908169+00:00,201,3469.37,
2026-09-11T20:34:10.919043+00:00,201,3465.02,
2026-09-11T20:34:10.924836+00:00,201,3463.44,
2026-09-11T20:34:10.950957+00:00,201,3487.23,
2026-09-11T20:34:10.956413+00:00,201,3481.07,
2026-09-11T20:34:10.966852+00:00,201,3499.12,
2026-09-11T20:34:10.966852+00:00,201,3509.59,
2026-09-11T20:34:10.990354+00:00,201,3510.87,
2026-09-11T20:34:10.990354+00:00,201,3521.16,
2026-09-11T20:34:10.982663+00:00,201,3533.26,
2026-09-11T20:34:11.000555+00:00,201,3521.83,
2026-09-11T20:34:10.998351+00:00,201,3544.61,
2026-09-11T20:34:11.000555+00:00,201,3540.01,
2026-09-11T20:34:11.030357+00:00,201,3549.80,
2026-09-11T20:34:11.031863+00:00,201,3551.63,
2026-09-11T20:34:11.061708+00:00,201,3569.99,
2026-09-11T20:34:11.061708+00:00,201,3567.81,
2026-09-11T20:34:11.061708+00:00,201,3578.40,
2026-09-11T20:34:11.072560+00:00,201,3574.95,
2026-09-11T20:34:11.077087+00:00,201,3584.85,
2026-09-11T20:34:11.077087+00:00,201,3592.73,
2026-09-11T20:34:11.095751+00:00,201,3597.56,
2026-09-11T20:34:11.093092+00:00,201,3612.43,
2026-09-11T20:34:11.124692+00:00,201,3604.88,
2026-09-11T20:34:11.133351+00:00,201,3602.90,
2026-09-11T20:34:11.124692+00:00,201,3634.91,
2026-09-11T20:34:11.150324+00:00,201,3613.91,
2026-09-11T20:34:11.150324+00:00,201,3626.60,
2026-09-11T20:34:11.141961+00:00,201,3644.88,
2026-09-11T20:34:11.178395+00:00,201,3618.08,
2026-09-11T20:34:11.156698+00:00,201,3645.20,
2026-09-11T20:34:11.156698+00:00,201,3650.94,
2026-09-11T20:34:11.172164+00:00,201,3642.35,
2026-09-11T20:34:11.180437+00:00,201,3643.59,
2026-09-11T20:34:11.198422+00:00,201,3651.07,
2026-09-11T20:34:11.204084+00:00,201,3648.02,
2026-09-11T20:34:11.195032+00:00,201,3658.97,
2026-09-11T20:34:11.198422+00:00,201,3669.55,
2026-09-11T20:34:11.219961+00:00,201,3664.42,
2026-09-11T20:34:11.219961+00:00,201,3671.42,
2026-09-11T20:34:11.219961+00:00,201,3685.72,
2026-09-11T20:34:11.219961+00:00,201,3679.18,
2026-09-11T20:34:11.241139+00:00,201,3674.23,
2026-09-11T20:34:11.246484+00:00,201,3682.02,
2026-09-11T20:34:11.238619+00:00,201,3712.39,
2026-09-11T20:34:11.245632+00:00,201,3709.99,
2026-09-11T20:34:11.255805+00:00,201,3702.53,
2026-09-11T20:34:11.246484+00:00,201,3710.09,
2026-09-11T20:34:11.273358+00:00,201,3718.42,
2026-09-11T20:34:11.277930+00:00,201,3729.06,
2026-09-11T20:34:11.282342+00:00,201,3725.78,
2026-09-11T20:34:11.282342+00:00,201,3738.89,
2026-09-11T20:34:11.273358+00:00,201,3758.82,
2026-09-11T20:34:11.277930+00:00,201,3755.74,
2026-09-11T20:34:11.293596+00:00,201,3743.44,
2026-09-11T20:34:11.293596+00:00,201,3752.90,
2026-09-11T20:34:11.293596+00:00,201,3764.96,
2026-09-11T20:34:11.293596+00:00,201,3771.31,
2026-09-11T20:34:11.311587+00:00,201,3791.77,
2026-09-11T20:34:11.311587+00:00,201,3798.81,
2026-09-11T20:34:11.328757+00:00,201,3794.11,
2026-09-11T20:34:11.325351+00:00,201,3820.39,
2026-09-11T20:34:11.357386+00:00,201,3810.77,
2026-09-11T20:34:11.357968+00:00,201,3810.70,
2026-09-11T20:34:11.369331+00:00,201,3807.98,
2026-09-11T20:34:11.357968+00:00,201,3816.34,
2026-09-11T20:34:11.377654+00:00,201,3822.30,
2026-09-11T20:34:11.388621+00:00,201,3822.56,
2026-09-11T20:34:11.377654+00:00,201,3853.31,
2026-09-11T20:34:11.388621+00:00,201,3853.88,
2026-09-11T20:34:11.395684+00:00,201,3852.54,
2026-09-11T20:34:11.406323+00:00,201,3846.52,
2026-09-11T20:34:11.406323+00:00,201,3854.64,
2026-09-11T20:34:11.420327+00:00,201,3865.60,
2026-09-11T20:34:11.420327+00:00,201,3875.07,
2026-09-11T20:34:11.426852+00:00,201,3870.45,
2026-09-11T20:34:11.420327+00:00,201,3910.72,
2026-09-11T20:34:11.449800+00:00,201,3891.41,
2026-09-11T20:34:11.454534+00:00,201,3892.26,
2026-09-11T20:34:11.464585+00:00,201,3889.50,
2026-09-11T20:34:11.447791+00:00,201,3912.28,
2026-09-11T20:34:11.452525+00:00,201,3936.29,
2026-09-11T20:34:11.474895+00:00,201,3919.51,
2026-09-11T20:34:11.467843+00:00,201,3930.69,
2026-09-11T20:34:11.466095+00:00,201,3942.31,
2026-09-11T20:34:11.485677+00:00,201,3950.87,
2026-09-11T20:34:11.485677+00:00,201,3960.05,
2026-09-11T20:34:11.510833+00:00,201,3944.22,
2026-09-11T20:34:11.496472+00:00,201,3968.64,
2026-09-11T20:34:11.515136+00:00,201,3952.85,
2026-09-11T20:34:11.515136+00:00,201,3963.02,
2026-09-11T20:34:11.530858+00:00,201,3953.09,
2026-09-11T20:34:11.519218+00:00,201,3999.74,
2026-09-11T20:34:11.530858+00:00,201,4002.18,
2026-09-11T20:34:11.557827+00:00,201,3985.87,
2026-09-11T20:34:11.561007+00:00,201,3990.63,
2026-09-11T20:34:11.570094+00:00,201,3989.49,
2026-09-11T20:34:11.563684+00:00,201,4003.03,
2026-09-11T20:34:11.552445+00:00,201,4021.81,
2026-09-11T20:34:11.578831+00:00,201,4026.20,
2026-09-11T20:34:11.578831+00:00,201,4030.69,
2026-09-11T20:34:11.593878+00:00,201,4034.73,
2026-09-11T20:34:11.578831+00:00,201,4053.53,
2026-09-11T20:34:11.596866+00:00,201,4049.22,
2026-09-11T20:34:11.614474+00:00,201,4038.58,
2026-09-11T20:34:11.611967+00:00,201,4049.66,
2026-09-11T20:34:11.632347+00:00,201,4080.01,
2026-09-11T20:34:11.625782+00:00,201,4091.31,
2026-09-11T20:34:11.632347+00:00,201,4092.30,
2026-09-11T20:34:11.642513+00:00,201,4088.58,
2026-09-11T20:34:11.642513+00:00,201,4100.03,
2026-09-11T20:34:11.652348+00:00,201,4103.56,
2026-09-11T20:34:11.674282+00:00,201,4131.96,
2026-09-11T20:34:11.675990+00:00,201,4139.41,
2026-09-11T20:34:11.690825+00:00,201,4134.03,
2026-09-11T20:34:11.690825+00:00,201,4139.65,
2026-09-11T20:34:11.690825+00:00,201,4146.50,
2026-09-11T20:34:11.687309+00:00,201,4168.22,
2026-09-11T20:34:11.717822+00:00,201,4146.99,
2026-09-11T20:34:11.724865+00:00,201,4151.40,
2026-09-11T20:34:11.714985+00:00,201,4169.84,
2026-09-11T20:34:11.752704+00:00,201,4189.56,
2026-09-11T20:34:11.763199+00:00,201,4178.09,
2026-09-11T20:34:11.783294+00:00,201,4178.26,
2026-09-11T20:34:11.783294+00:00,201,4184.56,
2026-09-11T20:34:11.763199+00:00,201,4212.30,
2026-09-11T20:34:11.776752+00:00,201,4217.85,
2026-09-11T20:34:11.811223+00:00,201,4193.66,
2026-09-11T20:34:11.815245+00:00,201,4202.42,
2026-09-11T20:34:11.809212+00:00,201,4269.33,
2026-09-11T20:34:11.828365+00:00,201,4260.74,
2026-09-11T20:34:11.832385+00:00,201,4269.23,
2026-09-11T20:34:11.824793+00:00,201,4286.62,
2026-09-11T20:34:11.836404+00:00,201,4288.83,
2026-09-11T20:34:11.839425+00:00,201,4297.53,
2026-09-11T20:34:11.856623+00:00,201,4292.63,
2026-09-11T20:34:11.840945+00:00,201,4317.60,
2026-09-11T20:34:11.845143+00:00,201,4318.75,
2026-09-11T20:34:11.869216+00:00,201,4314.98,
2026-09-11T20:34:11.875753+00:00,201,4320.64,
2026-09-11T20:34:11.872735+00:00,201,4335.25,
2026-09-11T20:34:11.903491+00:00,201,4376.02,
2026-09-11T20:34:11.938735+00:00,201,4353.38,
2026-09-11T20:34:11.934715+00:00,201,4369.61,
2026-09-11T20:34:11.938735+00:00,201,4377.78,
2026-09-11T20:34:11.943265+00:00,201,4386.77,
2026-09-11T20:34:11.930692+00:00,201,4411.41,
2026-09-11T20:34:11.953389+00:00,201,4403.24,
2026-09-11T20:34:11.972875+00:00,201,4396.99,
2026-09-11T20:34:11.976894+00:00,201,4405.15,
2026-09-11T20:34:11.970012+00:00,201,4427.43,
2026-09-11T20:34:11.950822+00:00,201,4464.64,
2026-09-11T20:34:11.992656+00:00,201,4441.55,
2026-09-11T20:34:11.984178+00:00,201,4467.20,
2026-09-11T20:34:12.002209+00:00,201,4462.65,
2026-09-11T20:34:11.980418+00:00,201,4499.24,
2026-09-11T20:34:12.000199+00:00,201,4493.68,
2026-09-11T20:34:12.003717+00:00,201,4499.22,
2026-09-11T20:34:12.012267+00:00,201,4575.07,
2026-09-11T20:34:12.025108+00:00,201,4575.95,
2026-09-11T20:34:12.029952+00:00,201,4584.10,
2026-09-11T20:34:12.014015+00:00,201,4616.19,
2026-09-11T20:34:12.027117+00:00,201,4617.90,
2026-09-11T20:34:12.036031+00:00,201,4622.69,
2026-09-11T20:34:12.050133+00:00,201,4622.74,
2026-09-11T20:34:12.047104+00:00,201,4640.40,
2026-09-11T20:34:12.054153+00:00,201,4648.91,
2026-09-11T20:34:12.058170+00:00,201,4660.82,
2026-09-11T20:34:12.070982+00:00,201,4663.86,
2026-09-11T20:34:12.078741+00:00,201,4676.56,
2026-09-11T20:34:12.078741+00:00,201,4688.58,
2026-09-11T20:34:12.078741+00:00,201,4708.43,
2026-09-11T20:34:12.090813+00:00,201,4711.21,
2026-09-11T20:34:12.098593+00:00,201,4718.13,
2026-09-11T20:34:12.114604+00:00,201,4716.27,
2026-09-11T20:34:12.112595+00:00,201,4734.02,
2026-09-11T20:34:12.134113+00:00,201,4727.32,
2026-09-11T20:34:12.139152+00:00,201,4737.58,
2026-09-11T20:34:12.137131+00:00,201,4836.82,
2026-09-11T20:34:12.132104+00:00,201,4858.79,
2026-09-11T20:34:12.152705+00:00,201,4853.70,
2026-09-11T20:34:12.159337+00:00,201,4861.93,
2026-09-11T20:34:12.155278+00:00,201,4882.34,
2026-09-11T20:34:12.159337+00:00,201,4891.37,
2026-09-11T20:34:12.155278+00:00,201,4922.98,
2026-09-11T20:34:12.170363+00:00,201,4931.29,
2026-09-11T20:34:12.170363+00:00,201,4945.21,
2026-09-11T20:34:12.179505+00:00,201,4953.38,
2026-09-11T20:34:12.190770+00:00,201,4961.14,
2026-09-11T20:34:12.201959+00:00,201,4967.38,
2026-09-11T20:34:12.186323+00:00,201,4999.92,
2026-09-11T20:34:12.201959+00:00,201,5008.03,
2026-09-11T20:34:12.207625+00:00,201,5016.38,
2026-09-11T20:34:12.217812+00:00,201,5033.56,
2026-09-11T20:34:12.217812+00:00,201,5048.18,
2026-09-11T20:34:12.217812+00:00,201,5065.09,
2026-09-11T20:34:12.217812+00:00,201,5094.67,
2026-09-11T20:34:12.241701+00:00,201,5088.70,
2026-09-11T20:34:12.241701+00:00,201,5109.89,
2026-09-11T20:34:12.241701+00:00,201,5122.00,
2026-09-11T20:34:12.251814+00:00,201,5131.35,
2026-09-11T20:34:12.249807+00:00,201,5157.04,
2026-09-11T20:34:12.251814+00:00,201,5257.96,
2026-09-11T20:34:12.282123+00:00,201,5253.34,
2026-09-11T20:34:12.277357+00:00,201,5276.15,
2026-09-11T20:34:12.288122+00:00,201,5283.08,
2026-09-11T20:34:12.269832+00:00,201,5312.73,
2026-09-11T20:34:12.279053+00:00,201,5324.67,
2026-09-11T20:34:12.296390+00:00,201,5324.56,
2026-09-11T20:34:12.292390+00:00,201,5346.57,
2026-09-11T20:34:12.302324+00:00,201,5353.98,
2026-09-11T20:34:12.302324+00:00,201,5364.80,
2026-09-11T20:34:12.312247+00:00,201,5372.05,
2026-09-11T20:34:12.312247+00:00,201,5392.53,
2026-09-11T20:34:12.330359+00:00,201,5387.86,
2026-09-11T20:34:12.344693+00:00,201,5397.86,
2026-09-11T20:34:12.344693+00:00,201,5417.58,
2026-09-11T20:34:12.341083+00:00,201,5437.39,
2026-09-11T20:34:12.347708+00:00,201,5445.48,
2026-09-11T20:34:12.360095+00:00,201,5455.85,
2026-09-11T20:34:12.330359+00:00,201,5497.15,
2026-09-11T20:34:12.360095+00:00,201,5489.02,
2026-09-11T20:34:12.363796+00:00,201,5501.03,
2026-09-11T20:34:12.367959+00:00,201,5514.43,
2026-09-11T20:34:12.377251+00:00,201,5521.64,
2026-09-11T20:34:12.377251+00:00,201,5535.93,
2026-09-11T20:34:12.377251+00:00,201,5549.85,
2026-09-11T20:34:12.377251+00:00,201,5578.67,
2026-09-11T20:34:12.391615+00:00,201,5579.01,
2026-09-11T20:34:12.391615+00:00,201,5601.68,
2026-09-11T20:34:12.399235+00:00,201,5608.81,
2026-09-11T20:34:12.407371+00:00,201,5622.66,
2026-09-11T20:34:12.410533+00:00,201,5639.55,
2026-09-11T20:34:12.438815+00:00,201,5629.60,
2026-09-11T20:34:12.447105+00:00,201,5641.52,
2026-09-11T20:34:12.447105+00:00,201,5657.13,
2026-09-11T20:34:12.454869+00:00,201,5674.11,
2026-09-11T20:34:12.456588+00:00,201,5691.70,
2026-09-11T20:34:12.456588+00:00,201,5709.88,
2026-09-11T20:34:12.472040+00:00,201,5717.29,
2026-09-11T20:34:12.466856+00:00,201,5845.49,
2026-09-11T20:34:12.494125+00:00,201,5842.84,
2026-09-11T20:34:12.495679+00:00,201,5862.99,
2026-09-11T20:34:12.491521+00:00,201,5889.44,
2026-09-11T20:34:12.505404+00:00,201,5891.88,
2026-09-11T20:34:12.513737+00:00,201,5909.09,
2026-09-11T20:34:12.522553+00:00,201,5925.74,
2026-09-11T20:34:12.532045+00:00,201,5935.56,
2026-09-11T20:34:12.541628+00:00,201,5951.19,
2026-09-11T20:34:12.513737+00:00,201,6000.93,
2026-09-11T20:34:12.532045+00:00,201,6005.06,
2026-09-11T20:34:12.555388+00:00,201,6004.30,
2026-09-11T20:34:12.555388+00:00,201,6039.17,
2026-09-11T20:34:12.563739+00:00,201,6062.63,
2026-09-11T20:34:12.552731+00:00,201,6100.44,
2026-09-11T20:34:12.563739+00:00,201,6109.75,
2026-09-11T20:34:12.581698+00:00,201,6114.85,
2026-09-11T20:34:12.574961+00:00,201,6150.75,
2026-09-11T20:34:12.597109+00:00,201,6152.15,
2026-09-11T20:34:12.592941+00:00,201,6178.05,
2026-09-11T20:34:12.600068+00:00,201,6193.73,
2026-09-11T20:34:12.605424+00:00,201,6211.87,
2026-09-11T20:34:12.605424+00:00,201,6228.87,
2026-09-11T20:34:12.630718+00:00,201,6225.62,
2026-09-11T20:34:12.647430+00:00,201,6235.04,
2026-09-11T20:34:12.644306+00:00,201,6264.06,
2026-09-11T20:34:12.630718+00:00,201,6298.99,
2026-09-11T20:34:12.638734+00:00,201,6316.37,
2026-09-11T20:34:12.651648+00:00,201,6325.67,
2026-09-11T20:34:12.655468+00:00,201,6340.63,
2026-09-11T20:34:12.672060+00:00,201,6354.91,
2026-09-11T20:34:12.681172+00:00,201,6364.66,
2026-09-11T20:34:12.673783+00:00,201,6399.94,
2026-09-11T20:34:12.688272+00:00,201,6410.36,
2026-09-11T20:34:12.722203+00:00,201,6395.66,
2026-09-11T20:34:12.713786+00:00,201,6432.94,
2026-09-11T20:34:12.722203+00:00,201,6446.56,
2026-09-11T20:34:12.729972+00:00,201,6467.03,
2026-09-11T20:34:12.742682+00:00,201,6481.88,
2026-09-11T20:34:12.746775+00:00,201,6502.20,
2026-09-11T20:34:12.756565+00:00,201,6509.51,
2026-09-11T20:34:12.756565+00:00,201,6537.75,
2026-09-11T20:34:12.747120+00:00,201,6570.50,
2026-09-11T20:34:12.772244+00:00,201,6568.27,
2026-09-11T20:34:12.765690+00:00,201,6598.19,
2026-09-11T20:34:12.779978+00:00,201,6615.80,
2026-09-11T20:34:12.780436+00:00,201,6640.07,
2026-09-11T20:34:12.788962+00:00,201,6661.66,
2026-09-11T20:34:12.765690+00:00,201,6711.50,
2026-09-11T20:34:12.788962+00:00,201,6712.46,
2026-09-11T20:34:12.780436+00:00,201,6748.59,
2026-09-11T20:34:12.797215+00:00,201,6764.24,
2026-09-11T20:34:12.816283+00:00,201,6769.70,
2026-09-11T20:34:12.806146+00:00,201,6809.12,
2026-09-11T20:34:12.816283+00:00,201,6827.28,
2026-09-11T20:34:12.830578+00:00,201,6837.58,
2026-09-11T20:34:12.823619+00:00,201,6878.85,
2026-09-11T20:34:12.838810+00:00,201,6892.81,
2026-09-11T20:34:12.855496+00:00,201,6905.65,
2026-09-11T20:34:12.861574+00:00,201,7089.40,
2026-09-11T20:34:12.863813+00:00,201,7122.08,
2026-09-11T20:34:12.872115+00:00,201,7142.37,
2026-09-11T20:34:12.872115+00:00,201,7160.65,
2026-09-11T20:34:12.886811+00:00,201,7201.15,
2026-09-11T20:34:12.891776+00:00,201,7219.67,
2026-09-11T20:34:12.922031+00:00,201,7218.89,
2026-09-11T20:34:12.922031+00:00,201,7273.49,
2026-09-11T20:34:12.922031+00:00,201,7298.93,
2026-09-11T20:34:12.938833+00:00,201,7311.41,
2026-09-11T20:34:12.938833+00:00,201,7352.04,
2026-09-11T20:34:12.955411+00:00,201,7390.99,
2026-09-11T20:34:12.975567+00:00,201,7407.30,
2026-09-11T20:34:12.972038+00:00,201,7435.12,
2026-09-11T20:34:12.980452+00:00,201,7450.41,
2026-09-11T20:34:12.988271+00:00,201,7471.11,
2026-09-11T20:34:13.018874+00:00,201,7489.13,
2026-09-11T20:34:13.022028+00:00,201,7509.07,
2026-09-11T20:34:13.047761+00:00,201,7551.39,
2026-09-11T20:34:13.070266+00:00,201,7568.93,
2026-09-11T20:34:13.083644+00:00,201,7588.23,
2026-09-11T20:34:13.073404+00:00,201,7624.40,
2026-09-11T20:34:13.102771+00:00,201,7616.72,
2026-09-11T20:34:13.105450+00:00,201,7657.28,
2026-09-11T20:34:13.097252+00:00,201,7683.53,
2026-09-11T20:34:13.122008+00:00,201,7677.08,
2026-09-11T20:34:13.130723+00:00,201,7693.35,
2026-09-11T20:34:13.122008+00:00,201,7720.54,
2026-09-11T20:34:13.147884+00:00,201,7724.73,
2026-09-11T20:34:13.155490+00:00,201,7752.33,
2026-09-11T20:34:13.174260+00:00,201,7758.55,
2026-09-11T20:34:13.145377+00:00,201,7811.21,
2026-09-11T20:34:13.205071+00:00,201,7783.89,
2026-09-11T20:34:13.205490+00:00,201,7809.98,
2026-09-11T20:34:13.214112+00:00,201,7827.73,
2026-09-11T20:34:13.238692+00:00,201,7822.10,
2026-09-11T20:34:13.242434+00:00,201,7839.16,
2026-09-11T20:34:13.230351+00:00,201,7865.60,
2026-09-11T20:34:13.253639+00:00,201,7878.79,
2026-09-11T20:34:13.264302+00:00,201,7909.13,
2026-09-11T20:34:13.303773+00:00,201,7914.08,
2026-09-11T20:34:13.327592+00:00,201,7928.15,
2026-09-11T20:34:13.345781+00:00,201,7949.68,
2026-09-11T20:34:13.368781+00:00,201,7982.69,
2026-09-11T20:34:13.382140+00:00,201,8001.37,
2026-09-11T20:34:13.372573+00:00,201,8040.89,
2026-09-11T20:34:13.393249+00:00,201,8045.90,
2026-09-11T20:34:13.414531+00:00,201,8067.24,
2026-09-11T20:34:13.417532+00:00,201,8084.78,
2026-09-11T20:34:13.408007+00:00,201,8113.73,
2026-09-11T20:34:13.421673+00:00,201,8120.33,
2026-09-11T20:34:13.425782+00:00,201,8137.73,
2026-09-11T20:34:12.855496+00:00,201,8873.33,
2026-09-11T20:34:12.872115+00:00,201,8868.44,
2026-09-11T20:34:12.932673+00:00,201,8822.26,
2026-09-11T20:34:12.913669+00:00,201,8849.98,
2026-09-11T20:34:12.953602+00:00,201,8827.38,
2026-09-11T20:34:12.955411+00:00,201,8833.05,
2026-09-11T20:34:13.022028+00:00,201,8780.75,
2026-09-11T20:34:13.030825+00:00,201,8783.77,
2026-09-11T20:34:13.065966+00:00,201,8758.85,
2026-09-11T20:34:13.174260+00:00,201,8660.38,
2026-09-11T20:34:13.205490+00:00,201,8640.59,
2026-09-11T20:34:13.248638+00:00,201,8610.75,
2026-09-11T20:34:13.261222+00:00,201,8608.98,
2026-09-11T20:34:13.250637+00:00,201,8631.37,
2026-09-11T20:34:13.311959+00:00,201,8581.35,
2026-09-11T20:34:13.308962+00:00,201,8594.59,
2026-09-11T20:34:13.315374+00:00,201,8598.38,
2026-09-11T20:34:13.325591+00:00,201,8599.68,
2026-09-11T20:34:13.342778+00:00,201,8592.59,
2026-09-11T20:34:13.372573+00:00,201,8573.10,
2026-09-11T20:34:13.365780+00:00,201,8589.21,
2026-09-11T20:34:13.388136+00:00,201,8577.32,
2026-09-11T20:34:13.390140+00:00,201,8585.01,
2026-09-11T20:34:13.411008+00:00,201,8573.52,
2026-09-11T20:34:13.455087+00:00,201,8547.63,
2026-09-11T20:34:13.461377+00:00,201,8567.68,
2026-09-11T20:34:13.507129+00:00,201,8576.43,
2026-09-11T20:34:13.532060+00:00,201,8638.47,
2026-09-11T20:34:13.564114+00:00,201,8635.56,
2026-09-11T20:34:13.596801+00:00,201,8636.89,
2026-09-11T20:34:13.621822+00:00,201,8644.76,
2026-09-11T20:34:13.659934+00:00,201,8644.54,
2026-09-11T20:34:13.656932+00:00,201,8660.53,
2026-09-11T20:34:13.663907+00:00,201,8664.14,
2026-09-11T20:34:13.680637+00:00,201,8664.48,
2026-09-11T20:34:13.715493+00:00,201,8667.10,
2026-09-11T20:34:13.725494+00:00,201,8673.76,
2026-09-11T20:34:13.717497+00:00,201,8698.92,
2026-09-11T20:34:13.767861+00:00,201,8664.33,
2026-09-11T20:34:13.760972+00:00,201,8693.53,
2026-09-11T20:34:13.807626+00:00,201,8673.55,
2026-09-11T20:34:13.800407+00:00,201,8696.17,
2026-09-11T20:34:13.810624+00:00,201,8696.78,
2026-09-11T20:34:13.824766+00:00,201,8702.91,
2026-09-11T20:34:13.921745+00:00,201,8647.75,
2026-09-11T20:34:13.971745+00:00,201,8624.71,
2026-09-11T20:34:14.008303+00:00,201,8603.59,
2026-09-11T20:34:14.076720+00:00,201,8563.68,
2026-09-11T20:34:14.050884+00:00,201,8599.15,
2026-09-11T20:34:14.092380+00:00,201,8580.39,
2026-09-11T20:34:14.112214+00:00,201,8570.25,
2026-09-11T20:34:14.109027+00:00,201,8591.98,
2026-09-11T20:34:14.154936+00:00,201,8564.43,
2026-09-11T20:34:14.168360+00:00,201,8570.75,
2026-09-11T20:34:14.176059+00:00,201,8584.74,
2026-09-11T20:34:14.204920+00:00,201,8565.31,
2026-09-11T20:34:14.263778+00:00,201,8519.70,
2026-09-11T20:34:14.320522+00:00,201,8485.15,
2026-09-11T20:34:14.318448+00:00,201,8496.41,
2026-09-11T20:34:14.309410+00:00,201,8513.32,
2026-09-11T20:34:14.379211+00:00,201,8462.15,
2026-09-11T20:34:14.446282+00:00,201,8413.48,
2026-09-11T20:34:14.385449+00:00,201,8490.65,
2026-09-11T20:34:14.533732+00:00,201,8369.46,
2026-09-11T20:34:14.511597+00:00,201,8398.61,
2026-09-11T20:34:14.589015+00:00,201,8341.60,
2026-09-11T20:34:14.631594+00:00,201,8305.19,
2026-09-11T20:34:14.637603+00:00,201,8318.91,
2026-09-11T20:34:14.733770+00:00,201,8248.21,
2026-09-11T20:34:14.388439+00:00,201,8600.12,
2026-09-11T20:34:14.796641+00:00,201,8210.14,
2026-09-11T20:34:14.454055+00:00,201,8562.60,
2026-09-11T20:34:14.892936+00:00,201,8146.34,
2026-09-11T20:34:14.705613+00:00,201,8342.02,
2026-09-11T20:34:15.028276+00:00,201,8030.37,
2026-09-11T20:34:15.178321+00:00,201,7886.13,
2026-09-11T20:34:15.288361+00:00,201,7787.91,
2026-09-11T20:34:12.888745+00:00,201,10223.10,
2026-09-11T20:34:12.980452+00:00,201,10135.98,
2026-09-11T20:34:13.030825+00:00,201,10085.86,
2026-09-11T20:34:13.042372+00:00,201,10076.86,
2026-09-11T20:34:13.042372+00:00,201,10082.42,
2026-09-11T20:34:13.113719+00:00,201,10012.88,
2026-09-11T20:34:13.105450+00:00,201,10021.59,
2026-09-11T20:34:13.147884+00:00,201,9986.74,
2026-09-11T20:34:13.155490+00:00,201,9977.91,
2026-09-11T20:34:13.350783+00:00,201,9791.62,
2026-09-11T20:34:13.464520+00:00,201,9680.90,
2026-09-11T20:34:13.471606+00:00,201,9676.80,
2026-09-11T20:34:13.495387+00:00,201,9656.25,
2026-09-11T20:34:13.497155+00:00,201,9656.84,
2026-09-11T20:34:13.529968+00:00,201,9626.26,
2026-09-11T20:34:13.523714+00:00,201,9635.83,
2026-09-11T20:34:13.542887+00:00,201,9618.58,
2026-09-11T20:34:13.549719+00:00,201,9614.63,
2026-09-11T20:34:13.568121+00:00,201,9598.97,
2026-09-11T20:34:13.598878+00:00,201,9570.78,
2026-09-11T20:34:13.607948+00:00,201,9563.48,
2026-09-11T20:34:13.602396+00:00,201,9572.66,
2026-09-11T20:34:13.635940+00:00,201,9541.24,
2026-09-11T20:34:13.630493+00:00,201,9545.36,
2026-09-11T20:34:13.694510+00:00,201,9488.20,
2026-09-11T20:34:13.680637+00:00,201,9505.37,
2026-09-11T20:34:13.730683+00:00,201,9455.70,
2026-09-11T20:34:13.757971+00:00,201,9432.95,
2026-09-11T20:34:13.775731+00:00,201,9417.64,
2026-09-11T20:34:13.778731+00:00,201,9417.52,
2026-09-11T20:34:13.822764+00:00,201,9376.62,
2026-09-11T20:34:13.893362+00:00,201,9308.62,
2026-09-11T20:34:13.875733+00:00,201,9328.72,
2026-09-11T20:34:13.896731+00:00,201,9309.29,
2026-09-11T20:34:13.890361+00:00,201,9317.63,
2026-09-11T20:34:13.938131+00:00,201,9272.67,
2026-09-11T20:34:13.975892+00:00,201,9237.05,
2026-09-11T20:34:14.024757+00:00,201,9190.74,
2026-09-11T20:34:14.053113+00:00,201,9163.66,
2026-09-11T20:34:14.073724+00:00,201,9146.04,
2026-09-11T20:34:14.089385+00:00,201,9132.26,
2026-09-11T20:34:14.161299+00:00,201,9062.56,
2026-09-11T20:34:14.152304+00:00,201,9074.20,
2026-09-11T20:34:14.238034+00:00,201,8990.51,
2026-09-11T20:34:14.292362+00:00,201,8938.06,
2026-09-11T20:34:14.355658+00:00,201,8871.66,
2026-09-11T20:34:14.355658+00:00,201,8868.58,
2026-09-11T20:34:14.370060+00:00,201,8862.74,
2026-09-11T20:34:14.327896+00:00,201,8911.32,
2026-09-11T20:34:14.469052+00:00,201,8772.64,
2026-09-11T20:34:14.324897+00:00,201,8918.47,
2026-09-11T20:34:14.438268+00:00,201,8807.50,
2026-09-11T20:34:14.347241+00:00,201,8900.14,
2026-09-11T20:34:14.508786+00:00,201,8741.19,
2026-09-11T20:34:14.342008+00:00,201,8909.44,
2026-09-11T20:34:14.697301+00:00,201,8556.66,
2026-09-11T20:34:14.644961+00:00,201,8610.28,
2026-09-11T20:34:14.560802+00:00,201,8696.45,
2026-09-11T20:34:14.582305+00:00,201,8677.62,
2026-09-11T20:34:14.547433+00:00,201,8714.25,
2026-09-11T20:34:14.402610+00:00,201,8861.09,
2026-09-11T20:34:14.767815+00:00,201,8496.85,
2026-09-11T20:34:14.744960+00:00,201,8521.80,
2026-09-11T20:34:14.759676+00:00,201,8509.07,
2026-09-11T20:34:14.818541+00:00,201,8452.03,
2026-09-11T20:34:14.524509+00:00,201,8747.89,
2026-09-11T20:34:14.521778+00:00,201,8752.39,
2026-09-11T20:34:14.851990+00:00,201,8423.67,
2026-09-11T20:34:14.880626+00:00,201,8396.84,
2026-09-11T20:34:14.416326+00:00,201,8863.05,
2026-09-11T20:34:14.994494+00:00,201,8286.77,
2026-09-11T20:34:15.168109+00:00,201,8115.12,
2026-09-11T20:34:15.294141+00:00,201,7989.39,
2026-09-11T20:34:16.078784+00:00,201,7211.12,
2026-09-11T20:34:15.209818+00:00,201,8084.48,
2026-09-11T20:34:15.343059+00:00,201,7949.03,
2026-09-11T20:34:15.614189+00:00,201,7687.48,
2026-09-11T20:34:15.813203+00:00,201,7488.29,
2026-09-11T20:34:16.097345+00:00,201,7204.97,
2026-09-11T20:34:12.847048+00:00,201,10460.89,
2026-09-11T20:34:12.945309+00:00,201,10372.53,
2026-09-11T20:34:12.988749+00:00,201,10325.64,
2026-09-11T20:34:13.451706+00:00,201,9869.67,
2026-09-11T20:34:13.481282+00:00,201,9842.70,
2026-09-11T20:34:13.498351+00:00,201,9823.02,
2026-09-11T20:34:13.538372+00:00,201,9789.03,
2026-09-11T20:34:13.545919+00:00,201,9783.29,
2026-09-11T20:34:13.558067+00:00,201,9772.47,
2026-09-11T20:34:13.554279+00:00,201,9777.67,
2026-09-11T20:34:13.607948+00:00,201,9726.07,
2026-09-11T20:34:13.627823+00:00,201,9707.52,
2026-09-11T20:34:13.623824+00:00,201,9713.04,
2026-09-11T20:34:13.684138+00:00,201,9653.40,
2026-09-11T20:34:13.690302+00:00,201,9650.33,
2026-09-11T20:34:13.700985+00:00,201,9639.75,
2026-09-11T20:34:13.730683+00:00,201,9607.41,
2026-09-11T20:34:13.803483+00:00,201,9541.52,
2026-09-11T20:34:13.859055+00:00,201,9487.00,
2026-09-11T20:34:13.855056+00:00,201,9492.94,
2026-09-11T20:34:13.878735+00:00,201,9470.74,
2026-09-11T20:34:13.927348+00:00,201,9423.62,
2026-09-11T20:34:13.940387+00:00,201,9411.64,
2026-09-11T20:34:14.029060+00:00,201,9326.55,
2026-09-11T20:34:14.030955+00:00,201,9325.64,
2026-09-11T20:34:14.086464+00:00,201,9270.83,
2026-09-11T20:34:14.116352+00:00,201,9243.15,
2026-09-11T20:34:14.126791+00:00,201,9233.50,
2026-09-11T20:34:14.123840+00:00,201,9237.48,
2026-09-11T20:34:14.170528+00:00,201,9192.20,
2026-09-11T20:34:14.158604+00:00,201,9206.11,
2026-09-11T20:34:14.288719+00:00,201,9077.03,
2026-09-11T20:34:14.313248+00:00,201,9053.70,
2026-09-11T20:34:14.329902+00:00,201,9037.33,
2026-09-11T20:34:14.340012+00:00,201,9029.49,
2026-09-11T20:34:14.329902+00:00,201,9034.01,
2026-09-11T20:34:14.488952+00:00,201,8883.49,
2026-09-11T20:34:14.598471+00:00,201,8775.10,
2026-09-11T20:34:14.430525+00:00,201,8943.54,
2026-09-11T20:34:14.543947+00:00,201,8831.90,
2026-09-11T20:34:14.661381+00:00,201,8715.51,
2026-09-11T20:34:14.671663+00:00,201,8704.21,
2026-09-11T20:34:14.646686+00:00,201,8732.10,
2026-09-11T20:34:14.828152+00:00,201,8554.09,
2026-09-11T20:34:15.113319+00:00,201,8271.02,
2026-09-11T20:34:15.444921+00:00,201,7941.15,
2026-09-11T20:34:15.806089+00:00,201,7580.89,
2026-09-11T20:34:13.697173+00:00,201,9696.17,
2026-09-11T20:34:13.755969+00:00,201,9641.37,
2026-09-11T20:34:13.784952+00:00,201,9612.37,
2026-09-11T20:34:13.818219+00:00,201,9581.53,
2026-09-11T20:34:14.001903+00:00,201,9398.99,
2026-09-11T20:34:14.077872+00:00,201,9324.40,
2026-09-11T20:34:14.514127+00:00,201,8889.82,
2026-09-11T20:34:14.849487+00:00,201,8555.94,
2026-09-11T20:34:15.076025+00:00,201,8331.22,
2026-09-11T20:34:15.471747+00:00,201,7940.19,
2026-09-11T20:34:16.578356+00:00,201,6828.41,
2026-09-11T20:34:13.477707+00:00,201,9942.75,
2026-09-11T20:34:13.526714+00:00,201,9895.29,
2026-09-11T20:34:14.355658+00:00,201,9067.86,
2026-09-11T20:34:18.595816+00:00,0,4839.32,connection_error: 
2026-09-11T20:34:17.508972+00:00,201,5923.90,
2026-09-11T20:34:17.928211+00:00,201,5505.71,
2026-09-11T20:34:17.588436+00:00,0,5896.10,connection_error: 
2026-09-11T20:34:15.173300+00:00,201,8318.93,
2026-09-11T20:34:14.681739+00:00,201,8843.80,
2026-09-11T20:34:23.058877+00:00,201,476.97,
2026-09-11T20:34:15.543073+00:00,201,7995.90,
2026-09-11T20:34:14.477241+00:00,201,9078.94,
2026-09-11T20:34:15.244108+00:00,201,8313.54,
2026-09-11T20:34:16.182369+00:00,201,7381.33,
2026-09-11T20:34:16.684621+00:00,201,6887.46,
2026-09-11T20:34:17.627916+00:00,201,5961.14,
2026-09-11T20:34:18.055174+00:00,201,5535.01,
2026-09-11T20:34:23.435574+00:00,201,184.36,
2026-09-11T20:34:23.492155+00:00,201,199.55,
2026-09-11T20:34:16.006204+00:00,201,7689.84,
2026-09-11T20:34:15.238770+00:00,201,8458.91,
2026-09-11T20:34:23.525678+00:00,201,204.67,
2026-09-11T20:34:23.554924+00:00,201,178.86,
2026-09-11T20:34:23.161925+00:00,201,587.87,
2026-09-11T20:34:21.999741+00:00,201,1773.99,
2026-09-11T20:34:22.981866+00:00,201,796.21,
2026-09-11T20:34:16.301005+00:00,201,7490.31,
2026-09-11T20:34:23.145993+00:00,201,662.97,
2026-09-11T20:34:14.916046+00:00,201,8945.85,
2026-09-11T20:34:16.872779+00:00,201,6991.09,
2026-09-11T20:34:17.691454+00:00,201,6190.88,
2026-09-11T20:34:15.735530+00:00,201,8145.38,
2026-09-11T20:34:15.951533+00:00,201,7933.40,
2026-09-11T20:34:16.703699+00:00,201,7182.90,
2026-09-11T20:34:14.963899+00:00,201,8924.22,
2026-09-11T20:34:16.643286+00:00,201,7245.19,
2026-09-11T20:34:21.877074+00:00,201,2029.58,
2026-09-11T20:34:22.345864+00:00,201,1566.82,
2026-09-11T20:34:18.814839+00:00,201,5099.41,
2026-09-11T20:34:23.154332+00:00,201,764.97,
2026-09-11T20:34:22.650356+00:00,201,1271.05,
2026-09-11T20:34:17.849678+00:00,201,6073.01,
2026-09-11T20:34:23.484994+00:00,201,441.09,
2026-09-11T20:34:16.771372+00:00,201,7175.27,
2026-09-11T20:34:18.128876+00:00,201,5821.85,
2026-09-11T20:34:16.137234+00:00,201,7850.43,
2026-09-11T20:34:23.394263+00:00,201,595.81,
2026-09-11T20:34:15.866074+00:00,201,8321.84,
2026-09-11T20:34:23.378833+00:00,201,804.10,
2026-09-11T20:34:22.930115+00:00,201,1269.65,
2026-09-11T20:34:22.860448+00:00,201,1346.48,
2026-09-11T20:34:15.825679+00:00,201,8382.71,
2026-09-11T20:34:17.818035+00:00,201,6376.42,
2026-09-11T20:34:16.732986+00:00,201,7476.52,
2026-09-11T20:34:21.825570+00:00,201,2400.40,
2026-09-11T20:34:18.995066+00:00,201,5225.79,
2026-09-11T20:34:16.783827+00:00,201,7442.02,
2026-09-11T20:34:23.178213+00:00,201,1069.85,
2026-09-11T20:34:23.558006+00:00,201,691.93,
2026-09-11T20:34:15.249481+00:00,201,9017.40,
2026-09-11T20:34:15.457148+00:00,201,8810.87,
2026-09-11T20:34:22.701403+00:00,201,1568.52,
2026-09-11T20:34:21.732298+00:00,201,2539.72,
2026-09-11T20:34:14.618382+00:00,201,9655.03,
2026-09-11T20:34:16.326210+00:00,201,7944.47,
2026-09-11T20:34:22.499205+00:00,201,1785.46,
2026-09-11T20:34:19.045153+00:00,201,5279.22,
2026-09-11T20:34:23.205750+00:00,201,1143.07,
2026-09-11T20:34:23.235200+00:00,201,1122.59,
2026-09-11T20:34:21.869361+00:00,201,2499.07,
2026-09-11T20:34:22.594473+00:00,201,1775.62,
2026-09-11T20:34:17.770562+00:00,201,6593.30,
2026-09-11T20:34:18.145749+00:00,201,6226.20,
2026-09-11T20:34:23.394263+00:00,201,975.00,
2026-09-11T20:34:23.630320+00:00,201,757.30,
2026-09-11T20:34:23.156925+00:00,201,1265.97,
2026-09-11T20:34:16.492003+00:00,201,7930.87,
2026-09-11T20:34:15.067234+00:00,201,9384.57,
2026-09-11T20:34:16.365215+00:00,201,8084.33,
2026-09-11T20:34:17.880965+00:00,201,6570.45,
2026-09-11T20:34:21.953938+00:00,201,2503.33,
2026-09-11T20:34:14.580452+00:00,201,9880.67,
2026-09-11T20:34:15.046441+00:00,201,9416.60,
2026-09-11T20:34:18.307264+00:00,201,6149.93,
2026-09-11T20:34:22.739594+00:00,201,1728.06,
2026-09-11T20:34:18.177576+00:00,201,6280.25,
2026-09-11T20:34:19.090150+00:00,201,5373.78,
2026-09-11T20:34:23.207928+00:00,201,1292.29,
2026-09-11T20:34:18.837652+00:00,201,5663.15,
2026-09-11T20:34:18.086509+00:00,201,6415.86,
2026-09-11T20:34:23.039086+00:00,201,1467.97,
2026-09-11T20:34:15.629998+00:00,201,8880.17,
2026-09-11T20:34:19.121617+00:00,201,5417.90,
2026-09-11T20:34:18.335865+00:00,201,6205.71,
2026-09-11T20:34:17.036237+00:00,201,7505.94,
2026-09-11T20:34:16.379848+00:00,201,8163.19,
2026-09-11T20:34:15.095091+00:00,201,9454.30,
2026-09-11T20:34:17.903264+00:00,201,6647.23,
2026-09-11T20:34:15.654869+00:00,201,8898.47,
2026-09-11T20:34:18.884614+00:00,201,5669.94,
2026-09-11T20:34:21.973955+00:00,201,2582.87,
2026-09-11T20:34:15.398214+00:00,201,9157.81,
2026-09-11T20:34:14.808714+00:00,201,9753.50,
2026-09-11T20:34:23.215213+00:00,201,1349.43,
2026-09-11T20:34:22.782995+00:00,201,1783.32,
2026-09-11T20:34:18.770505+00:00,201,5797.32,
2026-09-11T20:34:19.145361+00:00,201,5454.68,
2026-09-11T20:34:18.354288+00:00,201,6245.07,
2026-09-11T20:34:23.410326+00:00,201,1190.54,
2026-09-11T20:34:22.186340+00:00,201,2409.32,
2026-09-11T20:34:16.398153+00:00,201,8212.88,
2026-09-11T20:34:15.845590+00:00,201,8768.66,
2026-09-11T20:34:17.912448+00:00,201,6694.75,
2026-09-11T20:34:18.747988+00:00,201,5870.28,
2026-09-11T20:34:22.814737+00:00,201,1807.20,
2026-09-11T20:34:23.217212+00:00,201,1408.64,
2026-09-11T20:34:23.064590+00:00,201,1596.66,
2026-09-11T20:34:18.712532+00:00,201,5938.38,
2026-09-11T20:34:23.963952+00:00,201,700.47,
2026-09-11T20:34:18.789672+00:00,201,5874.78,
2026-09-11T20:34:22.314123+00:00,201,2367.31,
2026-09-11T20:34:23.924034+00:00,201,773.07,
2026-09-11T20:34:23.911575+00:00,201,799.72,
2026-09-11T20:34:23.279896+00:00,201,1450.15,
2026-09-11T20:34:23.158929+00:00,201,1575.82,
2026-09-11T20:34:15.294141+00:00,201,9437.44,
2026-09-11T20:34:23.730428+00:00,201,1011.10,
2026-09-11T20:34:23.263716+00:00,201,1481.54,
2026-09-11T20:34:23.267311+00:00,201,1480.92,
2026-09-11T20:34:24.173307+00:00,201,577.24,
2026-09-11T20:34:24.268267+00:00,201,484.07,
2026-09-11T20:34:23.576286+00:00,201,1189.62,
2026-09-11T20:34:16.758557+00:00,201,8012.58,
2026-09-11T20:34:24.422865+00:00,201,384.60,
2026-09-11T20:34:17.101969+00:00,201,7710.99,
2026-09-11T20:34:15.574935+00:00,201,9241.54,
2026-09-11T20:34:21.083444+00:00,201,3738.96,
2026-09-11T20:34:18.368255+00:00,201,6450.35,
2026-09-11T20:34:24.424896+00:00,201,425.86,
2026-09-11T20:34:23.119254+00:00,201,1803.51,
2026-09-11T20:34:24.490414+00:00,201,500.63,
2026-09-11T20:34:24.536266+00:00,201,521.40,
2026-09-11T20:34:16.674097+00:00,201,8408.93,
2026-09-11T20:34:24.652970+00:00,201,459.53,
2026-09-11T20:34:18.954686+00:00,201,6192.14,
2026-09-11T20:34:24.663507+00:00,201,497.93,
2026-09-11T20:34:18.663308+00:00,201,6512.37,
2026-09-11T20:34:23.239116+00:00,201,1986.56,
2026-09-11T20:34:23.419856+00:00,201,1812.52,
2026-09-11T20:34:22.770273+00:00,201,2493.76,
2026-09-11T20:34:23.921030+00:00,201,1347.25,
2026-09-11T20:34:20.434474+00:00,201,4841.96,
2026-09-11T20:34:23.424147+00:00,201,1855.05,
2026-09-11T20:34:17.382667+00:00,201,7894.24,
2026-09-11T20:34:21.923483+00:00,201,3361.97,
2026-09-11T20:34:24.187718+00:00,201,1101.85,
2026-09-11T20:34:23.204031+00:00,201,2089.14,
2026-09-11T20:34:17.152228+00:00,201,8173.93,
2026-09-11T20:34:17.189300+00:00,201,8159.21,
2026-09-11T20:34:15.719982+00:00,201,9634.95,
2026-09-11T20:34:23.113406+00:00,201,2260.03,
2026-09-11T20:34:14.895952+00:00,201,10488.34,
2026-09-11T20:34:21.785361+00:00,201,3646.48,
2026-09-11T20:34:24.552825+00:00,201,886.57,
2026-09-11T20:34:23.180323+00:00,201,2285.01,
2026-09-11T20:34:24.552825+00:00,201,917.56,
2026-09-11T20:34:24.684714+00:00,201,802.35,
2026-09-11T20:34:24.545268+00:00,201,997.64,
2026-09-11T20:34:23.325541+00:00,201,2232.28,
2026-09-11T20:34:25.118931+00:00,201,439.88,
2026-09-11T20:34:14.838844+00:00,201,10725.05,
2026-09-11T20:34:23.988836+00:00,201,1601.99,
2026-09-11T20:34:21.848160+00:00,201,3781.95,
2026-09-11T20:34:21.885460+00:00,201,3741.24,
2026-09-11T20:34:16.415607+00:00,201,9222.48,
2026-09-11T20:34:23.601110+00:00,201,2041.19,
2026-09-11T20:34:19.386987+00:00,201,6257.33,
2026-09-11T20:34:17.802295+00:00,201,7882.19,
2026-09-11T20:34:25.348791+00:00,201,396.20,
2026-09-11T20:34:23.926030+00:00,201,1832.90,
2026-09-11T20:34:16.125176+00:00,201,9638.73,
2026-09-11T20:34:23.253869+00:00,201,2518.71,
2026-09-11T20:34:23.697454+00:00,201,2115.30,
2026-09-11T20:34:20.720332+00:00,201,5123.97,
2026-09-11T20:34:19.505270+00:00,201,6354.25,
2026-09-11T20:34:21.913210+00:00,201,3955.30,
2026-09-11T20:34:18.515856+00:00,201,7376.51,
2026-09-11T20:34:17.991995+00:00,201,7918.05,
2026-09-11T20:34:15.638868+00:00,201,10280.79,
2026-09-11T20:34:21.512196+00:00,201,4420.76,
2026-09-11T20:34:22.027551+00:00,201,3920.03,
2026-09-11T20:34:23.327695+00:00,201,2677.38,
2026-09-11T20:34:15.122739+00:00,201,10896.77,
2026-09-11T20:34:25.581628+00:00,201,430.27,
2026-09-11T20:34:23.394263+00:00,201,2627.77,
2026-09-11T20:34:23.202031+00:00,201,2843.08,
2026-09-11T20:34:18.653940+00:00,201,7451.93,
2026-09-11T20:34:15.743051+00:00,201,10363.74,
2026-09-11T20:34:15.724670+00:00,201,10391.78,
2026-09-11T20:34:15.016473+00:00,201,11152.50,
2026-09-11T20:34:25.436673+00:00,201,764.13,
2026-09-11T20:34:15.214925+00:00,201,11052.40,
2026-09-11T20:34:15.559305+00:00,201,10714.57,
2026-09-11T20:34:20.813360+00:00,201,5466.66,
2026-09-11T20:34:24.460498+00:00,201,1852.41,
2026-09-11T20:34:19.950997+00:00,201,6375.06,
2026-09-11T20:34:24.453336+00:00,201,1907.53,
2026-09-11T20:34:16.816120+00:00,201,9578.49,
2026-09-11T20:34:23.142943+00:00,201,3262.16,
2026-09-11T20:34:17.723085+00:00,201,8703.28,
2026-09-11T20:34:24.847303+00:00,201,1584.95,
2026-09-11T20:34:17.136151+00:00,201,9313.30,
2026-09-11T20:34:23.167226+00:00,201,3285.64,
2026-09-11T20:34:26.102032+00:00,201,361.38,
2026-09-11T20:34:17.707172+00:00,201,8777.94,
2026-09-11T20:34:23.122632+00:00,201,3385.87,
2026-09-11T20:34:16.172416+00:00,201,10388.60,
2026-09-11T20:34:25.737101+00:00,201,825.77,
2026-09-11T20:34:21.248518+00:00,201,5349.69,
2026-09-11T20:34:23.363699+00:00,201,3252.88,
2026-09-11T20:34:26.355012+00:00,201,338.42,
2026-09-11T20:34:23.230827+00:00,201,3479.19,
2026-09-11T20:34:25.854494+00:00,201,853.86,
2026-09-11T20:34:14.912287+00:00,201,11832.34,
2026-09-11T20:34:20.293985+00:00,201,6459.51,
2026-09-11T20:34:22.844436+00:00,201,3917.46,
2026-09-11T20:34:22.988435+00:00,201,3795.03,
2026-09-11T20:34:21.563893+00:00,201,5257.79,
2026-09-11T20:34:24.750828+00:00,201,2102.47,
2026-09-11T20:34:20.220793+00:00,201,6665.32,
2026-09-11T20:34:16.159556+00:00,201,10733.12,
2026-09-11T20:34:23.135599+00:00,201,3762.37,
2026-09-11T20:34:24.616145+00:00,201,2295.55,
2026-09-11T20:34:26.560468+00:00,201,360.34,
2026-09-11T20:34:18.978940+00:00,201,7959.13,
2026-09-11T20:34:24.078092+00:00,201,2884.06,
2026-09-11T20:34:24.396768+00:00,201,2598.51,
2026-09-11T20:34:23.394263+00:00,201,3616.52,
2026-09-11T20:34:23.196548+00:00,201,3853.64,
2026-09-11T20:34:18.627194+00:00,201,8446.49,
2026-09-11T20:34:23.273567+00:00,201,3851.29,
2026-09-11T20:34:16.448941+00:00,201,10699.89,
2026-09-11T20:34:26.813768+00:00,201,357.94,
2026-09-11T20:34:24.508646+00:00,201,2675.55,
2026-09-11T20:34:24.568900+00:00,201,2631.18,
2026-09-11T20:34:26.885293+00:00,201,335.95,
2026-09-11T20:34:19.027181+00:00,201,8221.89,
2026-09-11T20:34:17.007005+00:00,201,10286.79,
2026-09-11T20:34:23.566793+00:00,201,3732.63,
2026-09-11T20:34:23.443634+00:00,201,3903.27,
2026-09-11T20:34:24.119028+00:00,201,3239.70,
2026-09-11T20:34:26.992088+00:00,201,366.01,
2026-09-11T20:34:27.003022+00:00,201,364.29,
2026-09-11T20:34:24.204267+00:00,201,3192.08,
2026-09-11T20:34:17.659742+00:00,201,9753.09,
2026-09-11T20:34:25.626799+00:00,201,1810.65,
2026-09-11T20:34:26.402600+00:00,201,1066.27,
2026-09-11T20:34:23.249605+00:00,201,4267.22,
2026-09-11T20:34:24.564221+00:00,201,2953.90,
2026-09-11T20:34:23.237204+00:00,201,4305.79,
2026-09-11T20:34:23.358430+00:00,201,4219.54,
2026-09-11T20:34:24.490414+00:00,201,3104.79,
2026-09-11T20:34:19.213755+00:00,201,8412.55,
2026-09-11T20:34:15.188084+00:00,201,12452.78,
2026-09-11T20:34:23.169783+00:00,201,4507.31,
2026-09-11T20:34:17.332083+00:00,201,10359.89,
2026-09-11T20:34:24.460498+00:00,201,3244.73,
2026-09-11T20:34:23.344461+00:00,201,4378.28,
2026-09-11T20:34:23.258200+00:00,201,4485.85,
2026-09-11T20:34:23.394263+00:00,201,4351.65,
2026-09-11T20:34:23.713592+00:00,201,4057.86,
2026-09-11T20:34:25.759247+00:00,201,2024.51,
2026-09-11T20:34:15.386742+00:00,201,12393.59,
2026-09-11T20:34:24.220651+00:00,201,3608.02,
2026-09-11T20:34:23.007188+00:00,201,4853.06,
2026-09-11T20:34:14.951536+00:00,201,12921.43,
2026-09-11T20:34:23.210185+00:00,201,4674.85,
2026-09-11T20:34:27.184341+00:00,201,713.14,
2026-09-11T20:34:26.892847+00:00,201,1015.75,
2026-09-11T20:34:14.770847+00:00,201,13207.44,
2026-09-11T20:34:14.736536+00:00,201,13270.48,
2026-09-11T20:34:23.362430+00:00,201,4656.35,
2026-09-11T20:34:23.887371+00:00,201,4151.79,
2026-09-11T20:34:24.426664+00:00,201,3628.89,
2026-09-11T20:34:25.261189+00:00,201,2790.32,
2026-09-11T20:34:27.780676+00:00,201,314.60,
2026-09-11T20:34:25.277124+00:00,201,2868.78,
2026-09-11T20:34:23.360430+00:00,201,4824.31,
2026-09-11T20:34:23.363699+00:00,201,4829.94,
2026-09-11T20:34:23.319329+00:00,201,4891.54,
2026-09-11T20:34:21.348382+00:00,201,6868.08,
2026-09-11T20:34:25.308501+00:00,201,2931.34,
2026-09-11T20:34:14.811439+00:00,201,13432.45,
2026-09-11T20:34:24.268267+00:00,201,3981.73,
2026-09-11T20:34:14.869098+00:00,201,13416.86,
2026-09-11T20:34:27.974503+00:00,201,341.61,
2026-09-11T20:34:16.354991+00:00,201,12018.62,
2026-09-11T20:34:22.760996+00:00,201,5622.30,
2026-09-11T20:34:25.407918+00:00,201,2996.10,
2026-09-11T20:34:23.777218+00:00,201,4653.02,
2026-09-11T20:34:19.196811+00:00,201,9254.21,
2026-09-11T20:34:24.504511+00:00,201,3956.13,
2026-09-11T20:34:26.892847+00:00,201,1690.82,
2026-09-11T20:34:25.769164+00:00,201,2823.07,
2026-09-11T20:34:14.967120+00:00,201,13648.70,
2026-09-11T20:34:26.955586+00:00,201,1671.67,
2026-09-11T20:34:23.868785+00:00,201,4771.69,
2026-09-11T20:34:23.260101+00:00,201,5390.44,
2026-09-11T20:34:24.606095+00:00,201,4098.05,
2026-09-11T20:34:20.346830+00:00,201,8407.43,
2026-09-11T20:34:19.702909+00:00,201,9055.92,
2026-09-11T20:34:23.457987+00:00,201,5326.58,
2026-09-11T20:34:19.801923+00:00,201,8987.31,
2026-09-11T20:34:20.188950+00:00,201,8621.13,
2026-09-11T20:34:27.358956+00:00,201,1482.67,
2026-09-11T20:34:17.522057+00:00,201,11319.44,
2026-09-11T20:34:24.765920+00:00,201,4095.67,
2026-09-11T20:34:25.866315+00:00,201,3038.81,
2026-09-11T20:34:25.054612+00:00,201,3848.04,
2026-09-11T20:34:18.909030+00:00,201,10020.36,
2026-09-11T20:34:23.515340+00:00,201,5441.02,
2026-09-11T20:34:15.304332+00:00,201,13663.64,
2026-09-11T20:34:22.563113+00:00,201,6455.67,
2026-09-11T20:34:23.078148+00:00,201,5974.59,
2026-09-11T20:34:23.778217+00:00,201,5291.06,
2026-09-11T20:34:24.460498+00:00,201,4610.84,
2026-09-11T20:34:21.162991+00:00,201,7916.23,
2026-09-11T20:34:24.268267+00:00,201,4821.12,
2026-09-11T20:34:26.813768+00:00,201,2314.89,
2026-09-11T20:34:28.758845+00:00,201,387.58,
2026-09-11T20:34:23.164219+00:00,201,6092.51,
2026-09-11T20:34:15.260729+00:00,201,13999.10,
2026-09-11T20:34:20.030029+00:00,201,9248.90,
2026-09-11T20:34:27.065977+00:00,201,2222.77,
2026-09-11T20:34:22.875017+00:00,201,6464.34,
2026-09-11T20:34:21.769055+00:00,201,7574.36,
2026-09-11T20:34:28.970465+00:00,201,390.56,
2026-09-11T20:34:27.519474+00:00,201,1843.82,
2026-09-11T20:34:23.182934+00:00,201,6194.17,
2026-09-11T20:34:22.936894+00:00,201,6450.40,
2026-09-11T20:34:27.517467+00:00,201,1878.51,
2026-09-11T20:34:24.616145+00:00,201,4796.30,
2026-09-11T20:34:18.106131+00:00,201,11314.52,
2026-09-11T20:34:22.612083+00:00,201,6816.71,
2026-09-11T20:34:23.047410+00:00,201,6419.14,
2026-09-11T20:34:21.857679+00:00,201,7611.50,
2026-09-11T20:34:23.280713+00:00,201,6225.73,
2026-09-11T20:34:17.268339+00:00,201,12269.79,
2026-09-11T20:34:23.322376+00:00,201,6232.27,
2026-09-11T20:34:29.256477+00:00,201,352.47,
2026-09-11T20:34:16.218210+00:00,201,13393.84,
2026-09-11T20:34:28.160637+00:00,201,1456.69,
2026-09-11T20:34:23.583934+00:00,201,6045.77,
2026-09-11T20:34:22.266518+00:00,201,7367.95,
2026-09-11T20:34:22.640295+00:00,201,7000.75,
2026-09-11T20:34:23.539191+00:00,201,6103.94,
2026-09-11T20:34:24.545268+00:00,201,5099.10,
2026-09-11T20:34:21.433366+00:00,201,8219.80,
2026-09-11T20:34:17.786356+00:00,201,11878.58,
2026-09-11T20:34:29.184787+00:00,201,544.62,
2026-09-11T20:34:20.843901+00:00,201,8890.27,
2026-09-11T20:34:23.363699+00:00,201,6378.23,
2026-09-11T20:34:24.735575+00:00,201,5033.09,
2026-09-11T20:34:25.070650+00:00,201,4694.14,
2026-09-11T20:34:23.356430+00:00,201,6440.56,
2026-09-11T20:34:26.497494+00:00,201,3316.21,
2026-09-11T20:34:26.292932+00:00,201,3528.60,
2026-09-11T20:34:28.707094+00:00,201,1125.18,
2026-09-11T20:34:23.750247+00:00,201,6084.81,
2026-09-11T20:34:26.568087+00:00,201,3279.36,
2026-09-11T20:34:29.284254+00:00,201,573.29,
2026-09-11T20:34:23.336995+00:00,201,6538.37,
2026-09-11T20:34:18.446619+00:00,201,11437.61,
2026-09-11T20:34:21.529779+00:00,201,8347.06,
2026-09-11T20:34:25.915118+00:00,201,3976.86,
2026-09-11T20:34:17.426562+00:00,201,12463.70,
2026-09-11T20:34:15.491781+00:00,201,14416.56,
2026-09-11T20:34:23.294439+00:00,201,6617.37,
2026-09-11T20:34:29.730025+00:00,201,198.89,
2026-09-11T20:34:23.333957+00:00,201,6624.93,
2026-09-11T20:34:24.923116+00:00,201,5043.61,
2026-09-11T20:34:29.052116+00:00,201,931.78,
2026-09-11T20:34:24.283863+00:00,201,5692.90,
2026-09-11T20:34:19.671454+00:00,201,10318.92,
2026-09-11T20:34:25.261189+00:00,201,4758.67,
2026-09-11T20:34:29.795116+00:00,201,235.57,
2026-09-11T20:34:29.859310+00:00,201,182.34,
2026-09-11T20:34:29.795116+00:00,201,251.86,
2026-09-11T20:34:27.224743+00:00,201,2826.90,
2026-09-11T20:34:25.692358+00:00,201,4368.13,
2026-09-11T20:34:25.372595+00:00,201,4708.76,
2026-09-11T20:34:23.394263+00:00,201,6710.49,
2026-09-11T20:34:29.295364+00:00,201,821.47,
2026-09-11T20:34:28.448759+00:00,201,1670.62,
2026-09-11T20:34:24.715034+00:00,201,5416.03,
2026-09-11T20:34:23.361430+00:00,201,6782.70,
2026-09-11T20:34:29.730025+00:00,201,421.98,
2026-09-11T20:34:14.959319+00:00,201,15202.72,
2026-09-11T20:34:23.245671+00:00,201,6938.45,
2026-09-11T20:34:15.942210+00:00,201,14246.72,
2026-09-11T20:34:24.194432+00:00,201,5999.85,
2026-09-11T20:34:21.289401+00:00,201,8916.82,
2026-09-11T20:34:16.316833+00:00,201,13903.07,
2026-09-11T20:34:28.018455+00:00,201,2202.50,
2026-09-11T20:34:23.225672+00:00,201,6999.51,
2026-09-11T20:34:17.116087+00:00,201,13109.29,
2026-09-11T20:34:26.006913+00:00,201,4214.28,
2026-09-11T20:34:23.885371+00:00,201,6367.08,
2026-09-11T20:34:27.769966+00:00,201,2491.40,
2026-09-11T20:34:16.614604+00:00,201,13648.98,
2026-09-11T20:34:27.748375+00:00,201,2576.32,
2026-09-11T20:34:25.277124+00:00,201,5103.80,
2026-09-11T20:34:24.616145+00:00,201,5773.26,
2026-09-11T20:34:23.185393+00:00,201,7224.71,
2026-09-11T20:34:23.148818+00:00,201,7277.93,
2026-09-11T20:34:17.867056+00:00,201,12568.03,
2026-09-11T20:34:25.641943+00:00,201,4801.22,
2026-09-11T20:34:30.181671+00:00,201,263.10,
2026-09-11T20:34:22.910288+00:00,201,7535.33,
2026-09-11T20:34:19.340006+00:00,201,11108.18,
2026-09-11T20:34:22.371967+00:00,201,8080.62,
2026-09-11T20:34:23.272412+00:00,201,7193.23,
2026-09-11T20:34:25.292845+00:00,201,5173.72,
2026-09-11T20:34:24.204267+00:00,201,6272.02,
2026-09-11T20:34:24.857272+00:00,201,5642.46,
2026-09-11T20:34:19.561291+00:00,201,10942.53,
2026-09-11T20:34:22.419893+00:00,201,8076.92,
2026-09-11T20:34:24.367698+00:00,201,6140.94,
2026-09-11T20:34:19.355905+00:00,201,11150.19,
2026-09-11T20:34:29.364648+00:00,201,1171.80,
2026-09-11T20:34:25.007734+00:00,201,5589.25,
2026-09-11T20:34:23.733738+00:00,201,6933.17,
2026-09-11T20:34:23.292206+00:00,201,7383.40,
2026-09-11T20:34:19.449636+00:00,201,11241.99,
2026-09-11T20:34:17.347872+00:00,201,13352.93,
2026-09-11T20:34:25.810592+00:00,201,4901.85,
2026-09-11T20:34:26.743263+00:00,201,3991.63,
2026-09-11T20:34:16.343347+00:00,201,14399.28,
2026-09-11T20:34:15.663368+00:00,201,15090.69,
2026-09-11T20:34:28.575157+00:00,201,2215.88,
2026-09-11T20:34:24.744624+00:00,201,6072.05,
2026-09-11T20:34:28.257328+00:00,201,2568.02,
2026-09-11T20:34:23.394263+00:00,201,7448.50,
2026-09-11T20:34:28.856428+00:00,201,2009.62,
2026-09-11T20:34:24.347588+00:00,201,6548.87,
2026-09-11T20:34:30.050946+00:00,201,863.15,
2026-09-11T20:34:16.190501+00:00,201,14736.57,
2026-09-11T20:34:29.849382+00:00,201,1081.75,
2026-09-11T20:34:23.603112+00:00,201,7351.45,
2026-09-11T20:34:23.394263+00:00,201,7557.26,
2026-09-11T20:34:15.646691+00:00,201,15311.84,
2026-09-11T20:34:29.928807+00:00,201,1049.23,
2026-09-11T20:34:29.292452+00:00,201,1687.49,
2026-09-11T20:34:24.504511+00:00,201,6475.89,
2026-09-11T20:34:30.282030+00:00,201,717.98,
2026-09-11T20:34:23.221476+00:00,201,7816.60,
2026-09-11T20:34:26.908963+00:00,201,4163.69,
2026-09-11T20:34:19.169379+00:00,201,11911.00,
2026-09-11T20:34:30.182250+00:00,201,899.49,
2026-09-11T20:34:28.784094+00:00,201,2299.98,
2026-09-11T20:34:23.314049+00:00,201,7776.99,
2026-09-11T20:34:29.390149+00:00,201,1712.74,
2026-09-11T20:34:25.436673+00:00,201,5663.41,
2026-09-11T20:34:27.901216+00:00,201,3230.29,
2026-09-11T20:34:15.536283+00:00,201,15598.92,
2026-09-11T20:34:24.568900+00:00,201,6567.37,
2026-09-11T20:34:21.035499+00:00,201,10096.24,
2026-09-11T20:34:28.841219+00:00,201,2298.80,
2026-09-11T20:34:25.911933+00:00,201,5250.94,
2026-09-11T20:34:23.363699+00:00,201,7791.00,
2026-09-11T20:34:19.292596+00:00,201,11871.42,
2026-09-11T20:34:29.767780+00:00,201,1400.80,
2026-09-11T20:34:21.964423+00:00,201,9205.78,
2026-09-11T20:34:23.889873+00:00,201,7282.27,
2026-09-11T20:34:27.347032+00:00,201,3828.29,
2026-09-11T20:34:23.916511+00:00,201,7260.40,
2026-09-11T20:34:24.606095+00:00,201,6572.71,
2026-09-11T20:34:23.233123+00:00,201,7973.02,
2026-09-11T20:34:16.275734+00:00,201,14929.11,
2026-09-11T20:34:22.823126+00:00,201,8387.14,
2026-09-11T20:34:15.463626+00:00,201,15747.56,
2026-09-11T20:34:25.213734+00:00,201,5988.13,
2026-09-11T20:34:15.755682+00:00,201,15487.22,
2026-09-11T20:34:23.359434+00:00,201,7886.60,
2026-09-11T20:34:23.270402+00:00,201,7977.49,
2026-09-11T20:34:24.367698+00:00,201,6872.53,
2026-09-11T20:34:22.403373+00:00,201,8836.22,
2026-09-11T20:34:23.172305+00:00,201,8108.78,
2026-09-11T20:34:30.091740+00:00,201,1190.42,
2026-09-11T20:34:29.988682+00:00,201,1297.55,
2026-09-11T20:34:21.944168+00:00,201,9343.28,
2026-09-11T20:34:15.705052+00:00,201,15578.48,
2026-09-11T20:34:22.483369+00:00,201,8796.31,
2026-09-11T20:34:16.505846+00:00,201,14786.85,
2026-09-11T20:34:25.454752+00:00,201,5831.78,
2026-09-11T20:34:16.089089+00:00,201,15208.96,
2026-09-11T20:34:28.861962+00:00,201,2439.36,
2026-09-11T20:34:20.957419+00:00,201,10346.65,
2026-09-11T20:34:25.356118+00:00,201,5949.78,
2026-09-11T20:34:17.554639+00:00,201,13781.12,
2026-09-11T20:34:17.755031+00:00,201,13584.01,
2026-09-11T20:34:28.405585+00:00,201,2940.40,
2026-09-11T20:34:27.637324+00:00,201,3745.98,
2026-09-11T20:34:30.693081+00:00,201,693.15,
2026-09-11T20:34:23.151327+00:00,201,8238.03,
2026-09-11T20:34:15.876456+00:00,201,15516.40,
2026-09-11T20:34:29.907103+00:00,201,1532.48,
2026-09-11T20:34:24.258815+00:00,201,7178.09,
2026-09-11T20:34:20.109566+00:00,201,11349.77,
2026-09-11T20:34:24.747486+00:00,201,6717.38,
2026-09-11T20:34:25.277124+00:00,201,6183.75,
2026-09-11T20:34:29.890478+00:00,201,1578.64,
2026-09-11T20:34:29.467731+00:00,201,2008.06,
2026-09-11T20:34:30.391401+00:00,201,1091.18,
2026-09-11T20:34:30.833773+00:00,201,655.10,
2026-09-11T20:34:31.080772+00:00,201,406.05,
2026-09-11T20:34:31.067832+00:00,201,439.27,
2026-09-11T20:34:23.297359+00:00,201,8223.82,
2026-09-11T20:34:23.241283+00:00,201,8288.48,
2026-09-11T20:34:24.460498+00:00,201,7088.10,
2026-09-11T20:34:17.171423+00:00,201,14424.82,
2026-09-11T20:34:24.025119+00:00,201,7668.01,
2026-09-11T20:34:31.345906+00:00,201,350.89,
2026-09-11T20:34:31.306401+00:00,201,419.26,
2026-09-11T20:34:19.478453+00:00,201,12281.75,
2026-09-11T20:34:19.730834+00:00,201,12083.55,
2026-09-11T20:34:15.012252+00:00,201,16807.04,
2026-09-11T20:34:21.983717+00:00,201,9858.65,
2026-09-11T20:34:30.435338+00:00,201,1422.90,
2026-09-11T20:34:15.994167+00:00,201,15867.15,
2026-09-11T20:34:22.514947+00:00,201,9340.41,
2026-09-11T20:34:22.218377+00:00,201,9644.68,
2026-09-11T20:34:26.497494+00:00,201,5372.86,
2026-09-11T20:34:28.789360+00:00,201,3098.51,
2026-09-11T20:34:23.555832+00:00,201,8336.72,
2026-09-11T20:34:27.716889+00:00,201,4185.07,
2026-09-11T20:34:30.498617+00:00,201,1404.33,
2026-09-11T20:34:29.489875+00:00,201,2436.50,
2026-09-11T20:34:28.181981+00:00,201,3746.40,
2026-09-11T20:34:29.407226+00:00,201,2543.41,
2026-09-11T20:34:23.378833+00:00,201,8585.85,
2026-09-11T20:34:24.320948+00:00,201,7643.75,
2026-09-11T20:34:15.147050+00:00,201,16843.50,
2026-09-11T20:34:24.813050+00:00,201,7190.77,
2026-09-11T20:34:23.256130+00:00,201,8766.65,
2026-09-11T20:34:16.598155+00:00,201,15443.65,
2026-09-11T20:34:31.688288+00:00,201,358.89,
2026-09-11T20:34:24.711845+00:00,201,7344.66,
2026-09-11T20:34:28.065448+00:00,201,4044.87,
2026-09-11T20:34:27.338772+00:00,201,4806.83,
2026-09-11T20:34:31.814802+00:00,201,394.34,
2026-09-11T20:34:24.347588+00:00,201,7869.00,
2026-09-11T20:34:21.757473+00:00,201,10470.24,
2026-09-11T20:34:23.138784+00:00,201,9092.93,
2026-09-11T20:34:31.858173+00:00,201,383.29,
2026-09-11T20:34:29.358432+00:00,201,2883.92,
2026-09-11T20:34:28.033790+00:00,201,4221.46,
2026-09-11T20:34:31.107895+00:00,201,1169.40,
2026-09-11T20:34:30.048935+00:00,201,2234.47,
2026-09-11T20:34:18.538224+00:00,201,13758.13,
2026-09-11T20:34:27.607547+00:00,201,4698.98,
2026-09-11T20:34:31.466278+00:00,201,853.80,
2026-09-11T20:34:23.223801+00:00,201,9107.35,
2026-09-11T20:34:31.243441+00:00,201,1110.68,
2026-09-11T20:34:24.545268+00:00,201,7808.58,
2026-09-11T20:34:30.217852+00:00,201,2176.07,
2026-09-11T20:34:20.146274+00:00,201,12253.50,
2026-09-11T20:34:31.080772+00:00,201,1328.31,
2026-09-11T20:34:30.667093+00:00,201,1747.54,
2026-09-11T20:34:17.953529+00:00,201,14505.97,
2026-09-11T20:34:27.151198+00:00,201,5320.39,
2026-09-11T20:34:17.230525+00:00,201,15254.59,
2026-09-11T20:34:21.743325+00:00,201,10756.69,
2026-09-11T20:34:26.386859+00:00,201,6153.29,
2026-09-11T20:34:21.130769+00:00,201,11447.59,
2026-09-11T20:34:29.984161+00:00,201,2599.76,
2026-09-11T20:34:32.241474+00:00,201,373.14,
2026-09-11T20:34:29.643667+00:00,201,2986.26,
2026-09-11T20:34:25.626799+00:00,201,7016.20,
2026-09-11T20:34:30.775240+00:00,201,1898.25,
2026-09-11T20:34:25.166712+00:00,201,7523.13,
2026-09-11T20:34:31.176150+00:00,201,1526.89,
2026-09-11T20:34:29.548745+00:00,201,3158.37,
2026-09-11T20:34:29.643667+00:00,201,3097.01,
2026-09-11T20:34:29.071327+00:00,201,3679.34,
2026-09-11T20:34:27.716889+00:00,201,5035.11,
2026-09-11T20:34:24.663507+00:00,201,8097.07,
2026-09-11T20:34:20.014271+00:00,201,12760.25,
2026-09-11T20:34:26.294940+00:00,201,6489.22,
2026-09-11T20:34:32.321523+00:00,201,482.12,
2026-09-11T20:34:31.822826+00:00,201,992.80,
2026-09-11T20:34:22.298346+00:00,201,10534.92,
2026-09-11T20:34:30.867812+00:00,201,1980.06,
2026-09-11T20:34:30.593816+00:00,201,2270.27,
2026-09-11T20:34:25.553907+00:00,201,7327.31,
2026-09-11T20:34:18.162167+00:00,201,14735.57,
2026-09-11T20:34:20.783863+00:00,201,12194.47,
2026-09-11T20:34:14.908174+00:00,201,18080.14,
2026-09-11T20:34:23.378833+00:00,201,9604.85,
2026-09-11T20:34:30.477654+00:00,201,2517.32,
2026-09-11T20:34:27.444861+00:00,201,5565.63,
2026-09-11T20:34:27.179605+00:00,201,5845.10,
2026-09-11T20:34:32.649986+00:00,201,412.55,
2026-09-11T20:34:30.234159+00:00,201,2840.23,
2026-09-11T20:34:23.363699+00:00,201,9753.09,
2026-09-11T20:34:21.815543+00:00,201,11322.42,
2026-09-11T20:34:25.533823+00:00,201,7606.37,
2026-09-11T20:34:32.210376+00:00,201,947.96,
2026-09-11T20:34:15.254986+00:00,201,17916.22,
2026-09-11T20:34:24.552825+00:00,201,8622.96,
2026-09-11T20:34:27.426446+00:00,201,5766.91,
2026-09-11T20:34:18.023779+00:00,201,15191.81,
2026-09-11T20:34:19.418615+00:00,201,13819.14,
2026-09-11T20:34:23.275895+00:00,201,9972.80,
2026-09-11T20:34:30.159684+00:00,201,3107.69,
2026-09-11T20:34:30.741554+00:00,201,2574.17,
2026-09-11T20:34:28.199758+00:00,201,5123.51,
2026-09-11T20:34:31.760868+00:00,201,1601.54,
2026-09-11T20:34:15.983677+00:00,201,17396.00,
2026-09-11T20:34:30.976159+00:00,201,2417.39,
2026-09-11T20:34:25.232363+00:00,201,8195.64,
2026-09-11T20:34:30.217852+00:00,201,3207.79,
2026-09-11T20:34:21.779768+00:00,201,11655.86,
2026-09-11T20:34:28.834625+00:00,201,4610.22,
2026-09-11T20:34:28.650414+00:00,201,4810.72,
2026-09-11T20:34:33.093547+00:00,201,370.48,
2026-09-11T20:34:29.706675+00:00,201,3765.74,
2026-09-11T20:34:30.435338+00:00,201,3076.96,
2026-09-11T20:34:31.298640+00:00,201,2236.57,
2026-09-11T20:34:24.831298+00:00,201,8718.37,
2026-09-11T20:34:26.022665+00:00,201,7547.36,
2026-09-11T20:34:22.683038+00:00,201,10899.90,
2026-09-11T20:34:30.498617+00:00,201,3085.78,
2026-09-11T20:34:23.116250+00:00,201,10511.77,
2026-09-11T20:34:23.323542+00:00,201,10307.08,
2026-09-11T20:34:27.546145+00:00,201,6087.97,
2026-09-11T20:34:31.206395+00:00,201,2432.17,
2026-09-11T20:34:23.950321+00:00,201,9703.67,
2026-09-11T20:34:25.880129+00:00,201,7794.50,
2026-09-11T20:34:15.856963+00:00,201,17839.81,
2026-09-11T20:34:31.688288+00:00,201,2024.16,
2026-09-11T20:34:26.022665+00:00,201,7730.48,
2026-09-11T20:34:18.931724+00:00,201,14842.83,
2026-09-11T20:34:27.448379+00:00,201,6347.14,
2026-09-11T20:34:32.348631+00:00,201,1446.38,
2026-09-11T20:34:23.301684+00:00,201,10507.91,
2026-09-11T20:34:26.450116+00:00,201,7361.61,
2026-09-11T20:34:31.392649+00:00,201,2424.82,
2026-09-11T20:34:33.500980+00:00,201,342.04,
2026-09-11T20:34:31.166445+00:00,201,2691.43,
2026-09-11T20:34:32.241474+00:00,201,1641.11,
2026-09-11T20:34:30.435338+00:00,201,3456.77,
2026-09-11T20:34:31.300645+00:00,201,2606.51,
2026-09-11T20:34:31.956751+00:00,201,1978.16,
2026-09-11T20:34:24.367698+00:00,201,9582.44,
2026-09-11T20:34:28.589240+00:00,201,5379.40,
2026-09-11T20:34:32.582644+00:00,201,1397.09,
2026-09-11T20:34:23.191294+00:00,201,10802.70,
2026-09-11T20:34:28.929225+00:00,201,5093.10,
2026-09-11T20:34:20.907441+00:00,201,13148.69,
2026-09-11T20:34:22.472128+00:00,201,11613.21,
2026-09-11T20:34:30.514480+00:00,201,3597.90,
2026-09-11T20:34:20.458103+00:00,201,13671.93,
2026-09-11T20:34:33.835830+00:00,201,298.23,
2026-09-11T20:34:29.874180+00:00,201,4297.71,
2026-09-11T20:34:24.268267+00:00,201,9909.50,
2026-09-11T20:34:27.701173+00:00,201,6486.34,
2026-09-11T20:34:25.473323+00:00,201,8718.94,
2026-09-11T20:34:18.044635+00:00,201,16161.41,
2026-09-11T20:34:33.951291+00:00,201,288.62,
2026-09-11T20:34:14.805493+00:00,201,19456.29,
2026-09-11T20:34:23.919514+00:00,201,10356.38,
2026-09-11T20:34:14.728094+00:00,201,19565.24,
2026-09-11T20:34:32.745403+00:00,201,1561.80,
2026-09-11T20:34:21.019673+00:00,201,13295.79,
2026-09-11T20:34:34.058259+00:00,201,280.13,
2026-09-11T20:34:31.999628+00:00,201,2348.01,
2026-09-11T20:34:28.065448+00:00,201,6311.94,
2026-09-11T20:34:30.403901+00:00,201,3996.99,
2026-09-11T20:34:30.599078+00:00,201,3830.70,
2026-09-11T20:34:34.129648+00:00,201,316.55,
2026-09-11T20:34:32.839466+00:00,201,1617.32,
2026-09-11T20:34:30.954794+00:00,201,3552.22,
2026-09-11T20:34:30.451103+00:00,201,4098.87,
2026-09-11T20:34:30.197151+00:00,201,4358.28,
2026-09-11T20:34:25.553907+00:00,201,9035.27,
2026-09-11T20:34:27.884044+00:00,201,6722.47,
2026-09-11T20:34:15.755682+00:00,201,18875.76,
2026-09-11T20:34:28.959836+00:00,201,5693.77,
2026-09-11T20:34:28.144604+00:00,201,6500.25,
2026-09-11T20:34:33.688027+00:00,201,981.27,
2026-09-11T20:34:29.890478+00:00,201,4801.05,
2026-09-11T20:34:28.460937+00:00,201,6262.29,
2026-09-11T20:34:31.178157+00:00,201,3549.92,
2026-09-11T20:34:27.470478+00:00,201,7288.23,
2026-09-11T20:34:33.867355+00:00,201,904.31,
2026-09-11T20:34:34.430274+00:00,201,355.68,
2026-09-11T20:34:34.146388+00:00,201,655.99,
2026-09-11T20:34:23.349112+00:00,201,11458.73,
2026-09-11T20:34:34.495745+00:00,201,339.33,
2026-09-11T20:34:31.080772+00:00,201,3760.63,
2026-09-11T20:34:31.250472+00:00,201,3601.88,
2026-09-11T20:34:31.968231+00:00,201,2886.77,
2026-09-11T20:34:28.464876+00:00,201,6401.50,
2026-09-11T20:34:26.434457+00:00,201,8443.73,
2026-09-11T20:34:31.351933+00:00,201,3573.47,
2026-09-11T20:34:32.846332+00:00,201,2090.31,
2026-09-11T20:34:23.422097+00:00,201,11582.35,
2026-09-11T20:34:33.445863+00:00,201,1577.63,
2026-09-11T20:34:24.612575+00:00,201,10411.76,
2026-09-11T20:34:23.914293+00:00,201,11132.37,
2026-09-11T20:34:34.759085+00:00,201,290.12,
2026-09-11T20:34:34.774412+00:00,201,295.88,
2026-09-11T20:34:32.698415+00:00,201,2380.69,
2026-09-11T20:34:15.621922+00:00,201,19476.08,
2026-09-11T20:34:31.585605+00:00,201,3516.77,
2026-09-11T20:34:24.552825+00:00,201,10547.85,
2026-09-11T20:34:30.726367+00:00,201,4385.99,
2026-09-11T20:34:34.837144+00:00,201,278.97,
2026-09-11T20:34:23.198644+00:00,201,11934.25,
2026-09-11T20:34:33.588195+00:00,201,1569.54,
2026-09-11T20:34:23.884199+00:00,201,11291.72,
2026-09-11T20:34:29.604041+00:00,201,5577.37,
2026-09-11T20:34:34.919009+00:00,201,302.82,
2026-09-11T20:34:15.360274+00:00,201,19878.46,
2026-09-11T20:34:34.965861+00:00,201,284.42,
2026-09-11T20:34:25.641943+00:00,201,9617.21,
2026-09-11T20:34:26.481708+00:00,201,8789.17,
2026-09-11T20:34:32.579234+00:00,201,2728.73,
2026-09-11T20:34:19.245404+00:00,201,16072.03,
2026-09-11T20:34:25.641943+00:00,201,9690.13,
2026-09-11T20:34:27.830664+00:00,201,7509.15,
2026-09-11T20:34:29.899069+00:00,201,5464.13,
2026-09-11T20:34:33.362572+00:00,201,2009.02,
2026-09-11T20:34:33.794841+00:00,201,1583.26,
2026-09-11T20:34:32.649986+00:00,201,2755.91,
2026-09-11T20:34:30.459846+00:00,201,4966.79,
2026-09-11T20:34:31.335961+00:00,201,4109.89,
2026-09-11T20:34:30.035584+00:00,201,5444.33,
2026-09-11T20:34:33.380243+00:00,201,2114.82,
2026-09-11T20:34:32.987362+00:00,201,2531.21,
2026-09-11T20:34:29.627621+00:00,201,5901.23,
2026-09-11T20:34:30.118490+00:00,201,5438.05,
2026-09-11T20:34:33.803888+00:00,201,1755.95,
2026-09-11T20:34:35.307988+00:00,201,280.90,
2026-09-11T20:34:30.435338+00:00,201,5148.45,
2026-09-11T20:34:27.974503+00:00,201,7620.21,
2026-09-11T20:34:35.326385+00:00,201,285.96,
2026-09-11T20:34:28.637865+00:00,201,6991.08,
2026-09-11T20:34:31.488081+00:00,201,4151.30,
2026-09-11T20:34:26.702191+00:00,201,8961.68,
2026-09-11T20:34:30.981785+00:00,201,4684.81,
2026-09-11T20:34:25.515059+00:00,201,10165.55,
2026-09-11T20:34:26.386859+00:00,201,9299.97,
2026-09-11T20:34:35.153794+00:00,201,592.94,
2026-09-11T20:34:23.330785+00:00,201,12424.80,
2026-09-11T20:34:19.645599+00:00,201,16121.42,
2026-09-11T20:34:31.216942+00:00,201,4555.69,
2026-09-11T20:34:23.340461+00:00,201,12449.70,
2026-09-11T20:34:35.045106+00:00,201,767.37,
2026-09-11T20:34:15.885775+00:00,201,19931.82,
2026-09-11T20:34:20.077975+00:00,201,15731.96,
2026-09-11T20:34:31.290614+00:00,201,4539.66,
2026-09-11T20:34:33.981395+00:00,201,1886.46,
2026-09-11T20:34:35.231275+00:00,201,642.39,
2026-09-11T20:34:35.589916+00:00,201,286.39,
2026-09-11T20:34:18.694773+00:00,201,17177.57,
2026-09-11T20:34:34.293413+00:00,201,1625.04,
2026-09-11T20:34:30.865804+00:00,201,5071.09,
2026-09-11T20:34:31.878241+00:00,201,4074.31,
2026-09-11T20:34:32.792819+00:00,201,3192.20,
2026-09-11T20:34:24.536266+00:00,201,11464.73,
2026-09-11T20:34:23.948326+00:00,201,12060.72,
2026-09-11T20:34:32.210376+00:00,201,3822.95,
2026-09-11T20:34:33.078121+00:00,201,2981.80,
2026-09-11T20:34:35.478627+00:00,201,593.90,
2026-09-11T20:34:27.360962+00:00,201,8715.71,
2026-09-11T20:34:33.970824+00:00,201,2111.98,
2026-09-11T20:34:25.832210+00:00,201,10283.16,
2026-09-11T20:34:34.210688+00:00,201,1956.50,
2026-09-11T20:34:18.478304+00:00,201,17680.03,
2026-09-11T20:34:32.478988+00:00,201,3690.05,
2026-09-11T20:34:35.903310+00:00,201,290.88,
2026-09-11T20:34:31.208405+00:00,201,5000.19,
2026-09-11T20:34:23.351084+00:00,201,12861.11,
2026-09-11T20:34:29.542333+00:00,201,6675.36,
2026-09-11T20:34:32.299869+00:00,201,3913.87,
2026-09-11T20:34:15.451412+00:00,201,20773.78,
2026-09-11T20:34:30.916906+00:00,201,5315.21,
2026-09-11T20:34:28.350619+00:00,201,7887.80,
2026-09-11T20:34:31.867198+00:00,201,4381.47,
2026-09-11T20:34:24.238313+00:00,201,12013.76,
2026-09-11T20:34:24.352673+00:00,201,11907.03,
2026-09-11T20:34:33.248379+00:00,201,3033.73,
2026-09-11T20:34:33.883375+00:00,201,2417.23,
2026-09-11T20:34:35.731749+00:00,201,575.44,
2026-09-11T20:34:34.062272+00:00,201,2252.92,
2026-09-11T20:34:29.912208+00:00,201,6405.27,
2026-09-11T20:34:32.395700+00:00,201,3918.33,
2026-09-11T20:34:25.166712+00:00,201,11153.98,
2026-09-11T20:34:32.977391+00:00,201,3363.56,
2026-09-11T20:34:31.944626+00:00,201,4445.47,
2026-09-11T20:34:15.552013+00:00,201,20861.07,
2026-09-11T20:34:32.040402+00:00,201,4377.42,
2026-09-11T20:34:36.164739+00:00,201,256.33,
2026-09-11T20:34:17.612127+00:00,201,18821.54,
2026-09-11T20:34:31.210919+00:00,201,5264.11,
2026-09-11T20:34:23.619428+00:00,201,12872.60,
2026-09-11T20:34:26.592589+00:00,201,9904.08,
2026-09-11T20:34:31.551485+00:00,201,4968.23,
2026-09-11T20:34:32.495984+00:00,201,4024.74,
2026-09-11T20:34:34.275203+00:00,201,2265.14,
2026-09-11T20:34:31.035968+00:00,201,5504.87,
2026-09-11T20:34:28.208100+00:00,201,8342.00,
2026-09-11T20:34:30.976159+00:00,201,5576.85,
2026-09-11T20:34:20.875689+00:00,201,15679.58,
2026-09-11T20:34:30.521268+00:00,201,6030.87,
2026-09-11T20:34:26.924699+00:00,201,9641.09,
2026-09-11T20:34:17.570170+00:00,201,19019.47,
2026-09-11T20:34:35.987442+00:00,201,605.02,
2026-09-11T20:34:32.618102+00:00,201,3983.56,
2026-09-11T20:34:36.406239+00:00,201,201.53,
2026-09-11T20:34:15.567508+00:00,201,21046.59,
2026-09-11T20:34:17.315419+00:00,201,19300.97,
2026-09-11T20:34:29.967214+00:00,201,6657.81,
2026-09-11T20:34:29.080820+00:00,201,7553.12,
2026-09-11T20:34:36.440439+00:00,201,194.43,
2026-09-11T20:34:27.576292+00:00,201,9091.31,
2026-09-11T20:34:29.986169+00:00,201,6686.47,
2026-09-11T20:34:29.777855+00:00,201,6916.82,
2026-09-11T20:34:24.204267+00:00,201,12498.21,
2026-09-11T20:34:23.282889+00:00,201,13445.99,
2026-09-11T20:34:35.987442+00:00,201,745.18,
2026-09-11T20:34:19.762608+00:00,201,17011.65,
2026-09-11T20:34:23.126185+00:00,201,13651.55,
2026-09-11T20:34:28.913769+00:00,201,7870.42,
2026-09-11T20:34:35.864188+00:00,201,917.82,
2026-09-11T20:34:32.252446+00:00,201,4532.86,
2026-09-11T20:34:15.528525+00:00,201,21268.24,
2026-09-11T20:34:35.374331+00:00,201,1424.02,
2026-09-11T20:34:30.324147+00:00,201,6491.26,
2026-09-11T20:34:23.247424+00:00,201,13575.66,
2026-09-11T20:34:24.367698+00:00,201,12473.49,
2026-09-11T20:34:28.634190+00:00,201,8219.05,
2026-09-11T20:34:16.458608+00:00,201,20389.99,
2026-09-11T20:34:33.934308+00:00,201,2936.71,
2026-09-11T20:34:36.665224+00:00,201,214.50,
2026-09-11T20:34:28.370913+00:00,201,8534.56,
2026-09-11T20:34:30.933897+00:00,201,6038.81,
2026-09-11T20:34:23.363699+00:00,201,13625.21,
2026-09-11T20:34:36.728713+00:00,201,279.44,
2026-09-11T20:34:32.246847+00:00,201,4774.54,
2026-09-11T20:34:36.750957+00:00,201,269.18,
2026-09-11T20:34:36.217492+00:00,201,821.43,
2026-09-11T20:34:33.630637+00:00,201,3410.44,
2026-09-11T20:34:31.492091+00:00,201,5554.08,
2026-09-11T20:34:32.760430+00:00,201,4289.06,
2026-09-11T20:34:30.217852+00:00,201,6833.80,
2026-09-11T20:34:34.870210+00:00,201,2207.21,
2026-09-11T20:34:23.378833+00:00,201,13714.59,
2026-09-11T20:34:36.741493+00:00,201,369.14,
2026-09-11T20:34:27.907488+00:00,201,9202.90,
2026-09-11T20:34:31.931178+00:00,201,5185.78,
2026-09-11T20:34:32.538759+00:00,201,4579.57,
2026-09-11T20:34:18.008244+00:00,201,19130.87,
2026-09-11T20:34:34.337792+00:00,201,2842.47,
2026-09-11T20:34:29.375010+00:00,201,7812.23,
2026-09-11T20:34:36.972778+00:00,201,251.35,
2026-09-11T20:34:29.944364+00:00,201,7283.11,
2026-09-11T20:34:34.803308+00:00,201,2481.88,
2026-09-11T20:34:30.031571+00:00,201,7253.68,
2026-09-11T20:34:31.175633+00:00,201,6130.12,
2026-09-11T20:34:33.805896+00:00,201,3496.61,
2026-09-11T20:34:22.083470+00:00,201,15259.02,
2026-09-11T20:34:34.838171+00:00,201,2502.54,
2026-09-11T20:34:34.308234+00:00,201,3053.85,
2026-09-11T20:34:29.881007+00:00,201,7486.43,
2026-09-11T20:34:15.962923+00:00,201,21429.99,
2026-09-11T20:34:37.109383+00:00,201,295.58,
2026-09-11T20:34:24.564221+00:00,201,12844.70,
2026-09-11T20:34:26.424217+00:00,201,11009.07,
2026-09-11T20:34:35.628251+00:00,201,1809.49,
2026-09-11T20:34:15.485230+00:00,201,21966.15,
2026-09-11T20:34:18.853670+00:00,201,18606.79,
2026-09-11T20:34:36.622715+00:00,201,854.81,
2026-09-11T20:34:35.135998+00:00,201,2338.73,
2026-09-11T20:34:35.907346+00:00,201,1566.59,
2026-09-11T20:34:30.120501+00:00,201,7367.15,
2026-09-11T20:34:20.756907+00:00,201,16742.54,
2026-09-11T20:34:33.469210+00:00,201,4046.78,
2026-09-11T20:34:32.284072+00:00,201,5224.37,
2026-09-11T20:34:31.520862+00:00,201,6007.44,
2026-09-11T20:34:27.780676+00:00,201,9755.25,
2026-09-11T20:34:25.626799+00:00,201,11922.41,
2026-09-11T20:34:31.133127+00:00,201,6437.83,
2026-09-11T20:34:32.745403+00:00,201,4814.37,
2026-09-11T20:34:25.949398+00:00,201,11629.83,
2026-09-11T20:34:36.067813+00:00,201,1522.10,
2026-09-11T20:34:34.195397+00:00,201,3399.49,
2026-09-11T20:34:22.956096+00:00,201,14643.96,
2026-09-11T20:34:28.208100+00:00,201,9398.80,
2026-09-11T20:34:36.280579+00:00,201,1353.34,
2026-09-11T20:34:23.795144+00:00,201,13858.32,
2026-09-11T20:34:17.744850+00:00,201,19912.07,
2026-09-11T20:34:24.460498+00:00,201,13235.96,
2026-09-11T20:34:33.994003+00:00,201,3717.60,
2026-09-11T20:34:36.614157+00:00,201,1133.22,
2026-09-11T20:34:14.777983+00:00,201,22970.98,
2026-09-11T20:34:19.261118+00:00,201,18497.04,
2026-09-11T20:34:32.712974+00:00,201,5069.68,
2026-09-11T20:34:29.375010+00:00,201,8411.79,
2026-09-11T20:34:16.972873+00:00,201,20831.34,
2026-09-11T20:34:28.908745+00:00,201,8900.24,
2026-09-11T20:34:34.731874+00:00,201,3078.54,
2026-09-11T20:34:29.024042+00:00,201,8799.61,
2026-09-11T20:34:16.018286+00:00,201,21809.01,
2026-09-11T20:34:26.608240+00:00,201,11211.94,
2026-09-11T20:34:17.285151+00:00,201,20552.14,
2026-09-11T20:34:24.770924+00:00,201,13087.39,
2026-09-11T20:34:34.665498+00:00,201,3217.55,
2026-09-11T20:34:23.355362+00:00,201,14538.56,
2026-09-11T20:34:23.341461+00:00,201,14558.77,
2026-09-11T20:34:24.822048+00:00,201,13080.33,
2026-09-11T20:34:35.812696+00:00,201,2119.88,
2026-09-11T20:34:35.950739+00:00,201,1991.40,
2026-09-11T20:34:32.331679+00:00,201,5633.58,
2026-09-11T20:34:30.933897+00:00,201,7051.52,
2026-09-11T20:34:33.696419+00:00,201,4298.52,
2026-09-11T20:34:35.748045+00:00,201,2267.09,
2026-09-11T20:34:30.981785+00:00,201,7043.54,
2026-09-11T20:34:36.851139+00:00,201,1193.04,
2026-09-11T20:34:37.807747+00:00,201,252.70,
2026-09-11T20:34:26.266509+00:00,201,11812.86,
2026-09-11T20:34:36.470269+00:00,201,1606.06,
2026-09-11T20:34:18.402576+00:00,201,19686.38,
2026-09-11T20:34:35.812696+00:00,201,2279.13,
2026-09-11T20:34:35.216392+00:00,201,2878.90,
2026-09-11T20:34:28.318881+00:00,201,9789.58,
2026-09-11T20:34:36.223507+00:00,201,1890.80,
2026-09-11T20:34:23.193913+00:00,201,14950.01,
2026-09-11T20:34:30.197151+00:00,201,7954.48,
2026-09-11T20:34:34.596111+00:00,201,3562.79,
2026-09-11T20:34:24.204267+00:00,201,13949.66,
2026-09-11T20:34:37.496844+00:00,201,662.97,
2026-09-11T20:34:35.409169+00:00,201,2763.09,
2026-09-11T20:34:15.183711+00:00,201,22996.74,
2026-09-11T20:34:37.964782+00:00,201,221.49,
2026-09-11T20:34:30.120501+00:00,201,8079.86,
2026-09-11T20:34:37.985641+00:00,201,245.32,
2026-09-11T20:34:36.909884+00:00,201,1336.46,
2026-09-11T20:34:30.217852+00:00,201,8023.05,
2026-09-11T20:34:29.580676+00:00,201,8670.70,
2026-09-11T20:34:17.976258+00:00,201,20284.01,
2026-09-11T20:34:36.067813+00:00,201,2184.99,
2026-09-11T20:34:36.786459+00:00,201,1488.88,
2026-09-11T20:34:35.103958+00:00,201,3183.59,
2026-09-11T20:34:35.773251+00:00,201,2517.79,
2026-09-11T20:34:23.338839+00:00,201,14980.89,
2026-09-11T20:34:37.572766+00:00,201,761.53,
2026-09-11T20:34:31.035968+00:00,201,7300.01,
2026-09-11T20:34:34.806395+00:00,201,3531.93,
2026-09-11T20:34:37.807747+00:00,201,538.50,
2026-09-11T20:34:14.793675+00:00,201,23558.49,
2026-09-11T20:34:38.154664+00:00,201,224.69,
2026-09-11T20:34:24.220651+00:00,201,14165.76,
2026-09-11T20:34:31.080772+00:00,201,7328.36,
2026-09-11T20:34:31.162427+00:00,201,7257.04,
2026-09-11T20:34:34.315770+00:00,201,4109.75,
2026-09-11T20:34:16.430740+00:00,201,21998.20,
2026-09-11T20:34:33.008594+00:00,201,5465.23,
2026-09-11T20:34:28.616223+00:00,201,9867.50,
2026-09-11T20:34:26.592589+00:00,201,11909.60,
2026-09-11T20:34:23.394263+00:00,201,15113.38,
2026-09-11T20:34:26.924699+00:00,201,11596.28,
2026-09-11T20:34:16.475254+00:00,201,22058.05,
2026-09-11T20:34:29.614074+00:00,201,8932.95,
2026-09-11T20:34:31.893568+00:00,201,6666.73,
2026-09-11T20:34:37.467698+00:00,201,1117.55,
2026-09-11T20:34:25.000767+00:00,201,13587.71,
2026-09-11T20:34:34.656211+00:00,201,3935.58,
2026-09-11T20:34:30.954794+00:00,201,7637.50,
2026-09-11T20:34:37.547573+00:00,201,1042.25,
2026-09-11T20:34:30.673853+00:00,201,7950.50,
2026-09-11T20:34:34.311247+00:00,201,4315.90,
2026-09-11T20:34:33.201962+00:00,201,5426.39,
2026-09-11T20:34:31.818814+00:00,201,6820.94,
2026-09-11T20:34:24.552825+00:00,201,14107.06,
2026-09-11T20:34:35.109198+00:00,201,3546.22,
2026-09-11T20:34:22.805859+00:00,201,15858.86,
2026-09-11T20:34:31.913379+00:00,201,6756.12,
2026-09-11T20:34:30.819501+00:00,201,7868.15,
2026-09-11T20:34:29.833694+00:00,201,8861.21,
2026-09-11T20:34:14.854967+00:00,201,23850.40,
2026-09-11T20:34:33.170347+00:00,201,5538.96,
2026-09-11T20:34:37.655957+00:00,201,1062.71,
2026-09-11T20:34:37.821941+00:00,201,896.31,
2026-09-11T20:34:35.689526+00:00,201,3026.97,
2026-09-11T20:34:37.305768+00:00,201,1429.20,
2026-09-11T20:34:25.784239+00:00,201,12962.86,
2026-09-11T20:34:36.243378+00:00,201,2512.95,
2026-09-11T20:34:28.754754+00:00,201,10003.34,
2026-09-11T20:34:37.194435+00:00,201,1572.51,
2026-09-11T20:34:33.270213+00:00,201,5517.54,
2026-09-11T20:34:36.296695+00:00,201,2505.56,
2026-09-11T20:34:29.138537+00:00,201,9691.66,
2026-09-11T20:34:30.914898+00:00,201,7932.59,
2026-09-11T20:34:24.268267+00:00,201,14596.00,
2026-09-11T20:34:34.550789+00:00,201,4322.20,
2026-09-11T20:34:31.909365+00:00,201,6985.50,
2026-09-11T20:34:27.637324+00:00,201,11275.18,
2026-09-11T20:34:32.461654+00:00,201,6459.14,
2026-09-11T20:34:15.008747+00:00,201,23936.02,
2026-09-11T20:34:23.347028+00:00,201,15602.32,
2026-09-11T20:34:14.708273+00:00,201,24248.28,
2026-09-11T20:34:30.391401+00:00,201,8569.12,
2026-09-11T20:34:36.588089+00:00,201,2375.93,
2026-09-11T20:34:37.020179+00:00,201,1947.91,
2026-09-11T20:34:24.283863+00:00,201,14707.55,
2026-09-11T20:34:31.172503+00:00,201,7837.58,
2026-09-11T20:34:24.458743+00:00,201,14562.10,
2026-09-11T20:34:26.102032+00:00,201,12938.40,
2026-09-11T20:34:18.563664+00:00,201,20486.37,
2026-09-11T20:34:38.594559+00:00,201,478.71,
2026-09-11T20:34:38.345897+00:00,201,731.43,
2026-09-11T20:34:33.398083+00:00,201,5685.00,
2026-09-11T20:34:33.300598+00:00,201,5802.51,
2026-09-11T20:34:23.251871+00:00,201,15859.99,
2026-09-11T20:34:33.686011+00:00,201,5473.32,
2026-09-11T20:34:38.895961+00:00,201,274.15,
2026-09-11T20:34:32.461654+00:00,201,6703.18,
2026-09-11T20:34:38.586946+00:00,201,593.88,
2026-09-11T20:34:30.082739+00:00,201,9102.31,
2026-09-11T20:34:34.093681+00:00,201,5098.53,
2026-09-11T20:34:23.284998+00:00,201,15918.10,
2026-09-11T20:34:37.948705+00:00,201,1257.07,
2026-09-11T20:34:23.363699+00:00,201,15839.13,
2026-09-11T20:34:36.304713+00:00,201,2909.57,
2026-09-11T20:34:19.533888+00:00,201,19689.47,
2026-09-11T20:34:22.329853+00:00,201,16900.16,
2026-09-11T20:34:32.331679+00:00,201,6897.77,
2026-09-11T20:34:38.143625+00:00,201,1105.75,
2026-09-11T20:34:31.111914+00:00,201,8160.89,
2026-09-11T20:34:35.516247+00:00,201,3749.41,
2026-09-11T20:34:37.747811+00:00,201,1532.33,
2026-09-11T20:34:29.091868+00:00,201,10209.77,
2026-09-11T20:34:39.075579+00:00,201,248.41,
2026-09-11T20:34:16.626573+00:00,201,22733.62,
2026-09-11T20:34:35.072714+00:00,201,4281.73,
2026-09-11T20:34:31.961145+00:00,201,7430.92,
2026-09-11T20:34:32.144503+00:00,201,7282.24,
2026-09-11T20:34:32.808031+00:00,201,6631.58,
2026-09-11T20:34:37.069239+00:00,201,2372.00,
2026-09-11T20:34:27.125704+00:00,201,12356.72,
2026-09-11T20:34:33.805896+00:00,201,5681.63,
2026-09-11T20:34:30.793377+00:00,201,8707.11,
2026-09-11T20:34:35.664368+00:00,201,3847.79,
2026-09-11T20:34:35.469284+00:00,201,4045.09,
2026-09-11T20:34:38.335594+00:00,201,1184.45,
2026-09-11T20:34:31.529647+00:00,201,8006.35,
2026-09-11T20:34:34.606076+00:00,201,4936.23,
2026-09-11T20:34:38.589016+00:00,201,976.63,
2026-09-11T20:34:38.077449+00:00,201,1489.07,
2026-09-11T20:34:23.317216+00:00,201,16265.14,
2026-09-11T20:34:22.673540+00:00,201,16914.58,
2026-09-11T20:34:35.753270+00:00,201,3838.21,
2026-09-11T20:34:26.749956+00:00,201,12845.27,
2026-09-11T20:34:39.325307+00:00,201,277.70,
2026-09-11T20:34:38.626205+00:00,201,982.34,
2026-09-11T20:34:38.846643+00:00,201,771.49,
2026-09-11T20:34:39.356828+00:00,201,264.55,
2026-09-11T20:34:37.434247+00:00,201,2202.92,
2026-09-11T20:34:28.382684+00:00,201,11263.15,
2026-09-11T20:34:38.250534+00:00,201,1401.41,
2026-09-11T20:34:37.069239+00:00,201,2590.09,
2026-09-11T20:34:39.428203+00:00,201,244.37,
2026-09-11T20:34:39.448320+00:00,201,242.59,
2026-09-11T20:34:31.444444+00:00,201,8269.36,
2026-09-11T20:34:33.899093+00:00,201,5838.03,
2026-09-11T20:34:17.400277+00:00,201,22345.40,
2026-09-11T20:34:34.806395+00:00,201,4955.33,
2026-09-11T20:34:36.786459+00:00,201,2985.85,
2026-09-11T20:34:38.708259+00:00,201,1086.60,
2026-09-11T20:34:34.726983+00:00,201,5107.06,
2026-09-11T20:34:36.880697+00:00,201,2962.60,
2026-09-11T20:34:24.600308+00:00,201,15257.99,
2026-09-11T20:34:30.459846+00:00,201,9403.90,
2026-09-11T20:34:23.228714+00:00,201,16646.74,
2026-09-11T20:34:38.473469+00:00,201,1399.13,
2026-09-11T20:34:38.629373+00:00,201,1250.03,
2026-09-11T20:34:32.987362+00:00,201,6926.53,
2026-09-11T20:34:33.138227+00:00,201,6783.25,
2026-09-11T20:34:38.425586+00:00,201,1496.59,
2026-09-11T20:34:31.714629+00:00,201,8211.44,
2026-09-11T20:34:34.022071+00:00,201,5917.48,
2026-09-11T20:34:23.188674+00:00,201,16764.89,
2026-09-11T20:34:29.958159+00:00,201,10023.79,
2026-09-11T20:34:22.719059+00:00,201,17264.46,
2026-09-11T20:34:36.351730+00:00,201,3657.97,
2026-09-11T20:34:38.834800+00:00,201,1179.21,
2026-09-11T20:34:32.745403+00:00,201,7264.31,
2026-09-11T20:34:15.351881+00:00,201,24691.95,
2026-09-11T20:34:16.990387+00:00,201,23060.66,
2026-09-11T20:34:29.818015+00:00,201,10243.62,
2026-09-11T20:34:34.173017+00:00,201,5924.80,
2026-09-11T20:34:38.256144+00:00,201,1873.87,
2026-09-11T20:34:27.292267+00:00,201,12855.74,
2026-09-11T20:34:39.221173+00:00,201,936.11,
2026-09-11T20:34:23.328693+00:00,201,16829.69,
2026-09-11T20:34:35.589916+00:00,201,4567.64,
2026-09-11T20:34:36.491882+00:00,201,3691.44,
2026-09-11T20:34:25.562932+00:00,201,14624.30,
2026-09-11T20:34:39.582645+00:00,201,613.05,
2026-09-11T20:34:16.149364+00:00,201,24077.14,
2026-09-11T20:34:24.741675+00:00,201,15494.79,
2026-09-11T20:34:36.703696+00:00,201,3544.34,
2026-09-11T20:34:37.782856+00:00,201,2490.12,
2026-09-11T20:34:22.387341+00:00,201,17880.93,
2026-09-11T20:34:39.753443+00:00,201,532.16,
2026-09-11T20:34:34.897082+00:00,201,5390.36,
2026-09-11T20:34:40.037533+00:00,201,249.33,
2026-09-11T20:34:40.037533+00:00,201,248.30,
2026-09-11T20:34:37.651936+00:00,201,2650.25,
2026-09-11T20:34:37.525965+00:00,201,2790.64,
2026-09-11T20:34:35.827276+00:00,201,4499.76,
2026-09-11T20:34:37.509808+00:00,201,2819.72,
2026-09-11T20:34:38.692581+00:00,201,1666.02,
2026-09-11T20:34:39.482172+00:00,201,895.16,
2026-09-11T20:34:32.905081+00:00,201,7481.25,
2026-09-11T20:34:40.132064+00:00,201,261.28,
2026-09-11T20:34:25.326906+00:00,201,15101.64,
2026-09-11T20:34:38.755972+00:00,201,1680.16,
2026-09-11T20:34:39.672481+00:00,201,767.43,
2026-09-11T20:34:38.684072+00:00,201,1754.38,
2026-09-11T20:34:29.425840+00:00,201,11022.66,
2026-09-11T20:34:23.331952+00:00,201,17122.15,
2026-09-11T20:34:24.622720+00:00,201,15832.43,
2026-09-11T20:34:36.614157+00:00,201,3859.53,
2026-09-11T20:34:23.303685+00:00,201,17198.14,
2026-09-11T20:34:26.041196+00:00,201,14460.03,
2026-09-11T20:34:36.802737+00:00,201,3718.43,
2026-09-11T20:34:38.948341+00:00,201,1571.04,
2026-09-11T20:34:33.805896+00:00,201,6731.14,
2026-09-11T20:34:28.056921+00:00,201,12486.89,
2026-09-11T20:34:31.688288+00:00,201,8859.48,
2026-09-11T20:34:39.183291+00:00,201,1371.96,
2026-09-11T20:34:30.182250+00:00,201,10388.02,
2026-09-11T20:34:36.568035+00:00,201,4009.65,
2026-09-11T20:34:35.596998+00:00,201,4995.79,
2026-09-11T20:34:29.069320+00:00,201,11531.73,
2026-09-11T20:34:40.376609+00:00,201,236.22,
2026-09-11T20:34:36.541837+00:00,201,4124.73,
2026-09-11T20:34:38.332582+00:00,201,2353.91,
2026-09-11T20:34:23.352772+00:00,201,17349.92,
2026-09-11T20:34:39.245940+00:00,201,1466.45,
2026-09-11T20:34:36.847736+00:00,201,3881.53,
2026-09-11T20:34:40.417764+00:00,201,314.89,
2026-09-11T20:34:33.549381+00:00,201,7201.77,
2026-09-11T20:34:27.240685+00:00,201,13512.99,
2026-09-11T20:34:34.116605+00:00,201,6647.26,
2026-09-11T20:34:40.500015+00:00,201,282.15,
2026-09-11T20:34:40.357864+00:00,201,426.84,
2026-09-11T20:34:38.661645+00:00,201,2144.78,
2026-09-11T20:34:36.221503+00:00,201,4603.39,
2026-09-11T20:34:24.600308+00:00,201,16226.68,
2026-09-11T20:34:40.084515+00:00,201,738.51,
2026-09-11T20:34:39.469753+00:00,201,1363.02,
2026-09-11T20:34:37.934614+00:00,201,2909.77,
2026-09-11T20:34:37.354202+00:00,201,3526.28,
2026-09-11T20:34:34.631062+00:00,201,6251.69,
2026-09-11T20:34:35.342353+00:00,201,5540.52,
2026-09-11T20:34:36.173095+00:00,201,4726.66,
2026-09-11T20:34:38.708259+00:00,201,2196.14,
2026-09-11T20:34:31.515654+00:00,201,9410.88,
2026-09-11T20:34:27.542101+00:00,201,13391.82,
2026-09-11T20:34:38.013622+00:00,201,2918.69,
2026-09-11T20:34:29.146569+00:00,201,11801.84,
2026-09-11T20:34:33.150278+00:00,201,7802.49,
2026-09-11T20:34:39.982953+00:00,201,991.08,
2026-09-11T20:34:29.881007+00:00,201,11100.13,
2026-09-11T20:34:33.520809+00:00,201,7470.91,
2026-09-11T20:34:36.812894+00:00,201,4191.94,
2026-09-11T20:34:21.369927+00:00,201,19638.53,
2026-09-11T20:34:40.806700+00:00,201,235.70,
2026-09-11T20:34:23.882554+00:00,201,17183.65,
2026-09-11T20:34:37.995211+00:00,201,3072.47,
2026-09-11T20:34:34.454337+00:00,201,6612.80,
2026-09-11T20:34:34.240518+00:00,201,6841.36,
2026-09-11T20:34:33.628891+00:00,201,7459.29,
2026-09-11T20:34:33.330457+00:00,201,7758.98,
2026-09-11T20:34:38.066490+00:00,201,3033.66,
2026-09-11T20:34:38.589016+00:00,201,2538.66,
2026-09-11T20:34:36.665224+00:00,201,4464.70,
2026-09-11T20:34:38.157682+00:00,201,2991.95,
2026-09-11T20:34:36.312803+00:00,201,4850.18,
2026-09-11T20:34:37.943176+00:00,201,3231.41,
2026-09-11T20:34:38.708259+00:00,201,2473.68,
2026-09-11T20:34:38.708259+00:00,201,2484.09,
2026-09-11T20:34:28.429312+00:00,201,12806.71,
2026-09-11T20:34:40.226760+00:00,201,1022.76,
2026-09-11T20:34:19.982609+00:00,201,21269.41,
2026-09-11T20:34:40.544562+00:00,201,719.31,
2026-09-11T20:34:21.903187+00:00,201,19363.24,
2026-09-11T20:34:40.613082+00:00,201,654.40,
2026-09-11T20:34:26.197130+00:00,201,15070.33,
2026-09-11T20:34:35.563878+00:00,201,5712.50,
2026-09-11T20:34:37.839289+00:00,201,3440.62,
2026-09-11T20:34:15.398214+00:00,201,25909.98,
2026-09-11T20:34:30.264962+00:00,201,11057.53,
2026-09-11T20:34:23.861320+00:00,201,17474.67,
2026-09-11T20:34:35.088113+00:00,201,6248.55,
2026-09-11T20:34:33.432326+00:00,201,7925.40,
2026-09-11T20:34:30.734765+00:00,201,10660.43,
2026-09-11T20:34:39.619353+00:00,201,1782.40,
2026-09-11T20:34:36.312803+00:00,201,5112.81,
2026-09-11T20:34:38.060810+00:00,201,3371.39,
2026-09-11T20:34:39.910678+00:00,201,1530.24,
2026-09-11T20:34:26.782508+00:00,201,14679.41,
2026-09-11T20:34:33.240659+00:00,201,8241.38,
2026-09-11T20:34:35.119904+00:00,201,6361.14,
2026-09-11T20:34:38.028830+00:00,201,3468.50,
2026-09-11T20:34:21.496402+00:00,201,20036.31,
2026-09-11T20:34:38.413862+00:00,201,3130.56,
2026-09-11T20:34:40.317580+00:00,201,1238.50,
2026-09-11T20:34:37.827746+00:00,201,3734.18,
2026-09-11T20:34:41.334705+00:00,201,249.28,
2026-09-11T20:34:29.375010+00:00,201,12209.70,
2026-09-11T20:34:40.825100+00:00,201,762.14,
2026-09-11T20:34:24.817048+00:00,201,16774.45,
2026-09-11T20:34:31.386629+00:00,201,10219.73,
2026-09-11T20:34:40.593305+00:00,201,1035.79,
2026-09-11T20:34:32.395700+00:00,201,9224.84,
2026-09-11T20:34:40.546616+00:00,201,1108.54,
2026-09-11T20:34:37.313799+00:00,201,4345.84,
2026-09-11T20:34:41.426507+00:00,201,242.14,
2026-09-11T20:34:38.640283+00:00,201,3045.88,
2026-09-11T20:34:26.472487+00:00,201,15224.46,
2026-09-11T20:34:19.074518+00:00,201,22635.81,
2026-09-11T20:34:40.006364+00:00,201,1705.32,
2026-09-11T20:34:39.277348+00:00,201,2444.33,
2026-09-11T20:34:28.596057+00:00,201,13136.49,
2026-09-11T20:34:36.423117+00:00,201,5373.56,
2026-09-11T20:34:39.605810+00:00,201,2204.06,
2026-09-11T20:34:37.360881+00:00,201,4450.12,
2026-09-11T20:34:40.732657+00:00,201,1111.94,
2026-09-11T20:34:24.220651+00:00,201,17638.79,
2026-09-11T20:34:39.040264+00:00,201,2828.09,
2026-09-11T20:34:31.280844+00:00,201,10596.89,
2026-09-11T20:34:38.530026+00:00,201,3345.94,
2026-09-11T20:34:32.697582+00:00,201,9189.11,
2026-09-11T20:34:23.988060+00:00,201,17913.20,
2026-09-11T20:34:37.285136+00:00,201,4618.65,
2026-09-11T20:34:15.335299+00:00,201,26569.50,
2026-09-11T20:34:36.988730+00:00,201,4930.08,
2026-09-11T20:34:16.831434+00:00,201,25092.82,
2026-09-11T20:34:31.486075+00:00,201,10450.57,
2026-09-11T20:34:38.739831+00:00,201,3190.01,
2026-09-11T20:34:20.634488+00:00,201,21311.16,
2026-09-11T20:34:23.306953+00:00,201,18676.54,
2026-09-11T20:34:33.899093+00:00,201,8091.97,
2026-09-11T20:34:34.177027+00:00,201,7825.79,
2026-09-11T20:34:38.819231+00:00,201,3175.09,
2026-09-11T20:34:38.708259+00:00,201,3308.58,
2026-09-11T20:34:30.514480+00:00,201,11528.33,
2026-09-11T20:34:36.264680+00:00,201,5791.83,
2026-09-11T20:34:23.175462+00:00,201,18894.43,
2026-09-11T20:34:36.690448+00:00,201,5405.05,
2026-09-11T20:34:36.509714+00:00,201,5603.67,
2026-09-11T20:34:41.303354+00:00,201,847.46,
2026-09-11T20:34:39.692253+00:00,201,2473.75,
2026-09-11T20:34:16.853979+00:00,201,25310.04,
2026-09-11T20:34:41.021834+00:00,201,1152.86,
2026-09-11T20:34:38.292773+00:00,201,3891.92,
2026-09-11T20:34:34.692866+00:00,201,7502.35,
2026-09-11T20:34:26.320057+00:00,201,15912.46,
2026-09-11T20:34:41.272728+00:00,201,986.85,
2026-09-11T20:34:35.548151+00:00,201,6706.39,
2026-09-11T20:34:40.451577+00:00,201,1816.40,
2026-09-11T20:34:38.755972+00:00,201,3518.28,
2026-09-11T20:34:14.640440+00:00,201,27649.42,
2026-09-11T20:34:33.222861+00:00,201,9071.83,
2026-09-11T20:34:36.539829+00:00,201,5759.92,
2026-09-11T20:34:31.597890+00:00,201,10713.33,
2026-09-11T20:34:32.021112+00:00,201,10319.36,
2026-09-11T20:34:39.296583+00:00,201,3044.42,
2026-09-11T20:34:39.930285+00:00,201,2412.27,
2026-09-11T20:34:27.381522+00:00,201,14978.12,
2026-09-11T20:34:15.834668+00:00,201,26536.18,
2026-09-11T20:34:27.018790+00:00,201,15364.53,
2026-09-11T20:34:17.058354+00:00,201,25340.26,
2026-09-11T20:34:41.904127+00:00,201,497.09,
2026-09-11T20:34:42.142934+00:00,201,278.78,
2026-09-11T20:34:31.888048+00:00,201,10552.71,
2026-09-11T20:34:27.224743+00:00,201,15219.58,
2026-09-11T20:34:42.195007+00:00,201,258.41,
2026-09-11T20:34:17.369318+00:00,201,25100.14,
2026-09-11T20:34:40.500015+00:00,201,1998.16,
2026-09-11T20:34:40.441518+00:00,201,2081.59,
2026-09-11T20:34:37.225059+00:00,201,5330.95,
2026-09-11T20:34:40.593305+00:00,201,1995.52,
2026-09-11T20:34:41.394085+00:00,201,1204.34,
2026-09-11T20:34:34.856041+00:00,201,7748.69,
2026-09-11T20:34:39.763496+00:00,201,2866.21,
2026-09-11T20:34:23.343464+00:00,201,19291.75,
2026-09-11T20:34:28.239976+00:00,201,14396.40,
2026-09-11T20:34:23.129217+00:00,201,19523.33,
2026-09-11T20:34:41.169105+00:00,201,1486.42,
2026-09-11T20:34:36.559085+00:00,201,6130.34,
2026-09-11T20:34:32.049331+00:00,201,10638.37,
2026-09-11T20:34:41.341780+00:00,201,1354.10,
2026-09-11T20:34:41.241548+00:00,201,1465.35,
2026-09-11T20:34:38.771218+00:00,201,3950.90,
2026-09-11T20:34:27.115669+00:00,201,15623.34,
2026-09-11T20:34:40.437551+00:00,201,2307.21,
2026-09-11T20:34:34.406694+00:00,201,8343.25,
2026-09-11T20:34:27.298293+00:00,201,15454.37,
2026-09-11T20:34:23.894387+00:00,201,18867.05,
2026-09-11T20:34:29.849382+00:00,201,12933.35,
2026-09-11T20:34:35.255681+00:00,201,7535.20,
2026-09-11T20:34:20.246953+00:00,201,22561.80,
2026-09-11T20:34:24.807052+00:00,201,18006.98,
2026-09-11T20:34:40.788059+00:00,201,2033.09,
2026-09-11T20:34:32.049331+00:00,201,10771.57,
2026-09-11T20:34:41.033665+00:00,201,1844.03,
2026-09-11T20:34:39.878535+00:00,201,3010.34,
2026-09-11T20:34:33.402097+00:00,201,9491.83,
2026-09-11T20:34:38.692581+00:00,201,4195.33,
2026-09-11T20:34:33.967294+00:00,201,8936.82,
2026-09-11T20:34:23.016277+00:00,201,19927.57,
2026-09-11T20:34:39.646466+00:00,201,3319.63,
2026-09-11T20:34:17.079181+00:00,201,25888.10,
2026-09-11T20:34:41.169105+00:00,201,1819.28,
2026-09-11T20:34:36.520251+00:00,201,6477.36,
2026-09-11T20:34:36.208468+00:00,201,6821.00,
2026-09-11T20:34:41.098913+00:00,201,1930.56,
2026-09-11T20:34:34.351328+00:00,201,8682.56,
2026-09-11T20:34:40.926567+00:00,201,2113.15,
2026-09-11T20:34:42.774113+00:00,201,257.83,
2026-09-11T20:34:23.378833+00:00,201,19681.48,
2026-09-11T20:34:33.781698+00:00,201,9285.37,
2026-09-11T20:34:37.696682+00:00,201,5373.29,
2026-09-11T20:34:39.409405+00:00,201,3677.91,
2026-09-11T20:34:41.081368+00:00,201,2005.26,
2026-09-11T20:34:25.931283+00:00,201,17148.19,
2026-09-11T20:34:14.955559+00:00,201,28145.24,
2026-09-11T20:34:29.659111+00:00,201,13443.82,
2026-09-11T20:34:23.888785+00:00,201,19215.51,
2026-09-11T20:34:26.154729+00:00,201,16960.87,
2026-09-11T20:34:41.949238+00:00,201,1178.15,
2026-09-11T20:34:37.098972+00:00,201,6038.03,
2026-09-11T20:34:35.923067+00:00,201,7220.75,
2026-09-11T20:34:40.934597+00:00,201,2232.09,
2026-09-11T20:34:38.256144+00:00,201,4924.86,
2026-09-11T20:34:38.345897+00:00,201,4867.02,
2026-09-11T20:34:26.004890+00:00,201,17220.02,
2026-09-11T20:34:36.555461+00:00,201,6686.93,
2026-09-11T20:34:32.885208+00:00,201,10364.32,
2026-09-11T20:34:43.029874+00:00,201,222.60,
2026-09-11T20:34:41.319061+00:00,201,1938.95,
2026-09-11T20:34:41.193605+00:00,201,2071.45,
2026-09-11T20:34:38.873407+00:00,201,4400.73,
2026-09-11T20:34:35.784746+00:00,201,7486.60,
2026-09-11T20:34:30.817493+00:00,201,12481.73,
2026-09-11T20:34:40.702563+00:00,201,2608.13,
2026-09-11T20:34:43.086981+00:00,201,234.22,
2026-09-11T20:34:41.925419+00:00,201,1404.86,
2026-09-11T20:34:32.665906+00:00,201,10658.54,
2026-09-11T20:34:41.885318+00:00,201,1460.21,
2026-09-11T20:34:40.831279+00:00,201,2522.80,
2026-09-11T20:34:32.998344+00:00,201,10356.61,
2026-09-11T20:34:38.101853+00:00,201,5264.04,
2026-09-11T20:34:36.605649+00:00,201,6800.95,
2026-09-11T20:34:38.547637+00:00,201,4869.37,
2026-09-11T20:34:42.103524+00:00,201,1318.19,
2026-09-11T20:34:38.914148+00:00,201,4512.91,
2026-09-11T20:34:29.643667+00:00,201,13790.40,
2026-09-11T20:34:30.678422+00:00,201,12767.82,
2026-09-11T20:34:26.761018+00:00,201,16733.46,
2026-09-11T20:34:35.310580+00:00,201,8195.71,
2026-09-11T20:34:37.450619+00:00,201,6066.38,
2026-09-11T20:34:37.479366+00:00,201,6033.99,
2026-09-11T20:34:42.993070+00:00,201,542.80,
2026-09-11T20:34:37.114904+00:00,201,6432.32,
2026-09-11T20:34:36.622715+00:00,201,6933.45,
2026-09-11T20:34:23.779839+00:00,201,19798.95,
2026-09-11T20:34:41.982595+00:00,201,1611.02,
2026-09-11T20:34:43.221032+00:00,201,375.77,
2026-09-11T20:34:14.933698+00:00,201,28669.37,
2026-09-11T20:34:41.732517+00:00,201,1879.08,
2026-09-11T20:34:22.451872+00:00,201,21179.43,
2026-09-11T20:34:39.190710+00:00,201,4444.33,
2026-09-11T20:34:41.559082+00:00,201,2097.71,
2026-09-11T20:34:43.088516+00:00,201,569.11,
2026-09-11T20:34:43.424589+00:00,201,263.73,
2026-09-11T20:34:40.290638+00:00,201,3396.31,
2026-09-11T20:34:42.113633+00:00,201,1581.60,
2026-09-11T20:34:40.297879+00:00,201,3396.38,
2026-09-11T20:34:42.070173+00:00,201,1639.61,
2026-09-11T20:34:37.440616+00:00,201,6273.42,
2026-09-11T20:34:42.819212+00:00,201,925.44,
2026-09-11T20:34:43.516366+00:00,201,236.73,
2026-09-11T20:34:43.518409+00:00,201,236.42,
2026-09-11T20:34:37.477337+00:00,201,6282.23,
2026-09-11T20:34:21.795429+00:00,201,21974.90,
2026-09-11T20:34:43.102443+00:00,201,678.38,
2026-09-11T20:34:37.178179+00:00,201,6605.86,
2026-09-11T20:34:43.557982+00:00,201,259.17,
2026-09-11T20:34:30.954794+00:00,201,12864.68,
2026-09-11T20:34:43.357390+00:00,201,472.55,
2026-09-11T20:34:25.915118+00:00,201,17919.61,
2026-09-11T20:34:29.506760+00:00,201,14338.46,
2026-09-11T20:34:38.627791+00:00,201,5228.55,
2026-09-11T20:34:34.380690+00:00,201,9478.79,
2026-09-11T20:34:40.688451+00:00,201,3225.79,
2026-09-11T20:34:27.859092+00:00,201,16070.55,
2026-09-11T20:34:38.250534+00:00,201,5684.97,
2026-09-11T20:34:33.536116+00:00,201,10402.70,
2026-09-11T20:34:39.517266+00:00,201,4444.29,
2026-09-11T20:34:27.743770+00:00,201,16239.31,
2026-09-11T20:34:39.450402+00:00,201,4554.96,
2026-09-11T20:34:36.175100+00:00,201,7832.88,
2026-09-11T20:34:42.465479+00:00,201,1548.59,
2026-09-11T20:34:28.955803+00:00,201,15061.63,
2026-09-11T20:34:38.977292+00:00,201,5117.81,
2026-09-11T20:34:39.014967+00:00,201,5080.33,
2026-09-11T20:34:31.984726+00:00,201,12121.68,
2026-09-11T20:34:38.282915+00:00,201,5830.67,
2026-09-11T20:34:40.833286+00:00,201,3295.36,
2026-09-11T20:34:41.482256+00:00,201,2670.62,
2026-09-11T20:34:34.262318+00:00,201,9902.61,
2026-09-11T20:34:39.713393+00:00,201,4456.84,
2026-09-11T20:34:15.117779+00:00,201,29078.82,
2026-09-11T20:34:39.525293+00:00,201,4677.23,
2026-09-11T20:34:41.255396+00:00,201,2948.55,
2026-09-11T20:34:41.812401+00:00,201,2396.92,
2026-09-11T20:34:20.404766+00:00,201,23831.40,
2026-09-11T20:34:39.040264+00:00,201,5210.80,
2026-09-11T20:34:41.128904+00:00,201,3144.40,
2026-09-11T20:34:40.576191+00:00,201,3700.42,
2026-09-11T20:34:40.713459+00:00,201,3566.60,
2026-09-11T20:34:32.784041+00:00,201,11520.98,
2026-09-11T20:34:43.088516+00:00,201,1218.60,
2026-09-11T20:34:39.593708+00:00,201,4728.79,
2026-09-11T20:34:36.219498+00:00,201,8111.78,
2026-09-11T20:34:40.147773+00:00,201,4193.61,
2026-09-11T20:34:23.363699+00:00,201,20982.79,
2026-09-11T20:34:43.242857+00:00,201,1114.90,
2026-09-11T20:34:41.448616+00:00,201,2922.26,
2026-09-11T20:34:42.499111+00:00,201,1889.97,
2026-09-11T20:34:37.567754+00:00,201,6826.69,
2026-09-11T20:34:44.094968+00:00,201,309.03,
2026-09-11T20:34:39.982953+00:00,201,4438.96,
2026-09-11T20:34:40.357864+00:00,201,4073.44,
2026-09-11T20:34:34.870210+00:00,201,9576.64,
2026-09-11T20:34:40.704570+00:00,201,3758.34,
2026-09-11T20:34:37.392850+00:00,201,7074.94,
2026-09-11T20:34:43.167620+00:00,201,1307.94,
2026-09-11T20:34:37.636181+00:00,201,6843.70,
2026-09-11T20:34:27.865962+00:00,201,16609.69,
2026-09-11T20:34:43.296727+00:00,201,1196.80,
2026-09-11T20:34:38.411314+00:00,201,6113.57,
2026-09-11T20:34:39.665678+00:00,201,4880.22,
2026-09-11T20:34:31.474299+00:00,201,13074.80,
2026-09-11T20:34:34.565983+00:00,201,10013.29,
2026-09-11T20:34:40.182230+00:00,201,4439.24,
2026-09-11T20:34:39.545538+00:00,201,5085.14,
2026-09-11T20:34:42.253560+00:00,201,2365.58,
2026-09-11T20:34:23.825853+00:00,201,20812.33,
2026-09-11T20:34:44.390668+00:00,201,263.90,
2026-09-11T20:34:39.511506+00:00,201,5161.66,
2026-09-11T20:34:30.391401+00:00,201,14307.83,
2026-09-11T20:34:20.499779+00:00,201,24195.38,
2026-09-11T20:34:44.432622+00:00,201,306.74,
2026-09-11T20:34:44.455903+00:00,201,285.90,
2026-09-11T20:34:44.154773+00:00,201,590.21,
2026-09-11T20:34:39.393839+00:00,201,5422.43,
2026-09-11T20:34:37.431181+00:00,201,7403.44,
2026-09-11T20:34:38.433649+00:00,201,6403.68,
2026-09-11T20:34:15.478262+00:00,201,29368.42,
2026-09-11T20:34:36.064744+00:00,201,8792.53,
2026-09-11T20:34:39.160034+00:00,201,5701.45,
2026-09-11T20:34:24.536266+00:00,201,20337.20,
2026-09-11T20:34:41.002261+00:00,201,3887.46,
2026-09-11T20:34:29.627621+00:00,201,15273.05,
2026-09-11T20:34:40.021541+00:00,201,4883.38,
2026-09-11T20:34:31.464272+00:00,201,13452.74,
2026-09-11T20:34:30.153615+00:00,201,14760.73,
2026-09-11T20:34:43.039464+00:00,201,1889.45,
2026-09-11T20:34:44.619594+00:00,201,314.59,
2026-09-11T20:34:30.854498+00:00,201,14096.85,
2026-09-11T20:34:37.711180+00:00,201,7255.63,
2026-09-11T20:34:35.049951+00:00,201,9923.78,
2026-09-11T20:34:44.525439+00:00,201,450.49,
2026-09-11T20:34:29.421975+00:00,201,15588.12,
2026-09-11T20:34:44.741864+00:00,201,283.24,
2026-09-11T20:34:41.581793+00:00,201,3443.28,
2026-09-11T20:34:27.895921+00:00,201,17138.71,
2026-09-11T20:34:40.435993+00:00,201,4606.72,
2026-09-11T20:34:41.185767+00:00,201,3916.40,
2026-09-11T20:34:42.905469+00:00,201,2209.48,
2026-09-11T20:34:40.750436+00:00,201,4394.66,
2026-09-11T20:34:39.868225+00:00,201,5300.80,
2026-09-11T20:34:43.857094+00:00,201,1318.56,
2026-09-11T20:34:31.245449+00:00,201,13952.85,
2026-09-11T20:34:15.036645+00:00,201,30190.76,
2026-09-11T20:34:38.127981+00:00,201,7103.54,
2026-09-11T20:34:39.356828+00:00,201,5871.12,
2026-09-11T20:34:23.363699+00:00,201,21875.32,
2026-09-11T20:34:41.907139+00:00,201,3347.90,
2026-09-11T20:34:23.290205+00:00,201,21969.26,
2026-09-11T20:34:39.910678+00:00,201,5376.61,
2026-09-11T20:34:40.150386+00:00,201,5140.60,
2026-09-11T20:34:41.497312+00:00,201,3822.45,
2026-09-11T20:34:36.630209+00:00,201,8689.13,
2026-09-11T20:34:29.991705+00:00,201,15377.08,
2026-09-11T20:34:14.680134+00:00,201,30692.88,
2026-09-11T20:34:41.260350+00:00,201,4115.55,
2026-09-11T20:34:41.879298+00:00,201,3515.07,
2026-09-11T20:34:36.407986+00:00,201,9007.59,
2026-09-11T20:34:32.766921+00:00,201,12665.88,
2026-09-11T20:34:42.607508+00:00,201,2833.39,
2026-09-11T20:34:33.634648+00:00,201,11813.03,
2026-09-11T20:34:42.840453+00:00,201,2617.45,
2026-09-11T20:34:36.261457+00:00,201,9240.03,
2026-09-11T20:34:43.347154+00:00,201,2159.00,
2026-09-11T20:34:39.147989+00:00,201,6402.49,
2026-09-11T20:34:45.009957+00:00,201,579.69,
2026-09-11T20:34:34.199412+00:00,201,11395.97,
2026-09-11T20:34:35.446328+00:00,201,10151.36,
2026-09-11T20:34:45.292494+00:00,201,309.83,
2026-09-11T20:34:37.759667+00:00,201,7861.95,
2026-09-11T20:34:41.659996+00:00,201,3991.82,
2026-09-11T20:34:36.081848+00:00,201,9585.09,
2026-09-11T20:34:44.475296+00:00,201,1199.43,
2026-09-11T20:34:41.398778+00:00,201,4293.36,
2026-09-11T20:34:23.132085+00:00,201,22565.88,
2026-09-11T20:34:15.041512+00:00,201,30674.58,
2026-09-11T20:34:45.368172+00:00,201,353.13,
2026-09-11T20:34:44.467914+00:00,201,1261.50,
2026-09-11T20:34:39.806905+00:00,201,5929.26,
2026-09-11T20:34:37.577848+00:00,201,8197.39,
2026-09-11T20:34:41.709934+00:00,201,4124.30,
2026-09-11T20:34:25.147511+00:00,201,20695.38,
2026-09-11T20:34:36.708446+00:00,201,9130.93,
2026-09-11T20:34:42.746983+00:00,201,3100.75,
2026-09-11T20:34:42.340647+00:00,201,3509.38,
2026-09-11T20:34:45.503879+00:00,201,358.92,
2026-09-11T20:34:38.105869+00:00,201,7766.10,
2026-09-11T20:34:37.479366+00:00,201,8413.85,
2026-09-11T20:34:38.661053+00:00,201,7243.12,
2026-09-11T20:34:34.782746+00:00,201,11151.70,
2026-09-11T20:34:31.296628+00:00,201,14648.47,
2026-09-11T20:34:31.288608+00:00,201,14659.94,
2026-09-11T20:34:42.002512+00:00,201,3947.17,
2026-09-11T20:34:41.588552+00:00,201,4364.27,
2026-09-11T20:34:42.700969+00:00,201,3260.28,
2026-09-11T20:34:39.199555+00:00,201,6763.20,
2026-09-11T20:34:36.296695+00:00,201,9672.96,
2026-09-11T20:34:45.031248+00:00,201,967.32,
2026-09-11T20:34:42.656831+00:00,201,3356.94,
2026-09-11T20:34:29.627621+00:00,201,16381.96,
2026-09-11T20:34:38.044855+00:00,201,7974.34,
2026-09-11T20:34:24.738783+00:00,201,21284.70,
2026-09-11T20:34:40.844384+00:00,201,5215.15,
2026-09-11T20:34:44.276965+00:00,201,1798.25,
2026-09-11T20:34:40.290638+00:00,201,5797.00,
2026-09-11T20:34:43.539631+00:00,201,2579.24,
2026-09-11T20:34:23.809257+00:00,201,22316.42,
2026-09-11T20:34:45.899942+00:00,201,223.81,
2026-09-11T20:34:35.265266+00:00,201,10854.14,
2026-09-11T20:34:44.171094+00:00,201,1970.49,
2026-09-11T20:34:43.856529+00:00,201,2290.93,
2026-09-11T20:34:39.075579+00:00,201,7077.02,
2026-09-11T20:34:33.024790+00:00,201,13156.05,
2026-09-11T20:34:31.842422+00:00,201,14342.41,
2026-09-11T20:34:35.183908+00:00,201,11000.81,
2026-09-11T20:34:24.730169+00:00,201,21488.16,
2026-09-11T20:34:30.498617+00:00,201,15719.49,
2026-09-11T20:34:40.760472+00:00,201,5467.70,
2026-09-11T20:34:33.066584+00:00,201,13171.62,
2026-09-11T20:34:45.188098+00:00,201,1071.12,
2026-09-11T20:34:43.298728+00:00,201,2974.17,
2026-09-11T20:34:27.399122+00:00,201,18888.34,
2026-09-11T20:34:34.446540+00:00,201,11859.24,
2026-09-11T20:34:37.341677+00:00,201,8969.80,
2026-09-11T20:34:39.536498+00:00,201,6787.15,
2026-09-11T20:34:46.119360+00:00,201,234.48,
2026-09-11T20:34:35.310580+00:00,201,11054.20,
2026-09-11T20:34:15.386742+00:00,201,30981.84,
2026-09-11T20:34:40.268566+00:00,201,6103.10,
2026-09-11T20:34:42.304621+00:00,201,4066.75,
2026-09-11T20:34:45.178325+00:00,201,1212.43,
2026-09-11T20:34:33.177377+00:00,201,13255.91,
2026-09-11T20:34:40.481651+00:00,201,5959.43,
2026-09-11T20:34:43.364923+00:00,201,3078.01,
2026-09-11T20:34:44.597068+00:00,201,1854.00,
2026-09-11T20:34:45.601556+00:00,201,852.28,
2026-09-11T20:34:26.169228+00:00,201,20292.89,
2026-09-11T20:34:43.799147+00:00,201,2674.64,
2026-09-11T20:34:42.359073+00:00,201,4139.57,
2026-09-11T20:34:29.676023+00:00,201,16827.22,
2026-09-11T20:34:41.068986+00:00,201,5440.04,
2026-09-11T20:34:40.451577+00:00,201,6059.84,
2026-09-11T20:34:37.615371+00:00,201,8905.83,
2026-09-11T20:34:39.343830+00:00,201,7215.83,
2026-09-11T20:34:38.633110+00:00,201,7932.87,
2026-09-11T20:34:37.892516+00:00,201,8679.29,
2026-09-11T20:34:26.323084+00:00,201,20266.36,
2026-09-11T20:34:44.701595+00:00,201,1902.93,
2026-09-11T20:34:46.349111+00:00,201,253.08,
2026-09-11T20:34:42.891954+00:00,201,3716.71,
2026-09-11T20:34:43.164741+00:00,201,3448.60,
2026-09-11T20:34:44.972183+00:00,201,1646.71,
2026-09-11T20:34:38.089526+00:00,201,8539.46,
2026-09-11T20:34:38.723913+00:00,201,7909.06,
2026-09-11T20:34:36.333919+00:00,201,10306.80,
2026-09-11T20:34:16.709749+00:00,201,29941.24,
2026-09-11T20:34:42.181283+00:00,201,4476.74,
2026-09-11T20:34:45.551010+00:00,201,1141.78,
2026-09-11T20:34:42.253560+00:00,201,4433.62,
2026-09-11T20:34:40.936376+00:00,201,5768.93,
2026-09-11T20:34:43.692820+00:00,201,3060.58,
2026-09-11T20:34:36.851139+00:00,201,9903.57,
2026-09-11T20:34:44.833907+00:00,201,1966.47,
2026-09-11T20:34:44.026360+00:00,201,2777.05,
2026-09-11T20:34:40.668348+00:00,201,6147.59,
2026-09-11T20:34:40.275172+00:00,201,6532.70,
2026-09-11T20:34:43.350388+00:00,201,3466.61,
2026-09-11T20:34:40.275172+00:00,201,6542.51,
2026-09-11T20:34:44.672098+00:00,201,2171.57,
2026-09-11T20:34:39.930285+00:00,201,6913.04,
2026-09-11T20:34:28.097023+00:00,201,18764.99,
2026-09-11T20:34:34.392579+00:00,201,12470.36,
2026-09-11T20:34:31.294624+00:00,201,15587.29,
2026-09-11T20:34:30.466755+00:00,201,16420.74,
2026-09-11T20:34:43.332105+00:00,201,3556.58,
2026-09-11T20:34:46.092119+00:00,201,815.08,
2026-09-11T20:34:37.547573+00:00,201,9408.96,
2026-09-11T20:34:29.614074+00:00,201,17341.81,
2026-09-11T20:34:26.272535+00:00,201,20696.09,
2026-09-11T20:34:41.759821+00:00,201,5215.87,
2026-09-11T20:34:35.109198+00:00,201,11870.07,
2026-09-11T20:34:41.565105+00:00,201,5421.19,
2026-09-11T20:34:39.564858+00:00,201,7424.12,
2026-09-11T20:34:28.243649+00:00,201,18747.99,
2026-09-11T20:34:27.050158+00:00,201,19943.72,
2026-09-11T20:34:40.150386+00:00,201,6854.27,
2026-09-11T20:34:36.672889+00:00,201,10359.76,
2026-09-11T20:34:39.230092+00:00,201,7804.67,
2026-09-11T20:34:41.624138+00:00,201,5401.41,
2026-09-11T20:34:40.468503+00:00,201,6564.40,
2026-09-11T20:34:39.652486+00:00,201,7410.05,
2026-09-11T20:34:43.118419+00:00,201,3942.51,
2026-09-11T20:34:41.430034+00:00,201,5644.56,
2026-09-11T20:34:40.512965+00:00,201,6565.20,
2026-09-11T20:34:44.857292+00:00,201,2242.64,
2026-09-11T20:34:46.887666+00:00,201,230.79,
2026-09-11T20:34:38.282915+00:00,201,8837.17,
2026-09-11T20:34:43.840571+00:00,201,3285.99,
2026-09-11T20:34:44.096977+00:00,201,3046.12,
2026-09-11T20:34:41.255396+00:00,201,5898.48,
2026-09-11T20:34:32.862574+00:00,201,14316.21,
2026-09-11T20:34:46.753941+00:00,201,435.92,
2026-09-11T20:34:42.819212+00:00,201,4392.91,
2026-09-11T20:34:40.828117+00:00,201,6394.40,
2026-09-11T20:34:36.817614+00:00,201,10406.47,
2026-09-11T20:34:34.648561+00:00,201,12594.89,
2026-09-11T20:34:44.939538+00:00,201,2310.14,
2026-09-11T20:34:45.419896+00:00,201,1844.63,
2026-09-11T20:34:35.484497+00:00,201,11772.62,
2026-09-11T20:34:44.118908+00:00,201,3152.31,
2026-09-11T20:34:42.524253+00:00,201,4759.37,
2026-09-11T20:34:37.285136+00:00,201,10010.31,
2026-09-11T20:34:37.617723+00:00,201,9685.89,
2026-09-11T20:34:46.440904+00:00,201,869.99,
2026-09-11T20:34:32.268186+00:00,201,15037.81,
2026-09-11T20:34:45.722756+00:00,201,1610.30,
2026-09-11T20:34:42.900943+00:00,201,4434.28,
2026-09-11T20:34:41.796826+00:00,201,5544.80,
2026-09-11T20:34:46.615553+00:00,201,730.46,
2026-09-11T20:34:38.931344+00:00,201,8407.52,
2026-09-11T20:34:33.721445+00:00,201,13631.15,
2026-09-11T20:34:41.234503+00:00,201,6130.61,
2026-09-11T20:34:47.219601+00:00,201,205.21,
2026-09-11T20:34:46.961921+00:00,201,497.08,
2026-09-11T20:34:47.251215+00:00,201,202.46,
2026-09-11T20:34:37.211289+00:00,201,10265.12,
2026-09-11T20:34:39.237170+00:00,201,8243.03,
2026-09-11T20:34:43.958700+00:00,201,3526.80,
2026-09-11T20:34:42.708321+00:00,201,4780.34,
2026-09-11T20:34:40.226760+00:00,201,7293.80,
2026-09-11T20:34:39.862488+00:00,201,7690.63,
2026-09-11T20:34:37.589171+00:00,201,9964.20,
2026-09-11T20:34:44.705106+00:00,201,2869.80,
2026-09-11T20:34:36.783248+00:00,201,10794.85,
2026-09-11T20:34:33.652967+00:00,201,13933.60,
2026-09-11T20:34:44.017483+00:00,201,3575.80,
2026-09-11T20:34:43.088516+00:00,201,4506.49,
2026-09-11T20:34:41.669630+00:00,201,5927.67,
2026-09-11T20:34:24.442768+00:00,201,23149.77,
2026-09-11T20:34:43.265808+00:00,201,4341.80,
2026-09-11T20:34:21.051486+00:00,201,26558.86,
2026-09-11T20:34:38.213913+00:00,201,9424.96,
2026-09-11T20:34:23.243668+00:00,201,24399.25,
2026-09-11T20:34:44.392668+00:00,201,3274.44,
2026-09-11T20:34:31.247456+00:00,201,16426.13,
2026-09-11T20:34:46.433625+00:00,201,1265.68,
2026-09-11T20:34:37.408246+00:00,201,10295.49,
2026-09-11T20:34:47.517572+00:00,201,191.94,
2026-09-11T20:34:40.182230+00:00,201,7527.27,
2026-09-11T20:34:35.421618+00:00,201,12312.11,
2026-09-11T20:34:47.549478+00:00,201,197.51,
2026-09-11T20:34:21.401391+00:00,201,26363.92,
2026-09-11T20:34:43.606088+00:00,201,4195.95,
2026-09-11T20:34:39.221173+00:00,201,8592.87,
2026-09-11T20:34:47.549478+00:00,201,277.73,
2026-09-11T20:34:38.157682+00:00,201,9698.08,
2026-09-11T20:34:23.261100+00:00,201,24597.63,
2026-09-11T20:34:43.446542+00:00,201,4435.90,
2026-09-11T20:34:41.150078+00:00,201,6739.44,
2026-09-11T20:34:19.588106+00:00,201,28306.98,
2026-09-11T20:34:35.088113+00:00,201,12803.15,
2026-09-11T20:34:47.124107+00:00,201,797.82,
2026-09-11T20:34:47.235272+00:00,201,697.03,
2026-09-11T20:34:32.987362+00:00,201,14962.07,
2026-09-11T20:34:17.020077+00:00,201,30939.66,
2026-09-11T20:34:17.252562+00:00,201,30714.93,
2026-09-11T20:34:47.714245+00:00,201,267.04,
2026-09-11T20:34:46.658675+00:00,201,1327.33,
2026-09-11T20:34:43.357390+00:00,201,4643.54,
2026-09-11T20:34:44.869386+00:00,201,3144.98,
2026-09-11T20:34:39.543530+00:00,201,8475.36,
2026-09-11T20:34:40.786051+00:00,201,7236.96,
2026-09-11T20:34:40.512965+00:00,201,7501.59,
2026-09-11T20:34:39.267878+00:00,201,8758.43,
2026-09-11T20:34:36.574836+00:00,201,11458.76,
2026-09-11T20:34:43.933752+00:00,201,4109.23,
2026-09-11T20:34:44.213102+00:00,201,3853.50,
2026-09-11T20:34:44.207077+00:00,201,3899.16,
2026-09-11T20:34:23.277896+00:00,201,24836.45,
2026-09-11T20:34:37.888975+00:00,201,10228.39,
2026-09-11T20:34:43.537564+00:00,201,4601.43,
2026-09-11T20:34:30.704758+00:00,201,17450.98,
2026-09-11T20:34:40.965868+00:00,201,7194.96,
2026-09-11T20:34:38.413862+00:00,201,9749.99,
2026-09-11T20:34:40.987621+00:00,201,7204.47,
2026-09-11T20:34:39.277348+00:00,201,8927.79,
2026-09-11T20:34:36.525781+00:00,201,11685.38,
2026-09-11T20:34:40.973927+00:00,201,7241.26,
2026-09-11T20:34:46.798721+00:00,201,1418.07,
2026-09-11T20:34:44.404183+00:00,201,3817.54,
2026-09-11T20:34:41.021834+00:00,201,7210.04,
2026-09-11T20:34:47.029325+00:00,201,1218.89,
2026-09-11T20:34:42.806673+00:00,201,5445.65,
2026-09-11T20:34:43.249608+00:00,201,5020.40,
2026-09-11T20:34:46.965924+00:00,201,1309.84,
2026-09-11T20:34:44.112884+00:00,201,4177.29,
2026-09-11T20:34:37.020179+00:00,201,11284.49,
2026-09-11T20:34:44.682127+00:00,201,3635.76,
2026-09-11T20:34:48.107368+00:00,201,215.26,
2026-09-11T20:34:36.123636+00:00,201,12199.02,
2026-09-11T20:34:36.002708+00:00,201,12318.88,
2026-09-11T20:34:35.682782+00:00,201,12686.95,
2026-09-11T20:34:37.853567+00:00,201,10517.95,
2026-09-11T20:34:38.948341+00:00,201,9443.70,
2026-09-11T20:34:44.008268+00:00,201,4382.94,
2026-09-11T20:34:31.339974+00:00,201,17069.97,
2026-09-11T20:34:47.475081+00:00,201,932.44,
2026-09-11T20:34:33.582878+00:00,201,14851.70,
2026-09-11T20:34:45.961090+00:00,201,2485.00,
2026-09-11T20:34:46.644348+00:00,201,1808.60,
2026-09-11T20:34:36.920845+00:00,201,11543.50,
2026-09-11T20:34:35.766588+00:00,201,12705.79,
2026-09-11T20:34:48.188511+00:00,201,294.14,
2026-09-11T20:34:43.781489+00:00,201,4721.86,
2026-09-11T20:34:48.255100+00:00,201,249.15,
2026-09-11T20:34:30.466755+00:00,201,18040.82,
2026-09-11T20:34:36.630209+00:00,201,11879.01,
2026-09-11T20:34:48.255100+00:00,201,276.03,
2026-09-11T20:34:48.265204+00:00,201,280.83,
2026-09-11T20:34:40.006364+00:00,201,8561.20,
2026-09-11T20:34:47.144231+00:00,201,1435.94,
2026-09-11T20:34:37.008939+00:00,201,11584.21,
2026-09-11T20:34:39.169628+00:00,201,9423.83,
2026-09-11T20:34:28.817032+00:00,201,19786.34,
2026-09-11T20:34:25.261189+00:00,201,23337.24,
2026-09-11T20:34:46.374342+00:00,201,2254.87,
2026-09-11T20:34:44.619594+00:00,201,4004.42,
2026-09-11T20:34:30.045366+00:00,201,18638.01,
2026-09-11T20:34:32.348631+00:00,201,16339.50,
2026-09-11T20:34:48.138240+00:00,201,618.71,
2026-09-11T20:34:25.483304+00:00,201,23272.45,
2026-09-11T20:34:41.992385+00:00,201,6774.16,
2026-09-11T20:34:29.342987+00:00,201,19429.87,
2026-09-11T20:34:31.135640+00:00,201,17652.63,
2026-09-11T20:34:43.634350+00:00,201,5160.16,
2026-09-11T20:34:39.588287+00:00,201,9209.81,
2026-09-11T20:34:47.336204+00:00,201,1464.34,
2026-09-11T20:34:47.987497+00:00,201,820.71,
2026-09-11T20:34:45.953001+00:00,201,2866.09,
2026-09-11T20:34:39.846566+00:00,201,8983.17,
2026-09-11T20:34:38.993807+00:00,201,9836.84,
2026-09-11T20:34:34.721908+00:00,201,14123.21,
2026-09-11T20:34:43.522886+00:00,201,5345.90,
2026-09-11T20:34:48.631286+00:00,201,247.90,
2026-09-11T20:34:46.378411+00:00,201,2509.60,
2026-09-11T20:34:41.809827+00:00,201,7088.62,
2026-09-11T20:34:48.683567+00:00,201,217.22,
2026-09-11T20:34:40.879792+00:00,201,8023.77,
2026-09-11T20:34:44.305507+00:00,201,4611.15,
2026-09-11T20:34:47.281573+00:00,201,1645.19,
2026-09-11T20:34:47.607075+00:00,201,1347.36,
2026-09-11T20:34:48.724272+00:00,201,235.53,
2026-09-11T20:34:46.900703+00:00,201,2055.30,
2026-09-11T20:34:43.057707+00:00,201,5904.64,
2026-09-11T20:34:47.575368+00:00,201,1413.89,
2026-09-11T20:34:22.899052+00:00,201,26088.31,
2026-09-11T20:34:47.304740+00:00,201,1691.17,
2026-09-11T20:34:47.486109+00:00,201,1531.63,
2026-09-11T20:34:31.462264+00:00,201,17564.11,
2026-09-11T20:34:43.232034+00:00,201,5812.02,
2026-09-11T20:34:46.182985+00:00,201,2864.28,
2026-09-11T20:34:26.718312+00:00,201,22360.46,
2026-09-11T20:34:40.790068+00:00,201,8311.04,
2026-09-11T20:34:42.380320+00:00,201,6722.53,
2026-09-11T20:34:38.663658+00:00,201,10456.04,
2026-09-11T20:34:44.737854+00:00,201,4389.87,
2026-09-11T20:34:26.845224+00:00,201,22287.28,
2026-09-11T20:34:45.042102+00:00,201,4117.11,
2026-09-11T20:34:48.154038+00:00,201,1031.42,
2026-09-11T20:34:41.867355+00:00,201,7333.78,
2026-09-11T20:34:42.789918+00:00,201,6413.59,
2026-09-11T20:34:46.223208+00:00,201,2993.83,
2026-09-11T20:34:17.596818+00:00,201,31627.15,
2026-09-11T20:34:49.037108+00:00,201,195.43,
2026-09-11T20:34:34.640260+00:00,201,14608.45,
2026-09-11T20:34:46.012103+00:00,201,3233.83,
2026-09-11T20:34:33.578111+00:00,201,15677.55,
2026-09-11T20:34:46.180468+00:00,201,3088.80,
2026-09-11T20:34:27.193117+00:00,201,22077.35,
2026-09-11T20:34:41.260350+00:00,201,8024.80,
2026-09-11T20:34:39.277348+00:00,201,10017.87,
2026-09-11T20:34:40.195735+00:00,201,9100.85,
2026-09-11T20:34:47.251215+00:00,201,2048.00,
2026-09-11T20:34:42.158328+00:00,201,7134.80,
2026-09-11T20:34:49.012856+00:00,201,295.77,
2026-09-11T20:34:49.100589+00:00,201,233.76,
2026-09-11T20:34:46.985671+00:00,201,2356.08,
2026-09-11T20:34:34.501758+00:00,201,14841.88,
2026-09-11T20:34:16.290328+00:00,201,33070.09,
2026-09-11T20:34:46.475083+00:00,201,2934.76,
2026-09-11T20:34:46.310144+00:00,201,3103.02,
2026-09-11T20:34:45.594276+00:00,201,3840.05,
2026-09-11T20:34:49.156124+00:00,201,281.61,
2026-09-11T20:34:46.889055+00:00,201,2564.99,
2026-09-11T20:34:49.229104+00:00,201,230.26,
2026-09-11T20:34:41.409315+00:00,201,8070.65,
2026-09-11T20:34:41.869868+00:00,201,7612.98,
2026-09-11T20:34:45.650730+00:00,201,3855.99,
2026-09-11T20:34:38.867437+00:00,201,10654.05,
2026-09-11T20:34:47.979629+00:00,201,1561.05,
2026-09-11T20:34:46.974215+00:00,201,2569.31,
2026-09-11T20:34:47.979629+00:00,201,1587.32,
2026-09-11T20:34:39.910678+00:00,201,9657.21,
2026-09-11T20:34:47.248705+00:00,201,2333.06,
2026-09-11T20:34:47.750639+00:00,201,1834.21,
2026-09-11T20:34:46.151140+00:00,201,3445.07,
2026-09-11T20:34:43.415215+00:00,201,6190.61,
2026-09-11T20:34:45.873632+00:00,201,3750.03,
2026-09-11T20:34:47.267638+00:00,201,2357.58,
2026-09-11T20:34:33.317162+00:00,201,16332.86,
2026-09-11T20:34:48.593309+00:00,201,1065.89,
2026-09-11T20:34:36.231761+00:00,201,13491.93,
2026-09-11T20:34:42.806673+00:00,201,6926.98,
2026-09-11T20:34:37.827746+00:00,201,11910.67,
2026-09-11T20:34:46.815362+00:00,201,2927.41,
2026-09-11T20:34:43.757164+00:00,201,6017.74,
2026-09-11T20:34:39.641226+00:00,201,10140.22,
2026-09-11T20:34:47.119545+00:00,201,2671.90,
2026-09-11T20:34:45.146154+00:00,201,4666.73,
2026-09-11T20:34:37.406237+00:00,201,12414.26,
2026-09-11T20:34:35.812696+00:00,201,14016.62,
2026-09-11T20:34:24.471756+00:00,201,25364.07,
2026-09-11T20:34:49.229104+00:00,201,619.60,
2026-09-11T20:34:41.960505+00:00,201,7903.44,
2026-09-11T20:34:42.648565+00:00,201,7223.90,
2026-09-11T20:34:42.287774+00:00,201,7579.23,
2026-09-11T20:34:47.311063+00:00,201,2593.80,
2026-09-11T20:34:44.889768+00:00,201,5021.08,
2026-09-11T20:34:45.738015+00:00,201,4189.90,
2026-09-11T20:34:38.319285+00:00,201,11610.58,
2026-09-11T20:34:49.118730+00:00,201,820.27,
2026-09-11T20:34:43.748884+00:00,201,6199.04,
2026-09-11T20:34:47.182365+00:00,201,2774.30,
2026-09-11T20:34:49.476471+00:00,201,490.85,
2026-09-11T20:34:43.136898+00:00,201,6847.06,
2026-09-11T20:34:40.764228+00:00,201,9222.93,
2026-09-11T20:34:47.335177+00:00,201,2668.29,
2026-09-11T20:34:39.633698+00:00,201,10373.08,
2026-09-11T20:34:46.442597+00:00,201,3572.96,
2026-09-11T20:34:47.590199+00:00,201,2420.82,
2026-09-11T20:34:49.813043+00:00,201,206.57,
2026-09-11T20:34:43.434289+00:00,201,6601.83,
2026-09-11T20:34:36.249403+00:00,201,13790.84,
2026-09-11T20:34:23.693405+00:00,201,26359.94,
2026-09-11T20:34:47.029325+00:00,201,3023.46,
2026-09-11T20:34:42.996573+00:00,201,7075.63,
2026-09-11T20:34:20.373087+00:00,201,29710.16,
2026-09-11T20:34:39.878535+00:00,201,10225.09,
2026-09-11T20:34:42.397211+00:00,201,7705.68,
2026-09-11T20:34:16.658104+00:00,201,33452.31,
2026-09-11T20:34:49.524480+00:00,201,607.99,
2026-09-11T20:34:31.282852+00:00,201,18889.22,
2026-09-11T20:34:48.012026+00:00,201,2162.17,
2026-09-11T20:34:47.281573+00:00,201,2894.00,
2026-09-11T20:34:48.066788+00:00,201,2127.36,
2026-09-11T20:34:46.607077+00:00,201,3622.12,
2026-09-11T20:34:48.821391+00:00,201,1402.64,
2026-09-11T20:34:47.965787+00:00,201,2277.35,
2026-09-11T20:34:25.277124+00:00,201,24976.66,
2026-09-11T20:34:41.624138+00:00,201,8627.76,
2026-09-11T20:34:43.748884+00:00,201,6509.96,
2026-09-11T20:34:44.240700+00:00,201,6028.41,
2026-09-11T20:34:35.013298+00:00,201,15276.15,
2026-09-11T20:34:26.022665+00:00,201,24292.14,
2026-09-11T20:34:41.086701+00:00,201,9230.60,
2026-09-11T20:34:46.690201+00:00,201,3626.87,
2026-09-11T20:34:48.896177+00:00,201,1426.94,
2026-09-11T20:34:35.237773+00:00,201,15124.09,
2026-09-11T20:34:46.985671+00:00,201,3386.60,
2026-09-11T20:34:40.252000+00:00,201,10136.31,
2026-09-11T20:34:35.368265+00:00,201,15018.50,
2026-09-11T20:34:32.634205+00:00,201,17757.05,
2026-09-11T20:34:46.284273+00:00,201,4115.03,
2026-09-11T20:34:47.351457+00:00,201,3071.46,
2026-09-11T20:34:37.601223+00:00,201,12839.60,
2026-09-11T20:34:37.130772+00:00,201,13303.67,
2026-09-11T20:34:42.397211+00:00,201,8051.01,
2026-09-11T20:34:47.014061+00:00,201,3425.82,
2026-09-11T20:34:42.017797+00:00,201,8438.69,
2026-09-11T20:34:42.691966+00:00,201,7766.90,
2026-09-11T20:34:36.865285+00:00,201,13587.82,
2026-09-11T20:34:35.620201+00:00,201,14842.09,
2026-09-11T20:34:33.166333+00:00,201,17300.29,
2026-09-11T20:34:41.065720+00:00,201,9438.06,
2026-09-11T20:34:40.397144+00:00,201,10112.11,
2026-09-11T20:34:47.344937+00:00,201,3169.36,
2026-09-11T20:34:42.628131+00:00,201,7897.31,
2026-09-11T20:34:50.060043+00:00,201,477.21,
2026-09-11T20:34:37.035917+00:00,201,13508.94,
2026-09-11T20:34:48.017562+00:00,201,2556.05,
2026-09-11T20:34:48.408215+00:00,201,2167.99,
2026-09-11T20:34:37.595046+00:00,201,12987.07,
2026-09-11T20:34:41.605174+00:00,201,8981.94,
2026-09-11T20:34:42.556564+00:00,201,8043.02,
2026-09-11T20:34:49.342521+00:00,201,1271.97,
2026-09-11T20:34:23.445633+00:00,201,27175.78,
2026-09-11T20:34:46.858134+00:00,201,3763.04,
2026-09-11T20:34:45.889683+00:00,201,4764.23,
2026-09-11T20:34:38.670360+00:00,201,12025.60,
2026-09-11T20:34:33.428738+00:00,201,17295.70,
2026-09-11T20:34:47.637714+00:00,201,3087.36,
2026-09-11T20:34:38.242925+00:00,201,12532.46,
2026-09-11T20:34:45.434263+00:00,201,5353.37,
2026-09-11T20:34:49.566286+00:00,201,1226.63,
2026-09-11T20:34:49.315084+00:00,201,1481.85,
2026-09-11T20:34:37.901077+00:00,201,12949.23,
2026-09-11T20:34:49.879729+00:00,201,973.60,
2026-09-11T20:34:49.196203+00:00,201,1656.57,
2026-09-11T20:34:40.560210+00:00,201,10303.11,
2026-09-11T20:34:46.723285+00:00,201,4169.39,
2026-09-11T20:34:48.156796+00:00,201,2733.93,
2026-09-11T20:34:46.646788+00:00,201,4247.05,
2026-09-11T20:34:42.969468+00:00,201,7954.42,
2026-09-11T20:34:49.776923+00:00,201,1165.37,
2026-09-11T20:34:31.292618+00:00,201,19664.08,
2026-09-11T20:34:45.695015+00:00,201,5264.00,
2026-09-11T20:34:49.743900+00:00,201,1228.46,
2026-09-11T20:34:31.286603+00:00,201,19707.53,
2026-09-11T20:34:44.462912+00:00,201,6536.08,
2026-09-11T20:34:40.275172+00:00,201,10723.61,
2026-09-11T20:34:43.276999+00:00,201,7738.32,
2026-09-11T20:34:24.220651+00:00,201,26795.21,
2026-09-11T20:34:32.110431+00:00,201,18915.04,
2026-09-11T20:34:47.590199+00:00,201,3443.08,
2026-09-11T20:34:28.271122+00:00,201,22760.29,
2026-09-11T20:34:43.578774+00:00,201,7471.12,
2026-09-11T20:34:50.217231+00:00,201,836.03,
2026-09-11T20:34:37.493992+00:00,201,13565.39,
2026-09-11T20:34:49.746916+00:00,201,1315.66,
2026-09-11T20:34:48.790244+00:00,201,2273.36,
2026-09-11T20:34:47.915928+00:00,201,3171.09,
2026-09-11T20:34:24.606095+00:00,201,26487.30,
2026-09-11T20:34:44.539610+00:00,201,6562.02,
2026-09-11T20:34:31.135134+00:00,201,20006.44,
2026-09-11T20:34:37.130772+00:00,201,14012.75,
2026-09-11T20:34:46.705966+00:00,201,4449.49,
2026-09-11T20:34:50.173708+00:00,201,995.07,
2026-09-11T20:34:50.959515+00:00,201,224.27,
2026-09-11T20:34:41.090216+00:00,201,10099.51,
2026-09-11T20:34:40.576191+00:00,201,10619.59,
2026-09-11T20:34:23.363699+00:00,201,27846.20,
2026-09-11T20:34:44.919294+00:00,201,6339.49,
2026-09-11T20:34:51.017423+00:00,201,245.27,
2026-09-11T20:34:41.581793+00:00,201,9686.12,
2026-09-11T20:34:49.582211+00:00,201,1700.73,
2026-09-11T20:34:47.124107+00:00,201,4148.14,
2026-09-11T20:34:20.602441+00:00,201,30696.43,
2026-09-11T20:34:49.180383+00:00,201,2125.01,
2026-09-11T20:34:33.851579+00:00,201,17449.66,
2026-09-11T20:34:36.851139+00:00,201,14460.08,
2026-09-11T20:34:34.997919+00:00,201,16318.50,
2026-09-11T20:34:47.329103+00:00,201,3994.05,
2026-09-11T20:34:49.196203+00:00,201,2125.20,
2026-09-11T20:34:46.644348+00:00,201,4699.42,
2026-09-11T20:34:48.955297+00:00,201,2402.32,
2026-09-11T20:34:40.883805+00:00,201,10516.20,
2026-09-11T20:34:44.319762+00:00,201,7089.03,
2026-09-11T20:34:50.966520+00:00,201,461.02,
2026-09-11T20:34:50.759898+00:00,201,695.72,
2026-09-11T20:34:42.380320+00:00,201,9090.26,
2026-09-11T20:34:42.052548+00:00,201,9439.76,
2026-09-11T20:34:39.745777+00:00,201,11759.95,
2026-09-11T20:34:44.261383+00:00,201,7252.71,
2026-09-11T20:34:41.133625+00:00,201,10388.75,
2026-09-11T20:34:45.101884+00:00,201,6446.22,
2026-09-11T20:34:47.029325+00:00,201,4515.43,
2026-09-11T20:34:50.302418+00:00,201,1259.68,
2026-09-11T20:34:38.114410+00:00,201,13451.95,
2026-09-11T20:34:48.431660+00:00,201,3135.78,
2026-09-11T20:34:46.228579+00:00,201,5343.43,
2026-09-11T20:34:47.533634+00:00,201,4036.02,
2026-09-11T20:34:24.238313+00:00,201,27332.22,
2026-09-11T20:34:46.202244+00:00,201,5389.35,
2026-09-11T20:34:33.637393+00:00,201,17964.00,
2026-09-11T20:34:38.948341+00:00,201,12668.06,
2026-09-11T20:34:45.254751+00:00,201,6388.79,
2026-09-11T20:34:27.812125+00:00,201,23841.28,
2026-09-11T20:34:45.227952+00:00,201,6453.37,
2026-09-11T20:34:47.656071+00:00,201,4016.98,
2026-09-11T20:34:30.102769+00:00,201,21582.93,
2026-09-11T20:34:46.142124+00:00,201,5548.47,
2026-09-11T20:34:45.843471+00:00,201,5856.48,
2026-09-11T20:34:49.302509+00:00,201,2401.28,
2026-09-11T20:34:43.424589+00:00,201,8283.42,
2026-09-11T20:34:51.083641+00:00,201,631.96,
2026-09-11T20:34:48.118431+00:00,201,3609.83,
2026-09-11T20:34:42.631844+00:00,201,9150.65,
2026-09-11T20:34:51.547052+00:00,201,242.29,
2026-09-11T20:34:46.246775+00:00,201,5532.92,
2026-09-11T20:34:49.794445+00:00,201,2000.67,
2026-09-11T20:34:26.434457+00:00,201,25366.24,
2026-09-11T20:34:45.862049+00:00,201,5956.49,
2026-09-11T20:34:46.982073+00:00,201,4837.81,
2026-09-11T20:34:29.469488+00:00,201,22368.92,
2026-09-11T20:34:43.933752+00:00,201,7902.30,
2026-09-11T20:34:50.852087+00:00,201,996.60,
2026-09-11T20:34:51.448610+00:00,201,401.10,
2026-09-11T20:34:50.724701+00:00,201,1143.19,
2026-09-11T20:34:45.350232+00:00,201,6531.50,
2026-09-11T20:34:29.751318+00:00,201,22131.14,
2026-09-11T20:34:34.141419+00:00,201,17750.50,
2026-09-11T20:34:43.943428+00:00,201,8010.59,
2026-09-11T20:34:45.596286+00:00,201,6388.32,
2026-09-11T20:34:23.265310+00:00,201,28724.39,
2026-09-11T20:34:49.782671+00:00,201,2228.47,
2026-09-11T20:34:43.407468+00:00,201,8610.90,
2026-09-11T20:34:48.911020+00:00,201,3112.46,
2026-09-11T20:34:51.065765+00:00,201,972.44,
2026-09-11T20:34:36.312803+00:00,201,15727.42,
2026-09-11T20:34:45.264798+00:00,201,6791.92,
2026-09-11T20:34:47.486109+00:00,201,4570.93,
2026-09-11T20:34:37.682565+00:00,201,14378.75,
2026-09-11T20:34:36.601255+00:00,201,15471.39,
2026-09-11T20:34:31.210919+00:00,201,20875.19,
2026-09-11T20:34:42.427981+00:00,201,9665.87,
2026-09-11T20:34:27.642995+00:00,201,24490.48,
2026-09-11T20:34:41.905132+00:00,201,10240.02,
2026-09-11T20:34:42.174127+00:00,201,9980.62,
2026-09-11T20:34:46.319464+00:00,201,5860.39,
2026-09-11T20:34:34.228741+00:00,201,17993.64,
2026-09-11T20:34:49.245536+00:00,201,2969.92,
2026-09-11T20:34:36.139454+00:00,201,16088.47,
2026-09-11T20:34:30.137298+00:00,201,22102.22,
2026-09-11T20:34:47.014061+00:00,201,5256.68,
2026-09-11T20:34:46.563457+00:00,201,5702.81,
2026-09-11T20:34:43.067062+00:00,201,9219.88,
2026-09-11T20:34:40.150386+00:00,201,12136.17,
2026-09-11T20:34:37.008939+00:00,201,15291.93,
2026-09-11T20:34:51.815873+00:00,201,487.06,
2026-09-11T20:34:37.375538+00:00,201,14949.08,
2026-09-11T20:34:50.440435+00:00,201,1886.70,
2026-09-11T20:34:32.144503+00:00,201,20183.49,
2026-09-11T20:34:46.823655+00:00,201,5503.62,
2026-09-11T20:34:52.097027+00:00,201,244.15,
2026-09-11T20:34:49.508345+00:00,201,2822.22,
2026-09-11T20:34:48.411881+00:00,201,3938.98,
2026-09-11T20:34:43.775393+00:00,201,8596.73,
2026-09-11T20:34:48.962292+00:00,201,3410.98,
2026-09-11T20:34:50.256389+00:00,201,2132.77,
2026-09-11T20:34:50.795542+00:00,201,1622.83,
2026-09-11T20:34:47.423079+00:00,201,5002.37,
2026-09-11T20:34:46.182985+00:00,201,6247.67,
2026-09-11T20:34:51.275876+00:00,201,1186.44,
2026-09-11T20:34:46.142124+00:00,201,6320.22,
2026-09-11T20:34:30.234159+00:00,201,22236.77,
2026-09-11T20:34:52.278850+00:00,201,194.23,
2026-09-11T20:34:51.521167+00:00,201,970.68,
2026-09-11T20:34:30.714380+00:00,201,21787.37,
2026-09-11T20:34:52.010759+00:00,201,498.51,
2026-09-11T20:34:51.512872+00:00,201,1001.61,
2026-09-11T20:34:52.302626+00:00,201,234.23,
2026-09-11T20:34:21.838362+00:00,201,30703.26,
2026-09-11T20:34:49.118730+00:00,201,3419.20,
2026-09-11T20:34:50.111133+00:00,201,2455.65,
2026-09-11T20:34:48.605270+00:00,201,3966.03,
2026-09-11T20:34:17.210463+00:00,201,35366.91,
2026-09-11T20:34:44.530944+00:00,201,8052.71,
2026-09-11T20:34:45.438302+00:00,201,7160.59,
2026-09-11T20:34:50.019446+00:00,201,2580.80,
2026-09-11T20:34:47.889517+00:00,201,4760.06,
2026-09-11T20:34:46.472986+00:00,201,6186.70,
2026-09-11T20:34:44.539610+00:00,201,8127.47,
2026-09-11T20:34:52.418967+00:00,201,269.54,
2026-09-11T20:34:46.451163+00:00,201,6241.97,
2026-09-11T20:34:42.443671+00:00,201,10249.61,
2026-09-11T20:34:37.288155+00:00,201,15414.75,
2026-09-11T20:34:50.191272+00:00,201,2515.40,
2026-09-11T20:34:50.317963+00:00,201,2402.69,
2026-09-11T20:34:23.334996+00:00,201,29395.64,
2026-09-11T20:34:50.673197+00:00,201,2078.68,
2026-09-11T20:34:46.125552+00:00,201,6634.96,
2026-09-11T20:34:44.976222+00:00,201,7795.97,
2026-09-11T20:34:42.911012+00:00,201,9877.56,
2026-09-11T20:34:45.023310+00:00,201,7768.95,
2026-09-11T20:34:46.602725+00:00,201,6195.37,
2026-09-11T20:34:38.543932+00:00,201,14262.23,
2026-09-11T20:34:46.985671+00:00,201,5821.02,
2026-09-11T20:34:24.754052+00:00,201,28059.58,
2026-09-11T20:34:39.215474+00:00,201,13608.02,
2026-09-11T20:34:48.591735+00:00,201,4259.54,
2026-09-11T20:34:51.299859+00:00,201,1543.38,
2026-09-11T20:34:42.172116+00:00,201,10683.42,
2026-09-11T20:34:31.302391+00:00,201,21574.47,
2026-09-11T20:34:51.631390+00:00,201,1263.91,
2026-09-11T20:34:46.521909+00:00,201,6395.98,
2026-09-11T20:34:30.425602+00:00,201,22510.39,
2026-09-11T20:34:49.979507+00:00,201,2965.25,
2026-09-11T20:34:50.660959+00:00,201,2292.22,
2026-09-11T20:34:47.376457+00:00,201,5605.78,
2026-09-11T20:34:49.921802+00:00,201,3069.21,
2026-09-11T20:34:35.170177+00:00,201,17819.96,
2026-09-11T20:34:50.390200+00:00,201,2622.02,
2026-09-11T20:34:43.549663+00:00,201,9465.62,
2026-09-11T20:34:40.424273+00:00,201,12607.65,
2026-09-11T20:34:49.362496+00:00,201,3677.51,
2026-09-11T20:34:20.531296+00:00,201,32508.87,
2026-09-11T20:34:42.097219+00:00,201,10955.32,
2026-09-11T20:34:41.493295+00:00,201,11562.17,
2026-09-11T20:34:37.541110+00:00,201,15515.24,
2026-09-11T20:34:36.786459+00:00,201,16283.99,
2026-09-11T20:34:51.315752+00:00,201,1749.66,
2026-09-11T20:34:40.948429+00:00,201,12143.76,
2026-09-11T20:34:49.021567+00:00,201,4102.71,
2026-09-11T20:34:48.788195+00:00,201,4339.35,
2026-09-11T20:34:31.252487+00:00,201,21902.73,
2026-09-11T20:34:48.296967+00:00,201,4855.41,
2026-09-11T20:34:36.557468+00:00,201,16615.15,
2026-09-11T20:34:18.419521+00:00,201,34747.54,
2026-09-11T20:34:48.785564+00:00,201,4410.11,
2026-09-11T20:34:52.878017+00:00,201,320.62,
2026-09-11T20:34:52.927384+00:00,201,280.47,
2026-09-11T20:34:43.039464+00:00,201,10182.91,
2026-09-11T20:34:51.299859+00:00,201,1933.11,
2026-09-11T20:34:48.901806+00:00,201,4374.95,
2026-09-11T20:34:21.099278+00:00,201,32202.88,
2026-09-11T20:34:38.505415+00:00,201,14825.62,
2026-09-11T20:34:47.313165+00:00,201,6023.21,
2026-09-11T20:34:47.361034+00:00,201,5994.36,
2026-09-11T20:34:39.831173+00:00,201,13527.74,
2026-09-11T20:34:46.690201+00:00,201,6677.92,
2026-09-11T20:34:51.333938+00:00,201,2036.61,
2026-09-11T20:34:44.951261+00:00,201,8434.11,
2026-09-11T20:34:48.042920+00:00,201,5350.55,
2026-09-11T20:34:47.637714+00:00,201,5757.78,
2026-09-11T20:34:45.395683+00:00,201,8009.48,
2026-09-11T20:34:23.536037+00:00,201,29872.71,
2026-09-11T20:34:48.660616+00:00,201,4767.23,
2026-09-11T20:34:24.453336+00:00,201,28979.01,
2026-09-11T20:34:51.567652+00:00,201,1872.36,
2026-09-11T20:34:48.694578+00:00,201,4776.12,
2026-09-11T20:34:51.599818+00:00,201,1870.73,
2026-09-11T20:34:47.329103+00:00,201,6143.80,
2026-09-11T20:34:51.835739+00:00,201,1643.02,
2026-09-11T20:34:16.114121+00:00,201,37375.92,
2026-09-11T20:34:45.442981+00:00,201,8049.36,
2026-09-11T20:34:48.926338+00:00,201,4572.30,
2026-09-11T20:34:51.142888+00:00,201,2377.53,
2026-09-11T20:34:53.302433+00:00,201,233.25,
2026-09-11T20:34:43.637350+00:00,201,9905.71,
2026-09-11T20:34:40.451577+00:00,201,13145.67,
2026-09-11T20:34:52.313724+00:00,201,1279.60,
2026-09-11T20:34:50.321980+00:00,201,3299.73,
2026-09-11T20:34:51.567652+00:00,201,2061.53,
2026-09-11T20:34:37.768216+00:00,201,15866.44,
2026-09-11T20:34:51.003970+00:00,201,2669.89,
2026-09-11T20:34:46.092119+00:00,201,7582.94,
2026-09-11T20:34:43.159202+00:00,201,10536.96,
2026-09-11T20:34:47.098519+00:00,201,6599.56,
2026-09-11T20:34:49.245536+00:00,201,4455.40,
2026-09-11T20:34:48.536434+00:00,201,5178.27,
2026-09-11T20:34:46.125552+00:00,201,7593.38,
2026-09-11T20:34:42.237521+00:00,201,11475.47,
2026-09-11T20:34:49.739886+00:00,201,3985.24,
2026-09-11T20:34:51.048036+00:00,201,2692.52,
2026-09-11T20:34:40.339782+00:00,201,13408.53,
2026-09-11T20:34:51.835739+00:00,201,1906.67,
2026-09-11T20:34:38.004609+00:00,201,15756.71,
2026-09-11T20:34:52.019851+00:00,201,1746.42,
2026-09-11T20:34:50.096970+00:00,201,3685.58,
2026-09-11T20:34:27.685357+00:00,201,26090.54,
2026-09-11T20:34:51.558286+00:00,201,2226.71,
2026-09-11T20:34:42.740772+00:00,201,11053.04,
2026-09-11T20:34:53.599798+00:00,201,195.51,
2026-09-11T20:34:51.083641+00:00,201,2720.75,
2026-09-11T20:34:53.599798+00:00,201,209.68,
2026-09-11T20:34:52.060318+00:00,201,1757.21,
2026-09-11T20:34:44.818819+00:00,201,9014.20,
2026-09-11T20:34:45.716098+00:00,201,8121.43,
2026-09-11T20:34:44.005757+00:00,201,9852.28,
2026-09-11T20:34:45.826806+00:00,201,8035.57,
2026-09-11T20:34:51.988399+00:00,201,1880.46,
2026-09-11T20:34:52.084970+00:00,201,1797.66,
2026-09-11T20:34:51.884725+00:00,201,2020.62,
2026-09-11T20:34:45.985704+00:00,201,7976.78,
2026-09-11T20:34:51.048036+00:00,201,2917.09,
2026-09-11T20:34:38.184599+00:00,201,15787.56,
2026-09-11T20:34:23.378833+00:00,201,30601.73,
2026-09-11T20:34:52.121287+00:00,201,1863.66,
2026-09-11T20:34:49.835265+00:00,201,4160.67,
2026-09-11T20:34:29.821454+00:00,201,24176.08,
2026-09-11T20:34:50.732237+00:00,201,3271.19,
2026-09-11T20:34:44.901527+00:00,201,9117.64,
2026-09-11T20:34:31.170492+00:00,201,22858.64,
2026-09-11T20:34:53.189047+00:00,201,871.20,
2026-09-11T20:34:49.951857+00:00,201,4116.57,
2026-09-11T20:34:38.473469+00:00,201,15597.06,
2026-09-11T20:34:50.537574+00:00,201,3576.57,
2026-09-11T20:34:47.211583+00:00,201,6903.30,
2026-09-11T20:34:52.455108+00:00,201,1658.43,
2026-09-11T20:34:41.652927+00:00,201,12465.64,
2026-09-11T20:34:53.060626+00:00,201,1085.76,
2026-09-11T20:34:51.578235+00:00,201,2574.80,
2026-09-11T20:34:52.846208+00:00,201,1318.57,
2026-09-11T20:34:48.503733+00:00,201,5667.66,
2026-09-11T20:34:30.120501+00:00,201,24098.02,
2026-09-11T20:34:29.089862+00:00,201,25146.09,
2026-09-11T20:34:43.594582+00:00,201,10673.60,
2026-09-11T20:34:53.125957+00:00,201,1152.23,
2026-09-11T20:34:51.149382+00:00,201,3130.93,
2026-09-11T20:34:50.036128+00:00,201,4265.67,
2026-09-11T20:34:48.503733+00:00,201,5802.11,
2026-09-11T20:34:43.322407+00:00,201,10988.55,
2026-09-11T20:34:50.007805+00:00,201,4380.53,
2026-09-11T20:34:51.815873+00:00,201,2575.35,
2026-09-11T20:34:36.210472+00:00,201,18181.96,
2026-09-11T20:34:48.391910+00:00,201,6018.60,
2026-09-11T20:34:49.877209+00:00,201,4555.21,
2026-09-11T20:34:50.093438+00:00,201,4339.12,
2026-09-11T20:34:38.518414+00:00,201,15928.09,
2026-09-11T20:34:52.576580+00:00,201,1872.59,
2026-09-11T20:34:48.885573+00:00,201,5568.99,
2026-09-11T20:34:45.229961+00:00,201,9240.44,
2026-09-11T20:34:49.392903+00:00,201,5084.68,
2026-09-11T20:34:40.725413+00:00,201,13752.14,
2026-09-11T20:34:50.017441+00:00,201,4467.93,
2026-09-11T20:34:54.223374+00:00,201,259.38,
2026-09-11T20:34:47.267638+00:00,201,7237.98,
2026-09-11T20:34:48.573695+00:00,201,5940.48,
2026-09-11T20:34:50.599326+00:00,201,3925.81,
2026-09-11T20:34:46.034507+00:00,201,8498.65,
2026-09-11T20:34:42.253560+00:00,201,12277.98,
2026-09-11T20:34:52.800552+00:00,201,1753.25,
2026-09-11T20:34:52.598693+00:00,201,1969.88,
2026-09-11T20:34:45.631288+00:00,201,8954.34,
2026-09-11T20:34:36.312803+00:00,201,18279.81,
2026-09-11T20:34:38.803920+00:00,201,15812.38,
2026-09-11T20:34:53.458024+00:00,201,1161.48,
2026-09-11T20:34:54.415128+00:00,201,235.93,
2026-09-11T20:34:42.724099+00:00,201,11928.28,
2026-09-11T20:34:46.502825+00:00,201,8149.92,
2026-09-11T20:34:49.665811+00:00,201,4997.67,
2026-09-11T20:34:50.335761+00:00,201,4355.44,
2026-09-11T20:34:49.024551+00:00,201,5666.60,
2026-09-11T20:34:49.435648+00:00,201,5290.91,
2026-09-11T20:34:40.899627+00:00,201,13833.41,
2026-09-11T20:34:50.264384+00:00,201,4470.16,
2026-09-11T20:34:16.799850+00:00,201,37934.33,
2026-09-11T20:34:53.680584+00:00,201,1068.32,
2026-09-11T20:34:42.226867+00:00,201,12519.66,
2026-09-11T20:34:40.006364+00:00,201,14758.59,
2026-09-11T20:34:35.560212+00:00,201,19221.29,
2026-09-11T20:34:47.851843+00:00,201,6937.57,
2026-09-11T20:34:23.268402+00:00,201,31524.58,
2026-09-11T20:34:53.742687+00:00,201,1075.16,
2026-09-11T20:34:49.835265+00:00,201,5007.13,
2026-09-11T20:34:49.746916+00:00,201,5096.21,
2026-09-11T20:34:47.882248+00:00,201,6973.14,
2026-09-11T20:34:51.095155+00:00,201,3764.03,
2026-09-11T20:34:49.983522+00:00,201,4893.50,
2026-09-11T20:34:44.453908+00:00,201,10432.65,
2026-09-11T20:34:52.501444+00:00,201,2390.09,
2026-09-11T20:34:44.651012+00:00,201,10264.39,
2026-09-11T20:34:53.394177+00:00,201,1533.81,
2026-09-11T20:34:43.831892+00:00,201,11113.36,
2026-09-11T20:34:46.509355+00:00,201,8443.18,
2026-09-11T20:34:45.729794+00:00,201,9230.60,
2026-09-11T20:34:38.898486+00:00,201,16072.17,
2026-09-11T20:34:47.903115+00:00,201,7084.70,
2026-09-11T20:34:47.351457+00:00,201,7650.31,
2026-09-11T20:34:35.072714+00:00,201,19928.15,
2026-09-11T20:34:49.476471+00:00,201,5529.07,
2026-09-11T20:34:33.473224+00:00,201,21542.91,
2026-09-11T20:34:31.168453+00:00,201,23853.72,
2026-09-11T20:34:51.347421+00:00,201,3675.12,
2026-09-11T20:34:39.868225+00:00,201,15170.63,
2026-09-11T20:34:53.520866+00:00,201,1522.25,
2026-09-11T20:34:46.266291+00:00,201,8779.47,
2026-09-11T20:34:23.348112+00:00,201,31727.01,
2026-09-11T20:34:51.835739+00:00,201,3228.88,
2026-09-11T20:34:24.188715+00:00,201,30889.25,
2026-09-11T20:34:53.302433+00:00,201,1804.48,
2026-09-11T20:34:50.626987+00:00,201,4502.82,
2026-09-11T20:34:44.861324+00:00,201,10277.10,
2026-09-11T20:34:51.496184+00:00,201,3648.28,
2026-09-11T20:34:54.647642+00:00,201,498.49,
2026-09-11T20:34:39.075579+00:00,201,16088.88,
2026-09-11T20:34:35.542030+00:00,201,19642.52,
2026-09-11T20:34:51.820575+00:00,201,3367.21,
2026-09-11T20:34:39.947469+00:00,201,15244.57,
2026-09-11T20:34:51.149382+00:00,201,4053.69,
2026-09-11T20:34:51.702541+00:00,201,3516.06,
2026-09-11T20:34:47.932808+00:00,201,7306.49,
2026-09-11T20:34:26.117929+00:00,201,29129.75,
2026-09-11T20:34:39.174780+00:00,201,16123.28,
2026-09-11T20:34:48.567932+00:00,201,6745.00,
2026-09-11T20:34:53.742687+00:00,201,1568.19,
2026-09-11T20:34:44.636863+00:00,201,10716.31,
2026-09-11T20:34:53.742687+00:00,201,1599.26,
2026-09-11T20:34:46.125552+00:00,201,9228.13,
2026-09-11T20:34:38.166618+00:00,201,17206.42,
2026-09-11T20:34:51.680445+00:00,201,3721.02,
2026-09-11T20:34:32.434332+00:00,201,22991.38,
2026-09-11T20:34:44.919294+00:00,201,10535.89,
2026-09-11T20:34:51.642632+00:00,201,3821.05,
2026-09-11T20:34:53.105311+00:00,201,2369.40,
2026-09-11T20:34:37.035917+00:00,201,18466.77,
2026-09-11T20:34:51.047026+00:00,201,4472.82,
2026-09-11T20:34:35.265266+00:00,201,20250.69,
2026-09-11T20:34:53.189047+00:00,201,2328.99,
2026-09-11T20:34:44.397668+00:00,201,11148.89,
2026-09-11T20:34:51.017423+00:00,201,4520.92,
2026-09-11T20:34:52.466080+00:00,201,3093.28,
2026-09-11T20:34:48.806243+00:00,201,6790.10,
2026-09-11T20:34:50.789521+00:00,201,4813.69,
2026-09-11T20:34:55.243605+00:00,201,363.26,
2026-09-11T20:34:47.621713+00:00,201,7994.18,
2026-09-11T20:34:37.797399+00:00,201,17815.89,
2026-09-11T20:34:29.743138+00:00,201,25878.04,
2026-09-11T20:34:49.180383+00:00,201,6448.17,
2026-09-11T20:34:53.696219+00:00,201,1946.85,
2026-09-11T20:34:35.636319+00:00,201,20025.52,
2026-09-11T20:34:52.339413+00:00,201,3334.69,
2026-09-11T20:34:52.782733+00:00,201,2910.38,
2026-09-11T20:34:40.165719+00:00,201,15558.10,
2026-09-11T20:34:47.061184+00:00,201,8664.37,
2026-09-11T20:34:42.891954+00:00,201,12844.13,
2026-09-11T20:34:53.128964+00:00,201,2621.41,
2026-09-11T20:34:45.170795+00:00,201,10599.86,
2026-09-11T20:34:46.917531+00:00,201,8855.02,
2026-09-11T20:34:39.499471+00:00,201,16288.22,
2026-09-11T20:34:43.983366+00:00,201,11818.90,
2026-09-11T20:34:54.550777+00:00,201,1254.49,
2026-09-11T20:34:45.945369+00:00,201,9895.58,
2026-09-11T20:34:52.567693+00:00,201,3273.94,
2026-09-11T20:34:47.703508+00:00,201,8136.46,
2026-09-11T20:34:38.377396+00:00,201,17478.14,
2026-09-11T20:34:54.691671+00:00,201,1169.38,
2026-09-11T20:34:53.155363+00:00,201,2708.70,
2026-09-11T20:34:52.721636+00:00,201,3144.04,
2026-09-11T20:34:55.594322+00:00,201,269.07,
2026-09-11T20:34:51.015012+00:00,201,4868.43,
2026-09-11T20:34:51.893437+00:00,201,4000.17,
2026-09-11T20:34:44.582890+00:00,201,11336.99,
2026-09-11T20:34:54.391487+00:00,201,1529.41,
2026-09-11T20:34:53.855241+00:00,201,2092.64,
2026-09-11T20:34:36.768625+00:00,201,19190.66,
2026-09-11T20:34:44.744877+00:00,201,11224.34,
2026-09-11T20:34:50.446958+00:00,201,5533.01,
2026-09-11T20:34:30.244760+00:00,201,25745.56,
2026-09-11T20:34:47.673586+00:00,201,8333.96,
2026-09-11T20:34:51.404505+00:00,201,4622.95,
2026-09-11T20:34:31.001800+00:00,201,25041.53,
2026-09-11T20:34:51.503953+00:00,201,4540.53,
2026-09-11T20:34:48.411881+00:00,201,7637.34,
2026-09-11T20:34:51.394984+00:00,201,4658.86,
2026-09-11T20:34:54.470932+00:00,201,1611.87,
2026-09-11T20:34:18.470328+00:00,201,37615.82,
2026-09-11T20:34:32.395700+00:00,201,23698.64,
2026-09-11T20:34:44.203064+00:00,201,11896.64,
2026-09-11T20:34:31.861184+00:00,201,24243.26,
2026-09-11T20:34:42.270161+00:00,201,13832.50,
2026-09-11T20:34:53.676162+00:00,201,2437.32,
2026-09-11T20:34:50.957516+00:00,201,5163.12,
2026-09-11T20:34:39.755460+00:00,201,16369.98,
2026-09-11T20:34:51.315752+00:00,201,4811.84,
2026-09-11T20:34:44.164819+00:00,201,11984.42,
2026-09-11T20:34:52.245796+00:00,201,3918.08,
2026-09-11T20:34:30.059452+00:00,201,26109.12,
2026-09-11T20:34:55.800442+00:00,201,383.84,
2026-09-11T20:34:48.391910+00:00,201,7803.68,
2026-09-11T20:34:53.979318+00:00,201,2223.36,
2026-09-11T20:34:50.464526+00:00,201,5757.69,
2026-09-11T20:34:54.302084+00:00,201,1922.56,
2026-09-11T20:34:43.714799+00:00,201,12528.66,
2026-09-11T20:34:39.174780+00:00,201,17070.92,
2026-09-11T20:34:37.051618+00:00,201,19191.87,
2026-09-11T20:34:36.018748+00:00,201,20226.09,
2026-09-11T20:34:37.746064+00:00,201,18566.16,
2026-09-11T20:34:39.018193+00:00,201,17299.63,
2026-09-11T20:34:55.557513+00:00,201,768.09,
2026-09-11T20:34:54.302084+00:00,201,2035.11,
2026-09-11T20:34:54.991504+00:00,201,1348.92,
2026-09-11T20:34:44.008268+00:00,201,12365.30,
2026-09-11T20:34:55.073266+00:00,201,1311.50,
2026-09-11T20:34:53.758510+00:00,201,2627.00,
2026-09-11T20:34:44.847100+00:00,201,11580.91,
2026-09-11T20:34:55.515930+00:00,201,928.50,
2026-09-11T20:34:44.321269+00:00,201,12126.09,
2026-09-11T20:34:54.770754+00:00,201,1678.42,
2026-09-11T20:34:43.274149+00:00,201,13202.75,
2026-09-11T20:34:48.218032+00:00,201,8273.23,
2026-09-11T20:34:45.733847+00:00,201,10803.84,
2026-09-11T20:34:41.065720+00:00,201,15481.79,
2026-09-11T20:34:48.028323+00:00,201,8524.69,
2026-09-11T20:34:56.308111+00:00,201,260.03,
2026-09-11T20:34:39.692253+00:00,201,16889.69,
2026-09-11T20:34:51.211694+00:00,201,5403.29,
2026-09-11T20:34:35.875254+00:00,201,20741.24,
2026-09-11T20:34:54.121673+00:00,201,2496.65,
2026-09-11T20:34:51.787479+00:00,201,4843.19,
2026-09-11T20:34:53.157935+00:00,201,3489.45,
2026-09-11T20:34:55.073266+00:00,201,1575.72,
2026-09-11T20:34:53.213018+00:00,201,3448.91,
2026-09-11T20:34:45.447229+00:00,201,11234.06,
2026-09-11T20:34:44.937533+00:00,201,11780.15,
2026-09-11T20:34:44.274957+00:00,201,12445.92,
2026-09-11T20:34:22.170871+00:00,201,34589.36,
2026-09-11T20:34:56.222705+00:00,201,541.29,
2026-09-11T20:34:55.641681+00:00,201,1122.49,
2026-09-11T20:34:54.439257+00:00,201,2328.10,
2026-09-11T20:34:51.680445+00:00,201,5093.53,
2026-09-11T20:34:41.133625+00:00,201,15646.45,
2026-09-11T20:34:56.288010+00:00,201,496.26,
2026-09-11T20:34:43.495430+00:00,201,13293.18,
2026-09-11T20:34:54.712056+00:00,201,2075.66,
2026-09-11T20:34:19.616992+00:00,201,37174.33,
2026-09-11T20:34:53.346879+00:00,201,3434.70,
2026-09-11T20:34:52.513541+00:00,201,4283.22,
2026-09-11T20:34:25.372595+00:00,201,31429.73,
2026-09-11T20:34:53.963482+00:00,201,2879.95,
2026-09-11T20:34:46.965924+00:00,201,9906.72,
2026-09-11T20:34:50.193287+00:00,201,6682.47,
2026-09-11T20:34:48.113401+00:00,201,8778.48,
2026-09-11T20:34:44.776141+00:00,201,12123.66,
2026-09-11T20:34:54.512013+00:00,201,2391.50,
2026-09-11T20:34:54.730566+00:00,201,2190.65,
2026-09-11T20:34:47.465360+00:00,201,9471.40,
2026-09-11T20:34:56.714115+00:00,201,232.93,
2026-09-11T20:34:38.773858+00:00,201,18193.72,
2026-09-11T20:34:51.713184+00:00,201,5270.57,
2026-09-11T20:34:55.557513+00:00,201,1431.56,
2026-09-11T20:34:48.317150+00:00,201,8732.76,
2026-09-11T20:34:51.285063+00:00,201,5779.27,
2026-09-11T20:34:56.873401+00:00,201,201.45,
2026-09-11T20:34:38.342893+00:00,201,18749.66,
2026-09-11T20:34:50.944003+00:00,201,6159.01,
2026-09-11T20:34:48.317150+00:00,201,8784.65,
2026-09-11T20:34:48.603171+00:00,201,8521.27,
2026-09-11T20:34:50.379143+00:00,201,6750.53,
2026-09-11T20:34:45.113902+00:00,201,12023.23,
2026-09-11T20:34:56.061857+00:00,201,1084.15,
2026-09-11T20:34:52.792815+00:00,201,4351.87,
2026-09-11T20:34:38.594559+00:00,201,18556.80,
2026-09-11T20:34:42.174127+00:00,201,14983.66,
2026-09-11T20:34:51.141135+00:00,201,6037.36,
2026-09-11T20:34:44.209083+00:00,201,12973.55,
2026-09-11T20:34:45.929368+00:00,201,11251.55,
2026-09-11T20:34:49.410182+00:00,201,7807.12,
2026-09-11T20:34:55.602643+00:00,201,1622.34,
2026-09-11T20:34:52.324241+00:00,201,4912.16,
2026-09-11T20:34:48.878866+00:00,201,8400.18,
2026-09-11T20:34:43.039464+00:00,201,14239.89,
2026-09-11T20:34:17.644207+00:00,201,39640.96,
2026-09-11T20:34:53.380027+00:00,201,3915.48,
2026-09-11T20:34:54.770754+00:00,201,2554.23,
2026-09-11T20:34:50.695742+00:00,201,6635.16,
2026-09-11T20:34:52.050539+00:00,201,5284.64,
2026-09-11T20:34:19.312564+00:00,201,38025.01,
2026-09-11T20:34:43.700340+00:00,201,13651.75,
2026-09-11T20:34:48.790244+00:00,201,8581.29,
2026-09-11T20:34:52.134169+00:00,201,5247.64,
2026-09-11T20:34:43.031459+00:00,201,14355.60,
2026-09-11T20:34:53.037387+00:00,201,4354.84,
2026-09-11T20:34:52.693948+00:00,201,4741.05,
2026-09-11T20:34:48.806243+00:00,201,8631.95,
2026-09-11T20:34:48.988892+00:00,201,8456.36,
2026-09-11T20:34:51.567652+00:00,201,5888.17,
2026-09-11T20:34:54.750942+00:00,201,2708.89,
2026-09-11T20:34:41.081368+00:00,201,16403.92,
2026-09-11T20:34:55.203502+00:00,201,2285.59,
2026-09-11T20:34:53.806138+00:00,201,3692.86,
2026-09-11T20:34:56.475159+00:00,201,1038.91,
2026-09-11T20:34:53.995151+00:00,201,3521.41,
2026-09-11T20:34:42.965457+00:00,201,14555.54,
2026-09-11T20:34:57.035526+00:00,201,500.64,
2026-09-11T20:34:50.898974+00:00,201,6649.69,
2026-09-11T20:34:56.093478+00:00,201,1460.51,
2026-09-11T20:34:53.791544+00:00,201,3780.07,
2026-09-11T20:34:49.349315+00:00,201,8231.61,
2026-09-11T20:34:41.694733+00:00,201,15916.49,
2026-09-11T20:34:45.023310+00:00,201,12604.66,
2026-09-11T20:34:51.984881+00:00,201,5647.58,
2026-09-11T20:34:53.080188+00:00,201,4560.25,
2026-09-11T20:34:56.053831+00:00,201,1599.37,
2026-09-11T20:34:42.340647+00:00,201,15313.21,
2026-09-11T20:34:54.482194+00:00,201,3202.74,
2026-09-11T20:34:49.865147+00:00,201,7841.21,
2026-09-11T20:34:52.800552+00:00,201,4916.39,
2026-09-11T20:34:48.028323+00:00,201,9697.47,
2026-09-11T20:34:50.497380+00:00,201,7243.16,
2026-09-11T20:34:49.927573+00:00,201,7841.57,
2026-09-11T20:34:55.044239+00:00,201,2742.65,
2026-09-11T20:34:54.659962+00:00,201,3142.47,
2026-09-11T20:34:56.053831+00:00,201,1759.90,
2026-09-11T20:34:15.032647+00:00,201,42811.70,
2026-09-11T20:34:50.779467+00:00,201,7068.14,
2026-09-11T20:34:55.918588+00:00,201,1928.53,
2026-09-11T20:34:50.924003+00:00,201,6942.04,
2026-09-11T20:34:38.967420+00:00,201,18903.57,
2026-09-11T20:34:45.198136+00:00,201,12676.96,
2026-09-11T20:34:55.824122+00:00,201,2064.25,
2026-09-11T20:34:54.470932+00:00,201,3427.23,
2026-09-11T20:34:39.075579+00:00,201,18828.97,
2026-09-11T20:34:50.177223+00:00,201,7739.93,
2026-09-11T20:34:55.922181+00:00,201,2000.34,
2026-09-11T20:34:53.480268+00:00,201,4447.64,
2026-09-11T20:34:48.503733+00:00,201,9421.46,
2026-09-11T20:34:20.688675+00:00,201,37257.76,
2026-09-11T20:34:48.455874+00:00,201,9492.55,
2026-09-11T20:34:49.076336+00:00,201,8883.80,
2026-09-11T20:34:46.231101+00:00,201,11735.58,
2026-09-11T20:34:51.197128+00:00,201,6795.47,
2026-09-11T20:34:43.664394+00:00,201,14333.11,
2026-09-11T20:34:55.197969+00:00,201,2802.86,
2026-09-11T20:34:56.535551+00:00,201,1474.25,
2026-09-11T20:34:53.719527+00:00,201,4299.94,
2026-09-11T20:34:32.871205+00:00,201,25167.64,
2026-09-11T20:34:53.869053+00:00,201,4180.54,
2026-09-11T20:34:48.278416+00:00,201,9778.94,
2026-09-11T20:34:57.488691+00:00,201,573.49,
2026-09-11T20:34:54.647642+00:00,201,3416.23,
2026-09-11T20:34:46.330436+00:00,201,11762.93,
2026-09-11T20:34:52.529477+00:00,201,5575.50,
2026-09-11T20:34:45.372712+00:00,201,12757.83,
2026-09-11T20:34:55.353714+00:00,201,2798.12,
2026-09-11T20:34:54.057984+00:00,201,4084.65,
2026-09-11T20:34:57.648054+00:00,201,506.02,
2026-09-11T20:34:51.425934+00:00,201,6758.06,
2026-09-11T20:34:50.827570+00:00,201,7364.93,
2026-09-11T20:34:57.062554+00:00,201,1147.86,
2026-09-11T20:34:55.616073+00:00,201,2609.40,
2026-09-11T20:34:56.843637+00:00,201,1377.87,
2026-09-11T20:34:42.287774+00:00,201,15947.09,
2026-09-11T20:34:36.588089+00:00,201,21645.02,
2026-09-11T20:34:56.445556+00:00,201,1793.30,
2026-09-11T20:34:51.599818+00:00,201,6640.08,
2026-09-11T20:34:47.590199+00:00,201,10667.01,
2026-09-11T20:34:47.590199+00:00,201,10689.00,
2026-09-11T20:34:46.215579+00:00,201,12094.49,
2026-09-11T20:34:50.459004+00:00,201,7855.45,
2026-09-11T20:34:50.466556+00:00,201,7849.39,
2026-09-11T20:34:45.675166+00:00,201,12668.49,
2026-09-11T20:34:53.497289+00:00,201,4857.96,
2026-09-11T20:34:54.280036+00:00,201,4094.00,
2026-09-11T20:34:47.852850+00:00,201,10530.24,
2026-09-11T20:34:58.152645+00:00,201,239.37,
2026-09-11T20:34:52.893469+00:00,201,5502.70,
2026-09-11T20:34:57.549504+00:00,201,867.42,
2026-09-11T20:34:49.625556+00:00,201,8820.91,
2026-09-11T20:34:58.207845+00:00,201,239.76,
2026-09-11T20:34:42.977505+00:00,201,15482.17,
2026-09-11T20:34:41.557177+00:00,201,16921.21,
2026-09-11T20:34:51.272353+00:00,201,7210.57,
2026-09-11T20:34:40.385791+00:00,201,18106.81,
2026-09-11T20:34:46.815362+00:00,201,11680.72,
2026-09-11T20:34:58.253863+00:00,201,239.17,
2026-09-11T20:34:23.219489+00:00,201,35309.38,
2026-09-11T20:34:47.189734+00:00,201,11347.57,
2026-09-11T20:34:55.251857+00:00,201,3288.51,
2026-09-11T20:34:47.189734+00:00,201,11352.57,
2026-09-11T20:34:53.333152+00:00,201,5217.21,
2026-09-11T20:34:55.524093+00:00,201,3032.21,
2026-09-11T20:34:53.179590+00:00,201,5417.48,
2026-09-11T20:34:45.258774+00:00,201,13340.54,
2026-09-11T20:34:46.517386+00:00,201,12162.31,
2026-09-11T20:34:54.883719+00:00,201,3824.36,
2026-09-11T20:34:56.003099+00:00,201,2718.25,
2026-09-11T20:34:56.334293+00:00,201,2397.38,
2026-09-11T20:34:43.070604+00:00,201,15694.15,
2026-09-11T20:34:50.892460+00:00,201,7878.31,
2026-09-11T20:34:49.118730+00:00,201,9667.24,
2026-09-11T20:34:49.903701+00:00,201,8920.05,
2026-09-11T20:34:46.012103+00:00,201,12812.99,
2026-09-11T20:34:42.599070+00:00,201,16251.23,
2026-09-11T20:34:49.987538+00:00,201,8870.10,
2026-09-11T20:34:31.109904+00:00,201,27766.36,
2026-09-11T20:34:47.590199+00:00,201,11294.26,
2026-09-11T20:34:53.995151+00:00,201,4895.16,
2026-09-11T20:34:54.169285+00:00,201,4721.32,
2026-09-11T20:34:49.940810+00:00,201,8980.83,
2026-09-11T20:34:49.442448+00:00,201,9506.95,
2026-09-11T20:34:35.390654+00:00,201,23575.47,
2026-09-11T20:34:54.106796+00:00,201,4856.91,
2026-09-11T20:34:56.788105+00:00,201,2184.24,
2026-09-11T20:34:41.900117+00:00,201,17103.63,
2026-09-11T20:34:57.849688+00:00,201,1174.32,
2026-09-11T20:34:56.222705+00:00,201,2805.39,
2026-09-11T20:34:56.951738+00:00,201,2084.35,
2026-09-11T20:34:56.243817+00:00,201,2798.60,
2026-09-11T20:34:39.009071+00:00,201,20042.97,
2026-09-11T20:34:52.952725+00:00,201,6110.40,
2026-09-11T20:34:41.283756+00:00,201,17796.89,
2026-09-11T20:34:56.904740+00:00,201,2220.48,
2026-09-11T20:34:48.847418+00:00,201,10289.14,
2026-09-11T20:34:46.558843+00:00,201,12597.60,
2026-09-11T20:34:58.912579+00:00,201,249.53,
2026-09-11T20:34:54.302084+00:00,201,4857.06,
2026-09-11T20:34:56.456623+00:00,201,2741.60,
2026-09-11T20:34:43.857094+00:00,201,15342.15,
2026-09-11T20:34:53.700851+00:00,201,5504.80,
2026-09-11T20:34:57.316538+00:00,201,1885.15,
2026-09-11T20:34:55.958775+00:00,201,3268.60,
2026-09-11T20:34:32.221066+00:00,201,27013.30,
2026-09-11T20:34:51.953147+00:00,201,7300.22,
2026-09-11T20:34:32.049331+00:00,201,27221.07,
2026-09-11T20:34:32.284072+00:00,201,27004.43,
2026-09-11T20:34:44.423117+00:00,201,14875.43,
2026-09-11T20:34:58.850081+00:00,201,451.57,
2026-09-11T20:34:30.754108+00:00,201,28571.44,
2026-09-11T20:34:54.121673+00:00,201,5207.26,
2026-09-11T20:34:51.450913+00:00,201,7884.25,
2026-09-11T20:34:57.889993+00:00,201,1462.70,
2026-09-11T20:34:47.281573+00:00,201,12102.24,
2026-09-11T20:34:47.486109+00:00,201,11894.08,
2026-09-11T20:34:46.815362+00:00,201,12574.17,
2026-09-11T20:34:52.324241+00:00,201,7075.70,
2026-09-11T20:34:37.806238+00:00,201,21616.10,
2026-09-11T20:34:47.475081+00:00,201,11955.29,
2026-09-11T20:34:32.538759+00:00,201,26891.01,
2026-09-11T20:34:16.847247+00:00,201,42607.52,
2026-09-11T20:34:37.479366+00:00,201,21971.31,
2026-09-11T20:34:46.453170+00:00,201,13022.54,
2026-09-11T20:34:50.972520+00:00,201,8516.04,
2026-09-11T20:34:58.233661+00:00,201,1263.39,
2026-09-11T20:34:56.185836+00:00,201,3357.38,
2026-09-11T20:34:46.882665+00:00,201,12679.66,
2026-09-11T20:34:49.282086+00:00,201,10301.74,
2026-09-11T20:34:21.934139+00:00,201,37668.07,
2026-09-11T20:34:53.782985+00:00,201,5825.74,
2026-09-11T20:34:58.059110+00:00,201,1571.58,
2026-09-11T20:34:54.647642+00:00,201,4992.61,
2026-09-11T20:34:15.973328+00:00,201,43694.27,
2026-09-11T20:34:55.858871+00:00,201,3810.13,
2026-09-11T20:34:54.382069+00:00,201,5293.16,
2026-09-11T20:34:58.455378+00:00,201,1225.46,
2026-09-11T20:34:55.223477+00:00,201,4462.30,
2026-09-11T20:34:55.487942+00:00,201,4202.64,
2026-09-11T20:34:59.414180+00:00,201,271.30,
2026-09-11T20:34:53.619328+00:00,201,6113.00,
2026-09-11T20:34:47.140240+00:00,201,12639.60,
2026-09-11T20:34:26.702191+00:00,201,33081.86,
2026-09-11T20:34:30.260674+00:00,201,29544.81,
2026-09-11T20:34:49.576689+00:00,201,10256.78,
2026-09-11T20:34:52.812474+00:00,201,7037.42,
2026-09-11T20:34:55.219460+00:00,201,4648.32,
2026-09-11T20:34:42.287774+00:00,201,17609.11,
2026-09-11T20:34:42.044965+00:00,201,17884.81,
2026-09-11T20:34:58.107685+00:00,201,1819.07,
2026-09-11T20:34:57.588694+00:00,201,2342.55,
2026-09-11T20:34:53.782985+00:00,201,6154.10,
2026-09-11T20:34:53.489008+00:00,201,6456.77,
2026-09-11T20:34:54.153210+00:00,201,5800.82,
2026-09-11T20:34:54.583129+00:00,201,5373.92,
2026-09-11T20:34:44.376152+00:00,201,15601.45,
2026-09-11T20:34:51.789621+00:00,201,8189.35,
2026-09-11T20:34:53.727050+00:00,201,6255.45,
2026-09-11T20:34:58.233661+00:00,201,1766.49,
2026-09-11T20:34:41.727764+00:00,201,18294.39,
2026-09-11T20:34:36.518233+00:00,201,23519.30,
2026-09-11T20:34:59.270584+00:00,201,783.21,
2026-09-11T20:34:31.388637+00:00,201,28679.67,
2026-09-11T20:34:54.786442+00:00,201,5295.58,
2026-09-11T20:34:54.027128+00:00,201,6098.48,
2026-09-11T20:34:46.607077+00:00,201,13525.89,
2026-09-11T20:34:58.090844+00:00,201,2061.23,
2026-09-11T20:34:52.471281+00:00,201,7685.29,
2026-09-11T20:34:35.364219+00:00,201,24796.30,
2026-09-11T20:34:53.394177+00:00,201,6753.66,
2026-09-11T20:34:58.896071+00:00,201,1276.51,
2026-09-11T20:34:56.603626+00:00,201,3562.95,
2026-09-11T20:34:54.486715+00:00,201,5696.42,
2026-09-11T20:34:50.244718+00:00,201,9945.14,
2026-09-11T20:34:45.023310+00:00,201,15184.58,
2026-09-11T20:34:55.386727+00:00,201,4854.51,
2026-09-11T20:34:41.588552+00:00,201,18683.09,
2026-09-11T20:34:53.362878+00:00,201,6924.71,
2026-09-11T20:34:56.572129+00:00,201,3732.01,
2026-09-11T20:34:23.690853+00:00,201,36616.35,
2026-09-11T20:34:50.525963+00:00,201,9804.43,
2026-09-11T20:34:50.390200+00:00,201,9944.69,
2026-09-11T20:34:53.806138+00:00,201,6549.74,
2026-09-11T20:34:53.045103+00:00,201,7323.74,
2026-09-11T20:34:47.925687+00:00,201,12447.11,
2026-09-11T20:34:50.461012+00:00,201,9922.40,
2026-09-11T20:34:45.460304+00:00,201,14942.76,
2026-09-11T20:34:33.598806+00:00,201,26809.67,
2026-09-11T20:34:43.658337+00:00,201,16783.53,
2026-09-11T20:34:30.899570+00:00,201,29563.44,
2026-09-11T20:35:00.190117+00:00,201,278.79,
2026-09-11T20:34:50.894459+00:00,201,9585.19,
2026-09-11T20:34:42.882452+00:00,201,17600.59,
2026-09-11T20:34:50.404261+00:00,201,10120.76,
2026-09-11T20:34:52.048533+00:00,201,8484.34,
2026-09-11T20:34:59.426125+00:00,201,1108.29,
2026-09-11T20:34:59.326626+00:00,201,1220.87,
2026-09-11T20:34:56.189150+00:00,201,4377.17,
2026-09-11T20:34:50.853086+00:00,201,9721.94,
2026-09-11T20:34:49.821063+00:00,201,10777.65,
2026-09-11T20:34:44.967152+00:00,201,15637.24,
2026-09-11T20:34:56.888660+00:00,201,3713.88,
2026-09-11T20:34:58.949708+00:00,201,1668.38,
2026-09-11T20:34:49.623803+00:00,201,11003.68,
2026-09-11T20:34:52.582231+00:00,201,8046.42,
2026-09-11T20:34:37.383311+00:00,201,23268.97,
2026-09-11T20:34:41.350807+00:00,201,19298.60,
2026-09-11T20:34:55.752386+00:00,201,4903.98,
2026-09-11T20:34:40.226760+00:00,201,20439.66,
2026-09-11T20:34:45.945369+00:00,201,14736.29,
2026-09-11T20:34:56.714115+00:00,201,3969.91,
2026-09-11T20:34:44.619594+00:00,201,16063.45,
2026-09-11T20:35:00.439372+00:00,201,290.48,
2026-09-11T20:34:57.711508+00:00,201,3017.89,
2026-09-11T20:34:41.543384+00:00,201,19196.63,
2026-09-11T20:34:47.776122+00:00,201,12967.40,
2026-09-11T20:34:55.998049+00:00,201,4757.39,
2026-09-11T20:34:45.235489+00:00,201,15523.00,
2026-09-11T20:34:53.362878+00:00,201,7396.95,
2026-09-11T20:34:58.518463+00:00,201,2257.37,
2026-09-11T20:34:40.084515+00:00,201,20700.02,
2026-09-11T20:34:51.031977+00:00,201,9772.95,
2026-09-11T20:34:52.846208+00:00,201,7978.87,
2026-09-11T20:34:36.392506+00:00,201,24477.11,
2026-09-11T20:34:53.240954+00:00,201,7633.96,
2026-09-11T20:34:57.808901+00:00,201,3088.67,
2026-09-11T20:34:57.050357+00:00,201,3863.44,
2026-09-11T20:34:58.597153+00:00,201,2338.45,
2026-09-11T20:34:56.788105+00:00,201,4155.96,
2026-09-11T20:34:50.604620+00:00,201,10344.54,
2026-09-11T20:34:58.052554+00:00,201,2901.52,
2026-09-11T20:34:27.672547+00:00,201,33278.15,
2026-09-11T20:34:59.321106+00:00,201,1637.00,
2026-09-11T20:34:57.093984+00:00,201,3883.99,
2026-09-11T20:34:38.961597+00:00,201,22029.00,
2026-09-11T20:34:38.914148+00:00,201,22086.64,
2026-09-11T20:35:00.734959+00:00,201,287.19,
2026-09-11T20:34:42.439875+00:00,201,18583.60,
2026-09-11T20:34:52.879523+00:00,201,8170.95,
2026-09-11T20:34:52.808717+00:00,201,8271.10,
2026-09-11T20:34:56.083852+00:00,201,5008.23,
2026-09-11T20:34:59.954976+00:00,201,1149.28,
2026-09-11T20:34:55.030249+00:00,201,6106.28,
2026-09-11T20:34:49.649932+00:00,201,11509.08,
2026-09-11T20:34:57.102528+00:00,201,4061.16,
2026-09-11T20:34:57.751894+00:00,201,3415.25,
2026-09-11T20:34:44.903532+00:00,201,16269.96,
2026-09-11T20:34:51.219729+00:00,201,9995.01,
2026-09-11T20:34:58.312775+00:00,201,2913.63,
2026-09-11T20:34:58.536881+00:00,201,2697.19,
2026-09-11T20:34:59.693151+00:00,201,1551.70,
2026-09-11T20:34:44.482294+00:00,201,16771.36,
2026-09-11T20:34:54.391487+00:00,201,6901.93,
2026-09-11T20:34:51.713184+00:00,201,9588.43,
2026-09-11T20:34:54.850216+00:00,201,6449.03,
2026-09-11T20:34:38.181003+00:00,201,23130.54,
2026-09-11T20:34:49.971468+00:00,201,11342.21,
2026-09-11T20:34:51.287073+00:00,201,10039.14,
2026-09-11T20:34:57.516990+00:00,201,3816.98,
2026-09-11T20:34:58.155301+00:00,201,3185.60,
2026-09-11T20:34:47.579373+00:00,201,13765.36,
2026-09-11T20:34:45.239506+00:00,201,16129.18,
2026-09-11T20:35:01.091040+00:00,201,283.10,
2026-09-11T20:34:43.611353+00:00,201,17794.62,
2026-09-11T20:34:45.833341+00:00,201,15573.22,
2026-09-11T20:34:55.073266+00:00,201,6357.40,
2026-09-11T20:34:57.911117+00:00,201,3534.37,
2026-09-11T20:34:58.189410+00:00,201,3257.37,
2026-09-11T20:34:51.333938+00:00,201,10120.25,
2026-09-11T20:34:52.690268+00:00,201,8781.67,
2026-09-11T20:34:35.875254+00:00,201,25600.07,
2026-09-11T20:34:52.501444+00:00,201,8975.25,
2026-09-11T20:34:48.204772+00:00,201,13279.06,
2026-09-11T20:34:57.145338+00:00,201,4352.43,
2026-09-11T20:35:00.181079+00:00,201,1328.31,
2026-09-11T20:34:56.243817+00:00,201,5281.72,
2026-09-11T20:34:56.222705+00:00,201,5313.72,
2026-09-11T20:34:57.995696+00:00,201,3590.65,
2026-09-11T20:34:45.537410+00:00,201,16074.19,
2026-09-11T20:34:53.881204+00:00,201,7734.89,
2026-09-11T20:34:51.547052+00:00,201,10070.89,
2026-09-11T20:34:35.667913+00:00,201,25970.36,
2026-09-11T20:34:59.807959+00:00,201,1839.52,
2026-09-11T20:34:47.587888+00:00,201,14064.71,
2026-09-11T20:34:58.721922+00:00,201,2960.90,
2026-09-11T20:34:59.552347+00:00,201,2127.66,
2026-09-11T20:35:00.439372+00:00,201,1270.13,
2026-09-11T20:34:56.237263+00:00,201,5471.98,
2026-09-11T20:34:52.753143+00:00,201,8963.66,
2026-09-11T20:34:43.473577+00:00,201,18247.92,
2026-09-11T20:34:57.333583+00:00,201,4411.76,
2026-09-11T20:34:56.650449+00:00,201,5125.03,
2026-09-11T20:34:50.396224+00:00,201,11391.61,
2026-09-11T20:34:58.020436+00:00,201,3773.35,
2026-09-11T20:34:58.560395+00:00,201,3261.73,
2026-09-11T20:34:53.782469+00:00,201,8043.28,
2026-09-11T20:34:47.801897+00:00,201,14042.72,
2026-09-11T20:34:58.344484+00:00,201,3507.81,
2026-09-11T20:34:31.164434+00:00,201,30709.12,
2026-09-11T20:34:53.489008+00:00,201,8391.77,
2026-09-11T20:34:43.225316+00:00,201,18670.58,
2026-09-11T20:34:57.125875+00:00,201,4761.49,
2026-09-11T20:34:43.660378+00:00,201,18253.58,
2026-09-11T20:34:55.455996+00:00,201,6488.98,
2026-09-11T20:34:58.791456+00:00,201,3151.09,
2026-09-11T20:34:50.509919+00:00,201,11479.52,
2026-09-11T20:34:54.770754+00:00,201,7224.80,
2026-09-11T20:34:24.663507+00:00,201,37340.93,
2026-09-11T20:34:37.885610+00:00,201,24125.30,
2026-09-11T20:34:52.497736+00:00,201,9556.29,
2026-09-11T20:35:00.742264+00:00,201,1315.62,
2026-09-11T20:34:44.196700+00:00,201,17877.88,
2026-09-11T20:34:59.164142+00:00,201,2914.95,
2026-09-11T20:34:45.699029+00:00,201,16382.83,
2026-09-11T20:34:49.100589+00:00,201,12978.29,
2026-09-11T20:34:54.730566+00:00,201,7367.03,
2026-09-11T20:34:53.869053+00:00,201,8259.86,
2026-09-11T20:34:50.519946+00:00,201,11627.40,
2026-09-11T20:34:53.758510+00:00,201,8391.41,
2026-09-11T20:34:57.993134+00:00,201,4176.40,
2026-09-11T20:35:01.172394+00:00,201,1011.00,
2026-09-11T20:34:58.160523+00:00,201,4020.31,
2026-09-11T20:34:39.598284+00:00,201,22597.15,
2026-09-11T20:35:00.479257+00:00,201,1732.49,
2026-09-11T20:34:57.173456+00:00,201,5045.63,
2026-09-11T20:35:01.432385+00:00,201,796.65,
2026-09-11T20:34:55.185397+00:00,201,7060.33,
2026-09-11T20:35:01.946092+00:00,201,336.59,
2026-09-11T20:34:44.128707+00:00,201,18160.30,
2026-09-11T20:34:39.631691+00:00,201,22674.59,
2026-09-11T20:34:54.596750+00:00,201,7728.94,
2026-09-11T20:34:56.116865+00:00,201,6238.93,
2026-09-11T20:35:00.759219+00:00,201,1656.05,
2026-09-11T20:34:56.045829+00:00,201,6374.94,
2026-09-11T20:34:57.806811+00:00,201,4622.01,
2026-09-11T20:34:54.723293+00:00,201,7717.68,
2026-09-11T20:34:51.111267+00:00,201,11347.25,
2026-09-11T20:34:57.221870+00:00,201,5243.76,
2026-09-11T20:34:39.868225+00:00,201,22597.82,
2026-09-11T20:34:46.593101+00:00,201,15883.83,
2026-09-11T20:34:57.304692+00:00,201,5177.57,
2026-09-11T20:34:56.495999+00:00,201,6002.49,
2026-09-11T20:34:52.560882+00:00,201,9950.39,
2026-09-11T20:35:00.162753+00:00,201,2357.35,
2026-09-11T20:34:53.240954+00:00,201,9290.74,
2026-09-11T20:34:48.317150+00:00,201,14222.08,
2026-09-11T20:34:56.656021+00:00,201,5903.87,
2026-09-11T20:34:54.847199+00:00,201,7721.99,
2026-09-11T20:34:59.083196+00:00,201,3491.16,
2026-09-11T20:34:52.910868+00:00,201,9659.47,
2026-09-11T20:35:00.961666+00:00,201,1625.79,
2026-09-11T20:34:42.631844+00:00,201,19955.17,
2026-09-11T20:34:53.015301+00:00,201,9576.65,
2026-09-11T20:34:58.011999+00:00,201,4580.98,
2026-09-11T20:34:48.169736+00:00,201,14431.92,
2026-09-11T20:34:56.383002+00:00,201,6220.37,
2026-09-11T20:34:50.315958+00:00,201,12293.92,
2026-09-11T20:34:57.333583+00:00,201,5292.79,
2026-09-11T20:35:00.810467+00:00,201,1823.35,
2026-09-11T20:35:01.009637+00:00,201,1628.31,
2026-09-11T20:34:49.721390+00:00,201,12967.46,
2026-09-11T20:34:56.797404+00:00,201,5910.23,
2026-09-11T20:34:50.452976+00:00,201,12263.11,
2026-09-11T20:34:56.339836+00:00,201,6406.14,
2026-09-11T20:34:36.823773+00:00,201,25928.96,
2026-09-11T20:34:56.794232+00:00,201,5972.21,
2026-09-11T20:34:44.835918+00:00,201,17989.84,
2026-09-11T20:34:36.553455+00:00,201,26289.40,
2026-09-11T20:34:52.029475+00:00,201,10832.14,
2026-09-11T20:34:53.711039+00:00,201,9148.99,
2026-09-11T20:34:41.836407+00:00,201,21032.77,
2026-09-11T20:34:50.362506+00:00,201,12517.71,
2026-09-11T20:34:50.056029+00:00,201,12851.71,
2026-09-11T20:35:00.469227+00:00,201,2449.56,
2026-09-11T20:34:53.157935+00:00,201,9755.71,
2026-09-11T20:35:01.818040+00:00,201,1128.50,
2026-09-11T20:34:56.387771+00:00,201,6559.85,
2026-09-11T20:34:58.289702+00:00,201,4668.08,
2026-09-11T20:34:43.330095+00:00,201,19638.52,
2026-09-11T20:34:55.766906+00:00,201,7206.86,
2026-09-11T20:35:00.796699+00:00,201,2186.66,
2026-09-11T20:34:59.390805+00:00,201,3606.77,
2026-09-11T20:34:38.537329+00:00,201,24478.47,
2026-09-11T20:34:51.619729+00:00,201,11396.58,
2026-09-11T20:34:50.037973+00:00,201,12992.24,
2026-09-11T20:34:57.173456+00:00,201,5868.27,
2026-09-11T20:34:55.009478+00:00,201,8051.10,
2026-09-11T20:34:45.505895+00:00,201,17561.34,
2026-09-11T20:35:01.273478+00:00,201,1801.21,
2026-09-11T20:34:36.002708+00:00,201,27075.28,
2026-09-11T20:34:52.501444+00:00,201,10602.73,
2026-09-11T20:34:43.690827+00:00,201,19445.95,
2026-09-11T20:34:43.185104+00:00,201,19952.79,
2026-09-11T20:34:46.531406+00:00,201,16608.40,
2026-09-11T20:34:55.858871+00:00,201,7295.09,
2026-09-11T20:35:01.822067+00:00,201,1347.38,
2026-09-11T20:34:55.151643+00:00,201,8029.87,
2026-09-11T20:34:54.946348+00:00,201,8231.16,
2026-09-11T20:34:56.778412+00:00,201,6416.99,
2026-09-11T20:34:37.109383+00:00,201,26089.23,
2026-09-11T20:35:01.530827+00:00,201,1700.57,
2026-09-11T20:34:46.803389+00:00,201,16436.43,
2026-09-11T20:34:48.375833+00:00,201,14864.53,
2026-09-11T20:34:54.169285+00:00,201,9092.45,
2026-09-11T20:34:40.850992+00:00,201,22425.44,
2026-09-11T20:34:56.714115+00:00,201,6591.10,
2026-09-11T20:34:56.556836+00:00,201,6771.46,
2026-09-11T20:34:54.930290+00:00,201,8432.38,
2026-09-11T20:34:43.252390+00:00,201,20130.50,
2026-09-11T20:34:48.831860+00:00,201,14562.95,
2026-09-11T20:34:58.893026+00:00,201,4514.15,
2026-09-11T20:34:47.081844+00:00,201,16335.71,
2026-09-11T20:35:00.128474+00:00,201,3291.53,
2026-09-11T20:35:00.737043+00:00,201,2689.79,
2026-09-11T20:34:54.730566+00:00,201,8712.74,
2026-09-11T20:34:55.979373+00:00,201,7481.77,
2026-09-11T20:34:58.315965+00:00,201,5152.85,
2026-09-11T20:35:00.274869+00:00,201,3231.17,
2026-09-11T20:34:44.357627+00:00,201,19155.66,
2026-09-11T20:34:52.982770+00:00,201,10561.25,
2026-09-11T20:34:50.002777+00:00,201,13542.89,
2026-09-11T20:34:48.488628+00:00,201,15067.44,
2026-09-11T20:34:59.414180+00:00,201,4143.39,
2026-09-11T20:34:53.711039+00:00,201,9856.96,
2026-09-11T20:34:21.210225+00:00,201,42379.22,
2026-09-11T20:34:54.962864+00:00,201,8625.07,
2026-09-11T20:35:03.376975+00:00,201,232.78,
2026-09-11T20:34:50.073841+00:00,201,13544.62,
2026-09-11T20:34:57.102528+00:00,201,6554.00,
2026-09-11T20:35:03.398833+00:00,201,260.69,
2026-09-11T20:35:02.627465+00:00,201,1039.85,
2026-09-11T20:34:50.549607+00:00,201,13130.08,
2026-09-11T20:34:57.304692+00:00,201,6400.85,
2026-09-11T20:34:36.775284+00:00,201,26938.84,
2026-09-11T20:34:54.631156+00:00,201,9112.42,
2026-09-11T20:34:40.056180+00:00,201,23696.22,
2026-09-11T20:34:55.110245+00:00,201,8657.72,
2026-09-11T20:34:39.569895+00:00,201,24203.20,
2026-09-11T20:34:57.516990+00:00,201,6268.57,
2026-09-11T20:35:00.215158+00:00,201,3581.42,
2026-09-11T20:35:00.627728+00:00,201,3201.44,
2026-09-11T20:34:58.779593+00:00,201,5052.39,
2026-09-11T20:35:01.022110+00:00,201,2816.53,
2026-09-11T20:34:52.672265+00:00,201,11168.89,
2026-09-11T20:34:47.455031+00:00,201,16399.13,
2026-09-11T20:34:54.382069+00:00,201,9488.33,
2026-09-11T20:34:50.017441+00:00,201,13871.48,
2026-09-11T20:35:01.950109+00:00,201,1959.74,
2026-09-11T20:34:44.309522+00:00,201,19607.81,
2026-09-11T20:34:38.396661+00:00,201,25528.19,
2026-09-11T20:34:55.658892+00:00,201,8263.20,
2026-09-11T20:34:55.842902+00:00,201,8098.52,
2026-09-11T20:35:03.276107+00:00,201,674.08,
2026-09-11T20:34:47.697224+00:00,201,16255.90,
2026-09-11T20:34:51.680445+00:00,201,12272.42,
2026-09-11T20:34:59.582198+00:00,201,4392.81,
2026-09-11T20:34:52.431006+00:00,201,11564.44,
2026-09-11T20:34:59.255223+00:00,201,4753.29,
2026-09-11T20:34:58.296941+00:00,201,5725.06,
2026-09-11T20:34:40.916923+00:00,201,23121.00,
2026-09-11T20:35:01.596236+00:00,201,2453.11,
2026-09-11T20:34:58.823869+00:00,201,5245.08,
2026-09-11T20:34:54.836612+00:00,201,9231.30,
2026-09-11T20:34:59.387784+00:00,201,4691.03,
2026-09-11T20:34:49.260911+00:00,201,14823.73,
2026-09-11T20:34:42.943649+00:00,201,21151.35,
2026-09-11T20:35:02.928477+00:00,201,1205.64,
2026-09-11T20:34:52.815109+00:00,201,11328.19,
2026-09-11T20:34:51.696549+00:00,201,12459.79,
2026-09-11T20:34:46.364091+00:00,201,17807.50,
2026-09-11T20:35:00.935374+00:00,201,3266.69,
2026-09-11T20:34:20.802219+00:00,201,43398.48,
2026-09-11T20:35:01.402592+00:00,201,2816.07,
2026-09-11T20:34:56.375004+00:00,201,7856.59,
2026-09-11T20:34:53.538074+00:00,201,10705.17,
2026-09-11T20:35:01.368599+00:00,201,2895.57,
2026-09-11T20:34:54.429532+00:00,201,9849.38,
2026-09-11T20:34:46.850321+00:00,201,17453.66,
2026-09-11T20:34:37.901077+00:00,201,26417.72,
2026-09-11T20:34:45.961090+00:00,201,18373.80,
2026-09-11T20:34:50.578410+00:00,201,13794.52,
2026-09-11T20:34:42.469883+00:00,201,21918.11,
2026-09-11T20:34:57.721108+00:00,201,6677.68,
2026-09-11T20:34:59.880811+00:00,201,4533.36,
2026-09-11T20:34:54.456979+00:00,201,9984.82,
2026-09-11T20:35:01.297389+00:00,201,3151.53,
2026-09-11T20:35:01.606125+00:00,201,2846.64,
2026-09-11T20:34:56.778412+00:00,201,7686.36,
2026-09-11T20:34:51.789621+00:00,201,12681.14,
2026-09-11T20:34:49.335938+00:00,201,15151.22,
2026-09-11T20:35:01.944083+00:00,201,2563.11,
2026-09-11T20:34:56.650449+00:00,201,7862.44,
2026-09-11T20:34:58.968737+00:00,201,5550.68,
2026-09-11T20:34:30.531496+00:00,201,33997.63,
2026-09-11T20:34:59.108879+00:00,201,5469.03,
2026-09-11T20:34:57.916796+00:00,201,6671.92,
2026-09-11T20:34:52.658988+00:00,201,11936.50,
2026-09-11T20:34:26.908963+00:00,201,37677.85,
2026-09-11T20:34:38.256144+00:00,201,26364.65,
2026-09-11T20:35:00.185597+00:00,201,4437.90,
2026-09-11T20:35:00.566552+00:00,201,4065.47,
2026-09-11T20:34:53.906156+00:00,201,10748.94,
2026-09-11T20:35:04.334368+00:00,201,321.94,
2026-09-11T20:34:34.838171+00:00,201,29823.69,
2026-09-11T20:35:04.377077+00:00,201,289.27,
2026-09-11T20:34:49.037108+00:00,201,15645.20,
2026-09-11T20:35:02.471642+00:00,201,2228.81,
2026-09-11T20:34:48.751745+00:00,201,15964.10,
2026-09-11T20:34:47.958313+00:00,201,16761.46,
2026-09-11T20:34:49.453817+00:00,201,15280.21,
2026-09-11T20:34:58.536881+00:00,201,6199.25,
2026-09-11T20:35:02.324703+00:00,201,2443.15,
2026-09-11T20:34:58.424472+00:00,201,6341.49,
2026-09-11T20:34:48.450119+00:00,201,16327.05,
2026-09-11T20:34:49.229104+00:00,201,15540.74,
2026-09-11T20:35:02.053088+00:00,201,2733.23,
2026-09-11T20:34:56.323923+00:00,201,8470.07,
2026-09-11T20:35:01.022110+00:00,201,3796.89,
2026-09-11T20:34:55.771855+00:00,201,9058.24,
2026-09-11T20:35:02.085043+00:00,201,2773.33,
2026-09-11T20:34:52.145717+00:00,201,12729.16,
2026-09-11T20:35:03.137899+00:00,201,1755.63,
2026-09-11T20:35:04.009197+00:00,201,905.51,
2026-09-11T20:35:03.709918+00:00,201,1220.68,
2026-09-11T20:35:00.691046+00:00,201,4242.66,
2026-09-11T20:34:48.842642+00:00,201,16096.82,
2026-09-11T20:34:57.507771+00:00,201,7431.48,
2026-09-11T20:34:38.107878+00:00,201,26843.14,
2026-09-11T20:34:42.006527+00:00,201,22955.20,
2026-09-11T20:34:55.747260+00:00,201,9218.31,
2026-09-11T20:34:54.117608+00:00,201,10900.10,
2026-09-11T20:35:01.342439+00:00,201,3688.53,
2026-09-11T20:34:59.976012+00:00,201,5070.62,
2026-09-11T20:35:03.400843+00:00,201,1674.58,
2026-09-11T20:34:58.495945+00:00,201,6588.31,
2026-09-11T20:34:59.486810+00:00,201,5603.64,
2026-09-11T20:34:49.540406+00:00,201,15550.92,
2026-09-11T20:34:50.896976+00:00,201,14213.90,
2026-09-11T20:35:01.432385+00:00,201,3676.41,
2026-09-11T20:35:04.870561+00:00,201,251.28,
2026-09-11T20:34:46.003933+00:00,201,19131.55,
2026-09-11T20:34:52.275328+00:00,201,12872.01,
2026-09-11T20:35:03.160019+00:00,201,1992.45,
2026-09-11T20:35:03.231499+00:00,201,1925.46,
2026-09-11T20:35:03.789920+00:00,201,1391.58,
2026-09-11T20:34:49.598604+00:00,201,15585.61,
2026-09-11T20:35:01.844598+00:00,201,3343.63,
2026-09-11T20:34:41.722027+00:00,201,23496.87,
2026-09-11T20:34:52.705503+00:00,201,12515.68,
2026-09-11T20:34:59.784331+00:00,201,5444.08,
2026-09-11T20:35:02.589984+00:00,201,2653.27,
2026-09-11T20:34:59.342589+00:00,201,5910.07,
2026-09-11T20:34:41.469198+00:00,201,23798.43,
2026-09-11T20:34:49.582211+00:00,201,15689.64,
2026-09-11T20:35:04.196587+00:00,201,1078.37,
2026-09-11T20:35:00.599146+00:00,201,4680.25,
2026-09-11T20:35:03.545368+00:00,201,1754.71,
2026-09-11T20:34:57.984540+00:00,201,7365.67,
2026-09-11T20:34:39.106539+00:00,201,26251.48,
2026-09-11T20:34:56.682408+00:00,201,8682.42,
2026-09-11T20:34:58.452312+00:00,201,6917.04,
2026-09-11T20:34:45.590250+00:00,201,19789.68,
2026-09-11T20:34:23.212184+00:00,201,42171.43,
2026-09-11T20:34:58.874011+00:00,201,6512.53,
2026-09-11T20:34:58.444131+00:00,201,6952.37,
2026-09-11T20:35:04.078892+00:00,201,1329.66,
2026-09-11T20:34:53.862412+00:00,201,11551.60,
2026-09-11T20:34:42.755495+00:00,201,22657.56,
2026-09-11T20:34:50.998971+00:00,201,14476.52,
2026-09-11T20:34:52.073902+00:00,201,13421.86,
2026-09-11T20:35:04.418037+00:00,201,1080.62,
2026-09-11T20:34:52.750870+00:00,201,12755.04,
2026-09-11T20:34:38.559928+00:00,201,26966.84,
2026-09-11T20:34:57.212571+00:00,201,8333.05,
2026-09-11T20:34:53.076166+00:00,201,12478.88,
2026-09-11T20:34:57.145338+00:00,201,8421.54,
2026-09-11T20:35:03.950428+00:00,201,1622.78,
2026-09-11T20:34:56.967392+00:00,201,8608.01,
2026-09-11T20:35:04.521470+00:00,201,1063.41,
2026-09-11T20:35:03.909460+00:00,201,1682.15,
2026-09-11T20:35:03.059994+00:00,201,2527.49,
2026-09-11T20:34:29.258492+00:00,201,36340.61,
2026-09-11T20:34:57.702374+00:00,201,7907.58,
2026-09-11T20:34:49.929580+00:00,201,15701.02,
2026-09-11T20:34:57.173456+00:00,201,8475.66,
2026-09-11T20:34:48.296967+00:00,201,17360.62,
2026-09-11T20:34:59.904035+00:00,201,5761.89,
2026-09-11T20:34:46.628316+00:00,201,19043.02,
2026-09-11T20:34:55.146312+00:00,201,10541.70,
2026-09-11T20:34:42.689166+00:00,201,23007.17,
2026-09-11T20:34:44.282098+00:00,201,21433.76,
2026-09-11T20:34:52.617909+00:00,201,13118.80,
2026-09-11T20:34:24.367698+00:00,201,41395.88,
2026-09-11T20:35:00.153993+00:00,201,5615.56,
2026-09-11T20:34:52.292490+00:00,201,13479.12,
2026-09-11T20:35:01.606125+00:00,201,4168.15,
2026-09-11T20:35:05.522998+00:00,201,254.30,
2026-09-11T20:35:02.427305+00:00,201,3353.95,
2026-09-11T20:34:55.474480+00:00,201,10321.15,
2026-09-11T20:34:57.189436+00:00,201,8615.43,
2026-09-11T20:34:57.297419+00:00,201,8509.02,
2026-09-11T20:34:38.787787+00:00,201,27042.54,
2026-09-11T20:34:57.389738+00:00,201,8439.62,
2026-09-11T20:34:46.759482+00:00,201,19089.02,
2026-09-11T20:34:57.964707+00:00,201,7925.93,
2026-09-11T20:34:31.212926+00:00,201,34692.33,
2026-09-11T20:34:59.046935+00:00,201,6865.88,
2026-09-11T20:34:53.011787+00:00,201,12907.80,
2026-09-11T20:34:35.049951+00:00,201,30879.83,
2026-09-11T20:34:44.493269+00:00,201,21445.10,
2026-09-11T20:34:26.702191+00:00,201,39244.61,
2026-09-11T20:35:01.494654+00:00,201,4460.36,
2026-09-11T20:35:05.713721+00:00,201,248.54,
2026-09-11T20:34:55.518878+00:00,201,10452.45,
2026-09-11T20:35:01.709902+00:00,201,4264.71,
2026-09-11T20:35:00.305777+00:00,201,5682.52,
2026-09-11T20:34:52.482040+00:00,201,13518.92,
2026-09-11T20:34:48.317150+00:00,201,17687.24,
2026-09-11T20:34:53.473529+00:00,201,12557.66,
2026-09-11T20:34:51.270344+00:00,201,14774.01,
2026-09-11T20:34:48.503733+00:00,201,17551.06,
2026-09-11T20:34:57.855812+00:00,201,8198.79,
2026-09-11T20:34:42.443671+00:00,201,23619.43,
2026-09-11T20:35:03.431258+00:00,201,2648.31,
2026-09-11T20:34:57.145338+00:00,201,8938.49,
2026-09-11T20:35:03.770135+00:00,201,2328.93,
2026-09-11T20:35:00.675176+00:00,201,5428.70,
2026-09-11T20:34:47.832727+00:00,201,18278.93,
2026-09-11T20:34:54.518264+00:00,201,11610.79,
2026-09-11T20:34:53.822368+00:00,201,12356.29,
2026-09-11T20:34:59.782310+00:00,201,6409.75,
2026-09-11T20:34:23.363699+00:00,201,42839.31,
2026-09-11T20:34:59.791367+00:00,201,6432.07,
2026-09-11T20:35:03.668544+00:00,201,2578.67,
2026-09-11T20:35:02.359192+00:00,201,3896.44,
2026-09-11T20:34:56.888660+00:00,201,9367.28,
2026-09-11T20:34:46.392396+00:00,201,19880.14,
2026-09-11T20:34:50.862667+00:00,201,15421.67,
2026-09-11T20:34:59.203335+00:00,201,7113.88,
2026-09-11T20:34:54.057984+00:00,201,12263.08,
2026-09-11T20:34:55.842902+00:00,201,10496.63,
2026-09-11T20:34:35.013298+00:00,201,31320.60,
2026-09-11T20:35:05.299916+00:00,201,1048.46,
2026-09-11T20:34:50.583075+00:00,201,15775.17,
2026-09-11T20:34:53.380027+00:00,201,12974.02,
2026-09-11T20:34:59.937858+00:00,201,6424.76,
2026-09-11T20:35:05.767903+00:00,201,606.41,
2026-09-11T20:35:01.081476+00:00,201,5293.32,
2026-09-11T20:34:59.000193+00:00,201,7374.89,
2026-09-11T20:34:33.461662+00:00,201,32922.76,
2026-09-11T20:34:50.442447+00:00,201,15953.83,
2026-09-11T20:35:06.188695+00:00,201,239.96,
2026-09-11T20:34:59.946681+00:00,201,6485.38,
2026-09-11T20:34:50.993962+00:00,201,15447.56,
2026-09-11T20:35:00.869611+00:00,201,5629.78,
2026-09-11T20:34:53.426377+00:00,201,13078.11,
2026-09-11T20:35:06.247730+00:00,201,271.39,
2026-09-11T20:35:03.135896+00:00,201,3401.15,
2026-09-11T20:35:05.090948+00:00,201,1455.40,
2026-09-11T20:35:04.731548+00:00,201,1816.50,
2026-09-11T20:34:43.783446+00:00,201,22780.46,
2026-09-11T20:35:05.361947+00:00,201,1213.18,
2026-09-11T20:34:54.480172+00:00,201,12116.29,
2026-09-11T20:34:50.105373+00:00,201,16510.13,
2026-09-11T20:34:52.302626+00:00,201,14329.86,
2026-09-11T20:35:04.504077+00:00,201,2148.83,
2026-09-11T20:35:05.495850+00:00,201,1184.93,
2026-09-11T20:34:48.361640+00:00,201,18319.14,
2026-09-11T20:35:04.155871+00:00,201,2530.49,
2026-09-11T20:35:04.696573+00:00,201,1998.15,
2026-09-11T20:34:56.666999+00:00,201,10037.31,
2026-09-11T20:35:04.937702+00:00,201,1770.30,
2026-09-11T20:35:01.717437+00:00,201,4989.70,
2026-09-11T20:34:59.454843+00:00,201,7274.22,
2026-09-11T20:34:56.159915+00:00,201,10572.01,
2026-09-11T20:35:02.919083+00:00,201,3829.34,
2026-09-11T20:34:53.963482+00:00,201,12787.82,
2026-09-11T20:35:04.095950+00:00,201,2662.40,
2026-09-11T20:35:00.599146+00:00,201,6162.42,
2026-09-11T20:34:57.648054+00:00,201,9119.64,
2026-09-11T20:35:05.154559+00:00,201,1625.27,
2026-09-11T20:34:57.538143+00:00,201,9282.79,
2026-09-11T20:34:49.461281+00:00,201,17374.41,
2026-09-11T20:34:55.958775+00:00,201,10910.99,
2026-09-11T20:34:45.848477+00:00,201,21029.44,
2026-09-11T20:35:04.724390+00:00,201,2161.30,
2026-09-11T20:35:01.894151+00:00,201,5009.29,
2026-09-11T20:34:56.619423+00:00,201,10320.75,
2026-09-11T20:34:33.436336+00:00,201,33517.98,
2026-09-11T20:34:52.927384+00:00,201,14023.27,
2026-09-11T20:34:31.440424+00:00,201,35535.21,
2026-09-11T20:35:05.170323+00:00,201,1793.21,
2026-09-11T20:34:59.136075+00:00,201,7877.45,
2026-09-11T20:34:59.866861+00:00,201,7158.46,
2026-09-11T20:35:01.669632+00:00,201,5364.15,
2026-09-11T20:35:04.108207+00:00,201,2923.19,
2026-09-11T20:34:54.908960+00:00,201,12138.66,
2026-09-11T20:35:04.774638+00:00,201,2275.09,
2026-09-11T20:34:55.047255+00:00,201,11998.37,
2026-09-11T20:35:05.568388+00:00,201,1486.21,
2026-09-11T20:34:55.187907+00:00,201,11880.78,
2026-09-11T20:34:53.039394+00:00,201,14051.88,
2026-09-11T20:35:05.536665+00:00,201,1551.51,
2026-09-11T20:35:00.160751+00:00,201,6953.26,
2026-09-11T20:35:04.769636+00:00,201,2351.45,
2026-09-11T20:35:03.022698+00:00,201,4130.15,
2026-09-11T20:34:58.536881+00:00,201,8631.15,
2026-09-11T20:35:00.668078+00:00,201,6504.93,
2026-09-11T20:35:03.772141+00:00,201,3421.79,
2026-09-11T20:34:59.023061+00:00,201,8180.37,
2026-09-11T20:35:06.950821+00:00,201,254.19,
2026-09-11T20:35:05.572525+00:00,201,1653.92,
2026-09-11T20:34:50.424651+00:00,201,16806.90,
2026-09-11T20:35:00.786643+00:00,201,6453.03,
2026-09-11T20:34:23.427149+00:00,201,43825.89,
2026-09-11T20:35:02.595011+00:00,201,4667.48,
2026-09-11T20:34:53.974301+00:00,201,13293.93,
2026-09-11T20:35:05.934339+00:00,201,1346.76,
2026-09-11T20:35:02.576466+00:00,201,4724.12,
2026-09-11T20:35:01.588251+00:00,201,5744.31,
2026-09-11T20:34:50.232170+00:00,201,17105.44,
2026-09-11T20:35:02.232069+00:00,201,5123.95,
2026-09-11T20:35:06.679560+00:00,201,673.72,
2026-09-11T20:34:56.843637+00:00,201,10513.25,
2026-09-11T20:34:36.464890+00:00,201,30933.49,
2026-09-11T20:35:04.441897+00:00,201,2977.52,
2026-09-11T20:34:59.454843+00:00,201,7976.18,
2026-09-11T20:34:59.298774+00:00,201,8138.42,
2026-09-11T20:34:57.636556+00:00,201,9798.01,
2026-09-11T20:34:57.435777+00:00,201,10016.54,
2026-09-11T20:35:01.824075+00:00,201,5634.65,
2026-09-11T20:34:56.093478+00:00,201,11359.93,
2026-09-11T20:35:03.008232+00:00,201,4456.80,
2026-09-11T20:35:05.572525+00:00,201,1915.23,
2026-09-11T20:35:04.203245+00:00,201,3299.77,
2026-09-11T20:34:55.302885+00:00,201,12201.46,
2026-09-11T20:35:06.679560+00:00,201,818.89,
2026-09-11T20:35:05.737095+00:00,201,1787.01,
2026-09-11T20:34:50.387171+00:00,201,17157.07,
2026-09-11T20:34:56.159915+00:00,201,11382.94,
2026-09-11T20:35:00.650141+00:00,201,6904.68,
2026-09-11T20:34:57.237160+00:00,201,10352.46,
2026-09-11T20:34:51.868176+00:00,201,15730.09,
2026-09-11T20:34:54.534120+00:00,201,13071.35,
2026-09-11T20:34:46.866666+00:00,201,20756.14,
2026-09-11T20:35:02.026793+00:00,201,5599.08,
2026-09-11T20:35:00.955451+00:00,201,6683.48,
2026-09-11T20:35:04.886034+00:00,201,2757.13,
2026-09-11T20:35:06.429528+00:00,201,1267.52,
2026-09-11T20:35:03.858707+00:00,201,3855.50,
2026-09-11T20:34:57.443284+00:00,201,10291.32,
2026-09-11T20:35:04.031254+00:00,201,3736.74,
2026-09-11T20:34:58.718066+00:00,201,9057.34,
2026-09-11T20:35:05.476175+00:00,201,2298.61,
2026-09-11T20:34:45.328343+00:00,201,22456.83,
2026-09-11T20:34:59.502618+00:00,201,8285.20,
2026-09-11T20:35:05.625247+00:00,201,2176.48,
2026-09-11T20:35:01.447664+00:00,201,6360.07,
2026-09-11T20:34:52.688261+00:00,201,15132.50,
2026-09-11T20:34:55.811331+00:00,201,12016.37,
2026-09-11T20:34:56.990295+00:00,201,10840.40,
2026-09-11T20:34:46.058617+00:00,201,21806.72,
2026-09-11T20:34:57.388618+00:00,201,10517.08,
2026-09-11T20:34:55.721012+00:00,201,12191.59,
2026-09-11T20:34:56.603626+00:00,201,11313.89,
2026-09-11T20:34:46.142124+00:00,201,21815.43,
2026-09-11T20:35:06.171094+00:00,201,1804.14,
2026-09-11T20:34:53.791544+00:00,201,14189.18,
2026-09-11T20:35:04.076892+00:00,201,3927.78,
2026-09-11T20:35:05.228449+00:00,201,2776.85,
2026-09-11T20:34:52.371168+00:00,201,15633.61,
2026-09-11T20:35:03.827287+00:00,201,4182.95,
2026-09-11T20:35:07.745018+00:00,201,270.68,
2026-09-11T20:35:02.602104+00:00,201,5419.24,
2026-09-11T20:35:01.989861+00:00,201,6063.72,
2026-09-11T20:34:58.185378+00:00,201,9894.76,
2026-09-11T20:34:51.835739+00:00,201,16245.35,
2026-09-11T20:34:58.477307+00:00,201,9609.35,
2026-09-11T20:35:06.220647+00:00,201,1867.74,
2026-09-11T20:35:02.127686+00:00,201,5972.64,
2026-09-11T20:34:41.624138+00:00,201,26476.33,
2026-09-11T20:35:03.263899+00:00,201,4858.80,
2026-09-11T20:35:00.156747+00:00,201,7990.47,
2026-09-11T20:35:07.917233+00:00,201,245.05,
2026-09-11T20:35:03.139906+00:00,201,5030.26,
2026-09-11T20:34:57.380154+00:00,201,10795.16,
2026-09-11T20:35:06.520936+00:00,201,1671.96,
2026-09-11T20:35:06.706331+00:00,201,1488.64,
2026-09-11T20:34:55.375500+00:00,201,12846.19,
2026-09-11T20:35:01.342439+00:00,201,6883.99,
2026-09-11T20:34:45.776732+00:00,201,22458.25,
2026-09-11T20:35:05.903919+00:00,201,2343.40,
2026-09-11T20:34:44.903532+00:00,201,23343.58,
2026-09-11T20:34:54.946348+00:00,201,13310.28,
2026-09-11T20:35:03.555415+00:00,201,4708.47,
2026-09-11T20:34:32.776196+00:00,201,35497.15,
2026-09-11T20:34:56.762272+00:00,201,11513.62,
2026-09-11T20:35:03.658075+00:00,201,4620.84,
2026-09-11T20:35:03.947810+00:00,201,4336.35,
2026-09-11T20:35:03.597756+00:00,201,4720.33,
2026-09-11T20:34:57.316538+00:00,201,11003.03,
2026-09-11T20:35:05.698917+00:00,201,2631.57,
2026-09-11T20:35:02.168862+00:00,201,6174.09,
2026-09-11T20:35:06.775773+00:00,201,1587.66,
2026-09-11T20:34:39.199555+00:00,201,29166.77,
2026-09-11T20:34:54.930290+00:00,201,13441.93,
2026-09-11T20:34:52.380583+00:00,201,16016.40,
2026-09-11T20:34:52.567693+00:00,201,15834.47,
2026-09-11T20:34:43.034468+00:00,201,25384.55,
2026-09-11T20:35:02.075484+00:00,201,6346.61,
2026-09-11T20:35:05.552437+00:00,201,2873.54,
2026-09-11T20:34:59.472462+00:00,201,8960.01,
2026-09-11T20:35:05.826984+00:00,201,2608.25,
2026-09-11T20:34:56.259885+00:00,201,12212.71,
2026-09-11T20:34:57.916796+00:00,201,10575.28,
2026-09-11T20:35:05.662734+00:00,201,2835.32,
2026-09-11T20:35:02.194963+00:00,201,6310.91,
2026-09-11T20:35:08.050466+00:00,201,459.05,
2026-09-11T20:34:58.921680+00:00,201,9613.86,
2026-09-11T20:35:07.114397+00:00,201,1448.52,
2026-09-11T20:34:56.540682+00:00,201,12021.27,
2026-09-11T20:35:02.420311+00:00,201,6191.88,
2026-09-11T20:35:02.494775+00:00,201,6121.86,
2026-09-11T20:34:58.477307+00:00,201,10144.32,
2026-09-11T20:35:00.326475+00:00,201,8308.58,
2026-09-11T20:35:07.155550+00:00,201,1492.85,
2026-09-11T20:35:08.397905+00:00,201,302.43,
2026-09-11T20:35:06.542127+00:00,201,2157.23,
2026-09-11T20:35:02.005469+00:00,201,6722.53,
2026-09-11T20:35:00.947419+00:00,201,7787.16,
2026-09-11T20:35:05.944935+00:00,201,2799.53,
2026-09-11T20:34:46.012103+00:00,201,22766.82,
2026-09-11T20:34:46.406065+00:00,201,22389.28,
2026-09-11T20:34:48.988892+00:00,201,19809.63,
2026-09-11T20:35:06.821478+00:00,201,1984.27,
2026-09-11T20:35:04.814518+00:00,201,3986.97,
2026-09-11T20:34:59.168142+00:00,201,9642.99,
2026-09-11T20:35:07.225761+00:00,201,1582.18,
2026-09-11T20:35:03.337721+00:00,201,5491.28,
2026-09-11T20:34:54.883719+00:00,201,13958.74,
2026-09-11T20:34:56.797404+00:00,201,12084.46,
2026-09-11T20:35:04.831983+00:00,201,4060.75,
2026-09-11T20:35:05.122537+00:00,201,3781.80,
2026-09-11T20:35:07.362594+00:00,201,1546.02,
2026-09-11T20:34:40.883805+00:00,201,28051.73,
2026-09-11T20:35:01.478941+00:00,201,7452.42,
2026-09-11T20:34:51.017423+00:00,201,17926.69,
2026-09-11T20:35:02.182642+00:00,201,6777.65,
2026-09-11T20:34:52.995762+00:00,201,15975.42,
2026-09-11T20:35:04.243294+00:00,201,4729.13,
2026-09-11T20:34:59.677326+00:00,201,9290.99,
2026-09-11T20:35:05.415646+00:00,201,3567.39,
2026-09-11T20:35:07.044996+00:00,201,1941.67,
2026-09-11T20:35:01.526175+00:00,201,7481.67,
2026-09-11T20:34:58.040681+00:00,201,10974.40,
2026-09-11T20:35:05.267380+00:00,201,3747.58,
2026-09-11T20:35:07.036047+00:00,201,1987.61,
2026-09-11T20:34:50.614737+00:00,201,18445.35,
2026-09-11T20:34:46.563457+00:00,201,22497.04,
2026-09-11T20:35:07.928952+00:00,201,1184.74,
2026-09-11T20:34:54.962864+00:00,201,14172.56,
2026-09-11T20:34:44.353619+00:00,201,24799.96,
2026-09-11T20:34:55.607066+00:00,201,13565.55,
2026-09-11T20:34:31.382618+00:00,201,37799.93,
2026-09-11T20:35:08.113134+00:00,201,1072.30,
2026-09-11T20:35:08.092255+00:00,201,1102.55,
2026-09-11T20:34:47.637714+00:00,201,21561.56,
2026-09-11T20:34:54.817433+00:00,201,14426.91,
2026-09-11T20:34:56.087086+00:00,201,13166.58,
2026-09-11T20:35:08.952996+00:00,201,307.63,
2026-09-11T20:35:08.701738+00:00,201,561.66,
2026-09-11T20:34:53.394177+00:00,201,15874.81,
2026-09-11T20:35:00.464834+00:00,201,8819.93,
2026-09-11T20:34:50.259917+00:00,201,19031.19,
2026-09-11T20:35:05.047637+00:00,201,4248.34,
2026-09-11T20:34:55.699643+00:00,201,13622.51,
2026-09-11T20:35:08.312868+00:00,201,1023.42,
2026-09-11T20:34:55.019945+00:00,201,14322.71,
2026-09-11T20:34:56.766296+00:00,201,12587.36,
2026-09-11T20:35:00.217161+00:00,201,9142.10,
2026-09-11T20:34:53.806138+00:00,201,15551.20,
2026-09-11T20:34:57.948234+00:00,201,11407.81,
2026-09-11T20:35:02.219493+00:00,201,7165.60,
2026-09-11T20:34:47.685707+00:00,201,21693.14,
2026-09-11T20:35:03.876492+00:00,201,5531.70,
2026-09-11T20:35:06.542127+00:00,201,2879.01,
2026-09-11T20:34:48.957854+00:00,201,20500.02,
2026-09-11T20:35:00.402308+00:00,201,9080.01,
2026-09-11T20:35:03.327695+00:00,201,6156.40,
2026-09-11T20:35:00.531667+00:00,201,8966.29,
2026-09-11T20:34:49.508345+00:00,201,19999.06,
2026-09-11T20:35:06.507929+00:00,201,3020.48,
2026-09-11T20:35:08.190948+00:00,201,1344.58,
2026-09-11T20:35:07.713294+00:00,201,1828.06,
2026-09-11T20:34:46.611521+00:00,201,22954.66,
2026-09-11T20:35:01.638512+00:00,201,7931.82,
2026-09-11T20:34:58.495945+00:00,201,11081.38,
2026-09-11T20:35:02.305340+00:00,201,7276.78,
2026-09-11T20:35:01.452471+00:00,201,8153.68,
2026-09-11T20:34:54.836612+00:00,201,14773.89,
2026-09-11T20:34:46.499799+00:00,201,23136.94,
2026-09-11T20:34:55.316142+00:00,201,14358.68,
2026-09-11T20:35:00.627728+00:00,201,9050.75,
2026-09-11T20:34:51.696549+00:00,201,17984.57,
2026-09-11T20:35:08.935356+00:00,201,752.84,
2026-09-11T20:34:56.450585+00:00,201,13238.20,
2026-09-11T20:35:08.937362+00:00,201,774.74,
2026-09-11T20:35:02.948202+00:00,201,6762.48,
2026-09-11T20:35:02.289601+00:00,201,7435.07,
2026-09-11T20:35:04.196587+00:00,201,5540.67,
2026-09-11T20:35:02.416930+00:00,201,7366.61,
2026-09-11T20:35:04.469941+00:00,201,5316.62,
2026-09-11T20:35:07.009103+00:00,201,2801.94,
2026-09-11T20:34:55.842902+00:00,201,13969.35,
2026-09-11T20:35:04.736139+00:00,201,5077.25,
2026-09-11T20:35:06.362642+00:00,201,3449.13,
2026-09-11T20:34:41.923413+00:00,201,27894.96,
2026-09-11T20:35:04.616267+00:00,201,5198.18,
2026-09-11T20:35:02.747263+00:00,201,7068.82,
2026-09-11T20:34:38.222671+00:00,201,31592.42,
2026-09-11T20:35:04.798664+00:00,201,5025.24,
2026-09-11T20:34:50.551616+00:00,201,19274.80,
2026-09-11T20:34:48.280936+00:00,201,21561.61,
2026-09-11T20:34:33.193939+00:00,201,36664.38,
2026-09-11T20:34:43.815167+00:00,201,26042.40,
2026-09-11T20:35:00.350845+00:00,201,9504.19,
2026-09-11T20:34:46.985671+00:00,201,22882.29,
2026-09-11T20:34:42.304621+00:00,201,27601.56,
2026-09-11T20:34:54.741919+00:00,201,15170.85,
2026-09-11T20:34:48.218032+00:00,201,21697.12,
2026-09-11T20:35:05.146021+00:00,201,4784.93,
2026-09-11T20:35:05.634669+00:00,201,4337.44,
2026-09-11T20:34:56.125354+00:00,201,13848.41,
2026-09-11T20:34:52.846208+00:00,201,17125.40,
2026-09-11T20:35:09.214384+00:00,201,765.36,
2026-09-11T20:35:02.532817+00:00,201,7485.21,
2026-09-11T20:35:07.775176+00:00,201,2244.25,
2026-09-11T20:34:56.873401+00:00,201,13150.38,
2026-09-11T20:34:56.936082+00:00,201,13097.94,
2026-09-11T20:34:53.559898+00:00,201,16479.19,
2026-09-11T20:35:01.530827+00:00,201,8505.30,
2026-09-11T20:35:09.707000+00:00,201,335.34,
2026-09-11T20:35:04.140020+00:00,201,5918.60,
2026-09-11T20:35:09.723349+00:00,201,338.88,
2026-09-11T20:34:53.696219+00:00,201,16393.33,
2026-09-11T20:34:54.264405+00:00,201,15822.90,
2026-09-11T20:35:05.975401+00:00,201,4130.90,
2026-09-11T20:35:09.785906+00:00,201,342.30,
2026-09-11T20:34:52.334889+00:00,201,17803.60,
2026-09-11T20:35:09.856459+00:00,201,299.14,
2026-09-11T20:35:09.858484+00:00,201,322.53,
2026-09-11T20:34:49.867153+00:00,201,20318.69,
2026-09-11T20:35:07.193646+00:00,201,3032.13,
2026-09-11T20:34:52.387332+00:00,201,17841.80,
2026-09-11T20:34:40.322162+00:00,201,29926.87,
2026-09-11T20:35:03.199117+00:00,201,7066.74,
2026-09-11T20:34:57.110061+00:00,201,13146.43,
2026-09-11T20:35:05.656440+00:00,201,4622.76,
2026-09-11T20:34:53.173280+00:00,201,17117.16,
2026-09-11T20:35:07.060256+00:00,201,3230.37,
2026-09-11T20:34:49.540406+00:00,201,20768.74,
2026-09-11T20:34:55.883973+00:00,201,14440.94,
2026-09-11T20:34:41.686851+00:00,201,28659.69,
2026-09-11T20:34:55.540718+00:00,201,14804.14,
2026-09-11T20:35:07.437094+00:00,201,2932.64,
2026-09-11T20:34:42.369993+00:00,201,28011.13,
2026-09-11T20:35:02.283570+00:00,201,8101.85,
2026-09-11T20:35:01.509166+00:00,201,8889.27,
2026-09-11T20:35:08.653323+00:00,201,1783.04,
2026-09-11T20:35:07.209540+00:00,201,3244.12,
2026-09-11T20:34:58.337145+00:00,201,12131.71,
2026-09-11T20:34:48.239148+00:00,201,22247.81,
2026-09-11T20:34:53.674391+00:00,201,16816.01,
2026-09-11T20:35:08.577750+00:00,201,1939.48,
2026-09-11T20:35:09.055233+00:00,201,1485.55,
2026-09-11T20:35:04.369724+00:00,201,6180.29,
2026-09-11T20:35:03.231499+00:00,201,7314.83,
2026-09-11T20:35:03.686119+00:00,201,6870.33,
2026-09-11T20:35:02.604112+00:00,201,7957.42,
2026-09-11T20:35:05.378008+00:00,201,5194.20,
2026-09-11T20:35:06.112081+00:00,201,4500.33,
2026-09-11T20:34:51.823435+00:00,201,18794.46,
2026-09-11T20:34:58.771526+00:00,201,11954.85,
2026-09-11T20:35:01.402592+00:00,201,9322.59,
2026-09-11T20:34:52.766983+00:00,201,17959.09,
2026-09-11T20:34:51.728563+00:00,201,19013.15,
2026-09-11T20:34:49.912774+00:00,201,20858.41,
2026-09-11T20:34:50.132782+00:00,201,20653.19,
2026-09-11T20:34:51.794644+00:00,201,18994.92,
2026-09-11T20:35:03.926005+00:00,201,6879.14,
2026-09-11T20:34:43.123678+00:00,201,27688.23,
2026-09-11T20:35:01.478941+00:00,201,9345.70,
2026-09-11T20:35:01.051108+00:00,201,9812.73,
2026-09-11T20:35:10.510188+00:00,201,356.74,
2026-09-11T20:35:07.865787+00:00,201,3011.15,
2026-09-11T20:35:02.513931+00:00,201,8377.51,
2026-09-11T20:35:10.528142+00:00,201,356.65,
2026-09-11T20:34:57.574206+00:00,201,13334.39,
2026-09-11T20:35:03.506025+00:00,201,7421.79,
2026-09-11T20:34:59.992719+00:00,201,10950.39,
2026-09-11T20:34:58.233661+00:00,201,12738.08,
2026-09-11T20:35:07.410096+00:00,201,3618.88,
2026-09-11T20:34:48.450119+00:00,201,22591.86,
2026-09-11T20:35:08.103693+00:00,201,2959.63,
2026-09-11T20:34:49.657967+00:00,201,21423.63,
2026-09-11T20:34:58.360228+00:00,201,12726.41,
2026-09-11T20:34:50.576390+00:00,201,20527.75,
2026-09-11T20:35:08.754959+00:00,201,2395.87,
2026-09-11T20:35:09.248091+00:00,201,1921.61,
2026-09-11T20:35:00.135476+00:00,201,11049.06,
2026-09-11T20:34:59.298774+00:00,201,11901.61,
2026-09-11T20:34:53.981328+00:00,201,17235.30,
2026-09-11T20:35:09.309416+00:00,201,1907.94,
2026-09-11T20:35:09.801051+00:00,201,1424.16,
2026-09-11T20:34:49.461281+00:00,201,21796.43,
2026-09-11T20:34:57.443284+00:00,201,13820.97,
2026-09-11T20:34:51.268337+00:00,201,20024.90,
2026-09-11T20:35:06.057372+00:00,201,5246.95,
2026-09-11T20:34:55.858871+00:00,201,15474.89,
2026-09-11T20:34:54.019743+00:00,201,17331.01,
2026-09-11T20:35:05.536665+00:00,201,5825.15,
2026-09-11T20:35:06.885439+00:00,201,4501.81,
2026-09-11T20:35:06.267941+00:00,201,5120.79,
2026-09-11T20:35:11.044211+00:00,201,346.95,
2026-09-11T20:34:16.207313+00:00,201,55239.92,
2026-09-11T20:34:54.566957+00:00,201,16882.54,
2026-09-11T20:35:09.679022+00:00,201,1779.45,
2026-09-11T20:35:01.789114+00:00,201,9715.67,
2026-09-11T20:34:39.495717+00:00,201,32012.40,
2026-09-11T20:35:03.562778+00:00,201,7953.81,
2026-09-11T20:35:02.591994+00:00,201,8929.93,
2026-09-11T20:34:39.199555+00:00,201,32346.79,
2026-09-11T20:35:02.795189+00:00,201,8761.04,
2026-09-11T20:35:02.320546+00:00,201,9249.48,
2026-09-11T20:34:28.004219+00:00,201,43596.16,
2026-09-11T20:35:05.773997+00:00,201,5824.90,
2026-09-11T20:35:10.019917+00:00,201,1591.76,
2026-09-11T20:34:55.418992+00:00,201,16202.85,
2026-09-11T20:34:32.221066+00:00,201,39424.94,
2026-09-11T20:35:07.997667+00:00,201,3672.79,
2026-09-11T20:35:07.806913+00:00,201,3871.27,
2026-09-11T20:34:59.834430+00:00,201,11868.27,
2026-09-11T20:35:08.568608+00:00,201,3149.61,
2026-09-11T20:35:07.428511+00:00,201,4359.23,
2026-09-11T20:34:39.947469+00:00,201,31848.66,
2026-09-11T20:35:09.248091+00:00,201,2553.88,
2026-09-11T20:35:01.311726+00:00,201,10574.07,
2026-09-11T20:35:04.171863+00:00,201,7722.94,
2026-09-11T20:35:11.500924+00:00,201,394.47,
2026-09-11T20:35:07.044996+00:00,201,4869.59,
2026-09-11T20:34:52.529477+00:00,201,19379.90,
2026-09-11T20:35:06.651267+00:00,201,5284.86,
2026-09-11T20:35:01.685563+00:00,201,10255.25,
2026-09-11T20:35:04.523577+00:00,201,7428.89,
2026-09-11T20:34:43.748884+00:00,201,28239.16,
2026-09-11T20:35:07.955019+00:00,201,4056.65,
2026-09-11T20:35:05.767903+00:00,201,6274.30,
2026-09-11T20:35:05.831525+00:00,201,6229.79,
2026-09-11T20:35:05.688423+00:00,201,6372.74,
2026-09-11T20:35:00.056621+00:00,201,12007.60,
2026-09-11T20:34:52.232401+00:00,201,19879.09,
2026-09-11T20:34:52.221883+00:00,201,19910.39,
2026-09-11T20:35:01.466515+00:00,201,10662.67,
2026-09-11T20:35:04.230431+00:00,201,7914.23,
2026-09-11T20:34:53.995151+00:00,201,18168.15,
2026-09-11T20:35:03.840892+00:00,201,8364.38,
2026-09-11T20:35:07.437094+00:00,201,4781.13,
2026-09-11T20:35:06.696715+00:00,201,5522.57,
2026-09-11T20:34:51.183761+00:00,201,21048.97,
2026-09-11T20:34:56.619423+00:00,201,15624.77,
2026-09-11T20:35:04.038854+00:00,201,8254.65,
2026-09-11T20:35:08.085696+00:00,201,4217.21,
2026-09-11T20:34:51.503953+00:00,201,20843.78,
2026-09-11T20:34:57.934952+00:00,201,14423.02,
2026-09-11T20:34:52.431006+00:00,201,19971.65,
2026-09-11T20:35:04.441897+00:00,201,7976.90,
2026-09-11T20:35:03.996094+00:00,201,8435.48,
2026-09-11T20:35:07.465507+00:00,201,4984.14,
2026-09-11T20:35:07.428511+00:00,201,5030.51,
2026-09-11T20:35:04.964491+00:00,201,7517.21,
2026-09-11T20:35:05.361947+00:00,201,7144.15,
2026-09-11T20:34:50.858112+00:00,201,21666.19,
2026-09-11T20:35:01.114938+00:00,201,11428.40,
2026-09-11T20:35:09.817725+00:00,201,2723.07,
2026-09-11T20:34:57.110061+00:00,201,15449.68,
2026-09-11T20:35:05.672443+00:00,201,6890.73,
2026-09-11T20:34:51.315752+00:00,201,21249.78,
2026-09-11T20:35:07.980906+00:00,201,4628.11,
2026-09-11T20:35:08.733360+00:00,201,3912.55,
2026-09-11T20:35:09.507521+00:00,201,3143.42,
2026-09-11T20:35:09.008652+00:00,201,3677.21,
2026-09-11T20:35:04.303987+00:00,201,8394.87,
2026-09-11T20:35:07.279765+00:00,201,5430.80,
2026-09-11T20:34:59.734008+00:00,201,12977.01,
2026-09-11T20:35:09.817725+00:00,201,2900.20,
2026-09-11T20:34:59.062699+00:00,201,13669.43,
2026-09-11T20:34:45.097867+00:00,201,27647.08,
2026-09-11T20:34:51.065251+00:00,201,21690.08,
2026-09-11T20:34:59.215392+00:00,201,13547.28,
2026-09-11T20:34:54.786442+00:00,201,17980.69,
2026-09-11T20:34:56.112489+00:00,201,16663.10,
2026-09-11T20:35:09.679022+00:00,201,3103.11,
2026-09-11T20:35:08.158320+00:00,201,4668.31,
2026-09-11T20:35:02.587967+00:00,201,10269.61,
2026-09-11T20:35:02.550609+00:00,201,10318.05,
2026-09-11T20:35:07.044996+00:00,201,5832.28,
2026-09-11T20:35:08.250017+00:00,201,4656.60,
2026-09-11T20:35:10.541631+00:00,201,2358.23,
2026-09-11T20:35:07.887641+00:00,201,5036.82,
2026-09-11T20:34:43.310793+00:00,201,29637.59,
2026-09-11T20:35:06.679560+00:00,201,6294.62,
2026-09-11T20:35:04.633291+00:00,201,8352.62,
2026-09-11T20:34:44.480296+00:00,201,28509.13,
2026-09-11T20:35:04.069889+00:00,201,8921.86,
2026-09-11T20:35:03.595749+00:00,201,9430.60,
2026-09-11T20:34:54.459610+00:00,201,18563.57,
2026-09-11T20:34:53.091758+00:00,201,19981.96,
2026-09-11T20:35:00.241781+00:00,201,12846.72,
2026-09-11T20:34:48.044760+00:00,201,25045.21,
2026-09-11T20:34:58.060620+00:00,201,15034.76,
2026-09-11T20:35:11.516291+00:00,201,1589.13,
2026-09-11T20:35:00.038922+00:00,201,13093.80,
2026-09-11T20:35:10.269898+00:00,201,2874.50,
2026-09-11T20:35:01.236669+00:00,201,11911.23,
2026-09-11T20:35:12.357975+00:00,201,794.38,
2026-09-11T20:34:58.379809+00:00,201,14768.05,
2026-09-11T20:35:11.790329+00:00,201,1376.91,
2026-09-11T20:35:11.917155+00:00,201,1274.17,
2026-09-11T20:35:06.269952+00:00,201,6935.40,
2026-09-11T20:35:09.937034+00:00,201,3278.15,
2026-09-11T20:35:05.146021+00:00,201,8091.69,
2026-09-11T20:35:12.943055+00:00,201,294.93,
2026-09-11T20:34:53.619328+00:00,201,19635.55,
2026-09-11T20:35:00.077321+00:00,201,13182.90,
2026-09-11T20:35:04.948481+00:00,201,8363.18,
2026-09-11T20:34:51.902004+00:00,201,21420.45,
2026-09-11T20:35:12.111228+00:00,201,1212.86,
2026-09-11T20:34:58.052554+00:00,201,15293.13,
2026-09-11T20:34:54.518264+00:00,201,18842.33,
2026-09-11T20:35:06.378347+00:00,201,7009.42,
2026-09-11T20:35:13.070341+00:00,201,326.26,
2026-09-11T20:34:45.899942+00:00,201,27528.52,
2026-09-11T20:35:09.187217+00:00,201,4252.25,
2026-09-11T20:35:01.881371+00:00,201,11620.26,
2026-09-11T20:35:07.650805+00:00,201,5853.07,
2026-09-11T20:35:09.500263+00:00,201,4032.63,
2026-09-11T20:34:48.896177+00:00,201,24641.70,
2026-09-11T20:34:41.260350+00:00,201,32285.23,
2026-09-11T20:34:55.786296+00:00,201,17781.70,
2026-09-11T20:35:10.487811+00:00,201,3104.29,
2026-09-11T20:34:48.767614+00:00,201,24840.25,
2026-09-11T20:35:05.170323+00:00,201,8435.47,
2026-09-11T20:35:09.277831+00:00,201,4359.39,
2026-09-11T20:35:10.771644+00:00,201,2877.23,
2026-09-11T20:35:12.131426+00:00,201,1525.94,
2026-09-11T20:34:56.141417+00:00,201,17519.53,
2026-09-11T20:34:56.112489+00:00,201,17560.44,
2026-09-11T20:35:13.337635+00:00,201,346.00,
2026-09-11T20:35:07.444698+00:00,201,6233.37,
2026-09-11T20:34:36.423117+00:00,201,37267.77,
2026-09-11T20:34:38.282915+00:00,201,35402.26,
2026-09-11T20:35:09.143123+00:00,201,4554.31,
2026-09-11T20:35:09.199244+00:00,201,4542.33,
2026-09-11T20:35:11.203528+00:00,201,2555.98,
2026-09-11T20:35:10.342748+00:00,201,3431.80,
2026-09-11T20:35:09.356289+00:00,201,4426.61,
2026-09-11T20:34:53.273630+00:00,201,20541.42,
2026-09-11T20:34:55.002363+00:00,201,18836.48,
2026-09-11T20:34:52.042516+00:00,201,21798.22,
2026-09-11T20:34:37.509808+00:00,201,36351.60,
2026-09-11T20:35:10.909106+00:00,201,2983.61,
2026-09-11T20:35:07.509372+00:00,201,6403.05,
2026-09-11T20:34:57.074637+00:00,201,16854.56,
2026-09-11T20:35:13.305476+00:00,201,657.43,
2026-09-11T20:34:57.609525+00:00,201,16361.69,
2026-09-11T20:34:36.067813+00:00,201,37901.58,
2026-09-11T20:35:03.890428+00:00,201,10086.81,
2026-09-11T20:35:03.181310+00:00,201,10813.06,
2026-09-11T20:35:05.126863+00:00,201,8878.07,
2026-09-11T20:34:56.003099+00:00,201,18000.93,
2026-09-11T20:35:03.749069+00:00,201,10269.80,
2026-09-11T20:35:04.675084+00:00,201,9349.14,
2026-09-11T20:35:11.960029+00:00,201,2091.16,
2026-09-11T20:35:05.848048+00:00,201,8221.82,
2026-09-11T20:35:01.164352+00:00,201,12919.31,
2026-09-11T20:34:55.674992+00:00,201,18413.86,
2026-09-11T20:35:02.129696+00:00,201,11984.99,
2026-09-11T20:35:09.929651+00:00,201,4226.58,
2026-09-11T20:35:00.358397+00:00,201,13789.40,
2026-09-11T20:34:54.138424+00:00,201,20016.22,
2026-09-11T20:35:08.343919+00:00,201,5857.39,
2026-09-11T20:34:58.850081+00:00,201,15364.28,
2026-09-11T20:34:40.993146+00:00,201,33266.05,
2026-09-11T20:35:02.739283+00:00,201,11521.83,
2026-09-11T20:35:06.006944+00:00,201,8266.40,
2026-09-11T20:34:57.680894+00:00,201,16592.17,
2026-09-11T20:35:13.963406+00:00,201,347.24,
2026-09-11T20:35:10.791984+00:00,201,3521.25,
2026-09-11T20:35:13.975057+00:00,201,342.13,
2026-09-11T20:34:44.332621+00:00,201,30016.95,
2026-09-11T20:34:55.357730+00:00,201,19010.63,
2026-09-11T20:35:06.371782+00:00,201,8042.87,
2026-09-11T20:34:46.364091+00:00,201,28072.34,
2026-09-11T20:35:06.499878+00:00,201,7958.21,
2026-09-11T20:35:08.640548+00:00,201,5833.55,
2026-09-11T20:35:10.186049+00:00,201,4291.47,
2026-09-11T20:35:07.546721+00:00,201,6945.88,
2026-09-11T20:34:59.677326+00:00,201,14818.75,
2026-09-11T20:35:12.907309+00:00,201,1609.93,
2026-09-11T20:34:57.574206+00:00,201,16938.00,
2026-09-11T20:35:13.398162+00:00,201,1139.02,
2026-09-11T20:35:10.137373+00:00,201,4458.99,
2026-09-11T20:35:14.306198+00:00,201,319.59,
2026-09-11T20:35:02.468104+00:00,201,12164.97,
2026-09-11T20:34:56.315328+00:00,201,18318.23,
2026-09-11T20:35:08.916522+00:00,201,5737.94,
2026-09-11T20:35:11.380609+00:00,201,3264.84,
2026-09-11T20:35:11.942385+00:00,201,2719.41,
2026-09-11T20:34:58.233661+00:00,201,16437.09,
2026-09-11T20:35:10.452053+00:00,201,4248.09,
2026-09-11T20:34:53.631634+00:00,201,21074.21,
2026-09-11T20:35:04.948481+00:00,201,9750.82,
2026-09-11T20:35:14.349095+00:00,201,375.11,
2026-09-11T20:35:06.875626+00:00,201,7905.59,
2026-09-11T20:35:07.511382+00:00,201,7278.51,
2026-09-11T20:35:09.462048+00:00,201,5334.93,
2026-09-11T20:35:06.758866+00:00,201,8037.93,
2026-09-11T20:34:45.668098+00:00,201,29155.32,
2026-09-11T20:34:56.913604+00:00,201,17917.24,
2026-09-11T20:35:12.705770+00:00,201,2122.04,
2026-09-11T20:35:01.206226+00:00,201,13637.32,
2026-09-11T20:35:07.330800+00:00,201,7520.37,
2026-09-11T20:35:13.367900+00:00,201,1485.19,
2026-09-11T20:35:05.378008+00:00,201,9514.48,
2026-09-11T20:34:48.636468+00:00,201,26272.77,
2026-09-11T20:35:09.858484+00:00,201,5115.31,
2026-09-11T20:35:11.173137+00:00,201,3807.72,
2026-09-11T20:34:56.189150+00:00,201,18788.92,
2026-09-11T20:35:08.225821+00:00,201,6767.06,
2026-09-11T20:35:12.255472+00:00,201,2755.67,
2026-09-11T20:34:50.148480+00:00,201,24889.48,
2026-09-11T20:35:06.188695+00:00,201,8852.18,
2026-09-11T20:35:03.543858+00:00,201,11506.57,
2026-09-11T20:35:03.974572+00:00,201,11087.19,
2026-09-11T20:35:14.780785+00:00,201,287.65,
2026-09-11T20:34:48.751745+00:00,201,26335.59,
2026-09-11T20:34:30.021798+00:00,201,45094.28,
2026-09-11T20:35:06.940586+00:00,201,8179.22,
2026-09-11T20:35:01.669632+00:00,201,13439.93,
2026-09-11T20:34:53.056618+00:00,201,22086.76,
2026-09-11T20:35:02.146873+00:00,201,12998.88,
2026-09-11T20:34:43.257434+00:00,201,31898.17,
2026-09-11T20:35:05.126863+00:00,201,10030.25,
2026-09-11T20:35:03.956066+00:00,201,11222.42,
2026-09-11T20:34:55.128442+00:00,201,20069.57,
2026-09-11T20:35:07.473832+00:00,201,7730.75,
2026-09-11T20:35:03.381834+00:00,201,11824.17,
2026-09-11T20:35:11.942385+00:00,201,3278.94,
2026-09-11T20:35:08.332655+00:00,201,6893.71,
2026-09-11T20:35:13.503550+00:00,201,1761.65,
2026-09-11T20:35:13.087027+00:00,201,2177.59,
2026-09-11T20:35:00.675176+00:00,201,14585.63,
2026-09-11T20:35:08.561754+00:00,201,6723.26,
2026-09-11T20:35:15.045019+00:00,201,247.41,
2026-09-11T20:35:12.231544+00:00,201,3071.77,
2026-09-11T20:35:09.817725+00:00,201,5494.40,
2026-09-11T20:35:00.133478+00:00,201,15189.28,
2026-09-11T20:35:09.675544+00:00,201,5658.92,
2026-09-11T20:34:39.607818+00:00,201,35737.59,
2026-09-11T20:35:06.136439+00:00,201,9217.44,
2026-09-11T20:34:41.319061+00:00,201,34055.80,
2026-09-11T20:35:00.531667+00:00,201,14839.98,
2026-09-11T20:35:07.806913+00:00,201,7578.93,
2026-09-11T20:35:08.283759+00:00,201,7113.90,
2026-09-11T20:34:57.632987+00:00,201,17786.81,
2026-09-11T20:35:06.712113+00:00,201,8728.07,
2026-09-11T20:34:56.448575+00:00,201,18997.04,
2026-09-11T20:34:59.931975+00:00,201,15528.89,
2026-09-11T20:35:08.264625+00:00,201,7254.96,
2026-09-11T20:35:05.918936+00:00,201,9608.59,
2026-09-11T20:34:38.188318+00:00,201,37352.12,
2026-09-11T20:35:14.472794+00:00,201,1079.07,
2026-09-11T20:35:06.745040+00:00,201,8872.17,
2026-09-11T20:35:13.398162+00:00,201,2229.20,
2026-09-11T20:35:06.877633+00:00,201,8755.77,
2026-09-11T20:35:09.017457+00:00,201,6611.76,
2026-09-11T20:35:11.803171+00:00,201,3861.01,
2026-09-11T20:35:13.643264+00:00,201,2031.70,
2026-09-11T20:35:10.557435+00:00,201,5150.00,
2026-09-11T20:34:57.380154+00:00,201,18345.61,
2026-09-11T20:34:56.093478+00:00,201,19629.42,
2026-09-11T20:35:06.396922+00:00,201,9351.09,
2026-09-11T20:35:02.471642+00:00,201,13293.18,
2026-09-11T20:35:11.288228+00:00,201,4482.97,
2026-09-11T20:35:03.918468+00:00,201,11879.44,
2026-09-11T20:35:10.060862+00:00,201,5746.82,
2026-09-11T20:35:10.475782+00:00,201,5338.56,
2026-09-11T20:34:56.426378+00:00,201,19396.07,
2026-09-11T20:35:15.519281+00:00,201,317.30,
2026-09-11T20:35:00.303774+00:00,201,15543.60,
2026-09-11T20:35:01.188162+00:00,201,14691.97,
2026-09-11T20:35:07.638247+00:00,201,8245.28,
2026-09-11T20:35:03.930004+00:00,201,11961.93,
2026-09-11T20:34:40.617093+00:00,201,35296.02,
2026-09-11T20:34:46.073913+00:00,201,29838.52,
2026-09-11T20:35:07.203331+00:00,201,8713.09,
2026-09-11T20:35:06.596861+00:00,201,9321.43,
2026-09-11T20:35:10.236973+00:00,201,5711.03,
2026-09-11T20:35:03.102516+00:00,201,12856.54,
2026-09-11T20:35:13.687627+00:00,201,2302.27,
2026-09-11T20:35:08.748946+00:00,201,7258.32,
2026-09-11T20:34:52.269413+00:00,201,23771.77,
2026-09-11T20:34:56.577814+00:00,201,19465.58,
2026-09-11T20:35:06.964517+00:00,201,9077.04,
2026-09-11T20:35:01.913505+00:00,201,14143.40,
2026-09-11T20:34:57.159336+00:00,201,18904.99,
2026-09-11T20:35:10.436273+00:00,201,5632.59,
2026-09-11T20:35:15.809273+00:00,201,267.27,
2026-09-11T20:35:08.789851+00:00,201,7289.22,
2026-09-11T20:35:11.253001+00:00,201,4826.17,
2026-09-11T20:34:57.948234+00:00,201,18139.98,
2026-09-11T20:35:09.614559+00:00,201,6494.03,
2026-09-11T20:34:55.632830+00:00,201,20475.58,
2026-09-11T20:35:05.767903+00:00,201,10345.59,
2026-09-11T20:35:12.070157+00:00,201,4049.98,
2026-09-11T20:35:08.436001+00:00,201,7708.96,
2026-09-11T20:34:49.291116+00:00,201,26851.72,
2026-09-11T20:35:08.252269+00:00,201,7900.29,
2026-09-11T20:34:54.429532+00:00,201,21721.09,
2026-09-11T20:35:15.917998+00:00,201,239.56,
2026-09-11T20:35:03.817743+00:00,201,12344.74,
2026-09-11T20:35:00.374069+00:00,201,15804.19,
2026-09-11T20:35:04.456781+00:00,201,11735.99,
2026-09-11T20:35:01.757105+00:00,201,14457.38,
2026-09-11T20:34:59.954976+00:00,201,16274.38,
2026-09-11T20:35:04.281478+00:00,201,11951.76,
2026-09-11T20:35:14.259567+00:00,201,2004.27,
2026-09-11T20:35:01.709902+00:00,201,14561.49,
2026-09-11T20:35:04.579668+00:00,201,11699.20,
2026-09-11T20:34:50.102867+00:00,201,26199.34,
2026-09-11T20:35:13.382219+00:00,201,2916.08,
2026-09-11T20:35:08.278735+00:00,201,8045.65,
2026-09-11T20:35:12.293386+00:00,201,4039.06,
2026-09-11T20:35:06.727293+00:00,201,9651.37,
2026-09-11T20:35:11.102445+00:00,201,5294.81,
2026-09-11T20:35:02.837590+00:00,201,13560.86,
2026-09-11T20:34:37.035917+00:00,201,39357.92,
2026-09-11T20:35:11.803171+00:00,201,4596.26,
2026-09-11T20:35:08.524524+00:00,201,7871.66,
2026-09-11T20:35:13.567211+00:00,201,2838.10,
2026-09-11T20:35:09.114558+00:00,201,7295.99,
2026-09-11T20:34:55.047255+00:00,201,21363.14,
2026-09-11T20:35:11.717285+00:00,201,4692.61,
2026-09-11T20:35:07.829065+00:00,201,8606.98,
2026-09-11T20:35:08.172441+00:00,201,8256.30,
2026-09-11T20:35:05.975401+00:00,201,10498.99,
2026-09-11T20:35:08.976650+00:00,201,7511.44,
2026-09-11T20:35:06.076792+00:00,201,10412.73,
2026-09-11T20:35:11.141218+00:00,201,5349.86,
2026-09-11T20:35:06.964517+00:00,201,9529.49,
2026-09-11T20:34:56.923146+00:00,201,19608.04,
2026-09-11T20:34:49.291116+00:00,201,27251.64,
2026-09-11T20:34:42.019809+00:00,201,34531.59,
2026-09-11T20:35:14.975759+00:00,201,1586.92,
2026-09-11T20:35:10.729084+00:00,201,5835.57,
2026-09-11T20:34:47.852850+00:00,201,28711.89,
2026-09-11T20:34:49.585849+00:00,201,26987.72,
2026-09-11T20:35:11.037375+00:00,201,5538.19,
2026-09-11T20:35:16.256609+00:00,201,314.24,
2026-09-11T20:34:52.056300+00:00,201,24553.20,
2026-09-11T20:35:13.133925+00:00,201,3466.27,
2026-09-11T20:34:58.968737+00:00,201,17649.95,
2026-09-11T20:34:52.192590+00:00,201,24430.17,
2026-09-11T20:35:06.635401+00:00,201,9991.92,
2026-09-11T20:35:02.487377+00:00,201,14141.75,
2026-09-11T20:35:09.980785+00:00,201,6706.64,
2026-09-11T20:35:03.203132+00:00,201,13495.20,
2026-09-11T20:34:54.057984+00:00,201,22638.39,
2026-09-11T20:35:16.430570+00:00,201,276.66,
2026-09-11T20:35:15.207403+00:00,201,1514.80,
2026-09-11T20:34:43.102443+00:00,201,33621.52,
2026-09-11T20:35:07.822920+00:00,201,8942.91,
2026-09-11T20:35:05.802196+00:00,201,10985.77,
2026-09-11T20:35:03.838887+00:00,201,12953.16,
2026-09-11T20:35:02.849710+00:00,201,13934.28,
2026-09-11T20:34:54.282089+00:00,201,22560.95,
2026-09-11T20:35:01.243801+00:00,201,15614.68,
2026-09-11T20:34:56.346613+00:00,201,20518.56,
2026-09-11T20:35:05.964879+00:00,201,10901.01,
2026-09-11T20:35:03.745058+00:00,201,13153.25,
2026-09-11T20:35:07.997667+00:00,201,8897.66,
2026-09-11T20:34:57.846913+00:00,201,19056.09,
2026-09-11T20:34:53.441896+00:00,201,23461.93,
2026-09-11T20:34:45.622246+00:00,201,31329.61,
2026-09-11T20:35:02.958069+00:00,201,14008.07,
2026-09-11T20:35:13.912925+00:00,201,3057.80,
2026-09-11T20:34:57.837709+00:00,201,19141.95,
2026-09-11T20:35:15.378554+00:00,201,1613.00,
2026-09-11T20:35:13.656485+00:00,201,3340.95,
2026-09-11T20:34:49.856099+00:00,201,27144.83,
2026-09-11T20:35:14.166343+00:00,201,2850.72,
2026-09-11T20:35:07.120416+00:00,201,9899.77,
2026-09-11T20:34:56.992820+00:00,201,20027.03,
2026-09-11T20:35:04.932937+00:00,201,12099.49,
2026-09-11T20:35:03.066759+00:00,201,13976.26,
2026-09-11T20:35:16.757455+00:00,201,283.84,
2026-09-11T20:35:16.789136+00:00,201,260.54,
2026-09-11T20:34:47.063692+00:00,201,29991.45,
2026-09-11T20:35:07.237967+00:00,201,9820.39,
2026-09-11T20:35:07.589502+00:00,201,9487.03,
2026-09-11T20:35:14.914707+00:00,201,2163.72,
2026-09-11T20:35:12.991152+00:00,201,4092.78,
2026-09-11T20:35:10.400717+00:00,201,6722.10,
2026-09-11T20:34:47.998547+00:00,201,29135.52,
2026-09-11T20:35:10.265886+00:00,201,6889.91,
2026-09-11T20:35:05.896954+00:00,201,11272.73,
2026-09-11T20:34:29.821454+00:00,201,47343.92,
2026-09-11T20:35:11.636062+00:00,201,5558.60,
2026-09-11T20:35:03.193358+00:00,201,14006.39,
2026-09-11T20:35:14.710438+00:00,201,2492.12,
2026-09-11T20:35:09.578410+00:00,201,7687.81,
2026-09-11T20:35:11.704126+00:00,201,5594.28,
2026-09-11T20:35:04.532037+00:00,201,12767.88,
2026-09-11T20:35:11.921173+00:00,201,5404.12,
2026-09-11T20:35:14.572780+00:00,201,2757.71,
2026-09-11T20:34:58.883194+00:00,201,18465.21,
2026-09-11T20:35:02.532817+00:00,201,14833.94,
2026-09-11T20:35:16.610847+00:00,201,771.23,
2026-09-11T20:35:11.682091+00:00,201,5727.42,
2026-09-11T20:35:07.630131+00:00,201,9782.18,
2026-09-11T20:34:48.962292+00:00,201,28474.67,
2026-09-11T20:35:13.736438+00:00,201,3706.53,
2026-09-11T20:35:07.499696+00:00,201,9963.75,
2026-09-11T20:35:05.934339+00:00,201,11536.78,
2026-09-11T20:35:03.612385+00:00,201,13866.40,
2026-09-11T20:35:08.970127+00:00,201,8508.53,
2026-09-11T20:35:15.987734+00:00,201,1494.47,
2026-09-11T20:34:52.695957+00:00,201,24802.26,
2026-09-11T20:35:12.425690+00:00,201,5090.97,
2026-09-11T20:35:05.085629+00:00,201,12443.81,
2026-09-11T20:35:06.696199+00:00,201,10845.40,
2026-09-11T20:35:17.266274+00:00,201,279.11,
2026-09-11T20:35:07.768316+00:00,201,9790.26,
2026-09-11T20:35:11.304454+00:00,201,6276.31,
2026-09-11T20:35:17.204689+00:00,201,399.66,
2026-09-11T20:34:58.408169+00:00,201,19198.59,
2026-09-11T20:35:13.592295+00:00,201,4026.06,
2026-09-11T20:34:59.050922+00:00,201,18582.89,
2026-09-11T20:34:54.691671+00:00,201,22948.96,
2026-09-11T20:35:10.864179+00:00,201,6802.27,
2026-09-11T20:35:14.835847+00:00,201,2839.25,
2026-09-11T20:35:16.430570+00:00,201,1246.47,
2026-09-11T20:34:55.093289+00:00,201,22596.42,
2026-09-11T20:35:16.884996+00:00,201,813.66,
2026-09-11T20:35:02.994409+00:00,201,14711.65,
2026-09-11T20:35:13.544551+00:00,201,4195.64,
2026-09-11T20:35:04.588826+00:00,201,13185.16,
2026-09-11T20:35:15.813788+00:00,201,1966.48,
2026-09-11T20:34:50.325993+00:00,201,27478.86,
2026-09-11T20:34:59.630177+00:00,201,18205.10,
2026-09-11T20:35:09.915855+00:00,201,7923.67,
2026-09-11T20:34:21.480387+00:00,201,56359.96,
2026-09-11T20:35:11.803171+00:00,201,6047.21,
2026-09-11T20:35:15.397715+00:00,201,2460.14,
2026-09-11T20:35:02.672440+00:00,201,15189.23,
2026-09-11T20:35:17.581645+00:00,201,314.57,
2026-09-11T20:34:51.696549+00:00,201,26205.98,
2026-09-11T20:35:16.374523+00:00,201,1541.21,
2026-09-11T20:35:15.941305+00:00,201,1978.11,
2026-09-11T20:34:55.940646+00:00,201,21990.18,
2026-09-11T20:35:08.013388+00:00,201,9944.87,
2026-09-11T20:34:51.567652+00:00,201,26400.87,
2026-09-11T20:35:04.641248+00:00,201,13347.48,
2026-09-11T20:35:12.144487+00:00,201,5854.83,
2026-09-11T20:35:10.017910+00:00,201,7989.59,
2026-09-11T20:35:07.775176+00:00,201,10246.68,
2026-09-11T20:35:13.346260+00:00,201,4691.25,
2026-09-11T20:35:09.871385+00:00,201,8191.02,
2026-09-11T20:35:17.745135+00:00,201,335.88,
2026-09-11T20:35:06.679560+00:00,201,11438.55,
2026-09-11T20:34:48.551562+00:00,201,29596.62,
2026-09-11T20:35:12.817050+00:00,201,5327.68,
2026-09-11T20:35:16.226184+00:00,201,1925.37,
2026-09-11T20:35:12.705770+00:00,201,5455.02,
2026-09-11T20:35:14.027726+00:00,201,4167.86,
2026-09-11T20:35:06.615825+00:00,201,11581.37,
2026-09-11T20:35:17.527922+00:00,201,682.15,
2026-09-11T20:34:50.230161+00:00,201,28002.77,
2026-09-11T20:35:08.909868+00:00,201,9330.17,
2026-09-11T20:35:04.947458+00:00,201,13314.37,
2026-09-11T20:35:16.411545+00:00,201,1852.82,
2026-09-11T20:35:09.182629+00:00,201,9099.50,
2026-09-11T20:35:06.332034+00:00,201,11949.07,
2026-09-11T20:35:14.518179+00:00,201,3780.56,
2026-09-11T20:34:59.718280+00:00,201,18617.77,
2026-09-11T20:34:38.482271+00:00,201,39860.86,
2026-09-11T20:35:08.472023+00:00,201,9888.66,
2026-09-11T20:35:04.784951+00:00,201,13584.39,
2026-09-11T20:35:09.484213+00:00,201,8919.82,
2026-09-11T20:35:18.118809+00:00,201,286.06,
2026-09-11T20:35:10.624094+00:00,201,7784.35,
2026-09-11T20:35:11.552822+00:00,201,6862.47,
2026-09-11T20:35:13.530962+00:00,201,4888.49,
2026-09-11T20:35:03.618415+00:00,201,14816.79,
2026-09-11T20:35:16.108944+00:00,201,2328.08,
2026-09-11T20:34:41.939212+00:00,201,36504.14,
2026-09-11T20:34:41.537858+00:00,201,36941.77,
2026-09-11T20:35:05.267380+00:00,201,13234.30,
2026-09-11T20:35:00.021107+00:00,201,18499.55,
2026-09-11T20:34:59.677326+00:00,201,18854.75,
2026-09-11T20:34:51.167427+00:00,201,27376.32,
2026-09-11T20:35:08.276727+00:00,201,10269.84,
2026-09-11T20:34:53.719527+00:00,201,24824.93,
2026-09-11T20:35:12.257479+00:00,201,6302.75,
2026-09-11T20:35:14.480249+00:00,201,4084.26,
2026-09-11T20:35:10.971315+00:00,201,7612.62,
2026-09-11T20:35:16.526108+00:00,201,2058.30,
2026-09-11T20:35:12.462556+00:00,201,6149.15,
2026-09-11T20:35:15.068329+00:00,201,3547.39,
2026-09-11T20:35:09.144843+00:00,201,9509.12,
2026-09-11T20:35:16.950346+00:00,201,1709.22,
2026-09-11T20:35:09.277831+00:00,201,9434.66,
2026-09-11T20:35:02.714741+00:00,201,16000.93,
2026-09-11T20:35:12.225517+00:00,201,6494.58,
2026-09-11T20:34:52.825987+00:00,201,25912.89,
2026-09-11T20:35:05.583888+00:00,201,13157.94,
2026-09-11T20:35:03.610376+00:00,201,15137.54,
2026-09-11T20:35:06.441950+00:00,201,12311.25,
2026-09-11T20:35:03.795945+00:00,201,14959.77,
2026-09-11T20:35:14.435987+00:00,201,4321.24,
2026-09-11T20:35:03.571811+00:00,201,15219.38,
2026-09-11T20:34:42.590275+00:00,201,36201.54,
2026-09-11T20:34:45.945369+00:00,201,32865.32,
2026-09-11T20:34:56.045829+00:00,201,22769.31,
2026-09-11T20:35:14.654805+00:00,201,4219.57,
2026-09-11T20:35:17.078109+00:00,201,1828.77,
2026-09-11T20:35:08.507618+00:00,201,10405.37,
2026-09-11T20:34:58.107685+00:00,201,20819.63,
2026-09-11T20:35:10.281928+00:00,201,8656.12,
2026-09-11T20:35:14.638431+00:00,201,4342.88,
2026-09-11T20:34:55.402599+00:00,201,23581.04,
2026-09-11T20:35:11.942385+00:00,201,7057.42,
2026-09-11T20:35:00.523706+00:00,201,18492.54,
2026-09-11T20:34:58.312775+00:00,201,20722.74,
2026-09-11T20:35:15.961149+00:00,201,3096.65,
2026-09-11T20:35:05.773997+00:00,201,13280.95,
2026-09-11T20:34:52.271150+00:00,201,26792.58,
2026-09-11T20:35:00.405828+00:00,201,18662.84,
2026-09-11T20:35:12.349815+00:00,201,6740.53,
2026-09-11T20:35:03.418685+00:00,201,15676.66,
2026-09-11T20:35:02.745623+00:00,201,16352.88,
2026-09-11T20:35:16.117005+00:00,201,2977.52,
2026-09-11T20:35:11.459289+00:00,201,7660.78,
2026-09-11T20:35:14.654805+00:00,201,4470.99,
2026-09-11T20:35:18.142051+00:00,201,995.94,
2026-09-11T20:35:16.579022+00:00,201,2567.47,
2026-09-11T20:35:06.252279+00:00,201,12904.53,
2026-09-11T20:35:00.374069+00:00,201,18797.69,
2026-09-11T20:34:57.556315+00:00,201,21723.91,
2026-09-11T20:35:13.752882+00:00,201,5538.39,
2026-09-11T20:35:15.795270+00:00,201,3514.25,
2026-09-11T20:35:07.014305+00:00,201,12303.84,
2026-09-11T20:35:15.758962+00:00,201,3576.87,
2026-09-11T20:35:06.378347+00:00,201,12975.16,
2026-09-11T20:35:12.975128+00:00,201,6375.20,
2026-09-11T20:35:12.969595+00:00,201,6391.34,
2026-09-11T20:35:08.800896+00:00,201,10579.23,
2026-09-11T20:35:08.219758+00:00,201,11164.41,
2026-09-11T20:35:02.398902+00:00,201,16997.18,
2026-09-11T20:34:46.811104+00:00,201,32588.03,
2026-09-11T20:35:18.789652+00:00,201,619.11,
2026-09-11T20:35:08.804914+00:00,201,10621.78,
2026-09-11T20:35:13.842487+00:00,201,5591.05,
2026-09-11T20:35:08.827706+00:00,201,10631.53,
2026-09-11T20:35:08.168916+00:00,201,11291.23,
2026-09-11T20:35:02.865353+00:00,201,16608.35,
2026-09-11T20:35:16.303024+00:00,201,3210.31,
2026-09-11T20:35:14.456657+00:00,201,5066.48,
2026-09-11T20:35:02.965102+00:00,201,16562.11,
2026-09-11T20:35:07.749753+00:00,201,11783.62,
2026-09-11T20:34:56.788105+00:00,201,22767.46,
2026-09-11T20:34:58.392187+00:00,201,21173.42,
2026-09-11T20:34:49.815048+00:00,201,29754.06,
2026-09-11T20:34:55.617074+00:00,201,23956.26,
2026-09-11T20:34:47.219601+00:00,201,32372.76,
2026-09-11T20:35:13.023049+00:00,201,6620.91,
2026-09-11T20:35:12.046390+00:00,201,7606.67,
2026-09-11T20:35:19.010173+00:00,201,651.12,
2026-09-11T20:35:12.044882+00:00,201,7647.52,
2026-09-11T20:35:12.855235+00:00,201,6845.76,
2026-09-11T20:34:45.320648+00:00,201,34388.23,
2026-09-11T20:35:17.623469+00:00,201,2075.61,
2026-09-11T20:35:11.081591+00:00,201,8645.35,
2026-09-11T20:35:17.808013+00:00,201,1917.66,
2026-09-11T20:35:07.965050+00:00,201,11777.15,
2026-09-11T20:35:05.090948+00:00,201,14666.90,
2026-09-11T20:35:15.094413+00:00,201,4666.80,
2026-09-11T20:35:14.195889+00:00,201,5563.70,
2026-09-11T20:35:17.078109+00:00,201,2690.34,
2026-09-11T20:35:07.225761+00:00,201,12552.27,
2026-09-11T20:35:19.024501+00:00,201,753.20,
2026-09-11T20:34:59.123718+00:00,201,20672.13,
2026-09-11T20:34:43.596626+00:00,201,36210.30,
2026-09-11T20:35:01.792164+00:00,201,18021.87,
2026-09-11T20:34:39.088365+00:00,201,40716.90,
2026-09-11T20:35:08.904350+00:00,201,10941.76,
2026-09-11T20:34:33.756530+00:00,201,46113.39,
2026-09-11T20:35:16.067584+00:00,201,3793.03,
2026-09-11T20:35:12.111228+00:00,201,7777.31,
2026-09-11T20:35:19.126221+00:00,201,768.89,
2026-09-11T20:35:05.592949+00:00,201,14319.42,
2026-09-11T20:35:00.693572+00:00,201,19241.75,
2026-09-11T20:35:01.025866+00:00,201,18964.74,
2026-09-11T20:35:19.690197+00:00,201,301.74,
2026-09-11T20:35:13.608291+00:00,201,6393.65,
2026-09-11T20:35:16.067014+00:00,201,3948.93,
2026-09-11T20:35:12.064140+00:00,201,7957.16,
2026-09-11T20:35:11.679092+00:00,201,8354.02,
2026-09-11T20:35:18.612717+00:00,201,1453.73,
2026-09-11T20:34:46.266291+00:00,201,33806.84,
2026-09-11T20:35:07.701679+00:00,201,12389.23,
2026-09-11T20:35:17.014745+00:00,201,3077.34,
2026-09-11T20:35:06.429528+00:00,201,13680.70,
2026-09-11T20:34:55.294535+00:00,201,24818.81,
2026-09-11T20:35:18.474454+00:00,201,1634.08,
2026-09-11T20:35:14.853172+00:00,201,5294.89,
2026-09-11T20:35:11.205038+00:00,201,8944.40,
2026-09-11T20:35:16.146436+00:00,201,4005.12,
2026-09-11T20:34:54.057984+00:00,201,26130.35,
2026-09-11T20:35:16.980211+00:00,201,3237.47,
2026-09-11T20:35:16.685748+00:00,201,3547.58,
2026-09-11T20:35:04.722318+00:00,201,15521.01,
2026-09-11T20:35:04.369724+00:00,201,15886.24,
2026-09-11T20:34:53.362878+00:00,201,26894.37,
2026-09-11T20:35:03.169262+00:00,201,17105.85,
2026-09-11T20:34:52.437256+00:00,201,27847.36,
2026-09-11T20:35:09.240899+00:00,201,11060.90,
2026-09-11T20:35:18.347746+00:00,201,1955.91,
2026-09-11T20:35:09.614559+00:00,201,10700.32,
2026-09-11T20:34:58.169718+00:00,201,22148.91,
2026-09-11T20:35:17.686643+00:00,201,2640.94,
2026-09-11T20:35:05.146021+00:00,201,15190.36,
2026-09-11T20:34:58.398925+00:00,201,21944.57,
2026-09-11T20:35:13.608291+00:00,201,6727.75,
2026-09-11T20:35:16.581028+00:00,201,3827.17,
2026-09-11T20:35:02.975623+00:00,201,17437.49,
2026-09-11T20:35:09.864667+00:00,201,10566.23,
2026-09-11T20:35:05.406680+00:00,201,15038.68,
2026-09-11T20:35:09.058748+00:00,201,11394.16,
2026-09-11T20:35:14.710438+00:00,201,5748.93,
2026-09-11T20:35:05.964879+00:00,201,14495.41,
2026-09-11T20:35:01.228636+00:00,201,19245.18,
2026-09-11T20:34:48.863495+00:00,201,31607.20,
2026-09-11T20:35:11.572276+00:00,201,8911.80,
2026-09-11T20:35:02.221503+00:00,201,18268.51,
2026-09-11T20:35:03.191350+00:00,201,17302.58,
2026-09-11T20:35:09.636498+00:00,201,10915.42,
2026-09-11T20:34:55.355721+00:00,201,25206.60,
2026-09-11T20:35:17.718206+00:00,201,2864.67,
2026-09-11T20:35:10.291696+00:00,201,10296.21,
2026-09-11T20:35:10.317789+00:00,201,10302.73,
2026-09-11T20:35:14.748970+00:00,201,5885.99,
2026-09-11T20:35:15.316568+00:00,201,5355.72,
2026-09-11T20:35:16.541920+00:00,201,4131.16,
2026-09-11T20:35:05.505346+00:00,201,15182.55,
2026-09-11T20:35:16.411545+00:00,201,4280.21,
2026-09-11T20:35:09.801051+00:00,201,10909.29,
2026-09-11T20:35:06.536600+00:00,201,14200.05,
2026-09-11T20:35:03.313991+00:00,201,17425.87,
2026-09-11T20:35:17.959406+00:00,201,2811.29,
2026-09-11T20:34:50.621466+00:00,201,30153.20,
2026-09-11T20:35:08.622423+00:00,201,12154.09,
2026-09-11T20:34:59.645424+00:00,201,21139.44,
2026-09-11T20:35:15.880287+00:00,201,4910.56,
2026-09-11T20:35:05.820196+00:00,201,14990.71,
2026-09-11T20:35:10.062869+00:00,201,10755.74,
2026-09-11T20:35:09.817725+00:00,201,11001.17,
2026-09-11T20:34:59.239804+00:00,201,21587.58,
2026-09-11T20:35:02.638839+00:00,201,18196.34,
2026-09-11T20:35:08.113134+00:00,201,12730.04,
2026-09-11T20:35:19.317423+00:00,201,1550.18,
2026-09-11T20:34:41.202929+00:00,201,39675.25,
2026-09-11T20:35:18.509293+00:00,201,2371.18,
2026-09-11T20:35:10.577691+00:00,201,10341.79,
2026-09-11T20:35:08.172441+00:00,201,12739.28,
2026-09-11T20:34:58.971837+00:00,201,21951.92,
2026-09-11T20:35:05.783409+00:00,201,15143.27,
2026-09-11T20:35:06.790311+00:00,201,14185.55,
2026-09-11T20:35:18.928893+00:00,201,2048.54,
2026-09-11T20:35:08.006689+00:00,201,13003.84,
2026-09-11T20:35:19.557416+00:00,201,1457.82,
2026-09-11T20:35:19.911006+00:00,201,1135.14,
2026-09-11T20:35:20.416834+00:00,201,634.82,
2026-09-11T20:35:17.129953+00:00,201,3923.09,
2026-09-11T20:34:31.927166+00:00,201,49169.42,
2026-09-11T20:35:14.149916+00:00,201,6951.10,
2026-09-11T20:35:11.380609+00:00,201,9727.85,
2026-09-11T20:35:06.580706+00:00,201,14559.30,
2026-09-11T20:35:15.181872+00:00,201,5963.25,
2026-09-11T20:34:40.546616+00:00,201,40595.69,
2026-09-11T20:35:15.917998+00:00,201,5237.93,
2026-09-11T20:35:07.955019+00:00,201,13201.92,
2026-09-11T20:35:04.599699+00:00,201,16572.93,
2026-09-11T20:34:57.491266+00:00,201,23680.17,
2026-09-11T20:35:13.315008+00:00,201,7876.34,
2026-09-11T20:35:10.384794+00:00,201,10799.58,
2026-09-11T20:35:15.816532+00:00,201,5380.86,
2026-09-11T20:35:06.023050+00:00,201,15183.43,
2026-09-11T20:35:10.946123+00:00,201,10284.89,
2026-09-11T20:35:08.374771+00:00,201,12859.31,
2026-09-11T20:35:07.298974+00:00,201,13940.90,
2026-09-11T20:35:08.097911+00:00,201,13202.90,
2026-09-11T20:34:54.450956+00:00,201,26855.43,
2026-09-11T20:35:04.652043+00:00,201,16665.48,
2026-09-11T20:34:49.059802+00:00,201,32259.51,
2026-09-11T20:35:14.654805+00:00,201,6669.18,
2026-09-11T20:35:21.041421+00:00,201,284.37,
2026-09-11T20:35:13.608291+00:00,201,7737.01,
2026-09-11T20:34:59.677326+00:00,201,21666.08,
2026-09-11T20:35:10.156406+00:00,201,11207.57,
2026-09-11T20:35:17.496569+00:00,201,3889.56,
2026-09-11T20:35:15.269344+00:00,201,6131.35,
2026-09-11T20:35:15.334133+00:00,201,6069.00,
2026-09-11T20:35:14.996817+00:00,201,6414.73,
2026-09-11T20:35:16.907128+00:00,201,4519.56,
2026-09-11T20:34:50.503905+00:00,201,30935.21,
2026-09-11T20:34:49.137607+00:00,201,32301.28,
2026-09-11T20:35:00.660821+00:00,201,20793.23,
2026-09-11T20:34:48.478498+00:00,201,32980.68,
2026-09-11T20:35:05.188654+00:00,201,16281.31,
2026-09-11T20:35:08.827706+00:00,201,12648.04,
2026-09-11T20:35:17.180878+00:00,201,4313.33,
2026-09-11T20:35:20.384952+00:00,201,1106.24,
2026-09-11T20:35:03.076778+00:00,201,18448.67,
2026-09-11T20:35:12.721669+00:00,201,8822.66,
2026-09-11T20:35:12.542711+00:00,201,9021.77,
2026-09-11T20:34:15.339094+00:00,201,66229.47,
2026-09-11T20:34:38.171632+00:00,201,43433.19,
2026-09-11T20:35:15.121584+00:00,201,6490.69,
2026-09-11T20:35:08.085696+00:00,201,13536.62,
2026-09-11T20:35:02.713009+00:00,201,18925.13,
2026-09-11T20:35:00.919780+00:00,201,20720.42,
2026-09-11T20:35:05.773997+00:00,201,15862.57,
2026-09-11T20:35:19.869329+00:00,201,1786.45,
2026-09-11T20:35:05.476175+00:00,201,16193.39,
2026-09-11T20:34:57.995696+00:00,201,23692.17,
2026-09-11T20:35:05.396873+00:00,201,16291.99,
2026-09-11T20:35:21.467031+00:00,201,231.38,
2026-09-11T20:35:15.664527+00:00,201,6044.06,
2026-09-11T20:35:19.782244+00:00,201,1923.79,
2026-09-11T20:35:16.117005+00:00,201,5592.68,
2026-09-11T20:35:10.046784+00:00,201,11677.69,
2026-09-11T20:35:09.817725+00:00,201,11905.64,
2026-09-11T20:35:15.286346+00:00,201,6447.38,
2026-09-11T20:35:08.225821+00:00,201,13524.16,
2026-09-11T20:35:18.409435+00:00,201,3352.03,
2026-09-11T20:34:41.877292+00:00,201,39890.53,
2026-09-11T20:35:12.563701+00:00,201,9199.94,
2026-09-11T20:35:16.789136+00:00,201,4994.68,
2026-09-11T20:35:15.633526+00:00,201,6165.69,
2026-09-11T20:35:07.557214+00:00,201,14244.17,
2026-09-11T20:35:16.320880+00:00,201,5501.47,
2026-09-11T20:35:18.543397+00:00,201,3289.05,
2026-09-11T20:35:17.043778+00:00,201,4806.43,
2026-09-11T20:35:09.817725+00:00,201,12045.26,
2026-09-11T20:35:15.121584+00:00,201,6759.02,
2026-09-11T20:34:51.756856+00:00,201,30128.30,
2026-09-11T20:34:57.280073+00:00,201,24654.30,
2026-09-11T20:35:17.473321+00:00,201,4464.51,
2026-09-11T20:35:10.896455+00:00,201,11053.41,
2026-09-11T20:34:53.380027+00:00,201,28581.20,
2026-09-11T20:35:16.494496+00:00,201,5475.17,
2026-09-11T20:35:14.212508+00:00,201,7761.70,
2026-09-11T20:35:16.256609+00:00,201,5734.79,
2026-09-11T20:35:01.107903+00:00,201,20900.70,
2026-09-11T20:34:58.763369+00:00,201,23246.68,
2026-09-11T20:35:07.024746+00:00,201,14988.90,
2026-09-11T20:35:19.167346+00:00,201,2864.72,
2026-09-11T20:35:17.408896+00:00,201,4631.33,
2026-09-11T20:35:15.445317+00:00,201,6608.88,
2026-09-11T20:35:08.438026+00:00,201,13628.27,
2026-09-11T20:35:08.328902+00:00,201,13745.76,
2026-09-11T20:35:02.929091+00:00,201,19148.92,
2026-09-11T20:35:16.303024+00:00,201,5784.06,
2026-09-11T20:35:21.823698+00:00,201,265.35,
2026-09-11T20:35:08.729350+00:00,201,13409.94,
2026-09-11T20:35:12.769366+00:00,201,9392.43,
2026-09-11T20:35:18.239412+00:00,201,3934.57,
2026-09-11T20:35:11.363264+00:00,201,10803.64,
2026-09-11T20:35:12.016356+00:00,201,10160.28,
2026-09-11T20:35:20.019120+00:00,201,2162.88,
2026-09-11T20:35:19.748085+00:00,201,2438.78,
2026-09-11T20:35:13.206507+00:00,201,9047.32,
2026-09-11T20:35:18.065616+00:00,201,4191.39,
2026-09-11T20:35:16.414616+00:00,201,5854.97,
2026-09-11T20:35:07.077295+00:00,201,15194.71,
2026-09-11T20:35:19.869329+00:00,201,2409.07,
2026-09-11T20:35:20.276467+00:00,201,1996.74,
2026-09-11T20:34:50.268140+00:00,201,32025.56,
2026-09-11T20:35:21.548726+00:00,201,749.92,
2026-09-11T20:35:09.363952+00:00,201,12945.68,
2026-09-11T20:35:09.691228+00:00,201,12636.10,
2026-09-11T20:35:13.087027+00:00,201,9248.93,
2026-09-11T20:35:14.990797+00:00,201,7360.80,
2026-09-11T20:35:19.364767+00:00,201,2992.39,
2026-09-11T20:35:08.811575+00:00,201,13572.16,
2026-09-11T20:35:02.757015+00:00,201,19617.42,
2026-09-11T20:35:19.045343+00:00,201,3342.93,
2026-09-11T20:35:16.501751+00:00,201,5889.56,
2026-09-11T20:35:13.118203+00:00,201,9288.19,
2026-09-11T20:35:18.417462+00:00,201,4003.72,
2026-09-11T20:34:59.209361+00:00,201,23219.72,
2026-09-11T20:35:16.952374+00:00,201,5489.40,
2026-09-11T20:34:49.415922+00:00,201,33042.81,
2026-09-11T20:35:21.180968+00:00,201,1291.13,
2026-09-11T20:35:18.913394+00:00,201,3579.19,
2026-09-11T20:35:17.014745+00:00,201,5502.12,
2026-09-11T20:35:22.251500+00:00,201,273.19,
2026-09-11T20:35:20.454139+00:00,201,2084.18,
2026-09-11T20:35:09.151017+00:00,201,13402.94,
2026-09-11T20:35:16.726334+00:00,201,5842.34,
2026-09-11T20:35:18.789652+00:00,201,3788.74,
2026-09-11T20:35:03.963052+00:00,201,18670.24,
2026-09-11T20:35:21.136796+00:00,201,1496.67,
2026-09-11T20:34:57.932466+00:00,201,24710.42,
2026-09-11T20:35:18.882787+00:00,201,3770.93,
2026-09-11T20:35:04.596534+00:00,201,18070.52,
2026-09-11T20:35:20.064259+00:00,201,2607.15,
2026-09-11T20:35:01.158587+00:00,201,21523.53,
2026-09-11T20:35:20.114602+00:00,201,2581.74,
2026-09-11T20:35:14.894653+00:00,201,7802.21,
2026-09-11T20:35:16.618864+00:00,201,6081.12,
2026-09-11T20:35:11.693090+00:00,201,11013.75,
2026-09-11T20:35:06.606185+00:00,201,16103.63,
2026-09-11T20:35:14.011725+00:00,201,8703.81,
2026-09-11T20:35:20.689200+00:00,201,2056.96,
2026-09-11T20:35:21.412768+00:00,201,1341.79,
2026-09-11T20:35:22.518480+00:00,201,242.30,
2026-09-11T20:35:16.995888+00:00,201,5779.87,
2026-09-11T20:35:12.301960+00:00,201,10478.81,
2026-09-11T20:35:21.607698+00:00,201,1179.03,
2026-09-11T20:35:16.117005+00:00,201,6670.55,
2026-09-11T20:35:16.059376+00:00,201,6739.63,
2026-09-11T20:35:16.276516+00:00,201,6536.61,
2026-09-11T20:35:21.022809+00:00,201,1796.93,
2026-09-11T20:35:19.763873+00:00,201,3068.20,
2026-09-11T20:35:15.629514+00:00,201,7213.49,
2026-09-11T20:35:08.252269+00:00,201,14602.45,
2026-09-11T20:35:20.011275+00:00,201,2871.77,
2026-09-11T20:35:08.077258+00:00,201,14817.05,
2026-09-11T20:35:06.044863+00:00,201,16897.05,
2026-09-11T20:35:04.504077+00:00,201,18432.62,
2026-09-11T20:34:20.672606+00:00,201,62281.94,
2026-09-11T20:35:10.725068+00:00,201,12236.15,
2026-09-11T20:35:12.542711+00:00,201,10425.32,
2026-09-11T20:35:06.739236+00:00,201,16242.03,
2026-09-11T20:35:16.053647+00:00,201,6929.43,
2026-09-11T20:35:21.725531+00:00,201,1263.57,
2026-09-11T20:35:22.745916+00:00,201,248.94,
2026-09-11T20:35:19.104892+00:00,201,3894.50,
2026-09-11T20:34:57.948234+00:00,201,25056.86,
2026-09-11T20:35:21.343273+00:00,201,1660.85,
2026-09-11T20:35:12.052746+00:00,201,10959.42,
2026-09-11T20:35:05.583888+00:00,201,17450.48,
2026-09-11T20:35:11.091644+00:00,201,11955.21,
2026-09-11T20:35:19.651499+00:00,201,3399.11,
2026-09-11T20:35:12.745320+00:00,201,10344.01,
2026-09-11T20:34:53.221430+00:00,201,29872.10,
2026-09-11T20:35:22.856196+00:00,201,246.70,
2026-09-11T20:35:06.057372+00:00,201,17038.68,
2026-09-11T20:35:14.807792+00:00,201,8305.92,
2026-09-11T20:35:05.802196+00:00,201,17331.15,
2026-09-11T20:35:02.007476+00:00,201,21133.21,
2026-09-11T20:35:18.194310+00:00,201,4970.82,
2026-09-11T20:35:18.184290+00:00,201,4983.99,
2026-09-11T20:35:04.703713+00:00,201,18470.93,
2026-09-11T20:35:12.135440+00:00,201,11050.59,
2026-09-11T20:34:56.794232+00:00,201,26400.16,
2026-09-11T20:34:47.423079+00:00,201,35768.53,
2026-09-11T20:35:22.969649+00:00,201,271.88,
2026-09-11T20:35:08.976650+00:00,201,14270.42,
2026-09-11T20:35:08.418008+00:00,201,14835.72,
2026-09-11T20:35:12.908886+00:00,201,10367.82,
2026-09-11T20:35:16.406497+00:00,201,6883.16,
2026-09-11T20:35:19.644201+00:00,201,3670.42,
2026-09-11T20:35:06.932828+00:00,201,16383.27,
2026-09-11T20:35:20.019120+00:00,201,3382.07,
2026-09-11T20:35:22.169156+00:00,201,1232.06,
2026-09-11T20:35:21.113963+00:00,201,2298.96,
2026-09-11T20:35:02.099725+00:00,201,21319.89,
2026-09-11T20:35:13.977059+00:00,201,9449.95,
2026-09-11T20:35:19.360752+00:00,201,4078.34,
2026-09-11T20:35:17.002072+00:00,201,6448.20,
2026-09-11T20:35:13.909926+00:00,201,9571.20,
2026-09-11T20:35:22.921817+00:00,201,563.38,
2026-09-11T20:35:03.513562+00:00,201,20012.41,
2026-09-11T20:35:04.616267+00:00,201,18914.09,
2026-09-11T20:35:00.953442+00:00,201,22587.56,
2026-09-11T20:35:06.903469+00:00,201,16638.90,
2026-09-11T20:34:52.755153+00:00,201,30783.41,
2026-09-11T20:34:58.550623+00:00,201,24991.26,
2026-09-11T20:35:09.972994+00:00,201,13578.25,
2026-09-11T20:35:13.048517+00:00,201,10505.43,
2026-09-11T20:35:16.067584+00:00,201,7486.85,
2026-09-11T20:34:31.139659+00:00,201,52435.87,
2026-09-11T20:35:00.768585+00:00,201,22813.63,
2026-09-11T20:35:12.516332+00:00,201,11069.22,
2026-09-11T20:35:15.117567+00:00,201,8520.61,
2026-09-11T20:34:29.327155+00:00,201,54345.48,
2026-09-11T20:35:22.590034+00:00,201,1115.87,
2026-09-11T20:35:17.325244+00:00,201,6389.07,
2026-09-11T20:34:41.937206+00:00,201,41782.16,
2026-09-11T20:34:41.696750+00:00,201,42045.62,
2026-09-11T20:34:52.159281+00:00,201,31603.61,
2026-09-11T20:34:45.381604+00:00,201,38387.12,
2026-09-11T20:35:06.247730+00:00,201,17529.99,
2026-09-11T20:35:17.854821+00:00,201,5939.11,
2026-09-11T20:35:17.368176+00:00,201,6431.06,
2026-09-11T20:35:14.622734+00:00,201,9178.28,
2026-09-11T20:35:14.670099+00:00,201,9140.46,
2026-09-11T20:35:22.440455+00:00,201,1388.74,
2026-09-11T20:35:10.487811+00:00,201,13347.08,
2026-09-11T20:35:22.394009+00:00,201,1450.15,
2026-09-11T20:35:01.138785+00:00,201,22710.09,
2026-09-11T20:35:06.073279+00:00,201,17800.35,
2026-09-11T20:35:00.616906+00:00,201,23276.18,
2026-09-11T20:34:55.002363+00:00,201,28899.17,
2026-09-11T20:34:47.109482+00:00,201,36792.56,
2026-09-11T20:34:49.607136+00:00,201,34334.15,
2026-09-11T20:35:18.081126+00:00,201,5862.35,
2026-09-11T20:35:14.306198+00:00,201,9629.19,
2026-09-11T20:35:19.700546+00:00,201,4265.41,
2026-09-11T20:34:59.038880+00:00,201,24949.52,
2026-09-11T20:35:18.026656+00:00,201,5984.05,
2026-09-11T20:35:01.776343+00:00,201,22271.45,
2026-09-11T20:34:58.734363+00:00,201,25318.95,
2026-09-11T20:35:00.547602+00:00,201,23506.56,
2026-09-11T20:35:06.105338+00:00,201,17964.79,
2026-09-11T20:35:18.233399+00:00,201,5841.53,
2026-09-11T20:34:40.903639+00:00,201,43181.07,
2026-09-11T20:35:23.804596+00:00,201,274.80,
2026-09-11T20:35:21.467855+00:00,201,2621.30,
2026-09-11T20:35:21.833744+00:00,201,2273.07,
2026-09-11T20:35:23.046469+00:00,201,1067.95,
2026-09-11T20:35:11.885958+00:00,201,12236.96,
2026-09-11T20:35:16.626890+00:00,201,7499.92,
2026-09-11T20:35:19.417115+00:00,201,4723.43,
2026-09-11T20:35:03.121608+00:00,201,21051.01,
2026-09-11T20:35:17.611347+00:00,201,6559.68,
2026-09-11T20:34:52.991244+00:00,201,31198.34,
2026-09-11T20:34:59.434652+00:00,201,24778.41,
2026-09-11T20:35:22.152536+00:00,201,2079.86,
2026-09-11T20:34:47.029325+00:00,201,37238.82,
2026-09-11T20:35:15.837709+00:00,201,8472.39,
2026-09-11T20:35:11.605051+00:00,201,12708.75,
2026-09-11T20:35:22.357776+00:00,201,1978.31,
2026-09-11T20:35:17.898009+00:00,201,6442.46,
2026-09-11T20:35:24.082201+00:00,201,257.38,
2026-09-11T20:35:24.090417+00:00,201,256.81,
2026-09-11T20:35:05.217935+00:00,201,19150.76,
2026-09-11T20:35:04.473502+00:00,201,19898.71,
2026-09-11T20:35:16.706927+00:00,201,7661.68,
2026-09-11T20:35:15.050778+00:00,201,9342.49,
2026-09-11T20:35:11.100434+00:00,201,13299.98,
2026-09-11T20:34:54.583129+00:00,201,29832.70,
2026-09-11T20:35:00.949425+00:00,201,23503.41,
2026-09-11T20:35:01.325261+00:00,201,23135.17,
2026-09-11T20:35:17.155552+00:00,201,7322.96,
2026-09-11T20:34:51.980862+00:00,201,32521.78,
2026-09-11T20:35:07.397781+00:00,201,17117.53,
2026-09-11T20:35:19.864731+00:00,201,4663.91,
2026-09-11T20:35:20.539974+00:00,201,3981.44,
2026-09-11T20:35:21.152711+00:00,201,3383.78,
2026-09-11T20:35:15.528321+00:00,201,9014.02,
2026-09-11T20:35:05.028004+00:00,201,19516.51,
2026-09-11T20:34:59.377370+00:00,201,25167.12,
2026-09-11T20:35:16.406497+00:00,201,8154.51,
2026-09-11T20:35:21.014402+00:00,201,3564.63,
2026-09-11T20:34:59.160139+00:00,201,25436.38,
2026-09-11T20:35:18.149436+00:00,201,6454.89,
2026-09-11T20:35:01.297389+00:00,201,23329.51,
2026-09-11T20:35:11.898852+00:00,201,12730.34,
2026-09-11T20:35:19.383417+00:00,201,5258.66,
2026-09-11T20:35:06.346565+00:00,201,18296.22,
2026-09-11T20:35:24.340367+00:00,201,312.88,
2026-09-11T20:35:24.340367+00:00,201,309.70,
2026-09-11T20:34:59.032348+00:00,201,25641.01,
2026-09-11T20:34:57.759954+00:00,201,26926.75,
2026-09-11T20:35:23.315886+00:00,201,1385.61,
2026-09-11T20:35:00.054611+00:00,201,24676.20,
2026-09-11T20:34:59.602988+00:00,201,25135.71,
2026-09-11T20:35:08.671514+00:00,201,16070.05,
2026-09-11T20:34:53.054609+00:00,201,31708.74,
2026-09-11T20:35:16.067584+00:00,201,8753.42,
2026-09-11T20:35:10.579201+00:00,201,14246.15,
2026-09-11T20:34:53.538074+00:00,201,31297.49,
2026-09-11T20:34:47.742319+00:00,201,37101.10,
2026-09-11T20:35:07.781961+00:00,201,17066.12,
2026-09-11T20:35:22.179937+00:00,201,2686.01,
2026-09-11T20:35:14.159571+00:00,201,10737.52,
2026-09-11T20:34:53.814192+00:00,201,31102.87,
2026-09-11T20:35:05.911447+00:00,201,19020.77,
2026-09-11T20:35:19.510314+00:00,201,5412.32,
2026-09-11T20:35:20.019120+00:00,201,4935.64,
2026-09-11T20:35:13.323354+00:00,201,11661.23,
2026-09-11T20:35:18.819387+00:00,201,6175.62,
2026-09-11T20:35:20.320832+00:00,201,4680.43,
2026-09-11T20:35:16.658177+00:00,201,8357.40,
2026-09-11T20:35:18.538414+00:00,201,6480.37,
2026-09-11T20:35:17.543957+00:00,201,7463.73,
2026-09-11T20:35:04.045364+00:00,201,20997.06,
2026-09-11T20:35:08.844273+00:00,201,16206.41,
2026-09-11T20:35:09.970987+00:00,201,15082.34,
2026-09-11T20:35:16.855049+00:00,201,8202.40,
2026-09-11T20:35:22.043777+00:00,201,3015.40,
2026-09-11T20:35:15.987734+00:00,201,9091.06,
2026-09-11T20:35:17.697068+00:00,201,7394.81,
2026-09-11T20:34:48.816115+00:00,201,36278.69,
2026-09-11T20:35:23.941454+00:00,201,1162.39,
2026-09-11T20:35:23.439082+00:00,201,1657.46,
2026-09-11T20:35:23.401219+00:00,201,1751.66,
2026-09-11T20:35:15.265329+00:00,201,9894.28,
2026-09-11T20:35:09.384912+00:00,201,15780.86,
2026-09-11T20:35:08.507618+00:00,201,16661.64,
2026-09-11T20:35:18.740009+00:00,201,6437.61,
2026-09-11T20:35:04.964491+00:00,201,20227.64,
2026-09-11T20:34:41.461761+00:00,201,43763.12,
2026-09-11T20:34:49.955870+00:00,201,35272.85,
2026-09-11T20:35:05.283964+00:00,201,19946.43,
2026-09-11T20:34:52.598693+00:00,201,32647.78,
2026-09-11T20:35:20.756439+00:00,201,4482.35,
2026-09-11T20:35:01.739296+00:00,201,23523.05,
2026-09-11T20:35:16.035335+00:00,201,9237.82,
2026-09-11T20:35:20.918714+00:00,201,4384.21,
2026-09-11T20:35:07.652814+00:00,201,17662.04,
2026-09-11T20:35:21.628284+00:00,201,3694.08,
2026-09-11T20:34:59.535838+00:00,201,25803.35,
2026-09-11T20:35:18.755292+00:00,201,6591.68,
2026-09-11T20:35:12.752873+00:00,201,12596.11,
2026-09-11T20:35:20.788138+00:00,201,4562.53,
2026-09-11T20:34:36.195727+00:00,201,49168.46,
2026-09-11T20:35:19.527885+00:00,201,5857.64,
2026-09-11T20:34:56.522879+00:00,201,28870.13,
2026-09-11T20:35:22.748935+00:00,201,2636.77,
2026-09-11T20:35:25.155059+00:00,201,258.87,
2026-09-11T20:35:16.685748+00:00,201,8769.03,
2026-09-11T20:35:24.216864+00:00,201,1262.51,
2026-09-11T20:35:03.539841+00:00,201,21945.47,
2026-09-11T20:35:20.631994+00:00,201,4854.11,
2026-09-11T20:35:15.442303+00:00,201,10050.84,
2026-09-11T20:35:09.187217+00:00,201,16372.65,
2026-09-11T20:35:00.334752+00:00,201,25232.01,
2026-09-11T20:35:18.654880+00:00,201,6922.52,
2026-09-11T20:35:21.101934+00:00,201,4477.58,
2026-09-11T20:34:46.588484+00:00,201,39001.40,
2026-09-11T20:34:53.426377+00:00,201,32168.13,
2026-09-11T20:35:25.309351+00:00,201,289.93,
2026-09-11T20:35:24.801680+00:00,201,820.79,
2026-09-11T20:35:08.960771+00:00,201,16670.13,
2026-09-11T20:34:57.788681+00:00,201,27849.09,
2026-09-11T20:35:00.875637+00:00,201,24773.55,
2026-09-11T20:34:54.121673+00:00,201,31529.88,
2026-09-11T20:35:09.571400+00:00,201,16095.52,
2026-09-11T20:34:53.426377+00:00,201,32244.41,
2026-09-11T20:35:18.398185+00:00,201,7274.87,
2026-09-11T20:35:25.418071+00:00,201,269.15,
2026-09-11T20:34:55.465897+00:00,201,30223.04,
2026-09-11T20:35:20.788138+00:00,201,4922.23,
2026-09-11T20:35:25.456327+00:00,201,254.50,
2026-09-11T20:35:19.119328+00:00,201,6636.84,
2026-09-11T20:35:10.371252+00:00,201,15392.67,
2026-09-11T20:35:13.773856+00:00,201,11994.38,
2026-09-11T20:35:16.557674+00:00,201,9224.50,
2026-09-11T20:35:22.787487+00:00,201,3016.21,
2026-09-11T20:35:25.559816+00:00,201,266.97,
2026-09-11T20:35:16.398536+00:00,201,9427.31,
2026-09-11T20:35:19.157766+00:00,201,6686.73,
2026-09-11T20:35:07.091930+00:00,201,18779.92,
2026-09-11T20:35:07.521407+00:00,201,18352.96,
2026-09-11T20:35:11.479378+00:00,201,14409.70,
2026-09-11T20:35:04.831983+00:00,201,21076.46,
2026-09-11T20:35:14.908681+00:00,201,11013.37,
2026-09-11T20:34:59.976012+00:00,201,25956.20,
2026-09-11T20:34:57.375734+00:00,201,28565.47,
2026-09-11T20:35:14.306198+00:00,201,11635.16,
2026-09-11T20:34:53.497289+00:00,201,32452.90,
2026-09-11T20:35:20.273919+00:00,201,5699.06,
2026-09-11T20:35:00.832162+00:00,201,25144.25,
2026-09-11T20:35:15.847685+00:00,201,10137.90,
2026-09-11T20:35:24.399142+00:00,201,1611.67,
2026-09-11T20:35:25.761197+00:00,201,253.73,
2026-09-11T20:35:20.725137+00:00,201,5291.95,
2026-09-11T20:35:02.063154+00:00,201,23980.31,
2026-09-11T20:35:17.902634+00:00,201,8157.72,
2026-09-11T20:35:09.293516+00:00,201,16776.00,
2026-09-11T20:35:23.487588+00:00,201,2589.11,
2026-09-11T20:35:11.300266+00:00,201,14780.81,
2026-09-11T20:35:20.489583+00:00,201,5598.46,
2026-09-11T20:34:59.486810+00:00,201,26622.48,
2026-09-11T20:35:22.089244+00:00,201,4021.60,
2026-09-11T20:35:18.427035+00:00,201,7694.85,
2026-09-11T20:34:57.869051+00:00,201,28264.09,
2026-09-11T20:35:21.755241+00:00,201,4388.97,
2026-09-11T20:35:21.612746+00:00,201,4538.36,
2026-09-11T20:35:21.204354+00:00,201,4966.03,
2026-09-11T20:35:17.543957+00:00,201,8655.30,
2026-09-11T20:34:57.827139+00:00,201,28377.84,
2026-09-11T20:35:20.819274+00:00,201,5390.42,
2026-09-11T20:34:39.814912+00:00,201,46414.92,
2026-09-11T20:35:14.274641+00:00,201,11960.42,
2026-09-11T20:35:21.386719+00:00,201,4855.40,
2026-09-11T20:34:54.914222+00:00,201,31343.24,
2026-09-11T20:35:14.701684+00:00,201,11569.97,
2026-09-11T20:34:55.135986+00:00,201,31139.16,
2026-09-11T20:35:05.413138+00:00,201,20871.43,
2026-09-11T20:35:22.797863+00:00,201,3506.74,
2026-09-11T20:35:09.581868+00:00,201,16731.05,
2026-09-11T20:35:17.611347+00:00,201,8728.13,
2026-09-11T20:35:13.105806+00:00,201,13254.80,
2026-09-11T20:35:24.920750+00:00,201,1448.92,
2026-09-11T20:35:13.253346+00:00,201,13121.24,
2026-09-11T20:35:24.050810+00:00,201,2329.50,
2026-09-11T20:35:12.647665+00:00,201,13741.75,
2026-09-11T20:35:18.261681+00:00,201,8150.17,
2026-09-11T20:35:16.807061+00:00,201,9602.43,
2026-09-11T20:35:18.331899+00:00,201,8120.00,
2026-09-11T20:35:16.406497+00:00,201,10051.26,
2026-09-11T20:34:55.135986+00:00,201,31321.82,
2026-09-11T20:34:54.201138+00:00,201,32268.11,
2026-09-11T20:35:09.387914+00:00,201,17102.79,
2026-09-11T20:35:21.475769+00:00,201,5040.59,
2026-09-11T20:35:24.596399+00:00,201,1924.18,
2026-09-11T20:35:13.973049+00:00,201,12565.69,
2026-09-11T20:35:03.758843+00:00,201,22781.58,
2026-09-11T20:35:07.036047+00:00,201,19521.13,
2026-09-11T20:35:03.680092+00:00,201,22882.88,
2026-09-11T20:35:25.767926+00:00,201,816.84,
2026-09-11T20:35:22.843484+00:00,201,3760.42,
2026-09-11T20:35:24.843247+00:00,201,1773.19,
2026-09-11T20:34:51.473041+00:00,201,35143.60,
2026-09-11T20:34:38.077449+00:00,201,48552.78,
2026-09-11T20:35:25.364508+00:00,201,1291.14,
2026-09-11T20:35:12.484238+00:00,201,14173.73,
2026-09-11T20:35:01.466515+00:00,201,25216.93,
2026-09-11T20:35:18.961409+00:00,201,7741.19,
2026-09-11T20:35:09.012310+00:00,201,17717.98,
2026-09-11T20:35:03.474353+00:00,201,23266.55,
2026-09-11T20:35:18.740009+00:00,201,8005.39,
2026-09-11T20:35:26.447362+00:00,201,301.01,
2026-09-11T20:35:22.452535+00:00,201,4316.96,
2026-09-11T20:35:00.752722+00:00,201,26040.44,
2026-09-11T20:34:41.276234+00:00,201,45529.71,
2026-09-11T20:35:20.918714+00:00,201,5885.65,
2026-09-11T20:35:12.560450+00:00,201,14251.59,
2026-09-11T20:35:16.332037+00:00,201,10517.00,
2026-09-11T20:35:12.863845+00:00,201,13993.03,
2026-09-11T20:35:02.244768+00:00,201,24634.01,
2026-09-11T20:35:23.095708+00:00,201,3784.81,
2026-09-11T20:35:00.056621+00:00,201,26830.79,
2026-09-11T20:35:19.798152+00:00,201,7113.67,
2026-09-11T20:35:16.181338+00:00,201,10751.74,
2026-09-11T20:34:44.343621+00:00,201,42598.86,
2026-09-11T20:35:20.193883+00:00,201,6759.03,
2026-09-11T20:35:02.948202+00:00,201,24012.45,
2026-09-11T20:35:10.928104+00:00,201,16033.71,
2026-09-11T20:35:23.554307+00:00,201,3399.79,
2026-09-11T20:35:11.562275+00:00,201,15405.06,
2026-09-11T20:35:10.959281+00:00,201,16013.86,
2026-09-11T20:35:13.235179+00:00,201,13739.04,
2026-09-11T20:35:15.542117+00:00,201,11449.45,
2026-09-11T20:35:13.930448+00:00,201,13077.07,
2026-09-11T20:35:19.557416+00:00,201,7445.56,
2026-09-11T20:35:23.845147+00:00,201,3179.76,
2026-09-11T20:35:05.599738+00:00,201,21412.83,
2026-09-11T20:35:21.764748+00:00,201,5270.47,
2026-09-11T20:35:26.516933+00:00,201,552.23,
2026-09-11T20:35:21.675975+00:00,201,5404.49,
2026-09-11T20:34:57.350647+00:00,201,29732.50,
2026-09-11T20:35:20.257337+00:00,201,6876.61,
2026-09-11T20:35:02.570445+00:00,201,24592.81,
2026-09-11T20:35:16.153828+00:00,201,11027.62,
2026-09-11T20:35:07.584983+00:00,201,19613.38,
2026-09-11T20:35:24.460572+00:00,201,2739.62,
2026-09-11T20:35:16.557674+00:00,201,10638.43,
2026-09-11T20:35:02.849710+00:00,201,24343.38,
2026-09-11T20:35:20.883203+00:00,201,6321.33,
2026-09-11T20:35:20.772353+00:00,201,6454.65,
2026-09-11T20:35:25.247322+00:00,201,1983.66,
2026-09-11T20:35:21.733924+00:00,201,5520.60,
2026-09-11T20:35:19.782244+00:00,201,7490.92,
2026-09-11T20:35:18.347746+00:00,201,8916.09,
2026-09-11T20:35:03.715950+00:00,201,23565.18,
2026-09-11T20:35:23.820248+00:00,201,3462.81,
2026-09-11T20:35:09.736492+00:00,201,17547.79,
2026-09-11T20:35:15.625502+00:00,201,11664.51,
2026-09-11T20:34:54.647642+00:00,201,32639.03,
2026-09-11T20:35:19.071890+00:00,201,8226.80,
2026-09-11T20:35:23.095708+00:00,201,4203.76,
2026-09-11T20:35:15.911184+00:00,201,11392.94,
2026-09-11T20:35:22.528511+00:00,201,4792.82,
2026-09-11T20:35:05.345962+00:00,201,21985.21,
2026-09-11T20:35:21.054049+00:00,201,6295.59,
2026-09-11T20:35:23.946973+00:00,201,3407.62,
2026-09-11T20:35:05.386854+00:00,201,21992.86,
2026-09-11T20:35:10.384794+00:00,201,17026.64,
2026-09-11T20:35:27.157782+00:00,201,273.63,
2026-09-11T20:35:08.976650+00:00,201,18450.75,
2026-09-11T20:35:21.787468+00:00,201,5679.79,
2026-09-11T20:35:23.797548+00:00,201,3726.60,
2026-09-11T20:35:23.049005+00:00,201,4478.83,
2026-09-11T20:35:22.421161+00:00,201,5125.27,
2026-09-11T20:35:20.320832+00:00,201,7230.49,
2026-09-11T20:34:40.297879+00:00,201,47271.93,
2026-09-11T20:35:21.521427+00:00,201,6052.06,
2026-09-11T20:35:24.738948+00:00,201,2867.51,
2026-09-11T20:34:42.746983+00:00,201,44862.24,
2026-09-11T20:35:22.473402+00:00,201,5151.09,
2026-09-11T20:34:35.812696+00:00,201,51806.78,
2026-09-11T20:35:25.655416+00:00,201,1971.36,
2026-09-11T20:35:15.837709+00:00,201,11800.01,
2026-09-11T20:35:00.732856+00:00,201,26910.10,
2026-09-11T20:35:07.097038+00:00,201,20542.85,
2026-09-11T20:34:56.975251+00:00,201,30671.49,
2026-09-11T20:35:14.103712+00:00,201,13558.64,
2026-09-11T20:34:57.480285+00:00,201,30189.93,
2026-09-11T20:35:18.032418+00:00,201,9641.67,
2026-09-11T20:35:21.212402+00:00,201,6467.66,
2026-09-11T20:35:03.054542+00:00,201,24629.72,
2026-09-11T20:35:17.825387+00:00,201,9857.10,
2026-09-11T20:35:27.431306+00:00,201,274.84,
2026-09-11T20:35:15.047025+00:00,201,12701.36,
2026-09-11T20:35:23.187146+00:00,201,4559.31,
2026-09-11T20:35:19.881674+00:00,201,7919.18,
2026-09-11T20:34:40.952443+00:00,201,46869.88,
2026-09-11T20:35:21.648199+00:00,201,6211.53,
2026-09-11T20:35:25.718525+00:00,201,2153.33,
2026-09-11T20:35:23.011651+00:00,201,4880.07,
2026-09-11T20:35:26.557704+00:00,201,1381.86,
2026-09-11T20:34:57.648054+00:00,201,30286.06,
2026-09-11T20:35:26.007651+00:00,201,1940.87,
2026-09-11T20:35:13.831335+00:00,201,14130.33,
2026-09-11T20:35:24.050810+00:00,201,3916.01,
2026-09-11T20:34:54.278597+00:00,201,33697.83,
2026-09-11T20:35:24.452507+00:00,201,3528.28,
2026-09-11T20:35:22.079232+00:00,201,5907.97,
2026-09-11T20:35:04.775641+00:00,201,23230.55,
2026-09-11T20:35:14.274641+00:00,201,13735.90,
2026-09-11T20:35:21.691812+00:00,201,6334.65,
2026-09-11T20:35:21.323039+00:00,201,6711.81,
2026-09-11T20:35:17.014745+00:00,201,11020.77,
2026-09-11T20:35:13.894195+00:00,201,14160.93,
2026-09-11T20:35:26.706023+00:00,201,1350.97,
2026-09-11T20:35:23.013692+00:00,201,5062.25,
2026-09-11T20:35:00.484079+00:00,201,27590.63,
2026-09-11T20:35:15.770184+00:00,201,12310.57,
2026-09-11T20:35:27.810164+00:00,201,299.28,
2026-09-11T20:35:25.588699+00:00,201,2520.94,
2026-09-11T20:35:25.477247+00:00,201,2641.26,
2026-09-11T20:35:19.135366+00:00,201,8985.69,
2026-09-11T20:35:05.239063+00:00,201,22895.54,
2026-09-11T20:35:26.304538+00:00,201,1883.99,
2026-09-11T20:35:13.659256+00:00,201,14534.17,
2026-09-11T20:34:51.189783+00:00,201,37015.39,
2026-09-11T20:35:10.091733+00:00,201,18116.47,
2026-09-11T20:34:59.352482+00:00,201,28860.24,
2026-09-11T20:35:23.815080+00:00,201,4401.68,
2026-09-11T20:35:27.955364+00:00,201,272.36,
2026-09-11T20:35:09.277831+00:00,201,18951.82,
2026-09-11T20:35:19.700546+00:00,201,8560.37,
2026-09-11T20:35:19.484364+00:00,201,8789.12,
2026-09-11T20:35:07.267087+00:00,201,21030.43,
2026-09-11T20:35:19.399079+00:00,201,8907.26,
2026-09-11T20:34:59.270584+00:00,201,29045.17,
2026-09-11T20:35:26.968065+00:00,201,1352.41,
2026-09-11T20:35:13.213070+00:00,201,15128.02,
2026-09-11T20:35:25.877568+00:00,201,2453.36,
2026-09-11T20:35:14.859781+00:00,201,13484.08,
2026-09-11T20:34:51.394984+00:00,201,36978.17,
2026-09-11T20:35:09.816713+00:00,201,18571.43,
2026-09-11T20:35:27.672821+00:00,201,723.76,
2026-09-11T20:35:14.250312+00:00,201,14151.49,
2026-09-11T20:35:26.957461+00:00,201,1453.97,
2026-09-11T20:35:23.161722+00:00,201,5272.96,
2026-09-11T20:34:55.169289+00:00,201,33271.96,
2026-09-11T20:34:23.410326+00:00,201,65041.29,
2026-09-11T20:35:08.893697+00:00,201,19569.70,
2026-09-11T20:35:07.142918+00:00,201,21348.34,
2026-09-11T20:35:06.856732+00:00,201,21656.25,
2026-09-11T20:35:19.924327+00:00,201,8580.28,
2026-09-11T20:34:43.835899+00:00,201,44687.45,
2026-09-11T20:35:28.010681+00:00,201,528.91,
2026-09-11T20:35:21.541209+00:00,201,7001.56,
2026-09-11T20:35:28.324849+00:00,201,228.15,
2026-09-11T20:35:18.502851+00:00,201,10065.46,
2026-09-11T20:35:20.241318+00:00,201,8353.09,
2026-09-11T20:34:57.516990+00:00,201,31096.10,
2026-09-11T20:35:11.205038+00:00,201,17419.09,
2026-09-11T20:35:00.843831+00:00,201,27829.91,
2026-09-11T20:35:20.462515+00:00,201,8214.00,
2026-09-11T20:35:07.457759+00:00,201,21230.10,
2026-09-11T20:35:19.527885+00:00,201,9177.36,
2026-09-11T20:35:22.891190+00:00,201,5818.64,
2026-09-11T20:35:25.972372+00:00,201,2765.54,
2026-09-11T20:35:11.892086+00:00,201,16852.09,
2026-09-11T20:35:17.448993+00:00,201,11306.75,
2026-09-11T20:35:05.267380+00:00,201,23490.67,
2026-09-11T20:35:27.868920+00:00,201,903.80,
2026-09-11T20:35:22.169156+00:00,201,6597.69,
2026-09-11T20:35:14.351102+00:00,201,14453.83,
2026-09-11T20:35:00.307772+00:00,201,28501.98,
2026-09-11T20:35:21.663307+00:00,201,7146.97,
2026-09-11T20:35:22.939225+00:00,201,5888.00,
2026-09-11T20:35:26.740947+00:00,201,2094.95,
2026-09-11T20:35:25.042440+00:00,201,3799.65,
2026-09-11T20:35:22.269553+00:00,201,6577.14,
2026-09-11T20:35:21.475769+00:00,201,7379.12,
2026-09-11T20:35:04.218966+00:00,201,24630.11,
2026-09-11T20:35:16.006145+00:00,201,12888.02,
2026-09-11T20:34:59.201748+00:00,201,29782.51,
2026-09-11T20:35:28.077428+00:00,201,963.50,
2026-09-11T20:35:05.879442+00:00,201,23161.34,
2026-09-11T20:35:20.098891+00:00,201,8951.36,
2026-09-11T20:35:07.225761+00:00,201,21834.93,
2026-09-11T20:35:18.398185+00:00,201,10668.66,
2026-09-11T20:35:28.389226+00:00,201,677.17,
2026-09-11T20:35:16.900996+00:00,201,12194.67,
2026-09-11T20:35:23.466079+00:00,201,5635.43,
2026-09-11T20:34:59.992719+00:00,201,29102.13,
2026-09-11T20:35:03.462572+00:00,201,25659.45,
2026-09-11T20:35:23.836008+00:00,201,5289.26,
2026-09-11T20:34:55.721012+00:00,201,33408.98,
2026-09-11T20:35:15.292188+00:00,201,13880.78,
2026-09-11T20:35:16.046035+00:00,201,13134.35,
2026-09-11T20:35:27.176747+00:00,201,1996.79,
2026-09-11T20:35:05.032429+00:00,201,24153.95,
2026-09-11T20:35:14.019722+00:00,201,15183.23,
2026-09-11T20:35:25.097331+00:00,201,4113.46,
2026-09-11T20:35:00.905917+00:00,201,28315.22,
2026-09-11T20:35:14.831831+00:00,201,14392.36,
2026-09-11T20:35:14.084170+00:00,201,15140.92,
2026-09-11T20:35:28.894884+00:00,201,340.61,
2026-09-11T20:35:20.082897+00:00,201,9176.94,
2026-09-11T20:35:27.031231+00:00,201,2238.95,
2026-09-11T20:35:25.622109+00:00,201,3663.52,
2026-09-11T20:35:12.507282+00:00,201,16783.83,
2026-09-11T20:35:26.557704+00:00,201,2772.17,
2026-09-11T20:34:50.587086+00:00,201,38758.13,
2026-09-11T20:35:09.801051+00:00,201,19554.43,
2026-09-11T20:35:04.132736+00:00,201,25242.90,
2026-09-11T20:35:27.634997+00:00,201,1745.41,
2026-09-11T20:35:13.995066+00:00,201,15409.21,
2026-09-11T20:35:25.761197+00:00,201,3645.94,
2026-09-11T20:35:29.096013+00:00,201,326.67,
2026-09-11T20:35:26.072862+00:00,201,3400.20,
2026-09-11T20:35:03.270085+00:00,201,26228.69,
2026-09-11T20:35:15.461787+00:00,201,14049.73,
2026-09-11T20:35:19.279515+00:00,201,10270.22,
2026-09-11T20:35:19.063382+00:00,201,10488.26,
2026-09-11T20:35:25.487848+00:00,201,4081.32,
2026-09-11T20:35:14.839864+00:00,201,14729.99,
2026-09-11T20:35:25.877568+00:00,201,3692.51,
2026-09-11T20:35:23.714565+00:00,201,5860.02,
2026-09-11T20:35:29.257789+00:00,201,330.69,
2026-09-11T20:34:44.879974+00:00,201,44727.31,
2026-09-11T20:35:24.604467+00:00,201,5004.77,
2026-09-11T20:35:11.380609+00:00,201,18224.44,
2026-09-11T20:35:18.593322+00:00,201,11051.55,
2026-09-11T20:35:20.938966+00:00,201,8707.70,
2026-09-11T20:35:25.567590+00:00,201,4080.38,
2026-09-11T20:35:27.025564+00:00,201,2626.58,
2026-09-11T20:35:28.437352+00:00,201,1227.68,
2026-09-11T20:35:23.415091+00:00,201,6250.46,
2026-09-11T20:35:05.207933+00:00,201,24464.38,
2026-09-11T20:35:22.351684+00:00,201,7358.00,
2026-09-11T20:35:28.340590+00:00,201,1364.31,
2026-09-11T20:34:55.858871+00:00,201,33848.85,
2026-09-11T20:35:01.311726+00:00,201,28399.58,
2026-09-11T20:35:26.127022+00:00,201,3587.41,
2026-09-11T20:35:13.671827+00:00,201,16041.29,
2026-09-11T20:35:13.133925+00:00,201,16570.54,
2026-09-11T20:35:19.989556+00:00,201,9729.02,
2026-09-11T20:35:13.687627+00:00,201,16029.03,
2026-09-11T20:35:28.642162+00:00,201,1094.28,
2026-09-11T20:34:53.008274+00:00,201,36732.98,
2026-09-11T20:35:04.270433+00:00,201,25473.12,
2026-09-11T20:35:25.397841+00:00,201,4365.47,
2026-09-11T20:35:28.406285+00:00,201,1360.48,
2026-09-11T20:35:16.501751+00:00,201,13265.62,
2026-09-11T20:35:14.476806+00:00,201,15292.25,
2026-09-11T20:35:24.874596+00:00,201,4896.39,
2026-09-11T20:35:02.519193+00:00,201,27262.96,
2026-09-11T20:35:23.633439+00:00,201,6174.26,
2026-09-11T20:35:23.581943+00:00,201,6220.52,
2026-09-11T20:35:29.342147+00:00,201,491.75,
2026-09-11T20:35:28.816133+00:00,201,1028.07,
2026-09-11T20:35:29.428406+00:00,201,418.56,
2026-09-11T20:35:15.039003+00:00,201,14814.67,
2026-09-11T20:35:29.491563+00:00,201,386.15,
2026-09-11T20:35:29.540264+00:00,201,339.91,
2026-09-11T20:35:12.898379+00:00,201,17014.19,
2026-09-11T20:35:21.871260+00:00,201,8045.38,
2026-09-11T20:35:08.319394+00:00,201,21633.36,
2026-09-11T20:35:29.571387+00:00,201,382.34,
2026-09-11T20:35:25.635152+00:00,201,4340.74,
2026-09-11T20:34:34.933776+00:00,201,55048.14,
2026-09-11T20:34:57.440763+00:00,201,32560.47,
2026-09-11T20:35:08.262618+00:00,201,21774.37,
2026-09-11T20:35:08.443604+00:00,201,21596.68,
2026-09-11T20:35:26.812445+00:00,201,3265.01,
2026-09-11T20:35:16.398536+00:00,201,13682.28,
2026-09-11T20:35:26.750798+00:00,201,3324.54,
2026-09-11T20:35:24.739907+00:00,201,5368.40,
2026-09-11T20:35:26.874329+00:00,201,3248.23,
2026-09-11T20:35:06.332034+00:00,201,23795.25,
2026-09-11T20:35:11.571276+00:00,201,18569.10,
2026-09-11T20:35:24.425554+00:00,201,5715.95,
2026-09-11T20:35:15.420212+00:00,201,14724.74,
2026-09-11T20:34:59.390805+00:00,201,30754.12,
2026-09-11T20:35:02.079502+00:00,201,28069.87,
2026-09-11T20:35:28.012808+00:00,201,2138.97,
2026-09-11T20:35:13.520569+00:00,201,16631.23,
2026-09-11T20:35:25.014011+00:00,201,5140.65,
2026-09-11T20:35:19.710475+00:00,201,10462.67,
2026-09-11T20:35:21.228069+00:00,201,8958.36,
2026-09-11T20:34:46.012103+00:00,201,44186.31,
2026-09-11T20:35:25.350579+00:00,201,4851.67,
2026-09-11T20:35:27.321473+00:00,201,2884.01,
2026-09-11T20:35:10.823849+00:00,201,19383.06,
2026-09-11T20:35:18.918711+00:00,201,11291.74,
2026-09-11T20:35:06.745040+00:00,201,23464.15,
2026-09-11T20:35:00.993390+00:00,201,29219.99,
2026-09-11T20:35:19.816501+00:00,201,10443.71,
2026-09-11T20:35:20.336944+00:00,201,9932.17,
2026-09-11T20:35:27.276290+00:00,201,3033.34,
2026-09-11T20:35:28.372064+00:00,201,1955.28,
2026-09-11T20:35:22.183487+00:00,201,8153.17,
2026-09-11T20:35:27.475003+00:00,201,2865.74,
2026-09-11T20:35:27.756113+00:00,201,2596.06,
2026-09-11T20:35:23.415091+00:00,201,6953.41,
2026-09-11T20:35:14.068040+00:00,201,16307.38,
2026-09-11T20:35:25.052470+00:00,201,5328.39,
2026-09-11T20:35:15.154512+00:00,201,15226.82,
2026-09-11T20:35:22.779706+00:00,201,7604.18,
2026-09-11T20:35:07.251575+00:00,201,23171.71,
2026-09-11T20:35:21.564530+00:00,201,8901.19,
2026-09-11T20:35:26.355786+00:00,201,4155.23,
2026-09-11T20:35:20.146115+00:00,201,10371.23,
2026-09-11T20:35:24.763609+00:00,201,5842.66,
2026-09-11T20:35:29.093322+00:00,201,1519.06,
2026-09-11T20:35:02.865353+00:00,201,27749.57,
2026-09-11T20:35:19.989556+00:00,201,10643.35,
2026-09-11T20:34:57.125875+00:00,201,33521.14,
2026-09-11T20:35:26.805106+00:00,201,3848.48,
2026-09-11T20:35:18.734177+00:00,201,11921.12,
2026-09-11T20:35:29.708865+00:00,201,955.02,
2026-09-11T20:35:22.669582+00:00,201,7987.63,
2026-09-11T20:35:21.628284+00:00,201,9065.55,
2026-09-11T20:35:09.614559+00:00,201,21107.19,
2026-09-11T20:35:30.330825+00:00,201,397.07,
2026-09-11T20:34:41.844286+00:00,201,48969.77,
2026-09-11T20:35:24.644687+00:00,201,6202.13,
2026-09-11T20:35:12.761054+00:00,201,18088.56,
2026-09-11T20:35:15.559520+00:00,201,15296.17,
2026-09-11T20:35:23.291246+00:00,201,7568.81,
2026-09-11T20:35:17.302472+00:00,201,13559.93,
2026-09-11T20:35:02.681375+00:00,201,28274.09,
2026-09-11T20:35:28.032121+00:00,201,2937.40,
2026-09-11T20:35:30.522469+00:00,201,458.10,
2026-09-11T20:35:26.589081+00:00,201,4414.91,
2026-09-11T20:34:53.916025+00:00,201,37096.02,
2026-09-11T20:35:08.013388+00:00,201,23019.15,
2026-09-11T20:35:06.283894+00:00,201,24786.75,
2026-09-11T20:35:22.996715+00:00,201,8101.47,
2026-09-11T20:35:12.563701+00:00,201,18571.02,
2026-09-11T20:35:27.634997+00:00,201,3544.89,
2026-09-11T20:35:24.653227+00:00,201,6537.78,
2026-09-11T20:35:12.170516+00:00,201,19027.46,
2026-09-11T20:35:16.722335+00:00,201,14499.64,
2026-09-11T20:35:00.598132+00:00,201,30640.96,
2026-09-11T20:35:25.346566+00:00,201,5897.22,
2026-09-11T20:35:23.017806+00:00,201,8231.21,
2026-09-11T20:35:29.459847+00:00,201,1799.23,
2026-09-11T20:34:37.035917+00:00,201,54222.74,
2026-09-11T20:35:08.505109+00:00,201,22762.80,
2026-09-11T20:35:22.019042+00:00,201,9253.12,
2026-09-11T20:35:13.097565+00:00,201,18180.35,
2026-09-11T20:34:52.529477+00:00,201,38768.05,
2026-09-11T20:35:29.275319+00:00,201,2039.34,
2026-09-11T20:34:57.869051+00:00,201,33456.12,
2026-09-11T20:35:04.652043+00:00,201,26680.96,
2026-09-11T20:35:26.957461+00:00,201,4378.56,
2026-09-11T20:34:57.629385+00:00,201,33736.16,
2026-09-11T20:35:26.836099+00:00,201,4542.32,
2026-09-11T20:35:09.994578+00:00,201,21415.30,
2026-09-11T20:34:50.456992+00:00,201,40954.10,
2026-09-11T20:35:27.079255+00:00,201,4332.20,
2026-09-11T20:35:27.986882+00:00,201,3436.79,
2026-09-11T20:35:19.811743+00:00,201,11642.52,
2026-09-11T20:35:31.060442+00:00,201,390.45,
2026-09-11T20:35:15.684423+00:00,201,15784.34,
2026-09-11T20:35:24.010878+00:00,201,7461.40,
2026-09-11T20:35:29.768324+00:00,201,1770.60,
2026-09-11T20:35:24.528470+00:00,201,7040.70,
2026-09-11T20:35:26.431518+00:00,201,5213.69,
2026-09-11T20:35:30.311028+00:00,201,1359.65,
2026-09-11T20:35:17.129953+00:00,201,14542.42,
2026-09-11T20:35:24.732930+00:00,201,6948.79,
2026-09-11T20:35:24.224001+00:00,201,7447.74,
2026-09-11T20:35:25.577584+00:00,201,6145.73,
2026-09-11T20:35:31.310273+00:00,201,435.02,
2026-09-11T20:35:12.401990+00:00,201,19361.14,
2026-09-11T20:35:26.690873+00:00,201,5113.52,
2026-09-11T20:35:25.179787+00:00,201,6655.14,
2026-09-11T20:35:17.671569+00:00,201,14167.41,
2026-09-11T20:35:18.274945+00:00,201,13586.02,
2026-09-11T20:35:16.622876+00:00,201,15249.52,
2026-09-11T20:35:27.529724+00:00,201,4357.10,
2026-09-11T20:35:29.404068+00:00,201,2506.01,
2026-09-11T20:35:16.557674+00:00,201,15368.74,
2026-09-11T20:35:17.901068+00:00,201,14033.02,
2026-09-11T20:35:24.655245+00:00,201,7292.90,
2026-09-11T20:35:15.710885+00:00,201,16249.46,
2026-09-11T20:35:08.807473+00:00,201,23175.82,
2026-09-11T20:35:20.980238+00:00,201,11006.49,
2026-09-11T20:35:27.290647+00:00,201,4711.18,
2026-09-11T20:35:06.745040+00:00,201,25254.00,
2026-09-11T20:35:03.896943+00:00,201,28136.40,
2026-09-11T20:35:04.318561+00:00,201,27718.52,
2026-09-11T20:35:31.668320+00:00,201,388.28,
2026-09-11T20:35:21.501092+00:00,201,10560.22,
2026-09-11T20:35:31.676048+00:00,201,404.76,
2026-09-11T20:35:13.154845+00:00,201,18983.50,
2026-09-11T20:35:28.835877+00:00,201,3312.24,
2026-09-11T20:35:26.239560+00:00,201,5944.64,
2026-09-11T20:35:27.611751+00:00,201,4575.78,
2026-09-11T20:35:29.644172+00:00,201,2561.35,
2026-09-11T20:35:31.791065+00:00,201,403.99,
2026-09-11T20:35:28.690519+00:00,201,3556.99,
2026-09-11T20:35:17.091467+00:00,201,15148.43,
2026-09-11T20:35:30.473422+00:00,201,1788.74,
2026-09-11T20:35:09.755916+00:00,201,22556.85,
2026-09-11T20:35:12.789511+00:00,201,19537.53,
2026-09-11T20:35:08.402958+00:00,201,23957.83,
2026-09-11T20:35:30.352143+00:00,201,2013.10,
2026-09-11T20:35:22.269553+00:00,201,10098.16,
2026-09-11T20:35:06.076792+00:00,201,26347.77,
2026-09-11T20:35:19.748085+00:00,201,12696.92,
2026-09-11T20:34:52.339413+00:00,201,40121.52,
2026-09-11T20:35:15.061809+00:00,201,17438.11,
2026-09-11T20:35:24.372313+00:00,201,8132.76,
2026-09-11T20:34:53.333152+00:00,201,39176.92,
2026-09-11T20:35:21.149415+00:00,201,11366.20,
2026-09-11T20:35:11.612056+00:00,201,20924.76,
2026-09-11T20:35:28.388150+00:00,201,4158.23,
2026-09-11T20:35:21.014402+00:00,201,11543.75,
2026-09-11T20:35:27.205281+00:00,201,5356.35,
2026-09-11T20:35:16.406497+00:00,201,16164.82,
2026-09-11T20:35:30.126389+00:00,201,2439.37,
2026-09-11T20:35:30.965261+00:00,201,1633.19,
2026-09-11T20:35:28.848957+00:00,201,3768.99,
2026-09-11T20:35:28.513687+00:00,201,4125.21,
2026-09-11T20:35:19.087713+00:00,201,13619.35,
2026-09-11T20:35:25.689557+00:00,201,7046.93,
2026-09-11T20:35:17.780015+00:00,201,14960.45,
2026-09-11T20:35:25.861041+00:00,201,6890.68,
2026-09-11T20:35:11.507350+00:00,201,21268.57,
2026-09-11T20:35:05.267380+00:00,201,27510.44,
2026-09-11T20:35:19.748085+00:00,201,13046.93,
2026-09-11T20:35:01.325261+00:00,201,31483.61,
2026-09-11T20:35:22.376913+00:00,201,10482.06,
2026-09-11T20:35:22.230828+00:00,201,10651.12,
2026-09-11T20:35:26.110658+00:00,201,6815.44,
2026-09-11T20:35:20.740799+00:00,201,12208.40,
2026-09-11T20:35:06.441950+00:00,201,26520.03,
2026-09-11T20:35:22.779706+00:00,201,10191.43,
2026-09-11T20:35:16.332037+00:00,201,16639.57,
2026-09-11T20:35:08.972134+00:00,201,24002.80,
2026-09-11T20:35:29.977671+00:00,201,3061.95,
2026-09-11T20:35:25.323989+00:00,201,7739.80,
2026-09-11T20:35:07.044996+00:00,201,26019.35,
2026-09-11T20:35:13.804749+00:00,201,19280.89,
2026-09-11T20:35:23.677858+00:00,201,9432.36,
2026-09-11T20:35:03.008232+00:00,201,30114.68,
2026-09-11T20:35:28.710844+00:00,201,4432.50,
2026-09-11T20:35:23.821256+00:00,201,9325.17,
2026-09-11T20:35:25.261364+00:00,201,7907.50,
2026-09-11T20:35:24.539619+00:00,201,8635.44,
2026-09-11T20:35:24.082201+00:00,201,9146.10,
2026-09-11T20:35:12.975128+00:00,201,20268.19,
2026-09-11T20:35:08.006689+00:00,201,25257.52,
2026-09-11T20:35:29.718268+00:00,201,3568.13,
2026-09-11T20:35:24.187554+00:00,201,9125.70,
2026-09-11T20:35:31.060442+00:00,201,2275.26,
2026-09-11T20:35:20.222308+00:00,201,13170.22,
2026-09-11T20:35:05.220309+00:00,201,28182.59,
2026-09-11T20:34:59.928826+00:00,201,33510.81,
2026-09-11T20:35:28.043901+00:00,201,5402.36,
2026-09-11T20:35:29.669329+00:00,201,3809.69,
2026-09-11T20:34:42.351017+00:00,201,51188.49,
2026-09-11T20:35:25.395333+00:00,201,8148.79,
2026-09-11T20:35:24.305771+00:00,201,9257.65,
2026-09-11T20:35:16.964416+00:00,201,16601.98,
2026-09-11T20:35:26.202527+00:00,201,7372.48,
2026-09-11T20:35:29.540264+00:00,201,4054.71,
2026-09-11T20:35:08.883664+00:00,201,24752.29,
2026-09-11T20:35:29.461857+00:00,201,4171.81,
2026-09-11T20:35:02.606622+00:00,201,31041.74,
2026-09-11T20:35:27.193307+00:00,201,6451.76,
2026-09-11T20:35:33.230158+00:00,201,425.71,
2026-09-11T20:35:32.328351+00:00,201,1338.50,
2026-09-11T20:35:28.895880+00:00,201,4795.12,
2026-09-11T20:35:10.037714+00:00,201,23737.89,
2026-09-11T20:35:27.885275+00:00,201,5906.48,
2026-09-11T20:35:15.725777+00:00,201,18105.29,
2026-09-11T20:35:28.340590+00:00,201,5493.75,
2026-09-11T20:35:17.172652+00:00,201,16677.83,
2026-09-11T20:35:29.404068+00:00,201,4459.84,
2026-09-11T20:35:24.727301+00:00,201,9154.34,
2026-09-11T20:35:25.054475+00:00,201,8830.39,
2026-09-11T20:35:25.010495+00:00,201,8878.44,
2026-09-11T20:35:23.903775+00:00,201,10025.24,
2026-09-11T20:35:21.169931+00:00,201,12778.72,
2026-09-11T20:35:17.298481+00:00,201,16669.37,
2026-09-11T20:35:33.545397+00:00,201,427.09,
2026-09-11T20:34:45.298267+00:00,201,48703.04,
2026-09-11T20:35:28.340590+00:00,201,5701.06,
2026-09-11T20:35:23.544033+00:00,201,10527.88,
2026-09-11T20:35:28.139490+00:00,201,5939.69,
2026-09-11T20:35:22.327812+00:00,201,11747.55,
2026-09-11T20:35:26.921275+00:00,201,7195.05,
2026-09-11T20:35:04.667060+00:00,201,29459.74,
2026-09-11T20:35:23.714565+00:00,201,10417.50,
2026-09-11T20:35:24.820902+00:00,201,9322.67,
2026-09-11T20:35:23.171182+00:00,201,10985.44,
2026-09-11T20:35:28.406285+00:00,201,5757.57,
2026-09-11T20:35:22.653146+00:00,201,11521.99,
2026-09-11T20:35:27.870927+00:00,201,6310.18,
2026-09-11T20:35:29.178065+00:00,201,5048.87,
2026-09-11T20:35:23.139180+00:00,201,11093.73,
2026-09-11T20:35:27.686251+00:00,201,6544.32,
2026-09-11T20:35:32.136704+00:00,201,2157.44,
2026-09-11T20:35:16.181338+00:00,201,18106.66,
2026-09-11T20:35:12.769366+00:00,201,21555.66,
2026-09-11T20:35:06.315262+00:00,201,28028.40,
2026-09-11T20:35:33.928201+00:00,201,434.00,
2026-09-11T20:35:24.503669+00:00,201,9888.75,
2026-09-11T20:35:30.158173+00:00,201,4239.16,
2026-09-11T20:35:15.225713+00:00,201,19194.75,
2026-09-11T20:35:26.375757+00:00,201,8058.71,
2026-09-11T20:35:28.218082+00:00,201,6222.87,
2026-09-11T20:35:20.111563+00:00,201,14355.87,
2026-09-11T20:35:13.167414+00:00,201,21308.87,
2026-09-11T20:35:04.468156+00:00,201,30020.67,
2026-09-11T20:35:26.054949+00:00,201,8436.89,
2026-09-11T20:34:49.212709+00:00,201,45285.11,
2026-09-11T20:35:29.507886+00:00,201,5015.29,
2026-09-11T20:34:59.851139+00:00,201,34696.42,
2026-09-11T20:35:21.228069+00:00,201,13326.61,
2026-09-11T20:35:16.855049+00:00,201,17713.35,
2026-09-11T20:35:34.226210+00:00,201,374.40,
2026-09-11T20:35:18.977201+00:00,201,15650.88,
2026-09-11T20:35:34.292030+00:00,201,356.02,
2026-09-11T20:35:32.357132+00:00,201,2313.64,
2026-09-11T20:35:34.298388+00:00,201,394.69,
2026-09-11T20:35:09.785906+00:00,201,24969.30,
2026-09-11T20:35:27.015126+00:00,201,7779.18,
2026-09-11T20:35:19.732078+00:00,201,15075.38,
2026-09-11T20:35:08.501594+00:00,201,26365.28,
2026-09-11T20:34:58.833313+00:00,201,36037.32,
2026-09-11T20:35:29.072300+00:00,201,5820.06,
2026-09-11T20:34:48.471871+00:00,201,46427.96,
2026-09-11T20:34:58.502814+00:00,201,36403.71,
2026-09-11T20:35:04.775641+00:00,201,30141.45,
2026-09-11T20:35:27.117360+00:00,201,7830.81,
2026-09-11T20:35:26.968065+00:00,201,7993.76,
2026-09-11T20:35:29.912374+00:00,201,5060.12,
2026-09-11T20:35:17.665418+00:00,201,17310.63,
2026-09-11T20:35:16.541920+00:00,201,18437.11,
2026-09-11T20:35:04.897272+00:00,201,30090.40,
2026-09-11T20:35:32.089082+00:00,201,2896.04,
2026-09-11T20:34:47.952204+00:00,201,47061.68,
2026-09-11T20:35:26.288853+00:00,201,8746.67,
2026-09-11T20:35:29.046786+00:00,201,6002.76,
2026-09-11T20:35:27.335550+00:00,201,7736.26,
2026-09-11T20:35:17.483699+00:00,201,17621.80,
2026-09-11T20:35:18.592263+00:00,201,16519.18,
2026-09-11T20:35:30.980963+00:00,201,4137.05,
2026-09-11T20:35:29.222910+00:00,201,5919.88,
2026-09-11T20:34:51.647604+00:00,201,43512.05,
2026-09-11T20:34:52.729672+00:00,201,42445.59,
2026-09-11T20:35:30.860939+00:00,201,4330.57,
2026-09-11T20:35:27.349159+00:00,201,7866.83,
2026-09-11T20:35:34.014028+00:00,201,1210.61,
2026-09-11T20:35:25.020115+00:00,201,10217.95,
2026-09-11T20:34:51.299859+00:00,201,43938.67,
2026-09-11T20:35:27.254491+00:00,201,7999.55,
2026-09-11T20:35:08.427470+00:00,201,26837.74,
2026-09-11T20:35:00.650141+00:00,201,34618.76,
2026-09-11T20:35:29.268712+00:00,201,6053.05,
2026-09-11T20:35:23.581943+00:00,201,11740.87,
2026-09-11T20:35:25.802354+00:00,201,9521.18,
2026-09-11T20:35:30.126389+00:00,201,5198.46,
2026-09-11T20:35:16.884996+00:00,201,18441.64,
2026-09-11T20:35:25.348572+00:00,201,9993.01,
2026-09-11T20:34:56.030395+00:00,201,39330.82,
2026-09-11T20:35:33.959839+00:00,201,1410.69,
2026-09-11T20:35:26.890629+00:00,201,8546.32,
2026-09-11T20:34:48.361640+00:00,201,47093.18,
2026-09-11T20:35:24.215157+00:00,201,11258.05,
2026-09-11T20:35:12.741142+00:00,201,22749.50,
2026-09-11T20:34:58.600299+00:00,201,36896.12,
2026-09-11T20:34:49.245536+00:00,201,46249.97,
2026-09-11T20:35:23.439082+00:00,201,12076.65,
2026-09-11T20:35:31.852605+00:00,201,3662.62,
2026-09-11T20:35:12.651305+00:00,201,22882.60,
2026-09-11T20:34:48.962292+00:00,201,46581.77,
2026-09-11T20:35:08.619030+00:00,201,26948.01,
2026-09-11T20:35:22.009771+00:00,201,13569.57,
2026-09-11T20:35:31.869181+00:00,201,3721.87,
2026-09-11T20:34:48.595409+00:00,201,47006.67,
2026-09-11T20:35:30.385763+00:00,201,5240.58,
2026-09-11T20:35:17.997216+00:00,201,17630.39,
2026-09-11T20:35:10.089624+00:00,201,25548.31,
2026-09-11T20:35:10.815831+00:00,201,24843.66,
2026-09-11T20:35:35.362170+00:00,201,318.26,
2026-09-11T20:35:35.405782+00:00,201,300.07,
2026-09-11T20:35:01.488064+00:00,201,34225.14,
2026-09-11T20:35:10.804287+00:00,201,24945.75,
2026-09-11T20:35:32.513646+00:00,201,3252.90,
2026-09-11T20:35:22.452535+00:00,201,13320.84,
2026-09-11T20:35:22.684717+00:00,201,13082.93,
2026-09-11T20:35:08.377782+00:00,201,27415.52,
2026-09-11T20:35:17.992825+00:00,201,17841.82,
2026-09-11T20:35:21.152711+00:00,201,14684.18,
2026-09-11T20:35:19.087713+00:00,201,16772.99,
2026-09-11T20:35:30.037097+00:00,201,5867.61,
2026-09-11T20:35:28.112221+00:00,201,7795.35,
2026-09-11T20:35:01.402592+00:00,201,34546.76,
2026-09-11T20:35:21.192575+00:00,201,14773.63,
2026-09-11T20:35:27.048270+00:00,201,8924.08,
2026-09-11T20:35:29.624330+00:00,201,6350.39,
2026-09-11T20:35:26.470950+00:00,201,9539.04,
2026-09-11T20:35:20.401375+00:00,201,15612.66,
2026-09-11T20:34:48.109379+00:00,201,47914.89,
2026-09-11T20:35:35.324338+00:00,201,705.20,
2026-09-11T20:35:30.854753+00:00,201,5204.04,
2026-09-11T20:35:24.335182+00:00,201,11740.60,
2026-09-11T20:35:00.566552+00:00,201,35507.02,
2026-09-11T20:35:29.286696+00:00,201,6796.30,
2026-09-11T20:35:35.432235+00:00,201,657.27,
2026-09-11T20:35:29.846321+00:00,201,6243.89,
2026-09-11T20:34:42.746983+00:00,201,53375.65,
2026-09-11T20:35:23.849147+00:00,201,12288.87,
2026-09-11T20:35:02.081010+00:00,201,34081.56,
2026-09-11T20:35:15.321574+00:00,201,20843.20,
2026-09-11T20:35:19.410089+00:00,201,16765.36,
2026-09-11T20:35:35.903196+00:00,201,275.89,
2026-09-11T20:35:19.358747+00:00,201,16836.20,
2026-09-11T20:34:43.823526+00:00,201,52375.09,
2026-09-11T20:35:21.196656+00:00,201,15006.02,
2026-09-11T20:35:22.985375+00:00,201,13225.46,
2026-09-11T20:35:29.808423+00:00,201,6411.62,
2026-09-11T20:35:22.376913+00:00,201,13854.57,
2026-09-11T20:35:07.781961+00:00,201,28468.47,
2026-09-11T20:35:33.790960+00:00,201,2467.09,
2026-09-11T20:35:26.844526+00:00,201,9418.25,
2026-09-11T20:35:33.037558+00:00,201,3233.57,
2026-09-11T20:35:17.603475+00:00,201,18671.88,
2026-09-11T20:35:35.998367+00:00,201,282.42,
2026-09-11T20:35:09.408544+00:00,201,26918.59,
2026-09-11T20:35:12.975128+00:00,201,23352.19,
2026-09-11T20:35:17.473321+00:00,201,18882.73,
2026-09-11T20:35:34.988971+00:00,201,1382.67,
2026-09-11T20:34:31.497852+00:00,201,64893.30,
2026-09-11T20:35:35.637535+00:00,201,756.01,
2026-09-11T20:35:35.336100+00:00,201,1092.90,
2026-09-11T20:35:27.025564+00:00,201,9413.40,
2026-09-11T20:35:18.715412+00:00,201,17733.47,
2026-09-11T20:35:32.198083+00:00,201,4243.07,
2026-09-11T20:35:23.161722+00:00,201,13297.76,
2026-09-11T20:34:50.448964+00:00,201,46019.16,
2026-09-11T20:35:25.319900+00:00,201,11169.59,
2026-09-11T20:35:28.634022+00:00,201,7861.99,
2026-09-11T20:35:31.416668+00:00,201,5109.37,
2026-09-11T20:35:03.449504+00:00,201,33110.60,
2026-09-11T20:35:25.334535+00:00,201,11228.13,
2026-09-11T20:35:36.347875+00:00,201,236.88,
2026-09-11T20:35:28.553361+00:00,201,8051.15,
2026-09-11T20:35:29.729222+00:00,201,6866.27,
2026-09-11T20:35:14.416980+00:00,201,22200.73,
2026-09-11T20:35:20.161994+00:00,201,16466.09,
2026-09-11T20:35:15.390668+00:00,201,21249.42,
2026-09-11T20:35:19.652513+00:00,201,16991.09,
2026-09-11T20:35:26.035223+00:00,201,10603.97,
2026-09-11T20:35:07.297449+00:00,201,29364.67,
2026-09-11T20:35:28.233306+00:00,201,8421.40,
2026-09-11T20:35:25.639707+00:00,201,11041.28,
2026-09-11T20:35:06.098431+00:00,201,30600.95,
2026-09-11T20:35:24.984910+00:00,201,11721.35,
2026-09-11T20:35:07.597537+00:00,201,29109.56,
2026-09-11T20:35:13.235179+00:00,201,23467.55,
2026-09-11T20:35:31.720107+00:00,201,4991.81,
2026-09-11T20:35:31.095079+00:00,201,5647.88,
2026-09-11T20:34:59.552347+00:00,201,37190.81,
2026-09-11T20:34:58.493879+00:00,201,38278.74,
2026-09-11T20:35:23.038894+00:00,201,13765.18,
2026-09-11T20:35:26.984792+00:00,201,9822.44,
2026-09-11T20:35:10.487811+00:00,201,26327.05,
2026-09-11T20:35:06.315262+00:00,201,30498.92,
2026-09-11T20:35:32.198083+00:00,201,4657.16,
2026-09-11T20:35:33.884118+00:00,201,3003.31,
2026-09-11T20:35:05.337959+00:00,201,31552.04,
2026-09-11T20:35:36.634781+00:00,201,265.98,
2026-09-11T20:35:25.686964+00:00,201,11224.66,
2026-09-11T20:35:21.312747+00:00,201,15596.40,
2026-09-11T20:35:35.193408+00:00,201,1736.61,
2026-09-11T20:35:26.634525+00:00,201,10310.84,
2026-09-11T20:35:35.739265+00:00,201,1240.03,
2026-09-11T20:35:36.691539+00:00,201,295.04,
2026-09-11T20:35:21.978083+00:00,201,15020.21,
2026-09-11T20:35:06.838211+00:00,201,30172.70,
2026-09-11T20:35:16.855049+00:00,201,20158.78,
2026-09-11T20:34:43.602670+00:00,201,53426.73,
2026-09-11T20:35:29.593895+00:00,201,7446.72,
2026-09-11T20:35:26.805106+00:00,201,10251.09,
2026-09-11T20:34:57.911117+00:00,201,39158.18,
2026-09-11T20:35:08.044941+00:00,201,29037.82,
2026-09-11T20:35:15.111738+00:00,201,21996.33,
2026-09-11T20:34:37.827746+00:00,201,59287.34,
2026-09-11T20:35:25.829201+00:00,201,11292.89,
2026-09-11T20:35:25.486841+00:00,201,11654.78,
2026-09-11T20:35:27.686251+00:00,201,9470.35,
2026-09-11T20:35:36.897961+00:00,201,250.19,
2026-09-11T20:35:30.933919+00:00,201,6226.50,
2026-09-11T20:35:29.713564+00:00,201,7492.62,
2026-09-11T20:34:59.237797+00:00,201,37977.03,
2026-09-11T20:35:36.977383+00:00,201,247.89,
2026-09-11T20:35:15.552662+00:00,201,21677.55,
2026-09-11T20:35:14.592159+00:00,201,22645.86,
2026-09-11T20:34:25.760562+00:00,201,71480.52,
2026-09-11T20:35:29.222910+00:00,201,8045.56,
2026-09-11T20:35:22.189913+00:00,201,15091.57,
2026-09-11T20:35:35.174397+00:00,201,2116.03,
2026-09-11T20:35:03.976570+00:00,201,33317.55,
2026-09-11T20:35:22.684717+00:00,201,14628.48,
2026-09-11T20:35:36.489712+00:00,201,839.98,
2026-09-11T20:34:48.204772+00:00,201,49135.08,
2026-09-11T20:35:35.751265+00:00,201,1630.04,
2026-09-11T20:35:28.717136+00:00,201,8667.67,
2026-09-11T20:35:06.076792+00:00,201,31320.70,
2026-09-11T20:35:37.076837+00:00,201,322.82,
2026-09-11T20:35:37.167178+00:00,201,262.73,
2026-09-11T20:35:32.457027+00:00,201,4983.73,
2026-09-11T20:35:29.194454+00:00,201,8248.81,
2026-09-11T20:35:29.603707+00:00,201,7865.70,
2026-09-11T20:35:35.114554+00:00,201,2357.17,
2026-09-11T20:35:00.172065+00:00,201,37319.07,
2026-09-11T20:35:04.770633+00:00,201,32724.40,
2026-09-11T20:35:29.206475+00:00,201,8289.66,
2026-09-11T20:35:35.766778+00:00,201,1755.23,
2026-09-11T20:35:29.673011+00:00,201,7863.62,
2026-09-11T20:35:07.505351+00:00,201,30033.58,
2026-09-11T20:35:36.559977+00:00,201,1019.41,
2026-09-11T20:34:40.539094+00:00,201,57059.82,
2026-09-11T20:35:37.316547+00:00,201,294.84,
2026-09-11T20:35:01.863580+00:00,201,35776.10,
2026-09-11T20:34:31.470288+00:00,201,66172.23,
2026-09-11T20:35:20.230256+00:00,201,17429.04,
2026-09-11T20:35:10.872845+00:00,201,26800.16,
2026-09-11T20:35:31.931030+00:00,201,5770.01,
2026-09-11T20:35:10.731449+00:00,201,26971.28,
2026-09-11T20:35:30.300991+00:00,201,7405.39,
2026-09-11T20:35:17.989297+00:00,201,19724.10,
2026-09-11T20:35:36.886142+00:00,201,883.20,
2026-09-11T20:35:25.542744+00:00,201,12230.19,
2026-09-11T20:35:15.346187+00:00,201,22435.57,
2026-09-11T20:35:26.136102+00:00,201,11651.75,
2026-09-11T20:35:17.075479+00:00,201,20720.07,
2026-09-11T20:35:27.672821+00:00,201,10146.88,
2026-09-11T20:35:20.711986+00:00,201,17113.17,
2026-09-11T20:35:36.816848+00:00,201,1016.15,
2026-09-11T20:35:22.787487+00:00,201,15046.17,
2026-09-11T20:35:33.658146+00:00,201,4187.89,
2026-09-11T20:35:21.136796+00:00,201,16727.16,
2026-09-11T20:35:10.785959+00:00,201,27091.75,
2026-09-11T20:35:34.498338+00:00,201,3382.24,
2026-09-11T20:35:22.684717+00:00,201,15184.01,
2026-09-11T20:34:46.965924+00:00,201,50922.73,
2026-09-11T20:35:26.336423+00:00,201,11552.08,
2026-09-11T20:35:27.680997+00:00,201,10235.10,
2026-09-11T20:35:18.264618+00:00,201,19658.78,
2026-09-11T20:35:26.375757+00:00,201,11574.72,
2026-09-11T20:35:24.114613+00:00,201,13854.25,
2026-09-11T20:35:05.075786+00:00,201,32894.75,
2026-09-11T20:35:30.524479+00:00,201,7481.43,
2026-09-11T20:34:28.717132+00:00,201,69293.38,
2026-09-11T20:35:22.036514+00:00,201,15979.19,
2026-09-11T20:35:23.049005+00:00,201,14969.76,
2026-09-11T20:35:32.056817+00:00,201,5998.75,
2026-09-11T20:35:25.788260+00:00,201,12294.25,
2026-09-11T20:35:19.716276+00:00,201,18363.98,
2026-09-11T20:35:26.968065+00:00,201,11114.58,
2026-09-11T20:35:28.453860+00:00,201,9653.16,
2026-09-11T20:34:35.652112+00:00,201,62473.56,
2026-09-11T20:35:30.078372+00:00,201,8051.93,
2026-09-11T20:35:20.240290+00:00,201,17920.89,
2026-09-11T20:35:31.886418+00:00,201,6284.21,
2026-09-11T20:35:35.863162+00:00,201,2315.67,
2026-09-11T20:34:56.173325+00:00,201,42009.38,
2026-09-11T20:35:23.544033+00:00,201,14665.83,
2026-09-11T20:35:36.806815+00:00,201,1411.57,
2026-09-11T20:35:22.413260+00:00,201,15803.30,
2026-09-11T20:35:14.149916+00:00,201,24078.01,
2026-09-11T20:35:28.565300+00:00,201,9687.75,
2026-09-11T20:34:58.981930+00:00,201,39278.98,
2026-09-11T20:35:05.959408+00:00,201,32300.41,
2026-09-11T20:35:24.128861+00:00,201,14133.03,
2026-09-11T20:35:26.216196+00:00,201,12065.94,
2026-09-11T20:35:31.545879+00:00,201,6739.50,
2026-09-11T20:35:09.485222+00:00,201,28818.67,
2026-09-11T20:35:35.843955+00:00,201,2461.99,
2026-09-11T20:35:22.294472+00:00,201,16012.87,
2026-09-11T20:35:29.888486+00:00,201,8426.46,
2026-09-11T20:35:30.149028+00:00,201,8175.89,
2026-09-11T20:35:35.469453+00:00,201,2875.71,
2026-09-11T20:35:38.092712+00:00,201,262.92,
2026-09-11T20:35:30.727534+00:00,201,7630.72,
2026-09-11T20:35:25.225751+00:00,201,13133.48,
2026-09-11T20:35:37.027113+00:00,201,1334.94,
2026-09-11T20:35:02.881003+00:00,201,35495.55,
2026-09-11T20:35:25.674375+00:00,201,12718.53,
2026-09-11T20:35:08.140620+00:00,201,30273.09,
2026-09-11T20:35:12.684720+00:00,201,25745.91,
2026-09-11T20:35:30.110381+00:00,201,8374.92,
2026-09-11T20:35:32.515647+00:00,201,5970.86,
2026-09-11T20:35:15.318078+00:00,201,23175.08,
2026-09-11T20:35:38.196988+00:00,201,291.95,
2026-09-11T20:35:37.831628+00:00,201,685.47,
2026-09-11T20:35:02.186658+00:00,201,36336.83,
2026-09-11T20:35:19.432911+00:00,201,19106.41,
2026-09-11T20:35:24.571378+00:00,201,13971.53,
2026-09-11T20:35:28.518057+00:00,201,10028.88,
2026-09-11T20:35:30.205833+00:00,201,8352.73,
2026-09-11T20:35:25.823451+00:00,201,12766.45,
2026-09-11T20:35:34.070829+00:00,201,4532.85,
2026-09-11T20:35:30.649633+00:00,201,7962.77,
2026-09-11T20:35:06.758866+00:00,201,31876.72,
2026-09-11T20:35:35.593897+00:00,201,3062.29,
2026-09-11T20:35:08.706964+00:00,201,29962.61,
2026-09-11T20:35:35.568639+00:00,201,3115.19,
2026-09-11T20:35:00.379965+00:00,201,38316.19,
2026-09-11T20:35:05.751926+00:00,201,32945.13,
2026-09-11T20:35:13.678091+00:00,201,25036.25,
2026-09-11T20:35:36.030039+00:00,201,2694.29,
2026-09-11T20:35:21.294703+00:00,201,17441.10,
2026-09-11T20:35:30.609055+00:00,201,8139.66,
2026-09-11T20:35:36.439937+00:00,201,2327.51,
2026-09-11T20:35:30.190118+00:00,201,8590.35,
2026-09-11T20:35:36.897961+00:00,201,1896.20,
2026-09-11T20:35:38.533583+00:00,201,270.41,
2026-09-11T20:35:18.168133+00:00,201,20662.81,
2026-09-11T20:35:29.096013+00:00,201,9746.22,
2026-09-11T20:35:20.693722+00:00,201,18152.90,
2026-09-11T20:35:32.246287+00:00,201,6619.84,
2026-09-11T20:35:36.867731+00:00,201,2004.54,
2026-09-11T20:35:38.085690+00:00,201,794.99,
2026-09-11T20:35:38.149519+00:00,201,749.05,
2026-09-11T20:35:14.654805+00:00,201,24271.42,
2026-09-11T20:35:20.013827+00:00,201,18913.62,
2026-09-11T20:35:30.149028+00:00,201,8787.96,
2026-09-11T20:35:01.247363+00:00,201,37710.15,
2026-09-11T20:35:17.465329+00:00,201,21515.20,
2026-09-11T20:35:30.190118+00:00,201,8794.26,
2026-09-11T20:35:31.408642+00:00,201,7605.66,
2026-09-11T20:35:27.644716+00:00,201,11389.01,
2026-09-11T20:35:28.473661+00:00,201,10563.55,
2026-09-11T20:35:08.614369+00:00,201,30451.51,
2026-09-11T20:35:09.309416+00:00,201,29773.24,
2026-09-11T20:35:27.617815+00:00,201,11466.58,
2026-09-11T20:35:34.355102+00:00,201,4734.04,
2026-09-11T20:35:20.489583+00:00,201,18633.72,
2026-09-11T20:35:38.259831+00:00,201,863.27,
2026-09-11T20:35:07.177336+00:00,201,31952.06,
2026-09-11T20:35:16.093001+00:00,201,23056.59,
2026-09-11T20:35:25.972372+00:00,201,13178.47,
2026-09-11T20:35:21.343273+00:00,201,17829.46,
2026-09-11T20:35:24.827432+00:00,201,14385.74,
2026-09-11T20:34:43.723499+00:00,201,55493.86,
2026-09-11T20:35:27.617815+00:00,201,11602.17,
2026-09-11T20:35:37.579371+00:00,201,1654.43,
2026-09-11T20:35:27.079255+00:00,201,12164.98,
2026-09-11T20:35:27.382207+00:00,201,11857.66,
2026-09-11T20:35:33.642382+00:00,201,5604.89,
2026-09-11T20:35:28.081439+00:00,201,11188.08,
2026-09-11T20:35:18.755292+00:00,201,20519.37,
2026-09-11T20:35:28.674728+00:00,201,10612.19,
2026-09-11T20:35:39.034791+00:00,201,264.97,
2026-09-11T20:35:28.596888+00:00,201,10705.96,
2026-09-11T20:35:04.275454+00:00,201,35032.90,
2026-09-11T20:35:26.241314+00:00,201,13065.65,
2026-09-11T20:35:38.720355+00:00,201,592.18,
2026-09-11T20:35:20.146115+00:00,201,19193.37,
2026-09-11T20:35:19.798152+00:00,201,19574.81,
2026-09-11T20:35:23.171182+00:00,201,16216.40,
2026-09-11T20:35:14.103712+00:00,201,25316.10,
2026-09-11T20:35:26.794451+00:00,201,12656.71,
2026-09-11T20:35:17.856828+00:00,201,21616.49,
2026-09-11T20:35:37.533969+00:00,201,1957.23,
2026-09-11T20:35:30.001922+00:00,201,9510.60,
2026-09-11T20:35:26.619196+00:00,201,12909.38,
2026-09-11T20:35:15.461787+00:00,201,24070.31,
2026-09-11T20:35:21.930963+00:00,201,17600.52,
2026-09-11T20:35:19.311403+00:00,201,20236.14,
2026-09-11T20:35:38.356284+00:00,201,1198.63,
2026-09-11T20:35:32.968769+00:00,201,6597.73,
2026-09-11T20:35:32.746333+00:00,201,6862.95,
2026-09-11T20:35:31.198926+00:00,201,8428.06,
2026-09-11T20:35:32.028028+00:00,201,7602.89,
2026-09-11T20:35:24.700662+00:00,201,14944.30,
2026-09-11T20:34:54.865939+00:00,201,44802.57,
2026-09-11T20:35:24.107267+00:00,201,15578.22,
2026-09-11T20:35:28.748562+00:00,201,10935.18,
2026-09-11T20:35:13.783088+00:00,201,25911.18,
2026-09-11T20:35:30.213758+00:00,201,9494.97,
2026-09-11T20:35:24.376328+00:00,201,15337.82,
2026-09-11T20:35:37.025018+00:00,201,2734.54,
2026-09-11T20:35:17.838945+00:00,201,21926.67,
2026-09-11T20:35:22.827236+00:00,201,16941.57,
2026-09-11T20:35:34.988971+00:00,201,4796.21,
2026-09-11T20:35:22.987995+00:00,201,16812.21,
2026-09-11T20:35:33.447213+00:00,201,6363.45,
2026-09-11T20:35:33.567392+00:00,201,6263.47,
2026-09-11T20:35:25.924529+00:00,201,13897.26,
2026-09-11T20:35:35.526623+00:00,201,4303.23,
2026-09-11T20:35:28.732813+00:00,201,11103.28,
2026-09-11T20:35:00.289133+00:00,201,39565.56,
2026-09-11T20:35:09.475697+00:00,201,30380.01,
2026-09-11T20:35:39.015642+00:00,201,841.88,
2026-09-11T20:35:16.146436+00:00,201,23721.12,
2026-09-11T20:35:30.142225+00:00,201,9739.40,
2026-09-11T20:35:29.776917+00:00,201,10107.53,
2026-09-11T20:34:58.857380+00:00,201,41069.28,
2026-09-11T20:35:24.305771+00:00,201,15616.56,
2026-09-11T20:35:37.460204+00:00,201,2497.55,
2026-09-11T20:35:16.743055+00:00,201,23218.71,
2026-09-11T20:35:07.251575+00:00,201,32711.55,
2026-09-11T20:35:35.108202+00:00,201,4860.67,
2026-09-11T20:35:20.483945+00:00,201,19521.54,
2026-09-11T20:35:38.657486+00:00,201,1374.13,
2026-09-11T20:35:10.300221+00:00,201,29748.46,
2026-09-11T20:34:58.223605+00:00,201,41832.53,
2026-09-11T20:35:39.100274+00:00,201,1046.42,
2026-09-11T20:35:38.137261+00:00,201,2037.32,
2026-09-11T20:35:31.317543+00:00,201,8877.74,
2026-09-11T20:34:54.502857+00:00,201,45705.27,
2026-09-11T20:34:55.623742+00:00,201,44590.46,
2026-09-11T20:35:20.918714+00:00,201,19305.16,
2026-09-11T20:35:18.411202+00:00,201,21817.03,
2026-09-11T20:35:39.916142+00:00,201,308.24,
2026-09-11T20:35:27.411190+00:00,201,12847.29,
2026-09-11T20:35:34.798971+00:00,201,5462.15,
2026-09-11T20:35:14.369390+00:00,201,25912.44,
2026-09-11T20:35:17.856828+00:00,201,22426.14,
2026-09-11T20:35:16.276516+00:00,201,24019.38,
2026-09-11T20:35:14.992805+00:00,201,25314.84,
2026-09-11T20:35:38.727666+00:00,201,1581.55,
2026-09-11T20:35:28.262561+00:00,201,12051.74,
2026-09-11T20:35:21.871260+00:00,201,18462.85,
2026-09-11T20:35:20.336944+00:00,201,20014.25,
2026-09-11T20:34:58.582799+00:00,201,41787.15,
2026-09-11T20:35:35.644381+00:00,201,4747.34,
2026-09-11T20:35:30.844898+00:00,201,9540.67,
2026-09-11T20:35:32.182290+00:00,201,8222.55,
2026-09-11T20:35:37.784935+00:00,201,2669.39,
2026-09-11T20:35:19.596940+00:00,201,20873.74,
2026-09-11T20:35:25.599497+00:00,201,14883.90,
2026-09-11T20:35:20.584607+00:00,201,19899.15,
2026-09-11T20:35:39.559250+00:00,201,939.24,
2026-09-11T20:35:17.838945+00:00,201,22663.69,
2026-09-11T20:35:40.179693+00:00,201,342.63,
2026-09-11T20:35:28.180100+00:00,201,12353.91,
2026-09-11T20:35:37.657997+00:00,201,2871.70,
2026-09-11T20:35:16.146436+00:00,201,24399.19,
2026-09-11T20:35:40.264890+00:00,201,292.73,
2026-09-11T20:35:32.423220+00:00,201,8136.89,
2026-09-11T20:35:06.004915+00:00,201,34570.08,
2026-09-11T20:35:32.715089+00:00,201,7863.89,
2026-09-11T20:35:34.640597+00:00,201,5937.70,
2026-09-11T20:35:40.278560+00:00,201,318.54,
2026-09-11T20:35:28.769930+00:00,201,11886.88,
2026-09-11T20:35:19.557416+00:00,201,21122.54,
2026-09-11T20:34:55.308409+00:00,201,45392.86,
2026-09-11T20:35:25.991180+00:00,201,14709.82,
2026-09-11T20:35:21.930963+00:00,201,18771.94,
2026-09-11T20:35:31.969185+00:00,201,8755.95,
2026-09-11T20:35:27.975647+00:00,201,12758.22,
2026-09-11T20:35:06.332034+00:00,201,34403.43,
2026-09-11T20:35:30.338602+00:00,201,10413.08,
2026-09-11T20:35:36.161123+00:00,201,4589.44,
2026-09-11T20:35:40.451741+00:00,201,322.91,
2026-09-11T20:35:34.434235+00:00,201,6369.05,
2026-09-11T20:35:26.273780+00:00,201,14534.51,
2026-09-11T20:35:10.674142+00:00,201,30145.26,
2026-09-11T20:35:37.215357+00:00,201,3612.69,
2026-09-11T20:35:37.167178+00:00,201,3659.98,
2026-09-11T20:35:18.331899+00:00,201,22505.67,
2026-09-11T20:35:15.892238+00:00,201,24960.88,
2026-09-11T20:35:29.876400+00:00,201,11021.22,
2026-09-11T20:35:35.624990+00:00,201,5284.71,
2026-09-11T20:35:21.968663+00:00,201,18955.24,
2026-09-11T20:35:21.405516+00:00,201,19539.51,
2026-09-11T20:35:22.538202+00:00,201,18422.75,
2026-09-11T20:35:22.089244+00:00,201,18902.18,
2026-09-11T20:35:04.403153+00:00,201,36603.87,
2026-09-11T20:35:30.649633+00:00,201,10369.46,
2026-09-11T20:35:23.788470+00:00,201,17255.34,
2026-09-11T20:35:17.403519+00:00,201,23660.54,
2026-09-11T20:35:36.325904+00:00,201,4769.94,
2026-09-11T20:35:05.012001+00:00,201,36083.85,
2026-09-11T20:35:13.446587+00:00,201,27661.44,
2026-09-11T20:35:26.735206+00:00,201,14382.34,
2026-09-11T20:35:23.757046+00:00,201,17367.86,
2026-09-11T20:35:31.914990+00:00,201,9226.35,
2026-09-11T20:35:37.879768+00:00,201,3268.55,
2026-09-11T20:34:55.850039+00:00,201,45294.08,
2026-09-11T20:35:31.252330+00:00,201,9954.63,
2026-09-11T20:35:34.630997+00:00,201,6582.14,
2026-09-11T20:35:39.774091+00:00,201,1445.55,
2026-09-11T20:35:32.800126+00:00,201,8425.29,
2026-09-11T20:35:29.571387+00:00,201,11656.73,
2026-09-11T20:35:35.659483+00:00,201,5601.18,
2026-09-11T20:34:48.994485+00:00,201,52272.85,
2026-09-11T20:35:25.155059+00:00,201,16144.49,
2026-09-11T20:35:26.762701+00:00,201,14571.80,
2026-09-11T20:35:03.407627+00:00,201,37947.78,
2026-09-11T20:35:20.851544+00:00,201,20509.82,
2026-09-11T20:35:31.183128+00:00,201,10187.84,
2026-09-11T20:35:15.380560+00:00,201,26020.87,
2026-09-11T20:35:39.640463+00:00,201,1760.16,
2026-09-11T20:35:40.348858+00:00,201,1096.47,
2026-09-11T20:35:37.864970+00:00,201,3578.61,
2026-09-11T20:35:20.812195+00:00,201,20644.16,
2026-09-11T20:35:32.815829+00:00,201,8648.13,
2026-09-11T20:35:31.745194+00:00,201,9729.50,
2026-09-11T20:35:37.061439+00:00,201,4406.68,
2026-09-11T20:35:38.871103+00:00,201,2613.39,
2026-09-11T20:35:22.716415+00:00,201,18785.54,
2026-09-11T20:35:34.137137+00:00,201,7373.06,
2026-09-11T20:34:46.846256+00:00,201,54675.55,
2026-09-11T20:35:36.255144+00:00,201,5267.54,
2026-09-11T20:35:27.288641+00:00,201,14244.13,
2026-09-11T20:35:40.264890+00:00,201,1265.38,
2026-09-11T20:35:19.941597+00:00,201,21607.69,
2026-09-11T20:35:21.090211+00:00,201,20456.54,
2026-09-11T20:35:38.353472+00:00,201,3199.39,
2026-09-11T20:35:36.161123+00:00,201,5404.91,
2026-09-11T20:35:28.828958+00:00,201,12789.40,
2026-09-11T20:35:30.377990+00:00,201,11251.39,
2026-09-11T20:35:21.698257+00:00,201,19948.47,
2026-09-11T20:34:59.931975+00:00,201,41725.98,
2026-09-11T20:35:20.558552+00:00,201,21099.14,
2026-09-11T20:35:17.043778+00:00,201,24619.05,
2026-09-11T20:35:22.700485+00:00,201,18990.85,
2026-09-11T20:35:16.608843+00:00,201,25119.70,
2026-09-11T20:35:33.337998+00:00,201,8382.03,
2026-09-11T20:35:37.516041+00:00,201,4211.38,
2026-09-11T20:35:35.004677+00:00,201,6727.83,
2026-09-11T20:35:17.043778+00:00,201,24699.21,
2026-09-11T20:35:25.655416+00:00,201,16107.57,
2026-09-11T20:35:18.211130+00:00,201,23580.27,
2026-09-11T20:35:18.274945+00:00,201,23521.46,
2026-09-11T20:35:29.644172+00:00,201,12167.13,
2026-09-11T20:35:37.540290+00:00,201,4282.94,
2026-09-11T20:35:31.835942+00:00,201,9996.30,
2026-09-11T20:35:23.252293+00:00,201,18582.18,
2026-09-11T20:35:19.087713+00:00,201,22738.52,
2026-09-11T20:35:38.373092+00:00,201,3482.02,
2026-09-11T20:35:35.903196+00:00,201,5952.82,
2026-09-11T20:35:16.840434+00:00,201,25015.58,
2026-09-11T20:35:36.078145+00:00,201,5812.14,
2026-09-11T20:34:43.906743+00:00,201,58015.08,
2026-09-11T20:34:59.287667+00:00,201,42645.25,
2026-09-11T20:35:30.041684+00:00,201,11899.49,
2026-09-11T20:35:17.481957+00:00,201,24467.85,
2026-09-11T20:35:20.082897+00:00,201,21860.48,
2026-09-11T20:35:36.630768+00:00,201,5335.05,
2026-09-11T20:35:20.458139+00:00,201,21519.65,
2026-09-11T20:35:41.019509+00:00,201,953.72,
2026-09-11T20:35:31.684857+00:00,201,10300.87,
2026-09-11T20:35:06.351901+00:00,201,35641.95,
2026-09-11T20:35:27.543629+00:00,201,14451.71,
2026-09-11T20:35:41.726682+00:00,201,278.13,
2026-09-11T20:35:39.634178+00:00,201,2387.14,
2026-09-11T20:35:18.547534+00:00,201,23478.48,
2026-09-11T20:35:20.489583+00:00,201,21555.83,
2026-09-11T20:35:37.880787+00:00,201,4176.08,
2026-09-11T20:35:14.843623+00:00,201,27219.45,
2026-09-11T20:35:41.802035+00:00,201,278.37,
2026-09-11T20:35:15.011428+00:00,201,27074.85,
2026-09-11T20:35:33.834634+00:00,201,8276.23,
2026-09-11T20:35:37.501510+00:00,201,4629.37,
2026-09-11T20:35:39.687578+00:00,201,2441.38,
2026-09-11T20:35:31.931030+00:00,201,10206.37,
2026-09-11T20:35:41.802035+00:00,201,359.42,
2026-09-11T20:35:41.515027+00:00,201,649.86,
2026-09-11T20:35:41.019509+00:00,201,1149.93,
2026-09-11T20:35:12.563701+00:00,201,29605.69,
2026-09-11T20:35:32.721739+00:00,201,9463.08,
2026-09-11T20:35:16.153828+00:00,201,26039.37,
2026-09-11T20:35:40.778903+00:00,201,1439.67,
2026-09-11T20:35:39.331964+00:00,201,2895.55,
2026-09-11T20:35:27.947560+00:00,201,14303.04,
2026-09-11T20:35:21.323039+00:00,201,20919.33,
2026-09-11T20:35:35.966447+00:00,201,6304.12,
2026-09-11T20:34:55.623742+00:00,201,46670.34,
2026-09-11T20:35:29.838141+00:00,201,12475.17,
2026-09-11T20:35:40.335395+00:00,201,1984.84,
2026-09-11T20:35:40.747510+00:00,201,1579.88,
2026-09-11T20:35:30.369940+00:00,201,11981.40,
2026-09-11T20:35:32.056817+00:00,201,10317.03,
2026-09-11T20:35:41.811593+00:00,201,576.87,
2026-09-11T20:35:36.619715+00:00,201,5789.65,
2026-09-11T20:35:40.713919+00:00,201,1751.72,
2026-09-11T20:35:22.493533+00:00,201,20003.77,
2026-09-11T20:35:27.981415+00:00,201,14522.45,
2026-09-11T20:35:19.844199+00:00,201,22661.45,
2026-09-11T20:34:25.189479+00:00,201,77328.19,
2026-09-11T20:35:28.451300+00:00,201,14073.88,
2026-09-11T20:34:59.636547+00:00,201,42901.82,
2026-09-11T20:35:42.217818+00:00,201,346.46,
2026-09-11T20:35:36.594039+00:00,201,5976.30,
2026-09-11T20:35:12.611269+00:00,201,29964.03,
2026-09-11T20:34:58.233661+00:00,201,44354.05,
2026-09-11T20:35:22.063849+00:00,201,20529.28,
2026-09-11T20:35:20.311864+00:00,201,22297.42,
2026-09-11T20:35:31.214735+00:00,201,11397.05,
2026-09-11T20:35:41.925859+00:00,201,710.88,
2026-09-11T20:35:40.225990+00:00,201,2425.33,
2026-09-11T20:35:31.339609+00:00,201,11325.04,
2026-09-11T20:35:20.867522+00:00,201,21822.31,
2026-09-11T20:35:24.697146+00:00,201,18016.89,
2026-09-11T20:35:39.220511+00:00,201,3507.00,
2026-09-11T20:35:33.833125+00:00,201,8924.34,
2026-09-11T20:35:30.649633+00:00,201,12122.75,
2026-09-11T20:34:51.567652+00:00,201,51219.47,
2026-09-11T20:35:38.928649+00:00,201,3880.52,
2026-09-11T20:35:07.625602+00:00,201,35185.59,
2026-09-11T20:35:21.403777+00:00,201,21410.77,
2026-09-11T20:35:31.946840+00:00,201,10869.06,
2026-09-11T20:35:42.467323+00:00,201,359.63,
2026-09-11T20:35:15.221696+00:00,201,27624.76,
2026-09-11T20:34:50.039980+00:00,201,52825.57,
2026-09-11T20:35:41.818353+00:00,201,1047.42,
2026-09-11T20:34:42.774113+00:00,201,60099.51,
2026-09-11T20:35:19.380556+00:00,201,23537.08,
2026-09-11T20:35:42.533167+00:00,201,381.36,
2026-09-11T20:35:40.487834+00:00,201,2441.08,
2026-09-11T20:35:27.460703+00:00,201,15521.13,
2026-09-11T20:35:23.475174+00:00,201,19521.83,
2026-09-11T20:35:28.057211+00:00,201,14958.09,
2026-09-11T20:35:29.808423+00:00,201,13229.35,
2026-09-11T20:35:34.264962+00:00,201,8786.47,
2026-09-11T20:35:39.884987+00:00,201,3189.08,
2026-09-11T20:35:42.057829+00:00,201,1040.91,
2026-09-11T20:35:10.551273+00:00,201,32549.56,
2026-09-11T20:35:41.097076+00:00,201,2026.51,
2026-09-11T20:35:42.809021+00:00,201,322.34,
2026-09-11T20:35:38.937496+00:00,201,4217.01,
2026-09-11T20:35:20.772353+00:00,201,22374.30,
2026-09-11T20:35:38.307808+00:00,201,4858.57,
2026-09-11T20:35:35.707232+00:00,201,7479.24,
2026-09-11T20:35:41.647110+00:00,201,1547.29,
2026-09-11T20:35:32.357132+00:00,201,10832.05,
2026-09-11T20:35:21.101934+00:00,201,22100.41,
2026-09-11T20:35:37.833141+00:00,201,5394.25,
2026-09-11T20:35:38.356284+00:00,201,4879.30,
2026-09-11T20:35:23.371826+00:00,201,19867.45,
2026-09-11T20:35:29.888486+00:00,201,13354.21,
2026-09-11T20:34:35.864188+00:00,201,67406.95,
2026-09-11T20:35:13.868666+00:00,201,29409.12,
2026-09-11T20:35:38.797273+00:00,201,4488.54,
2026-09-11T20:35:10.035967+00:00,201,33261.34,
2026-09-11T20:35:40.806724+00:00,201,2505.10,
2026-09-11T20:35:17.413077+00:00,201,25903.19,
2026-09-11T20:35:33.996924+00:00,201,9337.59,
2026-09-11T20:35:38.593745+00:00,201,4758.21,
2026-09-11T20:35:09.919871+00:00,201,33497.59,
2026-09-11T20:35:01.888111+00:00,201,41548.18,
2026-09-11T20:35:43.154424+00:00,201,278.49,
2026-09-11T20:35:34.891012+00:00,201,8553.89,
2026-09-11T20:35:12.417083+00:00,201,31028.65,
2026-09-11T20:35:27.349159+00:00,201,16105.11,
2026-09-11T20:35:31.423706+00:00,201,12038.50,
2026-09-11T20:35:37.490598+00:00,201,6000.41,
2026-09-11T20:35:39.125106+00:00,201,4380.82,
2026-09-11T20:35:40.217956+00:00,201,3291.90,
2026-09-11T20:35:20.861699+00:00,201,22659.27,
2026-09-11T20:35:29.118297+00:00,201,14404.78,
2026-09-11T20:35:13.261740+00:00,201,30273.46,
2026-09-11T20:34:45.961090+00:00,201,57573.55,
2026-09-11T20:35:39.061708+00:00,201,4481.49,
2026-09-11T20:35:41.943079+00:00,201,1601.57,
2026-09-11T20:35:09.261942+00:00,201,34298.10,
2026-09-11T20:35:38.011378+00:00,201,5552.15,
2026-09-11T20:35:29.003730+00:00,201,14582.34,
2026-09-11T20:35:28.036133+00:00,201,15566.28,
2026-09-11T20:35:05.090948+00:00,201,38526.53,
2026-09-11T20:35:43.334456+00:00,201,288.13,
2026-09-11T20:35:43.381448+00:00,201,267.18,
2026-09-11T20:35:41.304644+00:00,201,2349.97,
2026-09-11T20:35:36.094195+00:00,201,7562.60,
2026-09-11T20:35:31.472128+00:00,201,12209.06,
2026-09-11T20:35:27.229067+00:00,201,16495.13,
2026-09-11T20:35:33.884118+00:00,201,9839.59,
2026-09-11T20:35:16.226184+00:00,201,27527.64,
2026-09-11T20:35:12.912585+00:00,201,30866.13,
2026-09-11T20:35:24.626634+00:00,201,19168.81,
2026-09-11T20:35:42.374780+00:00,201,1441.26,
2026-09-11T20:35:10.323549+00:00,201,33494.53,
2026-09-11T20:35:37.056758+00:00,201,6771.42,
2026-09-11T20:35:39.810523+00:00,201,4059.93,
2026-09-11T20:35:26.542070+00:00,201,17318.59,
2026-09-11T20:35:18.294197+00:00,201,25583.38,
2026-09-11T20:35:22.653146+00:00,201,21223.22,
2026-09-11T20:35:23.095708+00:00,201,20782.74,
2026-09-11T20:35:30.666997+00:00,201,13240.28,
2026-09-11T20:35:16.199819+00:00,201,27712.46,
2026-09-11T20:35:33.768971+00:00,201,10155.02,
2026-09-11T20:35:39.853406+00:00,201,4090.63,
2026-09-11T20:35:33.501842+00:00,201,10445.99,
2026-09-11T20:35:41.541819+00:00,201,2412.11,
2026-09-11T20:35:25.956337+00:00,201,18029.25,
2026-09-11T20:35:23.001311+00:00,201,20987.01,
2026-09-11T20:35:33.849189+00:00,201,10138.92,
2026-09-11T20:35:40.726571+00:00,201,3299.50,
2026-09-11T20:35:35.324338+00:00,201,8697.22,
2026-09-11T20:35:42.514148+00:00,201,1542.84,
2026-09-11T20:35:39.872024+00:00,201,4202.45,
2026-09-11T20:34:57.741826+00:00,201,46355.60,
2026-09-11T20:35:40.658190+00:00,201,3441.47,
2026-09-11T20:35:18.977201+00:00,201,25130.28,
2026-09-11T20:35:18.197599+00:00,201,25919.75,
2026-09-11T20:35:43.872240+00:00,201,250.24,
2026-09-11T20:35:23.423221+00:00,201,20706.41,
2026-09-11T20:35:23.911901+00:00,201,20250.66,
2026-09-11T20:35:24.272182+00:00,201,19919.75,
2026-09-11T20:35:36.466976+00:00,201,7739.04,
2026-09-11T20:35:31.468370+00:00,201,12740.79,
2026-09-11T20:35:38.841416+00:00,201,5375.46,
2026-09-11T20:35:36.567746+00:00,201,7694.92,
2026-09-11T20:35:36.272817+00:00,201,7989.06,
2026-09-11T20:35:16.980211+00:00,201,27304.41,
2026-09-11T20:35:22.310001+00:00,201,21991.54,
2026-09-11T20:35:40.045226+00:00,201,4281.89,
2026-09-11T20:35:25.910970+00:00,201,18430.63,
2026-09-11T20:35:42.304194+00:00,201,2050.76,
2026-09-11T20:35:43.622308+00:00,201,758.08,
2026-09-11T20:35:43.002505+00:00,201,1390.82,
2026-09-11T20:34:24.697030+00:00,201,79708.42,
2026-09-11T20:35:39.710293+00:00,201,4706.72,
2026-09-11T20:35:06.518923+00:00,201,37909.61,
2026-09-11T20:35:10.874859+00:00,201,33563.18,
2026-09-11T20:35:38.482613+00:00,201,5956.46,
2026-09-11T20:35:43.068585+00:00,201,1401.58,
2026-09-11T20:35:25.163852+00:00,201,19311.44,
2026-09-11T20:35:15.197659+00:00,201,29289.90,
2026-09-11T20:35:19.892193+00:00,201,24605.30,
2026-09-11T20:35:42.240102+00:00,201,2267.03,
2026-09-11T20:35:30.080930+00:00,201,14460.32,
2026-09-11T20:35:26.171603+00:00,201,18373.45,
2026-09-11T20:35:31.982128+00:00,201,12583.65,
2026-09-11T20:35:39.228997+00:00,201,5348.29,
2026-09-11T20:35:35.228260+00:00,201,9359.10,
2026-09-11T20:35:42.178924+00:00,201,2433.01,
2026-09-11T20:35:36.746021+00:00,201,7878.05,
2026-09-11T20:35:39.369262+00:00,201,5260.77,
2026-09-11T20:35:34.673423+00:00,201,9971.44,
2026-09-11T20:35:44.330233+00:00,201,316.82,
2026-09-11T20:34:54.850216+00:00,201,49831.17,
2026-09-11T20:35:18.616911+00:00,201,26088.33,
2026-09-11T20:35:34.229731+00:00,201,10503.58,
2026-09-11T20:35:24.933919+00:00,201,19825.78,
2026-09-11T20:35:36.711121+00:00,201,8052.26,
2026-09-11T20:35:42.162466+00:00,201,2626.46,
2026-09-11T20:35:10.350998+00:00,201,34452.28,
2026-09-11T20:35:36.889778+00:00,201,7919.58,
2026-09-11T20:35:34.498338+00:00,201,10318.01,
2026-09-11T20:35:14.796520+00:00,201,30037.99,
2026-09-11T20:35:30.433407+00:00,201,14435.16,
2026-09-11T20:35:37.290240+00:00,201,7587.25,
2026-09-11T20:35:25.972372+00:00,201,18970.88,
2026-09-11T20:35:35.245072+00:00,201,9720.14,
2026-09-11T20:35:43.444941+00:00,201,1538.80,
2026-09-11T20:35:02.212403+00:00,201,42795.74,
2026-09-11T20:35:43.099506+00:00,201,1912.07,
2026-09-11T20:35:42.080897+00:00,201,2949.54,
2026-09-11T20:35:10.227651+00:00,201,34830.60,
2026-09-11T20:35:06.351901+00:00,201,38713.17,
2026-09-11T20:35:14.009725+00:00,201,31075.29,
2026-09-11T20:35:24.655245+00:00,201,20448.49,
2026-09-11T20:35:17.330314+00:00,201,27781.34,
2026-09-11T20:35:35.834955+00:00,201,9279.22,
2026-09-11T20:35:36.371130+00:00,201,8753.49,
2026-09-11T20:35:29.540264+00:00,201,15579.07,
2026-09-11T20:35:19.768632+00:00,201,25377.13,
2026-09-11T20:35:30.965261+00:00,201,14187.42,
2026-09-11T20:35:43.413162+00:00,201,1775.02,
2026-09-11T20:35:24.048991+00:00,201,21149.88,
2026-09-11T20:35:39.129012+00:00,201,6073.23,
2026-09-11T20:35:31.029507+00:00,201,14187.58,
2026-09-11T20:35:43.444941+00:00,201,1795.82,
2026-09-11T20:35:23.401219+00:00,201,21860.89,
2026-09-11T20:35:34.694113+00:00,201,10575.61,
2026-09-11T20:35:28.984823+00:00,201,16331.53,
2026-09-11T20:35:27.677434+00:00,201,17642.68,
2026-09-11T20:35:03.028518+00:00,201,42293.61,
2026-09-11T20:35:35.629755+00:00,201,9716.39,
2026-09-11T20:35:10.607888+00:00,201,34744.57,
2026-09-11T20:35:22.944768+00:00,201,22410.19,
2026-09-11T20:35:21.457299+00:00,201,23911.87,
2026-09-11T20:35:42.080897+00:00,201,3288.33,
2026-09-11T20:35:42.727177+00:00,201,2647.94,
2026-09-11T20:35:37.040991+00:00,201,8342.91,
2026-09-11T20:35:41.398211+00:00,201,3992.55,
2026-09-11T20:35:31.190899+00:00,201,14246.64,
2026-09-11T20:35:09.400545+00:00,201,36051.60,
2026-09-11T20:35:36.417276+00:00,201,9035.38,
2026-09-11T20:35:24.479007+00:00,201,20981.86,
2026-09-11T20:35:36.347875+00:00,201,9145.77,
2026-09-11T20:35:21.742912+00:00,201,23766.42,
2026-09-11T20:35:24.967669+00:00,201,20572.62,
2026-09-11T20:35:38.244054+00:00,201,7294.87,
2026-09-11T20:35:17.924936+00:00,201,27679.15,
2026-09-11T20:35:27.282305+00:00,201,18329.88,
2026-09-11T20:35:36.451367+00:00,201,9171.08,
2026-09-11T20:35:43.808846+00:00,201,1839.72,
2026-09-11T20:35:20.304838+00:00,201,25358.10,
2026-09-11T20:35:22.814628+00:00,201,22850.95,
2026-09-11T20:35:43.192216+00:00,201,2513.02,
2026-09-11T20:35:18.442972+00:00,201,27276.63,
2026-09-11T20:34:59.032348+00:00,201,46742.35,
2026-09-11T20:35:32.621455+00:00,201,13266.17,
2026-09-11T20:35:38.684021+00:00,201,7220.82,
2026-09-11T20:35:45.436488+00:00,201,474.57,
2026-09-11T20:35:42.191968+00:00,201,3769.73,
2026-09-11T20:35:19.462857+00:00,201,26508.85,
2026-09-11T20:35:29.713564+00:00,201,16258.33,
2026-09-11T20:35:18.709201+00:00,201,27308.86,
2026-09-11T20:35:44.094078+00:00,201,1931.45,
2026-09-11T20:35:34.339445+00:00,201,11687.56,
2026-09-11T20:35:33.264047+00:00,201,12775.77,
2026-09-11T20:35:40.313584+00:00,201,5731.11,
2026-09-11T20:35:14.494062+00:00,201,31560.14,
2026-09-11T20:35:35.966447+00:00,201,10093.23,
2026-09-11T20:35:36.201488+00:00,201,9869.24,
2026-09-11T20:35:26.225274+00:00,201,19862.40,
2026-09-11T20:35:06.205318+00:00,201,39881.06,
2026-09-11T20:35:23.944454+00:00,201,22218.50,
2026-09-11T20:35:01.646947+00:00,201,44532.98,
2026-09-11T20:35:01.368599+00:00,201,44820.60,
2026-09-11T20:35:38.809451+00:00,201,7382.69,
2026-09-11T20:35:43.732581+00:00,201,2478.81,
2026-09-11T20:35:36.268076+00:00,201,9946.53,
2026-09-11T20:35:32.252495+00:00,201,13966.93,
2026-09-11T20:34:42.595702+00:00,201,63634.31,
2026-09-11T20:35:45.777291+00:00,201,454.59,
2026-09-11T20:34:42.656831+00:00,201,63580.61,
2026-09-11T20:35:38.547140+00:00,201,7703.20,
2026-09-11T20:34:53.477238+00:00,201,52790.81,
2026-09-11T20:35:38.660642+00:00,201,7612.42,
2026-09-11T20:35:43.271522+00:00,201,3002.70,
2026-09-11T20:35:26.925975+00:00,201,19358.51,
2026-09-11T20:35:33.139780+00:00,201,13164.83,
2026-09-11T20:35:34.915124+00:00,201,11407.22,
2026-09-11T20:35:43.296913+00:00,201,3068.88,
2026-09-11T20:35:41.347508+00:00,201,5038.59,
2026-09-11T20:35:29.650717+00:00,201,16742.09,
2026-09-11T20:35:40.158373+00:00,201,6242.90,
2026-09-11T20:35:26.516933+00:00,201,19906.78,
2026-09-11T20:35:23.313851+00:00,201,23118.55,
2026-09-11T20:35:42.871865+00:00,201,3568.73,
2026-09-11T20:35:35.543614+00:00,201,10890.61,
2026-09-11T20:35:24.121775+00:00,201,22338.14,
2026-09-11T20:35:43.210495+00:00,201,3255.07,
2026-09-11T20:35:19.427145+00:00,201,27060.22,
2026-09-11T20:35:41.446204+00:00,201,5049.35,
2026-09-11T20:35:44.292851+00:00,201,2222.15,
2026-09-11T20:35:37.154833+00:00,201,9379.19,
2026-09-11T20:35:23.757046+00:00,201,22780.06,
2026-09-11T20:35:39.239045+00:00,201,7299.88,
2026-09-11T20:35:21.944373+00:00,201,24612.90,
2026-09-11T20:35:12.659797+00:00,201,33916.30,
2026-09-11T20:35:22.557157+00:00,201,24030.25,
2026-09-11T20:35:32.182290+00:00,201,14396.43,
2026-09-11T20:35:42.271767+00:00,201,4319.02,
2026-09-11T20:35:40.147874+00:00,201,6457.97,
2026-09-11T20:35:21.228069+00:00,201,25365.48,
2026-09-11T20:35:41.764456+00:00,201,4835.41,
2026-09-11T20:35:44.788642+00:00,201,1817.95,
2026-09-11T20:34:59.661294+00:00,201,46950.62,
2026-09-11T20:35:24.287730+00:00,201,22382.61,
2026-09-11T20:35:44.158313+00:00,201,2517.99,
2026-09-11T20:35:32.436470+00:00,201,14272.29,
2026-09-11T20:35:34.578941+00:00,201,12132.18,
2026-09-11T20:35:39.810523+00:00,201,6935.78,
2026-09-11T20:35:42.318939+00:00,201,4436.91,
2026-09-11T20:35:22.959610+00:00,201,23807.79,
2026-09-11T20:35:32.457027+00:00,201,14315.88,
2026-09-11T20:35:37.706630+00:00,201,9069.76,
2026-09-11T20:35:36.929489+00:00,201,9876.70,
2026-09-11T20:35:46.536502+00:00,201,268.86,
2026-09-11T20:35:10.025934+00:00,201,36823.50,
2026-09-11T20:35:39.614744+00:00,201,7250.68,
2026-09-11T20:35:28.229169+00:00,201,18662.97,
2026-09-11T20:35:24.066847+00:00,201,22844.21,
2026-09-11T20:35:43.935376+00:00,201,2976.19,
2026-09-11T20:35:25.623857+00:00,201,21341.42,
2026-09-11T20:35:24.380340+00:00,201,22608.74,
2026-09-11T20:35:07.612113+00:00,201,39396.79,
2026-09-11T20:35:33.404757+00:00,201,13606.13,
2026-09-11T20:35:45.391064+00:00,201,1626.30,
2026-09-11T20:35:43.714657+00:00,201,3313.58,
2026-09-11T20:35:38.004074+00:00,201,9039.55,
2026-09-11T20:35:11.337784+00:00,201,35713.75,
2026-09-11T20:35:32.942709+00:00,201,14107.79,
2026-09-11T20:35:30.379748+00:00,201,16680.21,
2026-09-11T20:35:05.108672+00:00,201,41952.20,
2026-09-11T20:35:20.835128+00:00,201,26229.62,
2026-09-11T20:35:32.550687+00:00,201,14517.77,
2026-09-11T20:34:57.900672+00:00,201,49184.80,
2026-09-11T20:35:35.782484+00:00,201,11313.57,
2026-09-11T20:35:31.367072+00:00,201,15731.60,
2026-09-11T20:35:23.187146+00:00,201,23920.83,
2026-09-11T20:35:43.983418+00:00,201,3129.08,
2026-09-11T20:35:46.801913+00:00,201,317.08,
2026-09-11T20:35:38.559606+00:00,201,8614.01,
2026-09-11T20:35:45.113186+00:00,201,2074.42,
2026-09-11T20:35:15.725777+00:00,201,31463.03,
2026-09-11T20:35:42.573239+00:00,201,4665.76,
2026-09-11T20:35:44.819560+00:00,201,2423.93,
2026-09-11T20:35:39.929049+00:00,201,7338.84,
2026-09-11T20:35:41.220746+00:00,201,6054.13,
2026-09-11T20:35:30.190118+00:00,201,17075.23,
2026-09-11T20:35:43.492951+00:00,201,3783.70,
2026-09-11T20:35:16.574991+00:00,201,30716.78,
2026-09-11T20:35:31.003493+00:00,201,16288.89,
2026-09-11T20:35:05.688423+00:00,201,41621.86,
2026-09-11T20:35:47.037042+00:00,201,295.74,
2026-09-11T20:35:34.973314+00:00,201,12364.23,
2026-09-11T20:35:36.715143+00:00,201,10647.12,
2026-09-11T20:35:25.070262+00:00,201,22298.46,
2026-09-11T20:35:43.654828+00:00,201,3752.95,
2026-09-11T20:35:40.547227+00:00,201,6889.72,
2026-09-11T20:35:38.492733+00:00,201,8949.78,
2026-09-11T20:35:43.160609+00:00,201,4303.79,
2026-09-11T20:35:40.812754+00:00,201,6654.57,
2026-09-11T20:35:35.713236+00:00,201,11778.51,
2026-09-11T20:35:37.294489+00:00,201,10217.39,
2026-09-11T20:34:55.940646+00:00,201,51577.54,
2026-09-11T20:35:07.544714+00:00,201,39997.29,
2026-09-11T20:35:37.044849+00:00,201,10500.11,
2026-09-11T20:35:26.857900+00:00,201,20694.59,
2026-09-11T20:35:24.515117+00:00,201,23050.78,
2026-09-11T20:35:00.523706+00:00,201,47051.88,
2026-09-11T20:35:47.328349+00:00,201,255.68,
2026-09-11T20:35:42.815042+00:00,201,4786.04,
2026-09-11T20:35:21.612746+00:00,201,25978.50,
2026-09-11T20:35:18.809572+00:00,201,28798.09,
2026-09-11T20:35:34.229731+00:00,201,13379.71,
2026-09-11T20:35:32.736362+00:00,201,14880.02,
2026-09-11T20:35:45.319371+00:00,201,2301.98,
2026-09-11T20:35:42.671813+00:00,201,4961.18,
2026-09-11T20:35:33.305979+00:00,201,14339.65,
2026-09-11T20:35:20.772353+00:00,201,26939.81,
2026-09-11T20:35:40.708250+00:00,201,7020.64,
2026-09-11T20:35:39.451510+00:00,201,8346.06,
2026-09-11T20:35:36.220693+00:00,201,11605.73,
2026-09-11T20:35:25.107005+00:00,201,22724.82,
2026-09-11T20:35:40.582081+00:00,201,7243.13,
2026-09-11T20:35:25.199648+00:00,201,22638.70,
2026-09-11T20:34:54.518264+00:00,201,53343.33,
2026-09-11T20:35:03.660086+00:00,201,44217.34,
2026-09-11T20:35:34.547564+00:00,201,13336.59,
2026-09-11T20:35:42.048981+00:00,201,5847.08,
2026-09-11T20:35:44.419851+00:00,201,3520.22,
2026-09-11T20:35:13.678091+00:00,201,34265.20,
2026-09-11T20:35:22.637453+00:00,201,25316.44,
2026-09-11T20:35:29.235133+00:00,201,18749.35,
2026-09-11T20:35:14.516168+00:00,201,33486.72,
2026-09-11T20:35:20.671974+00:00,201,27345.96,
2026-09-11T20:35:37.986515+00:00,201,10049.72,
2026-09-11T20:35:15.633526+00:00,201,32408.62,
2026-09-11T20:35:41.831293+00:00,201,6215.75,
2026-09-11T20:35:30.211751+00:00,201,17841.75,
2026-09-11T20:35:39.300501+00:00,201,8763.94,
2026-09-11T20:35:32.198083+00:00,201,15867.87,
2026-09-11T20:35:08.793860+00:00,201,39291.81,
2026-09-11T20:35:30.344124+00:00,201,17767.07,
2026-09-11T20:34:55.890565+00:00,201,52246.19,
2026-09-11T20:34:38.345897+00:00,201,69793.86,
2026-09-11T20:35:37.824038+00:00,201,10343.03,
2026-09-11T20:34:46.866666+00:00,201,61316.83,
2026-09-11T20:35:28.801495+00:00,201,19382.49,
2026-09-11T20:35:32.598145+00:00,201,15592.87,
2026-09-11T20:35:36.272817+00:00,201,11924.70,
2026-09-11T20:35:43.700985+00:00,201,4500.78,
2026-09-11T20:35:41.668542+00:00,201,6538.14,
2026-09-11T20:35:36.272817+00:00,201,11940.60,
2026-09-11T20:35:47.942629+00:00,201,280.38,
2026-09-11T20:35:13.023049+00:00,201,35212.33,
2026-09-11T20:35:41.735184+00:00,201,6508.75,
2026-09-11T20:34:45.844459+00:00,201,62428.77,
2026-09-11T20:35:36.662385+00:00,201,11612.81,
2026-09-11T20:35:23.544033+00:00,201,24754.45,
2026-09-11T20:35:32.317789+00:00,201,15997.48,
2026-09-11T20:35:31.962249+00:00,201,16357.59,
2026-09-11T20:35:46.435301+00:00,201,1911.80,
2026-09-11T20:35:46.211343+00:00,201,2147.94,
2026-09-11T20:35:24.866525+00:00,201,23497.47,
2026-09-11T20:35:28.076406+00:00,201,20315.33,
2026-09-11T20:35:33.179477+00:00,201,15232.37,
2026-09-11T20:35:45.125353+00:00,201,3306.51,
2026-09-11T20:35:45.619966+00:00,201,2816.48,
2026-09-11T20:35:43.524017+00:00,201,4929.02,
2026-09-11T20:35:14.004725+00:00,201,34483.13,
2026-09-11T20:35:44.821576+00:00,201,3672.74,
2026-09-11T20:35:37.104863+00:00,201,11398.67,
2026-09-11T20:35:06.562127+00:00,201,41967.06,
2026-09-11T20:35:44.562582+00:00,201,3974.55,
2026-09-11T20:35:38.310235+00:00,201,10235.74,
2026-09-11T20:35:08.422017+00:00,201,40140.00,
2026-09-11T20:35:27.543629+00:00,201,21020.53,
2026-09-11T20:35:45.151806+00:00,201,3414.17,
2026-09-11T20:35:48.273112+00:00,201,328.78,
2026-09-11T20:35:46.275123+00:00,201,2338.62,
2026-09-11T20:35:41.398211+00:00,201,7212.87,
2026-09-11T20:35:48.273112+00:00,201,368.24,
2026-09-11T20:35:42.919024+00:00,201,5744.76,
2026-09-11T20:35:46.843946+00:00,201,1841.18,
2026-09-11T20:35:44.132527+00:00,201,4611.06,
2026-09-11T20:35:43.761202+00:00,201,4984.66,
2026-09-11T20:35:28.038138+00:00,201,20710.54,
2026-09-11T20:35:33.540395+00:00,201,15210.69,
2026-09-11T20:35:30.718950+00:00,201,18057.24,
2026-09-11T20:35:40.833947+00:00,201,7952.15,
2026-09-11T20:35:48.110475+00:00,201,684.85,
2026-09-11T20:35:41.398211+00:00,201,7420.35,
2026-09-11T20:35:34.916638+00:00,201,13911.51,
2026-09-11T20:35:19.668884+00:00,201,29188.00,
2026-09-11T20:35:46.053283+00:00,201,2804.95,
2026-09-11T20:35:43.920030+00:00,201,4943.35,
2026-09-11T20:35:40.751851+00:00,201,8148.30,
2026-09-11T20:35:29.222910+00:00,201,19676.69,
2026-09-11T20:35:35.245072+00:00,201,13684.91,
2026-09-11T20:35:35.336100+00:00,201,13592.50,
2026-09-11T20:35:48.532853+00:00,201,404.83,
2026-09-11T20:35:46.185067+00:00,201,2759.16,
2026-09-11T20:35:38.496465+00:00,201,10448.89,
2026-09-11T20:35:30.207739+00:00,201,18740.48,
2026-09-11T20:35:47.945825+00:00,201,998.39,
2026-09-11T20:35:27.823492+00:00,201,21127.33,
2026-09-11T20:35:40.231523+00:00,201,8719.68,
2026-09-11T20:35:47.051078+00:00,201,1935.30,
2026-09-11T20:35:48.603053+00:00,201,406.60,
2026-09-11T20:35:45.262893+00:00,201,3751.46,
2026-09-11T20:35:13.815149+00:00,201,35207.55,
2026-09-11T20:35:46.400965+00:00,201,2640.80,
2026-09-11T20:35:43.935376+00:00,201,5101.90,
2026-09-11T20:35:23.893712+00:00,201,25159.72,
2026-09-11T20:35:26.750798+00:00,201,22312.42,
2026-09-11T20:35:24.899429+00:00,201,24181.89,
2026-09-11T20:35:14.081041+00:00,201,35013.06,
2026-09-11T20:35:39.963924+00:00,201,9210.81,
2026-09-11T20:35:38.117689+00:00,201,11083.49,
2026-09-11T20:35:33.594844+00:00,201,15596.30,
2026-09-11T20:35:44.694071+00:00,201,4521.34,
2026-09-11T20:35:48.831581+00:00,201,409.80,
2026-09-11T20:35:46.764647+00:00,201,2472.90,
2026-09-11T20:35:25.387299+00:00,201,23872.16,
2026-09-11T20:35:46.227334+00:00,201,3043.92,
2026-09-11T20:35:41.477987+00:00,201,7794.36,
2026-09-11T20:35:35.543614+00:00,201,13771.59,
2026-09-11T20:35:39.473274+00:00,201,9854.64,
2026-09-11T20:35:41.477987+00:00,201,7878.72,
2026-09-11T20:35:37.112437+00:00,201,12243.82,
2026-09-11T20:35:46.764647+00:00,201,2589.87,
2026-09-11T20:35:17.432890+00:00,201,31951.36,
2026-09-11T20:35:29.126814+00:00,201,20262.04,
2026-09-11T20:35:48.603053+00:00,201,791.37,
2026-09-11T20:35:38.268420+00:00,201,11124.90,
2026-09-11T20:35:48.737626+00:00,201,663.28,
2026-09-11T20:35:45.084955+00:00,201,4349.61,
2026-09-11T20:35:11.380609+00:00,201,38049.43,
2026-09-11T20:35:26.957461+00:00,201,22482.24,
2026-09-11T20:35:38.306211+00:00,201,11139.55,
2026-09-11T20:35:43.239481+00:00,201,6261.82,
2026-09-11T20:35:40.503043+00:00,201,9009.46,
2026-09-11T20:35:44.435919+00:00,201,5092.65,
2026-09-11T20:35:40.235541+00:00,201,9312.31,
2026-09-11T20:35:25.869872+00:00,201,23680.07,
2026-09-11T20:35:44.869698+00:00,201,4717.54,
2026-09-11T20:35:31.450247+00:00,201,18166.92,
2026-09-11T20:35:20.146115+00:00,201,29484.78,
2026-09-11T20:35:46.432792+00:00,201,3203.34,
2026-09-11T20:35:08.498207+00:00,201,41141.26,
2026-09-11T20:35:44.983947+00:00,201,4662.10,
2026-09-11T20:35:17.922186+00:00,201,31751.82,
2026-09-11T20:35:41.561380+00:00,201,8120.84,
2026-09-11T20:35:35.012090+00:00,201,14675.43,
2026-09-11T20:35:29.713564+00:00,201,19990.40,
2026-09-11T20:35:43.654828+00:00,201,6067.03,
2026-09-11T20:35:14.793996+00:00,201,34958.71,
2026-09-11T20:35:30.174253+00:00,201,19580.41,
2026-09-11T20:35:22.621771+00:00,201,27168.72,
2026-09-11T20:35:23.874198+00:00,201,25939.28,
2026-09-11T20:35:41.134396+00:00,201,8691.34,
2026-09-11T20:34:47.703508+00:00,201,62126.58,
2026-09-11T20:35:47.271441+00:00,201,2607.19,
2026-09-11T20:35:19.058417+00:00,201,30852.89,
2026-09-11T20:35:40.503043+00:00,201,9467.07,
2026-09-11T20:35:39.156894+00:00,201,10808.16,
2026-09-11T20:35:45.188754+00:00,201,4785.38,
2026-09-11T20:35:29.729222+00:00,201,20241.96,
2026-09-11T20:35:11.236414+00:00,201,38748.55,
2026-09-11T20:35:18.274945+00:00,201,31708.01,
2026-09-11T20:35:47.462767+00:00,201,2534.37,
2026-09-11T20:35:49.316943+00:00,201,753.80,
2026-09-11T20:34:48.903583+00:00,201,61169.68,
2026-09-11T20:35:45.468338+00:00,201,4603.71,
2026-09-11T20:35:27.071934+00:00,201,23021.65,
2026-09-11T20:35:28.296885+00:00,201,21840.59,
2026-09-11T20:35:28.498782+00:00,201,21646.95,
2026-09-11T20:35:33.865258+00:00,201,16291.64,
2026-09-11T20:35:11.064022+00:00,201,39136.19,
2026-09-11T20:35:36.984204+00:00,201,13226.21,
2026-09-11T20:35:43.555637+00:00,201,6670.84,
2026-09-11T20:35:46.291073+00:00,201,3942.60,
2026-09-11T20:35:38.281383+00:00,201,11970.93,
2026-09-11T20:35:34.149279+00:00,201,16130.05,
2026-09-11T20:35:22.376913+00:00,201,27909.60,
2026-09-11T20:35:45.489005+00:00,201,4819.01,
2026-09-11T20:35:44.834115+00:00,201,5498.14,
2026-09-11T20:35:36.378743+00:00,201,13972.90,
2026-09-11T20:35:11.347502+00:00,201,39021.64,
2026-09-11T20:35:42.665407+00:00,201,7709.26,
2026-09-11T20:35:41.446204+00:00,201,8952.09,
2026-09-11T20:35:41.504326+00:00,201,8910.59,
2026-09-11T20:35:21.564530+00:00,201,28860.36,
2026-09-11T20:35:27.633988+00:00,201,22795.80,
2026-09-11T20:35:23.969272+00:00,201,26466.10,
2026-09-11T20:35:46.069003+00:00,201,4400.91,
2026-09-11T20:35:32.639257+00:00,201,17856.83,
2026-09-11T20:35:22.748935+00:00,201,27760.39,
2026-09-11T20:35:21.644058+00:00,201,28887.35,
2026-09-11T20:35:37.390065+00:00,201,13148.68,
2026-09-11T20:35:25.356437+00:00,201,25204.52,
2026-09-11T20:35:26.273780+00:00,201,24280.40,
2026-09-11T20:35:31.279147+00:00,201,19316.24,
2026-09-11T20:35:17.536448+00:00,201,33058.97,
2026-09-11T20:35:19.716276+00:00,201,30886.84,
2026-09-11T20:35:35.578815+00:00,201,15063.53,
2026-09-11T20:35:46.016985+00:00,201,4636.06,
2026-09-11T20:35:44.422755+00:00,201,6251.59,
2026-09-11T20:35:45.056162+00:00,201,5644.86,
2026-09-11T20:35:46.448902+00:00,201,4253.98,
2026-09-11T20:35:24.935927+00:00,201,25814.76,
2026-09-11T20:35:47.728442+00:00,201,3024.73,
2026-09-11T20:35:41.515027+00:00,201,9249.72,
2026-09-11T20:35:45.452459+00:00,201,5314.81,
2026-09-11T20:35:37.610395+00:00,201,13169.71,
2026-09-11T20:35:32.863301+00:00,201,17927.64,
2026-09-11T20:35:29.364964+00:00,201,21435.39,
2026-09-11T20:35:40.352875+00:00,201,10526.08,
2026-09-11T20:35:41.226772+00:00,201,9683.17,
2026-09-11T20:35:46.448902+00:00,201,4450.85,
2026-09-11T20:34:42.723089+00:00,201,68195.39,
2026-09-11T20:35:47.876793+00:00,201,3053.41,
2026-09-11T20:35:42.525006+00:00,201,8433.62,
2026-09-11T20:35:22.376913+00:00,201,28585.82,
2026-09-11T20:35:20.974791+00:00,201,29992.16,
2026-09-11T20:35:42.240102+00:00,201,8752.11,
2026-09-11T20:35:47.595569+00:00,201,3440.12,
2026-09-11T20:35:42.133228+00:00,201,8929.18,
2026-09-11T20:35:17.327290+00:00,201,33767.62,
2026-09-11T20:35:48.136645+00:00,201,2985.02,
2026-09-11T20:34:58.060620+00:00,201,53074.50,
2026-09-11T20:35:50.362878+00:00,201,844.87,
2026-09-11T20:35:21.493775+00:00,201,29717.78,
2026-09-11T20:35:37.230823+00:00,201,14021.22,
2026-09-11T20:35:47.303513+00:00,201,3975.49,
2026-09-11T20:35:36.125539+00:00,201,15160.64,
2026-09-11T20:35:33.761936+00:00,201,17534.74,
2026-09-11T20:35:39.829079+00:00,201,11471.00,
2026-09-11T20:35:23.089102+00:00,201,28218.75,
2026-09-11T20:35:31.461331+00:00,201,19852.20,
2026-09-11T20:35:35.272750+00:00,201,16041.19,
2026-09-11T20:35:34.157564+00:00,201,17174.05,
2026-09-11T20:35:44.483349+00:00,201,6848.96,
2026-09-11T20:35:43.052440+00:00,201,8362.06,
2026-09-11T20:35:12.879706+00:00,201,38551.16,
2026-09-11T20:35:44.991291+00:00,201,6451.22,
2026-09-11T20:35:27.602431+00:00,201,23871.89,
2026-09-11T20:34:57.237160+00:00,201,54235.48,
2026-09-11T20:35:33.479225+00:00,201,18018.89,
2026-09-11T20:35:14.051333+00:00,201,37462.21,
2026-09-11T20:35:13.538017+00:00,201,37986.93,
2026-09-11T20:35:10.741469+00:00,201,40790.24,
2026-09-11T20:35:33.959839+00:00,201,17576.17,
2026-09-11T20:35:48.243169+00:00,201,3308.11,
2026-09-11T20:35:37.239602+00:00,201,14335.93,
2026-09-11T20:35:21.755241+00:00,201,29827.90,
2026-09-11T20:35:35.601613+00:00,201,15997.40,
2026-09-11T20:35:28.303383+00:00,201,23313.76,
2026-09-11T20:35:39.402583+00:00,201,12236.52,
2026-09-11T20:35:22.421161+00:00,201,29221.52,
2026-09-11T20:35:51.275109+00:00,201,384.33,
2026-09-11T20:35:38.281383+00:00,201,13380.39,
2026-09-11T20:35:28.769930+00:00,201,22895.39,
2026-09-11T20:35:21.888769+00:00,201,29778.66,
2026-09-11T20:35:47.240587+00:00,201,4493.31,
2026-09-11T20:35:43.522271+00:00,201,8247.51,
2026-09-11T20:35:44.974177+00:00,201,6806.01,
2026-09-11T20:34:53.631634+00:00,201,58165.77,
2026-09-11T20:35:49.050346+00:00,201,2752.79,
2026-09-11T20:35:42.919024+00:00,201,8917.54,
2026-09-11T20:35:10.076848+00:00,201,41782.17,
2026-09-11T20:35:47.081530+00:00,201,4774.69,
2026-09-11T20:35:29.670914+00:00,201,22203.94,
2026-09-11T20:35:47.008697+00:00,201,4904.92,
2026-09-11T20:35:43.192216+00:00,201,8731.52,
2026-09-11T20:35:09.538207+00:00,201,42430.20,
2026-09-11T20:35:39.083858+00:00,201,12892.49,
2026-09-11T20:35:41.525691+00:00,201,10458.72,
2026-09-11T20:35:14.502623+00:00,201,37489.12,
2026-09-11T20:35:37.327062+00:00,201,14668.57,
2026-09-11T20:35:15.203892+00:00,201,36827.07,
2026-09-11T20:35:25.022135+00:00,201,27018.40,
2026-09-11T20:35:47.826916+00:00,201,4249.70,
2026-09-11T20:35:43.014429+00:00,201,9072.52,
2026-09-11T20:35:31.260349+00:00,201,20830.31,
2026-09-11T20:35:46.359611+00:00,201,5731.56,
2026-09-11T20:35:29.603707+00:00,201,22503.00,
2026-09-11T20:35:27.712148+00:00,201,24450.86,
2026-09-11T20:35:38.069988+00:00,201,14094.95,
2026-09-11T20:35:44.763388+00:00,201,7410.57,
2026-09-11T20:35:51.838728+00:00,201,348.51,
2026-09-11T20:35:43.315919+00:00,201,8876.40,
2026-09-11T20:35:51.869435+00:00,201,342.43,
2026-09-11T20:35:46.988879+00:00,201,5244.88,
2026-09-11T20:35:50.493811+00:00,201,1751.24,
2026-09-11T20:35:46.025292+00:00,201,6218.07,
2026-09-11T20:35:41.134396+00:00,201,11115.06,
2026-09-11T20:35:21.364791+00:00,201,30895.71,
2026-09-11T20:35:29.051783+00:00,201,23249.08,
2026-09-11T20:35:51.976733+00:00,201,336.94,
2026-09-11T20:35:36.818600+00:00,201,15522.39,
2026-09-11T20:35:24.942605+00:00,201,27419.38,
2026-09-11T20:35:16.789136+00:00,201,35577.76,
2026-09-11T20:35:49.979932+00:00,201,2392.09,
2026-09-11T20:35:44.589502+00:00,201,7810.60,
2026-09-11T20:35:48.144679+00:00,201,4262.68,
2026-09-11T20:35:40.563095+00:00,201,11888.05,
2026-09-11T20:35:46.259276+00:00,201,6197.93,
2026-09-11T20:35:09.713817+00:00,201,42765.60,
2026-09-11T20:35:38.356284+00:00,201,14132.00,
2026-09-11T20:35:47.595569+00:00,201,4889.88,
2026-09-11T20:35:42.826831+00:00,201,9675.75,
2026-09-11T20:35:48.946213+00:00,201,3558.99,
2026-09-11T20:35:37.768907+00:00,201,14740.67,
2026-09-11T20:35:38.181152+00:00,201,14330.28,
2026-09-11T20:35:40.407873+00:00,201,12138.98,
2026-09-11T20:35:49.286566+00:00,201,3290.50,
2026-09-11T20:35:41.446204+00:00,201,11177.14,
2026-09-11T20:35:19.398079+00:00,201,33234.67,
2026-09-11T20:35:26.654879+00:00,201,25978.95,
2026-09-11T20:35:49.096244+00:00,201,3541.45,
2026-09-11T20:35:52.293383+00:00,201,342.30,
2026-09-11T20:35:48.352855+00:00,201,4328.66,
2026-09-11T20:35:45.452459+00:00,201,7233.40,
2026-09-11T20:35:37.897231+00:00,201,14817.36,
2026-09-11T20:35:39.194071+00:00,201,13559.51,
2026-09-11T20:35:15.142478+00:00,201,37625.16,
2026-09-11T20:35:38.031377+00:00,201,14744.28,
2026-09-11T20:34:52.332376+00:00,201,60467.14,
2026-09-11T20:35:40.780911+00:00,201,12041.38,
2026-09-11T20:35:49.202204+00:00,201,3635.77,
2026-09-11T20:35:24.368298+00:00,201,28503.12,
2026-09-11T20:35:17.519889+00:00,201,35354.33,
2026-09-11T20:35:31.843536+00:00,201,21046.78,
2026-09-11T20:35:20.684041+00:00,201,32219.21,
2026-09-11T20:35:48.750297+00:00,201,4190.40,
2026-09-11T20:34:57.443284+00:00,201,55490.73,
2026-09-11T20:35:26.532261+00:00,201,26414.62,
2026-09-11T20:35:45.011226+00:00,201,7957.89,
2026-09-11T20:35:51.978740+00:00,201,997.69,
2026-09-11T20:35:26.603317+00:00,201,26391.69,
2026-09-11T20:35:29.342147+00:00,201,23658.10,
2026-09-11T20:35:47.604825+00:00,201,5400.28,
2026-09-11T20:35:36.611098+00:00,201,16406.83,
2026-09-11T20:35:48.932126+00:00,201,4108.36,
2026-09-11T20:35:42.298632+00:00,201,10754.91,
2026-09-11T20:35:52.025447+00:00,201,1043.39,
2026-09-11T20:35:45.373189+00:00,201,7704.66,
2026-09-11T20:35:23.535137+00:00,201,29552.31,
2026-09-11T20:35:47.386950+00:00,201,5732.53,
2026-09-11T20:35:41.969173+00:00,201,11158.25,
2026-09-11T20:35:51.593351+00:00,201,1548.28,
2026-09-11T20:35:10.551273+00:00,201,42601.56,
2026-09-11T20:35:34.557597+00:00,201,18606.52,
2026-09-11T20:35:07.355270+00:00,201,45835.90,
2026-09-11T20:35:10.789976+00:00,201,42410.43,
2026-09-11T20:35:32.550687+00:00,201,20646.35,
2026-09-11T20:35:50.703087+00:00,201,2518.69,
2026-09-11T20:35:24.393126+00:00,201,28830.62,
2026-09-11T20:35:41.716324+00:00,201,11522.51,
2026-09-11T20:35:52.165013+00:00,201,1083.11,
2026-09-11T20:35:46.259276+00:00,201,7016.57,
2026-09-11T20:34:55.016250+00:00,201,58297.69,
2026-09-11T20:35:51.416500+00:00,201,1914.01,
2026-09-11T20:35:11.445165+00:00,201,41892.53,
2026-09-11T20:35:41.969173+00:00,201,11423.29,
2026-09-11T20:35:23.128602+00:00,201,30260.43,
2026-09-11T20:35:43.585512+00:00,201,9815.56,
2026-09-11T20:35:43.460725+00:00,201,9948.29,
2026-09-11T20:35:30.700233+00:00,201,22711.23,
2026-09-11T20:35:52.363559+00:00,201,1056.27,
2026-09-11T20:35:24.487042+00:00,201,28948.31,
2026-09-11T20:35:22.310001+00:00,201,31150.73,
2026-09-11T20:35:51.290822+00:00,201,2178.44,
2026-09-11T20:35:31.341615+00:00,201,22128.72,
2026-09-11T20:35:34.434235+00:00,201,19037.54,
2026-09-11T20:35:44.114176+00:00,201,9404.75,
2026-09-11T20:35:51.299586+00:00,201,2278.79,
2026-09-11T20:35:42.000964+00:00,201,11584.76,
2026-09-11T20:35:25.231776+00:00,201,28372.24,
2026-09-11T20:35:48.065469+00:00,201,5549.55,
2026-09-11T20:35:28.204293+00:00,201,25424.98,
2026-09-11T20:35:26.133050+00:00,201,27503.57,
2026-09-11T20:35:53.278287+00:00,201,360.15,
2026-09-11T20:35:45.007709+00:00,201,8663.57,
2026-09-11T20:35:31.244593+00:00,201,22485.89,
2026-09-11T20:35:50.157135+00:00,201,3608.76,
2026-09-11T20:35:43.795391+00:00,201,9985.30,
2026-09-11T20:35:44.729777+00:00,201,9066.37,
2026-09-11T20:35:39.619376+00:00,201,14196.05,
2026-09-11T20:35:26.386340+00:00,201,27452.27,
2026-09-11T20:35:39.829079+00:00,201,14015.89,
2026-09-11T20:35:44.543469+00:00,201,9328.53,
2026-09-11T20:35:53.478808+00:00,201,403.84,
2026-09-11T20:35:21.962860+00:00,201,31921.90,
2026-09-11T20:34:33.109674+00:00,201,80767.84,
2026-09-11T20:35:36.208430+00:00,201,17685.04,
2026-09-11T20:34:20.926522+00:00,201,93000.53,
2026-09-11T20:35:24.071526+00:00,201,29863.65,
2026-09-11T20:35:21.323039+00:00,201,32632.96,
2026-09-11T20:35:07.362594+00:00,201,46618.56,
2026-09-11T20:35:27.686251+00:00,201,26310.08,
2026-09-11T20:35:41.116344+00:00,201,12889.64,
2026-09-11T20:35:51.662988+00:00,201,2356.23,
2026-09-11T20:35:50.332807+00:00,201,3708.01,
2026-09-11T20:35:34.355102+00:00,201,19691.39,
2026-09-11T20:35:24.167664+00:00,201,29912.76,
2026-09-11T20:35:41.197822+00:00,201,12898.04,
2026-09-11T20:35:27.971633+00:00,201,26134.64,
2026-09-11T20:34:52.941097+00:00,201,61168.71,
2026-09-11T20:35:52.089366+00:00,201,2033.86,
2026-09-11T20:35:26.874329+00:00,201,27252.23,
2026-09-11T20:35:48.301256+00:00,201,5869.89,
2026-09-11T20:35:46.259276+00:00,201,7914.53,
2026-09-11T20:35:17.028060+00:00,201,37171.01,
2026-09-11T20:34:56.093478+00:00,201,58148.86,
2026-09-11T20:35:41.647110+00:00,201,12628.49,
2026-09-11T20:35:12.391306+00:00,201,41923.13,
2026-09-11T20:35:39.829079+00:00,201,14493.31,
2026-09-11T20:35:44.060102+00:00,201,10302.77,
2026-09-11T20:35:05.959408+00:00,201,48408.08,
2026-09-11T20:35:46.606235+00:00,201,7763.88,
2026-09-11T20:35:23.535137+00:00,201,30836.51,
2026-09-11T20:35:50.092158+00:00,201,4293.39,
2026-09-11T20:35:34.751532+00:00,201,19661.70,
2026-09-11T20:35:51.738578+00:00,201,2684.91,
2026-09-11T20:35:01.297389+00:00,201,53129.70,
2026-09-11T20:35:37.768907+00:00,201,16665.75,
2026-09-11T20:35:27.611751+00:00,201,26852.66,
2026-09-11T20:35:37.207056+00:00,201,17263.73,
2026-09-11T20:35:09.850406+00:00,201,44636.65,
2026-09-11T20:35:41.831293+00:00,201,12658.49,
2026-09-11T20:35:12.831811+00:00,201,41677.50,
2026-09-11T20:35:42.561253+00:00,201,11947.81,
2026-09-11T20:34:48.211895+00:00,201,66305.70,
2026-09-11T20:35:48.352855+00:00,201,6159.68,
2026-09-11T20:35:32.961245+00:00,201,21569.12,
2026-09-11T20:35:23.243254+00:00,201,31313.15,
2026-09-11T20:35:46.185067+00:00,201,8382.94,
2026-09-11T20:35:48.319305+00:00,201,6258.34,
2026-09-11T20:35:47.541871+00:00,201,7041.21,
2026-09-11T20:35:33.662108+00:00,201,20922.14,
2026-09-11T20:35:40.516084+00:00,201,14074.23,
2026-09-11T20:35:18.554958+00:00,201,36047.63,
2026-09-11T20:35:46.914479+00:00,201,7697.82,
2026-09-11T20:35:40.852873+00:00,201,13768.75,
2026-09-11T20:35:54.360550+00:00,201,301.42,
2026-09-11T20:35:26.072862+00:00,201,28609.18,
2026-09-11T20:35:28.208304+00:00,201,26507.63,
2026-09-11T20:35:22.664868+00:00,201,32072.31,
2026-09-11T20:35:23.113675+00:00,201,31628.54,
2026-09-11T20:35:38.859379+00:00,201,15885.88,
2026-09-11T20:35:21.946972+00:00,201,32810.06,
2026-09-11T20:35:31.221522+00:00,201,23581.76,
2026-09-11T20:35:51.207619+00:00,201,3618.13,
2026-09-11T20:35:52.753131+00:00,201,2076.85,
2026-09-11T20:35:04.473502+00:00,201,50389.57,
2026-09-11T20:34:47.081844+00:00,201,67806.47,
2026-09-11T20:35:10.158415+00:00,201,44748.39,
2026-09-11T20:35:20.446355+00:00,201,34467.13,
2026-09-11T20:35:26.259238+00:00,201,28657.30,
2026-09-11T20:35:23.645556+00:00,201,31302.09,
2026-09-11T20:35:50.875426+00:00,201,4068.04,
2026-09-11T20:35:46.307290+00:00,201,8669.54,
2026-09-11T20:35:10.044268+00:00,201,44947.41,
2026-09-11T20:35:48.179965+00:00,201,6837.23,
2026-09-11T20:35:20.067464+00:00,201,34956.80,
2026-09-11T20:35:51.577609+00:00,201,3464.82,
2026-09-11T20:35:54.687664+00:00,201,372.20,
2026-09-11T20:35:40.563095+00:00,201,14493.62,
2026-09-11T20:35:27.205281+00:00,201,27867.57,
2026-09-11T20:35:17.194370+00:00,201,37888.76,
2026-09-11T20:35:45.219022+00:00,201,9883.94,
2026-09-11T20:35:01.337060+00:00,201,53787.07,
2026-09-11T20:35:40.849355+00:00,201,14307.47,
2026-09-11T20:35:17.797461+00:00,201,37374.90,
2026-09-11T20:35:51.308354+00:00,201,3881.52,
2026-09-11T20:35:38.054329+00:00,201,17136.04,
2026-09-11T20:35:54.876938+00:00,201,352.40,
2026-09-11T20:35:50.793342+00:00,201,4452.57,
2026-09-11T20:35:54.920480+00:00,201,340.40,
2026-09-11T20:35:37.406176+00:00,201,17858.44,
2026-09-11T20:35:37.596589+00:00,201,17683.68,
2026-09-11T20:35:43.271522+00:00,201,12012.43,
2026-09-11T20:35:54.326527+00:00,201,959.29,
2026-09-11T20:35:48.456435+00:00,201,6861.76,
2026-09-11T20:35:39.409973+00:00,201,15924.76,
2026-09-11T20:35:19.510314+00:00,201,35845.43,
2026-09-11T20:35:46.536502+00:00,201,8821.29,
2026-09-11T20:34:52.703492+00:00,201,62665.89,
2026-09-11T20:35:39.398472+00:00,201,15996.30,
2026-09-11T20:35:50.147793+00:00,201,5268.38,
2026-09-11T20:35:46.606235+00:00,201,8844.38,
2026-09-11T20:35:37.316547+00:00,201,18127.46,
2026-09-11T20:35:03.231499+00:00,201,52226.23,
2026-09-11T20:35:21.787468+00:00,201,33679.35,
2026-09-11T20:35:36.018156+00:00,201,19472.28,
2026-09-11T20:35:26.368159+00:00,201,29145.42,
2026-09-11T20:35:47.097427+00:00,201,8419.10,
2026-09-11T20:35:47.575563+00:00,201,7944.85,
2026-09-11T20:35:37.967307+00:00,201,17553.48,
2026-09-11T20:35:33.211073+00:00,201,22316.43,
2026-09-11T20:35:34.488251+00:00,201,21046.52,
2026-09-11T20:35:42.023918+00:00,201,13521.95,
2026-09-11T20:35:41.177751+00:00,201,14381.54,
2026-09-11T20:35:39.901442+00:00,201,15680.97,
2026-09-11T20:35:48.547484+00:00,201,7048.42,
2026-09-11T20:35:46.550269+00:00,201,9061.41,
2026-09-11T20:35:46.042009+00:00,201,9580.55,
2026-09-11T20:35:28.120261+00:00,201,27510.24,
2026-09-11T20:35:36.500062+00:00,201,19131.90,
2026-09-11T20:35:49.749371+00:00,201,5903.55,
2026-09-11T20:35:32.768605+00:00,201,22907.98,
2026-09-11T20:35:02.907452+00:00,201,52857.62,
2026-09-11T20:35:24.549410+00:00,201,31219.63,
2026-09-11T20:35:49.388339+00:00,201,6399.49,
2026-09-11T20:35:37.379818+00:00,201,18423.53,
2026-09-11T20:35:52.109208+00:00,201,3713.19,
2026-09-11T20:35:30.854753+00:00,201,24970.97,
2026-09-11T20:35:41.059803+00:00,201,14783.79,
2026-09-11T20:35:39.285126+00:00,201,16578.76,
2026-09-11T20:35:38.543322+00:00,201,17323.15,
2026-09-11T20:35:41.877951+00:00,201,13983.72,
2026-09-11T20:35:17.773974+00:00,201,38126.42,
2026-09-11T20:35:18.740009+00:00,201,37152.94,
2026-09-11T20:35:24.555280+00:00,201,31363.98,
2026-09-11T20:35:41.530765+00:00,201,14392.92,
2026-09-11T20:35:48.352855+00:00,201,7580.05,
2026-09-11T20:35:14.258972+00:00,201,41691.05,
2026-09-11T20:35:22.641031+00:00,201,33318.48,
2026-09-11T20:34:58.360228+00:00,201,57602.96,
2026-09-11T20:35:43.872240+00:00,201,12121.85,
2026-09-11T20:35:48.945589+00:00,201,7061.24,
2026-09-11T20:35:49.986951+00:00,201,6032.81,
2026-09-11T20:35:44.292851+00:00,201,11743.89,
2026-09-11T20:35:37.794839+00:00,201,18244.66,
2026-09-11T20:35:48.301256+00:00,201,7745.02,
2026-09-11T20:35:40.278560+00:00,201,15797.56,
2026-09-11T20:35:23.187146+00:00,201,32915.56,
2026-09-11T20:35:51.442343+00:00,201,4718.50,
2026-09-11T20:35:45.234466+00:00,201,10929.78,
2026-09-11T20:35:08.376776+00:00,201,47826.33,
2026-09-11T20:35:27.431306+00:00,201,28788.27,
2026-09-11T20:35:45.379754+00:00,201,10850.67,
2026-09-11T20:35:46.923518+00:00,201,9318.74,
2026-09-11T20:35:50.653952+00:00,201,5592.26,
2026-09-11T20:35:27.749337+00:00,201,28499.80,
2026-09-11T20:35:52.872588+00:00,201,3384.15,
2026-09-11T20:35:44.513978+00:00,201,11745.42,
2026-09-11T20:35:52.841588+00:00,201,3424.88,
2026-09-11T20:35:28.340590+00:00,201,27931.23,
2026-09-11T20:35:15.146490+00:00,201,41159.35,
2026-09-11T20:35:52.769133+00:00,201,3554.76,
2026-09-11T20:35:54.367895+00:00,201,1982.80,
2026-09-11T20:35:54.713129+00:00,201,1664.33,
2026-09-11T20:35:53.933198+00:00,201,2456.92,
2026-09-11T20:35:34.389406+00:00,201,22004.82,
2026-09-11T20:34:44.112884+00:00,201,72289.61,
2026-09-11T20:35:25.922525+00:00,201,30490.36,
2026-09-11T20:35:50.193371+00:00,201,6228.21,
2026-09-11T20:34:54.236184+00:00,201,62212.32,
2026-09-11T20:35:24.579586+00:00,201,31909.72,
2026-09-11T20:35:46.749823+00:00,201,9751.27,
2026-09-11T20:35:49.552119+00:00,201,6966.09,
2026-09-11T20:35:43.808846+00:00,201,12724.65,
2026-09-11T20:35:02.440286+00:00,201,54106.15,
2026-09-11T20:35:56.202896+00:00,201,355.77,
2026-09-11T20:35:24.539619+00:00,201,32018.27,
2026-09-11T20:35:54.826917+00:00,201,1732.25,
2026-09-11T20:35:48.620090+00:00,201,7951.86,
2026-09-11T20:35:52.185330+00:00,201,4388.38,
2026-09-11T20:35:31.571494+00:00,201,25002.92,
2026-09-11T20:35:42.763156+00:00,201,13826.33,
2026-09-11T20:35:36.024143+00:00,201,20567.00,
2026-09-11T20:35:54.186645+00:00,201,2413.99,
2026-09-11T20:35:50.643300+00:00,201,5995.98,
2026-09-11T20:35:49.876748+00:00,201,6760.12,
2026-09-11T20:35:08.813581+00:00,201,47837.79,
2026-09-11T20:35:33.163542+00:00,201,23494.51,
2026-09-11T20:35:48.930540+00:00,201,7739.67,
2026-09-11T20:35:52.394794+00:00,201,4274.51,
2026-09-11T20:35:38.777557+00:00,201,17892.83,
2026-09-11T20:35:54.383793+00:00,201,2311.66,
2026-09-11T20:35:51.625201+00:00,201,5112.32,
2026-09-11T20:35:10.229657+00:00,201,46520.76,
2026-09-11T20:35:39.763830+00:00,201,17008.70,
2026-09-11T20:35:47.894849+00:00,201,8884.39,
2026-09-11T20:35:56.490824+00:00,201,330.29,
2026-09-11T20:35:22.040513+00:00,201,34812.62,
2026-09-11T20:35:49.639768+00:00,201,7222.36,
2026-09-11T20:35:01.717437+00:00,201,55163.54,
2026-09-11T20:35:44.760383+00:00,201,12125.03,
2026-09-11T20:35:40.945445+00:00,201,15971.11,
2026-09-11T20:35:40.905152+00:00,201,16052.53,
2026-09-11T20:35:45.452459+00:00,201,11525.28,
2026-09-11T20:35:09.679022+00:00,201,47339.36,
2026-09-11T20:35:48.745287+00:00,201,8287.77,
2026-09-11T20:35:47.826916+00:00,201,9202.45,
2026-09-11T20:35:36.062032+00:00,201,20986.18,
2026-09-11T20:35:43.506906+00:00,201,13582.35,
2026-09-11T20:35:40.955873+00:00,201,16150.32,
2026-09-11T20:35:45.883228+00:00,201,11227.07,
2026-09-11T20:35:22.700485+00:00,201,34411.27,
2026-09-11T20:35:26.447362+00:00,201,30674.56,
2026-09-11T20:35:26.660907+00:00,201,30481.85,
2026-09-11T20:35:37.135597+00:00,201,20012.40,
2026-09-11T20:35:19.458856+00:00,201,37700.75,
2026-09-11T20:35:42.605029+00:00,201,14554.94,
2026-09-11T20:35:50.993599+00:00,201,6170.87,
2026-09-11T20:35:28.055203+00:00,201,29112.74,
2026-09-11T20:35:46.069003+00:00,201,11096.54,
2026-09-11T20:35:18.084208+00:00,201,39087.55,
2026-09-11T20:35:40.926030+00:00,201,16245.79,
2026-09-11T20:35:29.953431+00:00,201,27223.16,
2026-09-11T20:35:35.162011+00:00,201,22013.42,
2026-09-11T20:35:07.901747+00:00,201,49275.00,
2026-09-11T20:35:51.518444+00:00,201,5653.97,
2026-09-11T20:35:02.975623+00:00,201,54207.34,
2026-09-11T20:35:31.274129+00:00,201,25912.11,
2026-09-11T20:35:41.731247+00:00,201,15457.47,
2026-09-11T20:35:27.272279+00:00,201,29916.85,
2026-09-11T20:35:17.060109+00:00,201,40161.12,
2026-09-11T20:35:55.967822+00:00,201,1253.52,
2026-09-11T20:35:56.738054+00:00,201,493.15,
2026-09-11T20:35:42.057829+00:00,201,15172.31,
2026-09-11T20:35:48.568692+00:00,201,8672.35,
2026-09-11T20:35:35.368231+00:00,201,21864.53,
2026-09-11T20:35:31.378767+00:00,201,25875.39,
2026-09-11T20:35:29.729222+00:00,201,27520.29,
2026-09-11T20:34:49.291116+00:00,201,67973.27,
2026-09-11T20:35:47.462767+00:00,201,9829.17,
2026-09-11T20:35:03.468334+00:00,201,53837.42,
2026-09-11T20:35:16.630899+00:00,201,40684.86,
2026-09-11T20:35:47.020237+00:00,201,10309.46,
2026-09-11T20:35:38.322143+00:00,201,19004.75,
2026-09-11T20:35:48.400231+00:00,201,8990.64,
2026-09-11T20:35:37.011244+00:00,201,20403.65,
2026-09-11T20:35:56.084180+00:00,201,1342.12,
2026-09-11T20:34:37.225059+00:00,201,80211.37,
2026-09-11T20:35:36.121508+00:00,201,21334.63,
2026-09-11T20:35:15.272539+00:00,201,42200.79,
2026-09-11T20:35:00.979259+00:00,201,56497.60,
2026-09-11T20:35:52.482449+00:00,201,5000.32,
2026-09-11T20:35:17.383789+00:00,201,40115.96,
2026-09-11T20:35:31.726363+00:00,201,25775.66,
2026-09-11T20:35:17.200225+00:00,201,40345.83,
2026-09-11T20:35:50.952166+00:00,201,6598.19,
2026-09-11T20:35:25.794883+00:00,201,31789.13,
2026-09-11T20:35:15.884377+00:00,201,41718.13,
2026-09-11T20:35:50.139762+00:00,201,7472.36,
2026-09-11T20:35:54.479190+00:00,201,3184.79,
2026-09-11T20:35:42.561253+00:00,201,15113.03,
2026-09-11T20:35:35.677622+00:00,201,22008.18,
2026-09-11T20:35:27.193307+00:00,201,30493.08,
2026-09-11T20:35:49.043110+00:00,201,8667.11,
2026-09-11T20:35:43.951370+00:00,201,13762.68,
2026-09-11T20:35:21.691812+00:00,201,36026.81,
2026-09-11T20:35:42.350696+00:00,201,15406.96,
2026-09-11T20:35:41.859057+00:00,201,15902.68,
2026-09-11T20:35:54.122266+00:00,201,3685.64,
2026-09-11T20:35:51.471101+00:00,201,6341.61,
2026-09-11T20:35:29.126814+00:00,201,28699.97,
2026-09-11T20:35:54.040137+00:00,201,3831.19,
2026-09-11T20:35:42.178924+00:00,201,15701.54,
2026-09-11T20:35:51.869435+00:00,201,6056.97,
2026-09-11T20:35:34.165465+00:00,201,23760.00,
2026-09-11T20:35:25.466989+00:00,201,32475.02,
2026-09-11T20:35:39.536746+00:00,201,18398.00,
2026-09-11T20:34:32.414552+00:00,201,85539.36,
2026-09-11T20:35:38.612142+00:00,201,19369.83,
2026-09-11T20:35:43.539998+00:00,201,14444.17,
2026-09-11T20:35:33.287004+00:00,201,24703.42,
2026-09-11T20:35:56.528982+00:00,201,1462.55,
2026-09-11T20:35:39.584389+00:00,201,18410.04,
2026-09-11T20:35:54.640078+00:00,201,3396.06,
2026-09-11T20:35:48.902060+00:00,201,9165.42,
2026-09-11T20:35:54.906390+00:00,201,3176.45,
2026-09-11T20:35:42.866101+00:00,201,15244.89,
2026-09-11T20:35:33.572911+00:00,201,24558.17,
2026-09-11T20:35:48.797450+00:00,201,9341.11,
2026-09-11T20:34:46.301378+00:00,201,71885.22,
2026-09-11T20:35:57.472997+00:00,201,723.10,
2026-09-11T20:35:27.322480+00:00,201,30881.93,
2026-09-11T20:35:18.007463+00:00,201,40214.51,
2026-09-11T20:35:49.439421+00:00,201,8805.97,
2026-09-11T20:35:52.625434+00:00,201,5629.85,
2026-09-11T20:35:14.822355+00:00,201,43436.70,
2026-09-11T20:35:25.102979+00:00,201,33182.77,
2026-09-11T20:35:36.664395+00:00,201,21627.54,
2026-09-11T20:35:31.134457+00:00,201,27159.29,
2026-09-11T20:35:53.151723+00:00,201,5146.74,
2026-09-11T20:35:48.415940+00:00,201,9911.72,
2026-09-11T20:35:57.929322+00:00,201,407.48,
2026-09-11T20:35:56.919363+00:00,201,1483.03,
2026-09-11T20:35:44.647547+00:00,201,13772.31,
2026-09-11T20:35:47.081530+00:00,201,11335.46,
2026-09-11T20:35:53.641505+00:00,201,4782.23,
2026-09-11T20:35:53.637488+00:00,201,4800.30,
2026-09-11T20:35:22.327812+00:00,201,36127.83,
2026-09-11T20:35:55.925536+00:00,201,2537.77,
2026-09-11T20:35:43.761202+00:00,201,14718.17,
2026-09-11T20:35:39.532943+00:00,201,18963.67,
2026-09-11T20:35:51.984249+00:00,201,6530.99,
2026-09-11T20:35:56.002368+00:00,201,2528.89,
2026-09-11T20:35:52.168044+00:00,201,6384.61,
2026-09-11T20:35:45.357483+00:00,201,13216.96,
2026-09-11T20:35:54.665786+00:00,201,3954.46,
2026-09-11T20:35:54.040137+00:00,201,4583.13,
2026-09-11T20:35:52.378875+00:00,201,6296.19,
2026-09-11T20:35:48.493019+00:00,201,10186.40,
2026-09-11T20:35:28.835877+00:00,201,29849.13,
2026-09-11T20:35:41.477987+00:00,201,17208.55,
2026-09-11T20:35:25.278598+00:00,201,33438.55,
2026-09-11T20:35:53.452801+00:00,201,5293.24,
2026-09-11T20:35:53.147479+00:00,201,5617.26,
2026-09-11T20:35:25.945884+00:00,201,32819.55,
2026-09-11T20:35:45.319371+00:00,201,13448.56,
2026-09-11T20:35:54.560696+00:00,201,4211.59,
2026-09-11T20:35:58.258136+00:00,201,533.03,
2026-09-11T20:35:45.104618+00:00,201,13736.81,
2026-09-11T20:35:49.437399+00:00,201,9406.81,
2026-09-11T20:35:29.158790+00:00,201,29674.62,
2026-09-11T20:35:27.543629+00:00,201,31302.01,
2026-09-11T20:35:31.571494+00:00,201,27299.96,
2026-09-11T20:35:29.708865+00:00,201,29167.48,
2026-09-11T20:35:27.256495+00:00,201,31631.08,
2026-09-11T20:35:57.472997+00:00,201,1419.42,
2026-09-11T20:35:31.681611+00:00,201,27223.19,
2026-09-11T20:35:41.099178+00:00,201,17809.42,
2026-09-11T20:35:51.061903+00:00,201,7859.73,
2026-09-11T20:35:53.015133+00:00,201,5917.11,
2026-09-11T20:35:37.490598+00:00,201,21457.91,
2026-09-11T20:35:55.792666+00:00,201,3152.70,
2026-09-11T20:35:27.968117+00:00,201,30998.84,
2026-09-11T20:35:46.543522+00:00,201,12441.12,
2026-09-11T20:34:45.850488+00:00,201,73150.18,
2026-09-11T20:35:47.472079+00:00,201,11539.79,
2026-09-11T20:35:53.964407+00:00,201,5078.00,
2026-09-11T20:35:58.624988+00:00,201,422.79,
2026-09-11T20:35:26.908945+00:00,201,32144.29,
2026-09-11T20:35:58.626050+00:00,201,488.71,
2026-09-11T20:35:31.993821+00:00,201,27132.32,
2026-09-11T20:35:41.039937+00:00,201,18095.84,
2026-09-11T20:35:36.076631+00:00,201,23072.51,
2026-09-11T20:35:32.572417+00:00,201,26612.22,
2026-09-11T20:35:49.749371+00:00,201,9443.52,
2026-09-11T20:34:43.695820+00:00,201,75549.66,
2026-09-11T20:35:53.278287+00:00,201,5969.54,
2026-09-11T20:35:43.622308+00:00,201,15633.55,
2026-09-11T20:35:27.006798+00:00,201,32258.79,
2026-09-11T20:34:55.549369+00:00,201,63730.96,
2026-09-11T20:35:16.162509+00:00,201,43132.50,
2026-09-11T20:35:42.589352+00:00,201,16730.58,
2026-09-11T20:35:47.488265+00:00,201,11849.63,
2026-09-11T20:35:49.332947+00:00,201,10031.72,
2026-09-11T20:35:53.877398+00:00,201,5499.45,
2026-09-11T20:35:39.512244+00:00,201,19877.70,
2026-09-11T20:35:53.893449+00:00,201,5502.00,
2026-09-11T20:35:56.569668+00:00,201,2848.45,
2026-09-11T20:35:59.074535+00:00,201,343.09,
2026-09-11T20:35:05.999617+00:00,201,53446.39,
2026-09-11T20:35:45.125353+00:00,201,14319.33,
2026-09-11T20:35:47.884762+00:00,201,11566.24,
2026-09-11T20:35:53.339475+00:00,201,6183.03,
2026-09-11T20:34:52.339413+00:00,201,67181.67,
2026-09-11T20:34:55.518878+00:00,201,64015.44,
2026-09-11T20:35:26.304538+00:00,201,33230.72,
2026-09-11T20:35:54.161968+00:00,201,5397.82,
2026-09-11T20:35:56.977497+00:00,201,2587.35,
2026-09-11T20:35:29.074805+00:00,201,30500.41,
2026-09-11T20:35:28.732813+00:00,201,30839.48,
2026-09-11T20:35:07.806913+00:00,201,51775.36,
2026-09-11T20:35:53.877398+00:00,201,5727.12,
2026-09-11T20:34:48.169736+00:00,201,71447.41,
2026-09-11T20:35:47.528376+00:00,201,12118.41,
2026-09-11T20:35:53.120257+00:00,201,6528.30,
2026-09-11T20:35:49.214134+00:00,201,10435.02,
2026-09-11T20:35:47.837947+00:00,201,11814.27,
2026-09-11T20:35:37.266441+00:00,201,22407.35,
2026-09-11T20:35:43.231577+00:00,201,16482.69,
2026-09-11T20:35:41.655837+00:00,201,18075.66,
2026-09-11T20:35:36.046047+00:00,201,23703.81,
2026-09-11T20:35:46.764647+00:00,201,13012.44,
2026-09-11T20:35:54.977703+00:00,201,4807.58,
2026-09-11T20:35:46.507282+00:00,201,13279.93,
2026-09-11T20:35:57.583813+00:00,201,2211.85,
2026-09-11T20:34:58.124350+00:00,201,61690.25,
2026-09-11T20:35:35.515351+00:00,201,24312.24,
2026-09-11T20:35:54.495016+00:00,201,5337.94,
2026-09-11T20:35:47.885794+00:00,201,11960.03,
2026-09-11T20:35:57.870278+00:00,201,2035.12,
2026-09-11T20:35:58.333551+00:00,201,1601.64,
2026-09-11T20:35:49.860934+00:00,201,10077.08,
2026-09-11T20:35:24.841218+00:00,201,35103.54,
2026-09-11T20:35:47.312937+00:00,201,12682.33,
2026-09-11T20:35:56.252688+00:00,201,3758.73,
2026-09-11T20:35:54.950787+00:00,201,5070.01,
2026-09-11T20:35:54.470570+00:00,201,5555.70,
2026-09-11T20:35:38.212702+00:00,201,21849.11,
2026-09-11T20:35:57.542535+00:00,201,2519.04,
2026-09-11T20:35:53.933198+00:00,201,6137.67,
2026-09-11T20:35:57.883833+00:00,201,2198.39,
2026-09-11T20:35:55.841232+00:00,201,4252.91,
2026-09-11T20:35:58.411452+00:00,201,1698.64,
2026-09-11T20:35:55.895591+00:00,201,4266.53,
2026-09-11T20:35:50.374934+00:00,201,9794.60,
2026-09-11T20:35:41.370688+00:00,201,18800.64,
2026-09-11T20:35:47.721187+00:00,201,12478.41,
2026-09-11T20:35:55.507072+00:00,201,4683.67,
2026-09-11T20:35:51.770684+00:00,201,8433.09,
2026-09-11T20:35:59.199824+00:00,201,1015.47,
2026-09-11T20:35:55.792666+00:00,201,4434.59,
2026-09-11T20:35:58.041322+00:00,201,2207.24,
2026-09-11T20:35:30.264062+00:00,201,29989.64,
2026-09-11T20:35:36.173405+00:00,201,24086.99,
2026-09-11T20:35:52.578047+00:00,201,7714.92,
2026-09-11T20:35:36.094195+00:00,201,24203.43,
2026-09-11T20:35:56.042298+00:00,201,4265.13,
2026-09-11T20:35:57.821564+00:00,201,2518.24,
2026-09-11T20:35:47.556951+00:00,201,12820.47,
2026-09-11T20:35:44.088912+00:00,201,16317.97,
2026-09-11T20:35:59.989763+00:00,201,411.99,
2026-09-11T20:35:39.331964+00:00,201,21107.15,
2026-09-11T20:35:57.942700+00:00,201,2518.87,
2026-09-11T20:35:47.777768+00:00,201,12688.44,
2026-09-11T20:35:56.169021+00:00,201,4301.67,
2026-09-11T20:35:38.669634+00:00,201,21827.10,
2026-09-11T20:35:50.715210+00:00,201,9793.69,
2026-09-11T20:35:43.546309+00:00,201,17022.41,
2026-09-11T20:35:39.300501+00:00,201,21259.89,
2026-09-11T20:35:34.128411+00:00,201,26450.57,
2026-09-11T20:34:56.133306+00:00,201,64448.83,
2026-09-11T20:35:53.567726+00:00,201,7062.83,
2026-09-11T20:35:13.438071+00:00,201,47200.33,
2026-09-11T20:35:56.887784+00:00,201,3783.01,
2026-09-11T20:35:58.682443+00:00,201,2022.33,
2026-09-11T20:35:32.505560+00:00,201,28241.53,
2026-09-11T20:35:29.719835+00:00,201,31031.46,
2026-09-11T20:35:46.480270+00:00,201,14270.80,
2026-09-11T20:35:21.418867+00:00,201,39335.79,
2026-09-11T20:35:44.192167+00:00,201,16592.59,
2026-09-11T20:35:45.969712+00:00,201,14846.98,
2026-09-11T20:35:45.538844+00:00,201,15278.80,
2026-09-11T20:36:00.449943+00:00,201,374.97,
2026-09-11T20:35:57.712352+00:00,201,3111.36,
2026-09-11T20:35:36.945170+00:00,201,23905.14,
2026-09-11T20:35:20.558552+00:00,201,40301.16,
2026-09-11T20:35:58.696770+00:00,201,2176.05,
2026-09-11T20:35:35.982513+00:00,201,24899.07,
2026-09-11T20:35:46.586137+00:00,201,14297.59,
2026-09-11T20:35:57.757197+00:00,201,3139.86,
2026-09-11T20:35:39.853406+00:00,201,21058.68,
2026-09-11T20:35:57.425258+00:00,201,3491.29,
2026-09-11T20:35:47.626234+00:00,201,13305.02,
2026-09-11T20:35:43.904784+00:00,201,17042.72,
2026-09-11T20:35:21.806102+00:00,201,39173.53,
2026-09-11T20:35:33.441196+00:00,201,27549.49,
2026-09-11T20:35:51.757827+00:00,201,9281.04,
2026-09-11T20:34:57.270204+00:00,201,63812.89,
2026-09-11T20:35:40.054506+00:00,201,21040.23,
2026-09-11T20:35:56.632779+00:00,201,4470.94,
2026-09-11T20:34:59.198731+00:00,201,61914.90,
2026-09-11T20:35:57.031656+00:00,201,4094.44,
2026-09-11T20:35:34.894617+00:00,201,26222.72,
2026-09-11T20:35:36.466976+00:00,201,24666.87,
2026-09-11T20:35:08.992608+00:00,201,52165.28,
2026-09-11T20:35:19.003087+00:00,201,42154.97,
2026-09-11T20:35:03.045691+00:00,201,58135.31,
2026-09-11T20:35:58.770730+00:00,201,2415.96,
2026-09-11T20:35:46.237206+00:00,201,14956.18,
2026-09-11T20:35:52.684692+00:00,201,8545.93,
2026-09-11T20:35:59.382994+00:00,201,1852.66,
2026-09-11T20:35:33.122179+00:00,201,28121.39,
2026-09-11T20:35:49.388339+00:00,201,11860.73,
2026-09-11T20:35:51.656811+00:00,201,9599.76,
2026-09-11T20:35:25.163852+00:00,201,36120.85,
2026-09-11T20:35:44.356258+00:00,201,16977.62,
2026-09-11T20:35:44.232873+00:00,201,17110.52,
2026-09-11T20:35:58.072038+00:00,201,3283.17,
2026-09-11T20:35:20.582401+00:00,201,40782.02,
2026-09-11T20:35:57.046978+00:00,201,4333.59,
2026-09-11T20:34:55.731435+00:00,201,65650.65,
2026-09-11T20:35:02.455705+00:00,201,58934.72,
2026-09-11T20:35:53.468923+00:00,201,7946.89,
2026-09-11T20:35:49.683843+00:00,201,11734.56,
2026-09-11T20:35:42.396210+00:00,201,19054.11,
2026-09-11T20:36:01.154502+00:00,201,293.82,
2026-09-11T20:35:35.032346+00:00,201,26431.73,
2026-09-11T20:36:01.154502+00:00,201,325.47,
2026-09-11T20:35:27.308410+00:00,201,34198.56,
2026-09-11T20:35:47.177018+00:00,201,14332.48,
2026-09-11T20:35:46.891900+00:00,201,14638.24,
2026-09-11T20:35:37.701615+00:00,201,23847.94,
2026-09-11T20:35:42.318939+00:00,201,19234.79,
2026-09-11T20:35:37.346167+00:00,201,24226.36,
2026-09-11T20:35:55.340715+00:00,201,6229.52,
2026-09-11T20:35:28.531382+00:00,201,33075.70,
2026-09-11T20:35:41.462905+00:00,201,20152.82,
2026-09-11T20:35:47.633093+00:00,201,13987.52,
2026-09-11T20:35:35.209225+00:00,201,26402.63,
2026-09-11T20:35:47.442708+00:00,201,14182.48,
2026-09-11T20:35:39.679052+00:00,201,21971.13,
2026-09-11T20:35:41.541819+00:00,201,20107.20,
2026-09-11T20:35:56.553847+00:00,201,5126.21,
2026-09-11T20:35:09.359428+00:00,201,52341.66,
2026-09-11T20:34:41.350807+00:00,201,80355.89,
2026-09-11T20:35:55.862745+00:00,201,5887.48,
2026-09-11T20:36:01.445749+00:00,201,306.11,
2026-09-11T20:35:46.698971+00:00,201,15085.64,
2026-09-11T20:36:01.445749+00:00,201,337.23,
2026-09-11T20:35:36.820608+00:00,201,24970.01,
2026-09-11T20:35:47.044052+00:00,201,14755.47,
2026-09-11T20:35:46.227334+00:00,201,15570.02,
2026-09-11T20:35:31.262354+00:00,201,30556.04,
2026-09-11T20:35:51.853121+00:00,201,9965.00,
2026-09-11T20:35:57.329796+00:00,201,4501.76,
2026-09-11T20:35:18.427035+00:00,201,43423.36,
2026-09-11T20:35:55.394956+00:00,201,6468.53,
2026-09-11T20:35:38.259831+00:00,201,23599.92,
2026-09-11T20:35:33.337998+00:00,201,28565.82,
2026-09-11T20:35:39.982544+00:00,201,21961.11,
2026-09-11T20:36:00.810503+00:00,201,1133.70,
2026-09-11T20:35:16.053647+00:00,201,45900.55,
2026-09-11T20:35:10.184043+00:00,201,51800.25,
2026-09-11T20:35:59.310913+00:00,201,2669.99,
2026-09-11T20:35:32.148336+00:00,201,29851.22,
2026-09-11T20:35:55.083361+00:00,201,6920.01,
2026-09-11T20:35:57.249807+00:00,201,4772.26,
2026-09-11T20:35:30.633960+00:00,201,31401.68,
2026-09-11T20:35:00.599146+00:00,201,61444.50,
2026-09-11T20:35:32.882056+00:00,201,29232.93,
2026-09-11T20:35:31.650624+00:00,201,30466.68,
2026-09-11T20:35:48.179965+00:00,201,13938.51,
2026-09-11T20:35:49.587396+00:00,201,12546.73,
2026-09-11T20:36:01.752269+00:00,201,380.90,
2026-09-11T20:35:11.656185+00:00,201,50499.41,
2026-09-11T20:36:01.752269+00:00,201,419.71,
2026-09-11T20:35:48.209748+00:00,201,14010.17,
2026-09-11T20:35:59.785475+00:00,201,2448.39,
2026-09-11T20:35:45.601395+00:00,201,16660.48,
2026-09-11T20:35:43.432421+00:00,201,18832.28,
2026-09-11T20:35:36.961254+00:00,201,25297.08,
2026-09-11T20:35:38.498983+00:00,201,23782.56,
2026-09-11T20:35:55.040718+00:00,201,7248.90,
2026-09-11T20:35:41.099178+00:00,201,21193.76,
2026-09-11T20:36:01.614896+00:00,201,679.92,
2026-09-11T20:36:00.979894+00:00,201,1365.84,
2026-09-11T20:35:46.149637+00:00,201,16192.27,
2026-09-11T20:35:50.918350+00:00,201,11438.37,
2026-09-11T20:35:15.775933+00:00,201,46603.67,
2026-09-11T20:35:05.599738+00:00,201,56792.18,
2026-09-11T20:35:52.038794+00:00,201,10360.57,
2026-09-11T20:35:32.572417+00:00,201,29839.13,
2026-09-11T20:35:17.702347+00:00,201,44712.80,
2026-09-11T20:35:54.275357+00:00,201,8175.31,
2026-09-11T20:35:57.504792+00:00,201,4956.94,
2026-09-11T20:35:41.268808+00:00,201,21216.02,
2026-09-11T20:35:49.973329+00:00,201,12534.94,
2026-09-11T20:35:45.658557+00:00,201,16857.43,
2026-09-11T20:35:47.010702+00:00,201,15517.78,
2026-09-11T20:35:57.143809+00:00,201,5436.37,
2026-09-11T20:35:33.087547+00:00,201,29498.80,
2026-09-11T20:35:54.172940+00:00,201,8433.36,
2026-09-11T20:35:37.119972+00:00,201,25491.43,
2026-09-11T20:35:23.977777+00:00,201,38693.92,
2026-09-11T20:36:01.185249+00:00,201,1501.25,
2026-09-11T20:35:38.701360+00:00,201,23997.98,
2026-09-11T20:35:39.055159+00:00,201,23649.42,
2026-09-11T20:35:13.118203+00:00,201,49589.61,
2026-09-11T20:35:45.326071+00:00,201,17411.55,
2026-09-11T20:35:22.300456+00:00,201,40449.72,
2026-09-11T20:35:09.027446+00:00,201,53731.27,
2026-09-11T20:35:05.496867+00:00,201,57266.52,
2026-09-11T20:35:47.556951+00:00,201,15214.62,
2026-09-11T20:35:55.189712+00:00,201,7618.76,
2026-09-11T20:35:49.691623+00:00,201,13121.12,
2026-09-11T20:35:04.905000+00:00,201,57926.34,
2026-09-11T20:35:24.646694+00:00,201,38230.60,
2026-09-11T20:35:49.081189+00:00,201,13809.99,
2026-09-11T20:35:34.470711+00:00,201,28435.46,
2026-09-11T20:34:47.889517+00:00,201,75030.73,
2026-09-11T20:35:38.841416+00:00,201,24081.63,
2026-09-11T20:35:40.733605+00:00,201,22214.89,
2026-09-11T20:36:02.579921+00:00,201,375.47,
2026-09-11T20:35:26.617176+00:00,201,36347.14,
2026-09-11T20:35:58.294643+00:00,201,4683.19,
2026-09-11T20:35:57.174202+00:00,201,5840.50,
2026-09-11T20:36:02.650863+00:00,201,379.77,
2026-09-11T20:35:49.986951+00:00,201,13048.08,
2026-09-11T20:35:57.993702+00:00,201,5055.54,
2026-09-11T20:35:54.431881+00:00,201,8613.05,
2026-09-11T20:35:25.577584+00:00,201,37480.76,
2026-09-11T20:35:52.340602+00:00,201,10723.76,
2026-09-11T20:35:58.455903+00:00,201,4661.48,
2026-09-11T20:36:00.074446+00:00,201,3051.95,
2026-09-11T20:35:59.535487+00:00,201,3622.77,
2026-09-11T20:35:51.662988+00:00,201,11501.97,
2026-09-11T20:35:56.600987+00:00,201,6568.63,
2026-09-11T20:35:47.955641+00:00,201,15221.22,
2026-09-11T20:35:58.915491+00:00,201,4256.71,
2026-09-11T20:35:54.590876+00:00,201,8590.71,
2026-09-11T20:35:48.053696+00:00,201,15142.28,
2026-09-11T20:35:46.085077+00:00,201,17101.82,
2026-09-11T20:35:42.811028+00:00,201,20406.53,
2026-09-11T20:35:28.202287+00:00,201,35028.15,
2026-09-11T20:35:06.950821+00:00,201,56290.93,
2026-09-11T20:35:44.519133+00:00,201,18753.85,
2026-09-11T20:35:53.389428+00:00,201,9886.25,
2026-09-11T20:35:38.511442+00:00,201,24770.05,
2026-09-11T20:35:44.372105+00:00,201,18903.23,
2026-09-11T20:35:55.275467+00:00,201,8023.98,
2026-09-11T20:35:39.125106+00:00,201,24189.95,
2026-09-11T20:35:26.984792+00:00,201,36335.99,
2026-09-11T20:35:57.694239+00:00,201,5651.62,
2026-09-11T20:35:23.275954+00:00,201,40078.75,
2026-09-11T20:35:02.158867+00:00,201,61213.98,
2026-09-11T20:35:38.809451+00:00,201,24570.43,
2026-09-11T20:35:41.733626+00:00,201,21683.63,
2026-09-11T20:35:56.664647+00:00,201,6757.51,
2026-09-11T20:35:30.209745+00:00,201,33218.15,
2026-09-11T20:36:00.164324+00:00,201,3283.31,
2026-09-11T20:35:20.329356+00:00,201,43121.67,
2026-09-11T20:35:40.483281+00:00,201,22988.33,
2026-09-11T20:35:56.175052+00:00,201,7306.23,
2026-09-11T20:35:16.463136+00:00,201,47006.22,
2026-09-11T20:35:52.402783+00:00,201,11113.28,
2026-09-11T20:35:19.341232+00:00,201,44182.99,
2026-09-11T20:35:47.604825+00:00,201,15912.70,
2026-09-11T20:35:48.510100+00:00,201,15023.45,
2026-09-11T20:35:26.416674+00:00,201,37124.10,
2026-09-11T20:35:55.904067+00:00,201,7691.35,
2026-09-11T20:35:39.262151+00:00,201,24354.04,
2026-09-11T20:35:59.144294+00:00,201,4478.73,
2026-09-11T20:36:03.348444+00:00,201,283.32,
2026-09-11T20:35:06.394255+00:00,201,57255.92,
2026-09-11T20:35:55.468364+00:00,201,8202.15,
2026-09-11T20:35:55.951777+00:00,201,7751.02,
2026-09-11T20:35:34.941474+00:00,201,28763.83,
2026-09-11T20:35:53.829528+00:00,201,9895.16,
2026-09-11T20:35:50.968868+00:00,201,12761.95,
2026-09-11T20:35:58.245617+00:00,201,5489.18,
2026-09-11T20:36:01.783315+00:00,201,1992.69,
2026-09-11T20:35:53.861294+00:00,201,9924.00,
2026-09-11T20:35:36.561986+00:00,201,27254.58,
2026-09-11T20:35:53.310306+00:00,201,10514.96,
2026-09-11T20:35:51.314381+00:00,201,12516.23,
2026-09-11T20:35:49.043110+00:00,201,14795.32,
2026-09-11T20:35:44.472467+00:00,201,19372.21,
2026-09-11T20:35:49.971773+00:00,201,13889.86,
2026-09-11T20:36:01.503321+00:00,201,2397.55,
2026-09-11T20:35:50.478114+00:00,201,13428.14,
2026-09-11T20:35:52.628640+00:00,201,11276.80,
2026-09-11T20:35:45.973930+00:00,201,17931.31,
2026-09-11T20:35:34.128411+00:00,201,29842.21,
2026-09-11T20:35:51.543906+00:00,201,12443.74,
2026-09-11T20:35:06.371782+00:00,201,57614.60,
2026-09-11T20:35:28.269367+00:00,201,35753.74,
2026-09-11T20:35:46.085077+00:00,201,17935.87,
2026-09-11T20:36:03.413284+00:00,201,632.45,
2026-09-11T20:36:03.711226+00:00,201,339.38,
2026-09-11T20:36:02.257847+00:00,201,1796.42,
2026-09-11T20:35:24.128861+00:00,201,39923.77,
2026-09-11T20:35:38.761681+00:00,201,25309.69,
2026-09-11T20:35:58.621251+00:00,201,5459.06,
2026-09-11T20:35:50.604452+00:00,201,13486.18,
2026-09-11T20:34:43.709083+00:00,201,80399.38,
2026-09-11T20:35:47.117136+00:00,201,16996.16,
2026-09-11T20:36:02.380016+00:00,201,1737.28,
2026-09-11T20:35:21.849762+00:00,201,42274.76,
2026-09-11T20:36:02.669772+00:00,201,1476.58,
2026-09-11T20:35:42.689452+00:00,201,21465.54,
2026-09-11T20:35:56.880511+00:00,201,7295.91,
2026-09-11T20:35:55.770668+00:00,201,8445.83,
2026-09-11T20:35:28.110716+00:00,201,36114.67,
2026-09-11T20:35:54.084678+00:00,201,10151.77,
2026-09-11T20:35:45.508903+00:00,201,18761.12,
2026-09-11T20:35:44.392507+00:00,201,19895.15,
2026-09-11T20:35:58.083820+00:00,201,6206.20,
2026-09-11T20:35:41.931342+00:00,201,22372.65,
2026-09-11T20:35:19.058417+00:00,201,45250.99,
2026-09-11T20:35:44.625029+00:00,201,19690.04,
2026-09-11T20:35:52.073337+00:00,201,12257.02,
2026-09-11T20:35:58.192851+00:00,201,6155.27,
2026-09-11T20:35:29.042783+00:00,201,35309.81,
2026-09-11T20:36:01.783315+00:00,201,2590.98,
2026-09-11T20:35:56.002368+00:00,201,8386.34,
2026-09-11T20:35:55.542913+00:00,201,8850.07,
2026-09-11T20:35:58.930938+00:00,201,5465.20,
2026-09-11T20:35:52.279369+00:00,201,12142.66,
2026-09-11T20:35:54.892598+00:00,201,9545.38,
2026-09-11T20:35:17.253673+00:00,201,47200.68,
2026-09-11T20:35:39.209979+00:00,201,25261.47,
2026-09-11T20:35:01.899145+00:00,201,62601.22,
2026-09-11T20:35:23.123231+00:00,201,41402.72,
2026-09-11T20:35:33.690992+00:00,201,30857.13,
2026-09-11T20:35:48.073493+00:00,201,16476.68,
2026-09-11T20:35:44.879024+00:00,201,19681.93,
2026-09-11T20:35:36.808822+00:00,201,27773.44,
2026-09-11T20:35:05.250037+00:00,201,59326.81,
2026-09-11T20:35:43.315919+00:00,201,21277.18,
2026-09-11T20:35:41.985123+00:00,201,22597.70,
2026-09-11T20:35:29.286696+00:00,201,35308.31,
2026-09-11T20:36:03.170068+00:00,201,1483.84,
2026-09-11T20:35:44.705668+00:00,201,19959.66,
2026-09-11T20:35:51.146709+00:00,201,13519.66,
2026-09-11T20:34:33.774663+00:00,201,90900.70,
2026-09-11T20:35:50.439317+00:00,201,14249.41,
2026-09-11T20:35:29.760791+00:00,201,34930.76,
2026-09-11T20:35:56.553847+00:00,201,8154.23,
2026-09-11T20:36:04.389051+00:00,201,323.45,
2026-09-11T20:35:16.577015+00:00,201,48173.75,
2026-09-11T20:35:58.691959+00:00,201,6072.53,
2026-09-11T20:35:57.662340+00:00,201,7095.32,
2026-09-11T20:35:29.096013+00:00,201,35671.90,
2026-09-11T20:35:46.464563+00:00,201,18316.48,
2026-09-11T20:35:12.217484+00:00,201,52609.18,
2026-09-11T20:35:52.976821+00:00,201,11856.90,
2026-09-11T20:35:43.241989+00:00,201,21609.41,
2026-09-11T20:35:40.677841+00:00,201,24185.65,
2026-09-11T20:35:53.430862+00:00,201,11433.28,
2026-09-11T20:35:41.215204+00:00,201,23673.91,
2026-09-11T20:36:04.057726+00:00,201,844.19,
2026-09-11T20:35:48.751288+00:00,201,16190.25,
2026-09-11T20:35:39.088064+00:00,201,25854.01,
2026-09-11T20:35:57.186543+00:00,201,7767.04,
2026-09-11T20:35:42.757391+00:00,201,22208.82,
2026-09-11T20:35:55.316921+00:00,201,9672.66,
2026-09-11T20:35:30.516937+00:00,201,34481.24,
2026-09-11T20:36:00.638889+00:00,201,4372.15,
2026-09-11T20:35:55.411899+00:00,201,9619.55,
2026-09-11T20:35:39.528915+00:00,201,25525.36,
2026-09-11T20:35:38.217026+00:00,201,26836.15,
2026-09-11T20:36:04.764496+00:00,201,324.93,
2026-09-11T20:35:59.544869+00:00,201,5547.05,
2026-09-11T20:35:58.754860+00:00,201,6368.26,
2026-09-11T20:35:02.455705+00:00,201,62698.73,
2026-09-11T20:35:56.586327+00:00,201,8570.25,
2026-09-11T20:35:49.973329+00:00,201,15196.04,
2026-09-11T20:35:41.462905+00:00,201,23711.49,
2026-09-11T20:35:17.480430+00:00,201,47712.90,
2026-09-11T20:35:29.367549+00:00,201,35832.35,
2026-09-11T20:35:13.502542+00:00,201,51719.98,
2026-09-11T20:35:23.993787+00:00,201,41231.69,
2026-09-11T20:36:04.941556+00:00,201,292.15,
2026-09-11T20:35:56.959419+00:00,201,8279.94,
2026-09-11T20:35:32.028028+00:00,201,33236.76,
2026-09-11T20:35:33.242596+00:00,201,32019.55,
2026-09-11T20:35:09.679022+00:00,201,55593.24,
2026-09-11T20:35:53.813760+00:00,201,11466.31,
2026-09-11T20:35:47.435899+00:00,201,17853.42,
2026-09-11T20:35:00.921789+00:00,201,64376.99,
2026-09-11T20:35:20.336944+00:00,201,44957.85,
2026-09-11T20:35:57.678472+00:00,201,7669.85,
2026-09-11T20:35:35.324338+00:00,201,30033.56,
2026-09-11T20:35:49.445760+00:00,201,15929.27,
2026-09-11T20:35:43.043684+00:00,201,22334.48,
2026-09-11T20:35:55.111133+00:00,201,10270.95,
2026-09-11T20:35:10.380709+00:00,201,55006.39,
2026-09-11T20:36:02.781813+00:00,201,2620.42,
2026-09-11T20:35:54.367895+00:00,201,11037.22,
2026-09-11T20:35:45.073907+00:00,201,20354.76,
2026-09-11T20:35:49.176807+00:00,201,16262.53,
2026-09-11T20:35:44.582292+00:00,201,20880.18,
2026-09-11T20:35:55.364814+00:00,201,10119.62,
2026-09-11T20:35:27.129723+00:00,201,38393.38,
2026-09-11T20:35:55.258368+00:00,201,10269.19,
2026-09-11T20:35:48.674072+00:00,201,16866.37,
2026-09-11T20:35:21.995652+00:00,201,43577.11,
2026-09-11T20:35:03.076778+00:00,201,62503.09,
2026-09-11T20:35:34.323318+00:00,201,31253.02,
2026-09-11T20:35:21.771358+00:00,201,43825.45,
2026-09-11T20:34:53.995151+00:00,201,71618.42,
2026-09-11T20:35:01.606125+00:00,201,64011.59,
2026-09-11T20:35:41.145673+00:00,201,24489.57,
2026-09-11T20:35:51.672516+00:00,201,13967.75,
2026-09-11T20:36:05.341637+00:00,201,298.19,
2026-09-11T20:35:57.218381+00:00,201,8429.24,
2026-09-11T20:34:28.255229+00:00,201,97407.88,
2026-09-11T20:35:51.247658+00:00,201,14422.08,
2026-09-11T20:35:52.994807+00:00,201,12682.00,
2026-09-11T20:35:55.759127+00:00,201,9927.49,
2026-09-11T20:35:40.945445+00:00,201,24761.58,
2026-09-11T20:36:01.345484+00:00,201,4362.78,
2026-09-11T20:35:44.502530+00:00,201,21232.78,
2026-09-11T20:35:34.418502+00:00,201,31325.39,
2026-09-11T20:35:47.541871+00:00,201,18212.79,
2026-09-11T20:35:51.611880+00:00,201,14148.17,
2026-09-11T20:35:33.626561+00:00,201,32145.98,
2026-09-11T20:35:49.246219+00:00,201,16541.45,
2026-09-11T20:35:25.702809+00:00,201,40090.85,
2026-09-11T20:35:16.964416+00:00,201,48841.57,
2026-09-11T20:35:40.826924+00:00,201,25013.78,
2026-09-11T20:35:44.266449+00:00,201,21602.07,
2026-09-11T20:35:50.372926+00:00,201,15504.52,
2026-09-11T20:36:04.089472+00:00,201,1812.64,
2026-09-11T20:35:27.644716+00:00,201,38283.46,
2026-09-11T20:35:41.748124+00:00,201,24185.83,
2026-09-11T20:35:54.113343+00:00,201,11836.99,
2026-09-11T20:35:59.414600+00:00,201,6532.39,
2026-09-11T20:35:35.774462+00:00,201,30188.10,
2026-09-11T20:35:39.239045+00:00,201,26721.89,
2026-09-11T20:36:01.112700+00:00,201,4899.34,
2026-09-11T20:35:56.569668+00:00,201,9437.44,
2026-09-11T20:36:00.758844+00:00,201,5260.46,
2026-09-11T20:35:52.903611+00:00,201,13124.35,
2026-09-11T20:35:54.464544+00:00,201,11574.46,
2026-09-11T20:35:09.976751+00:00,201,56071.67,
2026-09-11T20:35:37.712489+00:00,201,28341.51,
2026-09-11T20:35:48.163737+00:00,201,17894.06,
2026-09-11T20:35:59.581634+00:00,201,6495.60,
2026-09-11T20:35:52.073337+00:00,201,14015.88,
2026-09-11T20:35:10.313779+00:00,201,55787.48,
2026-09-11T20:35:28.854509+00:00,201,37258.95,
2026-09-11T20:35:09.542209+00:00,201,56621.24,
2026-09-11T20:35:39.228997+00:00,201,26950.82,
2026-09-11T20:35:53.071991+00:00,201,13132.63,
2026-09-11T20:36:04.720145+00:00,201,1488.77,
2026-09-11T20:36:00.495832+00:00,201,5726.01,
2026-09-11T20:35:49.749371+00:00,201,16497.86,
2026-09-11T20:35:52.164002+00:00,201,14093.56,
2026-09-11T20:36:05.923103+00:00,201,339.49,
2026-09-11T20:35:42.589352+00:00,201,23678.42,
2026-09-11T20:36:05.951184+00:00,201,339.75,
2026-09-11T20:35:16.706927+00:00,201,49586.04,
2026-09-11T20:36:05.138277+00:00,201,1164.99,
2026-09-11T20:35:48.900005+00:00,201,17408.47,
2026-09-11T20:35:51.518444+00:00,201,14790.05,
2026-09-11T20:35:47.974102+00:00,201,18356.77,
2026-09-11T20:36:01.183249+00:00,201,5163.18,
2026-09-11T20:35:20.631994+00:00,201,45723.56,
2026-09-11T20:35:24.539619+00:00,201,41861.39,
2026-09-11T20:35:03.417178+00:00,201,62990.81,
2026-09-11T20:35:02.566429+00:00,201,63847.62,
2026-09-11T20:35:22.575522+00:00,201,43845.49,
2026-09-11T20:35:39.805676+00:00,201,26621.54,
2026-09-11T20:35:57.218381+00:00,201,9215.86,
2026-09-11T20:35:43.555637+00:00,201,22903.02,
2026-09-11T20:35:40.987779+00:00,201,25482.49,
2026-09-11T20:35:32.974393+00:00,201,33503.17,
2026-09-11T20:35:52.471990+00:00,201,14004.11,
2026-09-11T20:36:03.217536+00:00,201,3281.90,
2026-09-11T20:35:39.122082+00:00,201,27378.49,
2026-09-11T20:35:43.619342+00:00,201,22909.38,
2026-09-11T20:36:05.936470+00:00,201,635.55,
2026-09-11T20:34:52.656973+00:00,201,73951.00,
2026-09-11T20:36:02.257847+00:00,201,4359.74,
2026-09-11T20:35:41.985123+00:00,201,24659.25,
2026-09-11T20:36:01.280289+00:00,201,5371.74,
2026-09-11T20:36:04.278760+00:00,201,2372.49,
2026-09-11T20:35:43.872240+00:00,201,22785.44,
2026-09-11T20:36:01.413396+00:00,201,5254.69,
2026-09-11T20:35:57.807277+00:00,201,8873.76,
2026-09-11T20:36:03.360659+00:00,201,3313.98,
2026-09-11T20:35:56.421122+00:00,201,10267.42,
2026-09-11T20:35:57.951118+00:00,201,8776.47,
2026-09-11T20:35:34.465911+00:00,201,32266.96,
2026-09-11T20:36:03.283751+00:00,201,3459.21,
2026-09-11T20:35:44.537521+00:00,201,22210.71,
2026-09-11T20:34:59.677326+00:00,201,67092.56,
2026-09-11T20:35:07.488597+00:00,201,59293.66,
2026-09-11T20:35:52.309108+00:00,201,14481.26,
2026-09-11T20:36:05.576694+00:00,201,1273.98,
2026-09-11T20:35:27.570548+00:00,201,39288.06,
2026-09-11T20:35:46.384933+00:00,201,20476.08,
2026-09-11T20:35:59.184090+00:00,201,7701.52,
2026-09-11T20:35:59.879156+00:00,201,7012.31,
2026-09-11T20:35:33.880945+00:00,201,33016.54,
2026-09-11T20:35:19.557416+00:00,201,47344.25,
2026-09-11T20:36:05.208446+00:00,201,1727.18,
2026-09-11T20:36:06.602481+00:00,201,331.59,
2026-09-11T20:35:39.252377+00:00,201,27688.78,
2026-09-11T20:35:21.304388+00:00,201,45657.49,
2026-09-11T20:36:01.376000+00:00,201,5616.46,
2026-09-11T20:35:32.566384+00:00,201,34468.66,
2026-09-11T20:35:50.561595+00:00,201,16539.13,
2026-09-11T20:35:35.487491+00:00,201,31619.08,
2026-09-11T20:35:35.451291+00:00,201,31691.90,
2026-09-11T20:35:31.849045+00:00,201,35331.74,
2026-09-11T20:35:53.782167+00:00,201,13393.71,
2026-09-11T20:35:47.060928+00:00,201,20128.62,
2026-09-11T20:35:52.906616+00:00,201,14292.41,
2026-09-11T20:35:50.233575+00:00,201,16972.47,
2026-09-11T20:36:03.413284+00:00,201,3798.14,
2026-09-11T20:36:06.876691+00:00,201,335.79,
2026-09-11T20:35:24.167664+00:00,201,43065.77,
2026-09-11T20:35:42.130707+00:00,201,25122.13,
2026-09-11T20:35:57.218381+00:00,201,10035.21,
2026-09-11T20:35:47.604825+00:00,201,19658.60,
2026-09-11T20:35:31.337605+00:00,201,35942.00,
2026-09-11T20:36:03.283751+00:00,201,4005.25,
2026-09-11T20:36:06.580352+00:00,201,733.22,
2026-09-11T20:35:58.717824+00:00,201,8602.78,
2026-09-11T20:35:55.681517+00:00,201,11667.00,
2026-09-11T20:35:53.103776+00:00,201,14250.56,
2026-09-11T20:35:42.795478+00:00,201,24566.34,
2026-09-11T20:35:42.057829+00:00,201,25304.29,
2026-09-11T20:35:51.530593+00:00,201,15839.10,
2026-09-11T20:36:06.625565+00:00,201,744.71,
2026-09-11T20:36:05.442285+00:00,201,1932.36,
2026-09-11T20:35:36.638795+00:00,201,30737.60,
2026-09-11T20:36:01.445749+00:00,201,5939.05,
2026-09-11T20:36:01.245186+00:00,201,6148.62,
2026-09-11T20:36:00.027124+00:00,201,7371.85,
2026-09-11T20:35:46.337662+00:00,201,21059.02,
2026-09-11T20:35:36.502073+00:00,201,30943.40,
2026-09-11T20:35:45.310598+00:00,201,22146.66,
2026-09-11T20:35:37.239602+00:00,201,30260.40,
2026-09-11T20:36:01.791532+00:00,201,5739.33,
2026-09-11T20:35:37.878167+00:00,201,29679.56,
2026-09-11T20:35:11.222270+00:00,201,56340.56,
2026-09-11T20:35:18.888008+00:00,201,48703.10,
2026-09-11T20:35:57.154471+00:00,201,10445.59,
2026-09-11T20:36:04.832679+00:00,201,2786.81,
2026-09-11T20:34:59.336341+00:00,201,68297.28,
2026-09-11T20:35:23.725220+00:00,201,43911.40,
2026-09-11T20:34:39.777820+00:00,201,87870.50,
2026-09-11T20:35:57.174202+00:00,201,10468.33,
2026-09-11T20:35:53.040286+00:00,201,14599.57,
2026-09-11T20:35:47.240587+00:00,201,20445.35,
2026-09-11T20:35:46.578405+00:00,201,21108.22,
2026-09-11T20:36:04.216844+00:00,201,3470.69,
2026-09-11T20:35:56.161096+00:00,201,11554.12,
2026-09-11T20:35:20.938966+00:00,201,46779.69,
2026-09-11T20:36:03.624352+00:00,201,4108.59,
2026-09-11T20:35:36.334002+00:00,201,31404.29,
2026-09-11T20:36:00.507605+00:00,201,7247.00,
2026-09-11T20:36:02.289102+00:00,201,5474.37,
2026-09-11T20:36:00.100711+00:00,201,7665.90,
2026-09-11T20:35:58.980531+00:00,201,8796.99,
2026-09-11T20:36:05.058155+00:00,201,2737.90,
2026-09-11T20:35:18.363424+00:00,201,49439.18,
2026-09-11T20:36:07.505775+00:00,201,333.28,
2026-09-11T20:34:52.184553+00:00,201,75663.89,
2026-09-11T20:35:54.527590+00:00,201,13317.35,
2026-09-11T20:35:56.385312+00:00,201,11505.64,
2026-09-11T20:35:45.546940+00:00,201,22353.19,
2026-09-11T20:36:07.311028+00:00,201,598.42,
2026-09-11T20:34:31.882256+00:00,201,96064.01,
2026-09-11T20:35:39.671333+00:00,201,28297.24,
2026-09-11T20:35:47.350787+00:00,201,20607.18,
2026-09-11T20:35:51.913697+00:00,201,16075.10,
2026-09-11T20:35:40.582081+00:00,201,27406.86,
2026-09-11T20:35:19.464441+00:00,201,48525.56,
2026-09-11T20:35:20.473812+00:00,201,47563.55,
2026-09-11T20:36:05.668645+00:00,201,2369.86,
2026-09-11T20:35:18.584826+00:00,201,49483.73,
2026-09-11T20:35:43.287446+00:00,201,24790.94,
2026-09-11T20:35:57.296032+00:00,201,10788.23,
2026-09-11T20:35:52.953926+00:00,201,15139.67,
2026-09-11T20:35:38.304183+00:00,201,29804.23,
2026-09-11T20:35:32.319798+00:00,201,35797.14,
2026-09-11T20:35:58.883333+00:00,201,9259.51,
2026-09-11T20:35:40.503043+00:00,201,27649.80,
2026-09-11T20:35:48.946213+00:00,201,19217.22,
2026-09-11T20:35:58.998381+00:00,201,9197.48,
2026-09-11T20:35:12.689757+00:00,201,55529.74,
2026-09-11T20:35:40.309573+00:00,201,27920.72,
2026-09-11T20:36:07.897223+00:00,201,345.34,
2026-09-11T20:35:51.779711+00:00,201,16463.97,
2026-09-11T20:36:00.744735+00:00,201,7521.89,
2026-09-11T20:36:07.948073+00:00,201,322.08,
2026-09-11T20:35:13.213070+00:00,201,55071.30,
2026-09-11T20:35:57.035673+00:00,201,11278.83,
2026-09-11T20:35:42.391187+00:00,201,25929.56,
2026-09-11T20:35:24.628645+00:00,201,43693.61,
2026-09-11T20:35:30.126389+00:00,201,38210.54,
2026-09-11T20:35:50.875426+00:00,201,17480.70,
2026-09-11T20:35:34.957584+00:00,201,33422.70,
2026-09-11T20:35:18.547534+00:00,201,49844.39,
2026-09-11T20:35:23.777556+00:00,201,44644.76,
2026-09-11T20:35:54.519898+00:00,201,13905.28,
2026-09-11T20:35:38.395670+00:00,201,30042.82,
2026-09-11T20:35:56.247674+00:00,201,12204.11,
2026-09-11T20:35:22.669582+00:00,201,45783.64,
2026-09-11T20:35:25.253338+00:00,201,43258.47,
2026-09-11T20:36:03.847352+00:00,201,4674.07,
2026-09-11T20:35:39.269514+00:00,201,29255.03,
2026-09-11T20:35:49.718547+00:00,201,18807.37,
2026-09-11T20:35:27.946054+00:00,201,40609.47,
2026-09-11T20:35:50.070350+00:00,201,18487.22,
2026-09-11T20:35:13.697175+00:00,201,54871.24,
2026-09-11T20:35:50.770183+00:00,201,17811.87,
2026-09-11T20:35:49.388339+00:00,201,19200.16,
2026-09-11T20:35:52.641203+00:00,201,15952.56,
2026-09-11T20:35:48.042164+00:00,201,20593.61,
2026-09-11T20:35:56.268327+00:00,201,12544.88,
2026-09-11T20:35:36.644814+00:00,201,32183.44,
2026-09-11T20:35:37.923751+00:00,201,30907.12,
2026-09-11T20:35:42.170752+00:00,201,26666.49,
2026-09-11T20:35:41.224762+00:00,201,27647.42,
2026-09-11T20:35:59.279275+00:00,201,9604.67,
2026-09-11T20:36:03.526228+00:00,201,5357.64,
2026-09-11T20:35:38.128356+00:00,201,30763.21,
2026-09-11T20:35:29.559768+00:00,201,39328.06,
2026-09-11T20:35:30.142225+00:00,201,38769.37,
2026-09-11T20:36:05.271951+00:00,201,3634.55,
2026-09-11T20:35:45.903289+00:00,201,23030.15,
2026-09-11T20:35:11.603054+00:00,201,57335.71,
2026-09-11T20:35:54.479190+00:00,201,14448.32,
2026-09-11T20:35:23.523401+00:00,201,45416.21,
2026-09-11T20:35:48.559581+00:00,201,20398.10,
2026-09-11T20:35:58.310649+00:00,201,10679.80,
2026-09-11T20:35:34.814684+00:00,201,34180.32,
2026-09-11T20:36:08.147362+00:00,201,885.85,
2026-09-11T20:35:30.643834+00:00,201,38390.38,
2026-09-11T20:35:18.661151+00:00,201,50401.08,
2026-09-11T20:36:01.519066+00:00,201,7572.40,
2026-09-11T20:36:06.299814+00:00,201,2791.75,
2026-09-11T20:35:47.177018+00:00,201,21925.52,
2026-09-11T20:36:00.509611+00:00,201,8601.16,
2026-09-11T20:36:07.726687+00:00,201,1390.55,
2026-09-11T20:36:08.818168+00:00,201,308.38,
2026-09-11T20:35:42.714110+00:00,201,26415.62,
2026-09-11T20:35:22.162580+00:00,201,46990.50,
2026-09-11T20:36:05.382182+00:00,201,3775.53,
2026-09-11T20:35:23.711140+00:00,201,45450.57,
2026-09-11T20:36:06.012244+00:00,201,3151.80,
2026-09-11T20:35:07.831074+00:00,201,61339.00,
2026-09-11T20:35:15.911184+00:00,201,53259.97,
2026-09-11T20:35:56.653793+00:00,201,12562.58,
2026-09-11T20:35:16.398536+00:00,201,52814.04,
2026-09-11T20:35:23.550342+00:00,201,45672.47,
2026-09-11T20:35:32.357132+00:00,201,36877.39,
2026-09-11T20:36:00.631231+00:00,201,8628.58,
2026-09-11T20:35:47.651614+00:00,201,21622.26,
2026-09-11T20:35:56.078045+00:00,201,13218.56,
2026-09-11T20:36:06.794339+00:00,201,2529.17,
2026-09-11T20:36:07.353050+00:00,201,1979.46,
2026-09-11T20:35:37.469060+00:00,201,31861.97,
2026-09-11T20:36:03.201494+00:00,201,6143.77,
2026-09-11T20:35:26.016072+00:00,201,43343.09,
2026-09-11T20:36:06.426898+00:00,201,2940.50,
2026-09-11T20:35:58.754860+00:00,201,10619.39,
2026-09-11T20:36:02.126373+00:00,201,7260.58,
2026-09-11T20:35:57.154471+00:00,201,12267.50,
2026-09-11T20:36:00.232610+00:00,201,9201.26,
2026-09-11T20:35:57.414179+00:00,201,12028.26,
2026-09-11T20:36:09.154198+00:00,201,305.17,
2026-09-11T20:36:00.470024+00:00,201,9000.83,
2026-09-11T20:36:00.466013+00:00,201,9008.13,
2026-09-11T20:35:22.713348+00:00,201,46772.44,
2026-09-11T20:35:52.994807+00:00,201,16496.80,
2026-09-11T20:36:01.523849+00:00,201,7975.33,
2026-09-11T20:36:01.091056+00:00,201,8417.47,
2026-09-11T20:35:30.606195+00:00,201,38941.66,
2026-09-11T20:36:03.988844+00:00,201,5577.21,
2026-09-11T20:35:44.422755+00:00,201,25163.53,
2026-09-11T20:35:48.864241+00:00,201,20741.33,
2026-09-11T20:35:51.275109+00:00,201,18347.36,
2026-09-11T20:36:04.770598+00:00,201,4876.01,
2026-09-11T20:35:49.237416+00:00,201,20447.06,
2026-09-11T20:35:58.754860+00:00,201,10935.82,
2026-09-11T20:35:48.496046+00:00,201,21196.00,
2026-09-11T20:35:53.183296+00:00,201,16527.26,
2026-09-11T20:35:55.862745+00:00,201,13858.89,
2026-09-11T20:36:06.395162+00:00,201,3335.01,
2026-09-11T20:35:54.925748+00:00,201,14814.98,
2026-09-11T20:36:09.432386+00:00,201,309.83,
2026-09-11T20:35:26.355786+00:00,201,43378.56,
2026-09-11T20:35:17.623469+00:00,201,52143.45,
2026-09-11T20:36:05.716099+00:00,201,4058.68,
2026-09-11T20:35:32.768605+00:00,201,37035.48,
2026-09-11T20:36:00.100711+00:00,201,9721.05,
2026-09-11T20:35:57.489129+00:00,201,12351.33,
2026-09-11T20:35:56.252688+00:00,201,13591.60,
2026-09-11T20:35:59.009449+00:00,201,10894.48,
2026-09-11T20:36:06.761399+00:00,201,3163.65,
2026-09-11T20:35:45.642575+00:00,201,24290.12,
2026-09-11T20:35:58.473132+00:00,201,11480.39,
2026-09-11T20:35:26.957461+00:00,201,42997.11,
2026-09-11T20:36:07.253050+00:00,201,2711.67,
2026-09-11T20:35:32.847240+00:00,201,37121.72,
2026-09-11T20:35:28.437352+00:00,201,41550.46,
2026-09-11T20:35:13.703742+00:00,201,56284.73,
2026-09-11T20:36:06.220639+00:00,201,3797.33,
2026-09-11T20:35:46.322475+00:00,201,23714.55,
2026-09-11T20:35:49.043110+00:00,201,20991.01,
2026-09-11T20:36:06.652196+00:00,201,3396.10,
2026-09-11T20:35:42.508859+00:00,201,27568.74,
2026-09-11T20:36:09.776011+00:00,201,303.19,
2026-09-11T20:36:05.936470+00:00,201,4146.29,
2026-09-11T20:36:09.219317+00:00,201,889.67,
2026-09-11T20:34:51.294141+00:00,201,78856.80,
2026-09-11T20:36:01.187535+00:00,201,8978.58,
2026-09-11T20:35:26.463070+00:00,201,43711.60,
2026-09-11T20:36:08.078862+00:00,201,2104.05,
2026-09-11T20:35:45.720566+00:00,201,24495.15,
2026-09-11T20:35:37.284051+00:00,201,32943.69,
2026-09-11T20:36:03.851395+00:00,201,6409.49,
2026-09-11T20:35:33.394759+00:00,201,36880.28,
2026-09-11T20:35:34.894617+00:00,201,35382.64,
2026-09-11T20:36:08.383865+00:00,201,1921.38,
2026-09-11T20:35:40.415902+00:00,201,29907.73,
2026-09-11T20:36:05.876775+00:00,201,4447.88,
2026-09-11T20:36:00.576561+00:00,201,9775.85,
2026-09-11T20:35:29.708865+00:00,201,40667.69,
2026-09-11T20:36:07.216295+00:00,201,3184.37,
2026-09-11T20:35:55.054189+00:00,201,15352.19,
2026-09-11T20:36:01.985317+00:00,201,8432.46,
2026-09-11T20:36:06.288612+00:00,201,4150.08,
2026-09-11T20:36:07.395912+00:00,201,3062.67,
2026-09-11T20:35:37.610395+00:00,201,32854.70,
2026-09-11T20:36:03.344829+00:00,201,7145.11,
2026-09-11T20:35:49.813193+00:00,201,20683.59,
2026-09-11T20:35:59.295163+00:00,201,11201.02,
2026-09-11T20:35:53.468923+00:00,201,17045.62,
2026-09-11T20:36:04.373345+00:00,201,6143.71,
2026-09-11T20:35:59.244495+00:00,201,11287.82,
2026-09-11T20:35:26.750798+00:00,201,43820.59,
2026-09-11T20:35:56.780273+00:00,201,13803.13,
2026-09-11T20:36:00.052767+00:00,201,10531.55,
2026-09-11T20:36:03.185789+00:00,201,7420.87,
2026-09-11T20:36:09.556838+00:00,201,1094.70,
2026-09-11T20:35:48.946213+00:00,201,21710.10,
2026-09-11T20:35:57.712352+00:00,201,12944.23,
2026-09-11T20:35:48.644274+00:00,201,22041.98,
2026-09-11T20:35:40.531144+00:00,201,30172.17,
2026-09-11T20:35:42.144436+00:00,201,28581.09,
2026-09-11T20:35:57.015181+00:00,201,13721.35,
2026-09-11T20:36:03.986821+00:00,201,6760.59,
2026-09-11T20:35:44.435919+00:00,201,26309.52,
2026-09-11T20:35:57.154471+00:00,201,13624.33,
2026-09-11T20:35:59.782717+00:00,201,11052.57,
2026-09-11T20:35:18.928893+00:00,201,51899.04,
2026-09-11T20:35:48.214755+00:00,201,22627.47,
2026-09-11T20:36:01.233010+00:00,201,9626.77,
2026-09-11T20:35:04.705717+00:00,201,66175.18,
2026-09-11T20:36:10.577400+00:00,201,318.78,
2026-09-11T20:34:56.756603+00:00,201,74142.23,
2026-09-11T20:36:00.021128+00:00,201,10891.05,
2026-09-11T20:36:01.677883+00:00,201,9261.75,
2026-09-11T20:36:03.312990+00:00,201,7634.98,
2026-09-11T20:35:58.955368+00:00,201,11997.18,
2026-09-11T20:35:59.046500+00:00,201,11903.59,
2026-09-11T20:36:10.650454+00:00,201,316.27,
2026-09-11T20:34:48.751745+00:00,201,82206.24,
2026-09-11T20:35:42.028652+00:00,201,28952.86,
2026-09-11T20:36:05.399159+00:00,201,5594.03,
2026-09-11T20:35:49.547937+00:00,201,21450.60,
2026-09-11T20:36:04.121334+00:00,201,6885.34,
2026-09-11T20:35:40.563095+00:00,201,30456.85,
2026-09-11T20:36:10.747315+00:00,201,282.77,
2026-09-11T20:36:09.111041+00:00,201,1924.38,
2026-09-11T20:35:43.888926+00:00,201,27155.40,
2026-09-11T20:36:08.141341+00:00,201,2908.63,
2026-09-11T20:35:54.204718+00:00,201,16902.44,
2026-09-11T20:36:08.893554+00:00,201,2216.23,
2026-09-11T20:35:48.200720+00:00,201,22925.67,
2026-09-11T20:35:52.514469+00:00,201,18619.15,
2026-09-11T20:35:34.070829+00:00,201,37085.22,
2026-09-11T20:35:45.032839+00:00,201,26129.46,
2026-09-11T20:36:08.029535+00:00,201,3167.27,
2026-09-11T20:35:38.983182+00:00,201,32222.17,
2026-09-11T20:35:36.240395+00:00,201,34972.29,
2026-09-11T20:35:56.616730+00:00,201,14595.73,
2026-09-11T20:35:33.944007+00:00,201,37272.30,
2026-09-11T20:36:09.030233+00:00,201,2191.02,
2026-09-11T20:35:21.732350+00:00,201,49508.12,
2026-09-11T20:36:07.996092+00:00,201,3255.22,
2026-09-11T20:36:08.584021+00:00,201,2711.69,
2026-09-11T20:35:55.316921+00:00,201,15993.91,
2026-09-11T20:35:58.910197+00:00,201,12408.96,
2026-09-11T20:35:25.595483+00:00,201,45727.57,
2026-09-11T20:35:43.432421+00:00,201,27907.84,
2026-09-11T20:35:26.649354+00:00,201,44700.45,
2026-09-11T20:35:49.828994+00:00,201,21544.67,
2026-09-11T20:36:01.720377+00:00,201,9650.90,
2026-09-11T20:35:57.265769+00:00,201,14107.60,
2026-09-11T20:36:08.873866+00:00,201,2523.07,
2026-09-11T20:35:57.489129+00:00,201,13930.75,
2026-09-11T20:36:01.917134+00:00,201,9512.86,
2026-09-11T20:35:05.396873+00:00,201,66082.98,
2026-09-11T20:35:45.658557+00:00,201,25819.80,
2026-09-11T20:35:47.556951+00:00,201,23940.01,
2026-09-11T20:36:04.578474+00:00,201,6919.87,
2026-09-11T20:36:06.126684+00:00,201,5378.90,
2026-09-11T20:35:59.144294+00:00,201,12365.89,
2026-09-11T20:35:57.174202+00:00,201,14349.57,
2026-09-11T20:36:00.872951+00:00,201,10664.50,
2026-09-11T20:35:56.379917+00:00,201,15168.13,
2026-09-11T20:36:04.009799+00:00,201,7531.62,
2026-09-11T20:35:26.490252+00:00,201,45071.44,
2026-09-11T20:35:34.727104+00:00,201,36864.43,
2026-09-11T20:35:54.740184+00:00,201,16854.83,
2026-09-11T20:36:04.995391+00:00,201,6608.55,
2026-09-11T20:36:00.844616+00:00,201,10756.03,
2026-09-11T20:35:30.149028+00:00,201,41471.01,
2026-09-11T20:36:07.190168+00:00,201,4472.05,
2026-09-11T20:35:41.938066+00:00,201,29742.98,
2026-09-11T20:35:56.541277+00:00,201,15167.63,
2026-09-11T20:36:05.652676+00:00,201,6111.07,
2026-09-11T20:35:40.598982+00:00,201,31176.00,
2026-09-11T20:36:04.499583+00:00,201,7286.20,
2026-09-11T20:35:38.995396+00:00,201,32799.89,
2026-09-11T20:36:07.316355+00:00,201,4486.42,
2026-09-11T20:36:06.358649+00:00,201,5447.94,
2026-09-11T20:36:10.982763+00:00,201,813.06,
2026-09-11T20:35:49.672808+00:00,201,22157.14,
2026-09-11T20:35:56.030782+00:00,201,15793.36,
2026-09-11T20:35:43.856179+00:00,201,27975.37,
2026-09-11T20:35:25.845085+00:00,201,46001.17,
2026-09-11T20:35:58.160326+00:00,201,13697.82,
2026-09-11T20:36:11.583225+00:00,201,267.45,
2026-09-11T20:35:46.218142+00:00,201,25643.84,
2026-09-11T20:35:49.064817+00:00,201,22844.57,
2026-09-11T20:35:53.730559+00:00,201,18185.14,
2026-09-11T20:35:52.499586+00:00,201,19418.12,
2026-09-11T20:35:56.300287+00:00,201,15618.09,
2026-09-11T20:35:10.126927+00:00,201,61805.87,
2026-09-11T20:35:48.036713+00:00,201,23919.07,
2026-09-11T20:36:10.037107+00:00,201,1927.56,
2026-09-11T20:35:50.748510+00:00,201,21229.11,
2026-09-11T20:35:58.947122+00:00,201,13043.28,
2026-09-11T20:36:07.039723+00:00,201,4976.97,
2026-09-11T20:35:45.111176+00:00,201,26914.04,
2026-09-11T20:36:10.683132+00:00,201,1343.05,
2026-09-11T20:36:07.804905+00:00,201,4220.35,
2026-09-11T20:35:57.396438+00:00,201,14665.17,
2026-09-11T20:36:02.759697+00:00,201,9318.14,
2026-09-11T20:36:11.822125+00:00,201,268.66,
2026-09-11T20:36:06.490634+00:00,201,5612.03,
2026-09-11T20:36:00.409019+00:00,201,11712.20,
2026-09-11T20:36:01.567243+00:00,201,10563.76,
2026-09-11T20:35:36.447356+00:00,201,35701.16,
2026-09-11T20:36:08.927503+00:00,201,3222.62,
2026-09-11T20:36:00.785307+00:00,201,11384.87,
2026-09-11T20:36:02.607456+00:00,201,9573.05,
2026-09-11T20:36:10.155044+00:00,201,2033.88,
2026-09-11T20:35:35.479691+00:00,201,36721.33,
2026-09-11T20:36:09.050613+00:00,201,3159.00,
2026-09-11T20:35:57.916303+00:00,201,14316.52,
2026-09-11T20:36:02.392846+00:00,201,9866.12,
2026-09-11T20:35:37.781396+00:00,201,34487.14,
2026-09-11T20:35:53.090619+00:00,201,19200.00,
2026-09-11T20:35:52.246990+00:00,201,20070.64,
2026-09-11T20:35:51.094421+00:00,201,21250.79,
2026-09-11T20:35:55.522762+00:00,201,16824.85,
2026-09-11T20:36:02.841252+00:00,201,9513.62,
2026-09-11T20:35:58.420472+00:00,201,13945.78,
2026-09-11T20:35:08.197759+00:00,201,64179.77,
2026-09-11T20:36:04.862387+00:00,201,7520.45,
2026-09-11T20:36:06.528871+00:00,201,5878.83,
2026-09-11T20:36:09.121920+00:00,201,3286.28,
2026-09-11T20:35:29.066298+00:00,201,43349.69,
2026-09-11T20:35:29.760791+00:00,201,42667.36,
2026-09-11T20:36:12.156975+00:00,201,270.95,
2026-09-11T20:36:01.392018+00:00,201,11049.04,
2026-09-11T20:35:27.282305+00:00,201,45190.69,
2026-09-11T20:35:47.125540+00:00,201,25353.01,
2026-09-11T20:36:10.998559+00:00,201,1474.03,
2026-09-11T20:36:08.320181+00:00,201,4186.03,
2026-09-11T20:35:38.178095+00:00,201,34329.06,
2026-09-11T20:35:48.946213+00:00,201,23626.28,
2026-09-11T20:35:38.228363+00:00,201,34345.48,
2026-09-11T20:35:52.450723+00:00,201,20122.81,
2026-09-11T20:35:47.796318+00:00,201,24807.65,
2026-09-11T20:35:28.317943+00:00,201,44308.00,
2026-09-11T20:35:44.263450+00:00,201,28378.44,
2026-09-11T20:35:46.543522+00:00,201,26103.31,
2026-09-11T20:35:43.241989+00:00,201,29457.32,
2026-09-11T20:35:59.937571+00:00,201,12764.41,
2026-09-11T20:36:02.034375+00:00,201,10710.62,
2026-09-11T20:35:21.607698+00:00,201,51153.92,
2026-09-11T20:36:01.827344+00:00,201,10960.86,
2026-09-11T20:35:36.526211+00:00,201,36270.73,
2026-09-11T20:36:06.745479+00:00,201,6069.91,
2026-09-11T20:35:25.078920+00:00,201,47753.80,
2026-09-11T20:36:08.348098+00:00,201,4487.28,
2026-09-11T20:35:58.554288+00:00,201,14307.73,
2026-09-11T20:36:00.297331+00:00,201,12570.83,
2026-09-11T20:35:59.610945+00:00,201,13257.28,
2026-09-11T20:35:46.863576+00:00,201,26027.30,
2026-09-11T20:36:03.107010+00:00,201,9789.35,
2026-09-11T20:35:52.546405+00:00,201,20364.79,
2026-09-11T20:36:11.583225+00:00,201,1326.64,
2026-09-11T20:35:44.029632+00:00,201,28897.50,
2026-09-11T20:35:15.353953+00:00,201,57579.25,
2026-09-11T20:35:38.830635+00:00,201,34121.88,
2026-09-11T20:35:33.087547+00:00,201,39859.55,
2026-09-11T20:35:34.175295+00:00,201,38827.41,
2026-09-11T20:35:23.897716+00:00,201,49112.53,
2026-09-11T20:36:12.701304+00:00,201,327.32,
2026-09-11T20:36:04.756464+00:00,201,8274.77,
2026-09-11T20:35:18.427035+00:00,201,54610.28,
2026-09-11T20:35:32.534564+00:00,201,40546.17,
2026-09-11T20:36:11.030359+00:00,201,2066.60,
2026-09-11T20:35:55.941154+00:00,201,17157.05,
2026-09-11T20:36:03.048323+00:00,201,10053.66,
2026-09-11T20:36:12.818702+00:00,201,289.05,
2026-09-11T20:35:29.919890+00:00,201,43203.30,
2026-09-11T20:35:14.541648+00:00,201,58605.94,
2026-09-11T20:35:15.911184+00:00,201,57252.34,
2026-09-11T20:35:58.987254+00:00,201,14202.91,
2026-09-11T20:36:02.401834+00:00,201,10816.20,
2026-09-11T20:35:43.120292+00:00,201,30111.66,
2026-09-11T20:35:23.254301+00:00,201,50004.47,
2026-09-11T20:35:36.191638+00:00,201,37083.39,
2026-09-11T20:36:12.293709+00:00,201,1025.98,
2026-09-11T20:35:44.025361+00:00,201,29295.92,
2026-09-11T20:35:30.803292+00:00,201,42534.40,
2026-09-11T20:36:10.318931+00:00,201,3017.24,
2026-09-11T20:35:29.846321+00:00,201,43502.34,
2026-09-11T20:36:05.159988+00:00,201,8203.41,
2026-09-11T20:36:01.345484+00:00,201,12025.31,
2026-09-11T20:36:03.472403+00:00,201,9907.30,
2026-09-11T20:36:13.084466+00:00,201,305.87,
2026-09-11T20:35:41.969173+00:00,201,31432.19,
2026-09-11T20:35:37.227713+00:00,201,36185.38,
2026-09-11T20:36:09.956479+00:00,201,3486.89,
2026-09-11T20:35:46.522949+00:00,201,26926.79,
2026-09-11T20:35:36.913363+00:00,201,36535.17,
2026-09-11T20:35:58.301654+00:00,201,15186.30,
2026-09-11T20:36:04.389051+00:00,201,9119.80,
2026-09-11T20:35:59.644758+00:00,201,13885.87,
2026-09-11T20:36:05.303394+00:00,201,8247.27,
2026-09-11T20:35:52.073337+00:00,201,21471.32,
2026-09-11T20:35:40.259872+00:00,201,33294.90,
2026-09-11T20:35:28.547146+00:00,201,45009.99,
2026-09-11T20:36:12.208297+00:00,201,1385.12,
2026-09-11T20:35:48.622180+00:00,201,24974.30,
2026-09-11T20:35:52.185330+00:00,201,21418.53,
2026-09-11T20:35:39.143611+00:00,201,34468.33,
2026-09-11T20:35:54.740184+00:00,201,18879.73,
2026-09-11T20:35:47.193131+00:00,201,26464.55,
2026-09-11T20:35:43.788182+00:00,201,29885.68,
2026-09-11T20:35:44.201463+00:00,201,29477.98,
2026-09-11T20:36:06.490634+00:00,201,7192.64,
2026-09-11T20:36:02.698431+00:00,201,11002.92,
2026-09-11T20:36:13.383212+00:00,201,315.26,
2026-09-11T20:36:13.098276+00:00,201,619.63,
2026-09-11T20:36:04.033357+00:00,201,9734.24,
2026-09-11T20:36:13.433207+00:00,201,340.86,
2026-09-11T20:35:28.416701+00:00,201,45400.20,
2026-09-11T20:36:01.992907+00:00,201,11840.95,
2026-09-11T20:36:09.471519+00:00,201,4398.70,
2026-09-11T20:36:11.709647+00:00,201,2186.13,
2026-09-11T20:35:44.803908+00:00,201,29109.19,
2026-09-11T20:35:34.470711+00:00,201,39447.31,
2026-09-11T20:35:02.610644+00:00,201,71316.13,
2026-09-11T20:36:07.780177+00:00,201,6145.13,
2026-09-11T20:35:36.715143+00:00,201,37220.12,
2026-09-11T20:35:53.151723+00:00,201,20788.77,
2026-09-11T20:35:34.866729+00:00,201,39074.27,
2026-09-11T20:36:05.620561+00:00,201,8320.20,
2026-09-11T20:35:57.297547+00:00,201,16646.58,
2026-09-11T20:35:14.718525+00:00,201,59239.46,
2026-09-11T20:35:45.139890+00:00,201,28819.46,
2026-09-11T20:35:56.427415+00:00,201,17562.48,
2026-09-11T20:36:04.346952+00:00,201,9664.33,
2026-09-11T20:35:50.738182+00:00,201,23274.89,
2026-09-11T20:36:13.695622+00:00,201,320.29,
2026-09-11T20:36:13.098276+00:00,201,942.48,
2026-09-11T20:36:07.460693+00:00,201,6590.68,
2026-09-11T20:36:06.904513+00:00,201,7158.75,
2026-09-11T20:35:35.950754+00:00,201,38121.38,
2026-09-11T20:35:13.649311+00:00,201,60430.84,
2026-09-11T20:35:54.367895+00:00,201,19720.62,
2026-09-11T20:36:08.037555+00:00,201,6062.71,
2026-09-11T20:36:13.816409+00:00,201,296.57,
2026-09-11T20:35:54.914441+00:00,201,19240.89,
2026-09-11T20:35:10.118903+00:00,201,64039.24,
2026-09-11T20:36:01.257672+00:00,201,12910.06,
2026-09-11T20:35:27.302381+00:00,201,46869.99,
2026-09-11T20:35:57.113321+00:00,201,17082.11,
2026-09-11T20:35:38.642381+00:00,201,35555.90,
2026-09-11T20:36:09.331386+00:00,201,4892.82,
2026-09-11T20:35:26.194742+00:00,201,48050.46,
2026-09-11T20:36:09.384511+00:00,201,4868.43,
2026-09-11T20:36:10.707243+00:00,201,3559.43,
2026-09-11T20:35:20.425254+00:00,201,53866.38,
2026-09-11T20:36:08.555393+00:00,201,5744.76,
2026-09-11T20:36:02.303155+00:00,201,12001.33,
2026-09-11T20:35:43.911988+00:00,201,30400.59,
2026-09-11T20:35:57.186543+00:00,201,17138.29,
2026-09-11T20:36:07.636149+00:00,201,6688.98,
2026-09-11T20:35:57.980765+00:00,201,16350.62,
2026-09-11T20:35:53.517583+00:00,201,20817.60,
2026-09-11T20:36:14.078939+00:00,201,283.99,
2026-09-11T20:36:06.859907+00:00,201,7507.32,
2026-09-11T20:35:46.707517+00:00,201,27679.85,
2026-09-11T20:36:07.387655+00:00,201,7001.94,
2026-09-11T20:36:06.039597+00:00,201,8358.14,
2026-09-11T20:35:49.535316+00:00,201,24867.48,
2026-09-11T20:35:37.893456+00:00,201,36518.92,
2026-09-11T20:35:36.078145+00:00,201,38336.20,
2026-09-11T20:36:11.127219+00:00,201,3302.02,
2026-09-11T20:35:51.302301+00:00,201,23129.88,
2026-09-11T20:36:14.195188+00:00,201,236.79,
2026-09-11T20:36:11.530964+00:00,201,2916.16,
2026-09-11T20:35:09.430581+00:00,201,65122.59,
2026-09-11T20:35:55.401163+00:00,201,19157.33,
2026-09-11T20:35:45.973930+00:00,201,28608.91,
2026-09-11T20:35:58.287136+00:00,201,16304.65,
2026-09-11T20:36:13.704174+00:00,201,891.41,
2026-09-11T20:36:10.523389+00:00,201,4081.82,
2026-09-11T20:36:01.551399+00:00,201,13060.36,
2026-09-11T20:35:50.906991+00:00,201,23720.50,
2026-09-11T20:35:38.921117+00:00,201,35725.73,
2026-09-11T20:35:47.651614+00:00,201,27032.17,
2026-09-11T20:36:07.904939+00:00,201,6793.96,
2026-09-11T20:35:51.577609+00:00,201,23130.63,
2026-09-11T20:35:16.494496+00:00,201,58241.69,
2026-09-11T20:36:01.614896+00:00,201,13131.72,
2026-09-11T20:36:06.385361+00:00,201,8365.57,
2026-09-11T20:35:37.104863+00:00,201,37666.59,
2026-09-11T20:35:35.320321+00:00,201,39460.24,
2026-09-11T20:35:53.326940+00:00,201,21478.75,
2026-09-11T20:36:08.312510+00:00,201,6497.63,
2026-09-11T20:36:11.157456+00:00,201,3664.90,
2026-09-11T20:36:02.884877+00:00,201,11941.33,
2026-09-11T20:35:59.263591+00:00,201,15574.39,
2026-09-11T20:35:39.300501+00:00,201,35543.73,
2026-09-11T20:35:56.445293+00:00,201,18420.01,
2026-09-11T20:36:14.576122+00:00,201,287.80,
2026-09-11T20:35:44.615018+00:00,201,30290.84,
2026-09-11T20:35:41.859057+00:00,201,33087.83,
2026-09-11T20:36:02.223689+00:00,201,12761.41,
2026-09-11T20:36:14.094688+00:00,201,905.75,
2026-09-11T20:35:55.657904+00:00,201,19355.32,
2026-09-11T20:36:01.649743+00:00,201,13397.82,
2026-09-11T20:35:43.546309+00:00,201,31514.57,
2026-09-11T20:36:05.421138+00:00,201,9659.72,
2026-09-11T20:35:57.552047+00:00,201,17543.84,
2026-09-11T20:36:07.284976+00:00,201,7825.34,
2026-09-11T20:36:07.591108+00:00,201,7525.86,
2026-09-11T20:35:59.563333+00:00,201,15581.05,
2026-09-11T20:36:06.299814+00:00,201,8841.22,
2026-09-11T20:35:25.080928+00:00,201,50075.05,
2026-09-11T20:36:11.251725+00:00,201,3905.13,
2026-09-11T20:36:08.827443+00:00,201,6335.15,
2026-09-11T20:35:45.379754+00:00,201,29785.99,
2026-09-11T20:35:49.388339+00:00,201,25779.44,
2026-09-11T20:36:07.609434+00:00,201,7580.91,
2026-09-11T20:35:55.155228+00:00,201,20035.66,
2026-09-11T20:35:36.700130+00:00,201,38517.80,
2026-09-11T20:35:53.040286+00:00,201,22182.07,
2026-09-11T20:36:12.753592+00:00,201,2482.63,
2026-09-11T20:35:51.497898+00:00,201,23742.64,
2026-09-11T20:35:42.217818+00:00,201,33042.07,
2026-09-11T20:36:05.409128+00:00,201,9880.81,
2026-09-11T20:36:10.663560+00:00,201,4639.91,
2026-09-11T20:36:11.788056+00:00,201,3535.55,
2026-09-11T20:36:01.538570+00:00,201,13799.67,
2026-09-11T20:35:03.831806+00:00,201,71519.55,
2026-09-11T20:36:04.578474+00:00,201,10770.06,
2026-09-11T20:36:04.878308+00:00,201,10510.50,
2026-09-11T20:35:21.707896+00:00,201,53722.07,
2026-09-11T20:35:56.349650+00:00,201,19086.09,
2026-09-11T20:35:59.644758+00:00,201,15793.69,
2026-09-11T20:35:20.111030+00:00,201,55342.44,
2026-09-11T20:36:10.891264+00:00,201,4569.67,
2026-09-11T20:36:02.916845+00:00,201,12551.51,
2026-09-11T20:35:13.181101+00:00,201,62290.63,
2026-09-11T20:35:53.389428+00:00,201,22115.59,
2026-09-11T20:36:13.873821+00:00,201,1667.61,
2026-09-11T20:36:13.934097+00:00,201,1608.20,
2026-09-11T20:35:38.745606+00:00,201,36809.77,
2026-09-11T20:36:08.264788+00:00,201,7287.29,
2026-09-11T20:36:04.310263+00:00,201,11287.10,
2026-09-11T20:36:13.926071+00:00,201,1676.13,
2026-09-11T20:35:23.271489+00:00,201,52338.11,
2026-09-11T20:36:12.258943+00:00,201,3380.60,
2026-09-11T20:36:13.379694+00:00,201,2280.15,
2026-09-11T20:34:56.587797+00:00,201,79085.75,
2026-09-11T20:36:01.264384+00:00,201,14402.71,
2026-09-11T20:36:11.344049+00:00,201,4346.53,
2026-09-11T20:36:13.932091+00:00,201,1764.93,
2026-09-11T20:36:01.413396+00:00,201,14293.63,
2026-09-11T20:35:37.912318+00:00,201,37833.93,
2026-09-11T20:35:38.434029+00:00,201,37323.39,
2026-09-11T20:35:46.606235+00:00,201,29165.89,
2026-09-11T20:36:09.350213+00:00,201,6453.74,
2026-09-11T20:36:11.131086+00:00,201,4672.03,
2026-09-11T20:35:49.174462+00:00,201,26635.49,
2026-09-11T20:36:06.681721+00:00,201,9143.45,
2026-09-11T20:36:05.652676+00:00,201,10180.85,
2026-09-11T20:35:53.246494+00:00,201,22599.84,
2026-09-11T20:35:38.012401+00:00,201,37836.14,
2026-09-11T20:35:55.059720+00:00,201,20804.21,
2026-09-11T20:36:02.176351+00:00,201,13691.59,
2026-09-11T20:35:18.565435+00:00,201,57312.91,
2026-09-11T20:36:04.139972+00:00,201,11752.57,
2026-09-11T20:36:07.758356+00:00,201,8154.22,
2026-09-11T20:36:04.452079+00:00,201,11472.88,
2026-09-11T20:36:14.430709+00:00,201,1500.04,
2026-09-11T20:36:08.440088+00:00,201,7496.03,
2026-09-11T20:35:38.959635+00:00,201,36978.03,
2026-09-11T20:35:42.162466+00:00,201,33774.98,
2026-09-11T20:36:14.585316+00:00,201,1361.12,
2026-09-11T20:36:03.198382+00:00,201,12780.67,
2026-09-11T20:36:11.163943+00:00,201,4829.56,
2026-09-11T20:36:12.044774+00:00,201,3951.71,
2026-09-11T20:35:49.961180+00:00,201,26073.63,
2026-09-11T20:35:22.987995+00:00,201,53107.02,
2026-09-11T20:35:32.010848+00:00,201,44085.18,
2026-09-11T20:35:58.137875+00:00,201,17965.94,
2026-09-11T20:36:05.158082+00:00,201,10951.23,
2026-09-11T20:36:07.843478+00:00,201,8285.39,
2026-09-11T20:35:31.238576+00:00,201,44915.16,
2026-09-11T20:36:14.616760+00:00,201,1562.28,
2026-09-11T20:36:06.267711+00:00,201,9918.37,
2026-09-11T20:35:29.840707+00:00,201,46351.83,
2026-09-11T20:36:07.442665+00:00,201,8750.49,
2026-09-11T20:36:14.624361+00:00,201,1570.33,
2026-09-11T20:35:43.239481+00:00,201,32969.14,
2026-09-11T20:36:02.452235+00:00,201,13785.33,
2026-09-11T20:36:02.050113+00:00,201,14186.58,
2026-09-11T20:35:54.503008+00:00,201,21745.33,
2026-09-11T20:35:04.056145+00:00,201,72205.54,
2026-09-11T20:36:15.424964+00:00,201,836.45,
2026-09-11T20:36:15.060257+00:00,201,1225.36,
2026-09-11T20:35:48.003603+00:00,201,28291.90,
2026-09-11T20:34:51.882718+00:00,201,84431.22,
2026-09-11T20:36:00.948900+00:00,201,15365.37,
2026-09-11T20:35:28.131457+00:00,201,48201.42,
2026-09-11T20:35:41.890358+00:00,201,34445.98,
2026-09-11T20:35:37.439597+00:00,201,38902.57,
2026-09-11T20:35:09.550374+00:00,201,66808.15,
2026-09-11T20:36:16.090924+00:00,201,266.07,
2026-09-11T20:35:20.311864+00:00,201,56059.96,
2026-09-11T20:35:38.884459+00:00,201,37500.12,
2026-09-11T20:35:21.180968+00:00,201,55259.89,
2026-09-11T20:36:01.108166+00:00,201,15359.09,
2026-09-11T20:35:10.890427+00:00,201,65588.53,
2026-09-11T20:35:44.479636+00:00,201,32002.04,
2026-09-11T20:36:12.228717+00:00,201,4270.77,
2026-09-11T20:36:08.566510+00:00,201,7940.70,
2026-09-11T20:35:57.432572+00:00,201,19099.19,
2026-09-11T20:35:52.704794+00:00,201,23826.66,
2026-09-11T20:35:30.413322+00:00,201,46130.90,
2026-09-11T20:35:35.894102+00:00,201,40654.83,
2026-09-11T20:35:51.968972+00:00,201,24592.76,
2026-09-11T20:35:59.133081+00:00,201,17435.48,
2026-09-11T20:36:04.851937+00:00,201,11727.38,
2026-09-11T20:35:36.754941+00:00,201,39834.76,
2026-09-11T20:36:12.875842+00:00,201,3720.32,
2026-09-11T20:36:05.295385+00:00,201,11314.01,
2026-09-11T20:35:55.179708+00:00,201,21444.97,
2026-09-11T20:35:33.642382+00:00,201,42978.19,
2026-09-11T20:36:12.244130+00:00,201,4390.50,
2026-09-11T20:36:05.480016+00:00,201,11163.42,
2026-09-11T20:35:58.222560+00:00,201,18433.36,
2026-09-11T20:35:17.559943+00:00,201,59115.07,
2026-09-11T20:35:02.574458+00:00,201,74122.19,
2026-09-11T20:36:16.460380+00:00,201,240.75,
2026-09-11T20:35:25.237295+00:00,201,51473.29,
2026-09-11T20:34:48.218032+00:00,201,88503.63,
2026-09-11T20:36:15.869014+00:00,201,869.68,
2026-09-11T20:36:07.000653+00:00,201,9779.18,
2026-09-11T20:35:26.936705+00:00,201,49840.78,
2026-09-11T20:35:40.392431+00:00,201,36402.96,
2026-09-11T20:36:14.098702+00:00,201,2709.12,
2026-09-11T20:36:16.590160+00:00,201,234.84,
2026-09-11T20:35:20.819274+00:00,201,56007.13,
2026-09-11T20:35:31.268111+00:00,201,45573.88,
2026-09-11T20:36:15.424964+00:00,201,1433.60,
2026-09-11T20:35:44.945458+00:00,201,31971.11,
2026-09-11T20:36:06.267711+00:00,201,10678.20,
2026-09-11T20:36:03.250135+00:00,201,13703.62,
2026-09-11T20:36:09.737501+00:00,201,7223.69,
2026-09-11T20:35:49.356916+00:00,201,27608.99,
2026-09-11T20:35:41.530765+00:00,201,35443.73,
2026-09-11T20:35:42.817050+00:00,201,34162.59,
2026-09-11T20:36:03.810253+00:00,201,13190.63,
2026-09-11T20:36:02.977484+00:00,201,14036.98,
2026-09-11T20:35:46.388609+00:00,201,30625.19,
2026-09-11T20:36:13.990606+00:00,201,3038.46,
2026-09-11T20:36:00.825368+00:00,201,16204.86,
2026-09-11T20:36:14.884869+00:00,201,2161.10,
2026-09-11T20:35:46.972794+00:00,201,30081.98,
2026-09-11T20:35:45.199836+00:00,201,31865.64,
2026-09-11T20:35:55.491223+00:00,201,21601.86,
2026-09-11T20:35:56.252688+00:00,201,20850.59,
2026-09-11T20:35:49.617002+00:00,201,27516.32,
2026-09-11T20:35:50.414892+00:00,201,26729.77,
2026-09-11T20:36:02.484755+00:00,201,14671.09,
2026-09-11T20:36:12.999355+00:00,201,4158.06,
2026-09-11T20:36:06.904513+00:00,201,10294.60,
2026-09-11T20:36:14.782056+00:00,201,2434.14,
2026-09-11T20:36:14.839087+00:00,201,2384.76,
2026-09-11T20:35:57.980765+00:00,201,19234.11,
2026-09-11T20:35:22.787487+00:00,201,54446.72,
2026-09-11T20:36:08.927503+00:00,201,8329.33,
2026-09-11T20:36:17.006542+00:00,201,261.06,
2026-09-11T20:35:52.503619+00:00,201,24779.37,
2026-09-11T20:36:09.171159+00:00,201,8179.28,
2026-09-11T20:35:34.973314+00:00,201,42386.09,
2026-09-11T20:35:56.224838+00:00,201,21142.04,
2026-09-11T20:36:02.282533+00:00,201,15086.19,
2026-09-11T20:36:09.384511+00:00,201,7981.98,
2026-09-11T20:36:14.813753+00:00,201,2580.66,
2026-09-11T20:35:42.313885+00:00,201,35089.27,
2026-09-11T20:35:39.888553+00:00,201,37519.50,
2026-09-11T20:35:07.171638+00:00,201,70245.22,
2026-09-11T20:35:46.707517+00:00,201,30718.07,
2026-09-11T20:35:37.533969+00:00,201,39908.64,
2026-09-11T20:35:45.151806+00:00,201,32308.77,
2026-09-11T20:35:15.246473+00:00,201,62231.74,
2026-09-11T20:35:50.074363+00:00,201,27405.47,
2026-09-11T20:36:03.048323+00:00,201,14429.79,
2026-09-11T20:36:07.407367+00:00,201,10087.93,
2026-09-11T20:36:02.355207+00:00,201,15158.74,
2026-09-11T20:36:12.579441+00:00,201,4957.69,
2026-09-11T20:36:15.480419+00:00,201,2080.81,
2026-09-11T20:35:56.790484+00:00,201,20777.75,
2026-09-11T20:36:10.461208+00:00,201,7135.30,
2026-09-11T20:35:44.114176+00:00,201,33485.15,
2026-09-11T20:36:11.315363+00:00,201,6296.38,
2026-09-11T20:36:05.126700+00:00,201,12493.44,
2026-09-11T20:35:20.616459+00:00,201,57045.00,
2026-09-11T20:35:53.019147+00:00,201,24682.04,
2026-09-11T20:35:59.252944+00:00,201,18449.03,
2026-09-11T20:36:06.213002+00:00,201,11493.62,
2026-09-11T20:35:54.005118+00:00,201,23709.81,
2026-09-11T20:35:52.099707+00:00,201,25625.01,
2026-09-11T20:35:12.449782+00:00,201,65290.10,
2026-09-11T20:35:25.940528+00:00,201,51800.32,
2026-09-11T20:35:34.601351+00:00,201,43152.74,
2026-09-11T20:36:14.155367+00:00,201,3610.97,
2026-09-11T20:34:54.615760+00:00,201,83150.98,
2026-09-11T20:36:14.995167+00:00,201,2783.83,
2026-09-11T20:35:51.334833+00:00,201,26451.47,
2026-09-11T20:36:07.871009+00:00,201,9945.55,
2026-09-11T20:35:44.340634+00:00,201,33478.10,
2026-09-11T20:36:09.432386+00:00,201,8382.31,
2026-09-11T20:36:15.453903+00:00,201,2387.86,
2026-09-11T20:35:27.284629+00:00,201,50558.43,
2026-09-11T20:35:50.783547+00:00,201,27072.47,
2026-09-11T20:36:04.105173+00:00,201,13756.94,
2026-09-11T20:36:04.057726+00:00,201,13823.06,
2026-09-11T20:36:09.121920+00:00,201,8777.79,
2026-09-11T20:36:07.557712+00:00,201,10358.07,
2026-09-11T20:36:13.621876+00:00,201,4323.37,
2026-09-11T20:36:17.663276+00:00,201,290.83,
2026-09-11T20:34:48.017562+00:00,201,89955.79,
2026-09-11T20:35:56.241137+00:00,201,21770.32,
2026-09-11T20:34:43.923772+00:00,201,94099.76,
2026-09-11T20:36:16.195625+00:00,201,1823.20,
2026-09-11T20:36:06.666055+00:00,201,11374.64,
2026-09-11T20:36:17.763390+00:00,201,287.57,
2026-09-11T20:35:25.674375+00:00,201,52375.61,
2026-09-11T20:36:16.860393+00:00,201,1197.84,
2026-09-11T20:36:00.670903+00:00,201,17402.48,
2026-09-11T20:35:28.189241+00:00,201,49892.14,
2026-09-11T20:36:08.880280+00:00,201,9215.93,
2026-09-11T20:36:17.006542+00:00,201,1083.81,
2026-09-11T20:36:16.242912+00:00,201,1881.66,
2026-09-11T20:35:27.193307+00:00,201,50929.99,
2026-09-11T20:36:09.321719+00:00,201,8821.43,
2026-09-11T20:36:01.464297+00:00,201,16699.19,
2026-09-11T20:35:35.819926+00:00,201,42357.56,
2026-09-11T20:36:12.630579+00:00,201,5552.92,
2026-09-11T20:35:59.390298+00:00,201,18786.19,
2026-09-11T20:35:36.178248+00:00,201,42031.40,
2026-09-11T20:36:15.595912+00:00,201,2663.53,
2026-09-11T20:36:08.360412+00:00,201,9916.85,
2026-09-11T20:35:29.386040+00:00,201,48891.57,
2026-09-11T20:35:40.582081+00:00,201,37706.12,
2026-09-11T20:35:55.633878+00:00,201,22675.80,
2026-09-11T20:36:06.204855+00:00,201,12123.54,
2026-09-11T20:36:06.474594+00:00,201,11866.61,
2026-09-11T20:36:16.621660+00:00,201,1710.72,
2026-09-11T20:35:59.523094+00:00,201,18819.99,
2026-09-11T20:35:59.342315+00:00,201,19013.89,
2026-09-11T20:35:25.062240+00:00,201,53297.43,
2026-09-11T20:35:56.245669+00:00,201,22125.95,
2026-09-11T20:35:17.671569+00:00,201,60693.62,
2026-09-11T20:36:08.199683+00:00,201,10205.47,
2026-09-11T20:36:11.554014+00:00,201,6868.19,
2026-09-11T20:36:04.654448+00:00,201,13779.50,
2026-09-11T20:35:46.863576+00:00,201,31586.51,
2026-09-11T20:35:41.260659+00:00,201,37209.08,
2026-09-11T20:36:03.154104+00:00,201,15312.63,
2026-09-11T20:36:13.487653+00:00,201,4986.82,
2026-09-11T20:35:58.837356+00:00,201,19634.67,
2026-09-11T20:36:14.448388+00:00,201,4039.50,
2026-09-11T20:36:15.073982+00:00,201,3401.89,
2026-09-11T20:35:55.599129+00:00,201,22894.09,
2026-09-11T20:35:37.701615+00:00,201,40827.44,
2026-09-11T20:36:06.037590+00:00,201,12501.95,
2026-09-11T20:35:48.977251+00:00,201,29555.41,
2026-09-11T20:35:08.273160+00:00,201,70295.23,
2026-09-11T20:36:07.756246+00:00,201,10830.86,
2026-09-11T20:36:18.332431+00:00,201,260.08,
2026-09-11T20:36:06.173302+00:00,201,12420.44,
2026-09-11T20:36:15.927105+00:00,201,2678.17,
2026-09-11T20:36:15.201021+00:00,201,3421.00,
2026-09-11T20:36:04.565028+00:00,201,14099.89,
2026-09-11T20:35:57.681833+00:00,201,20994.63,
2026-09-11T20:36:09.501471+00:00,201,9196.02,
2026-09-11T20:35:43.166604+00:00,201,35537.71,
2026-09-11T20:36:02.955620+00:00,201,15752.91,
2026-09-11T20:35:25.000953+00:00,201,53710.23,
2026-09-11T20:35:54.762114+00:00,201,23965.60,
2026-09-11T20:35:36.433082+00:00,201,42344.87,
2026-09-11T20:35:40.296541+00:00,201,38489.06,
2026-09-11T20:35:50.748510+00:00,201,28036.04,
2026-09-11T20:35:37.967307+00:00,201,40835.39,
2026-09-11T20:36:08.636283+00:00,201,10186.32,
2026-09-11T20:35:54.106752+00:00,201,24734.62,
2026-09-11T20:36:16.531688+00:00,201,2325.76,
2026-09-11T20:36:17.206613+00:00,201,1646.88,
2026-09-11T20:35:56.512638+00:00,201,22346.45,
2026-09-11T20:36:18.566466+00:00,201,298.31,
2026-09-11T20:36:07.715766+00:00,201,11150.45,
2026-09-11T20:36:10.108250+00:00,201,8764.40,
2026-09-11T20:35:51.545655+00:00,201,27340.09,
2026-09-11T20:35:52.450723+00:00,201,26474.91,
2026-09-11T20:35:43.131755+00:00,201,35798.31,
2026-09-11T20:35:39.286134+00:00,201,39670.57,
2026-09-11T20:36:10.655509+00:00,201,8305.41,
2026-09-11T20:36:12.909470+00:00,201,6056.69,
2026-09-11T20:36:14.395062+00:00,201,4581.87,
2026-09-11T20:36:16.605848+00:00,201,2391.21,
2026-09-11T20:36:11.236034+00:00,201,7799.41,
2026-09-11T20:36:18.772210+00:00,201,266.55,
2026-09-11T20:35:53.666069+00:00,201,25376.00,
2026-09-11T20:36:16.132792+00:00,201,2924.86,
2026-09-11T20:36:15.279803+00:00,201,3784.01,
2026-09-11T20:36:18.772210+00:00,201,283.33,
2026-09-11T20:36:05.527506+00:00,201,13548.20,
2026-09-11T20:35:50.775712+00:00,201,28307.49,
2026-09-11T20:36:16.387568+00:00,201,2735.61,
2026-09-11T20:36:00.903268+00:00,201,18221.62,
2026-09-11T20:35:59.785475+00:00,201,19359.32,
2026-09-11T20:36:17.667018+00:00,201,1510.74,
2026-09-11T20:36:07.364281+00:00,201,11818.30,
2026-09-11T20:35:52.801817+00:00,201,26409.88,
2026-09-11T20:35:24.126851+00:00,201,55093.04,
2026-09-11T20:35:47.588741+00:00,201,31646.53,
2026-09-11T20:36:18.276845+00:00,201,964.82,
2026-09-11T20:35:59.944696+00:00,201,19313.13,
2026-09-11T20:35:48.240547+00:00,201,31024.55,
2026-09-11T20:35:56.411721+00:00,201,22855.48,
2026-09-11T20:35:22.878826+00:00,201,56388.74,
2026-09-11T20:35:04.092928+00:00,201,75182.36,
2026-09-11T20:36:18.433895+00:00,201,862.30,
2026-09-11T20:36:19.040397+00:00,201,267.88,
2026-09-11T20:36:15.264097+00:00,201,4060.13,
2026-09-11T20:35:44.073174+00:00,201,35265.72,
2026-09-11T20:36:05.800136+00:00,201,13541.52,
2026-09-11T20:35:55.824475+00:00,201,23521.57,
2026-09-11T20:35:54.415337+00:00,201,24947.21,
2026-09-11T20:36:05.967260+00:00,201,13411.61,
2026-09-11T20:35:11.253001+00:00,201,68144.16,
2026-09-11T20:36:04.661307+00:00,201,14749.02,
2026-09-11T20:36:12.472550+00:00,201,6945.94,
2026-09-11T20:36:03.107010+00:00,201,16317.99,
2026-09-11T20:35:57.075134+00:00,201,22353.53,
2026-09-11T20:36:10.492836+00:00,201,8954.06,
2026-09-11T20:36:08.169346+00:00,201,11295.23,
2026-09-11T20:35:12.705770+00:00,201,66770.45,
2026-09-11T20:36:06.681721+00:00,201,12804.64,
2026-09-11T20:36:16.338862+00:00,201,3158.05,
2026-09-11T20:36:13.779304+00:00,201,5719.09,
2026-09-11T20:36:18.882959+00:00,201,609.17,
2026-09-11T20:35:57.836527+00:00,201,21670.42,
2026-09-11T20:36:14.157895+00:00,201,5358.25,
2026-09-11T20:35:44.217198+00:00,201,35300.00,
2026-09-11T20:35:33.069040+00:00,201,46454.86,
2026-09-11T20:35:57.610775+00:00,201,21944.56,
2026-09-11T20:36:13.043673+00:00,201,6518.45,
2026-09-11T20:36:04.595766+00:00,201,15009.19,
2026-09-11T20:36:19.313686+00:00,201,310.25,
2026-09-11T20:35:56.701431+00:00,201,22930.15,
2026-09-11T20:36:15.390877+00:00,201,4265.93,
2026-09-11T20:35:26.054949+00:00,201,53605.54,
2026-09-11T20:36:14.049658+00:00,201,5624.98,
2026-09-11T20:35:50.231568+00:00,201,29447.25,
2026-09-11T20:36:05.371878+00:00,201,14316.94,
2026-09-11T20:36:09.908612+00:00,201,9808.14,
2026-09-11T20:36:04.696238+00:00,201,15025.65,
2026-09-11T20:36:19.465159+00:00,201,282.03,
2026-09-11T20:36:07.943735+00:00,201,11858.22,
2026-09-11T20:36:18.079656+00:00,201,1735.03,
2026-09-11T20:35:55.925536+00:00,201,23898.87,
2026-09-11T20:36:10.730589+00:00,201,9107.76,
2026-09-11T20:36:09.154198+00:00,201,10695.12,
2026-09-11T20:36:14.900516+00:00,201,4963.56,
2026-09-11T20:36:10.054819+00:00,201,9819.70,
2026-09-11T20:36:13.320067+00:00,201,6563.01,
2026-09-11T20:35:46.974801+00:00,201,32918.13,
2026-09-11T20:36:16.260588+00:00,201,3642.05,
2026-09-11T20:36:16.795943+00:00,201,3096.25,
2026-09-11T20:36:04.152829+00:00,201,15754.26,
2026-09-11T20:36:14.221246+00:00,201,5731.64,
2026-09-11T20:36:15.752041+00:00,201,4203.97,
2026-09-11T20:36:12.913090+00:00,201,7071.54,
2026-09-11T20:35:39.694619+00:00,201,40320.71,
2026-09-11T20:36:11.543540+00:00,201,8510.39,
2026-09-11T20:35:42.497182+00:00,201,37599.02,
2026-09-11T20:36:16.495700+00:00,201,3599.32,
2026-09-11T20:36:05.533730+00:00,201,14568.99,
2026-09-11T20:36:15.012351+00:00,201,5108.46,
2026-09-11T20:35:55.222006+00:00,201,24900.04,
2026-09-11T20:35:21.434763+00:00,201,58690.83,
2026-09-11T20:36:17.826389+00:00,201,2322.46,
2026-09-11T20:36:18.701610+00:00,201,1452.96,
2026-09-11T20:36:18.030925+00:00,201,2129.63,
2026-09-11T20:35:31.019292+00:00,201,49140.98,
2026-09-11T20:35:32.741605+00:00,201,47427.35,
2026-09-11T20:36:11.214358+00:00,201,8962.83,
2026-09-11T20:35:43.309914+00:00,201,36905.71,
2026-09-11T20:36:09.703008+00:00,201,10525.16,
2026-09-11T20:36:18.850625+00:00,201,1378.13,
2026-09-11T20:36:03.721585+00:00,201,16534.84,
2026-09-11T20:36:16.479706+00:00,201,3784.00,
2026-09-11T20:36:10.084400+00:00,201,10184.20,
2026-09-11T20:35:53.405181+00:00,201,26855.90,
2026-09-11T20:36:08.244972+00:00,201,12064.21,
2026-09-11T20:36:05.533730+00:00,201,14792.80,
2026-09-11T20:36:15.660220+00:00,201,4657.56,
2026-09-11T20:35:20.265607+00:00,201,60089.55,
2026-09-11T20:36:17.147067+00:00,201,3207.91,
2026-09-11T20:36:18.047043+00:00,201,2324.10,
2026-09-11T20:35:05.662734+00:00,201,74714.37,
2026-09-11T20:36:18.712647+00:00,201,1672.27,
2026-09-11T20:36:10.271516+00:00,201,10115.28,
2026-09-11T20:36:02.357213+00:00,201,18041.12,
2026-09-11T20:36:06.729475+00:00,201,13676.71,
2026-09-11T20:36:01.831405+00:00,201,18593.59,
2026-09-11T20:36:01.551399+00:00,201,18876.49,
2026-09-11T20:35:29.644172+00:00,201,50802.07,
2026-09-11T20:36:18.177259+00:00,201,2328.35,
2026-09-11T20:35:35.238508+00:00,201,45284.47,
2026-09-11T20:35:53.977241+00:00,201,26542.58,
2026-09-11T20:36:13.079260+00:00,201,7461.08,
2026-09-11T20:36:20.217633+00:00,201,329.13,
2026-09-11T20:36:16.953268+00:00,201,3644.08,
2026-09-11T20:36:00.074446+00:00,201,20522.56,
2026-09-11T20:35:17.055991+00:00,201,63591.47,
2026-09-11T20:36:14.288500+00:00,201,6356.07,
2026-09-11T20:36:13.771266+00:00,201,6886.14,
2026-09-11T20:35:54.126417+00:00,201,26562.49,
2026-09-11T20:35:57.113321+00:00,201,23591.92,
2026-09-11T20:36:14.300524+00:00,201,6420.31,
2026-09-11T20:35:39.460203+00:00,201,41296.93,
2026-09-11T20:36:10.243685+00:00,201,10513.73,
2026-09-11T20:36:16.672321+00:00,201,4096.46,
2026-09-11T20:35:27.297359+00:00,201,53513.78,
2026-09-11T20:36:06.963475+00:00,201,13858.53,
2026-09-11T20:36:04.953395+00:00,201,15870.12,
2026-09-11T20:35:38.511442+00:00,201,42308.37,
2026-09-11T20:36:13.833631+00:00,201,7008.03,
2026-09-11T20:36:18.332431+00:00,201,2507.09,
2026-09-11T20:36:07.191681+00:00,201,13670.29,
2026-09-11T20:35:50.588791+00:00,201,30281.25,
2026-09-11T20:36:05.236637+00:00,201,15661.02,
2026-09-11T20:35:46.672224+00:00,201,34232.61,
2026-09-11T20:36:17.740033+00:00,201,3176.87,
2026-09-11T20:36:08.830918+00:00,201,12095.61,
2026-09-11T20:35:53.405181+00:00,201,27517.73,
2026-09-11T20:36:09.432386+00:00,201,11511.21,
2026-09-11T20:35:15.675957+00:00,201,65273.11,
2026-09-11T20:36:09.102037+00:00,201,11850.48,
2026-09-11T20:36:01.233010+00:00,201,19730.39,
2026-09-11T20:36:13.400362+00:00,201,7556.70,
2026-09-11T20:35:29.178065+00:00,201,51845.89,
2026-09-11T20:34:47.776122+00:00,201,93255.54,
2026-09-11T20:36:11.310564+00:00,201,9731.41,
2026-09-11T20:35:41.953094+00:00,201,39089.22,
2026-09-11T20:36:19.909644+00:00,201,1144.06,
2026-09-11T20:36:16.464508+00:00,201,4613.32,
2026-09-11T20:36:12.106275+00:00,201,8971.24,
2026-09-11T20:36:01.799330+00:00,201,19288.54,
2026-09-11T20:35:50.320182+00:00,201,30789.99,
2026-09-11T20:36:20.820345+00:00,201,296.36,
2026-09-11T20:35:42.509461+00:00,201,38639.36,
2026-09-11T20:35:58.568694+00:00,201,22585.75,
2026-09-11T20:36:02.023662+00:00,201,19155.35,
2026-09-11T20:35:25.393327+00:00,201,55837.61,
2026-09-11T20:35:44.120745+00:00,201,37106.73,
2026-09-11T20:36:06.343129+00:00,201,14893.12,
2026-09-11T20:36:09.087027+00:00,201,12155.64,
2026-09-11T20:36:18.473761+00:00,201,2766.95,
2026-09-11T20:36:12.413816+00:00,201,8848.36,
2026-09-11T20:35:59.737611+00:00,201,21525.90,
2026-09-11T20:36:11.483182+00:00,201,9784.27,
2026-09-11T20:35:50.294727+00:00,201,30973.11,
2026-09-11T20:35:41.099178+00:00,201,40167.32,
2026-09-11T20:36:05.271951+00:00,201,16014.78,
2026-09-11T20:36:20.603916+00:00,201,693.16,
2026-09-11T20:35:38.744597+00:00,201,42559.62,
2026-09-11T20:36:18.946398+00:00,201,2363.24,
2026-09-11T20:35:43.650611+00:00,201,37681.39,
2026-09-11T20:36:17.872611+00:00,201,3457.08,
2026-09-11T20:36:06.479669+00:00,201,14863.36,
2026-09-11T20:36:19.849062+00:00,201,1498.30,
2026-09-11T20:35:45.341754+00:00,201,36045.53,
2026-09-11T20:36:11.204190+00:00,201,10203.77,
2026-09-11T20:36:14.682414+00:00,201,6722.45,
2026-09-11T20:36:00.917333+00:00,201,20498.75,
2026-09-11T20:35:55.229831+00:00,201,26200.00,
2026-09-11T20:35:52.365566+00:00,201,29082.04,
2026-09-11T20:35:48.224757+00:00,201,33272.38,
2026-09-11T20:36:11.315363+00:00,201,10180.39,
2026-09-11T20:36:20.258540+00:00,201,1244.57,
2026-09-11T20:36:16.750738+00:00,201,4767.94,
2026-09-11T20:36:14.199703+00:00,201,7323.39,
2026-09-11T20:35:58.260136+00:00,201,23289.08,
2026-09-11T20:36:05.706197+00:00,201,15867.75,
2026-09-11T20:36:18.489762+00:00,201,3097.71,
2026-09-11T20:35:47.114103+00:00,201,34490.05,
2026-09-11T20:36:05.576694+00:00,201,16036.87,
2026-09-11T20:35:49.502943+00:00,201,32126.72,
2026-09-11T20:35:17.176504+00:00,201,64457.23,
2026-09-11T20:35:42.589352+00:00,201,39094.08,
2026-09-11T20:36:00.287552+00:00,201,21404.20,
2026-09-11T20:36:16.969671+00:00,201,4733.42,
2026-09-11T20:36:01.567243+00:00,201,20138.34,
2026-09-11T20:35:58.426559+00:00,201,23288.57,
2026-09-11T20:35:51.793800+00:00,201,29917.26,
2026-09-11T20:36:01.091056+00:00,201,20654.72,
2026-09-11T20:35:30.671199+00:00,201,51091.31,
2026-09-11T20:35:55.491223+00:00,201,26271.38,
2026-09-11T20:36:20.944826+00:00,201,827.23,
2026-09-11T20:35:41.701458+00:00,201,40078.63,
2026-09-11T20:35:38.120201+00:00,201,43661.23,
2026-09-11T20:36:20.123523+00:00,201,1712.10,
2026-09-11T20:36:05.636603+00:00,201,16196.41,
2026-09-11T20:36:03.283751+00:00,201,18565.30,
2026-09-11T20:36:17.742104+00:00,201,4117.76,
2026-09-11T20:35:57.174202+00:00,201,24712.70,
2026-09-11T20:36:08.407985+00:00,201,13486.97,
2026-09-11T20:35:53.589564+00:00,201,28340.54,
2026-09-11T20:36:04.941556+00:00,201,17012.27,
2026-09-11T20:36:06.053391+00:00,201,15904.61,
2026-09-11T20:36:13.446992+00:00,201,8512.31,
2026-09-11T20:35:56.395737+00:00,201,25567.98,
2026-09-11T20:36:06.251777+00:00,201,15721.54,
2026-09-11T20:36:21.687107+00:00,201,296.53,
2026-09-11T20:35:18.509293+00:00,201,63500.12,
2026-09-11T20:34:47.077047+00:00,201,94936.98,
2026-09-11T20:36:14.949874+00:00,201,7087.83,
2026-09-11T20:35:58.675596+00:00,201,23368.01,
2026-09-11T20:36:03.472403+00:00,201,18569.43,
2026-09-11T20:35:53.015133+00:00,201,29041.10,
2026-09-11T20:36:14.996178+00:00,201,7067.80,
2026-09-11T20:36:15.471402+00:00,201,6594.81,
2026-09-11T20:35:53.357720+00:00,201,28760.12,
2026-09-11T20:36:03.172688+00:00,201,18957.85,
2026-09-11T20:36:03.011616+00:00,201,19126.14,
2026-09-11T20:35:09.328517+00:00,201,72809.03,
2026-09-11T20:35:53.199098+00:00,201,28957.36,
2026-09-11T20:36:11.513039+00:00,201,10651.55,
2026-09-11T20:36:20.389283+00:00,201,1796.19,
2026-09-11T20:35:43.178772+00:00,201,39003.17,
2026-09-11T20:36:07.655490+00:00,201,14535.98,
2026-09-11T20:35:54.020812+00:00,201,28174.78,
2026-09-11T20:35:50.932312+00:00,201,31271.61,
2026-09-11T20:36:09.133993+00:00,201,13078.59,
2026-09-11T20:34:50.793534+00:00,201,91470.66,
2026-09-11T20:35:56.774384+00:00,201,25507.69,
2026-09-11T20:36:16.377570+00:00,201,5910.55,
2026-09-11T20:35:59.932490+00:00,201,22362.96,
2026-09-11T20:35:47.403847+00:00,201,34890.89,
2026-09-11T20:36:00.884424+00:00,201,21419.99,
2026-09-11T20:36:14.411130+00:00,201,7915.69,
2026-09-11T20:36:18.447995+00:00,201,3889.63,
2026-09-11T20:36:19.040397+00:00,201,3314.12,
2026-09-11T20:36:10.634675+00:00,201,11729.19,
2026-09-11T20:36:07.129259+00:00,201,15246.07,
2026-09-11T20:36:14.871177+00:00,201,7523.40,
2026-09-11T20:36:02.811607+00:00,201,19588.00,
2026-09-11T20:36:13.908655+00:00,201,8501.84,
2026-09-11T20:36:20.265698+00:00,201,2166.18,
2026-09-11T20:34:56.766296+00:00,201,85663.99,
2026-09-11T20:36:04.296559+00:00,201,18133.44,
2026-09-11T20:36:14.853094+00:00,201,7600.93,
2026-09-11T20:36:19.080357+00:00,201,3374.64,
2026-09-11T20:36:20.131735+00:00,201,2337.23,
2026-09-11T20:36:18.166638+00:00,201,4335.70,
2026-09-11T20:34:55.893979+00:00,201,86619.10,
2026-09-11T20:35:45.612396+00:00,201,36932.93,
2026-09-11T20:36:15.799941+00:00,201,6743.58,
2026-09-11T20:36:21.253840+00:00,201,1361.85,
2026-09-11T20:35:40.059527+00:00,201,42559.57,
2026-09-11T20:35:57.600451+00:00,201,25036.06,
2026-09-11T20:36:09.225949+00:00,201,13438.35,
2026-09-11T20:35:17.351372+00:00,201,65315.79,
2026-09-11T20:36:03.835717+00:00,201,18845.46,
2026-09-11T20:36:07.569224+00:00,201,15128.86,
2026-09-11T20:36:11.481176+00:00,201,11235.69,
2026-09-11T20:36:18.762563+00:00,201,3959.52,
2026-09-11T20:35:21.787468+00:00,201,60922.24,
2026-09-11T20:36:10.406247+00:00,201,12354.80,
2026-09-11T20:35:43.983418+00:00,201,38797.24,
2026-09-11T20:35:23.566023+00:00,201,59216.85,
2026-09-11T20:36:11.495587+00:00,201,11324.57,
2026-09-11T20:35:54.826917+00:00,201,27997.06,
2026-09-11T20:36:21.245560+00:00,201,1578.11,
2026-09-11T20:36:21.263261+00:00,201,1560.75,
2026-09-11T20:35:18.155992+00:00,201,64695.05,
2026-09-11T20:35:19.573368+00:00,201,63284.50,
2026-09-11T20:36:22.546333+00:00,201,316.04,
2026-09-11T20:36:02.521761+00:00,201,20349.21,
2026-09-11T20:35:51.432599+00:00,201,31456.87,
2026-09-11T20:36:05.755757+00:00,201,17149.05,
2026-09-11T20:35:58.044830+00:00,201,24871.68,
2026-09-11T20:36:22.597013+00:00,201,322.00,
2026-09-11T20:35:01.213993+00:00,201,81726.55,
2026-09-11T20:36:21.504088+00:00,201,1442.09,
2026-09-11T20:35:40.819392+00:00,201,42138.34,
2026-09-11T20:36:07.686340+00:00,201,15275.59,
2026-09-11T20:36:18.822609+00:00,201,4159.63,
2026-09-11T20:36:15.301687+00:00,201,7704.55,
2026-09-11T20:36:14.265768+00:00,201,8743.97,
2026-09-11T20:36:00.382153+00:00,201,22640.34,
2026-09-11T20:36:10.416315+00:00,201,12638.87,
2026-09-11T20:36:14.603493+00:00,201,8454.29,
2026-09-11T20:36:03.376790+00:00,201,19725.14,
2026-09-11T20:35:46.042009+00:00,201,37073.10,
2026-09-11T20:36:06.114759+00:00,201,17006.95,
2026-09-11T20:35:27.570548+00:00,201,55547.78,
2026-09-11T20:35:46.749823+00:00,201,36404.99,
2026-09-11T20:35:16.900996+00:00,201,66279.43,
2026-09-11T20:36:12.457180+00:00,201,10729.62,
2026-09-11T20:35:48.018222+00:00,201,35174.28,
2026-09-11T20:35:57.090939+00:00,201,26106.13,
2026-09-11T20:36:02.698431+00:00,201,20519.76,
2026-09-11T20:36:08.457007+00:00,201,14771.95,
2026-09-11T20:36:12.832502+00:00,201,10412.21,
2026-09-11T20:35:35.108202+00:00,201,48153.44,
2026-09-11T20:36:23.008118+00:00,201,295.18,
2026-09-11T20:35:47.145188+00:00,201,36185.91,
2026-09-11T20:36:20.913545+00:00,201,2446.84,
2026-09-11T20:36:00.307042+00:00,201,23074.12,
2026-09-11T20:35:29.768324+00:00,201,53612.46,
2026-09-11T20:36:02.137704+00:00,201,21268.25,
2026-09-11T20:35:58.507865+00:00,201,24894.14,
2026-09-11T20:36:20.154455+00:00,201,3287.66,
2026-09-11T20:35:55.618031+00:00,201,27815.42,
2026-09-11T20:35:34.084685+00:00,201,49369.42,
2026-09-11T20:36:20.265698+00:00,201,3200.79,
2026-09-11T20:36:20.969810+00:00,201,2503.84,
2026-09-11T20:35:42.844897+00:00,201,40636.88,
2026-09-11T20:36:04.777132+00:00,201,18710.81,
2026-09-11T20:36:13.084466+00:00,201,10394.78,
2026-09-11T20:36:15.710204+00:00,201,7793.45,
2026-09-11T20:36:13.953581+00:00,201,9556.28,
2026-09-11T20:35:28.531382+00:00,201,54970.31,
2026-09-11T20:35:54.522925+00:00,201,29002.03,
2026-09-11T20:35:15.388661+00:00,201,68147.53,
2026-09-11T20:36:07.366938+00:00,201,16205.38,
2026-09-11T20:36:19.074748+00:00,201,4512.60,
2026-09-11T20:36:20.230660+00:00,201,3358.79,
2026-09-11T20:36:18.861989+00:00,201,4762.94,
2026-09-11T20:35:59.390298+00:00,201,24250.92,
2026-09-11T20:36:21.712228+00:00,201,1934.38,
2026-09-11T20:36:03.449250+00:00,201,20208.01,
2026-09-11T20:35:39.961131+00:00,201,43716.79,
2026-09-11T20:36:21.979172+00:00,201,1705.03,
2026-09-11T20:35:59.041259+00:00,201,24661.20,
2026-09-11T20:35:48.432012+00:00,201,35284.47,
2026-09-11T20:36:02.257847+00:00,201,21471.94,
2026-09-11T20:36:17.222009+00:00,201,6522.93,
2026-09-11T20:36:18.095334+00:00,201,5653.34,
2026-09-11T20:35:48.315368+00:00,201,35503.10,
2026-09-11T20:36:09.627702+00:00,201,14206.02,
2026-09-11T20:36:12.647867+00:00,201,11203.77,
2026-09-11T20:35:54.826917+00:00,201,29021.34,
2026-09-11T20:36:19.522202+00:00,201,4335.32,
2026-09-11T20:34:55.030249+00:00,201,88836.91,
2026-09-11T20:35:59.785475+00:00,201,24087.90,
2026-09-11T20:35:50.213491+00:00,201,33671.63,
2026-09-11T20:36:19.315691+00:00,201,4574.78,
2026-09-11T20:36:21.228702+00:00,201,2682.45,
2026-09-11T20:35:22.256621+00:00,201,61658.57,
2026-09-11T20:36:19.427467+00:00,201,4489.54,
2026-09-11T20:36:00.560889+00:00,201,23352.63,
2026-09-11T20:36:22.265335+00:00,201,1672.21,
2026-09-11T20:36:23.626584+00:00,201,318.47,
2026-09-11T20:35:54.257615+00:00,201,29716.09,
2026-09-11T20:36:10.719077+00:00,201,13252.61,
2026-09-11T20:36:17.700825+00:00,201,6286.71,
2026-09-11T20:36:06.892947+00:00,201,17139.47,
2026-09-11T20:36:21.153824+00:00,201,2894.02,
2026-09-11T20:36:21.859705+00:00,201,2207.45,
2026-09-11T20:35:37.833141+00:00,201,46245.15,
2026-09-11T20:36:22.012967+00:00,201,2073.14,
2026-09-11T20:35:47.271441+00:00,201,36825.90,
2026-09-11T20:35:22.009771+00:00,201,62109.08,
2026-09-11T20:35:17.028060+00:00,201,67117.52,
2026-09-11T20:35:53.752705+00:00,201,30382.84,
2026-09-11T20:36:05.736785+00:00,201,18428.28,
2026-09-11T20:36:21.928918+00:00,201,2270.60,
2026-09-11T20:36:15.632217+00:00,201,8565.52,
2026-09-11T20:35:35.524874+00:00,201,48682.84,
2026-09-11T20:36:17.717265+00:00,201,6492.46,
2026-09-11T20:35:59.610945+00:00,201,24625.18,
2026-09-11T20:36:23.973938+00:00,201,268.54,
2026-09-11T20:36:02.775782+00:00,201,21471.28,
2026-09-11T20:36:14.142216+00:00,201,10108.25,
2026-09-11T20:36:16.195625+00:00,201,8075.15,
2026-09-11T20:36:23.975494+00:00,201,297.90,
2026-09-11T20:36:03.902614+00:00,201,20371.03,
2026-09-11T20:36:02.916845+00:00,201,21378.23,
2026-09-11T20:35:57.820855+00:00,201,26505.44,
2026-09-11T20:36:06.316569+00:00,201,18031.24,
2026-09-11T20:35:22.089244+00:00,201,62288.15,
2026-09-11T20:35:56.023533+00:00,201,28369.52,
2026-09-11T20:36:22.098890+00:00,201,2303.09,
2026-09-11T20:35:39.300501+00:00,201,45129.16,
2026-09-11T20:36:23.409889+00:00,201,1053.12,
2026-09-11T20:35:15.166299+00:00,201,69314.07,
2026-09-11T20:35:22.281697+00:00,201,62205.15,
2026-09-11T20:36:09.464440+00:00,201,15048.80,
2026-09-11T20:36:09.056222+00:00,201,15489.70,
2026-09-11T20:36:17.589800+00:00,201,6960.55,
2026-09-11T20:36:07.530328+00:00,201,17070.31,
2026-09-11T20:36:17.222009+00:00,201,7406.50,
2026-09-11T20:36:03.820053+00:00,201,20823.53,
2026-09-11T20:36:12.355090+00:00,201,12316.49,
2026-09-11T20:35:54.575295+00:00,201,30102.41,
2026-09-11T20:36:19.378969+00:00,201,5301.37,
2026-09-11T20:36:09.462443+00:00,201,15234.90,
2026-09-11T20:35:27.229067+00:00,201,57468.51,
2026-09-11T20:36:17.603635+00:00,201,7124.66,
2026-09-11T20:35:45.373189+00:00,201,39353.20,
2026-09-11T20:35:40.690463+00:00,201,44068.07,
2026-09-11T20:36:22.019880+00:00,201,2757.56,
2026-09-11T20:36:09.224412+00:00,201,15574.57,
2026-09-11T20:35:27.961410+00:00,201,56841.25,
2026-09-11T20:36:13.446992+00:00,201,11369.71,
2026-09-11T20:36:13.994123+00:00,201,10829.01,
2026-09-11T20:35:49.633213+00:00,201,35212.81,
2026-09-11T20:36:17.047881+00:00,201,7796.00,
2026-09-11T20:35:43.546309+00:00,201,41312.25,
2026-09-11T20:36:18.061108+00:00,201,6830.20,
2026-09-11T20:36:04.105173+00:00,201,20804.50,
2026-09-11T20:35:59.958038+00:00,201,24966.58,
2026-09-11T20:36:23.885468+00:00,201,1056.34,
2026-09-11T20:35:56.644450+00:00,201,28302.47,
2026-09-11T20:35:39.710293+00:00,201,45271.52,
2026-09-11T20:36:08.897707+00:00,201,16091.02,
2026-09-11T20:35:58.779056+00:00,201,26239.90,
2026-09-11T20:36:17.938475+00:00,201,7106.91,
2026-09-11T20:35:59.486546+00:00,201,25585.21,
2026-09-11T20:36:12.076883+00:00,201,13028.75,
2026-09-11T20:36:21.228702+00:00,201,3916.94,
2026-09-11T20:36:05.636603+00:00,201,19523.95,
2026-09-11T20:35:57.332111+00:00,201,27855.03,
2026-09-11T20:35:22.281697+00:00,201,62917.57,
2026-09-11T20:35:48.858243+00:00,201,36350.21,
2026-09-11T20:35:24.849780+00:00,201,60370.01,
2026-09-11T20:35:59.263591+00:00,201,25962.41,
2026-09-11T20:36:01.863358+00:00,201,23366.89,
2026-09-11T20:36:05.287663+00:00,201,19948.64,
2026-09-11T20:36:12.320862+00:00,201,12926.73,
2026-09-11T20:36:11.856548+00:00,201,13398.48,
2026-09-11T20:36:23.055732+00:00,201,2207.55,
2026-09-11T20:36:12.485044+00:00,201,12794.66,
2026-09-11T20:36:08.887915+00:00,201,16397.20,
2026-09-11T20:36:24.937270+00:00,201,378.09,
2026-09-11T20:36:12.894666+00:00,201,12457.66,
2026-09-11T20:36:18.861989+00:00,201,6499.20,
2026-09-11T20:36:24.396057+00:00,201,989.32,
2026-09-11T20:36:18.185290+00:00,201,7202.56,
2026-09-11T20:36:23.836512+00:00,201,1558.42,
2026-09-11T20:36:11.662594+00:00,201,13741.82,
2026-09-11T20:35:58.529860+00:00,201,26886.98,
2026-09-11T20:36:21.712228+00:00,201,3742.28,
2026-09-11T20:36:07.640166+00:00,201,17828.06,
2026-09-11T20:36:06.752381+00:00,201,18744.78,
2026-09-11T20:35:37.678686+00:00,201,47828.08,
2026-09-11T20:35:49.707437+00:00,201,35832.67,
2026-09-11T20:35:52.215835+00:00,201,33368.94,
2026-09-11T20:35:44.803908+00:00,201,40804.98,
2026-09-11T20:35:45.705819+00:00,201,39914.86,
2026-09-11T20:36:24.775301+00:00,201,857.33,
2026-09-11T20:35:53.995984+00:00,201,31639.14,
2026-09-11T20:36:00.248675+00:00,201,25391.38,
2026-09-11T20:36:24.240491+00:00,201,1405.13,
2026-09-11T20:36:21.036863+00:00,201,4619.33,
2026-09-11T20:35:51.316386+00:00,201,34360.57,
2026-09-11T20:35:53.602961+00:00,201,32076.84,
2026-09-11T20:36:20.371712+00:00,201,5324.69,
2026-09-11T20:36:16.042965+00:00,201,9660.05,
2026-09-11T20:35:59.533482+00:00,201,26204.44,
2026-09-11T20:36:07.253050+00:00,201,18501.92,
2026-09-11T20:36:01.905514+00:00,201,23872.03,
2026-09-11T20:35:49.519398+00:00,201,36260.16,
2026-09-11T20:36:09.354363+00:00,201,16453.09,
2026-09-11T20:36:25.450776+00:00,201,360.44,
2026-09-11T20:36:19.341107+00:00,201,6490.15,
2026-09-11T20:34:53.837409+00:00,201,91997.81,
2026-09-11T20:36:12.905717+00:00,201,12958.84,
2026-09-11T20:36:07.387655+00:00,201,18539.33,
2026-09-11T20:36:20.230660+00:00,201,5709.55,
2026-09-11T20:35:43.872240+00:00,201,42056.82,
2026-09-11T20:36:09.375105+00:00,201,16593.92,
2026-09-11T20:36:21.228702+00:00,201,4747.01,
2026-09-11T20:35:47.060928+00:00,201,38928.34,
2026-09-11T20:36:15.343139+00:00,201,10652.94,
2026-09-11T20:35:57.242015+00:00,201,28767.20,
2026-09-11T20:36:19.253837+00:00,201,6769.96,
2026-09-11T20:36:21.078739+00:00,201,4966.59,
2026-09-11T20:36:10.003508+00:00,201,16053.77,
2026-09-11T20:35:49.009245+00:00,201,37054.85,
2026-09-11T20:36:17.463178+00:00,201,8601.82,
2026-09-11T20:36:22.360231+00:00,201,3740.75,
2026-09-11T20:35:50.414892+00:00,201,35679.41,
2026-09-11T20:36:20.371712+00:00,201,5780.49,
2026-09-11T20:36:18.867028+00:00,201,7298.81,
2026-09-11T20:36:16.543166+00:00,201,9633.19,
2026-09-11T20:36:19.412835+00:00,201,6767.57,
2026-09-11T20:36:15.169589+00:00,201,11014.37,
2026-09-11T20:36:04.315827+00:00,201,21901.62,
2026-09-11T20:36:24.325866+00:00,201,1899.61,
2026-09-11T20:36:10.076867+00:00,201,16156.38,
2026-09-11T20:35:34.973314+00:00,201,51253.41,
2026-09-11T20:36:05.755757+00:00,201,20484.27,
2026-09-11T20:35:58.870483+00:00,201,27371.29,
2026-09-11T20:36:14.074924+00:00,201,12182.44,
2026-09-11T20:36:19.347750+00:00,201,6920.35,
2026-09-11T20:36:19.853079+00:00,201,6460.28,
2026-09-11T20:36:03.217536+00:00,201,23089.46,
2026-09-11T20:36:10.404229+00:00,201,15922.23,
2026-09-11T20:35:43.591702+00:00,201,42747.55,
2026-09-11T20:36:24.381953+00:00,201,1974.50,
2026-09-11T20:36:18.537585+00:00,201,7866.27,
2026-09-11T20:36:08.584021+00:00,201,17829.56,
2026-09-11T20:36:22.827723+00:00,201,3601.96,
2026-09-11T20:36:22.890697+00:00,201,3553.97,
2026-09-11T20:35:55.507072+00:00,201,30937.50,
2026-09-11T20:35:57.234030+00:00,201,29221.92,
2026-09-11T20:36:06.852576+00:00,201,19603.88,
2026-09-11T20:36:08.067296+00:00,201,18417.13,
2026-09-11T20:36:12.421614+00:00,201,14092.08,
2026-09-11T20:36:11.837091+00:00,201,14689.42,
2026-09-11T20:36:16.312769+00:00,201,10251.52,
2026-09-11T20:36:11.507759+00:00,201,15068.21,
2026-09-11T20:36:01.189275+00:00,201,25386.93,
2026-09-11T20:36:17.147067+00:00,201,9430.82,
2026-09-11T20:34:59.976012+00:00,201,86634.09,
2026-09-11T20:36:20.688226+00:00,201,5939.57,
2026-09-11T20:36:21.904218+00:00,201,4733.78,
2026-09-11T20:36:26.320026+00:00,201,318.74,
2026-09-11T20:36:23.576428+00:00,201,3097.70,
2026-09-11T20:36:22.944901+00:00,201,3769.89,
2026-09-11T20:36:14.332223+00:00,201,12391.20,
2026-09-11T20:36:18.470309+00:00,201,8260.53,
2026-09-11T20:36:18.473761+00:00,201,8266.93,
2026-09-11T20:35:29.768324+00:00,201,56999.57,
2026-09-11T20:36:06.288612+00:00,201,20484.82,
2026-09-11T20:36:03.449250+00:00,201,23330.42,
2026-09-11T20:36:14.395062+00:00,201,12418.78,
2026-09-11T20:36:06.681721+00:00,201,20139.73,
2026-09-11T20:36:17.412848+00:00,201,9415.47,
2026-09-11T20:35:35.266470+00:00,201,51575.22,
2026-09-11T20:36:14.332223+00:00,201,12507.38,
2026-09-11T20:35:55.618031+00:00,201,31229.43,
2026-09-11T20:35:55.286321+00:00,201,31577.32,
2026-09-11T20:36:26.574294+00:00,201,307.11,
2026-09-11T20:36:26.208475+00:00,201,679.10,
2026-09-11T20:36:05.668645+00:00,201,21219.76,
2026-09-11T20:35:58.439272+00:00,201,28474.82,
2026-09-11T20:35:46.606235+00:00,201,40337.84,
2026-09-11T20:35:16.208170+00:00,201,70750.73,
2026-09-11T20:36:15.185327+00:00,201,11789.48,
2026-09-11T20:36:16.693166+00:00,201,10288.21,
2026-09-11T20:36:20.898026+00:00,201,6090.61,
2026-09-11T20:36:22.522960+00:00,201,4476.22,
2026-09-11T20:36:17.222009+00:00,201,9779.11,
2026-09-11T20:36:11.917186+00:00,201,15082.31,
2026-09-11T20:36:16.296098+00:00,201,10721.59,
2026-09-11T20:36:17.818956+00:00,201,9201.84,
2026-09-11T20:35:28.769930+00:00,201,58264.20,
2026-09-11T20:36:23.118934+00:00,201,3931.45,
2026-09-11T20:35:56.989100+00:00,201,30073.57,
2026-09-11T20:36:08.084406+00:00,201,19002.55,
2026-09-11T20:35:36.291541+00:00,201,50870.93,
2026-09-11T20:36:12.088678+00:00,201,15093.80,
2026-09-11T20:35:22.073901+00:00,201,65167.71,
2026-09-11T20:36:18.683266+00:00,201,8562.32,
2026-09-11T20:35:50.906991+00:00,201,36350.52,
2026-09-11T20:36:16.652982+00:00,201,10627.32,
2026-09-11T20:35:49.654786+00:00,201,37626.87,
2026-09-11T20:35:47.255794+00:00,201,40019.39,
2026-09-11T20:36:19.276077+00:00,201,8013.78,
2026-09-11T20:35:50.078378+00:00,201,37233.39,
2026-09-11T20:36:23.182317+00:00,201,4147.67,
2026-09-11T20:36:09.952905+00:00,201,17390.21,
2026-09-11T20:36:21.106429+00:00,201,6236.47,
2026-09-11T20:36:06.666055+00:00,201,20704.81,
2026-09-11T20:36:06.752381+00:00,201,20638.35,
2026-09-11T20:36:10.447417+00:00,201,16949.48,
2026-09-11T20:36:22.181279+00:00,201,5220.61,
2026-09-11T20:35:54.399610+00:00,201,33021.02,
2026-09-11T20:36:11.412613+00:00,201,16029.13,
2026-09-11T20:35:52.376870+00:00,201,35066.83,
2026-09-11T20:35:52.949716+00:00,201,34519.14,
2026-09-11T20:36:16.195625+00:00,201,11308.86,
2026-09-11T20:36:11.014785+00:00,201,16494.20,
2026-09-11T20:36:25.108517+00:00,201,2424.03,
2026-09-11T20:36:11.315363+00:00,201,16213.66,
2026-09-11T20:36:20.348569+00:00,201,7195.19,
2026-09-11T20:36:22.941905+00:00,201,4616.35,
2026-09-11T20:36:20.526848+00:00,201,7068.50,
2026-09-11T20:36:07.688349+00:00,201,19909.02,
2026-09-11T20:35:57.169101+00:00,201,30431.15,
2026-09-11T20:36:04.342543+00:00,201,23266.63,
2026-09-11T20:36:23.454264+00:00,201,4163.56,
2026-09-11T20:36:27.307395+00:00,201,316.77,
2026-09-11T20:36:12.168996+00:00,201,15487.36,
2026-09-11T20:36:25.656390+00:00,201,2042.70,
2026-09-11T20:35:48.084949+00:00,201,39621.22,
2026-09-11T20:36:08.240959+00:00,201,19471.38,
2026-09-11T20:36:17.864715+00:00,201,9846.11,
2026-09-11T20:35:25.924529+00:00,201,61801.79,
2026-09-11T20:36:24.941292+00:00,201,2807.10,
2026-09-11T20:36:21.087124+00:00,201,6672.27,
2026-09-11T20:36:15.690558+00:00,201,12075.55,
2026-09-11T20:35:54.575295+00:00,201,33190.97,
2026-09-11T20:36:12.628574+00:00,201,15159.43,
2026-09-11T20:35:36.707100+00:00,201,51090.02,
2026-09-11T20:36:20.762962+00:00,201,7057.59,
2026-09-11T20:35:28.812032+00:00,201,59024.27,
2026-09-11T20:35:15.177860+00:00,201,72659.60,
2026-09-11T20:35:59.184090+00:00,201,28655.34,
2026-09-11T20:35:44.333264+00:00,201,43550.16,
2026-09-11T20:36:14.414883+00:00,201,13488.84,
2026-09-11T20:36:13.340954+00:00,201,14568.66,
2026-09-11T20:36:24.552339+00:00,201,3364.07,
2026-09-11T20:35:59.549919+00:00,201,28358.38,
2026-09-11T20:36:24.800385+00:00,201,3122.59,
2026-09-11T20:36:09.087027+00:00,201,18834.71,
2026-09-11T20:35:52.578047+00:00,201,35358.72,
2026-09-11T20:36:23.008118+00:00,201,4942.45,
2026-09-11T20:36:27.641019+00:00,201,303.08,
2026-09-11T20:35:52.246990+00:00,201,35740.34,
2026-09-11T20:36:24.798355+00:00,201,3191.98,
2026-09-11T20:35:14.979004+00:00,201,73023.23,
2026-09-11T20:36:16.561856+00:00,201,11437.65,
2026-09-11T20:36:25.931904+00:00,201,2101.30,
2026-09-11T20:36:09.154198+00:00,201,18880.01,
2026-09-11T20:36:14.364091+00:00,201,13680.87,
2026-09-11T20:36:07.653467+00:00,201,20402.37,
2026-09-11T20:35:21.716973+00:00,201,66337.37,
2026-09-11T20:36:24.080283+00:00,201,3988.82,
2026-09-11T20:35:55.824475+00:00,201,32247.34,
2026-09-11T20:36:26.290209+00:00,201,1810.32,
2026-09-11T20:35:59.698320+00:00,201,28405.42,
2026-09-11T20:36:21.570574+00:00,201,6543.66,
2026-09-11T20:36:17.904573+00:00,201,10216.84,
2026-09-11T20:35:41.790884+00:00,201,46371.70,
2026-09-11T20:36:21.270582+00:00,201,6896.78,
2026-09-11T20:36:23.469682+00:00,201,4700.07,
2026-09-11T20:35:48.049686+00:00,201,40129.47,
2026-09-11T20:36:24.438473+00:00,201,3765.05,
2026-09-11T20:35:43.808846+00:00,201,44391.39,
2026-09-11T20:35:56.743295+00:00,201,31531.55,
2026-09-11T20:36:27.980417+00:00,201,301.44,
2026-09-11T20:36:21.504088+00:00,201,6782.15,
2026-09-11T20:36:26.997166+00:00,201,1294.92,
2026-09-11T20:36:19.422676+00:00,201,8897.47,
2026-09-11T20:36:20.962941+00:00,201,7370.06,
2026-09-11T20:36:22.443650+00:00,201,5905.54,
2026-09-11T20:36:18.977320+00:00,201,9383.49,
2026-09-11T20:36:21.765135+00:00,201,6620.78,
2026-09-11T20:36:24.644536+00:00,201,3747.62,
2026-09-11T20:36:18.570081+00:00,201,9822.47,
2026-09-11T20:36:02.541383+00:00,201,25928.85,
2026-09-11T20:36:18.654253+00:00,201,9836.36,
2026-09-11T20:36:21.587119+00:00,201,6907.13,
2026-09-11T20:35:43.103087+00:00,201,45411.89,
2026-09-11T20:35:22.135868+00:00,201,66389.90,
2026-09-11T20:36:12.213004+00:00,201,16334.68,
2026-09-11T20:36:09.947364+00:00,201,18618.92,
2026-09-11T20:35:33.063481+00:00,201,55508.89,
2026-09-11T20:36:17.396749+00:00,201,11204.82,
2026-09-11T20:36:06.641688+00:00,201,21972.86,
2026-09-11T20:36:12.066092+00:00,201,16553.43,
2026-09-11T20:36:14.071411+00:00,201,14561.89,
2026-09-11T20:36:12.310365+00:00,201,16331.89,
2026-09-11T20:35:25.155059+00:00,201,63490.70,
2026-09-11T20:35:56.586327+00:00,201,32082.59,
2026-09-11T20:36:20.015704+00:00,201,8709.45,
2026-09-11T20:36:23.437528+00:00,201,5298.37,
2026-09-11T20:36:07.417298+00:00,201,21374.94,
2026-09-11T20:36:14.012155+00:00,201,14785.54,
2026-09-11T20:35:51.513890+00:00,201,37293.63,
2026-09-11T20:35:55.841232+00:00,201,32971.56,
2026-09-11T20:36:28.487631+00:00,201,341.29,
2026-09-11T20:36:25.726391+00:00,201,3108.37,
2026-09-11T20:36:17.285658+00:00,201,11563.91,
2026-09-11T20:35:53.077604+00:00,201,35776.78,
2026-09-11T20:35:56.109691+00:00,201,32756.45,
2026-09-11T20:36:17.914943+00:00,201,10962.23,
2026-09-11T20:36:12.867818+00:00,201,16012.52,
2026-09-11T20:35:33.578912+00:00,201,55307.12,
2026-09-11T20:36:22.502917+00:00,201,6388.83,
2026-09-11T20:35:25.494940+00:00,201,63419.23,
2026-09-11T20:36:24.209360+00:00,201,4707.70,
2026-09-11T20:35:53.615116+00:00,201,35304.07,
2026-09-11T20:36:09.489487+00:00,201,19422.27,
2026-09-11T20:36:15.283516+00:00,201,13638.37,
2026-09-11T20:36:09.213932+00:00,201,19728.79,
2026-09-11T20:35:33.147892+00:00,201,55800.01,
2026-09-11T20:35:54.740184+00:00,201,34234.54,
2026-09-11T20:36:01.091056+00:00,201,27875.38,
2026-09-11T20:36:17.262743+00:00,201,11716.25,
2026-09-11T20:36:00.005407+00:00,201,29008.99,
2026-09-11T20:36:11.034231+00:00,201,17993.60,
2026-09-11T20:36:14.566106+00:00,201,14495.07,
2026-09-11T20:35:37.912318+00:00,201,51169.16,
2026-09-11T20:36:13.657717+00:00,201,15439.89,
2026-09-11T20:36:15.731461+00:00,201,13368.88,
2026-09-11T20:36:25.166054+00:00,201,3947.01,
2026-09-11T20:35:51.154750+00:00,201,37980.70,
2026-09-11T20:36:26.979134+00:00,201,2178.64,
2026-09-11T20:36:27.906644+00:00,201,1276.24,
2026-09-11T20:36:18.834958+00:00,201,10386.21,
2026-09-11T20:36:03.456633+00:00,201,25776.07,
2026-09-11T20:36:07.222414+00:00,201,22045.32,
2026-09-11T20:36:21.957255+00:00,201,7313.41,
2026-09-11T20:36:27.571997+00:00,201,1706.89,
2026-09-11T20:36:28.972282+00:00,201,306.85,
2026-09-11T20:36:26.511896+00:00,201,2765.98,
2026-09-11T20:36:25.577755+00:00,201,3706.28,
2026-09-11T20:36:10.902813+00:00,201,18451.99,
2026-09-11T20:36:17.349220+00:00,201,12012.99,
2026-09-11T20:36:22.905451+00:00,201,6475.32,
2026-09-11T20:36:19.151586+00:00,201,10230.22,
2026-09-11T20:35:49.025212+00:00,201,40384.04,
2026-09-11T20:36:28.561720+00:00,201,854.77,
2026-09-11T20:36:02.239818+00:00,201,27189.87,
2026-09-11T20:36:04.121334+00:00,201,25315.78,
2026-09-11T20:36:18.053032+00:00,201,11451.33,
2026-09-11T20:36:05.963248+00:00,201,23558.86,
2026-09-11T20:35:29.178065+00:00,201,60346.03,
2026-09-11T20:36:28.277861+00:00,201,1248.03,
2026-09-11T20:35:50.623879+00:00,201,38913.91,
2026-09-11T20:36:23.129865+00:00,201,6431.36,
2026-09-11T20:35:53.941047+00:00,201,35621.27,
2026-09-11T20:36:09.271529+00:00,201,20290.45,
2026-09-11T20:36:10.902813+00:00,201,18669.27,
2026-09-11T20:36:15.810276+00:00,201,13791.09,
2026-09-11T20:36:09.258971+00:00,201,20345.46,
2026-09-11T20:35:56.046431+00:00,201,33566.64,
2026-09-11T20:36:05.228423+00:00,201,24380.31,
2026-09-11T20:36:22.761787+00:00,201,6854.53,
2026-09-11T20:36:23.138687+00:00,201,6495.01,
2026-09-11T20:36:08.116327+00:00,201,21530.20,
2026-09-11T20:36:01.649743+00:00,201,27993.07,
2026-09-11T20:35:47.826916+00:00,201,41822.74,
2026-09-11T20:35:43.444941+00:00,201,46206.55,
2026-09-11T20:36:29.352040+00:00,201,318.56,
2026-09-11T20:36:26.186009+00:00,201,3489.93,
2026-09-11T20:35:28.521520+00:00,201,61167.18,
2026-09-11T20:36:22.830558+00:00,201,6868.31,
2026-09-11T20:36:12.015464+00:00,201,17760.73,
2026-09-11T20:36:10.747315+00:00,201,19027.50,
2026-09-11T20:36:20.970197+00:00,201,8821.68,
2026-09-11T20:36:29.505880+00:00,201,297.81,
2026-09-11T20:35:45.362713+00:00,201,44467.81,
2026-09-11T20:36:25.133359+00:00,201,4697.37,
2026-09-11T20:36:16.969671+00:00,201,12875.63,
2026-09-11T20:36:22.980781+00:00,201,6875.79,
2026-09-11T20:36:29.557887+00:00,201,315.95,
2026-09-11T20:36:10.228709+00:00,201,19664.24,
2026-09-11T20:35:50.801419+00:00,201,39101.27,
2026-09-11T20:35:20.733297+00:00,201,69168.26,
2026-09-11T20:36:03.128882+00:00,201,26781.76,
2026-09-11T20:36:10.176879+00:00,201,19735.47,
2026-09-11T20:36:27.767225+00:00,201,2154.26,
2026-09-11T20:35:38.217026+00:00,201,51712.61,
2026-09-11T20:36:05.779457+00:00,201,24153.75,
2026-09-11T20:36:18.704730+00:00,201,11233.87,
2026-09-11T20:35:34.525679+00:00,201,55431.70,
2026-09-11T20:36:19.483618+00:00,201,10473.39,
2026-09-11T20:36:07.964225+00:00,201,21997.68,
2026-09-11T20:35:56.665500+00:00,201,33332.91,
2026-09-11T20:36:06.892947+00:00,201,23115.31,
2026-09-11T20:36:17.444159+00:00,201,12582.03,
2026-09-11T20:36:15.440279+00:00,201,14589.32,
2026-09-11T20:35:55.073335+00:00,201,34975.30,
2026-09-11T20:35:26.007651+00:00,201,64048.57,
2026-09-11T20:36:25.260255+00:00,201,4811.98,
2026-09-11T20:35:28.748562+00:00,201,61345.77,
2026-09-11T20:36:23.306257+00:00,201,6799.57,
2026-09-11T20:36:02.133417+00:00,201,27974.19,
2026-09-11T20:36:25.276218+00:00,201,4856.81,
2026-09-11T20:35:47.227199+00:00,201,42912.72,
2026-09-11T20:35:28.801495+00:00,201,61342.82,
2026-09-11T20:36:26.450255+00:00,201,3736.65,
2026-09-11T20:36:14.300524+00:00,201,15885.91,
2026-09-11T20:35:31.982128+00:00,201,58241.06,
2026-09-11T20:36:18.332431+00:00,201,11908.25,
2026-09-11T20:36:23.514369+00:00,201,6745.07,
2026-09-11T20:35:54.752465+00:00,201,35529.92,
2026-09-11T20:35:43.539998+00:00,201,46744.32,
2026-09-11T20:35:39.839484+00:00,201,50449.01,
2026-09-11T20:36:08.229181+00:00,201,22071.69,
2026-09-11T20:36:08.522338+00:00,201,21785.82,
2026-09-11T20:36:13.216513+00:00,201,17100.41,
2026-09-11T20:36:24.477795+00:00,201,5857.05,
2026-09-11T20:36:26.240310+00:00,201,4111.58,
2026-09-11T20:36:25.609358+00:00,201,4764.40,
2026-09-11T20:35:40.215948+00:00,201,50163.54,
2026-09-11T20:36:03.724928+00:00,201,26664.48,
2026-09-11T20:36:13.896883+00:00,201,16504.92,
2026-09-11T20:36:10.082390+00:00,201,20331.41,
2026-09-11T20:36:19.436151+00:00,201,10976.29,
2026-09-11T20:36:03.582649+00:00,201,26887.04,
2026-09-11T20:36:19.074748+00:00,201,11451.47,
2026-09-11T20:36:06.414343+00:00,201,24125.77,
2026-09-11T20:36:04.578474+00:00,201,25963.89,
2026-09-11T20:36:11.436804+00:00,201,19118.94,
2026-09-11T20:36:12.188504+00:00,201,18392.85,
2026-09-11T20:35:00.752722+00:00,201,89830.15,
2026-09-11T20:36:26.450255+00:00,201,4130.85,
2026-09-11T20:36:13.594567+00:00,201,17010.56,
2026-09-11T20:35:52.799663+00:00,201,37825.28,
2026-09-11T20:36:21.745448+00:00,201,8879.08,
2026-09-11T20:36:13.358624+00:00,201,17281.26,
2026-09-11T20:36:10.499869+00:00,201,20151.67,
2026-09-11T20:36:17.382377+00:00,201,13260.92,
2026-09-11T20:36:15.978298+00:00,201,14677.24,
2026-09-11T20:35:37.439597+00:00,201,53207.07,
2026-09-11T20:36:23.189751+00:00,201,7473.52,
2026-09-11T20:36:18.537585+00:00,201,12128.72,
2026-09-11T20:36:18.126539+00:00,201,12599.25,
2026-09-11T20:35:37.379818+00:00,201,53354.45,
2026-09-11T20:36:03.748835+00:00,201,27064.73,
2026-09-11T20:36:21.042886+00:00,201,9786.33,
2026-09-11T20:36:16.314776+00:00,201,14531.40,
2026-09-11T20:36:30.214383+00:00,201,634.53,
2026-09-11T20:36:02.615685+00:00,201,28251.08,
2026-09-11T20:36:29.960383+00:00,201,942.35,
2026-09-11T20:36:24.653895+00:00,201,6273.70,
2026-09-11T20:36:25.688299+00:00,201,5238.02,
2026-09-11T20:36:12.701304+00:00,201,18239.77,
2026-09-11T20:35:57.931635+00:00,201,33015.06,
2026-09-11T20:36:17.748688+00:00,201,13216.16,
2026-09-11T20:36:29.404852+00:00,201,1573.22,
2026-09-11T20:36:20.371712+00:00,201,10606.48,
2026-09-11T20:36:11.236034+00:00,201,19760.78,
2026-09-11T20:36:22.036997+00:00,201,8967.42,
2026-09-11T20:35:21.060788+00:00,201,69952.54,
2026-09-11T20:36:28.797159+00:00,201,2226.37,
2026-09-11T20:36:07.321058+00:00,201,23728.64,
2026-09-11T20:36:18.053032+00:00,201,13037.98,
2026-09-11T20:35:54.104200+00:00,201,37001.32,
2026-09-11T20:36:19.803024+00:00,201,11310.11,
2026-09-11T20:35:53.630357+00:00,201,37500.17,
2026-09-11T20:36:25.777710+00:00,201,5355.23,
2026-09-11T20:35:22.969649+00:00,201,68157.92,
2026-09-11T20:36:12.405589+00:00,201,18734.85,
2026-09-11T20:36:00.560889+00:00,201,30600.69,
2026-09-11T20:36:28.791945+00:00,201,2387.50,
2026-09-11T20:36:27.761373+00:00,201,3426.98,
2026-09-11T20:36:23.462660+00:00,201,7731.08,
2026-09-11T20:36:20.546345+00:00,201,10682.39,
2026-09-11T20:35:22.814628+00:00,201,68418.39,
2026-09-11T20:36:24.117829+00:00,201,7135.30,
2026-09-11T20:36:29.641357+00:00,201,1626.20,
2026-09-11T20:36:12.342192+00:00,201,18953.61,
2026-09-11T20:35:57.943219+00:00,201,33366.84,
2026-09-11T20:35:59.357520+00:00,201,31969.68,
2026-09-11T20:36:20.403210+00:00,201,10931.46,
2026-09-11T20:36:29.415475+00:00,201,1912.86,
2026-09-11T20:36:13.607375+00:00,201,17745.22,
2026-09-11T20:36:13.701154+00:00,201,17662.90,
2026-09-11T20:36:24.980241+00:00,201,6389.49,
2026-09-11T20:36:18.787392+00:00,201,12589.95,
2026-09-11T20:36:10.934397+00:00,201,20461.84,
2026-09-11T20:36:15.899389+00:00,201,15516.37,
2026-09-11T20:36:23.382746+00:00,201,8069.31,
2026-09-11T20:35:41.355054+00:00,201,50118.60,
2026-09-11T20:36:28.869783+00:00,201,2617.39,
2026-09-11T20:36:11.046304+00:00,201,20446.89,
2026-09-11T20:36:04.673210+00:00,201,26849.62,
2026-09-11T20:36:16.582848+00:00,201,14942.38,
2026-09-11T20:36:28.100601+00:00,201,3441.19,
2026-09-11T20:35:28.212318+00:00,201,63342.11,
2026-09-11T20:36:31.272179+00:00,201,333.38,
2026-09-11T20:36:22.944901+00:00,201,8704.76,
2026-09-11T20:35:53.389428+00:00,201,38272.21,
2026-09-11T20:35:49.361900+00:00,201,42300.72,
2026-09-11T20:36:03.538893+00:00,201,28164.09,
2026-09-11T20:36:27.395363+00:00,201,4329.54,
2026-09-11T20:36:12.375286+00:00,201,19342.13,
2026-09-11T20:36:05.287663+00:00,201,26442.24,
2026-09-11T20:35:42.408262+00:00,201,49340.34,
2026-09-11T20:36:25.498077+00:00,201,6254.43,
2026-09-11T20:35:47.510688+00:00,201,44250.97,
2026-09-11T20:36:31.444923+00:00,201,337.82,
2026-09-11T20:36:19.436151+00:00,201,12356.20,
2026-09-11T20:36:27.623872+00:00,201,4173.09,
2026-09-11T20:35:55.571268+00:00,201,36241.74,
2026-09-11T20:35:09.169515+00:00,201,82648.42,
2026-09-11T20:36:28.931133+00:00,201,2931.92,
2026-09-11T20:35:57.127986+00:00,201,34730.17,
2026-09-11T20:36:03.914934+00:00,201,27952.99,
2026-09-11T20:36:07.986566+00:00,201,23884.71,
2026-09-11T20:36:21.786626+00:00,201,10109.23,
2026-09-11T20:36:21.631510+00:00,201,10294.95,
2026-09-11T20:35:57.186543+00:00,201,34740.57,
2026-09-11T20:36:16.575551+00:00,201,15368.20,
2026-09-11T20:36:14.225610+00:00,201,17726.32,
2026-09-11T20:35:40.029234+00:00,201,51943.08,
2026-09-11T20:36:19.518615+00:00,201,12459.54,
2026-09-11T20:35:48.436882+00:00,201,43553.08,
2026-09-11T20:36:11.583225+00:00,201,20399.31,
2026-09-11T20:36:31.649498+00:00,201,353.93,
2026-09-11T20:36:29.415475+00:00,201,2585.33,
2026-09-11T20:34:52.225900+00:00,201,99783.00,
2026-09-11T20:36:13.552741+00:00,201,18459.55,
2026-09-11T20:36:27.947793+00:00,201,4073.35,
2026-09-11T20:36:21.428773+00:00,201,10644.25,
2026-09-11T20:36:11.772277+00:00,201,20311.53,
2026-09-11T20:35:52.503619+00:00,201,39578.59,
2026-09-11T20:36:22.146996+00:00,201,9949.64,
2026-09-11T20:35:47.051078+00:00,201,45050.14,
2026-09-11T20:36:01.471472+00:00,201,30618.68,
2026-09-11T20:36:22.142711+00:00,201,9973.29,
2026-09-11T20:35:22.566277+00:00,201,69547.89,
2026-09-11T20:36:11.917186+00:00,201,20198.47,
2026-09-11T20:36:09.640235+00:00,201,22494.22,
2026-09-11T20:35:31.331586+00:00,201,60830.19,
2026-09-11T20:36:02.156464+00:00,201,30011.40,
2026-09-11T20:36:19.499258+00:00,201,12676.50,
2026-09-11T20:36:11.375769+00:00,201,20819.83,
2026-09-11T20:36:04.026984+00:00,201,28205.03,
2026-09-11T20:36:28.859698+00:00,201,3380.34,
2026-09-11T20:36:14.319806+00:00,201,17923.55,
2026-09-11T20:36:27.896605+00:00,201,4352.56,
2026-09-11T20:36:13.943803+00:00,201,18322.82,
2026-09-11T20:36:23.977498+00:00,201,8294.22,
2026-09-11T20:36:17.778595+00:00,201,14512.31,
2026-09-11T20:36:24.511738+00:00,201,7794.23,
2026-09-11T20:36:03.065043+00:00,201,29251.97,
2026-09-11T20:36:30.039399+00:00,201,2280.07,
2026-09-11T20:36:29.050347+00:00,201,3308.69,
2026-09-11T20:36:19.806297+00:00,201,12572.99,
2026-09-11T20:36:19.883006+00:00,201,12521.02,
2026-09-11T20:35:40.531144+00:00,201,51880.16,
2026-09-11T20:36:00.203815+00:00,201,32247.15,
2026-09-11T20:36:30.852527+00:00,201,1600.72,
2026-09-11T20:36:20.129517+00:00,201,12325.27,
2026-09-11T20:36:09.687077+00:00,201,22767.99,
2026-09-11T20:36:29.771310+00:00,201,2681.31,
2026-09-11T20:36:03.519800+00:00,201,28968.20,
2026-09-11T20:36:27.086914+00:00,201,5405.75,
2026-09-11T20:36:28.545377+00:00,201,3980.47,
2026-09-11T20:35:50.084135+00:00,201,42448.32,
2026-09-11T20:36:17.951562+00:00,201,14589.77,
2026-09-11T20:36:05.668645+00:00,201,26890.32,
2026-09-11T20:36:28.181076+00:00,201,4385.48,
2026-09-11T20:36:23.443059+00:00,201,9169.57,
2026-09-11T20:36:18.246966+00:00,201,14419.70,
2026-09-11T20:35:39.962917+00:00,201,52741.34,
2026-09-11T20:36:23.482884+00:00,201,9225.19,
2026-09-11T20:36:21.291676+00:00,201,11422.36,
2026-09-11T20:36:04.826910+00:00,201,27968.70,
2026-09-11T20:36:30.389005+00:00,201,2408.49,
2026-09-11T20:36:25.940955+00:00,201,6870.79,
2026-09-11T20:36:23.591241+00:00,201,9264.37,
2026-09-11T20:36:02.117331+00:00,201,30741.32,
2026-09-11T20:36:29.352040+00:00,201,3524.85,
2026-09-11T20:36:24.218254+00:00,201,8675.43,
2026-09-11T20:35:36.996060+00:00,201,55907.73,
2026-09-11T20:36:32.491176+00:00,201,422.98,
2026-09-11T20:36:13.516480+00:00,201,19410.09,
2026-09-11T20:36:20.355125+00:00,201,12596.16,
2026-09-11T20:36:15.501371+00:00,201,17462.56,
2026-09-11T20:36:12.506140+00:00,201,20492.47,
2026-09-11T20:35:29.719835+00:00,201,63282.58,
2026-09-11T20:35:51.805795+00:00,201,41206.57,
2026-09-11T20:36:09.337403+00:00,201,23691.15,
2026-09-11T20:36:00.195735+00:00,201,32872.22,
2026-09-11T20:36:19.632005+00:00,201,13440.29,
2026-09-11T20:36:29.960383+00:00,201,3118.84,
2026-09-11T20:35:21.863739+00:00,201,71225.53,
2026-09-11T20:36:06.825313+00:00,201,26261.24,
2026-09-11T20:36:30.413574+00:00,201,2685.04,
2026-09-11T20:36:30.415455+00:00,201,2700.93,
2026-09-11T20:35:55.945683+00:00,201,37182.73,
2026-09-11T20:36:26.430266+00:00,201,6723.54,
2026-09-11T20:36:28.451005+00:00,201,4694.87,
2026-09-11T20:36:21.962788+00:00,201,11211.06,
2026-09-11T20:36:21.711634+00:00,201,11473.71,
2026-09-11T20:36:23.864294+00:00,201,9341.84,
2026-09-11T20:36:28.469247+00:00,201,4758.23,
2026-09-11T20:35:40.753858+00:00,201,52482.90,
2026-09-11T20:35:52.967543+00:00,201,40288.15,
2026-09-11T20:35:09.345796+00:00,201,83914.22,
2026-09-11T20:36:23.659276+00:00,201,9610.95,
2026-09-11T20:36:22.916966+00:00,201,10367.46,
2026-09-11T20:35:31.410650+00:00,201,61919.03,
2026-09-11T20:35:26.270487+00:00,201,67088.08,
2026-09-11T20:36:28.725403+00:00,201,4651.40,
2026-09-11T20:36:27.243358+00:00,201,6132.12,
2026-09-11T20:36:06.666055+00:00,201,26709.30,
2026-09-11T20:36:02.115640+00:00,201,31283.81,
2026-09-11T20:35:50.952166+00:00,201,42455.58,
2026-09-11T20:36:29.671179+00:00,201,3758.81,
2026-09-11T20:36:21.145436+00:00,201,12300.65,
2026-09-11T20:36:21.687107+00:00,201,11776.15,
2026-09-11T20:36:05.588764+00:00,201,27882.79,
2026-09-11T20:36:25.246878+00:00,201,8265.52,
2026-09-11T20:36:29.930460+00:00,201,3586.67,
2026-09-11T20:36:29.606029+00:00,201,3918.64,
2026-09-11T20:36:20.450612+00:00,201,13092.30,
2026-09-11T20:35:22.856196+00:00,201,70712.63,
2026-09-11T20:36:13.594567+00:00,201,20024.17,
2026-09-11T20:36:30.982042+00:00,201,2653.17,
2026-09-11T20:36:23.703687+00:00,201,9935.75,
2026-09-11T20:36:12.168996+00:00,201,21464.84,
2026-09-11T20:36:05.192570+00:00,201,28463.72,
2026-09-11T20:36:19.220637+00:00,201,14481.41,
2026-09-11T20:36:20.710675+00:00,201,12996.21,
2026-09-11T20:35:52.253497+00:00,201,41457.63,
2026-09-11T20:36:22.821220+00:00,201,10911.75,
2026-09-11T20:36:06.047362+00:00,201,27707.61,
2026-09-11T20:35:49.907783+00:00,201,43881.13,
2026-09-11T20:36:05.952771+00:00,201,27852.29,
2026-09-11T20:36:29.182061+00:00,201,4630.46,
2026-09-11T20:36:32.805509+00:00,201,1011.58,
2026-09-11T20:36:25.228611+00:00,201,8578.83,
2026-09-11T20:36:15.847376+00:00,201,17992.87,
2026-09-11T20:36:32.854590+00:00,201,996.93,
2026-09-11T20:36:27.259480+00:00,201,6594.48,
2026-09-11T20:36:09.780035+00:00,201,24092.39,
2026-09-11T20:36:15.595912+00:00,201,18279.40,
2026-09-11T20:36:20.811901+00:00,201,13069.91,
2026-09-11T20:36:13.335584+00:00,201,20558.38,
2026-09-11T20:36:06.016013+00:00,201,27895.83,
2026-09-11T20:36:32.303051+00:00,201,1615.60,
2026-09-11T20:35:59.295163+00:00,201,34637.18,
2026-09-11T20:36:33.613882+00:00,201,369.59,
2026-09-11T20:36:13.443530+00:00,201,20559.97,
2026-09-11T20:36:21.687107+00:00,201,12320.70,
2026-09-11T20:36:26.605284+00:00,201,7412.82,
2026-09-11T20:36:33.317203+00:00,201,724.44,
2026-09-11T20:36:31.554172+00:00,201,2545.89,
2026-09-11T20:36:27.307395+00:00,201,6789.79,
2026-09-11T20:36:33.754766+00:00,201,356.53,
2026-09-11T20:36:27.532488+00:00,201,6621.85,
2026-09-11T20:35:32.080606+00:00,201,62090.60,
2026-09-11T20:36:03.714842+00:00,201,30480.48,
2026-09-11T20:36:10.966795+00:00,201,23246.59,
2026-09-11T20:36:07.649950+00:00,201,26580.78,
2026-09-11T20:35:50.588791+00:00,201,43691.56,
2026-09-11T20:36:24.133808+00:00,201,10148.04,
2026-09-11T20:36:22.188662+00:00,201,12114.76,
2026-09-11T20:36:14.430709+00:00,201,19875.00,
2026-09-11T20:36:10.842715+00:00,201,23475.82,
2026-09-11T20:35:37.427059+00:00,201,56913.25,
2026-09-11T20:35:41.541819+00:00,201,52796.83,
2026-09-11T20:36:11.835342+00:00,201,22521.87,
2026-09-11T20:36:32.613351+00:00,201,1749.77,
2026-09-11T20:36:02.508761+00:00,201,31870.95,
2026-09-11T20:35:44.158313+00:00,201,50242.36,
2026-09-11T20:36:16.132792+00:00,201,18259.34,
2026-09-11T20:36:29.960383+00:00,201,4445.78,
2026-09-11T20:36:26.778784+00:00,201,7635.88,
2026-09-11T20:36:10.919355+00:00,201,23500.23,
2026-09-11T20:36:16.543166+00:00,201,17895.74,
2026-09-11T20:36:25.077694+00:00,201,9373.16,
2026-09-11T20:36:12.029375+00:00,201,22427.03,
2026-09-11T20:35:50.528545+00:00,201,43928.69,
2026-09-11T20:36:03.456633+00:00,201,31019.80,
2026-09-11T20:35:54.991274+00:00,201,39516.88,
2026-09-11T20:36:29.641357+00:00,201,4890.74,
2026-09-11T20:36:15.105762+00:00,201,19481.12,
2026-09-11T20:36:24.834724+00:00,201,9755.98,
2026-09-11T20:36:17.704843+00:00,201,16898.40,
2026-09-11T20:36:25.938944+00:00,201,8674.88,
2026-09-11T20:36:15.462245+00:00,201,19152.07,
2026-09-11T20:36:24.601064+00:00,201,10023.98,
2026-09-11T20:36:22.512699+00:00,201,12129.31,
2026-09-11T20:35:14.622734+00:00,201,80014.62,
2026-09-11T20:36:18.965551+00:00,201,15694.66,
2026-09-11T20:35:55.189712+00:00,201,39523.81,
2026-09-11T20:36:04.661307+00:00,201,30070.30,
2026-09-11T20:36:22.664246+00:00,201,12077.38,
2026-09-11T20:36:17.840985+00:00,201,16925.24,
2026-09-11T20:36:31.520903+00:00,201,3248.54,
2026-09-11T20:36:27.037883+00:00,201,7754.43,
2026-09-11T20:36:09.718511+00:00,201,25067.38,
2026-09-11T20:36:15.957225+00:00,201,18855.68,
2026-09-11T20:36:23.381750+00:00,201,11448.78,
2026-09-11T20:36:28.882354+00:00,201,5962.62,
2026-09-11T20:35:46.435301+00:00,201,48425.45,
2026-09-11T20:36:14.649914+00:00,201,20228.28,
2026-09-11T20:35:49.260991+00:00,201,45629.62,
2026-09-11T20:36:12.342192+00:00,201,22556.42,
2026-09-11T20:36:25.149044+00:00,201,9760.68,
2026-09-11T20:35:07.337588+00:00,201,87584.60,
2026-09-11T20:36:30.049212+00:00,201,4872.75,
2026-09-11T20:36:27.734158+00:00,201,7209.42,
2026-09-11T20:36:29.685027+00:00,201,5306.25,
2026-09-11T20:36:12.925305+00:00,201,22081.16,
2026-09-11T20:36:34.024223+00:00,201,992.85,
2026-09-11T20:35:54.518379+00:00,201,40501.31,
2026-09-11T20:36:23.878385+00:00,201,11157.39,
2026-09-11T20:35:20.474370+00:00,201,74612.14,
2026-09-11T20:36:21.237050+00:00,201,13870.55,
2026-09-11T20:36:33.448049+00:00,201,1676.08,
2026-09-11T20:35:53.452801+00:00,201,41703.10,
2026-09-11T20:36:22.341746+00:00,201,12832.51,
2026-09-11T20:36:27.467703+00:00,201,7730.51,
2026-09-11T20:35:46.606235+00:00,201,48586.02,
2026-09-11T20:36:33.778874+00:00,201,1430.61,
2026-09-11T20:36:26.780406+00:00,201,8444.79,
2026-09-11T20:36:24.727337+00:00,201,10529.74,
2026-09-11T20:36:10.834092+00:00,201,24427.70,
2026-09-11T20:36:32.153261+00:00,201,3132.14,
2026-09-11T20:36:32.456093+00:00,201,2837.27,
2026-09-11T20:36:15.692598+00:00,201,19613.47,
2026-09-11T20:36:17.047881+00:00,201,18279.71,
2026-09-11T20:36:11.979262+00:00,201,23336.97,
2026-09-11T20:35:55.925536+00:00,201,39421.94,
2026-09-11T20:36:02.768744+00:00,201,32597.93,
2026-09-11T20:35:43.005504+00:00,201,52398.88,
2026-09-11T20:36:28.212154+00:00,201,7202.95,
2026-09-11T20:35:49.202204+00:00,201,46220.20,
2026-09-11T20:36:17.285658+00:00,201,18136.95,
2026-09-11T20:35:45.546940+00:00,201,49871.17,
2026-09-11T20:35:39.041821+00:00,201,56401.29,
2026-09-11T20:36:07.366938+00:00,201,28070.12,
2026-09-11T20:35:40.706153+00:00,201,54759.91,
2026-09-11T20:36:30.571759+00:00,201,4900.47,
2026-09-11T20:35:19.337226+00:00,201,76150.42,
2026-09-11T20:36:28.797159+00:00,201,6704.37,
2026-09-11T20:36:19.228651+00:00,201,16290.08,
2026-09-11T20:36:15.233866+00:00,201,20291.36,
2026-09-11T20:36:03.524518+00:00,201,32028.14,
2026-09-11T20:36:23.988688+00:00,201,11569.03,
2026-09-11T20:35:57.332111+00:00,201,38230.20,
2026-09-11T20:35:57.152456+00:00,201,38419.05,
2026-09-11T20:36:10.827386+00:00,201,24778.39,
2026-09-11T20:36:04.170276+00:00,201,31432.33,
2026-09-11T20:36:27.845330+00:00,201,7784.52,
2026-09-11T20:36:27.688930+00:00,201,7936.89,
2026-09-11T20:36:29.113337+00:00,201,6544.90,
2026-09-11T20:36:15.910926+00:00,201,19752.82,
2026-09-11T20:36:07.095338+00:00,201,28594.61,
2026-09-11T20:36:30.303165+00:00,201,5399.86,
2026-09-11T20:36:26.997166+00:00,201,8734.46,
2026-09-11T20:36:31.024764+00:00,201,4710.81,
2026-09-11T20:36:22.824218+00:00,201,12913.55,
2026-09-11T20:36:07.789257+00:00,201,27963.33,
2026-09-11T20:36:13.510703+00:00,201,22255.55,
2026-09-11T20:35:53.246494+00:00,201,42527.07,
2026-09-11T20:36:29.875309+00:00,201,5899.76,
2026-09-11T20:36:34.341088+00:00,201,1504.80,
2026-09-11T20:36:35.551281+00:00,201,298.14,
2026-09-11T20:36:34.278297+00:00,201,1568.98,
2026-09-11T20:35:51.211643+00:00,201,44654.30,
2026-09-11T20:36:00.164324+00:00,201,35699.98,
2026-09-11T20:35:56.885775+00:00,201,39021.88,
2026-09-11T20:36:25.624546+00:00,201,10281.05,
2026-09-11T20:35:35.793717+00:00,201,60134.71,
2026-09-11T20:36:21.404020+00:00,201,14520.15,
2026-09-11T20:34:43.415215+00:00,201,112550.23,
2026-09-11T20:35:21.243796+00:00,201,74731.53,
2026-09-11T20:36:02.214162+00:00,201,33782.30,
2026-09-11T20:36:31.024764+00:00,201,4976.36,
2026-09-11T20:36:35.701974+00:00,201,323.21,
2026-09-11T20:36:22.617712+00:00,201,13421.66,
2026-09-11T20:36:25.968848+00:00,201,10107.41,
2026-09-11T20:36:17.763390+00:00,201,18313.42,
2026-09-11T20:36:12.941000+00:00,201,23132.80,
2026-09-11T20:36:35.764930+00:00,201,323.21,
2026-09-11T20:36:15.660220+00:00,201,20469.96,
2026-09-11T20:36:10.168846+00:00,201,25968.51,
2026-09-11T20:35:54.585323+00:00,201,41574.81,
2026-09-11T20:36:06.102708+00:00,201,30078.85,
2026-09-11T20:36:09.501471+00:00,201,26668.90,
2026-09-11T20:36:32.317721+00:00,201,3882.78,
2026-09-11T20:35:48.785937+00:00,201,47432.41,
2026-09-11T20:36:31.794126+00:00,201,4420.05,
2026-09-11T20:36:29.129029+00:00,201,7088.82,
2026-09-11T20:36:27.323040+00:00,201,8901.65,
2026-09-11T20:36:29.370508+00:00,201,6857.75,
2026-09-11T20:36:14.015166+00:00,201,22239.74,
2026-09-11T20:35:48.485304+00:00,201,47777.21,
2026-09-11T20:36:16.817871+00:00,201,19460.88,
2026-09-11T20:36:04.878308+00:00,201,31398.25,
2026-09-11T20:36:03.154104+00:00,201,33153.25,
2026-09-11T20:36:25.624546+00:00,201,10698.37,
2026-09-11T20:36:33.820397+00:00,201,2528.46,
2026-09-11T20:36:04.436323+00:00,201,31923.85,
2026-09-11T20:36:23.851001+00:00,201,12526.64,
2026-09-11T20:36:19.822854+00:00,201,16556.99,
2026-09-11T20:36:28.148091+00:00,201,8248.24,
2026-09-11T20:36:25.196425+00:00,201,11215.46,
2026-09-11T20:36:28.829921+00:00,201,7590.15,
2026-09-11T20:35:42.112655+00:00,201,54324.31,
2026-09-11T20:36:22.638597+00:00,201,13830.05,
2026-09-11T20:36:21.893799+00:00,201,14580.68,
2026-09-11T20:36:36.130768+00:00,201,368.58,
2026-09-11T20:36:07.715766+00:00,201,28786.18,
2026-09-11T20:36:20.389283+00:00,201,16111.82,
2026-09-11T20:36:28.337367+00:00,201,8174.99,
2026-09-11T20:36:14.250898+00:00,201,22279.92,
2026-09-11T20:36:35.573110+00:00,201,1008.45,
2026-09-11T20:36:15.185327+00:00,201,21390.12,
2026-09-11T20:36:24.891650+00:00,201,11692.81,
2026-09-11T20:36:21.628805+00:00,201,14962.38,
2026-09-11T20:36:24.251237+00:00,201,12351.95,
2026-09-11T20:36:15.654415+00:00,201,20970.68,
2026-09-11T20:36:22.625020+00:00,201,14010.03,
2026-09-11T20:36:26.108722+00:00,201,10552.56,
2026-09-11T20:36:28.615037+00:00,201,8088.79,
2026-09-11T20:36:24.462699+00:00,201,12262.60,
2026-09-11T20:36:33.515283+00:00,201,3214.38,
2026-09-11T20:36:34.294066+00:00,201,2460.78,
2026-09-11T20:36:15.595912+00:00,201,21167.58,
2026-09-11T20:36:31.520903+00:00,201,5255.63,
2026-09-11T20:36:13.021618+00:00,201,23783.20,
2026-09-11T20:36:17.047881+00:00,201,19758.30,
2026-09-11T20:36:25.996667+00:00,201,10845.72,
2026-09-11T20:36:15.548324+00:00,201,21289.94,
2026-09-11T20:36:30.049212+00:00,201,6811.91,
2026-09-11T20:36:13.719241+00:00,201,23144.75,
2026-09-11T20:35:57.432572+00:00,201,39447.00,
2026-09-11T20:36:19.119799+00:00,201,17780.86,
2026-09-11T20:36:27.514685+00:00,201,9411.16,
2026-09-11T20:36:29.228865+00:00,201,7696.15,
2026-09-11T20:36:11.077706+00:00,201,25852.91,
2026-09-11T20:35:45.267286+00:00,201,51671.29,
2026-09-11T20:35:58.400423+00:00,201,38565.56,
2026-09-11T20:36:29.798800+00:00,201,7181.37,
2026-09-11T20:36:33.805302+00:00,201,3194.35,
2026-09-11T20:36:22.136712+00:00,201,14864.33,
2026-09-11T20:36:24.821287+00:00,201,12182.49,
2026-09-11T20:36:22.058891+00:00,201,14957.98,
2026-09-11T20:35:59.898488+00:00,201,37111.08,
2026-09-11T20:35:57.757197+00:00,201,39293.47,
2026-09-11T20:36:26.347489+00:00,201,10704.42,
2026-09-11T20:36:22.954852+00:00,201,14104.66,
2026-09-11T20:35:35.089131+00:00,201,61989.26,
2026-09-11T20:36:35.174897+00:00,201,1921.26,
2026-09-11T20:36:35.733342+00:00,201,1389.69,
2026-09-11T20:35:37.469060+00:00,201,59698.27,
2026-09-11T20:36:18.332431+00:00,201,18842.32,
2026-09-11T20:36:26.627221+00:00,201,10563.00,
2026-09-11T20:36:36.845227+00:00,201,346.22,
2026-09-11T20:36:10.271516+00:00,201,26920.80,
2026-09-11T20:35:49.356916+00:00,201,47850.87,
2026-09-11T20:36:26.832835+00:00,201,10383.61,
2026-09-11T20:36:23.595588+00:00,201,13629.44,
2026-09-11T20:36:15.233866+00:00,201,22001.67,
2026-09-11T20:36:28.843887+00:00,201,8427.74,
2026-09-11T20:36:23.917826+00:00,201,13415.81,
2026-09-11T20:34:58.233661+00:00,201,99113.64,
2026-09-11T20:36:22.722957+00:00,201,14646.55,
2026-09-11T20:35:19.795919+00:00,201,77611.64,
2026-09-11T20:36:35.397306+00:00,201,2013.54,
2026-09-11T20:36:22.919964+00:00,201,14498.73,
2026-09-11T20:35:46.185067+00:00,201,51240.38,
2026-09-11T20:35:41.655837+00:00,201,55771.59,
2026-09-11T20:36:33.131414+00:00,201,4311.69,
2026-09-11T20:35:55.286321+00:00,201,42193.48,
2026-09-11T20:36:12.757619+00:00,201,24721.52,
2026-09-11T20:36:30.546746+00:00,201,6942.01,
2026-09-11T20:35:55.240745+00:00,201,42268.34,
2026-09-11T20:35:47.271441+00:00,201,50244.18,
2026-09-11T20:36:07.773374+00:00,201,29749.49,
2026-09-11T20:36:15.799941+00:00,201,21722.58,
2026-09-11T20:36:17.363928+00:00,201,20174.64,
2026-09-11T20:36:29.224479+00:00,201,8332.21,
2026-09-11T20:36:13.029643+00:00,201,24551.10,
2026-09-11T20:36:09.854767+00:00,201,27729.27,
2026-09-11T20:36:29.859430+00:00,201,7730.49,
2026-09-11T20:36:13.558830+00:00,201,24034.05,
2026-09-11T20:36:13.258425+00:00,201,24382.53,
2026-09-11T20:35:58.768709+00:00,201,38879.27,
2026-09-11T20:36:27.064839+00:00,201,10584.93,
2026-09-11T20:36:37.369790+00:00,201,287.21,
2026-09-11T20:36:18.348077+00:00,201,19303.63,
2026-09-11T20:36:18.015777+00:00,201,19640.28,
2026-09-11T20:36:35.734854+00:00,201,1937.82,
2026-09-11T20:35:55.463825+00:00,201,42216.33,
2026-09-11T20:36:19.366345+00:00,201,18318.44,
2026-09-11T20:36:36.779034+00:00,201,907.75,
2026-09-11T20:36:32.010199+00:00,201,5709.16,
2026-09-11T20:36:25.820259+00:00,201,11914.39,
2026-09-11T20:36:18.110762+00:00,201,19611.58,
2026-09-11T20:36:01.946553+00:00,201,35803.67,
2026-09-11T20:36:02.344802+00:00,201,35418.79,
2026-09-11T20:36:31.749654+00:00,201,6067.53,
2026-09-11T20:35:29.768324+00:00,201,68050.95,
2026-09-11T20:36:05.620561+00:00,201,32194.56,
2026-09-11T20:36:15.815175+00:00,201,22014.78,
2026-09-11T20:36:33.859116+00:00,201,3995.72,
2026-09-11T20:36:37.277005+00:00,201,595.64,
2026-09-11T20:36:20.938136+00:00,201,16999.43,
2026-09-11T20:35:57.710327+00:00,201,40234.91,
2026-09-11T20:36:19.869711+00:00,201,18077.65,
2026-09-11T20:36:37.616703+00:00,201,331.39,
2026-09-11T20:36:26.669108+00:00,201,11284.53,
2026-09-11T20:34:37.130772+00:00,201,120831.98,
2026-09-11T20:36:05.842417+00:00,201,32158.85,
2026-09-11T20:35:56.014692+00:00,201,42019.80,
2026-09-11T20:35:56.316100+00:00,201,41716.02,
2026-09-11T20:36:20.653743+00:00,201,17389.79,
2026-09-11T20:36:32.887190+00:00,201,5171.11,
2026-09-11T20:36:17.147067+00:00,201,20926.71,
2026-09-11T20:36:16.543166+00:00,201,21559.71,
2026-09-11T20:36:37.817293+00:00,201,311.49,
2026-09-11T20:36:22.191176+00:00,201,15969.23,
2026-09-11T20:36:27.836804+00:00,201,10325.60,
2026-09-11T20:34:50.279183+00:00,201,107884.36,
2026-09-11T20:36:34.311761+00:00,201,3851.15,
2026-09-11T20:36:32.897370+00:00,201,5266.34,
2026-09-11T20:36:15.169589+00:00,201,23036.23,
2026-09-11T20:36:28.387073+00:00,201,9834.00,
2026-09-11T20:36:32.491176+00:00,201,5729.26,
2026-09-11T20:36:00.164324+00:00,201,38085.51,
2026-09-11T20:36:15.108782+00:00,201,23150.64,
2026-09-11T20:36:38.001688+00:00,201,283.99,
2026-09-11T20:36:34.863624+00:00,201,3438.92,
2026-09-11T20:36:31.378448+00:00,201,6933.18,
2026-09-11T20:36:28.910878+00:00,201,9396.75,
2026-09-11T20:35:11.445165+00:00,201,86874.85,
2026-09-11T20:36:21.345518+00:00,201,17074.97,
2026-09-11T20:36:08.503584+00:00,201,29914.22,
2026-09-11T20:36:33.720716+00:00,201,4706.15,
2026-09-11T20:36:21.263261+00:00,201,17187.36,
2026-09-11T20:36:36.810889+00:00,201,1645.85,
2026-09-11T20:36:32.444466+00:00,201,6007.73,
2026-09-11T20:36:36.415092+00:00,201,2041.89,
2026-09-11T20:36:14.553231+00:00,201,23921.83,
2026-09-11T20:36:20.878720+00:00,201,17620.54,
2026-09-11T20:36:33.905600+00:00,201,4660.19,
2026-09-11T20:36:15.216689+00:00,201,23354.68,
2026-09-11T20:36:10.838101+00:00,201,27744.29,
2026-09-11T20:35:48.192363+00:00,201,50392.46,
2026-09-11T20:35:47.287120+00:00,201,51302.62,
2026-09-11T20:36:19.893033+00:00,201,18715.09,
2026-09-11T20:36:26.186009+00:00,201,12456.85,
2026-09-11T20:36:20.323354+00:00,201,18323.14,
2026-09-11T20:35:57.620045+00:00,201,41034.18,
2026-09-11T20:35:34.794157+00:00,201,63881.24,
2026-09-11T20:35:49.014678+00:00,201,49673.94,
2026-09-11T20:36:10.166837+00:00,201,28528.59,
2026-09-11T20:36:26.979134+00:00,201,11716.65,
2026-09-11T20:36:29.909817+00:00,201,8862.62,
2026-09-11T20:36:36.138805+00:00,201,2640.70,
2026-09-11T20:35:22.953756+00:00,201,75851.09,
2026-09-11T20:36:27.489625+00:00,201,11327.20,
2026-09-11T20:35:24.340367+00:00,201,74475.51,
2026-09-11T20:36:26.118182+00:00,201,12714.95,
2026-09-11T20:36:11.898756+00:00,201,26937.85,
2026-09-11T20:36:34.103624+00:00,201,4752.36,
2026-09-11T20:35:24.674834+00:00,201,74186.40,
2026-09-11T20:36:38.201548+00:00,201,660.61,
2026-09-11T20:36:36.588318+00:00,201,2343.06,
2026-09-11T20:36:21.781969+00:00,201,17163.26,
2026-09-11T20:36:26.979134+00:00,201,11968.37,
2026-09-11T20:36:38.564127+00:00,201,386.34,
2026-09-11T20:36:09.576635+00:00,201,29370.83,
2026-09-11T20:35:44.601501+00:00,201,54366.03,
2026-09-11T20:36:17.017472+00:00,201,21958.16,
2026-09-11T20:36:23.526932+00:00,201,15479.39,
2026-09-11T20:36:26.780406+00:00,201,12222.86,
2026-09-11T20:36:26.879930+00:00,201,12147.81,
2026-09-11T20:35:34.102613+00:00,201,64934.34,
2026-09-11T20:36:06.299814+00:00,201,32767.09,
2026-09-11T20:36:13.963128+00:00,201,25119.73,
2026-09-11T20:35:38.356284+00:00,201,60736.31,
2026-09-11T20:36:24.821287+00:00,201,14280.43,
2026-09-11T20:36:30.739208+00:00,201,8377.20,
2026-09-11T20:36:07.964225+00:00,201,31169.05,
2026-09-11T20:36:38.248084+00:00,201,888.32,
2026-09-11T20:36:27.389341+00:00,201,11768.60,
2026-09-11T20:35:55.520740+00:00,201,43656.06,
2026-09-11T20:36:08.424197+00:00,201,30755.12,
2026-09-11T20:36:24.273259+00:00,201,14928.76,
2026-09-11T20:36:10.439654+00:00,201,28763.31,
2026-09-11T20:35:53.845239+00:00,201,45407.41,
2026-09-11T20:36:16.702513+00:00,201,22572.18,
2026-09-11T20:36:31.930155+00:00,201,7346.59,
2026-09-11T20:36:16.333342+00:00,201,22965.71,
2026-09-11T20:36:26.065282+00:00,201,13249.10,
2026-09-11T20:36:03.301739+00:00,201,36012.79,
2026-09-11T20:35:55.146778+00:00,201,44176.09,
2026-09-11T20:36:24.283135+00:00,201,15054.85,
2026-09-11T20:35:35.070605+00:00,201,64280.27,
2026-09-11T20:36:30.226385+00:00,201,9123.60,
2026-09-11T20:36:23.637289+00:00,201,15714.62,
2026-09-11T20:36:34.041796+00:00,201,5316.28,
2026-09-11T20:35:30.149028+00:00,201,69240.53,
2026-09-11T20:36:35.021081+00:00,201,4370.60,
2026-09-11T20:36:17.349220+00:00,201,22037.76,
2026-09-11T20:36:36.461873+00:00,201,2925.34,
2026-09-11T20:36:30.588219+00:00,201,8804.92,
2026-09-11T20:36:03.902614+00:00,201,35491.65,
2026-09-11T20:35:35.137199+00:00,201,64258.46,
2026-09-11T20:36:34.928051+00:00,201,4469.54,
2026-09-11T20:36:24.242492+00:00,201,15163.42,
2026-09-11T20:36:00.576561+00:00,201,38866.77,
2026-09-11T20:35:52.940209+00:00,201,46512.65,
2026-09-11T20:36:04.910056+00:00,201,34544.41,
2026-09-11T20:36:33.374686+00:00,201,6079.61,
2026-09-11T20:36:23.922225+00:00,201,15538.57,
2026-09-11T20:36:34.657803+00:00,201,4794.68,
2026-09-11T20:36:20.419025+00:00,201,19105.07,
2026-09-11T20:36:20.778890+00:00,201,18749.36,
2026-09-11T20:36:34.151098+00:00,201,5382.11,
2026-09-11T20:36:30.650709+00:00,201,8887.62,
2026-09-11T20:36:27.510670+00:00,201,12079.57,
2026-09-11T20:36:26.525991+00:00,201,13057.14,
2026-09-11T20:35:51.040092+00:00,201,48552.86,
2026-09-11T20:36:37.489203+00:00,201,2107.29,
2026-09-11T20:36:30.943362+00:00,201,8655.55,
2026-09-11T20:35:54.585323+00:00,201,45012.39,
2026-09-11T20:36:11.350593+00:00,201,28290.65,
2026-09-11T20:36:11.299669+00:00,201,28336.53,
2026-09-11T20:36:32.232150+00:00,201,7452.01,
2026-09-11T20:36:19.040397+00:00,201,20639.42,
2026-09-11T20:36:23.739375+00:00,201,15942.57,
2026-09-11T20:36:30.371658+00:00,201,9324.95,
2026-09-11T20:35:21.434763+00:00,201,78285.86,
2026-09-11T20:36:04.595766+00:00,201,35131.27,
2026-09-11T20:36:28.741151+00:00,201,11031.24,
2026-09-11T20:36:27.164238+00:00,201,12624.96,
2026-09-11T20:35:56.809548+00:00,201,42975.36,
2026-09-11T20:36:19.231202+00:00,201,20563.80,
2026-09-11T20:34:51.048036+00:00,201,108756.80,
2026-09-11T20:34:52.379060+00:00,201,107440.40,
2026-09-11T20:36:01.847410+00:00,201,37965.33,
2026-09-11T20:35:19.247518+00:00,201,80581.93,
2026-09-11T20:36:09.964074+00:00,201,29892.27,
2026-09-11T20:36:22.167079+00:00,201,17729.80,
2026-09-11T20:35:26.151165+00:00,201,73754.38,
2026-09-11T20:36:35.764930+00:00,201,4139.54,
2026-09-11T20:36:34.772924+00:00,201,5139.67,
2026-09-11T20:35:56.553847+00:00,201,43355.95,
2026-09-11T20:35:25.635152+00:00,201,74298.11,
2026-09-11T20:36:19.210489+00:00,201,20740.38,
2026-09-11T20:36:00.346118+00:00,201,39658.52,
2026-09-11T20:36:39.595711+00:00,201,411.42,
2026-09-11T20:36:33.151935+00:00,201,6899.03,
2026-09-11T20:36:39.685615+00:00,201,369.46,
2026-09-11T20:36:37.581193+00:00,201,2537.10,
2026-09-11T20:36:39.765813+00:00,201,375.29,
2026-09-11T20:36:18.665932+00:00,201,21494.77,
2026-09-11T20:36:05.461945+00:00,201,34720.17,
2026-09-11T20:36:34.766821+00:00,201,5426.43,
2026-09-11T20:36:30.287041+00:00,201,9916.01,
2026-09-11T20:35:51.876752+00:00,201,48365.51,
2026-09-11T20:36:17.970097+00:00,201,22264.30,
2026-09-11T20:36:32.391278+00:00,201,7850.36,
2026-09-11T20:35:43.967506+00:00,201,56289.56,
2026-09-11T20:36:24.851547+00:00,201,15415.78,
2026-09-11T20:36:38.291985+00:00,201,1993.12,
2026-09-11T20:36:20.323354+00:00,201,19960.11,
2026-09-11T20:36:36.164382+00:00,201,4138.27,
2026-09-11T20:35:42.648069+00:00,201,57669.75,
2026-09-11T20:36:34.509505+00:00,201,5814.28,
2026-09-11T20:35:59.570507+00:00,201,40771.62,
2026-09-11T20:36:14.319806+00:00,201,26026.87,
2026-09-11T20:36:21.603660+00:00,201,18760.92,
2026-09-11T20:36:36.620635+00:00,201,3775.83,
2026-09-11T20:36:08.927503+00:00,201,31484.43,
2026-09-11T20:36:40.045523+00:00,201,375.00,
2026-09-11T20:36:40.045523+00:00,201,410.05,
2026-09-11T20:35:45.240343+00:00,201,55283.00,
2026-09-11T20:36:33.841735+00:00,201,6693.09,
2026-09-11T20:35:19.135366+00:00,201,81403.93,
2026-09-11T20:36:40.140836+00:00,201,417.49,
2026-09-11T20:36:39.238536+00:00,201,1346.83,
2026-09-11T20:36:26.101177+00:00,201,14581.81,
2026-09-11T20:36:34.657803+00:00,201,6097.53,
2026-09-11T20:36:32.708826+00:00,201,8058.07,
2026-09-11T20:36:28.880633+00:00,201,11897.36,
2026-09-11T20:36:05.869162+00:00,201,34913.76,
2026-09-11T20:36:21.412059+00:00,201,19384.97,
2026-09-11T20:35:42.638132+00:00,201,58192.11,
2026-09-11T20:36:20.770735+00:00,201,20064.24,
2026-09-11T20:36:11.373762+00:00,201,29468.36,
2026-09-11T20:36:39.531415+00:00,201,1370.15,
2026-09-11T20:36:31.864567+00:00,201,9069.19,
2026-09-11T20:36:35.004185+00:00,201,5952.31,
2026-09-11T20:36:32.273272+00:00,201,8683.87,
2026-09-11T20:36:25.360921+00:00,201,15613.69,
2026-09-11T20:36:00.862041+00:00,201,40116.68,
2026-09-11T20:36:10.356452+00:00,201,30648.83,
2026-09-11T20:36:00.460997+00:00,201,40574.18,
2026-09-11T20:36:00.052767+00:00,201,40977.62,
2026-09-11T20:36:31.225221+00:00,201,9811.68,
2026-09-11T20:36:35.844450+00:00,201,5192.53,
2026-09-11T20:36:23.510064+00:00,201,17550.79,
2026-09-11T20:36:17.477616+00:00,201,23585.71,
2026-09-11T20:36:37.519023+00:00,201,3548.73,
2026-09-11T20:36:28.940395+00:00,201,12130.83,
2026-09-11T20:36:19.944824+00:00,201,21167.06,
2026-09-11T20:36:38.039094+00:00,201,3104.44,
2026-09-11T20:36:22.354233+00:00,201,18797.31,
2026-09-11T20:36:18.301787+00:00,201,22901.98,
2026-09-11T20:36:40.779731+00:00,201,438.58,
2026-09-11T20:36:27.607947+00:00,201,13622.92,
2026-09-11T20:36:36.502032+00:00,201,4744.52,
2026-09-11T20:36:19.716484+00:00,201,21535.77,
2026-09-11T20:36:07.996092+00:00,201,33263.58,
2026-09-11T20:36:39.405879+00:00,201,1898.23,
2026-09-11T20:36:11.504930+00:00,201,29800.31,
2026-09-11T20:36:33.882731+00:00,201,7427.98,
2026-09-11T20:35:44.633537+00:00,201,56679.91,
2026-09-11T20:36:02.807590+00:00,201,38517.95,
2026-09-11T20:36:39.538456+00:00,201,1807.42,
2026-09-11T20:36:26.959814+00:00,201,14433.27,
2026-09-11T20:36:12.925305+00:00,201,28503.03,
2026-09-11T20:36:01.122742+00:00,201,40303.44,
2026-09-11T20:36:04.551420+00:00,201,36895.73,
2026-09-11T20:36:22.301984+00:00,201,19147.30,
2026-09-11T20:35:48.559581+00:00,201,52889.26,
2026-09-11T20:36:19.345124+00:00,201,22140.19,
2026-09-11T20:36:37.682167+00:00,201,3808.18,
2026-09-11T20:35:41.362908+00:00,201,60132.84,
2026-09-11T20:36:11.598900+00:00,201,29891.62,
2026-09-11T20:36:17.206613+00:00,201,24317.88,
2026-09-11T20:36:39.159544+00:00,201,2487.86,
2026-09-11T20:36:35.670157+00:00,201,5998.72,
2026-09-11T20:36:31.045434+00:00,201,10652.62,
2026-09-11T20:36:36.620635+00:00,201,5091.63,
2026-09-11T20:36:09.740526+00:00,201,31993.02,
2026-09-11T20:35:39.679052+00:00,201,62063.92,
2026-09-11T20:36:38.035080+00:00,201,3736.42,
2026-09-11T20:36:24.403370+00:00,201,17375.31,
2026-09-11T20:36:06.431494+00:00,201,35433.97,
2026-09-11T20:36:38.880136+00:00,201,3008.74,
2026-09-11T20:36:35.659240+00:00,201,6229.44,
2026-09-11T20:36:18.913988+00:00,201,22980.97,
2026-09-11T20:36:19.816835+00:00,201,22088.29,
2026-09-11T20:36:16.100779+00:00,201,25870.94,
2026-09-11T20:35:49.388339+00:00,201,52660.22,
2026-09-11T20:36:30.949875+00:00,201,11118.02,
2026-09-11T20:36:35.199344+00:00,201,6877.29,
2026-09-11T20:36:29.843311+00:00,201,12243.94,
2026-09-11T20:36:25.858387+00:00,201,16256.97,
2026-09-11T20:36:38.941107+00:00,201,3174.30,
2026-09-11T20:36:35.210383+00:00,201,6928.23,
2026-09-11T20:35:22.012958+00:00,201,80129.34,
2026-09-11T20:35:55.032660+00:00,201,47128.82,
2026-09-11T20:36:30.846507+00:00,201,11358.40,
2026-09-11T20:36:12.120424+00:00,201,30081.40,
2026-09-11T20:36:21.762097+00:00,201,20462.71,
2026-09-11T20:36:40.192173+00:00,201,2099.83,
2026-09-11T20:36:03.283751+00:00,201,39008.50,
2026-09-11T20:35:01.875355+00:00,201,100426.71,
2026-09-11T20:35:07.355270+00:00,201,94960.76,
2026-09-11T20:36:21.428773+00:00,201,20891.44,
2026-09-11T20:35:35.979092+00:00,201,66410.15,
2026-09-11T20:36:32.030205+00:00,201,10369.66,
2026-09-11T20:36:11.788056+00:00,201,30617.42,
2026-09-11T20:36:23.055732+00:00,201,19361.05,
2026-09-11T20:36:12.447279+00:00,201,29997.14,
2026-09-11T20:35:29.953431+00:00,201,72547.26,
2026-09-11T20:36:32.247795+00:00,201,10263.90,
2026-09-11T20:36:05.089167+00:00,201,37429.97,
2026-09-11T20:36:26.414329+00:00,201,16106.78,
2026-09-11T20:36:11.041747+00:00,201,31490.67,
2026-09-11T20:36:09.310518+00:00,201,33261.73,
2026-09-11T20:36:18.183282+00:00,201,24401.22,
2026-09-11T20:36:42.119913+00:00,201,473.81,
2026-09-11T20:36:11.958316+00:00,201,30637.58,
2026-09-11T20:36:04.349476+00:00,201,38249.70,
2026-09-11T20:35:34.605359+00:00,201,68010.17,
2026-09-11T20:36:02.002726+00:00,201,40635.64,
2026-09-11T20:36:33.206012+00:00,201,9445.02,
2026-09-11T20:35:41.003506+00:00,201,61677.30,
2026-09-11T20:35:59.046500+00:00,201,43671.16,
2026-09-11T20:35:36.648573+00:00,201,66077.15,
2026-09-11T20:35:58.337713+00:00,201,44391.76,
2026-09-11T20:36:34.792169+00:00,201,7966.68,
2026-09-11T20:36:08.424197+00:00,201,34355.97,
2026-09-11T20:36:13.532616+00:00,201,29290.54,
2026-09-11T20:36:22.410611+00:00,201,20421.19,
2026-09-11T20:36:12.136556+00:00,201,30735.95,
2026-09-11T20:36:27.275294+00:00,201,15601.99,
2026-09-11T20:35:38.705057+00:00,201,64190.59,
2026-09-11T20:35:46.672224+00:00,201,56220.30,
2026-09-11T20:36:06.395162+00:00,201,36516.08,
2026-09-11T20:36:19.151586+00:00,201,23799.59,
2026-09-11T20:36:35.294323+00:00,201,7662.25,
2026-09-11T20:36:22.440650+00:00,201,20545.62,
2026-09-11T20:35:22.529516+00:00,201,80513.17,
2026-09-11T20:36:24.991494+00:00,201,18060.64,
2026-09-11T20:36:26.879930+00:00,201,16202.23,
2026-09-11T20:35:54.304686+00:00,201,48812.21,
2026-09-11T20:36:34.230391+00:00,201,8905.88,
2026-09-11T20:36:13.148709+00:00,201,29996.03,
2026-09-11T20:36:14.742978+00:00,201,28405.26,
2026-09-11T20:36:33.236582+00:00,201,9921.31,
2026-09-11T20:36:34.719095+00:00,201,8462.38,
2026-09-11T20:36:02.948557+00:00,201,40239.59,
2026-09-11T20:35:55.524773+00:00,201,47694.53,
2026-09-11T20:36:29.384114+00:00,201,13858.76,
2026-09-11T20:36:40.683874+00:00,201,2595.45,
2026-09-11T20:36:32.108740+00:00,201,11168.77,
2026-09-11T20:36:38.121631+00:00,201,5193.59,
2026-09-11T20:35:24.050810+00:00,201,79282.99,
2026-09-11T20:36:32.553357+00:00,201,10800.17,
2026-09-11T20:36:39.456091+00:00,201,3924.15,
2026-09-11T20:36:36.508856+00:00,201,6883.37,
2026-09-11T20:36:39.731418+00:00,201,3666.33,
2026-09-11T20:35:48.946213+00:00,201,54447.37,
2026-09-11T20:36:03.172688+00:00,201,40244.66,
2026-09-11T20:36:36.176408+00:00,201,7294.95,
2026-09-11T20:36:17.134885+00:00,201,26365.66,
2026-09-11T20:36:40.006020+00:00,201,3501.26,
2026-09-11T20:36:43.039170+00:00,201,465.86,
2026-09-11T20:36:43.082351+00:00,201,455.75,
2026-09-11T20:36:01.630708+00:00,201,41915.83,
2026-09-11T20:36:02.688380+00:00,201,40871.15,
2026-09-11T20:35:50.316664+00:00,201,53246.10,
2026-09-11T20:36:18.473761+00:00,201,25098.53,
2026-09-11T20:36:08.042633+00:00,201,35537.67,
2026-09-11T20:36:29.557887+00:00,201,14036.13,
2026-09-11T20:36:07.191681+00:00,201,36441.61,
2026-09-11T20:35:35.495928+00:00,201,68147.20,
2026-09-11T20:35:59.674694+00:00,201,43967.85,
2026-09-11T20:36:16.795943+00:00,201,26860.29,
2026-09-11T20:36:13.550235+00:00,201,30113.81,
2026-09-11T20:36:07.620102+00:00,201,36069.15,
2026-09-11T20:36:38.428513+00:00,201,5262.05,
2026-09-11T20:36:04.205359+00:00,201,39487.36,
2026-09-11T20:36:34.456467+00:00,201,9274.19,
2026-09-11T20:35:42.605029+00:00,201,61136.25,
2026-09-11T20:36:23.944966+00:00,201,19817.59,
2026-09-11T20:36:43.364395+00:00,201,405.52,
2026-09-11T20:35:55.524773+00:00,201,48269.45,
2026-09-11T20:36:09.030233+00:00,201,34781.83,
2026-09-11T20:36:26.742636+00:00,201,17104.88,
2026-09-11T20:36:41.046038+00:00,201,2800.88,
2026-09-11T20:36:32.090277+00:00,201,11775.29,
2026-09-11T20:36:09.989964+00:00,201,33913.28,
2026-09-11T20:36:31.473499+00:00,201,12463.41,
2026-09-11T20:36:35.434014+00:00,201,8517.95,
2026-09-11T20:35:36.125539+00:00,201,67835.65,
2026-09-11T20:36:24.923142+00:00,201,19070.66,
2026-09-11T20:36:37.540195+00:00,201,6456.19,
2026-09-11T20:36:01.863358+00:00,201,42140.26,
2026-09-11T20:36:32.005679+00:00,201,12009.71,
2026-09-11T20:36:21.712228+00:00,201,22326.73,
2026-09-11T20:36:43.245145+00:00,201,816.48,
2026-09-11T20:35:20.819274+00:00,201,83247.61,
2026-09-11T20:36:40.757669+00:00,201,3302.78,
2026-09-11T20:36:36.224881+00:00,201,7855.76,
2026-09-11T20:36:15.927105+00:00,201,28167.85,
2026-09-11T20:36:30.864963+00:00,201,13239.49,
2026-09-11T20:36:08.582511+00:00,201,35531.27,
2026-09-11T20:36:18.473761+00:00,201,25640.83,
2026-09-11T20:35:56.343628+00:00,201,47787.07,
2026-09-11T20:35:39.489193+00:00,201,64677.36,
2026-09-11T20:36:41.891689+00:00,201,2290.79,
2026-09-11T20:36:22.295440+00:00,201,21887.78,
2026-09-11T20:36:28.523043+00:00,201,15678.03,
2026-09-11T20:35:33.626561+00:00,201,70585.65,
2026-09-11T20:36:37.017286+00:00,201,7223.26,
2026-09-11T20:36:37.877294+00:00,201,6406.88,
2026-09-11T20:36:35.844450+00:00,201,8442.61,
2026-09-11T20:36:23.703687+00:00,201,20630.49,
2026-09-11T20:36:40.833289+00:00,201,3505.70,
2026-09-11T20:36:08.522338+00:00,201,35851.21,
2026-09-11T20:36:26.867269+00:00,201,17541.95,
2026-09-11T20:36:02.330990+00:00,201,42110.73,
2026-09-11T20:36:06.158224+00:00,201,38282.87,
2026-09-11T20:36:38.578719+00:00,201,5866.74,
2026-09-11T20:35:47.073787+00:00,201,57415.32,
2026-09-11T20:36:33.174219+00:00,201,11368.87,
2026-09-11T20:35:02.013641+00:00,201,102540.61,
2026-09-11T20:36:33.626278+00:00,201,10917.39,
2026-09-11T20:36:02.462239+00:00,201,42101.69,
2026-09-11T20:36:39.703154+00:00,201,4877.58,
2026-09-11T20:36:13.003644+00:00,201,31577.79,
2026-09-11T20:36:33.416202+00:00,201,11176.67,
2026-09-11T20:35:58.489718+00:00,201,46111.96,
2026-09-11T20:35:50.396929+00:00,201,54215.71,
2026-09-11T20:36:21.263261+00:00,201,23385.80,
2026-09-11T20:35:29.367549+00:00,201,75297.15,
2026-09-11T20:36:29.276141+00:00,201,15393.13,
2026-09-11T20:35:40.193471+00:00,201,64490.47,
2026-09-11T20:36:42.099883+00:00,201,2593.10,
2026-09-11T20:36:17.365490+00:00,201,27328.46,
2026-09-11T20:36:39.096690+00:00,201,5605.23,
2026-09-11T20:35:44.021327+00:00,201,60707.58,
2026-09-11T20:35:36.378743+00:00,201,68365.05,
2026-09-11T20:36:43.222378+00:00,201,1541.54,
2026-09-11T20:36:17.538120+00:00,201,27241.59,
2026-09-11T20:36:30.184583+00:00,201,14628.00,
2026-09-11T20:36:32.565973+00:00,201,12300.45,
2026-09-11T20:35:38.623911+00:00,201,66252.93,
2026-09-11T20:35:50.430686+00:00,201,54444.98,
2026-09-11T20:36:37.216798+00:00,201,7684.95,
2026-09-11T20:36:07.356191+00:00,201,37550.41,
2026-09-11T20:35:41.145673+00:00,201,63803.20,
2026-09-11T20:36:18.922252+00:00,201,26034.14,
2026-09-11T20:36:22.717366+00:00,201,22295.11,
2026-09-11T20:36:00.084752+00:00,201,44930.09,
2026-09-11T20:36:36.576444+00:00,201,8444.62,
2026-09-11T20:35:41.610279+00:00,201,63421.64,
2026-09-11T20:36:35.204367+00:00,201,9843.36,
2026-09-11T20:36:28.517040+00:00,201,16560.79,
2026-09-11T20:36:19.988953+00:00,201,25090.19,
2026-09-11T20:35:48.200720+00:00,201,56907.19,
2026-09-11T20:36:19.062093+00:00,201,26075.89,
2026-09-11T20:36:40.012219+00:00,201,5142.91,
2026-09-11T20:36:34.477463+00:00,201,10705.30,
2026-09-11T20:36:27.947793+00:00,201,17256.44,
2026-09-11T20:36:34.190770+00:00,201,11021.37,
2026-09-11T20:36:36.967303+00:00,201,8288.85,
2026-09-11T20:36:02.417358+00:00,201,42846.84,
2026-09-11T20:36:24.760443+00:00,201,20522.57,
2026-09-11T20:36:10.859646+00:00,201,34438.91,
2026-09-11T20:36:16.356922+00:00,201,28976.55,
2026-09-11T20:36:22.667253+00:00,201,22669.15,
2026-09-11T20:36:40.932572+00:00,201,4430.01,
2026-09-11T20:36:01.822961+00:00,201,43553.09,
2026-09-11T20:36:10.585426+00:00,201,34797.02,
2026-09-11T20:36:14.173227+00:00,201,31212.74,
2026-09-11T20:36:34.440916+00:00,201,10948.07,
2026-09-11T20:36:33.879715+00:00,201,11534.73,
2026-09-11T20:36:18.930928+00:00,201,26539.35,
2026-09-11T20:36:30.002706+00:00,201,15474.14,
2026-09-11T20:35:13.149665+00:00,201,92345.10,
2026-09-11T20:35:18.789652+00:00,201,86714.03,
2026-09-11T20:36:25.777710+00:00,201,19739.12,
2026-09-11T20:36:43.806512+00:00,201,1708.89,
2026-09-11T20:36:21.297901+00:00,201,24230.12,
2026-09-11T20:36:31.251746+00:00,201,14283.91,
2026-09-11T20:36:26.605284+00:00,201,18938.48,
2026-09-11T20:36:37.965801+00:00,201,7591.48,
2026-09-11T20:35:59.785475+00:00,201,45776.27,
2026-09-11T20:36:29.665009+00:00,201,15908.33,
2026-09-11T20:36:04.269693+00:00,201,41303.46,
2026-09-11T20:36:17.816918+00:00,201,27793.64,
2026-09-11T20:35:51.003368+00:00,201,54616.85,
2026-09-11T20:36:22.787860+00:00,201,22837.13,
2026-09-11T20:36:15.438134+00:00,201,30211.76,
2026-09-11T20:36:36.239679+00:00,201,9414.58,
2026-09-11T20:36:38.585959+00:00,201,7119.72,
2026-09-11T20:36:32.407228+00:00,201,13312.19,
2026-09-11T20:35:46.586137+00:00,201,59142.40,
2026-09-11T20:36:29.543449+00:00,201,16188.80,
2026-09-11T20:36:08.153994+00:00,201,37585.93,
2026-09-11T20:36:20.953613+00:00,201,24806.63,
2026-09-11T20:35:44.404693+00:00,201,61360.89,
2026-09-11T20:36:27.440673+00:00,201,18353.17,
2026-09-11T20:36:30.650709+00:00,201,15149.29,
2026-09-11T20:36:36.861029+00:00,201,8951.31,
2026-09-11T20:36:42.301312+00:00,201,3526.12,
2026-09-11T20:36:42.145459+00:00,201,3699.73,
2026-09-11T20:36:44.440631+00:00,201,1405.84,
2026-09-11T20:36:27.918421+00:00,201,17944.20,
2026-09-11T20:36:01.999726+00:00,201,43883.35,
2026-09-11T20:36:33.792192+00:00,201,12100.79,
2026-09-11T20:36:33.330986+00:00,201,12572.15,
2026-09-11T20:36:37.208343+00:00,201,8725.13,
2026-09-11T20:36:34.294066+00:00,201,11651.05,
2026-09-11T20:36:03.026743+00:00,201,42976.83,
2026-09-11T20:36:33.515283+00:00,201,12493.80,
2026-09-11T20:36:24.727337+00:00,201,21291.00,
2026-09-11T20:36:25.836114+00:00,201,20187.76,
2026-09-11T20:36:43.469393+00:00,201,2566.39,
2026-09-11T20:36:39.380704+00:00,201,6654.10,
2026-09-11T20:36:34.294066+00:00,201,11748.88,
2026-09-11T20:36:34.602475+00:00,201,11467.21,
2026-09-11T20:36:08.108297+00:00,201,37979.32,
2026-09-11T20:35:58.963899+00:00,201,47154.24,
2026-09-11T20:36:30.112483+00:00,201,16007.82,
2026-09-11T20:36:26.010108+00:00,201,20155.91,
2026-09-11T20:36:11.856548+00:00,201,34329.73,
2026-09-11T20:36:38.459161+00:00,201,7765.47,
2026-09-11T20:36:41.894642+00:00,201,4339.14,
2026-09-11T20:36:26.068798+00:00,201,20185.08,
2026-09-11T20:36:29.709561+00:00,201,16547.19,
2026-09-11T20:36:05.498120+00:00,201,40761.51,
2026-09-11T20:36:44.907332+00:00,201,1367.36,
2026-09-11T20:36:32.263687+00:00,201,14017.15,
2026-09-11T20:36:32.137134+00:00,201,14159.88,
2026-09-11T20:36:36.082175+00:00,201,10216.20,
2026-09-11T20:36:44.903199+00:00,201,1409.07,
2026-09-11T20:36:30.460997+00:00,201,15882.11,
2026-09-11T20:36:42.007883+00:00,201,4342.80,
2026-09-11T20:36:35.608402+00:00,201,10755.77,
2026-09-11T20:36:18.869615+00:00,201,27498.03,
2026-09-11T20:36:30.619168+00:00,201,15777.24,
2026-09-11T20:35:10.877297+00:00,201,95530.55,
2026-09-11T20:36:30.398854+00:00,201,16023.67,
2026-09-11T20:36:28.032126+00:00,201,18403.85,
2026-09-11T20:36:14.774603+00:00,201,31679.00,
2026-09-11T20:36:17.778595+00:00,201,28694.36,
2026-09-11T20:36:46.134885+00:00,201,340.95,
2026-09-11T20:36:38.650076+00:00,201,7846.66,
2026-09-11T20:36:20.845527+00:00,201,25654.39,
2026-09-11T20:35:36.771415+00:00,201,69741.70,
2026-09-11T20:36:05.313694+00:00,201,41232.33,
2026-09-11T20:36:18.364456+00:00,201,28212.63,
2026-09-11T20:36:25.395242+00:00,201,21204.57,
2026-09-11T20:36:45.610963+00:00,201,999.25,
2026-09-11T20:36:30.539555+00:00,201,16085.85,
2026-09-11T20:36:13.399348+00:00,201,33229.33,
2026-09-11T20:35:49.828994+00:00,201,56820.42,
2026-09-11T20:35:59.104435+00:00,201,47550.43,
2026-09-11T20:36:31.225221+00:00,201,15466.80,
2026-09-11T20:36:25.988626+00:00,201,20712.05,
2026-09-11T20:36:42.734892+00:00,201,3974.92,
2026-09-11T20:36:12.956942+00:00,201,33760.51,
2026-09-11T20:35:36.191638+00:00,201,70546.07,
2026-09-11T20:36:21.337092+00:00,201,25427.64,
2026-09-11T20:36:46.406223+00:00,201,367.77,
2026-09-11T20:35:42.913904+00:00,201,63868.35,
2026-09-11T20:36:30.927271+00:00,201,15860.79,
2026-09-11T20:36:43.140567+00:00,201,3662.03,
2026-09-11T20:36:38.156553+00:00,201,8648.65,
2026-09-11T20:36:11.962927+00:00,201,34867.67,
2026-09-11T20:36:46.461484+00:00,201,367.35,
2026-09-11T20:36:43.882939+00:00,201,2957.00,
2026-09-11T20:36:26.228130+00:00,201,20626.37,
2026-09-11T20:35:52.628640+00:00,201,54247.53,
2026-09-11T20:36:22.305240+00:00,201,24581.38,
2026-09-11T20:36:37.180787+00:00,201,9702.44,
2026-09-11T20:35:39.853406+00:00,201,67059.92,
2026-09-11T20:35:52.231336+00:00,201,54698.65,
2026-09-11T20:36:15.674922+00:00,201,31296.73,
2026-09-11T20:36:15.936315+00:00,201,31053.41,
2026-09-11T20:36:09.718511+00:00,201,37285.46,
2026-09-11T20:35:59.644758+00:00,201,47385.43,
2026-09-11T20:36:39.815916+00:00,201,7218.07,
2026-09-11T20:35:54.415337+00:00,201,52613.99,
2026-09-11T20:36:37.434011+00:00,201,9610.08,
2026-09-11T20:36:35.995778+00:00,201,11091.70,
2026-09-11T20:36:39.467696+00:00,201,7638.53,
2026-09-11T20:36:09.932203+00:00,201,37190.15,
2026-09-11T20:36:41.355762+00:00,201,5774.37,
2026-09-11T20:36:23.719046+00:00,201,23450.90,
2026-09-11T20:36:42.077006+00:00,201,5096.65,
2026-09-11T20:36:39.535441+00:00,201,7654.58,
2026-09-11T20:35:55.348753+00:00,201,51831.08,
2026-09-11T20:36:31.951327+00:00,201,15257.72,
2026-09-11T20:36:41.093401+00:00,201,6120.32,
2026-09-11T20:36:32.951421+00:00,201,14291.19,
2026-09-11T20:36:39.130181+00:00,201,8105.84,
2026-09-11T20:36:08.503584+00:00,201,38777.13,
2026-09-11T20:36:34.004138+00:00,201,13283.17,
2026-09-11T20:36:28.005238+00:00,201,19300.59,
2026-09-11T20:36:15.863172+00:00,201,31460.13,
2026-09-11T20:36:29.281463+00:00,201,18080.98,
2026-09-11T20:36:38.266601+00:00,201,9136.31,
2026-09-11T20:35:27.522720+00:00,201,79891.47,
2026-09-11T20:36:38.987386+00:00,201,8432.75,
2026-09-11T20:36:41.228885+00:00,201,6218.77,
2026-09-11T20:35:17.639886+00:00,201,89812.42,
2026-09-11T20:36:21.495411+00:00,201,25972.42,
2026-09-11T20:36:37.781258+00:00,201,9703.71,
2026-09-11T20:36:17.826389+00:00,201,29661.77,
2026-09-11T20:36:42.596366+00:00,201,4906.88,
2026-09-11T20:36:42.638354+00:00,201,4875.10,
2026-09-11T20:36:13.918040+00:00,201,33602.22,
2026-09-11T20:35:43.983418+00:00,201,63544.59,
2026-09-11T20:36:21.345518+00:00,201,26192.33,
2026-09-11T20:36:03.538893+00:00,201,44004.76,
2026-09-11T20:36:44.592787+00:00,201,2954.82,
2026-09-11T20:36:11.914677+00:00,201,35640.39,
2026-09-11T20:36:28.121047+00:00,201,19432.73,
2026-09-11T20:36:35.365700+00:00,201,12196.05,
2026-09-11T20:36:13.706193+00:00,201,33861.83,
2026-09-11T20:36:44.169373+00:00,201,3420.29,
2026-09-11T20:36:36.940456+00:00,201,10666.14,
2026-09-11T20:36:44.105677+00:00,201,3516.11,
2026-09-11T20:36:40.360405+00:00,201,7280.57,
2026-09-11T20:36:36.926367+00:00,201,10742.68,
2026-09-11T20:35:30.142225+00:00,201,77533.71,
2026-09-11T20:36:30.023609+00:00,201,17654.36,
2026-09-11T20:36:22.861515+00:00,201,24824.60,
2026-09-11T20:35:34.866729+00:00,201,72825.13,
2026-09-11T20:36:47.417069+00:00,201,323.29,
2026-09-11T20:36:28.648557+00:00,201,19106.23,
2026-09-11T20:36:21.965299+00:00,201,25831.49,
2026-09-11T20:36:21.303799+00:00,201,26507.04,
2026-09-11T20:36:28.349173+00:00,201,19490.70,
2026-09-11T20:36:42.873017+00:00,201,4973.18,
2026-09-11T20:35:02.632810+00:00,201,105213.46,
2026-09-11T20:36:44.815144+00:00,201,3051.12,
2026-09-11T20:36:47.207179+00:00,201,684.57,
2026-09-11T20:36:17.262743+00:00,201,30639.41,
2026-09-11T20:36:44.054255+00:00,201,3848.66,
2026-09-11T20:36:04.050483+00:00,201,43869.91,
2026-09-11T20:36:10.464460+00:00,201,37458.38,
2026-09-11T20:36:47.136187+00:00,201,800.77,
2026-09-11T20:36:07.095338+00:00,201,40839.90,
2026-09-11T20:36:45.659174+00:00,201,2298.90,
2026-09-11T20:36:45.371544+00:00,201,2594.52,
2026-09-11T20:36:06.936288+00:00,201,41034.67,
2026-09-11T20:36:21.320350+00:00,201,26657.43,
2026-09-11T20:35:59.752962+00:00,201,48243.08,
2026-09-11T20:36:25.228611+00:00,201,22766.54,
2026-09-11T20:36:26.179432+00:00,201,21820.84,
2026-09-11T20:36:21.520518+00:00,201,26509.38,
2026-09-11T20:35:49.979932+00:00,201,58057.81,
2026-09-11T20:36:26.450255+00:00,201,21585.93,
2026-09-11T20:35:52.482449+00:00,201,55573.81,
2026-09-11T20:35:46.606235+00:00,201,61456.12,
2026-09-11T20:34:55.695643+00:00,201,112482.86,
2026-09-11T20:36:40.322006+00:00,201,7874.26,
2026-09-11T20:36:29.022791+00:00,201,19190.13,
2026-09-11T20:36:20.362539+00:00,201,27860.90,
2026-09-11T20:36:14.067397+00:00,201,34172.68,
2026-09-11T20:36:11.503833+00:00,201,36771.57,
2026-09-11T20:36:46.924444+00:00,201,1390.32,
2026-09-11T20:36:44.671921+00:00,201,3676.40,
2026-09-11T20:35:15.742131+00:00,201,92638.43,
2026-09-11T20:36:44.409408+00:00,201,3984.96,
2026-09-11T20:36:32.546778+00:00,201,15878.22,
2026-09-11T20:36:38.695625+00:00,201,9735.75,
2026-09-11T20:35:27.891305+00:00,201,80553.58,
2026-09-11T20:36:42.782707+00:00,201,5689.98,
2026-09-11T20:36:47.242994+00:00,201,1239.85,
2026-09-11T20:35:52.191368+00:00,201,56312.88,
2026-09-11T20:36:26.200934+00:00,201,22303.16,
2026-09-11T20:36:45.734559+00:00,201,2821.16,
2026-09-11T20:36:45.079392+00:00,201,3478.82,
2026-09-11T20:36:11.614963+00:00,201,36969.93,
2026-09-11T20:36:30.371658+00:00,201,18239.33,
2026-09-11T20:35:35.168238+00:00,201,73444.31,
2026-09-11T20:36:14.964095+00:00,201,33659.22,
2026-09-11T20:36:29.527907+00:00,201,19107.84,
2026-09-11T20:36:13.924065+00:00,201,34732.79,
2026-09-11T20:36:17.031900+00:00,201,31624.68,
2026-09-11T20:36:20.884190+00:00,201,27791.20,
2026-09-11T20:36:10.019305+00:00,201,38657.83,
2026-09-11T20:36:11.219903+00:00,201,37454.90,
2026-09-11T20:36:02.593927+00:00,201,46120.65,
2026-09-11T20:36:42.296673+00:00,201,6437.63,
2026-09-11T20:36:30.136270+00:00,201,18599.37,
2026-09-11T20:35:53.577769+00:00,201,55201.27,
2026-09-11T20:36:34.572304+00:00,201,14219.89,
2026-09-11T20:36:22.052914+00:00,201,26742.52,
2026-09-11T20:36:19.231202+00:00,201,29552.22,
2026-09-11T20:36:12.025811+00:00,201,36780.49,
2026-09-11T20:36:05.840410+00:00,201,42967.91,
2026-09-11T20:36:39.350403+00:00,201,9499.50,
2026-09-11T20:35:46.025292+00:00,201,62827.99,
2026-09-11T20:36:19.678019+00:00,201,29189.78,
2026-09-11T20:36:46.494478+00:00,201,2368.76,
2026-09-11T20:36:16.747967+00:00,201,32137.02,
2026-09-11T20:36:38.101840+00:00,201,10797.54,
2026-09-11T20:36:39.096690+00:00,201,9812.06,
2026-09-11T20:36:24.133808+00:00,201,24777.09,
2026-09-11T20:36:33.269002+00:00,201,15679.64,
2026-09-11T20:36:23.892841+00:00,201,25070.04,
2026-09-11T20:36:19.056456+00:00,201,29907.84,
2026-09-11T20:36:39.398339+00:00,201,9577.94,
2026-09-11T20:36:10.214655+00:00,201,38835.71,
2026-09-11T20:36:38.785036+00:00,201,10278.19,
2026-09-11T20:36:23.107366+00:00,201,25994.47,
2026-09-11T20:36:34.904232+00:00,201,14236.90,
2026-09-11T20:36:37.190443+00:00,201,11956.80,
2026-09-11T20:36:16.716429+00:00,201,32428.16,
2026-09-11T20:36:12.583451+00:00,201,36591.90,
2026-09-11T20:34:59.602988+00:00,201,109593.01,
2026-09-11T20:36:44.583972+00:00,201,4617.53,
2026-09-11T20:36:05.766769+00:00,201,43443.99,
2026-09-11T20:36:16.299314+00:00,201,32920.25,
2026-09-11T20:36:44.054255+00:00,201,5159.70,
2026-09-11T20:36:47.485387+00:00,201,1737.07,
2026-09-11T20:36:26.027903+00:00,201,23201.62,
2026-09-11T20:36:26.164359+00:00,201,23071.25,
2026-09-11T20:36:36.493705+00:00,201,12740.81,
2026-09-11T20:36:38.675685+00:00,201,10579.90,
2026-09-11T20:36:16.843424+00:00,201,32455.86,
2026-09-11T20:35:36.605074+00:00,201,72720.34,
2026-09-11T20:36:07.690357+00:00,201,41651.00,
2026-09-11T20:36:08.914174+00:00,201,40441.50,
2026-09-11T20:36:35.508336+00:00,201,13855.34,
2026-09-11T20:36:13.235223+00:00,201,36150.62,
2026-09-11T20:36:31.854588+00:00,201,17540.89,
2026-09-11T20:35:38.417752+00:00,201,71001.22,
2026-09-11T20:36:09.740526+00:00,201,39712.03,
2026-09-11T20:36:44.285982+00:00,201,5183.76,
2026-09-11T20:36:22.330341+00:00,201,27146.05,
2026-09-11T20:36:25.541104+00:00,201,23949.46,
2026-09-11T20:36:45.894115+00:00,201,3613.85,
2026-09-11T20:36:09.740526+00:00,201,39762.48,
2026-09-11T20:36:41.717754+00:00,201,7806.31,
2026-09-11T20:36:02.301148+00:00,201,47223.00,
2026-09-11T20:35:58.199851+00:00,201,51363.69,
2026-09-11T20:36:04.547561+00:00,201,45055.64,
2026-09-11T20:36:44.054255+00:00,201,5561.90,
2026-09-11T20:36:39.350403+00:00,201,10303.87,
2026-09-11T20:36:30.190477+00:00,201,19484.83,
2026-09-11T20:36:30.033297+00:00,201,19686.47,
2026-09-11T20:36:27.815526+00:00,201,21906.66,
2026-09-11T20:36:38.058623+00:00,201,11672.14,
2026-09-11T20:36:24.201626+00:00,201,25547.95,
2026-09-11T20:35:44.645544+00:00,201,65113.05,
2026-09-11T20:36:29.920333+00:00,201,19853.64,
2026-09-11T20:36:17.603635+00:00,201,32170.76,
2026-09-11T20:36:29.573928+00:00,201,20224.55,
2026-09-11T20:36:38.408246+00:00,201,11433.99,
2026-09-11T20:35:58.850946+00:00,201,50993.11,
2026-09-11T20:35:28.682067+00:00,201,81178.15,
2026-09-11T20:36:49.510507+00:00,201,378.28,
2026-09-11T20:36:45.082391+00:00,201,4818.24,
2026-09-11T20:36:42.598382+00:00,201,7329.54,
2026-09-11T20:36:31.092899+00:00,201,18841.77,
2026-09-11T20:36:23.159324+00:00,201,26786.54,
2026-09-11T20:36:46.366141+00:00,201,3585.40,
2026-09-11T20:36:29.432490+00:00,201,20524.90,
2026-09-11T20:35:11.984671+00:00,201,97992.37,
2026-09-11T20:36:26.430266+00:00,201,23550.10,
2026-09-11T20:36:46.794602+00:00,201,3207.25,
2026-09-11T20:36:46.087234+00:00,201,3966.20,
2026-09-11T20:36:26.430266+00:00,201,23624.57,
2026-09-11T20:36:23.488212+00:00,201,26582.02,
2026-09-11T20:36:32.756018+00:00,201,17343.97,
2026-09-11T20:36:21.779964+00:00,201,28352.07,
2026-09-11T20:36:34.904232+00:00,201,15224.71,
2026-09-11T20:36:30.143851+00:00,201,20005.04,
2026-09-11T20:36:45.464472+00:00,201,4681.51,
2026-09-11T20:36:24.752634+00:00,201,25410.24,
2026-09-11T20:36:38.584003+00:00,201,11592.30,
2026-09-11T20:36:46.290025+00:00,201,3913.33,
2026-09-11T20:36:26.850478+00:00,201,23382.67,
2026-09-11T20:35:35.496944+00:00,201,74764.26,
2026-09-11T20:36:29.891824+00:00,201,20371.29,
2026-09-11T20:35:55.862745+00:00,201,54417.13,
2026-09-11T20:36:15.216689+00:00,201,35116.58,
2026-09-11T20:36:46.636208+00:00,201,3708.32,
2026-09-11T20:36:24.102032+00:00,201,26252.46,
2026-09-11T20:36:30.071646+00:00,201,20291.26,
2026-09-11T20:36:16.779937+00:00,201,33583.99,
2026-09-11T20:36:28.364968+00:00,201,22018.95,
2026-09-11T20:36:30.998274+00:00,201,19376.12,
2026-09-11T20:36:12.796618+00:00,201,37605.86,
2026-09-11T20:36:45.537070+00:00,201,4868.31,
2026-09-11T20:36:37.824262+00:00,201,12590.55,
2026-09-11T20:35:47.335959+00:00,201,63083.31,
2026-09-11T20:36:37.737975+00:00,201,12686.67,
2026-09-11T20:36:24.640515+00:00,201,25818.38,
2026-09-11T20:36:31.330665+00:00,201,19133.84,
2026-09-11T20:36:34.014680+00:00,201,16474.93,
2026-09-11T20:36:48.947321+00:00,201,1583.12,
2026-09-11T20:36:14.113194+00:00,201,36426.71,
2026-09-11T20:36:26.256353+00:00,201,24289.46,
2026-09-11T20:36:45.379796+00:00,201,5169.28,
2026-09-11T20:35:37.674027+00:00,201,72891.85,
2026-09-11T20:36:26.693982+00:00,201,23873.61,
2026-09-11T20:36:19.903084+00:00,201,30678.38,
2026-09-11T20:36:12.136556+00:00,201,38467.57,
2026-09-11T20:36:29.798800+00:00,201,20876.42,
2026-09-11T20:36:41.639899+00:00,201,9034.34,
2026-09-11T20:35:12.206071+00:00,201,98521.93,
2026-09-11T20:36:36.076348+00:00,201,14703.13,
2026-09-11T20:36:42.518149+00:00,201,8332.19,
2026-09-11T20:36:49.631750+00:00,201,1222.50,
2026-09-11T20:34:52.062329+00:00,201,118818.24,
2026-09-11T20:36:26.266820+00:00,201,24633.07,
2026-09-11T20:36:10.551933+00:00,201,40371.96,
2026-09-11T20:36:37.656964+00:00,201,13281.95,
2026-09-11T20:36:03.360659+00:00,201,47569.98,
2026-09-11T20:36:46.840804+00:00,201,4110.69,
2026-09-11T20:36:34.460478+00:00,201,16497.47,
2026-09-11T20:36:41.308566+00:00,201,9655.93,
2026-09-11T20:36:43.561331+00:00,201,7419.60,
2026-09-11T20:36:47.539581+00:00,201,3447.07,
2026-09-11T20:36:23.802042+00:00,201,27195.50,
2026-09-11T20:36:30.818149+00:00,201,20182.93,
2026-09-11T20:36:25.673301+00:00,201,25360.81,
2026-09-11T20:36:17.067619+00:00,201,33980.04,
2026-09-11T20:35:38.169579+00:00,201,72892.83,
2026-09-11T20:36:33.374686+00:00,201,17685.55,
2026-09-11T20:36:24.038065+00:00,201,27038.23,
2026-09-11T20:35:55.069319+00:00,201,56010.46,
2026-09-11T20:36:45.811862+00:00,201,5298.33,
2026-09-11T20:36:03.902614+00:00,201,47210.23,
2026-09-11T20:36:23.224365+00:00,201,27948.07,
2026-09-11T20:36:36.029784+00:00,201,15144.28,
2026-09-11T20:36:46.937691+00:00,201,4288.72,
2026-09-11T20:36:48.031411+00:00,201,3223.77,
2026-09-11T20:36:24.361524+00:00,201,26902.71,
2026-09-11T20:36:18.585425+00:00,201,32682.96,
2026-09-11T20:36:38.311650+00:00,201,12961.85,
2026-09-11T20:36:10.037107+00:00,201,41262.96,
2026-09-11T20:36:42.573153+00:00,201,8733.66,
2026-09-11T20:36:46.461484+00:00,201,4848.85,
2026-09-11T20:36:43.641936+00:00,201,7678.86,
2026-09-11T20:36:08.927503+00:00,201,42418.87,
2026-09-11T20:36:44.864742+00:00,201,6496.59,
2026-09-11T20:36:28.255789+00:00,201,23111.88,
2026-09-11T20:36:22.266929+00:00,201,29102.95,
2026-09-11T20:36:08.836540+00:00,201,42548.45,
2026-09-11T20:36:39.199662+00:00,201,12201.05,
2026-09-11T20:36:38.819355+00:00,201,12587.81,
2026-09-11T20:36:46.593722+00:00,201,4816.57,
2026-09-11T20:36:16.827504+00:00,201,34646.65,
2026-09-11T20:36:41.250206+00:00,201,10226.78,
2026-09-11T20:36:48.860720+00:00,201,2613.15,
2026-09-11T20:36:27.707250+00:00,201,23794.23,
2026-09-11T20:36:03.424879+00:00,201,48082.75,
2026-09-11T20:36:39.403870+00:00,201,12109.43,
2026-09-11T20:36:51.202618+00:00,201,311.96,
2026-09-11T20:36:40.233700+00:00,201,11289.31,
2026-09-11T20:36:17.365490+00:00,201,34166.84,
2026-09-11T20:35:53.214788+00:00,201,58335.50,
2026-09-11T20:36:51.233622+00:00,201,338.52,
2026-09-11T20:36:48.614392+00:00,201,2973.11,
2026-09-11T20:36:23.363432+00:00,201,28236.18,
2026-09-11T20:36:10.786436+00:00,201,40817.31,
2026-09-11T20:36:42.725899+00:00,201,8881.77,
2026-09-11T20:36:49.143366+00:00,201,2470.60,
2026-09-11T20:36:46.123115+00:00,201,5502.71,
2026-09-11T20:36:47.283259+00:00,201,4355.50,
2026-09-11T20:36:36.307500+00:00,201,15328.00,
2026-09-11T20:35:39.741937+00:00,201,71907.93,
2026-09-11T20:36:41.735515+00:00,201,9921.18,
2026-09-11T20:36:43.116283+00:00,201,8586.24,
2026-09-11T20:35:29.985443+00:00,201,81736.08,
2026-09-11T20:36:51.405320+00:00,201,321.43,
2026-09-11T20:36:48.871262+00:00,201,2866.77,
2026-09-11T20:36:46.397628+00:00,201,5454.48,
2026-09-11T20:36:34.374915+00:00,201,17490.09,
2026-09-11T20:35:53.877398+00:00,201,57996.54,
2026-09-11T20:36:34.642090+00:00,201,17240.12,
2026-09-11T20:36:08.392291+00:00,201,43511.08,
2026-09-11T20:36:30.287041+00:00,201,21616.48,
2026-09-11T20:36:39.112338+00:00,201,12826.29,
2026-09-11T20:36:09.548379+00:00,201,42396.19,
2026-09-11T20:36:28.891621+00:00,201,23100.75,
2026-09-11T20:36:05.809285+00:00,201,46190.93,
2026-09-11T20:36:32.796898+00:00,201,19209.28,
2026-09-11T20:35:41.964956+00:00,201,70045.99,
2026-09-11T20:36:21.512040+00:00,201,30556.28,
2026-09-11T20:36:49.838818+00:00,201,2259.22,
2026-09-11T20:36:12.749573+00:00,201,39365.60,
2026-09-11T20:36:42.617008+00:00,201,9506.04,
2026-09-11T20:36:34.411335+00:00,201,17734.55,
2026-09-11T20:36:46.969753+00:00,201,5179.89,
2026-09-11T20:36:35.310636+00:00,201,16844.41,
2026-09-11T20:36:45.515793+00:00,201,6678.93,
2026-09-11T20:36:46.509077+00:00,201,5692.95,
2026-09-11T20:36:29.621791+00:00,201,22586.21,
2026-09-11T20:36:37.353230+00:00,201,14857.69,
2026-09-11T20:36:17.840985+00:00,201,34388.21,
2026-09-11T20:36:19.719509+00:00,201,32512.03,
2026-09-11T20:36:29.685027+00:00,201,22583.49,
2026-09-11T20:36:51.857773+00:00,201,423.00,
2026-09-11T20:36:38.656824+00:00,201,13674.41,
2026-09-11T20:36:38.849641+00:00,201,13481.90,
2026-09-11T20:36:10.532942+00:00,201,41813.03,
2026-09-11T20:36:36.208573+00:00,201,16144.25,
2026-09-11T20:36:48.966975+00:00,201,3412.78,
2026-09-11T20:36:40.296831+00:00,201,12089.24,
2026-09-11T20:36:51.944662+00:00,201,450.84,
2026-09-11T20:36:11.856548+00:00,201,40541.36,
2026-09-11T20:35:50.561595+00:00,201,61849.91,
2026-09-11T20:36:09.654392+00:00,201,42781.71,
2026-09-11T20:36:14.053673+00:00,201,38386.94,
2026-09-11T20:36:48.779936+00:00,201,3666.93,
2026-09-11T20:36:34.642090+00:00,201,17813.82,
2026-09-11T20:36:44.121381+00:00,201,8333.72,
2026-09-11T20:36:52.090024+00:00,201,363.35,
2026-09-11T20:36:11.822125+00:00,201,40636.66,
2026-09-11T20:36:33.154449+00:00,201,19385.89,
2026-09-11T20:36:49.276330+00:00,201,3266.20,
2026-09-11T20:36:39.933237+00:00,201,12614.08,
2026-09-11T20:36:32.247795+00:00,201,20375.99,
2026-09-11T20:35:04.925795+00:00,201,107710.48,
2026-09-11T20:36:36.360152+00:00,201,16292.31,
2026-09-11T20:36:36.999715+00:00,201,15657.21,
2026-09-11T20:35:35.304525+00:00,201,77346.23,
2026-09-11T20:36:30.524543+00:00,201,22133.77,
2026-09-11T20:36:49.750442+00:00,201,2937.91,
2026-09-11T20:36:49.662611+00:00,201,3027.50,
2026-09-11T20:36:35.425584+00:00,201,17269.27,
2026-09-11T20:36:00.704715+00:00,201,52006.81,
2026-09-11T20:36:45.495976+00:00,201,7430.08,
2026-09-11T20:35:23.550342+00:00,201,89414.24,
2026-09-11T20:36:50.362657+00:00,201,2620.94,
2026-09-11T20:36:00.211832+00:00,201,52767.65,
2026-09-11T20:36:21.612142+00:00,201,31378.18,
2026-09-11T20:36:04.420434+00:00,201,48571.65,
2026-09-11T20:36:10.969592+00:00,201,42027.43,
2026-09-11T20:36:51.795385+00:00,201,1207.72,
2026-09-11T20:35:57.249807+00:00,201,55747.93,
2026-09-11T20:36:33.814672+00:00,201,19192.91,
2026-09-11T20:36:38.861517+00:00,201,14145.81,
2026-09-11T20:36:32.711811+00:00,201,20297.59,
2026-09-11T20:36:39.589695+00:00,201,13423.59,
2026-09-11T20:36:49.701025+00:00,201,3315.37,
2026-09-11T20:35:26.072862+00:00,201,86949.92,
2026-09-11T20:36:43.727386+00:00,201,9319.99,
2026-09-11T20:36:27.607947+00:00,201,25449.78,
2026-09-11T20:36:39.839546+00:00,201,13225.60,
2026-09-11T20:35:52.253497+00:00,201,60809.58,
2026-09-11T20:36:49.965936+00:00,201,3089.25,
2026-09-11T20:36:26.827613+00:00,201,26241.75,
2026-09-11T20:36:34.585060+00:00,201,18485.06,
2026-09-11T20:36:04.389051+00:00,201,48680.44,
2026-09-11T20:36:33.689371+00:00,201,19375.92,
2026-09-11T20:36:05.409128+00:00,201,47671.30,
2026-09-11T20:36:21.989607+00:00,201,31094.66,
2026-09-11T20:36:16.962467+00:00,201,36118.61,
2026-09-11T20:36:40.233700+00:00,201,12846.26,
2026-09-11T20:36:46.302370+00:00,201,6782.86,
2026-09-11T20:36:00.895086+00:00,201,52196.21,
2026-09-11T20:36:06.078958+00:00,201,47016.21,
2026-09-11T20:36:46.449652+00:00,201,6643.44,
2026-09-11T20:35:51.923424+00:00,201,61179.05,
2026-09-11T20:36:42.447046+00:00,201,10699.04,
2026-09-11T20:35:34.180865+00:00,201,78967.07,
2026-09-11T20:36:16.495700+00:00,201,36641.30,
2026-09-11T20:36:41.233423+00:00,201,11912.59,
2026-09-11T20:35:40.908717+00:00,201,72245.52,
2026-09-11T20:36:41.266935+00:00,201,11892.48,
2026-09-11T20:36:14.381051+00:00,201,38781.04,
2026-09-11T20:36:18.400918+00:00,201,34759.47,
2026-09-11T20:34:56.777386+00:00,201,116389.15,
2026-09-11T20:36:20.599554+00:00,201,32569.01,
2026-09-11T20:36:27.594412+00:00,201,25576.72,
2026-09-11T20:36:39.447224+00:00,201,13769.78,
2026-09-11T20:35:54.795285+00:00,201,58419.40,
2026-09-11T20:36:37.759057+00:00,201,15499.16,
2026-09-11T20:36:43.421368+00:00,201,9849.00,
2026-09-11T20:36:46.185759+00:00,201,7087.31,
2026-09-11T20:36:36.082175+00:00,201,17191.72,
2026-09-11T20:36:12.405589+00:00,201,40868.48,
2026-09-11T20:36:12.267945+00:00,201,41015.65,
2026-09-11T20:36:45.495976+00:00,201,7782.40,
2026-09-11T20:36:51.679702+00:00,201,1614.76,
2026-09-11T20:35:40.390422+00:00,201,72915.97,
2026-09-11T20:36:38.216687+00:00,201,15088.81,
2026-09-11T20:36:31.728283+00:00,201,21592.41,
2026-09-11T20:36:35.513353+00:00,201,17813.35,
2026-09-11T20:36:15.328013+00:00,201,38078.13,
2026-09-11T20:36:33.256394+00:00,201,20153.54,
2026-09-11T20:36:52.921921+00:00,201,588.13,
2026-09-11T20:36:35.206373+00:00,201,18356.63,
2026-09-11T20:36:29.228865+00:00,201,24347.79,
2026-09-11T20:36:10.376814+00:00,201,43240.19,
2026-09-11T20:36:10.079375+00:00,201,43566.39,
2026-09-11T20:36:49.902558+00:00,201,3768.45,
2026-09-11T20:36:27.709112+00:00,201,25980.53,
2026-09-11T20:36:39.447224+00:00,201,14281.84,
2026-09-11T20:36:53.215826+00:00,201,555.59,
2026-09-11T20:36:25.613017+00:00,201,28170.92,
2026-09-11T20:36:48.627513+00:00,201,5179.11,
2026-09-11T20:36:46.068704+00:00,201,7743.84,
2026-09-11T20:35:02.818251+00:00,201,111019.11,
2026-09-11T20:36:33.359103+00:00,201,20498.01,
2026-09-11T20:36:38.828639+00:00,201,15036.46,
2026-09-11T20:36:48.423453+00:00,201,5458.61,
2026-09-11T20:36:20.161455+00:00,201,33735.90,
2026-09-11T20:36:53.319590+00:00,201,578.71,
2026-09-11T20:36:46.334322+00:00,201,7639.26,
2026-09-11T20:36:27.883477+00:00,201,26164.26,
2026-09-11T20:35:59.444588+00:00,201,54613.36,
2026-09-11T20:36:48.974550+00:00,201,5089.98,
2026-09-11T20:36:14.381051+00:00,201,39735.80,
2026-09-11T20:36:17.704843+00:00,201,36471.10,
2026-09-11T20:36:36.399664+00:00,201,17810.18,
2026-09-11T20:36:36.229903+00:00,201,17992.99,
2026-09-11T20:36:19.676300+00:00,201,34565.09,
2026-09-11T20:36:49.236448+00:00,201,5038.58,
2026-09-11T20:36:36.526537+00:00,201,17747.86,
2026-09-11T20:36:39.317839+00:00,201,14980.05,
2026-09-11T20:36:30.558506+00:00,201,23754.68,
2026-09-11T20:36:36.878826+00:00,201,17452.50,
2026-09-11T20:35:49.532186+00:00,201,64814.00,
2026-09-11T20:36:51.946669+00:00,201,2479.07,
2026-09-11T20:36:52.690269+00:00,201,1739.65,
2026-09-11T20:36:38.501940+00:00,201,15964.46,
2026-09-11T20:36:26.997166+00:00,201,27483.59,
2026-09-11T20:36:39.905762+00:00,201,14592.00,
2026-09-11T20:36:04.688985+00:00,201,49829.44,
2026-09-11T20:36:28.960406+00:00,201,25608.88,
2026-09-11T20:35:48.391989+00:00,201,66193.34,
2026-09-11T20:36:34.341088+00:00,201,20294.74,
2026-09-11T20:36:04.231671+00:00,201,50406.00,
2026-09-11T20:36:10.176879+00:00,201,44519.11,
2026-09-11T20:36:14.585316+00:00,201,40128.37,
2026-09-11T20:36:43.124035+00:00,201,11604.58,
2026-09-11T20:36:09.173187+00:00,201,45566.87,
2026-09-11T20:36:45.334667+00:00,201,9431.11,
2026-09-11T20:36:40.423238+00:00,201,14354.32,
2026-09-11T20:36:13.281421+00:00,201,41507.93,
2026-09-11T20:36:53.513970+00:00,201,1325.72,
2026-09-11T20:36:48.179598+00:00,201,6732.97,
2026-09-11T20:36:40.252247+00:00,201,14669.85,
2026-09-11T20:36:38.861517+00:00,201,16086.10,
2026-09-11T20:36:28.651735+00:00,201,26314.18,
2026-09-11T20:36:51.326450+00:00,201,3645.91,
2026-09-11T20:35:53.839739+00:00,201,61216.52,
2026-09-11T20:36:36.746938+00:00,201,18331.92,
2026-09-11T20:36:09.485412+00:00,201,45631.63,
2026-09-11T20:36:35.637827+00:00,201,19489.11,
2026-09-11T20:36:49.050627+00:00,201,6084.66,
2026-09-11T20:35:49.646758+00:00,201,65524.79,
2026-09-11T20:36:52.102939+00:00,201,3061.36,
2026-09-11T20:36:42.499365+00:00,201,12680.62,
2026-09-11T20:36:48.795562+00:00,201,6404.17,
2026-09-11T20:36:32.365744+00:00,201,22840.26,
2026-09-11T20:36:36.725652+00:00,201,18513.62,
2026-09-11T20:35:57.457032+00:00,201,57830.27,
2026-09-11T20:36:39.143825+00:00,201,16257.16,
2026-09-11T20:36:10.607797+00:00,201,44798.04,
2026-09-11T20:35:20.877827+00:00,201,94540.22,
2026-09-11T20:36:25.325102+00:00,201,30103.04,
2026-09-11T20:36:39.789272+00:00,201,15710.87,
2026-09-11T20:36:36.930380+00:00,201,18576.17,
2026-09-11T20:36:23.677258+00:00,201,31849.23,
2026-09-11T20:36:46.050392+00:00,201,9471.57,
2026-09-11T20:36:45.371544+00:00,201,10156.03,
2026-09-11T20:35:17.935158+00:00,201,97653.25,
2026-09-11T20:36:03.638850+00:00,201,52006.28,
2026-09-11T20:36:39.380704+00:00,201,16255.60,
2026-09-11T20:36:33.626278+00:00,201,22021.39,
2026-09-11T20:35:10.256688+00:00,201,105464.41,
2026-09-11T20:36:36.841703+00:00,201,18904.96,
2026-09-11T20:36:39.350403+00:00,201,16433.82,
2026-09-11T20:36:32.355913+00:00,201,23439.63,
2026-09-11T20:36:52.197929+00:00,201,3592.70,
2026-09-11T20:36:50.003675+00:00,201,5810.15,
2026-09-11T20:36:17.111012+00:00,201,38705.00,
2026-09-11T20:36:47.032467+00:00,201,8799.92,
2026-09-11T20:36:12.605394+00:00,201,43284.50,
2026-09-11T20:36:42.924811+00:00,201,12969.69,
2026-09-11T20:36:38.208597+00:00,201,17705.95,
2026-09-11T20:36:47.913635+00:00,201,8034.37,
2026-09-11T20:36:50.551503+00:00,201,5408.46,
2026-09-11T20:36:17.396749+00:00,201,38581.28,
2026-09-11T20:36:51.913152+00:00,201,4106.40,
2026-09-11T20:36:54.912105+00:00,201,1112.22,
2026-09-11T20:35:46.418922+00:00,201,69606.05,
2026-09-11T20:36:21.838241+00:00,201,34205.38,
2026-09-11T20:36:36.600906+00:00,201,19448.56,
2026-09-11T20:36:30.828701+00:00,201,25237.75,
2026-09-11T20:36:37.485191+00:00,201,18594.04,
2026-09-11T20:36:26.578500+00:00,201,29511.88,
2026-09-11T20:36:11.598900+00:00,201,44516.58,
2026-09-11T20:36:55.651835+00:00,201,494.66,
2026-09-11T20:36:51.263074+00:00,201,4885.29,
2026-09-11T20:35:47.060928+00:00,201,69126.11,
2026-09-11T20:35:53.405181+00:00,201,62784.22,
2026-09-11T20:35:37.636163+00:00,201,78559.50,
2026-09-11T20:36:29.287903+00:00,201,26935.73,
2026-09-11T20:36:23.915321+00:00,201,32383.53,
2026-09-11T20:36:42.831331+00:00,201,13485.61,
2026-09-11T20:36:29.256234+00:00,201,27058.21,
2026-09-11T20:36:31.092899+00:00,201,25339.10,
2026-09-11T20:36:22.382344+00:00,201,34094.08,
2026-09-11T20:36:35.486568+00:00,201,21005.04,
2026-09-11T20:35:18.715945+00:00,201,97791.23,
2026-09-11T20:36:50.219599+00:00,201,6300.82,
2026-09-11T20:36:30.556495+00:00,201,25969.58,
2026-09-11T20:36:17.087834+00:00,201,39471.06,
2026-09-11T20:36:30.734482+00:00,201,25850.00,
2026-09-11T20:36:18.276845+00:00,201,38358.73,
2026-09-11T20:36:51.883526+00:00,201,4824.84,
2026-09-11T20:36:32.913156+00:00,201,23804.16,
2026-09-11T20:36:19.174461+00:00,201,37561.77,
2026-09-11T20:36:32.704616+00:00,201,24044.87,
2026-09-11T20:36:54.424759+00:00,201,2336.89,
2026-09-11T20:36:52.447395+00:00,201,4332.02,
2026-09-11T20:36:16.000282+00:00,201,40783.93,
2026-09-11T20:36:10.955836+00:00,201,45831.95,
2026-09-11T20:36:44.779703+00:00,201,12064.58,
2026-09-11T20:36:34.087624+00:00,201,22761.26,
2026-09-11T20:36:25.265952+00:00,201,31598.08,
2026-09-11T20:35:32.262256+00:00,201,84626.99,
2026-09-11T20:36:48.394098+00:00,201,8522.22,
2026-09-11T20:36:55.429915+00:00,201,1504.65,
2026-09-11T20:36:35.775950+00:00,201,21191.88,
2026-09-11T20:36:32.187951+00:00,201,24774.65,
2026-09-11T20:36:16.906048+00:00,201,40110.15,
2026-09-11T20:36:45.784619+00:00,201,11232.27,
2026-09-11T20:36:01.946553+00:00,201,55105.94,
2026-09-11T20:35:48.875754+00:00,201,68220.75,
2026-09-11T20:36:33.039084+00:00,201,24073.70,
2026-09-11T20:36:36.255802+00:00,201,20853.40,
2026-09-11T20:36:25.766729+00:00,201,31372.55,
2026-09-11T20:35:56.546823+00:00,201,60603.05,
2026-09-11T20:36:14.827300+00:00,201,42374.71,
2026-09-11T20:36:34.214566+00:00,201,23040.15,
2026-09-11T20:35:58.843875+00:00,201,58429.14,
2026-09-11T20:35:42.884590+00:00,201,74420.14,
2026-09-11T20:36:21.770835+00:00,201,35600.93,
2026-09-11T20:36:15.360071+00:00,201,42031.51,
2026-09-11T20:36:46.785060+00:00,201,10658.75,
2026-09-11T20:36:28.068823+00:00,201,29417.38,
2026-09-11T20:36:25.196425+00:00,201,32313.45,
2026-09-11T20:36:34.727025+00:00,201,22794.72,
2026-09-11T20:36:47.950827+00:00,201,9611.64,
2026-09-11T20:36:33.283062+00:00,201,24300.99,
2026-09-11T20:36:04.216844+00:00,201,53400.28,
2026-09-11T20:36:20.096071+00:00,201,37562.25,
2026-09-11T20:36:38.977631+00:00,201,18704.60,
2026-09-11T20:36:11.396820+00:00,201,46305.48,
2026-09-11T20:36:31.140930+00:00,201,26577.82,
2026-09-11T20:36:47.087859+00:00,201,10646.91,
2026-09-11T20:36:20.602288+00:00,201,37147.45,
2026-09-11T20:36:31.188333+00:00,201,26563.72,
2026-09-11T20:36:46.842557+00:00,201,10944.36,
2026-09-11T20:36:33.704894+00:00,201,24101.07,
2026-09-11T20:36:34.450450+00:00,201,23390.05,
2026-09-11T20:36:06.027560+00:00,201,51829.68,
2026-09-11T20:36:20.920654+00:00,201,37005.04,
2026-09-11T20:36:28.674175+00:00,201,29279.55,
2026-09-11T20:36:48.334835+00:00,201,9640.21,
2026-09-11T20:36:11.898756+00:00,201,46070.40,
2026-09-11T20:36:46.011462+00:00,201,12001.98,
2026-09-11T20:36:52.421107+00:00,201,5620.27,
2026-09-11T20:36:31.757162+00:00,201,26313.68,
2026-09-11T20:35:49.270083+00:00,201,68809.16,
2026-09-11T20:36:26.716659+00:00,201,31371.38,
2026-09-11T20:36:43.801934+00:00,201,14297.22,
2026-09-11T20:36:35.939337+00:00,201,22177.90,
2026-09-11T20:36:00.252685+00:00,201,57880.87,
2026-09-11T20:36:54.923572+00:00,201,3215.81,
2026-09-11T20:36:45.212917+00:00,201,12948.46,
2026-09-11T20:36:42.686133+00:00,201,15516.94,
2026-09-11T20:36:05.789125+00:00,201,52415.61,
2026-09-11T20:36:41.308566+00:00,201,16929.81,
2026-09-11T20:35:57.106984+00:00,201,61135.97,
2026-09-11T20:36:18.803066+00:00,201,39446.24,
2026-09-11T20:36:32.108740+00:00,201,26159.45,
2026-09-11T20:36:16.917153+00:00,201,41365.92,
2026-09-11T20:36:43.641936+00:00,201,14645.34,
2026-09-11T20:36:20.307549+00:00,201,37988.82,
2026-09-11T20:36:44.132270+00:00,201,14168.67,
2026-09-11T20:36:57.931635+00:00,201,383.76,
2026-09-11T20:35:38.281383+00:00,201,80076.46,
2026-09-11T20:36:23.750886+00:00,201,34617.67,
2026-09-11T20:36:47.563201+00:00,201,10829.10,
2026-09-11T20:36:44.338864+00:00,201,14074.93,
2026-09-11T20:36:47.242994+00:00,201,11185.73,
2026-09-11T20:36:51.999838+00:00,201,6467.01,
2026-09-11T20:36:54.432508+00:00,201,4061.04,
2026-09-11T20:35:51.999632+00:00,201,66498.67,
2026-09-11T20:36:37.958172+00:00,201,20552.79,
2026-09-11T20:36:21.116402+00:00,201,37410.09,
2026-09-11T20:36:09.832637+00:00,201,48700.85,
2026-09-11T20:36:42.986113+00:00,201,15563.89,
2026-09-11T20:36:37.642002+00:00,201,20924.61,
2026-09-11T20:36:44.345387+00:00,201,14240.35,
2026-09-11T20:36:02.737962+00:00,201,55859.73,
2026-09-11T20:36:32.928798+00:00,201,25683.74,
2026-09-11T20:36:20.002071+00:00,201,38630.01,
2026-09-11T20:36:30.965967+00:00,201,27693.61,
2026-09-11T20:35:28.616085+00:00,201,90053.97,
2026-09-11T20:36:43.182185+00:00,201,15500.55,
2026-09-11T20:36:37.763845+00:00,201,20958.56,
2026-09-11T20:36:51.310614+00:00,201,7419.63,
2026-09-11T20:36:53.163115+00:00,201,5589.75,
2026-09-11T20:36:47.042504+00:00,201,11728.91,
2026-09-11T20:36:52.963948+00:00,201,5811.84,
2026-09-11T20:36:13.285621+00:00,201,45507.31,
2026-09-11T20:36:46.234935+00:00,201,12562.91,
2026-09-11T20:36:41.481806+00:00,201,17317.89,
2026-09-11T20:36:55.199690+00:00,201,3638.74,
2026-09-11T20:36:35.112773+00:00,201,23733.88,
2026-09-11T20:36:51.500293+00:00,201,7347.10,
2026-09-11T20:36:45.827272+00:00,201,13041.80,
2026-09-11T20:36:49.524459+00:00,201,9369.67,
2026-09-11T20:36:35.481782+00:00,201,23419.03,
2026-09-11T20:36:50.777796+00:00,201,8155.24,
2026-09-11T20:36:38.117878+00:00,201,20840.27,
2026-09-11T20:36:43.283157+00:00,201,15692.50,
2026-09-11T20:36:42.650124+00:00,201,16352.28,
2026-09-11T20:36:26.811636+00:00,201,32228.05,
2026-09-11T20:36:52.229949+00:00,201,6826.92,
2026-09-11T20:36:39.072524+00:00,201,20033.47,
2026-09-11T20:36:43.990847+00:00,201,15112.91,
2026-09-11T20:36:46.743742+00:00,201,12371.03,
2026-09-11T20:36:44.677804+00:00,201,14444.36,
2026-09-11T20:36:38.325706+00:00,201,20810.34,
2026-09-11T20:35:47.868466+00:00,201,71274.91,
2026-09-11T20:36:58.841194+00:00,201,307.98,
2026-09-11T20:35:37.841804+00:00,201,81314.58,
2026-09-11T20:35:44.741292+00:00,201,74466.91,
2026-09-11T20:36:50.565920+00:00,201,8645.29,
2026-09-11T20:36:38.929065+00:00,201,20288.11,
2026-09-11T20:36:40.588825+00:00,201,18646.40,
2026-09-11T20:36:15.108782+00:00,201,44152.09,
2026-09-11T20:36:58.935056+00:00,201,342.35,
2026-09-11T20:36:19.578701+00:00,201,39710.26,
2026-09-11T20:36:30.303165+00:00,201,28984.20,
2026-09-11T20:36:47.808507+00:00,201,11528.08,
2026-09-11T20:36:29.909817+00:00,201,29429.61,
2026-09-11T20:36:20.694229+00:00,201,38651.83,
2026-09-11T20:36:38.285959+00:00,201,21062.57,
2026-09-11T20:36:35.088538+00:00,201,24271.97,
2026-09-11T20:36:43.694919+00:00,201,15677.49,
2026-09-11T20:36:52.622973+00:00,201,6770.95,
2026-09-11T20:36:08.555393+00:00,201,50856.28,
2026-09-11T20:35:29.985443+00:00,201,89422.87,
2026-09-11T20:36:22.458387+00:00,201,36961.77,
2026-09-11T20:36:38.173453+00:00,201,21252.05,
2026-09-11T20:35:46.259276+00:00,201,73167.93,
2026-09-11T20:36:33.896521+00:00,201,25535.44,
2026-09-11T20:36:51.517511+00:00,201,7922.71,
2026-09-11T20:36:34.792169+00:00,201,24654.79,
2026-09-11T20:36:58.251137+00:00,201,1208.62,
2026-09-11T20:36:56.066963+00:00,201,3458.08,
2026-09-11T20:36:19.174461+00:00,201,40390.32,
2026-09-11T20:36:21.603660+00:00,201,37982.95,
2026-09-11T20:35:45.196751+00:00,201,74400.23,
2026-09-11T20:36:59.253627+00:00,201,345.59,
2026-09-11T20:36:42.727906+00:00,201,16893.33,
2026-09-11T20:36:17.477616+00:00,201,42192.22,
2026-09-11T20:36:38.817611+00:00,201,20872.64,
2026-09-11T20:36:50.617808+00:00,201,9085.09,
2026-09-11T20:36:02.963951+00:00,201,56751.11,
2026-09-11T20:36:47.003375+00:00,201,12725.23,
2026-09-11T20:36:55.505463+00:00,201,4239.58,
2026-09-11T20:36:47.319175+00:00,201,12425.43,
2026-09-11T20:36:51.864929+00:00,201,7875.57,
2026-09-11T20:36:51.407834+00:00,201,8353.51,
2026-09-11T20:36:23.339032+00:00,201,36460.06,
2026-09-11T20:36:37.670614+00:00,201,22160.98,
2026-09-11T20:36:38.644375+00:00,201,21220.68,
2026-09-11T20:36:39.270076+00:00,201,20614.88,
2026-09-11T20:36:25.418916+00:00,201,34470.85,
2026-09-11T20:36:00.261728+00:00,201,59645.49,
2026-09-11T20:36:32.974222+00:00,201,26952.65,
2026-09-11T20:36:55.528767+00:00,201,4404.03,
2026-09-11T20:36:58.869579+00:00,201,1067.05,
2026-09-11T20:36:46.908344+00:00,201,13026.69,
2026-09-11T20:36:58.664577+00:00,201,1285.02,
2026-09-11T20:36:59.272308+00:00,201,684.11,
2026-09-11T20:36:44.367619+00:00,201,15598.83,
2026-09-11T20:36:16.292086+00:00,201,43685.92,
2026-09-11T20:36:45.159807+00:00,201,14841.64,
2026-09-11T20:36:43.182185+00:00,201,16850.14,
2026-09-11T20:36:30.728683+00:00,201,29317.68,
2026-09-11T20:36:59.703074+00:00,201,360.05,
2026-09-11T20:35:45.075914+00:00,201,74988.79,
2026-09-11T20:36:37.648424+00:00,201,22455.28,
2026-09-11T20:36:57.569547+00:00,201,2568.60,
2026-09-11T20:36:19.119799+00:00,201,41018.23,
2026-09-11T20:36:53.002966+00:00,201,7138.08,
2026-09-11T20:36:43.895927+00:00,201,16250.35,
2026-09-11T20:36:48.509586+00:00,201,11653.59,
2026-09-11T20:35:48.536958+00:00,201,71624.80,
2026-09-11T20:36:26.016129+00:00,201,34153.30,
2026-09-11T20:36:44.913040+00:00,201,15266.07,
2026-09-11T20:36:02.900705+00:00,201,57297.61,
2026-09-11T20:36:21.028194+00:00,201,39186.15,
2026-09-11T20:36:41.062541+00:00,201,19178.05,
2026-09-11T20:36:09.849739+00:00,201,50398.19,
2026-09-11T20:36:56.632722+00:00,201,3622.29,
2026-09-11T20:36:38.521737+00:00,201,21739.43,
2026-09-11T20:36:46.494478+00:00,201,13767.02,
2026-09-11T20:36:43.990847+00:00,201,16274.39,
2026-09-11T20:36:48.637660+00:00,201,11656.79,
2026-09-11T20:36:48.606628+00:00,201,11696.96,
2026-09-11T20:36:58.776318+00:00,201,1593.94,
2026-09-11T20:36:53.263971+00:00,201,7114.92,
2026-09-11T20:36:51.551718+00:00,201,8831.54,
2026-09-11T20:36:35.034320+00:00,201,25357.14,
2026-09-11T20:36:31.299085+00:00,201,29110.17,
2026-09-11T20:36:54.638259+00:00,201,5772.09,
2026-09-11T20:37:00.145279+00:00,201,299.34,
2026-09-11T20:34:49.291116+00:00,201,131160.11,
2026-09-11T20:36:40.833289+00:00,201,19643.11,
2026-09-11T20:36:45.363275+00:00,201,15119.92,
2026-09-11T20:36:04.972445+00:00,201,55553.49,
2026-09-11T20:36:07.253050+00:00,201,53271.71,
2026-09-11T20:36:51.115203+00:00,201,9431.77,
2026-09-11T20:36:43.965060+00:00,201,16599.91,
2026-09-11T20:36:57.787195+00:00,201,2791.04,
2026-09-11T20:36:01.122742+00:00,201,59455.82,
2026-09-11T20:36:54.224195+00:00,201,6364.35,
2026-09-11T20:36:26.731644+00:00,201,33897.08,
2026-09-11T20:36:58.226403+00:00,201,2428.57,
2026-09-11T20:36:42.456113+00:00,201,18193.76,
2026-09-11T20:36:36.985102+00:00,201,23705.46,
2026-09-11T20:36:46.438840+00:00,201,14264.73,
2026-09-11T20:36:45.013219+00:00,201,15701.83,
2026-09-11T20:36:36.003935+00:00,201,24730.41,
2026-09-11T20:36:47.585565+00:00,201,13160.02,
2026-09-11T20:36:47.621438+00:00,201,13158.06,
2026-09-11T20:36:35.860120+00:00,201,24933.20,
2026-09-11T20:36:38.156553+00:00,201,22639.80,
2026-09-11T20:36:47.666122+00:00,201,13162.40,
2026-09-11T20:36:26.895633+00:00,201,33948.04,
2026-09-11T20:36:46.699518+00:00,201,14152.85,
2026-09-11T20:36:45.388407+00:00,201,15470.86,
2026-09-11T20:36:22.792860+00:00,201,38110.55,
2026-09-11T20:36:29.891824+00:00,201,31046.57,
2026-09-11T20:36:38.457154+00:00,201,22497.17,
2026-09-11T20:36:18.585425+00:00,201,42368.25,
2026-09-11T20:36:31.757162+00:00,201,29205.57,
2026-09-11T20:36:59.651762+00:00,201,1325.17,
2026-09-11T20:36:44.105677+00:00,201,16866.69,
2026-09-11T20:36:56.782527+00:00,201,4198.73,
2026-09-11T20:36:00.914687+00:00,201,60073.47,
2026-09-11T20:36:44.132270+00:00,201,16865.81,
2026-09-11T20:37:00.647928+00:00,201,342.28,
2026-09-11T20:36:39.380704+00:00,201,21613.90,
2026-09-11T20:36:59.932608+00:00,201,1085.58,
2026-09-11T20:36:21.053542+00:00,201,39971.58,
2026-09-11T20:36:58.242708+00:00,201,2787.20,
2026-09-11T20:36:53.014305+00:00,201,8021.64,
2026-09-11T20:36:58.895320+00:00,201,2195.36,
2026-09-11T20:36:48.000459+00:00,201,13101.48,
2026-09-11T20:36:59.110338+00:00,201,1983.96,
2026-09-11T20:36:53.311282+00:00,201,7798.41,
2026-09-11T20:36:45.623645+00:00,201,15495.95,
2026-09-11T20:35:40.307568+00:00,201,80839.50,
2026-09-11T20:36:42.717868+00:00,201,18456.37,
2026-09-11T20:36:10.998559+00:00,201,50178.47,
2026-09-11T20:36:07.593118+00:00,201,53591.91,
2026-09-11T20:36:52.151569+00:00,201,9041.61,
2026-09-11T20:36:40.159536+00:00,201,21038.95,
2026-09-11T20:36:45.271634+00:00,201,15955.33,
2026-09-11T20:36:07.758356+00:00,201,53484.15,
2026-09-11T20:36:02.875216+00:00,201,58389.95,
2026-09-11T20:37:00.125236+00:00,201,1130.35,
2026-09-11T20:36:49.776157+00:00,201,11520.19,
2026-09-11T20:36:58.529316+00:00,201,2791.36,
2026-09-11T20:35:54.609973+00:00,201,66710.88,
2026-09-11T20:36:26.636900+00:00,201,34684.49,
2026-09-11T20:36:43.863682+00:00,201,17501.82,
2026-09-11T20:36:48.855305+00:00,201,12510.55,
2026-09-11T20:36:23.245950+00:00,201,38140.49,
2026-09-11T20:37:01.088118+00:00,201,299.04,
2026-09-11T20:36:14.695909+00:00,201,46699.66,
2026-09-11T20:36:41.339929+00:00,201,20066.65,
2026-09-11T20:35:38.434029+00:00,201,82982.51,
2026-09-11T20:36:18.708953+00:00,201,42713.72,
2026-09-11T20:36:19.501923+00:00,201,41933.81,
2026-09-11T20:36:37.944186+00:00,201,23504.93,
2026-09-11T20:36:17.513298+00:00,201,43945.03,
2026-09-11T20:36:58.974416+00:00,201,2486.23,
2026-09-11T20:36:37.648424+00:00,201,23835.53,
2026-09-11T20:36:20.265698+00:00,201,41220.38,
2026-09-11T20:36:54.840261+00:00,201,6660.57,
2026-09-11T20:36:46.549119+00:00,201,14957.69,
2026-09-11T20:36:41.206010+00:00,201,20311.40,
2026-09-11T20:36:42.397124+00:00,201,19153.92,
2026-09-11T20:36:04.073817+00:00,201,57487.78,
2026-09-11T20:36:45.279843+00:00,201,16300.89,
2026-09-11T20:36:35.909544+00:00,201,25683.54,
2026-09-11T20:36:49.755205+00:00,201,11873.44,
2026-09-11T20:36:45.650496+00:00,201,15993.69,
2026-09-11T20:36:30.002706+00:00,201,31638.00,
2026-09-11T20:36:58.296806+00:00,201,3344.69,
2026-09-11T20:36:07.366938+00:00,201,54277.02,
2026-09-11T20:36:40.274986+00:00,201,21399.24,
2026-09-11T20:36:27.195721+00:00,201,34497.50,
2026-09-11T20:36:59.126337+00:00,201,2572.18,
2026-09-11T20:36:18.269470+00:00,201,43443.57,
2026-09-11T20:36:52.658495+00:00,201,9065.88,
2026-09-11T20:37:01.405309+00:00,201,323.23,
2026-09-11T20:36:31.417383+00:00,201,30332.14,
2026-09-11T20:36:14.171214+00:00,201,47585.39,
2026-09-11T20:36:58.690131+00:00,201,3076.94,
2026-09-11T20:36:59.949314+00:00,201,1822.54,
2026-09-11T20:36:51.654806+00:00,201,10128.21,
2026-09-11T20:36:27.401384+00:00,201,34384.28,
2026-09-11T20:36:04.956717+00:00,201,56822.32,
2026-09-11T20:36:16.195625+00:00,201,45600.41,
2026-09-11T20:36:34.103624+00:00,201,27694.32,
2026-09-11T20:36:38.426505+00:00,201,23417.47,
2026-09-11T20:36:54.512956+00:00,201,7338.11,
2026-09-11T20:36:51.064636+00:00,201,10794.16,
2026-09-11T20:35:57.174202+00:00,201,64694.11,
2026-09-11T20:36:25.618747+00:00,201,36298.73,
2026-09-11T20:37:01.583686+00:00,201,348.87,
2026-09-11T20:35:55.258368+00:00,201,66674.67,
2026-09-11T20:36:44.488049+00:00,201,17471.01,
2026-09-11T20:36:42.499365+00:00,201,19491.35,
2026-09-11T20:36:22.686798+00:00,201,39319.51,
2026-09-11T20:37:00.252947+00:00,201,1750.47,
2026-09-11T20:37:01.025277+00:00,201,995.17,
2026-09-11T20:36:31.973016+00:00,201,30061.83,
2026-09-11T20:35:29.185628+00:00,201,92851.21,
2026-09-11T20:36:36.134793+00:00,201,25964.35,
2026-09-11T20:37:00.061237+00:00,201,2040.81,
2026-09-11T20:36:34.405319+00:00,201,27707.37,
2026-09-11T20:36:20.820345+00:00,201,41292.00,
2026-09-11T20:35:26.402752+00:00,201,95721.59,
2026-09-11T20:36:16.706041+00:00,201,45429.58,
2026-09-11T20:35:32.968769+00:00,201,89181.47,
2026-09-11T20:36:39.380704+00:00,201,22762.09,
2026-09-11T20:36:45.843360+00:00,201,16345.27,
2026-09-11T20:35:46.167687+00:00,201,76041.09,
2026-09-11T20:36:46.715261+00:00,201,15501.25,
2026-09-11T20:36:28.297203+00:00,201,33951.52,
2026-09-11T20:36:13.552741+00:00,201,48702.71,
2026-09-11T20:35:37.162129+00:00,201,85108.70,
2026-09-11T20:36:02.529314+00:00,201,59799.82,
2026-09-11T20:36:37.718183+00:00,201,24659.22,
2026-09-11T20:35:55.348753+00:00,201,67056.15,
2026-09-11T20:36:48.224538+00:00,201,14193.62,
2026-09-11T20:37:02.093440+00:00,201,322.81,
2026-09-11T20:36:14.426944+00:00,201,48033.08,
2026-09-11T20:36:59.034315+00:00,201,3422.64,
2026-09-11T20:36:01.257672+00:00,201,61230.86,
2026-09-11T20:36:58.511403+00:00,201,3980.18,
2026-09-11T20:36:15.847376+00:00,201,46650.59,
2026-09-11T20:36:52.460357+00:00,201,10067.80,
2026-09-11T20:36:20.426564+00:00,201,42103.21,
2026-09-11T20:36:03.191268+00:00,201,59349.16,
2026-09-11T20:36:50.537161+00:00,201,12014.52,
2026-09-11T20:36:53.279828+00:00,201,9282.84,
2026-09-11T20:36:37.830283+00:00,201,24744.00,
2026-09-11T20:36:45.610963+00:00,201,16965.46,
2026-09-11T20:36:50.172373+00:00,201,12421.64,
2026-09-11T20:36:09.154198+00:00,201,53442.16,
2026-09-11T20:36:45.688265+00:00,201,16936.05,
2026-09-11T20:36:54.211688+00:00,201,8420.18,
2026-09-11T20:35:46.211343+00:00,201,76453.90,
2026-09-11T20:36:38.966430+00:00,201,23708.52,
2026-09-11T20:36:29.527907+00:00,201,33147.79,
2026-09-11T20:36:49.254275+00:00,201,13447.12,
2026-09-11T20:36:59.435132+00:00,201,3275.70,
2026-09-11T20:36:12.925305+00:00,201,49788.61,
2026-09-11T20:37:02.421611+00:00,201,303.52,
2026-09-11T20:36:12.576432+00:00,201,50177.05,
2026-09-11T20:36:24.065192+00:00,201,38703.16,
2026-09-11T20:37:02.461063+00:00,201,315.46,
2026-09-11T20:36:42.891852+00:00,201,19887.20,
2026-09-11T20:37:00.854128+00:00,201,1935.99,
2026-09-11T20:36:57.094980+00:00,201,5698.94,
2026-09-11T20:36:39.175628+00:00,201,23648.44,
2026-09-11T20:36:40.539313+00:00,201,22297.48,
2026-09-11T20:37:00.795045+00:00,201,2050.83,
2026-09-11T20:36:07.910530+00:00,201,54937.02,
2026-09-11T20:37:02.515818+00:00,201,323.55,
2026-09-11T20:36:48.506049+00:00,201,14345.93,
2026-09-11T20:36:51.073742+00:00,201,11803.90,
2026-09-11T20:36:18.601102+00:00,201,44295.22,
2026-09-11T20:36:28.619057+00:00,201,34303.63,
2026-09-11T20:36:29.270343+00:00,201,33657.57,
2026-09-11T20:36:00.752512+00:00,201,62197.77,
2026-09-11T20:36:50.093016+00:00,201,12854.21,
2026-09-11T20:36:32.240480+00:00,201,30713.98,
2026-09-11T20:37:01.172656+00:00,201,1783.90,
2026-09-11T20:36:24.401987+00:00,201,38588.59,
2026-09-11T20:36:11.561706+00:00,201,51441.77,
2026-09-11T20:36:57.842134+00:00,201,5178.56,
2026-09-11T20:35:26.494521+00:00,201,96546.61,
2026-09-11T20:36:43.641936+00:00,201,19452.59,
2026-09-11T20:36:46.068704+00:00,201,17032.47,
2026-09-11T20:37:02.470525+00:00,201,666.64,
2026-09-11T20:36:31.790114+00:00,201,31367.45,
2026-09-11T20:36:18.992797+00:00,201,44200.66,
2026-09-11T20:37:00.288059+00:00,201,2928.89,
2026-09-11T20:36:58.833936+00:00,201,4390.83,
2026-09-11T20:37:01.359643+00:00,201,1870.95,
2026-09-11T20:35:41.288134+00:00,201,81964.87,
2026-09-11T20:37:02.884666+00:00,201,373.40,
2026-09-11T20:36:54.792298+00:00,201,8504.28,
2026-09-11T20:36:11.803457+00:00,201,51493.21,
2026-09-11T20:36:53.136498+00:00,201,10163.69,
2026-09-11T20:36:24.851547+00:00,201,38475.82,
2026-09-11T20:36:51.047928+00:00,201,12311.81,
2026-09-11T20:36:49.890282+00:00,201,13522.38,
2026-09-11T20:35:28.108710+00:00,201,95334.92,
2026-09-11T20:36:47.746146+00:00,201,15714.27,
2026-09-11T20:37:00.099194+00:00,201,3377.07,
2026-09-11T20:36:58.412586+00:00,201,5084.92,
2026-09-11T20:35:59.390298+00:00,201,64115.28,
2026-09-11T20:36:40.757669+00:00,201,22782.85,
2026-09-11T20:36:05.744326+00:00,201,57809.35,
2026-09-11T20:36:05.904671+00:00,201,57656.52,
2026-09-11T20:36:28.619057+00:00,201,34943.33,
2026-09-11T20:36:46.011462+00:00,201,17572.44,
2026-09-11T20:36:32.629472+00:00,201,30945.27,
2026-09-11T20:36:26.481561+00:00,201,37102.90,
2026-09-11T20:34:48.028323+00:00,201,135575.52,
2026-09-11T20:37:03.229521+00:00,201,387.00,
2026-09-11T20:36:41.481806+00:00,201,22135.35,
2026-09-11T20:36:04.296559+00:00,201,59344.73,
2026-09-11T20:36:17.748688+00:00,201,45909.38,
2026-09-11T20:37:01.773630+00:00,201,1877.28,
2026-09-11T20:36:50.129997+00:00,201,13545.01,
2026-09-11T20:36:19.404003+00:00,201,44287.63,
2026-09-11T20:36:58.753265+00:00,201,4946.95,
2026-09-11T20:36:18.364456+00:00,201,45344.94,
2026-09-11T20:36:09.918149+00:00,201,53809.01,
2026-09-11T20:36:27.339215+00:00,201,36419.33,
2026-09-11T20:36:49.731220+00:00,201,14069.75,
2026-09-11T20:37:01.838083+00:00,201,1959.20,
2026-09-11T20:36:49.522450+00:00,201,14323.07,
2026-09-11T20:36:50.265210+00:00,201,13596.79,
2026-09-11T20:36:23.503790+00:00,201,40400.38,
2026-09-11T20:36:24.851547+00:00,201,39089.15,
2026-09-11T20:36:58.416470+00:00,201,5524.39,
2026-09-11T20:36:07.366938+00:00,201,56587.75,
2026-09-11T20:37:00.145279+00:00,201,3831.71,
2026-09-11T20:36:10.305827+00:00,201,53679.17,
2026-09-11T20:35:23.741995+00:00,201,100245.46,
2026-09-11T20:36:45.490977+00:00,201,18507.26,
2026-09-11T20:36:46.831062+00:00,201,17179.84,
2026-09-11T20:36:35.923223+00:00,201,28102.02,
2026-09-11T20:36:25.983024+00:00,201,38059.55,
2026-09-11T20:36:35.764930+00:00,201,28281.15,
2026-09-11T20:36:42.292659+00:00,201,21766.32,
2026-09-11T20:36:20.828529+00:00,201,43240.33,
2026-09-11T20:36:30.902068+00:00,201,33172.08,
2026-09-11T20:35:48.827572+00:00,201,75270.97,
2026-09-11T20:36:30.272929+00:00,201,33863.52,
2026-09-11T20:36:05.054139+00:00,201,59095.33,
2026-09-11T20:36:37.937406+00:00,201,26230.87,
2026-09-11T20:36:15.160124+00:00,201,49041.93,
2026-09-11T20:36:20.836831+00:00,201,43365.93,
2026-09-11T20:36:01.815372+00:00,201,62408.36,
2026-09-11T20:36:39.380704+00:00,201,24881.67,
2026-09-11T20:36:12.508147+00:00,201,51784.25,
2026-09-11T20:36:50.851706+00:00,201,13444.32,
2026-09-11T20:36:40.833289+00:00,201,23484.52,
2026-09-11T20:37:03.977172+00:00,201,351.85,
2026-09-11T20:36:47.539581+00:00,201,16793.59,
2026-09-11T20:36:50.963793+00:00,201,13401.78,
2026-09-11T20:36:41.419955+00:00,201,22940.35,
2026-09-11T20:36:06.941287+00:00,201,57434.41,
2026-09-11T20:36:21.404020+00:00,201,43003.35,
2026-09-11T20:36:58.612561+00:00,201,5812.19,
2026-09-11T20:36:05.056148+00:00,201,59378.89,
2026-09-11T20:36:51.168440+00:00,201,13272.03,
2026-09-11T20:37:03.256537+00:00,201,1206.45,
2026-09-11T20:36:59.142475+00:00,201,5319.05,
2026-09-11T20:36:59.431935+00:00,201,5052.94,
2026-09-11T20:36:44.764369+00:00,201,19720.84,
2026-09-11T20:36:21.446563+00:00,201,43051.69,
2026-09-11T20:36:13.003644+00:00,201,51516.88,
2026-09-11T20:36:00.164324+00:00,201,64353.04,
2026-09-11T20:36:12.421614+00:00,201,52099.44,
2026-09-11T20:36:28.878546+00:00,201,35671.88,
2026-09-11T20:36:45.208345+00:00,201,19356.21,
2026-09-11T20:36:59.831505+00:00,201,4740.16,
2026-09-11T20:34:57.461819+00:00,201,127114.78,
2026-09-11T20:36:59.866990+00:00,201,4734.96,
2026-09-11T20:36:35.562846+00:00,201,29069.27,
2026-09-11T20:36:59.714961+00:00,201,4931.76,
2026-09-11T20:36:13.400362+00:00,201,51243.09,
2026-09-11T20:35:28.854509+00:00,201,95812.70,
2026-09-11T20:36:09.471519+00:00,201,55221.16,
2026-09-11T20:36:45.027829+00:00,201,19681.00,
2026-09-11T20:36:40.119295+00:00,201,24623.34,
2026-09-11T20:36:33.089596+00:00,201,31657.64,
2026-09-11T20:36:49.225171+00:00,201,15542.43,
2026-09-11T20:37:02.024642+00:00,201,2745.27,
2026-09-11T20:36:21.861710+00:00,201,42927.96,
2026-09-11T20:36:44.879723+00:00,201,19913.35,
2026-09-11T20:36:46.874214+00:00,201,17919.63,
2026-09-11T20:36:53.263971+00:00,201,11523.93,
2026-09-11T20:37:01.186528+00:00,201,3657.54,
2026-09-11T20:36:00.989378+00:00,201,63865.43,
2026-09-11T20:37:00.860663+00:00,201,3997.64,
2026-09-11T20:36:32.295578+00:00,201,32584.54,
2026-09-11T20:37:00.240040+00:00,201,4661.31,
2026-09-11T20:36:59.206152+00:00,201,5701.21,
2026-09-11T20:37:02.291380+00:00,201,2643.71,
2026-09-11T20:36:31.845435+00:00,201,33093.25,
2026-09-11T20:36:56.830216+00:00,201,8103.36,
2026-09-11T20:36:36.886854+00:00,201,28071.39,
2026-09-11T20:36:34.413342+00:00,201,30574.40,
2026-09-11T20:35:57.313553+00:00,201,67699.19,
2026-09-11T20:37:00.161168+00:00,201,4858.16,
2026-09-11T20:37:02.248753+00:00,201,2778.05,
2026-09-11T20:36:28.319161+00:00,201,36725.76,
2026-09-11T20:37:01.220320+00:00,201,3833.87,
2026-09-11T20:37:01.389629+00:00,201,3664.00,
2026-09-11T20:36:38.702455+00:00,201,26367.70,
2026-09-11T20:36:56.862603+00:00,201,8236.86,
2026-09-11T20:36:24.493799+00:00,201,40619.37,
2026-09-11T20:36:48.794028+00:00,201,16342.79,
2026-09-11T20:36:33.071453+00:00,201,32072.84,
2026-09-11T20:36:53.403224+00:00,201,11761.58,
2026-09-11T20:36:38.941107+00:00,201,26260.51,
2026-09-11T20:37:04.906114+00:00,201,305.60,
2026-09-11T20:36:27.709112+00:00,201,37504.26,
2026-09-11T20:36:44.607529+00:00,201,20656.23,
2026-09-11T20:36:53.002966+00:00,201,12280.18,
2026-09-11T20:36:58.773713+00:00,201,6512.82,
2026-09-11T20:35:08.366238+00:00,201,116925.05,
2026-09-11T20:36:05.576694+00:00,201,59715.29,
2026-09-11T20:36:49.177108+00:00,201,16138.49,
2026-09-11T20:36:10.318931+00:00,201,55010.24,
2026-09-11T20:36:54.971327+00:00,201,10362.50,
2026-09-11T20:36:51.062625+00:00,201,14277.56,
2026-09-11T20:37:04.987018+00:00,201,354.01,
2026-09-11T20:37:01.501104+00:00,201,3845.71,
2026-09-11T20:36:44.472326+00:00,201,20888.93,
2026-09-11T20:36:24.665686+00:00,201,40692.86,
2026-09-11T20:36:43.389781+00:00,201,21968.53,
2026-09-11T20:37:05.012090+00:00,201,358.05,
2026-09-11T20:36:17.563178+00:00,201,47818.44,
2026-09-11T20:36:48.519226+00:00,201,16899.72,
2026-09-11T20:36:25.640267+00:00,201,39792.24,
2026-09-11T20:35:50.514902+00:00,201,74976.71,
2026-09-11T20:37:00.690951+00:00,201,4853.14,
2026-09-11T20:37:00.847023+00:00,201,4711.72,
2026-09-11T20:36:01.359929+00:00,201,64207.80,
2026-09-11T20:36:54.274739+00:00,201,11311.57,
2026-09-11T20:37:02.218024+00:00,201,3379.22,
2026-09-11T20:36:27.536502+00:00,201,38065.39,
2026-09-11T20:36:06.095032+00:00,201,59522.65,
2026-09-11T20:36:55.746297+00:00,201,9877.62,
2026-09-11T20:36:53.082820+00:00,201,12546.52,
2026-09-11T20:36:47.522569+00:00,201,18104.61,
2026-09-11T20:35:28.277691+00:00,201,97365.94,
2026-09-11T20:36:46.540762+00:00,201,19111.41,
2026-09-11T20:36:55.913691+00:00,201,9745.08,
2026-09-11T20:36:08.991580+00:00,201,56698.25,
2026-09-11T20:36:24.086287+00:00,201,41612.03,
2026-09-11T20:36:52.377096+00:00,201,13331.62,
2026-09-11T20:36:26.943422+00:00,201,38782.75,
2026-09-11T20:36:28.277861+00:00,201,37448.71,
2026-09-11T20:36:51.468796+00:00,201,14265.79,
2026-09-11T20:37:04.406757+00:00,201,1332.34,
2026-09-11T20:36:20.149065+00:00,201,45597.29,
2026-09-11T20:36:32.108740+00:00,201,33646.62,
2026-09-11T20:36:05.371878+00:00,201,60414.06,
2026-09-11T20:37:01.756505+00:00,201,4034.99,
2026-09-11T20:36:52.340046+00:00,201,13452.01,
2026-09-11T20:36:40.961781+00:00,201,24838.33,
2026-09-11T20:37:04.041269+00:00,201,1777.60,
2026-09-11T20:37:00.567978+00:00,201,5255.24,
2026-09-11T20:36:51.468796+00:00,201,14353.35,
2026-09-11T20:36:52.276866+00:00,201,13601.41,
2026-09-11T20:36:26.840263+00:00,201,39074.32,
2026-09-11T20:36:28.277861+00:00,201,37662.25,
2026-09-11T20:36:49.135717+00:00,201,16813.47,
2026-09-11T20:36:03.820053+00:00,201,62135.03,
2026-09-11T20:36:38.468717+00:00,201,27503.22,
2026-09-11T20:35:11.522815+00:00,201,114462.38,
2026-09-11T20:36:18.999622+00:00,201,46983.63,
2026-09-11T20:36:53.664046+00:00,201,12319.47,
2026-09-11T20:36:43.593225+00:00,201,22431.27,
2026-09-11T20:36:20.658130+00:00,201,45380.31,
2026-09-11T20:36:36.082175+00:00,201,29959.61,
2026-09-11T20:35:49.637226+00:00,201,76422.02,
2026-09-11T20:36:46.168134+00:00,201,19930.86,
2026-09-11T20:35:59.817299+00:00,201,66272.87,
2026-09-11T20:36:39.917938+00:00,201,26185.99,
2026-09-11T20:36:54.228492+00:00,201,11870.65,
2026-09-11T20:37:02.415086+00:00,201,3698.08,
2026-09-11T20:37:00.615500+00:00,201,5487.86,
2026-09-11T20:36:48.896654+00:00,201,17224.17,
2026-09-11T20:35:16.108944+00:00,201,110023.66,
2026-09-11T20:37:03.098150+00:00,201,3043.93,
2026-09-11T20:37:01.056594+00:00,201,5117.43,
2026-09-11T20:37:01.294199+00:00,201,4901.94,
2026-09-11T20:36:55.054038+00:00,201,11160.49,
2026-09-11T20:36:48.840292+00:00,201,17387.91,
2026-09-11T20:36:26.525991+00:00,201,39736.32,
2026-09-11T20:36:58.128885+00:00,201,8144.78,
2026-09-11T20:36:51.622013+00:00,201,14659.32,
2026-09-11T20:36:46.048643+00:00,201,20263.51,
2026-09-11T20:36:41.140493+00:00,201,25169.77,
2026-09-11T20:36:43.275856+00:00,201,23050.54,
2026-09-11T20:36:36.576444+00:00,201,29832.27,
2026-09-11T20:36:37.528638+00:00,201,28906.98,
2026-09-11T20:35:26.091811+00:00,201,100357.26,
2026-09-11T20:36:56.584328+00:00,201,9868.20,
2026-09-11T20:36:52.397076+00:00,201,14054.85,
2026-09-11T20:36:32.811878+00:00,201,33645.22,
2026-09-11T20:36:53.072421+00:00,201,13408.10,
2026-09-11T20:37:01.199649+00:00,201,5311.20,
2026-09-11T20:35:53.204770+00:00,201,73319.00,
2026-09-11T20:36:39.795291+00:00,201,26732.75,
2026-09-11T20:36:01.135395+00:00,201,65400.06,
2026-09-11T20:36:51.638619+00:00,201,14906.77,
2026-09-11T20:36:39.004007+00:00,201,27571.50,
2026-09-11T20:36:51.644528+00:00,201,14933.60,
2026-09-11T20:36:37.584713+00:00,201,29038.27,
2026-09-11T20:37:03.582755+00:00,201,3041.48,
2026-09-11T20:37:05.812694+00:00,201,811.83,
2026-09-11T20:36:40.265363+00:00,201,26379.79,
2026-09-11T20:36:30.613647+00:00,201,36035.75,
2026-09-11T20:36:14.364091+00:00,201,52301.56,
2026-09-11T20:36:58.201892+00:00,201,8485.33,
2026-09-11T20:36:40.252247+00:00,201,26456.17,
2026-09-11T20:35:59.708099+00:00,201,67000.33,
2026-09-11T20:36:47.975506+00:00,201,18753.95,
2026-09-11T20:35:56.862129+00:00,201,69880.18,
2026-09-11T20:36:53.067422+00:00,201,13680.59,
2026-09-11T20:36:21.045925+00:00,201,45734.54,
2026-09-11T20:36:03.626358+00:00,201,63172.59,
2026-09-11T20:36:45.859377+00:00,201,20942.38,
2026-09-11T20:36:52.308650+00:00,201,14486.46,
2026-09-11T20:36:23.196936+00:00,201,43611.95,
2026-09-11T20:36:35.679248+00:00,201,31132.21,
2026-09-11T20:37:02.001995+00:00,201,4815.27,
2026-09-11T20:36:37.673123+00:00,201,29194.91,
2026-09-11T20:36:01.624609+00:00,201,65261.53,
2026-09-11T20:35:54.609973+00:00,201,72273.11,
2026-09-11T20:36:09.816005+00:00,201,57079.83,
2026-09-11T20:36:32.553357+00:00,201,34353.30,
2026-09-11T20:36:28.048388+00:00,201,38860.88,
2026-09-11T20:36:49.854710+00:00,201,17059.19,
2026-09-11T20:36:40.281048+00:00,201,26664.13,
2026-09-11T20:36:17.477616+00:00,201,49491.75,
2026-09-11T20:36:59.428208+00:00,201,7547.65,
2026-09-11T20:36:43.641936+00:00,201,23352.68,
2026-09-11T20:36:57.306387+00:00,201,9707.68,
2026-09-11T20:37:03.902465+00:00,201,3115.04,
2026-09-11T20:36:23.913140+00:00,201,43122.68,
2026-09-11T20:36:10.876859+00:00,201,56157.66,
2026-09-11T20:36:43.768611+00:00,201,23267.96,
2026-09-11T20:36:59.936711+00:00,201,7107.83,
2026-09-11T20:34:58.681383+00:00,201,128378.54,
2026-09-11T20:36:58.597355+00:00,201,8530.75,
2026-09-11T20:36:58.133907+00:00,201,8995.74,
2026-09-11T20:36:54.228492+00:00,201,12930.01,
2026-09-11T20:36:43.062032+00:00,201,24104.58,
2026-09-11T20:37:05.135974+00:00,201,2091.30,
2026-09-11T20:35:32.534564+00:00,201,94692.89,
2026-09-11T20:36:57.459402+00:00,201,9772.14,
2026-09-11T20:36:58.493820+00:00,201,8738.95,
2026-09-11T20:37:00.145279+00:00,201,7094.49,
2026-09-11T20:36:33.081001+00:00,201,34198.59,
2026-09-11T20:36:37.861239+00:00,201,29419.86,
2026-09-11T20:35:21.712599+00:00,201,105570.75,
2026-09-11T20:35:43.677331+00:00,201,83613.05,
2026-09-11T20:36:40.534535+00:00,201,26783.09,
2026-09-11T20:36:56.520544+00:00,201,10799.22,
2026-09-11T20:36:50.234894+00:00,201,17085.41,
2026-09-11T20:36:52.540511+00:00,201,14782.25,
2026-09-11T20:36:17.620298+00:00,201,49705.09,
2026-09-11T20:36:32.522440+00:00,201,34798.59,
2026-09-11T20:36:45.255195+00:00,201,22090.68,
2026-09-11T20:37:00.440974+00:00,201,6905.80,
2026-09-11T20:36:32.074081+00:00,201,35277.51,
2026-09-11T20:36:11.667763+00:00,201,55741.26,
2026-09-11T20:36:47.919168+00:00,201,19487.44,
2026-09-11T20:36:13.965133+00:00,201,53448.32,
2026-09-11T20:36:27.836804+00:00,201,39577.20,
2026-09-11T20:36:09.560838+00:00,201,57851.13,
2026-09-11T20:37:06.171283+00:00,201,1271.35,
2026-09-11T20:36:29.954154+00:00,201,37489.67,
2026-09-11T20:36:52.229949+00:00,201,15231.10,
2026-09-11T20:37:04.881912+00:00,201,2600.52,
2026-09-11T20:37:04.928978+00:00,201,2553.00,
2026-09-11T20:35:54.314723+00:00,201,73179.24,
2026-09-11T20:36:58.084678+00:00,201,9430.38,
2026-09-11T20:37:05.553475+00:00,201,2043.98,
2026-09-11T20:36:29.671179+00:00,201,37929.29,
2026-09-11T20:37:04.739999+00:00,201,2863.92,
2026-09-11T20:37:07.222992+00:00,201,404.59,
2026-09-11T20:36:53.014305+00:00,201,14622.15,
2026-09-11T20:36:20.162962+00:00,201,47501.13,
2026-09-11T20:37:07.222992+00:00,201,438.90,
2026-09-11T20:36:19.262891+00:00,201,48417.19,
2026-09-11T20:36:44.871383+00:00,201,22813.64,
2026-09-11T20:36:40.182138+00:00,201,27528.48,
2026-09-11T20:36:24.054414+00:00,201,43665.47,
2026-09-11T20:36:35.260128+00:00,201,32475.40,
2026-09-11T20:36:38.216687+00:00,201,29530.31,
2026-09-11T20:36:31.171912+00:00,201,36585.41,
2026-09-11T20:37:07.410763+00:00,201,364.21,
2026-09-11T20:36:20.097309+00:00,201,47711.57,
2026-09-11T20:37:07.410763+00:00,201,396.69,
2026-09-11T20:36:19.656477+00:00,201,48157.86,
2026-09-11T20:37:04.662885+00:00,201,3159.12,
2026-09-11T20:36:13.175151+00:00,201,54726.64,
2026-09-11T20:36:56.703583+00:00,201,11203.73,
2026-09-11T20:36:07.843478+00:00,201,60066.81,
2026-09-11T20:36:19.566615+00:00,201,48370.00,
2026-09-11T20:36:43.400732+00:00,201,24544.51,
2026-09-11T20:37:04.149660+00:00,201,3844.33,
2026-09-11T20:37:04.335307+00:00,201,3669.26,
2026-09-11T20:36:47.286290+00:00,201,20804.01,
2026-09-11T20:36:06.061414+00:00,201,62033.47,
2026-09-11T20:36:48.107920+00:00,201,19988.67,
2026-09-11T20:36:15.542051+00:00,201,52555.16,
2026-09-11T20:36:33.648422+00:00,201,34443.68,
2026-09-11T20:36:18.727392+00:00,201,49417.96,
2026-09-11T20:36:55.399962+00:00,201,12746.88,
2026-09-11T20:36:27.925960+00:00,201,40224.01,
2026-09-11T20:36:59.962555+00:00,201,8189.14,
2026-09-11T20:36:13.167126+00:00,201,54987.00,
2026-09-11T20:36:15.936315+00:00,201,52220.33,
2026-09-11T20:36:02.135425+00:00,201,66023.74,
2026-09-11T20:36:33.922663+00:00,201,34238.89,
2026-09-11T20:36:56.762711+00:00,201,11400.93,
2026-09-11T20:37:04.565446+00:00,201,3594.72,
2026-09-11T20:36:50.950689+00:00,201,17210.16,
2026-09-11T20:37:04.834292+00:00,201,3327.09,
2026-09-11T20:36:23.122842+00:00,201,45051.12,
2026-09-11T20:36:51.574849+00:00,201,16597.21,
2026-09-11T20:36:59.412410+00:00,201,8765.01,
2026-09-11T20:35:57.174202+00:00,201,71024.57,
2026-09-11T20:36:46.785060+00:00,201,21443.03,
2026-09-11T20:36:00.881423+00:00,201,67418.52,
2026-09-11T20:36:31.124698+00:00,201,37169.87,
2026-09-11T20:36:54.295472+00:00,201,14013.85,
2026-09-11T20:36:17.412848+00:00,201,50893.24,
2026-09-11T20:37:07.815843+00:00,201,515.76,
2026-09-11T20:37:06.809954+00:00,201,1525.49,
2026-09-11T20:37:05.268252+00:00,201,3078.14,
2026-09-11T20:36:23.739375+00:00,201,44610.98,
2026-09-11T20:36:57.953051+00:00,201,10416.48,
2026-09-11T20:36:42.526073+00:00,201,25847.34,
2026-09-11T20:36:59.380883+00:00,201,8989.16,
2026-09-11T20:35:34.044317+00:00,201,94353.83,
2026-09-11T20:36:45.555140+00:00,201,22845.24,
2026-09-11T20:36:14.300524+00:00,201,54120.58,
2026-09-11T20:36:29.796783+00:00,201,38672.70,
2026-09-11T20:36:57.695897+00:00,201,10785.55,
2026-09-11T20:35:50.253394+00:00,201,78250.75,
2026-09-11T20:37:04.454570+00:00,201,4046.29,
2026-09-11T20:35:38.547140+00:00,201,89972.43,
2026-09-11T20:36:14.400577+00:00,201,54169.40,
2026-09-11T20:36:47.445325+00:00,201,21154.77,
2026-09-11T20:36:50.145815+00:00,201,18465.97,
2026-09-11T20:36:15.773891+00:00,201,52888.71,
2026-09-11T20:36:13.129381+00:00,201,55654.09,
2026-09-11T20:36:38.315666+00:00,201,30499.19,
2026-09-11T20:36:31.872882+00:00,201,36965.49,
2026-09-11T20:36:30.667103+00:00,201,38185.15,
2026-09-11T20:37:04.928978+00:00,201,3914.29,
2026-09-11T20:37:07.825107+00:00,201,1052.60,
2026-09-11T20:36:22.009329+00:00,201,46889.14,
2026-09-11T20:36:27.655363+00:00,201,41275.81,
2026-09-11T20:36:18.332431+00:00,201,50624.73,
2026-09-11T20:37:05.828537+00:00,201,3160.32,
2026-09-11T20:36:17.718772+00:00,201,51269.67,
2026-09-11T20:36:43.341916+00:00,201,25666.39,
2026-09-11T20:37:04.628971+00:00,201,4386.59,
2026-09-11T20:36:40.006631+00:00,201,29033.41,
2026-09-11T20:36:26.578500+00:00,201,42563.63,
2026-09-11T20:37:05.331975+00:00,201,3872.85,
2026-09-11T20:36:29.875309+00:00,201,39334.21,
2026-09-11T20:36:42.388948+00:00,201,26827.64,
2026-09-11T20:36:49.562879+00:00,201,19662.52,
2026-09-11T20:36:22.074893+00:00,201,47176.62,
2026-09-11T20:37:05.828537+00:00,201,3437.05,
2026-09-11T20:37:05.955590+00:00,201,3379.55,
2026-09-11T20:36:20.187156+00:00,201,49189.20,
2026-09-11T20:36:36.208573+00:00,201,33234.74,
2026-09-11T20:37:07.184938+00:00,201,2285.26,
2026-09-11T20:36:24.697631+00:00,201,44802.64,
2026-09-11T20:36:46.224902+00:00,201,23288.18,
2026-09-11T20:36:19.593797+00:00,201,49911.84,
2026-09-11T20:37:05.781046+00:00,201,3735.69,
2026-09-11T20:36:59.728960+00:00,201,9796.88,
2026-09-11T20:36:27.558198+00:00,201,41983.75,
2026-09-11T20:36:16.385560+00:00,201,53191.38,
2026-09-11T20:36:18.144375+00:00,201,51436.58,
2026-09-11T20:37:07.442285+00:00,201,2135.96,
2026-09-11T20:37:04.501898+00:00,201,5088.11,
2026-09-11T20:36:05.167834+00:00,201,64422.65,
2026-09-11T20:36:50.950689+00:00,201,18668.06,
2026-09-11T20:37:02.936230+00:00,201,6687.47,
2026-09-11T20:36:14.624361+00:00,201,55022.72,
2026-09-11T20:36:43.689132+00:00,201,25976.99,
2026-09-11T20:37:05.102259+00:00,201,4576.81,
2026-09-11T20:37:01.961406+00:00,201,7729.21,
2026-09-11T20:37:08.094287+00:00,201,1604.22,
2026-09-11T20:37:05.339149+00:00,201,4372.27,
2026-09-11T20:35:39.777940+00:00,201,89980.33,
2026-09-11T20:36:39.179863+00:00,201,30591.68,
2026-09-11T20:36:27.600427+00:00,201,42233.55,
2026-09-11T20:36:45.515793+00:00,201,24324.12,
2026-09-11T20:37:03.762068+00:00,201,6092.24,
2026-09-11T20:36:54.961577+00:00,201,14893.98,
2026-09-11T20:36:33.466109+00:00,201,36416.83,
2026-09-11T20:36:56.033827+00:00,201,13864.76,
2026-09-11T20:36:53.090963+00:00,201,16817.00,
2026-09-11T20:36:31.707822+00:00,201,38210.32,
2026-09-11T20:37:06.265103+00:00,201,3687.98,
2026-09-11T20:36:57.980639+00:00,201,12000.86,
2026-09-11T20:36:50.915987+00:00,201,19092.88,
2026-09-11T20:36:12.544369+00:00,201,57481.12,
2026-09-11T20:37:04.485991+00:00,201,5564.87,
2026-09-11T20:36:58.276115+00:00,201,11774.63,
2026-09-11T20:36:55.499448+00:00,201,14615.85,
2026-09-11T20:36:41.058031+00:00,201,29061.74,
2026-09-11T20:36:25.688299+00:00,201,44420.75,
2026-09-11T20:36:29.606029+00:00,201,40516.82,
2026-09-11T20:36:21.959255+00:00,201,48205.58,
2026-09-11T20:36:36.810889+00:00,201,33380.11,
2026-09-11T20:35:58.507865+00:00,201,71718.20,
2026-09-11T20:36:38.304621+00:00,201,31933.55,
2026-09-11T20:37:02.676141+00:00,201,7577.45,
2026-09-11T20:36:59.777459+00:00,201,10480.89,
2026-09-11T20:36:36.287328+00:00,201,33986.19,
2026-09-11T20:36:44.183338+00:00,201,26094.40,
2026-09-11T20:37:01.626640+00:00,201,8661.81,
2026-09-11T20:36:35.500692+00:00,201,34824.45,
2026-09-11T20:36:49.340335+00:00,201,21022.41,
2026-09-11T20:37:05.339149+00:00,201,5077.31,
2026-09-11T20:35:32.974393+00:00,201,97476.40,
2026-09-11T20:35:34.398315+00:00,201,96140.22,
2026-09-11T20:37:10.062236+00:00,201,480.42,
2026-09-11T20:36:56.935236+00:00,201,13619.59,
2026-09-11T20:37:04.759617+00:00,201,5817.13,
2026-09-11T20:36:41.062541+00:00,201,29553.97,
2026-09-11T20:36:53.072421+00:00,201,17551.63,
2026-09-11T20:36:36.335197+00:00,201,34324.24,
2026-09-11T20:37:04.597155+00:00,201,6069.13,
2026-09-11T20:36:54.424759+00:00,201,16257.29,
2026-09-11T20:36:17.365490+00:00,201,53350.52,
2026-09-11T20:36:58.669937+00:00,201,12051.59,
2026-09-11T20:36:52.658495+00:00,201,18066.02,
2026-09-11T20:35:32.500174+00:00,201,98232.39,
2026-09-11T20:35:11.173137+00:00,201,119560.63,
2026-09-11T20:37:00.363626+00:00,201,10389.24,
2026-09-11T20:37:01.515971+00:00,201,9241.05,
2026-09-11T20:36:48.662902+00:00,201,22111.07,
2026-09-11T20:36:41.671044+00:00,201,29124.74,
2026-09-11T20:35:56.506812+00:00,201,74302.86,
2026-09-11T20:37:05.781046+00:00,201,5066.98,
2026-09-11T20:37:05.058906+00:00,201,5823.96,
2026-09-11T20:36:40.779731+00:00,201,30135.37,
2026-09-11T20:37:10.451608+00:00,201,488.78,
2026-09-11T20:37:06.071444+00:00,201,4882.84,
2026-09-11T20:37:00.647928+00:00,201,10358.86,
2026-09-11T20:35:58.004559+00:00,201,73029.88,
2026-09-11T20:36:58.201892+00:00,201,12883.87,
2026-09-11T20:36:25.864658+00:00,201,45264.73,
2026-09-11T20:36:47.095524+00:00,201,24036.73,
2026-09-11T20:37:06.687040+00:00,201,4476.97,
2026-09-11T20:36:00.788017+00:00,201,70404.00,
2026-09-11T20:36:12.120424+00:00,201,59108.41,
2026-09-11T20:36:52.005862+00:00,201,19274.16,
2026-09-11T20:37:00.061237+00:00,201,11225.25,
2026-09-11T20:35:25.229769+00:00,201,106065.02,
2026-09-11T20:37:05.339149+00:00,201,5958.78,
2026-09-11T20:36:59.459951+00:00,201,11851.97,
2026-09-11T20:36:32.522440+00:00,201,38831.18,
2026-09-11T20:36:48.472673+00:00,201,22901.51,
2026-09-11T20:36:53.876779+00:00,201,17500.16,
2026-09-11T20:36:30.239451+00:00,201,41144.78,
2026-09-11T20:36:41.744855+00:00,201,29648.36,
2026-09-11T20:36:45.263092+00:00,201,26130.81,
2026-09-11T20:36:59.890888+00:00,201,11513.73,
2026-09-11T20:36:35.236023+00:00,201,36207.53,
2026-09-11T20:36:28.645522+00:00,201,42807.57,
2026-09-11T20:36:52.071471+00:00,201,19392.13,
2026-09-11T20:35:30.082937+00:00,201,101401.92,
2026-09-11T20:36:25.513867+00:00,201,46012.56,
2026-09-11T20:36:53.082820+00:00,201,18449.31,
2026-09-11T20:37:11.014485+00:00,201,525.34,
2026-09-11T20:36:51.991810+00:00,201,19613.27,
2026-09-11T20:37:07.410763+00:00,201,4197.48,
2026-09-11T20:37:09.691700+00:00,201,1915.31,
2026-09-11T20:37:01.009468+00:00,201,10619.23,
2026-09-11T20:36:55.813825+00:00,201,15834.88,
2026-09-11T20:37:02.393124+00:00,201,9270.27,
2026-09-11T20:36:36.526537+00:00,201,35144.17,
2026-09-11T20:35:54.606732+00:00,201,77091.28,
2026-09-11T20:36:47.984546+00:00,201,23780.75,
2026-09-11T20:36:33.232566+00:00,201,38585.81,
2026-09-11T20:36:51.358189+00:00,201,20514.24,
2026-09-11T20:36:47.791993+00:00,201,24085.98,
2026-09-11T20:36:55.127349+00:00,201,16782.07,
2026-09-11T20:37:04.854662+00:00,201,7075.92,
2026-09-11T20:36:41.070561+00:00,201,30862.06,
2026-09-11T20:36:24.248232+00:00,201,47720.76,
2026-09-11T20:35:38.092712+00:00,201,93909.70,
2026-09-11T20:36:40.975344+00:00,201,31035.46,
2026-09-11T20:36:08.884399+00:00,201,63169.64,
2026-09-11T20:36:02.749470+00:00,201,69314.14,
2026-09-11T20:37:06.807919+00:00,201,5281.84,
2026-09-11T20:36:31.373924+00:00,201,40732.34,
2026-09-11T20:37:05.420615+00:00,201,6717.19,
2026-09-11T20:36:47.666122+00:00,201,24476.44,
2026-09-11T20:37:07.323380+00:00,201,4824.49,
2026-09-11T20:37:11.611820+00:00,201,541.76,
2026-09-11T20:37:03.560156+00:00,201,8627.67,
2026-09-11T20:36:07.356191+00:00,201,64865.91,
2026-09-11T20:36:11.214358+00:00,201,61026.64,
2026-09-11T20:35:32.926606+00:00,201,99376.63,
2026-09-11T20:36:56.782527+00:00,201,15554.09,
2026-09-11T20:36:40.320997+00:00,201,32041.43,
2026-09-11T20:36:53.894940+00:00,201,18486.13,
2026-09-11T20:36:35.868864+00:00,201,36519.79,
2026-09-11T20:36:31.607494+00:00,201,40802.38,
2026-09-11T20:37:08.164779+00:00,201,4292.70,
2026-09-11T20:36:37.076793+00:00,201,35404.28,
2026-09-11T20:36:39.399856+00:00,201,33095.27,
2026-09-11T20:36:33.816381+00:00,201,38723.19,
2026-09-11T20:37:08.848580+00:00,201,3719.73,
2026-09-11T20:36:45.109391+00:00,201,27583.23,
2026-09-11T20:37:05.711382+00:00,201,6983.72,
2026-09-11T20:35:45.957932+00:00,201,86746.02,
2026-09-11T20:36:53.152397+00:00,201,19558.15,
2026-09-11T20:36:52.190258+00:00,201,20552.10,
2026-09-11T20:37:00.172492+00:00,201,12582.13,
2026-09-11T20:37:10.247797+00:00,201,2510.23,
2026-09-11T20:36:03.058718+00:00,201,69741.33,
2026-09-11T20:36:13.942296+00:00,201,58872.54,
2026-09-11T20:37:09.596335+00:00,201,3222.74,
2026-09-11T20:37:03.137181+00:00,201,9775.95,
2026-09-11T20:36:49.807180+00:00,201,23110.35,
2026-09-11T20:36:23.875046+00:00,201,49054.60,
2026-09-11T20:36:47.032467+00:00,201,25905.12,
2026-09-11T20:37:12.481541+00:00,201,461.00,
2026-09-11T20:36:55.894264+00:00,201,17083.61,
2026-09-11T20:37:05.580450+00:00,201,7416.34,
2026-09-11T20:35:24.996942+00:00,201,108047.47,
2026-09-11T20:36:43.768611+00:00,201,29318.78,
2026-09-11T20:36:35.108754+00:00,201,37999.37,
2026-09-11T20:37:00.962232+00:00,201,12192.27,
2026-09-11T20:36:08.328648+00:00,201,64862.96,
2026-09-11T20:36:27.275294+00:00,201,45916.80,
2026-09-11T20:36:15.541542+00:00,201,57658.94,
2026-09-11T20:36:55.720966+00:00,201,17487.36,
2026-09-11T20:36:16.827504+00:00,201,56379.92,
2026-09-11T20:36:01.701870+00:00,201,71517.98,
2026-09-11T20:36:32.153261+00:00,201,41078.42,
2026-09-11T20:37:09.881952+00:00,201,3371.14,
2026-09-11T20:37:03.102167+00:00,201,10171.08,
2026-09-11T20:36:11.979262+00:00,201,61289.16,
2026-09-11T20:37:00.383147+00:00,201,12889.02,
2026-09-11T20:36:57.672836+00:00,201,15597.14,
2026-09-11T20:36:29.830214+00:00,201,43454.37,
2026-09-11T20:36:40.683874+00:00,201,32623.58,
2026-09-11T20:36:13.358624+00:00,201,59974.11,
2026-09-11T20:37:01.801774+00:00,201,11539.53,
2026-09-11T20:35:56.665500+00:00,201,76690.26,
2026-09-11T20:36:32.444466+00:00,201,40909.90,
2026-09-11T20:36:15.942432+00:00,201,57477.34,
2026-09-11T20:37:12.233894+00:00,201,1211.11,
2026-09-11T20:36:57.276508+00:00,201,16194.79,
2026-09-11T20:36:34.374915+00:00,201,39099.88,
2026-09-11T20:36:44.560105+00:00,201,28978.18,
2026-09-11T20:37:00.409091+00:00,201,13134.49,
2026-09-11T20:37:06.793111+00:00,201,6795.00,
2026-09-11T20:36:31.947389+00:00,201,41661.08,
2026-09-11T20:36:46.350104+00:00,201,27252.95,
2026-09-11T20:36:44.683901+00:00,201,28933.44,
2026-09-11T20:36:37.047525+00:00,201,36608.84,
2026-09-11T20:36:52.644530+00:00,201,21014.35,
2026-09-11T20:37:07.316317+00:00,201,6368.37,
2026-09-11T20:36:24.987921+00:00,201,48704.21,
2026-09-11T20:37:02.515818+00:00,201,11177.72,
2026-09-11T20:37:01.237387+00:00,201,12514.37,
2026-09-11T20:36:45.938647+00:00,201,27808.66,
2026-09-11T20:36:20.168583+00:00,201,53618.38,
2026-09-11T20:36:54.939325+00:00,201,18841.43,
2026-09-11T20:36:19.501923+00:00,201,54321.24,
2026-09-11T20:36:12.375286+00:00,201,61453.97,
2026-09-11T20:37:10.547873+00:00,201,3314.28,
2026-09-11T20:37:10.122281+00:00,201,3758.33,
2026-09-11T20:37:04.117726+00:00,201,9767.39,
2026-09-11T20:36:49.356493+00:00,201,24541.40,
2026-09-11T20:36:42.535220+00:00,201,31396.63,
2026-09-11T20:36:28.910878+00:00,201,45037.04,
2026-09-11T20:37:06.209477+00:00,201,7750.23,
2026-09-11T20:37:13.592894+00:00,201,380.73,
2026-09-11T20:36:53.011662+00:00,201,20981.87,
2026-09-11T20:36:16.652982+00:00,201,57350.92,
2026-09-11T20:37:11.594643+00:00,201,2407.06,
2026-09-11T20:37:13.659436+00:00,201,350.89,
2026-09-11T20:36:23.016750+00:00,201,51032.49,
2026-09-11T20:37:04.406757+00:00,201,9665.62,
2026-09-11T20:36:37.560590+00:00,201,36539.93,
2026-09-11T20:37:07.410763+00:00,201,6695.56,
2026-09-11T20:36:15.994247+00:00,201,58122.80,
2026-09-11T20:37:02.594058+00:00,201,11522.74,
2026-09-11T20:37:00.440974+00:00,201,13675.96,
2026-09-11T20:37:06.114467+00:00,201,8009.17,
2026-09-11T20:36:37.588731+00:00,201,36563.45,
2026-09-11T20:36:25.513867+00:00,201,48652.05,
2026-09-11T20:36:48.714799+00:00,201,25459.06,
2026-09-11T20:36:18.873884+00:00,201,55335.34,
2026-09-11T20:37:11.081277+00:00,201,3191.14,
2026-09-11T20:36:50.533056+00:00,201,23756.26,
2026-09-11T20:37:13.867932+00:00,201,424.73,
2026-09-11T20:36:11.803457+00:00,201,62521.49,
2026-09-11T20:37:03.585769+00:00,201,10752.09,
2026-09-11T20:36:36.620635+00:00,201,37716.45,
2026-09-11T20:36:59.877529+00:00,201,14487.94,
2026-09-11T20:36:53.994453+00:00,201,20380.63,
2026-09-11T20:36:41.419955+00:00,201,32956.26,
2026-09-11T20:36:37.854327+00:00,201,36536.98,
2026-09-11T20:36:43.283157+00:00,201,31138.99,
2026-09-11T20:36:44.206968+00:00,201,30218.92,
2026-09-11T20:35:35.238508+00:00,201,99219.57,
2026-09-11T20:37:05.286321+00:00,201,9189.90,
2026-09-11T20:36:51.595943+00:00,201,22870.58,
2026-09-11T20:36:50.569146+00:00,201,23922.60,
2026-09-11T20:36:12.850270+00:00,201,61653.30,
2026-09-11T20:36:33.912628+00:00,201,40603.54,
2026-09-11T20:36:59.221843+00:00,201,15452.81,
2026-09-11T20:36:43.501111+00:00,201,31192.46,
2026-09-11T20:36:42.061296+00:00,201,32638.78,
2026-09-11T20:37:13.545993+00:00,201,1176.84,
2026-09-11T20:36:31.757162+00:00,201,42980.46,
2026-09-11T20:36:43.547527+00:00,201,31209.72,
2026-09-11T20:37:02.777620+00:00,201,12000.55,
2026-09-11T20:36:58.404676+00:00,201,16379.55,
2026-09-11T20:37:10.943757+00:00,201,3868.16,
2026-09-11T20:36:27.088920+00:00,201,47740.36,
2026-09-11T20:36:26.228130+00:00,201,48598.47,
2026-09-11T20:36:32.889093+00:00,201,41944.11,
2026-09-11T20:36:31.732658+00:00,201,43108.50,
2026-09-11T20:36:35.923223+00:00,201,38929.15,
2026-09-11T20:36:36.508856+00:00,201,38354.23,
2026-09-11T20:36:49.469144+00:00,201,25403.24,
2026-09-11T20:36:14.755751+00:00,201,60119.88,
2026-09-11T20:37:04.928978+00:00,201,9941.93,
2026-09-11T20:36:32.090277+00:00,201,42797.20,
2026-09-11T20:35:45.658557+00:00,201,89232.26,
2026-09-11T20:37:09.455566+00:00,201,5455.05,
2026-09-11T20:36:52.357173+00:00,201,22564.46,
2026-09-11T20:37:14.444717+00:00,201,481.63,
2026-09-11T20:37:14.476495+00:00,201,467.74,
2026-09-11T20:37:05.102259+00:00,201,9918.15,
2026-09-11T20:35:09.529686+00:00,201,125496.42,
2026-09-11T20:37:13.123486+00:00,201,1916.33,
2026-09-11T20:36:59.587103+00:00,201,15491.50,
2026-09-11T20:37:14.669121+00:00,201,405.65,
2026-09-11T20:36:50.051287+00:00,201,25034.57,
2026-09-11T20:36:23.298570+00:00,201,51809.34,
2026-09-11T20:36:35.465958+00:00,201,39660.76,
2026-09-11T20:36:14.252904+00:00,201,60895.61,
2026-09-11T20:37:08.171055+00:00,201,6980.78,
2026-09-11T20:36:20.946623+00:00,201,54208.54,
2026-09-11T20:36:39.649409+00:00,201,35523.60,
2026-09-11T20:36:27.724534+00:00,201,47446.44,
2026-09-11T20:37:01.025277+00:00,201,14153.60,
2026-09-11T20:36:42.956667+00:00,201,32247.19,
2026-09-11T20:37:02.620511+00:00,201,12581.79,
2026-09-11T20:37:06.307141+00:00,201,8899.52,
2026-09-11T20:36:53.256401+00:00,201,21993.72,
2026-09-11T20:37:09.580388+00:00,201,5675.58,
2026-09-11T20:37:02.103597+00:00,201,13157.22,
2026-09-11T20:36:55.532776+00:00,201,19748.22,
2026-09-11T20:37:13.089857+00:00,201,2194.55,
2026-09-11T20:37:01.770103+00:00,201,13523.89,
2026-09-11T20:34:31.137647+00:00,201,164179.28,
2026-09-11T20:36:26.246297+00:00,201,49107.45,
2026-09-11T20:36:15.517044+00:00,201,59865.19,
2026-09-11T20:36:14.300524+00:00,201,61073.47,
2026-09-11T20:37:07.019092+00:00,201,8384.78,
2026-09-11T20:37:02.150844+00:00,201,13271.01,
2026-09-11T20:36:40.959664+00:00,201,34465.68,
2026-09-11T20:36:49.143366+00:00,201,26281.33,
2026-09-11T20:35:26.147153+00:00,201,109285.72,
2026-09-11T20:37:13.747408+00:00,201,1688.69,
2026-09-11T20:36:55.288027+00:00,201,20188.36,
2026-09-11T20:36:31.536593+00:00,201,43967.89,
2026-09-11T20:36:15.153259+00:00,201,60357.14,
2026-09-11T20:36:25.212261+00:00,201,50301.54,
2026-09-11T20:37:10.197784+00:00,201,5340.68,
2026-09-11T20:37:15.203553+00:00,201,343.69,
2026-09-11T20:36:37.694338+00:00,201,37894.15,
2026-09-11T20:37:06.456654+00:00,201,9134.86,
2026-09-11T20:36:52.197929+00:00,201,23449.20,
2026-09-11T20:36:44.440631+00:00,201,31231.39,
2026-09-11T20:36:22.699555+00:00,201,52977.22,
2026-09-11T20:37:15.386642+00:00,201,365.84,
2026-09-11T20:37:08.983022+00:00,201,6786.30,
2026-09-11T20:36:51.389572+00:00,201,24388.93,
2026-09-11T20:37:03.692003+00:00,201,12143.60,
2026-09-11T20:37:15.424817+00:00,201,427.19,
2026-09-11T20:36:59.349110+00:00,201,16534.20,
2026-09-11T20:36:10.334889+00:00,201,65588.10,
2026-09-11T20:36:07.174246+00:00,201,68749.36,
2026-09-11T20:36:33.531701+00:00,201,42407.34,
2026-09-11T20:36:58.296806+00:00,201,17655.66,
2026-09-11T20:35:41.561380+00:00,201,94395.34,
2026-09-11T20:36:12.787281+00:00,201,63205.81,
2026-09-11T20:36:58.276115+00:00,201,17740.35,
2026-09-11T20:35:09.062760+00:00,201,126961.26,
2026-09-11T20:36:44.547996+00:00,201,31477.84,
2026-09-11T20:37:04.549545+00:00,201,11530.26,
2026-09-11T20:36:41.292449+00:00,201,34787.84,
2026-09-11T20:37:05.339149+00:00,201,10768.29,
2026-09-11T20:36:31.124698+00:00,201,44988.39,
2026-09-11T20:36:21.263261+00:00,201,54894.68,
2026-09-11T20:37:10.759663+00:00,201,5405.06,
2026-09-11T20:36:12.472550+00:00,201,63706.75,
2026-09-11T20:36:25.228611+00:00,201,50999.58,
2026-09-11T20:36:40.344389+00:00,201,35900.14,
2026-09-11T20:36:53.894940+00:00,201,22359.24,
2026-09-11T20:36:37.224043+00:00,201,39052.98,
2026-09-11T20:36:45.763851+00:00,201,30515.68,
2026-09-11T20:36:44.730388+00:00,201,31572.93,
2026-09-11T20:36:37.526631+00:00,201,38794.85,
2026-09-11T20:35:57.154471+00:00,201,79166.11,
2026-09-11T20:37:08.896836+00:00,201,7484.58,
2026-09-11T20:37:13.778781+00:00,201,2608.49,
2026-09-11T20:37:01.935343+00:00,201,14510.15,
2026-09-11T20:36:53.775164+00:00,201,22691.82,
2026-09-11T20:36:40.386124+00:00,201,36082.75,
2026-09-11T20:36:58.163486+00:00,201,18306.66,
2026-09-11T20:36:54.782538+00:00,201,21693.33,
2026-09-11T20:36:08.092762+00:00,201,68387.34,
2026-09-11T20:37:00.962232+00:00,201,15540.34,
2026-09-11T20:37:13.890332+00:00,201,2628.63,
2026-09-11T20:37:01.708584+00:00,201,14845.35,
2026-09-11T20:36:28.972282+00:00,201,47581.89,
2026-09-11T20:37:10.941755+00:00,201,5622.90,
2026-09-11T20:36:22.960569+00:00,201,53610.05,
2026-09-11T20:36:42.326093+00:00,201,34275.70,
2026-09-11T20:36:14.710550+00:00,201,61918.37,
2026-09-11T20:37:06.034795+00:00,201,10620.02,
2026-09-11T20:36:11.803457+00:00,201,64872.34,
2026-09-11T20:37:03.194145+00:00,201,13503.35,
2026-09-11T20:36:47.118691+00:00,201,29585.96,
2026-09-11T20:37:08.519564+00:00,201,8234.22,
2026-09-11T20:37:02.718270+00:00,201,14031.15,
2026-09-11T20:36:27.819552+00:00,201,48961.48,
2026-09-11T20:37:04.944618+00:00,201,11844.05,
2026-09-11T20:37:02.714478+00:00,201,14090.11,
2026-09-11T20:36:58.841194+00:00,201,17973.11,
2026-09-11T20:35:50.282995+00:00,201,86542.15,
2026-09-11T20:36:52.390010+00:00,201,24456.97,
2026-09-11T20:37:15.515792+00:00,201,1355.01,
2026-09-11T20:36:05.007850+00:00,201,71864.14,
2026-09-11T20:36:01.390513+00:00,201,75544.01,
2026-09-11T20:37:00.979440+00:00,201,15954.05,
2026-09-11T20:36:32.013124+00:00,201,44927.80,
2026-09-11T20:36:59.100680+00:00,201,17857.31,
2026-09-11T20:35:38.339330+00:00,201,98612.18,
2026-09-11T20:36:28.162472+00:00,201,48840.43,
2026-09-11T20:36:12.375286+00:00,201,64622.38,
2026-09-11T20:37:08.606854+00:00,201,8406.87,
2026-09-11T20:37:08.837929+00:00,201,8180.24,
2026-09-11T20:35:15.303997+00:00,201,121718.18,
2026-09-11T20:36:31.349082+00:00,201,45686.66,
2026-09-11T20:36:31.124698+00:00,201,45907.74,
2026-09-11T20:35:51.992352+00:00,201,85052.55,
2026-09-11T20:35:48.939695+00:00,201,88117.44,
2026-09-11T20:37:15.673605+00:00,201,1416.89,
2026-09-11T20:37:01.739337+00:00,201,15364.28,
2026-09-11T20:37:15.848141+00:00,201,1270.15,
2026-09-11T20:36:06.778174+00:00,201,70344.86,
2026-09-11T20:37:05.181497+00:00,201,11947.70,
2026-09-11T20:35:52.628640+00:00,201,84508.65,
2026-09-11T20:36:55.589129+00:00,201,21672.25,
2026-09-11T20:36:39.166331+00:00,201,38094.27,
2026-09-11T20:36:43.663149+00:00,201,33610.46,
2026-09-11T20:36:49.096208+00:00,201,28178.63,
2026-09-11T20:37:02.840703+00:00,201,14445.20,
2026-09-11T20:37:07.030625+00:00,201,10254.44,
2026-09-11T20:37:00.979440+00:00,201,16332.35,
2026-09-11T20:35:59.570507+00:00,201,77745.34,
2026-09-11T20:37:16.938063+00:00,201,385.46,
2026-09-11T20:36:31.978782+00:00,201,45344.35,
2026-09-11T20:36:37.947943+00:00,201,39397.16,
2026-09-11T20:36:47.741423+00:00,201,29690.42,
2026-09-11T20:36:53.775164+00:00,201,23689.83,
2026-09-11T20:37:10.012265+00:00,201,7465.14,
2026-09-11T20:35:55.444094+00:00,201,82059.09,
2026-09-11T20:37:07.631895+00:00,201,9892.63,
2026-09-11T20:37:15.423811+00:00,201,2106.06,
2026-09-11T20:36:55.802174+00:00,201,21764.47,
2026-09-11T20:36:22.365164+00:00,201,55205.68,
2026-09-11T20:37:10.776799+00:00,201,6795.54,
2026-09-11T20:36:34.879747+00:00,201,42695.21,
2026-09-11T20:36:18.066993+00:00,201,59542.33,
2026-09-11T20:36:25.307916+00:00,201,52310.82,
2026-09-11T20:36:43.689132+00:00,201,33949.65,
2026-09-11T20:37:02.750090+00:00,201,14890.31,
2026-09-11T20:36:27.768234+00:00,201,49883.60,
2026-09-11T20:37:10.272897+00:00,201,7397.60,
2026-09-11T20:36:03.969362+00:00,201,73704.55,
2026-09-11T20:36:10.719077+00:00,201,66979.73,
2026-09-11T20:36:59.523552+00:00,201,18206.64,
2026-09-11T20:36:39.689624+00:00,201,38047.36,
2026-09-11T20:37:14.167516+00:00,201,3574.06,
2026-09-11T20:37:07.272566+00:00,201,10467.51,
2026-09-11T20:36:39.643646+00:00,201,38119.11,
2026-09-11T20:36:43.405831+00:00,201,34438.98,
2026-09-11T20:36:45.527438+00:00,201,32322.12,
2026-09-11T20:35:42.873873+00:00,201,94977.83,
2026-09-11T20:36:21.548140+00:00,201,56308.04,
2026-09-11T20:37:09.270653+00:00,201,8597.57,
2026-09-11T20:36:20.053564+00:00,201,57831.96,
2026-09-11T20:36:54.739934+00:00,201,23158.15,
2026-09-11T20:36:22.547841+00:00,201,55356.46,
2026-09-11T20:36:34.610504+00:00,201,43314.17,
2026-09-11T20:36:19.514895+00:00,201,58426.13,
2026-09-11T20:37:12.361167+00:00,201,5583.21,
2026-09-11T20:37:07.284651+00:00,201,10655.28,
2026-09-11T20:36:57.143463+00:00,201,20803.75,
2026-09-11T20:36:39.270076+00:00,201,38693.90,
2026-09-11T20:37:15.584434+00:00,201,2381.55,
2026-09-11T20:37:00.383147+00:00,201,17592.16,
2026-09-11T20:36:46.765681+00:00,201,31212.36,
2026-09-11T20:35:47.367702+00:00,201,90629.08,
2026-09-11T20:37:15.673605+00:00,201,2366.65,
2026-09-11T20:36:21.387099+00:00,201,56652.66,
2026-09-11T20:36:41.529244+00:00,201,36520.39,
2026-09-11T20:36:56.207620+00:00,201,21844.06,
2026-09-11T20:36:37.733965+00:00,201,40328.67,
2026-09-11T20:36:50.387770+00:00,201,27691.95,
2026-09-11T20:36:16.621660+00:00,201,61467.77,
2026-09-11T20:35:51.413827+00:00,201,86696.85,
2026-09-11T20:36:39.772351+00:00,201,38345.90,
2026-09-11T20:36:50.915987+00:00,201,27206.65,
2026-09-11T20:36:15.137803+00:00,201,63004.72,
2026-09-11T20:36:29.891824+00:00,201,48280.30,
2026-09-11T20:36:56.877139+00:00,201,21292.36,
2026-09-11T20:37:14.831709+00:00,201,3348.12,
2026-09-11T20:36:37.358730+00:00,201,40831.15,
2026-09-11T20:37:12.213918+00:00,201,5988.13,
2026-09-11T20:35:18.715945+00:00,201,119516.91,
2026-09-11T20:37:12.086374+00:00,201,6151.16,
2026-09-11T20:35:17.967588+00:00,201,120275.97,
2026-09-11T20:37:02.777620+00:00,201,15458.86,
2026-09-11T20:36:59.668852+00:00,201,18587.26,
2026-09-11T20:37:05.143660+00:00,201,13117.75,
2026-09-11T20:37:17.705991+00:00,201,563.00,
2026-09-11T20:37:16.748728+00:00,201,1517.24,
2026-09-11T20:37:12.293360+00:00,201,5979.14,
2026-09-11T20:37:03.657751+00:00,201,14637.34,
2026-09-11T20:36:35.593648+00:00,201,42710.42,
2026-09-11T20:37:01.693863+00:00,201,16644.86,
2026-09-11T20:37:13.541980+00:00,201,4805.06,
2026-09-11T20:37:00.031258+00:00,201,18323.76,
2026-09-11T20:37:00.267450+00:00,201,18128.37,
2026-09-11T20:36:59.459951+00:00,201,18944.58,
2026-09-11T20:36:41.324273+00:00,201,37082.78,
2026-09-11T20:35:58.129514+00:00,201,80302.70,
2026-09-11T20:36:41.975422+00:00,201,36525.28,
2026-09-11T20:37:05.590702+00:00,201,12899.76,
2026-09-11T20:37:08.220324+00:00,201,10277.66,
2026-09-11T20:36:21.320350+00:00,201,57211.42,
2026-09-11T20:37:13.968859+00:00,201,4570.19,
2026-09-11T20:36:31.936025+00:00,201,46600.35,
2026-09-11T20:37:18.275497+00:00,201,284.79,
2026-09-11T20:37:11.294198+00:00,201,7281.45,
2026-09-11T20:37:08.992088+00:00,201,9583.81,
2026-09-11T20:36:36.904287+00:00,201,41704.56,
2026-09-11T20:37:04.264751+00:00,201,14339.90,
2026-09-11T20:36:17.021497+00:00,201,61583.22,
2026-09-11T20:36:22.036997+00:00,201,56595.39,
2026-09-11T20:36:22.865328+00:00,201,55769.70,
2026-09-11T20:36:29.515012+00:00,201,49118.54,
2026-09-11T20:36:23.536602+00:00,201,55118.70,
2026-09-11T20:37:05.306829+00:00,201,13364.10,
2026-09-11T20:36:50.569146+00:00,201,28090.33,
2026-09-11T20:37:02.625865+00:00,201,16094.83,
2026-09-11T20:36:51.288560+00:00,201,27497.48,
2026-09-11T20:37:05.070277+00:00,201,13736.06,
2026-09-11T20:37:01.647619+00:00,201,17174.12,
2026-09-11T20:36:24.303726+00:00,201,54547.63,
2026-09-11T20:37:12.707493+00:00,201,6141.54,
2026-09-11T20:36:36.779034+00:00,201,42079.07,
2026-09-11T20:36:50.276663+00:00,201,28586.37,
2026-09-11T20:37:13.496541+00:00,201,5375.15,
2026-09-11T20:36:07.206071+00:00,201,71682.81,
2026-09-11T20:37:11.678381+00:00,201,7248.33,
2026-09-11T20:36:46.613200+00:00,201,32309.46,
2026-09-11T20:35:41.859057+00:00,201,97080.25,
2026-09-11T20:37:13.004353+00:00,201,5948.07,
2026-09-11T20:37:07.762618+00:00,201,11197.63,
2026-09-11T20:36:58.466977+00:00,201,20502.78,
2026-09-11T20:36:37.418462+00:00,201,41553.38,
2026-09-11T20:36:49.229187+00:00,201,29744.46,
2026-09-11T20:37:07.442285+00:00,201,11530.29,
2026-09-11T20:36:42.162712+00:00,201,36836.00,
2026-09-11T20:36:42.942891+00:00,201,36059.48,
2026-09-11T20:36:22.455387+00:00,201,56581.74,
2026-09-11T20:36:25.403178+00:00,201,53654.73,
2026-09-11T20:37:13.688629+00:00,201,5373.85,
2026-09-11T20:36:08.442781+00:00,201,70620.41,
2026-09-11T20:37:05.686137+00:00,201,13385.33,
2026-09-11T20:36:35.261876+00:00,201,43813.85,
2026-09-11T20:37:13.731312+00:00,201,5356.08,
2026-09-11T20:36:35.557814+00:00,201,43531.19,
2026-09-11T20:37:00.188577+00:00,201,18921.11,
2026-09-11T20:37:09.721293+00:00,201,9400.97,
2026-09-11T20:36:27.214553+00:00,201,51937.13,
2026-09-11T20:36:43.745916+00:00,201,35412.98,
2026-09-11T20:37:18.851799+00:00,201,327.28,
2026-09-11T20:37:04.216823+00:00,201,14965.79,
2026-09-11T20:37:16.022838+00:00,201,3188.95,
2026-09-11T20:36:51.532129+00:00,201,27690.40,
2026-09-11T20:36:39.687619+00:00,201,39539.53,
2026-09-11T20:37:15.402443+00:00,201,3840.19,
2026-09-11T20:36:51.484540+00:00,201,27764.85,
2026-09-11T20:35:36.255144+00:00,201,102996.74,
2026-09-11T20:36:35.844450+00:00,201,43448.59,
2026-09-11T20:36:22.213599+00:00,201,57095.11,
2026-09-11T20:36:36.978329+00:00,201,42340.04,
2026-09-11T20:36:05.217803+00:00,201,74098.68,
2026-09-11T20:37:03.699234+00:00,201,15640.18,
2026-09-11T20:36:26.145264+00:00,201,53205.53,
2026-09-11T20:37:02.904547+00:00,201,16509.64,
2026-09-11T20:37:18.434320+00:00,201,983.91,
2026-09-11T20:36:17.572388+00:00,201,61858.13,
2026-09-11T20:37:13.214008+00:00,201,6216.07,
2026-09-11T20:36:48.734444+00:00,201,30707.05,
2026-09-11T20:37:07.492970+00:00,201,11990.13,
2026-09-11T20:37:04.072848+00:00,201,15413.85,
2026-09-11T20:37:09.503236+00:00,201,9984.48,
2026-09-11T20:35:42.000964+00:00,201,97482.24,
2026-09-11T20:37:09.375914+00:00,201,10124.96,
2026-09-11T20:37:19.157355+00:00,201,344.21,
2026-09-11T20:37:15.957848+00:00,201,3543.17,
2026-09-11T20:36:41.905866+00:00,201,37602.44,
2026-09-11T20:37:17.006232+00:00,201,2503.07,
2026-09-11T20:36:45.848087+00:00,201,33655.71,
2026-09-11T20:36:46.776136+00:00,201,32746.77,
2026-09-11T20:36:50.401989+00:00,201,29123.74,
2026-09-11T20:37:14.380965+00:00,201,5134.13,
2026-09-11T20:37:04.098104+00:00,201,15443.02,
2026-09-11T20:37:16.844175+00:00,201,2697.17,
2026-09-11T20:37:09.009107+00:00,201,10537.83,
2026-09-11T20:37:04.358792+00:00,201,15206.39,
2026-09-11T20:37:18.230974+00:00,201,1343.86,
2026-09-11T20:37:17.848754+00:00,201,1762.59,
2026-09-11T20:37:02.840703+00:00,201,16812.96,
2026-09-11T20:36:44.560105+00:00,201,35141.98,
2026-09-11T20:37:08.009023+00:00,201,11725.03,
2026-09-11T20:37:15.080665+00:00,201,4696.68,
2026-09-11T20:37:17.443940+00:00,201,2363.78,
2026-09-11T20:37:01.000371+00:00,201,18805.59,
2026-09-11T20:37:04.518014+00:00,201,15323.26,
2026-09-11T20:36:32.090277+00:00,201,47778.08,
2026-09-11T20:35:19.297331+00:00,201,120612.37,
2026-09-11T20:37:02.566741+00:00,201,17369.61,
2026-09-11T20:36:57.489005+00:00,201,22474.23,
2026-09-11T20:36:14.695909+00:00,201,65263.67,
2026-09-11T20:35:43.163605+00:00,201,96834.68,
2026-09-11T20:36:41.702688+00:00,201,38299.22,
2026-09-11T20:36:48.323250+00:00,201,31682.20,
2026-09-11T20:36:49.404786+00:00,201,30603.85,
2026-09-11T20:37:19.578254+00:00,201,432.53,
2026-09-11T20:36:50.129997+00:00,201,29878.82,
2026-09-11T20:37:13.937894+00:00,201,6075.65,
2026-09-11T20:36:43.132391+00:00,201,36897.19,
2026-09-11T20:37:15.156408+00:00,201,4882.74,
2026-09-11T20:37:12.182033+00:00,201,7881.21,
2026-09-11T20:36:50.203364+00:00,201,29866.55,
2026-09-11T20:37:03.988456+00:00,201,16095.78,
2026-09-11T20:37:08.424323+00:00,201,11705.68,
2026-09-11T20:36:28.169251+00:00,201,51969.21,
2026-09-11T20:36:50.162422+00:00,201,29980.02,
2026-09-11T20:36:39.286099+00:00,201,40862.31,
2026-09-11T20:36:14.012155+00:00,201,66163.85,
2026-09-11T20:37:13.688629+00:00,201,6498.94,
2026-09-11T20:36:21.083604+00:00,201,59141.80,
2026-09-11T20:37:18.567860+00:00,201,1676.13,
2026-09-11T20:36:31.330665+00:00,201,48921.56,
2026-09-11T20:37:19.880313+00:00,201,391.59,
2026-09-11T20:35:50.538607+00:00,201,89748.50,
2026-09-11T20:37:18.172328+00:00,201,2121.96,
2026-09-11T20:37:14.876085+00:00,201,5448.76,
2026-09-11T20:36:49.212501+00:00,201,31139.77,
2026-09-11T20:36:19.662140+00:00,201,60710.61,
2026-09-11T20:37:19.960806+00:00,201,424.70,
2026-09-11T20:37:09.206998+00:00,201,11195.61,
2026-09-11T20:36:11.420642+00:00,201,68983.86,
2026-09-11T20:37:17.635172+00:00,201,2785.88,
2026-09-11T20:36:39.600224+00:00,201,40849.72,
2026-09-11T20:36:40.344389+00:00,201,40114.00,
2026-09-11T20:35:54.052920+00:00,201,86414.60,
2026-09-11T20:36:59.444752+00:00,201,21019.55,
2026-09-11T20:36:02.046540+00:00,201,78434.35,
2026-09-11T20:37:18.050907+00:00,201,2432.04,
2026-09-11T20:36:47.554685+00:00,201,32956.23,
2026-09-11T20:36:50.682211+00:00,201,29834.35,
2026-09-11T20:36:57.647761+00:00,201,22926.01,
2026-09-11T20:37:08.094287+00:00,201,12492.39,
2026-09-11T20:37:19.071854+00:00,201,1528.42,
2026-09-11T20:36:49.072337+00:00,201,31533.90,
2026-09-11T20:37:19.134294+00:00,201,1479.13,
2026-09-11T20:37:07.679164+00:00,201,12934.39,
2026-09-11T20:37:12.934027+00:00,201,7697.89,
2026-09-11T20:36:29.129029+00:00,201,51518.80,
2026-09-11T20:36:20.762962+00:00,201,59888.91,
2026-09-11T20:37:03.616622+00:00,201,17044.78,
2026-09-11T20:37:08.376748+00:00,201,12281.17,
2026-09-11T20:36:35.624105+00:00,201,45055.29,
2026-09-11T20:37:16.164671+00:00,201,4535.94,
2026-09-11T20:37:08.094287+00:00,201,12680.89,
2026-09-11T20:37:09.223156+00:00,201,11551.57,
2026-09-11T20:37:18.570381+00:00,201,2218.94,
2026-09-11T20:37:12.845515+00:00,201,7960.71,
2026-09-11T20:37:20.479491+00:00,201,349.55,
2026-09-11T20:37:17.928085+00:00,201,2977.59,
2026-09-11T20:35:21.323039+00:00,201,119589.36,
2026-09-11T20:36:55.143559+00:00,201,25780.33,
2026-09-11T20:36:42.593740+00:00,201,38379.07,
2026-09-11T20:36:12.029375+00:00,201,68950.81,
2026-09-11T20:36:55.165119+00:00,201,25819.94,
2026-09-11T20:37:14.338608+00:00,201,6681.47,
2026-09-11T20:37:14.142879+00:00,201,6886.54,
2026-09-11T20:36:21.831117+00:00,201,59204.03,
2026-09-11T20:36:20.542346+00:00,201,60498.54,
2026-09-11T20:37:15.205560+00:00,201,5845.41,
2026-09-11T20:37:19.425640+00:00,201,1626.18,
2026-09-11T20:37:16.873232+00:00,201,4213.89,
2026-09-11T20:37:14.126934+00:00,201,7001.54,
2026-09-11T20:37:01.107074+00:00,201,20042.05,
2026-09-11T20:35:57.218381+00:00,201,83939.32,
2026-09-11T20:37:04.167490+00:00,201,16998.26,
2026-09-11T20:37:20.467808+00:00,201,698.27,
2026-09-11T20:36:49.506492+00:00,201,31684.45,
2026-09-11T20:36:51.358189+00:00,201,29834.10,
2026-09-11T20:36:55.544550+00:00,201,25655.11,
2026-09-11T20:36:50.537161+00:00,201,30661.03,
2026-09-11T20:36:47.563201+00:00,201,33660.11,
2026-09-11T20:37:07.711173+00:00,201,13512.19,
2026-09-11T20:37:09.908035+00:00,201,11329.00,
2026-09-11T20:37:20.913508+00:00,201,353.00,
2026-09-11T20:37:02.490818+00:00,201,18781.82,
2026-09-11T20:36:59.749716+00:00,201,21545.70,
2026-09-11T20:37:10.764089+00:00,201,10535.06,
2026-09-11T20:37:03.007851+00:00,201,18354.63,
2026-09-11T20:36:48.248772+00:00,201,33119.31,
2026-09-11T20:36:51.701884+00:00,201,29713.23,
2026-09-11T20:36:16.534767+00:00,201,64885.51,
2026-09-11T20:37:17.848754+00:00,201,3569.76,
2026-09-11T20:36:41.875971+00:00,201,39560.68,
2026-09-11T20:37:03.295371+00:00,201,18180.29,
2026-09-11T20:36:48.550112+00:00,201,32948.08,
2026-09-11T20:37:07.030625+00:00,201,14485.79,
2026-09-11T20:37:04.913210+00:00,201,16649.69,
2026-09-11T20:37:21.190942+00:00,201,392.36,
2026-09-11T20:36:24.165348+00:00,201,57421.29,
2026-09-11T20:35:56.569668+00:00,201,85018.72,
2026-09-11T20:36:42.068092+00:00,201,39527.91,
2026-09-11T20:37:14.418788+00:00,201,7180.43,
2026-09-11T20:36:13.947822+00:00,201,67665.85,
2026-09-11T20:36:52.680976+00:00,201,28935.06,
2026-09-11T20:36:13.677311+00:00,201,67949.34,
2026-09-11T20:36:13.826093+00:00,201,67803.34,
2026-09-11T20:36:57.395325+00:00,201,24242.79,
2026-09-11T20:35:36.897961+00:00,201,104749.82,
2026-09-11T20:37:21.254293+00:00,201,393.08,
2026-09-11T20:37:05.386952+00:00,201,16270.91,
2026-09-11T20:37:14.759111+00:00,201,6922.57,
2026-09-11T20:37:18.848268+00:00,201,2841.27,
2026-09-11T20:37:17.738503+00:00,201,3984.85,
2026-09-11T20:36:38.076702+00:00,201,43648.26,
2026-09-11T20:36:46.588516+00:00,201,35212.96,
2026-09-11T20:36:49.457091+00:00,201,32350.32,
2026-09-11T20:36:55.787893+00:00,201,26020.55,
2026-09-11T20:36:20.906676+00:00,201,60903.52,
2026-09-11T20:37:21.128946+00:00,201,713.56,
2026-09-11T20:36:21.937551+00:00,201,59949.34,
2026-09-11T20:37:00.843004+00:00,201,21045.64,
2026-09-11T20:37:10.327474+00:00,201,11569.42,
2026-09-11T20:37:02.072253+00:00,201,19830.12,
2026-09-11T20:37:13.875125+00:00,201,8026.11,
2026-09-11T20:36:27.980417+00:00,201,53925.34,
2026-09-11T20:37:18.919330+00:00,201,2995.71,
2026-09-11T20:37:07.057138+00:00,201,14875.66,
2026-09-11T20:37:21.558905+00:00,201,385.12,
2026-09-11T20:36:49.175101+00:00,201,32773.34,
2026-09-11T20:37:11.931830+00:00,201,10018.67,
2026-09-11T20:37:04.014280+00:00,201,17945.25,
2026-09-11T20:37:08.487824+00:00,201,13495.28,
2026-09-11T20:37:15.522798+00:00,201,6478.99,
2026-09-11T20:36:33.432252+00:00,201,48581.33,
2026-09-11T20:36:31.725946+00:00,201,50288.79,
2026-09-11T20:37:05.572662+00:00,201,16450.98,
2026-09-11T20:36:34.610504+00:00,201,47401.57,
2026-09-11T20:35:39.999314+00:00,201,102071.52,
2026-09-11T20:36:58.632323+00:00,201,23450.57,
2026-09-11T20:37:02.417092+00:00,201,19669.83,
2026-09-11T20:36:53.611094+00:00,201,28472.19,
2026-09-11T20:36:39.823177+00:00,201,42276.55,
2026-09-11T20:37:16.543274+00:00,201,5601.47,
2026-09-11T20:36:49.604809+00:00,201,32555.81,
2026-09-11T20:36:42.908912+00:00,201,39255.65,
2026-09-11T20:36:49.221045+00:00,201,32996.84,
2026-09-11T20:37:06.019155+00:00,201,16195.82,
2026-09-11T20:36:16.621660+00:00,201,65648.19,
2026-09-11T20:36:57.447618+00:00,201,24844.74,
2026-09-11T20:36:55.526762+00:00,201,26776.81,
2026-09-11T20:37:19.511126+00:00,201,2849.70,
2026-09-11T20:37:14.773078+00:00,201,7596.19,
2026-09-11T20:37:06.320201+00:00,201,16051.51,
2026-09-11T20:37:00.745734+00:00,201,21636.43,
2026-09-11T20:37:13.214008+00:00,201,9173.74,
2026-09-11T20:36:49.944785+00:00,201,32460.74,
2026-09-11T20:35:43.080519+00:00,201,99334.67,
2026-09-11T20:36:19.740223+00:00,201,62672.08,
2026-09-11T20:37:12.688127+00:00,201,9747.92,
2026-09-11T20:36:04.073817+00:00,201,78379.65,
2026-09-11T20:36:33.872674+00:00,201,48613.95,
2026-09-11T20:37:13.044232+00:00,201,9456.00,
2026-09-11T20:36:11.109420+00:00,201,71399.02,
2026-09-11T20:37:17.644605+00:00,201,4869.77,
2026-09-11T20:36:34.294066+00:00,201,48227.70,
2026-09-11T20:36:30.634806+00:00,201,51891.32,
2026-09-11T20:36:53.088458+00:00,201,29486.33,
2026-09-11T20:37:08.614879+00:00,201,13968.18,
2026-09-11T20:36:46.989727+00:00,201,35597.10,
2026-09-11T20:37:13.274429+00:00,201,9323.80,
2026-09-11T20:37:05.434362+00:00,201,17165.72,
2026-09-11T20:36:27.442808+00:00,201,55162.41,
2026-09-11T20:36:08.959608+00:00,201,73659.82,
2026-09-11T20:36:32.455204+00:00,201,50182.54,
2026-09-11T20:36:31.542354+00:00,201,51110.79,
2026-09-11T20:37:13.274429+00:00,201,9375.50,
2026-09-11T20:37:10.739851+00:00,201,11913.16,
2026-09-11T20:36:32.999639+00:00,201,49665.55,
2026-09-11T20:36:48.338836+00:00,201,34341.79,
2026-09-11T20:36:14.784061+00:00,201,67914.59,
2026-09-11T20:37:21.582369+00:00,201,1125.46,
2026-09-11T20:37:18.851799+00:00,201,3914.93,
2026-09-11T20:37:20.291750+00:00,201,2494.16,
2026-09-11T20:36:59.333021+00:00,201,23455.31,
2026-09-11T20:37:05.106377+00:00,201,17688.60,
2026-09-11T20:36:17.589800+00:00,201,65222.63,
2026-09-11T20:36:44.249381+00:00,201,38562.39,
2026-09-11T20:37:12.149980+00:00,201,10677.76,
2026-09-11T20:36:59.409883+00:00,201,23432.27,
2026-09-11T20:37:16.156369+00:00,201,6718.76,
2026-09-11T20:36:53.806775+00:00,201,29072.93,
2026-09-11T20:35:40.369508+00:00,201,102531.92,
2026-09-11T20:36:43.541203+00:00,201,39371.82,
2026-09-11T20:37:07.932614+00:00,201,14993.48,
2026-09-11T20:37:15.150391+00:00,201,7782.52,
2026-09-11T20:37:17.977602+00:00,201,4962.41,
2026-09-11T20:37:20.070424+00:00,201,2908.62,
2026-09-11T20:37:01.172656+00:00,201,21813.67,
2026-09-11T20:37:15.154405+00:00,201,7846.49,
2026-09-11T20:36:47.392145+00:00,201,35618.38,
2026-09-11T20:37:01.359643+00:00,201,21645.03,
2026-09-11T20:37:11.220253+00:00,201,11800.58,
2026-09-11T20:37:22.693726+00:00,201,351.63,
2026-09-11T20:37:16.281434+00:00,201,6783.32,
2026-09-11T20:37:18.121705+00:00,201,4941.62,
2026-09-11T20:37:22.756652+00:00,201,313.31,
2026-09-11T20:36:42.205430+00:00,201,40878.68,
2026-09-11T20:37:18.952152+00:00,201,4139.56,
2026-09-11T20:37:22.456365+00:00,201,633.97,
2026-09-11T20:37:22.790182+00:00,201,319.41,
2026-09-11T20:37:17.943952+00:00,201,5166.17,
2026-09-11T20:37:14.693465+00:00,201,8452.98,
2026-09-11T20:36:32.913156+00:00,201,50251.39,
2026-09-11T20:36:04.562739+00:00,201,78613.03,
2026-09-11T20:36:41.881578+00:00,201,41299.78,
2026-09-11T20:36:36.430273+00:00,201,46752.70,
2026-09-11T20:36:45.894115+00:00,201,37309.55,
2026-09-11T20:37:11.387568+00:00,201,11834.22,
2026-09-11T20:36:55.822128+00:00,201,27434.35,
2026-09-11T20:36:55.961472+00:00,201,27298.60,
2026-09-11T20:37:04.788585+00:00,201,18473.11,
2026-09-11T20:36:59.374374+00:00,201,23884.77,
2026-09-11T20:37:13.194514+00:00,201,10077.45,
2026-09-11T20:37:09.922592+00:00,201,13368.29,
2026-09-11T20:36:33.715179+00:00,201,49582.20,
2026-09-11T20:37:06.446231+00:00,201,16869.24,
2026-09-11T20:37:21.096016+00:00,201,2297.28,
2026-09-11T20:36:11.377776+00:00,201,72075.72,
2026-09-11T20:37:16.516999+00:00,201,6931.67,
2026-09-11T20:35:37.833141+00:00,201,105634.62,
2026-09-11T20:37:10.231138+00:00,201,13239.39,
2026-09-11T20:36:05.224203+00:00,201,78252.70,
2026-09-11T20:36:20.103831+00:00,201,63374.96,
2026-09-11T20:36:53.279828+00:00,201,30200.21,
2026-09-11T20:36:53.570265+00:00,201,29921.41,
2026-09-11T20:35:53.214788+00:00,201,90272.85,
2026-09-11T20:36:22.203190+00:00,201,61313.36,
2026-09-11T20:35:58.787348+00:00,201,84739.54,
2026-09-11T20:36:54.592930+00:00,201,29025.54,
2026-09-11T20:37:09.612571+00:00,201,14021.21,
2026-09-11T20:37:04.205362+00:00,201,19447.78,
2026-09-11T20:37:13.994096+00:00,201,9677.11,
2026-09-11T20:37:17.897883+00:00,201,5820.81,
2026-09-11T20:36:29.938699+00:00,201,53785.16,
2026-09-11T20:36:41.120822+00:00,201,42617.61,
2026-09-11T20:36:34.490830+00:00,201,49269.50,
2026-09-11T20:36:03.777879+00:00,201,80022.38,
2026-09-11T20:36:03.526228+00:00,201,80276.97,
2026-09-11T20:37:15.213320+00:00,201,8594.76,
2026-09-11T20:36:08.767326+00:00,201,75055.12,
2026-09-11T20:36:42.404865+00:00,201,41411.29,
2026-09-11T20:37:02.110307+00:00,201,21722.50,
2026-09-11T20:36:01.946553+00:00,201,81897.25,
2026-09-11T20:37:16.090095+00:00,201,7786.75,
2026-09-11T20:37:06.243005+00:00,201,17650.75,
2026-09-11T20:36:50.795815+00:00,201,33106.50,
2026-09-11T20:37:17.682148+00:00,201,6267.30,
2026-09-11T20:37:21.424546+00:00,201,2525.92,
2026-09-11T20:37:16.817266+00:00,201,7141.75,
2026-09-11T20:37:05.626367+00:00,201,18335.91,
2026-09-11T20:37:18.654850+00:00,201,5322.17,
2026-09-11T20:36:37.000226+00:00,201,46979.24,
2026-09-11T20:36:31.794126+00:00,201,52183.84,
2026-09-11T20:37:06.103774+00:00,201,17901.78,
2026-09-11T20:37:22.225529+00:00,201,1800.54,
2026-09-11T20:36:48.879659+00:00,201,35151.14,
2026-09-11T20:36:57.070955+00:00,201,26969.23,
2026-09-11T20:37:14.477084+00:00,201,9575.43,
2026-09-11T20:37:19.811209+00:00,201,4267.62,
2026-09-11T20:36:48.974550+00:00,201,35140.12,
2026-09-11T20:36:47.032467+00:00,201,37086.06,
2026-09-11T20:36:53.136498+00:00,201,30990.95,
2026-09-11T20:36:16.561856+00:00,201,67635.58,
2026-09-11T20:36:39.034048+00:00,201,45214.48,
2026-09-11T20:36:55.644307+00:00,201,28630.09,
2026-09-11T20:37:05.781046+00:00,201,18513.78,
2026-09-11T20:36:33.374686+00:00,201,50939.91,
2026-09-11T20:36:59.618990+00:00,201,24696.84,
2026-09-11T20:37:18.539555+00:00,201,5783.18,
2026-09-11T20:37:11.753696+00:00,201,12614.52,
2026-09-11T20:36:19.944824+00:00,201,64444.42,
2026-09-11T20:37:12.539053+00:00,201,11872.55,
2026-09-11T20:35:58.870483+00:00,201,85541.01,
2026-09-11T20:35:48.692357+00:00,201,95729.55,
2026-09-11T20:37:03.498417+00:00,201,20943.55,
2026-09-11T20:36:29.621791+00:00,201,54817.15,
2026-09-11T20:35:55.127816+00:00,201,89328.40,
2026-09-11T20:36:21.178840+00:00,201,63275.00,
2026-09-11T20:37:06.896275+00:00,201,17600.77,
2026-09-11T20:37:05.217169+00:00,201,19287.87,
2026-09-11T20:37:01.647619+00:00,201,22857.99,
2026-09-11T20:37:07.919977+00:00,201,16590.16,
2026-09-11T20:37:03.923211+00:00,201,20592.87,
2026-09-11T20:37:18.181046+00:00,201,6337.62,
2026-09-11T20:37:04.358792+00:00,201,20161.72,
2026-09-11T20:36:56.722801+00:00,201,27811.99,
2026-09-11T20:36:29.641357+00:00,201,54889.25,
2026-09-11T20:37:22.665436+00:00,201,1909.26,
2026-09-11T20:37:04.145645+00:00,201,20442.06,
2026-09-11T20:36:36.229903+00:00,201,48354.95,
2026-09-11T20:36:46.429809+00:00,201,38169.36,
2026-09-11T20:36:31.188333+00:00,201,53465.89,
2026-09-11T20:35:44.207348+00:00,201,100460.71,
2026-09-11T20:37:07.239759+00:00,201,17471.00,
2026-09-11T20:37:07.157399+00:00,201,17558.30,
2026-09-11T20:37:24.378751+00:00,201,353.35,
2026-09-11T20:37:01.025277+00:00,201,23704.03,
2026-09-11T20:37:06.733347+00:00,201,18008.36,
2026-09-11T20:36:34.942920+00:00,201,49840.08,
2026-09-11T20:37:19.807192+00:00,201,5018.20,
2026-09-11T20:36:57.585796+00:00,201,27262.10,
2026-09-11T20:36:18.494546+00:00,201,66378.26,
2026-09-11T20:35:30.844898+00:00,201,114031.69,
2026-09-11T20:36:38.828639+00:00,201,46060.29,
2026-09-11T20:37:07.126629+00:00,201,17775.87,
2026-09-11T20:35:58.905016+00:00,201,86048.62,
2026-09-11T20:36:41.390628+00:00,201,43576.49,
2026-09-11T20:37:19.486881+00:00,201,5496.60,
2026-09-11T20:37:05.370962+00:00,201,19614.94,
2026-09-11T20:37:15.382623+00:00,201,9615.67,
2026-09-11T20:36:27.345901+00:00,201,57663.21,
2026-09-11T20:36:48.796074+00:00,201,36224.73,
2026-09-11T20:36:05.636603+00:00,201,79385.17,
2026-09-11T20:36:11.837091+00:00,201,73178.81,
2026-09-11T20:35:16.494496+00:00,201,128542.83,
2026-09-11T20:37:04.654467+00:00,201,20432.70,
2026-09-11T20:37:06.729468+00:00,201,18375.23,
2026-09-11T20:37:08.139228+00:00,201,16973.30,
2026-09-11T20:36:58.535207+00:00,201,26607.70,
2026-09-11T20:36:34.541094+00:00,201,50659.72,
2026-09-11T20:36:40.464573+00:00,201,44757.09,
2026-09-11T20:37:23.792692+00:00,201,1443.64,
2026-09-11T20:37:24.252011+00:00,201,1013.17,
2026-09-11T20:37:20.699466+00:00,201,4568.16,
2026-09-11T20:37:03.610601+00:00,201,21669.61,
2026-09-11T20:36:30.619168+00:00,201,54680.36,
2026-09-11T20:36:53.027952+00:00,201,32294.39,
2026-09-11T20:37:18.971310+00:00,201,6373.62,
2026-09-11T20:36:38.156553+00:00,201,47192.14,
2026-09-11T20:37:23.392224+00:00,201,1964.10,
2026-09-11T20:36:43.382553+00:00,201,41982.02,
2026-09-11T20:35:42.775281+00:00,201,102598.15,
2026-09-11T20:36:31.362640+00:00,201,54024.44,
2026-09-11T20:36:53.104475+00:00,201,32287.48,
2026-09-11T20:37:03.952189+00:00,201,21448.46,
2026-09-11T20:37:15.756423+00:00,201,9652.11,
2026-09-11T20:36:42.334119+00:00,201,43106.03,
2026-09-11T20:35:56.402698+00:00,201,89044.03,
2026-09-11T20:36:55.890751+00:00,201,29557.14,
2026-09-11T20:35:12.484238+00:00,201,132967.78,
2026-09-11T20:36:37.094864+00:00,201,48370.21,
2026-09-11T20:37:04.327192+00:00,201,21148.11,
2026-09-11T20:36:28.393087+00:00,201,57086.79,
2026-09-11T20:36:59.970327+00:00,201,25511.88,
2026-09-11T20:37:01.330468+00:00,201,24153.74,
2026-09-11T20:37:19.847845+00:00,201,5696.40,
2026-09-11T20:35:41.831293+00:00,201,103717.49,
2026-09-11T20:36:31.195578+00:00,201,54381.72,
2026-09-11T20:37:22.963149+00:00,201,2624.34,
2026-09-11T20:37:09.628352+00:00,201,15966.76,
2026-09-11T20:37:07.679164+00:00,201,17909.17,
2026-09-11T20:36:58.101980+00:00,201,27505.06,
2026-09-11T20:35:50.668367+00:00,201,94938.23,
2026-09-11T20:37:25.241004+00:00,201,376.05,
2026-09-11T20:37:01.743537+00:00,201,23887.68,
2026-09-11T20:36:45.015221+00:00,201,40662.51,
2026-09-11T20:36:00.917333+00:00,201,84764.14,
2026-09-11T20:37:04.644736+00:00,201,21036.83,
2026-09-11T20:37:12.495591+00:00,201,13201.44,
2026-09-11T20:36:31.668159+00:00,201,54034.47,
2026-09-11T20:36:13.190937+00:00,201,72522.68,
2026-09-11T20:36:50.995650+00:00,201,34750.13,
2026-09-11T20:36:31.995043+00:00,201,53757.80,
2026-09-11T20:37:16.431894+00:00,201,9324.28,
2026-09-11T20:36:53.563219+00:00,201,32197.92,
2026-09-11T20:36:06.018519+00:00,201,79743.11,
2026-09-11T20:36:15.548324+00:00,201,70217.71,
2026-09-11T20:36:30.864963+00:00,201,54930.70,
2026-09-11T20:36:39.254177+00:00,201,46555.60,
2026-09-11T20:37:15.106995+00:00,201,10728.97,
2026-09-11T20:37:13.289699+00:00,201,12570.53,
2026-09-11T20:36:09.839682+00:00,201,76028.11,
2026-09-11T20:37:17.741629+00:00,201,8142.11,
2026-09-11T20:36:59.349110+00:00,201,26543.31,
2026-09-11T20:37:18.094786+00:00,201,7822.04,
2026-09-11T20:36:19.323716+00:00,201,66607.47,
2026-09-11T20:37:06.907875+00:00,201,19041.12,
2026-09-11T20:37:23.529543+00:00,201,2464.93,
2026-09-11T20:36:30.287041+00:00,201,55710.33,
2026-09-11T20:37:25.678684+00:00,201,333.15,
2026-09-11T20:36:17.856890+00:00,201,68184.49,
2026-09-11T20:37:25.744268+00:00,201,301.99,
2026-09-11T20:36:45.712895+00:00,201,40338.14,
2026-09-11T20:36:25.832092+00:00,201,60227.47,
2026-09-11T20:36:33.720716+00:00,201,52361.18,
2026-09-11T20:37:22.154147+00:00,201,3941.79,
2026-09-11T20:36:43.832156+00:00,201,42259.04,
2026-09-11T20:37:01.443473+00:00,201,24663.47,
2026-09-11T20:37:00.587576+00:00,201,25533.35,
2026-09-11T20:37:14.889154+00:00,201,11250.67,
2026-09-11T20:36:41.035033+00:00,201,45111.00,
2026-09-11T20:37:18.601856+00:00,201,7546.64,
2026-09-11T20:36:01.345484+00:00,201,84835.43,
2026-09-11T20:36:20.505904+00:00,201,65689.70,
2026-09-11T20:37:15.475428+00:00,201,10721.44,
2026-09-11T20:37:02.683194+00:00,201,23516.62,
2026-09-11T20:37:22.010320+00:00,201,4199.69,
2026-09-11T20:37:22.651084+00:00,201,3567.71,
2026-09-11T20:37:16.464307+00:00,201,9788.60,
2026-09-11T20:36:37.170405+00:00,201,49101.19,
2026-09-11T20:37:07.222992+00:00,201,19060.17,
2026-09-11T20:36:31.649498+00:00,201,54650.24,
2026-09-11T20:37:22.822145+00:00,201,3492.33,
2026-09-11T20:37:16.381381+00:00,201,9933.63,
2026-09-11T20:37:01.484253+00:00,201,24861.05,
2026-09-11T20:37:11.562707+00:00,201,14813.67,
2026-09-11T20:37:00.476388+00:00,201,25907.17,
2026-09-11T20:37:13.241866+00:00,201,13204.41,
2026-09-11T20:37:02.703023+00:00,201,23816.65,
2026-09-11T20:37:08.139228+00:00,201,18375.19,
2026-09-11T20:37:16.780470+00:00,201,9742.46,
2026-09-11T20:36:36.323637+00:00,201,50208.86,
2026-09-11T20:37:12.763536+00:00,201,13801.90,
2026-09-11T20:36:50.404507+00:00,201,36170.21,
2026-09-11T20:36:49.240212+00:00,201,37343.13,
2026-09-11T20:36:16.153126+00:00,201,70438.60,
2026-09-11T20:34:46.658675+00:00,201,159936.21,
2026-09-11T20:36:38.657902+00:00,201,47986.31,
2026-09-11T20:37:20.771692+00:00,201,5871.02,
2026-09-11T20:36:37.237967+00:00,201,49414.72,
2026-09-11T20:37:23.976625+00:00,201,2683.07,
2026-09-11T20:36:07.222414+00:00,201,79444.12,
2026-09-11T20:37:11.451103+00:00,201,15217.64,
2026-09-11T20:36:33.142881+00:00,201,53544.93,
2026-09-11T20:36:36.182008+00:00,201,50506.16,
2026-09-11T20:36:48.002464+00:00,201,38689.85,
2026-09-11T20:37:08.503735+00:00,201,18189.28,
2026-09-11T20:36:30.985674+00:00,201,55711.24,
2026-09-11T20:37:22.367635+00:00,201,4348.31,
2026-09-11T20:36:54.733311+00:00,201,32001.32,
2026-09-11T20:36:58.841194+00:00,201,27899.53,
2026-09-11T20:36:43.525743+00:00,201,43275.91,
2026-09-11T20:37:19.656613+00:00,201,7141.84,
2026-09-11T20:36:53.163115+00:00,201,33643.29,
2026-09-11T20:37:00.306698+00:00,201,26499.79,
2026-09-11T20:37:10.628427+00:00,201,16190.53,
2026-09-11T20:37:16.817266+00:00,201,10011.83,
2026-09-11T20:36:09.368492+00:00,201,77473.52,
2026-09-11T20:36:32.074081+00:00,201,54787.54,
2026-09-11T20:37:26.525136+00:00,201,327.12,
2026-09-11T20:37:20.254407+00:00,201,6616.96,
2026-09-11T20:35:25.095316+00:00,201,121795.81,
2026-09-11T20:36:39.004007+00:00,201,47886.83,
2026-09-11T20:37:02.818869+00:00,201,24104.94,
2026-09-11T20:37:26.017590+00:00,201,933.91,
2026-09-11T20:36:02.413339+00:00,201,84575.48,
2026-09-11T20:37:24.533591+00:00,201,2463.10,
2026-09-11T20:36:35.444153+00:00,201,51595.06,
2026-09-11T20:35:49.404425+00:00,201,97646.70,
2026-09-11T20:36:53.695960+00:00,201,33365.98,
2026-09-11T20:37:17.769335+00:00,201,9296.94,
2026-09-11T20:36:42.320242+00:00,201,44753.32,
2026-09-11T20:36:31.486105+00:00,201,55606.53,
2026-09-11T20:37:04.374907+00:00,201,22724.67,
2026-09-11T20:35:38.873490+00:00,201,108248.97,
2026-09-11T20:36:46.625140+00:00,201,40518.23,
2026-09-11T20:35:55.022419+00:00,201,92123.11,
2026-09-11T20:36:19.881001+00:00,201,67271.94,
2026-09-11T20:37:21.456693+00:00,201,5708.92,
2026-09-11T20:37:24.109620+00:00,201,3079.72,
2026-09-11T20:37:25.864205+00:00,201,1334.14,
2026-09-11T20:37:06.634654+00:00,201,20604.71,
2026-09-11T20:36:54.337672+00:00,201,32897.17,
2026-09-11T20:36:02.910994+00:00,201,84375.82,
2026-09-11T20:36:34.103624+00:00,201,53204.08,
2026-09-11T20:36:37.592743+00:00,201,49717.43,
2026-09-11T20:37:19.296079+00:00,201,8012.57,
2026-09-11T20:37:13.951320+00:00,201,13394.46,
2026-09-11T20:36:18.963035+00:00,201,68389.88,
2026-09-11T20:36:45.484443+00:00,201,41914.26,
2026-09-11T20:37:24.305263+00:00,201,3099.89,
2026-09-11T20:37:25.930910+00:00,201,1477.87,
2026-09-11T20:37:24.042238+00:00,201,3372.33,
2026-09-11T20:37:16.698281+00:00,201,10742.45,
2026-09-11T20:36:49.926742+00:00,201,37526.67,
2026-09-11T20:37:10.670770+00:00,201,16802.42,
2026-09-11T20:37:10.632720+00:00,201,16847.02,
2026-09-11T20:36:37.700098+00:00,201,49785.43,
2026-09-11T20:36:54.719501+00:00,201,32767.73,
2026-09-11T20:36:34.911315+00:00,201,52615.49,
2026-09-11T20:36:50.273514+00:00,201,37274.04,
2026-09-11T20:37:01.389629+00:00,201,26179.10,
2026-09-11T20:37:25.274651+00:00,201,2314.64,
2026-09-11T20:37:23.479069+00:00,201,4122.23,
2026-09-11T20:35:26.202527+00:00,201,121405.02,
2026-09-11T20:36:33.852576+00:00,201,53772.23,
2026-09-11T20:37:23.740127+00:00,201,3886.58,
2026-09-11T20:37:21.895793+00:00,201,5737.29,
2026-09-11T20:35:48.057707+00:00,201,99591.90,
2026-09-11T20:37:23.803791+00:00,201,3852.21,
2026-09-11T20:36:51.574849+00:00,201,36143.62,
2026-09-11T20:36:12.865813+00:00,201,74856.70,
2026-09-11T20:37:22.946553+00:00,201,4802.37,
2026-09-11T20:37:23.648203+00:00,201,4098.76,
2026-09-11T20:37:01.865520+00:00,201,25911.70,
2026-09-11T20:35:21.386719+00:00,201,126388.85,
2026-09-11T20:36:53.279828+00:00,201,34506.18,
2026-09-11T20:36:39.324680+00:00,201,48487.80,
2026-09-11T20:37:14.492226+00:00,201,13322.60,
2026-09-11T20:37:24.825807+00:00,201,3004.64,
2026-09-11T20:36:03.788341+00:00,201,84052.95,
2026-09-11T20:37:06.748774+00:00,201,21120.21,
2026-09-11T20:36:28.569133+00:00,201,59326.31,
2026-09-11T20:35:04.858512+00:00,201,143044.34,
2026-09-11T20:37:18.884089+00:00,201,9015.33,
2026-09-11T20:37:21.034992+00:00,201,6889.43,
2026-09-11T20:37:24.847641+00:00,201,3082.29,
2026-09-11T20:36:30.272929+00:00,201,57646.96,
2026-09-11T20:36:47.839628+00:00,201,40117.74,
2026-09-11T20:37:17.317734+00:00,201,10658.54,
2026-09-11T20:36:58.794167+00:00,201,29222.47,
2026-09-11T20:37:25.325395+00:00,201,2695.34,
2026-09-11T20:37:00.476388+00:00,201,27546.61,
2026-09-11T20:36:59.301261+00:00,201,28726.39,
2026-09-11T20:36:42.210140+00:00,201,45842.75,
2026-09-11T20:36:04.657470+00:00,201,83399.82,
2026-09-11T20:36:53.263971+00:00,201,34799.04,
2026-09-11T20:36:49.721011+00:00,201,38364.34,
2026-09-11T20:37:11.690334+00:00,201,16391.52,
2026-09-11T20:37:24.988329+00:00,201,3111.79,
2026-09-11T20:37:22.682425+00:00,201,5456.62,
2026-09-11T20:37:14.911455+00:00,201,13239.26,
2026-09-11T20:35:56.696516+00:00,201,91460.07,
2026-09-11T20:37:03.361276+00:00,201,24813.96,
2026-09-11T20:37:20.033010+00:00,201,8142.87,
2026-09-11T20:37:14.857838+00:00,201,13373.48,
2026-09-11T20:36:27.989934+00:00,201,60249.82,
2026-09-11T20:36:08.264788+00:00,201,79980.18,
2026-09-11T20:36:48.445507+00:00,201,39807.08,
2026-09-11T20:35:29.603707+00:00,201,118707.49,
2026-09-11T20:37:19.296079+00:00,201,9022.04,
2026-09-11T20:37:21.039003+00:00,201,7308.19,
2026-09-11T20:37:12.813714+00:00,201,15531.61,
2026-09-11T20:36:37.047525+00:00,201,51336.86,
2026-09-11T20:37:24.574683+00:00,201,3829.13,
2026-09-11T20:37:05.828537+00:00,201,22586.33,
2026-09-11T20:37:09.584797+00:00,201,18842.18,
2026-09-11T20:37:00.393435+00:00,201,28043.93,
2026-09-11T20:37:09.583193+00:00,201,18864.47,
2026-09-11T20:37:19.519666+00:00,201,8927.51,
2026-09-11T20:36:50.943237+00:00,201,37545.79,
2026-09-11T20:37:02.488811+00:00,201,26011.29,
2026-09-11T20:36:40.281048+00:00,201,48271.31,
2026-09-11T20:37:21.431789+00:00,201,7120.48,
2026-09-11T20:37:20.811072+00:00,201,7755.66,
2026-09-11T20:36:38.463175+00:00,201,50115.71,
2026-09-11T20:37:18.673788+00:00,201,9912.72,
2026-09-11T20:36:50.727975+00:00,201,37861.29,
2026-09-11T20:35:52.823043+00:00,201,95780.73,
2026-09-11T20:36:51.532129+00:00,201,37092.39,
2026-09-11T20:36:28.632190+00:00,201,60025.56,
2026-09-11T20:37:24.983828+00:00,201,3681.38,
2026-09-11T20:36:48.197228+00:00,201,40476.81,
2026-09-11T20:37:03.149487+00:00,201,25562.74,
2026-09-11T20:36:04.105173+00:00,201,84650.77,
2026-09-11T20:36:32.003671+00:00,201,56826.76,
2026-09-11T20:37:08.094287+00:00,201,20739.78,
2026-09-11T20:36:36.461873+00:00,201,52367.04,
2026-09-11T20:37:19.359503+00:00,201,9488.62,
2026-09-11T20:37:10.154168+00:00,201,18766.74,
2026-09-11T20:37:20.007762+00:00,201,8921.28,
2026-09-11T20:37:08.508949+00:00,201,20438.46,
2026-09-11T20:37:19.764995+00:00,201,9199.72,
2026-09-11T20:37:19.319498+00:00,201,9684.39,
2026-09-11T20:37:25.599491+00:00,201,3431.01,
2026-09-11T20:37:26.187774+00:00,201,2840.33,
2026-09-11T20:36:20.514274+00:00,201,68536.32,
2026-09-11T20:36:28.054917+00:00,201,61003.98,
2026-09-11T20:37:11.713423+00:00,201,17345.56,
2026-09-11T20:37:25.200266+00:00,201,3875.69,
2026-09-11T20:37:16.796318+00:00,201,12302.70,
2026-09-11T20:36:50.853455+00:00,201,38274.91,
2026-09-11T20:36:54.701666+00:00,201,34427.92,
2026-09-11T20:37:28.665006+00:00,201,485.76,
2026-09-11T20:37:04.739999+00:00,201,24412.62,
2026-09-11T20:37:18.752657+00:00,201,10406.76,
2026-09-11T20:36:50.314585+00:00,201,38860.79,
2026-09-11T20:36:58.305824+00:00,201,30891.34,
2026-09-11T20:37:21.881140+00:00,201,7344.73,
2026-09-11T20:37:18.402372+00:00,201,10833.16,
2026-09-11T20:35:52.877589+00:00,201,96367.62,
2026-09-11T20:37:23.993713+00:00,201,5279.92,
2026-09-11T20:37:14.699681+00:00,201,14581.72,
2026-09-11T20:37:10.340183+00:00,201,18955.31,
2026-09-11T20:36:51.722937+00:00,201,37594.26,
2026-09-11T20:36:39.350403+00:00,201,49964.16,
2026-09-11T20:37:05.044454+00:00,201,24302.34,
2026-09-11T20:37:08.297469+00:00,201,21082.61,
2026-09-11T20:36:15.160124+00:00,201,74256.02,
2026-09-11T20:36:32.456093+00:00,201,56981.36,
2026-09-11T20:36:38.779085+00:00,201,50683.71,
2026-09-11T20:36:16.960447+00:00,201,72522.50,
2026-09-11T20:36:35.017699+00:00,201,54480.21,
2026-09-11T20:36:46.747280+00:00,201,42751.89,
2026-09-11T20:36:51.579872+00:00,201,37929.06,
2026-09-11T20:36:33.003661+00:00,201,56525.63,
2026-09-11T20:37:27.850786+00:00,201,1688.72,
2026-09-11T20:36:49.987235+00:00,201,39550.80,
2026-09-11T20:37:29.205292+00:00,201,345.63,
2026-09-11T20:37:28.017665+00:00,201,1535.56,
2026-09-11T20:37:08.139228+00:00,201,21406.51,
2026-09-11T20:37:27.306638+00:00,201,2254.89,
2026-09-11T20:36:59.560737+00:00,201,30031.87,
2026-09-11T20:37:24.456516+00:00,201,5141.14,
2026-09-11T20:36:16.479706+00:00,201,73121.74,
2026-09-11T20:37:15.923077+00:00,201,13688.89,
2026-09-11T20:37:29.267943+00:00,201,345.33,
2026-09-11T20:36:39.303673+00:00,201,50312.81,
2026-09-11T20:35:30.617873+00:00,201,119011.61,
2026-09-11T20:37:25.864205+00:00,201,3788.04,
2026-09-11T20:36:05.091174+00:00,201,84581.38,
2026-09-11T20:35:59.844788+00:00,201,89856.75,
2026-09-11T20:37:07.490961+00:00,201,22230.68,
2026-09-11T20:37:09.056383+00:00,201,20692.25,
2026-09-11T20:36:37.454092+00:00,201,52314.44,
2026-09-11T20:37:27.480877+00:00,201,2351.80,
2026-09-11T20:35:35.036094+00:00,201,114808.44,
2026-09-11T20:37:15.022014+00:00,201,14837.07,
2026-09-11T20:37:27.623819+00:00,201,2236.81,
2026-09-11T20:36:35.125613+00:00,201,54741.40,
2026-09-11T20:37:07.515361+00:00,201,22389.08,
2026-09-11T20:37:16.222992+00:00,201,13679.03,
2026-09-11T20:36:18.095334+00:00,201,71832.65,
2026-09-11T20:37:07.599846+00:00,201,22344.00,
2026-09-11T20:36:34.166880+00:00,201,55781.84,
2026-09-11T20:36:24.672434+00:00,201,65311.01,
2026-09-11T20:36:40.423238+00:00,201,49570.49,
2026-09-11T20:36:33.515283+00:00,201,56497.40,
2026-09-11T20:36:55.177073+00:00,201,34856.24,
2026-09-11T20:36:22.724957+00:00,201,67321.65,
2026-09-11T20:37:03.260547+00:00,201,26810.42,
2026-09-11T20:37:17.317734+00:00,201,12761.56,
2026-09-11T20:36:22.851052+00:00,201,67262.43,
2026-09-11T20:36:55.711913+00:00,201,34421.14,
2026-09-11T20:36:48.736046+00:00,201,41398.81,
2026-09-11T20:37:06.859325+00:00,201,23266.87,
2026-09-11T20:36:59.598964+00:00,201,30574.27,
2026-09-11T20:37:26.651743+00:00,201,3523.55,
2026-09-11T20:37:18.100329+00:00,201,12093.17,
2026-09-11T20:36:11.219903+00:00,201,78982.27,
2026-09-11T20:37:25.807350+00:00,201,4412.45,
2026-09-11T20:37:00.782100+00:00,201,29523.94,
2026-09-11T20:37:03.508211+00:00,201,26801.50,
2026-09-11T20:36:39.909773+00:00,201,50404.17,
2026-09-11T20:37:16.331585+00:00,201,13984.49,
2026-09-11T20:37:28.927965+00:00,201,1391.58,
2026-09-11T20:37:02.990250+00:00,201,27367.65,
2026-09-11T20:36:41.149578+00:00,201,49213.77,
2026-09-11T20:37:24.510004+00:00,201,5885.78,
2026-09-11T20:37:08.524650+00:00,201,21910.32,
2026-09-11T20:37:20.824326+00:00,201,9616.53,
2026-09-11T20:37:12.408636+00:00,201,18073.11,
2026-09-11T20:36:36.277298+00:00,201,54207.86,
2026-09-11T20:35:40.863346+00:00,201,109628.38,
2026-09-11T20:37:19.434589+00:00,201,11087.60,
2026-09-11T20:36:02.417358+00:00,201,88098.55,
2026-09-11T20:36:42.583708+00:00,201,47951.32,
2026-09-11T20:37:19.119387+00:00,201,11421.28,
2026-09-11T20:37:21.720753+00:00,201,8819.53,
2026-09-11T20:36:03.650951+00:00,201,86897.29,
2026-09-11T20:37:26.038097+00:00,201,4517.49,
2026-09-11T20:36:57.004778+00:00,201,33555.39,
2026-09-11T20:37:26.747278+00:00,201,3832.40,
2026-09-11T20:37:24.530580+00:00,201,6061.35,
2026-09-11T20:37:03.424034+00:00,201,27179.79,
2026-09-11T20:36:49.324717+00:00,201,41314.00,
2026-09-11T20:37:01.595137+00:00,201,29058.79,
2026-09-11T20:37:24.782899+00:00,201,5896.82,
2026-09-11T20:36:08.584021+00:00,201,82104.89,
2026-09-11T20:37:00.527144+00:00,201,30182.16,
2026-09-11T20:36:37.258744+00:00,201,53462.00,
2026-09-11T20:37:25.785452+00:00,201,4952.93,
2026-09-11T20:37:23.978376+00:00,201,6773.39,
2026-09-11T20:37:08.360952+00:00,201,22392.44,
2026-09-11T20:36:59.560737+00:00,201,31212.32,
2026-09-11T20:36:41.481806+00:00,201,49306.00,
2026-09-11T20:37:07.695256+00:00,201,23093.99,
2026-09-11T20:36:45.560461+00:00,201,45256.17,
2026-09-11T20:37:15.236020+00:00,201,15600.90,
2026-09-11T20:37:23.264100+00:00,201,7582.40,
2026-09-11T20:37:30.470940+00:00,201,429.89,
2026-09-11T20:35:47.287120+00:00,201,103636.77,
2026-09-11T20:36:22.394895+00:00,201,68554.06,
2026-09-11T20:36:56.972280+00:00,201,34002.17,
2026-09-11T20:36:31.820565+00:00,201,59194.95,
2026-09-11T20:36:52.013637+00:00,201,39028.83,
2026-09-11T20:37:07.030625+00:00,201,24028.72,
2026-09-11T20:37:12.746784+00:00,201,18377.09,
2026-09-11T20:37:07.442285+00:00,201,23711.05,
2026-09-11T20:36:37.481175+00:00,201,53677.57,
2026-09-11T20:37:12.982200+00:00,201,18183.92,
2026-09-11T20:37:26.734927+00:00,201,4440.88,
2026-09-11T20:37:04.438309+00:00,201,26731.38,
2026-09-11T20:36:22.400923+00:00,201,68782.47,
2026-09-11T20:37:10.415232+00:00,201,20812.25,
2026-09-11T20:37:01.643087+00:00,201,29609.48,
2026-09-11T20:37:30.910692+00:00,201,367.01,
2026-09-11T20:37:00.204247+00:00,201,31089.33,
2026-09-11T20:37:27.818249+00:00,201,3488.61,
2026-09-11T20:37:18.191321+00:00,201,13128.61,
2026-09-11T20:36:37.332079+00:00,201,53988.79,
2026-09-11T20:37:14.873490+00:00,201,16463.85,
2026-09-11T20:35:50.199393+00:00,201,101138.85,
2026-09-11T20:36:51.722937+00:00,201,39618.22,
2026-09-11T20:35:55.444094+00:00,201,95925.95,
2026-09-11T20:37:14.842953+00:00,201,16534.47,
2026-09-11T20:37:28.760134+00:00,201,2631.34,
2026-09-11T20:36:46.813114+00:00,201,44589.58,
2026-09-11T20:37:18.671181+00:00,201,12736.19,
2026-09-11T20:37:05.609446+00:00,201,25801.03,
2026-09-11T20:37:27.308644+00:00,201,4119.57,
2026-09-11T20:36:58.497093+00:00,201,32950.99,
2026-09-11T20:36:19.611013+00:00,201,71832.00,
2026-09-11T20:36:38.955759+00:00,201,52502.99,
2026-09-11T20:37:17.523147+00:00,201,13961.69,
2026-09-11T20:37:24.051110+00:00,201,7447.12,
2026-09-11T20:37:20.832359+00:00,201,10677.00,
2026-09-11T20:37:17.566311+00:00,201,13983.01,
2026-09-11T20:36:30.634806+00:00,201,60907.75,
2026-09-11T20:37:08.166789+00:00,201,23405.48,
2026-09-11T20:37:25.944018+00:00,201,5630.70,
2026-09-11T20:37:02.952752+00:00,201,28630.40,
2026-09-11T20:37:01.993066+00:00,201,29599.19,
2026-09-11T20:36:53.327125+00:00,201,38271.53,
2026-09-11T20:37:01.377080+00:00,201,30262.34,
2026-09-11T20:37:12.940602+00:00,201,18724.02,
2026-09-11T20:36:16.179950+00:00,201,75480.02,
2026-09-11T20:37:19.026889+00:00,201,12638.63,
2026-09-11T20:36:16.361450+00:00,201,75315.03,
2026-09-11T20:36:47.839628+00:00,201,43844.13,
2026-09-11T20:37:15.176004+00:00,201,16511.83,
2026-09-11T20:36:11.188345+00:00,201,80536.98,
2026-09-11T20:36:53.090963+00:00,201,38664.64,
2026-09-11T20:37:27.468817+00:00,201,4295.88,
2026-09-11T20:37:21.680958+00:00,201,10085.16,
2026-09-11T20:36:20.179831+00:00,201,71593.26,
2026-09-11T20:36:00.414139+00:00,201,91368.50,
2026-09-11T20:36:18.400918+00:00,201,73375.75,
2026-09-11T20:37:20.684204+00:00,201,11101.88,
2026-09-11T20:36:34.199116+00:00,201,57591.20,
2026-09-11T20:36:29.326822+00:00,201,62472.23,
2026-09-11T20:37:00.882376+00:00,201,30948.06,
2026-09-11T20:37:20.349915+00:00,201,11491.34,
2026-09-11T20:36:39.533433+00:00,201,52313.69,
2026-09-11T20:37:15.833516+00:00,201,16014.12,
2026-09-11T20:36:41.859953+00:00,201,49999.61,
2026-09-11T20:37:19.256920+00:00,201,12624.85,
2026-09-11T20:36:50.426836+00:00,201,41463.45,
2026-09-11T20:36:21.858202+00:00,201,70041.30,
2026-09-11T20:36:56.492287+00:00,201,35466.80,
2026-09-11T20:37:08.092102+00:00,201,23907.72,
2026-09-11T20:37:28.025885+00:00,201,3977.02,
2026-09-11T20:36:05.382182+00:00,201,86621.06,
2026-09-11T20:37:22.211118+00:00,201,9845.61,
2026-09-11T20:36:52.436435+00:00,201,39650.49,
2026-09-11T20:37:31.765767+00:00,201,327.19,
2026-09-11T20:37:31.179087+00:00,201,919.42,
2026-09-11T20:36:59.158485+00:00,201,32962.78,
2026-09-11T20:37:30.045720+00:00,201,2078.75,
2026-09-11T20:37:04.575055+00:00,201,27553.75,
2026-09-11T20:37:29.314782+00:00,201,2843.36,
2026-09-11T20:37:31.845613+00:00,201,341.12,
2026-09-11T20:37:30.486645+00:00,201,1707.51,
2026-09-11T20:35:38.964050+00:00,201,113234.84,
2026-09-11T20:35:59.644758+00:00,201,92549.30,
2026-09-11T20:37:31.845613+00:00,201,381.80,
2026-09-11T20:36:32.858609+00:00,201,59379.32,
2026-09-11T20:37:15.499743+00:00,201,16740.02,
2026-09-11T20:37:05.657083+00:00,201,26607.44,
2026-09-11T20:37:22.434581+00:00,201,9853.77,
2026-09-11T20:37:06.098578+00:00,201,26200.95,
2026-09-11T20:36:26.351547+00:00,201,65963.63,
2026-09-11T20:37:27.626343+00:00,201,4689.98,
2026-09-11T20:36:58.354676+00:00,201,33969.47,
2026-09-11T20:37:21.291367+00:00,201,11036.36,
2026-09-11T20:37:23.458563+00:00,201,8888.84,
2026-09-11T20:35:57.521697+00:00,201,94830.66,
2026-09-11T20:36:04.781152+00:00,201,87582.09,
2026-09-11T20:37:24.952253+00:00,201,7418.75,
2026-09-11T20:37:31.076249+00:00,201,1369.61,
2026-09-11T20:35:51.638395+00:00,201,100856.19,
2026-09-11T20:36:39.049298+00:00,201,53448.02,
2026-09-11T20:37:31.832178+00:00,201,684.59,
2026-09-11T20:36:46.422725+00:00,201,46106.65,
2026-09-11T20:36:35.306879+00:00,201,57252.21,
2026-09-11T20:36:36.701044+00:00,201,55866.03,
2026-09-11T20:36:28.910878+00:00,201,63656.46,
2026-09-11T20:36:13.098276+00:00,201,79483.29,
2026-09-11T20:36:58.133907+00:00,201,34452.94,
2026-09-11T20:37:00.578400+00:00,201,32011.32,
2026-09-11T20:37:26.809648+00:00,201,5781.58,
2026-09-11T20:34:43.102443+00:00,201,169514.32,
2026-09-11T20:37:18.116377+00:00,201,14502.25,
2026-09-11T20:37:18.980191+00:00,201,13639.66,
2026-09-11T20:37:14.492226+00:00,201,18141.68,
2026-09-11T20:35:26.532261+00:00,201,126108.13,
2026-09-11T20:36:53.985420+00:00,201,38711.16,
2026-09-11T20:37:25.036558+00:00,201,7663.24,
2026-09-11T20:37:14.094933+00:00,201,18616.94,
2026-09-11T20:36:27.404897+00:00,201,65328.75,
2026-09-11T20:36:48.425457+00:00,201,44330.84,
2026-09-11T20:37:29.840249+00:00,201,2920.77,
2026-09-11T20:36:15.343139+00:00,201,77411.25,
2026-09-11T20:37:08.171055+00:00,201,24593.13,
2026-09-11T20:36:08.997137+00:00,201,83777.53,
2026-09-11T20:37:26.445812+00:00,201,6330.86,
2026-09-11T20:36:57.055111+00:00,201,35745.40,
2026-09-11T20:37:30.201757+00:00,201,2598.79,
2026-09-11T20:36:48.486255+00:00,201,44329.65,
2026-09-11T20:37:05.657083+00:00,201,27158.93,
2026-09-11T20:37:24.073110+00:00,201,8741.66,
2026-09-11T20:37:26.808029+00:00,201,6014.29,
2026-09-11T20:37:28.842234+00:00,201,3982.19,
2026-09-11T20:36:32.263687+00:00,201,60555.51,
2026-09-11T20:36:33.013209+00:00,201,59815.48,
2026-09-11T20:37:23.070135+00:00,201,9758.35,
2026-09-11T20:36:04.480714+00:00,201,88383.84,
2026-09-11T20:37:23.312045+00:00,201,9577.21,
2026-09-11T20:36:58.797693+00:00,201,34109.99,
2026-09-11T20:37:27.869034+00:00,201,5043.96,
2026-09-11T20:36:31.272179+00:00,201,61655.15,
2026-09-11T20:37:12.713519+00:00,201,20235.28,
2026-09-11T20:37:12.552859+00:00,201,20446.78,
2026-09-11T20:37:16.032447+00:00,201,17040.35,
2026-09-11T20:36:43.943230+00:00,201,49133.45,
2026-09-11T20:37:27.090281+00:00,201,6030.57,
2026-09-11T20:37:17.118563+00:00,201,16011.40,
2026-09-11T20:37:17.646912+00:00,201,15505.50,
2026-09-11T20:37:18.259113+00:00,201,14901.29,
2026-09-11T20:37:25.143244+00:00,201,8051.08,
2026-09-11T20:37:24.517530+00:00,201,8701.07,
2026-09-11T20:37:03.647699+00:00,201,29574.34,
2026-09-11T20:37:13.346791+00:00,201,19894.96,
2026-09-11T20:36:19.262891+00:00,201,73988.76,
2026-09-11T20:35:57.712352+00:00,201,95563.45,
2026-09-11T20:37:20.238474+00:00,201,13118.40,
2026-09-11T20:37:06.193757+00:00,201,27171.55,
2026-09-11T20:37:23.145978+00:00,201,10216.66,
2026-09-11T20:36:27.745183+00:00,201,65665.94,
2026-09-11T20:37:21.923015+00:00,201,11504.91,
2026-09-11T20:37:14.296516+00:00,201,19146.54,
2026-09-11T20:36:32.121476+00:00,201,61340.00,
2026-09-11T20:37:32.949776+00:00,201,534.11,
2026-09-11T20:36:52.467513+00:00,201,41024.90,
2026-09-11T20:37:18.181046+00:00,201,15325.36,
2026-09-11T20:35:45.357483+00:00,201,108154.96,
2026-09-11T20:37:19.042958+00:00,201,14474.34,
2026-09-11T20:37:20.664597+00:00,201,12882.81,
2026-09-11T20:37:05.361125+00:00,201,28209.04,
2026-09-11T20:36:52.993853+00:00,201,40613.19,
2026-09-11T20:36:53.152397+00:00,201,40476.25,
2026-09-11T20:37:30.059691+00:00,201,3584.07,
2026-09-11T20:36:43.389781+00:00,201,50298.90,
2026-09-11T20:36:29.606029+00:00,201,64111.65,
2026-09-11T20:37:15.617869+00:00,201,18109.73,
2026-09-11T20:37:18.181046+00:00,201,15555.60,
2026-09-11T20:37:22.836682+00:00,201,10901.24,
2026-09-11T20:36:29.098133+00:00,201,64665.13,
2026-09-11T20:37:31.861522+00:00,201,1901.41,
2026-09-11T20:36:02.995771+00:00,201,90784.45,
2026-09-11T20:36:58.503636+00:00,201,35307.61,
2026-09-11T20:37:17.118563+00:00,201,16726.41,
2026-09-11T20:37:33.429011+00:00,201,443.96,
2026-09-11T20:37:22.989717+00:00,201,10879.99,
2026-09-11T20:36:18.417087+00:00,201,75466.33,
2026-09-11T20:36:57.741934+00:00,201,36158.18,
2026-09-11T20:37:15.251472+00:00,201,18665.60,
2026-09-11T20:37:03.239240+00:00,201,30683.30,
2026-09-11T20:36:19.062093+00:00,201,74855.46,
2026-09-11T20:37:06.541740+00:00,201,27381.81,
2026-09-11T20:37:26.102197+00:00,201,7828.15,
2026-09-11T20:37:29.521291+00:00,201,4423.41,
2026-09-11T20:37:06.713908+00:00,201,27235.83,
2026-09-11T20:37:18.533770+00:00,201,15431.16,
2026-09-11T20:36:58.284528+00:00,201,35684.30,
2026-09-11T20:37:13.194514+00:00,201,20784.86,
2026-09-11T20:37:22.507765+00:00,201,11482.76,
2026-09-11T20:37:20.588462+00:00,201,13447.75,
2026-09-11T20:37:07.932614+00:00,201,26096.86,
2026-09-11T20:36:59.746565+00:00,201,34318.62,
2026-09-11T20:35:54.431371+00:00,201,99641.49,
2026-09-11T20:36:35.907509+00:00,201,58249.71,
2026-09-11T20:36:19.262891+00:00,201,74894.89,
2026-09-11T20:37:18.109085+00:00,201,16068.62,
2026-09-11T20:37:21.159033+00:00,201,13074.23,
2026-09-11T20:36:17.428498+00:00,201,76819.37,
2026-09-11T20:36:56.013130+00:00,201,38255.95,
2026-09-11T20:37:01.563398+00:00,201,32746.50,
2026-09-11T20:36:37.822254+00:00,201,56490.79,
2026-09-11T20:37:17.430311+00:00,201,16896.07,
2026-09-11T20:37:09.472151+00:00,201,24857.61,
2026-09-11T20:36:54.795316+00:00,201,39602.25,
2026-09-11T20:37:22.416164+00:00,201,12023.71,
2026-09-11T20:37:00.993454+00:00,201,33482.77,
2026-09-11T20:37:26.556860+00:00,201,7921.60,
2026-09-11T20:37:31.321718+00:00,201,3193.58,
2026-09-11T20:36:47.886961+00:00,201,46633.49,
2026-09-11T20:37:27.963769+00:00,201,6604.47,
2026-09-11T20:36:29.590527+00:00,201,64988.59,
2026-09-11T20:36:42.404865+00:00,201,52195.12,
2026-09-11T20:36:46.302370+00:00,201,48303.53,
2026-09-11T20:37:14.365123+00:00,201,20271.27,
2026-09-11T20:36:44.688181+00:00,201,49946.80,
2026-09-11T20:36:45.187322+00:00,201,49471.44,
2026-09-11T20:36:08.227172+00:00,201,86443.98,
2026-09-11T20:37:03.327465+00:00,201,31348.65,
2026-09-11T20:37:06.446231+00:00,201,28240.44,
2026-09-11T20:37:27.925776+00:00,201,6778.06,
2026-09-11T20:36:37.410877+00:00,201,57300.60,
2026-09-11T20:35:59.594895+00:00,201,95125.26,
2026-09-11T20:37:31.306302+00:00,201,3449.83,
2026-09-11T20:37:12.154944+00:00,201,22646.29,
2026-09-11T20:36:36.699027+00:00,201,58112.73,
2026-09-11T20:37:27.601550+00:00,201,7225.94,
2026-09-11T20:37:22.498066+00:00,201,12332.28,
2026-09-11T20:37:23.075683+00:00,201,11806.06,
2026-09-11T20:37:08.312791+00:00,201,26601.51,
2026-09-11T20:37:16.704039+00:00,201,18217.53,
2026-09-11T20:36:25.344678+00:00,201,69578.35,
2026-09-11T20:37:09.147482+00:00,201,25785.91,
2026-09-11T20:37:27.925776+00:00,201,7007.48,
2026-09-11T20:37:32.096438+00:00,201,2847.09,
2026-09-11T20:36:14.455184+00:00,201,80502.31,
2026-09-11T20:37:06.782844+00:00,201,28198.26,
2026-09-11T20:37:26.643138+00:00,201,8366.58,
2026-09-11T20:37:27.750417+00:00,201,7261.03,
2026-09-11T20:37:32.433607+00:00,201,2579.41,
2026-09-11T20:37:20.007762+00:00,201,15011.82,
2026-09-11T20:36:40.392899+00:00,201,54660.92,
2026-09-11T20:37:03.801445+00:00,201,31272.32,
2026-09-11T20:37:11.144100+00:00,201,23944.85,
2026-09-11T20:37:34.653113+00:00,201,435.00,
2026-09-11T20:36:41.434141+00:00,201,53660.05,
2026-09-11T20:36:17.206613+00:00,201,77920.33,
2026-09-11T20:36:19.556503+00:00,201,75636.99,
2026-09-11T20:36:23.677258+00:00,201,71518.00,
2026-09-11T20:36:04.389051+00:00,201,90817.21,
2026-09-11T20:37:14.724752+00:00,201,20533.08,
2026-09-11T20:36:50.069364+00:00,201,45211.60,
2026-09-11T20:37:09.518445+00:00,201,25784.61,
2026-09-11T20:36:16.072062+00:00,201,79236.89,
2026-09-11T20:37:05.370962+00:00,201,29935.27,
2026-09-11T20:36:25.418916+00:00,201,69903.14,
2026-09-11T20:37:25.744268+00:00,201,9580.82,
2026-09-11T20:36:24.697631+00:00,201,70679.53,
2026-09-11T20:36:16.672321+00:00,201,78718.15,
2026-09-11T20:37:24.120846+00:00,201,11300.47,
2026-09-11T20:37:22.282005+00:00,201,13151.88,
2026-09-11T20:37:19.319498+00:00,201,16128.95,
2026-09-11T20:37:35.015853+00:00,201,440.27,
2026-09-11T20:36:19.688082+00:00,201,75790.60,
2026-09-11T20:36:51.358189+00:00,201,44123.01,
2026-09-11T20:37:15.989492+00:00,201,19508.88,
2026-09-11T20:37:32.661530+00:00,201,2846.67,
2026-09-11T20:36:51.595943+00:00,201,43917.97,
2026-09-11T20:37:31.798729+00:00,201,3720.43,
2026-09-11T20:37:25.445603+00:00,201,10076.79,
2026-09-11T20:37:17.333429+00:00,201,18184.32,
2026-09-11T20:36:28.548989+00:00,201,66980.76,
2026-09-11T20:37:29.493391+00:00,201,6064.16,
2026-09-11T20:37:02.150844+00:00,201,33425.45,
2026-09-11T20:36:42.116267+00:00,201,53493.63,
2026-09-11T20:37:00.393435+00:00,201,35221.85,
2026-09-11T20:36:21.328787+00:00,201,74305.80,
2026-09-11T20:36:42.760346+00:00,201,52905.30,
2026-09-11T20:37:31.878001+00:00,201,3782.51,
2026-09-11T20:37:29.142411+00:00,201,6518.70,
2026-09-11T20:37:00.306698+00:00,201,35385.60,
2026-09-11T20:37:29.906070+00:00,201,5805.84,
2026-09-11T20:37:35.373970+00:00,201,349.98,
2026-09-11T20:37:32.123973+00:00,201,3612.23,
2026-09-11T20:36:43.927192+00:00,201,51824.73,
2026-09-11T20:37:31.163256+00:00,201,4598.01,
2026-09-11T20:37:24.109620+00:00,201,11657.91,
2026-09-11T20:37:31.781835+00:00,201,4000.73,
2026-09-11T20:36:53.072421+00:00,201,42710.86,
2026-09-11T20:36:31.816719+00:00,201,63968.59,
2026-09-11T20:37:27.719962+00:00,201,8069.07,
2026-09-11T20:37:05.876160+00:00,201,29917.84,
2026-09-11T20:37:25.615516+00:00,201,10178.07,
2026-09-11T20:36:47.191282+00:00,201,48668.69,
2026-09-11T20:36:56.037839+00:00,201,39825.60,
2026-09-11T20:37:01.421441+00:00,201,34464.66,
2026-09-11T20:35:42.139748+00:00,201,113755.52,
2026-09-11T20:37:28.553854+00:00,201,7364.84,
2026-09-11T20:37:02.922285+00:00,201,33001.80,
2026-09-11T20:37:09.691700+00:00,201,26303.47,
2026-09-11T20:37:05.058906+00:00,201,30986.60,
2026-09-11T20:37:35.015853+00:00,201,1028.33,
2026-09-11T20:37:31.447736+00:00,201,4625.98,
2026-09-11T20:37:21.656555+00:00,201,14439.19,
2026-09-11T20:37:06.272659+00:00,201,29850.39,
2026-09-11T20:37:23.950462+00:00,201,12174.65,
2026-09-11T20:36:47.685645+00:00,201,48438.26,
2026-09-11T20:36:09.694047+00:00,201,86436.26,
2026-09-11T20:36:39.089604+00:00,201,57081.08,
2026-09-11T20:37:19.224063+00:00,201,16950.52,
2026-09-11T20:37:08.392715+00:00,201,27776.14,
2026-09-11T20:37:28.014556+00:00,201,8168.55,
2026-09-11T20:37:09.518445+00:00,201,26675.89,
2026-09-11T20:36:48.679819+00:00,201,47521.89,
2026-09-11T20:36:15.863172+00:00,201,80346.14,
2026-09-11T20:37:04.076873+00:00,201,32145.28,
2026-09-11T20:37:23.495163+00:00,201,12740.07,
2026-09-11T20:37:34.684529+00:00,201,1556.47,
2026-09-11T20:36:56.052384+00:00,201,40232.50,
2026-09-11T20:37:30.031280+00:00,201,6262.34,
2026-09-11T20:37:28.309264+00:00,201,7972.46,
2026-09-11T20:37:06.952067+00:00,201,29340.93,
2026-09-11T20:35:41.626745+00:00,201,114680.38,
2026-09-11T20:37:06.743303+00:00,201,29580.12,
2026-09-11T20:37:00.045900+00:00,201,36282.17,
2026-09-11T20:37:17.897883+00:00,201,18424.92,
2026-09-11T20:37:00.583663+00:00,201,35756.04,
2026-09-11T20:35:57.242015+00:00,201,99166.30,
2026-09-11T20:37:27.435100+00:00,201,8972.70,
2026-09-11T20:36:38.423488+00:00,201,58005.78,
2026-09-11T20:37:34.036361+00:00,201,2406.85,
2026-09-11T20:37:34.557366+00:00,201,1890.76,
2026-09-11T20:37:13.266854+00:00,201,23202.75,
2026-09-11T20:36:56.935236+00:00,201,39556.30,
2026-09-11T20:36:00.810503+00:00,201,95683.46,
2026-09-11T20:37:26.271492+00:00,201,10233.69,
2026-09-11T20:37:21.627098+00:00,201,14906.90,
2026-09-11T20:37:26.461669+00:00,201,10097.87,
2026-09-11T20:37:05.726519+00:00,201,30868.87,
2026-09-11T20:36:10.980699+00:00,201,85621.79,
2026-09-11T20:37:14.365123+00:00,201,22255.97,
2026-09-11T20:36:10.001503+00:00,201,86654.10,
2026-09-11T20:37:06.456654+00:00,201,30212.43,
2026-09-11T20:36:59.285398+00:00,201,37393.49,
2026-09-11T20:37:02.761785+00:00,201,33957.66,
2026-09-11T20:36:02.710247+00:00,201,94012.28,
2026-09-11T20:37:21.881140+00:00,201,14848.55,
2026-09-11T20:36:39.952665+00:00,201,56797.94,
2026-09-11T20:37:20.572780+00:00,201,16177.18,
2026-09-11T20:37:14.055035+00:00,201,22757.58,
2026-09-11T20:35:52.776645+00:00,201,104089.60,
2026-09-11T20:36:45.795595+00:00,201,51079.69,
2026-09-11T20:37:27.858035+00:00,201,9052.77,
2026-09-11T20:37:32.808864+00:00,201,4121.27,
2026-09-11T20:37:33.880709+00:00,201,3074.37,
2026-09-11T20:36:41.002203+00:00,201,55984.63,
2026-09-11T20:37:28.017665+00:00,201,8979.08,
2026-09-11T20:37:28.974747+00:00,201,8041.38,
2026-09-11T20:37:33.607652+00:00,201,3414.02,
2026-09-11T20:37:22.289649+00:00,201,14730.41,
2026-09-11T20:36:45.728540+00:00,201,51307.02,
2026-09-11T20:36:53.775164+00:00,201,43267.04,
2026-09-11T20:36:16.234400+00:00,201,80840.34,
2026-09-11T20:36:37.197332+00:00,201,59875.35,
2026-09-11T20:37:33.373863+00:00,201,3713.34,
2026-09-11T20:37:35.046551+00:00,201,2056.58,
2026-09-11T20:36:47.966528+00:00,201,49158.37,
2026-09-11T20:37:31.670213+00:00,201,5468.14,
2026-09-11T20:35:42.976737+00:00,201,114188.08,
2026-09-11T20:37:20.324548+00:00,201,16862.01,
2026-09-11T20:36:17.498043+00:00,201,79694.31,
2026-09-11T20:37:33.988292+00:00,201,3207.41,
2026-09-11T20:36:24.133808+00:00,201,73093.31,
2026-09-11T20:37:24.592773+00:00,201,12653.64,
2026-09-11T20:37:23.171942+00:00,201,14097.43,
2026-09-11T20:37:10.686980+00:00,201,26596.16,
2026-09-11T20:37:14.273134+00:00,201,23040.49,
2026-09-11T20:37:14.783742+00:00,201,22542.49,
2026-09-11T20:36:11.979262+00:00,201,85354.04,
2026-09-11T20:37:09.009107+00:00,201,28317.72,
2026-09-11T20:36:33.398297+00:00,201,63965.70,
2026-09-11T20:37:26.019691+00:00,201,11359.16,
2026-09-11T20:37:18.402372+00:00,201,18978.16,
2026-09-11T20:37:02.922285+00:00,201,34488.20,
2026-09-11T20:36:05.185672+00:00,201,92235.19,
2026-09-11T20:37:14.500509+00:00,201,22950.47,
2026-09-11T20:37:15.776347+00:00,201,21688.59,
2026-09-11T20:36:56.505014+00:00,201,40959.29,
2026-09-11T20:37:16.672735+00:00,201,20788.73,
2026-09-11T20:36:58.955723+00:00,201,38522.51,
2026-09-11T20:36:56.445924+00:00,201,41040.71,
2026-09-11T20:37:04.425769+00:00,201,33065.89,
2026-09-11T20:36:27.275294+00:00,201,70222.31,
2026-09-11T20:36:44.954584+00:00,201,52562.52,
2026-09-11T20:37:05.292083+00:00,201,32254.37,
2026-09-11T20:37:07.711173+00:00,201,29844.78,
2026-09-11T20:36:55.211238+00:00,201,42368.70,
2026-09-11T20:37:24.912244+00:00,201,12695.19,
2026-09-11T20:37:14.317441+00:00,201,23287.12,
2026-09-11T20:37:22.598173+00:00,201,15092.15,
2026-09-11T20:35:44.094078+00:00,201,113602.79,
2026-09-11T20:36:47.191282+00:00,201,50511.30,
2026-09-11T20:37:34.313452+00:00,201,3406.24,
2026-09-11T20:36:40.896574+00:00,201,56819.73,
2026-09-11T20:37:23.491147+00:00,201,14263.79,
2026-09-11T20:37:23.555630+00:00,201,14224.58,
2026-09-11T20:37:07.272566+00:00,201,30525.55,
2026-09-11T20:36:42.139606+00:00,201,55712.68,
2026-09-11T20:37:24.442732+00:00,201,13415.01,
2026-09-11T20:37:29.330331+00:00,201,8555.23,
2026-09-11T20:37:05.908215+00:00,201,31994.77,
2026-09-11T20:36:23.192748+00:00,201,74717.80,
2026-09-11T20:35:57.980765+00:00,201,99938.48,
2026-09-11T20:37:29.900997+00:00,201,8034.77,
2026-09-11T20:37:14.941452+00:00,201,22999.88,
2026-09-11T20:36:46.885127+00:00,201,51064.30,
2026-09-11T20:37:03.311920+00:00,201,34652.68,
2026-09-11T20:37:31.115228+00:00,201,6844.53,
2026-09-11T20:37:01.310484+00:00,201,36650.88,
2026-09-11T20:36:37.658971+00:00,201,60312.77,
2026-09-11T20:37:20.981730+00:00,201,17017.01,
2026-09-11T20:36:38.169143+00:00,201,59848.29,
2026-09-11T20:36:08.244972+00:00,201,89777.19,
2026-09-11T20:36:30.998274+00:00,201,67034.15,
2026-09-11T20:36:23.469682+00:00,201,74600.23,
2026-09-11T20:36:16.969671+00:00,201,81130.81,
2026-09-11T20:37:29.060693+00:00,201,9077.50,
2026-09-11T20:37:34.936822+00:00,201,3243.22,
2026-09-11T20:37:17.965019+00:00,201,20212.79,
2026-09-11T20:35:31.766939+00:00,201,126422.10,
2026-09-11T20:36:48.957825+00:00,201,49225.86,
2026-09-11T20:36:54.176152+00:00,201,44048.02,
2026-09-11T20:37:18.601856+00:00,201,19626.25,
2026-09-11T20:36:27.939008+00:00,201,70300.38,
2026-09-11T20:37:24.236220+00:00,201,14003.66,
2026-09-11T20:37:25.537511+00:00,201,12707.23,
2026-09-11T20:37:26.196311+00:00,201,12061.16,
2026-09-11T20:37:17.614448+00:00,201,20660.36,
2026-09-11T20:37:11.865702+00:00,201,26407.99,
2026-09-11T20:37:03.676176+00:00,201,34619.59,
2026-09-11T20:37:25.362577+00:00,201,12943.23,
2026-09-11T20:37:01.785642+00:00,201,36527.16,
2026-09-11T20:35:39.175980+00:00,201,119155.73,
2026-09-11T20:37:34.637048+00:00,201,3699.92,
2026-09-11T20:37:24.315296+00:00,201,14037.11,
2026-09-11T20:34:47.816716+00:00,201,170567.75,
2026-09-11T20:37:01.140960+00:00,201,37260.26,
2026-09-11T20:36:06.316569+00:00,201,92092.63,
2026-09-11T20:37:22.909980+00:00,201,15507.50,
2026-09-11T20:37:23.194810+00:00,201,15250.69,
2026-09-11T20:37:28.675801+00:00,201,9781.53,
2026-09-11T20:37:34.510256+00:00,201,3954.35,
2026-09-11T20:36:30.588219+00:00,201,67882.66,
2026-09-11T20:36:29.432490+00:00,201,69049.54,
2026-09-11T20:36:05.271951+00:00,201,93266.73,
2026-09-11T20:36:40.142842+00:00,201,58404.50,
2026-09-11T20:37:17.256208+00:00,201,21295.82,
2026-09-11T20:36:28.169251+00:00,201,70391.91,
2026-09-11T20:37:16.559149+00:00,201,22000.15,
2026-09-11T20:37:08.466967+00:00,201,30095.70,
2026-09-11T20:37:27.027055+00:00,201,11534.02,
2026-09-11T20:36:59.972334+00:00,201,38603.40,
2026-09-11T20:36:54.645621+00:00,201,43949.66,
2026-09-11T20:37:04.854662+00:00,201,33753.90,
2026-09-11T20:36:44.607529+00:00,201,54012.27,
2026-09-11T20:36:15.137803+00:00,201,83528.15,
2026-09-11T20:36:49.723011+00:00,201,48972.93,
2026-09-11T20:37:32.098959+00:00,201,6623.18,
2026-09-11T20:37:03.566180+00:00,201,35168.69,
2026-09-11T20:37:25.753811+00:00,201,13123.58,
2026-09-11T20:37:18.052677+00:00,201,20817.48,
2026-09-11T20:37:32.896714+00:00,201,5989.97,
2026-09-11T20:36:39.447224+00:00,201,59441.89,
2026-09-11T20:36:58.078003+00:00,201,40827.84,
2026-09-11T20:35:37.246757+00:00,201,121664.97,
2026-09-11T20:36:45.882641+00:00,201,53034.62,
2026-09-11T20:37:26.862924+00:00,201,12078.11,
2026-09-11T20:36:09.242903+00:00,201,89702.02,
2026-09-11T20:37:22.587316+00:00,201,16370.11,
2026-09-11T20:37:02.888615+00:00,201,36066.77,
2026-09-11T20:36:50.051287+00:00,201,48915.01,
2026-09-11T20:37:01.711110+00:00,201,37291.42,
2026-09-11T20:36:57.256692+00:00,201,41761.30,
2026-09-11T20:36:42.899379+00:00,201,56162.53,
2026-09-11T20:37:09.771302+00:00,201,29311.49,
2026-09-11T20:37:08.880715+00:00,201,30200.91,
2026-09-11T20:37:05.749545+00:00,201,33357.84,
2026-09-11T20:36:33.932439+00:00,201,65183.75,
2026-09-11T20:37:23.254230+00:00,201,15860.74,
2026-09-11T20:36:51.622013+00:00,201,47511.65,
2026-09-11T20:35:30.815100+00:00,201,128334.70,
2026-09-11T20:37:15.513016+00:00,201,23642.96,
2026-09-11T20:36:57.022202+00:00,201,42132.49,
2026-09-11T20:37:10.811166+00:00,201,28379.68,
2026-09-11T20:37:13.375049+00:00,201,25822.94,
2026-09-11T20:37:11.165284+00:00,201,28049.56,
2026-09-11T20:36:32.034218+00:00,201,67193.70,
2026-09-11T20:37:00.000933+00:00,201,39237.92,
2026-09-11T20:37:03.846164+00:00,201,35404.38,
2026-09-11T20:37:34.241286+00:00,201,5038.76,
2026-09-11T20:36:03.042576+00:00,201,96264.56,
2026-09-11T20:36:59.603014+00:00,201,39699.85,
2026-09-11T20:36:57.119438+00:00,201,42206.98,
2026-09-11T20:36:50.420410+00:00,201,48905.46,
2026-09-11T20:36:52.197929+00:00,201,47168.09,
2026-09-11T20:37:06.111412+00:00,201,33294.93,
2026-09-11T20:37:06.098578+00:00,201,33310.56,
2026-09-11T20:37:32.952287+00:00,201,6479.25,
2026-09-11T20:36:40.202745+00:00,201,59226.70,
2026-09-11T20:37:31.147221+00:00,201,8289.46,
2026-09-11T20:37:29.048291+00:00,201,10399.60,
2026-09-11T20:37:16.442140+00:00,201,23016.96,
2026-09-11T20:37:26.891877+00:00,201,12578.54,
2026-09-11T20:37:08.235569+00:00,201,31239.19,
2026-09-11T20:36:26.557398+00:00,201,72935.15,
2026-09-11T20:37:25.122930+00:00,201,14391.20,
2026-09-11T20:37:34.530564+00:00,201,4985.36,
2026-09-11T20:36:58.242708+00:00,201,41316.04,
2026-09-11T20:37:21.563454+00:00,201,18015.06,
2026-09-11T20:37:30.974431+00:00,201,8608.18,
2026-09-11T20:37:26.088486+00:00,201,13503.75,
2026-09-11T20:36:48.550112+00:00,201,51045.54,
2026-09-11T20:37:24.705572+00:00,201,14895.31,
2026-09-11T20:37:28.586163+00:00,201,11027.64,
2026-09-11T20:37:20.222468+00:00,201,19398.09,
2026-09-11T20:37:26.799401+00:00,201,12834.91,
2026-09-11T20:37:03.480366+00:00,201,36157.76,
2026-09-11T20:37:04.242246+00:00,201,35405.89,
2026-09-11T20:37:20.376873+00:00,201,19288.64,
2026-09-11T20:37:07.323380+00:00,201,32369.30,
2026-09-11T20:37:31.486187+00:00,201,8239.76,
2026-09-11T20:37:30.748216+00:00,201,8982.86,
2026-09-11T20:37:08.328891+00:00,201,31424.48,
2026-09-11T20:36:51.018533+00:00,201,48762.08,
2026-09-11T20:37:19.419502+00:00,201,20379.90,
2026-09-11T20:36:59.688195+00:00,201,40134.88,
2026-09-11T20:37:18.633834+00:00,201,21194.52,
2026-09-11T20:37:30.013170+00:00,201,9817.17,
2026-09-11T20:37:14.288160+00:00,201,25558.84,
2026-09-11T20:36:36.769243+00:00,201,63085.93,
2026-09-11T20:37:03.998228+00:00,201,35875.61,
2026-09-11T20:37:22.434581+00:00,201,17502.39,
2026-09-11T20:36:21.495411+00:00,201,78478.23,
2026-09-11T20:36:53.731295+00:00,201,46256.58,
2026-09-11T20:37:25.678684+00:00,201,14340.81,
2026-09-11T20:37:32.086410+00:00,201,7943.91,
2026-09-11T20:37:20.190701+00:00,201,19850.64,
2026-09-11T20:36:47.536050+00:00,201,52512.96,
2026-09-11T20:36:53.422578+00:00,201,46633.94,
2026-09-11T20:37:04.295432+00:00,201,35781.28,
2026-09-11T20:37:32.231667+00:00,201,7882.85,
2026-09-11T20:37:28.388594+00:00,201,11737.27,
2026-09-11T20:36:35.328723+00:00,201,64798.34,
2026-09-11T20:37:06.146238+00:00,201,34010.15,
2026-09-11T20:37:18.338791+00:00,201,21826.23,
2026-09-11T20:37:29.142411+00:00,201,11025.58,
2026-09-11T20:36:23.407889+00:00,201,76780.82,
2026-09-11T20:37:18.539555+00:00,201,21666.32,
2026-09-11T20:36:23.628094+00:00,201,76602.70,
2026-09-11T20:36:41.245010+00:00,201,59000.14,
2026-09-11T20:37:16.032447+00:00,201,24259.97,
2026-09-11T20:37:08.139228+00:00,201,32153.14,
2026-09-11T20:35:52.684692+00:00,201,107635.03,
2026-09-11T20:37:31.654065+00:00,201,8668.81,
2026-09-11T20:36:28.768089+00:00,201,71587.93,
2026-09-11T20:37:12.813714+00:00,201,27552.26,
2026-09-11T20:37:04.327192+00:00,201,36048.98,
2026-09-11T20:37:33.301607+00:00,201,7083.30,
2026-09-11T20:37:10.262681+00:00,201,30150.90,
2026-09-11T20:36:52.690269+00:00,201,47727.65,
2026-09-11T20:37:28.436288+00:00,201,11981.78,
2026-09-11T20:37:05.559405+00:00,201,34888.34,
2026-09-11T20:37:26.689071+00:00,201,13758.83,
2026-09-11T20:37:00.702340+00:00,201,39793.48,
2026-09-11T20:37:02.602859+00:00,201,37899.01,
2026-09-11T20:37:27.404994+00:00,201,13102.65,
2026-09-11T20:37:05.022825+00:00,201,35497.63,
2026-09-11T20:37:16.593013+00:00,201,23926.68,
2026-09-11T20:36:48.238724+00:00,201,52302.11,
2026-09-11T20:37:28.246092+00:00,201,12300.01,
2026-09-11T20:37:31.337439+00:00,201,9234.90,
2026-09-11T20:37:04.944618+00:00,201,35633.24,
2026-09-11T20:37:30.126665+00:00,201,10446.96,
2026-09-11T20:37:17.097913+00:00,201,23506.00,
2026-09-11T20:37:04.797399+00:00,201,35839.67,
2026-09-11T20:37:00.220363+00:00,201,40432.74,
2026-09-11T20:37:19.077465+00:00,201,21582.79,
2026-09-11T20:37:03.339239+00:00,201,37320.71,
2026-09-11T20:37:17.573492+00:00,201,23102.74,
2026-09-11T20:36:00.825368+00:00,201,99865.51,
2026-09-11T20:37:16.817266+00:00,201,23872.33,
2026-09-11T20:37:14.380965+00:00,201,26313.99,
2026-09-11T20:37:33.134449+00:00,201,7564.10,
2026-09-11T20:36:16.179950+00:00,201,84537.00,
2026-09-11T20:36:30.096381+00:00,201,70621.24,
2026-09-11T20:36:56.094340+00:00,201,44635.41,
2026-09-11T20:37:20.508895+00:00,201,20231.48,
2026-09-11T20:37:26.836907+00:00,201,13940.46,
2026-09-11T20:37:25.838267+00:00,201,14949.79,
2026-09-11T20:36:59.364940+00:00,201,41429.84,
2026-09-11T20:36:45.784619+00:00,201,55038.82,
2026-09-11T20:35:37.641859+00:00,201,123223.22,
2026-09-11T20:36:56.743400+00:00,201,44122.43,
2026-09-11T20:37:14.831709+00:00,201,26056.13,
2026-09-11T20:37:05.974216+00:00,201,34920.90,
2026-09-11T20:37:28.436288+00:00,201,12493.89,
2026-09-11T20:37:15.889794+00:00,201,25036.83,
2026-09-11T20:37:21.415397+00:00,201,19543.19,
2026-09-11T20:36:49.422142+00:00,201,51545.54,
2026-09-11T20:37:27.480877+00:00,201,13488.35,
2026-09-11T20:36:19.501923+00:00,201,81475.29,
2026-09-11T20:37:16.181388+00:00,201,24801.48,
2026-09-11T20:37:25.571151+00:00,201,15413.88,
2026-09-11T20:37:25.471467+00:00,201,15515.56,
2026-09-11T20:36:17.904573+00:00,201,83096.20,
2026-09-11T20:36:51.073742+00:00,201,49951.44,
2026-09-11T20:36:05.687808+00:00,201,95384.76,
2026-09-11T20:37:35.131203+00:00,201,5953.11,
2026-09-11T20:37:25.342698+00:00,201,15739.01,
2026-09-11T20:37:02.555746+00:00,201,38552.47,
2026-09-11T20:37:08.171055+00:00,201,32932.45,
2026-09-11T20:37:31.956519+00:00,201,9155.71,
2026-09-11T20:37:33.444402+00:00,201,7681.14,
2026-09-11T20:37:26.689071+00:00,201,14454.21,
2026-09-11T20:37:08.202637+00:00,201,32944.57,
2026-09-11T20:37:30.441537+00:00,201,10720.89,
2026-09-11T20:37:19.626973+00:00,201,21547.33,
2026-09-11T20:37:12.919066+00:00,201,28273.19,
2026-09-11T20:36:22.779383+00:00,201,78421.17,
2026-09-11T20:37:00.556565+00:00,201,40642.31,
2026-09-11T20:37:11.357243+00:00,201,29891.67,
2026-09-11T20:36:52.722104+00:00,201,48560.39,
2026-09-11T20:37:06.840839+00:00,201,34445.15,
2026-09-11T20:37:26.916397+00:00,201,14366.36,
2026-09-11T20:36:47.995442+00:00,201,53304.80,
2026-09-11T20:37:35.257277+00:00,201,6065.96,
2026-09-11T20:37:25.021438+00:00,201,16303.20,
2026-09-11T20:37:13.826629+00:00,201,27491.37,
2026-09-11T20:37:08.154935+00:00,201,33170.14,
2026-09-11T20:36:57.823325+00:00,201,43507.43,
2026-09-11T20:37:01.262520+00:00,201,40100.08,
2026-09-11T20:36:45.048366+00:00,201,56346.00,
2026-09-11T20:36:46.651971+00:00,201,54743.39,
2026-09-11T20:37:09.218155+00:00,201,32179.40,
2026-09-11T20:36:14.867665+00:00,201,86548.16,
2026-09-11T20:37:17.317734+00:00,201,24098.67,
2026-09-11T20:37:24.421515+00:00,201,17000.21,
2026-09-11T20:37:28.564144+00:00,201,12855.18,
2026-09-11T20:37:21.223039+00:00,201,20191.62,
2026-09-11T20:37:06.632516+00:00,201,34803.18,
2026-09-11T20:37:04.778676+00:00,201,36654.92,
2026-09-11T20:37:11.881790+00:00,201,29574.63,
2026-09-11T20:36:35.351944+00:00,201,66148.60,
2026-09-11T20:37:21.058820+00:00,201,20474.35,
2026-09-11T20:37:21.223039+00:00,201,20321.31,
2026-09-11T20:37:15.256997+00:00,201,26313.89,
2026-09-11T20:37:34.162875+00:00,201,7407.04,
2026-09-11T20:36:32.456093+00:00,201,69121.28,
2026-09-11T20:36:50.346748+00:00,201,51236.83,
2026-09-11T20:36:27.275294+00:00,201,74300.39,
2026-09-11T20:37:01.867527+00:00,201,39721.20,
2026-09-11T20:37:31.417257+00:00,201,10177.44,
2026-09-11T20:36:31.991461+00:00,201,69607.36,
2026-09-11T20:35:19.135366+00:00,201,142458.74,
2026-09-11T20:35:09.567892+00:00,201,152044.56,
2026-09-11T20:37:11.089483+00:00,201,30525.07,
2026-09-11T20:37:25.698258+00:00,201,15933.84,
2026-09-11T20:37:07.231924+00:00,201,34431.31,
2026-09-11T20:37:28.436288+00:00,201,13226.61,
2026-09-11T20:37:19.240229+00:00,201,22440.20,
2026-09-11T20:36:01.334809+00:00,201,100377.27,
2026-09-11T20:36:00.301344+00:00,201,101420.71,
2026-09-11T20:36:26.636900+00:00,201,75101.80,
2026-09-11T20:37:09.576388+00:00,201,32180.94,
2026-09-11T20:36:53.291478+00:00,201,48472.47,
2026-09-11T20:36:53.002966+00:00,201,48765.44,
2026-09-11T20:36:25.466259+00:00,201,76314.20,
2026-09-11T20:37:21.195538+00:00,201,20656.61,
2026-09-11T20:36:55.171143+00:00,201,46699.47,
2026-09-11T20:37:33.965626+00:00,201,7907.78,
2026-09-11T20:36:26.979134+00:00,201,74891.64,
2026-09-11T20:37:30.186102+00:00,201,11684.86,
2026-09-11T20:35:27.780070+00:00,201,134102.95,
2026-09-11T20:37:07.316317+00:00,201,34573.89,
2026-09-11T20:36:43.558816+00:00,201,58351.57,
2026-09-11T20:36:43.573576+00:00,201,58338.94,
2026-09-11T20:37:26.804946+00:00,201,15126.15,
2026-09-11T20:36:03.616327+00:00,201,98323.63,
2026-09-11T20:37:34.931006+00:00,201,7011.09,
2026-09-11T20:37:06.622489+00:00,201,35342.93,
2026-09-11T20:36:09.970091+00:00,201,92006.45,
2026-09-11T20:37:32.372113+00:00,201,9607.79,
2026-09-11T20:37:28.135469+00:00,201,13844.00,
2026-09-11T20:36:46.350104+00:00,201,55646.80,
2026-09-11T20:36:35.529429+00:00,201,66495.22,
2026-09-11T20:37:11.031644+00:00,201,31001.04,
2026-09-11T20:36:44.185110+00:00,201,57854.45,
2026-09-11T20:37:07.911028+00:00,201,34155.53,
2026-09-11T20:37:26.952926+00:00,201,15112.90,
2026-09-11T20:36:22.186581+00:00,201,79906.08,
2026-09-11T20:36:25.389128+00:00,201,76731.94,
2026-09-11T20:37:25.887960+00:00,201,16230.80,
2026-09-11T20:37:32.552721+00:00,201,9565.15,
2026-09-11T20:37:12.068817+00:00,201,30057.34,
2026-09-11T20:37:32.320558+00:00,201,9809.80,
2026-09-11T20:37:27.534080+00:00,201,14604.55,
2026-09-11T20:37:32.363638+00:00,201,9778.34,
2026-09-11T20:36:06.462799+00:00,201,95681.92,
2026-09-11T20:35:42.223956+00:00,201,119923.66,
2026-09-11T20:37:31.431171+00:00,201,10739.34,
2026-09-11T20:37:30.635300+00:00,201,11537.43,
2026-09-11T20:37:21.612836+00:00,201,20575.60,
2026-09-11T20:37:32.865687+00:00,201,9343.51,
2026-09-11T20:37:15.051712+00:00,201,27170.08,
2026-09-11T20:36:44.285982+00:00,201,57939.50,
2026-09-11T20:37:29.744953+00:00,201,12494.31,
2026-09-11T20:37:24.914250+00:00,201,17342.54,
2026-09-11T20:37:30.534626+00:00,201,11736.50,
2026-09-11T20:37:21.946192+00:00,201,20343.61,
2026-09-11T20:37:18.211392+00:00,201,24079.08,
2026-09-11T20:36:57.990423+00:00,201,44349.63,
2026-09-11T20:36:50.362657+00:00,201,51983.34,
2026-09-11T20:36:58.565912+00:00,201,43795.01,
2026-09-11T20:37:33.482906+00:00,201,8882.20,
2026-09-11T20:35:36.191638+00:00,201,126191.63,
2026-09-11T20:37:15.179749+00:00,201,27216.19,
2026-09-11T20:36:30.256280+00:00,201,72138.73,
2026-09-11T20:36:52.996562+00:00,201,49406.29,
2026-09-11T20:37:25.836493+00:00,201,16569.46,
2026-09-11T20:37:01.247489+00:00,201,41165.35,
2026-09-11T20:37:00.262597+00:00,201,42171.56,
2026-09-11T20:37:17.033021+00:00,201,25420.34,
2026-09-11T20:36:16.445046+00:00,201,86030.45,
2026-09-11T20:37:30.550379+00:00,201,11923.20,
2026-09-11T20:36:31.109022+00:00,201,71394.12,
2026-09-11T20:37:31.369196+00:00,201,11141.92,
2026-09-11T20:37:27.752970+00:00,201,14782.67,
2026-09-11T20:36:50.637800+00:00,201,51919.62,
2026-09-11T20:37:30.709208+00:00,201,11848.99,
2026-09-11T20:37:31.781835+00:00,201,10792.63,
2026-09-11T20:36:34.805742+00:00,201,67770.29,
2026-09-11T20:36:53.090963+00:00,201,49489.03,
2026-09-11T20:37:25.480937+00:00,201,17106.62,
2026-09-11T20:37:23.038682+00:00,201,19540.83,
2026-09-11T20:37:35.316390+00:00,201,7278.52,
2026-09-11T20:37:09.644191+00:00,201,32952.85,
2026-09-11T20:37:31.228933+00:00,201,11374.31,
2026-09-11T20:37:18.876889+00:00,201,23747.19,
2026-09-11T20:37:24.487638+00:00,201,18142.58,
2026-09-11T20:36:23.036353+00:00,201,79600.93,
2026-09-11T20:36:04.527372+00:00,201,98124.90,
2026-09-11T20:36:47.937798+00:00,201,54748.04,
2026-09-11T20:37:20.699466+00:00,201,22016.29,
2026-09-11T20:37:16.655016+00:00,201,26098.10,
2026-09-11T20:37:04.485991+00:00,201,38309.63,
2026-09-11T20:36:52.451488+00:00,201,50362.02,
2026-09-11T20:36:11.772277+00:00,201,91041.89,
2026-09-11T20:36:49.798332+00:00,201,53041.06,
2026-09-11T20:37:21.474213+00:00,201,21378.89,
2026-09-11T20:36:25.276218+00:00,201,77571.80,
2026-09-11T20:37:32.130153+00:00,201,10766.06,
2026-09-11T20:37:31.988247+00:00,201,10896.89,
2026-09-11T20:37:30.312649+00:00,201,12583.26,
2026-09-11T20:37:17.033021+00:00,201,25868.72,
2026-09-11T20:36:47.177112+00:00,201,55744.43,
2026-09-11T20:36:18.066993+00:00,201,84883.97,
2026-09-11T20:36:13.683331+00:00,201,89274.58,
2026-09-11T20:37:20.654895+00:00,201,22314.13,
2026-09-11T20:37:06.581331+00:00,201,36386.98,
2026-09-11T20:36:39.641640+00:00,201,63331.68,
2026-09-11T20:37:25.880174+00:00,201,17094.76,
2026-09-11T20:36:56.956570+00:00,201,46011.44,
2026-09-11T20:36:41.722473+00:00,201,61267.52,
2026-09-11T20:37:27.905383+00:00,201,15097.20,
2026-09-11T20:35:58.420472+00:00,201,104593.37,
2026-09-11T20:36:55.362150+00:00,201,47656.58,
2026-09-11T20:37:33.577692+00:00,201,9439.21,
2026-09-11T20:37:28.646928+00:00,201,14389.11,
2026-09-11T20:36:40.558119+00:00,201,62484.09,
2026-09-11T20:36:35.448168+00:00,201,67622.25,
2026-09-11T20:36:49.950617+00:00,201,53123.57,
2026-09-11T20:37:23.254230+00:00,201,19824.09,
2026-09-11T20:35:29.579882+00:00,201,133508.63,
2026-09-11T20:36:16.007078+00:00,201,87085.86,
2026-09-11T20:36:34.874894+00:00,201,68229.61,
2026-09-11T20:37:34.525342+00:00,201,8577.54,
2026-09-11T20:37:30.301272+00:00,201,12841.78,
2026-09-11T20:36:54.568085+00:00,201,48583.86,
2026-09-11T20:37:29.493391+00:00,201,13687.45,
2026-09-11T20:37:34.326807+00:00,201,8906.00,
2026-09-11T20:37:27.952559+00:00,201,15299.69,
2026-09-11T20:37:28.052161+00:00,201,15221.71,
2026-09-11T20:37:26.148618+00:00,201,17116.71,
2026-09-11T20:36:22.696556+00:00,201,80592.01,
2026-09-11T20:36:50.124714+00:00,201,53165.17,
2026-09-11T20:37:19.486881+00:00,201,23802.60,
2026-09-11T20:36:39.333516+00:00,201,63954.84,
2026-09-11T20:36:03.948795+00:00,201,99352.82,
2026-09-11T20:37:08.154935+00:00,201,35160.49,
2026-09-11T20:36:47.485387+00:00,201,55846.53,
2026-09-11T20:36:35.734854+00:00,201,67596.79,
2026-09-11T20:37:34.956300+00:00,201,8382.38,
2026-09-11T20:36:56.194581+00:00,201,47148.03,
2026-09-11T20:37:23.084344+00:00,201,20262.99,
2026-09-11T20:37:14.927579+00:00,201,28438.25,
2026-09-11T20:37:31.447736+00:00,201,11926.17,
2026-09-11T20:35:57.170862+00:00,201,106244.56,
2026-09-11T20:36:44.002963+00:00,201,59418.46,
2026-09-11T20:36:59.941285+00:00,201,43487.77,
2026-09-11T20:36:56.189563+00:00,201,47242.46,
2026-09-11T20:37:21.020406+00:00,201,22417.18,
2026-09-11T20:37:17.021818+00:00,201,26422.27,
2026-09-11T20:36:38.576659+00:00,201,64934.66,
2026-09-11T20:35:48.136645+00:00,201,115387.91,
2026-09-11T20:37:19.219374+00:00,201,24308.72,
2026-09-11T20:37:12.688127+00:00,201,30845.00,
2026-09-11T20:37:35.418842+00:00,201,8138.19,
2026-09-11T20:36:38.033067+00:00,201,65539.45,
2026-09-11T20:35:58.106767+00:00,201,105472.65,
2026-09-11T20:37:00.240040+00:00,201,43371.88,
2026-09-11T20:37:31.274021+00:00,201,12340.70,
2026-09-11T20:37:33.150085+00:00,201,10481.73,
2026-09-11T20:35:50.540138+00:00,201,113116.17,
2026-09-11T20:37:18.243334+00:00,201,25411.30,
2026-09-11T20:37:00.527144+00:00,201,43144.64,
2026-09-11T20:37:30.059691+00:00,201,13606.66,
2026-09-11T20:37:06.907875+00:00,201,36774.01,
2026-09-11T20:37:19.088789+00:00,201,24617.14,
2026-09-11T20:36:21.151296+00:00,201,82573.86,
2026-09-11T20:36:35.753239+00:00,201,67975.36,
2026-09-11T20:37:28.246092+00:00,201,15488.87,
2026-09-11T20:37:01.583686+00:00,201,42163.94,
2026-09-11T20:37:23.014926+00:00,201,20735.26,
2026-09-11T20:37:07.126629+00:00,201,36635.25,
2026-09-11T20:37:17.618035+00:00,201,26137.38,
2026-09-11T20:37:09.487484+00:00,201,34273.54,
2026-09-11T20:37:19.546340+00:00,201,24229.87,
2026-09-11T20:37:23.835567+00:00,201,19932.58,
2026-09-11T20:37:31.844086+00:00,201,11960.51,
2026-09-11T20:37:33.727361+00:00,201,10082.02,
2026-09-11T20:37:33.961617+00:00,201,9869.86,
2026-09-11T20:37:32.567269+00:00,201,11294.93,
2026-09-11T20:37:24.514016+00:00,201,19354.33,
2026-09-11T20:37:26.180736+00:00,201,17687.46,
2026-09-11T20:36:47.049234+00:00,201,56876.79,
2026-09-11T20:37:10.723837+00:00,201,33229.63,
2026-09-11T20:37:08.171055+00:00,201,35778.50,
2026-09-11T20:37:32.099499+00:00,201,11857.88,
2026-09-11T20:36:09.290358+00:00,201,94668.62,
2026-09-11T20:36:34.737891+00:00,201,69245.53,
2026-09-11T20:37:04.788585+00:00,201,39195.88,
2026-09-11T20:37:02.824956+00:00,201,41167.30,
2026-09-11T20:37:24.903204+00:00,201,19098.36,
2026-09-11T20:37:23.481076+00:00,201,20529.42,
2026-09-11T20:37:32.757571+00:00,201,11250.94,
2026-09-11T20:37:31.016113+00:00,201,13005.63,
2026-09-11T20:37:10.542670+00:00,201,33476.32,
2026-09-11T20:37:28.416666+00:00,201,15610.29,
2026-09-11T20:37:28.309264+00:00,201,15716.72,
2026-09-11T20:37:29.236127+00:00,201,14802.91,
2026-09-11T20:37:12.005329+00:00,201,32060.71,
2026-09-11T20:36:41.292449+00:00,201,62782.73,
2026-09-11T20:37:19.910481+00:00,201,24187.51,
2026-09-11T20:36:49.050627+00:00,201,55049.26,
2026-09-11T20:37:29.281951+00:00,201,14821.65,
2026-09-11T20:36:26.310888+00:00,201,77815.72,
2026-09-11T20:37:23.190113+00:00,201,20965.45,
2026-09-11T20:37:25.448923+00:00,201,18707.70,
2026-09-11T20:36:51.738961+00:00,201,52423.01,
2026-09-11T20:36:49.934019+00:00,201,54250.62,
2026-09-11T20:37:24.458596+00:00,201,19748.85,
2026-09-11T20:36:47.161000+00:00,201,57039.98,
2026-09-11T20:36:46.625140+00:00,201,57609.86,
2026-09-11T20:37:23.452539+00:00,201,20784.96,
2026-09-11T20:36:23.647297+00:00,201,80591.33,
2026-09-11T20:37:26.656584+00:00,201,17598.92,
2026-09-11T20:37:34.071503+00:00,201,10207.62,
2026-09-11T20:37:24.596504+00:00,201,19683.37,
2026-09-11T20:37:14.740504+00:00,201,29540.07,
2026-09-11T20:36:04.987984+00:00,201,99306.00,
2026-09-11T20:37:20.147637+00:00,201,24152.20,
2026-09-11T20:36:29.564348+00:00,201,74738.08,
2026-09-11T20:36:28.198586+00:00,201,76113.21,
2026-09-11T20:37:15.089249+00:00,201,29244.26,
2026-09-11T20:36:25.738012+00:00,201,78638.27,
2026-09-11T20:37:06.130520+00:00,201,38242.69,
2026-09-11T20:37:27.449467+00:00,201,16943.73,
2026-09-11T20:35:51.126577+00:00,201,113310.49,
2026-09-11T20:36:07.505775+00:00,201,96931.52,
2026-09-11T20:35:53.139363+00:00,201,111307.33,
2026-09-11T20:37:06.055662+00:00,201,38387.95,
2026-09-11T20:37:15.426823+00:00,201,29022.06,
2026-09-11T20:37:34.477951+00:00,201,9981.01,
2026-09-11T20:37:21.946192+00:00,201,22524.91,
2026-09-11T20:37:27.435100+00:00,201,17050.67,
2026-09-11T20:36:22.470967+00:00,201,82024.80,
2026-09-11T20:37:16.934195+00:00,201,27565.56,
2026-09-11T20:37:17.566311+00:00,201,26988.46,
2026-09-11T20:36:18.348077+00:00,201,86206.11,
2026-09-11T20:36:56.766755+00:00,201,47790.71,
2026-09-11T20:36:24.557546+00:00,201,80025.95,
2026-09-11T20:36:22.437650+00:00,201,82160.24,
2026-09-11T20:36:15.058216+00:00,201,89539.86,
2026-09-11T20:37:00.753042+00:00,201,43846.24,
2026-09-11T20:37:15.748377+00:00,201,28851.92,
2026-09-11T20:36:44.042579+00:00,201,60578.65,
2026-09-11T20:36:45.740586+00:00,201,58912.08,
2026-09-11T20:37:27.898252+00:00,201,16758.20,
2026-09-11T20:37:29.932440+00:00,201,14724.39,
2026-09-11T20:36:16.260588+00:00,201,88420.06,
2026-09-11T20:37:18.430089+00:00,201,26267.43,
2026-09-11T20:36:51.358189+00:00,201,53333.68,
2026-09-11T20:37:14.126934+00:00,201,30596.46,
2026-09-11T20:37:14.425969+00:00,201,30321.80,
2026-09-11T20:37:11.530349+00:00,201,33235.38,
2026-09-11T20:37:29.615504+00:00,201,15160.62,
2026-09-11T20:36:39.463801+00:00,201,65331.40,
2026-09-11T20:37:34.810824+00:00,201,9989.39,
2026-09-11T20:37:29.926519+00:00,201,14876.35,
2026-09-11T20:37:21.301865+00:00,201,23503.35,
2026-09-11T20:37:12.761531+00:00,201,32053.69,
2026-09-11T20:37:09.676297+00:00,201,35155.51,
2026-09-11T20:36:34.603985+00:00,201,70235.15,
2026-09-11T20:36:57.201092+00:00,201,47648.60,
2026-09-11T20:37:31.337439+00:00,201,13515.81,
2026-09-11T20:37:30.948834+00:00,201,13945.20,
2026-09-11T20:36:26.414329+00:00,201,78492.38,
2026-09-11T20:36:57.254684+00:00,201,47698.87,
2026-09-11T20:37:27.775393+00:00,201,17183.22,
2026-09-11T20:37:09.855134+00:00,201,35117.06,
2026-09-11T20:36:22.285374+00:00,201,82687.86,
2026-09-11T20:36:37.406868+00:00,201,67574.73,
2026-09-11T20:37:21.499800+00:00,201,23476.80,
2026-09-11T20:37:00.476388+00:00,201,44521.80,
2026-09-11T20:35:39.568266+00:00,201,125448.71,
2026-09-11T20:37:18.532258+00:00,201,26503.84,
2026-09-11T20:37:30.347799+00:00,201,14706.96,
2026-09-11T20:37:31.781835+00:00,201,13271.28,
2026-09-11T20:37:25.928041+00:00,201,19136.02,
2026-09-11T20:37:17.286548+00:00,201,27774.33,
2026-09-11T20:37:19.504029+00:00,201,25573.15,
2026-09-11T20:37:01.310484+00:00,201,43766.18,
2026-09-11T20:35:59.420671+00:00,201,105676.22,
2026-09-11T20:37:11.533501+00:00,201,33571.45,
2026-09-11T20:36:47.685645+00:00,201,57436.25,
2026-09-11T20:36:48.076809+00:00,201,57065.71,
2026-09-11T20:36:41.451212+00:00,201,63693.50,
2026-09-11T20:37:22.868261+00:00,201,22302.00,
2026-09-11T20:36:33.562404+00:00,201,71622.88,
2026-09-11T20:36:19.873732+00:00,201,85321.43,
2026-09-11T20:37:33.122137+00:00,201,12078.11,
2026-09-11T20:37:13.194514+00:00,201,32008.98,
2026-09-11T20:36:56.632722+00:00,201,48577.71,
2026-09-11T20:36:46.284914+00:00,201,58928.56,
2026-09-11T20:37:07.608733+00:00,201,37620.76,
2026-09-11T20:37:26.381852+00:00,201,18848.43,
2026-09-11T20:37:01.453447+00:00,201,43783.28,
2026-09-11T20:37:11.896574+00:00,201,33353.81,
2026-09-11T20:37:14.114390+00:00,201,31155.21,
2026-09-11T20:37:19.505034+00:00,201,25772.21,
2026-09-11T20:37:34.889582+00:00,201,10388.12,
2026-09-11T20:37:03.661767+00:00,201,41646.04,
2026-09-11T20:36:53.291478+00:00,201,52033.55,
2026-09-11T20:37:01.405309+00:00,201,43907.43,
2026-09-11T20:36:22.132712+00:00,201,83205.86,
2026-09-11T20:37:17.256208+00:00,201,28079.78,
2026-09-11T20:37:05.941610+00:00,201,39405.50,
2026-09-11T20:35:46.780671+00:00,201,118579.02,
2026-09-11T20:37:26.038097+00:00,201,19343.85,
2026-09-11T20:37:17.581908+00:00,201,27839.51,
2026-09-11T20:35:43.510788+00:00,201,121913.02,
2026-09-11T20:37:24.319309+00:00,201,21106.14,
2026-09-11T20:36:28.979697+00:00,201,76448.76,
2026-09-11T20:37:33.651556+00:00,201,11777.78,
2026-09-11T20:36:34.426022+00:00,201,71027.96,
2026-09-11T20:37:23.993713+00:00,201,21466.76,
2026-09-11T20:35:49.278096+00:00,201,116223.93,
2026-09-11T20:37:28.936396+00:00,201,16588.54,
2026-09-11T20:36:53.152397+00:00,201,52372.11,
2026-09-11T20:37:22.899897+00:00,201,22631.72,
2026-09-11T20:37:29.630773+00:00,201,15922.85,
2026-09-11T20:37:05.626367+00:00,201,39964.71,
2026-09-11T20:37:24.646965+00:00,201,20960.91,
2026-09-11T20:37:16.116240+00:00,201,29519.15,
2026-09-11T20:37:29.599725+00:00,201,16040.25,
2026-09-11T20:37:02.667533+00:00,201,42988.21,
2026-09-11T20:36:17.981140+00:00,201,87694.39,
2026-09-11T20:36:51.389572+00:00,201,54291.50,
2026-09-11T20:37:22.164589+00:00,201,23520.73,
2026-09-11T20:37:20.176040+00:00,201,25519.55,
2026-09-11T20:37:30.836637+00:00,201,14860.57,
2026-09-11T20:35:33.642382+00:00,201,132055.43,
2026-09-11T20:36:26.767195+00:00,201,78973.71,
2026-09-11T20:37:08.815137+00:00,201,36938.33,
2026-09-11T20:37:17.928085+00:00,201,27816.75,
2026-09-11T20:36:26.224255+00:00,201,79537.43,
2026-09-11T20:36:30.476701+00:00,201,75288.91,
2026-09-11T20:37:05.301851+00:00,201,40542.63,
2026-09-11T20:37:06.478446+00:00,201,39367.92,
2026-09-11T20:36:05.352111+00:00,201,100518.47,
2026-09-11T20:36:45.142805+00:00,201,60754.49,
2026-09-11T20:37:12.104377+00:00,201,33796.25,
2026-09-11T20:35:53.782167+00:00,201,112122.54,
2026-09-11T20:37:26.366047+00:00,201,19530.53,
2026-09-11T20:37:28.589697+00:00,201,17337.36,
2026-09-11T20:36:47.396750+00:00,201,58535.24,
2026-09-11T20:36:39.458608+00:00,201,66500.19,
2026-09-11T20:37:16.016207+00:00,201,29945.18,
2026-09-11T20:37:30.679639+00:00,201,15282.51,
2026-09-11T20:36:55.798164+00:00,201,50184.23,
2026-09-11T20:36:59.234738+00:00,201,46750.99,
2026-09-11T20:36:27.989934+00:00,201,77987.93,
2026-09-11T20:36:45.017220+00:00,201,60986.73,
2026-09-11T20:36:55.405983+00:00,201,50613.23,
2026-09-11T20:37:02.852156+00:00,201,43173.64,
2026-09-11T20:37:16.733860+00:00,201,29296.33,
2026-09-11T20:37:05.215162+00:00,201,40819.13,
2026-09-11T20:35:55.577785+00:00,201,110471.37,
2026-09-11T20:36:32.090277+00:00,201,73962.00,
2026-09-11T20:37:30.526837+00:00,201,15543.80,
2026-09-11T20:37:32.237871+00:00,201,13858.17,
2026-09-11T20:36:45.154807+00:00,201,60955.85,
2026-09-11T20:36:37.004239+00:00,201,69107.87,
2026-09-11T20:36:49.676548+00:00,201,56476.47,
2026-09-11T20:37:20.084066+00:00,201,26080.22,
2026-09-11T20:37:23.661311+00:00,201,22560.85,
2026-09-11T20:35:36.705592+00:00,201,129528.77,
2026-09-11T20:37:02.959987+00:00,201,43274.65,
2026-09-11T20:37:31.402134+00:00,201,14856.08,
2026-09-11T20:36:45.884664+00:00,201,60373.22,
2026-09-11T20:36:44.009274+00:00,201,62248.32,
2026-09-11T20:35:43.464935+00:00,201,122830.68,
2026-09-11T20:35:56.675993+00:00,201,109623.80,
2026-09-11T20:37:08.665117+00:00,201,37664.61,
2026-09-11T20:36:06.736502+00:00,201,99621.28,
2026-09-11T20:36:50.900337+00:00,201,55457.17,
2026-09-11T20:37:29.552232+00:00,201,16818.71,
2026-09-11T20:37:08.154935+00:00,201,38216.80,
2026-09-11T20:37:22.022120+00:00,201,24368.88,
2026-09-11T20:36:00.412133+00:00,201,105983.64,
2026-09-11T20:37:28.532020+00:00,201,17861.61,
2026-09-11T20:37:14.350167+00:00,201,32055.82,
2026-09-11T20:37:24.196917+00:00,201,22213.22,
2026-09-11T20:37:11.387568+00:00,201,35018.05,
2026-09-11T20:37:25.913548+00:00,201,20497.99,
2026-09-11T20:37:23.299602+00:00,201,23110.39,
2026-09-11T20:35:52.688686+00:00,201,113760.27,
2026-09-11T20:37:22.071709+00:00,201,24412.26,
2026-09-11T20:35:48.839097+00:00,201,117651.99,
2026-09-11T20:37:19.507130+00:00,201,26999.10,
2026-09-11T20:36:33.642099+00:00,201,72869.72,
2026-09-11T20:37:10.231138+00:00,201,36297.67,
2026-09-11T20:37:06.793111+00:00,201,39739.63,
2026-09-11T20:36:47.883924+00:00,201,58675.00,
2026-09-11T20:37:04.055335+00:00,201,42559.98,
2026-09-11T20:37:06.114467+00:00,201,40521.03,
2026-09-11T20:36:03.265269+00:00,201,103380.88,
2026-09-11T20:37:27.800560+00:00,201,18843.03,
2026-09-11T20:37:21.955171+00:00,201,24707.22,
2026-09-11T20:36:33.418208+00:00,201,73254.23,
2026-09-11T20:36:58.396773+00:00,201,48284.80,
2026-09-11T20:37:23.803791+00:00,201,22900.00,
2026-09-11T20:37:17.033021+00:00,201,29667.52,
2026-09-11T20:37:29.158248+00:00,201,17580.76,
2026-09-11T20:37:26.689071+00:00,201,20071.16,
2026-09-11T20:37:00.161168+00:00,201,46609.52,
2026-09-11T20:37:20.654895+00:00,201,26121.43,
2026-09-11T20:37:29.948509+00:00,201,16830.80,
2026-09-11T20:37:27.544467+00:00,201,19240.96,
2026-09-11T20:37:29.583856+00:00,201,17228.26,
2026-09-11T20:37:32.335940+00:00,201,14496.16,
2026-09-11T20:37:33.743953+00:00,201,13103.07,
2026-09-11T20:37:23.664524+00:00,201,23179.53,
2026-09-11T20:36:47.685645+00:00,201,59163.38,
2026-09-11T20:37:10.622128+00:00,201,36238.77,
2026-09-11T20:37:01.785642+00:00,201,45076.64,
2026-09-11T20:35:54.551154+00:00,201,112336.79,
2026-09-11T20:37:31.373150+00:00,201,15523.37,
2026-09-11T20:37:29.030673+00:00,201,17886.75,
2026-09-11T20:37:14.809331+00:00,201,32108.42,
2026-09-11T20:37:10.540249+00:00,201,36433.61,
2026-09-11T20:35:48.946213+00:00,201,118032.63,
2026-09-11T20:35:55.618031+00:00,201,111362.31,
2026-09-11T20:36:55.874966+00:00,201,51118.02,
2026-09-11T20:37:16.909733+00:00,201,30094.86,
2026-09-11T20:37:28.347641+00:00,201,18685.95,
2026-09-11T20:37:23.884168+00:00,201,23152.01,
2026-09-11T20:36:56.798246+00:00,201,50248.12,
2026-09-11T20:37:04.854662+00:00,201,42205.02,
2026-09-11T20:37:32.520166+00:00,201,14545.75,
2026-09-11T20:37:17.048845+00:00,201,30014.46,
2026-09-11T20:37:12.387083+00:00,201,34692.38,
2026-09-11T20:37:32.533717+00:00,201,14547.23,
2026-09-11T20:37:26.341261+00:00,201,20736.07,
2026-09-11T20:37:11.192143+00:00,201,35906.56,
2026-09-11T20:37:23.467560+00:00,201,23646.90,
2026-09-11T20:37:30.347799+00:00,201,16772.53,
2026-09-11T20:37:33.458504+00:00,201,13684.65,
2026-09-11T20:37:35.131203+00:00,201,12022.97,
2026-09-11T20:35:37.394483+00:00,201,129761.84,
2026-09-11T20:37:21.895793+00:00,201,25290.63,
2026-09-11T20:36:14.833323+00:00,201,92366.14,
2026-09-11T20:37:28.500577+00:00,201,18752.12,
2026-09-11T20:37:10.731887+00:00,201,36524.73,
2026-09-11T20:36:28.910878+00:00,201,78380.32,
2026-09-11T20:37:30.748216+00:00,201,16548.69,
2026-09-11T20:37:20.070424+00:00,201,27231.44,
2026-09-11T20:37:21.689170+00:00,201,25617.23,
2026-09-11T20:37:29.727406+00:00,201,17580.43,
2026-09-11T20:36:49.789081+00:00,201,57531.96,
2026-09-11T20:37:17.214536+00:00,201,30105.52,
2026-09-11T20:37:24.607142+00:00,201,22730.92,
2026-09-11T20:37:32.622578+00:00,201,14722.55,
2026-09-11T20:37:34.936822+00:00,201,12405.16,
2026-09-11T20:37:07.599846+00:00,201,39740.27,
2026-09-11T20:37:34.063477+00:00,201,13281.65,
2026-09-11T20:37:29.989478+00:00,201,17357.78,
2026-09-11T20:37:26.117447+00:00,201,21238.54,
2026-09-11T20:37:31.749703+00:00,201,15628.71,
2026-09-11T20:37:03.021016+00:00,201,44375.25,
2026-09-11T20:37:32.004266+00:00,201,15395.51,
2026-09-11T20:37:27.560339+00:00,201,19834.02,
2026-09-11T20:37:11.300549+00:00,201,36107.24,
2026-09-11T20:37:09.838538+00:00,201,37581.81,
2026-09-11T20:36:49.204729+00:00,201,58239.10,
2026-09-11T20:37:23.161706+00:00,201,24284.48,
2026-09-11T20:36:53.403224+00:00,201,54042.25,
2026-09-11T20:36:40.833289+00:00,201,66633.90,
2026-09-11T20:37:35.084247+00:00,201,12378.55,
2026-09-11T20:37:31.765767+00:00,201,15698.50,
2026-09-11T20:36:28.843887+00:00,201,78631.36,
2026-09-11T20:37:20.604544+00:00,201,26895.78,
2026-09-11T20:36:39.199662+00:00,201,68299.87,
2026-09-11T20:37:29.210583+00:00,201,18305.75,
2026-09-11T20:36:07.238950+00:00,201,100291.73,
2026-09-11T20:37:25.362577+00:00,201,22171.84,
2026-09-11T20:36:30.650709+00:00,201,76912.58,
2026-09-11T20:37:21.089342+00:00,201,26543.00,
2026-09-11T20:37:23.755891+00:00,201,23896.26,
2026-09-11T20:37:19.546340+00:00,201,28127.20,
2026-09-11T20:37:22.790182+00:00,201,24884.12,
2026-09-11T20:36:48.709553+00:00,201,58983.90,
2026-09-11T20:36:25.024239+00:00,201,82671.35,
2026-09-11T20:37:26.212221+00:00,201,21500.21,
2026-09-11T20:37:32.347105+00:00,201,15368.87,
2026-09-11T20:36:33.542894+00:00,201,74188.52,
2026-09-11T20:37:28.167187+00:00,201,19560.17,
2026-09-11T20:36:53.090963+00:00,201,54636.84,
2026-09-11T20:36:39.856846+00:00,201,67899.03,
2026-09-11T20:37:11.387568+00:00,201,36372.27,
2026-09-11T20:37:05.743277+00:00,201,42025.40,
2026-09-11T20:36:16.222472+00:00,201,91568.36,
2026-09-11T20:37:28.077991+00:00,201,19725.12,
2026-09-11T20:37:35.073670+00:00,201,12747.02,
2026-09-11T20:37:00.734532+00:00,201,47086.45,
2026-09-11T20:36:58.723015+00:00,201,49100.81,
2026-09-11T20:37:19.202319+00:00,201,28641.42,
2026-09-11T20:37:29.064202+00:00,201,18854.58,
2026-09-11T20:37:32.830634+00:00,201,15097.07,
2026-09-11T20:36:36.415092+00:00,201,71516.76,
2026-09-11T20:36:38.949644+00:00,201,68999.21,
2026-09-11T20:37:30.534626+00:00,201,17415.99,
2026-09-11T20:37:05.638463+00:00,201,42316.94,
2026-09-11T20:37:26.575457+00:00,201,21389.22,
2026-09-11T20:37:05.743277+00:00,201,42229.28,
2026-09-11T20:36:56.228275+00:00,201,51760.90,
2026-09-11T20:37:26.196311+00:00,201,21798.39,
2026-09-11T20:36:31.365974+00:00,201,76657.01,
2026-09-11T20:37:05.590702+00:00,201,42434.75,
2026-09-11T20:36:50.995650+00:00,201,57040.94,
2026-09-11T20:37:02.252768+00:00,201,45791.52,
2026-09-11T20:37:12.062907+00:00,201,35989.85,
2026-09-11T20:37:12.134450+00:00,201,35925.44,
2026-09-11T20:37:01.674313+00:00,201,46395.95,
2026-09-11T20:36:22.195921+00:00,201,85898.97,
2026-09-11T20:36:37.513008+00:00,201,70586.06,
2026-09-11T20:36:01.614896+00:00,201,106481.50,
2026-09-11T20:36:36.195058+00:00,201,71909.91,
2026-09-11T20:36:30.149893+00:00,201,77959.65,
2026-09-11T20:35:55.657904+00:00,201,112455.05,
2026-09-11T20:37:20.508895+00:00,201,27617.58,
2026-09-11T20:37:31.910147+00:00,201,16254.75,
2026-09-11T20:35:05.361947+00:00,201,162806.38,
2026-09-11T20:37:22.988826+00:00,201,25196.85,
2026-09-11T20:37:23.234318+00:00,201,24962.79,
2026-09-11T20:36:54.574402+00:00,201,53617.67,
2026-09-11T20:37:31.590233+00:00,201,16618.51,
2026-09-11T20:37:27.153265+00:00,201,21050.29,
2026-09-11T20:37:31.315223+00:00,201,16903.19,
2026-09-11T20:37:32.827110+00:00,201,15399.04,
2026-09-11T20:37:21.643518+00:00,201,26585.06,
2026-09-11T20:36:35.405168+00:00,201,72844.48,
2026-09-11T20:36:58.014546+00:00,201,50237.78,
2026-09-11T20:37:23.052722+00:00,201,25208.70,
2026-09-11T20:36:44.754803+00:00,201,63514.92,
2026-09-11T20:37:07.323380+00:00,201,40955.54,
2026-09-11T20:37:27.153265+00:00,201,21130.98,
2026-09-11T20:37:23.283455+00:00,201,24994.14,
2026-09-11T20:37:00.409091+00:00,201,47896.57,
2026-09-11T20:37:34.701683+00:00,201,13599.63,
2026-09-11T20:37:25.769547+00:00,201,22566.87,
2026-09-11T20:35:44.903626+00:00,201,123443.59,
2026-09-11T20:36:46.334322+00:00,201,62018.98,
2026-09-11T20:37:25.022955+00:00,201,23348.56,
2026-09-11T20:36:53.160610+00:00,201,55219.23,
2026-09-11T20:37:15.776347+00:00,201,32604.94,
2026-09-11T20:37:19.438756+00:00,201,28965.37,
2026-09-11T20:36:37.950135+00:00,201,70460.92,
2026-09-11T20:37:26.288785+00:00,201,22120.46,
2026-09-11T20:37:23.008392+00:00,201,25408.41,
2026-09-11T20:36:01.712350+00:00,201,106732.46,
2026-09-11T20:35:53.183296+00:00,201,115267.90,
2026-09-11T20:37:19.071854+00:00,201,29426.51,
2026-09-11T20:36:28.487631+00:00,201,80008.34,
2026-09-11T20:36:45.560461+00:00,201,62943.82,
2026-09-11T20:34:49.317701+00:00,201,179206.86,
2026-09-11T20:37:25.993269+00:00,201,22551.90,
2026-09-11T20:37:29.505300+00:00,201,19038.49,
2026-09-11T20:37:09.982151+00:00,201,38583.87,
2026-09-11T20:36:40.957147+00:00,201,67618.51,
2026-09-11T20:35:25.715931+00:00,201,142870.97,
2026-09-11T20:37:29.854976+00:00,201,18764.85,
2026-09-11T20:37:13.254280+00:00,201,35379.31,
2026-09-11T20:37:15.358844+00:00,201,33275.50,
2026-09-11T20:37:17.004217+00:00,201,31661.84,
2026-09-11T20:37:09.897484+00:00,201,38782.98,
2026-09-11T20:36:48.386077+00:00,201,60313.32,
2026-09-11T20:37:18.867615+00:00,201,29849.18,
2026-09-11T20:37:24.667483+00:00,201,24060.03,
2026-09-11T20:37:11.817246+00:00,201,36935.02,
2026-09-11T20:37:26.643138+00:00,201,22109.45,
2026-09-11T20:36:36.430273+00:00,201,72320.50,
2026-09-11T20:37:11.403558+00:00,201,37358.25,
2026-09-11T20:37:23.835567+00:00,201,24952.62,
2026-09-11T20:37:34.377264+00:00,201,14416.29,
2026-09-11T20:36:44.665911+00:00,201,64143.72,
2026-09-11T20:37:23.623609+00:00,201,25208.64,
2026-09-11T20:37:33.217938+00:00,201,15621.09,
2026-09-11T20:36:56.146189+00:00,201,52700.95,
2026-09-11T20:37:02.468515+00:00,201,46381.40,
2026-09-11T20:37:20.985487+00:00,201,27868.89,
2026-09-11T20:37:32.930364+00:00,201,15924.12,
2026-09-11T20:36:18.213456+00:00,201,90649.22,
2026-09-11T20:37:29.626321+00:00,201,19244.76,
2026-09-11T20:37:22.934200+00:00,201,25940.43,
2026-09-11T20:36:47.417069+00:00,201,61481.04,
2026-09-11T20:37:17.317734+00:00,201,31581.33,
2026-09-11T20:37:11.467630+00:00,201,37452.74,
2026-09-11T20:37:31.586200+00:00,201,17368.72,
2026-09-11T20:37:15.172202+00:00,201,33809.28,
2026-09-11T20:36:04.048961+00:00,201,104939.95,
2026-09-11T20:37:35.000096+00:00,201,14013.32,
2026-09-11T20:37:27.655669+00:00,201,21381.15,
2026-09-11T20:35:40.470861+00:00,201,128585.08,
2026-09-11T20:37:27.143697+00:00,201,21916.80,
2026-09-11T20:37:32.244586+00:00,201,16857.15,
2026-09-11T20:36:23.890693+00:00,201,85223.08,
2026-09-11T20:36:34.820167+00:00,201,74298.83,
2026-09-11T20:36:25.624546+00:00,201,83492.97,
2026-09-11T20:36:34.780928+00:00,201,74360.96,
2026-09-11T20:37:27.968867+00:00,201,21162.07,
2026-09-11T20:37:31.569310+00:00,201,17573.50,
2026-09-11T20:36:48.271118+00:00,201,60871.25,
2026-09-11T20:37:25.703286+00:00,201,23447.72,
2026-09-11T20:37:34.477951+00:00,201,14675.45,
2026-09-11T20:37:13.109432+00:00,201,36050.81,
2026-09-11T20:37:14.941452+00:00,201,34219.99,
2026-09-11T20:37:23.474513+00:00,201,25698.02,
2026-09-11T20:37:33.361507+00:00,201,15825.39,
2026-09-11T20:36:53.583205+00:00,201,55638.46,
2026-09-11T20:37:03.469313+00:00,201,45756.80,
2026-09-11T20:37:32.620570+00:00,201,16639.97,
2026-09-11T20:37:33.898514+00:00,201,15365.12,
2026-09-11T20:37:01.856370+00:00,201,47416.04,
2026-09-11T20:37:05.365317+00:00,201,43907.41,
2026-09-11T20:36:56.743400+00:00,201,52531.45,
2026-09-11T20:36:52.542522+00:00,201,56750.09,
2026-09-11T20:35:58.856086+00:00,201,110443.69,
2026-09-11T20:37:30.392081+00:00,201,18921.95,
2026-09-11T20:36:44.696055+00:00,201,64624.86,
2026-09-11T20:37:01.405309+00:00,201,47911.30,
2026-09-11T20:37:15.296269+00:00,201,34034.43,
2026-09-11T20:37:01.100397+00:00,201,48256.92,
2026-09-11T20:37:07.165241+00:00,201,42209.65,
2026-09-11T20:37:19.490288+00:00,201,29892.03,
2026-09-11T20:36:53.222252+00:00,201,56160.14,
2026-09-11T20:36:43.752883+00:00,201,65629.44,
2026-09-11T20:37:30.107975+00:00,201,19297.34,
2026-09-11T20:37:21.582369+00:00,201,27833.73,
2026-09-11T20:37:32.803617+00:00,201,16626.48,
2026-09-11T20:37:35.282466+00:00,201,14154.89,
2026-09-11T20:36:35.416529+00:00,201,74037.30,
2026-09-11T20:36:46.699518+00:00,201,62750.96,
2026-09-11T20:37:04.692160+00:00,201,44771.96,
2026-09-11T20:37:21.143077+00:00,201,28317.22,
2026-09-11T20:37:07.774315+00:00,201,41708.18,
2026-09-11T20:36:03.835717+00:00,201,105650.29,
2026-09-11T20:37:14.904000+00:00,201,34591.35,
2026-09-11T20:37:25.662940+00:00,201,23851.34,
2026-09-11T20:37:27.058552+00:00,201,22482.29,
2026-09-11T20:37:34.147104+00:00,201,15399.13,
2026-09-11T20:36:49.367283+00:00,201,60215.36,
2026-09-11T20:37:20.923549+00:00,201,28679.43,
2026-09-11T20:36:58.756943+00:00,201,50854.39,
2026-09-11T20:37:32.494014+00:00,201,17116.77,
2026-09-11T20:37:32.352830+00:00,201,17270.08,
2026-09-11T20:37:07.019092+00:00,201,42612.27,
2026-09-11T20:35:43.352227+00:00,201,126285.58,
2026-09-11T20:35:55.765794+00:00,201,113877.89,
2026-09-11T20:37:21.195538+00:00,201,28449.01,
2026-09-11T20:37:13.355439+00:00,201,36294.50,
2026-09-11T20:35:52.471990+00:00,201,117184.32,
2026-09-11T20:36:51.899386+00:00,201,57759.70,
2026-09-11T20:36:05.228423+00:00,201,104436.55,
2026-09-11T20:36:54.125602+00:00,201,55565.80,
2026-09-11T20:37:17.118563+00:00,201,32573.15,
2026-09-11T20:37:32.201423+00:00,201,17502.84,
2026-09-11T20:37:34.908503+00:00,201,14788.74,
2026-09-11T20:37:10.044831+00:00,201,39669.50,
2026-09-11T20:36:31.494926+00:00,201,78263.36,
2026-09-11T20:37:05.955590+00:00,201,43812.15,
2026-09-11T20:37:15.915695+00:00,201,33857.16,
2026-09-11T20:37:09.952866+00:00,201,39847.77,
2026-09-11T20:36:26.722486+00:00,201,83077.16,
2026-09-11T20:37:32.585246+00:00,201,17223.86,
2026-09-11T20:37:04.012274+00:00,201,45804.00,
2026-09-11T20:37:26.809648+00:00,201,23009.70,
2026-09-11T20:37:20.007762+00:00,201,29815.49,
2026-09-11T20:36:22.066684+00:00,201,87766.80,
2026-09-11T20:36:47.161000+00:00,201,62691.42,
2026-09-11T20:37:14.292592+00:00,201,35571.69,
2026-09-11T20:36:52.460357+00:00,201,57407.85,
2026-09-11T20:37:24.728519+00:00,201,25148.28,
2026-09-11T20:37:20.384205+00:00,201,29547.48,
2026-09-11T20:37:04.685062+00:00,201,45256.96,
2026-09-11T20:35:33.116564+00:00,201,136837.02,
2026-09-11T20:37:07.316317+00:00,201,42649.78,
2026-09-11T20:37:28.658978+00:00,201,21343.66,
2026-09-11T20:37:26.556860+00:00,201,23450.34,
2026-09-11T20:37:31.670213+00:00,201,18338.90,
2026-09-11T20:37:15.430334+00:00,201,34600.10,
2026-09-11T20:37:25.410435+00:00,201,24647.20,
2026-09-11T20:37:18.075921+00:00,201,31988.37,
2026-09-11T20:37:28.073181+00:00,201,22032.70,
2026-09-11T20:37:32.567269+00:00,201,17547.21,
2026-09-11T20:37:34.727233+00:00,201,15418.92,
2026-09-11T20:36:11.093898+00:00,201,99040.20,
2026-09-11T20:37:22.336345+00:00,201,27807.23,
2026-09-11T20:37:15.262261+00:00,201,34897.77,
2026-09-11T20:37:15.282723+00:00,201,34899.18,
2026-09-11T20:37:20.399197+00:00,201,29788.39,
2026-09-11T20:35:59.444588+00:00,201,110745.32,
2026-09-11T20:36:47.903092+00:00,201,62292.97,
2026-09-11T20:36:56.450704+00:00,201,53771.48,
2026-09-11T20:37:30.645401+00:00,201,19563.60,
2026-09-11T20:37:26.700498+00:00,201,23527.41,
2026-09-11T20:37:21.206865+00:00,201,29041.36,
2026-09-11T20:36:53.002966+00:00,201,57266.16,
2026-09-11T20:35:48.779061+00:00,201,121499.09,
2026-09-11T20:37:02.038276+00:00,201,48244.26,
2026-09-11T20:37:18.243334+00:00,201,32056.21,
2026-09-11T20:37:04.425769+00:00,201,45876.01,
2026-09-11T20:35:59.831430+00:00,201,110489.32,
2026-09-11T20:37:01.756505+00:00,201,48563.98,
2026-09-11T20:37:02.832188+00:00,201,47501.14,
2026-09-11T20:36:24.059412+00:00,201,86284.84,
2026-09-11T20:37:14.014396+00:00,201,36349.18,
2026-09-11T20:37:14.823311+00:00,201,35550.90,
2026-09-11T20:37:13.194514+00:00,201,37194.36,
2026-09-11T20:36:29.022791+00:00,201,81365.65,
2026-09-11T20:37:15.280719+00:00,201,35120.83,
2026-09-11T20:37:25.401882+00:00,201,25003.30,
2026-09-11T20:37:33.515201+00:00,201,16899.59,
2026-09-11T20:36:07.694890+00:00,201,102738.88,
2026-09-11T20:37:31.606249+00:00,201,18859.14,
2026-09-11T20:37:19.319498+00:00,201,31158.39,
2026-09-11T20:37:27.719962+00:00,201,22760.31,
2026-09-11T20:37:31.670213+00:00,201,18818.67,
2026-09-11T20:37:34.981263+00:00,201,15519.86,
2026-09-11T20:36:37.190443+00:00,201,73320.41,
2026-09-11T20:37:19.120414+00:00,201,31410.86,
2026-09-11T20:37:27.096316+00:00,201,23456.68,
2026-09-11T20:37:18.790420+00:00,201,31779.61,
2026-09-11T20:36:52.631139+00:00,201,57943.18,
2026-09-11T20:35:48.222762+00:00,201,122365.91,
2026-09-11T20:36:29.527907+00:00,201,81058.20,
2026-09-11T20:36:30.650709+00:00,201,79941.10,
2026-09-11T20:37:05.022825+00:00,201,45580.41,
2026-09-11T20:37:32.818275+00:00,201,17796.72,
2026-09-11T20:36:32.173290+00:00,201,78452.37,
2026-09-11T20:37:34.230041+00:00,201,16397.38,
2026-09-11T20:36:39.913791+00:00,201,70726.46,
2026-09-11T20:37:30.801044+00:00,201,19841.09,
2026-09-11T20:36:54.971327+00:00,201,55679.81,
2026-09-11T20:35:59.444588+00:00,201,111208.61,
2026-09-11T20:37:33.693098+00:00,201,16969.96,
2026-09-11T20:37:17.665758+00:00,201,32991.92,
2026-09-11T20:37:02.150844+00:00,201,48501.65,
2026-09-11T20:37:24.411721+00:00,201,26309.95,
2026-09-11T20:36:18.140853+00:00,201,92590.77,
2026-09-11T20:37:22.416164+00:00,201,28312.35,
2026-09-11T20:37:05.990516+00:00,201,44753.79,
2026-09-11T20:37:26.196311+00:00,201,24553.02,
2026-09-11T20:36:51.306595+00:00,201,59454.04,
2026-09-11T20:37:35.194470+00:00,201,15630.38,
2026-09-11T20:36:10.952743+00:00,201,99870.24,
2026-09-11T20:35:33.884118+00:00,201,136941.26,
2026-09-11T20:37:33.281471+00:00,201,17549.49,
2026-09-11T20:37:23.821721+00:00,201,27047.08,
2026-09-11T20:37:02.024642+00:00,201,48850.38,
2026-09-11T20:36:52.151569+00:00,201,58748.90,
2026-09-11T20:36:57.619001+00:00,201,53294.71,
2026-09-11T20:37:23.112930+00:00,201,27819.74,
2026-09-11T20:37:12.573330+00:00,201,38364.98,
2026-09-11T20:36:31.884307+00:00,201,79049.24,
2026-09-11T20:37:33.071650+00:00,201,17875.99,
2026-09-11T20:36:44.558362+00:00,201,66404.58,
2026-09-11T20:37:07.751239+00:00,201,43224.24,
2026-09-11T20:36:55.193668+00:00,201,55781.07,
2026-09-11T20:37:29.073328+00:00,201,21905.12,
2026-09-11T20:37:22.154147+00:00,201,28825.67,
2026-09-11T20:36:15.757059+00:00,201,95232.28,
2026-09-11T20:35:45.779801+00:00,201,125213.71,
2026-09-11T20:36:46.858486+00:00,201,64139.41,
2026-09-11T20:34:20.987931+00:00,201,210039.23,
2026-09-11T20:37:06.650450+00:00,201,44379.66,
2026-09-11T20:37:34.753406+00:00,201,16286.41,
2026-09-11T20:37:24.025719+00:00,201,27029.20,
2026-09-11T20:37:02.561494+00:00,201,48498.29,
2026-09-11T20:37:26.102197+00:00,201,24963.15,
2026-09-11T20:37:34.673667+00:00,201,16421.02,
2026-09-11T20:36:18.472752+00:00,201,92636.57,
2026-09-11T20:37:27.592024+00:00,201,23515.37,
2026-09-11T20:37:07.272566+00:00,201,43836.61,
2026-09-11T20:35:27.382207+00:00,201,143740.43,
2026-09-11T20:37:13.875125+00:00,201,37261.86,
2026-09-11T20:37:05.475527+00:00,201,45695.79,
2026-09-11T20:37:19.425640+00:00,201,31749.88,
2026-09-11T20:37:29.314782+00:00,201,21862.22,
2026-09-11T20:37:07.808807+00:00,201,43381.11,
2026-09-11T20:36:24.207105+00:00,201,87007.94,
2026-09-11T20:36:56.122451+00:00,201,55093.65,
2026-09-11T20:36:00.648143+00:00,201,110575.87,
2026-09-11T20:37:27.782464+00:00,201,23455.06,
2026-09-11T20:37:32.269481+00:00,201,18982.85,
2026-09-11T20:37:19.086478+00:00,201,32209.61,
2026-09-11T20:37:28.484230+00:00,201,22807.32,
2026-09-11T20:37:23.870881+00:00,201,27433.58,
2026-09-11T20:36:12.641305+00:00,201,98668.57,
2026-09-11T20:36:59.333021+00:00,201,51983.54,
2026-09-11T20:37:22.386212+00:00,201,28953.94,
2026-09-11T20:37:25.448923+00:00,201,25891.28,
2026-09-11T20:37:08.783667+00:00,201,42566.23,
2026-09-11T20:37:09.344219+00:00,201,42009.49,
2026-09-11T20:37:29.434089+00:00,201,21935.32,
2026-09-11T20:36:07.726687+00:00,201,103640.71,
2026-09-11T20:37:22.297328+00:00,201,29116.89,
2026-09-11T20:37:14.380965+00:00,201,37048.89,
2026-09-11T20:37:14.050503+00:00,201,37400.59,
2026-09-11T20:37:13.931918+00:00,201,37526.58,
2026-09-11T20:37:05.974216+00:00,201,45485.03,
2026-09-11T20:35:56.841319+00:00,201,114615.10,
2026-09-11T20:37:33.515201+00:00,201,17956.44,
2026-09-11T20:37:32.064003+00:00,201,19421.81,
2026-09-11T20:36:35.701974+00:00,201,75787.26,
2026-09-11T20:37:15.656514+00:00,201,35880.54,
2026-09-11T20:37:25.036558+00:00,201,26496.31,
2026-09-11T20:37:01.107074+00:00,201,50430.74,
2026-09-11T20:36:57.723066+00:00,201,53828.44,
2026-09-11T20:37:16.859885+00:00,201,34686.42,
2026-09-11T20:36:29.830214+00:00,201,81723.06,
2026-09-11T20:36:14.809734+00:00,201,96760.79,
2026-09-11T20:36:40.979936+00:00,201,70592.24,
2026-09-11T20:37:10.122281+00:00,201,41458.38,
2026-09-11T20:37:02.502658+00:00,201,49125.65,
2026-09-11T20:36:37.950135+00:00,201,73691.60,
2026-09-11T20:36:47.275324+00:00,201,64363.25,
2026-09-11T20:37:20.270411+00:00,201,31374.53,
2026-09-11T20:36:45.548623+00:00,201,66098.02,
2026-09-11T20:37:21.656555+00:00,201,30010.21,
2026-09-11T20:36:49.202722+00:00,201,62474.00,
2026-09-11T20:37:09.223156+00:00,201,42448.73,
2026-09-11T20:35:56.252688+00:00,201,115478.50,
2026-09-11T20:37:17.273566+00:00,201,34457.73,
2026-09-11T20:36:31.444923+00:00,201,80288.72,
2026-09-11T20:36:27.916414+00:00,201,83833.91,
2026-09-11T20:37:17.842178+00:00,201,33914.05,
2026-09-11T20:37:21.982414+00:00,201,29784.08,
2026-09-11T20:37:21.623098+00:00,201,30144.81,
2026-09-11T20:37:10.719192+00:00,201,41061.56,
2026-09-11T20:37:29.695666+00:00,201,22092.81,
2026-09-11T20:36:17.128868+00:00,201,94677.98,
2026-09-11T20:36:38.603380+00:00,201,73203.69,
2026-09-11T20:35:31.457313+00:00,201,140377.40,
2026-09-11T20:36:16.090924+00:00,201,95744.74,
2026-09-11T20:37:21.987155+00:00,201,29867.03,
2026-09-11T20:36:57.758170+00:00,201,54114.63,
2026-09-11T20:37:24.030688+00:00,201,27839.79,
2026-09-11T20:36:26.320026+00:00,201,85563.90,
2026-09-11T20:37:32.781936+00:00,201,19116.58,
2026-09-11T20:37:28.713139+00:00,201,23206.28,
2026-09-11T20:37:09.664561+00:00,201,42259.84,
2026-09-11T20:36:56.909201+00:00,201,55023.95,
2026-09-11T20:36:04.749875+00:00,201,107204.81,
2026-09-11T20:37:05.282306+00:00,201,46690.75,
2026-09-11T20:37:16.628682+00:00,201,35357.60,
2026-09-11T20:37:21.050780+00:00,201,30937.45,
2026-09-11T20:37:18.006679+00:00,201,33993.62,
2026-09-11T20:37:25.395947+00:00,201,26621.46,
2026-09-11T20:37:07.410763+00:00,201,44617.15,
2026-09-11T20:37:14.840826+00:00,201,37212.51,
2026-09-11T20:35:54.948277+00:00,201,117106.29,
2026-09-11T20:37:11.279771+00:00,201,40780.45,
2026-09-11T20:37:33.717319+00:00,201,18348.69,
2026-09-11T20:37:29.992495+00:00,201,22083.76,
2026-09-11T20:37:33.917670+00:00,201,18173.66,
2026-09-11T20:37:18.243334+00:00,201,33834.90,
2026-09-11T20:37:16.748728+00:00,201,35363.27,
2026-09-11T20:37:00.949453+00:00,201,51176.30,
2026-09-11T20:37:21.799143+00:00,201,30338.12,
2026-09-11T20:36:54.479691+00:00,201,57656.52,
2026-09-11T20:36:59.017157+00:00,201,53186.91,
2026-09-11T20:36:29.771310+00:00,201,82437.30,
2026-09-11T20:37:30.756695+00:00,201,21455.88,
2026-09-11T20:37:06.526019+00:00,201,45693.99,
2026-09-11T20:37:26.524131+00:00,201,25706.54,
2026-09-11T20:36:28.362962+00:00,201,83876.11,
2026-09-11T20:37:14.735222+00:00,201,37502.16,
2026-09-11T20:37:13.620828+00:00,201,38654.87,
2026-09-11T20:36:50.676185+00:00,201,61615.16,
2026-09-11T20:36:56.520544+00:00,201,55765.74,
2026-09-11T20:37:10.278480+00:00,201,42016.14,
2026-09-11T20:36:55.082285+00:00,201,57223.78,
2026-09-11T20:37:19.509127+00:00,201,32807.50,
2026-09-11T20:36:46.274912+00:00,201,66042.58,
2026-09-11T20:37:11.440145+00:00,201,40889.45,
2026-09-11T20:36:49.459097+00:00,201,62890.84,
2026-09-11T20:36:53.049550+00:00,201,59316.41,
2026-09-11T20:37:30.360118+00:00,201,22006.01,
2026-09-11T20:37:17.469512+00:00,201,34909.32,
2026-09-11T20:36:50.013739+00:00,201,62372.09,
2026-09-11T20:36:31.330665+00:00,201,81051.79,
2026-09-11T20:36:56.200597+00:00,201,56210.21,
2026-09-11T20:37:15.594127+00:00,201,36822.97,
2026-09-11T20:37:17.506650+00:00,201,34913.49,
2026-09-11T20:37:11.316234+00:00,201,41132.61,
2026-09-11T20:37:30.582247+00:00,201,21871.26,
2026-09-11T20:36:47.491214+00:00,201,64961.20,
2026-09-11T20:37:31.463255+00:00,201,21026.29,
2026-09-11T20:36:37.443941+00:00,201,75064.27,
2026-09-11T20:37:13.336981+00:00,201,39180.32,
2026-09-11T20:37:28.971665+00:00,201,23585.54,
2026-09-11T20:37:21.799143+00:00,201,30762.35,
2026-09-11T20:37:32.164134+00:00,201,20425.11,
2026-09-11T20:36:30.662697+00:00,201,81940.01,
2026-09-11T20:37:23.145978+00:00,201,29467.19,
2026-09-11T20:37:09.509615+00:00,201,43123.47,
2026-09-11T20:36:58.550285+00:00,201,54087.81,
2026-09-11T20:35:37.757183+00:00,201,134887.47,
2026-09-11T20:37:18.395331+00:00,201,34262.84,
2026-09-11T20:36:01.031398+00:00,201,111628.21,
2026-09-11T20:37:29.005321+00:00,201,23659.50,
2026-09-11T20:37:08.345022+00:00,201,44321.40,
2026-09-11T20:37:11.229656+00:00,201,41446.95,
2026-09-11T20:37:28.151119+00:00,201,24539.00,
2026-09-11T20:36:52.395540+00:00,201,60299.40,
2026-09-11T20:36:10.952743+00:00,201,101748.19,
2026-09-11T20:37:01.722539+00:00,201,50984.22,
2026-09-11T20:37:08.392715+00:00,201,44319.45,
2026-09-11T20:36:59.159382+00:00,201,53569.46,
2026-09-11T20:37:22.399138+00:00,201,30336.27,
2026-09-11T20:37:32.818275+00:00,201,19941.65,
2026-09-11T20:36:44.652081+00:00,201,68116.24,
2026-09-11T20:37:16.396005+00:00,201,36391.64,
2026-09-11T20:37:06.809954+00:00,201,45990.38,
2026-09-11T20:37:21.353968+00:00,201,31490.16,
2026-09-11T20:36:37.047525+00:00,201,75822.88,
2026-09-11T20:36:46.023167+00:00,201,66869.35,
2026-09-11T20:37:25.328395+00:00,201,27574.68,
2026-09-11T20:37:25.647220+00:00,201,27250.28,
2026-09-11T20:37:14.867447+00:00,201,38046.05,
2026-09-11T20:36:58.050387+00:00,201,54875.47,
2026-09-11T20:37:21.520734+00:00,201,31409.32,
2026-09-11T20:37:18.627332+00:00,201,34321.17,
2026-09-11T20:37:20.463006+00:00,201,32492.99,
2026-09-11T20:36:50.420410+00:00,201,62539.31,
2026-09-11T20:36:27.007834+00:00,201,85946.22,
2026-09-11T20:37:00.949453+00:00,201,52017.74,
2026-09-11T20:37:35.094288+00:00,201,17939.12,
2026-09-11T20:37:13.826629+00:00,201,39215.33,
2026-09-11T20:37:29.178202+00:00,201,23869.99,
2026-09-11T20:36:30.934658+00:00,201,82130.17,
2026-09-11T20:37:28.426020+00:00,201,24641.58,
2026-09-11T20:37:22.582997+00:00,201,30511.62,
2026-09-11T20:36:20.265698+00:00,201,92828.06,
2026-09-11T20:36:10.593594+00:00,201,102508.43,
2026-09-11T20:37:17.476790+00:00,201,35645.06,
2026-09-11T20:36:37.124241+00:00,201,76042.42,
2026-09-11T20:36:36.729167+00:00,201,76450.04,
2026-09-11T20:37:31.499617+00:00,201,21679.20,
2026-09-11T20:37:27.831614+00:00,201,25369.41,
2026-09-11T20:36:34.879747+00:00,201,78321.03,
2026-09-11T20:36:37.684171+00:00,201,75542.38,
2026-09-11T20:36:06.426898+00:00,201,106802.42,
2026-09-11T20:36:11.157456+00:00,201,102076.12,
2026-09-11T20:36:33.099630+00:00,201,80135.22,
2026-09-11T20:37:26.038097+00:00,201,27193.38,
2026-09-11T20:36:58.902468+00:00,201,54336.69,
2026-09-11T20:36:55.949442+00:00,201,57288.85,
2026-09-11T20:37:18.498321+00:00,201,34740.85,
2026-09-11T20:37:31.733131+00:00,201,21529.27,
2026-09-11T20:37:15.546458+00:00,201,37719.68,
2026-09-11T20:36:40.799609+00:00,201,72471.09,
2026-09-11T20:36:45.730547+00:00,201,67549.05,
2026-09-11T20:37:14.173532+00:00,201,39122.53,
2026-09-11T20:37:09.534291+00:00,201,43762.66,
2026-09-11T20:37:16.960701+00:00,201,36348.92,
2026-09-11T20:37:19.184318+00:00,201,34126.71,
2026-09-11T20:37:33.889459+00:00,201,19449.58,
2026-09-11T20:37:05.317200+00:00,201,48024.01,
2026-09-11T20:37:26.102197+00:00,201,27267.53,
2026-09-11T20:36:53.168126+00:00,201,60223.03,
2026-09-11T20:37:30.597646+00:00,201,22795.36,
2026-09-11T20:37:30.224062+00:00,201,23187.56,
2026-09-11T20:37:23.283455+00:00,201,30151.75,
2026-09-11T20:37:20.287069+00:00,201,33191.01,
2026-09-11T20:37:23.870881+00:00,201,29609.67,
2026-09-11T20:37:34.397102+00:00,201,19143.85,
2026-09-11T20:37:03.445106+00:00,201,50108.57,
2026-09-11T20:36:36.035000+00:00,201,77515.74,
2026-09-11T20:37:13.826629+00:00,201,39742.35,
2026-09-11T20:37:18.259113+00:00,201,35307.21,
2026-09-11T20:37:31.738423+00:00,201,21858.23,
2026-09-11T20:37:30.126665+00:00,201,23468.40,
2026-09-11T20:37:00.988108+00:00,201,52613.85,
2026-09-11T20:37:22.656240+00:00,201,30946.86,
2026-09-11T20:36:57.113274+00:00,201,56494.13,
2026-09-11T20:37:25.537511+00:00,201,28064.83,
2026-09-11T20:37:06.711901+00:00,201,46898.87,
2026-09-11T20:35:37.957955+00:00,201,135655.19,
2026-09-11T20:37:26.314942+00:00,201,27302.52,
2026-09-11T20:37:15.037285+00:00,201,38587.48,
2026-09-11T20:36:37.021313+00:00,201,76609.88,
2026-09-11T20:36:34.399251+00:00,201,79258.88,
2026-09-11T20:35:45.910552+00:00,201,127789.21,
2026-09-11T20:36:51.468796+00:00,201,62226.27,
2026-09-11T20:36:01.614896+00:00,201,112109.05,
2026-09-11T20:37:22.010320+00:00,201,31719.67,
2026-09-11T20:35:58.205852+00:00,201,115532.77,
2026-09-11T20:37:16.472364+00:00,201,37303.95,
2026-09-11T20:36:45.041356+00:00,201,68760.53,
2026-09-11T20:37:17.864519+00:00,201,35935.67,
2026-09-11T20:37:06.435690+00:00,201,47369.11,
2026-09-11T20:37:02.718270+00:00,201,51080.10,
2026-09-11T20:36:46.041881+00:00,201,67772.57,
2026-09-11T20:36:50.471604+00:00,201,63349.02,
2026-09-11T20:37:26.948034+00:00,201,26906.86,
2026-09-11T20:36:57.530025+00:00,201,56329.00,
2026-09-11T20:37:31.644525+00:00,201,22222.08,
2026-09-11T20:36:41.450249+00:00,201,72418.29,
2026-09-11T20:37:18.952152+00:00,201,34947.12,
2026-09-11T20:37:25.008654+00:00,201,28903.27,
2026-09-11T20:36:48.823855+00:00,201,65090.15,
2026-09-11T20:37:27.642278+00:00,201,26284.80,
2026-09-11T20:37:34.273174+00:00,201,19663.25,
2026-09-11T20:37:08.044057+00:00,201,45890.63,
2026-09-11T20:36:48.590849+00:00,201,65364.20,
2026-09-11T20:37:32.716709+00:00,201,21248.46,
2026-09-11T20:37:22.927598+00:00,201,31066.21,
2026-09-11T20:37:01.921284+00:00,201,52079.27,
2026-09-11T20:37:22.481867+00:00,201,31515.27,
2026-09-11T20:37:31.373150+00:00,201,22631.03,
2026-09-11T20:37:34.246495+00:00,201,19781.12,
2026-09-11T20:37:13.700035+00:00,201,40330.52,
2026-09-11T20:37:33.546224+00:00,201,20493.27,
2026-09-11T20:37:18.354519+00:00,201,35693.17,
2026-09-11T20:36:27.022209+00:00,201,87043.31,
2026-09-11T20:36:10.271516+00:00,201,103797.66,
2026-09-11T20:37:02.564650+00:00,201,51526.71,
2026-09-11T20:37:25.264810+00:00,201,28831.67,
2026-09-11T20:36:03.672045+00:00,201,110427.10,
2026-09-11T20:37:32.197075+00:00,201,21908.29,
2026-09-11T20:37:33.972644+00:00,201,20139.68,
2026-09-11T20:37:10.885454+00:00,201,43251.85,
2026-09-11T20:37:34.701683+00:00,201,19455.81,
2026-09-11T20:36:18.521343+00:00,201,95646.61,
2026-09-11T20:36:51.644528+00:00,201,62554.63,
2026-09-11T20:37:15.078662+00:00,201,39128.44,
2026-09-11T20:37:28.084622+00:00,201,26134.95,
2026-09-11T20:37:31.242993+00:00,201,22972.70,
2026-09-11T20:36:58.305824+00:00,201,55918.02,
2026-09-11T20:37:30.679639+00:00,201,23550.00,
2026-09-11T20:36:52.534488+00:00,201,61718.96,
2026-09-11T20:37:27.074220+00:00,201,27180.69,
2026-09-11T20:36:36.935932+00:00,201,77319.26,
2026-09-11T20:37:20.794570+00:00,201,33471.44,
2026-09-11T20:36:53.136498+00:00,201,61129.33,
2026-09-11T20:37:24.327343+00:00,201,29962.08,
2026-09-11T20:36:07.144534+00:00,201,107142.38,
2026-09-11T20:37:02.852156+00:00,201,51443.04,
2026-09-11T20:36:05.035785+00:00,201,109272.49,
2026-09-11T20:36:48.796074+00:00,201,65513.90,
2026-09-11T20:36:44.579425+00:00,201,69741.73,
2026-09-11T20:37:04.777126+00:00,201,49551.97,
2026-09-11T20:37:35.302817+00:00,201,19028.26,
2026-09-11T20:36:59.908521+00:00,201,54431.42,
2026-09-11T20:37:04.518014+00:00,201,49819.12,
2026-09-11T20:36:27.426885+00:00,201,86918.60,
2026-09-11T20:36:48.043996+00:00,201,66313.44,
2026-09-11T20:36:49.887293+00:00,201,64470.19,
2026-09-11T20:37:25.342698+00:00,201,29017.85,
2026-09-11T20:37:14.080835+00:00,201,40312.94,
2026-09-11T20:37:16.495717+00:00,201,37916.75,
2026-09-11T20:37:06.456654+00:00,201,47963.49,
2026-09-11T20:37:25.551514+00:00,201,28890.47,
2026-09-11T20:37:27.237424+00:00,201,27208.13,
2026-09-11T20:37:30.439028+00:00,201,24030.10,
2026-09-11T20:36:45.560461+00:00,201,68896.09,
2026-09-11T20:37:24.497667+00:00,201,29995.82,
2026-09-11T20:36:35.164846+00:00,201,79329.63,
2026-09-11T20:36:31.410073+00:00,201,83099.08,
2026-09-11T20:37:22.569969+00:00,201,31936.94,
2026-09-11T20:37:26.302974+00:00,201,28223.44,
2026-09-11T20:36:27.544149+00:00,201,86982.98,
2026-09-11T20:37:17.128104+00:00,201,37399.28,
2026-09-11T20:36:53.839352+00:00,201,60722.34,
2026-09-11T20:36:59.333021+00:00,201,55250.16,
2026-09-11T20:37:34.178403+00:00,201,20411.74,
2026-09-11T20:36:46.018790+00:00,201,68573.69,
2026-09-11T20:36:53.090963+00:00,201,61506.73,
2026-09-11T20:37:02.794307+00:00,201,51816.65,
2026-09-11T20:36:28.054917+00:00,201,86566.81,
2026-09-11T20:37:11.372211+00:00,201,43268.47,
2026-09-11T20:36:06.204855+00:00,201,108447.05,
2026-09-11T20:37:33.850740+00:00,201,20822.56,
2026-09-11T20:36:52.996562+00:00,201,61687.75,
2026-09-11T20:36:23.229246+00:00,201,91470.69,
2026-09-11T20:36:48.678251+00:00,201,66033.74,
2026-09-11T20:36:38.773437+00:00,201,75947.65,
2026-09-11T20:37:00.713659+00:00,201,54020.15,
2026-09-11T20:36:44.529472+00:00,201,70194.91,
2026-09-11T20:37:11.969703+00:00,201,42769.35,
2026-09-11T20:37:00.066210+00:00,201,54677.18,
2026-09-11T20:36:41.779217+00:00,201,72976.58,
2026-09-11T20:36:42.895368+00:00,201,71885.76,
2026-09-11T20:37:04.505720+00:00,201,50275.11,
2026-09-11T20:37:23.950462+00:00,201,30839.00,
2026-09-11T20:36:48.041431+00:00,201,66757.17,
2026-09-11T20:37:32.648852+00:00,201,22153.99,
2026-09-11T20:37:33.950536+00:00,201,20887.62,
2026-09-11T20:37:05.364811+00:00,201,49474.39,
2026-09-11T20:37:33.972644+00:00,201,20888.47,
2026-09-11T20:37:21.895793+00:00,201,32956.16,
2026-09-11T20:37:21.720753+00:00,201,33147.60,
2026-09-11T20:36:49.965936+00:00,201,64910.18,
2026-09-11T20:36:18.609698+00:00,201,96280.18,
2026-09-11T20:37:23.755891+00:00,201,31137.79,
2026-09-11T20:36:06.245753+00:00,201,108665.81,
2026-09-11T20:37:18.259113+00:00,201,36661.91,
2026-09-11T20:36:43.148782+00:00,201,71794.99,
2026-09-11T20:36:59.978351+00:00,201,54970.10,
2026-09-11T20:36:59.751827+00:00,201,55204.09,
2026-09-11T20:36:49.490701+00:00,201,65470.29,
2026-09-11T20:35:26.113682+00:00,201,148868.44,
2026-09-11T20:34:46.461197+00:00,201,188534.25,
2026-09-11T20:36:26.049224+00:00,201,88961.44,
2026-09-11T20:36:26.351547+00:00,201,88673.89,
2026-09-11T20:37:30.792526+00:00,201,24247.08,
2026-09-11T20:35:48.747287+00:00,201,126298.85,
2026-09-11T20:37:15.127272+00:00,201,39919.88,
2026-09-11T20:36:27.785385+00:00,201,87268.85,
2026-09-11T20:37:26.008366+00:00,201,29060.04,
2026-09-11T20:37:12.974186+00:00,201,42102.53,
2026-09-11T20:37:25.455390+00:00,201,29615.77,
2026-09-11T20:37:33.773291+00:00,201,21310.07,
2026-09-11T20:36:23.219888+00:00,201,91867.68,
2026-09-11T20:37:24.800411+00:00,201,30296.71,
2026-09-11T20:37:12.056626+00:00,201,43043.31,
2026-09-11T20:37:05.914233+00:00,201,49199.62,
2026-09-11T20:37:18.498321+00:00,201,36638.28,
2026-09-11T20:37:01.785642+00:00,201,53358.20,
2026-09-11T20:37:07.347550+00:00,201,47818.38,
2026-09-11T20:36:52.121835+00:00,201,63058.34,
2026-09-11T20:36:51.505982+00:00,201,63686.09,
2026-09-11T20:36:14.731808+00:00,201,100458.51,
2026-09-11T20:36:24.300574+00:00,201,90911.03,
2026-09-11T20:37:16.464307+00:00,201,38760.30,
2026-09-11T20:37:22.097977+00:00,201,33147.86,
2026-09-11T20:37:26.102197+00:00,201,29149.61,
2026-09-11T20:37:15.317824+00:00,201,39956.53,
2026-09-11T20:37:32.823967+00:00,201,22467.51,
2026-09-11T20:36:48.676667+00:00,201,66616.08,
2026-09-11T20:36:37.142746+00:00,201,78148.97,
2026-09-11T20:36:48.807640+00:00,201,66503.47,
2026-09-11T20:37:28.426020+00:00,201,26900.19,
2026-09-11T20:36:23.818684+00:00,201,91524.14,
2026-09-11T20:37:23.093741+00:00,201,32260.44,
2026-09-11T20:36:13.322736+00:00,201,102041.54,
2026-09-11T20:37:11.642455+00:00,201,43716.90,
2026-09-11T20:37:17.943952+00:00,201,37408.62,
2026-09-11T20:37:19.224063+00:00,201,36151.53,
2026-09-11T20:36:52.705968+00:00,201,62674.18,
2026-09-11T20:36:16.242912+00:00,201,99152.55,
2026-09-11T20:37:32.542546+00:00,201,22864.27,
2026-09-11T20:37:31.464276+00:00,201,23971.34,
2026-09-11T20:37:02.182601+00:00,201,53263.24,
2026-09-11T20:36:22.872189+00:00,201,92588.52,
2026-09-11T20:35:59.817299+00:00,201,115652.50,
2026-09-11T20:37:03.301393+00:00,201,52178.19,
2026-09-11T20:37:11.533501+00:00,201,43973.69,
2026-09-11T20:37:01.484253+00:00,201,54033.40,
2026-09-11T20:37:28.199109+00:00,201,27327.59,
2026-09-11T20:35:46.053283+00:00,201,129485.64,
2026-09-11T20:36:59.272308+00:00,201,56277.74,
2026-09-11T20:37:18.354519+00:00,201,37202.48,
2026-09-11T20:36:51.407834+00:00,201,64148.39,
2026-09-11T20:37:10.661890+00:00,201,44929.80,
2026-09-11T20:37:01.547520+00:00,201,54043.13,
2026-09-11T20:37:27.308644+00:00,201,28290.46,
2026-09-11T20:36:58.935056+00:00,201,56675.72,
2026-09-11T20:37:04.454570+00:00,201,51161.43,
2026-09-11T20:37:26.593289+00:00,201,29063.30,
2026-09-11T20:36:11.535650+00:00,201,104154.34,
2026-09-11T20:36:58.125869+00:00,201,57572.89,
2026-09-11T20:36:35.593648+00:00,201,80106.37,
2026-09-11T20:37:29.536111+00:00,201,26158.79,
2026-09-11T20:36:23.492212+00:00,201,92212.57,
2026-09-11T20:36:15.823431+00:00,201,99887.48,
2026-09-11T20:36:54.494955+00:00,201,61221.00,
2026-09-11T20:37:14.876085+00:00,201,40895.22,
2026-09-11T20:37:13.747408+00:00,201,42032.55,
2026-09-11T20:37:05.990516+00:00,201,49800.89,
2026-09-11T20:36:28.829921+00:00,201,86968.36,
2026-09-11T20:37:21.833892+00:00,201,33957.51,
2026-09-11T20:37:35.216337+00:00,201,20589.12,
2026-09-11T20:36:47.590666+00:00,201,68215.52,
2026-09-11T20:37:13.307065+00:00,201,42503.03,
2026-09-11T20:36:46.294352+00:00,201,69542.62,
2026-09-11T20:36:20.863023+00:00,201,94980.85,
2026-09-11T20:37:27.042777+00:00,201,28794.78,
2026-09-11T20:36:25.673301+00:00,201,90176.33,
2026-09-11T20:36:34.847667+00:00,201,81009.38,
2026-09-11T20:36:44.220703+00:00,201,71661.74,
2026-09-11T20:36:47.919168+00:00,201,67971.61,
2026-09-11T20:37:05.657083+00:00,201,50270.43,
2026-09-11T20:37:31.040164+00:00,201,24887.71,
2026-09-11T20:36:30.351598+00:00,201,85597.90,
2026-09-11T20:37:03.443094+00:00,201,52509.12,
2026-09-11T20:37:27.782464+00:00,201,28189.62,
2026-09-11T20:37:05.702105+00:00,201,50282.94,
2026-09-11T20:36:53.072421+00:00,201,62918.31,
2026-09-11T20:37:25.631561+00:00,201,30374.17,
2026-09-11T20:35:51.338349+00:00,201,124696.84,
2026-09-11T20:36:47.365310+00:00,201,68676.42,
2026-09-11T20:37:30.829505+00:00,201,25218.19,
2026-09-11T20:36:58.807340+00:00,201,57236.30,
2026-09-11T20:37:10.189812+00:00,201,45858.76,
2026-09-11T20:36:08.530411+00:00,201,107530.94,
2026-09-11T20:37:33.221956+00:00,201,22863.32,
2026-09-11T20:37:20.164468+00:00,201,35932.52,
2026-09-11T20:37:18.618835+00:00,201,37488.68,
2026-09-11T20:36:59.412410+00:00,201,56683.93,
2026-09-11T20:37:06.320201+00:00,201,49785.10,
2026-09-11T20:37:30.309632+00:00,201,25817.99,
2026-09-11T20:37:33.000590+00:00,201,23133.35,
2026-09-11T20:37:26.862924+00:00,201,29274.22,
2026-09-11T20:37:32.188935+00:00,201,23970.22,
2026-09-11T20:37:00.168938+00:00,201,55995.96,
2026-09-11T20:37:00.802091+00:00,201,55370.86,
2026-09-11T20:37:03.156523+00:00,201,53026.73,
2026-09-11T20:36:01.799330+00:00,201,114407.19,
2026-09-11T20:37:30.312649+00:00,201,25897.42,
2026-09-11T20:37:27.248917+00:00,201,28985.51,
2026-09-11T20:37:21.582369+00:00,201,34666.51,
2026-09-11T20:37:17.014278+00:00,201,39242.94,
2026-09-11T20:36:56.476425+00:00,201,59785.13,
2026-09-11T20:37:07.106152+00:00,201,49166.98,
2026-09-11T20:37:17.566311+00:00,201,38709.14,
2026-09-11T20:37:15.325847+00:00,201,40980.33,
2026-09-11T20:37:17.848754+00:00,201,38453.98,
2026-09-11T20:37:05.798632+00:00,201,50507.23,
2026-09-11T20:37:31.407790+00:00,201,24915.86,
2026-09-11T20:37:20.479491+00:00,201,35858.12,
2026-09-11T20:37:01.262520+00:00,201,55071.19,
2026-09-11T20:37:27.417340+00:00,201,28939.55,
2026-09-11T20:36:31.868603+00:00,201,84488.91,
2026-09-11T20:36:59.761797+00:00,201,56611.96,
2026-09-11T20:36:51.505982+00:00,201,64864.28,
2026-09-11T20:37:13.669144+00:00,201,42710.88,
2026-09-11T20:37:18.963967+00:00,201,37431.21,
2026-09-11T20:36:39.080850+00:00,201,77322.03,
2026-09-11T20:36:59.100680+00:00,201,57309.32,
2026-09-11T20:36:39.819427+00:00,201,76619.39,
2026-09-11T20:37:10.294069+00:00,201,46147.68,
2026-09-11T20:37:16.189527+00:00,201,40265.57,
2026-09-11T20:37:06.510053+00:00,201,49954.14,
2026-09-11T20:37:06.541740+00:00,201,49962.54,
2026-09-11T20:37:05.622501+00:00,201,50888.48,
2026-09-11T20:37:13.472918+00:00,201,43050.15,
2026-09-11T20:37:33.873183+00:00,201,22655.53,
2026-09-11T20:37:03.571710+00:00,201,52960.38,
2026-09-11T20:37:16.324025+00:00,201,40214.66,
2026-09-11T20:37:03.050190+00:00,201,53492.31,
2026-09-11T20:37:06.283470+00:00,201,50258.92,
2026-09-11T20:37:24.879422+00:00,201,31680.12,
2026-09-11T20:37:16.638202+00:00,201,39921.43,
2026-09-11T20:37:35.418842+00:00,201,21149.37,
2026-09-11T20:37:27.237424+00:00,201,29331.89,
2026-09-11T20:37:20.138379+00:00,201,36434.44,
2026-09-11T20:36:36.576444+00:00,201,79992.30,
2026-09-11T20:36:52.644530+00:00,201,63922.60,
2026-09-11T20:37:03.804982+00:00,201,52775.10,
2026-09-11T20:37:20.588462+00:00,201,35987.84,
2026-09-11T20:37:25.586973+00:00,201,31033.76,
2026-09-11T20:36:49.474905+00:00,201,67162.07,
2026-09-11T20:37:20.651757+00:00,201,35990.53,
2026-09-11T20:36:35.971388+00:00,201,80680.23,
2026-09-11T20:36:28.068823+00:00,201,88581.74,
2026-09-11T20:36:43.501111+00:00,201,73168.92,
2026-09-11T20:37:29.034796+00:00,201,27645.90,
2026-09-11T20:37:21.847427+00:00,201,34849.98,
2026-09-11T20:37:22.515077+00:00,201,34203.03,
2026-09-11T20:37:07.008449+00:00,201,49711.99,
2026-09-11T20:36:47.785899+00:00,201,68945.88,
2026-09-11T20:37:32.756937+00:00,201,23979.92,
2026-09-11T20:37:26.994911+00:00,201,29742.09,
2026-09-11T20:37:02.139048+00:00,201,54616.02,
2026-09-11T20:36:36.029784+00:00,201,80742.67,
2026-09-11T20:37:20.423307+00:00,201,36354.29,
2026-09-11T20:36:56.298332+00:00,201,60493.41,
2026-09-11T20:36:24.204923+00:00,201,92599.70,
2026-09-11T20:37:31.337439+00:00,201,25483.74,
2026-09-11T20:37:30.489825+00:00,201,26346.82,
2026-09-11T20:37:06.130520+00:00,201,50722.28,
2026-09-11T20:37:26.868924+00:00,201,29998.12,
2026-09-11T20:37:16.480413+00:00,201,40402.47,
2026-09-11T20:37:05.726519+00:00,201,51162.77,
2026-09-11T20:36:32.380382+00:00,201,84515.38,
2026-09-11T20:37:01.437654+00:00,201,55474.78,
2026-09-11T20:37:35.000096+00:00,201,21921.64,
2026-09-11T20:37:05.206603+00:00,201,51724.28,
2026-09-11T20:37:02.566741+00:00,201,54367.91,
2026-09-11T20:36:08.320181+00:00,201,108629.99,
2026-09-11T20:36:33.123883+00:00,201,83835.99,
2026-09-11T20:37:28.091499+00:00,201,28868.20,
2026-09-11T20:36:35.860120+00:00,201,81119.64,
2026-09-11T20:36:43.582744+00:00,201,73403.93,
2026-09-11T20:36:42.602396+00:00,201,74388.38,
2026-09-11T20:37:27.626343+00:00,201,29369.25,
2026-09-11T20:37:30.170448+00:00,201,26830.84,
2026-09-11T20:37:33.921688+00:00,201,23106.28,
2026-09-11T20:37:13.976397+00:00,201,43074.93,
2026-09-11T20:37:26.519029+00:00,201,30529.82,
2026-09-11T20:37:17.033021+00:00,201,40017.61,
2026-09-11T20:36:04.713103+00:00,201,112360.16,
2026-09-11T20:37:16.322786+00:00,201,40771.09,
2026-09-11T20:36:48.431473+00:00,201,68665.01,
2026-09-11T20:36:16.100779+00:00,201,100987.97,
2026-09-11T20:36:57.748633+00:00,201,59358.39,
2026-09-11T20:36:31.171912+00:00,201,85935.91,
2026-09-11T20:36:37.063413+00:00,201,80042.58,
2026-09-11T20:37:26.053834+00:00,201,31067.09,
2026-09-11T20:37:01.501104+00:00,201,55629.89,
2026-09-11T20:37:17.882605+00:00,201,39246.67,
2026-09-11T20:36:12.358701+00:00,201,104814.73,
2026-09-11T20:37:31.897169+00:00,201,25313.01,
2026-09-11T20:36:24.948842+00:00,201,92272.47,
2026-09-11T20:36:50.346748+00:00,201,66869.38,
2026-09-11T20:37:02.544209+00:00,201,54698.56,
2026-09-11T20:35:47.065667+00:00,201,130181.53,
2026-09-11T20:36:47.606409+00:00,201,69653.55,
2026-09-11T20:37:18.147833+00:00,201,39115.53,
2026-09-11T20:37:28.347641+00:00,201,28924.11,
2026-09-11T20:37:30.312649+00:00,201,26984.07,
2026-09-11T20:36:25.228611+00:00,201,92080.89,
2026-09-11T20:37:21.946192+00:00,201,35368.13,
2026-09-11T20:36:36.342265+00:00,201,80997.09,
2026-09-11T20:37:30.930563+00:00,201,26441.74,
2026-09-11T20:37:03.727077+00:00,201,53644.88,
2026-09-11T20:36:38.690886+00:00,201,78690.68,
2026-09-11T20:37:08.865229+00:00,201,48503.78,
2026-09-11T20:37:31.878001+00:00,201,25505.99,
2026-09-11T20:37:33.103755+00:00,201,24289.34,
2026-09-11T20:37:26.519029+00:00,201,30882.17,
2026-09-11T20:37:24.450756+00:00,201,32955.42,
2026-09-11T20:36:58.616084+00:00,201,58802.12,
2026-09-11T20:36:30.948126+00:00,201,86477.80,
2026-09-11T20:36:51.250589+00:00,201,66191.15,
2026-09-11T20:36:31.922620+00:00,201,85530.39,
2026-09-11T20:36:27.785385+00:00,201,89683.57,
2026-09-11T20:37:34.043410+00:00,201,23447.23,
2026-09-11T20:37:17.523147+00:00,201,39961.94,
2026-09-11T20:37:22.053156+00:00,201,35448.78,
2026-09-11T20:36:58.090704+00:00,201,59421.09,
2026-09-11T20:37:22.530967+00:00,201,35012.31,
2026-09-11T20:37:17.143774+00:00,201,40398.00,
2026-09-11T20:37:13.486865+00:00,201,44068.09,
2026-09-11T20:36:18.287129+00:00,201,99270.19,
2026-09-11T20:36:39.317839+00:00,201,78246.83,
2026-09-11T20:36:46.262259+00:00,201,71311.27,
2026-09-11T20:37:26.891877+00:00,201,30679.98,
2026-09-11T20:37:32.614674+00:00,201,24970.65,
2026-09-11T20:37:23.437620+00:00,201,34156.90,
2026-09-11T20:37:11.664755+00:00,201,45952.61,
2026-09-11T20:36:56.554716+00:00,201,61057.42,
2026-09-11T20:37:28.235477+00:00,201,29389.45,
2026-09-11T20:36:57.371906+00:00,201,60262.77,
2026-09-11T20:37:32.913337+00:00,201,24732.51,
2026-09-11T20:36:34.360264+00:00,201,83281.94,
2026-09-11T20:36:20.647600+00:00,201,97020.92,
2026-09-11T20:37:28.943604+00:00,201,28723.21,
2026-09-11T20:37:32.009868+00:00,201,25674.70,
2026-09-11T20:36:29.160732+00:00,201,88536.77,
2026-09-11T20:37:31.644525+00:00,201,26059.29,
2026-09-11T20:36:08.280475+00:00,201,109434.17,
2026-09-11T20:37:14.006364+00:00,201,43734.22,
2026-09-11T20:36:11.679634+00:00,201,106058.11,
2026-09-11T20:36:53.854443+00:00,201,63903.90,
2026-09-11T20:37:22.773645+00:00,201,34991.59,
2026-09-11T20:36:26.057253+00:00,201,91729.95,
2026-09-11T20:37:26.841007+00:00,201,30949.11,
2026-09-11T20:36:43.501111+00:00,201,74303.73,
2026-09-11T20:37:26.212221+00:00,201,31601.32,
2026-09-11T20:36:56.043855+00:00,201,61804.12,
2026-09-11T20:37:07.666717+00:00,201,50179.84,
2026-09-11T20:35:51.650141+00:00,201,126202.17,
2026-09-11T20:35:49.797306+00:00,201,128064.94,
2026-09-11T20:37:32.199076+00:00,201,25685.00,
2026-09-11T20:35:58.843875+00:00,201,119056.07,
2026-09-11T20:37:00.262597+00:00,201,57639.78,
2026-09-11T20:37:18.275497+00:00,201,39627.49,
2026-09-11T20:37:13.605098+00:00,201,44302.91,
2026-09-11T20:37:15.538131+00:00,201,42380.64,
2026-09-11T20:37:28.230705+00:00,201,29690.25,
2026-09-11T20:37:11.482725+00:00,201,46449.94,
2026-09-11T20:36:28.119489+00:00,201,89820.86,
2026-09-11T20:37:30.645401+00:00,201,27281.34,
2026-09-11T20:37:18.851799+00:00,201,39096.04,
2026-09-11T20:37:06.526019+00:00,201,51427.49,
2026-09-11T20:37:34.440564+00:00,201,23524.92,
2026-09-11T20:37:12.927314+00:00,201,45037.07,
2026-09-11T20:37:35.332104+00:00,201,22656.35,
2026-09-11T20:36:06.859907+00:00,201,111131.96,
2026-09-11T20:37:16.796318+00:00,201,41196.50,
2026-09-11T20:36:54.764748+00:00,201,63246.50,
2026-09-11T20:37:29.768653+00:00,201,28272.09,
2026-09-11T20:37:18.498321+00:00,201,39553.05,
2026-09-11T20:37:27.898252+00:00,201,30166.76,
2026-09-11T20:36:56.013130+00:00,201,62045.58,
2026-09-11T20:36:35.326715+00:00,201,82749.12,
2026-09-11T20:36:57.807522+00:00,201,60276.82,
2026-09-11T20:36:19.481868+00:00,201,98630.34,
2026-09-11T20:37:03.949574+00:00,201,54175.59,
2026-09-11T20:37:28.151119+00:00,201,29968.86,
2026-09-11T20:37:29.841806+00:00,201,28292.65,
2026-09-11T20:35:39.965537+00:00,201,138175.94,
2026-09-11T20:36:54.068080+00:00,201,64105.64,
2026-09-11T20:37:19.061907+00:00,201,39114.58,
2026-09-11T20:37:17.302059+00:00,201,40880.25,
2026-09-11T20:37:18.052677+00:00,201,40146.44,
2026-09-11T20:37:13.778781+00:00,201,44413.11,
2026-09-11T20:36:19.412835+00:00,201,98798.20,
2026-09-11T20:35:38.485713+00:00,201,139736.31,
2026-09-11T20:37:03.717229+00:00,201,54513.83,
2026-09-11T20:37:25.189964+00:00,201,33065.42,
2026-09-11T20:36:22.288685+00:00,201,95974.46,
2026-09-11T20:37:22.082785+00:00,201,36194.76,
2026-09-11T20:37:25.757973+00:00,201,32517.36,
2026-09-11T20:37:28.167187+00:00,201,30105.37,
2026-09-11T20:37:28.579886+00:00,201,29737.42,
2026-09-11T20:37:33.763520+00:00,201,24585.53,
2026-09-11T20:37:23.721442+00:00,201,34626.83,
2026-09-11T20:37:03.694018+00:00,201,54661.27,
2026-09-11T20:37:27.468817+00:00,201,30881.69,
2026-09-11T20:37:02.952752+00:00,201,55408.66,
2026-09-11T20:37:29.948509+00:00,201,28422.01,
2026-09-11T20:36:55.238079+00:00,201,63169.19,
2026-09-11T20:37:19.184318+00:00,201,39227.18,
2026-09-11T20:37:09.212516+00:00,201,49202.86,
2026-09-11T20:37:11.611820+00:00,201,46814.43,
2026-09-11T20:37:24.526567+00:00,201,33906.13,
2026-09-11T20:36:38.043105+00:00,201,80393.20,
2026-09-11T20:37:32.774298+00:00,201,25686.92,
2026-09-11T20:37:00.962232+00:00,201,57512.53,
2026-09-11T20:36:35.987348+00:00,201,82488.72,
2026-09-11T20:36:10.998559+00:00,201,107475.35,
2026-09-11T20:37:27.353264+00:00,201,31126.25,
2026-09-11T20:36:58.998662+00:00,201,59477.17,
2026-09-11T20:37:29.126287+00:00,201,29370.58,
2026-09-11T20:37:27.058552+00:00,201,31450.60,
2026-09-11T20:37:16.540871+00:00,201,41977.86,
2026-09-11T20:36:23.545438+00:00,201,94998.13,
2026-09-11T20:37:00.536007+00:00,201,57998.79,
2026-09-11T20:37:25.024975+00:00,201,33526.56,
2026-09-11T20:37:30.845602+00:00,201,27717.46,
2026-09-11T20:36:42.225494+00:00,201,76341.59,
2026-09-11T20:37:20.467808+00:00,201,38098.16,
2026-09-11T20:37:13.355439+00:00,201,45208.85,
2026-09-11T20:37:01.463607+00:00,201,57107.08,
2026-09-11T20:37:08.169304+00:00,201,50411.80,
2026-09-11T20:36:04.469900+00:00,201,114106.85,
2026-09-11T20:36:13.609885+00:00,201,104978.74,
2026-09-11T20:36:46.651971+00:00,201,71938.75,
2026-09-11T20:37:20.049067+00:00,201,38578.16,
2026-09-11T20:36:32.321924+00:00,201,86308.66,
2026-09-11T20:37:20.132351+00:00,201,38512.21,
2026-09-11T20:37:34.609278+00:00,201,24030.57,
2026-09-11T20:37:34.653113+00:00,201,24009.61,
2026-09-11T20:36:09.593649+00:00,201,109082.19,
2026-09-11T20:36:50.381184+00:00,201,68323.77,
2026-09-11T20:35:27.176747+00:00,201,151527.39,
2026-09-11T20:37:18.727392+00:00,201,39990.77,
2026-09-11T20:36:45.296610+00:00,201,73446.19,
2026-09-11T20:36:46.686186+00:00,201,72064.63,
2026-09-11T20:37:14.941452+00:00,201,43824.39,
2026-09-11T20:36:39.593706+00:00,201,79186.34,
2026-09-11T20:35:39.528915+00:00,201,139258.39,
2026-09-11T20:37:33.448543+00:00,201,25376.67,
2026-09-11T20:37:29.472863+00:00,201,29354.15,
2026-09-11T20:37:28.394478+00:00,201,30439.61,
2026-09-11T20:37:08.328891+00:00,201,50514.15,
2026-09-11T20:37:22.082785+00:00,201,36769.35,
2026-09-11T20:37:14.012386+00:00,201,44872.12,
2026-09-11T20:36:25.378643+00:00,201,93501.41,
2026-09-11T20:36:52.404477+00:00,201,66479.64,
2026-09-11T20:37:19.328113+00:00,201,39552.74,
2026-09-11T20:37:35.308813+00:00,201,23591.79,
2026-09-11T20:37:23.641275+00:00,201,35263.83,
2026-09-11T20:37:24.873365+00:00,201,34040.94,
2026-09-11T20:36:47.214978+00:00,201,71707.18,
2026-09-11T20:37:33.923694+00:00,201,24999.40,
2026-09-11T20:37:31.772137+00:00,201,27157.67,
2026-09-11T20:36:34.984091+00:00,201,83963.77,
2026-09-11T20:37:32.832955+00:00,201,26146.77,
2026-09-11T20:36:48.918676+00:00,201,70058.14,
2026-09-11T20:37:32.708146+00:00,201,26289.30,
2026-09-11T20:36:58.744771+00:00,201,60277.03,
2026-09-11T20:37:30.965530+00:00,201,28056.43,
2026-09-11T20:35:39.536746+00:00,201,139508.59,
2026-09-11T20:36:30.096381+00:00,201,88941.96,
2026-09-11T20:37:14.142879+00:00,201,44946.89,
2026-09-11T20:36:00.997930+00:00,201,118104.82,
2026-09-11T20:37:16.107118+00:00,201,43020.97,
2026-09-11T20:37:22.351531+00:00,201,36775.79,
2026-09-11T20:36:44.083667+00:00,201,75069.32,
2026-09-11T20:37:12.913821+00:00,201,46262.06,
2026-09-11T20:37:10.122281+00:00,201,49064.72,
2026-09-11T20:37:25.615516+00:00,201,33575.17,
2026-09-11T20:37:30.592124+00:00,201,28606.57,
2026-09-11T20:37:07.916799+00:00,201,51301.51,
2026-09-11T20:37:21.911334+00:00,201,37306.49,
2026-09-11T20:37:07.030625+00:00,201,52188.10,
2026-09-11T20:36:20.523676+00:00,201,98710.69,
2026-09-11T20:35:56.238627+00:00,201,123010.09,
2026-09-11T20:36:40.505261+00:00,201,78747.92,
2026-09-11T20:37:10.797918+00:00,201,48467.96,
2026-09-11T20:36:39.882217+00:00,201,79389.25,
2026-09-11T20:37:25.303817+00:00,201,33969.14,
2026-09-11T20:37:01.140960+00:00,201,58146.31,
2026-09-11T20:37:07.363189+00:00,201,51935.45,
2026-09-11T20:37:14.514975+00:00,201,44789.29,
2026-09-11T20:37:18.036833+00:00,201,41272.73,
2026-09-11T20:37:34.331533+00:00,201,24985.20,
2026-09-11T20:36:46.846301+00:00,201,72477.11,
2026-09-11T20:37:03.860662+00:00,201,55465.38,
2026-09-11T20:36:59.110338+00:00,201,60228.08,
2026-09-11T20:36:47.839628+00:00,201,71510.04,
2026-09-11T20:37:22.804594+00:00,201,36556.05,
2026-09-11T20:37:05.012090+00:00,201,54354.21,
2026-09-11T20:37:29.295175+00:00,201,30093.34,
2026-09-11T20:37:15.939716+00:00,201,43459.43,
2026-09-11T20:36:45.931213+00:00,201,73477.89,
2026-09-11T20:37:06.931300+00:00,201,52479.63,
2026-09-11T20:37:07.808807+00:00,201,51625.95,
2026-09-11T20:36:52.990847+00:00,201,66446.56,
2026-09-11T20:37:17.928085+00:00,201,41524.70,
2026-09-11T20:37:31.814723+00:00,201,27636.06,
2026-09-11T20:37:07.583789+00:00,201,51868.58,
2026-09-11T20:36:51.168440+00:00,201,68287.87,
2026-09-11T20:37:10.856238+00:00,201,48617.63,
2026-09-11T20:37:16.301449+00:00,201,43181.55,
2026-09-11T20:36:25.811716+00:00,201,93675.43,
2026-09-11T20:37:34.081559+00:00,201,25440.88,
2026-09-11T20:37:08.360952+00:00,201,51158.20,
2026-09-11T20:37:23.213295+00:00,201,36338.87,
2026-09-11T20:37:23.254230+00:00,201,36298.06,
2026-09-11T20:37:29.552232+00:00,201,30004.43,
2026-09-11T20:37:01.931330+00:00,201,57633.93,
2026-09-11T20:36:56.318148+00:00,201,63271.48,
2026-09-11T20:37:25.269689+00:00,201,34325.18,
2026-09-11T20:36:41.497445+00:00,201,78104.53,
2026-09-11T20:36:47.966528+00:00,201,71648.19,
2026-09-11T20:36:56.079277+00:00,201,63537.61,
2026-09-11T20:36:59.926587+00:00,201,59699.44,
2026-09-11T20:36:51.296736+00:00,201,68337.14,
2026-09-11T20:36:24.272254+00:00,201,95373.19,
2026-09-11T20:36:15.343139+00:00,201,104311.37,
2026-09-11T20:37:11.937849+00:00,201,47719.16,
2026-09-11T20:36:45.975684+00:00,201,73681.31,
2026-09-11T20:37:00.900215+00:00,201,58758.69,
2026-09-11T20:36:42.825563+00:00,201,76838.68,
2026-09-11T20:36:55.981071+00:00,201,63688.98,
2026-09-11T20:37:03.587776+00:00,201,56091.55,
2026-09-11T20:37:30.796678+00:00,201,28896.43,
2026-09-11T20:37:09.777977+00:00,201,49958.16,
2026-09-11T20:37:29.103399+00:00,201,30635.46,
2026-09-11T20:36:53.072421+00:00,201,66671.67,
2026-09-11T20:37:04.558414+00:00,201,55199.83,
2026-09-11T20:37:22.598173+00:00,201,37173.55,
2026-09-11T20:37:12.451978+00:00,201,47341.91,
2026-09-11T20:37:20.613247+00:00,201,39188.71,
2026-09-11T20:36:59.412410+00:00,201,60387.54,
2026-09-11T20:37:34.795174+00:00,201,25005.02,
2026-09-11T20:36:45.413661+00:00,201,74396.24,
2026-09-11T20:37:31.385302+00:00,201,28425.30,
2026-09-11T20:36:53.168126+00:00,201,66657.92,
2026-09-11T20:37:20.270411+00:00,201,39571.65,
2026-09-11T20:37:20.778434+00:00,201,39069.02,
2026-09-11T20:37:26.583922+00:00,201,33274.43,
2026-09-11T20:37:19.519666+00:00,201,40336.35,
2026-09-11T20:37:19.519666+00:00,201,40361.29,
2026-09-11T20:37:25.439358+00:00,201,34449.44,
2026-09-11T20:36:28.391083+00:00,201,91504.92,
2026-09-11T20:37:21.223039+00:00,201,38674.05,
2026-09-11T20:37:31.558181+00:00,201,28351.30,
2026-09-11T20:36:59.206152+00:00,201,60711.93,
2026-09-11T20:36:54.048698+00:00,201,65871.77,
2026-09-11T20:35:58.478367+00:00,201,121467.67,
2026-09-11T20:37:18.919330+00:00,201,41025.54,
2026-09-11T20:35:52.890596+00:00,201,127068.61,
2026-09-11T20:36:47.510202+00:00,201,72457.39,
2026-09-11T20:37:04.605774+00:00,201,55366.74,
2026-09-11T20:37:13.418861+00:00,201,46572.87,
2026-09-11T20:36:53.806775+00:00,201,66196.02,
2026-09-11T20:36:03.322398+00:00,201,116675.01,
2026-09-11T20:36:43.159141+00:00,201,76861.33,
2026-09-11T20:36:51.943156+00:00,201,68085.86,
2026-09-11T20:36:22.439650+00:00,201,97609.50,
2026-09-11T20:37:27.612557+00:00,201,32481.47,
2026-09-11T20:36:39.725653+00:00,201,80378.21,
2026-09-11T20:36:52.197929+00:00,201,67891.65,
2026-09-11T20:36:47.468312+00:00,201,72637.62,
2026-09-11T20:37:31.179087+00:00,201,28940.01,
2026-09-11T20:37:17.679224+00:00,201,42444.61,
2026-09-11T20:37:31.296943+00:00,201,28853.60,
2026-09-11T20:37:20.971986+00:00,201,39190.46,
2026-09-11T20:36:47.485387+00:00,201,72690.74,
2026-09-11T20:37:19.513127+00:00,201,40680.13,
2026-09-11T20:37:07.463111+00:00,201,52733.53,
2026-09-11T20:36:00.761340+00:00,201,119457.78,
2026-09-11T20:36:07.280231+00:00,201,112960.90,
2026-09-11T20:37:30.454838+00:00,201,29786.61,
2026-09-11T20:37:33.482906+00:00,201,26757.43,
2026-09-11T20:37:28.839000+00:00,201,31404.75,
2026-09-11T20:36:08.912203+00:00,201,111338.53,
2026-09-11T20:37:27.337348+00:00,201,32923.16,
2026-09-11T20:37:20.007762+00:00,201,40279.85,
2026-09-11T20:37:14.094933+00:00,201,46187.17,
2026-09-11T20:37:06.573170+00:00,201,53734.45,
2026-09-11T20:37:09.855134+00:00,201,50453.52,
2026-09-11T20:36:55.419305+00:00,201,64901.55,
2026-09-11T20:37:24.728519+00:00,201,35598.96,
2026-09-11T20:37:29.854976+00:00,201,30468.07,
2026-09-11T20:37:30.563884+00:00,201,29785.19,
2026-09-11T20:36:23.854379+00:00,201,96517.15,
2026-09-11T20:37:18.819435+00:00,201,41549.56,
2026-09-11T20:36:11.756800+00:00,201,108620.30,
2026-09-11T20:37:25.439358+00:00,201,34951.93,
2026-09-11T20:36:35.296331+00:00,201,85099.13,
2026-09-11T20:37:21.269993+00:00,201,39128.75,
2026-09-11T20:36:06.659822+00:00,201,113748.90,
2026-09-11T20:37:01.756505+00:00,201,58650.81,
2026-09-11T20:37:17.977602+00:00,201,42496.50,
2026-09-11T20:37:10.918378+00:00,201,49591.48,
2026-09-11T20:37:28.057808+00:00,201,32452.74,
2026-09-11T20:36:33.613882+00:00,201,86899.86,
2026-09-11T20:37:15.439710+00:00,201,45104.69,
2026-09-11T20:37:05.544224+00:00,201,55008.32,
2026-09-11T20:36:20.724431+00:00,201,99842.92,
2026-09-11T20:37:17.749743+00:00,201,42826.54,
2026-09-11T20:37:06.646434+00:00,201,53931.75,
2026-09-11T20:37:21.364971+00:00,201,39211.77,
2026-09-11T20:37:19.610376+00:00,201,40969.82,
2026-09-11T20:36:06.474594+00:00,201,114110.17,
2026-09-11T20:36:25.054155+00:00,201,95533.20,
2026-09-11T20:37:19.248336+00:00,201,41343.02,
2026-09-11T20:37:22.090506+00:00,201,38507.84,
2026-09-11T20:35:24.528470+00:00,201,156084.19,
2026-09-11T20:36:28.960406+00:00,201,91662.67,
2026-09-11T20:37:22.164589+00:00,201,38458.33,
2026-09-11T20:36:51.263074+00:00,201,69377.48,
2026-09-11T20:37:06.889108+00:00,201,53748.83,
2026-09-11T20:37:18.971310+00:00,201,41678.91,
2026-09-11T20:37:26.138610+00:00,201,34505.36,
2026-09-11T20:37:21.291367+00:00,201,39360.87,
2026-09-11T20:37:17.943952+00:00,201,42716.68,
2026-09-11T20:37:18.307287+00:00,201,42357.33,
2026-09-11T20:37:32.498027+00:00,201,28201.79,
2026-09-11T20:36:20.403210+00:00,201,100304.76,
2026-09-11T20:36:29.590527+00:00,201,91120.81,
2026-09-11T20:36:57.656767+00:00,201,63069.30,
2026-09-11T20:37:11.382069+00:00,201,49345.78,
2026-09-11T20:37:02.777620+00:00,201,57969.46,
2026-09-11T20:37:21.638456+00:00,201,39185.15,
2026-09-11T20:36:24.672434+00:00,201,96143.72,
2026-09-11T20:36:34.357041+00:00,201,86482.32,
2026-09-11T20:37:08.386154+00:00,201,52454.49,
2026-09-11T20:36:11.933493+00:00,201,108925.66,
2026-09-11T20:37:26.747278+00:00,201,34108.82,
2026-09-11T20:37:34.637048+00:00,201,26236.41,
2026-09-11T20:37:03.823945+00:00,201,57049.53,
2026-09-11T20:36:15.895117+00:00,201,104981.83,
2026-09-11T20:37:27.534080+00:00,201,33348.05,
2026-09-11T20:37:16.941582+00:00,201,43945.31,
2026-09-11T20:37:21.758626+00:00,201,39137.52,
2026-09-11T20:37:10.044831+00:00,201,50852.56,
2026-09-11T20:35:43.824560+00:00,201,137076.99,
2026-09-11T20:37:26.593289+00:00,201,34315.84,
2026-09-11T20:37:24.705572+00:00,201,36199.41,
2026-09-11T20:36:09.121920+00:00,201,111808.50,
2026-09-11T20:37:33.241548+00:00,201,27707.24,
2026-09-11T20:36:54.274739+00:00,201,66673.36,
2026-09-11T20:37:03.003822+00:00,201,57964.87,
2026-09-11T20:37:17.965019+00:00,201,43004.80,
2026-09-11T20:36:16.944749+00:00,201,104036.93,
2026-09-11T20:37:33.927710+00:00,201,27058.41,
2026-09-11T20:37:01.119743+00:00,201,59874.52,
2026-09-11T20:36:51.115203+00:00,201,69886.66,
2026-09-11T20:37:31.988247+00:00,201,29027.24,
2026-09-11T20:37:22.634525+00:00,201,38440.57,
2026-09-11T20:37:04.335307+00:00,201,56744.69,
2026-09-11T20:37:26.256182+00:00,201,34823.64,
2026-09-11T20:36:27.910397+00:00,201,93177.49,
2026-09-11T20:37:29.536111+00:00,201,31554.20,
2026-09-11T20:37:04.059931+00:00,201,57034.11,
2026-09-11T20:37:10.721190+00:00,201,50380.32,
2026-09-11T20:36:52.626556+00:00,201,68483.19,
2026-09-11T20:37:06.967742+00:00,201,54138.17,
2026-09-11T20:36:54.306065+00:00,201,66803.31,
2026-09-11T20:36:33.990790+00:00,201,87128.61,
2026-09-11T20:37:04.033711+00:00,201,57105.19,
2026-09-11T20:35:46.590185+00:00,201,134560.15,
2026-09-11T20:37:20.033010+00:00,201,41113.25,
2026-09-11T20:37:29.854976+00:00,201,31295.61,
2026-09-11T20:37:32.734460+00:00,201,28441.48,
2026-09-11T20:37:29.552232+00:00,201,31634.24,
2026-09-11T20:36:47.445325+00:00,201,73742.47,
2026-09-11T20:35:55.564803+00:00,201,125622.70,
2026-09-11T20:37:21.190942+00:00,201,40005.22,
2026-09-11T20:37:03.627688+00:00,201,57581.02,
2026-09-11T20:37:34.826693+00:00,201,26384.74,
2026-09-11T20:36:50.458016+00:00,201,70770.77,
2026-09-11T20:37:19.478109+00:00,201,41771.26,
2026-09-11T20:36:30.998274+00:00,201,90280.16,
2026-09-11T20:35:30.381754+00:00,201,150923.94,
2026-09-11T20:37:21.629098+00:00,201,39696.09,
2026-09-11T20:36:05.576694+00:00,201,115746.72,
2026-09-11T20:37:33.741944+00:00,201,27612.82,
2026-09-11T20:37:15.923077+00:00,201,45434.25,
2026-09-11T20:37:26.984761+00:00,201,34379.88,
2026-09-11T20:37:09.041181+00:00,201,52331.04,
2026-09-11T20:36:00.195735+00:00,201,121176.36,
2026-09-11T20:36:48.590849+00:00,201,72777.28,
2026-09-11T20:37:06.665394+00:00,201,54715.84,
2026-09-11T20:36:47.646520+00:00,201,73752.69,
2026-09-11T20:37:01.507131+00:00,201,59893.26,
2026-09-11T20:37:01.310484+00:00,201,60081.47,
2026-09-11T20:37:32.757571+00:00,201,28675.02,
2026-09-11T20:36:29.098133+00:00,201,92341.42,
2026-09-11T20:36:24.489887+00:00,201,96963.80,
2026-09-11T20:37:24.740708+00:00,201,36715.63,
2026-09-11T20:37:20.909493+00:00,201,40548.75,
2026-09-11T20:36:19.492752+00:00,201,101964.70,
2026-09-11T20:37:25.757973+00:00,201,35708.54,
2026-09-11T20:37:25.086644+00:00,201,36384.97,
2026-09-11T20:37:25.709126+00:00,201,35759.30,
2026-09-11T20:37:09.918544+00:00,201,51563.40,
2026-09-11T20:37:30.174246+00:00,201,31329.18,
2026-09-11T20:37:22.022120+00:00,201,39496.68,
2026-09-11T20:36:52.546549+00:00,201,68998.33,
2026-09-11T20:36:47.937798+00:00,201,73626.62,
2026-09-11T20:37:33.943494+00:00,201,27628.45,
2026-09-11T20:36:33.478655+00:00,201,88103.51,
2026-09-11T20:36:57.522028+00:00,201,64066.79,
2026-09-11T20:36:53.070420+00:00,201,68524.88,
2026-09-11T20:37:32.294602+00:00,201,29306.97,
2026-09-11T20:37:21.597118+00:00,201,40021.63,
2026-09-11T20:36:55.120317+00:00,201,66508.07,
2026-09-11T20:36:54.463355+00:00,201,67184.88,
2026-09-11T20:36:56.862603+00:00,201,64794.72,
2026-09-11T20:36:44.089707+00:00,201,77571.16,
2026-09-11T20:37:25.605001+00:00,201,36063.78,
2026-09-11T20:37:06.808946+00:00,201,54864.94,
2026-09-11T20:36:44.963058+00:00,201,76711.77,
2026-09-11T20:36:45.384239+00:00,201,76292.83,
2026-09-11T20:36:23.937122+00:00,201,97744.31,
2026-09-11T20:36:40.523444+00:00,201,81169.96,
2026-09-11T20:36:50.489366+00:00,201,71207.37,
2026-09-11T20:36:49.570094+00:00,201,72135.24,
2026-09-11T20:37:17.017360+00:00,201,44689.83,
2026-09-11T20:37:21.415397+00:00,201,40295.93,
2026-09-11T20:37:31.505514+00:00,201,30211.52,
2026-09-11T20:37:08.308814+00:00,201,53446.27,
2026-09-11T20:36:52.872349+00:00,201,68883.98,
2026-09-11T20:36:38.454718+00:00,201,83307.81,
2026-09-11T20:37:20.399197+00:00,201,41386.00,
2026-09-11T20:36:45.584672+00:00,201,76215.21,
2026-09-11T20:36:32.187951+00:00,201,89610.45,
2026-09-11T20:36:17.492716+00:00,201,104313.56,
2026-09-11T20:37:05.765373+00:00,201,56050.73,
2026-09-11T20:37:23.021098+00:00,201,38796.46,
2026-09-11T20:37:08.345022+00:00,201,53472.19,
2026-09-11T20:37:23.091715+00:00,201,38729.02,
2026-09-11T20:35:51.480553+00:00,201,130371.51,
2026-09-11T20:37:28.629229+00:00,201,33227.22,
2026-09-11T20:37:29.854976+00:00,201,32008.37,
2026-09-11T20:37:02.718270+00:00,201,59153.54,
2026-09-11T20:37:32.323994+00:00,201,29590.50,
2026-09-11T20:36:18.834958+00:00,201,103076.03,
2026-09-11T20:37:20.620282+00:00,201,41307.42,
2026-09-11T20:37:06.240996+00:00,201,55692.39,
2026-09-11T20:36:27.370872+00:00,201,94557.19,
2026-09-11T20:37:31.147221+00:00,201,30779.53,
2026-09-11T20:37:02.379160+00:00,201,59568.62,
2026-09-11T20:37:12.392842+00:00,201,49557.25,
2026-09-11T20:37:33.810810+00:00,201,28147.01,
2026-09-11T20:37:26.288785+00:00,201,35695.51,
2026-09-11T20:36:26.843319+00:00,201,95151.62,
2026-09-11T20:37:13.626816+00:00,201,48364.56,
2026-09-11T20:37:07.008449+00:00,201,54996.97,
2026-09-11T20:37:17.721921+00:00,201,44274.83,
2026-09-11T20:37:17.997859+00:00,201,44020.60,
2026-09-11T20:36:41.046038+00:00,201,80975.24,
2026-09-11T20:36:52.441127+00:00,201,69596.30,
2026-09-11T20:36:50.931741+00:00,201,71129.08,
2026-09-11T20:36:23.263281+00:00,201,98808.58,
2026-09-11T20:36:33.183905+00:00,201,88901.33,
2026-09-11T20:37:18.043893+00:00,201,44050.81,
2026-09-11T20:36:16.779937+00:00,201,105320.48,
2026-09-11T20:37:27.153265+00:00,201,34965.98,
2026-09-11T20:37:27.129857+00:00,201,34995.83,
2026-09-11T20:36:26.913170+00:00,201,95227.92,
2026-09-11T20:36:19.905090+00:00,201,102247.75,
2026-09-11T20:35:39.758035+00:00,201,142393.76,
2026-09-11T20:37:18.338791+00:00,201,43816.21,
2026-09-11T20:37:19.011622+00:00,201,43158.97,
2026-09-11T20:36:55.837510+00:00,201,66349.68,
2026-09-11T20:37:07.984043+00:00,201,54195.45,
2026-09-11T20:36:30.334539+00:00,201,91863.27,
2026-09-11T20:37:32.332180+00:00,201,29873.34,
2026-09-11T20:37:02.214006+00:00,201,59996.66,
2026-09-11T20:37:29.382897+00:00,201,32836.37,
2026-09-11T20:37:06.526019+00:00,201,55704.24,
2026-09-11T20:37:27.639692+00:00,201,34591.24,
2026-09-11T20:37:06.416303+00:00,201,55827.76,
2026-09-11T20:35:16.093001+00:00,201,166150.82,
2026-09-11T20:37:22.367635+00:00,201,39868.50,
2026-09-11T20:37:16.273586+00:00,201,45984.29,
2026-09-11T20:37:30.161114+00:00,201,32096.89,
2026-09-11T20:37:29.720857+00:00,201,32549.27,
2026-09-11T20:37:22.709146+00:00,201,39573.85,
2026-09-11T20:37:27.042777+00:00,201,35276.88,
2026-09-11T20:36:27.048779+00:00,201,95287.35,
2026-09-11T20:36:55.657856+00:00,201,66688.38,
2026-09-11T20:37:24.542330+00:00,201,37820.07,
2026-09-11T20:37:13.160998+00:00,201,49201.32,
2026-09-11T20:37:00.145279+00:00,201,62223.87,
2026-09-11T20:37:17.089886+00:00,201,45288.07,
2026-09-11T20:35:49.420356+00:00,201,132956.59,
2026-09-11T20:36:48.909666+00:00,201,73475.43,
2026-09-11T20:36:23.387664+00:00,201,99020.24,
2026-09-11T20:35:42.504272+00:00,201,139914.44,
2026-09-11T20:37:19.508127+00:00,201,42925.19,
2026-09-11T20:37:18.970273+00:00,201,43474.76,
2026-09-11T20:36:37.538184+00:00,201,84917.46,
2026-09-11T20:36:32.661216+00:00,201,89798.27,
2026-09-11T20:37:25.471467+00:00,201,36989.01,
2026-09-11T20:37:07.347550+00:00,201,55129.28,
2026-09-11T20:36:39.597718+00:00,201,82885.14,
2026-09-11T20:36:29.930460+00:00,201,92549.03,
2026-09-11T20:37:27.746402+00:00,201,34737.72,
2026-09-11T20:37:32.598607+00:00,201,29887.55,
2026-09-11T20:36:46.162123+00:00,201,76355.00,
2026-09-11T20:37:24.382763+00:00,201,38157.92,
2026-09-11T20:37:32.692889+00:00,201,29847.85,
2026-09-11T20:36:53.065412+00:00,201,69480.57,
2026-09-11T20:37:07.727095+00:00,201,54814.98,
2026-09-11T20:36:06.572319+00:00,201,115979.12,
2026-09-11T20:36:07.020756+00:00,201,115537.02,
2026-09-11T20:36:53.870454+00:00,201,68688.97,
2026-09-11T20:37:20.349915+00:00,201,42209.24,
2026-09-11T20:36:52.276866+00:00,201,70286.24,
2026-09-11T20:36:51.864929+00:00,201,70698.62,
2026-09-11T20:36:44.440631+00:00,201,78139.47,
2026-09-11T20:36:18.619381+00:00,201,103965.51,
2026-09-11T20:36:33.028870+00:00,201,89584.05,
2026-09-11T20:37:13.451891+00:00,201,49162.84,
2026-09-11T20:37:27.404994+00:00,201,35218.55,
2026-09-11T20:37:23.978376+00:00,201,38676.81,
2026-09-11T20:36:08.959608+00:00,201,113703.43,
2026-09-11T20:37:11.126180+00:00,201,51544.27,
2026-09-11T20:37:17.759342+00:00,201,44912.53,
2026-09-11T20:37:29.126287+00:00,201,33555.22,
2026-09-11T20:37:27.143697+00:00,201,35560.33,
2026-09-11T20:36:41.215672+00:00,201,81487.40,
2026-09-11T20:37:18.291242+00:00,201,44415.04,
2026-09-11T20:36:34.014680+00:00,201,88696.85,
2026-09-11T20:36:45.334667+00:00,201,77404.97,
2026-09-11T20:37:14.114390+00:00,201,48639.35,
2026-09-11T20:36:50.880766+00:00,201,71887.71,
2026-09-11T20:36:09.740526+00:00,201,113057.86,
2026-09-11T20:37:23.821721+00:00,201,38982.94,
2026-09-11T20:37:28.325960+00:00,201,34484.38,
2026-09-11T20:37:28.603225+00:00,201,34225.11,
2026-09-11T20:37:26.656584+00:00,201,36171.55,
2026-09-11T20:37:34.921132+00:00,201,27915.09,
2026-09-11T20:36:46.885127+00:00,201,75960.54,
2026-09-11T20:36:49.219037+00:00,201,73647.20,
2026-09-11T20:36:41.038595+00:00,201,81825.20,
2026-09-11T20:37:19.969400+00:00,201,42901.63,
2026-09-11T20:37:25.753811+00:00,201,37122.83,
2026-09-11T20:37:05.743277+00:00,201,57146.07,
2026-09-11T20:37:23.713639+00:00,201,39183.04,
2026-09-11T20:37:06.912398+00:00,201,56000.05,
2026-09-11T20:37:22.861219+00:00,201,40057.45,
2026-09-11T20:36:33.095614+00:00,201,89839.48,
2026-09-11T20:36:52.102939+00:00,201,70857.94,
2026-09-11T20:36:44.698811+00:00,201,78260.62,
2026-09-11T20:36:53.646295+00:00,201,69333.31,
2026-09-11T20:37:09.360044+00:00,201,53620.13,
2026-09-11T20:37:04.292802+00:00,201,58701.52,
2026-09-11T20:37:12.199056+00:00,201,50819.64,
2026-09-11T20:37:32.585246+00:00,201,30435.65,
2026-09-11T20:37:02.119527+00:00,201,60912.92,
2026-09-11T20:37:07.483192+00:00,201,55565.65,
2026-09-11T20:37:07.636036+00:00,201,55418.69,
2026-09-11T20:37:21.159033+00:00,201,41906.40,
2026-09-11T20:37:22.822145+00:00,201,40252.43,
2026-09-11T20:37:33.252605+00:00,201,29847.63,
2026-09-11T20:37:12.707493+00:00,201,50391.62,
2026-09-11T20:37:33.723346+00:00,201,29377.87,
2026-09-11T20:37:18.806483+00:00,201,44305.39,
2026-09-11T20:37:17.273566+00:00,201,45836.82,
2026-09-11T20:37:03.223495+00:00,201,59897.94,
2026-09-11T20:37:28.091499+00:00,201,35032.43,
2026-09-11T20:37:29.411110+00:00,201,33713.91,
2026-09-11T20:37:27.385414+00:00,201,35738.23,
2026-09-11T20:37:06.967742+00:00,201,56164.73,
2026-09-11T20:36:19.294429+00:00,201,103854.88,
2026-09-11T20:37:16.472364+00:00,201,46681.20,
2026-09-11T20:37:29.653097+00:00,201,33519.82,
2026-09-11T20:37:19.055874+00:00,201,44127.68,
2026-09-11T20:36:42.175843+00:00,201,81022.50,
2026-09-11T20:37:12.134450+00:00,201,51074.46,
2026-09-11T20:37:00.962232+00:00,201,62247.87,
2026-09-11T20:37:01.643087+00:00,201,61584.94,
2026-09-11T20:35:38.751516+00:00,201,144518.95,
2026-09-11T20:37:29.346361+00:00,201,33928.25,
2026-09-11T20:37:34.936822+00:00,201,28335.00,
2026-09-11T20:37:21.159033+00:00,201,42120.46,
2026-09-11T20:36:43.847904+00:00,201,79436.49,
2026-09-11T20:37:11.387568+00:00,201,51902.78,
2026-09-11T20:35:46.801913+00:00,201,136505.92,
2026-09-11T20:37:22.367635+00:00,201,40956.54,
2026-09-11T20:37:12.365190+00:00,201,50986.02,
2026-09-11T20:37:03.253013+00:00,201,60099.73,
2026-09-11T20:37:02.625865+00:00,201,60719.38,
2026-09-11T20:37:35.390057+00:00,201,27968.00,
2026-09-11T20:36:48.896654+00:00,201,74468.43,
2026-09-11T20:37:16.081405+00:00,201,47288.53,
2026-09-11T20:36:47.308038+00:00,201,76069.65,
2026-09-11T20:37:10.953074+00:00,201,52427.44,
2026-09-11T20:37:21.799143+00:00,201,41575.00,
2026-09-11T20:37:28.553854+00:00,201,34843.66,
2026-09-11T20:37:31.576685+00:00,201,31834.55,
2026-09-11T20:37:06.114467+00:00,201,57312.64,
2026-09-11T20:36:53.295519+00:00,201,70123.27,
2026-09-11T20:36:38.803780+00:00,201,84632.80,
2026-09-11T20:36:51.263074+00:00,201,72190.73,
2026-09-11T20:37:30.248956+00:00,201,33208.58,
2026-09-11T20:37:30.726044+00:00,201,32763.69,
2026-09-11T20:36:44.367619+00:00,201,79119.55,
2026-09-11T20:37:12.798212+00:00,201,50694.52,
2026-09-11T20:37:29.615504+00:00,201,33891.91,
2026-09-11T20:37:29.226244+00:00,201,34295.38,
2026-09-11T20:37:29.552232+00:00,201,33968.80,
2026-09-11T20:37:20.599525+00:00,201,42953.01,
2026-09-11T20:35:30.279344+00:00,201,153293.22,
2026-09-11T20:37:33.781312+00:00,201,29797.25,
2026-09-11T20:37:20.003247+00:00,201,43585.63,
2026-09-11T20:37:34.588971+00:00,201,28996.37,
2026-09-11T20:35:23.554307+00:00,201,160053.10,
2026-09-11T20:37:18.633834+00:00,201,44981.03,
2026-09-11T20:36:30.090366+00:00,201,93522.77,
2026-09-11T20:37:20.162460+00:00,201,43459.96,
2026-09-11T20:37:33.363018+00:00,201,30268.12,
2026-09-11T20:37:24.588757+00:00,201,39069.37,
2026-09-11T20:37:17.286548+00:00,201,46369.46,
2026-09-11T20:36:58.370573+00:00,201,65302.10,
2026-09-11T20:37:23.967357+00:00,201,39719.46,
2026-09-11T20:36:27.596418+00:00,201,96126.76,
2026-09-11T20:37:23.487137+00:00,201,40257.03,
2026-09-11T20:37:24.505994+00:00,201,39240.56,
2026-09-11T20:37:32.585246+00:00,201,31156.52,
2026-09-11T20:37:34.311444+00:00,201,29435.78,
2026-09-11T20:37:33.499951+00:00,201,30243.74,
2026-09-11T20:37:31.067472+00:00,201,32683.75,
2026-09-11T20:37:10.584324+00:00,201,53171.15,
2026-09-11T20:37:15.433697+00:00,201,48329.93,
2026-09-11T20:37:33.852746+00:00,201,29916.75,
2026-09-11T20:37:32.120432+00:00,201,31659.26,
2026-09-11T20:37:02.269948+00:00,201,61517.94,
2026-09-11T20:37:32.818275+00:00,201,30975.08,
2026-09-11T20:37:26.667892+00:00,201,37124.76,
2026-09-11T20:37:25.102430+00:00,201,38725.69,
2026-09-11T20:37:08.928645+00:00,201,54905.52,
2026-09-11T20:36:43.625361+00:00,201,80203.64,
2026-09-11T20:36:35.422564+00:00,201,88423.74,
2026-09-11T20:36:13.351525+00:00,201,110502.39,
2026-09-11T20:37:33.150085+00:00,201,30697.44,
2026-09-11T20:37:28.852278+00:00,201,35020.60,
2026-09-11T20:37:34.786078+00:00,201,29117.66,
2026-09-11T20:37:24.136429+00:00,201,39784.31,
2026-09-11T20:37:12.345332+00:00,201,51604.55,
2026-09-11T20:36:37.430000+00:00,201,86524.67,
2026-09-11T20:36:46.254235+00:00,201,77722.34,
2026-09-11T20:36:29.070325+00:00,201,94902.23,
2026-09-11T20:37:23.299602+00:00,201,40692.28,
2026-09-11T20:36:06.941287+00:00,201,117053.42,
2026-09-11T20:37:21.799143+00:00,201,42186.60,
2026-09-11T20:36:51.105065+00:00,201,72884.95,
2026-09-11T20:36:50.331716+00:00,201,73670.06,
2026-09-11T20:37:34.668783+00:00,201,29334.42,
2026-09-11T20:37:02.008824+00:00,201,61998.21,
2026-09-11T20:37:06.034795+00:00,201,57979.84,
2026-09-11T20:35:53.681789+00:00,201,130345.89,
2026-09-11T20:37:32.338699+00:00,201,31691.26,
2026-09-11T20:37:23.114747+00:00,201,40919.03,
2026-09-11T20:37:27.199397+00:00,201,36847.24,
2026-09-11T20:36:33.073973+00:00,201,90976.75,
2026-09-11T20:37:27.280437+00:00,201,36791.96,
2026-09-11T20:37:04.205362+00:00,201,59871.95,
2026-09-11T20:37:30.566482+00:00,201,33523.80,
2026-09-11T20:37:21.595507+00:00,201,42518.06,
2026-09-11T20:37:11.287876+00:00,201,52828.76,
2026-09-11T20:36:39.800306+00:00,201,84325.44,
2026-09-11T20:37:01.838083+00:00,201,62312.91,
2026-09-11T20:36:28.100601+00:00,201,96065.82,
2026-09-11T20:36:19.719509+00:00,201,104442.51,
2026-09-11T20:36:15.579935+00:00,201,108596.70,
2026-09-11T20:37:22.257057+00:00,201,41922.10,
2026-09-11T20:36:49.386846+00:00,201,74812.73,
2026-09-11T20:36:48.068005+00:00,201,76143.37,
2026-09-11T20:37:33.561956+00:00,201,30651.59,
2026-09-11T20:36:44.239917+00:00,201,79988.21,
2026-09-11T20:36:16.605848+00:00,201,107621.53,
2026-09-11T20:37:01.193913+00:00,201,63038.90,
2026-09-11T20:37:19.530205+00:00,201,44697.92,
2026-09-11T20:36:47.855490+00:00,201,76374.15,
2026-09-11T20:36:36.863035+00:00,201,87379.13,
2026-09-11T20:37:30.518748+00:00,201,33729.76,
2026-09-11T20:37:24.998628+00:00,201,39257.25,
2026-09-11T20:37:33.193310+00:00,201,31078.55,
2026-09-11T20:37:28.848260+00:00,201,35447.80,
2026-09-11T20:37:22.530967+00:00,201,41782.18,
2026-09-11T20:36:47.518253+00:00,201,76799.56,
2026-09-11T20:37:18.601856+00:00,201,45721.86,
2026-09-11T20:37:32.908828+00:00,201,31424.94,
2026-09-11T20:36:31.663546+00:00,201,92670.12,
2026-09-11T20:37:03.543832+00:00,201,60796.80,
2026-09-11T20:37:16.558134+00:00,201,47789.17,
2026-09-11T20:37:18.570381+00:00,201,45803.93,
2026-09-11T20:36:22.153835+00:00,201,102232.28,
2026-09-11T20:37:32.446625+00:00,201,31943.80,
2026-09-11T20:36:15.117521+00:00,201,109281.52,
2026-09-11T20:37:07.664034+00:00,201,56748.69,
2026-09-11T20:37:26.366047+00:00,201,38036.12,
2026-09-11T20:36:41.481806+00:00,201,82936.26,
2026-09-11T20:37:10.116125+00:00,201,54319.88,
2026-09-11T20:36:10.515354+00:00,201,113935.20,
2026-09-11T20:37:16.959690+00:00,201,47513.53,
2026-09-11T20:36:15.035223+00:00,201,109437.25,
2026-09-11T20:37:25.223118+00:00,201,39261.98,
2026-09-11T20:37:10.022702+00:00,201,54460.82,
2026-09-11T20:35:58.883333+00:00,201,125593.76,
2026-09-11T20:37:17.848754+00:00,201,46674.75,
2026-09-11T20:37:04.797399+00:00,201,59727.50,
2026-09-11T20:36:31.307958+00:00,201,93215.01,
2026-09-11T20:37:23.962406+00:00,201,40571.65,
2026-09-11T20:37:26.667892+00:00,201,37863.78,
2026-09-11T20:37:16.256725+00:00,201,48280.52,
2026-09-11T20:37:28.832216+00:00,201,35714.13,
2026-09-11T20:37:07.900738+00:00,201,56650.31,
2026-09-11T20:36:33.258402+00:00,201,91297.48,
2026-09-11T20:37:22.598173+00:00,201,41969.31,
2026-09-11T20:37:05.987409+00:00,201,58607.43,
2026-09-11T20:36:25.181398+00:00,201,99440.71,
2026-09-11T20:36:57.142958+00:00,201,67512.39,
2026-09-11T20:37:20.446401+00:00,201,44206.75,
2026-09-11T20:37:32.828618+00:00,201,31835.92,
2026-09-11T20:36:52.324360+00:00,201,72335.35,
2026-09-11T20:36:56.326177+00:00,201,68339.30,
2026-09-11T20:37:29.583856+00:00,201,35074.92,
2026-09-11T20:35:09.371872+00:00,201,175297.75,
2026-09-11T20:37:19.706336+00:00,201,44968.93,
2026-09-11T20:37:08.848580+00:00,201,55847.52,
2026-09-11T20:37:18.230974+00:00,201,46471.20,
2026-09-11T20:37:33.409803+00:00,201,31307.55,
2026-09-11T20:37:30.534626+00:00,201,34189.10,
2026-09-11T20:37:31.550726+00:00,201,33191.14,
2026-09-11T20:36:29.281463+00:00,201,95477.33,
2026-09-11T20:36:03.724928+00:00,201,121025.98,
2026-09-11T20:37:15.022014+00:00,201,49751.70,
2026-09-11T20:37:10.774190+00:00,201,54012.36,
2026-09-11T20:36:59.894906+00:00,201,64894.57,
2026-09-11T20:37:23.057688+00:00,201,41758.25,
2026-09-11T20:37:27.337348+00:00,201,37486.99,
2026-09-11T20:37:08.571149+00:00,201,56265.73,
2026-09-11T20:36:15.831265+00:00,201,108998.63,
2026-09-11T20:37:25.389788+00:00,201,39464.59,
2026-09-11T20:37:05.485346+00:00,201,59365.88,
2026-09-11T20:36:44.009274+00:00,201,80854.61,
2026-09-11T20:37:08.967836+00:00,201,55921.02,
2026-09-11T20:37:04.518014+00:00,201,60370.86,
2026-09-11T20:37:09.765480+00:00,201,55156.12,
2026-09-11T20:36:56.154214+00:00,201,68770.02,
2026-09-11T20:36:50.410286+00:00,201,74516.97,
2026-09-11T20:37:35.290673+00:00,201,29637.95,
2026-09-11T20:37:26.862924+00:00,201,38074.67,
2026-09-11T20:36:50.988030+00:00,201,73980.83,
2026-09-11T20:37:01.674313+00:00,201,63302.57,
2026-09-11T20:37:06.878720+00:00,201,58104.69,
2026-09-11T20:36:54.331228+00:00,201,70665.22,
2026-09-11T20:36:54.063083+00:00,201,70947.73,
2026-09-11T20:37:15.953198+00:00,201,49065.20,
2026-09-11T20:36:27.243358+00:00,201,97785.01,
2026-09-11T20:36:16.352906+00:00,201,108677.66,
2026-09-11T20:36:31.109022+00:00,201,93922.62,
2026-09-11T20:37:26.683940+00:00,201,38356.67,
2026-09-11T20:36:48.213827+00:00,201,76830.71,
2026-09-11T20:36:45.763851+00:00,201,79295.56,
2026-09-11T20:36:21.053542+00:00,201,104011.05,
2026-09-11T20:37:29.669275+00:00,201,35401.78,
2026-09-11T20:37:06.307141+00:00,201,58763.73,
2026-09-11T20:36:47.681927+00:00,201,77410.46,
2026-09-11T20:37:32.757571+00:00,201,32352.62,
2026-09-11T20:37:34.588971+00:00,201,30555.94,
2026-09-11T20:35:58.292134+00:00,201,126857.44,
2026-09-11T20:37:16.250923+00:00,201,48907.54,
2026-09-11T20:37:19.926294+00:00,201,45235.81,
2026-09-11T20:36:44.796392+00:00,201,80376.94,
2026-09-11T20:37:18.998406+00:00,201,46196.36,
2026-09-11T20:35:38.909260+00:00,201,146304.15,
2026-09-11T20:36:49.299506+00:00,201,75915.30,
2026-09-11T20:36:51.595943+00:00,201,73628.21,
2026-09-11T20:37:24.274392+00:00,201,40965.62,
2026-09-11T20:37:25.373066+00:00,201,39875.06,
2026-09-11T20:37:02.110307+00:00,201,63145.62,
2026-09-11T20:36:28.812207+00:00,201,96455.58,
2026-09-11T20:37:34.831137+00:00,201,30436.10,
2026-09-11T20:37:29.101806+00:00,201,36173.01,
2026-09-11T20:37:19.736134+00:00,201,45544.61,
2026-09-11T20:37:23.516754+00:00,201,41765.50,
2026-09-11T20:36:28.038638+00:00,201,97252.33,
2026-09-11T20:37:29.236127+00:00,201,36054.06,
2026-09-11T20:37:32.302792+00:00,201,33013.91,
2026-09-11T20:36:59.798902+00:00,201,65520.79,
2026-09-11T20:37:26.138610+00:00,201,39201.74,
2026-09-11T20:37:32.234541+00:00,201,33117.87,
2026-09-11T20:37:22.551206+00:00,201,42814.69,
2026-09-11T20:37:13.274429+00:00,201,52100.91,
2026-09-11T20:36:04.862387+00:00,201,120535.06,
2026-09-11T20:37:30.534626+00:00,201,34870.83,
2026-09-11T20:37:30.126665+00:00,201,35278.68,
2026-09-11T20:37:20.474326+00:00,201,44939.93,
2026-09-11T20:37:20.975998+00:00,201,44457.71,
2026-09-11T20:36:52.340046+00:00,201,73087.61,
2026-09-11T20:37:35.015853+00:00,201,30427.05,
2026-09-11T20:37:13.619074+00:00,201,51841.81,
2026-09-11T20:36:26.895633+00:00,201,98572.26,
2026-09-11T20:37:10.498452+00:00,201,54971.18,
2026-09-11T20:37:31.163256+00:00,201,34317.91,
2026-09-11T20:37:29.421683+00:00,201,36059.86,
2026-09-11T20:37:26.725183+00:00,201,38759.67,
2026-09-11T20:35:47.985635+00:00,201,137504.55,
2026-09-11T20:37:01.000371+00:00,201,64491.70,
2026-09-11T20:37:03.984444+00:00,201,61514.75,
2026-09-11T20:37:30.781483+00:00,201,34740.11,
2026-09-11T20:37:11.865702+00:00,201,53654.53,
2026-09-11T20:37:09.633491+00:00,201,55885.70,
2026-09-11T20:36:36.660664+00:00,201,88870.06,
2026-09-11T20:37:05.165852+00:00,201,60365.89,
2026-09-11T20:37:02.325555+00:00,201,63221.54,
2026-09-11T20:37:24.694722+00:00,201,40858.36,
2026-09-11T20:37:16.565551+00:00,201,49000.76,
2026-09-11T20:36:20.103831+00:00,201,105475.09,
2026-09-11T20:37:08.312791+00:00,201,57274.17,
2026-09-11T20:36:36.376811+00:00,201,89220.33,
2026-09-11T20:37:22.666447+00:00,201,42937.32,
2026-09-11T20:37:19.774975+00:00,201,45835.94,
2026-09-11T20:37:21.946192+00:00,201,43685.75,
2026-09-11T20:37:24.415734+00:00,201,41238.52,
2026-09-11T20:37:21.656555+00:00,201,43996.25,
2026-09-11T20:37:27.189417+00:00,201,38500.15,
2026-09-11T20:37:31.781835+00:00,201,33908.51,
2026-09-11T20:37:31.274021+00:00,201,34419.70,
2026-09-11T20:37:19.140405+00:00,201,46558.09,
2026-09-11T20:37:04.707974+00:00,201,61020.11,
2026-09-11T20:35:50.414892+00:00,201,135312.05,
2026-09-11T20:37:19.582697+00:00,201,46157.51,
2026-09-11T20:36:57.856608+00:00,201,67892.28,
2026-09-11T20:37:25.480937+00:00,201,40278.54,
2026-09-11T20:37:20.636108+00:00,201,45125.00,
2026-09-11T20:36:22.858516+00:00,201,102913.14,
2026-09-11T20:37:29.526318+00:00,201,36263.94,
2026-09-11T20:36:52.134851+00:00,201,73655.73,
2026-09-11T20:37:34.878158+00:00,201,30915.98,
2026-09-11T20:36:43.311963+00:00,201,82487.88,
2026-09-11T20:36:04.278760+00:00,201,121521.36,
2026-09-11T20:37:21.935380+00:00,201,43876.93,
2026-09-11T20:37:22.806124+00:00,201,43005.59,
2026-09-11T20:36:36.376811+00:00,201,89451.56,
2026-09-11T20:37:27.925776+00:00,201,37909.56,
2026-09-11T20:36:36.255802+00:00,201,89586.94,
2026-09-11T20:35:01.646947+00:00,201,184201.23,
2026-09-11T20:37:22.884560+00:00,201,42956.90,
2026-09-11T20:36:18.012078+00:00,201,107846.67,
2026-09-11T20:37:22.651084+00:00,201,43218.03,
2026-09-11T20:37:23.899403+00:00,201,41982.23,
2026-09-11T20:37:21.041009+00:00,201,44860.18,
2026-09-11T20:36:30.371658+00:00,201,95534.38,
2026-09-11T20:37:31.670213+00:00,201,34239.42,
2026-09-11T20:36:06.479669+00:00,201,119440.16,
2026-09-11T20:37:09.244030+00:00,201,56675.98,
2026-09-11T20:37:24.973794+00:00,201,40968.13,
2026-09-11T20:37:35.106631+00:00,201,30857.48,
2026-09-11T20:36:35.009777+00:00,201,90977.96,
2026-09-11T20:36:57.974616+00:00,201,68013.90,
2026-09-11T20:37:11.635797+00:00,201,54361.33,
2026-09-11T20:37:13.257803+00:00,201,52738.94,
2026-09-11T20:36:51.042053+00:00,201,74968.81,
2026-09-11T20:36:41.773193+00:00,201,84246.65,
2026-09-11T20:37:12.012601+00:00,201,54017.77,
2026-09-11T20:37:08.726159+00:00,201,57316.99,
2026-09-11T20:36:28.068823+00:00,201,97985.79,
2026-09-11T20:37:09.518445+00:00,201,56541.93,
2026-09-11T20:36:52.988334+00:00,201,73081.16,
2026-09-11T20:36:34.610504+00:00,201,91459.87,
2026-09-11T20:37:07.323380+00:00,201,58754.87,
2026-09-11T20:37:10.364175+00:00,201,55719.97,
2026-09-11T20:37:29.629262+00:00,201,36463.85,
2026-09-11T20:35:39.300501+00:00,201,146808.43,
2026-09-11T20:36:50.145815+00:00,201,75980.38,
2026-09-11T20:36:27.930983+00:00,201,98215.14,
2026-09-11T20:37:33.084334+00:00,201,33078.95,
2026-09-11T20:37:25.586973+00:00,201,40568.12,
2026-09-11T20:36:47.554685+00:00,201,78614.02,
2026-09-11T20:37:19.988587+00:00,201,46177.59,
2026-09-11T20:36:10.496850+00:00,201,115689.26,
2026-09-11T20:36:59.159382+00:00,201,67044.35,
2026-09-11T20:37:01.977090+00:00,201,64226.40,
2026-09-11T20:37:31.179087+00:00,201,35031.11,
2026-09-11T20:37:00.647928+00:00,201,65569.52,
2026-09-11T20:37:24.397231+00:00,201,41852.25,
2026-09-11T20:36:53.062858+00:00,201,73199.77,
2026-09-11T20:37:18.939246+00:00,201,47334.83,
2026-09-11T20:36:19.641949+00:00,201,106625.18,
2026-09-11T20:37:14.208065+00:00,201,52071.09,
2026-09-11T20:36:39.895995+00:00,201,86391.77,
2026-09-11T20:36:39.591701+00:00,201,86704.98,
2026-09-11T20:36:07.836649+00:00,201,118462.47,
2026-09-11T20:36:59.062194+00:00,201,67243.20,
2026-09-11T20:36:29.050347+00:00,201,97278.21,
2026-09-11T20:37:15.146383+00:00,201,51189.82,
2026-09-11T20:37:03.960225+00:00,201,62386.73,
2026-09-11T20:37:33.633466+00:00,201,32719.52,
2026-09-11T20:37:26.314942+00:00,201,40043.60,
2026-09-11T20:36:13.593051+00:00,201,112776.98,
2026-09-11T20:37:09.833914+00:00,201,56540.32,
2026-09-11T20:36:48.658167+00:00,201,77731.08,
2026-09-11T20:37:35.202676+00:00,201,31208.90,
2026-09-11T20:37:03.555637+00:00,201,62856.06,
2026-09-11T20:37:31.686231+00:00,201,34725.14,
2026-09-11T20:37:33.937739+00:00,201,32490.40,
2026-09-11T20:36:33.228548+00:00,201,93213.98,
2026-09-11T20:37:35.435148+00:00,201,31015.78,
2026-09-11T20:37:22.979097+00:00,201,43480.86,
2026-09-11T20:36:59.110338+00:00,201,67359.59,
2026-09-11T20:36:12.838521+00:00,201,113641.35,
2026-09-11T20:36:50.979065+00:00,201,75498.16,
2026-09-11T20:37:22.620510+00:00,201,43868.70,
2026-09-11T20:37:19.407340+00:00,201,47085.03,
2026-09-11T20:37:31.550726+00:00,201,34948.68,
2026-09-11T20:36:58.589080+00:00,201,67919.61,
2026-09-11T20:37:20.003247+00:00,201,46503.77,
2026-09-11T20:36:49.838818+00:00,201,76668.53,
2026-09-11T20:37:35.324742+00:00,201,31191.88,
2026-09-11T20:37:08.139228+00:00,201,58363.57,
2026-09-11T20:37:30.086335+00:00,201,36434.19,
2026-09-11T20:36:50.513969+00:00,201,76009.68,
2026-09-11T20:37:29.456838+00:00,201,37064.85,
2026-09-11T20:36:46.258248+00:00,201,80271.89,
2026-09-11T20:37:06.624496+00:00,201,59906.33,
2026-09-11T20:37:32.815822+00:00,201,33717.37,
2026-09-11T20:36:49.369292+00:00,201,77164.62,
2026-09-11T20:37:07.815843+00:00,201,58722.82,
2026-09-11T20:37:19.944094+00:00,201,46597.75,
2026-09-11T20:37:32.638140+00:00,201,33904.05,
