timestamp_iso,status_code,latency_ms,error
2026-09-11T20:26:52.932354+00:00,201,58.22,
2026-09-11T20:26:52.957217+00:00,201,62.05,
2026-09-11T20:26:52.982549+00:00,201,48.14,
2026-09-11T20:26:52.990970+00:00,201,67.48,
2026-09-11T20:26:53.015970+00:00,201,69.18,
2026-09-11T20:26:53.016918+00:00,201,68.36,
2026-09-11T20:26:53.058349+00:00,201,74.21,
2026-09-11T20:26:53.026861+00:00,201,106.78,
2026-09-11T20:26:53.026861+00:00,201,115.42,
2026-09-11T20:26:53.083241+00:00,201,105.31,
2026-09-11T20:26:53.088123+00:00,201,122.45,
2026-09-11T20:26:53.058349+00:00,201,189.64,
2026-09-11T20:26:53.056998+00:00,201,202.46,
2026-09-11T20:26:53.115939+00:00,201,260.95,
2026-09-11T20:26:53.132586+00:00,201,264.27,
2026-09-11T20:26:53.082650+00:00,201,329.72,
2026-09-11T20:26:53.135470+00:00,201,281.32,
2026-09-11T20:26:53.146539+00:00,201,301.16,
2026-09-11T20:26:53.190649+00:00,201,352.85,
2026-09-11T20:26:53.173889+00:00,201,373.28,
2026-09-11T20:26:53.184143+00:00,201,369.68,
2026-09-11T20:26:53.125274+00:00,201,437.71,
2026-09-11T20:26:53.210276+00:00,201,360.45,
2026-09-11T20:26:53.208267+00:00,201,368.63,
2026-09-11T20:26:53.138117+00:00,201,441.92,
2026-09-11T20:26:53.215305+00:00,201,372.06,
2026-09-11T20:26:53.259232+00:00,201,350.75,
2026-09-11T20:26:53.247083+00:00,201,366.92,
2026-09-11T20:26:53.249079+00:00,201,369.73,
2026-09-11T20:26:53.261232+00:00,201,365.44,
2026-09-11T20:26:53.288142+00:00,201,358.53,
2026-09-11T20:26:53.322603+00:00,201,343.44,
2026-09-11T20:26:53.326013+00:00,201,342.75,
2026-09-11T20:26:53.376050+00:00,201,317.35,
2026-09-11T20:26:53.365628+00:00,201,333.42,
2026-09-11T20:26:53.373982+00:00,201,354.03,
2026-09-11T20:26:53.394812+00:00,201,334.52,
2026-09-11T20:26:53.394812+00:00,201,357.44,
2026-09-11T20:26:53.412535+00:00,201,356.62,
2026-09-11T20:26:53.417565+00:00,201,355.61,
2026-09-11T20:26:53.407348+00:00,201,365.08,
2026-09-11T20:26:53.417565+00:00,201,385.36,
2026-09-11T20:26:53.437980+00:00,201,373.99,
2026-09-11T20:26:53.441263+00:00,201,370.47,
2026-09-11T20:26:53.473091+00:00,201,381.91,
2026-09-11T20:26:53.498024+00:00,201,382.80,
2026-09-11T20:26:53.530992+00:00,201,379.88,
2026-09-11T20:26:53.543838+00:00,201,382.66,
2026-09-11T20:26:53.554955+00:00,201,379.00,
2026-09-11T20:26:53.543838+00:00,201,396.30,
2026-09-11T20:26:53.543838+00:00,201,396.50,
2026-09-11T20:26:53.564949+00:00,201,388.78,
2026-09-11T20:26:53.573990+00:00,201,387.02,
2026-09-11T20:26:53.564949+00:00,201,399.54,
2026-09-11T20:26:53.564949+00:00,201,406.97,
2026-09-11T20:26:53.573990+00:00,201,408.49,
2026-09-11T20:26:53.573990+00:00,201,428.84,
2026-09-11T20:26:53.582337+00:00,201,418.66,
2026-09-11T20:26:53.608444+00:00,201,422.11,
2026-09-11T20:26:53.607373+00:00,201,428.36,
2026-09-11T20:26:53.608444+00:00,201,423.54,
2026-09-11T20:26:53.608444+00:00,201,423.40,
2026-09-11T20:26:53.625560+00:00,201,428.99,
2026-09-11T20:26:53.625560+00:00,201,450.22,
2026-09-11T20:26:53.642018+00:00,201,432.85,
2026-09-11T20:26:53.642018+00:00,201,437.71,
2026-09-11T20:26:53.666064+00:00,201,442.54,
2026-09-11T20:26:53.666064+00:00,201,446.76,
2026-09-11T20:26:53.664891+00:00,201,455.75,
2026-09-11T20:26:53.692646+00:00,201,443.87,
2026-09-11T20:26:53.699304+00:00,201,441.02,
2026-09-11T20:26:53.691546+00:00,201,455.74,
2026-09-11T20:26:53.700892+00:00,201,452.02,
2026-09-11T20:26:53.723369+00:00,201,445.47,
2026-09-11T20:26:53.731639+00:00,201,440.49,
2026-09-11T20:26:53.728640+00:00,201,445.64,
2026-09-11T20:26:53.731639+00:00,201,448.59,
2026-09-11T20:26:53.752687+00:00,201,445.62,
2026-09-11T20:26:53.749578+00:00,201,449.55,
2026-09-11T20:26:53.768579+00:00,201,435.42,
2026-09-11T20:26:53.773577+00:00,201,434.03,
2026-09-11T20:26:53.765522+00:00,201,457.18,
2026-09-11T20:26:53.776127+00:00,201,449.29,
2026-09-11T20:26:53.777126+00:00,201,466.27,
2026-09-11T20:26:53.799023+00:00,201,453.78,
2026-09-11T20:26:53.799023+00:00,201,459.86,
2026-09-11T20:26:53.806701+00:00,201,452.84,
2026-09-11T20:26:53.815146+00:00,201,461.23,
2026-09-11T20:26:53.815146+00:00,201,464.75,
2026-09-11T20:26:53.844979+00:00,201,479.83,
2026-09-11T20:26:53.852016+00:00,201,476.78,
2026-09-11T20:26:53.876308+00:00,201,489.44,
2026-09-11T20:26:53.876308+00:00,201,497.02,
2026-09-11T20:26:53.908911+00:00,201,497.54,
2026-09-11T20:26:53.907904+00:00,201,504.27,
2026-09-11T20:26:53.923658+00:00,201,509.64,
2026-09-11T20:26:53.939601+00:00,201,494.43,
2026-09-11T20:26:53.923658+00:00,201,517.51,
2026-09-11T20:26:53.939601+00:00,201,515.39,
2026-09-11T20:26:53.936479+00:00,201,521.65,
2026-09-11T20:26:53.939601+00:00,201,522.13,
2026-09-11T20:26:53.955510+00:00,201,511.37,
2026-09-11T20:26:53.955510+00:00,201,511.47,
2026-09-11T20:26:53.966379+00:00,201,515.82,
2026-09-11T20:26:53.971483+00:00,201,515.22,
2026-09-11T20:26:53.966379+00:00,201,530.94,
2026-09-11T20:26:53.955510+00:00,201,542.27,
2026-09-11T20:26:53.988546+00:00,201,532.46,
2026-09-11T20:26:53.983994+00:00,201,536.07,
2026-09-11T20:26:53.988546+00:00,201,536.14,
2026-09-11T20:26:54.005104+00:00,201,534.95,
2026-09-11T20:26:54.003549+00:00,201,549.73,
2026-09-11T20:26:54.019036+00:00,201,547.55,
2026-09-11T20:26:54.035148+00:00,201,546.33,
2026-09-11T20:26:54.035148+00:00,201,549.18,
2026-09-11T20:26:54.019036+00:00,201,558.73,
2026-09-11T20:26:54.038015+00:00,201,564.95,
2026-09-11T20:26:54.038015+00:00,201,562.92,
2026-09-11T20:26:54.056408+00:00,201,567.98,
2026-09-11T20:26:54.050826+00:00,201,573.75,
2026-09-11T20:26:54.074990+00:00,201,577.10,
2026-09-11T20:26:54.074990+00:00,201,576.33,
2026-09-11T20:26:54.083339+00:00,201,574.04,
2026-09-11T20:26:54.066503+00:00,201,586.55,
2026-09-11T20:26:54.074990+00:00,201,585.07,
2026-09-11T20:26:54.102436+00:00,201,585.79,
2026-09-11T20:26:54.102436+00:00,201,594.01,
2026-09-11T20:26:54.102436+00:00,201,593.92,
2026-09-11T20:26:54.113731+00:00,201,588.19,
2026-09-11T20:26:54.113731+00:00,201,596.52,
2026-09-11T20:26:54.136400+00:00,201,603.25,
2026-09-11T20:26:54.136400+00:00,201,604.29,
2026-09-11T20:26:54.136400+00:00,201,610.80,
2026-09-11T20:26:54.146586+00:00,201,604.15,
2026-09-11T20:26:54.149604+00:00,201,601.37,
2026-09-11T20:26:54.161679+00:00,201,601.54,
2026-09-11T20:26:54.161679+00:00,201,611.40,
2026-09-11T20:26:54.161679+00:00,201,615.26,
2026-09-11T20:26:54.161679+00:00,201,613.15,
2026-09-11T20:26:54.178366+00:00,201,609.23,
2026-09-11T20:26:54.178366+00:00,201,638.79,
2026-09-11T20:26:54.183004+00:00,201,639.83,
2026-09-11T20:26:54.198494+00:00,201,628.07,
2026-09-11T20:26:54.198494+00:00,201,630.16,
2026-09-11T20:26:54.198494+00:00,201,627.88,
2026-09-11T20:26:54.198494+00:00,201,636.36,
2026-09-11T20:26:54.198494+00:00,201,651.02,
2026-09-11T20:26:54.216511+00:00,201,644.07,
2026-09-11T20:26:54.224901+00:00,201,644.01,
2026-09-11T20:26:54.216511+00:00,201,657.12,
2026-09-11T20:26:54.243712+00:00,201,655.97,
2026-09-11T20:26:54.241601+00:00,201,665.45,
2026-09-11T20:26:54.245290+00:00,201,664.38,
2026-09-11T20:26:54.256499+00:00,201,663.76,
2026-09-11T20:26:54.258923+00:00,201,674.48,
2026-09-11T20:26:54.258923+00:00,201,679.07,
2026-09-11T20:26:54.272403+00:00,201,683.32,
2026-09-11T20:26:54.272403+00:00,201,683.42,
2026-09-11T20:26:54.272403+00:00,201,700.87,
2026-09-11T20:26:54.283139+00:00,201,706.69,
2026-09-11T20:26:54.304007+00:00,201,712.87,
2026-09-11T20:26:54.320061+00:00,201,719.57,
2026-09-11T20:26:54.320061+00:00,201,736.02,
2026-09-11T20:26:54.326836+00:00,201,731.47,
2026-09-11T20:26:54.326836+00:00,201,751.39,
2026-09-11T20:26:54.367549+00:00,201,765.33,
2026-09-11T20:26:54.367549+00:00,201,774.23,
2026-09-11T20:26:54.367549+00:00,201,772.43,
2026-09-11T20:26:54.401989+00:00,201,785.51,
2026-09-11T20:26:54.398992+00:00,201,797.77,
2026-09-11T20:26:54.401989+00:00,201,787.98,
2026-09-11T20:26:54.401989+00:00,201,801.07,
2026-09-11T20:26:54.430692+00:00,201,786.29,
2026-09-11T20:26:54.437821+00:00,201,793.88,
2026-09-11T20:26:54.430692+00:00,201,803.85,
2026-09-11T20:26:54.437821+00:00,201,802.52,
2026-09-11T20:26:54.437821+00:00,201,807.95,
2026-09-11T20:26:54.457074+00:00,201,798.24,
2026-09-11T20:26:54.456078+00:00,201,804.94,
2026-09-11T20:26:54.455074+00:00,201,815.10,
2026-09-11T20:26:54.459843+00:00,201,811.48,
2026-09-11T20:26:54.473121+00:00,201,807.82,
2026-09-11T20:26:54.459843+00:00,201,827.63,
2026-09-11T20:26:54.483646+00:00,201,820.63,
2026-09-11T20:26:54.473121+00:00,201,834.23,
2026-09-11T20:26:54.489491+00:00,201,828.44,
2026-09-11T20:26:54.483646+00:00,201,837.22,
2026-09-11T20:26:54.497930+00:00,201,834.57,
2026-09-11T20:26:54.500579+00:00,201,844.88,
2026-09-11T20:26:54.496353+00:00,201,864.31,
2026-09-11T20:26:54.520767+00:00,201,855.57,
2026-09-11T20:26:54.521417+00:00,201,856.64,
2026-09-11T20:26:54.510972+00:00,201,866.24,
2026-09-11T20:26:54.536715+00:00,201,866.05,
2026-09-11T20:26:54.536715+00:00,201,885.08,
2026-09-11T20:26:54.536715+00:00,201,894.18,
2026-09-11T20:26:54.552341+00:00,201,881.82,
2026-09-11T20:26:54.552341+00:00,201,888.92,
2026-09-11T20:26:54.571174+00:00,201,924.76,
2026-09-11T20:26:54.571174+00:00,201,929.00,
2026-09-11T20:26:54.571174+00:00,201,935.05,
2026-09-11T20:26:54.584007+00:00,201,931.01,
2026-09-11T20:26:54.584007+00:00,201,930.24,
2026-09-11T20:26:54.584007+00:00,201,932.18,
2026-09-11T20:26:54.599748+00:00,201,926.93,
2026-09-11T20:26:54.599748+00:00,201,933.36,
2026-09-11T20:26:54.590972+00:00,201,949.68,
2026-09-11T20:26:54.616839+00:00,201,944.70,
2026-09-11T20:26:54.628341+00:00,201,946.02,
2026-09-11T20:26:54.616839+00:00,201,968.69,
2026-09-11T20:26:54.628341+00:00,201,965.06,
2026-09-11T20:26:54.647970+00:00,201,967.58,
2026-09-11T20:26:54.647970+00:00,201,970.01,
2026-09-11T20:26:54.647970+00:00,201,971.18,
2026-09-11T20:26:54.647970+00:00,201,979.50,
2026-09-11T20:26:54.647970+00:00,201,991.79,
2026-09-11T20:26:54.647970+00:00,201,989.71,
2026-09-11T20:26:54.664490+00:00,201,995.48,
2026-09-11T20:26:54.698120+00:00,201,1004.67,
2026-09-11T20:26:54.699816+00:00,201,1003.67,
2026-09-11T20:26:54.696043+00:00,201,1014.60,
2026-09-11T20:26:54.704200+00:00,201,1007.70,
2026-09-11T20:26:54.704200+00:00,201,1020.15,
2026-09-11T20:26:54.704200+00:00,201,1020.29,
2026-09-11T20:26:54.699816+00:00,201,1044.81,
2026-09-11T20:26:54.740193+00:00,201,1035.20,
2026-09-11T20:26:54.743439+00:00,201,1038.18,
2026-09-11T20:26:54.740193+00:00,201,1056.20,
2026-09-11T20:26:54.748140+00:00,201,1048.65,
2026-09-11T20:26:54.743439+00:00,201,1055.84,
2026-09-11T20:26:54.748140+00:00,201,1057.09,
2026-09-11T20:26:54.748140+00:00,201,1054.66,
2026-09-11T20:26:54.775944+00:00,201,1065.24,
2026-09-11T20:26:54.775944+00:00,201,1061.60,
2026-09-11T20:26:54.775944+00:00,201,1067.10,
2026-09-11T20:26:54.775944+00:00,201,1076.97,
2026-09-11T20:26:54.783577+00:00,201,1070.45,
2026-09-11T20:26:54.783577+00:00,201,1078.58,
2026-09-11T20:26:54.783577+00:00,201,1083.80,
2026-09-11T20:26:54.816558+00:00,201,1081.49,
2026-09-11T20:26:54.822568+00:00,201,1080.65,
2026-09-11T20:26:54.823865+00:00,201,1088.08,
2026-09-11T20:26:54.816558+00:00,201,1098.40,
2026-09-11T20:26:54.823865+00:00,201,1090.87,
2026-09-11T20:26:54.823865+00:00,201,1090.74,
2026-09-11T20:26:54.835248+00:00,201,1091.05,
2026-09-11T20:26:54.838468+00:00,201,1105.66,
2026-09-11T20:26:54.841747+00:00,201,1106.92,
2026-09-11T20:26:54.849192+00:00,201,1118.93,
2026-09-11T20:26:54.854303+00:00,201,1114.09,
2026-09-11T20:26:54.854303+00:00,201,1114.08,
2026-09-11T20:26:54.869995+00:00,201,1129.45,
2026-09-11T20:26:54.869995+00:00,201,1125.39,
2026-09-11T20:26:54.904920+00:00,201,1123.88,
2026-09-11T20:26:54.899773+00:00,201,1134.79,
2026-09-11T20:26:54.894826+00:00,201,1140.17,
2026-09-11T20:26:54.904920+00:00,201,1132.33,
2026-09-11T20:26:54.901860+00:00,201,1144.22,
2026-09-11T20:26:54.921723+00:00,201,1151.94,
2026-09-11T20:26:54.917517+00:00,201,1156.27,
2026-09-11T20:26:54.939401+00:00,201,1152.08,
2026-09-11T20:26:54.941873+00:00,201,1159.90,
2026-09-11T20:26:54.937394+00:00,201,1168.30,
2026-09-11T20:26:54.962308+00:00,201,1170.90,
2026-09-11T20:26:54.962308+00:00,201,1171.10,
2026-09-11T20:26:54.952292+00:00,201,1198.19,
2026-09-11T20:26:54.970482+00:00,201,1182.97,
2026-09-11T20:26:54.965904+00:00,201,1197.86,
2026-09-11T20:26:54.988666+00:00,201,1190.15,
2026-09-11T20:26:54.988666+00:00,201,1208.68,
2026-09-11T20:26:55.007125+00:00,201,1207.18,
2026-09-11T20:26:55.016801+00:00,201,1210.60,
2026-09-11T20:26:55.016801+00:00,201,1214.00,
2026-09-11T20:26:55.044534+00:00,201,1214.64,
2026-09-11T20:26:55.040018+00:00,201,1223.51,
2026-09-11T20:26:55.063676+00:00,201,1208.26,
2026-09-11T20:26:55.045535+00:00,201,1228.36,
2026-09-11T20:26:55.058675+00:00,201,1221.61,
2026-09-11T20:26:55.060680+00:00,201,1235.31,
2026-09-11T20:26:55.070766+00:00,201,1234.11,
2026-09-11T20:26:55.096984+00:00,201,1237.15,
2026-09-11T20:26:55.128313+00:00,201,1248.33,
2026-09-11T20:26:55.128313+00:00,201,1258.42,
2026-09-11T20:26:55.137104+00:00,201,1257.95,
2026-09-11T20:26:55.144415+00:00,201,1259.08,
2026-09-11T20:26:55.137104+00:00,201,1267.15,
2026-09-11T20:26:55.175903+00:00,201,1284.30,
2026-09-11T20:26:55.192852+00:00,201,1277.86,
2026-09-11T20:26:55.192852+00:00,201,1286.38,
2026-09-11T20:26:55.191941+00:00,201,1299.32,
2026-09-11T20:26:55.192852+00:00,201,1297.84,
2026-09-11T20:26:55.203248+00:00,201,1297.27,
2026-09-11T20:26:55.203248+00:00,201,1306.84,
2026-09-11T20:26:55.223564+00:00,201,1294.09,
2026-09-11T20:26:55.219660+00:00,201,1309.11,
2026-09-11T20:26:55.219660+00:00,201,1315.97,
2026-09-11T20:26:55.223564+00:00,201,1311.45,
2026-09-11T20:26:55.240206+00:00,201,1303.21,
2026-09-11T20:26:55.240206+00:00,201,1316.63,
2026-09-11T20:26:55.240206+00:00,201,1327.95,
2026-09-11T20:26:55.259364+00:00,201,1316.67,
2026-09-11T20:26:55.254839+00:00,201,1325.47,
2026-09-11T20:26:55.254839+00:00,201,1327.36,
2026-09-11T20:26:55.270597+00:00,201,1335.80,
2026-09-11T20:26:55.259364+00:00,201,1345.92,
2026-09-11T20:26:55.270597+00:00,201,1349.47,
2026-09-11T20:26:55.283468+00:00,201,1342.52,
2026-09-11T20:26:55.276771+00:00,201,1354.44,
2026-09-11T20:26:55.297299+00:00,201,1352.45,
2026-09-11T20:26:55.297299+00:00,201,1364.30,
2026-09-11T20:26:55.306576+00:00,201,1361.90,
2026-09-11T20:26:55.303006+00:00,201,1370.77,
2026-09-11T20:26:55.317631+00:00,201,1371.19,
2026-09-11T20:26:55.317631+00:00,201,1369.49,
2026-09-11T20:26:55.317631+00:00,201,1373.85,
2026-09-11T20:26:55.317631+00:00,201,1372.60,
2026-09-11T20:26:55.333616+00:00,201,1379.86,
2026-09-11T20:26:55.341911+00:00,201,1373.22,
2026-09-11T20:26:55.341911+00:00,201,1382.66,
2026-09-11T20:26:55.351566+00:00,201,1378.84,
2026-09-11T20:26:55.361356+00:00,201,1381.03,
2026-09-11T20:26:55.365427+00:00,201,1384.14,
2026-09-11T20:26:55.365427+00:00,201,1387.46,
2026-09-11T20:26:55.381183+00:00,201,1395.29,
2026-09-11T20:26:55.383701+00:00,201,1393.13,
2026-09-11T20:26:55.399827+00:00,201,1402.08,
2026-09-11T20:26:55.399827+00:00,201,1408.78,
2026-09-11T20:26:55.418447+00:00,201,1403.33,
2026-09-11T20:26:55.435870+00:00,201,1399.27,
2026-09-11T20:26:55.428386+00:00,201,1406.90,
2026-09-11T20:26:55.418447+00:00,201,1428.81,
2026-09-11T20:26:55.435870+00:00,201,1415.55,
2026-09-11T20:26:55.435870+00:00,201,1430.47,
2026-09-11T20:26:55.475878+00:00,201,1436.98,
2026-09-11T20:26:55.497683+00:00,201,1443.28,
2026-09-11T20:26:55.510172+00:00,201,1439.69,
2026-09-11T20:26:55.516195+00:00,201,1450.95,
2026-09-11T20:26:55.519711+00:00,201,1450.31,
2026-09-11T20:26:55.525625+00:00,201,1451.37,
2026-09-11T20:26:55.512178+00:00,201,1473.33,
2026-09-11T20:26:55.497683+00:00,201,1490.40,
2026-09-11T20:26:55.514187+00:00,201,1486.31,
2026-09-11T20:26:55.541123+00:00,201,1463.03,
2026-09-11T20:26:55.545138+00:00,201,1469.96,
2026-09-11T20:26:55.525625+00:00,201,1491.99,
2026-09-11T20:26:55.535631+00:00,201,1483.28,
2026-09-11T20:26:55.554899+00:00,201,1468.36,
2026-09-11T20:26:55.570608+00:00,201,1469.55,
2026-09-11T20:26:55.572613+00:00,201,1468.69,
2026-09-11T20:26:55.575489+00:00,201,1469.16,
2026-09-11T20:26:55.586277+00:00,201,1473.60,
2026-09-11T20:26:55.592287+00:00,201,1474.60,
2026-09-11T20:26:55.592287+00:00,201,1485.45,
2026-09-11T20:26:55.618069+00:00,201,1486.21,
2026-09-11T20:26:55.628500+00:00,201,1481.54,
2026-09-11T20:26:55.617649+00:00,201,1496.86,
2026-09-11T20:26:55.618069+00:00,201,1491.12,
2026-09-11T20:26:55.628500+00:00,201,1498.76,
2026-09-11T20:26:55.637280+00:00,201,1490.79,
2026-09-11T20:26:55.637280+00:00,201,1490.08,
2026-09-11T20:26:55.637280+00:00,201,1518.31,
2026-09-11T20:26:55.649317+00:00,201,1510.57,
2026-09-11T20:26:55.654408+00:00,201,1514.10,
2026-09-11T20:26:55.654408+00:00,201,1535.75,
2026-09-11T20:26:55.701279+00:00,201,1530.73,
2026-09-11T20:26:55.704737+00:00,201,1531.27,
2026-09-11T20:26:55.696949+00:00,201,1543.38,
2026-09-11T20:26:55.699730+00:00,201,1542.66,
2026-09-11T20:26:55.712751+00:00,201,1533.78,
2026-09-11T20:26:55.704737+00:00,201,1540.51,
2026-09-11T20:26:55.728546+00:00,201,1536.45,
2026-09-11T20:26:55.728546+00:00,201,1537.48,
2026-09-11T20:26:55.726538+00:00,201,1544.72,
2026-09-11T20:26:55.744481+00:00,201,1547.84,
2026-09-11T20:26:55.732410+00:00,201,1563.96,
2026-09-11T20:26:55.775763+00:00,201,1555.63,
2026-09-11T20:26:55.775763+00:00,201,1552.88,
2026-09-11T20:26:55.764892+00:00,201,1564.45,
2026-09-11T20:26:55.784446+00:00,201,1568.79,
2026-09-11T20:26:55.796361+00:00,201,1564.30,
2026-09-11T20:26:55.796361+00:00,201,1564.38,
2026-09-11T20:26:55.796361+00:00,201,1571.08,
2026-09-11T20:26:55.796361+00:00,201,1570.42,
2026-09-11T20:26:55.807696+00:00,201,1578.79,
2026-09-11T20:26:55.796361+00:00,201,1594.77,
2026-09-11T20:26:55.839464+00:00,201,1611.66,
2026-09-11T20:26:55.843952+00:00,201,1610.34,
2026-09-11T20:26:55.845959+00:00,201,1608.76,
2026-09-11T20:26:55.836894+00:00,201,1618.64,
2026-09-11T20:26:55.849972+00:00,201,1605.00,
2026-09-11T20:26:55.845959+00:00,201,1616.99,
2026-09-11T20:26:55.854867+00:00,201,1606.87,
2026-09-11T20:26:55.854867+00:00,201,1611.92,
2026-09-11T20:26:55.854867+00:00,201,1617.55,
2026-09-11T20:26:55.870552+00:00,201,1612.32,
2026-09-11T20:26:55.854867+00:00,201,1621.77,
2026-09-11T20:26:55.896439+00:00,201,1607.09,
2026-09-11T20:26:55.903562+00:00,201,1616.73,
2026-09-11T20:26:55.912584+00:00,201,1610.02,
2026-09-11T20:26:55.896439+00:00,201,1634.58,
2026-09-11T20:26:55.912584+00:00,201,1621.85,
2026-09-11T20:26:55.905579+00:00,201,1635.81,
2026-09-11T20:26:55.917641+00:00,201,1628.16,
2026-09-11T20:26:55.917641+00:00,201,1630.80,
2026-09-11T20:26:55.925912+00:00,201,1633.77,
2026-09-11T20:26:55.933111+00:00,201,1639.50,
2026-09-11T20:26:55.933111+00:00,201,1632.81,
2026-09-11T20:26:55.923625+00:00,201,1660.66,
2026-09-11T20:26:55.949166+00:00,201,1644.82,
2026-09-11T20:26:55.949166+00:00,201,1656.09,
2026-09-11T20:26:55.964870+00:00,201,1649.82,
2026-09-11T20:26:55.964870+00:00,201,1655.33,
2026-09-11T20:26:55.980824+00:00,201,1656.34,
2026-09-11T20:26:55.980824+00:00,201,1660.72,
2026-09-11T20:26:55.984405+00:00,201,1703.26,
2026-09-11T20:26:55.996575+00:00,201,1689.76,
2026-09-11T20:26:55.996575+00:00,201,1694.36,
2026-09-11T20:26:55.996575+00:00,201,1690.04,
2026-09-11T20:26:56.028404+00:00,201,1699.93,
2026-09-11T20:26:56.033222+00:00,201,1699.58,
2026-09-11T20:26:56.033222+00:00,201,1713.16,
2026-09-11T20:26:56.028404+00:00,201,1727.70,
2026-09-11T20:26:56.033222+00:00,201,1716.61,
2026-09-11T20:26:56.044491+00:00,201,1721.68,
2026-09-11T20:26:56.044491+00:00,201,1722.08,
2026-09-11T20:26:56.072425+00:00,201,1727.56,
2026-09-11T20:26:56.075926+00:00,201,1724.83,
2026-09-11T20:26:56.072425+00:00,201,1729.15,
2026-09-11T20:26:56.075926+00:00,201,1732.80,
2026-09-11T20:26:56.091413+00:00,201,1726.53,
2026-09-11T20:26:56.092002+00:00,201,1742.25,
2026-09-11T20:26:56.097020+00:00,201,1743.03,
2026-09-11T20:26:56.107548+00:00,201,1744.34,
2026-09-11T20:26:56.097020+00:00,201,1749.82,
2026-09-11T20:26:56.123913+00:00,201,1750.48,
2026-09-11T20:26:56.123913+00:00,201,1755.66,
2026-09-11T20:26:56.123913+00:00,201,1764.03,
2026-09-11T20:26:56.137688+00:00,201,1765.47,
2026-09-11T20:26:56.158667+00:00,201,1763.16,
2026-09-11T20:26:56.158667+00:00,201,1765.14,
2026-09-11T20:26:56.158667+00:00,201,1769.99,
2026-09-11T20:26:56.155394+00:00,201,1783.82,
2026-09-11T20:26:56.171407+00:00,201,1780.16,
2026-09-11T20:26:56.171407+00:00,201,1788.61,
2026-09-11T20:26:56.187423+00:00,201,1787.44,
2026-09-11T20:26:56.187423+00:00,201,1792.96,
2026-09-11T20:26:56.222943+00:00,201,1799.11,
2026-09-11T20:26:56.223958+00:00,201,1805.68,
2026-09-11T20:26:56.223958+00:00,201,1807.41,
2026-09-11T20:26:56.219138+00:00,201,1823.10,
2026-09-11T20:26:56.255323+00:00,201,1808.46,
2026-09-11T20:26:56.250994+00:00,201,1819.04,
2026-09-11T20:26:56.263893+00:00,201,1816.48,
2026-09-11T20:26:56.263893+00:00,201,1826.16,
2026-09-11T20:26:56.266906+00:00,201,1821.94,
2026-09-11T20:26:56.272280+00:00,201,1830.17,
2026-09-11T20:26:56.272280+00:00,201,1828.10,
2026-09-11T20:26:56.282378+00:00,201,1846.34,
2026-09-11T20:26:56.286947+00:00,201,1847.15,
2026-09-11T20:26:56.299317+00:00,201,1849.90,
2026-09-11T20:26:56.299317+00:00,201,1864.98,
2026-09-11T20:26:56.314397+00:00,201,1865.17,
2026-09-11T20:26:56.330081+00:00,201,1870.72,
2026-09-11T20:26:56.330081+00:00,201,1876.53,
2026-09-11T20:26:56.361882+00:00,201,1891.31,
2026-09-11T20:26:56.386638+00:00,201,1882.14,
2026-09-11T20:26:56.377937+00:00,201,1888.80,
2026-09-11T20:26:56.377937+00:00,201,1903.86,
2026-09-11T20:26:56.398168+00:00,201,1888.82,
2026-09-11T20:26:56.386638+00:00,201,1902.89,
2026-09-11T20:26:56.398168+00:00,201,1902.04,
2026-09-11T20:26:56.398168+00:00,201,1914.86,
2026-09-11T20:26:56.425897+00:00,201,1940.66,
2026-09-11T20:26:56.457695+00:00,201,1937.69,
2026-09-11T20:26:56.457695+00:00,201,1942.68,
2026-09-11T20:26:56.457695+00:00,201,1945.84,
2026-09-11T20:26:56.473347+00:00,201,1948.93,
2026-09-11T20:26:56.489702+00:00,201,1940.29,
2026-09-11T20:26:56.484553+00:00,201,1948.15,
2026-09-11T20:26:56.489702+00:00,201,1944.03,
2026-09-11T20:26:56.487118+00:00,201,1955.67,
2026-09-11T20:26:56.498411+00:00,201,1950.13,
2026-09-11T20:26:56.496391+00:00,201,1964.22,
2026-09-11T20:26:56.505466+00:00,201,1971.30,
2026-09-11T20:26:56.520728+00:00,201,1984.09,
2026-09-11T20:26:56.530403+00:00,201,1984.33,
2026-09-11T20:26:56.536491+00:00,201,1986.35,
2026-09-11T20:26:56.520728+00:00,201,2004.22,
2026-09-11T20:26:56.547104+00:00,201,1985.49,
2026-09-11T20:26:56.549284+00:00,201,1986.51,
2026-09-11T20:26:56.531925+00:00,201,2005.58,
2026-09-11T20:26:56.552333+00:00,201,1983.55,
2026-09-11T20:26:56.543089+00:00,201,2004.89,
2026-09-11T20:26:56.560217+00:00,201,1993.70,
2026-09-11T20:26:56.568921+00:00,201,1982.49,
2026-09-11T20:26:56.568921+00:00,201,1991.53,
2026-09-11T20:26:56.584508+00:00,201,1985.50,
2026-09-11T20:26:56.568921+00:00,201,1995.08,
2026-09-11T20:26:56.584508+00:00,201,2006.06,
2026-09-11T20:26:56.607883+00:00,201,1987.40,
2026-09-11T20:26:56.607883+00:00,201,1991.56,
2026-09-11T20:26:56.600616+00:00,201,2025.25,
2026-09-11T20:26:56.607883+00:00,201,2024.68,
2026-09-11T20:26:56.618337+00:00,201,2012.60,
2026-09-11T20:26:56.618337+00:00,201,2022.23,
2026-09-11T20:26:56.628305+00:00,201,2019.21,
2026-09-11T20:26:56.632203+00:00,201,2026.14,
2026-09-11T20:26:56.650046+00:00,201,2020.08,
2026-09-11T20:26:56.646023+00:00,201,2033.12,
2026-09-11T20:26:56.650046+00:00,201,2019.64,
2026-09-11T20:26:56.668590+00:00,201,2031.83,
2026-09-11T20:26:56.668590+00:00,201,2029.48,
2026-09-11T20:26:56.664111+00:00,201,2044.27,
2026-09-11T20:26:56.668590+00:00,201,2042.65,
2026-09-11T20:26:56.689399+00:00,201,2031.07,
2026-09-11T20:26:56.689399+00:00,201,2033.53,
2026-09-11T20:26:56.689399+00:00,201,2043.69,
2026-09-11T20:26:56.687379+00:00,201,2053.04,
2026-09-11T20:26:56.702243+00:00,201,2038.01,
2026-09-11T20:26:56.702243+00:00,201,2055.41,
2026-09-11T20:26:56.711669+00:00,201,2047.47,
2026-09-11T20:26:56.711669+00:00,201,2055.10,
2026-09-11T20:26:56.711669+00:00,201,2049.82,
2026-09-11T20:26:56.730859+00:00,201,2053.98,
2026-09-11T20:26:56.726847+00:00,201,2073.65,
2026-09-11T20:26:56.739597+00:00,201,2071.40,
2026-09-11T20:26:56.742769+00:00,201,2077.10,
2026-09-11T20:26:56.760973+00:00,201,2080.48,
2026-09-11T20:26:56.760973+00:00,201,2093.17,
2026-09-11T20:26:56.759419+00:00,201,2103.39,
2026-09-11T20:26:56.760973+00:00,201,2100.82,
2026-09-11T20:26:56.773867+00:00,201,2101.22,
2026-09-11T20:26:56.773867+00:00,201,2121.33,
2026-09-11T20:26:56.806457+00:00,201,2130.37,
2026-09-11T20:26:56.806457+00:00,201,2130.08,
2026-09-11T20:26:56.806457+00:00,201,2141.15,
2026-09-11T20:26:56.789905+00:00,201,2146.97,
2026-09-11T20:26:56.825986+00:00,201,2145.25,
2026-09-11T20:26:56.825986+00:00,201,2150.07,
2026-09-11T20:26:56.825986+00:00,201,2145.44,
2026-09-11T20:26:56.837528+00:00,201,2145.10,
2026-09-11T20:26:56.844135+00:00,201,2161.59,
2026-09-11T20:26:56.853252+00:00,201,2164.94,
2026-09-11T20:26:56.844135+00:00,201,2174.09,
2026-09-11T20:26:56.864384+00:00,201,2173.48,
2026-09-11T20:26:56.864384+00:00,201,2179.42,
2026-09-11T20:26:56.900624+00:00,201,2191.75,
2026-09-11T20:26:56.904228+00:00,201,2184.80,
2026-09-11T20:26:56.904228+00:00,201,2196.88,
2026-09-11T20:26:56.932340+00:00,201,2205.70,
2026-09-11T20:26:56.948401+00:00,201,2198.25,
2026-09-11T20:26:56.948401+00:00,201,2198.52,
2026-09-11T20:26:56.941218+00:00,201,2215.24,
2026-09-11T20:26:56.964440+00:00,201,2201.18,
2026-09-11T20:26:56.964440+00:00,201,2213.83,
2026-09-11T20:26:56.964440+00:00,201,2225.59,
2026-09-11T20:26:56.981491+00:00,201,2213.44,
2026-09-11T20:26:56.984798+00:00,201,2217.95,
2026-09-11T20:26:56.984798+00:00,201,2221.35,
2026-09-11T20:26:56.981491+00:00,201,2235.11,
2026-09-11T20:26:57.001460+00:00,201,2237.34,
2026-09-11T20:26:56.996404+00:00,201,2242.24,
2026-09-11T20:26:57.001460+00:00,201,2240.95,
2026-09-11T20:26:57.012249+00:00,201,2233.75,
2026-09-11T20:26:57.012249+00:00,201,2241.36,
2026-09-11T20:26:57.020606+00:00,201,2238.48,
2026-09-11T20:26:57.012249+00:00,201,2243.75,
2026-09-11T20:26:57.027952+00:00,201,2247.60,
2026-09-11T20:26:57.039369+00:00,201,2247.59,
2026-09-11T20:26:57.043658+00:00,201,2262.18,
2026-09-11T20:26:57.043658+00:00,201,2267.47,
2026-09-11T20:26:57.046087+00:00,201,2266.39,
2026-09-11T20:26:57.027952+00:00,201,2281.11,
2026-09-11T20:26:57.059495+00:00,201,2281.06,
2026-09-11T20:26:57.059495+00:00,201,2279.40,
2026-09-11T20:26:57.075376+00:00,201,2284.88,
2026-09-11T20:26:57.059495+00:00,201,2304.61,
2026-09-11T20:26:57.075376+00:00,201,2293.95,
2026-09-11T20:26:57.101992+00:00,201,2297.46,
2026-09-11T20:26:57.107952+00:00,201,2296.86,
2026-09-11T20:26:57.112172+00:00,201,2297.84,
2026-09-11T20:26:57.112172+00:00,201,2298.92,
2026-09-11T20:26:57.107952+00:00,201,2308.19,
2026-09-11T20:26:57.101992+00:00,201,2318.98,
2026-09-11T20:26:57.127969+00:00,201,2317.70,
2026-09-11T20:26:57.127969+00:00,201,2318.64,
2026-09-11T20:26:57.127969+00:00,201,2318.92,
2026-09-11T20:26:57.123268+00:00,201,2331.62,
2026-09-11T20:26:57.157270+00:00,201,2314.28,
2026-09-11T20:26:57.161309+00:00,201,2311.98,
2026-09-11T20:26:57.155253+00:00,201,2323.27,
2026-09-11T20:26:57.172423+00:00,201,2319.23,
2026-09-11T20:26:57.172423+00:00,201,2333.78,
2026-09-11T20:26:57.191260+00:00,201,2337.31,
2026-09-11T20:26:57.191260+00:00,201,2345.90,
2026-09-11T20:26:57.218174+00:00,201,2345.79,
2026-09-11T20:26:57.233845+00:00,201,2345.22,
2026-09-11T20:26:57.233845+00:00,201,2364.59,
2026-09-11T20:26:57.240426+00:00,201,2363.35,
2026-09-11T20:26:57.233845+00:00,201,2375.14,
2026-09-11T20:26:57.240426+00:00,201,2369.07,
2026-09-11T20:26:57.240426+00:00,201,2377.27,
2026-09-11T20:26:57.249839+00:00,201,2370.63,
2026-09-11T20:26:57.249839+00:00,201,2372.69,
2026-09-11T20:26:57.265511+00:00,201,2374.38,
2026-09-11T20:26:57.270327+00:00,201,2374.50,
2026-09-11T20:26:57.265511+00:00,201,2378.69,
2026-09-11T20:26:57.265511+00:00,201,2386.28,
2026-09-11T20:26:57.288886+00:00,201,2386.64,
2026-09-11T20:26:57.298019+00:00,201,2394.83,
2026-09-11T20:26:57.288886+00:00,201,2402.70,
2026-09-11T20:26:57.299544+00:00,201,2397.90,
2026-09-11T20:26:57.328986+00:00,201,2406.04,
2026-09-11T20:26:57.328986+00:00,201,2424.01,
2026-09-11T20:26:57.337320+00:00,201,2417.53,
2026-09-11T20:26:57.328986+00:00,201,2424.19,
2026-09-11T20:26:57.344858+00:00,201,2410.04,
2026-09-11T20:26:57.344858+00:00,201,2415.34,
2026-09-11T20:26:57.344858+00:00,201,2432.36,
2026-09-11T20:26:57.363036+00:00,201,2431.69,
2026-09-11T20:26:57.367223+00:00,201,2429.17,
2026-09-11T20:26:57.360968+00:00,201,2445.27,
2026-09-11T20:26:57.376988+00:00,201,2444.42,
2026-09-11T20:26:57.376988+00:00,201,2447.33,
2026-09-11T20:26:57.386692+00:00,201,2445.77,
2026-09-11T20:26:57.386692+00:00,201,2460.88,
2026-09-11T20:26:57.386692+00:00,201,2467.23,
2026-09-11T20:26:57.444163+00:00,201,2476.98,
2026-09-11T20:26:57.456830+00:00,201,2473.46,
2026-09-11T20:26:57.424779+00:00,201,2533.79,
2026-09-11T20:26:57.463640+00:00,201,2493.57,
2026-09-11T20:26:57.456830+00:00,201,2515.76,
2026-09-11T20:26:57.444163+00:00,201,2527.34,
2026-09-11T20:26:57.455825+00:00,201,2528.00,
2026-09-11T20:26:57.472337+00:00,201,2507.69,
2026-09-11T20:26:57.504986+00:00,201,2491.36,
2026-09-11T20:26:57.444163+00:00,201,2562.49,
2026-09-11T20:26:57.472337+00:00,201,2547.84,
2026-09-11T20:26:57.520170+00:00,201,2514.40,
2026-09-11T20:26:57.463640+00:00,201,2581.85,
2026-09-11T20:26:57.535423+00:00,201,2534.60,
2026-09-11T20:26:57.546119+00:00,201,2549.26,
2026-09-11T20:26:57.472337+00:00,201,2644.58,
2026-09-11T20:26:57.551503+00:00,201,2559.66,
2026-09-11T20:26:57.535423+00:00,201,2588.89,
2026-09-11T20:26:57.574772+00:00,201,2561.15,
2026-09-11T20:26:57.585708+00:00,201,2558.23,
2026-09-11T20:26:57.585708+00:00,201,2556.28,
2026-09-11T20:26:57.551503+00:00,201,2610.68,
2026-09-11T20:26:57.504986+00:00,201,2675.70,
2026-09-11T20:26:57.582841+00:00,201,2606.73,
2026-09-11T20:26:57.616297+00:00,201,2575.21,
2026-09-11T20:26:57.546119+00:00,201,2675.58,
2026-09-11T20:26:57.630940+00:00,201,2589.38,
2026-09-11T20:26:57.638807+00:00,201,2589.77,
2026-09-11T20:26:57.653428+00:00,201,2600.40,
2026-09-11T20:26:57.520170+00:00,201,2743.37,
2026-09-11T20:26:57.551503+00:00,201,2730.41,
2026-09-11T20:26:57.694578+00:00,201,2599.27,
2026-09-11T20:26:57.689636+00:00,201,2611.38,
2026-09-11T20:26:57.685789+00:00,201,2618.27,
2026-09-11T20:26:57.703544+00:00,201,2629.05,
2026-09-11T20:26:57.726201+00:00,201,2645.18,
2026-09-11T20:26:57.745027+00:00,201,2640.11,
2026-09-11T20:26:57.489428+00:00,201,2901.34,
2026-09-11T20:26:57.739688+00:00,201,2671.71,
2026-09-11T20:26:57.574772+00:00,201,2844.83,
2026-09-11T20:26:57.638807+00:00,201,2785.04,
2026-09-11T20:26:57.663334+00:00,201,2758.97,
2026-09-11T20:26:57.531372+00:00,201,2897.47,
2026-09-11T20:26:57.573185+00:00,201,2862.77,
2026-09-11T20:26:57.753869+00:00,201,2682.56,
2026-09-11T20:26:57.456830+00:00,201,2985.49,
2026-09-11T20:26:57.598814+00:00,201,2846.92,
2026-09-11T20:26:57.624823+00:00,201,2834.93,
2026-09-11T20:26:57.689636+00:00,201,2770.50,
2026-09-11T20:26:57.765390+00:00,201,2702.58,
2026-09-11T20:26:57.765390+00:00,201,2708.91,
2026-09-11T20:26:57.793653+00:00,201,2678.43,
2026-09-11T20:26:57.793653+00:00,201,2679.72,
2026-09-11T20:26:57.811066+00:00,201,2683.54,
2026-09-11T20:26:57.811066+00:00,201,2693.73,
2026-09-11T20:26:57.614807+00:00,201,2895.88,
2026-09-11T20:26:57.773825+00:00,201,2760.19,
2026-09-11T20:26:57.829281+00:00,201,2701.61,
2026-09-11T20:26:57.837531+00:00,201,2712.57,
2026-09-11T20:26:57.850349+00:00,201,2708.65,
2026-09-11T20:26:57.853379+00:00,201,2716.01,
2026-09-11T20:26:57.492965+00:00,201,3087.39,
2026-09-11T20:26:57.853379+00:00,201,2742.07,
2026-09-11T20:26:57.821836+00:00,201,2781.17,
2026-09-11T20:26:57.793653+00:00,201,2800.63,
2026-09-11T20:26:57.472337+00:00,201,3122.67,
2026-09-11T20:26:57.878795+00:00,201,2729.43,
2026-09-11T20:26:57.837531+00:00,201,2778.64,
2026-09-11T20:26:57.868887+00:00,201,2752.41,
2026-09-11T20:26:57.889812+00:00,201,2732.88,
2026-09-11T20:26:57.889812+00:00,201,2734.89,
2026-09-11T20:26:57.757811+00:00,201,2875.41,
2026-09-11T20:26:57.737531+00:00,201,2902.16,
2026-09-11T20:26:57.520170+00:00,201,3124.99,
2026-09-11T20:26:57.793653+00:00,201,2851.03,
2026-09-11T20:26:57.900920+00:00,201,2753.87,
2026-09-11T20:26:57.885682+00:00,201,2777.94,
2026-09-11T20:26:57.889812+00:00,201,2775.60,
2026-09-11T20:26:57.918587+00:00,201,2755.69,
2026-09-11T20:26:57.918587+00:00,201,2757.44,
2026-09-11T20:26:57.918587+00:00,201,2767.25,
2026-09-11T20:26:57.932096+00:00,201,2766.13,
2026-09-11T20:26:57.936101+00:00,201,2768.57,
2026-09-11T20:26:57.936101+00:00,201,2775.72,
2026-09-11T20:26:57.952021+00:00,201,2794.71,
2026-09-11T20:26:57.966498+00:00,201,2790.96,
2026-09-11T20:26:57.952021+00:00,201,2807.90,
2026-09-11T20:26:57.964769+00:00,201,2818.25,
2026-09-11T20:26:57.979313+00:00,201,2803.02,
2026-09-11T20:26:57.985551+00:00,201,2814.57,
2026-09-11T20:26:57.985551+00:00,201,2821.02,
2026-09-11T20:26:58.010484+00:00,201,2829.82,
2026-09-11T20:26:58.011055+00:00,201,2833.20,
2026-09-11T20:26:58.011055+00:00,201,2828.83,
2026-09-11T20:26:58.031322+00:00,201,2840.36,
2026-09-11T20:26:58.031322+00:00,201,2842.20,
2026-09-11T20:26:58.031322+00:00,201,2855.12,
2026-09-11T20:26:58.042848+00:00,201,2848.52,
2026-09-11T20:26:58.042301+00:00,201,2852.02,
2026-09-11T20:26:58.058306+00:00,201,2855.13,
2026-09-11T20:26:58.058306+00:00,201,2868.20,
2026-09-11T20:26:58.074308+00:00,201,2865.01,
2026-09-11T20:26:58.058306+00:00,201,2879.12,
2026-09-11T20:26:58.077323+00:00,201,2868.63,
2026-09-11T20:26:58.090860+00:00,201,2870.87,
2026-09-11T20:26:58.090860+00:00,201,2874.87,
2026-09-11T20:26:58.104427+00:00,201,2873.62,
2026-09-11T20:26:58.090860+00:00,201,2887.12,
2026-09-11T20:26:58.106741+00:00,201,2879.89,
2026-09-11T20:26:58.106741+00:00,201,2910.33,
2026-09-11T20:26:58.121812+00:00,201,2906.83,
2026-09-11T20:26:58.121812+00:00,201,2909.66,
2026-09-11T20:26:58.141569+00:00,201,2918.60,
2026-09-11T20:26:58.138846+00:00,201,2927.92,
2026-09-11T20:26:58.153528+00:00,201,2919.70,
2026-09-11T20:26:58.153528+00:00,201,2941.11,
2026-09-11T20:26:58.174911+00:00,201,2945.52,
2026-09-11T20:26:58.174911+00:00,201,2945.44,
2026-09-11T20:26:58.173901+00:00,201,2963.40,
2026-09-11T20:26:58.204987+00:00,201,2959.00,
2026-09-11T20:26:58.200715+00:00,201,2966.82,
2026-09-11T20:26:58.208720+00:00,201,2968.63,
2026-09-11T20:26:58.231357+00:00,201,2981.57,
2026-09-11T20:26:58.253595+00:00,201,2998.08,
2026-09-11T20:26:58.251472+00:00,201,3010.05,
2026-09-11T20:26:58.262800+00:00,201,2996.10,
2026-09-11T20:26:58.269807+00:00,201,3006.68,
2026-09-11T20:26:58.262800+00:00,201,3016.49,
2026-09-11T20:26:58.285694+00:00,201,3001.31,
2026-09-11T20:26:58.288870+00:00,201,3004.86,
2026-09-11T20:26:58.277038+00:00,201,3019.43,
2026-09-11T20:26:58.291487+00:00,201,3010.66,
2026-09-11T20:26:58.293069+00:00,201,3023.63,
2026-09-11T20:26:58.307276+00:00,201,3020.80,
2026-09-11T20:26:58.322290+00:00,201,3022.99,
2026-09-11T20:26:58.319649+00:00,201,3039.54,
2026-09-11T20:26:58.324395+00:00,201,3039.20,
2026-09-11T20:26:58.356683+00:00,201,3062.57,
2026-09-11T20:26:58.364700+00:00,201,3064.42,
2026-09-11T20:26:58.387611+00:00,201,3087.69,
2026-09-11T20:26:58.399265+00:00,201,3082.99,
2026-09-11T20:26:58.388505+00:00,201,3090.14,
2026-09-11T20:26:58.403369+00:00,201,3089.79,
2026-09-11T20:26:58.414392+00:00,201,3094.51,
2026-09-11T20:26:58.421301+00:00,201,3094.53,
2026-09-11T20:26:58.419284+00:00,201,3100.84,
2026-09-11T20:26:58.434920+00:00,201,3096.41,
2026-09-11T20:26:58.430389+00:00,201,3108.00,
2026-09-11T20:26:58.434920+00:00,201,3105.31,
2026-09-11T20:26:58.434920+00:00,201,3116.04,
2026-09-11T20:26:58.434920+00:00,201,3122.89,
2026-09-11T20:26:58.451350+00:00,201,3128.73,
2026-09-11T20:26:58.451350+00:00,201,3123.14,
2026-09-11T20:26:58.451350+00:00,201,3136.50,
2026-09-11T20:26:58.482102+00:00,201,3132.13,
2026-09-11T20:26:58.467859+00:00,201,3148.55,
2026-09-11T20:26:58.482102+00:00,201,3147.93,
2026-09-11T20:26:58.514358+00:00,201,3131.12,
2026-09-11T20:26:58.508854+00:00,201,3139.14,
2026-09-11T20:26:58.508854+00:00,201,3145.76,
2026-09-11T20:26:58.522067+00:00,201,3136.46,
2026-09-11T20:26:58.514358+00:00,201,3146.23,
2026-09-11T20:26:58.530212+00:00,201,3141.10,
2026-09-11T20:26:58.532966+00:00,201,3152.39,
2026-09-11T20:26:58.541229+00:00,201,3151.73,
2026-09-11T20:26:58.532966+00:00,201,3165.41,
2026-09-11T20:26:58.532966+00:00,201,3166.41,
2026-09-11T20:26:58.527643+00:00,201,3178.66,
2026-09-11T20:26:58.551564+00:00,201,3159.12,
2026-09-11T20:26:58.547926+00:00,201,3169.76,
2026-09-11T20:26:58.561578+00:00,201,3160.97,
2026-09-11T20:26:58.549989+00:00,201,3183.55,
2026-09-11T20:26:58.561578+00:00,201,3170.00,
2026-09-11T20:26:58.569875+00:00,201,3174.26,
2026-09-11T20:26:58.569875+00:00,201,3174.78,
2026-09-11T20:26:58.575283+00:00,201,3177.65,
2026-09-11T20:26:58.561578+00:00,201,3193.50,
2026-09-11T20:26:58.592689+00:00,201,3172.68,
2026-09-11T20:26:58.592689+00:00,201,3172.36,
2026-09-11T20:26:58.598970+00:00,201,3173.19,
2026-09-11T20:26:58.592689+00:00,201,3196.22,
2026-09-11T20:26:58.608792+00:00,201,3193.68,
2026-09-11T20:26:58.624789+00:00,201,3175.05,
2026-09-11T20:26:58.639272+00:00,201,3176.97,
2026-09-11T20:26:58.624789+00:00,201,3193.45,
2026-09-11T20:26:58.640778+00:00,201,3189.03,
2026-09-11T20:26:58.624789+00:00,201,3206.45,
2026-09-11T20:26:58.640778+00:00,201,3192.93,
2026-09-11T20:26:58.640778+00:00,201,3203.83,
2026-09-11T20:26:58.656848+00:00,201,3201.82,
2026-09-11T20:26:58.658853+00:00,201,3207.03,
2026-09-11T20:26:58.658853+00:00,201,3208.90,
2026-09-11T20:26:58.672822+00:00,201,3210.86,
2026-09-11T20:26:58.676810+00:00,201,3212.17,
2026-09-11T20:26:58.676810+00:00,201,3218.98,
2026-09-11T20:26:58.701836+00:00,201,3217.23,
2026-09-11T20:26:58.705099+00:00,201,3217.97,
2026-09-11T20:26:58.705673+00:00,201,3219.25,
2026-09-11T20:26:58.695390+00:00,201,3236.64,
2026-09-11T20:26:58.715016+00:00,201,3222.19,
2026-09-11T20:26:58.715016+00:00,201,3231.14,
2026-09-11T20:26:58.705673+00:00,201,3244.49,
2026-09-11T20:26:58.715016+00:00,201,3236.27,
2026-09-11T20:26:58.724244+00:00,201,3232.56,
2026-09-11T20:26:58.735391+00:00,201,3253.97,
2026-09-11T20:26:58.736898+00:00,201,3254.16,
2026-09-11T20:26:58.736898+00:00,201,3255.87,
2026-09-11T20:26:58.736898+00:00,201,3267.52,
2026-09-11T20:26:58.754072+00:00,201,3255.88,
2026-09-11T20:26:58.754072+00:00,201,3271.71,
2026-09-11T20:26:58.754072+00:00,201,3273.19,
2026-09-11T20:26:58.771035+00:00,201,3280.31,
2026-09-11T20:26:58.769472+00:00,201,3286.91,
2026-09-11T20:26:58.772550+00:00,201,3286.06,
2026-09-11T20:26:58.784203+00:00,201,3284.28,
2026-09-11T20:26:58.785717+00:00,201,3286.65,
2026-09-11T20:26:58.799868+00:00,201,3287.58,
2026-09-11T20:26:58.793861+00:00,201,3303.47,
2026-09-11T20:26:58.802346+00:00,201,3295.33,
2026-09-11T20:26:58.812709+00:00,201,3325.02,
2026-09-11T20:26:58.818766+00:00,201,3323.24,
2026-09-11T20:26:58.836567+00:00,201,3319.01,
2026-09-11T20:26:58.836567+00:00,201,3329.44,
2026-09-11T20:26:58.847286+00:00,201,3334.38,
2026-09-11T20:26:58.862455+00:00,201,3333.49,
2026-09-11T20:26:58.868361+00:00,201,3333.28,
2026-09-11T20:26:58.847286+00:00,201,3356.13,
2026-09-11T20:26:58.859780+00:00,201,3358.58,
2026-09-11T20:26:58.878274+00:00,201,3355.62,
2026-09-11T20:26:58.873242+00:00,201,3374.61,
2026-09-11T20:26:58.894611+00:00,201,3364.59,
2026-09-11T20:26:58.894611+00:00,201,3382.81,
2026-09-11T20:26:58.902079+00:00,201,3382.35,
2026-09-11T20:26:58.933825+00:00,201,3385.54,
2026-09-11T20:26:58.933825+00:00,201,3391.84,
2026-09-11T20:26:58.941094+00:00,201,3389.62,
2026-09-11T20:26:58.943101+00:00,201,3391.50,
2026-09-11T20:26:58.943101+00:00,201,3395.07,
2026-09-11T20:26:58.971984+00:00,201,3408.21,
2026-09-11T20:26:58.977769+00:00,201,3413.03,
2026-09-11T20:26:58.977769+00:00,201,3417.60,
2026-09-11T20:26:58.986877+00:00,201,3421.11,
2026-09-11T20:26:58.971984+00:00,201,3439.58,
2026-09-11T20:26:58.977769+00:00,201,3443.98,
2026-09-11T20:26:59.012058+00:00,201,3465.55,
2026-09-11T20:26:59.013596+00:00,201,3469.51,
2026-09-11T20:26:59.021947+00:00,201,3461.33,
2026-09-11T20:26:59.021947+00:00,201,3466.15,
2026-09-11T20:26:59.038766+00:00,201,3460.95,
2026-09-11T20:26:59.038766+00:00,201,3473.13,
2026-09-11T20:26:59.038766+00:00,201,3474.89,
2026-09-11T20:26:59.067285+00:00,201,3504.86,
2026-09-11T20:26:59.091889+00:00,201,3508.25,
2026-09-11T20:26:59.091889+00:00,201,3507.23,
2026-09-11T20:26:59.086477+00:00,201,3522.08,
2026-09-11T20:26:59.101667+00:00,201,3517.75,
2026-09-11T20:26:59.091889+00:00,201,3537.85,
2026-09-11T20:26:59.104813+00:00,201,3539.85,
2026-09-11T20:26:59.130764+00:00,201,3538.40,
2026-09-11T20:26:59.130764+00:00,201,3550.70,
2026-09-11T20:26:59.146819+00:00,201,3549.98,
2026-09-11T20:26:59.146819+00:00,201,3562.80,
2026-09-11T20:26:59.139588+00:00,201,3576.52,
2026-09-11T20:26:59.162770+00:00,201,3556.86,
2026-09-11T20:26:59.157254+00:00,201,3566.97,
2026-09-11T20:26:59.157254+00:00,201,3572.43,
2026-09-11T20:26:59.186320+00:00,201,3562.37,
2026-09-11T20:26:59.186320+00:00,201,3571.00,
2026-09-11T20:26:59.178595+00:00,201,3577.70,
2026-09-11T20:26:59.186320+00:00,201,3579.67,
2026-09-11T20:26:59.194228+00:00,201,3573.25,
2026-09-11T20:26:59.203537+00:00,201,3582.70,
2026-09-11T20:26:59.203537+00:00,201,3594.24,
2026-09-11T20:26:59.212036+00:00,201,3589.76,
2026-09-11T20:26:59.212036+00:00,201,3590.28,
2026-09-11T20:26:59.232874+00:00,201,3584.85,
2026-09-11T20:26:59.241612+00:00,201,3591.62,
2026-09-11T20:26:59.242153+00:00,201,3590.64,
2026-09-11T20:26:59.242153+00:00,201,3600.54,
2026-09-11T20:26:59.232874+00:00,201,3613.76,
2026-09-11T20:26:59.254669+00:00,201,3599.64,
2026-09-11T20:26:59.258983+00:00,201,3616.00,
2026-09-11T20:26:59.251548+00:00,201,3630.78,
2026-09-11T20:26:59.261054+00:00,201,3621.57,
2026-09-11T20:26:59.261054+00:00,201,3628.99,
2026-09-11T20:26:59.277077+00:00,201,3617.27,
2026-09-11T20:26:59.277077+00:00,201,3623.29,
2026-09-11T20:26:59.286259+00:00,201,3624.55,
2026-09-11T20:26:59.304825+00:00,201,3621.97,
2026-09-11T20:26:59.313589+00:00,201,3635.18,
2026-09-11T20:26:59.313589+00:00,201,3636.05,
2026-09-11T20:26:59.304825+00:00,201,3649.96,
2026-09-11T20:26:59.304825+00:00,201,3666.27,
2026-09-11T20:26:59.324115+00:00,201,3649.71,
2026-09-11T20:26:59.313589+00:00,201,3663.85,
2026-09-11T20:26:59.340260+00:00,201,3655.15,
2026-09-11T20:26:59.340260+00:00,201,3661.49,
2026-09-11T20:26:59.340260+00:00,201,3678.90,
2026-09-11T20:26:59.371178+00:00,201,3673.14,
2026-09-11T20:26:59.363797+00:00,201,3683.75,
2026-09-11T20:26:59.366958+00:00,201,3686.94,
2026-09-11T20:26:59.361136+00:00,201,3700.94,
2026-09-11T20:26:59.372690+00:00,201,3695.00,
2026-09-11T20:26:59.399295+00:00,201,3691.38,
2026-09-11T20:26:59.398759+00:00,201,3703.65,
2026-09-11T20:26:59.399295+00:00,201,3700.19,
2026-09-11T20:26:59.411700+00:00,201,3696.93,
2026-09-11T20:26:59.414709+00:00,201,3699.32,
2026-09-11T20:26:59.414709+00:00,201,3702.37,
2026-09-11T20:26:59.421735+00:00,201,3700.90,
2026-09-11T20:26:59.409052+00:00,201,3718.50,
2026-09-11T20:26:59.421735+00:00,201,3724.10,
2026-09-11T20:26:59.446254+00:00,201,3733.18,
2026-09-11T20:26:59.451588+00:00,201,3731.77,
2026-09-11T20:26:59.446254+00:00,201,3737.60,
2026-09-11T20:26:59.456145+00:00,201,3735.29,
2026-09-11T20:26:59.437929+00:00,201,3753.22,
2026-09-11T20:26:59.465954+00:00,201,3728.51,
2026-09-11T20:26:59.451588+00:00,201,3755.85,
2026-09-11T20:26:59.465954+00:00,201,3745.03,
2026-09-11T20:26:59.465954+00:00,201,3765.63,
2026-09-11T20:26:59.478322+00:00,201,3759.36,
2026-09-11T20:26:59.494913+00:00,201,3763.90,
2026-09-11T20:26:59.492582+00:00,201,3771.21,
2026-09-11T20:26:59.495927+00:00,201,3771.54,
2026-09-11T20:26:59.503224+00:00,201,3774.09,
2026-09-11T20:26:59.531978+00:00,201,3795.60,
2026-09-11T20:26:59.526211+00:00,201,3809.32,
2026-09-11T20:26:59.533518+00:00,201,3807.33,
2026-09-11T20:26:59.533518+00:00,201,3819.47,
2026-09-11T20:26:59.562200+00:00,201,3839.98,
2026-09-11T20:26:59.557768+00:00,201,3852.66,
2026-09-11T20:26:59.562200+00:00,201,3851.92,
2026-09-11T20:26:59.575226+00:00,201,3853.42,
2026-09-11T20:26:59.575226+00:00,201,3861.16,
2026-09-11T20:26:59.591358+00:00,201,3850.10,
2026-09-11T20:26:59.605066+00:00,201,3861.11,
2026-09-11T20:26:59.610146+00:00,201,3862.09,
2026-09-11T20:26:59.615740+00:00,201,3861.98,
2026-09-11T20:26:59.622126+00:00,201,3865.48,
2026-09-11T20:26:59.591358+00:00,201,3889.35,
2026-09-11T20:26:59.605066+00:00,201,3894.64,
2026-09-11T20:26:59.622665+00:00,201,3877.45,
2026-09-11T20:26:59.646192+00:00,201,3878.74,
2026-09-11T20:26:59.646192+00:00,201,3880.98,
2026-09-11T20:26:59.639722+00:00,201,3891.24,
2026-09-11T20:26:59.617855+00:00,201,3921.48,
2026-09-11T20:26:59.639722+00:00,201,3909.47,
2026-09-11T20:26:59.622665+00:00,201,3929.70,
2026-09-11T20:26:59.651872+00:00,201,3904.84,
2026-09-11T20:26:59.655493+00:00,201,3912.05,
2026-09-11T20:26:59.672406+00:00,201,3926.55,
2026-09-11T20:26:59.672406+00:00,201,3927.83,
2026-09-11T20:26:59.692709+00:00,201,3923.50,
2026-09-11T20:26:59.683770+00:00,201,3939.72,
2026-09-11T20:26:59.692709+00:00,201,3932.51,
2026-09-11T20:26:59.692709+00:00,201,3935.88,
2026-09-11T20:26:59.699684+00:00,201,3939.93,
2026-09-11T20:26:59.731808+00:00,201,3946.31,
2026-09-11T20:26:59.737745+00:00,201,3942.91,
2026-09-11T20:26:59.747728+00:00,201,3943.18,
2026-09-11T20:26:59.757194+00:00,201,3952.99,
2026-09-11T20:26:59.747728+00:00,201,3962.58,
2026-09-11T20:26:59.747728+00:00,201,3972.15,
2026-09-11T20:26:59.776265+00:00,201,3958.37,
2026-09-11T20:26:59.763802+00:00,201,3973.00,
2026-09-11T20:26:59.763802+00:00,201,3977.07,
2026-09-11T20:26:59.779794+00:00,201,3964.79,
2026-09-11T20:26:59.777280+00:00,201,3978.63,
2026-09-11T20:26:59.796770+00:00,201,3964.36,
2026-09-11T20:26:59.802410+00:00,201,3982.51,
2026-09-11T20:26:59.805163+00:00,201,3982.64,
2026-09-11T20:26:59.796770+00:00,201,3994.51,
2026-09-11T20:26:59.812708+00:00,201,3982.71,
2026-09-11T20:26:59.812708+00:00,201,3993.22,
2026-09-11T20:26:59.812708+00:00,201,3989.94,
2026-09-11T20:26:59.832468+00:00,201,3997.34,
2026-09-11T20:26:59.827500+00:00,201,4005.84,
2026-09-11T20:26:59.852102+00:00,201,4005.58,
2026-09-11T20:26:59.852102+00:00,201,4008.10,
2026-09-11T20:26:59.843311+00:00,201,4027.84,
2026-09-11T20:26:59.859254+00:00,201,4023.14,
2026-09-11T20:26:59.891328+00:00,201,4053.09,
2026-09-11T20:26:59.922989+00:00,201,4066.51,
2026-09-11T20:26:59.926224+00:00,201,4062.74,
2026-09-11T20:26:59.926224+00:00,201,4060.17,
2026-09-11T20:26:59.956113+00:00,201,4066.72,
2026-09-11T20:26:59.959577+00:00,201,4064.23,
2026-09-11T20:26:59.954108+00:00,201,4085.22,
2026-09-11T20:26:59.977474+00:00,201,4064.55,
2026-09-11T20:26:59.970102+00:00,201,4073.05,
2026-09-11T20:26:59.977474+00:00,201,4076.68,
2026-09-11T20:26:59.967581+00:00,201,4098.16,
2026-09-11T20:26:59.989656+00:00,201,4075.64,
2026-09-11T20:26:59.986623+00:00,201,4095.35,
2026-09-11T20:26:59.989656+00:00,201,4088.87,
2026-09-11T20:27:00.017726+00:00,201,4073.37,
2026-09-11T20:27:00.017726+00:00,201,4082.55,
2026-09-11T20:27:00.013501+00:00,201,4115.71,
2026-09-11T20:27:00.034195+00:00,201,4102.91,
2026-09-11T20:27:00.034195+00:00,201,4108.98,
2026-09-11T20:27:00.044243+00:00,201,4116.80,
2026-09-11T20:27:00.044243+00:00,201,4122.87,
2026-09-11T20:27:00.065777+00:00,201,4115.84,
2026-09-11T20:27:00.065777+00:00,201,4124.06,
2026-09-11T20:27:00.094880+00:00,201,4131.23,
2026-09-11T20:27:00.086468+00:00,201,4137.34,
2026-09-11T20:27:00.094880+00:00,201,4140.87,
2026-09-11T20:27:00.117672+00:00,201,4128.07,
2026-09-11T20:27:00.117672+00:00,201,4136.74,
2026-09-11T20:27:00.113806+00:00,201,4162.76,
2026-09-11T20:27:00.129112+00:00,201,4151.08,
2026-09-11T20:27:00.129112+00:00,201,4153.56,
2026-09-11T20:27:00.145178+00:00,201,4146.84,
2026-09-11T20:27:00.141203+00:00,201,4162.52,
2026-09-11T20:27:00.140184+00:00,201,4167.50,
2026-09-11T20:27:00.145178+00:00,201,4165.83,
2026-09-11T20:27:00.162026+00:00,201,4171.50,
2026-09-11T20:27:00.162026+00:00,201,4185.09,
2026-09-11T20:27:00.182226+00:00,201,4186.42,
2026-09-11T20:27:00.188265+00:00,201,4186.05,
2026-09-11T20:27:00.192499+00:00,201,4190.09,
2026-09-11T20:27:00.182226+00:00,201,4207.48,
2026-09-11T20:27:00.188265+00:00,201,4211.02,
2026-09-11T20:27:00.198710+00:00,201,4216.58,
2026-09-11T20:27:00.219823+00:00,201,4212.59,
2026-09-11T20:27:00.224312+00:00,201,4219.94,
2026-09-11T20:27:00.229238+00:00,201,4224.74,
2026-09-11T20:27:00.219823+00:00,201,4244.32,
2026-09-11T20:27:00.237513+00:00,201,4237.33,
2026-09-11T20:27:00.255277+00:00,201,4231.61,
2026-09-11T20:27:00.247720+00:00,201,4248.71,
2026-09-11T20:27:00.268532+00:00,201,4237.85,
2026-09-11T20:27:00.261691+00:00,201,4255.03,
2026-09-11T20:27:00.283288+00:00,201,4246.14,
2026-09-11T20:27:00.279599+00:00,201,4252.95,
2026-09-11T20:27:00.301061+00:00,201,4248.86,
2026-09-11T20:27:00.293926+00:00,201,4264.09,
2026-09-11T20:27:00.304631+00:00,201,4255.87,
2026-09-11T20:27:00.295510+00:00,201,4281.08,
2026-09-11T20:27:00.323699+00:00,201,4273.51,
2026-09-11T20:27:00.323699+00:00,201,4281.36,
2026-09-11T20:27:00.365729+00:00,201,4281.68,
2026-09-11T20:27:00.365729+00:00,201,4287.78,
2026-09-11T20:27:00.378999+00:00,201,4288.73,
2026-09-11T20:27:00.386565+00:00,201,4291.07,
2026-09-11T20:27:00.390949+00:00,201,4302.96,
2026-09-11T20:27:00.386565+00:00,201,4310.45,
2026-09-11T20:27:00.410861+00:00,201,4296.23,
2026-09-11T20:27:00.407121+00:00,201,4304.38,
2026-09-11T20:27:00.417735+00:00,201,4300.10,
2026-09-11T20:27:00.417735+00:00,201,4308.18,
2026-09-11T20:27:00.434200+00:00,201,4304.19,
2026-09-11T20:27:00.428594+00:00,201,4312.76,
2026-09-11T20:27:00.444311+00:00,201,4302.81,
2026-09-11T20:27:00.434200+00:00,201,4315.44,
2026-09-11T20:27:00.417735+00:00,201,4336.69,
2026-09-11T20:27:00.417735+00:00,201,4336.60,
2026-09-11T20:27:00.450841+00:00,201,4315.47,
2026-09-11T20:27:00.460341+00:00,201,4317.73,
2026-09-11T20:27:00.434200+00:00,201,4344.69,
2026-09-11T20:27:00.461049+00:00,201,4329.72,
2026-09-11T20:27:00.450841+00:00,201,4340.29,
2026-09-11T20:27:00.471648+00:00,201,4330.10,
2026-09-11T20:27:00.476822+00:00,201,4330.90,
2026-09-11T20:27:00.476822+00:00,201,4334.60,
2026-09-11T20:27:00.476822+00:00,201,4336.31,
2026-09-11T20:27:00.464496+00:00,201,4355.70,
2026-09-11T20:27:00.493890+00:00,201,4345.53,
2026-09-11T20:27:00.504814+00:00,201,4348.93,
2026-09-11T20:27:00.508872+00:00,201,4353.66,
2026-09-11T20:27:00.493890+00:00,201,4369.89,
2026-09-11T20:27:00.504814+00:00,201,4371.03,
2026-09-11T20:27:00.512393+00:00,201,4369.98,
2026-09-11T20:27:00.536703+00:00,201,4381.63,
2026-09-11T20:27:00.533459+00:00,201,4389.66,
2026-09-11T20:27:00.531687+00:00,201,4395.56,
2026-09-11T20:27:00.557127+00:00,201,4384.46,
2026-09-11T20:27:00.557127+00:00,201,4391.18,
2026-09-11T20:27:00.547264+00:00,201,4401.06,
2026-09-11T20:27:00.580386+00:00,201,4386.40,
2026-09-11T20:27:00.571954+00:00,201,4401.27,
2026-09-11T20:27:00.568040+00:00,201,4407.71,
2026-09-11T20:27:00.580386+00:00,201,4400.16,
2026-09-11T20:27:00.589725+00:00,201,4393.00,
2026-09-11T20:27:00.589725+00:00,201,4392.78,
2026-09-11T20:27:00.603420+00:00,201,4401.44,
2026-09-11T20:27:00.603420+00:00,201,4403.09,
2026-09-11T20:27:00.589725+00:00,201,4417.71,
2026-09-11T20:27:00.607488+00:00,201,4410.62,
2026-09-11T20:27:00.619071+00:00,201,4410.43,
2026-09-11T20:27:00.619071+00:00,201,4419.66,
2026-09-11T20:27:00.607488+00:00,201,4442.43,
2026-09-11T20:27:00.636588+00:00,201,4421.94,
2026-09-11T20:27:00.627405+00:00,201,4430.23,
2026-09-11T20:27:00.647110+00:00,201,4416.15,
2026-09-11T20:27:00.619071+00:00,201,4446.47,
2026-09-11T20:27:00.639755+00:00,201,4440.77,
2026-09-11T20:27:00.652006+00:00,201,4431.27,
2026-09-11T20:27:00.662136+00:00,201,4439.63,
2026-09-11T20:27:00.668683+00:00,201,4433.59,
2026-09-11T20:27:00.682396+00:00,201,4428.61,
2026-09-11T20:27:00.668683+00:00,201,4443.88,
2026-09-11T20:27:00.650610+00:00,201,4473.60,
2026-09-11T20:27:00.652006+00:00,201,4472.50,
2026-09-11T20:27:00.634725+00:00,201,4566.00,
2026-09-11T20:27:00.698781+00:00,201,4501.71,
2026-09-11T20:27:00.668683+00:00,201,4530.36,
2026-09-11T20:27:00.686814+00:00,201,4520.08,
2026-09-11T20:27:00.694185+00:00,201,4516.39,
2026-09-11T20:27:00.707551+00:00,201,4504.21,
2026-09-11T20:27:00.714513+00:00,201,4500.14,
2026-09-11T20:27:00.711387+00:00,201,4508.50,
2026-09-11T20:27:00.698781+00:00,201,4521.30,
2026-09-11T20:27:00.749330+00:00,201,4483.86,
2026-09-11T20:27:00.745655+00:00,201,4496.67,
2026-09-11T20:27:00.749330+00:00,201,4488.03,
2026-09-11T20:27:00.761639+00:00,201,4499.61,
2026-09-11T20:27:00.761639+00:00,201,4510.74,
2026-09-11T20:27:00.781243+00:00,201,4519.89,
2026-09-11T20:27:00.787002+00:00,201,4518.94,
2026-09-11T20:27:00.779687+00:00,201,4529.80,
2026-09-11T20:27:00.801704+00:00,201,4534.41,
2026-09-11T20:27:00.801704+00:00,201,4544.25,
2026-09-11T20:27:00.793681+00:00,201,4555.67,
2026-09-11T20:27:00.809507+00:00,201,4565.91,
2026-09-11T20:27:00.825242+00:00,201,4559.22,
2026-09-11T20:27:00.841027+00:00,201,4567.95,
2026-09-11T20:27:00.843033+00:00,201,4568.24,
2026-09-11T20:27:00.843033+00:00,201,4568.41,
2026-09-11T20:27:00.825242+00:00,201,4593.66,
2026-09-11T20:27:00.872909+00:00,201,4582.19,
2026-09-11T20:27:00.863671+00:00,201,4617.22,
2026-09-11T20:27:00.880507+00:00,201,4614.12,
2026-09-11T20:27:00.872909+00:00,201,4638.33,
2026-09-11T20:27:00.887042+00:00,201,4634.72,
2026-09-11T20:27:00.894594+00:00,201,4649.55,
2026-09-11T20:27:00.888788+00:00,201,4658.74,
2026-09-11T20:27:00.888788+00:00,201,4694.91,
2026-09-11T20:27:00.921916+00:00,201,4688.19,
2026-09-11T20:27:00.921916+00:00,201,4685.33,
2026-09-11T20:27:00.920829+00:00,201,4705.55,
2026-09-11T20:27:00.936510+00:00,201,4706.25,
2026-09-11T20:27:00.942664+00:00,201,4706.62,
2026-09-11T20:27:00.942664+00:00,201,4724.21,
2026-09-11T20:27:00.936510+00:00,201,4737.29,
2026-09-11T20:27:00.952421+00:00,201,4732.90,
2026-09-11T20:27:00.960539+00:00,201,4728.79,
2026-09-11T20:27:00.968328+00:00,201,4726.82,
2026-09-11T20:27:00.968328+00:00,201,4745.86,
2026-09-11T20:27:00.968328+00:00,201,4744.94,
2026-09-11T20:27:00.981891+00:00,201,4746.95,
2026-09-11T20:27:00.980882+00:00,201,4755.00,
2026-09-11T20:27:00.987076+00:00,201,4753.39,
2026-09-11T20:27:01.016335+00:00,201,4746.68,
2026-09-11T20:27:01.013256+00:00,201,4779.53,
2026-09-11T20:27:01.032136+00:00,201,4766.92,
2026-09-11T20:27:01.037486+00:00,201,4792.54,
2026-09-11T20:27:01.037486+00:00,201,4798.13,
2026-09-11T20:27:01.054190+00:00,201,4784.45,
2026-09-11T20:27:01.064245+00:00,201,4784.92,
2026-09-11T20:27:01.054190+00:00,201,4822.65,
2026-09-11T20:27:01.064245+00:00,201,4824.06,
2026-09-11T20:27:01.079656+00:00,201,4814.69,
2026-09-11T20:27:01.073666+00:00,201,4830.55,
2026-09-11T20:27:01.096396+00:00,201,4840.22,
2026-09-11T20:27:01.106335+00:00,201,4844.09,
2026-09-11T20:27:01.096396+00:00,201,4863.69,
2026-09-11T20:27:01.112400+00:00,201,4849.19,
2026-09-11T20:27:01.112400+00:00,201,4864.99,
2026-09-11T20:27:01.130294+00:00,201,4900.28,
2026-09-11T20:27:01.130294+00:00,201,4916.57,
2026-09-11T20:27:01.140651+00:00,201,4965.19,
2026-09-11T20:27:01.159223+00:00,201,4950.43,
2026-09-11T20:27:01.167787+00:00,201,4955.48,
2026-09-11T20:27:01.159223+00:00,201,4970.29,
2026-09-11T20:27:01.167787+00:00,201,5010.01,
2026-09-11T20:27:01.175217+00:00,201,5012.12,
2026-09-11T20:27:01.207305+00:00,201,5023.78,
2026-09-11T20:27:01.207305+00:00,201,5038.92,
2026-09-11T20:27:01.239158+00:00,201,5016.78,
2026-09-11T20:27:01.243277+00:00,201,5014.23,
2026-09-11T20:27:01.257128+00:00,201,5014.23,
2026-09-11T20:27:01.263107+00:00,201,5020.46,
2026-09-11T20:27:01.257128+00:00,201,5037.11,
2026-09-11T20:27:01.263107+00:00,201,5039.45,
2026-09-11T20:27:01.271000+00:00,201,5081.25,
2026-09-11T20:27:01.282146+00:00,201,5089.76,
2026-09-11T20:27:01.282146+00:00,201,5100.11,
2026-09-11T20:27:01.287162+00:00,201,5110.31,
2026-09-11T20:27:01.287162+00:00,201,5115.06,
2026-09-11T20:27:01.294876+00:00,201,5124.54,
2026-09-11T20:27:01.300849+00:00,201,5130.93,
2026-09-11T20:27:01.294876+00:00,201,5147.71,
2026-09-11T20:27:01.309867+00:00,201,5141.93,
2026-09-11T20:27:01.309867+00:00,201,5205.22,
2026-09-11T20:27:01.320587+00:00,201,5203.11,
2026-09-11T20:27:01.342357+00:00,201,5197.94,
2026-09-11T20:27:01.342357+00:00,201,5212.74,
2026-09-11T20:27:01.359359+00:00,201,5209.35,
2026-09-11T20:27:01.359359+00:00,201,5216.99,
2026-09-11T20:27:01.359359+00:00,201,5231.71,
2026-09-11T20:27:01.397645+00:00,201,5263.54,
2026-09-11T20:27:01.415687+00:00,201,5254.92,
2026-09-11T20:27:01.415687+00:00,201,5277.13,
2026-09-11T20:27:01.430624+00:00,201,5350.42,
2026-09-11T20:27:01.430624+00:00,201,5361.59,
2026-09-11T20:27:01.436022+00:00,201,5372.55,
2026-09-11T20:27:01.461650+00:00,201,5360.66,
2026-09-11T20:27:01.465282+00:00,201,5371.02,
2026-09-11T20:27:01.474766+00:00,201,5375.60,
2026-09-11T20:27:01.477520+00:00,201,5380.09,
2026-09-11T20:27:01.487341+00:00,201,5390.83,
2026-09-11T20:27:01.487341+00:00,201,5402.23,
2026-09-11T20:27:01.495135+00:00,201,5415.11,
2026-09-11T20:27:01.501673+00:00,201,5423.74,
2026-09-11T20:27:01.509845+00:00,201,5428.71,
2026-09-11T20:27:01.513604+00:00,201,5440.68,
2026-09-11T20:27:01.513604+00:00,201,5453.26,
2026-09-11T20:27:01.513604+00:00,201,5474.74,
2026-09-11T20:27:01.525346+00:00,201,5475.26,
2026-09-11T20:27:01.531714+00:00,201,5489.02,
2026-09-11T20:27:01.538258+00:00,201,5497.88,
2026-09-11T20:27:01.548652+00:00,201,5578.35,
2026-09-11T20:27:01.548652+00:00,201,5593.20,
2026-09-11T20:27:01.557172+00:00,201,5601.08,
2026-09-11T20:27:01.548652+00:00,201,5621.12,
2026-09-11T20:27:01.573247+00:00,201,5613.31,
2026-09-11T20:27:01.573247+00:00,201,5632.91,
2026-09-11T20:27:01.582641+00:00,201,5642.96,
2026-09-11T20:27:01.589010+00:00,201,5653.87,
2026-09-11T20:27:01.586256+00:00,201,5672.72,
2026-09-11T20:27:01.615005+00:00,201,5660.71,
2026-09-11T20:27:01.606705+00:00,201,5680.26,
2026-09-11T20:27:01.628701+00:00,201,5680.91,
2026-09-11T20:27:01.628701+00:00,201,5695.42,
2026-09-11T20:27:01.626687+00:00,201,5718.84,
2026-09-11T20:27:01.640854+00:00,201,5719.76,
2026-09-11T20:27:01.644934+00:00,201,5735.05,
2026-09-11T20:27:01.644934+00:00,201,5748.10,
2026-09-11T20:27:01.654017+00:00,201,5837.22,
2026-09-11T20:27:01.654017+00:00,201,5852.89,
2026-09-11T20:27:01.654017+00:00,201,5871.21,
2026-09-11T20:27:01.654017+00:00,201,5900.11,
2026-09-11T20:27:01.668259+00:00,201,5902.57,
2026-09-11T20:27:01.668259+00:00,201,5925.52,
2026-09-11T20:27:01.687414+00:00,201,5922.75,
2026-09-11T20:27:01.695414+00:00,201,5939.93,
2026-09-11T20:27:01.699439+00:00,201,5956.37,
2026-09-11T20:27:01.683803+00:00,201,5989.42,
2026-09-11T20:27:01.700017+00:00,201,5995.06,
2026-09-11T20:27:01.715782+00:00,201,6001.32,
2026-09-11T20:27:01.712709+00:00,201,6030.10,
2026-09-11T20:27:01.707354+00:00,201,6068.01,
2026-09-11T20:27:01.723430+00:00,201,6080.66,
2026-09-11T20:27:01.732673+00:00,201,6104.43,
2026-09-11T20:27:01.732673+00:00,201,6134.91,
2026-09-11T20:27:01.743614+00:00,201,6157.20,
2026-09-11T20:27:01.747152+00:00,201,6176.43,
2026-09-11T20:27:01.707870+00:00,201,6237.73,
2026-09-11T20:27:01.715782+00:00,201,6246.12,
2026-09-11T20:27:01.751605+00:00,201,6238.96,
2026-09-11T20:27:01.762629+00:00,201,6244.89,
2026-09-11T20:27:01.762629+00:00,201,6271.22,
2026-09-11T20:27:01.732673+00:00,201,6320.43,
2026-09-11T20:27:01.751605+00:00,201,6422.63,
2026-09-11T20:27:01.778262+00:00,201,6425.71,
2026-09-11T20:27:01.789571+00:00,201,6440.73,
2026-09-11T20:27:01.799719+00:00,201,6461.49,
2026-09-11T20:27:01.762629+00:00,201,6521.71,
2026-09-11T20:27:01.784379+00:00,201,6538.87,
2026-09-11T20:27:01.751605+00:00,201,6595.37,
2026-09-11T20:27:01.799719+00:00,201,6574.22,
2026-09-11T20:27:01.810043+00:00,201,6592.13,
2026-09-11T20:27:01.794130+00:00,201,6636.34,
2026-09-11T20:27:01.810043+00:00,201,6646.55,
2026-09-11T20:27:01.833164+00:00,201,6646.88,
2026-09-11T20:27:01.826138+00:00,201,6681.80,
2026-09-11T20:27:01.826138+00:00,201,6703.94,
2026-09-11T20:27:01.833164+00:00,201,6725.68,
2026-09-11T20:27:01.833164+00:00,201,6742.85,
2026-09-11T20:27:01.842909+00:00,201,6761.93,
2026-09-11T20:27:01.842909+00:00,201,6788.97,
2026-09-11T20:27:01.858225+00:00,201,6796.83,
2026-09-11T20:27:01.861783+00:00,201,6969.24,
2026-09-11T20:27:01.861783+00:00,201,6999.33,
2026-09-11T20:27:01.874133+00:00,201,7007.20,
2026-09-11T20:27:01.874133+00:00,201,7035.69,
2026-09-11T20:27:01.874133+00:00,201,7078.20,
2026-09-11T20:27:01.887635+00:00,201,7108.35,
2026-09-11T20:27:01.895950+00:00,201,7128.30,
2026-09-11T20:27:01.893387+00:00,201,7159.52,
2026-09-11T20:27:01.911172+00:00,201,7159.79,
2026-09-11T20:27:01.927232+00:00,201,7176.89,
2026-09-11T20:27:01.922194+00:00,201,7211.74,
2026-09-11T20:27:01.911172+00:00,201,7246.10,
2026-09-11T20:27:01.927232+00:00,201,7261.45,
2026-09-11T20:27:01.922194+00:00,201,7306.88,
2026-09-11T20:27:01.937611+00:00,201,7316.95,
2026-09-11T20:27:01.947461+00:00,201,7338.32,
2026-09-11T20:27:01.937611+00:00,201,7375.85,
2026-09-11T20:27:01.947461+00:00,201,7391.13,
2026-09-11T20:27:01.956043+00:00,201,7409.06,
2026-09-11T20:27:01.953613+00:00,201,7440.60,
2026-09-11T20:27:01.956043+00:00,201,7466.67,
2026-09-11T20:27:01.987913+00:00,201,7462.14,
2026-09-11T20:27:01.987913+00:00,201,7488.81,
2026-09-11T20:27:01.985366+00:00,201,7525.81,
2026-09-11T20:27:02.000999+00:00,201,7534.33,
2026-09-11T20:27:02.014633+00:00,201,7551.93,
2026-09-11T20:27:02.006903+00:00,201,7590.60,
2026-09-11T20:27:01.987913+00:00,201,7627.07,
2026-09-11T20:27:02.025240+00:00,201,7625.63,
2026-09-11T20:27:02.016206+00:00,201,7662.75,
2026-09-11T20:27:02.032975+00:00,201,7669.92,
2026-09-11T20:27:02.032975+00:00,201,7705.35,
2026-09-11T20:27:02.051521+00:00,201,7718.93,
2026-09-11T20:27:02.043403+00:00,201,7755.25,
2026-09-11T20:27:02.051521+00:00,201,7772.00,
2026-09-11T20:27:02.062225+00:00,201,7799.47,
2026-09-11T20:27:02.063975+00:00,201,7831.17,
2026-09-11T20:27:02.063975+00:00,201,7864.38,
2026-09-11T20:27:02.063975+00:00,201,7907.14,
2026-09-11T20:27:02.087832+00:00,201,7918.63,
2026-09-11T20:27:02.101744+00:00,201,7938.78,
2026-09-11T20:27:02.081822+00:00,201,7998.02,
2026-09-11T20:27:02.103259+00:00,201,8017.06,
2026-09-11T20:27:02.096410+00:00,201,8074.95,
2026-09-11T20:27:02.109463+00:00,201,8111.97,
2026-09-11T20:27:02.143639+00:00,201,8219.87,
2026-09-11T20:27:02.130597+00:00,201,8288.83,
2026-09-11T20:27:02.156382+00:00,201,8353.06,
2026-09-11T20:27:02.195207+00:00,201,8400.78,
2026-09-11T20:27:02.138582+00:00,201,8659.01,
2026-09-11T20:27:02.159655+00:00,201,8651.25,
2026-09-11T20:27:02.143639+00:00,201,8682.90,
2026-09-11T20:27:02.188145+00:00,201,8650.69,
2026-09-11T20:27:02.195207+00:00,201,8658.14,
2026-09-11T20:27:02.185624+00:00,201,8680.52,
2026-09-11T20:27:02.207135+00:00,201,8671.78,
2026-09-11T20:27:02.213980+00:00,201,8687.64,
2026-09-11T20:27:02.207135+00:00,201,8721.29,
2026-09-11T20:27:02.232574+00:00,201,8734.49,
2026-09-11T20:27:02.248103+00:00,201,8771.22,
2026-09-11T20:27:02.259610+00:00,201,8783.74,
2026-09-11T20:27:02.270955+00:00,201,8803.48,
2026-09-11T20:27:02.322123+00:00,201,8828.75,
2026-09-11T20:27:02.322123+00:00,201,8850.35,
2026-09-11T20:27:02.318442+00:00,201,8890.48,
2026-09-11T20:27:02.389407+00:00,201,8938.24,
2026-09-11T20:27:02.397984+00:00,201,8965.27,
2026-09-11T20:27:02.414096+00:00,201,9062.95,
2026-09-11T20:27:02.449462+00:00,201,9053.06,
2026-09-11T20:27:02.445939+00:00,201,9083.00,
2026-09-11T20:27:02.488588+00:00,201,9077.45,
2026-09-11T20:27:02.480687+00:00,201,9129.97,
2026-09-11T20:27:02.464136+00:00,201,9168.34,
2026-09-11T20:27:02.497281+00:00,201,9179.75,
2026-09-11T20:27:02.513169+00:00,201,9189.46,
2026-09-11T20:27:02.513169+00:00,201,9206.56,
2026-09-11T20:27:02.513169+00:00,201,9236.78,
2026-09-11T20:27:02.559626+00:00,201,9217.04,
2026-09-11T20:27:02.562618+00:00,201,9242.56,
2026-09-11T20:27:02.159655+00:00,201,9820.46,
2026-09-11T20:27:02.248103+00:00,201,9752.47,
2026-09-11T20:27:02.223240+00:00,201,9782.82,
2026-09-11T20:27:02.270955+00:00,201,9743.94,
2026-09-11T20:27:02.270955+00:00,201,9759.37,
2026-09-11T20:27:02.288173+00:00,201,9759.03,
2026-09-11T20:27:02.322123+00:00,201,9736.44,
2026-09-11T20:27:02.338040+00:00,201,9729.81,
2026-09-11T20:27:02.382253+00:00,201,9699.29,
2026-09-11T20:27:02.367688+00:00,201,9714.70,
2026-09-11T20:27:02.385870+00:00,201,9720.45,
2026-09-11T20:27:02.406095+00:00,201,9705.34,
2026-09-11T20:27:02.406095+00:00,201,9721.46,
2026-09-11T20:27:02.416055+00:00,201,9719.80,
2026-09-11T20:27:02.477602+00:00,201,9676.99,
2026-09-11T20:27:02.480687+00:00,201,9683.20,
2026-09-11T20:27:02.497281+00:00,201,9675.44,
2026-09-11T20:27:02.488588+00:00,201,9699.52,
2026-09-11T20:27:02.604737+00:00,201,9618.75,
2026-09-11T20:27:02.613588+00:00,201,9662.96,
2026-09-11T20:27:02.641325+00:00,201,9727.11,
2026-09-11T20:27:02.683984+00:00,201,9732.64,
2026-09-11T20:27:02.669472+00:00,201,9764.12,
2026-09-11T20:27:02.669472+00:00,201,9782.52,
2026-09-11T20:27:02.794914+00:00,201,9877.40,
2026-09-11T20:27:02.826274+00:00,201,9920.15,
2026-09-11T20:27:02.846072+00:00,201,9935.93,
2026-09-11T20:27:02.846072+00:00,201,9957.76,
2026-09-11T20:27:02.889599+00:00,201,9958.18,
2026-09-11T20:27:02.875910+00:00,201,9983.68,
2026-09-11T20:27:02.889599+00:00,201,10006.80,
2026-09-11T20:27:02.925374+00:00,201,10021.83,
2026-09-11T20:27:02.953014+00:00,201,10065.47,
2026-09-11T20:27:02.976724+00:00,201,10067.19,
2026-09-11T20:27:03.000602+00:00,201,10086.28,
2026-09-11T20:27:03.017681+00:00,201,10121.65,
2026-09-11T20:27:03.047767+00:00,201,10136.92,
2026-09-11T20:27:03.063821+00:00,201,10178.03,
2026-09-11T20:27:03.111771+00:00,201,10178.78,
2026-09-11T20:27:03.111771+00:00,201,10212.20,
2026-09-11T20:27:03.111771+00:00,201,10240.24,
2026-09-11T20:27:03.143082+00:00,201,10246.57,
2026-09-11T20:27:03.175089+00:00,201,10257.33,
2026-09-11T20:27:03.190439+00:00,201,10283.22,
2026-09-11T20:27:03.190439+00:00,201,10312.22,
2026-09-11T20:27:03.269798+00:00,201,10353.87,
2026-09-11T20:27:03.322356+00:00,201,10325.66,
2026-09-11T20:27:03.345207+00:00,201,10313.06,
2026-09-11T20:27:03.356138+00:00,201,10327.36,
2026-09-11T20:27:02.334223+00:00,201,11513.88,
2026-09-11T20:27:02.347244+00:00,201,11506.20,
2026-09-11T20:27:02.343781+00:00,201,11513.67,
2026-09-11T20:27:02.389407+00:00,201,11471.97,
2026-09-11T20:27:02.557621+00:00,201,11309.00,
2026-09-11T20:27:02.593408+00:00,201,11269.98,
2026-09-11T20:27:02.604737+00:00,201,11262.35,
2026-09-11T20:27:02.593408+00:00,201,11281.84,
2026-09-11T20:27:02.604737+00:00,201,11274.11,
2026-09-11T20:27:02.620935+00:00,201,11264.72,
2026-09-11T20:27:02.620935+00:00,201,11258.51,
2026-09-11T20:27:02.641325+00:00,201,11249.21,
2026-09-11T20:27:02.667965+00:00,201,11229.84,
2026-09-11T20:27:02.689581+00:00,201,11205.08,
2026-09-11T20:27:02.710134+00:00,201,11194.69,
2026-09-11T20:27:02.719210+00:00,201,11192.62,
2026-09-11T20:27:02.731535+00:00,201,11184.82,
2026-09-11T20:27:02.734844+00:00,201,11186.21,
2026-09-11T20:27:02.747429+00:00,201,11174.21,
2026-09-11T20:27:02.763249+00:00,201,11164.84,
2026-09-11T20:27:02.787239+00:00,201,11148.58,
2026-09-11T20:27:02.794914+00:00,201,11142.49,
2026-09-11T20:27:02.812628+00:00,201,11120.26,
2026-09-11T20:27:02.810547+00:00,201,11135.32,
2026-09-11T20:27:02.823959+00:00,201,11126.25,
2026-09-11T20:27:02.826274+00:00,201,11122.99,
2026-09-11T20:27:02.846072+00:00,201,11116.47,
2026-09-11T20:27:02.873849+00:00,201,11091.87,
2026-09-11T20:27:02.906357+00:00,201,11066.11,
2026-09-11T20:27:02.909371+00:00,201,11063.98,
2026-09-11T20:27:02.925374+00:00,201,11050.48,
2026-09-11T20:27:02.943123+00:00,201,11031.73,
2026-09-11T20:27:02.960339+00:00,201,11026.06,
2026-09-11T20:27:02.943123+00:00,201,11041.07,
2026-09-11T20:27:02.969248+00:00,201,11021.32,
2026-09-11T20:27:03.000602+00:00,201,10989.57,
2026-09-11T20:27:03.000602+00:00,201,10996.32,
2026-09-11T20:27:03.063821+00:00,201,10935.33,
2026-09-11T20:27:03.097862+00:00,201,10900.93,
2026-09-11T20:27:03.175089+00:00,201,10834.56,
2026-09-11T20:27:03.207166+00:00,201,10801.62,
2026-09-11T20:27:03.207166+00:00,201,10795.56,
2026-09-11T20:27:03.238091+00:00,201,10779.40,
2026-09-11T20:27:03.238091+00:00,201,10778.01,
2026-09-11T20:27:03.254500+00:00,201,10762.23,
2026-09-11T20:27:03.265551+00:00,201,10755.00,
2026-09-11T20:27:03.272773+00:00,201,10744.54,
2026-09-11T20:27:03.301769+00:00,201,10727.06,
2026-09-11T20:27:03.333027+00:00,201,10695.86,
2026-09-11T20:27:03.349367+00:00,201,10679.59,
2026-09-11T20:27:03.333027+00:00,201,10698.69,
2026-09-11T20:27:03.380122+00:00,201,10659.93,
2026-09-11T20:27:03.396117+00:00,201,10639.00,
2026-09-11T20:27:03.396117+00:00,201,10646.29,
2026-09-11T20:27:03.405034+00:00,201,10642.56,
2026-09-11T20:27:03.414345+00:00,201,10640.24,
2026-09-11T20:27:03.433374+00:00,201,10629.25,
2026-09-11T20:27:03.405034+00:00,201,10659.72,
2026-09-11T20:27:03.433374+00:00,201,10631.66,
2026-09-11T20:27:03.444479+00:00,201,10623.98,
2026-09-11T20:27:03.464983+00:00,201,10608.11,
2026-09-11T20:27:03.464983+00:00,201,10615.14,
2026-09-11T20:27:03.464983+00:00,201,10623.14,
2026-09-11T20:27:03.464983+00:00,201,10623.13,
2026-09-11T20:27:03.480712+00:00,201,10607.74,
2026-09-11T20:27:03.480712+00:00,201,10616.41,
2026-09-11T20:27:03.489556+00:00,201,10610.13,
2026-09-11T20:27:03.500072+00:00,201,10601.37,
2026-09-11T20:27:03.523683+00:00,201,10583.94,
2026-09-11T20:27:03.523683+00:00,201,10582.49,
2026-09-11T20:27:03.539108+00:00,201,10579.73,
2026-09-11T20:27:03.518048+00:00,201,10600.01,
2026-09-11T20:27:03.555307+00:00,201,10572.82,
2026-09-11T20:27:03.542657+00:00,201,10588.15,
2026-09-11T20:27:03.558825+00:00,201,10576.19,
2026-09-11T20:27:03.608505+00:00,201,10536.43,
2026-09-11T20:27:03.618482+00:00,201,10529.65,
2026-09-11T20:27:03.627055+00:00,201,10530.28,
2026-09-11T20:27:03.634209+00:00,201,10528.51,
2026-09-11T20:27:03.627055+00:00,201,10538.51,
2026-09-11T20:27:03.665554+00:00,201,10508.66,
2026-09-11T20:27:03.681554+00:00,201,10496.77,
2026-09-11T20:27:03.682558+00:00,201,10497.77,
2026-09-11T20:27:03.666569+00:00,201,10507.78,
2026-09-11T20:27:03.713162+00:00,201,10486.48,
2026-09-11T20:27:03.715828+00:00,201,10488.18,
2026-09-11T20:27:03.728809+00:00,201,10475.86,
2026-09-11T20:27:03.728809+00:00,201,10476.50,
2026-09-11T20:27:03.740503+00:00,201,10478.78,
2026-09-11T20:27:03.744451+00:00,201,10478.18,
2026-09-11T20:27:03.760577+00:00,201,10471.70,
2026-09-11T20:27:03.776850+00:00,201,10452.76,
2026-09-11T20:27:03.776850+00:00,201,10461.84,
2026-09-11T20:27:03.800863+00:00,201,10445.32,
2026-09-11T20:27:03.813590+00:00,201,10440.19,
2026-09-11T20:27:03.808561+00:00,201,10466.50,
2026-09-11T20:27:03.824275+00:00,201,10455.78,
2026-09-11T20:27:03.824275+00:00,201,10464.37,
2026-09-11T20:27:03.856277+00:00,201,10439.15,
2026-09-11T20:27:03.856277+00:00,201,10450.28,
2026-09-11T20:27:03.871969+00:00,201,10445.14,
2026-09-11T20:27:03.903833+00:00,201,10423.66,
2026-09-11T20:27:03.935183+00:00,201,10397.28,
2026-09-11T20:27:03.991093+00:00,201,10350.58,
2026-09-11T20:27:03.996634+00:00,201,10356.52,
2026-09-11T20:27:03.998381+00:00,201,10363.01,
2026-09-11T20:27:04.019115+00:00,201,10344.15,
2026-09-11T20:27:04.031384+00:00,201,10335.63,
2026-09-11T20:27:04.031384+00:00,201,10355.58,
2026-09-11T20:27:04.040106+00:00,201,10349.05,
2026-09-11T20:27:04.062540+00:00,201,10334.32,
2026-09-11T20:27:04.062540+00:00,201,10351.47,
2026-09-11T20:27:04.082389+00:00,201,10336.60,
2026-09-11T20:27:04.078489+00:00,201,10343.74,
2026-09-11T20:27:04.090577+00:00,201,10339.51,
2026-09-11T20:27:04.126543+00:00,201,10312.85,
2026-09-11T20:27:04.126992+00:00,201,10313.53,
2026-09-11T20:27:04.138422+00:00,201,10310.29,
2026-09-11T20:27:04.145189+00:00,201,10307.09,
2026-09-11T20:27:04.138422+00:00,201,10326.85,
2026-09-11T20:27:04.162493+00:00,201,10303.66,
2026-09-11T20:27:04.162493+00:00,201,10316.72,
2026-09-11T20:27:04.173519+00:00,201,10315.50,
2026-09-11T20:27:04.192024+00:00,201,10300.48,
2026-09-11T20:27:04.190488+00:00,201,10308.23,
2026-09-11T20:27:04.239570+00:00,201,10264.17,
2026-09-11T20:27:04.228540+00:00,201,10278.45,
2026-09-11T20:27:04.237013+00:00,201,10276.29,
2026-09-11T20:27:04.239570+00:00,201,10274.08,
2026-09-11T20:27:04.249972+00:00,201,10280.27,
2026-09-11T20:27:04.270087+00:00,201,10259.94,
2026-09-11T20:27:04.284515+00:00,201,10258.56,
2026-09-11T20:27:04.288199+00:00,201,10260.57,
2026-09-11T20:27:04.307117+00:00,201,10247.74,
2026-09-11T20:27:04.331900+00:00,201,10225.69,
2026-09-11T20:27:04.345283+00:00,201,10229.82,
2026-09-11T20:27:02.232574+00:00,201,12457.43,
2026-09-11T20:27:02.707597+00:00,201,11987.21,
2026-09-11T20:27:02.719210+00:00,201,11972.64,
2026-09-11T20:27:02.747429+00:00,201,11945.20,
2026-09-11T20:27:02.767317+00:00,201,11938.18,
2026-09-11T20:27:02.806047+00:00,201,11901.91,
2026-09-11T20:27:02.897513+00:00,201,11818.41,
2026-09-11T20:27:02.906357+00:00,201,11816.12,
2026-09-11T20:27:02.969248+00:00,201,11753.77,
2026-09-11T20:27:03.035129+00:00,201,11687.43,
2026-09-11T20:27:03.047767+00:00,201,11681.06,
2026-09-11T20:27:03.035129+00:00,201,11696.43,
2026-09-11T20:27:03.047767+00:00,201,11690.22,
2026-09-11T20:27:03.097862+00:00,201,11642.56,
2026-09-11T20:27:03.109578+00:00,201,11639.18,
2026-09-11T20:27:03.111771+00:00,201,11638.34,
2026-09-11T20:27:03.129695+00:00,201,11622.51,
2026-09-11T20:27:03.143082+00:00,201,11612.75,
2026-09-11T20:27:03.175089+00:00,201,11574.10,
2026-09-11T20:27:03.190439+00:00,201,11563.58,
2026-09-11T20:27:03.190439+00:00,201,11563.59,
2026-09-11T20:27:03.254500+00:00,201,11502.27,
2026-09-11T20:27:03.254500+00:00,201,11512.44,
2026-09-11T20:27:03.433374+00:00,201,11334.47,
2026-09-11T20:27:03.428088+00:00,201,11342.18,
2026-09-11T20:27:03.475586+00:00,201,11296.04,
2026-09-11T20:27:03.500072+00:00,201,11270.37,
2026-09-11T20:27:03.500072+00:00,201,11278.69,
2026-09-11T20:27:03.558825+00:00,201,11221.99,
2026-09-11T20:27:03.558825+00:00,201,11214.05,
2026-09-11T20:27:03.602815+00:00,201,11178.67,
2026-09-11T20:27:03.589734+00:00,201,11185.01,
2026-09-11T20:27:03.608505+00:00,201,11178.40,
2026-09-11T20:27:03.608505+00:00,201,11177.41,
2026-09-11T20:27:03.634209+00:00,201,11156.26,
2026-09-11T20:27:03.641969+00:00,201,11156.48,
2026-09-11T20:27:03.690058+00:00,201,11107.53,
2026-09-11T20:27:03.699069+00:00,201,11103.78,
2026-09-11T20:27:03.718508+00:00,201,11086.27,
2026-09-11T20:27:03.722040+00:00,201,11084.46,
2026-09-11T20:27:03.746586+00:00,201,11052.83,
2026-09-11T20:27:03.746586+00:00,201,11061.21,
2026-09-11T20:27:03.788877+00:00,201,11023.61,
2026-09-11T20:27:03.808561+00:00,201,11005.88,
2026-09-11T20:27:03.824275+00:00,201,10983.39,
2026-09-11T20:27:03.860388+00:00,201,10956.07,
2026-09-11T20:27:03.860388+00:00,201,10960.85,
2026-09-11T20:27:03.871969+00:00,201,10944.97,
2026-09-11T20:27:03.942041+00:00,201,10881.62,
2026-09-11T20:27:03.966718+00:00,201,10861.57,
2026-09-11T20:27:03.982564+00:00,201,10844.19,
2026-09-11T20:27:04.019115+00:00,201,10803.71,
2026-09-11T20:27:04.019115+00:00,201,10811.50,
2026-09-11T20:27:04.046559+00:00,201,10787.69,
2026-09-11T20:27:04.051259+00:00,201,10777.78,
2026-09-11T20:27:04.062540+00:00,201,10774.18,
2026-09-11T20:27:04.082389+00:00,201,10755.28,
2026-09-11T20:27:04.094488+00:00,201,10749.88,
2026-09-11T20:27:04.099658+00:00,201,10747.69,
2026-09-11T20:27:04.126992+00:00,201,10717.01,
2026-09-11T20:27:04.162493+00:00,201,10685.71,
2026-09-11T20:27:04.173519+00:00,201,10665.67,
2026-09-11T20:27:04.221131+00:00,201,10628.63,
2026-09-11T20:27:04.221131+00:00,201,10634.81,
2026-09-11T20:27:04.270087+00:00,201,10585.23,
2026-09-11T20:27:04.270087+00:00,201,10580.97,
2026-09-11T20:27:04.300464+00:00,201,10559.98,
2026-09-11T20:27:04.311669+00:00,201,10554.84,
2026-09-11T20:27:04.316440+00:00,201,10553.97,
2026-09-11T20:27:04.347851+00:00,201,10517.76,
2026-09-11T20:27:04.364514+00:00,201,10502.83,
2026-09-11T20:27:04.775727+00:00,201,10148.14,
2026-09-11T20:27:04.765152+00:00,201,10159.40,
2026-09-11T20:27:04.781297+00:00,201,10143.61,
2026-09-11T20:27:04.781297+00:00,201,10151.02,
2026-09-11T20:27:04.791337+00:00,201,10142.44,
2026-09-11T20:27:04.806985+00:00,201,10131.20,
2026-09-11T20:27:04.817254+00:00,201,10122.62,
2026-09-11T20:27:04.793391+00:00,201,10151.87,
2026-09-11T20:27:04.822620+00:00,201,10127.07,
2026-09-11T20:27:04.827134+00:00,201,10125.34,
2026-09-11T20:27:04.854002+00:00,201,10105.14,
2026-09-11T20:27:04.838063+00:00,201,10115.47,
2026-09-11T20:27:04.871101+00:00,201,10098.56,
2026-09-11T20:27:04.871101+00:00,201,10096.40,
2026-09-11T20:27:04.881970+00:00,201,10093.74,
2026-09-11T20:27:04.920087+00:00,201,10060.10,
2026-09-11T20:27:04.920087+00:00,201,10059.23,
2026-09-11T20:27:04.912744+00:00,201,10073.64,
2026-09-11T20:27:04.936878+00:00,201,10046.43,
2026-09-11T20:27:04.975061+00:00,201,10017.49,
2026-09-11T20:27:04.955535+00:00,201,10041.04,
2026-09-11T20:27:04.965660+00:00,201,10025.54,
2026-09-11T20:27:04.965660+00:00,201,10035.27,
2026-09-11T20:27:04.975061+00:00,201,10023.90,
2026-09-11T20:27:04.994260+00:00,201,10011.97,
2026-09-11T20:27:04.991731+00:00,201,10017.68,
2026-09-11T20:27:04.981488+00:00,201,10028.13,
2026-09-11T20:27:04.997500+00:00,201,10003.90,
2026-09-11T20:27:04.997500+00:00,201,10014.59,
2026-09-11T20:27:05.029385+00:00,201,9992.99,
2026-09-11T20:27:05.013489+00:00,201,10012.83,
2026-09-11T20:27:05.061479+00:00,201,9974.61,
2026-09-11T20:27:05.052369+00:00,201,9985.77,
2026-09-11T20:27:05.070285+00:00,201,9973.32,
2026-09-11T20:27:05.061479+00:00,201,9980.40,
2026-09-11T20:27:05.052369+00:00,201,9994.92,
2026-09-11T20:27:05.101487+00:00,201,9950.66,
2026-09-11T20:27:05.101487+00:00,201,9957.11,
2026-09-11T20:27:05.112998+00:00,201,9955.17,
2026-09-11T20:27:05.079528+00:00,201,9991.28,
2026-09-11T20:27:05.198730+00:00,201,9875.59,
2026-09-11T20:27:05.238130+00:00,201,9843.77,
2026-09-11T20:27:05.195378+00:00,201,9889.59,
2026-09-11T20:27:05.130073+00:00,201,9956.34,
2026-09-11T20:27:05.250827+00:00,201,9835.57,
2026-09-11T20:27:05.291473+00:00,201,9800.95,
2026-09-11T20:27:05.302020+00:00,201,9793.34,
2026-09-11T20:27:05.332653+00:00,201,9765.62,
2026-09-11T20:27:05.307815+00:00,201,9797.31,
2026-09-11T20:27:05.351519+00:00,201,9758.11,
2026-09-11T20:27:05.488125+00:00,201,9623.50,
2026-09-11T20:27:05.491413+00:00,201,9622.18,
2026-09-11T20:27:05.544319+00:00,201,9575.55,
2026-09-11T20:27:05.665800+00:00,201,9451.35,
2026-09-11T20:27:05.609928+00:00,201,9513.78,
2026-09-11T20:27:05.792621+00:00,201,9338.07,
2026-09-11T20:27:05.876723+00:00,201,9254.92,
2026-09-11T20:27:06.027571+00:00,201,9104.29,
2026-09-11T20:27:06.360740+00:00,201,8785.73,
2026-09-11T20:27:06.661420+00:00,201,8488.65,
2026-09-11T20:27:02.716484+00:00,201,12446.32,
2026-09-11T20:27:02.719210+00:00,201,12437.05,
2026-09-11T20:27:02.747429+00:00,201,12413.21,
2026-09-11T20:27:02.767317+00:00,201,12398.47,
2026-09-11T20:27:02.779139+00:00,201,12386.15,
2026-09-11T20:27:02.794914+00:00,201,12368.34,
2026-09-11T20:27:02.875910+00:00,201,12289.39,
2026-09-11T20:27:02.869940+00:00,201,12304.72,
2026-09-11T20:27:02.875910+00:00,201,12301.32,
2026-09-11T20:27:02.953014+00:00,201,12225.63,
2026-09-11T20:27:03.017681+00:00,201,12160.13,
2026-09-11T20:27:03.054592+00:00,201,12122.66,
2026-09-11T20:27:03.097862+00:00,201,12088.46,
2026-09-11T20:27:03.089581+00:00,201,12095.32,
2026-09-11T20:27:03.207166+00:00,201,11985.38,
2026-09-11T20:27:03.225575+00:00,201,11960.66,
2026-09-11T20:27:03.225575+00:00,201,11964.85,
2026-09-11T20:27:03.322356+00:00,201,11871.21,
2026-09-11T20:27:03.349367+00:00,201,11850.47,
2026-09-11T20:27:03.523683+00:00,201,11676.75,
2026-09-11T20:27:03.542657+00:00,201,11656.66,
2026-09-11T20:27:03.534060+00:00,201,11675.34,
2026-09-11T20:27:03.690058+00:00,201,11518.11,
2026-09-11T20:27:03.746586+00:00,201,11467.20,
2026-09-11T20:27:03.792437+00:00,201,11424.28,
2026-09-11T20:27:03.792437+00:00,201,11421.09,
2026-09-11T20:27:03.881496+00:00,201,11339.83,
2026-09-11T20:27:04.046559+00:00,201,11180.67,
2026-09-11T20:27:04.252763+00:00,201,10976.64,
2026-09-11T20:27:04.290709+00:00,201,10937.63,
2026-09-11T20:27:04.300464+00:00,201,10933.15,
2026-09-11T20:27:04.331900+00:00,201,10893.31,
2026-09-11T20:27:04.382656+00:00,201,10851.79,
2026-09-11T20:27:04.364514+00:00,201,10862.87,
2026-09-11T20:27:04.364514+00:00,201,10872.13,
2026-09-11T20:27:04.391322+00:00,201,10850.79,
2026-09-11T20:27:04.433795+00:00,201,10807.84,
2026-09-11T20:27:04.379162+00:00,201,10863.55,
2026-09-11T20:27:04.414253+00:00,201,10829.67,
2026-09-11T20:27:04.394897+00:00,201,10846.46,
2026-09-11T20:27:04.426686+00:00,201,10819.00,
2026-09-11T20:27:04.402344+00:00,201,10845.83,
2026-09-11T20:27:04.410667+00:00,201,10837.53,
2026-09-11T20:27:04.444545+00:00,201,10803.17,
2026-09-11T20:27:04.433795+00:00,201,10811.92,
2026-09-11T20:27:04.458517+00:00,201,10793.80,
2026-09-11T20:27:04.463373+00:00,201,10789.10,
2026-09-11T20:27:04.474285+00:00,201,10779.55,
2026-09-11T20:27:04.474285+00:00,201,10777.94,
2026-09-11T20:27:04.481800+00:00,201,10769.76,
2026-09-11T20:27:04.463373+00:00,201,10790.27,
2026-09-11T20:27:04.506466+00:00,201,10752.73,
2026-09-11T20:27:04.500423+00:00,201,10759.09,
2026-09-11T20:27:04.490355+00:00,201,10770.87,
2026-09-11T20:27:04.524793+00:00,201,10733.22,
2026-09-11T20:27:04.516483+00:00,201,10746.71,
2026-09-11T20:27:04.507053+00:00,201,10755.80,
2026-09-11T20:27:04.512169+00:00,201,10751.44,
2026-09-11T20:27:04.524793+00:00,201,10734.04,
2026-09-11T20:27:04.564385+00:00,201,10701.04,
2026-09-11T20:27:04.547068+00:00,201,10718.54,
2026-09-11T20:27:04.570592+00:00,201,10693.33,
2026-09-11T20:27:04.554018+00:00,201,10708.90,
2026-09-11T20:27:04.554018+00:00,201,10714.12,
2026-09-11T20:27:04.547068+00:00,201,10720.98,
2026-09-11T20:27:04.547068+00:00,201,10727.11,
2026-09-11T20:27:04.601809+00:00,201,10669.23,
2026-09-11T20:27:04.601809+00:00,201,10674.91,
2026-09-11T20:27:04.601809+00:00,201,10667.50,
2026-09-11T20:27:04.646439+00:00,201,10631.80,
2026-09-11T20:27:04.633546+00:00,201,10646.82,
2026-09-11T20:27:04.643003+00:00,201,10636.65,
2026-09-11T20:27:04.678140+00:00,201,10603.57,
2026-09-11T20:27:04.657393+00:00,201,10619.25,
2026-09-11T20:27:04.667329+00:00,201,10616.99,
2026-09-11T20:27:04.667329+00:00,201,10616.09,
2026-09-11T20:27:04.651531+00:00,201,10635.74,
2026-09-11T20:27:04.700555+00:00,201,10580.47,
2026-09-11T20:27:04.691008+00:00,201,10593.04,
2026-09-11T20:27:04.691008+00:00,201,10598.01,
2026-09-11T20:27:04.698542+00:00,201,10592.73,
2026-09-11T20:27:04.714535+00:00,201,10576.83,
2026-09-11T20:27:04.700555+00:00,201,10593.62,
2026-09-11T20:27:04.713024+00:00,201,10582.57,
2026-09-11T20:27:04.714535+00:00,201,10577.61,
2026-09-11T20:27:04.739126+00:00,201,10558.03,
2026-09-11T20:27:04.732139+00:00,201,10566.24,
2026-09-11T20:27:04.744257+00:00,201,10552.60,
2026-09-11T20:27:04.732139+00:00,201,10566.55,
2026-09-11T20:27:04.748765+00:00,201,10547.69,
2026-09-11T20:27:04.739126+00:00,201,10561.14,
2026-09-11T20:27:04.748765+00:00,201,10547.39,
2026-09-11T20:27:04.748765+00:00,201,10554.14,
2026-09-11T20:27:04.759991+00:00,201,10542.32,
2026-09-11T20:27:04.765152+00:00,201,10536.65,
2026-09-11T20:27:04.806985+00:00,201,10494.84,
2026-09-11T20:27:04.822620+00:00,201,10488.21,
2026-09-11T20:27:04.797997+00:00,201,10512.33,
2026-09-11T20:27:04.854002+00:00,201,10457.09,
2026-09-11T20:27:04.859438+00:00,201,10444.59,
2026-09-11T20:27:04.859438+00:00,201,10455.63,
2026-09-11T20:27:04.920087+00:00,201,10392.27,
2026-09-11T20:27:04.918075+00:00,201,10398.77,
2026-09-11T20:27:04.936878+00:00,201,10369.89,
2026-09-11T20:27:04.933473+00:00,201,10385.93,
2026-09-11T20:27:04.949577+00:00,201,10370.39,
2026-09-11T20:27:04.965660+00:00,201,10351.97,
2026-09-11T20:27:05.013489+00:00,201,10308.88,
2026-09-11T20:27:05.033699+00:00,201,10289.62,
2026-09-11T20:27:05.022472+00:00,201,10301.91,
2026-09-11T20:27:05.061479+00:00,201,10263.89,
2026-09-11T20:27:05.079528+00:00,201,10245.17,
2026-09-11T20:27:05.130073+00:00,201,10199.07,
2026-09-11T20:27:05.124539+00:00,201,10207.22,
2026-09-11T20:27:05.198730+00:00,201,10132.52,
2026-09-11T20:27:05.112998+00:00,201,10219.90,
2026-09-11T20:27:05.203681+00:00,201,10131.88,
2026-09-11T20:27:05.267509+00:00,201,10064.60,
2026-09-11T20:27:05.222172+00:00,201,10109.37,
2026-09-11T20:27:05.219363+00:00,201,10122.69,
2026-09-11T20:27:05.238130+00:00,201,10102.41,
2026-09-11T20:27:05.412858+00:00,201,9927.62,
2026-09-11T20:27:05.456638+00:00,201,9891.41,
2026-09-11T20:27:05.730721+00:00,201,9614.57,
2026-09-11T20:27:05.894172+00:00,201,9458.70,
2026-09-11T20:27:06.175271+00:00,201,9177.82,
2026-09-11T20:27:06.939417+00:00,201,8424.59,
2026-09-11T20:27:07.381832+00:00,201,7987.65,
2026-09-11T20:27:02.747429+00:00,201,12614.35,
2026-09-11T20:27:02.842053+00:00,201,12535.82,
2026-09-11T20:27:02.965770+00:00,201,12415.34,
2026-09-11T20:27:03.127074+00:00,201,12255.13,
2026-09-11T20:27:03.187911+00:00,201,12196.86,
2026-09-11T20:27:03.989551+00:00,201,11406.45,
2026-09-11T20:27:04.797997+00:00,201,10611.94,
2026-09-11T20:27:04.859438+00:00,201,10552.41,
2026-09-11T20:27:05.033699+00:00,201,10382.41,
2026-09-11T20:27:05.045469+00:00,201,10373.17,
2026-09-11T20:27:05.079528+00:00,201,10335.86,
2026-09-11T20:27:05.112998+00:00,201,10303.56,
2026-09-11T20:27:05.093126+00:00,201,10327.81,
2026-09-11T20:27:08.880964+00:00,0,6553.21,connection_error: 
2026-09-11T20:27:05.614986+00:00,201,9856.86,
2026-09-11T20:27:08.177297+00:00,201,7315.55,
2026-09-11T20:27:04.997500+00:00,201,10554.25,
2026-09-11T20:27:05.424607+00:00,0,10253.55,connection_error: 
2026-09-11T20:27:06.269957+00:00,0,9468.05,connection_error: 
2026-09-11T20:27:06.664871+00:00,201,9296.43,
2026-09-11T20:27:08.382143+00:00,201,7723.44,
2026-09-11T20:27:14.724335+00:00,201,4558.84,
2026-09-11T20:27:14.734374+00:00,201,4548.67,
2026-09-11T20:27:14.729761+00:00,201,4567.49,
2026-09-11T20:27:14.720737+00:00,201,4582.43,
2026-09-11T20:27:14.734374+00:00,201,4573.30,
2026-09-11T20:27:14.734374+00:00,201,4581.10,
2026-09-11T20:27:14.727747+00:00,201,4591.61,
2026-09-11T20:27:14.742186+00:00,201,4590.03,
2026-09-11T20:27:14.742186+00:00,201,4648.44,
2026-09-11T20:27:14.750347+00:00,201,4755.79,
2026-09-11T20:27:14.759244+00:00,201,4752.01,
2026-09-11T20:27:14.750347+00:00,201,4765.22,
2026-09-11T20:27:14.750347+00:00,201,4767.29,
2026-09-11T20:27:14.766735+00:00,201,4769.71,
2026-09-11T20:27:14.766735+00:00,201,4773.37,
2026-09-11T20:27:14.766735+00:00,201,4774.98,
2026-09-11T20:27:14.775373+00:00,201,4777.49,
2026-09-11T20:27:14.759244+00:00,201,4800.15,
2026-09-11T20:27:14.766735+00:00,201,4809.40,
2026-09-11T20:27:14.759244+00:00,201,4820.98,
2026-09-11T20:27:14.758684+00:00,201,4835.67,
2026-09-11T20:27:14.778217+00:00,201,4870.55,
2026-09-11T20:27:14.778217+00:00,201,4876.01,
2026-09-11T20:27:14.792102+00:00,201,4881.24,
2026-09-11T20:27:14.778217+00:00,201,4897.10,
2026-09-11T20:27:14.788391+00:00,201,4893.02,
2026-09-11T20:27:14.783743+00:00,201,4909.32,
2026-09-11T20:27:14.800370+00:00,201,4900.05,
2026-09-11T20:27:14.796262+00:00,201,4907.33,
2026-09-11T20:27:14.783743+00:00,201,4932.54,
2026-09-11T20:27:14.808834+00:00,201,4939.79,
2026-09-11T20:27:14.808834+00:00,201,4949.61,
2026-09-11T20:27:14.800370+00:00,201,4965.07,
2026-09-11T20:27:14.817126+00:00,201,4958.16,
2026-09-11T20:27:14.800370+00:00,201,4974.36,
2026-09-11T20:27:14.796262+00:00,201,4998.47,
2026-09-11T20:27:14.817126+00:00,201,4991.05,
2026-09-11T20:27:14.808834+00:00,201,5008.29,
2026-09-11T20:27:14.833868+00:00,201,5007.62,
2026-09-11T20:27:14.833868+00:00,201,5010.73,
2026-09-11T20:27:14.800370+00:00,201,5052.37,
2026-09-11T20:27:14.808834+00:00,201,5048.56,
2026-09-11T20:27:14.825747+00:00,201,5040.02,
2026-09-11T20:27:14.825747+00:00,201,5042.43,
2026-09-11T20:27:14.825747+00:00,201,5055.41,
2026-09-11T20:27:14.825747+00:00,201,5076.07,
2026-09-11T20:27:14.817126+00:00,201,5090.15,
2026-09-11T20:27:14.833868+00:00,201,5086.97,
2026-09-11T20:27:14.842634+00:00,201,5085.05,
2026-09-11T20:27:14.850468+00:00,201,5084.63,
2026-09-11T20:27:14.847891+00:00,201,5097.70,
2026-09-11T20:27:14.847891+00:00,201,5103.50,
2026-09-11T20:27:14.817126+00:00,201,5157.04,
2026-09-11T20:27:14.842634+00:00,201,5142.49,
2026-09-11T20:27:14.850468+00:00,201,5136.53,
2026-09-11T20:27:14.859359+00:00,201,5142.30,
2026-09-11T20:27:14.850468+00:00,201,5181.27,
2026-09-11T20:27:14.850468+00:00,201,5193.14,
2026-09-11T20:27:14.840303+00:00,201,5212.28,
2026-09-11T20:27:14.867776+00:00,201,5191.42,
2026-09-11T20:27:14.859915+00:00,201,5205.48,
2026-09-11T20:27:14.875485+00:00,201,5203.39,
2026-09-11T20:27:14.867776+00:00,201,5214.78,
2026-09-11T20:27:14.859915+00:00,201,5234.52,
2026-09-11T20:27:14.859915+00:00,201,5238.99,
2026-09-11T20:27:15.202387+00:00,201,5165.74,
2026-09-11T20:27:14.070769+00:00,201,6313.65,
2026-09-11T20:27:15.208344+00:00,201,5193.03,
2026-09-11T20:27:15.209350+00:00,201,5208.27,
2026-09-11T20:27:14.142614+00:00,201,6288.86,
2026-09-11T20:27:15.216628+00:00,201,5272.31,
2026-09-11T20:27:15.218918+00:00,201,5281.52,
2026-09-11T20:27:14.292802+00:00,201,6218.24,
2026-09-11T20:27:14.178001+00:00,201,6343.81,
2026-09-11T20:27:15.210350+00:00,201,5318.13,
2026-09-11T20:27:14.318693+00:00,201,6226.70,
2026-09-11T20:27:15.218918+00:00,201,5337.56,
2026-09-11T20:27:14.113350+00:00,201,6458.24,
2026-09-11T20:27:14.351251+00:00,201,6231.72,
2026-09-11T20:27:15.241654+00:00,201,5355.68,
2026-09-11T20:27:15.235301+00:00,201,5375.58,
2026-09-11T20:27:15.235301+00:00,201,5383.44,
2026-09-11T20:27:14.392428+00:00,201,6292.51,
2026-09-11T20:27:15.235301+00:00,201,5462.80,
2026-09-11T20:27:15.226995+00:00,201,5484.13,
2026-09-11T20:27:15.210350+00:00,201,5515.06,
2026-09-11T20:27:15.243817+00:00,201,5498.65,
2026-09-11T20:27:15.226995+00:00,201,5538.07,
2026-09-11T20:27:15.251964+00:00,201,5537.68,
2026-09-11T20:27:15.243817+00:00,201,5576.97,
2026-09-11T20:27:15.243817+00:00,201,5600.83,
2026-09-11T20:27:14.540061+00:00,201,6375.96,
2026-09-11T20:27:15.235301+00:00,201,5704.63,
2026-09-11T20:27:15.243817+00:00,201,5722.32,
2026-09-11T20:27:15.226995+00:00,201,5755.92,
2026-09-11T20:27:15.243817+00:00,201,5842.22,
2026-09-11T20:27:15.260264+00:00,201,5843.79,
2026-09-11T20:27:15.235301+00:00,201,5884.49,
2026-09-11T20:27:15.251964+00:00,201,5891.47,
2026-09-11T20:27:15.243817+00:00,201,5914.58,
2026-09-11T20:27:15.251964+00:00,201,5924.95,
2026-09-11T20:27:15.259265+00:00,201,5940.02,
2026-09-11T20:27:15.251964+00:00,201,5965.16,
2026-09-11T20:27:15.250966+00:00,201,5986.61,
2026-09-11T20:27:15.243817+00:00,201,6009.37,
2026-09-11T20:27:15.258260+00:00,201,6016.45,
2026-09-11T20:27:15.251964+00:00,201,6039.15,
2026-09-11T20:27:15.260264+00:00,201,6056.56,
2026-09-11T20:27:15.251964+00:00,201,6083.79,
2026-09-11T20:27:15.260264+00:00,201,6099.76,
2026-09-11T20:27:15.260264+00:00,201,6265.37,
2026-09-11T20:27:15.260264+00:00,201,6304.29,
2026-09-11T20:27:15.266629+00:00,201,6335.28,
2026-09-11T20:27:15.268634+00:00,201,6362.10,
2026-09-11T20:27:15.267634+00:00,201,6411.72,
2026-09-11T20:27:15.268634+00:00,201,6447.30,
2026-09-11T20:27:15.268634+00:00,201,6498.53,
2026-09-11T20:27:15.268634+00:00,201,6525.32,
2026-09-11T20:27:15.268634+00:00,201,6565.35,
2026-09-11T20:27:15.260264+00:00,201,6600.98,
2026-09-11T20:27:15.268634+00:00,201,6625.07,
2026-09-11T20:27:15.279099+00:00,201,6642.62,
2026-09-11T20:27:15.276920+00:00,201,6673.87,
2026-09-11T20:27:15.276920+00:00,201,6705.96,
2026-09-11T20:27:15.284291+00:00,201,6732.19,
2026-09-11T20:27:15.283287+00:00,201,6761.54,
2026-09-11T20:27:15.279099+00:00,201,6791.98,
2026-09-11T20:27:15.279099+00:00,201,6815.05,
2026-09-11T20:27:15.275921+00:00,201,6849.16,
2026-09-11T20:27:15.296360+00:00,201,6861.41,
2026-09-11T20:27:15.293582+00:00,201,6889.38,
2026-09-11T20:27:15.285605+00:00,201,6916.48,
2026-09-11T20:27:15.285605+00:00,201,6940.43,
2026-09-11T20:27:15.296360+00:00,201,6952.93,
2026-09-11T20:27:15.279099+00:00,201,6992.49,
2026-09-11T20:27:15.289344+00:00,201,7007.87,
2026-09-11T20:27:15.293582+00:00,201,7033.03,
2026-09-11T20:27:15.285605+00:00,201,7075.93,
2026-09-11T20:27:15.291959+00:00,201,7267.21,
2026-09-11T20:27:15.302322+00:00,201,7291.96,
2026-09-11T20:27:15.302322+00:00,201,7346.08,
2026-09-11T20:27:15.302322+00:00,201,7398.46,
2026-09-11T20:27:15.289344+00:00,201,7449.68,
2026-09-11T20:27:15.296360+00:00,201,7479.18,
2026-09-11T20:27:15.296360+00:00,201,7509.18,
2026-09-11T20:27:15.300973+00:00,201,7536.95,
2026-09-11T20:27:15.309350+00:00,201,7559.48,
2026-09-11T20:27:15.302322+00:00,201,7590.49,
2026-09-11T20:27:15.302322+00:00,201,7626.06,
2026-09-11T20:27:15.310745+00:00,201,7658.92,
2026-09-11T20:27:15.310745+00:00,201,7695.08,
2026-09-11T20:27:15.317728+00:00,201,7731.99,
2026-09-11T20:27:15.310745+00:00,201,7770.32,
2026-09-11T20:27:15.308343+00:00,201,7818.64,
2026-09-11T20:27:15.319519+00:00,201,7842.91,
2026-09-11T20:27:15.319519+00:00,201,7891.54,
2026-09-11T20:27:15.319519+00:00,201,7930.03,
2026-09-11T20:27:15.299965+00:00,201,7988.40,
2026-09-11T20:27:15.310745+00:00,201,8019.70,
2026-09-11T20:27:15.310745+00:00,201,8045.12,
2026-09-11T20:27:15.319519+00:00,201,8079.80,
2026-09-11T20:27:15.310745+00:00,201,8125.61,
2026-09-11T20:27:15.327199+00:00,201,8142.35,
2026-09-11T20:27:15.330910+00:00,201,8168.20,
2026-09-11T20:27:15.326525+00:00,201,8200.78,
2026-09-11T20:27:15.317728+00:00,201,8236.39,
2026-09-11T20:27:15.330910+00:00,201,8252.87,
2026-09-11T20:27:15.319519+00:00,201,8290.57,
2026-09-11T20:27:15.327199+00:00,201,8313.45,
2026-09-11T20:27:15.342700+00:00,201,8330.73,
2026-09-11T20:27:15.336927+00:00,201,8378.67,
2026-09-11T20:27:15.336927+00:00,201,8423.01,
2026-09-11T20:27:15.334795+00:00,201,8484.96,
2026-09-11T20:27:15.352400+00:00,201,8521.06,
2026-09-11T20:27:15.344029+00:00,201,8560.55,
2026-09-11T20:27:15.330910+00:00,201,8628.98,
2026-09-11T20:27:15.356232+00:00,201,8641.17,
2026-09-11T20:27:15.344029+00:00,201,8705.48,
2026-09-11T20:27:15.351008+00:00,201,8737.38,
2026-09-11T20:27:06.365239+00:00,201,17746.76,
2026-09-11T20:27:15.336927+00:00,201,8814.11,
2026-09-11T20:27:05.209448+00:00,201,18971.00,
2026-09-11T20:27:15.358347+00:00,201,8860.40,
2026-09-11T20:27:05.883952+00:00,201,18360.87,
2026-09-11T20:27:15.344029+00:00,201,8932.79,
2026-09-11T20:27:14.046214+00:00,201,10263.55,
2026-09-11T20:27:07.053400+00:00,201,17288.70,
2026-09-11T20:27:15.360879+00:00,201,9009.89,
2026-09-11T20:27:06.454722+00:00,201,17937.76,
2026-09-11T20:27:05.713853+00:00,201,18714.46,
2026-09-11T20:27:07.631705+00:00,201,16958.02,
2026-09-11T20:27:15.438274+00:00,201,9183.93,
2026-09-11T20:27:14.696047+00:00,201,9956.77,
2026-09-11T20:27:08.352408+00:00,201,16333.51,
2026-09-11T20:27:12.058582+00:00,201,12647.45,
2026-09-11T20:27:14.709621+00:00,201,10039.20,
2026-09-11T20:27:13.951410+00:00,201,10826.49,
2026-09-11T20:27:14.020673+00:00,201,10809.36,
2026-09-11T20:27:14.702055+00:00,201,10274.71,
2026-09-11T20:27:14.085611+00:00,201,10950.42,
2026-09-11T20:27:14.410658+00:00,201,10719.12,
2026-09-11T20:27:14.326002+00:00,201,10835.70,
2026-09-11T20:27:14.161573+00:00,201,11027.05,
2026-09-11T20:27:14.930258+00:00,201,10286.13,
2026-09-11T20:27:15.077944+00:00,201,10165.00,
2026-09-11T20:27:14.974235+00:00,201,10296.06,
2026-09-11T20:27:14.956226+00:00,201,10342.02,
2026-09-11T20:27:15.029162+00:00,201,10296.15,
2026-09-11T20:27:15.048047+00:00,201,10304.91,
2026-09-11T20:27:15.477972+00:00,201,9901.67,
2026-09-11T20:27:15.112902+00:00,201,10321.95,
2026-09-11T20:27:15.124689+00:00,201,10338.58,
2026-09-11T20:27:08.580690+00:00,201,16907.25,
2026-09-11T20:27:14.046214+00:00,201,11616.72,
2026-09-11T20:27:14.184822+00:00,201,11497.78,
2026-09-11T20:27:14.058338+00:00,201,11641.33,
2026-09-11T20:27:15.024894+00:00,201,10689.00,
2026-09-11T20:27:14.994760+00:00,201,10732.69,
2026-09-11T20:27:05.824439+00:00,201,19946.63,
2026-09-11T20:27:06.792651+00:00,201,19019.17,
2026-09-11T20:27:05.852430+00:00,201,19995.00,
2026-09-11T20:27:13.866743+00:00,201,12005.56,
2026-09-11T20:27:07.492410+00:00,201,18401.60,
2026-09-11T20:27:12.094059+00:00,201,13824.45,
2026-09-11T20:27:13.893827+00:00,201,12048.00,
2026-09-11T20:27:09.068318+00:00,201,16889.83,
2026-09-11T20:27:13.326298+00:00,201,12699.70,
2026-09-11T20:27:14.003117+00:00,201,12054.37,
2026-09-11T20:27:14.094892+00:00,201,11986.78,
2026-09-11T20:27:14.210469+00:00,201,11957.59,
2026-09-11T20:27:14.443456+00:00,201,11747.79,
2026-09-11T20:27:14.998222+00:00,201,11283.21,
2026-09-11T20:27:13.943659+00:00,201,12538.35,
2026-09-11T20:27:14.947475+00:00,201,11606.07,
2026-09-11T20:27:13.184256+00:00,201,13621.83,
2026-09-11T20:27:13.983146+00:00,201,12828.94,
2026-09-11T20:27:12.848328+00:00,201,13970.42,
2026-09-11T20:27:13.684481+00:00,201,13141.44,
2026-09-11T20:27:14.306230+00:00,201,12526.26,
2026-09-11T20:27:14.369474+00:00,201,12468.89,
2026-09-11T20:27:14.168231+00:00,201,12670.05,
2026-09-11T20:27:14.555157+00:00,201,12294.10,
2026-09-11T20:27:06.291889+00:00,201,20560.06,
2026-09-11T20:27:11.979210+00:00,201,14872.70,
2026-09-11T20:27:05.409330+00:00,201,21455.85,
2026-09-11T20:27:07.021626+00:00,201,19849.17,
2026-09-11T20:27:14.025944+00:00,201,12851.30,
2026-09-11T20:27:14.374929+00:00,201,12507.13,
2026-09-11T20:27:14.529131+00:00,201,12356.72,
2026-09-11T20:27:14.934694+00:00,201,11958.53,
2026-09-11T20:27:15.110317+00:00,201,11791.03,
2026-09-11T20:27:12.028342+00:00,201,14873.07,
2026-09-11T20:27:05.649368+00:00,201,21261.71,
2026-09-11T20:27:06.127102+00:00,201,20788.39,
2026-09-11T20:27:14.137254+00:00,201,12797.54,
2026-09-11T20:27:15.100025+00:00,201,11843.28,
2026-09-11T20:27:05.713853+00:00,201,21241.35,
2026-09-11T20:27:15.683681+00:00,201,11288.78,
2026-09-11T20:27:06.186628+00:00,201,20799.82,
2026-09-11T20:27:07.552874+00:00,201,19452.38,
2026-09-11T20:27:06.127102+00:00,201,20888.07,
2026-09-11T20:27:15.162381+00:00,201,11868.97,
2026-09-11T20:27:12.114092+00:00,201,14929.73,
2026-09-11T20:27:06.835947+00:00,201,20225.10,
2026-09-11T20:27:14.062350+00:00,201,13035.64,
2026-09-11T20:27:14.109357+00:00,201,13000.13,
2026-09-11T20:27:15.060225+00:00,201,12059.89,
2026-09-11T20:27:14.555157+00:00,201,12564.85,
2026-09-11T20:27:14.031157+00:00,201,13112.74,
2026-09-11T20:27:14.223286+00:00,201,12933.71,
2026-09-11T20:27:15.004928+00:00,201,12185.96,
2026-09-11T20:27:06.841753+00:00,201,20377.73,
2026-09-11T20:27:09.163755+00:00,201,18106.88,
2026-09-11T20:27:07.568685+00:00,201,19704.93,
2026-09-11T20:27:08.455984+00:00,201,18831.33,
2026-09-11T20:27:12.154266+00:00,201,15134.91,
2026-09-11T20:27:14.468498+00:00,201,12843.45,
2026-09-11T20:27:13.921250+00:00,201,13407.79,
2026-09-11T20:27:15.007927+00:00,201,12338.74,
2026-09-11T20:27:05.351519+00:00,201,22008.27,
2026-09-11T20:27:06.851786+00:00,201,20513.64,
2026-09-11T20:27:12.217260+00:00,201,15176.55,
2026-09-11T20:27:09.195317+00:00,201,18215.59,
2026-09-11T20:27:08.483238+00:00,201,18939.87,
2026-09-11T20:27:07.592357+00:00,201,19841.90,
2026-09-11T20:27:15.010071+00:00,201,12435.91,
2026-09-11T20:27:14.036802+00:00,201,13417.53,
2026-09-11T20:27:15.093684+00:00,201,12369.94,
2026-09-11T20:27:14.471282+00:00,201,12999.02,
2026-09-11T20:27:14.080968+00:00,201,13400.45,
2026-09-11T20:27:14.239301+00:00,201,13256.55,
2026-09-11T20:27:07.144161+00:00,201,20381.50,
2026-09-11T20:27:09.227622+00:00,201,18309.99,
2026-09-11T20:27:13.437324+00:00,201,14113.73,
2026-09-11T20:27:08.920313+00:00,201,18645.13,
2026-09-11T20:27:13.940017+00:00,201,13633.70,
2026-09-11T20:27:14.245697+00:00,201,13344.90,
2026-09-11T20:27:15.012071+00:00,201,12594.71,
2026-09-11T20:27:14.085293+00:00,201,13530.52,
2026-09-11T20:27:14.017675+00:00,201,13606.37,
2026-09-11T20:27:05.643624+00:00,201,21986.49,
2026-09-11T20:27:15.068324+00:00,201,12572.28,
2026-09-11T20:27:07.154893+00:00,201,20489.06,
2026-09-11T20:27:15.178013+00:00,201,12479.43,
2026-09-11T20:27:06.892545+00:00,201,20770.87,
2026-09-11T20:27:05.614986+00:00,201,22049.25,
2026-09-11T20:27:06.549928+00:00,201,21129.36,
2026-09-11T20:27:12.464186+00:00,201,15241.12,
2026-09-11T20:27:12.786225+00:00,201,14927.42,
2026-09-11T20:27:09.274310+00:00,201,18436.22,
2026-09-11T20:27:14.101128+00:00,201,13633.69,
2026-09-11T20:27:16.085245+00:00,201,11659.55,
2026-09-11T20:27:14.012516+00:00,201,13745.09,
2026-09-11T20:27:06.923436+00:00,201,20840.76,
2026-09-11T20:27:13.878248+00:00,201,13896.53,
2026-09-11T20:27:07.647423+00:00,201,20132.03,
2026-09-11T20:27:06.569897+00:00,201,21219.71,
2026-09-11T20:27:09.342523+00:00,201,18466.49,
2026-09-11T20:27:14.386383+00:00,201,13434.22,
2026-09-11T20:27:14.214809+00:00,201,13615.39,
2026-09-11T20:27:07.226261+00:00,201,20620.13,
2026-09-11T20:27:05.726023+00:00,201,22125.79,
2026-09-11T20:27:08.607066+00:00,201,19268.20,
2026-09-11T20:27:13.502865+00:00,201,14380.47,
2026-09-11T20:27:05.238130+00:00,201,22668.45,
2026-09-11T20:27:08.627893+00:00,201,19291.14,
2026-09-11T20:27:07.234438+00:00,201,20688.77,
2026-09-11T20:27:07.717049+00:00,201,20225.96,
2026-09-11T20:27:14.439578+00:00,201,13514.64,
2026-09-11T20:27:05.836745+00:00,201,22130.43,
2026-09-11T20:27:07.253529+00:00,201,20717.46,
2026-09-11T20:27:13.882254+00:00,201,14101.43,
2026-09-11T20:27:15.162381+00:00,201,12826.35,
2026-09-11T20:27:07.745018+00:00,201,20254.61,
2026-09-11T20:27:08.656709+00:00,201,19350.78,
2026-09-11T20:27:09.417571+00:00,201,18592.60,
2026-09-11T20:27:12.812323+00:00,201,15211.08,
2026-09-11T20:27:07.773359+00:00,201,20263.18,
2026-09-11T20:27:16.305773+00:00,201,11740.67,
2026-09-11T20:27:07.266084+00:00,201,20781.32,
2026-09-11T20:27:09.446287+00:00,201,18612.63,
2026-09-11T20:27:08.680839+00:00,201,19385.41,
2026-09-11T20:27:05.302020+00:00,201,22775.99,
2026-09-11T20:27:12.154266+00:00,201,15931.33,
2026-09-11T20:27:12.899685+00:00,201,15194.27,
2026-09-11T20:27:14.122299+00:00,201,14143.98,
2026-09-11T20:27:13.966474+00:00,201,14305.06,
2026-09-11T20:27:14.130974+00:00,201,14145.69,
2026-09-11T20:27:15.057174+00:00,201,13223.68,
2026-09-11T20:27:14.941730+00:00,201,13344.53,
2026-09-11T20:27:14.962361+00:00,201,13329.76,
2026-09-11T20:27:15.131195+00:00,201,13166.75,
2026-09-11T20:27:05.553312+00:00,201,22747.72,
2026-09-11T20:27:06.822592+00:00,201,21486.75,
2026-09-11T20:27:13.392666+00:00,201,14921.46,
2026-09-11T20:27:14.005478+00:00,201,14313.16,
2026-09-11T20:27:14.445020+00:00,201,13874.92,
2026-09-11T20:27:14.529131+00:00,201,13789.71,
2026-09-11T20:27:15.045069+00:00,201,13286.50,
2026-09-11T20:27:15.002929+00:00,201,13333.55,
2026-09-11T20:27:15.116730+00:00,201,13222.64,
2026-09-11T20:27:08.419223+00:00,201,19911.65,
2026-09-11T20:27:09.132860+00:00,201,19212.37,
2026-09-11T20:27:05.763345+00:00,201,22583.10,
2026-09-11T20:27:13.916615+00:00,201,14438.60,
2026-09-11T20:27:13.962475+00:00,201,14395.51,
2026-09-11T20:27:06.265433+00:00,201,22095.28,
2026-09-11T20:27:13.987372+00:00,201,14376.88,
2026-09-11T20:27:15.103031+00:00,201,13264.07,
2026-09-11T20:27:14.452515+00:00,201,13917.43,
2026-09-11T20:27:06.375927+00:00,201,21989.84,
2026-09-11T20:27:07.033915+00:00,201,21339.56,
2026-09-11T20:27:06.252417+00:00,201,22124.34,
2026-09-11T20:27:13.087225+00:00,201,15295.95,
2026-09-11T20:27:13.990355+00:00,201,14396.59,
2026-09-11T20:27:14.232176+00:00,201,14157.23,
2026-09-11T20:27:15.081878+00:00,201,13309.51,
2026-09-11T20:27:05.685714+00:00,201,22709.47,
2026-09-11T20:27:13.925943+00:00,201,14472.78,
2026-09-11T20:27:05.209448+00:00,201,23189.80,
2026-09-11T20:27:07.125491+00:00,201,21275.68,
2026-09-11T20:27:15.857421+00:00,201,12547.34,
2026-09-11T20:27:08.955861+00:00,201,19449.72,
2026-09-11T20:27:05.742767+00:00,201,22665.10,
2026-09-11T20:27:12.865859+00:00,201,15542.72,
2026-09-11T20:27:06.869425+00:00,201,21531.01,
2026-09-11T20:27:06.539090+00:00,201,21868.61,
2026-09-11T20:27:07.608177+00:00,201,20800.03,
2026-09-11T20:27:12.416882+00:00,201,15999.41,
2026-09-11T20:27:14.487768+00:00,201,13928.97,
2026-09-11T20:27:13.838651+00:00,201,14571.30,
2026-09-11T20:27:14.278973+00:00,201,14142.20,
2026-09-11T20:27:14.986378+00:00,201,13435.83,
2026-09-11T20:27:15.136472+00:00,201,13288.01,
2026-09-11T20:27:07.192554+00:00,201,21232.68,
2026-09-11T20:27:12.010738+00:00,201,16414.74,
2026-09-11T20:27:13.044706+00:00,201,15384.13,
2026-09-11T20:27:14.426420+00:00,201,14001.58,
2026-09-11T20:27:09.367658+00:00,201,19063.12,
2026-09-11T20:27:12.042854+00:00,201,16386.86,
2026-09-11T20:27:13.858333+00:00,201,14577.88,
2026-09-11T20:27:09.393077+00:00,201,19042.18,
2026-09-11T20:27:13.890281+00:00,201,14549.13,
2026-09-11T20:27:15.167727+00:00,201,13273.85,
2026-09-11T20:27:13.361181+00:00,201,15081.28,
2026-09-11T20:27:14.507477+00:00,201,13934.88,
2026-09-11T20:27:09.478150+00:00,201,18966.91,
2026-09-11T20:27:15.170712+00:00,201,13277.97,
2026-09-11T20:27:05.685714+00:00,201,22763.72,
2026-09-11T20:27:05.513938+00:00,201,22942.60,
2026-09-11T20:27:05.649368+00:00,201,22809.18,
2026-09-11T20:27:09.510872+00:00,201,18950.38,
2026-09-11T20:27:05.965535+00:00,201,22490.16,
2026-09-11T20:27:13.023439+00:00,201,15444.05,
2026-09-11T20:27:16.406292+00:00,201,12058.67,
2026-09-11T20:27:07.836362+00:00,201,20634.97,
2026-09-11T20:27:05.382474+00:00,201,23090.86,
2026-09-11T20:27:15.177014+00:00,201,13302.84,
2026-09-11T20:27:13.754636+00:00,201,14724.56,
2026-09-11T20:27:15.187088+00:00,201,13298.33,
2026-09-11T20:27:09.526909+00:00,201,18949.75,
2026-09-11T20:27:12.368196+00:00,201,16123.93,
2026-09-11T20:27:07.868696+00:00,201,20622.90,
2026-09-11T20:27:14.507477+00:00,201,13989.20,
2026-09-11T20:27:07.900659+00:00,201,20599.96,
2026-09-11T20:27:07.345705+00:00,201,21162.44,
2026-09-11T20:27:15.179518+00:00,201,13330.10,
2026-09-11T20:27:06.043571+00:00,201,22465.41,
2026-09-11T20:27:08.996079+00:00,201,19524.16,
2026-09-11T20:27:09.598041+00:00,201,18927.99,
2026-09-11T20:27:12.282974+00:00,201,16246.46,
2026-09-11T20:27:07.361804+00:00,201,21168.36,
2026-09-11T20:27:15.194491+00:00,201,13340.20,
2026-09-11T20:27:16.497135+00:00,201,12041.56,
2026-09-11T20:27:13.897739+00:00,201,14645.01,
2026-09-11T20:27:07.932654+00:00,201,20601.22,
2026-09-11T20:27:09.621246+00:00,201,18926.81,
2026-09-11T20:27:07.967709+00:00,201,20588.04,
2026-09-11T20:27:06.965434+00:00,201,21589.95,
2026-09-11T20:27:07.393976+00:00,201,21170.46,
2026-09-11T20:27:09.668803+00:00,201,18894.75,
2026-09-11T20:27:16.565365+00:00,201,12003.52,
2026-09-11T20:27:08.012555+00:00,201,20572.95,
2026-09-11T20:27:15.193651+00:00,201,13397.34,
2026-09-11T20:27:08.031160+00:00,201,20558.33,
2026-09-11T20:27:08.851011+00:00,201,19746.18,
2026-09-11T20:27:15.201017+00:00,201,13414.35,
2026-09-11T20:27:16.628968+00:00,201,11984.76,
2026-09-11T20:27:15.494199+00:00,201,13129.18,
2026-09-11T20:27:05.551699+00:00,201,23075.81,
2026-09-11T20:27:09.052575+00:00,201,19578.22,
2026-09-11T20:27:09.795477+00:00,201,18836.28,
2026-09-11T20:27:12.074573+00:00,201,16557.04,
2026-09-11T20:27:09.827604+00:00,201,18817.13,
2026-09-11T20:27:09.859078+00:00,201,18790.03,
2026-09-11T20:27:16.675881+00:00,201,11974.27,
2026-09-11T20:27:09.893561+00:00,201,18765.06,
2026-09-11T20:27:14.696047+00:00,201,13970.04,
2026-09-11T20:27:14.703533+00:00,201,13966.51,
2026-09-11T20:27:06.406890+00:00,201,22267.73,
2026-09-11T20:27:09.938197+00:00,201,18742.98,
2026-09-11T20:27:06.693431+00:00,201,21991.44,
2026-09-11T20:27:13.956417+00:00,201,14735.45,
2026-09-11T20:27:13.297583+00:00,201,15397.60,
2026-09-11T20:27:06.949772+00:00,201,21744.67,
2026-09-11T20:27:16.723774+00:00,201,11983.16,
2026-09-11T20:27:13.999986+00:00,201,14710.80,
2026-09-11T20:27:10.080236+00:00,201,18640.51,
2026-09-11T20:27:16.758362+00:00,201,11965.35,
2026-09-11T20:27:09.022486+00:00,201,19706.97,
2026-09-11T20:27:12.058582+00:00,201,16678.23,
2026-09-11T20:27:14.085611+00:00,201,14655.84,
2026-09-11T20:27:10.162365+00:00,201,18578.43,
2026-09-11T20:27:14.127968+00:00,201,14630.19,
2026-09-11T20:27:10.602878+00:00,201,18160.86,
2026-09-11T20:27:15.376027+00:00,201,13391.81,
2026-09-11T20:27:14.158243+00:00,201,14614.03,
2026-09-11T20:27:16.806034+00:00,201,11967.11,
2026-09-11T20:27:05.836745+00:00,201,22940.84,
2026-09-11T20:27:14.202467+00:00,201,14587.87,
2026-09-11T20:27:14.286217+00:00,201,14511.82,
2026-09-11T20:27:10.826987+00:00,201,17980.22,
2026-09-11T20:27:10.421803+00:00,201,18399.52,
2026-09-11T20:27:10.508880+00:00,201,18324.23,
2026-09-11T20:27:14.570804+00:00,201,14267.01,
2026-09-11T20:27:14.959325+00:00,201,13897.74,
2026-09-11T20:27:10.866810+00:00,201,17994.37,
2026-09-11T20:27:16.910440+00:00,201,11957.05,
2026-09-11T20:27:14.976801+00:00,201,13897.23,
2026-09-11T20:27:10.933139+00:00,201,17946.02,
2026-09-11T20:27:13.649924+00:00,201,15233.62,
2026-09-11T20:27:14.019674+00:00,201,14869.08,
2026-09-11T20:27:14.042787+00:00,201,14854.07,
2026-09-11T20:27:11.022133+00:00,201,17883.08,
2026-09-11T20:27:11.088866+00:00,201,17821.81,
2026-09-11T20:27:15.054002+00:00,201,13863.41,
2026-09-11T20:27:14.118861+00:00,201,14807.96,
2026-09-11T20:27:15.120092+00:00,201,13815.65,
2026-09-11T20:27:11.199846+00:00,201,17731.02,
2026-09-11T20:27:14.168231+00:00,201,14775.72,
2026-09-11T20:27:11.325586+00:00,201,17618.63,
2026-09-11T20:27:15.127694+00:00,201,13827.53,
2026-09-11T20:27:15.559303+00:00,201,13401.12,
2026-09-11T20:27:11.478331+00:00,201,17488.82,
2026-09-11T20:27:05.763345+00:00,201,23214.14,
2026-09-11T20:27:14.332269+00:00,201,14650.05,
2026-09-11T20:27:05.693687+00:00,201,23290.92,
2026-09-11T20:27:17.124707+00:00,201,11871.77,
2026-09-11T20:27:15.396263+00:00,201,13604.90,
2026-09-11T20:27:14.362688+00:00,201,14642.33,
2026-09-11T20:27:14.401137+00:00,201,14607.12,
2026-09-11T20:27:14.691723+00:00,201,14323.54,
2026-09-11T20:27:11.725413+00:00,201,17292.17,
2026-09-11T20:27:06.804436+00:00,201,22215.91,
2026-09-11T20:27:11.740724+00:00,201,17277.00,
2026-09-11T20:27:14.548040+00:00,201,14484.83,
2026-09-11T20:27:11.772605+00:00,201,17261.45,
2026-09-11T20:27:17.161583+00:00,201,11880.05,
2026-09-11T20:27:05.984790+00:00,201,23063.22,
2026-09-11T20:27:08.293311+00:00,201,20762.85,
2026-09-11T20:27:06.123107+00:00,201,22945.51,
2026-09-11T20:27:13.870745+00:00,201,15205.55,
2026-09-11T20:27:17.216797+00:00,201,11867.46,
2026-09-11T20:27:14.925042+00:00,201,14160.88,
2026-09-11T20:27:06.438178+00:00,201,22656.05,
2026-09-11T20:27:16.105331+00:00,201,13002.20,
2026-09-11T20:27:14.951023+00:00,201,14161.75,
2026-09-11T20:27:09.309067+00:00,201,19805.45,
2026-09-11T20:27:17.252932+00:00,201,11869.16,
2026-09-11T20:27:07.005489+00:00,201,22126.90,
2026-09-11T20:27:12.948725+00:00,201,16191.47,
2026-09-11T20:27:06.979681+00:00,201,22163.72,
2026-09-11T20:27:14.200004+00:00,201,14960.96,
2026-09-11T20:27:15.020512+00:00,201,14144.52,
2026-09-11T20:27:17.298237+00:00,201,11870.78,
2026-09-11T20:27:14.518490+00:00,201,14655.29,
2026-09-11T20:27:15.406671+00:00,201,13761.12,
2026-09-11T20:27:10.811326+00:00,201,18375.45,
2026-09-11T20:27:15.013709+00:00,201,14180.73,
2026-09-11T20:27:06.592356+00:00,201,22606.00,
2026-09-11T20:27:15.422357+00:00,201,13780.54,
2026-09-11T20:27:10.905968+00:00,201,18305.25,
2026-09-11T20:27:15.141739+00:00,201,14078.18,
2026-09-11T20:27:11.049218+00:00,201,18176.35,
2026-09-11T20:27:15.422357+00:00,201,13804.33,
2026-09-11T20:27:11.528644+00:00,201,17710.48,
2026-09-11T20:27:07.665416+00:00,201,21572.49,
2026-09-11T20:27:15.422357+00:00,201,13827.48,
2026-09-11T20:27:15.071418+00:00,201,14189.07,
2026-09-11T20:27:11.804143+00:00,201,17453.28,
2026-09-11T20:27:05.396393+00:00,201,23875.26,
2026-09-11T20:27:05.472361+00:00,201,23807.29,
2026-09-11T20:27:17.427000+00:00,201,11858.22,
2026-09-11T20:27:17.448453+00:00,201,11840.93,
2026-09-11T20:27:05.433494+00:00,201,23860.75,
2026-09-11T20:27:10.221635+00:00,201,19077.40,
2026-09-11T20:27:08.200309+00:00,201,21099.18,
2026-09-11T20:27:11.181860+00:00,201,18135.13,
2026-09-11T20:27:06.107709+00:00,201,23209.50,
2026-09-11T20:27:05.677963+00:00,201,23656.67,
2026-09-11T20:27:15.150068+00:00,201,14194.63,
2026-09-11T20:27:13.862346+00:00,201,15488.45,
2026-09-11T20:27:06.241890+00:00,201,23108.84,
2026-09-11T20:27:17.510452+00:00,201,11857.86,
2026-09-11T20:27:10.840354+00:00,201,18532.83,
2026-09-11T20:27:17.535431+00:00,201,11841.45,
2026-09-11T20:27:14.039813+00:00,201,15347.55,
2026-09-11T20:27:17.562285+00:00,201,11830.37,
2026-09-11T20:27:17.584496+00:00,201,11816.78,
2026-09-11T20:27:14.249698+00:00,201,15159.46,
2026-09-11T20:27:14.094892+00:00,201,15321.02,
2026-09-11T20:27:05.412858+00:00,201,24014.84,
2026-09-11T20:27:17.602074+00:00,201,11829.71,
2026-09-11T20:27:06.905965+00:00,201,22531.47,
2026-09-11T20:27:17.635370+00:00,201,11821.01,
2026-09-11T20:27:17.618554+00:00,201,11841.48,
2026-09-11T20:27:17.691800+00:00,201,11783.33,
2026-09-11T20:27:17.867620+00:00,201,11624.95,
2026-09-11T20:27:17.872617+00:00,201,11625.70,
2026-09-11T20:27:17.900469+00:00,201,11603.51,
2026-09-11T20:27:17.967253+00:00,201,11546.43,
2026-09-11T20:27:18.017267+00:00,201,11504.48,
2026-09-11T20:27:18.122461+00:00,201,11409.67,
2026-09-11T20:27:18.117230+00:00,201,11418.46,
2026-09-11T20:27:18.150669+00:00,201,11388.22,
2026-09-11T20:27:18.153352+00:00,201,11388.72,
2026-09-11T20:27:18.183852+00:00,201,11361.92,
2026-09-11T20:27:18.292386+00:00,201,11261.39,
2026-09-11T20:27:18.348984+00:00,201,11208.34,
2026-09-11T20:27:18.381487+00:00,201,11180.73,
2026-09-11T20:27:18.416862+00:00,201,11149.09,
2026-09-11T20:27:18.441861+00:00,201,11127.87,
2026-09-11T20:27:18.550176+00:00,201,11028.30,
2026-09-11T20:27:18.584505+00:00,201,10997.52,
2026-09-11T20:27:18.609518+00:00,201,10975.84,
2026-09-11T20:27:18.702831+00:00,201,10887.12,
2026-09-11T20:27:18.667833+00:00,201,10922.60,
2026-09-11T20:27:18.634492+00:00,201,10963.73,
2026-09-11T20:27:18.785403+00:00,201,10820.39,
2026-09-11T20:27:18.877171+00:00,201,10732.90,
2026-09-11T20:27:18.843840+00:00,201,10769.72,
2026-09-11T20:27:18.910165+00:00,201,10707.09,
2026-09-11T20:27:18.935163+00:00,201,10685.18,
2026-09-11T20:27:18.960283+00:00,201,10662.92,
2026-09-11T20:27:18.984748+00:00,201,10641.24,
2026-09-11T20:27:19.016864+00:00,201,10614.06,
2026-09-11T20:27:19.075218+00:00,201,10558.61,
2026-09-11T20:27:19.101841+00:00,201,10535.12,
2026-09-11T20:27:19.105355+00:00,201,10534.17,
2026-09-11T20:27:19.135298+00:00,201,10507.74,
2026-09-11T20:27:19.226978+00:00,201,10420.81,
2026-09-11T20:27:19.251795+00:00,201,10398.89,
2026-09-11T20:27:19.175227+00:00,201,10478.54,
2026-09-11T20:27:19.278521+00:00,201,10374.00,
2026-09-11T20:27:19.201876+00:00,201,10459.97,
2026-09-11T20:27:19.298580+00:00,201,10365.73,
2026-09-11T20:27:19.303416+00:00,201,10366.30,
2026-09-11T20:27:19.316615+00:00,201,10356.55,
2026-09-11T20:27:19.319760+00:00,201,10356.00,
2026-09-11T20:27:19.310783+00:00,201,10369.47,
2026-09-11T20:27:19.335654+00:00,201,10348.05,
2026-09-11T20:27:19.329103+00:00,201,10357.76,
2026-09-11T20:27:19.367223+00:00,201,10322.66,
2026-09-11T20:27:19.394530+00:00,201,10297.40,
2026-09-11T20:27:19.372295+00:00,201,10326.73,
2026-09-11T20:27:19.427540+00:00,201,10275.01,
2026-09-11T20:27:19.483237+00:00,201,10222.37,
2026-09-11T20:27:19.451232+00:00,201,10257.67,
2026-09-11T20:27:19.511642+00:00,201,10200.32,
2026-09-11T20:27:19.519418+00:00,201,10197.27,
2026-09-11T20:27:19.503466+00:00,201,10212.67,
2026-09-11T20:27:19.520850+00:00,201,10199.31,
2026-09-11T20:27:19.537490+00:00,201,10189.75,
2026-09-11T20:27:19.544990+00:00,201,10184.80,
2026-09-11T20:27:19.503466+00:00,201,10230.54,
2026-09-11T20:27:19.654439+00:00,201,10079.88,
2026-09-11T20:27:19.561697+00:00,201,10178.58,
2026-09-11T20:27:19.717601+00:00,201,10031.03,
2026-09-11T20:27:19.675254+00:00,201,10076.11,
2026-09-11T20:27:19.570288+00:00,201,10184.68,
2026-09-11T20:27:19.763364+00:00,201,9993.93,
2026-09-11T20:27:19.820104+00:00,201,9942.63,
2026-09-11T20:27:19.553613+00:00,201,10219.27,
2026-09-11T20:27:13.929454+00:00,201,15853.33,
2026-09-11T20:27:15.091678+00:00,201,14694.20,
2026-09-11T20:27:05.203681+00:00,201,24580.33,
2026-09-11T20:27:13.874741+00:00,201,15915.96,
2026-09-11T20:27:05.222172+00:00,201,24568.83,
2026-09-11T20:27:13.901512+00:00,201,15892.88,
2026-09-11T20:27:14.028457+00:00,201,15768.66,
2026-09-11T20:27:12.678054+00:00,201,17127.20,
2026-09-11T20:27:15.737324+00:00,201,14071.70,
2026-09-11T20:27:05.911825+00:00,201,23899.24,
2026-09-11T20:27:14.065345+00:00,201,15750.87,
2026-09-11T20:27:15.039850+00:00,201,14781.08,
2026-09-11T20:27:15.170712+00:00,201,14653.72,
2026-09-11T20:27:06.529376+00:00,201,23295.50,
2026-09-11T20:27:13.993618+00:00,201,15839.51,
2026-09-11T20:27:08.507068+00:00,201,21327.58,
2026-09-11T20:27:08.554050+00:00,201,21284.25,
2026-09-11T20:27:14.255742+00:00,201,15597.97,
2026-09-11T20:27:15.147088+00:00,201,14710.27,
2026-09-11T20:27:06.454722+00:00,201,23400.44,
2026-09-11T20:27:16.227010+00:00,201,13635.69,
2026-09-11T20:27:06.396158+00:00,201,23467.40,
2026-09-11T20:27:14.491840+00:00,201,15385.41,
2026-09-11T20:27:05.520594+00:00,201,24359.28,
2026-09-11T20:27:08.232142+00:00,201,21651.00,
2026-09-11T20:27:12.169896+00:00,201,17706.59,
2026-09-11T20:27:07.292397+00:00,201,22593.98,
2026-09-11T20:27:15.170712+00:00,201,14716.17,
2026-09-11T20:27:07.805003+00:00,201,22084.27,
2026-09-11T20:27:07.304949+00:00,201,22581.77,
2026-09-11T20:27:12.185735+00:00,201,17704.04,
2026-09-11T20:27:07.319786+00:00,201,22567.88,
2026-09-11T20:27:09.558283+00:00,201,20330.72,
2026-09-11T20:27:15.183327+00:00,201,14716.59,
2026-09-11T20:27:07.919210+00:00,201,21976.50,
2026-09-11T20:27:06.418431+00:00,201,23481.74,
2026-09-11T20:27:15.184332+00:00,201,14719.63,
2026-09-11T20:27:14.015517+00:00,201,15891.18,
2026-09-11T20:27:15.196496+00:00,201,14710.96,
2026-09-11T20:27:09.653139+00:00,201,20255.49,
2026-09-11T20:27:07.992827+00:00,201,21919.32,
2026-09-11T20:27:09.708856+00:00,201,20203.82,
2026-09-11T20:27:15.200008+00:00,201,14715.68,
2026-09-11T20:27:08.834663+00:00,201,21081.33,
2026-09-11T20:27:09.732766+00:00,201,20177.84,
2026-09-11T20:27:08.059868+00:00,201,21860.86,
2026-09-11T20:27:09.763947+00:00,201,20151.78,
2026-09-11T20:27:05.948004+00:00,201,23961.52,
2026-09-11T20:27:05.903047+00:00,201,24020.08,
2026-09-11T20:27:13.936017+00:00,201,15991.24,
2026-09-11T20:27:05.362525+00:00,201,24553.60,
2026-09-11T20:27:10.001572+00:00,201,19925.11,
2026-09-11T20:27:15.368687+00:00,201,14565.16,
2026-09-11T20:27:08.323017+00:00,201,21613.38,
2026-09-11T20:27:14.022675+00:00,201,15915.41,
2026-09-11T20:27:10.120553+00:00,201,19816.34,
2026-09-11T20:27:13.659272+00:00,201,16281.48,
2026-09-11T20:27:06.422544+00:00,201,23510.00,
2026-09-11T20:27:15.378024+00:00,201,14566.73,
2026-09-11T20:27:14.342600+00:00,201,15602.89,
2026-09-11T20:27:13.141402+00:00,201,16806.27,
2026-09-11T20:27:13.980148+00:00,201,15969.19,
2026-09-11T20:27:14.417363+00:00,201,15531.27,
2026-09-11T20:27:15.382028+00:00,201,14571.12,
2026-09-11T20:27:15.383028+00:00,201,14571.16,
2026-09-11T20:27:10.853938+00:00,201,19101.84,
2026-09-11T20:27:14.930258+00:00,201,15024.87,
2026-09-11T20:27:14.997199+00:00,201,14962.57,
2026-09-11T20:27:16.949467+00:00,201,13010.88,
2026-09-11T20:27:15.549918+00:00,201,14410.70,
2026-09-11T20:27:14.077955+00:00,201,15886.72,
2026-09-11T20:27:15.086977+00:00,201,14876.27,
2026-09-11T20:27:16.981004+00:00,201,12974.32,
2026-09-11T20:27:14.298347+00:00,201,15671.88,
2026-09-11T20:27:11.629555+00:00,201,18329.43,
2026-09-11T20:27:14.925042+00:00,201,15047.03,
2026-09-11T20:27:15.406671+00:00,201,14560.59,
2026-09-11T20:27:06.234073+00:00,201,23739.82,
2026-09-11T20:27:05.799069+00:00,201,24177.60,
2026-09-11T20:27:14.970196+00:00,201,15009.33,
2026-09-11T20:27:14.009512+00:00,201,15971.90,
2026-09-11T20:27:14.988793+00:00,201,14993.97,
2026-09-11T20:27:05.948004+00:00,201,24033.31,
2026-09-11T20:27:10.797111+00:00,201,19188.38,
2026-09-11T20:27:10.366179+00:00,201,19620.86,
2026-09-11T20:27:17.336363+00:00,201,12648.69,
2026-09-11T20:27:15.422357+00:00,201,14565.86,
2026-09-11T20:27:07.208462+00:00,201,22782.57,
2026-09-11T20:27:11.356975+00:00,201,18626.99,
2026-09-11T20:27:17.385458+00:00,201,12605.88,
2026-09-11T20:27:15.105036+00:00,201,14888.31,
2026-09-11T20:27:13.886282+00:00,201,16111.07,
2026-09-11T20:27:11.677139+00:00,201,18320.45,
2026-09-11T20:27:11.694021+00:00,201,18297.64,
2026-09-11T20:27:11.565880+00:00,201,18436.10,
2026-09-11T20:27:08.264313+00:00,201,21739.01,
2026-09-11T20:27:06.774426+00:00,201,23223.28,
2026-09-11T20:27:05.332653+00:00,201,24665.68,
2026-09-11T20:27:09.258602+00:00,201,20748.23,
2026-09-11T20:27:05.209448+00:00,201,24795.10,
2026-09-11T20:27:08.531892+00:00,201,21477.28,
2026-09-11T20:27:13.907593+00:00,201,16104.90,
2026-09-11T20:27:12.441286+00:00,201,17572.24,
2026-09-11T20:27:13.966474+00:00,201,16042.49,
2026-09-11T20:27:13.471516+00:00,201,16539.25,
2026-09-11T20:27:14.991674+00:00,201,15026.60,
2026-09-11T20:27:06.565944+00:00,201,23450.90,
2026-09-11T20:27:14.495972+00:00,201,15522.15,
2026-09-11T20:27:13.976139+00:00,201,16045.78,
2026-09-11T20:27:17.648554+00:00,201,12374.23,
2026-09-11T20:27:17.653389+00:00,201,12368.99,
2026-09-11T20:27:17.718395+00:00,201,12307.61,
2026-09-11T20:27:17.800593+00:00,201,12226.79,
2026-09-11T20:27:17.841881+00:00,201,12186.72,
2026-09-11T20:27:17.933863+00:00,201,12095.65,
2026-09-11T20:27:17.992242+00:00,201,12039.11,
2026-09-11T20:27:18.042293+00:00,201,11990.19,
2026-09-11T20:27:18.264566+00:00,201,11769.68,
2026-09-11T20:27:18.317325+00:00,201,11718.25,
2026-09-11T20:27:18.491805+00:00,201,11544.84,
2026-09-11T20:27:18.516878+00:00,201,11520.91,
2026-09-11T20:27:18.666823+00:00,201,11372.46,
2026-09-11T20:27:18.731257+00:00,201,11308.84,
2026-09-11T20:27:18.727167+00:00,201,11314.55,
2026-09-11T20:27:19.138086+00:00,201,10904.90,
2026-09-11T20:27:19.290011+00:00,201,10754.66,
2026-09-11T20:27:19.277674+00:00,201,10768.38,
2026-09-11T20:27:19.295425+00:00,201,10752.10,
2026-09-11T20:27:19.321698+00:00,201,10725.78,
2026-09-11T20:27:19.392846+00:00,201,10656.22,
2026-09-11T20:27:19.609446+00:00,201,10440.67,
2026-09-11T20:27:19.584678+00:00,201,10467.26,
2026-09-11T20:27:19.579801+00:00,201,10472.98,
2026-09-11T20:27:19.659592+00:00,201,10394.94,
2026-09-11T20:27:19.683587+00:00,201,10373.13,
2026-09-11T20:27:19.881146+00:00,201,10176.29,
2026-09-11T20:27:19.977283+00:00,201,10081.70,
2026-09-11T20:27:20.685058+00:00,201,9376.36,
2026-09-11T20:27:07.531177+00:00,201,22533.19,
2026-09-11T20:27:09.108038+00:00,201,20960.48,
2026-09-11T20:27:12.106155+00:00,201,17963.87,
2026-09-11T20:27:08.408500+00:00,201,21663.16,
2026-09-11T20:27:14.101128+00:00,201,15968.31,
2026-09-11T20:27:14.981651+00:00,201,15092.09,
2026-09-11T20:27:06.517896+00:00,201,23559.62,
2026-09-11T20:27:15.168712+00:00,201,14912.96,
2026-09-11T20:27:15.743870+00:00,201,14339.50,
2026-09-11T20:27:14.033284+00:00,201,16053.33,
2026-09-11T20:27:13.997280+00:00,201,16096.91,
2026-09-11T20:27:14.495972+00:00,201,15593.59,
2026-09-11T20:27:07.694701+00:00,201,22405.99,
2026-09-11T20:27:12.123644+00:00,201,17977.81,
2026-09-11T20:27:12.760238+00:00,201,17348.95,
2026-09-11T20:27:14.417363+00:00,201,15690.34,
2026-09-11T20:27:06.103519+00:00,201,24011.01,
2026-09-11T20:27:15.187088+00:00,201,14929.98,
2026-09-11T20:27:12.023482+00:00,201,18094.64,
2026-09-11T20:27:05.250827+00:00,201,24855.36,
2026-09-11T20:27:13.625990+00:00,201,16498.33,
2026-09-11T20:27:09.973638+00:00,201,20153.81,
2026-09-11T20:27:10.035121+00:00,201,20090.75,
2026-09-11T20:27:13.912307+00:00,201,16221.37,
2026-09-11T20:27:13.947662+00:00,201,16187.50,
2026-09-11T20:27:05.583155+00:00,201,24551.20,
2026-09-11T20:27:16.868918+00:00,201,13269.62,
2026-09-11T20:27:15.384032+00:00,201,14754.92,
2026-09-11T20:27:11.156532+00:00,201,18987.01,
2026-09-11T20:27:14.153008+00:00,201,15991.20,
2026-09-11T20:27:14.182007+00:00,201,15964.78,
2026-09-11T20:27:11.503004+00:00,201,18644.61,
2026-09-11T20:27:06.303744+00:00,201,23842.55,
2026-09-11T20:27:11.613435+00:00,201,18533.21,
2026-09-11T20:27:05.934308+00:00,201,24209.06,
2026-09-11T20:27:07.505848+00:00,201,22640.37,
2026-09-11T20:27:11.995037+00:00,201,18153.96,
2026-09-11T20:27:15.406671+00:00,201,14739.34,
2026-09-11T20:27:15.036200+00:00,201,15123.29,
2026-09-11T20:27:06.281440+00:00,201,23877.57,
2026-09-11T20:27:10.880977+00:00,201,19283.90,
2026-09-11T20:27:17.476996+00:00,201,12685.39,
2026-09-11T20:27:15.969477+00:00,201,14196.73,
2026-09-11T20:27:15.085999+00:00,201,15085.04,
2026-09-11T20:27:07.171407+00:00,201,22995.95,
2026-09-11T20:27:17.751763+00:00,201,12421.36,
2026-09-11T20:27:17.776793+00:00,201,12397.17,
2026-09-11T20:27:17.905402+00:00,201,12269.31,
2026-09-11T20:27:18.067278+00:00,201,12108.60,
2026-09-11T20:27:18.091880+00:00,201,12084.71,
2026-09-11T20:27:18.208963+00:00,201,11969.60,
2026-09-11T20:27:18.466822+00:00,201,11713.41,
2026-09-11T20:27:18.760500+00:00,201,11421.63,
2026-09-11T20:27:18.810516+00:00,201,11372.90,
2026-09-11T20:27:19.043796+00:00,201,11141.45,
2026-09-11T20:27:19.340454+00:00,201,10847.90,
2026-09-11T20:27:14.219217+00:00,201,15979.50,
2026-09-11T20:27:13.233736+00:00,201,16971.46,
2026-09-11T20:27:10.970511+00:00,201,19273.13,
2026-09-11T20:27:14.938946+00:00,201,15314.33,
2026-09-11T20:27:13.849446+00:00,201,16424.56,
2026-09-11T20:27:18.233906+00:00,201,12051.02,
2026-09-11T20:27:19.594366+00:00,201,10701.17,
2026-09-11T20:27:21.526410+00:00,201,8774.47,
2026-09-11T20:27:14.476143+00:00,201,15846.37,
2026-09-11T20:27:12.138706+00:00,201,18185.85,
2026-09-11T20:27:19.628522+00:00,0,10841.03,connection_error: 
2026-09-11T20:27:20.102765+00:00,0,10366.16,connection_error: 
2026-09-11T20:27:19.781827+00:00,0,10809.75,connection_error: 
2026-09-11T20:27:20.820803+00:00,201,9896.96,
2026-09-11T20:27:21.796040+00:00,201,9025.22,
2026-09-11T20:27:28.417923+00:00,201,2665.77,
2026-09-11T20:27:28.420024+00:00,201,2667.58,
2026-09-11T20:27:28.421484+00:00,201,2668.87,
2026-09-11T20:27:28.424484+00:00,201,2669.20,
2026-09-11T20:27:28.422486+00:00,201,2673.10,
2026-09-11T20:27:28.426274+00:00,201,2672.10,
2026-09-11T20:27:28.428834+00:00,201,2670.67,
2026-09-11T20:27:28.427491+00:00,201,2674.76,
2026-09-11T20:27:28.434694+00:00,201,2670.50,
2026-09-11T20:27:28.432872+00:00,201,2807.95,
2026-09-11T20:27:28.441052+00:00,201,2803.13,
2026-09-11T20:27:28.439048+00:00,201,2808.87,
2026-09-11T20:27:28.435724+00:00,201,2816.60,
2026-09-11T20:27:28.438049+00:00,201,2818.97,
2026-09-11T20:27:28.431872+00:00,201,2829.44,
2026-09-11T20:27:28.416591+00:00,201,2978.13,
2026-09-11T20:27:28.447020+00:00,201,3187.49,
2026-09-11T20:27:19.914061+00:00,201,11776.82,
2026-09-11T20:27:28.314732+00:00,201,4667.32,
2026-09-11T20:27:28.298313+00:00,201,4687.33,
2026-09-11T20:27:21.767369+00:00,201,11222.74,
2026-09-11T20:27:28.272070+00:00,201,4722.84,
2026-09-11T20:27:26.812299+00:00,201,6188.79,
2026-09-11T20:27:24.718802+00:00,201,8310.94,
2026-09-11T20:27:28.286988+00:00,201,4764.35,
2026-09-11T20:27:30.184152+00:00,201,2870.92,
2026-09-11T20:27:28.340048+00:00,201,4732.98,
2026-09-11T20:27:27.006531+00:00,201,6068.73,
2026-09-11T20:27:28.323455+00:00,201,4755.20,
2026-09-11T20:27:28.319253+00:00,201,4762.65,
2026-09-11T20:27:28.344333+00:00,201,4740.50,
2026-09-11T20:27:28.358441+00:00,201,4777.50,
2026-09-11T20:27:28.370988+00:00,201,4768.42,
2026-09-11T20:27:28.347561+00:00,201,4795.52,
2026-09-11T20:27:27.119991+00:00,201,6026.72,
2026-09-11T20:27:27.306103+00:00,201,5859.57,
2026-09-11T20:27:27.378689+00:00,201,5797.25,
2026-09-11T20:27:27.414065+00:00,201,5766.20,
2026-09-11T20:27:27.450296+00:00,201,5731.22,
2026-09-11T20:27:28.406493+00:00,201,4783.98,
2026-09-11T20:27:28.412168+00:00,201,4808.96,
2026-09-11T20:27:27.683861+00:00,201,5541.37,
2026-09-11T20:27:30.205930+00:00,201,3016.37,
2026-09-11T20:27:27.574284+00:00,201,5661.88,
2026-09-11T20:27:28.386815+00:00,201,4879.54,
2026-09-11T20:27:28.452289+00:00,201,4819.78,
2026-09-11T20:27:27.717044+00:00,201,5555.89,
2026-09-11T20:27:28.579584+00:00,201,4703.44,
2026-09-11T20:27:27.625390+00:00,201,5688.80,
2026-09-11T20:27:28.083162+00:00,201,5240.11,
2026-09-11T20:27:28.473418+00:00,201,4858.60,
2026-09-11T20:27:28.586751+00:00,201,4750.47,
2026-09-11T20:27:27.274707+00:00,201,6055.90,
2026-09-11T20:27:28.520008+00:00,201,4830.69,
2026-09-11T20:27:28.650689+00:00,201,4706.10,
2026-09-11T20:27:28.495325+00:00,201,4869.31,
2026-09-11T20:27:28.666425+00:00,201,4705.05,
2026-09-11T20:27:28.666425+00:00,201,4696.95,
2026-09-11T20:27:28.459649+00:00,201,4925.23,
2026-09-11T20:27:27.951074+00:00,201,5438.53,
2026-09-11T20:27:28.761293+00:00,201,4631.40,
2026-09-11T20:27:28.856003+00:00,201,4588.14,
2026-09-11T20:27:28.570373+00:00,201,4887.16,
2026-09-11T20:27:28.481799+00:00,201,4983.96,
2026-09-11T20:27:28.761293+00:00,201,4701.26,
2026-09-11T20:27:28.944058+00:00,201,4537.24,
2026-09-11T20:27:30.237456+00:00,201,3246.73,
2026-09-11T20:27:28.615125+00:00,201,4884.35,
2026-09-11T20:27:28.776496+00:00,201,4721.15,
2026-09-11T20:27:27.973620+00:00,201,5532.98,
2026-09-11T20:27:28.635724+00:00,201,4890.66,
2026-09-11T20:27:28.808421+00:00,201,4713.83,
2026-09-11T20:27:28.871805+00:00,201,4665.17,
2026-09-11T20:27:28.556286+00:00,201,4997.02,
2026-09-11T20:27:29.078578+00:00,201,4474.76,
2026-09-11T20:27:28.960687+00:00,201,4615.16,
2026-09-11T20:27:28.543077+00:00,201,5042.90,
2026-09-11T20:27:29.066376+00:00,201,4527.04,
2026-09-11T20:27:29.107909+00:00,201,4497.15,
2026-09-11T20:27:28.905149+00:00,201,4697.79,
2026-09-11T20:27:28.905149+00:00,201,4715.24,
2026-09-11T20:27:29.163067+00:00,201,4470.42,
2026-09-11T20:27:29.188877+00:00,201,4442.18,
2026-09-11T20:27:28.940307+00:00,201,4716.80,
2026-09-11T20:27:29.152856+00:00,201,4564.02,
2026-09-11T20:27:29.141075+00:00,201,4587.43,
2026-09-11T20:27:28.840157+00:00,201,4896.15,
2026-09-11T20:27:28.871805+00:00,201,4865.81,
2026-09-11T20:27:29.066376+00:00,201,4685.34,
2026-09-11T20:27:28.968329+00:00,201,4789.93,
2026-09-11T20:27:29.364189+00:00,201,4415.12,
2026-09-11T20:27:28.999918+00:00,201,4795.21,
2026-09-11T20:27:28.713934+00:00,201,5083.21,
2026-09-11T20:27:29.324287+00:00,201,4504.51,
2026-09-11T20:27:28.698024+00:00,201,5143.75,
2026-09-11T20:27:29.230367+00:00,201,4634.86,
2026-09-11T20:27:29.253155+00:00,201,4615.44,
2026-09-11T20:27:29.237580+00:00,201,4654.44,
2026-09-11T20:27:29.490079+00:00,201,4426.46,
2026-09-11T20:27:30.253302+00:00,201,3692.08,
2026-09-11T20:27:29.426861+00:00,201,4528.68,
2026-09-11T20:27:29.353115+00:00,201,4628.23,
2026-09-11T20:27:29.570097+00:00,201,4519.93,
2026-09-11T20:27:29.545937+00:00,201,4557.48,
2026-09-11T20:27:30.024950+00:00,201,4087.60,
2026-09-11T20:27:29.237580+00:00,201,4889.71,
2026-09-11T20:27:29.553301+00:00,201,4588.91,
2026-09-11T20:27:29.458654+00:00,201,4691.61,
2026-09-11T20:27:30.276707+00:00,201,3884.67,
2026-09-11T20:27:29.284485+00:00,201,4888.95,
2026-09-11T20:27:30.276707+00:00,201,3919.56,
2026-09-11T20:27:29.609815+00:00,201,4602.24,
2026-09-11T20:27:29.505406+00:00,201,4713.62,
2026-09-11T20:27:29.379723+00:00,201,4854.03,
2026-09-11T20:27:29.458654+00:00,201,4798.91,
2026-09-11T20:27:29.531495+00:00,201,4739.96,
2026-09-11T20:27:29.626606+00:00,201,4661.13,
2026-09-11T20:27:30.008873+00:00,201,4283.57,
2026-09-11T20:27:29.620358+00:00,201,4697.50,
2026-09-11T20:27:29.589628+00:00,201,4823.39,
2026-09-11T20:27:29.634104+00:00,201,4795.55,
2026-09-11T20:27:29.643161+00:00,201,4801.71,
2026-09-11T20:27:29.662033+00:00,201,4798.63,
2026-09-11T20:27:29.675768+00:00,201,4800.53,
2026-09-11T20:27:29.650755+00:00,201,4841.55,
2026-09-11T20:27:19.705327+00:00,201,14801.67,
2026-09-11T20:27:19.694616+00:00,201,14827.50,
2026-09-11T20:27:30.041001+00:00,201,4495.83,
2026-09-11T20:27:30.056638+00:00,201,4499.11,
2026-09-11T20:27:30.292611+00:00,201,4278.28,
2026-09-11T20:27:19.649355+00:00,201,14940.95,
2026-09-11T20:27:20.845500+00:00,201,13761.37,
2026-09-11T20:27:26.859968+00:00,201,7861.24,
2026-09-11T20:27:24.625510+00:00,201,10119.14,
2026-09-11T20:27:28.304132+00:00,201,6457.45,
2026-09-11T20:27:28.293211+00:00,201,6485.96,
2026-09-11T20:27:28.332245+00:00,201,6464.02,
2026-09-11T20:27:28.351631+00:00,201,6462.02,
2026-09-11T20:27:27.423284+00:00,201,7407.15,
2026-09-11T20:27:28.395234+00:00,201,6454.85,
2026-09-11T20:27:27.144076+00:00,201,7722.97,
2026-09-11T20:27:27.988710+00:00,201,6885.78,
2026-09-11T20:27:25.135223+00:00,201,9768.70,
2026-09-11T20:27:30.105779+00:00,201,4813.96,
2026-09-11T20:27:28.409224+00:00,201,6530.80,
2026-09-11T20:27:27.649405+00:00,201,7310.17,
2026-09-11T20:27:28.454794+00:00,201,6523.46,
2026-09-11T20:27:28.051549+00:00,201,6932.58,
2026-09-11T20:27:28.504385+00:00,201,6508.43,
2026-09-11T20:27:27.472374+00:00,201,7564.07,
2026-09-11T20:27:27.734789+00:00,201,7325.94,
2026-09-11T20:27:28.492580+00:00,201,6587.37,
2026-09-11T20:27:28.464138+00:00,201,6642.40,
2026-09-11T20:27:28.532293+00:00,201,6601.52,
2026-09-11T20:27:28.529287+00:00,201,6624.32,
2026-09-11T20:27:28.704635+00:00,201,6461.73,
2026-09-11T20:27:28.576330+00:00,201,6619.28,
2026-09-11T20:27:28.666425+00:00,201,6543.73,
2026-09-11T20:27:28.639725+00:00,201,6601.15,
2026-09-11T20:27:28.617124+00:00,201,6639.49,
2026-09-11T20:27:28.729606+00:00,201,6544.87,
2026-09-11T20:27:29.426861+00:00,201,5861.05,
2026-09-11T20:27:29.005384+00:00,201,6313.00,
2026-09-11T20:27:30.008873+00:00,201,5320.47,
2026-09-11T20:27:29.613815+00:00,201,5751.70,
2026-09-11T20:27:30.024950+00:00,201,5355.16,
2026-09-11T20:27:29.581415+00:00,201,5825.39,
2026-09-11T20:27:28.666425+00:00,201,6756.81,
2026-09-11T20:27:28.631420+00:00,201,6818.98,
2026-09-11T20:27:29.578419+00:00,201,5894.24,
2026-09-11T20:27:29.682919+00:00,201,5811.88,
2026-09-11T20:27:30.041001+00:00,201,5469.07,
2026-09-11T20:27:29.640092+00:00,201,5899.29,
2026-09-11T20:27:30.465733+00:00,201,5095.56,
2026-09-11T20:27:30.465733+00:00,201,5114.80,
2026-09-11T20:27:20.091026+00:00,201,15510.60,
2026-09-11T20:27:21.634947+00:00,201,13995.33,
2026-09-11T20:27:30.465733+00:00,201,5181.29,
2026-09-11T20:27:21.834836+00:00,201,13841.42,
2026-09-11T20:27:20.946065+00:00,201,14754.97,
2026-09-11T20:27:25.163423+00:00,201,10560.85,
2026-09-11T20:27:28.361360+00:00,201,7387.16,
2026-09-11T20:27:27.156508+00:00,201,8615.10,
2026-09-11T20:27:20.484155+00:00,201,15306.10,
2026-09-11T20:27:26.859968+00:00,201,8949.06,
2026-09-11T20:27:28.380419+00:00,201,7589.50,
2026-09-11T20:27:27.475374+00:00,201,8511.94,
2026-09-11T20:27:27.942964+00:00,201,8072.85,
2026-09-11T20:27:27.445292+00:00,201,8597.65,
2026-09-11T20:27:27.654170+00:00,201,8410.77,
2026-09-11T20:27:28.004053+00:00,201,8085.45,
2026-09-11T20:27:28.467791+00:00,201,7663.67,
2026-09-11T20:27:30.105779+00:00,201,6047.56,
2026-09-11T20:27:28.401304+00:00,201,7802.31,
2026-09-11T20:27:27.756300+00:00,201,8484.42,
2026-09-11T20:27:28.510950+00:00,201,7768.77,
2026-09-11T20:27:28.471418+00:00,201,7846.20,
2026-09-11T20:27:29.005384+00:00,201,7337.66,
2026-09-11T20:27:28.535638+00:00,201,7842.07,
2026-09-11T20:27:28.654613+00:00,201,7746.74,
2026-09-11T20:27:28.645374+00:00,201,7783.64,
2026-09-11T20:27:30.024950+00:00,201,6437.23,
2026-09-11T20:27:30.041001+00:00,201,6435.61,
2026-09-11T20:27:28.595003+00:00,201,7914.77,
2026-09-11T20:27:28.563320+00:00,201,7969.20,
2026-09-11T20:27:30.024950+00:00,201,6523.61,
2026-09-11T20:27:29.594474+00:00,201,6981.31,
2026-09-11T20:27:29.683919+00:00,201,6916.67,
2026-09-11T20:27:28.402956+00:00,201,8224.71,
2026-09-11T20:27:21.866259+00:00,201,14784.94,
2026-09-11T20:27:28.392854+00:00,201,8283.26,
2026-09-11T20:27:25.190340+00:00,201,11509.64,
2026-09-11T20:27:21.722101+00:00,201,15002.40,
2026-09-11T20:27:27.787501+00:00,201,8963.94,
2026-09-11T20:27:20.500330+00:00,201,16278.91,
2026-09-11T20:27:28.404914+00:00,201,8399.67,
2026-09-11T20:27:26.875669+00:00,201,9951.02,
2026-09-11T20:27:30.105779+00:00,201,6754.46,
2026-09-11T20:27:27.606799+00:00,201,9287.03,
2026-09-11T20:27:20.968266+00:00,201,15953.53,
2026-09-11T20:27:28.004053+00:00,201,8933.88,
2026-09-11T20:27:28.591011+00:00,201,8387.09,
2026-09-11T20:27:30.041001+00:00,201,6956.29,
2026-09-11T20:27:28.488576+00:00,201,8555.09,
2026-09-11T20:27:30.024950+00:00,201,7051.23,
2026-09-11T20:27:28.457300+00:00,201,8671.96,
2026-09-11T20:27:29.683919+00:00,201,7479.40,
2026-09-11T20:27:30.024950+00:00,201,7179.77,
2026-09-11T20:27:30.105779+00:00,201,7129.10,
2026-09-11T20:27:29.016017+00:00,201,8269.77,
2026-09-11T20:27:22.045088+00:00,201,15384.22,
2026-09-11T20:27:20.987803+00:00,201,16590.84,
2026-09-11T20:27:30.587851+00:00,201,7019.01,
2026-09-11T20:27:27.525294+00:00,201,10116.73,
2026-09-11T20:27:28.410618+00:00,201,9263.71,
2026-09-11T20:27:26.812299+00:00,201,10886.23,
2026-09-11T20:27:27.973620+00:00,201,9759.49,
2026-09-11T20:27:28.398440+00:00,201,9369.13,
2026-09-11T20:27:21.897494+00:00,201,15897.86,
2026-09-11T20:27:28.498361+00:00,201,9324.64,
2026-09-11T20:27:25.216359+00:00,201,12633.91,
2026-09-11T20:27:27.807729+00:00,201,10069.77,
2026-09-11T20:27:29.016017+00:00,201,8883.34,
2026-09-11T20:27:26.875669+00:00,201,11048.99,
2026-09-11T20:27:28.020143+00:00,201,9941.96,
2026-09-11T20:27:30.008873+00:00,201,7974.90,
2026-09-11T20:27:29.694688+00:00,201,8332.19,
2026-09-11T20:27:30.034686+00:00,201,8021.21,
2026-09-11T20:27:30.041001+00:00,201,8032.17,
2026-09-11T20:27:30.619525+00:00,201,7510.99,
2026-09-11T20:27:20.510434+00:00,201,17665.56,
2026-09-11T20:27:21.917375+00:00,201,16314.91,
2026-09-11T20:27:29.016017+00:00,201,9259.35,
2026-09-11T20:27:29.703033+00:00,201,8757.27,
2026-09-11T20:27:19.826540+00:00,201,18788.92,
2026-09-11T20:27:28.517008+00:00,201,10272.64,
2026-09-11T20:27:24.686026+00:00,201,14116.55,
2026-09-11T20:27:27.847721+00:00,201,10960.25,
2026-09-11T20:27:28.377716+00:00,201,10452.34,
2026-09-11T20:27:28.036534+00:00,201,10795.88,
2026-09-11T20:27:21.951930+00:00,201,16903.25,
2026-09-11T20:27:26.907435+00:00,201,11950.49,
2026-09-11T20:27:28.414230+00:00,201,10486.74,
2026-09-11T20:27:29.034816+00:00,201,9889.04,
2026-09-11T20:27:31.083955+00:00,201,7873.63,
2026-09-11T20:27:28.281310+00:00,201,10720.22,
2026-09-11T20:27:20.533754+00:00,201,18491.06,
2026-09-11T20:27:25.325526+00:00,201,13722.50,
2026-09-11T20:27:26.923133+00:00,201,12136.10,
2026-09-11T20:27:28.448020+00:00,201,10644.92,
2026-09-11T20:27:22.017109+00:00,201,17100.72,
2026-09-11T20:27:30.036249+00:00,201,9112.20,
2026-09-11T20:27:29.709010+00:00,201,9499.66,
2026-09-11T20:27:30.041001+00:00,201,9182.67,
2026-09-11T20:27:30.056638+00:00,201,9199.00,
2026-09-11T20:27:20.559652+00:00,201,18746.09,
2026-09-11T20:27:27.322056+00:00,201,12000.94,
2026-09-11T20:27:30.024950+00:00,201,9324.96,
2026-09-11T20:27:25.463061+00:00,201,13951.01,
2026-09-11T20:27:20.036499+00:00,201,19398.34,
2026-09-11T20:27:31.391823+00:00,201,8060.40,
2026-09-11T20:27:22.118540+00:00,201,17522.63,
2026-09-11T20:27:25.243550+00:00,201,14578.50,
2026-09-11T20:27:30.036249+00:00,201,9792.04,
2026-09-11T20:27:28.539271+00:00,201,11296.01,
2026-09-11T20:27:30.041001+00:00,201,9798.82,
2026-09-11T20:27:28.266425+00:00,201,11583.79,
2026-09-11T20:27:27.873682+00:00,201,11973.65,
2026-09-11T20:27:25.270334+00:00,201,14593.75,
2026-09-11T20:27:30.119783+00:00,201,9749.43,
2026-09-11T20:27:28.079141+00:00,201,11797.67,
2026-09-11T20:27:29.705535+00:00,201,10177.25,
2026-09-11T20:27:30.041001+00:00,201,9842.97,
2026-09-11T20:27:30.036249+00:00,201,9856.74,
2026-09-11T20:27:28.479795+00:00,201,11421.03,
2026-09-11T20:27:29.047482+00:00,201,10856.66,
2026-09-11T20:27:30.103775+00:00,201,9808.22,
2026-09-11T20:27:19.701342+00:00,201,20217.28,
2026-09-11T20:27:26.955357+00:00,201,12965.68,
2026-09-11T20:27:22.071685+00:00,201,17858.54,
2026-09-11T20:27:22.097614+00:00,201,17838.51,
2026-09-11T20:27:26.986271+00:00,201,12951.71,
2026-09-11T20:27:30.994005+00:00,201,8952.08,
2026-09-11T20:27:28.327665+00:00,201,11630.65,
2026-09-11T20:27:21.107353+00:00,201,18862.87,
2026-09-11T20:27:20.001305+00:00,201,19980.94,
2026-09-11T20:27:29.724602+00:00,201,10260.89,
2026-09-11T20:27:28.222559+00:00,201,11782.49,
2026-09-11T20:27:21.568689+00:00,201,18447.17,
2026-09-11T20:27:31.447071+00:00,201,8576.77,
2026-09-11T20:27:20.623992+00:00,201,19412.88,
2026-09-11T20:27:27.047949+00:00,201,12999.22,
2026-09-11T20:27:21.123008+00:00,201,18933.76,
2026-09-11T20:27:29.724602+00:00,201,10330.77,
2026-09-11T20:27:20.084344+00:00,201,19990.41,
2026-09-11T20:27:24.748427+00:00,201,15340.06,
2026-09-11T20:27:22.160703+00:00,201,17938.92,
2026-09-11T20:27:28.336330+00:00,201,11774.98,
2026-09-11T20:27:31.083955+00:00,201,9034.91,
2026-09-11T20:27:19.993622+00:00,201,20141.17,
2026-09-11T20:27:22.559999+00:00,201,17586.75,
2026-09-11T20:27:25.684403+00:00,201,14474.02,
2026-09-11T20:27:29.816412+00:00,201,10352.92,
2026-09-11T20:27:31.248701+00:00,201,8923.97,
2026-09-11T20:27:19.775945+00:00,201,20416.50,
2026-09-11T20:27:28.804845+00:00,201,11408.62,
2026-09-11T20:27:21.255432+00:00,201,18986.00,
2026-09-11T20:27:31.609132+00:00,201,8659.20,
2026-09-11T20:27:25.521307+00:00,201,14767.01,
2026-09-11T20:27:23.330265+00:00,201,16989.79,
2026-09-11T20:27:29.824625+00:00,201,10506.26,
2026-09-11T20:27:30.072290+00:00,201,10307.67,
2026-09-11T20:27:31.746933+00:00,201,8661.54,
2026-09-11T20:27:29.809040+00:00,201,10612.15,
2026-09-11T20:27:25.910881+00:00,201,14511.85,
2026-09-11T20:27:27.109639+00:00,201,13335.50,
2026-09-11T20:27:29.864508+00:00,201,10644.12,
2026-09-11T20:27:27.615826+00:00,201,12907.39,
2026-09-11T20:27:24.592541+00:00,201,15962.11,
2026-09-11T20:27:21.162701+00:00,201,19414.18,
2026-09-11T20:27:21.359727+00:00,201,19243.21,
2026-09-11T20:27:32.039092+00:00,201,8584.51,
2026-09-11T20:27:30.056638+00:00,201,10577.77,
2026-09-11T20:27:23.441254+00:00,201,17220.15,
2026-09-11T20:27:26.891377+00:00,201,13782.24,
2026-09-11T20:27:19.921081+00:00,201,20774.47,
2026-09-11T20:27:28.926419+00:00,201,11791.87,
2026-09-11T20:27:31.849890+00:00,201,8876.24,
2026-09-11T20:27:25.942448+00:00,201,14802.86,
2026-09-11T20:27:27.290384+00:00,201,13453.49,
2026-09-11T20:27:21.294122+00:00,201,19472.27,
2026-09-11T20:27:29.787495+00:00,201,10987.15,
2026-09-11T20:27:21.218144+00:00,201,19570.69,
2026-09-11T20:27:26.844033+00:00,201,13955.94,
2026-09-11T20:27:24.655465+00:00,201,16178.45,
2026-09-11T20:27:29.879684+00:00,201,10967.25,
2026-09-11T20:27:22.362799+00:00,201,18492.11,
2026-09-11T20:27:20.384208+00:00,201,20479.03,
2026-09-11T20:27:30.144835+00:00,201,10726.82,
2026-09-11T20:27:32.115503+00:00,201,8756.89,
2026-09-11T20:27:23.498635+00:00,201,17392.76,
2026-09-11T20:27:28.935310+00:00,201,11965.88,
2026-09-11T20:27:29.753370+00:00,201,11157.53,
2026-09-11T20:27:22.895558+00:00,201,18026.50,
2026-09-11T20:27:30.119783+00:00,201,10800.35,
2026-09-11T20:27:22.225696+00:00,201,18714.84,
2026-09-11T20:27:29.881683+00:00,201,11068.55,
2026-09-11T20:27:27.020049+00:00,201,13942.97,
2026-09-11T20:27:19.907237+00:00,201,21065.22,
2026-09-11T20:27:28.383074+00:00,201,12600.99,
2026-09-11T20:27:28.952566+00:00,201,12042.46,
2026-09-11T20:27:19.926486+00:00,201,21077.43,
2026-09-11T20:27:31.926258+00:00,201,9081.46,
2026-09-11T20:27:23.555224+00:00,201,17477.34,
2026-09-11T20:27:19.745250+00:00,201,21293.11,
2026-09-11T20:27:29.771823+00:00,201,11278.96,
2026-09-11T20:27:29.886684+00:00,201,11185.02,
2026-09-11T20:27:28.746052+00:00,201,12334.38,
2026-09-11T20:27:26.072170+00:00,201,15013.73,
2026-09-11T20:27:28.761293+00:00,201,12354.39,
2026-09-11T20:27:30.144835+00:00,201,10984.75,
2026-09-11T20:27:25.866354+00:00,201,15268.98,
2026-09-11T20:27:21.398620+00:00,201,19753.05,
2026-09-11T20:27:27.098007+00:00,201,14063.93,
2026-09-11T20:27:32.210700+00:00,201,8958.81,
2026-09-11T20:27:22.807186+00:00,201,18376.13,
2026-09-11T20:27:29.888682+00:00,201,11306.35,
2026-09-11T20:27:23.584478+00:00,201,17621.65,
2026-09-11T20:27:31.626445+00:00,201,9583.33,
2026-09-11T20:27:21.317031+00:00,201,19912.07,
2026-09-11T20:27:21.199045+00:00,201,20040.01,
2026-09-11T20:27:29.889683+00:00,201,11358.97,
2026-09-11T20:27:31.093230+00:00,201,10165.30,
2026-09-11T20:27:28.776496+00:00,201,12476.51,
2026-09-11T20:27:30.056638+00:00,201,11220.91,
2026-09-11T20:27:28.962710+00:00,201,12320.29,
2026-09-11T20:27:22.868264+00:00,201,18427.95,
2026-09-11T20:27:22.932885+00:00,201,18373.55,
2026-09-11T20:27:23.611703+00:00,201,17704.54,
2026-09-11T20:27:23.049086+00:00,201,18276.36,
2026-09-11T20:27:25.714175+00:00,201,15621.64,
2026-09-11T20:27:25.773807+00:00,201,15567.84,
2026-09-11T20:27:26.828011+00:00,201,14516.59,
2026-09-11T20:27:29.756633+00:00,201,11606.96,
2026-09-11T20:27:30.144835+00:00,201,11238.11,
2026-09-11T20:27:23.640802+00:00,201,17757.37,
2026-09-11T20:27:29.892393+00:00,201,11516.57,
2026-09-11T20:27:30.135888+00:00,201,11279.72,
2026-09-11T20:27:31.674251+00:00,201,9751.49,
2026-09-11T20:27:28.792332+00:00,201,12645.72,
2026-09-11T20:27:26.891377+00:00,201,14658.20,
2026-09-11T20:27:27.565190+00:00,201,13999.23,
2026-09-11T20:27:30.008873+00:00,201,11550.69,
2026-09-11T20:27:27.623391+00:00,201,13961.09,
2026-09-11T20:27:27.274707+00:00,201,14309.92,
2026-09-11T20:27:29.709010+00:00,201,11871.34,
2026-09-11T20:27:20.370033+00:00,201,21226.63,
2026-09-11T20:27:20.597475+00:00,201,21004.79,
2026-09-11T20:27:20.729947+00:00,201,20876.95,
2026-09-11T20:27:29.724602+00:00,201,11879.52,
2026-09-11T20:27:27.062726+00:00,201,14554.68,
2026-09-11T20:27:23.285717+00:00,201,18332.58,
2026-09-11T20:27:27.346330+00:00,201,14278.38,
2026-09-11T20:27:27.842145+00:00,201,13781.85,
2026-09-11T20:27:31.248701+00:00,201,10379.49,
2026-09-11T20:27:19.852689+00:00,201,21779.53,
2026-09-11T20:27:26.875669+00:00,201,14761.57,
2026-09-11T20:27:30.072290+00:00,201,11554.85,
2026-09-11T20:27:20.141392+00:00,201,21498.18,
2026-09-11T20:27:28.887753+00:00,201,12751.59,
2026-09-11T20:27:30.056638+00:00,201,11583.23,
2026-09-11T20:27:23.359227+00:00,201,18296.16,
2026-09-11T20:27:27.873682+00:00,201,13782.91,
2026-09-11T20:27:28.905149+00:00,201,12755.77,
2026-09-11T20:27:23.404494+00:00,201,18259.85,
2026-09-11T20:27:22.249278+00:00,201,19418.40,
2026-09-11T20:27:27.705660+00:00,201,13965.36,
2026-09-11T20:27:27.800613+00:00,201,13873.67,
2026-09-11T20:27:20.794149+00:00,201,20883.55,
2026-09-11T20:27:30.135888+00:00,201,11537.24,
2026-09-11T20:27:31.090376+00:00,201,10593.25,
2026-09-11T20:27:22.776517+00:00,201,18909.81,
2026-09-11T20:27:28.698024+00:00,201,12991.05,
2026-09-11T20:27:23.471301+00:00,201,18220.40,
2026-09-11T20:27:20.745678+00:00,201,20948.66,
2026-09-11T20:27:28.067256+00:00,201,13625.15,
2026-09-11T20:27:25.958754+00:00,201,15730.31,
2026-09-11T20:27:30.072290+00:00,201,11623.51,
2026-09-11T20:27:25.805104+00:00,201,15891.32,
2026-09-11T20:27:23.526985+00:00,201,18181.12,
2026-09-11T20:27:28.374722+00:00,201,13336.43,
2026-09-11T20:27:30.119783+00:00,201,11579.78,
2026-09-11T20:27:22.741451+00:00,201,18975.13,
2026-09-11T20:27:28.355330+00:00,201,13364.13,
2026-09-11T20:27:26.803526+00:00,201,14915.71,
2026-09-11T20:27:30.144835+00:00,201,11576.20,
2026-09-11T20:27:29.787495+00:00,201,11931.20,
2026-09-11T20:27:23.007877+00:00,201,18727.56,
2026-09-11T20:27:23.673524+00:00,201,18066.89,
2026-09-11T20:27:29.897973+00:00,201,11853.02,
2026-09-11T20:27:19.719664+00:00,201,22034.67,
2026-09-11T20:27:30.135888+00:00,201,11625.22,
2026-09-11T20:27:31.100011+00:00,201,10666.01,
2026-09-11T20:27:29.900038+00:00,201,11870.58,
2026-09-11T20:27:20.700339+00:00,201,21082.07,
2026-09-11T20:27:23.762760+00:00,201,18037.34,
2026-09-11T20:27:23.252924+00:00,201,18567.50,
2026-09-11T20:27:28.984060+00:00,201,12828.83,
2026-09-11T20:27:27.541875+00:00,201,14287.11,
2026-09-11T20:27:31.234887+00:00,201,10594.55,
2026-09-11T20:27:23.820174+00:00,201,18024.15,
2026-09-11T20:27:29.903150+00:00,201,11945.34,
2026-09-11T20:27:26.549520+00:00,201,15299.60,
2026-09-11T20:27:23.872337+00:00,201,17985.55,
2026-09-11T20:27:31.248701+00:00,201,10603.26,
2026-09-11T20:27:19.526405+00:00,201,22348.12,
2026-09-11T20:27:29.904150+00:00,201,11973.03,
2026-09-11T20:27:22.701765+00:00,201,19183.90,
2026-09-11T20:27:25.847733+00:00,201,16051.67,
2026-09-11T20:27:30.152557+00:00,201,11753.55,
2026-09-11T20:27:23.907894+00:00,201,18002.95,
2026-09-11T20:27:22.203963+00:00,201,19709.49,
2026-09-11T20:27:22.182880+00:00,201,19742.78,
2026-09-11T20:27:31.529763+00:00,201,10397.41,
2026-09-11T20:27:29.913394+00:00,201,12025.62,
2026-09-11T20:27:24.976917+00:00,201,16964.62,
2026-09-11T20:27:29.771823+00:00,201,12164.12,
2026-09-11T20:27:29.113675+00:00,201,12837.56,
2026-09-11T20:27:25.670263+00:00,201,16283.70,
2026-09-11T20:27:24.050604+00:00,201,17905.38,
2026-09-11T20:27:31.102826+00:00,201,10856.14,
2026-09-11T20:27:29.917635+00:00,201,12045.04,
2026-09-11T20:27:31.962642+00:00,201,9992.95,
2026-09-11T20:27:28.713934+00:00,201,13243.62,
2026-09-11T20:27:24.087565+00:00,201,17883.29,
2026-09-11T20:27:27.228360+00:00,201,14747.51,
2026-09-11T20:27:26.907435+00:00,201,15072.08,
2026-09-11T20:27:29.787495+00:00,201,12195.42,
2026-09-11T20:27:26.273065+00:00,201,15704.26,
2026-09-11T20:27:29.920496+00:00,201,12069.53,
2026-09-11T20:27:30.119783+00:00,201,11861.64,
2026-09-11T20:27:24.155134+00:00,201,17843.69,
2026-09-11T20:27:29.922496+00:00,201,12079.30,
2026-09-11T20:27:24.118745+00:00,201,17885.78,
2026-09-11T20:27:22.970860+00:00,201,19036.47,
2026-09-11T20:27:24.187793+00:00,201,17824.91,
2026-09-11T20:27:29.923858+00:00,201,12092.69,
2026-09-11T20:27:29.157450+00:00,201,12858.43,
2026-09-11T20:27:24.218739+00:00,201,17804.18,
2026-09-11T20:27:28.856003+00:00,201,13169.48,
2026-09-11T20:27:19.874966+00:00,201,22153.87,
2026-09-11T20:27:23.126419+00:00,201,18904.59,
2026-09-11T20:27:28.830988+00:00,201,13199.91,
2026-09-11T20:27:29.928885+00:00,201,12106.90,
2026-09-11T20:27:29.935036+00:00,201,12104.58,
2026-09-11T20:27:32.748692+00:00,201,9294.13,
2026-09-11T20:27:29.925759+00:00,201,12121.65,
2026-09-11T20:27:30.155621+00:00,201,11890.06,
2026-09-11T20:27:24.281010+00:00,201,17771.20,
2026-09-11T20:27:29.205241+00:00,201,12844.59,
2026-09-11T20:27:24.375673+00:00,201,17682.22,
2026-09-11T20:27:24.310995+00:00,201,17749.31,
2026-09-11T20:27:32.807219+00:00,201,9252.65,
2026-09-11T20:27:24.342257+00:00,201,17724.71,
2026-09-11T20:27:24.406343+00:00,201,17663.97,
2026-09-11T20:27:29.284485+00:00,201,12787.64,
2026-09-11T20:27:32.989892+00:00,201,9090.33,
2026-09-11T20:27:24.437699+00:00,201,17645.35,
2026-09-11T20:27:29.947113+00:00,201,12138.10,
2026-09-11T20:27:29.949114+00:00,201,12138.42,
2026-09-11T20:27:33.028892+00:00,201,9061.93,
2026-09-11T20:27:29.948114+00:00,201,12146.37,
2026-09-11T20:27:20.235168+00:00,201,21858.13,
2026-09-11T20:27:19.937577+00:00,201,22160.95,
2026-09-11T20:27:30.155621+00:00,201,11939.41,
2026-09-11T20:27:29.317467+00:00,201,12788.77,
2026-09-11T20:27:20.417491+00:00,201,21690.26,
2026-09-11T20:27:29.952125+00:00,201,12157.36,
2026-09-11T20:27:29.954650+00:00,201,12158.86,
2026-09-11T20:27:29.347943+00:00,201,12764.68,
2026-09-11T20:27:29.956082+00:00,201,12162.59,
2026-09-11T20:27:32.960853+00:00,201,9158.63,
2026-09-11T20:27:30.166610+00:00,201,11955.67,
2026-09-11T20:27:29.962959+00:00,201,12165.30,
2026-09-11T20:27:30.173505+00:00,201,11959.45,
2026-09-11T20:27:29.973713+00:00,201,12170.77,
2026-09-11T20:27:19.861452+00:00,201,22287.89,
2026-09-11T20:27:20.521911+00:00,201,21632.70,
2026-09-11T20:27:27.830559+00:00,201,14328.96,
2026-09-11T20:27:20.584659+00:00,201,21576.72,
2026-09-11T20:27:29.724602+00:00,201,12435.93,
2026-09-11T20:27:30.072290+00:00,201,12092.22,
2026-09-11T20:27:22.327958+00:00,201,19841.50,
2026-09-11T20:27:29.854116+00:00,201,12317.69,
2026-09-11T20:27:26.166299+00:00,201,16005.60,
2026-09-11T20:27:23.211236+00:00,201,18964.25,
2026-09-11T20:27:29.836838+00:00,201,12341.24,
2026-09-11T20:27:24.777777+00:00,201,17401.49,
2026-09-11T20:27:20.009711+00:00,201,22171.67,
2026-09-11T20:27:31.248701+00:00,201,10933.94,
2026-09-11T20:27:31.104828+00:00,201,11078.73,
2026-09-11T20:27:31.248701+00:00,201,10923.99,
2026-09-11T20:27:27.964158+00:00,201,14219.22,
2026-09-11T20:27:29.744314+00:00,201,12437.95,
2026-09-11T20:27:31.234887+00:00,201,10962.63,
2026-09-11T20:27:30.135888+00:00,201,12067.50,
2026-09-11T20:27:26.844033+00:00,201,15362.33,
2026-09-11T20:27:27.359468+00:00,201,14843.40,
2026-09-11T20:27:23.715791+00:00,201,18493.01,
2026-09-11T20:27:28.968329+00:00,201,13232.00,
2026-09-11T20:27:20.444525+00:00,201,21766.29,
2026-09-11T20:27:29.901394+00:00,201,12310.56,
2026-09-11T20:27:20.075186+00:00,201,22133.81,
2026-09-11T20:27:23.086329+00:00,201,19127.36,
2026-09-11T20:27:20.434180+00:00,201,21780.19,
2026-09-11T20:27:20.050399+00:00,201,22162.97,
2026-09-11T20:27:23.164773+00:00,201,19052.09,
2026-09-11T20:27:27.575647+00:00,201,14628.09,
2026-09-11T20:27:27.807729+00:00,201,14398.45,
2026-09-11T20:27:30.144835+00:00,201,12069.34,
2026-09-11T20:27:19.811114+00:00,201,22408.16,
2026-09-11T20:27:27.190756+00:00,201,15031.71,
2026-09-11T20:27:29.078578+00:00,201,13139.62,
2026-09-11T20:27:29.910378+00:00,201,12314.72,
2026-09-11T20:27:23.961863+00:00,201,18263.83,
2026-09-11T20:27:26.024424+00:00,201,16199.36,
2026-09-11T20:27:23.996752+00:00,201,18231.10,
2026-09-11T20:27:22.838851+00:00,201,19390.94,
2026-09-11T20:27:25.380281+00:00,201,16850.79,
2026-09-11T20:27:30.072290+00:00,201,12148.29,
2026-09-11T20:27:32.593470+00:00,201,9637.55,
2026-09-11T20:27:22.297578+00:00,201,19936.94,
2026-09-11T20:27:21.274897+00:00,201,20960.94,
2026-09-11T20:27:21.143084+00:00,201,21092.96,
2026-09-11T20:27:22.652475+00:00,201,19585.12,
2026-09-11T20:27:19.945638+00:00,201,22292.63,
2026-09-11T20:27:29.172871+00:00,201,13051.74,
2026-09-11T20:27:32.672692+00:00,201,9566.09,
2026-09-11T20:27:29.188877+00:00,201,13046.61,
2026-09-11T20:27:24.250614+00:00,201,17991.76,
2026-09-11T20:27:31.095384+00:00,201,11147.45,
2026-09-11T20:27:29.220843+00:00,201,13019.01,
2026-09-11T20:27:29.943035+00:00,201,12301.98,
2026-09-11T20:27:29.253155+00:00,201,12992.12,
2026-09-11T20:27:29.268668+00:00,201,12971.90,
2026-09-11T20:27:29.941035+00:00,201,12306.46,
2026-09-11T20:27:29.945110+00:00,201,12303.78,
2026-09-11T20:27:32.984405+00:00,201,9264.13,
2026-09-11T20:27:32.981695+00:00,201,9269.20,
2026-09-11T20:27:19.538520+00:00,201,22711.21,
2026-09-11T20:27:32.915211+00:00,201,9338.45,
2026-09-11T20:27:30.155621+00:00,201,12091.04,
2026-09-11T20:27:20.070184+00:00,201,22184.65,
2026-09-11T20:27:29.305293+00:00,201,12949.94,
2026-09-11T20:27:20.715255+00:00,201,21541.71,
2026-09-11T20:27:30.155621+00:00,201,12091.62,
2026-09-11T20:27:29.959747+00:00,201,12298.69,
2026-09-11T20:27:30.292611+00:00,201,11957.81,
2026-09-11T20:27:29.364189+00:00,201,12886.58,
2026-09-11T20:27:26.859968+00:00,201,15399.68,
2026-09-11T20:27:27.400541+00:00,201,14866.30,
2026-09-11T20:27:29.985868+00:00,201,12285.28,
2026-09-11T20:27:33.069142+00:00,201,9204.39,
2026-09-11T20:27:30.911267+00:00,201,11370.02,
2026-09-11T20:27:21.091928+00:00,201,21191.36,
2026-09-11T20:27:20.061239+00:00,201,22224.48,
2026-09-11T20:27:29.829558+00:00,201,12455.35,
2026-09-11T20:27:26.812299+00:00,201,15478.91,
2026-09-11T20:27:31.809849+00:00,201,10486.05,
2026-09-11T20:27:25.895194+00:00,201,16414.58,
2026-09-11T20:27:26.181950+00:00,201,16119.33,
2026-09-11T20:27:29.756633+00:00,201,12556.02,
2026-09-11T20:27:29.826885+00:00,201,12490.63,
2026-09-11T20:27:32.421514+00:00,201,9897.78,
2026-09-11T20:27:21.237217+00:00,201,21083.17,
2026-09-11T20:27:26.844033+00:00,201,15466.84,
2026-09-11T20:27:25.694572+00:00,201,16624.65,
2026-09-11T20:27:29.843346+00:00,201,12482.89,
2026-09-11T20:27:29.911396+00:00,201,12415.90,
2026-09-11T20:27:29.095362+00:00,201,13228.01,
2026-09-11T20:27:27.765866+00:00,201,14564.32,
2026-09-11T20:27:32.514363+00:00,201,9817.64,
2026-09-11T20:27:30.154086+00:00,201,12181.52,
2026-09-11T20:27:29.919483+00:00,201,12418.85,
2026-09-11T20:27:31.894400+00:00,201,10443.09,
2026-09-11T20:27:19.952262+00:00,201,22387.78,
2026-09-11T20:27:30.155621+00:00,201,12185.38,
2026-09-11T20:27:29.133107+00:00,201,13210.56,
2026-09-11T20:27:29.940034+00:00,201,12411.75,
2026-09-11T20:27:32.862895+00:00,201,9489.76,
2026-09-11T20:27:25.033790+00:00,201,17334.80,
2026-09-11T20:27:30.072290+00:00,201,12309.85,
2026-09-11T20:27:25.490902+00:00,201,16892.88,
2026-09-11T20:27:21.335052+00:00,201,21049.38,
2026-09-11T20:27:31.360497+00:00,201,11031.90,
2026-09-11T20:27:31.098016+00:00,201,11297.29,
2026-09-11T20:27:32.317729+00:00,201,10096.15,
2026-09-11T20:27:30.144835+00:00,201,12266.62,
2026-09-11T20:27:22.272396+00:00,201,20151.36,
2026-09-11T20:27:29.937035+00:00,201,12503.96,
2026-09-11T20:27:19.867959+00:00,201,22579.43,
2026-09-11T20:27:26.970609+00:00,201,15492.26,
2026-09-11T20:27:25.434848+00:00,201,17041.69,
2026-09-11T20:27:26.478413+00:00,201,16008.87,
2026-09-11T20:27:28.887753+00:00,201,13643.21,
2026-09-11T20:27:27.988710+00:00,0,14576.79,connection_error: 
2026-09-11T20:27:20.610582+00:00,201,21980.22,
2026-09-11T20:27:19.985204+00:00,201,22614.65,
2026-09-11T20:27:34.508080+00:00,201,8358.08,
2026-09-11T20:27:27.463741+00:00,201,18001.67,
2026-09-11T20:27:29.411156+00:00,201,16060.07,
2026-09-11T20:27:30.008873+00:00,201,15474.46,
2026-09-11T20:27:28.083162+00:00,201,17411.19,
2026-09-11T20:27:42.264366+00:00,201,3243.59,
2026-09-11T20:27:42.264366+00:00,201,3251.44,
2026-09-11T20:27:38.789125+00:00,201,6732.06,
2026-09-11T20:27:33.355929+00:00,201,12175.22,
2026-09-11T20:27:30.008873+00:00,201,15545.69,
2026-09-11T20:27:29.648089+00:00,201,15919.82,
2026-09-11T20:27:30.168704+00:00,201,15547.83,
2026-09-11T20:27:33.759259+00:00,201,11961.07,
2026-09-11T20:27:34.481713+00:00,201,11233.79,
2026-09-11T20:27:33.768929+00:00,201,11973.27,
2026-09-11T20:27:36.018775+00:00,201,9731.00,
2026-09-11T20:27:42.264366+00:00,201,3479.48,
2026-09-11T20:27:38.855748+00:00,201,6902.67,
2026-09-11T20:27:36.066360+00:00,201,9708.47,
2026-09-11T20:27:39.024899+00:00,201,6755.90,
2026-09-11T20:27:38.867915+00:00,201,6917.43,
2026-09-11T20:27:42.280295+00:00,201,3506.51,
2026-09-11T20:27:42.280295+00:00,201,3524.13,
2026-09-11T20:27:41.588974+00:00,201,4221.43,
2026-09-11T20:27:29.535794+00:00,201,16298.58,
2026-09-11T20:27:39.633770+00:00,201,6191.67,
2026-09-11T20:27:42.280295+00:00,201,3568.43,
2026-09-11T20:27:41.624873+00:00,201,4233.44,
2026-09-11T20:27:42.280295+00:00,201,3581.73,
2026-09-11T20:27:41.688199+00:00,201,4184.26,
2026-09-11T20:27:40.633270+00:00,201,5258.78,
2026-09-11T20:27:40.828040+00:00,201,5070.29,
2026-09-11T20:27:40.713357+00:00,201,5191.77,
2026-09-11T20:27:41.613358+00:00,201,4295.89,
2026-09-11T20:27:41.672523+00:00,201,4243.72,
2026-09-11T20:27:42.280295+00:00,201,3640.25,
2026-09-11T20:27:41.640754+00:00,201,4307.53,
2026-09-11T20:27:40.997414+00:00,201,4961.92,
2026-09-11T20:27:40.749700+00:00,201,5222.02,
2026-09-11T20:27:42.295948+00:00,201,3688.50,
2026-09-11T20:27:41.704228+00:00,201,4307.02,
2026-09-11T20:27:40.886469+00:00,201,5119.34,
2026-09-11T20:27:40.949655+00:00,201,5079.62,
2026-09-11T20:27:40.972013+00:00,201,5065.42,
2026-09-11T20:27:41.713416+00:00,201,4350.04,
2026-09-11T20:27:41.719919+00:00,201,4352.89,
2026-09-11T20:27:41.763347+00:00,201,4320.01,
2026-09-11T20:27:42.295948+00:00,201,3784.74,
2026-09-11T20:27:40.854843+00:00,201,5284.72,
2026-09-11T20:27:42.313806+00:00,201,3834.15,
2026-09-11T20:27:41.440009+00:00,201,4722.09,
2026-09-11T20:27:42.295948+00:00,201,3866.10,
2026-09-11T20:27:41.836311+00:00,201,4342.01,
2026-09-11T20:27:41.028632+00:00,201,5153.60,
2026-09-11T20:27:42.313806+00:00,201,3888.81,
2026-09-11T20:27:41.773236+00:00,201,4434.31,
2026-09-11T20:27:41.172315+00:00,201,5054.03,
2026-09-11T20:27:41.127116+00:00,201,5109.53,
2026-09-11T20:27:41.751775+00:00,201,4502.13,
2026-09-11T20:27:41.820601+00:00,201,4453.61,
2026-09-11T20:27:42.313806+00:00,201,3971.86,
2026-09-11T20:27:41.899431+00:00,201,4410.35,
2026-09-11T20:27:42.313806+00:00,201,4007.73,
2026-09-11T20:27:41.085322+00:00,201,5265.07,
2026-09-11T20:27:41.799772+00:00,201,4574.16,
2026-09-11T20:27:41.867785+00:00,201,4521.63,
2026-09-11T20:27:41.899431+00:00,201,4543.24,
2026-09-11T20:27:42.313806+00:00,201,4139.72,
2026-09-11T20:27:42.327794+00:00,201,4146.26,
2026-09-11T20:27:42.313806+00:00,201,4167.74,
2026-09-11T20:27:42.327794+00:00,201,4180.06,
2026-09-11T20:27:42.327794+00:00,201,4198.77,
2026-09-11T20:27:42.313806+00:00,201,4227.63,
2026-09-11T20:27:41.938539+00:00,201,4618.35,
2026-09-11T20:27:42.327794+00:00,201,4237.91,
2026-09-11T20:27:41.946838+00:00,201,4632.19,
2026-09-11T20:27:42.327794+00:00,201,4263.82,
2026-09-11T20:27:42.327794+00:00,201,4292.74,
2026-09-11T20:27:42.327794+00:00,201,4296.21,
2026-09-11T20:27:42.049825+00:00,201,4648.24,
2026-09-11T20:27:42.327794+00:00,201,4372.36,
2026-09-11T20:27:42.343663+00:00,201,4385.03,
2026-09-11T20:27:42.012763+00:00,201,4732.83,
2026-09-11T20:27:41.994739+00:00,201,4756.34,
2026-09-11T20:27:41.946838+00:00,201,4826.21,
2026-09-11T20:27:42.327794+00:00,201,4458.30,
2026-09-11T20:27:41.963466+00:00,201,4844.77,
2026-09-11T20:27:42.042426+00:00,201,4785.48,
2026-09-11T20:27:42.013769+00:00,201,4823.61,
2026-09-11T20:27:41.994739+00:00,201,4866.99,
2026-09-11T20:27:41.979537+00:00,201,4899.06,
2026-09-11T20:27:42.058172+00:00,201,4840.90,
2026-09-11T20:27:42.058172+00:00,201,4913.54,
2026-09-11T20:27:42.343663+00:00,201,4646.29,
2026-09-11T20:27:42.049825+00:00,201,4963.29,
2026-09-11T20:27:33.135409+00:00,201,13959.42,
2026-09-11T20:27:42.248319+00:00,201,4855.64,
2026-09-11T20:27:30.184152+00:00,201,16949.91,
2026-09-11T20:27:42.343663+00:00,201,4799.54,
2026-09-11T20:27:42.074257+00:00,201,5101.42,
2026-09-11T20:27:42.343663+00:00,201,4854.38,
2026-09-11T20:27:29.969714+00:00,201,17270.97,
2026-09-11T20:27:29.982100+00:00,201,17290.82,
2026-09-11T20:27:30.005844+00:00,201,17300.52,
2026-09-11T20:27:28.462106+00:00,201,18864.29,
2026-09-11T20:27:29.984714+00:00,201,17363.10,
2026-09-11T20:27:30.008873+00:00,201,17355.00,
2026-09-11T20:27:33.783629+00:00,201,13611.15,
2026-09-11T20:27:33.349864+00:00,201,14063.65,
2026-09-11T20:27:33.363835+00:00,201,14072.71,
2026-09-11T20:27:36.129657+00:00,201,11418.14,
2026-09-11T20:27:38.917903+00:00,201,8776.56,
2026-09-11T20:27:34.460798+00:00,201,13261.87,
2026-09-11T20:27:33.339247+00:00,201,14401.39,
2026-09-11T20:27:38.957276+00:00,201,8809.66,
2026-09-11T20:27:41.592974+00:00,201,6182.54,
2026-09-11T20:27:42.465069+00:00,201,5345.40,
2026-09-11T20:27:39.068083+00:00,201,8764.26,
2026-09-11T20:27:41.613358+00:00,201,6239.49,
2026-09-11T20:27:41.592974+00:00,201,6284.74,
2026-09-11T20:27:41.661216+00:00,201,6239.39,
2026-09-11T20:27:41.688199+00:00,201,6226.68,
2026-09-11T20:27:40.664826+00:00,201,7270.90,
2026-09-11T20:27:42.173477+00:00,201,5788.89,
2026-09-11T20:27:41.661216+00:00,201,6324.36,
2026-09-11T20:27:41.632600+00:00,201,6383.74,
2026-09-11T20:27:40.839176+00:00,201,7195.40,
2026-09-11T20:27:42.470685+00:00,201,5589.65,
2026-09-11T20:27:41.193681+00:00,201,6894.99,
2026-09-11T20:27:40.870553+00:00,201,7243.26,
2026-09-11T20:27:41.704228+00:00,201,6427.95,
2026-09-11T20:27:40.577413+00:00,201,7585.64,
2026-09-11T20:27:41.735778+00:00,201,6446.50,
2026-09-11T20:27:40.776283+00:00,201,7434.40,
2026-09-11T20:27:41.750027+00:00,201,6490.50,
2026-09-11T20:27:40.918285+00:00,201,7346.77,
2026-09-11T20:27:41.820601+00:00,201,6473.37,
2026-09-11T20:27:41.768355+00:00,201,6560.44,
2026-09-11T20:27:41.836311+00:00,201,6517.06,
2026-09-11T20:27:42.486800+00:00,201,5907.97,
2026-09-11T20:27:41.913449+00:00,201,6514.94,
2026-09-11T20:27:42.013769+00:00,201,6446.59,
2026-09-11T20:27:41.963466+00:00,201,6526.52,
2026-09-11T20:27:42.026593+00:00,201,6504.66,
2026-09-11T20:27:41.883729+00:00,201,6684.63,
2026-09-11T20:27:42.042426+00:00,201,6554.17,
2026-09-11T20:27:42.032747+00:00,201,6598.07,
2026-09-11T20:27:41.979537+00:00,201,6677.60,
2026-09-11T20:27:42.074257+00:00,201,6615.64,
2026-09-11T20:27:42.049825+00:00,201,6694.70,
2026-09-11T20:27:29.673060+00:00,201,19129.87,
2026-09-11T20:27:34.415757+00:00,201,14414.69,
2026-09-11T20:27:28.476261+00:00,201,20418.06,
2026-09-11T20:27:29.670061+00:00,201,19253.68,
2026-09-11T20:27:41.592974+00:00,201,7354.37,
2026-09-11T20:27:33.049985+00:00,201,15930.77,
2026-09-11T20:27:39.116933+00:00,201,9892.81,
2026-09-11T20:27:33.233921+00:00,201,15968.50,
2026-09-11T20:27:33.165109+00:00,201,16064.20,
2026-09-11T20:27:41.550302+00:00,201,7708.28,
2026-09-11T20:27:36.163231+00:00,201,13132.75,
2026-09-11T20:27:40.626090+00:00,201,8708.42,
2026-09-11T20:27:33.810031+00:00,201,15553.84,
2026-09-11T20:27:41.632600+00:00,201,7758.14,
2026-09-11T20:27:34.518439+00:00,201,14904.82,
2026-09-11T20:27:41.672523+00:00,201,7776.62,
2026-09-11T20:27:42.518720+00:00,201,6960.93,
2026-09-11T20:27:33.373659+00:00,201,16146.60,
2026-09-11T20:27:41.672523+00:00,201,7881.61,
2026-09-11T20:27:40.776283+00:00,201,8798.47,
2026-09-11T20:27:33.750075+00:00,201,15869.83,
2026-09-11T20:27:41.413164+00:00,201,8243.84,
2026-09-11T20:27:42.173477+00:00,201,7537.69,
2026-09-11T20:27:40.870553+00:00,201,8879.56,
2026-09-11T20:27:41.688199+00:00,201,8106.97,
2026-09-11T20:27:41.640754+00:00,201,8183.93,
2026-09-11T20:27:40.886469+00:00,201,8990.11,
2026-09-11T20:27:41.688199+00:00,201,8234.18,
2026-09-11T20:27:41.852009+00:00,201,8134.58,
2026-09-11T20:27:41.661216+00:00,201,8356.88,
2026-09-11T20:27:41.719919+00:00,201,8333.11,
2026-09-11T20:27:41.202331+00:00,201,8882.46,
2026-09-11T20:27:41.946838+00:00,201,8160.76,
2026-09-11T20:27:42.089970+00:00,201,8063.55,
2026-09-11T20:27:42.032747+00:00,201,8157.05,
2026-09-11T20:27:41.979537+00:00,201,8237.79,
2026-09-11T20:27:41.946838+00:00,201,8316.36,
2026-09-11T20:27:42.058172+00:00,201,8238.75,
2026-09-11T20:27:42.550533+00:00,201,7778.46,
2026-09-11T20:27:33.079134+00:00,201,17488.68,
2026-09-11T20:27:33.820522+00:00,201,16780.93,
2026-09-11T20:27:33.173112+00:00,201,17477.29,
2026-09-11T20:27:42.568932+00:00,201,8138.62,
2026-09-11T20:27:30.184152+00:00,201,20552.73,
2026-09-11T20:27:33.385508+00:00,201,17389.36,
2026-09-11T20:27:36.203368+00:00,201,14662.80,
2026-09-11T20:27:41.713416+00:00,201,9365.13,
2026-09-11T20:27:41.640754+00:00,201,9504.84,
2026-09-11T20:27:42.089970+00:00,201,9206.90,
2026-09-11T20:27:38.802818+00:00,201,12687.44,
2026-09-11T20:27:34.535756+00:00,201,16964.31,
2026-09-11T20:27:41.640754+00:00,201,9877.94,
2026-09-11T20:27:40.933976+00:00,201,10593.80,
2026-09-11T20:27:42.597839+00:00,201,8949.20,
2026-09-11T20:27:42.582702+00:00,201,9246.40,
2026-09-11T20:27:42.185261+00:00,201,9665.61,
2026-09-11T20:27:39.226264+00:00,201,12628.19,
2026-09-11T20:27:41.217948+00:00,201,10659.67,
2026-09-11T20:27:41.688199+00:00,201,10190.91,
2026-09-11T20:27:33.261059+00:00,201,18657.90,
2026-09-11T20:27:33.180481+00:00,201,18773.16,
2026-09-11T20:27:38.815580+00:00,201,13173.80,
2026-09-11T20:27:33.387042+00:00,201,18668.59,
2026-09-11T20:27:36.241307+00:00,201,15841.54,
2026-09-11T20:27:39.316043+00:00,201,12776.57,
2026-09-11T20:27:33.846560+00:00,201,18293.87,
2026-09-11T20:27:34.433954+00:00,201,17750.50,
2026-09-11T20:27:42.089970+00:00,201,10142.13,
2026-09-11T20:27:41.624873+00:00,201,10644.63,
2026-09-11T20:27:40.605540+00:00,201,11686.84,
2026-09-11T20:27:41.228496+00:00,201,11096.82,
2026-09-11T20:27:29.744314+00:00,201,22625.76,
2026-09-11T20:27:39.430744+00:00,201,12994.14,
2026-09-11T20:27:33.261059+00:00,201,19179.39,
2026-09-11T20:27:41.563119+00:00,201,10909.59,
2026-09-11T20:27:40.997414+00:00,201,11499.40,
2026-09-11T20:27:34.573623+00:00,201,17947.18,
2026-09-11T20:27:36.271918+00:00,201,16263.82,
2026-09-11T20:27:35.988862+00:00,201,16573.35,
2026-09-11T20:27:42.185845+00:00,201,10402.41,
2026-09-11T20:27:42.105872+00:00,201,10503.20,
2026-09-11T20:27:33.862678+00:00,201,18772.00,
2026-09-11T20:27:41.234832+00:00,201,11420.81,
2026-09-11T20:27:42.692155+00:00,201,9978.89,
2026-09-11T20:27:34.589752+00:00,201,18219.26,
2026-09-11T20:27:42.173477+00:00,201,10669.46,
2026-09-11T20:27:41.028632+00:00,201,11836.68,
2026-09-11T20:27:41.234832+00:00,201,11639.01,
2026-09-11T20:27:33.278093+00:00,201,19634.05,
2026-09-11T20:27:28.526267+00:00,201,24445.86,
2026-09-11T20:27:42.173477+00:00,201,10862.63,
2026-09-11T20:27:41.068799+00:00,201,11983.57,
2026-09-11T20:27:39.829340+00:00,201,13249.82,
2026-09-11T20:27:28.547590+00:00,201,24565.58,
2026-09-11T20:27:42.121522+00:00,201,11087.16,
2026-09-11T20:27:41.266185+00:00,201,11955.38,
2026-09-11T20:27:42.838373+00:00,201,10395.53,
2026-09-11T20:27:41.118094+00:00,201,12142.98,
2026-09-11T20:27:19.677881+00:00,201,33603.36,
2026-09-11T20:27:27.550543+00:00,201,25754.66,
2026-09-11T20:27:30.119783+00:00,201,23205.60,
2026-09-11T20:27:29.787495+00:00,201,23558.82,
2026-09-11T20:27:29.977903+00:00,201,23389.93,
2026-09-11T20:27:42.201240+00:00,201,11174.90,
2026-09-11T20:27:33.945528+00:00,201,19451.88,
2026-09-11T20:27:36.414888+00:00,201,16982.90,
2026-09-11T20:27:39.212642+00:00,201,14214.69,
2026-09-11T20:27:39.868353+00:00,201,13559.94,
2026-09-11T20:27:41.281832+00:00,201,12170.27,
2026-09-11T20:27:42.121522+00:00,201,11338.60,
2026-09-11T20:27:41.430371+00:00,201,12055.04,
2026-09-11T20:27:33.974664+00:00,201,19520.78,
2026-09-11T20:27:39.269250+00:00,201,14250.57,
2026-09-11T20:27:30.714062+00:00,201,22818.15,
2026-09-11T20:27:42.201240+00:00,201,11341.11,
2026-09-11T20:27:41.281832+00:00,201,12269.81,
2026-09-11T20:27:27.745346+00:00,201,25837.92,
2026-09-11T20:27:28.607641+00:00,201,24991.64,
2026-09-11T20:27:42.232265+00:00,201,11382.50,
2026-09-11T20:27:29.992393+00:00,201,23639.72,
2026-09-11T20:27:43.012225+00:00,201,10674.35,
2026-09-11T20:27:29.820943+00:00,201,23896.61,
2026-09-11T20:27:28.627421+00:00,201,25105.30,
2026-09-11T20:27:42.201240+00:00,201,11536.59,
2026-09-11T20:27:33.216208+00:00,201,20543.98,
2026-09-11T20:27:27.032506+00:00,201,26747.81,
2026-09-11T20:27:27.437189+00:00,201,26421.21,
2026-09-11T20:27:42.201240+00:00,201,11660.84,
2026-09-11T20:27:30.172482+00:00,201,23714.46,
2026-09-11T20:27:30.000791+00:00,201,23904.80,
2026-09-11T20:27:42.234023+00:00,201,11690.32,
2026-09-11T20:27:42.137221+00:00,201,11821.94,
2026-09-11T20:27:39.915200+00:00,201,14049.70,
2026-09-11T20:27:42.213593+00:00,201,11778.67,
2026-09-11T20:27:28.682342+00:00,201,25320.24,
2026-09-11T20:27:27.495464+00:00,201,26522.66,
2026-09-11T20:27:27.666073+00:00,201,26384.23,
2026-09-11T20:27:41.313060+00:00,201,12744.09,
2026-09-11T20:27:39.931158+00:00,201,14158.75,
2026-09-11T20:27:36.526142+00:00,201,17574.24,
2026-09-11T20:27:43.154091+00:00,201,10959.37,
2026-09-11T20:27:42.213593+00:00,201,11916.75,
2026-09-11T20:27:30.087981+00:00,201,24063.21,
2026-09-11T20:27:33.451184+00:00,201,20717.73,
2026-09-11T20:27:36.555078+00:00,201,17637.94,
2026-09-11T20:27:39.931158+00:00,201,14265.01,
2026-09-11T20:27:41.328823+00:00,201,12883.32,
2026-09-11T20:27:28.364244+00:00,201,25867.38,
2026-09-11T20:27:28.704635+00:00,201,25548.73,
2026-09-11T20:27:33.028892+00:00,201,21252.52,
2026-09-11T20:27:39.931158+00:00,201,14351.80,
2026-09-11T20:27:33.461543+00:00,201,20843.91,
2026-09-11T20:27:36.574223+00:00,201,17741.82,
2026-09-11T20:27:29.995188+00:00,201,24354.89,
2026-09-11T20:27:30.172482+00:00,201,24199.96,
2026-09-11T20:27:28.729606+00:00,201,25657.44,
2026-09-11T20:27:28.450642+00:00,201,25959.19,
2026-09-11T20:27:33.470159+00:00,201,20954.58,
2026-09-11T20:27:34.727127+00:00,201,19762.35,
2026-09-11T20:27:42.163841+00:00,201,12337.93,
2026-09-11T20:27:43.378368+00:00,201,11133.22,
2026-09-11T20:27:29.395468+00:00,201,25159.25,
2026-09-11T20:27:41.362856+00:00,201,13206.26,
2026-09-11T20:27:36.620251+00:00,201,17958.96,
2026-09-11T20:27:28.389603+00:00,201,26207.23,
2026-09-11T20:27:39.969739+00:00,201,14637.10,
2026-09-11T20:27:29.699686+00:00,201,25094.16,
2026-09-11T20:27:29.976882+00:00,201,24821.35,
2026-09-11T20:27:41.672523+00:00,201,13125.72,
2026-09-11T20:27:30.184152+00:00,201,24619.91,
2026-09-11T20:27:28.485577+00:00,201,26327.89,
2026-09-11T20:27:29.709010+00:00,201,25099.82,
2026-09-11T20:27:34.554729+00:00,201,20262.26,
2026-09-11T20:27:41.672523+00:00,201,13136.55,
2026-09-11T20:27:40.963523+00:00,201,13863.45,
2026-09-11T20:27:38.829896+00:00,201,15999.81,
2026-09-11T20:27:33.185989+00:00,201,21647.41,
2026-09-11T20:27:30.105779+00:00,201,24719.48,
2026-09-11T20:27:33.387042+00:00,201,21440.08,
2026-09-11T20:27:21.679595+00:00,201,33164.70,
2026-09-11T20:27:42.113721+00:00,201,12734.30,
2026-09-11T20:27:39.351817+00:00,201,15500.10,
2026-09-11T20:27:30.173505+00:00,201,24680.24,
2026-09-11T20:27:29.542659+00:00,201,25318.12,
2026-09-11T20:27:36.368363+00:00,201,18486.29,
2026-09-11T20:27:36.461492+00:00,201,18405.62,
2026-09-11T20:27:41.093771+00:00,201,13772.16,
2026-09-11T20:27:29.561715+00:00,201,25312.28,
2026-09-11T20:27:42.201240+00:00,201,12673.73,
2026-09-11T20:27:36.478478+00:00,201,18394.05,
2026-09-11T20:27:30.008873+00:00,201,24872.63,
2026-09-11T20:27:28.654613+00:00,201,26224.25,
2026-09-11T20:27:42.234023+00:00,201,12653.05,
2026-09-11T20:27:42.213593+00:00,201,12677.50,
2026-09-11T20:27:42.234023+00:00,201,12657.42,
2026-09-11T20:27:41.344658+00:00,201,13553.47,
2026-09-11T20:27:42.153293+00:00,201,12742.20,
2026-09-11T20:27:42.217128+00:00,201,12686.85,
2026-09-11T20:27:41.344658+00:00,201,13551.91,
2026-09-11T20:27:42.234023+00:00,201,12669.96,
2026-09-11T20:27:28.746052+00:00,201,26165.85,
2026-09-11T20:27:34.744444+00:00,201,20171.11,
2026-09-11T20:27:28.036534+00:00,201,26879.42,
2026-09-11T20:27:29.034816+00:00,201,25882.95,
2026-09-11T20:27:34.761122+00:00,201,20169.61,
2026-09-11T20:27:29.882683+00:00,201,25053.66,
2026-09-11T20:27:28.752269+00:00,201,26184.39,
2026-09-11T20:27:41.376579+00:00,201,13567.02,
2026-09-11T20:27:30.036249+00:00,201,24920.68,
2026-09-11T20:27:42.217128+00:00,201,12742.05,
2026-09-11T20:27:28.776496+00:00,201,26189.38,
2026-09-11T20:27:34.085959+00:00,201,20884.25,
2026-09-11T20:27:33.499484+00:00,201,21479.29,
2026-09-11T20:27:42.234023+00:00,201,12736.53,
2026-09-11T20:27:29.885684+00:00,201,25103.11,
2026-09-11T20:27:36.667476+00:00,201,18320.17,
2026-09-11T20:27:39.994821+00:00,201,15008.37,
2026-09-11T20:27:41.392335+00:00,201,13609.67,
2026-09-11T20:27:28.856003+00:00,201,26146.76,
2026-09-11T20:27:42.217128+00:00,201,12796.51,
2026-09-11T20:27:42.217128+00:00,201,12795.80,
2026-09-11T20:27:34.102722+00:00,201,20927.37,
2026-09-11T20:27:42.089970+00:00,201,12946.04,
2026-09-11T20:27:29.893066+00:00,201,25148.39,
2026-09-11T20:27:33.507916+00:00,201,21538.88,
2026-09-11T20:27:34.791103+00:00,201,20256.04,
2026-09-11T20:27:41.408324+00:00,201,13648.67,
2026-09-11T20:27:39.994821+00:00,201,15056.88,
2026-09-11T20:27:42.217128+00:00,201,12845.37,
2026-09-11T20:27:33.514750+00:00,201,21561.72,
2026-09-11T20:27:34.115443+00:00,201,20967.55,
2026-09-11T20:27:34.812705+00:00,201,20279.98,
2026-09-11T20:27:29.895353+00:00,201,25202.91,
2026-09-11T20:27:43.572609+00:00,201,11531.03,
2026-09-11T20:27:42.217128+00:00,201,12877.64,
2026-09-11T20:27:36.715107+00:00,201,18389.27,
2026-09-11T20:27:40.013455+00:00,201,15102.86,
2026-09-11T20:27:42.105872+00:00,201,13018.09,
2026-09-11T20:27:29.906273+00:00,201,25228.13,
2026-09-11T20:27:42.217128+00:00,201,12912.92,
2026-09-11T20:27:34.830647+00:00,201,20318.90,
2026-09-11T20:27:40.026739+00:00,201,15130.91,
2026-09-11T20:27:36.752208+00:00,201,18414.92,
2026-09-11T20:27:30.056638+00:00,201,25104.34,
2026-09-11T20:27:42.201240+00:00,201,12970.24,
2026-09-11T20:27:28.984060+00:00,201,26195.08,
2026-09-11T20:27:29.908300+00:00,201,25279.86,
2026-09-11T20:27:42.234023+00:00,201,12951.25,
2026-09-11T20:27:42.201240+00:00,201,13006.15,
2026-09-11T20:27:33.536671+00:00,201,21683.30,
2026-09-11T20:27:29.005384+00:00,201,26227.67,
2026-09-11T20:27:34.867790+00:00,201,20371.35,
2026-09-11T20:27:36.805056+00:00,201,18439.69,
2026-09-11T20:27:40.045813+00:00,201,15205.85,
2026-09-11T20:27:34.154230+00:00,201,21104.94,
2026-09-11T20:27:29.927046+00:00,201,25341.84,
2026-09-11T20:27:31.688248+00:00,201,23583.53,
2026-09-11T20:27:29.057441+00:00,201,26222.80,
2026-09-11T20:27:34.163464+00:00,201,21115.75,
2026-09-11T20:27:42.217128+00:00,201,13070.98,
2026-09-11T20:27:40.047353+00:00,201,15239.44,
2026-09-11T20:27:29.630642+00:00,201,25671.55,
2026-09-11T20:27:34.178673+00:00,201,21140.89,
2026-09-11T20:27:29.928885+00:00,201,25400.05,
2026-09-11T20:27:33.562941+00:00,201,21774.74,
2026-09-11T20:27:42.234023+00:00,201,13097.22,
2026-09-11T20:27:34.894188+00:00,201,20447.38,
2026-09-11T20:27:29.115249+00:00,201,26236.61,
2026-09-11T20:27:28.051549+00:00,201,27306.83,
2026-09-11T20:27:42.217128+00:00,201,13150.86,
2026-09-11T20:27:36.892914+00:00,201,18502.85,
2026-09-11T20:27:34.910840+00:00,201,20481.83,
2026-09-11T20:27:29.938035+00:00,201,25471.03,
2026-09-11T20:27:40.074930+00:00,201,15338.72,
2026-09-11T20:27:42.137221+00:00,201,13274.53,
2026-09-11T20:27:29.951339+00:00,201,25490.12,
2026-09-11T20:27:33.578350+00:00,201,21860.86,
2026-09-11T20:27:29.163067+00:00,201,26282.08,
2026-09-11T20:27:34.938973+00:00,201,20518.02,
2026-09-11T20:27:29.805533+00:00,201,25662.97,
2026-09-11T20:27:29.957644+00:00,201,25517.86,
2026-09-11T20:27:29.172871+00:00,201,26305.87,
2026-09-11T20:27:34.955233+00:00,201,20529.45,
2026-09-11T20:27:34.227226+00:00,201,21266.75,
2026-09-11T20:27:36.949729+00:00,201,18551.95,
2026-09-11T20:27:39.001202+00:00,201,16507.26,
2026-09-11T20:27:40.106262+00:00,201,15413.64,
2026-09-11T20:27:29.172871+00:00,201,26350.40,
2026-09-11T20:27:43.897320+00:00,201,11633.76,
2026-09-11T20:27:42.161323+00:00,201,13385.82,
2026-09-11T20:27:34.257277+00:00,201,21310.77,
2026-09-11T20:27:40.121935+00:00,201,15453.14,
2026-09-11T20:27:29.188877+00:00,201,26381.67,
2026-09-11T20:27:29.205241+00:00,201,26384.51,
2026-09-11T20:27:37.043840+00:00,201,18566.21,
2026-09-11T20:27:40.121935+00:00,201,15480.04,
2026-09-11T20:27:42.169939+00:00,201,13449.54,
2026-09-11T20:27:34.266694+00:00,201,21351.68,
2026-09-11T20:27:29.253155+00:00,201,26367.18,
2026-09-11T20:27:40.137828+00:00,201,15490.33,
2026-09-11T20:27:29.979902+00:00,201,25661.28,
2026-09-11T20:27:42.173477+00:00,201,13469.74,
2026-09-11T20:27:44.024023+00:00,201,11619.33,
2026-09-11T20:27:26.056165+00:00,201,29598.84,
2026-09-11T20:27:37.085087+00:00,201,18575.28,
2026-09-11T20:27:29.268668+00:00,201,26389.23,
2026-09-11T20:27:37.126740+00:00,201,18549.45,
2026-09-11T20:27:40.153537+00:00,201,15525.08,
2026-09-11T20:27:35.049580+00:00,201,20626.84,
2026-09-11T20:27:26.828011+00:00,201,28861.09,
2026-09-11T20:27:33.641777+00:00,201,22043.22,
2026-09-11T20:27:34.312431+00:00,201,21386.57,
2026-09-11T20:27:35.070116+00:00,201,20630.75,
2026-09-11T20:27:37.168408+00:00,201,18545.40,
2026-09-11T20:27:42.153293+00:00,201,13576.00,
2026-09-11T20:27:37.201706+00:00,201,18532.19,
2026-09-11T20:27:40.170881+00:00,201,15561.48,
2026-09-11T20:27:29.999187+00:00,201,25747.44,
2026-09-11T20:27:28.309372+00:00,201,27441.65,
2026-09-11T20:27:29.331647+00:00,201,26419.20,
2026-09-11T20:27:40.320310+00:00,201,15439.35,
2026-09-11T20:27:37.283635+00:00,201,18485.58,
2026-09-11T20:27:33.135409+00:00,201,22646.18,
2026-09-11T20:27:28.277166+00:00,201,27510.25,
2026-09-11T20:27:37.331394+00:00,201,18460.20,
2026-09-11T20:27:35.163563+00:00,201,20626.65,
2026-09-11T20:27:40.389530+00:00,201,15417.72,
2026-09-11T20:27:29.379723+00:00,201,26418.69,
2026-09-11T20:27:33.079134+00:00,201,22739.58,
2026-09-11T20:27:35.195621+00:00,201,20629.54,
2026-09-11T20:27:29.862509+00:00,201,25968.70,
2026-09-11T20:27:33.135409+00:00,201,22690.27,
2026-09-11T20:27:29.997186+00:00,201,25854.95,
2026-09-11T20:27:42.248319+00:00,201,13605.72,
2026-09-11T20:27:44.367726+00:00,201,11490.85,
2026-09-11T20:27:40.426437+00:00,201,15435.05,
2026-09-11T20:27:29.426861+00:00,201,26443.78,
2026-09-11T20:27:42.248319+00:00,201,13625.00,
2026-09-11T20:27:35.257676+00:00,201,20622.48,
2026-09-11T20:27:29.474396+00:00,201,26416.31,
2026-09-11T20:27:40.505248+00:00,201,15386.71,
2026-09-11T20:27:42.248319+00:00,201,13651.65,
2026-09-11T20:27:30.024950+00:00,201,25882.60,
2026-09-11T20:27:44.453868+00:00,201,11466.63,
2026-09-11T20:27:42.248319+00:00,201,13668.94,
2026-09-11T20:27:35.322657+00:00,201,20607.36,
2026-09-11T20:27:42.248319+00:00,201,13680.29,
2026-09-11T20:27:29.490079+00:00,201,26452.97,
2026-09-11T20:27:39.899276+00:00,201,16038.91,
2026-09-11T20:27:42.248319+00:00,201,13699.87,
2026-09-11T20:27:44.518426+00:00,201,11444.51,
2026-09-11T20:27:35.384968+00:00,201,20580.83,
2026-09-11T20:27:39.915200+00:00,201,16054.07,
2026-09-11T20:27:40.278580+00:00,201,15692.80,
2026-09-11T20:27:44.578820+00:00,201,11405.35,
2026-09-11T20:27:42.248319+00:00,201,13740.51,
2026-09-11T20:27:35.448457+00:00,201,20547.07,
2026-09-11T20:27:30.326530+00:00,201,25675.02,
2026-09-11T20:27:39.857419+00:00,201,16149.30,
2026-09-11T20:27:35.467463+00:00,201,20539.73,
2026-09-11T20:27:29.653759+00:00,201,26363.04,
2026-09-11T20:27:44.627911+00:00,201,11390.40,
2026-09-11T20:27:39.868353+00:00,201,16150.17,
2026-09-11T20:27:30.041001+00:00,201,25983.76,
2026-09-11T20:27:35.515566+00:00,201,20518.54,
2026-09-11T20:27:29.679919+00:00,201,26359.50,
2026-09-11T20:27:40.513434+00:00,201,15528.34,
2026-09-11T20:27:44.676321+00:00,201,11375.05,
2026-09-11T20:27:30.056638+00:00,201,25999.40,
2026-09-11T20:27:35.608075+00:00,201,20454.30,
2026-09-11T20:27:20.764756+00:00,201,35301.66,
2026-09-11T20:27:35.626005+00:00,201,20441.94,
2026-09-11T20:27:39.899276+00:00,201,16175.31,
2026-09-11T20:27:44.720601+00:00,201,11359.04,
2026-09-11T20:27:40.265841+00:00,201,15813.93,
2026-09-11T20:27:35.645500+00:00,201,20432.85,
2026-09-11T20:27:35.672960+00:00,201,20414.50,
2026-09-11T20:27:30.821903+00:00,201,25274.83,
2026-09-11T20:27:29.617375+00:00,201,26484.30,
2026-09-11T20:27:40.215588+00:00,201,15891.34,
2026-09-11T20:27:44.755031+00:00,201,11351.15,
2026-09-11T20:27:35.744529+00:00,201,20366.60,
2026-09-11T20:27:26.939371+00:00,201,29176.38,
2026-09-11T20:27:30.087981+00:00,201,26032.44,
2026-09-11T20:27:27.921365+00:00,201,28210.16,
2026-09-11T20:27:35.813550+00:00,201,20316.40,
2026-09-11T20:27:30.173505+00:00,201,25958.23,
2026-09-11T20:27:27.931412+00:00,201,28214.81,
2026-09-11T20:27:29.709010+00:00,201,26433.01,
2026-09-11T20:27:33.226097+00:00,201,22930.20,
2026-09-11T20:27:30.056638+00:00,201,26088.26,
2026-09-11T20:27:30.001846+00:00,201,26162.11,
2026-09-11T20:27:33.324866+00:00,201,22841.16,
2026-09-11T20:27:44.854324+00:00,201,11310.27,
2026-09-11T20:27:20.045040+00:00,201,36129.47,
2026-09-11T20:27:33.708150+00:00,201,22460.60,
2026-09-11T20:27:30.003845+00:00,201,26177.68,
2026-09-11T20:27:44.880785+00:00,201,11296.77,
2026-09-11T20:27:33.228105+00:00,201,22958.20,
2026-09-11T20:27:36.090330+00:00,201,20100.04,
2026-09-11T20:27:33.324866+00:00,201,22864.34,
2026-09-11T20:27:30.173505+00:00,201,26028.58,
2026-09-11T20:27:38.901730+00:00,201,17305.44,
2026-09-11T20:27:44.930395+00:00,201,11282.69,
2026-09-11T20:27:37.610054+00:00,201,18605.44,
2026-09-11T20:27:39.046114+00:00,201,17171.05,
2026-09-11T20:27:44.961772+00:00,201,11261.18,
2026-09-11T20:27:42.375546+00:00,201,13842.64,
2026-09-11T20:27:41.584779+00:00,201,14644.38,
2026-09-11T20:27:42.375546+00:00,201,13851.47,
2026-09-11T20:27:30.007874+00:00,201,26229.15,
2026-09-11T20:27:37.705941+00:00,201,18534.20,
2026-09-11T20:27:37.673887+00:00,201,18568.92,
2026-09-11T20:27:44.994738+00:00,201,11250.26,
2026-09-11T20:27:42.375546+00:00,201,13863.12,
2026-09-11T20:27:41.631017+00:00,201,14622.75,
2026-09-11T20:27:37.813201+00:00,201,18437.81,
2026-09-11T20:27:41.640754+00:00,201,14673.31,
2026-09-11T20:27:19.794478+00:00,201,36533.71,
2026-09-11T20:27:33.185989+00:00,201,23141.58,
2026-09-11T20:27:39.150271+00:00,201,17180.90,
2026-09-11T20:27:33.278093+00:00,201,23057.50,
2026-09-11T20:27:36.351708+00:00,201,19985.70,
2026-09-11T20:27:34.607126+00:00,201,21732.82,
2026-09-11T20:27:33.894201+00:00,201,22437.62,
2026-09-11T20:27:42.113721+00:00,201,14223.59,
2026-09-11T20:27:19.770422+00:00,201,36574.34,
2026-09-11T20:27:39.414660+00:00,201,16932.05,
2026-09-11T20:27:29.585737+00:00,201,26762.20,
2026-09-11T20:27:39.835677+00:00,201,16513.34,
2026-09-11T20:27:39.915200+00:00,201,16427.95,
2026-09-11T20:27:33.336205+00:00,201,23015.54,
2026-09-11T20:27:21.982548+00:00,201,34372.07,
2026-09-11T20:27:42.234023+00:00,201,14121.71,
2026-09-11T20:27:41.297910+00:00,201,15051.34,
2026-09-11T20:27:41.313060+00:00,201,15044.31,
2026-09-11T20:27:40.744221+00:00,201,15616.63,
2026-09-11T20:27:25.297577+00:00,201,31065.91,
2026-09-11T20:27:33.441248+00:00,201,22915.01,
2026-09-11T20:27:34.473671+00:00,201,21890.44,
2026-09-11T20:27:32.989892+00:00,201,23374.00,
2026-09-11T20:27:36.043188+00:00,201,20326.70,
2026-09-11T20:27:28.682342+00:00,201,27679.49,
2026-09-11T20:27:29.857428+00:00,201,26515.33,
2026-09-11T20:27:42.234023+00:00,201,14136.17,
2026-09-11T20:27:27.775241+00:00,201,28600.11,
2026-09-11T20:27:29.859391+00:00,201,26518.41,
2026-09-11T20:27:39.947306+00:00,201,16421.41,
2026-09-11T20:27:42.217128+00:00,201,14162.83,
2026-09-11T20:27:42.234023+00:00,201,14137.82,
2026-09-11T20:27:33.482895+00:00,201,22894.11,
2026-09-11T20:27:29.974717+00:00,201,26411.13,
2026-09-11T20:27:36.651749+00:00,201,19735.78,
2026-09-11T20:27:42.217128+00:00,201,14166.39,
2026-09-11T20:27:39.979672+00:00,201,16406.47,
2026-09-11T20:27:42.169939+00:00,201,14218.79,
2026-09-11T20:27:42.074257+00:00,201,14308.87,
2026-09-11T20:27:34.773102+00:00,201,21613.94,
2026-09-11T20:27:43.492603+00:00,201,12901.03,
2026-09-11T20:27:30.041001+00:00,201,26345.79,
2026-09-11T20:27:36.699245+00:00,201,19697.30,
2026-09-11T20:27:29.709010+00:00,201,26689.38,
2026-09-11T20:27:41.151857+00:00,201,15247.72,
2026-09-11T20:27:30.743256+00:00,201,25657.76,
2026-09-11T20:27:28.951063+00:00,201,27451.03,
2026-09-11T20:27:42.234023+00:00,201,14166.52,
2026-09-11T20:27:42.105872+00:00,201,14296.52,
2026-09-11T20:27:40.026739+00:00,201,16369.42,
2026-09-11T20:27:34.849420+00:00,201,21557.11,
2026-09-11T20:27:33.530543+00:00,201,22873.05,
2026-09-11T20:27:42.113721+00:00,201,14293.91,
2026-09-11T20:27:42.234023+00:00,201,14166.35,
2026-09-11T20:27:20.547563+00:00,201,35863.61,
2026-09-11T20:27:29.915195+00:00,201,26497.47,
2026-09-11T20:27:42.113721+00:00,201,14293.03,
2026-09-11T20:27:42.234023+00:00,201,14170.18,
2026-09-11T20:27:36.833242+00:00,201,19583.27,
2026-09-11T20:27:40.058787+00:00,201,16350.78,
2026-09-11T20:27:20.400808+00:00,201,36019.55,
2026-09-11T20:27:36.863972+00:00,201,19558.92,
2026-09-11T20:27:29.125194+00:00,201,27297.88,
2026-09-11T20:27:33.572007+00:00,201,22850.36,
2026-09-11T20:27:42.217128+00:00,201,14199.37,
2026-09-11T20:27:36.921725+00:00,201,19507.65,
2026-09-11T20:27:42.234023+00:00,201,14189.62,
2026-09-11T20:27:34.210150+00:00,201,22219.86,
2026-09-11T20:27:38.842074+00:00,201,17591.85,
2026-09-11T20:27:42.201240+00:00,201,14230.16,
2026-09-11T20:27:29.960958+00:00,201,26476.34,
2026-09-11T20:27:34.241197+00:00,201,22197.37,
2026-09-11T20:27:29.744314+00:00,201,26692.24,
2026-09-11T20:27:34.976090+00:00,201,21463.95,
2026-09-11T20:27:21.181482+00:00,201,35261.83,
2026-09-11T20:27:33.610667+00:00,201,22830.25,
2026-09-11T20:27:29.964951+00:00,201,26482.48,
2026-09-11T20:27:37.008222+00:00,201,19440.21,
2026-09-11T20:27:35.010674+00:00,201,21433.59,
2026-09-11T20:27:21.601407+00:00,201,34850.07,
2026-09-11T20:27:29.971715+00:00,201,26481.92,
2026-09-11T20:27:35.033725+00:00,201,21419.08,
2026-09-11T20:27:29.986869+00:00,201,26470.16,
2026-09-11T20:27:25.727349+00:00,201,30731.60,
2026-09-11T20:27:42.089970+00:00,201,14364.27,
2026-09-11T20:27:33.641777+00:00,201,22816.51,
2026-09-11T20:27:29.988868+00:00,201,26475.07,
2026-09-11T20:27:42.173477+00:00,201,14292.24,
2026-09-11T20:27:34.321832+00:00,201,22137.22,
2026-09-11T20:27:40.169263+00:00,201,16299.64,
2026-09-11T20:27:29.284485+00:00,201,27171.71,
2026-09-11T20:27:44.182869+00:00,201,12289.12,
2026-09-11T20:27:29.990877+00:00,201,26482.88,
2026-09-11T20:27:29.557080+00:00,201,26917.86,
2026-09-11T20:27:37.243519+00:00,201,19228.62,
2026-09-11T20:27:35.133517+00:00,201,21344.36,
2026-09-11T20:27:29.343345+00:00,201,27134.97,
2026-09-11T20:27:30.173505+00:00,201,26301.21,
2026-09-11T20:27:35.152419+00:00,201,21329.46,
2026-09-11T20:27:27.640957+00:00,201,28843.75,
2026-09-11T20:27:40.320870+00:00,201,16154.72,
2026-09-11T20:27:44.281213+00:00,201,12199.92,
2026-09-11T20:27:40.399734+00:00,201,16077.24,
2026-09-11T20:27:29.605655+00:00,201,26884.16,
2026-09-11T20:27:29.996192+00:00,201,26494.92,
2026-09-11T20:27:40.415559+00:00,201,16071.20,
2026-09-11T20:27:35.219630+00:00,201,21273.15,
2026-09-11T20:27:42.248319+00:00,201,14244.49,
2026-09-11T20:27:30.008873+00:00,201,26473.72,
2026-09-11T20:27:35.240877+00:00,201,21256.39,
2026-09-11T20:27:33.085122+00:00,201,23413.65,
2026-09-11T20:27:42.248319+00:00,201,14251.47,
2026-09-11T20:27:40.431535+00:00,201,16060.58,
2026-09-11T20:27:42.248319+00:00,201,14257.80,
2026-09-11T20:27:35.277107+00:00,201,21225.64,
2026-09-11T20:27:42.248319+00:00,201,14254.66,
2026-09-11T20:27:39.883638+00:00,201,16623.47,
2026-09-11T20:27:35.341651+00:00,201,21170.40,
2026-09-11T20:27:29.521760+00:00,201,26994.95,
2026-09-11T20:27:42.248319+00:00,201,14259.57,
2026-09-11T20:27:29.566025+00:00,201,26954.69,
2026-09-11T20:27:35.400596+00:00,201,21114.82,
2026-09-11T20:27:40.242275+00:00,201,16282.07,
2026-09-11T20:27:29.593358+00:00,201,26933.08,
2026-09-11T20:27:29.637094+00:00,201,26890.83,
2026-09-11T20:27:39.868353+00:00,201,16658.59,
2026-09-11T20:27:29.665353+00:00,201,26866.04,
2026-09-11T20:27:35.562365+00:00,201,20969.81,
2026-09-11T20:27:39.899276+00:00,201,16626.76,
2026-09-11T20:27:40.185265+00:00,201,16342.36,
2026-09-11T20:27:39.850083+00:00,201,16686.81,
2026-09-11T20:27:20.920255+00:00,201,35619.01,
2026-09-11T20:27:39.842680+00:00,201,16698.35,
2026-09-11T20:27:25.353490+00:00,201,31189.41,
2026-09-11T20:27:27.675716+00:00,201,28868.53,
2026-09-11T20:27:35.766614+00:00,201,20773.96,
2026-09-11T20:27:44.785109+00:00,201,11755.38,
2026-09-11T20:27:35.791591+00:00,201,20753.20,
2026-09-11T20:27:44.825340+00:00,201,11719.23,
2026-09-11T20:27:29.034816+00:00,201,27508.04,
2026-09-11T20:27:30.041001+00:00,201,26512.59,
2026-09-11T20:27:33.135409+00:00,201,23412.57,
2026-09-11T20:27:33.100899+00:00,201,23456.67,
2026-09-11T20:27:42.364159+00:00,201,14186.53,
2026-09-11T20:27:29.965494+00:00,201,26595.45,
2026-09-11T20:27:41.568666+00:00,201,14994.39,
2026-09-11T20:27:33.720896+00:00,201,22836.67,
2026-09-11T20:27:34.408127+00:00,201,22153.24,
2026-09-11T20:27:37.642665+00:00,201,18926.25,
2026-09-11T20:27:41.608757+00:00,201,14959.91,
2026-09-11T20:27:37.766440+00:00,201,18804.39,
2026-09-11T20:27:37.781643+00:00,201,18778.62,
2026-09-11T20:27:45.740509+00:00,201,10873.99,
2026-09-11T20:27:45.718474+00:00,201,10903.02,
2026-09-11T20:27:45.721368+00:00,201,10900.42,
2026-09-11T20:27:30.328099+00:00,201,26297.44,
2026-09-11T20:27:28.367165+00:00,201,28259.73,
2026-09-11T20:27:39.093994+00:00,201,17535.15,
2026-09-11T20:27:33.371079+00:00,201,23260.31,
2026-09-11T20:27:45.804843+00:00,201,10828.89,
2026-09-11T20:27:30.008873+00:00,201,26622.82,
2026-09-11T20:27:45.610801+00:00,201,11029.02,
2026-09-11T20:27:42.121522+00:00,201,14516.43,
2026-09-11T20:27:45.673973+00:00,201,10972.03,
2026-09-11T20:27:42.074257+00:00,201,14563.84,
2026-09-11T20:27:45.515705+00:00,201,11132.45,
2026-09-11T20:27:45.512126+00:00,201,11138.83,
2026-09-11T20:27:42.864720+00:00,201,13789.87,
2026-09-11T20:27:45.632977+00:00,201,11026.62,
2026-09-11T20:27:42.201240+00:00,201,14452.34,
2026-09-11T20:27:28.617124+00:00,201,28043.94,
2026-09-11T20:27:27.131408+00:00,201,29533.38,
2026-09-11T20:27:39.864662+00:00,201,16802.53,
2026-09-11T20:27:45.961080+00:00,201,10708.86,
2026-09-11T20:27:46.058645+00:00,201,10605.61,
2026-09-11T20:27:46.445068+00:00,201,10228.62,
2026-09-11T20:27:46.980539+00:00,201,9700.25,
2026-09-11T20:27:47.091201+00:00,201,9584.23,
2026-09-11T20:27:41.592974+00:00,201,15084.95,
2026-09-11T20:27:33.409194+00:00,201,23289.23,
2026-09-11T20:27:33.736634+00:00,201,22962.91,
2026-09-11T20:27:39.820863+00:00,201,16881.54,
2026-09-11T20:27:30.173505+00:00,201,26528.33,
2026-09-11T20:27:29.771823+00:00,201,26922.61,
2026-09-11T20:27:41.250546+00:00,201,15451.65,
2026-09-11T20:27:29.787495+00:00,201,26921.10,
2026-09-11T20:27:33.009350+00:00,201,23702.08,
2026-09-11T20:27:33.924979+00:00,201,22793.72,
2026-09-11T20:27:42.185845+00:00,201,14530.73,
2026-09-11T20:27:33.070647+00:00,201,23654.21,
2026-09-11T20:27:36.509389+00:00,201,20219.19,
2026-09-11T20:27:33.316218+00:00,201,23410.20,
2026-09-11T20:27:41.502836+00:00,201,15228.30,
2026-09-11T20:27:36.589412+00:00,201,20137.12,
2026-09-11T20:27:28.552883+00:00,201,28189.18,
2026-09-11T20:27:33.481147+00:00,201,23261.71,
2026-09-11T20:27:42.234023+00:00,201,14501.38,
2026-09-11T20:27:28.871805+00:00,201,27879.52,
2026-09-11T20:27:34.119083+00:00,201,22631.29,
2026-09-11T20:27:36.779046+00:00,201,19984.99,
2026-09-11T20:27:34.135457+00:00,201,22622.60,
2026-09-11T20:27:43.677514+00:00,201,13084.75,
2026-09-11T20:27:33.554101+00:00,201,23215.71,
2026-09-11T20:27:34.885555+00:00,201,21886.66,
2026-09-11T20:27:42.217128+00:00,201,14552.25,
2026-09-11T20:27:22.594612+00:00,201,34181.78,
2026-09-11T20:27:42.217128+00:00,201,14545.93,
2026-09-11T20:27:34.194311+00:00,201,22582.61,
2026-09-11T20:27:24.830766+00:00,201,31951.92,
2026-09-11T20:27:33.594124+00:00,201,23190.19,
2026-09-11T20:27:36.967026+00:00,201,19812.39,
2026-09-11T20:27:33.625703+00:00,201,23168.91,
2026-09-11T20:27:33.632664+00:00,201,23161.21,
2026-09-11T20:27:29.284485+00:00,201,27518.14,
2026-09-11T20:27:35.097694+00:00,201,21707.93,
2026-09-11T20:27:30.004845+00:00,201,26813.51,
2026-09-11T20:27:27.714044+00:00,201,29108.80,
2026-09-11T20:27:29.378217+00:00,201,27445.28,
2026-09-11T20:27:29.993468+00:00,201,26832.11,
2026-09-11T20:27:29.405224+00:00,201,27419.52,
2026-09-11T20:27:40.555715+00:00,201,16279.36,
2026-09-11T20:27:29.490079+00:00,201,27333.89,
2026-09-11T20:27:39.883638+00:00,201,16945.28,
2026-09-11T20:27:35.362302+00:00,201,21476.62,
2026-09-11T20:27:29.538794+00:00,201,27305.27,
2026-09-11T20:27:42.248319+00:00,201,14586.73,
2026-09-11T20:27:29.623357+00:00,201,27227.33,
2026-09-11T20:27:35.480680+00:00,201,21357.51,
2026-09-11T20:27:35.533519+00:00,201,21317.74,
2026-09-11T20:27:35.576141+00:00,201,21273.85,
2026-09-11T20:27:19.847691+00:00,201,37011.07,
2026-09-11T20:27:19.844606+00:00,201,37019.74,
2026-09-11T20:27:35.698609+00:00,201,21165.35,
2026-09-11T20:27:35.718482+00:00,201,21143.95,
2026-09-11T20:27:20.571960+00:00,201,36304.08,
2026-09-11T20:27:37.425911+00:00,201,19449.01,
2026-09-11T20:27:37.576955+00:00,201,19302.91,
2026-09-11T20:27:37.736512+00:00,201,19149.91,
2026-09-11T20:27:37.848430+00:00,201,19038.07,
2026-09-11T20:27:42.173477+00:00,201,14708.21,
2026-09-11T20:27:45.022043+00:00,201,11862.38,
2026-09-11T20:27:41.656657+00:00,201,15233.06,
2026-09-11T20:27:42.392328+00:00,201,14500.27,
2026-09-11T20:27:37.876501+00:00,201,19015.21,
2026-09-11T20:27:37.908455+00:00,201,18986.87,
2026-09-11T20:27:45.070144+00:00,201,11821.50,
2026-09-11T20:27:37.924125+00:00,201,18960.76,
2026-09-11T20:27:40.660822+00:00,201,16237.29,
2026-09-11T20:27:41.661216+00:00,201,15231.88,
2026-09-11T20:27:42.394046+00:00,201,14505.20,
2026-09-11T20:27:41.688199+00:00,201,15206.87,
2026-09-11T20:27:37.964585+00:00,201,18937.38,
2026-09-11T20:27:37.996116+00:00,201,18908.06,
2026-09-11T20:27:38.026563+00:00,201,18878.03,
2026-09-11T20:27:45.101780+00:00,201,11796.97,
2026-09-11T20:27:40.728286+00:00,201,16177.59,
2026-09-11T20:27:40.761580+00:00,201,16141.50,
2026-09-11T20:27:38.056476+00:00,201,18852.72,
2026-09-11T20:27:38.132198+00:00,201,18778.55,
2026-09-11T20:27:40.854843+00:00,201,16048.10,
2026-09-11T20:27:45.135967+00:00,201,11768.87,
2026-09-11T20:27:40.791446+00:00,201,16107.35,
2026-09-11T20:27:41.704228+00:00,201,15206.50,
2026-09-11T20:27:38.176521+00:00,201,18739.22,
2026-09-11T20:27:30.173505+00:00,201,26741.08,
2026-09-11T20:27:45.179475+00:00,201,11737.86,
2026-09-11T20:27:40.902158+00:00,201,16006.69,
2026-09-11T20:27:38.459859+00:00,201,18460.12,
2026-09-11T20:27:40.918285+00:00,201,15989.04,
2026-09-11T20:27:38.614531+00:00,201,18306.77,
2026-09-11T20:27:41.013056+00:00,201,15905.89,
2026-09-11T20:27:38.239366+00:00,201,18685.69,
2026-09-11T20:27:38.086816+00:00,201,18839.36,
2026-09-11T20:27:38.289266+00:00,201,18637.96,
2026-09-11T20:27:40.981929+00:00,201,15943.84,
2026-09-11T20:27:30.173505+00:00,201,26745.97,
2026-09-11T20:27:41.048759+00:00,201,15878.31,
2026-09-11T20:27:45.228476+00:00,201,11702.91,
2026-09-11T20:27:41.713416+00:00,201,15219.14,
2026-09-11T20:27:41.135347+00:00,201,15792.11,
2026-09-11T20:27:41.177839+00:00,201,15750.99,
2026-09-11T20:27:41.735778+00:00,201,15200.02,
2026-09-11T20:27:45.254466+00:00,201,11682.79,
2026-09-11T20:27:41.719919+00:00,201,15209.13,
2026-09-11T20:27:41.751775+00:00,201,15177.26,
2026-09-11T20:27:45.276116+00:00,201,11660.04,
2026-09-11T20:27:42.414146+00:00,201,14526.32,
2026-09-11T20:27:42.414146+00:00,201,14525.66,
2026-09-11T20:27:41.836311+00:00,201,15104.09,
2026-09-11T20:27:45.303409+00:00,201,11641.09,
2026-09-11T20:27:41.820601+00:00,201,15116.06,
2026-09-11T20:27:41.852009+00:00,201,15087.00,
2026-09-11T20:27:41.867785+00:00,201,15069.74,
2026-09-11T20:27:41.867785+00:00,201,15074.09,
2026-09-11T20:27:42.422681+00:00,201,14525.14,
2026-09-11T20:27:41.915196+00:00,201,15024.61,
2026-09-11T20:27:41.899431+00:00,201,15041.10,
2026-09-11T20:27:45.324140+00:00,201,11616.14,
2026-09-11T20:27:41.946838+00:00,201,15002.83,
2026-09-11T20:27:45.379986+00:00,201,11574.59,
2026-09-11T20:27:41.938539+00:00,201,15014.15,
2026-09-11T20:27:45.356099+00:00,201,11600.48,
2026-09-11T20:27:41.931072+00:00,201,15025.32,
2026-09-11T20:27:41.946838+00:00,201,15003.28,
2026-09-11T20:27:41.963466+00:00,201,14995.29,
2026-09-11T20:27:41.994739+00:00,201,14962.42,
2026-09-11T20:27:45.399169+00:00,201,11560.11,
2026-09-11T20:27:41.973314+00:00,201,14987.32,
2026-09-11T20:27:45.457083+00:00,201,11499.41,
2026-09-11T20:27:41.979537+00:00,201,14982.36,
2026-09-11T20:27:45.474727+00:00,201,11490.71,
2026-09-11T20:27:41.994739+00:00,201,14966.80,
2026-09-11T20:27:45.419674+00:00,201,11549.73,
2026-09-11T20:27:42.013769+00:00,201,14953.85,
2026-09-11T20:27:41.994739+00:00,201,14966.38,
2026-09-11T20:27:42.026593+00:00,201,14946.11,
2026-09-11T20:27:45.501102+00:00,201,11468.68,
2026-09-11T20:27:29.656267+00:00,201,27317.75,
2026-09-11T20:27:42.031743+00:00,201,14944.35,
2026-09-11T20:27:45.438189+00:00,201,11537.83,
2026-09-11T20:27:42.032747+00:00,201,14938.07,
2026-09-11T20:27:42.438812+00:00,201,14537.91,
2026-09-11T20:27:45.532628+00:00,201,11446.68,
2026-09-11T20:27:45.551273+00:00,201,11425.93,
2026-09-11T20:27:45.457083+00:00,201,11525.37,
2026-09-11T20:27:42.058172+00:00,201,14920.40,
2026-09-11T20:27:45.580118+00:00,201,11399.12,
2026-09-11T20:27:45.563296+00:00,201,11417.72,
2026-09-11T20:27:33.796355+00:00,201,23190.04,
2026-09-11T20:27:45.515705+00:00,201,11466.05,
2026-09-11T20:27:41.162122+00:00,201,15826.66,
2026-09-11T20:27:40.680766+00:00,201,16294.02,
2026-09-11T20:27:42.438812+00:00,201,14543.16,
2026-09-11T20:27:33.070647+00:00,201,23916.63,
2026-09-11T20:27:30.105779+00:00,201,26879.05,
2026-09-11T20:27:41.266185+00:00,201,15716.98,
2026-09-11T20:27:45.483405+00:00,201,11508.99,
2026-09-11T20:27:30.119783+00:00,201,26866.80,
2026-09-11T20:27:42.074257+00:00,201,14920.75,
2026-09-11T20:27:19.752807+00:00,201,37268.81,
2026-09-11T20:27:33.878350+00:00,201,23140.38,
2026-09-11T20:27:19.544990+00:00,201,37477.71,
2026-09-11T20:27:33.190727+00:00,201,23833.85,
2026-09-11T20:27:27.258661+00:00,201,29768.17,
2026-09-11T20:27:39.306230+00:00,201,17735.76,
2026-09-11T20:27:39.455353+00:00,201,17587.86,
2026-09-11T20:27:33.517849+00:00,201,23548.58,
2026-09-11T20:27:43.796485+00:00,201,13297.64,
2026-09-11T20:27:40.074930+00:00,201,17070.03,
2026-09-11T20:27:33.597196+00:00,201,23557.28,
2026-09-11T20:27:34.997372+00:00,201,22167.48,
2026-09-11T20:27:42.163841+00:00,201,15002.62,
2026-09-11T20:27:34.303110+00:00,201,22870.53,
2026-09-11T20:27:30.008873+00:00,201,27166.17,
2026-09-11T20:27:35.296622+00:00,201,21891.58,
2026-09-11T20:27:35.426620+00:00,201,21773.30,
2026-09-11T20:27:45.474727+00:00,201,11766.10,
2026-09-11T20:27:47.695215+00:00,201,9564.35,
2026-09-11T20:27:36.309161+00:00,201,20959.76,
2026-09-11T20:27:28.502395+00:00,201,28776.58,
2026-09-11T20:27:35.967608+00:00,201,21311.67,
2026-09-11T20:27:40.090608+00:00,201,17234.56,
2026-09-11T20:27:34.283074+00:00,201,23052.19,
2026-09-11T20:27:26.923133+00:00,201,30502.80,
2026-09-11T20:27:27.905549+00:00,201,29525.56,
2026-09-11T20:27:45.855026+00:00,201,11685.19,
2026-09-11T20:27:29.968085+00:00,201,27711.76,
2026-09-11T20:27:47.854428+00:00,201,10359.64,
2026-09-11T20:27:56.402191+00:00,201,7155.43,
2026-09-11T20:27:56.402191+00:00,201,7164.34,
2026-09-11T20:27:56.408436+00:00,201,7165.68,
2026-09-11T20:27:56.406707+00:00,201,7176.07,
2026-09-11T20:27:56.408436+00:00,201,7182.10,
2026-09-11T20:27:56.402191+00:00,201,7195.63,
2026-09-11T20:27:56.408436+00:00,201,7208.82,
2026-09-11T20:27:56.408436+00:00,201,7213.78,
2026-09-11T20:27:56.408436+00:00,201,7230.53,
2026-09-11T20:27:56.408436+00:00,201,7235.82,
2026-09-11T20:27:56.417492+00:00,201,7253.42,
2026-09-11T20:27:56.408436+00:00,201,7277.93,
2026-09-11T20:27:56.408436+00:00,201,7283.71,
2026-09-11T20:27:56.417492+00:00,201,7288.75,
2026-09-11T20:27:56.417492+00:00,201,7293.73,
2026-09-11T20:27:56.424586+00:00,201,7332.07,
2026-09-11T20:27:56.424586+00:00,201,7351.60,
2026-09-11T20:27:56.424586+00:00,201,7360.56,
2026-09-11T20:27:56.433365+00:00,201,7358.30,
2026-09-11T20:27:56.433365+00:00,201,7365.06,
2026-09-11T20:27:56.424586+00:00,201,7407.62,
2026-09-11T20:27:56.424586+00:00,201,7408.30,
2026-09-11T20:27:56.433365+00:00,201,7416.09,
2026-09-11T20:27:56.433365+00:00,201,7435.88,
2026-09-11T20:27:56.424586+00:00,201,7448.20,
2026-09-11T20:27:56.433365+00:00,201,7475.93,
2026-09-11T20:27:56.449358+00:00,201,7491.28,
2026-09-11T20:27:56.449358+00:00,201,7495.69,
2026-09-11T20:27:56.433365+00:00,201,7511.53,
2026-09-11T20:27:56.433365+00:00,201,7516.16,
2026-09-11T20:27:56.433365+00:00,201,7532.03,
2026-09-11T20:27:56.433365+00:00,201,7537.17,
2026-09-11T20:27:56.459643+00:00,201,7530.22,
2026-09-11T20:27:56.449358+00:00,201,7542.49,
2026-09-11T20:27:56.449358+00:00,201,7555.38,
2026-09-11T20:27:56.465398+00:00,201,7550.97,
2026-09-11T20:27:56.461648+00:00,201,7565.44,
2026-09-11T20:27:56.457638+00:00,201,7579.02,
2026-09-11T20:27:56.467403+00:00,201,7583.70,
2026-09-11T20:27:56.467403+00:00,201,7593.29,
2026-09-11T20:27:56.433365+00:00,201,7632.57,
2026-09-11T20:27:56.463654+00:00,201,7629.56,
2026-09-11T20:27:56.467403+00:00,201,7638.25,
2026-09-11T20:27:56.467403+00:00,201,7673.03,
2026-09-11T20:27:56.467403+00:00,201,7689.49,
2026-09-11T20:27:56.481306+00:00,201,7688.02,
2026-09-11T20:27:56.481306+00:00,201,7698.75,
2026-09-11T20:27:56.481306+00:00,201,7710.14,
2026-09-11T20:27:56.467403+00:00,201,7740.75,
2026-09-11T20:27:56.461648+00:00,201,7776.95,
2026-09-11T20:27:56.467403+00:00,201,7786.31,
2026-09-11T20:27:56.467403+00:00,201,7838.78,
2026-09-11T20:27:56.481306+00:00,201,7857.37,
2026-09-11T20:27:56.481306+00:00,201,7880.82,
2026-09-11T20:27:56.481306+00:00,201,7904.68,
2026-09-11T20:27:56.481306+00:00,201,8082.64,
2026-09-11T20:27:56.467403+00:00,201,8123.56,
2026-09-11T20:27:56.481306+00:00,201,8137.34,
2026-09-11T20:27:56.497642+00:00,201,8150.59,
2026-09-11T20:27:56.481306+00:00,201,8189.44,
2026-09-11T20:27:56.496075+00:00,201,8210.24,
2026-09-11T20:27:56.497642+00:00,201,8229.55,
2026-09-11T20:27:56.481306+00:00,201,8256.41,
2026-09-11T20:27:56.481306+00:00,201,8275.08,
2026-09-11T20:27:56.497642+00:00,201,8287.91,
2026-09-11T20:27:56.497642+00:00,201,8293.57,
2026-09-11T20:27:56.513385+00:00,201,8305.62,
2026-09-11T20:27:56.497642+00:00,201,8340.70,
2026-09-11T20:27:56.513385+00:00,201,8342.23,
2026-09-11T20:27:56.513385+00:00,201,8365.43,
2026-09-11T20:27:56.513385+00:00,201,8378.12,
2026-09-11T20:27:56.529280+00:00,201,8389.31,
2026-09-11T20:27:56.497642+00:00,201,8430.83,
2026-09-11T20:27:56.529280+00:00,201,8427.52,
2026-09-11T20:27:56.524823+00:00,201,8459.76,
2026-09-11T20:27:56.529280+00:00,201,8463.00,
2026-09-11T20:27:56.497642+00:00,201,8516.85,
2026-09-11T20:27:56.529280+00:00,201,8514.37,
2026-09-11T20:27:56.529280+00:00,201,8541.52,
2026-09-11T20:27:56.529280+00:00,201,8564.51,
2026-09-11T20:27:56.524823+00:00,201,8588.49,
2026-09-11T20:27:56.513385+00:00,201,8618.76,
2026-09-11T20:27:56.561010+00:00,201,8592.30,
2026-09-11T20:27:56.529280+00:00,201,8642.60,
2026-09-11T20:27:56.529280+00:00,201,8664.23,
2026-09-11T20:27:56.545048+00:00,201,8687.61,
2026-09-11T20:27:56.545048+00:00,201,8698.51,
2026-09-11T20:27:56.497642+00:00,201,8770.90,
2026-09-11T20:27:56.545048+00:00,201,8757.91,
2026-09-11T20:27:56.545048+00:00,201,8784.51,
2026-09-11T20:27:56.561010+00:00,201,8794.56,
2026-09-11T20:27:56.545048+00:00,201,8825.85,
2026-09-11T20:27:56.513385+00:00,201,8887.26,
2026-09-11T20:27:56.561010+00:00,201,8876.35,
2026-09-11T20:27:56.545048+00:00,201,8910.16,
2026-09-11T20:27:56.545048+00:00,201,8934.54,
2026-09-11T20:27:56.529280+00:00,201,8982.06,
2026-09-11T20:27:56.561010+00:00,201,8984.43,
2026-09-11T20:27:56.529280+00:00,201,9050.79,
2026-09-11T20:27:56.545048+00:00,201,9059.19,
2026-09-11T20:27:56.561010+00:00,201,9079.04,
2026-09-11T20:27:56.561010+00:00,201,9099.57,
2026-09-11T20:27:56.561010+00:00,201,9134.23,
2026-09-11T20:27:56.545048+00:00,201,9172.52,
2026-09-11T20:27:56.561010+00:00,201,9179.11,
2026-09-11T20:27:55.037362+00:00,201,10924.61,
2026-09-11T20:27:55.092632+00:00,201,10894.77,
2026-09-11T20:27:56.751160+00:00,201,9260.39,
2026-09-11T20:27:55.228089+00:00,201,10813.46,
2026-09-11T20:27:56.764380+00:00,201,9303.39,
2026-09-11T20:27:55.133190+00:00,201,10959.91,
2026-09-11T20:27:55.069099+00:00,201,11037.67,
2026-09-11T20:27:56.764380+00:00,201,9383.70,
2026-09-11T20:27:56.751160+00:00,201,9415.71,
2026-09-11T20:27:55.166979+00:00,201,11038.43,
2026-09-11T20:27:55.149211+00:00,201,11076.37,
2026-09-11T20:27:56.767165+00:00,201,9489.77,
2026-09-11T20:27:56.767165+00:00,201,9521.00,
2026-09-11T20:27:56.767165+00:00,201,9555.53,
2026-09-11T20:27:56.767165+00:00,201,9587.30,
2026-09-11T20:27:55.324126+00:00,201,11218.97,
2026-09-11T20:27:56.767165+00:00,201,9814.11,
2026-09-11T20:27:55.275463+00:00,201,11348.04,
2026-09-11T20:27:55.387201+00:00,201,11274.59,
2026-09-11T20:27:56.767165+00:00,201,9945.39,
2026-09-11T20:27:55.338780+00:00,201,11428.58,
2026-09-11T20:27:55.434292+00:00,201,11379.64,
2026-09-11T20:27:56.767165+00:00,201,10091.24,
2026-09-11T20:27:56.782815+00:00,201,10133.15,
2026-09-11T20:27:55.529957+00:00,201,11440.40,
2026-09-11T20:27:55.465971+00:00,201,11555.12,
2026-09-11T20:27:56.782815+00:00,201,10275.11,
2026-09-11T20:27:55.482851+00:00,201,11602.17,
2026-09-11T20:27:55.523963+00:00,201,11599.51,
2026-09-11T20:27:55.424111+00:00,201,11997.08,
2026-09-11T20:27:55.609542+00:00,201,11858.08,
2026-09-11T20:27:55.561413+00:00,201,11956.69,
2026-09-11T20:27:56.787866+00:00,201,10779.87,
2026-09-11T20:27:56.787866+00:00,201,10810.98,
2026-09-11T20:27:56.787866+00:00,201,10849.22,
2026-09-11T20:27:55.672181+00:00,201,11992.88,
2026-09-11T20:27:55.640113+00:00,201,12051.20,
2026-09-11T20:27:55.561413+00:00,201,12160.01,
2026-09-11T20:27:56.800378+00:00,201,10967.88,
2026-09-11T20:27:55.767113+00:00,201,12025.85,
2026-09-11T20:27:55.687931+00:00,201,12166.08,
2026-09-11T20:27:56.814384+00:00,201,11098.00,
2026-09-11T20:27:55.703600+00:00,201,12236.31,
2026-09-11T20:27:55.735279+00:00,201,12242.27,
2026-09-11T20:27:56.814384+00:00,201,11194.60,
2026-09-11T20:27:55.767113+00:00,201,12286.26,
2026-09-11T20:27:55.830593+00:00,201,12265.30,
2026-09-11T20:27:55.878018+00:00,201,12255.05,
2026-09-11T20:27:56.814384+00:00,201,11358.15,
2026-09-11T20:27:56.814384+00:00,201,11400.89,
2026-09-11T20:27:56.830512+00:00,201,11418.13,
2026-09-11T20:27:55.751066+00:00,201,12537.66,
2026-09-11T20:27:56.825021+00:00,201,11512.72,
2026-09-11T20:27:55.799680+00:00,201,12577.78,
2026-09-11T20:27:55.895492+00:00,201,12520.94,
2026-09-11T20:27:56.830512+00:00,201,11628.32,
2026-09-11T20:27:55.846438+00:00,201,12650.09,
2026-09-11T20:27:56.825021+00:00,201,11710.42,
2026-09-11T20:27:55.925800+00:00,201,12649.79,
2026-09-11T20:27:55.973293+00:00,201,12636.00,
2026-09-11T20:27:55.941781+00:00,201,12727.37,
2026-09-11T20:27:55.862096+00:00,201,12844.62,
2026-09-11T20:27:56.846194+00:00,201,11896.57,
2026-09-11T20:27:55.957534+00:00,201,12825.76,
2026-09-11T20:27:56.830512+00:00,201,12015.23,
2026-09-11T20:27:55.989623+00:00,201,12900.59,
2026-09-11T20:27:55.986488+00:00,201,12950.52,
2026-09-11T20:27:56.846194+00:00,201,12235.23,
2026-09-11T20:27:56.024348+00:00,201,13108.47,
2026-09-11T20:27:56.084053+00:00,201,13185.13,
2026-09-11T20:27:56.846194+00:00,201,12448.56,
2026-09-11T20:27:56.068079+00:00,201,13324.58,
2026-09-11T20:27:56.861902+00:00,201,12557.46,
2026-09-11T20:27:56.124444+00:00,201,13337.27,
2026-09-11T20:27:56.132044+00:00,201,13359.97,
2026-09-11T20:27:56.147674+00:00,201,13380.16,
2026-09-11T20:27:56.100002+00:00,201,13455.70,
2026-09-11T20:27:56.877572+00:00,201,12720.41,
2026-09-11T20:27:56.187073+00:00,201,13442.15,
2026-09-11T20:27:56.877572+00:00,201,12784.40,
2026-09-11T20:27:56.167541+00:00,201,13545.54,
2026-09-11T20:27:56.846194+00:00,201,12897.21,
2026-09-11T20:27:56.115918+00:00,201,13688.19,
2026-09-11T20:27:56.243085+00:00,201,13625.65,
2026-09-11T20:27:56.877572+00:00,201,13079.56,
2026-09-11T20:27:56.893371+00:00,201,13206.43,
2026-09-11T20:27:56.900462+00:00,201,13242.89,
2026-09-11T20:27:56.900462+00:00,201,13285.22,
2026-09-11T20:27:56.909029+00:00,201,13297.21,
2026-09-11T20:27:56.909029+00:00,201,13321.41,
2026-09-11T20:27:56.893371+00:00,201,13376.42,
2026-09-11T20:27:56.909029+00:00,201,13398.66,
2026-09-11T20:27:56.900462+00:00,201,13445.90,
2026-09-11T20:27:56.900462+00:00,201,13559.19,
2026-09-11T20:27:56.940362+00:00,201,13786.03,
2026-09-11T20:27:56.964491+00:00,201,13850.74,
2026-09-11T20:27:56.925206+00:00,201,13923.79,
2026-09-11T20:27:56.956031+00:00,201,13905.91,
2026-09-11T20:27:56.971700+00:00,201,13904.74,
2026-09-11T20:27:56.971700+00:00,201,13919.57,
2026-09-11T20:27:56.987981+00:00,201,13914.89,
2026-09-11T20:27:56.971700+00:00,201,13937.07,
2026-09-11T20:27:56.971700+00:00,201,13946.92,
2026-09-11T20:27:56.987981+00:00,201,13931.72,
2026-09-11T20:27:52.093117+00:00,201,18833.48,
2026-09-11T20:27:56.987981+00:00,201,13948.90,
2026-09-11T20:27:52.473561+00:00,201,18480.97,
2026-09-11T20:27:52.601111+00:00,201,18345.48,
2026-09-11T20:27:54.847596+00:00,201,16110.58,
2026-09-11T20:27:52.885150+00:00,201,18081.94,
2026-09-11T20:27:54.815876+00:00,201,16160.09,
2026-09-11T20:27:52.267876+00:00,201,18710.75,
2026-09-11T20:27:53.232434+00:00,201,17744.23,
2026-09-11T20:27:57.025089+00:00,201,13962.19,
2026-09-11T20:27:56.338051+00:00,201,14647.63,
2026-09-11T20:27:57.035032+00:00,201,13959.04,
2026-09-11T20:27:54.119833+00:00,201,16882.48,
2026-09-11T20:27:53.628743+00:00,201,17373.47,
2026-09-11T20:27:53.740236+00:00,201,17262.53,
2026-09-11T20:27:57.018992+00:00,201,13990.93,
2026-09-11T20:27:54.089806+00:00,201,16924.85,
2026-09-11T20:27:53.882470+00:00,201,17136.97,
2026-09-11T20:27:54.406534+00:00,201,16619.26,
2026-09-11T20:27:55.023651+00:00,201,16006.58,
2026-09-11T20:27:55.053143+00:00,201,15973.49,
2026-09-11T20:27:55.037362+00:00,201,15997.95,
2026-09-11T20:27:54.958220+00:00,201,16074.98,
2026-09-11T20:27:55.006552+00:00,201,16039.31,
2026-09-11T20:27:55.092632+00:00,201,15954.86,
2026-09-11T20:27:54.310396+00:00,201,16746.78,
2026-09-11T20:27:54.151516+00:00,201,16905.39,
2026-09-11T20:27:55.228089+00:00,201,15832.78,
2026-09-11T20:27:55.243892+00:00,201,15820.81,
2026-09-11T20:27:55.324126+00:00,201,15754.18,
2026-09-11T20:27:55.406846+00:00,201,15666.13,
2026-09-11T20:27:55.069099+00:00,201,16009.99,
2026-09-11T20:27:55.493224+00:00,201,15599.20,
2026-09-11T20:27:55.403310+00:00,201,15695.63,
2026-09-11T20:27:57.145659+00:00,201,13944.38,
2026-09-11T20:27:55.212394+00:00,201,15891.58,
2026-09-11T20:27:55.751066+00:00,201,15363.28,
2026-09-11T20:27:57.168170+00:00,201,13943.67,
2026-09-11T20:27:55.786196+00:00,201,15333.33,
2026-09-11T20:27:55.735279+00:00,201,15377.00,
2026-09-11T20:27:55.656137+00:00,201,15471.25,
2026-09-11T20:27:55.830593+00:00,201,15293.33,
2026-09-11T20:27:55.672181+00:00,201,15451.34,
2026-09-11T20:27:55.166979+00:00,201,15965.30,
2026-09-11T20:27:55.577443+00:00,201,15559.22,
2026-09-11T20:27:57.161577+00:00,201,13981.23,
2026-09-11T20:27:55.799680+00:00,201,15347.70,
2026-09-11T20:27:55.846438+00:00,201,15290.47,
2026-09-11T20:27:55.957534+00:00,201,15189.97,
2026-09-11T20:27:55.925800+00:00,201,15221.90,
2026-09-11T20:27:57.177713+00:00,201,13979.76,
2026-09-11T20:27:56.132044+00:00,201,15030.52,
2026-09-11T20:27:55.609542+00:00,201,15557.87,
2026-09-11T20:27:55.957534+00:00,201,15205.25,
2026-09-11T20:27:57.200739+00:00,201,13979.58,
2026-09-11T20:27:56.068079+00:00,201,15103.20,
2026-09-11T20:27:56.068079+00:00,201,15116.59,
2026-09-11T20:27:56.163309+00:00,201,15031.27,
2026-09-11T20:27:56.179080+00:00,201,15025.54,
2026-09-11T20:27:56.227038+00:00,201,14973.32,
2026-09-11T20:27:56.227038+00:00,201,14984.29,
2026-09-11T20:27:56.227038+00:00,201,14983.27,
2026-09-11T20:27:57.241323+00:00,201,13976.53,
2026-09-11T20:27:56.640854+00:00,201,14579.40,
2026-09-11T20:27:46.035485+00:00,201,25200.17,
2026-09-11T20:27:56.224487+00:00,201,15015.93,
2026-09-11T20:27:56.656569+00:00,201,14589.57,
2026-09-11T20:27:56.625007+00:00,201,14623.40,
2026-09-11T20:27:47.301517+00:00,201,23957.17,
2026-09-11T20:27:56.640854+00:00,201,14618.00,
2026-09-11T20:27:56.390292+00:00,201,14879.55,
2026-09-11T20:27:46.621011+00:00,201,24657.47,
2026-09-11T20:27:56.390292+00:00,201,14892.76,
2026-09-11T20:27:56.390292+00:00,201,14903.96,
2026-09-11T20:27:56.398596+00:00,201,14899.21,
2026-09-11T20:27:52.867812+00:00,201,18438.94,
2026-09-11T20:27:56.704058+00:00,201,14596.04,
2026-09-11T20:27:53.612786+00:00,201,17702.83,
2026-09-11T20:27:56.704058+00:00,201,14614.54,
2026-09-11T20:27:56.725154+00:00,201,14598.12,
2026-09-11T20:27:56.732805+00:00,201,14598.52,
2026-09-11T20:27:56.731083+00:00,201,14602.81,
2026-09-11T20:27:53.042813+00:00,201,18281.85,
2026-09-11T20:27:53.222619+00:00,201,18120.34,
2026-09-11T20:27:56.725154+00:00,201,14623.38,
2026-09-11T20:27:54.892236+00:00,201,16463.97,
2026-09-11T20:27:54.214803+00:00,201,17141.55,
2026-09-11T20:27:54.958220+00:00,201,16398.76,
2026-09-11T20:27:54.942573+00:00,201,16424.94,
2026-09-11T20:27:54.390344+00:00,201,16981.52,
2026-09-11T20:27:54.942573+00:00,201,16422.25,
2026-09-11T20:27:51.982941+00:00,201,19388.88,
2026-09-11T20:27:54.784811+00:00,201,16590.16,
2026-09-11T20:27:54.500074+00:00,201,16885.79,
2026-09-11T20:27:56.338051+00:00,201,15039.74,
2026-09-11T20:27:56.742848+00:00,201,14655.02,
2026-09-11T20:27:52.647570+00:00,201,18741.37,
2026-09-11T20:27:47.762415+00:00,201,23638.50,
2026-09-11T20:27:54.342351+00:00,201,17058.82,
2026-09-11T20:27:57.425303+00:00,201,13986.72,
2026-09-11T20:27:55.037362+00:00,201,16369.17,
2026-09-11T20:27:57.434648+00:00,201,13987.36,
2026-09-11T20:27:54.974293+00:00,201,16454.82,
2026-09-11T20:27:53.771635+00:00,201,17657.24,
2026-09-11T20:27:52.965499+00:00,201,18470.35,
2026-09-11T20:27:54.863644+00:00,201,16574.59,
2026-09-11T20:27:55.354650+00:00,201,16087.43,
2026-09-11T20:27:55.243892+00:00,201,16210.64,
2026-09-11T20:27:54.823232+00:00,201,16636.56,
2026-09-11T20:27:54.974293+00:00,201,16492.16,
2026-09-11T20:27:56.052577+00:00,201,15419.71,
2026-09-11T20:27:55.450129+00:00,201,16024.80,
2026-09-11T20:27:55.482851+00:00,201,16002.97,
2026-09-11T20:27:57.526408+00:00,201,13965.16,
2026-09-11T20:27:56.656569+00:00,201,14845.11,
2026-09-11T20:27:55.910102+00:00,201,15592.28,
2026-09-11T20:27:47.211356+00:00,201,24308.08,
2026-09-11T20:27:56.640854+00:00,201,14877.65,
2026-09-11T20:27:53.201289+00:00,201,18321.85,
2026-09-11T20:27:53.295577+00:00,201,18229.77,
2026-09-11T20:27:53.850703+00:00,201,17680.10,
2026-09-11T20:27:56.369989+00:00,201,15163.91,
2026-09-11T20:27:54.823232+00:00,201,16717.91,
2026-09-11T20:27:54.895274+00:00,201,16642.58,
2026-09-11T20:27:56.338051+00:00,201,15205.20,
2026-09-11T20:27:55.497838+00:00,201,16044.50,
2026-09-11T20:27:57.677753+00:00,201,13875.95,
2026-09-11T20:27:55.101160+00:00,201,16444.85,
2026-09-11T20:27:55.624139+00:00,201,15935.59,
2026-09-11T20:27:54.863644+00:00,201,16692.93,
2026-09-11T20:27:46.171083+00:00,201,25393.70,
2026-09-11T20:27:56.369989+00:00,201,15199.89,
2026-09-11T20:27:55.185160+00:00,201,16390.00,
2026-09-11T20:27:56.625007+00:00,201,14955.74,
2026-09-11T20:27:55.053143+00:00,201,16526.24,
2026-09-11T20:27:56.656569+00:00,201,14922.38,
2026-09-11T20:27:50.732323+00:00,201,20850.21,
2026-09-11T20:27:46.140565+00:00,201,25454.63,
2026-09-11T20:27:51.490620+00:00,201,20093.09,
2026-09-11T20:27:46.601865+00:00,201,24996.03,
2026-09-11T20:27:54.795842+00:00,201,16811.25,
2026-09-11T20:27:51.477049+00:00,201,20126.02,
2026-09-11T20:27:47.899528+00:00,201,23719.78,
2026-09-11T20:27:56.324352+00:00,201,15292.11,
2026-09-11T20:27:51.079750+00:00,201,20546.70,
2026-09-11T20:27:54.863644+00:00,201,16759.12,
2026-09-11T20:27:54.547292+00:00,201,17080.70,
2026-09-11T20:27:52.536949+00:00,201,19102.25,
2026-09-11T20:27:54.358199+00:00,201,17277.52,
2026-09-11T20:27:54.199702+00:00,201,17446.48,
2026-09-11T20:27:46.226409+00:00,201,25431.94,
2026-09-11T20:27:56.672441+00:00,201,14985.26,
2026-09-11T20:27:42.058172+00:00,201,29597.90,
2026-09-11T20:27:51.506372+00:00,201,20152.01,
2026-09-11T20:27:56.324352+00:00,201,15345.56,
2026-09-11T20:27:53.343698+00:00,201,18331.07,
2026-09-11T20:27:45.756264+00:00,201,25930.24,
2026-09-11T20:27:55.941781+00:00,201,15797.62,
2026-09-11T20:27:56.861902+00:00,201,14888.12,
2026-09-11T20:27:56.861902+00:00,201,14888.51,
2026-09-11T20:27:56.100002+00:00,201,15655.45,
2026-09-11T20:27:56.052577+00:00,201,15703.80,
2026-09-11T20:27:56.861902+00:00,201,14892.81,
2026-09-11T20:27:56.877572+00:00,201,14876.87,
2026-09-11T20:27:56.198145+00:00,201,15558.07,
2026-09-11T20:27:56.877572+00:00,201,14878.02,
2026-09-11T20:27:56.877572+00:00,201,14877.61,
2026-09-11T20:27:56.259039+00:00,201,15510.67,
2026-09-11T20:27:56.877572+00:00,201,14891.00,
2026-09-11T20:27:56.211616+00:00,201,15551.94,
2026-09-11T20:27:56.893371+00:00,201,14879.91,
2026-09-11T20:27:56.893371+00:00,201,14885.32,
2026-09-11T20:27:56.909029+00:00,201,14873.43,
2026-09-11T20:27:56.909029+00:00,201,14871.86,
2026-09-11T20:27:56.909029+00:00,201,14865.62,
2026-09-11T20:27:56.909029+00:00,201,14878.06,
2026-09-11T20:27:56.940362+00:00,201,14852.65,
2026-09-11T20:27:56.940362+00:00,201,14847.39,
2026-09-11T20:27:56.925206+00:00,201,14866.94,
2026-09-11T20:27:56.925206+00:00,201,14858.94,
2026-09-11T20:27:56.940362+00:00,201,14858.54,
2026-09-11T20:27:56.956031+00:00,201,14844.32,
2026-09-11T20:27:56.940362+00:00,201,14853.33,
2026-09-11T20:27:56.964491+00:00,201,14836.54,
2026-09-11T20:27:56.956031+00:00,201,14847.80,
2026-09-11T20:27:56.964491+00:00,201,14840.27,
2026-09-11T20:27:56.925206+00:00,201,14871.98,
2026-09-11T20:27:56.964491+00:00,201,14841.15,
2026-09-11T20:27:56.971700+00:00,201,14830.62,
2026-09-11T20:27:56.971700+00:00,201,14843.08,
2026-09-11T20:27:56.987981+00:00,201,14827.64,
2026-09-11T20:27:56.987981+00:00,201,14826.89,
2026-09-11T20:27:56.987981+00:00,201,14826.09,
2026-09-11T20:27:56.987981+00:00,201,14834.20,
2026-09-11T20:27:51.950646+00:00,201,19871.17,
2026-09-11T20:27:54.858668+00:00,201,16965.80,
2026-09-11T20:27:57.025089+00:00,201,14799.26,
2026-09-11T20:27:52.361896+00:00,201,19458.83,
2026-09-11T20:27:56.704058+00:00,201,15127.72,
2026-09-11T20:27:57.035032+00:00,201,14790.98,
2026-09-11T20:27:53.983335+00:00,201,17841.73,
2026-09-11T20:27:54.879394+00:00,201,16949.60,
2026-09-11T20:27:57.035032+00:00,201,14794.33,
2026-09-11T20:27:56.369989+00:00,201,15458.99,
2026-09-11T20:27:54.230821+00:00,201,17608.91,
2026-09-11T20:27:54.996260+00:00,201,16838.35,
2026-09-11T20:27:54.500074+00:00,201,17330.67,
2026-09-11T20:27:55.149211+00:00,201,16694.91,
2026-09-11T20:27:57.082044+00:00,201,14751.44,
2026-09-11T20:27:55.259633+00:00,201,16578.77,
2026-09-11T20:27:55.275463+00:00,201,16558.98,
2026-09-11T20:27:55.640113+00:00,201,16209.69,
2026-09-11T20:27:57.161577+00:00,201,14687.49,
2026-09-11T20:27:57.069424+00:00,201,14778.84,
2026-09-11T20:27:55.703600+00:00,201,16144.73,
2026-09-11T20:27:55.703600+00:00,201,16152.77,
2026-09-11T20:27:55.624139+00:00,201,16222.45,
2026-09-11T20:27:55.799680+00:00,201,16049.24,
2026-09-11T20:27:55.997813+00:00,201,15865.32,
2026-09-11T20:27:55.895492+00:00,201,15968.39,
2026-09-11T20:27:55.814931+00:00,201,16047.51,
2026-09-11T20:27:55.925800+00:00,201,15936.55,
2026-09-11T20:27:55.434292+00:00,201,16421.98,
2026-09-11T20:27:55.862096+00:00,201,15996.92,
2026-09-11T20:27:56.100002+00:00,201,15764.71,
2026-09-11T20:27:56.147674+00:00,201,15716.93,
2026-09-11T20:27:56.036770+00:00,201,15834.62,
2026-09-11T20:27:56.005276+00:00,201,15863.38,
2026-09-11T20:27:55.910102+00:00,201,15964.82,
2026-09-11T20:27:56.005276+00:00,201,15862.46,
2026-09-11T20:27:56.052577+00:00,201,15818.91,
2026-09-11T20:27:56.167541+00:00,201,15711.57,
2026-09-11T20:27:56.195634+00:00,201,15687.73,
2026-09-11T20:27:56.211616+00:00,201,15672.98,
2026-09-11T20:27:56.095584+00:00,201,15790.63,
2026-09-11T20:27:56.179080+00:00,201,15702.63,
2026-09-11T20:27:56.609824+00:00,201,15270.25,
2026-09-11T20:27:56.672441+00:00,201,15219.74,
2026-09-11T20:27:46.583572+00:00,201,25302.86,
2026-09-11T20:27:45.970614+00:00,201,25925.06,
2026-09-11T20:27:56.243085+00:00,201,15653.66,
2026-09-11T20:27:46.185226+00:00,201,25711.94,
2026-09-11T20:27:56.387180+00:00,201,15510.47,
2026-09-11T20:27:56.398596+00:00,201,15500.62,
2026-09-11T20:27:56.402191+00:00,201,15500.78,
2026-09-11T20:27:56.704058+00:00,201,15195.65,
2026-09-11T20:27:56.396077+00:00,201,15508.96,
2026-09-11T20:27:56.704058+00:00,201,15190.77,
2026-09-11T20:27:53.724164+00:00,201,18176.32,
2026-09-11T20:27:56.704058+00:00,201,15196.89,
2026-09-11T20:27:53.105227+00:00,201,18798.51,
2026-09-11T20:27:54.863644+00:00,201,17045.88,
2026-09-11T20:27:54.294267+00:00,201,17618.51,
2026-09-11T20:27:56.720170+00:00,201,15198.29,
2026-09-11T20:27:54.103986+00:00,201,17812.84,
2026-09-11T20:27:53.866811+00:00,201,18048.69,
2026-09-11T20:27:53.977739+00:00,201,17943.28,
2026-09-11T20:27:54.246585+00:00,201,17668.98,
2026-09-11T20:27:56.742848+00:00,201,15181.53,
2026-09-11T20:27:51.316707+00:00,201,20607.14,
2026-09-11T20:27:53.030036+00:00,201,18889.22,
2026-09-11T20:27:52.521064+00:00,201,19410.41,
2026-09-11T20:27:54.009471+00:00,201,17914.32,
2026-09-11T20:27:54.278191+00:00,201,17649.77,
2026-09-11T20:27:56.369989+00:00,201,15554.47,
2026-09-11T20:27:56.742848+00:00,201,15193.76,
2026-09-11T20:27:55.293631+00:00,201,16636.41,
2026-09-11T20:27:55.624139+00:00,201,16316.88,
2026-09-11T20:27:54.926580+00:00,201,17005.57,
2026-09-11T20:27:56.369989+00:00,201,15573.48,
2026-09-11T20:27:56.625007+00:00,201,15310.59,
2026-09-11T20:27:56.609824+00:00,201,15323.52,
2026-09-11T20:27:56.211616+00:00,201,15730.20,
2026-09-11T20:27:55.735279+00:00,201,16213.02,
2026-09-11T20:27:47.879306+00:00,201,24074.05,
2026-09-11T20:27:47.236810+00:00,201,24713.97,
2026-09-11T20:27:55.878018+00:00,201,16071.14,
2026-09-11T20:27:56.672441+00:00,201,15283.04,
2026-09-11T20:27:57.542121+00:00,201,14417.63,
2026-09-11T20:27:52.552665+00:00,201,19393.85,
2026-09-11T20:27:46.200411+00:00,201,25756.32,
2026-09-11T20:27:47.345287+00:00,201,24616.42,
2026-09-11T20:27:47.718006+00:00,201,24243.05,
2026-09-11T20:27:52.678904+00:00,201,19283.50,
2026-09-11T20:27:52.804950+00:00,201,19158.88,
2026-09-11T20:27:51.300893+00:00,201,20664.22,
2026-09-11T20:27:45.865556+00:00,201,26103.87,
2026-09-11T20:27:46.539509+00:00,201,25430.33,
2026-09-11T20:27:45.815296+00:00,201,26160.06,
2026-09-11T20:27:56.385674+00:00,201,15590.85,
2026-09-11T20:27:46.573911+00:00,201,25404.21,
2026-09-11T20:27:50.569246+00:00,201,21409.88,
2026-09-11T20:27:47.266775+00:00,201,24709.12,
2026-09-11T20:27:47.361328+00:00,201,24614.59,
2026-09-11T20:27:50.652703+00:00,201,21331.40,
2026-09-11T20:27:46.459111+00:00,201,25521.45,
2026-09-11T20:27:54.823232+00:00,201,17157.85,
2026-09-11T20:27:54.907705+00:00,201,17081.84,
2026-09-11T20:27:56.354089+00:00,201,15630.05,
2026-09-11T20:27:56.338051+00:00,201,15644.71,
2026-09-11T20:27:47.831988+00:00,201,24158.87,
2026-09-11T20:27:55.185160+00:00,201,16802.10,
2026-09-11T20:27:55.117213+00:00,201,16878.10,
2026-09-11T20:27:46.164519+00:00,201,25832.04,
2026-09-11T20:27:56.306607+00:00,201,15681.00,
2026-09-11T20:27:54.831945+00:00,201,17168.39,
2026-09-11T20:27:56.020780+00:00,201,16103.76,
2026-09-11T20:27:56.846194+00:00,201,15269.98,
2026-09-11T20:27:56.909029+00:00,201,15221.39,
2026-09-11T20:27:56.925206+00:00,201,15208.54,
2026-09-11T20:27:56.925206+00:00,201,15213.65,
2026-09-11T20:27:56.900462+00:00,201,15236.26,
2026-09-11T20:27:56.940362+00:00,201,15201.02,
2026-09-11T20:27:56.940362+00:00,201,15205.88,
2026-09-11T20:27:56.925206+00:00,201,15223.88,
2026-09-11T20:27:56.956031+00:00,201,15196.58,
2026-09-11T20:27:56.956031+00:00,201,15200.19,
2026-09-11T20:27:56.964491+00:00,201,15193.12,
2026-09-11T20:27:56.956031+00:00,201,15198.05,
2026-09-11T20:27:56.956031+00:00,201,15203.10,
2026-09-11T20:27:56.971700+00:00,201,15193.38,
2026-09-11T20:27:56.971700+00:00,201,15184.66,
2026-09-11T20:27:56.971700+00:00,201,15195.69,
2026-09-11T20:27:56.971700+00:00,201,15186.71,
2026-09-11T20:27:56.971700+00:00,201,15203.00,
2026-09-11T20:27:56.971700+00:00,201,15195.26,
2026-09-11T20:27:56.987981+00:00,201,15190.07,
2026-09-11T20:27:56.987981+00:00,201,15189.37,
2026-09-11T20:27:57.018992+00:00,201,15159.93,
2026-09-11T20:27:53.073686+00:00,201,19107.07,
2026-09-11T20:27:56.354089+00:00,201,15834.60,
2026-09-11T20:27:54.895274+00:00,201,17299.33,
2026-09-11T20:27:54.996260+00:00,201,17204.74,
2026-09-11T20:27:54.595863+00:00,201,17605.12,
2026-09-11T20:27:54.974293+00:00,201,17221.75,
2026-09-11T20:27:55.338780+00:00,201,16855.83,
2026-09-11T20:27:54.563000+00:00,201,17634.10,
2026-09-11T20:27:55.123640+00:00,201,17087.42,
2026-09-11T20:27:55.529957+00:00,201,16675.10,
2026-09-11T20:27:57.194223+00:00,201,15031.81,
2026-09-11T20:27:56.640854+00:00,201,15591.54,
2026-09-11T20:27:56.243085+00:00,201,15981.03,
2026-09-11T20:27:56.227038+00:00,201,16000.04,
2026-09-11T20:27:45.551273+00:00,201,26683.71,
2026-09-11T20:27:56.625007+00:00,201,15605.57,
2026-09-11T20:27:56.390292+00:00,201,15853.35,
2026-09-11T20:27:48.034368+00:00,201,24205.78,
2026-09-11T20:27:56.390292+00:00,201,15857.14,
2026-09-11T20:27:56.704058+00:00,201,15543.95,
2026-09-11T20:27:54.879394+00:00,201,17372.71,
2026-09-11T20:27:56.387180+00:00,201,15877.40,
2026-09-11T20:27:54.584665+00:00,201,17682.09,
2026-09-11T20:27:52.425624+00:00,201,19841.45,
2026-09-11T20:27:51.855510+00:00,201,20407.70,
2026-09-11T20:27:53.279887+00:00,201,18994.30,
2026-09-11T20:27:56.354089+00:00,201,15921.08,
2026-09-11T20:27:55.181056+00:00,201,17100.69,
2026-09-11T20:27:54.167575+00:00,201,18110.94,
2026-09-11T20:27:55.338780+00:00,201,16949.83,
2026-09-11T20:27:45.785603+00:00,201,26513.59,
2026-09-11T20:27:55.275463+00:00,201,17023.08,
2026-09-11T20:27:52.059862+00:00,201,20243.47,
2026-09-11T20:27:46.551070+00:00,201,25750.39,
2026-09-11T20:27:51.143590+00:00,201,21154.00,
2026-09-11T20:27:47.172711+00:00,201,25130.44,
2026-09-11T20:27:46.152746+00:00,201,26161.68,
2026-09-11T20:27:46.216626+00:00,201,26104.83,
2026-09-11T20:27:45.837130+00:00,201,26486.69,
2026-09-11T20:27:55.597364+00:00,201,16727.65,
2026-09-11T20:27:47.393504+00:00,201,24941.86,
2026-09-11T20:27:57.842173+00:00,201,14498.71,
2026-09-11T20:27:47.918644+00:00,201,24419.36,
2026-09-11T20:27:56.369989+00:00,201,15971.59,
2026-09-11T20:27:54.910329+00:00,201,17438.26,
2026-09-11T20:27:56.625007+00:00,201,15721.59,
2026-09-11T20:27:56.354089+00:00,201,15990.79,
2026-09-11T20:27:45.897623+00:00,201,26456.32,
2026-09-11T20:27:51.522009+00:00,201,20821.69,
2026-09-11T20:27:46.233848+00:00,201,26118.29,
2026-09-11T20:27:47.783952+00:00,201,24572.13,
2026-09-11T20:27:47.408533+00:00,201,24948.84,
2026-09-11T20:27:47.937421+00:00,201,24418.64,
2026-09-11T20:27:45.985839+00:00,201,26382.11,
2026-09-11T20:27:54.913005+00:00,201,17457.04,
2026-09-11T20:27:52.849461+00:00,201,19523.07,
2026-09-11T20:27:54.831945+00:00,201,17538.52,
2026-09-11T20:27:53.359367+00:00,201,19009.09,
2026-09-11T20:27:53.961595+00:00,201,18413.38,
2026-09-11T20:27:56.354089+00:00,201,16015.04,
2026-09-11T20:27:51.537723+00:00,201,20834.92,
2026-09-11T20:27:56.830512+00:00,201,15765.52,
2026-09-11T20:27:56.147674+00:00,201,16454.65,
2026-09-11T20:27:56.909029+00:00,201,15708.97,
2026-09-11T20:27:56.909029+00:00,201,15713.16,
2026-09-11T20:27:56.925206+00:00,201,15707.51,
2026-09-11T20:27:56.925206+00:00,201,15700.31,
2026-09-11T20:27:56.925206+00:00,201,15709.49,
2026-09-11T20:27:56.940362+00:00,201,15696.02,
2026-09-11T20:27:56.940362+00:00,201,15688.29,
2026-09-11T20:27:56.925206+00:00,201,15707.90,
2026-09-11T20:27:56.940362+00:00,201,15701.76,
2026-09-11T20:27:56.940362+00:00,201,15698.82,
2026-09-11T20:27:56.964491+00:00,201,15684.43,
2026-09-11T20:27:56.940362+00:00,201,15699.19,
2026-09-11T20:27:56.971700+00:00,201,15678.40,
2026-09-11T20:27:56.971700+00:00,201,15679.85,
2026-09-11T20:27:56.971700+00:00,201,15678.32,
2026-09-11T20:27:56.987981+00:00,201,15670.69,
2026-09-11T20:27:56.987981+00:00,201,15670.19,
2026-09-11T20:27:57.168170+00:00,201,15520.26,
2026-09-11T20:27:55.824089+00:00,201,16866.57,
2026-09-11T20:27:56.024348+00:00,201,16673.05,
2026-09-11T20:27:56.398596+00:00,201,16317.50,
2026-09-11T20:27:56.369989+00:00,201,16455.03,
2026-09-11T20:27:54.895274+00:00,201,17940.14,
2026-09-11T20:27:53.327627+00:00,201,19536.35,
2026-09-11T20:27:56.625007+00:00,201,16245.57,
2026-09-11T20:27:56.672441+00:00,201,16199.89,
2026-09-11T20:27:46.257909+00:00,201,26626.34,
2026-09-11T20:27:54.831945+00:00,201,18046.79,
2026-09-11T20:27:47.967161+00:00,201,24917.40,
2026-09-11T20:27:51.823789+00:00,201,21053.37,
2026-09-11T20:27:46.072538+00:00,201,26815.36,
2026-09-11T20:27:47.435989+00:00,201,25458.05,
2026-09-11T20:27:56.338051+00:00,201,16557.79,
2026-09-11T20:27:53.382352+00:00,201,19516.94,
2026-09-11T20:27:54.915638+00:00,201,17986.65,
2026-09-11T20:27:58.002256+00:00,201,14902.24,
2026-09-11T20:27:56.369989+00:00,201,16535.31,
2026-09-11T20:27:56.354089+00:00,201,16543.98,
2026-09-11T20:27:46.264056+00:00,201,26636.33,
2026-09-11T20:27:45.753972+00:00,201,27158.55,
2026-09-11T20:27:45.932665+00:00,201,26976.19,
2026-09-11T20:27:54.831945+00:00,201,18071.24,
2026-09-11T20:27:53.393259+00:00,201,19519.17,
2026-09-11T20:27:56.354089+00:00,201,16563.36,
2026-09-11T20:27:47.984463+00:00,201,24924.74,
2026-09-11T20:27:56.338051+00:00,201,16580.34,
2026-09-11T20:27:45.929228+00:00,201,26990.92,
2026-09-11T20:27:54.915638+00:00,201,18006.15,
2026-09-11T20:27:46.694708+00:00,201,26227.95,
2026-09-11T20:27:45.724717+00:00,201,27200.95,
2026-09-11T20:27:48.018781+00:00,201,24909.29,
2026-09-11T20:27:54.847596+00:00,201,18082.06,
2026-09-11T20:27:46.282174+00:00,201,26638.86,
2026-09-11T20:27:46.710382+00:00,201,26219.61,
2026-09-11T20:27:54.915638+00:00,201,18011.97,
2026-09-11T20:27:53.407680+00:00,201,19523.65,
2026-09-11T20:27:56.354089+00:00,201,16573.40,
2026-09-11T20:27:45.897623+00:00,201,27034.25,
2026-09-11T20:27:56.338051+00:00,201,16598.05,
2026-09-11T20:27:46.729429+00:00,201,26212.73,
2026-09-11T20:27:46.305556+00:00,201,26632.01,
2026-09-11T20:27:45.860494+00:00,201,27082.60,
2026-09-11T20:27:56.324352+00:00,201,16611.02,
2026-09-11T20:27:53.438677+00:00,201,19504.98,
2026-09-11T20:27:56.338051+00:00,201,16610.88,
2026-09-11T20:27:53.454452+00:00,201,19493.04,
2026-09-11T20:27:46.757796+00:00,201,26188.45,
2026-09-11T20:27:48.065005+00:00,201,24887.86,
2026-09-11T20:27:46.348326+00:00,201,26604.09,
2026-09-11T20:27:46.478048+00:00,201,26477.72,
2026-09-11T20:27:47.536616+00:00,201,25408.59,
2026-09-11T20:27:53.470314+00:00,201,19486.70,
2026-09-11T20:27:46.371225+00:00,201,26587.28,
2026-09-11T20:27:46.774344+00:00,201,26182.93,
2026-09-11T20:27:48.085029+00:00,201,24874.18,
2026-09-11T20:27:58.495166+00:00,201,14467.86,
2026-09-11T20:27:48.108902+00:00,201,24852.62,
2026-09-11T20:27:47.583535+00:00,201,25385.34,
2026-09-11T20:27:46.794072+00:00,201,26174.00,
2026-09-11T20:27:45.780571+00:00,201,27190.89,
2026-09-11T20:27:53.488061+00:00,201,19484.28,
2026-09-11T20:27:46.386063+00:00,201,26585.80,
2026-09-11T20:27:46.805241+00:00,201,26163.83,
2026-09-11T20:27:45.906734+00:00,201,27067.01,
2026-09-11T20:27:29.811277+00:00,201,43168.04,
2026-09-11T20:27:48.138761+00:00,201,24841.87,
2026-09-11T20:27:53.502131+00:00,201,19477.59,
2026-09-11T20:27:46.821148+00:00,201,26153.26,
2026-09-11T20:27:46.008969+00:00,201,26972.33,
2026-09-11T20:27:48.157486+00:00,201,24823.26,
2026-09-11T20:27:45.833343+00:00,201,27153.67,
2026-09-11T20:27:53.517815+00:00,201,19469.31,
2026-09-11T20:27:58.580501+00:00,201,14404.74,
2026-09-11T20:27:45.515705+00:00,201,27467.66,
2026-09-11T20:27:46.840018+00:00,201,26146.77,
2026-09-11T20:27:53.533482+00:00,201,19459.03,
2026-09-11T20:27:45.770126+00:00,201,27219.17,
2026-09-11T20:27:48.184658+00:00,201,24810.14,
2026-09-11T20:27:45.977714+00:00,201,27021.10,
2026-09-11T20:27:53.549622+00:00,201,19449.30,
2026-09-11T20:27:46.860571+00:00,201,26138.19,
2026-09-11T20:27:46.491543+00:00,201,26509.78,
2026-09-11T20:27:48.209974+00:00,201,24792.52,
2026-09-11T20:27:53.565284+00:00,201,19439.50,
2026-09-11T20:27:58.650791+00:00,201,14356.43,
2026-09-11T20:27:48.238328+00:00,201,24768.07,
2026-09-11T20:27:46.996115+00:00,201,26012.78,
2026-09-11T20:27:46.880068+00:00,201,26131.76,
2026-09-11T20:27:46.897586+00:00,201,26114.56,
2026-09-11T20:27:53.582506+00:00,201,19431.85,
2026-09-11T20:27:48.265981+00:00,201,24747.78,
2026-09-11T20:27:50.858680+00:00,201,22152.15,
2026-09-11T20:27:56.672441+00:00,201,16337.70,
2026-09-11T20:27:53.597450+00:00,201,19423.05,
2026-09-11T20:27:48.329214+00:00,201,24693.04,
2026-09-11T20:27:48.297592+00:00,201,24726.75,
2026-09-11T20:27:45.788698+00:00,201,27236.81,
2026-09-11T20:27:47.745661+00:00,201,25282.15,
2026-09-11T20:27:46.900652+00:00,201,26119.37,
2026-09-11T20:27:54.721165+00:00,201,18308.51,
2026-09-11T20:27:58.709847+00:00,201,14321.82,
2026-09-11T20:27:48.365829+00:00,201,24668.71,
2026-09-11T20:27:45.804843+00:00,201,27225.21,
2026-09-11T20:27:48.399238+00:00,201,24638.63,
2026-09-11T20:27:28.407572+00:00,201,44631.78,
2026-09-11T20:27:54.800545+00:00,201,18227.72,
2026-09-11T20:27:52.235957+00:00,201,20796.03,
2026-09-11T20:27:52.081909+00:00,201,20959.25,
2026-09-11T20:27:48.429540+00:00,201,24615.72,
2026-09-11T20:27:36.399206+00:00,201,36643.70,
2026-09-11T20:27:58.759265+00:00,201,14286.81,
2026-09-11T20:27:52.322018+00:00,201,20723.62,
2026-09-11T20:27:46.079623+00:00,201,26964.52,
2026-09-11T20:27:52.441733+00:00,201,20600.80,
2026-09-11T20:27:48.466026+00:00,201,24587.91,
2026-09-11T20:27:58.796802+00:00,201,14257.33,
2026-09-11T20:27:48.498460+00:00,201,24558.56,
2026-09-11T20:27:56.698896+00:00,201,16356.03,
2026-09-11T20:27:52.585122+00:00,201,20468.78,
2026-09-11T20:27:48.533843+00:00,201,24527.19,
2026-09-11T20:27:48.567361+00:00,201,24491.24,
2026-09-11T20:27:47.809478+00:00,201,25252.55,
2026-09-11T20:27:48.594119+00:00,201,24463.90,
2026-09-11T20:27:58.825446+00:00,201,14237.79,
2026-09-11T20:27:56.688087+00:00,201,16380.85,
2026-09-11T20:27:48.624701+00:00,201,24438.08,
2026-09-11T20:27:48.664029+00:00,201,24407.31,
2026-09-11T20:27:54.800545+00:00,201,18269.81,
2026-09-11T20:27:56.698896+00:00,201,16374.07,
2026-09-11T20:27:48.702408+00:00,201,24371.90,
2026-09-11T20:27:52.191774+00:00,201,20881.80,
2026-09-11T20:27:48.798362+00:00,201,24275.81,
2026-09-11T20:27:48.750062+00:00,201,24329.63,
2026-09-11T20:27:50.700348+00:00,201,22374.31,
2026-09-11T20:27:51.922002+00:00,201,21159.06,
2026-09-11T20:27:58.851681+00:00,201,14225.27,
2026-09-11T20:27:48.842492+00:00,201,24242.91,
2026-09-11T20:27:48.920539+00:00,201,24165.17,
2026-09-11T20:27:48.892689+00:00,201,24195.94,
2026-09-11T20:27:58.892136+00:00,201,14195.98,
2026-09-11T20:27:48.940348+00:00,201,24140.18,
2026-09-11T20:27:48.977325+00:00,201,24112.74,
2026-09-11T20:27:49.006940+00:00,201,24085.35,
2026-09-11T20:27:58.913182+00:00,201,14177.57,
2026-09-11T20:27:45.916083+00:00,201,27181.81,
2026-09-11T20:27:46.017102+00:00,201,27079.80,
2026-09-11T20:27:45.740509+00:00,201,27352.33,
2026-09-11T20:27:46.502756+00:00,201,26592.56,
2026-09-11T20:27:47.014036+00:00,201,26089.41,
2026-09-11T20:27:58.944730+00:00,201,14160.95,
2026-09-11T20:27:49.201831+00:00,201,23903.73,
2026-09-11T20:27:47.116989+00:00,201,25992.85,
2026-09-11T20:27:58.965907+00:00,201,14138.53,
2026-09-11T20:27:49.233424+00:00,201,23877.64,
2026-09-11T20:27:49.262434+00:00,201,23847.46,
2026-09-11T20:27:49.289610+00:00,201,23818.48,
2026-09-11T20:27:49.335087+00:00,201,23783.85,
2026-09-11T20:27:49.362108+00:00,201,23754.37,
2026-09-11T20:27:58.993016+00:00,201,14126.69,
2026-09-11T20:27:49.386352+00:00,201,23726.50,
2026-09-11T20:27:49.423585+00:00,201,23695.38,
2026-09-11T20:27:49.452108+00:00,201,23666.08,
2026-09-11T20:27:59.016808+00:00,201,14109.45,
2026-09-11T20:27:49.520206+00:00,201,23605.25,
2026-09-11T20:27:49.483791+00:00,201,23638.62,
2026-09-11T20:27:59.026360+00:00,201,14098.79,
2026-09-11T20:27:49.586638+00:00,201,23546.82,
2026-09-11T20:27:49.553654+00:00,201,23579.85,
2026-09-11T20:27:49.620093+00:00,201,23517.51,
2026-09-11T20:27:59.046161+00:00,201,14088.25,
2026-09-11T20:27:49.661571+00:00,201,23476.94,
2026-09-11T20:27:49.720324+00:00,201,23420.14,
2026-09-11T20:27:49.758457+00:00,201,23383.82,
2026-09-11T20:27:49.798333+00:00,201,23345.21,
2026-09-11T20:27:49.988080+00:00,201,23158.45,
2026-09-11T20:27:49.927403+00:00,201,23210.92,
2026-09-11T20:27:59.073444+00:00,201,14064.90,
2026-09-11T20:27:49.832379+00:00,201,23317.93,
2026-09-11T20:27:49.880601+00:00,201,23270.28,
2026-09-11T20:27:50.020884+00:00,201,23132.20,
2026-09-11T20:27:50.051378+00:00,201,23100.17,
2026-09-11T20:27:50.083566+00:00,201,23067.85,
2026-09-11T20:27:50.122621+00:00,201,23035.18,
2026-09-11T20:27:59.104286+00:00,201,14055.82,
2026-09-11T20:27:50.158480+00:00,201,23003.06,
2026-09-11T20:27:50.188034+00:00,201,22969.49,
2026-09-11T20:27:50.225901+00:00,201,22936.42,
2026-09-11T20:27:59.119973+00:00,201,14046.05,
2026-09-11T20:28:01.451875+00:00,201,11830.85,
2026-09-11T20:28:01.487473+00:00,201,11799.65,
2026-09-11T20:28:01.479393+00:00,201,11809.72,
2026-09-11T20:28:01.510859+00:00,201,11780.77,
2026-09-11T20:28:01.574964+00:00,201,11718.30,
2026-09-11T20:28:01.542857+00:00,201,11752.24,
2026-09-11T20:28:01.638148+00:00,201,11659.64,
2026-09-11T20:27:56.830512+00:00,201,16493.01,
2026-09-11T20:27:56.024348+00:00,201,17298.56,
2026-09-11T20:27:56.846194+00:00,201,16489.08,
2026-09-11T20:27:56.900462+00:00,201,16441.25,
2026-09-11T20:27:56.900462+00:00,201,16444.45,
2026-09-11T20:27:56.925206+00:00,201,16418.27,
2026-09-11T20:27:56.909029+00:00,201,16439.14,
2026-09-11T20:27:56.909029+00:00,201,16439.86,
2026-09-11T20:27:56.925206+00:00,201,16428.13,
2026-09-11T20:27:56.940362+00:00,201,16406.72,
2026-09-11T20:27:56.740733+00:00,201,16666.27,
2026-09-11T20:27:50.257986+00:00,201,23175.62,
2026-09-11T20:27:50.291147+00:00,201,23148.99,
2026-09-11T20:27:59.136167+00:00,201,14311.48,
2026-09-11T20:27:45.923888+00:00,201,27528.76,
2026-09-11T20:27:50.341272+00:00,201,23113.62,
2026-09-11T20:27:46.025082+00:00,201,27426.33,
2026-09-11T20:27:45.869408+00:00,201,27583.76,
2026-09-11T20:27:46.527441+00:00,201,26930.21,
2026-09-11T20:27:59.151433+00:00,201,14303.61,
2026-09-11T20:27:29.983097+00:00,201,43479.13,
2026-09-11T20:27:47.127531+00:00,201,26330.68,
2026-09-11T20:27:50.763659+00:00,201,22693.09,
2026-09-11T20:27:57.263684+00:00,201,16204.66,
2026-09-11T20:27:51.839823+00:00,201,21620.15,
2026-09-11T20:27:59.174962+00:00,201,14290.25,
2026-09-11T20:27:51.887056+00:00,201,21582.99,
2026-09-11T20:27:50.604804+00:00,201,22866.31,
2026-09-11T20:27:51.871279+00:00,201,21600.09,
2026-09-11T20:27:59.192044+00:00,201,14282.27,
2026-09-11T20:27:52.125003+00:00,201,21341.12,
2026-09-11T20:27:54.815876+00:00,201,18663.82,
2026-09-11T20:27:56.324352+00:00,201,17156.80,
2026-09-11T20:27:52.489658+00:00,201,20989.28,
2026-09-11T20:27:59.212429+00:00,201,14274.88,
2026-09-11T20:27:57.272672+00:00,201,16213.41,
2026-09-11T20:27:52.631902+00:00,201,20855.51,
2026-09-11T20:27:59.228543+00:00,201,14265.48,
2026-09-11T20:27:57.272672+00:00,201,16217.64,
2026-09-11T20:27:52.915382+00:00,201,20581.09,
2026-09-11T20:27:59.230844+00:00,201,14255.17,
2026-09-11T20:27:57.272672+00:00,201,16220.60,
2026-09-11T20:27:56.338051+00:00,201,17155.10,
2026-09-11T20:27:53.708227+00:00,201,19788.66,
2026-09-11T20:27:59.263713+00:00,201,14244.97,
2026-09-11T20:27:53.248105+00:00,201,20249.31,
2026-09-11T20:27:54.847596+00:00,201,18655.28,
2026-09-11T20:27:56.338051+00:00,201,17161.37,
2026-09-11T20:27:54.863644+00:00,201,18650.56,
2026-09-11T20:27:53.676202+00:00,201,19828.95,
2026-09-11T20:27:59.278523+00:00,201,14237.16,
2026-09-11T20:27:53.762120+00:00,201,19754.76,
2026-09-11T20:27:53.994832+00:00,201,19515.63,
2026-09-11T20:27:53.898138+00:00,201,19617.31,
2026-09-11T20:27:54.879394+00:00,201,18643.82,
2026-09-11T20:27:59.293899+00:00,201,14227.95,
2026-09-11T20:27:53.922691+00:00,201,19601.36,
2026-09-11T20:27:59.313990+00:00,201,14213.02,
2026-09-11T20:27:54.041180+00:00,201,19479.76,
2026-09-11T20:27:54.122900+00:00,201,19400.53,
2026-09-11T20:27:56.354089+00:00,201,17164.91,
2026-09-11T20:27:56.369989+00:00,201,17160.46,
2026-09-11T20:27:54.895274+00:00,201,18638.25,
2026-09-11T20:27:54.194548+00:00,201,19344.61,
2026-09-11T20:27:59.340467+00:00,201,14199.96,
2026-09-11T20:27:54.423233+00:00,201,19112.98,
2026-09-11T20:27:59.356139+00:00,201,14186.29,
2026-09-11T20:27:54.310396+00:00,201,19223.44,
2026-09-11T20:27:54.484237+00:00,201,19057.53,
2026-09-11T20:27:59.373537+00:00,201,14170.31,
2026-09-11T20:27:54.595863+00:00,201,18943.73,
2026-09-11T20:27:56.369989+00:00,201,17168.29,
2026-09-11T20:27:56.387180+00:00,201,17166.64,
2026-09-11T20:27:54.958220+00:00,201,18595.37,
2026-09-11T20:27:54.926580+00:00,201,18625.24,
2026-09-11T20:27:55.006552+00:00,201,18542.96,
2026-09-11T20:27:59.404000+00:00,201,14155.86,
2026-09-11T20:27:54.985088+00:00,201,18572.75,
2026-09-11T20:27:55.006552+00:00,201,18542.08,
2026-09-11T20:27:55.027595+00:00,201,18533.28,
2026-09-11T20:27:59.500177+00:00,201,14059.21,
2026-09-11T20:27:55.037362+00:00,201,18519.45,
2026-09-11T20:27:55.069099+00:00,201,18497.86,
2026-09-11T20:27:55.101160+00:00,201,18465.91,
2026-09-11T20:27:59.531728+00:00,201,14039.41,
2026-09-11T20:27:55.133190+00:00,201,18432.22,
2026-09-11T20:27:55.166979+00:00,201,18396.42,
2026-09-11T20:27:55.228089+00:00,201,18336.51,
2026-09-11T20:27:59.550924+00:00,201,14024.33,
2026-09-11T20:27:55.259633+00:00,201,18317.64,
2026-09-11T20:27:55.293631+00:00,201,18283.56,
2026-09-11T20:27:55.259633+00:00,201,18306.98,
2026-09-11T20:27:55.370475+00:00,201,18206.08,
2026-09-11T20:27:55.406846+00:00,201,18174.91,
2026-09-11T20:27:55.354650+00:00,201,18228.08,
2026-09-11T20:27:55.450129+00:00,201,18134.74,
2026-09-11T20:27:59.577955+00:00,201,14009.67,
2026-09-11T20:27:55.465971+00:00,201,18114.44,
2026-09-11T20:27:55.497838+00:00,201,18090.00,
2026-09-11T20:27:59.594194+00:00,201,13997.94,
2026-09-11T20:27:57.335968+00:00,201,16254.64,
2026-09-11T20:27:57.325432+00:00,201,16261.40,
2026-09-11T20:27:59.612120+00:00,201,13985.37,
2026-09-11T20:27:55.545630+00:00,201,18050.83,
2026-09-11T20:27:55.609542+00:00,201,17980.51,
2026-09-11T20:27:55.656137+00:00,201,17940.36,
2026-09-11T20:27:55.640113+00:00,201,17956.85,
2026-09-11T20:27:55.672181+00:00,201,17916.44,
2026-09-11T20:27:55.724149+00:00,201,17874.21,
2026-09-11T20:27:55.667166+00:00,201,17937.58,
2026-09-11T20:27:59.625729+00:00,201,13980.00,
2026-09-11T20:27:55.694813+00:00,201,17909.27,
2026-09-11T20:27:59.656551+00:00,201,13952.42,
2026-09-11T20:27:55.751066+00:00,201,17852.45,
2026-09-11T20:27:55.846438+00:00,201,17756.48,
2026-09-11T20:27:55.786196+00:00,201,17821.53,
2026-09-11T20:27:56.005276+00:00,201,17609.39,
2026-09-11T20:27:55.957534+00:00,201,17653.88,
2026-09-11T20:27:55.878018+00:00,201,17739.49,
2026-09-11T20:27:59.672531+00:00,201,13945.34,
2026-09-11T20:27:56.036770+00:00,201,17570.37,
2026-09-11T20:27:55.997813+00:00,201,17622.14,
2026-09-11T20:27:56.052577+00:00,201,17557.55,
2026-09-11T20:27:59.704181+00:00,201,13921.54,
2026-09-11T20:27:56.068079+00:00,201,17547.94,
2026-09-11T20:27:56.100002+00:00,201,17513.87,
2026-09-11T20:27:56.084053+00:00,201,17538.84,
2026-09-11T20:27:59.720049+00:00,201,13911.46,
2026-09-11T20:27:56.167541+00:00,201,17465.45,
2026-09-11T20:27:56.132044+00:00,201,17501.21,
2026-09-11T20:27:56.132044+00:00,201,17489.49,
2026-09-11T20:27:56.167541+00:00,201,17462.90,
2026-09-11T20:27:56.211616+00:00,201,17422.78,
2026-09-11T20:27:56.187073+00:00,201,17450.81,
2026-09-11T20:27:56.198145+00:00,201,17438.85,
2026-09-11T20:27:56.243085+00:00,201,17392.21,
2026-09-11T20:27:59.737642+00:00,201,13898.20,
2026-09-11T20:27:56.609824+00:00,201,17023.71,
2026-09-11T20:27:56.640854+00:00,201,17002.06,
2026-09-11T20:27:56.656569+00:00,201,16986.69,
2026-09-11T20:27:56.640854+00:00,201,16993.64,
2026-09-11T20:27:59.753774+00:00,201,13889.15,
2026-09-11T20:27:56.640854+00:00,201,17001.35,
2026-09-11T20:27:59.781305+00:00,201,13872.67,
2026-09-11T20:27:45.724717+00:00,201,27925.41,
2026-09-11T20:27:56.656569+00:00,201,16989.21,
2026-09-11T20:27:33.959484+00:00,201,39692.99,
2026-09-11T20:27:59.800018+00:00,201,13857.97,
2026-09-11T20:27:46.189765+00:00,201,27464.43,
2026-09-11T20:27:47.154829+00:00,201,26507.23,
2026-09-11T20:27:46.632234+00:00,201,27027.60,
2026-09-11T20:27:59.831479+00:00,201,13832.06,
2026-09-11T20:27:47.319554+00:00,201,26338.83,
2026-09-11T20:27:46.088599+00:00,201,27570.97,
2026-09-11T20:27:58.205076+00:00,201,15451.41,
2026-09-11T20:27:52.283169+00:00,201,21377.70,
2026-09-11T20:27:54.879394+00:00,201,18782.40,
2026-09-11T20:27:54.800545+00:00,201,18863.57,
2026-09-11T20:27:58.281503+00:00,201,15393.41,
2026-09-11T20:27:54.066849+00:00,201,19606.14,
2026-09-11T20:27:46.104731+00:00,201,27571.15,
2026-09-11T20:27:59.863209+00:00,201,13813.37,
2026-09-11T20:27:53.422611+00:00,201,20252.79,
2026-09-11T20:27:59.879019+00:00,201,13798.77,
2026-09-11T20:27:46.327953+00:00,201,27353.46,
2026-09-11T20:27:59.894616+00:00,201,13776.22,
2026-09-11T20:27:46.745679+00:00,201,26940.85,
2026-09-11T20:27:59.916071+00:00,201,13768.78,
2026-09-11T20:27:59.925919+00:00,201,13761.90,
2026-09-11T20:27:59.957973+00:00,201,13733.84,
2026-09-11T20:27:59.990069+00:00,201,13703.13,
2026-09-11T20:28:00.021983+00:00,201,13672.66,
2026-09-11T20:28:00.027999+00:00,201,13668.39,
2026-09-11T20:28:00.073815+00:00,201,13623.20,
2026-09-11T20:28:00.069608+00:00,201,13629.30,
2026-09-11T20:28:00.101298+00:00,201,13598.92,
2026-09-11T20:28:00.105255+00:00,201,13595.62,
2026-09-11T20:28:00.132749+00:00,201,13570.48,
2026-09-11T20:28:00.136450+00:00,201,13566.68,
2026-09-11T20:28:00.164562+00:00,201,13541.89,
2026-09-11T20:28:00.170173+00:00,201,13537.48,
2026-09-11T20:28:00.196002+00:00,201,13513.31,
2026-09-11T20:28:00.227973+00:00,201,13482.67,
2026-09-11T20:28:00.259732+00:00,201,13452.32,
2026-09-11T20:28:00.263536+00:00,201,13449.93,
2026-09-11T20:28:00.291497+00:00,201,13423.38,
2026-09-11T20:28:00.294615+00:00,201,13421.39,
2026-09-11T20:28:00.323382+00:00,201,13394.48,
2026-09-11T20:28:00.326941+00:00,201,13392.48,
2026-09-11T20:28:00.354313+00:00,201,13366.58,
2026-09-11T20:28:00.359066+00:00,201,13363.53,
2026-09-11T20:28:00.401605+00:00,201,13322.34,
2026-09-11T20:28:00.405147+00:00,201,13318.72,
2026-09-11T20:28:00.432935+00:00,201,13293.55,
2026-09-11T20:28:00.464596+00:00,201,13263.31,
2026-09-11T20:28:00.496388+00:00,201,13232.96,
2026-09-11T20:28:00.528141+00:00,201,13202.74,
2026-09-11T20:28:00.559550+00:00,201,13172.75,
2026-09-11T20:28:00.591418+00:00,201,13142.86,
2026-09-11T20:28:00.622899+00:00,201,13112.82,
2026-09-11T20:28:00.654678+00:00,201,13082.74,
2026-09-11T20:28:00.685911+00:00,201,13052.23,
2026-09-11T20:28:00.717872+00:00,201,13023.16,
2026-09-11T20:28:00.748897+00:00,201,12993.97,
2026-09-11T20:28:00.780754+00:00,201,12964.32,
2026-09-11T20:28:00.812469+00:00,201,12934.64,
2026-09-11T20:28:00.843883+00:00,201,12905.56,
2026-09-11T20:28:00.875853+00:00,201,12875.76,
2026-09-11T20:28:00.907525+00:00,201,12846.30,
2026-09-11T20:28:00.939591+00:00,201,12816.50,
2026-09-11T20:28:00.970940+00:00,201,12787.91,
2026-09-11T20:28:01.002620+00:00,201,12757.90,
2026-09-11T20:28:01.034257+00:00,201,12728.42,
2026-09-11T20:28:01.065966+00:00,201,12698.37,
2026-09-11T20:28:01.097940+00:00,201,12667.86,
2026-09-11T20:28:01.129611+00:00,201,12638.53,
2026-09-11T20:28:01.161477+00:00,201,12608.28,
2026-09-11T20:28:01.193116+00:00,201,12578.76,
2026-09-11T20:28:01.225400+00:00,201,12548.31,
2026-09-11T20:28:01.256456+00:00,201,12518.64,
2026-09-11T20:28:01.261198+00:00,201,12514.93,
2026-09-11T20:28:01.288146+00:00,201,12489.87,
2026-09-11T20:28:01.292907+00:00,201,12486.51,
2026-09-11T20:28:01.319914+00:00,201,12460.87,
2026-09-11T20:28:01.351877+00:00,201,12430.24,
2026-09-11T20:28:01.383927+00:00,201,12399.98,
2026-09-11T20:28:01.415952+00:00,201,12369.68,
2026-09-11T20:28:01.447849+00:00,201,12340.04,
2026-09-11T20:28:01.512893+00:00,201,12275.60,
2026-09-11T20:28:05.957421+00:00,0,7877.74,connection_error: 
2026-09-11T20:27:56.898694+00:00,201,16957.73,
2026-09-11T20:27:56.940362+00:00,201,16914.34,
2026-09-11T20:27:56.956031+00:00,201,16910.94,
2026-09-11T20:28:01.606292+00:00,201,12376.52,
2026-09-11T20:28:01.669824+00:00,201,12315.41,
2026-09-11T20:28:01.701379+00:00,201,12285.31,
2026-09-11T20:28:01.732813+00:00,201,12255.64,
2026-09-11T20:28:01.764641+00:00,201,12225.22,
2026-09-11T20:28:01.827377+00:00,201,12163.86,
2026-09-11T20:28:01.795877+00:00,201,12196.49,
2026-09-11T20:28:01.890183+00:00,201,12103.35,
2026-09-11T20:28:01.858855+00:00,201,12136.22,
2026-09-11T20:28:01.922000+00:00,201,12074.32,
2026-09-11T20:28:01.953339+00:00,201,12044.41,
2026-09-11T20:28:01.984880+00:00,201,12014.17,
2026-09-11T20:28:02.048820+00:00,201,11951.62,
2026-09-11T20:28:02.016838+00:00,201,11985.05,
2026-09-11T20:28:02.080655+00:00,201,11922.91,
2026-09-11T20:28:02.112531+00:00,201,11892.31,
2026-09-11T20:28:02.143557+00:00,201,11862.60,
2026-09-11T20:28:02.175048+00:00,201,11832.54,
2026-09-11T20:28:02.206366+00:00,201,11802.56,
2026-09-11T20:28:02.238158+00:00,201,11772.04,
2026-09-11T20:28:02.308352+00:00,201,11702.88,
2026-09-11T20:28:02.270259+00:00,201,11742.56,
2026-09-11T20:28:02.302093+00:00,201,11711.95,
2026-09-11T20:28:02.349042+00:00,201,11666.61,
2026-09-11T20:28:02.355385+00:00,201,11661.12,
2026-09-11T20:28:02.380574+00:00,201,11637.70,
2026-09-11T20:28:02.412919+00:00,201,11607.33,
2026-09-11T20:28:02.444262+00:00,201,11577.22,
2026-09-11T20:28:02.419535+00:00,201,11602.88,
2026-09-11T20:28:02.508346+00:00,201,11515.81,
2026-09-11T20:28:02.540174+00:00,201,11485.25,
2026-09-11T20:28:02.476277+00:00,201,11550.60,
2026-09-11T20:28:02.588225+00:00,201,11439.97,
2026-09-11T20:28:02.545857+00:00,201,11483.51,
2026-09-11T20:28:02.651526+00:00,201,11379.49,
2026-09-11T20:28:02.619830+00:00,201,11412.54,
2026-09-11T20:28:02.622967+00:00,201,11410.29,
2026-09-11T20:28:02.699276+00:00,201,11336.07,
2026-09-11T20:28:02.657539+00:00,201,11378.89,
2026-09-11T20:28:02.730887+00:00,201,11307.33,
2026-09-11T20:28:02.762439+00:00,201,11277.15,
2026-09-11T20:28:02.794307+00:00,201,11246.55,
2026-09-11T20:28:02.889215+00:00,201,11153.10,
2026-09-11T20:28:02.857401+00:00,201,11186.26,
2026-09-11T20:28:02.921019+00:00,201,11124.00,
2026-09-11T20:28:02.825814+00:00,201,11220.31,
2026-09-11T20:28:02.984375+00:00,201,11063.21,
2026-09-11T20:28:02.952768+00:00,201,11096.01,
2026-09-11T20:28:03.016000+00:00,201,11034.31,
2026-09-11T20:28:03.078526+00:00,201,10973.20,
2026-09-11T20:28:03.110471+00:00,201,10942.68,
2026-09-11T20:28:03.047266+00:00,201,11007.18,
2026-09-11T20:28:03.141803+00:00,201,10914.00,
2026-09-11T20:28:03.205414+00:00,201,10851.64,
2026-09-11T20:28:03.173622+00:00,201,10884.79,
2026-09-11T20:28:03.268212+00:00,201,10791.58,
2026-09-11T20:28:03.237181+00:00,201,10823.97,
2026-09-11T20:28:03.363802+00:00,201,10698.53,
2026-09-11T20:28:03.332357+00:00,201,10731.47,
2026-09-11T20:28:03.300276+00:00,201,10764.92,
2026-09-11T20:28:03.434028+00:00,201,10632.36,
2026-09-11T20:28:03.475299+00:00,201,10592.49,
2026-09-11T20:28:03.427251+00:00,201,10641.95,
2026-09-11T20:28:03.395785+00:00,201,10674.79,
2026-09-11T20:28:03.506387+00:00,201,10565.53,
2026-09-11T20:28:03.544743+00:00,201,10528.60,
2026-09-11T20:28:03.569087+00:00,201,10504.07,
2026-09-11T20:28:03.537770+00:00,201,10538.09,
2026-09-11T20:28:03.582580+00:00,201,10493.81,
2026-09-11T20:28:03.573103+00:00,201,10504.24,
2026-09-11T20:28:03.639933+00:00,201,10439.63,
2026-09-11T20:28:03.601002+00:00,201,10480.58,
2026-09-11T20:28:03.559548+00:00,201,10523.43,
2026-09-11T20:28:03.563563+00:00,201,10519.52,
2026-09-11T20:28:03.692532+00:00,201,10392.02,
2026-09-11T20:28:03.660684+00:00,201,10426.16,
2026-09-11T20:28:03.611555+00:00,201,10477.25,
2026-09-11T20:28:03.830364+00:00,201,10257.92,
2026-09-11T20:28:03.731075+00:00,201,10359.27,
2026-09-11T20:28:03.758710+00:00,201,10334.24,
2026-09-11T20:28:03.896574+00:00,201,10195.83,
2026-09-11T20:28:03.936391+00:00,201,10157.72,
2026-09-11T20:28:04.319015+00:00,201,9783.33,
2026-09-11T20:28:04.571882+00:00,201,9532.66,
2026-09-11T20:27:56.877572+00:00,201,17225.18,
2026-09-11T20:27:56.909029+00:00,201,17199.36,
2026-09-11T20:27:56.925206+00:00,201,17189.70,
2026-09-11T20:27:55.101160+00:00,201,19058.42,
2026-09-11T20:27:56.898694+00:00,201,17350.12,
2026-09-11T20:27:56.940362+00:00,201,17306.87,
2026-09-11T20:27:56.900462+00:00,201,17502.72,
2026-09-11T20:27:56.909029+00:00,201,17495.77,
2026-09-11T20:28:12.577486+00:00,201,3258.75,
2026-09-11T20:28:05.988106+00:00,201,15853.46,
2026-09-11T20:28:11.750877+00:00,201,10096.66,
2026-09-11T20:28:11.750877+00:00,201,10099.27,
2026-09-11T20:28:03.594133+00:00,201,18272.15,
2026-09-11T20:28:11.742790+00:00,201,10122.17,
2026-09-11T20:28:04.655792+00:00,201,17228.98,
2026-09-11T20:28:11.750877+00:00,201,10132.37,
2026-09-11T20:28:11.750877+00:00,201,10130.33,
2026-09-11T20:28:11.750877+00:00,201,10138.88,
2026-09-11T20:28:11.750877+00:00,201,10152.40,
2026-09-11T20:28:11.779619+00:00,201,10228.27,
2026-09-11T20:28:11.772268+00:00,201,10240.42,
2026-09-11T20:28:11.766997+00:00,201,10258.82,
2026-09-11T20:28:11.750877+00:00,201,10269.30,
2026-09-11T20:28:11.773965+00:00,201,10259.47,
2026-09-11T20:28:11.782684+00:00,201,10258.15,
2026-09-11T20:28:11.766997+00:00,201,10278.09,
2026-09-11T20:28:11.773965+00:00,201,10275.43,
2026-09-11T20:28:11.766997+00:00,201,10286.21,
2026-09-11T20:28:11.782684+00:00,201,10322.83,
2026-09-11T20:28:11.798456+00:00,201,10417.34,
2026-09-11T20:28:11.782684+00:00,201,10438.85,
2026-09-11T20:28:11.798456+00:00,201,10428.42,
2026-09-11T20:28:11.798456+00:00,201,10445.19,
2026-09-11T20:28:11.782684+00:00,201,10460.45,
2026-09-11T20:28:11.782684+00:00,201,10457.45,
2026-09-11T20:28:11.782684+00:00,201,10464.63,
2026-09-11T20:28:11.782684+00:00,201,10474.10,
2026-09-11T20:28:11.798456+00:00,201,10473.95,
2026-09-11T20:28:11.782684+00:00,201,10495.88,
2026-09-11T20:28:11.798456+00:00,201,10503.61,
2026-09-11T20:28:11.815150+00:00,201,10501.92,
2026-09-11T20:28:11.815150+00:00,201,10515.99,
2026-09-11T20:28:11.815150+00:00,201,10524.62,
2026-09-11T20:28:11.830893+00:00,201,10516.26,
2026-09-11T20:28:11.815150+00:00,201,10536.39,
2026-09-11T20:28:11.798456+00:00,201,10559.20,
2026-09-11T20:28:11.830893+00:00,201,10544.63,
2026-09-11T20:28:11.815150+00:00,201,10560.52,
2026-09-11T20:28:11.812805+00:00,201,10580.11,
2026-09-11T20:28:11.798456+00:00,201,10597.30,
2026-09-11T20:28:11.836926+00:00,201,10567.58,
2026-09-11T20:28:11.825550+00:00,201,10596.51,
2026-09-11T20:28:11.845959+00:00,201,10587.48,
2026-09-11T20:28:11.830893+00:00,201,10610.02,
2026-09-11T20:28:11.825550+00:00,201,10626.11,
2026-09-11T20:28:11.825550+00:00,201,10639.57,
2026-09-11T20:28:11.836926+00:00,201,10642.21,
2026-09-11T20:28:11.830893+00:00,201,10658.99,
2026-09-11T20:28:11.836926+00:00,201,10660.53,
2026-09-11T20:28:11.815150+00:00,201,10713.24,
2026-09-11T20:28:11.798456+00:00,201,10778.99,
2026-09-11T20:28:11.836926+00:00,201,10772.08,
2026-09-11T20:28:11.836926+00:00,201,10789.50,
2026-09-11T20:28:11.845959+00:00,201,10800.49,
2026-09-11T20:28:11.845959+00:00,201,10818.10,
2026-09-11T20:28:11.845959+00:00,201,10852.58,
2026-09-11T20:28:11.861644+00:00,201,10850.32,
2026-09-11T20:28:11.845959+00:00,201,10884.42,
2026-09-11T20:28:11.845959+00:00,201,10895.74,
2026-09-11T20:28:11.861644+00:00,201,10901.49,
2026-09-11T20:28:11.845959+00:00,201,10949.06,
2026-09-11T20:28:11.861644+00:00,201,10972.78,
2026-09-11T20:28:11.845959+00:00,201,11061.03,
2026-09-11T20:28:11.861644+00:00,201,11071.84,
2026-09-11T20:28:11.836926+00:00,201,11128.82,
2026-09-11T20:28:11.861644+00:00,201,11139.71,
2026-09-11T20:28:11.877347+00:00,201,11149.37,
2026-09-11T20:28:11.861644+00:00,201,11185.56,
2026-09-11T20:28:11.877347+00:00,201,11206.07,
2026-09-11T20:28:11.861644+00:00,201,11247.99,
2026-09-11T20:28:11.877347+00:00,201,11255.65,
2026-09-11T20:28:11.861644+00:00,201,11291.87,
2026-09-11T20:28:11.861644+00:00,201,11321.08,
2026-09-11T20:28:11.845959+00:00,201,11353.69,
2026-09-11T20:28:11.877347+00:00,201,11359.37,
2026-09-11T20:28:11.861644+00:00,201,11432.56,
2026-09-11T20:28:11.893446+00:00,201,11428.04,
2026-09-11T20:28:11.877347+00:00,201,11466.39,
2026-09-11T20:28:11.893446+00:00,201,11465.03,
2026-09-11T20:28:11.893446+00:00,201,11494.45,
2026-09-11T20:28:11.893446+00:00,201,11510.07,
2026-09-11T20:28:11.893446+00:00,201,11536.51,
2026-09-11T20:28:11.877347+00:00,201,11566.11,
2026-09-11T20:28:11.893446+00:00,201,11570.93,
2026-09-11T20:28:11.861644+00:00,201,11638.36,
2026-09-11T20:28:11.925459+00:00,201,11598.63,
2026-09-11T20:28:11.893446+00:00,201,11647.35,
2026-09-11T20:28:11.893446+00:00,201,11676.91,
2026-09-11T20:28:11.909457+00:00,201,11688.71,
2026-09-11T20:28:11.877347+00:00,201,11737.98,
2026-09-11T20:28:11.877347+00:00,201,11766.07,
2026-09-11T20:28:11.909457+00:00,201,11761.84,
2026-09-11T20:28:11.893446+00:00,201,11797.26,
2026-09-11T20:28:11.909457+00:00,201,11822.41,
2026-09-11T20:28:11.893446+00:00,201,11869.97,
2026-09-11T20:28:11.909457+00:00,201,11903.98,
2026-09-11T20:28:11.877347+00:00,201,11970.00,
2026-09-11T20:28:11.909457+00:00,201,11983.45,
2026-09-11T20:28:11.925459+00:00,201,11995.29,
2026-09-11T20:28:11.909457+00:00,201,12027.90,
2026-09-11T20:28:11.909457+00:00,201,12076.46,
2026-09-11T20:28:11.925459+00:00,201,12092.80,
2026-09-11T20:28:11.909457+00:00,201,12143.10,
2026-09-11T20:28:11.877347+00:00,201,12207.46,
2026-09-11T20:28:11.925459+00:00,201,12190.53,
2026-09-11T20:28:11.909457+00:00,201,12230.94,
2026-09-11T20:28:11.925459+00:00,201,12254.51,
2026-09-11T20:28:11.925459+00:00,201,12283.91,
2026-09-11T20:28:11.941090+00:00,201,12305.56,
2026-09-11T20:28:11.925459+00:00,201,12341.67,
2026-09-11T20:28:11.937011+00:00,201,12371.09,
2026-09-11T20:28:11.497528+00:00,201,12833.47,
2026-09-11T20:28:11.941090+00:00,201,12431.29,
2026-09-11T20:28:11.941090+00:00,201,12462.82,
2026-09-11T20:28:11.941090+00:00,201,12492.48,
2026-09-11T20:28:11.941090+00:00,201,12523.72,
2026-09-11T20:28:11.909457+00:00,201,12585.16,
2026-09-11T20:28:11.941090+00:00,201,12594.69,
2026-09-11T20:28:11.956796+00:00,201,12615.87,
2026-09-11T20:28:11.941090+00:00,201,12652.95,
2026-09-11T20:28:11.497528+00:00,201,13129.94,
2026-09-11T20:28:11.941090+00:00,201,12724.18,
2026-09-11T20:28:11.937011+00:00,201,12775.42,
2026-09-11T20:28:11.941090+00:00,201,12798.57,
2026-09-11T20:28:11.956796+00:00,201,12829.20,
2026-09-11T20:28:11.497528+00:00,201,13317.61,
2026-09-11T20:28:11.513260+00:00,201,13339.67,
2026-09-11T20:28:11.956796+00:00,201,12938.70,
2026-09-11T20:28:11.956796+00:00,201,13109.04,
2026-09-11T20:28:11.956796+00:00,201,13172.06,
2026-09-11T20:28:11.973935+00:00,201,13230.05,
2026-09-11T20:28:11.956796+00:00,201,13281.51,
2026-09-11T20:28:11.956796+00:00,201,13316.10,
2026-09-11T20:28:11.956796+00:00,201,13359.80,
2026-09-11T20:28:11.956796+00:00,201,13395.27,
2026-09-11T20:28:11.972431+00:00,201,13430.26,
2026-09-11T20:28:11.956796+00:00,201,13478.99,
2026-09-11T20:28:11.975643+00:00,201,13507.28,
2026-09-11T20:28:11.973935+00:00,201,13551.00,
2026-09-11T20:28:11.975643+00:00,201,13727.17,
2026-09-11T20:28:11.975643+00:00,201,13762.98,
2026-09-11T20:28:11.975643+00:00,201,13800.19,
2026-09-11T20:28:11.975643+00:00,201,13842.77,
2026-09-11T20:28:11.975643+00:00,201,13887.26,
2026-09-11T20:28:11.988099+00:00,201,13918.25,
2026-09-11T20:28:11.975643+00:00,201,13968.95,
2026-09-11T20:28:11.988099+00:00,201,13999.56,
2026-09-11T20:28:11.988099+00:00,201,14047.21,
2026-09-11T20:28:11.988099+00:00,201,14086.44,
2026-09-11T20:28:11.988099+00:00,201,14126.07,
2026-09-11T20:28:11.988099+00:00,201,14177.28,
2026-09-11T20:28:11.988099+00:00,201,14225.07,
2026-09-11T20:28:11.988099+00:00,201,14279.49,
2026-09-11T20:28:11.419019+00:00,201,14889.68,
2026-09-11T20:28:11.386345+00:00,201,14964.93,
2026-09-11T20:28:11.988099+00:00,201,14401.85,
2026-09-11T20:28:11.354532+00:00,201,15072.14,
2026-09-11T20:28:11.425394+00:00,201,15053.83,
2026-09-11T20:28:11.436924+00:00,201,15083.68,
2026-09-11T20:28:12.837905+00:00,201,13725.98,
2026-09-11T20:28:11.372570+00:00,201,15234.18,
2026-09-11T20:28:11.536872+00:00,201,15106.82,
2026-09-11T20:28:11.450360+00:00,201,15233.65,
2026-09-11T20:28:11.545175+00:00,201,15179.78,
2026-09-11T20:28:11.988099+00:00,201,14776.98,
2026-09-11T20:28:11.576901+00:00,201,15234.46,
2026-09-11T20:28:11.561255+00:00,201,15297.50,
2026-09-11T20:28:11.592909+00:00,201,15307.21,
2026-09-11T20:28:11.592909+00:00,201,15357.64,
2026-09-11T20:28:12.837905+00:00,201,14167.09,
2026-09-11T20:28:11.637118+00:00,201,15442.19,
2026-09-11T20:28:11.450360+00:00,201,15682.92,
2026-09-11T20:28:11.529206+00:00,201,15650.81,
2026-09-11T20:28:11.612477+00:00,201,15642.91,
2026-09-11T20:28:12.891493+00:00,201,14684.17,
2026-09-11T20:28:12.891493+00:00,201,14838.05,
2026-09-11T20:28:12.900347+00:00,201,14975.72,
2026-09-11T20:28:12.938821+00:00,201,14972.67,
2026-09-11T20:28:12.923018+00:00,201,15033.52,
2026-09-11T20:28:12.923018+00:00,201,15092.09,
2026-09-11T20:28:12.907181+00:00,201,15164.52,
2026-09-11T20:28:12.938821+00:00,201,15207.09,
2026-09-11T20:28:12.923018+00:00,201,15313.18,
2026-09-11T20:28:12.923018+00:00,201,15366.36,
2026-09-11T20:28:12.907181+00:00,201,15557.79,
2026-09-11T20:28:12.923018+00:00,201,15595.12,
2026-09-11T20:28:12.954847+00:00,201,15620.21,
2026-09-11T20:28:12.938821+00:00,201,15704.85,
2026-09-11T20:28:12.978130+00:00,201,15809.79,
2026-09-11T20:28:12.971344+00:00,201,15841.47,
2026-09-11T20:28:12.859399+00:00,201,16151.59,
2026-09-11T20:28:12.875382+00:00,201,16133.78,
2026-09-11T20:28:11.640256+00:00,201,17373.02,
2026-09-11T20:28:12.891493+00:00,201,16131.73,
2026-09-11T20:28:11.625589+00:00,201,17398.67,
2026-09-11T20:28:12.907181+00:00,201,16116.23,
2026-09-11T20:28:12.900347+00:00,201,16130.87,
2026-09-11T20:28:12.907181+00:00,201,16123.66,
2026-09-11T20:28:12.875382+00:00,201,16150.64,
2026-09-11T20:28:12.907181+00:00,201,16118.64,
2026-09-11T20:28:12.875382+00:00,201,16158.46,
2026-09-11T20:28:12.907181+00:00,201,16125.70,
2026-09-11T20:28:12.907181+00:00,201,16129.09,
2026-09-11T20:28:12.907181+00:00,201,16133.89,
2026-09-11T20:28:12.923018+00:00,201,16119.74,
2026-09-11T20:28:12.938821+00:00,201,16106.89,
2026-09-11T20:28:12.938821+00:00,201,16103.71,
2026-09-11T20:28:12.978130+00:00,201,16080.79,
2026-09-11T20:28:12.986750+00:00,201,16065.82,
2026-09-11T20:28:11.676570+00:00,201,17729.54,
2026-09-11T20:28:12.907181+00:00,201,16510.50,
2026-09-11T20:28:12.938821+00:00,201,16467.70,
2026-09-11T20:28:12.923018+00:00,201,16489.09,
2026-09-11T20:28:12.923018+00:00,201,16501.73,
2026-09-11T20:28:12.986750+00:00,201,16429.26,
2026-09-11T20:28:12.986750+00:00,201,16447.01,
2026-09-11T20:28:13.002457+00:00,201,16427.27,
2026-09-11T20:28:12.986750+00:00,201,16436.90,
2026-09-11T20:28:12.979852+00:00,201,16454.21,
2026-09-11T20:28:12.986750+00:00,201,16446.56,
2026-09-11T20:28:13.002457+00:00,201,16438.98,
2026-09-11T20:28:12.986750+00:00,201,16455.74,
2026-09-11T20:28:13.002457+00:00,201,16439.71,
2026-09-11T20:28:13.028281+00:00,201,16423.98,
2026-09-11T20:28:13.002457+00:00,201,16442.44,
2026-09-11T20:28:12.954847+00:00,201,16502.26,
2026-09-11T20:28:12.971344+00:00,201,16490.12,
2026-09-11T20:28:13.018871+00:00,201,16439.29,
2026-09-11T20:28:12.986750+00:00,201,16477.43,
2026-09-11T20:28:13.002457+00:00,201,16469.98,
2026-09-11T20:28:12.971344+00:00,201,16501.93,
2026-09-11T20:28:13.002457+00:00,201,16469.09,
2026-09-11T20:28:13.034674+00:00,201,16448.62,
2026-09-11T20:28:13.002457+00:00,201,16471.60,
2026-09-11T20:28:12.986750+00:00,201,16494.73,
2026-09-11T20:28:13.002457+00:00,201,16484.72,
2026-09-11T20:28:13.018871+00:00,201,16469.85,
2026-09-11T20:28:13.014280+00:00,201,16479.59,
2026-09-11T20:28:13.018871+00:00,201,16473.79,
2026-09-11T20:28:12.986750+00:00,201,16513.06,
2026-09-11T20:28:13.037744+00:00,201,16467.19,
2026-09-11T20:28:13.018871+00:00,201,16487.11,
2026-09-11T20:28:13.037744+00:00,201,16472.24,
2026-09-11T20:28:13.014280+00:00,201,16499.85,
2026-09-11T20:28:13.037744+00:00,201,16471.96,
2026-09-11T20:28:13.028281+00:00,201,16494.64,
2026-09-11T20:28:13.018871+00:00,201,16505.15,
2026-09-11T20:28:13.035734+00:00,201,16494.85,
2026-09-11T20:28:13.037744+00:00,201,16493.72,
2026-09-11T20:28:13.066046+00:00,201,16470.85,
2026-09-11T20:28:13.050125+00:00,201,16477.44,
2026-09-11T20:28:13.066046+00:00,201,16472.97,
2026-09-11T20:28:13.037744+00:00,201,16502.66,
2026-09-11T20:28:13.066046+00:00,201,16473.94,
2026-09-11T20:28:13.037744+00:00,201,16507.98,
2026-09-11T20:28:13.032098+00:00,201,16525.65,
2026-09-11T20:28:13.050125+00:00,201,16503.18,
2026-09-11T20:28:13.037744+00:00,201,16521.50,
2026-09-11T20:28:13.037744+00:00,201,16516.63,
2026-09-11T20:28:13.037744+00:00,201,16525.29,
2026-09-11T20:28:13.066046+00:00,201,16498.91,
2026-09-11T20:28:13.050125+00:00,201,16520.44,
2026-09-11T20:28:13.050125+00:00,201,16521.53,
2026-09-11T20:28:13.050125+00:00,201,16518.55,
2026-09-11T20:28:13.066046+00:00,201,16507.54,
2026-09-11T20:28:13.050125+00:00,201,16518.87,
2026-09-11T20:28:13.050125+00:00,201,16524.00,
2026-09-11T20:28:13.018871+00:00,201,16569.94,
2026-09-11T20:28:13.030826+00:00,201,16559.24,
2026-09-11T20:28:13.093103+00:00,201,16499.05,
2026-09-11T20:28:13.088886+00:00,201,16505.46,
2026-09-11T20:28:13.066046+00:00,201,16525.87,
2026-09-11T20:28:13.050125+00:00,201,16541.36,
2026-09-11T20:28:13.081976+00:00,201,16518.02,
2026-09-11T20:28:13.097719+00:00,201,16502.28,
2026-09-11T20:28:13.050125+00:00,201,16545.15,
2026-09-11T20:28:13.097719+00:00,201,16510.46,
2026-09-11T20:28:13.066046+00:00,201,16535.54,
2026-09-11T20:28:13.050125+00:00,201,16561.83,
2026-09-11T20:28:13.087309+00:00,201,16529.73,
2026-09-11T20:28:13.084183+00:00,201,16535.99,
2026-09-11T20:28:13.066046+00:00,201,16544.01,
2026-09-11T20:28:13.092050+00:00,201,16534.18,
2026-09-11T20:28:13.097719+00:00,201,16523.33,
2026-09-11T20:28:13.066046+00:00,201,16562.80,
2026-09-11T20:28:13.113663+00:00,201,16521.38,
2026-09-11T20:28:13.094659+00:00,201,16543.37,
2026-09-11T20:28:13.090466+00:00,201,16550.96,
2026-09-11T20:28:13.066046+00:00,201,16564.22,
2026-09-11T20:28:13.097719+00:00,201,16536.08,
2026-09-11T20:28:13.050125+00:00,201,16599.66,
2026-09-11T20:28:13.097719+00:00,201,16544.94,
2026-09-11T20:28:13.097719+00:00,201,16549.04,
2026-09-11T20:28:13.085734+00:00,201,16572.30,
2026-09-11T20:28:13.113663+00:00,201,16541.29,
2026-09-11T20:28:13.113663+00:00,201,16537.62,
2026-09-11T20:28:13.097719+00:00,201,16563.21,
2026-09-11T20:28:13.097719+00:00,201,16559.17,
2026-09-11T20:28:13.113663+00:00,201,16556.62,
2026-09-11T20:28:13.129522+00:00,201,16542.45,
2026-09-11T20:28:13.113663+00:00,201,16552.22,
2026-09-11T20:28:13.097719+00:00,201,16580.94,
2026-09-11T20:28:13.113663+00:00,201,16556.74,
2026-09-11T20:28:13.097719+00:00,201,16584.43,
2026-09-11T20:28:13.129522+00:00,201,16555.85,
2026-09-11T20:28:13.095712+00:00,201,16598.67,
2026-09-11T20:28:13.137637+00:00,201,16559.17,
2026-09-11T20:28:13.113663+00:00,201,16578.31,
2026-09-11T20:28:13.113663+00:00,201,16587.88,
2026-09-11T20:28:13.129522+00:00,201,16574.45,
2026-09-11T20:28:13.137637+00:00,201,16569.23,
2026-09-11T20:28:13.129522+00:00,201,16584.35,
2026-09-11T20:28:13.137637+00:00,201,16582.06,
2026-09-11T20:28:13.129522+00:00,201,16592.67,
2026-09-11T20:28:13.113663+00:00,201,16606.48,
2026-09-11T20:28:13.137637+00:00,201,16588.54,
2026-09-11T20:28:13.145216+00:00,201,16584.75,
2026-09-11T20:28:13.161303+00:00,201,16573.28,
2026-09-11T20:28:13.145216+00:00,201,16585.96,
2026-09-11T20:28:13.113663+00:00,201,16617.21,
2026-09-11T20:28:13.137637+00:00,201,16596.43,
2026-09-11T20:28:13.137637+00:00,201,16602.62,
2026-09-11T20:28:13.145216+00:00,201,16584.83,
2026-09-11T20:28:13.145216+00:00,201,16597.48,
2026-09-11T20:28:13.145216+00:00,201,16595.06,
2026-09-11T20:28:13.145216+00:00,201,16598.65,
2026-09-11T20:28:13.161303+00:00,201,16588.64,
2026-09-11T20:28:04.675088+00:00,201,25072.24,
2026-09-11T20:28:09.137993+00:00,201,20617.60,
2026-09-11T20:28:13.145216+00:00,201,16603.64,
2026-09-11T20:28:13.145216+00:00,201,16604.10,
2026-09-11T20:28:13.161303+00:00,201,16597.45,
2026-09-11T20:28:13.145216+00:00,201,16619.91,
2026-09-11T20:28:13.161303+00:00,201,16604.91,
2026-09-11T20:28:12.114841+00:00,201,17643.80,
2026-09-11T20:28:12.136936+00:00,201,17634.29,
2026-09-11T20:28:04.000977+00:00,201,25766.02,
2026-09-11T20:28:06.007195+00:00,201,23760.74,
2026-09-11T20:28:10.102878+00:00,201,19674.58,
2026-09-11T20:28:13.145216+00:00,201,16620.99,
2026-09-11T20:28:09.298464+00:00,201,20475.81,
2026-09-11T20:28:07.420605+00:00,201,22361.57,
2026-09-11T20:28:12.114841+00:00,201,17656.58,
2026-09-11T20:28:03.918412+00:00,201,25869.18,
2026-09-11T20:28:12.136936+00:00,201,17650.28,
2026-09-11T20:28:11.322831+00:00,201,18670.37,
2026-09-11T20:28:04.033440+00:00,201,25971.50,
2026-09-11T20:28:04.747813+00:00,201,25264.36,
2026-09-11T20:28:14.098585+00:00,201,15913.60,
2026-09-11T20:28:06.083127+00:00,201,23929.66,
2026-09-11T20:28:11.212680+00:00,201,18809.86,
2026-09-11T20:28:14.114258+00:00,201,15917.82,
2026-09-11T20:28:04.731018+00:00,201,25312.66,
2026-09-11T20:28:11.655999+00:00,201,18388.27,
2026-09-11T20:28:06.067106+00:00,201,23989.07,
2026-09-11T20:28:08.853426+00:00,201,21203.17,
2026-09-11T20:28:10.353325+00:00,201,19709.66,
2026-09-11T20:28:10.910851+00:00,201,19150.96,
2026-09-11T20:28:13.337621+00:00,201,16718.22,
2026-09-11T20:28:10.450413+00:00,201,19608.42,
2026-09-11T20:28:13.337621+00:00,201,16728.78,
2026-09-11T20:28:13.352441+00:00,201,16722.35,
2026-09-11T20:28:11.005884+00:00,201,19070.50,
2026-09-11T20:28:13.352441+00:00,201,16722.71,
2026-09-11T20:28:13.352441+00:00,201,16734.11,
2026-09-11T20:28:09.081148+00:00,201,21002.20,
2026-09-11T20:28:10.958379+00:00,201,19122.58,
2026-09-11T20:28:09.454491+00:00,201,20628.62,
2026-09-11T20:28:11.149077+00:00,201,18946.64,
2026-09-11T20:28:11.024674+00:00,201,19076.42,
2026-09-11T20:28:10.862990+00:00,201,19235.74,
2026-09-11T20:28:13.352441+00:00,201,16751.16,
2026-09-11T20:28:11.117284+00:00,201,18990.38,
2026-09-11T20:28:10.990235+00:00,201,19115.86,
2026-09-11T20:28:11.386345+00:00,201,18718.38,
2026-09-11T20:28:13.677544+00:00,201,16440.90,
2026-09-11T20:28:11.069542+00:00,201,19044.25,
2026-09-11T20:28:11.243828+00:00,201,18876.90,
2026-09-11T20:28:13.337621+00:00,201,16785.34,
2026-09-11T20:28:11.612477+00:00,201,18509.88,
2026-09-11T20:28:13.447520+00:00,201,16678.03,
2026-09-11T20:28:11.545175+00:00,201,18581.32,
2026-09-11T20:28:11.576901+00:00,201,18567.49,
2026-09-11T20:28:11.687701+00:00,201,18461.24,
2026-09-11T20:28:13.464767+00:00,201,16685.79,
2026-09-11T20:28:11.259577+00:00,201,18885.06,
2026-09-11T20:28:11.545175+00:00,201,18612.75,
2026-09-11T20:28:11.117284+00:00,201,19039.67,
2026-09-11T20:28:13.494449+00:00,201,16677.22,
2026-09-11T20:28:13.447520+00:00,201,16729.86,
2026-09-11T20:28:13.464767+00:00,201,16711.19,
2026-09-11T20:28:13.478766+00:00,201,16697.87,
2026-09-11T20:28:11.085547+00:00,201,19098.61,
2026-09-11T20:28:13.478766+00:00,201,16699.61,
2026-09-11T20:28:13.478766+00:00,201,16710.74,
2026-09-11T20:28:13.464767+00:00,201,16721.25,
2026-09-11T20:28:13.478766+00:00,201,16722.91,
2026-09-11T20:28:13.517460+00:00,201,16687.29,
2026-09-11T20:28:13.464767+00:00,201,16735.54,
2026-09-11T20:28:13.510434+00:00,201,16703.14,
2026-09-11T20:28:13.510434+00:00,201,16704.59,
2026-09-11T20:28:13.494449+00:00,201,16729.96,
2026-09-11T20:28:13.542135+00:00,201,16685.37,
2026-09-11T20:28:13.517460+00:00,201,16713.10,
2026-09-11T20:28:13.517460+00:00,201,16714.37,
2026-09-11T20:28:13.526497+00:00,201,16705.35,
2026-09-11T20:28:13.447520+00:00,201,16789.10,
2026-09-11T20:28:13.526497+00:00,201,16715.45,
2026-09-11T20:28:13.526497+00:00,201,16716.61,
2026-09-11T20:28:13.537549+00:00,201,16719.37,
2026-09-11T20:28:13.557878+00:00,201,16691.44,
2026-09-11T20:28:13.557878+00:00,201,16703.97,
2026-09-11T20:28:13.542135+00:00,201,16708.41,
2026-09-11T20:28:13.510434+00:00,201,16759.33,
2026-09-11T20:28:13.580920+00:00,201,16694.20,
2026-09-11T20:28:13.557878+00:00,201,16710.53,
2026-09-11T20:28:13.557878+00:00,201,16724.65,
2026-09-11T20:28:13.542135+00:00,201,16735.20,
2026-09-11T20:28:13.557878+00:00,201,16727.29,
2026-09-11T20:28:13.580920+00:00,201,16716.06,
2026-09-11T20:28:13.557878+00:00,201,16728.23,
2026-09-11T20:28:13.589451+00:00,201,16703.34,
2026-09-11T20:28:13.589451+00:00,201,16713.64,
2026-09-11T20:28:13.605534+00:00,201,16708.23,
2026-09-11T20:28:13.579207+00:00,201,16740.53,
2026-09-11T20:28:13.589451+00:00,201,16725.61,
2026-09-11T20:28:13.542135+00:00,201,16778.68,
2026-09-11T20:28:13.605534+00:00,201,16722.74,
2026-09-11T20:28:13.580920+00:00,201,16746.38,
2026-09-11T20:28:13.605534+00:00,201,16729.03,
2026-09-11T20:28:13.605534+00:00,201,16739.30,
2026-09-11T20:28:13.589451+00:00,201,16749.25,
2026-09-11T20:28:13.605534+00:00,201,16739.89,
2026-09-11T20:28:13.615242+00:00,201,16740.99,
2026-09-11T20:28:13.589451+00:00,201,16770.15,
2026-09-11T20:28:13.589451+00:00,201,16768.68,
2026-09-11T20:28:13.635075+00:00,201,16743.79,
2026-09-11T20:28:13.615242+00:00,201,16765.16,
2026-09-11T20:28:13.629539+00:00,201,16756.21,
2026-09-11T20:28:13.622007+00:00,201,16768.68,
2026-09-11T20:28:13.629539+00:00,201,16764.11,
2026-09-11T20:28:13.638207+00:00,201,16751.74,
2026-09-11T20:28:13.638207+00:00,201,16751.67,
2026-09-11T20:28:13.653557+00:00,201,16739.51,
2026-09-11T20:28:13.605534+00:00,201,16791.75,
2026-09-11T20:28:13.615242+00:00,201,16790.53,
2026-09-11T20:28:13.638207+00:00,201,16761.88,
2026-09-11T20:28:13.638207+00:00,201,16778.52,
2026-09-11T20:28:13.638207+00:00,201,16775.85,
2026-09-11T20:28:13.622007+00:00,201,16796.32,
2026-09-11T20:28:13.622007+00:00,201,16803.10,
2026-09-11T20:28:13.638207+00:00,201,16780.56,
2026-09-11T20:28:13.653557+00:00,201,16771.39,
2026-09-11T20:28:13.635075+00:00,201,16804.03,
2026-09-11T20:28:13.653557+00:00,201,16783.86,
2026-09-11T20:28:13.638207+00:00,201,16802.65,
2026-09-11T20:28:13.638207+00:00,201,16812.29,
2026-09-11T20:28:13.653557+00:00,201,16787.82,
2026-09-11T20:28:13.653557+00:00,201,16802.15,
2026-09-11T20:28:13.685022+00:00,201,16779.79,
2026-09-11T20:28:13.700804+00:00,201,16764.83,
2026-09-11T20:28:13.669329+00:00,201,16795.72,
2026-09-11T20:28:13.653557+00:00,201,16809.17,
2026-09-11T20:28:13.700804+00:00,201,16768.56,
2026-09-11T20:28:13.716929+00:00,201,16784.92,
2026-09-11T20:28:13.685022+00:00,201,16807.66,
2026-09-11T20:28:13.700804+00:00,201,16798.42,
2026-09-11T20:28:13.685022+00:00,201,16813.71,
2026-09-11T20:28:13.732774+00:00,201,16775.13,
2026-09-11T20:28:13.732774+00:00,201,16778.93,
2026-09-11T20:28:13.700804+00:00,201,16814.05,
2026-09-11T20:28:13.700804+00:00,201,16803.17,
2026-09-11T20:28:13.700804+00:00,201,16820.31,
2026-09-11T20:28:13.669329+00:00,201,16850.89,
2026-09-11T20:28:13.716929+00:00,201,16795.09,
2026-09-11T20:28:13.685022+00:00,201,16833.24,
2026-09-11T20:28:13.685022+00:00,201,16852.31,
2026-09-11T20:28:13.732774+00:00,201,16806.18,
2026-09-11T20:28:13.764752+00:00,201,16776.76,
2026-09-11T20:28:13.764752+00:00,201,16773.24,
2026-09-11T20:28:13.737920+00:00,201,16809.77,
2026-09-11T20:28:13.716929+00:00,201,16835.39,
2026-09-11T20:28:13.716929+00:00,201,16830.55,
2026-09-11T20:28:13.782979+00:00,201,16777.29,
2026-09-11T20:28:13.748610+00:00,201,16810.37,
2026-09-11T20:28:13.764752+00:00,201,16807.85,
2026-09-11T20:28:09.486679+00:00,201,21076.51,
2026-09-11T20:28:13.782979+00:00,201,16791.26,
2026-09-11T20:28:13.748610+00:00,201,16833.30,
2026-09-11T20:28:13.764752+00:00,201,16816.07,
2026-09-11T20:28:11.053567+00:00,201,19530.79,
2026-09-11T20:28:13.764752+00:00,201,16824.75,
2026-09-11T20:28:13.830677+00:00,201,16771.15,
2026-09-11T20:28:11.572931+00:00,201,19036.96,
2026-09-11T20:28:10.958379+00:00,201,19655.33,
2026-09-11T20:28:10.214159+00:00,201,20402.49,
2026-09-11T20:28:11.212680+00:00,201,19408.51,
2026-09-11T20:28:03.778835+00:00,201,26852.65,
2026-09-11T20:28:11.425394+00:00,201,19203.71,
2026-09-11T20:28:11.053567+00:00,201,19586.75,
2026-09-11T20:28:10.847190+00:00,201,19792.82,
2026-09-11T20:28:11.101616+00:00,201,19548.23,
2026-09-11T20:28:14.241813+00:00,201,16412.91,
2026-09-11T20:28:04.817666+00:00,201,25848.71,
2026-09-11T20:28:09.397606+00:00,201,21274.63,
2026-09-11T20:28:04.767176+00:00,201,25906.51,
2026-09-11T20:28:13.288916+00:00,201,17381.15,
2026-09-11T20:28:06.172791+00:00,201,24506.29,
2026-09-11T20:28:06.203630+00:00,201,24482.37,
2026-09-11T20:28:14.241813+00:00,201,16443.34,
2026-09-11T20:28:14.398922+00:00,201,16285.91,
2026-09-11T20:28:07.668515+00:00,201,23027.35,
2026-09-11T20:28:03.951820+00:00,201,26746.12,
2026-09-11T20:28:15.832614+00:00,201,14868.34,
2026-09-11T20:28:04.060004+00:00,201,26643.29,
2026-09-11T20:28:15.007156+00:00,201,15704.55,
2026-09-11T20:28:09.565607+00:00,201,21152.81,
2026-09-11T20:28:07.762997+00:00,201,22950.43,
2026-09-11T20:28:04.785777+00:00,201,25939.68,
2026-09-11T20:28:06.289766+00:00,201,24435.93,
2026-09-11T20:28:06.321694+00:00,201,24410.37,
2026-09-11T20:28:07.906107+00:00,201,22823.05,
2026-09-11T20:28:03.778835+00:00,201,26953.88,
2026-09-11T20:28:07.937648+00:00,201,22793.84,
2026-09-11T20:28:04.837411+00:00,201,25909.25,
2026-09-11T20:28:15.516184+00:00,201,15235.57,
2026-09-11T20:28:04.138252+00:00,201,26607.98,
2026-09-11T20:28:06.259361+00:00,201,24494.89,
2026-09-11T20:28:04.858664+00:00,201,25901.55,
2026-09-11T20:28:04.931280+00:00,201,25829.72,
2026-09-11T20:28:07.806535+00:00,201,22964.72,
2026-09-11T20:28:03.627503+00:00,201,27148.29,
2026-09-11T20:28:03.994706+00:00,201,26781.92,
2026-09-11T20:28:07.970333+00:00,201,22801.28,
2026-09-11T20:28:04.172008+00:00,201,26617.20,
2026-09-11T20:28:08.017145+00:00,201,22777.89,
2026-09-11T20:28:04.979492+00:00,201,25814.45,
2026-09-11T20:28:04.175749+00:00,201,26623.00,
2026-09-11T20:28:08.176043+00:00,201,22635.09,
2026-09-11T20:28:04.236700+00:00,201,26583.17,
2026-09-11T20:28:04.185235+00:00,201,26632.71,
2026-09-11T20:28:06.633629+00:00,201,24206.54,
2026-09-11T20:28:04.263794+00:00,201,26569.29,
2026-09-11T20:28:08.241561+00:00,201,22600.01,
2026-09-11T20:28:15.980608+00:00,201,14877.58,
2026-09-11T20:28:05.103742+00:00,201,25746.65,
2026-09-11T20:28:04.600167+00:00,201,26265.55,
2026-09-11T20:28:06.773166+00:00,201,24099.16,
2026-09-11T20:28:05.133412+00:00,201,25737.09,
2026-09-11T20:28:03.586597+00:00,201,27292.57,
2026-09-11T20:28:08.096338+00:00,201,22787.76,
2026-09-11T20:28:05.150903+00:00,201,25727.46,
2026-09-11T20:28:03.837880+00:00,201,27056.57,
2026-09-11T20:28:05.023319+00:00,201,25875.69,
2026-09-11T20:28:05.180342+00:00,201,25722.78,
2026-09-11T20:28:05.202072+00:00,201,25702.46,
2026-09-11T20:28:05.231721+00:00,201,25684.27,
2026-09-11T20:28:06.968759+00:00,201,23948.27,
2026-09-11T20:28:12.875382+00:00,201,18114.55,
2026-09-11T20:28:12.869591+00:00,201,18134.51,
2026-09-11T20:28:12.875382+00:00,201,18119.91,
2026-09-11T20:28:11.655999+00:00,201,19341.41,
2026-09-11T20:28:12.938821+00:00,201,18076.21,
2026-09-11T20:28:12.938821+00:00,201,18069.73,
2026-09-11T20:28:12.979852+00:00,201,18036.10,
2026-09-11T20:28:12.967268+00:00,201,18059.80,
2026-09-11T20:28:12.986750+00:00,201,18031.42,
2026-09-11T20:28:12.954847+00:00,201,18073.76,
2026-09-11T20:28:12.146464+00:00,201,18878.76,
2026-09-11T20:28:12.146464+00:00,201,18893.92,
2026-09-11T20:28:12.178195+00:00,201,18869.07,
2026-09-11T20:28:12.136936+00:00,201,18905.54,
2026-09-11T20:28:12.136936+00:00,201,18909.08,
2026-09-11T20:28:12.136936+00:00,201,18911.91,
2026-09-11T20:28:10.926495+00:00,201,20125.52,
2026-09-11T20:28:12.146464+00:00,201,18898.46,
2026-09-11T20:28:12.162283+00:00,201,18895.17,
2026-09-11T20:28:12.162283+00:00,201,18891.33,
2026-09-11T20:28:10.878931+00:00,201,20179.22,
2026-09-11T20:28:10.958379+00:00,201,20098.21,
2026-09-11T20:28:12.178195+00:00,201,18872.32,
2026-09-11T20:28:12.178195+00:00,201,18886.47,
2026-09-11T20:28:12.162283+00:00,201,18896.86,
2026-09-11T20:28:12.194490+00:00,201,18864.96,
2026-09-11T20:28:12.162283+00:00,201,18894.28,
2026-09-11T20:28:12.194490+00:00,201,18869.39,
2026-09-11T20:28:10.974447+00:00,201,20087.28,
2026-09-11T20:28:12.210332+00:00,201,18861.09,
2026-09-11T20:28:12.162283+00:00,201,18900.98,
2026-09-11T20:28:12.176689+00:00,201,18899.09,
2026-09-11T20:28:12.162283+00:00,201,18912.01,
2026-09-11T20:28:11.085547+00:00,201,19984.63,
2026-09-11T20:28:11.038190+00:00,201,20036.90,
2026-09-11T20:28:12.146464+00:00,201,18924.46,
2026-09-11T20:28:11.005884+00:00,201,20078.94,
2026-09-11T20:28:12.178195+00:00,201,18899.81,
2026-09-11T20:28:10.816033+00:00,201,20271.16,
2026-09-11T20:28:12.178195+00:00,201,18905.95,
2026-09-11T20:28:11.011615+00:00,201,20069.95,
2026-09-11T20:28:12.194490+00:00,201,18884.18,
2026-09-11T20:28:11.024674+00:00,201,20060.43,
2026-09-11T20:28:12.146464+00:00,201,18938.50,
2026-09-11T20:28:11.117284+00:00,201,19964.58,
2026-09-11T20:28:12.194490+00:00,201,18900.67,
2026-09-11T20:28:11.196377+00:00,201,19890.95,
2026-09-11T20:28:11.038190+00:00,201,20059.02,
2026-09-11T20:28:12.162283+00:00,201,18930.21,
2026-09-11T20:28:11.101616+00:00,201,19998.37,
2026-09-11T20:28:11.081488+00:00,201,20019.83,
2026-09-11T20:28:11.180376+00:00,201,19922.55,
2026-09-11T20:28:12.194490+00:00,201,18900.61,
2026-09-11T20:28:12.237106+00:00,201,18865.61,
2026-09-11T20:28:11.136568+00:00,201,19961.17,
2026-09-11T20:28:11.133345+00:00,201,19975.35,
2026-09-11T20:28:12.227056+00:00,201,18876.96,
2026-09-11T20:28:11.149077+00:00,201,19950.35,
2026-09-11T20:28:11.180376+00:00,201,19921.49,
2026-09-11T20:28:12.227056+00:00,201,18879.54,
2026-09-11T20:28:11.306974+00:00,201,19798.31,
2026-09-11T20:28:12.210332+00:00,201,18908.10,
2026-09-11T20:28:12.237106+00:00,201,18879.32,
2026-09-11T20:28:12.242282+00:00,201,18875.71,
2026-09-11T20:28:12.227056+00:00,201,18895.46,
2026-09-11T20:28:11.236770+00:00,201,19881.07,
2026-09-11T20:28:12.213475+00:00,201,18909.90,
2026-09-11T20:28:11.053567+00:00,201,20060.07,
2026-09-11T20:28:11.322831+00:00,201,19796.29,
2026-09-11T20:28:11.386345+00:00,201,19741.39,
2026-09-11T20:28:11.338752+00:00,201,19911.89,
2026-09-11T20:28:11.149077+00:00,201,20100.72,
2026-09-11T20:28:12.258322+00:00,201,18988.95,
2026-09-11T20:28:12.242282+00:00,201,19017.29,
2026-09-11T20:28:11.354532+00:00,201,19904.33,
2026-09-11T20:28:12.242282+00:00,201,19015.20,
2026-09-11T20:28:12.258322+00:00,201,18992.84,
2026-09-11T20:28:12.273954+00:00,201,18982.79,
2026-09-11T20:28:12.273954+00:00,201,18988.32,
2026-09-11T20:28:12.242282+00:00,201,19018.86,
2026-09-11T20:28:11.372570+00:00,201,19891.83,
2026-09-11T20:28:12.242282+00:00,201,19015.36,
2026-09-11T20:28:11.402366+00:00,201,19866.97,
2026-09-11T20:28:11.372570+00:00,201,19901.71,
2026-09-11T20:28:12.242282+00:00,201,19020.73,
2026-09-11T20:28:11.291232+00:00,201,19977.63,
2026-09-11T20:28:12.273954+00:00,201,19000.49,
2026-09-11T20:28:11.236770+00:00,201,20041.36,
2026-09-11T20:28:12.258322+00:00,201,19011.66,
2026-09-11T20:28:11.481894+00:00,201,19799.25,
2026-09-11T20:28:12.258322+00:00,201,19017.52,
2026-09-11T20:28:11.386345+00:00,201,19883.30,
2026-09-11T20:28:12.289598+00:00,201,18987.24,
2026-09-11T20:28:11.529206+00:00,201,19755.47,
2026-09-11T20:28:12.273954+00:00,201,19000.34,
2026-09-11T20:28:11.436924+00:00,201,19853.00,
2026-09-11T20:28:11.259577+00:00,201,20027.80,
2026-09-11T20:28:11.513260+00:00,201,19768.69,
2026-09-11T20:28:12.273954+00:00,201,19007.99,
2026-09-11T20:28:11.536872+00:00,201,19754.35,
2026-09-11T20:28:11.402366+00:00,201,19888.64,
2026-09-11T20:28:11.545175+00:00,201,19745.19,
2026-09-11T20:28:12.305317+00:00,201,18992.11,
2026-09-11T20:28:11.592909+00:00,201,19703.29,
2026-09-11T20:28:11.608687+00:00,201,19693.38,
2026-09-11T20:28:11.536872+00:00,201,19765.50,
2026-09-11T20:28:12.289598+00:00,201,19000.62,
2026-09-11T20:28:12.321298+00:00,201,18984.98,
2026-09-11T20:28:11.450360+00:00,201,19852.77,
2026-09-11T20:28:11.576901+00:00,201,19725.37,
2026-09-11T20:28:12.337302+00:00,201,18966.83,
2026-09-11T20:28:12.321298+00:00,201,18985.62,
2026-09-11T20:28:12.305317+00:00,201,18997.61,
2026-09-11T20:28:12.321298+00:00,201,18981.80,
2026-09-11T20:28:12.289598+00:00,201,19012.62,
2026-09-11T20:28:12.305317+00:00,201,19005.99,
2026-09-11T20:28:11.671958+00:00,201,19646.35,
2026-09-11T20:28:11.612477+00:00,201,19696.15,
2026-09-11T20:28:12.337302+00:00,201,18980.28,
2026-09-11T20:28:12.353081+00:00,201,18965.96,
2026-09-11T20:28:12.353081+00:00,201,18969.57,
2026-09-11T20:28:12.305317+00:00,201,19013.01,
2026-09-11T20:28:11.676570+00:00,201,19647.61,
2026-09-11T20:28:11.561255+00:00,201,19764.27,
2026-09-11T20:28:11.640256+00:00,201,19688.47,
2026-09-11T20:28:12.353081+00:00,201,18971.77,
2026-09-11T20:28:12.376503+00:00,201,18950.33,
2026-09-11T20:28:12.337302+00:00,201,18985.48,
2026-09-11T20:28:12.337302+00:00,201,18982.47,
2026-09-11T20:28:12.353081+00:00,201,18972.84,
2026-09-11T20:28:12.369055+00:00,201,18967.77,
2026-09-11T20:28:12.353081+00:00,201,18971.30,
2026-09-11T20:28:12.337302+00:00,201,18994.31,
2026-09-11T20:28:12.353081+00:00,201,18980.26,
2026-09-11T20:28:12.376503+00:00,201,18963.60,
2026-09-11T20:28:12.337302+00:00,201,19007.77,
2026-09-11T20:28:11.640256+00:00,201,19699.78,
2026-09-11T20:28:13.987200+00:00,201,17356.71,
2026-09-11T20:28:13.983039+00:00,201,17366.58,
2026-09-11T20:28:12.337302+00:00,201,19000.29,
2026-09-11T20:28:13.987200+00:00,201,17358.41,
2026-09-11T20:28:13.983039+00:00,201,17366.81,
2026-09-11T20:28:12.376503+00:00,201,18977.68,
2026-09-11T20:28:13.272856+00:00,201,18072.53,
2026-09-11T20:28:12.374811+00:00,201,18982.72,
2026-09-11T20:28:13.987200+00:00,201,17359.89,
2026-09-11T20:28:13.987200+00:00,201,17363.93,
2026-09-11T20:28:13.288916+00:00,201,18070.04,
2026-09-11T20:28:13.987200+00:00,201,17373.00,
2026-09-11T20:28:14.003087+00:00,201,17356.84,
2026-09-11T20:28:13.987200+00:00,201,17367.97,
2026-09-11T20:28:13.272856+00:00,201,18079.92,
2026-09-11T20:28:13.983039+00:00,201,17383.29,
2026-09-11T20:28:14.003087+00:00,201,17366.30,
2026-09-11T20:28:12.376503+00:00,201,18986.72,
2026-09-11T20:28:12.369055+00:00,201,19000.05,
2026-09-11T20:28:14.003087+00:00,201,17367.78,
2026-09-11T20:28:13.288916+00:00,201,18077.54,
2026-09-11T20:28:12.353081+00:00,201,19010.97,
2026-09-11T20:28:13.987200+00:00,201,17385.47,
2026-09-11T20:28:14.015853+00:00,201,17362.76,
2026-09-11T20:28:14.003087+00:00,201,17371.07,
2026-09-11T20:28:14.015853+00:00,201,17367.00,
2026-09-11T20:28:14.003087+00:00,201,17371.22,
2026-09-11T20:28:13.987200+00:00,201,17397.01,
2026-09-11T20:28:14.003087+00:00,201,17381.83,
2026-09-11T20:28:13.987200+00:00,201,17387.58,
2026-09-11T20:28:14.003087+00:00,201,17375.19,
2026-09-11T20:28:14.003087+00:00,201,17381.89,
2026-09-11T20:28:13.987200+00:00,201,17390.20,
2026-09-11T20:28:13.987200+00:00,201,17398.43,
2026-09-11T20:28:14.019612+00:00,201,17368.22,
2026-09-11T20:28:14.030545+00:00,201,17362.80,
2026-09-11T20:28:14.019612+00:00,201,17372.72,
2026-09-11T20:28:14.003087+00:00,201,17387.99,
2026-09-11T20:28:14.019612+00:00,201,17378.03,
2026-09-11T20:28:14.019612+00:00,201,17382.20,
2026-09-11T20:28:14.015853+00:00,201,17385.27,
2026-09-11T20:28:14.030545+00:00,201,17373.88,
2026-09-11T20:28:14.038224+00:00,201,17365.33,
2026-09-11T20:28:14.035690+00:00,201,17372.08,
2026-09-11T20:28:14.019612+00:00,201,17380.78,
2026-09-11T20:28:14.038224+00:00,201,17367.96,
2026-09-11T20:28:14.038224+00:00,201,17368.23,
2026-09-11T20:28:14.019612+00:00,201,17389.05,
2026-09-11T20:28:14.051177+00:00,201,17361.49,
2026-09-11T20:28:14.019612+00:00,201,17386.45,
2026-09-11T20:28:14.066840+00:00,201,17350.90,
2026-09-11T20:28:14.051177+00:00,201,17356.40,
2026-09-11T20:28:14.038224+00:00,201,17375.29,
2026-09-11T20:28:14.019612+00:00,201,17400.15,
2026-09-11T20:28:14.038224+00:00,201,17372.95,
2026-09-11T20:28:14.038224+00:00,201,17384.95,
2026-09-11T20:28:14.030545+00:00,201,17393.44,
2026-09-11T20:28:14.035690+00:00,201,17390.35,
2026-09-11T20:28:14.051177+00:00,201,17372.89,
2026-09-11T20:28:14.038224+00:00,201,17391.80,
2026-09-11T20:28:14.038224+00:00,201,17382.46,
2026-09-11T20:28:14.038224+00:00,201,17386.43,
2026-09-11T20:28:14.038224+00:00,201,17386.46,
2026-09-11T20:28:14.051177+00:00,201,17370.34,
2026-09-11T20:28:14.051177+00:00,201,17377.10,
2026-09-11T20:28:14.051177+00:00,201,17381.07,
2026-09-11T20:28:14.051177+00:00,201,17387.83,
2026-09-11T20:28:14.066840+00:00,201,17370.38,
2026-09-11T20:28:14.051177+00:00,201,17378.56,
2026-09-11T20:28:14.066840+00:00,201,17365.20,
2026-09-11T20:28:14.066840+00:00,201,17376.04,
2026-09-11T20:28:14.085292+00:00,201,17356.57,
2026-09-11T20:28:14.051177+00:00,201,17386.84,
2026-09-11T20:28:14.082517+00:00,201,17366.55,
2026-09-11T20:28:14.051177+00:00,201,17392.33,
2026-09-11T20:28:14.051177+00:00,201,17397.71,
2026-09-11T20:28:14.085292+00:00,201,17368.38,
2026-09-11T20:28:14.083541+00:00,201,17371.17,
2026-09-11T20:28:14.085292+00:00,201,17364.14,
2026-09-11T20:28:14.066840+00:00,201,17378.34,
2026-09-11T20:28:14.085292+00:00,201,17365.83,
2026-09-11T20:28:14.066840+00:00,201,17387.97,
2026-09-11T20:28:14.066840+00:00,201,17381.43,
2026-09-11T20:28:14.066840+00:00,201,17389.69,
2026-09-11T20:28:14.066840+00:00,201,17397.69,
2026-09-11T20:28:14.085292+00:00,201,17379.84,
2026-09-11T20:28:14.066840+00:00,201,17392.49,
2026-09-11T20:28:04.017437+00:00,201,27452.60,
2026-09-11T20:28:12.606770+00:00,201,18861.39,
2026-09-11T20:28:14.085292+00:00,201,17381.18,
2026-09-11T20:28:06.035421+00:00,201,25432.64,
2026-09-11T20:28:14.066840+00:00,201,17403.55,
2026-09-11T20:28:08.935088+00:00,201,22537.82,
2026-09-11T20:28:07.461358+00:00,201,24009.53,
2026-09-11T20:28:12.613820+00:00,201,18865.31,
2026-09-11T20:28:09.597446+00:00,201,21882.00,
2026-09-11T20:28:12.627175+00:00,201,18847.00,
2026-09-11T20:28:09.635624+00:00,201,21848.38,
2026-09-11T20:28:10.136338+00:00,201,21339.56,
2026-09-11T20:28:12.627175+00:00,201,18858.72,
2026-09-11T20:28:12.639028+00:00,201,18839.93,
2026-09-11T20:28:04.706667+00:00,201,26783.96,
2026-09-11T20:28:12.627175+00:00,201,18862.47,
2026-09-11T20:28:12.638408+00:00,201,18855.71,
2026-09-11T20:28:09.423068+00:00,201,22061.87,
2026-09-11T20:28:09.866125+00:00,201,21623.62,
2026-09-11T20:28:09.967818+00:00,201,21527.96,
2026-09-11T20:28:12.654359+00:00,201,18839.70,
2026-09-11T20:28:14.066840+00:00,201,17423.78,
2026-09-11T20:28:12.639028+00:00,201,18849.12,
2026-09-11T20:28:12.654359+00:00,201,18846.35,
2026-09-11T20:28:03.947435+00:00,201,27555.73,
2026-09-11T20:28:10.942341+00:00,201,20551.39,
2026-09-11T20:28:12.654359+00:00,201,18839.57,
2026-09-11T20:28:11.011615+00:00,201,20494.31,
2026-09-11T20:28:11.038190+00:00,201,20463.08,
2026-09-11T20:28:12.654359+00:00,201,18846.86,
2026-09-11T20:28:11.117284+00:00,201,20390.20,
2026-09-11T20:28:12.639028+00:00,201,18868.99,
2026-09-11T20:28:12.627175+00:00,201,18882.97,
2026-09-11T20:28:12.627175+00:00,201,18885.91,
2026-09-11T20:28:10.936673+00:00,201,20579.52,
2026-09-11T20:28:12.639028+00:00,201,18877.61,
2026-09-11T20:28:12.639028+00:00,201,18881.85,
2026-09-11T20:28:10.895022+00:00,201,20622.92,
2026-09-11T20:28:11.069542+00:00,201,20452.52,
2026-09-11T20:28:10.990235+00:00,201,20533.70,
2026-09-11T20:28:12.685967+00:00,201,18837.63,
2026-09-11T20:28:10.974447+00:00,201,20554.33,
2026-09-11T20:28:12.639028+00:00,201,18881.62,
2026-09-11T20:28:10.910851+00:00,201,20610.00,
2026-09-11T20:28:12.654359+00:00,201,18871.46,
2026-09-11T20:28:11.164732+00:00,201,20369.00,
2026-09-11T20:28:14.085292+00:00,201,17449.59,
2026-09-11T20:28:11.180376+00:00,201,20343.90,
2026-09-11T20:28:11.149077+00:00,201,20381.49,
2026-09-11T20:28:11.024674+00:00,201,20506.67,
2026-09-11T20:28:11.306974+00:00,201,20222.64,
2026-09-11T20:28:11.101616+00:00,201,20431.36,
2026-09-11T20:28:12.685967+00:00,201,18858.15,
2026-09-11T20:28:11.291232+00:00,201,20253.87,
2026-09-11T20:28:11.243828+00:00,201,20294.86,
2026-09-11T20:28:11.180376+00:00,201,20365.05,
2026-09-11T20:28:11.259577+00:00,201,20285.97,
2026-09-11T20:28:11.171358+00:00,201,20381.72,
2026-09-11T20:28:11.337006+00:00,201,20218.35,
2026-09-11T20:28:03.869983+00:00,201,27685.64,
2026-09-11T20:28:11.085547+00:00,201,20459.93,
2026-09-11T20:28:10.990235+00:00,201,20558.23,
2026-09-11T20:28:12.685967+00:00,201,18861.45,
2026-09-11T20:28:12.701673+00:00,201,18847.40,
2026-09-11T20:28:11.196377+00:00,201,20354.26,
2026-09-11T20:28:11.306974+00:00,201,20257.77,
2026-09-11T20:28:11.228462+00:00,201,20334.11,
2026-09-11T20:28:14.114258+00:00,201,17451.45,
2026-09-11T20:28:14.098585+00:00,201,17469.06,
2026-09-11T20:28:11.576901+00:00,201,19981.24,
2026-09-11T20:28:10.974447+00:00,201,20585.03,
2026-09-11T20:28:14.098585+00:00,201,17476.56,
2026-09-11T20:28:10.236562+00:00,201,21333.83,
2026-09-11T20:28:09.530416+00:00,201,22046.42,
2026-09-11T20:28:14.161562+00:00,201,17413.95,
2026-09-11T20:28:13.288916+00:00,201,18293.10,
2026-09-11T20:28:11.117284+00:00,201,20466.24,
2026-09-11T20:28:07.606306+00:00,201,23977.14,
2026-09-11T20:28:03.809571+00:00,201,27775.88,
2026-09-11T20:28:14.114258+00:00,201,17462.25,
2026-09-11T20:28:09.723978+00:00,201,21866.56,
2026-09-11T20:28:07.525349+00:00,201,24066.69,
2026-09-11T20:28:13.288916+00:00,201,18300.09,
2026-09-11T20:28:11.354532+00:00,201,20234.34,
2026-09-11T20:28:09.660631+00:00,201,21923.78,
2026-09-11T20:28:13.320508+00:00,201,18263.53,
2026-09-11T20:28:13.320508+00:00,201,18266.55,
2026-09-11T20:28:10.182221+00:00,201,21411.05,
2026-09-11T20:28:13.320508+00:00,201,18267.18,
2026-09-11T20:28:10.942341+00:00,201,20656.74,
2026-09-11T20:28:11.466153+00:00,201,20140.45,
2026-09-11T20:28:11.212680+00:00,201,20394.95,
2026-09-11T20:28:11.176384+00:00,201,20432.24,
2026-09-11T20:28:11.322831+00:00,201,20286.47,
2026-09-11T20:28:11.136568+00:00,201,20469.45,
2026-09-11T20:28:11.436924+00:00,201,20169.09,
2026-09-11T20:28:11.275581+00:00,201,20328.16,
2026-09-11T20:28:13.447520+00:00,201,18157.84,
2026-09-11T20:28:11.545175+00:00,201,20073.28,
2026-09-11T20:28:13.464767+00:00,201,18152.32,
2026-09-11T20:28:11.354532+00:00,201,20259.71,
2026-09-11T20:28:13.437621+00:00,201,18185.45,
2026-09-11T20:28:13.464767+00:00,201,18160.44,
2026-09-11T20:28:13.447520+00:00,201,18176.53,
2026-09-11T20:28:13.464767+00:00,201,18156.79,
2026-09-11T20:28:13.464767+00:00,201,18156.86,
2026-09-11T20:28:13.447520+00:00,201,18170.15,
2026-09-11T20:28:13.478766+00:00,201,18141.33,
2026-09-11T20:28:13.494449+00:00,201,18127.36,
2026-09-11T20:28:13.510434+00:00,201,18126.92,
2026-09-11T20:28:13.447520+00:00,201,18185.68,
2026-09-11T20:28:13.537549+00:00,201,18101.59,
2026-09-11T20:28:13.494449+00:00,201,18143.37,
2026-09-11T20:28:13.478766+00:00,201,18161.80,
2026-09-11T20:28:13.537549+00:00,201,18104.86,
2026-09-11T20:28:13.494449+00:00,201,18142.51,
2026-09-11T20:28:13.526497+00:00,201,18121.34,
2026-09-11T20:28:13.494449+00:00,201,18144.11,
2026-09-11T20:28:13.542135+00:00,201,18106.97,
2026-09-11T20:28:13.517460+00:00,201,18129.03,
2026-09-11T20:28:13.542135+00:00,201,18099.64,
2026-09-11T20:28:13.557878+00:00,201,18095.33,
2026-09-11T20:28:13.542135+00:00,201,18106.88,
2026-09-11T20:28:13.542135+00:00,201,18107.09,
2026-09-11T20:28:13.557878+00:00,201,18098.61,
2026-09-11T20:28:13.580920+00:00,201,18076.86,
2026-09-11T20:28:13.579207+00:00,201,18084.03,
2026-09-11T20:28:13.580920+00:00,201,18078.69,
2026-09-11T20:28:13.557878+00:00,201,18101.91,
2026-09-11T20:28:13.589451+00:00,201,18075.91,
2026-09-11T20:28:13.580920+00:00,201,18086.43,
2026-09-11T20:28:13.573670+00:00,201,18096.97,
2026-09-11T20:28:13.615242+00:00,201,18053.43,
2026-09-11T20:28:13.622007+00:00,201,18048.86,
2026-09-11T20:28:13.622007+00:00,201,18055.11,
2026-09-11T20:28:13.589451+00:00,201,18084.33,
2026-09-11T20:28:13.605534+00:00,201,18072.28,
2026-09-11T20:28:13.589451+00:00,201,18078.28,
2026-09-11T20:28:13.622007+00:00,201,18056.25,
2026-09-11T20:28:13.629539+00:00,201,18053.65,
2026-09-11T20:28:13.653557+00:00,201,18019.33,
2026-09-11T20:28:13.677544+00:00,201,18010.88,
2026-09-11T20:28:13.653557+00:00,201,18037.94,
2026-09-11T20:28:13.677544+00:00,201,18009.23,
2026-09-11T20:28:13.685022+00:00,201,18002.91,
2026-09-11T20:28:13.700804+00:00,201,17981.78,
2026-09-11T20:28:13.700804+00:00,201,17985.32,
2026-09-11T20:28:13.685022+00:00,201,18006.10,
2026-09-11T20:28:13.669329+00:00,201,18032.38,
2026-09-11T20:28:13.700804+00:00,201,17992.60,
2026-09-11T20:28:13.685022+00:00,201,18007.97,
2026-09-11T20:28:13.685022+00:00,201,18020.00,
2026-09-11T20:28:13.700804+00:00,201,18003.42,
2026-09-11T20:28:13.716929+00:00,201,17987.05,
2026-09-11T20:28:13.716929+00:00,201,17990.86,
2026-09-11T20:28:13.748610+00:00,201,17959.48,
2026-09-11T20:28:13.700804+00:00,201,18013.98,
2026-09-11T20:28:13.716929+00:00,201,17999.05,
2026-09-11T20:28:13.716929+00:00,201,17997.01,
2026-09-11T20:28:13.737920+00:00,201,17987.85,
2026-09-11T20:28:13.748610+00:00,201,17975.53,
2026-09-11T20:28:13.716929+00:00,201,18002.31,
2026-09-11T20:28:13.748610+00:00,201,17978.14,
2026-09-11T20:28:13.716929+00:00,201,18017.14,
2026-09-11T20:28:13.782979+00:00,201,17953.02,
2026-09-11T20:28:13.737920+00:00,201,17999.87,
2026-09-11T20:28:13.748610+00:00,201,17993.79,
2026-09-11T20:28:13.779585+00:00,201,17966.02,
2026-09-11T20:28:13.685022+00:00,201,18057.65,
2026-09-11T20:28:13.764752+00:00,201,17980.53,
2026-09-11T20:28:13.737920+00:00,201,18009.49,
2026-09-11T20:28:13.737920+00:00,201,18007.29,
2026-09-11T20:28:09.755679+00:00,201,21998.44,
2026-09-11T20:28:13.860594+00:00,201,17896.04,
2026-09-11T20:28:13.748610+00:00,201,17998.90,
2026-09-11T20:28:13.838211+00:00,201,17924.23,
2026-09-11T20:28:13.779585+00:00,201,17985.78,
2026-09-11T20:28:13.781347+00:00,201,17986.47,
2026-09-11T20:28:13.748610+00:00,201,18006.94,
2026-09-11T20:28:10.895022+00:00,201,20866.06,
2026-09-11T20:28:11.306974+00:00,201,20461.64,
2026-09-11T20:28:10.736396+00:00,201,21041.07,
2026-09-11T20:28:13.764752+00:00,201,18003.70,
2026-09-11T20:28:04.049785+00:00,201,27732.85,
2026-09-11T20:28:11.136568+00:00,201,20646.57,
2026-09-11T20:28:11.655999+00:00,201,20130.30,
2026-09-11T20:28:13.860594+00:00,201,17924.93,
2026-09-11T20:28:11.466153+00:00,201,20315.79,
2026-09-11T20:28:11.372570+00:00,201,20412.67,
2026-09-11T20:28:10.260813+00:00,201,21528.15,
2026-09-11T20:28:07.699855+00:00,201,24097.23,
2026-09-11T20:28:10.974447+00:00,201,20822.28,
2026-09-11T20:28:11.338752+00:00,201,20452.52,
2026-09-11T20:28:14.338800+00:00,201,17466.34,
2026-09-11T20:28:07.636732+00:00,201,24168.75,
2026-09-11T20:28:04.802005+00:00,201,27008.44,
2026-09-11T20:28:04.093912+00:00,201,27718.22,
2026-09-11T20:28:09.265509+00:00,201,22542.02,
2026-09-11T20:28:04.026817+00:00,201,27788.82,
2026-09-11T20:28:07.735894+00:00,201,24081.63,
2026-09-11T20:28:14.742453+00:00,201,17076.79,
2026-09-11T20:28:10.308990+00:00,201,21511.57,
2026-09-11T20:28:04.079912+00:00,201,27743.39,
2026-09-11T20:28:14.413162+00:00,201,17411.18,
2026-09-11T20:28:04.881003+00:00,201,26944.09,
2026-09-11T20:28:15.257555+00:00,201,16566.06,
2026-09-11T20:28:03.675781+00:00,201,28153.72,
2026-09-11T20:28:04.105923+00:00,201,27722.23,
2026-09-11T20:28:06.354381+00:00,201,25477.27,
2026-09-11T20:28:04.155981+00:00,201,27675.85,
2026-09-11T20:28:04.913085+00:00,201,26917.26,
2026-09-11T20:28:03.701112+00:00,201,28130.42,
2026-09-11T20:28:04.959657+00:00,201,26878.50,
2026-09-11T20:28:03.978706+00:00,201,27860.25,
2026-09-11T20:28:04.377423+00:00,201,27455.24,
2026-09-11T20:28:08.048807+00:00,201,23782.70,
2026-09-11T20:28:06.582744+00:00,201,25255.64,
2026-09-11T20:28:15.840889+00:00,201,16007.22,
2026-09-11T20:28:05.069967+00:00,201,26775.59,
2026-09-11T20:28:08.208321+00:00,201,23635.24,
2026-09-11T20:28:06.669832+00:00,201,25181.54,
2026-09-11T20:28:05.086041+00:00,201,26758.73,
2026-09-11T20:28:05.004958+00:00,201,26850.22,
2026-09-11T20:28:03.789796+00:00,201,28061.32,
2026-09-11T20:28:06.716953+00:00,201,25135.79,
2026-09-11T20:28:08.338948+00:00,201,23522.28,
2026-09-11T20:28:04.216832+00:00,201,27643.14,
2026-09-11T20:28:16.070453+00:00,201,15790.36,
2026-09-11T20:28:06.817868+00:00,201,25045.23,
2026-09-11T20:28:08.386031+00:00,201,23483.11,
2026-09-11T20:28:06.859250+00:00,201,25000.18,
2026-09-11T20:28:08.456624+00:00,201,23407.82,
2026-09-11T20:28:06.544035+00:00,201,25323.85,
2026-09-11T20:28:11.481894+00:00,201,20562.79,
2026-09-11T20:28:12.923018+00:00,201,19125.23,
2026-09-11T20:28:12.970782+00:00,201,19093.80,
2026-09-11T20:28:12.954847+00:00,201,19106.78,
2026-09-11T20:28:12.938821+00:00,201,19125.08,
2026-09-11T20:28:12.967268+00:00,201,19102.81,
2026-09-11T20:28:12.954847+00:00,201,19115.65,
2026-09-11T20:28:12.979852+00:00,201,19094.61,
2026-09-11T20:28:12.979852+00:00,201,19095.71,
2026-09-11T20:28:12.986750+00:00,201,19092.29,
2026-09-11T20:28:12.986750+00:00,201,19084.14,
2026-09-11T20:28:11.136568+00:00,201,20997.24,
2026-09-11T20:28:08.884901+00:00,201,23255.99,
2026-09-11T20:28:11.024674+00:00,201,21133.50,
2026-09-11T20:28:13.400303+00:00,201,18771.58,
2026-09-11T20:28:13.447520+00:00,201,18727.63,
2026-09-11T20:28:11.561255+00:00,201,20614.12,
2026-09-11T20:28:11.640256+00:00,201,20538.46,
2026-09-11T20:28:13.478766+00:00,201,18711.39,
2026-09-11T20:28:13.494449+00:00,201,18701.75,
2026-09-11T20:28:13.478766+00:00,201,18721.78,
2026-09-11T20:28:13.494449+00:00,201,18709.92,
2026-09-11T20:28:13.517460+00:00,201,18695.53,
2026-09-11T20:28:13.526497+00:00,201,18686.50,
2026-09-11T20:28:13.517460+00:00,201,18692.53,
2026-09-11T20:28:13.526497+00:00,201,18692.44,
2026-09-11T20:28:13.510434+00:00,201,18708.75,
2026-09-11T20:28:13.573670+00:00,201,18649.64,
2026-09-11T20:28:13.589451+00:00,201,18641.24,
2026-09-11T20:28:13.557878+00:00,201,18662.19,
2026-09-11T20:28:13.557878+00:00,201,18674.26,
2026-09-11T20:28:13.573670+00:00,201,18668.05,
2026-09-11T20:28:13.589451+00:00,201,18652.91,
2026-09-11T20:28:13.615242+00:00,201,18631.77,
2026-09-11T20:28:13.638207+00:00,201,18609.31,
2026-09-11T20:28:13.653557+00:00,201,18601.73,
2026-09-11T20:28:13.653557+00:00,201,18602.16,
2026-09-11T20:28:13.653557+00:00,201,18602.92,
2026-09-11T20:28:13.669329+00:00,201,18591.44,
2026-09-11T20:28:13.677544+00:00,201,18588.64,
2026-09-11T20:28:13.685022+00:00,201,18579.32,
2026-09-11T20:28:13.716929+00:00,201,18556.92,
2026-09-11T20:28:13.782979+00:00,201,18512.84,
2026-09-11T20:28:07.572844+00:00,201,24724.78,
2026-09-11T20:28:13.764752+00:00,201,18529.31,
2026-09-11T20:28:11.576901+00:00,201,20725.81,
2026-09-11T20:28:06.121685+00:00,201,26190.00,
2026-09-11T20:28:06.147226+00:00,201,26169.22,
2026-09-11T20:28:06.233123+00:00,201,26086.27,
2026-09-11T20:28:07.858640+00:00,201,24464.54,
2026-09-11T20:28:04.896856+00:00,201,27425.87,
2026-09-11T20:28:15.915709+00:00,201,16417.06,
2026-09-11T20:28:05.046664+00:00,201,27282.36,
2026-09-11T20:28:04.247981+00:00,201,28075.36,
2026-09-11T20:28:08.293238+00:00,201,24050.43,
2026-09-11T20:28:08.428583+00:00,201,23919.87,
2026-09-11T20:28:06.916992+00:00,201,25433.52,
2026-09-11T20:28:08.497282+00:00,201,23851.42,
2026-09-11T20:28:16.142666+00:00,201,16212.77,
2026-09-11T20:28:08.143965+00:00,201,24210.61,
2026-09-11T20:28:08.537363+00:00,201,23819.54,
2026-09-11T20:28:07.019836+00:00,201,25336.71,
2026-09-11T20:28:05.255627+00:00,201,27104.70,
2026-09-11T20:28:08.617390+00:00,201,23745.64,
2026-09-11T20:28:08.569176+00:00,201,23788.94,
2026-09-11T20:28:07.053885+00:00,201,25308.39,
2026-09-11T20:28:05.307158+00:00,201,27060.35,
2026-09-11T20:28:07.081857+00:00,201,25277.61,
2026-09-11T20:28:16.190016+00:00,201,16179.48,
2026-09-11T20:28:05.275721+00:00,201,27088.29,
2026-09-11T20:28:07.119022+00:00,201,25248.78,
2026-09-11T20:28:05.331976+00:00,201,27042.57,
2026-09-11T20:28:08.663979+00:00,201,23703.20,
2026-09-11T20:28:16.241368+00:00,201,16136.59,
2026-09-11T20:28:07.287514+00:00,201,25086.34,
2026-09-11T20:28:08.695475+00:00,201,23670.17,
2026-09-11T20:28:05.383580+00:00,201,26996.05,
2026-09-11T20:28:05.359437+00:00,201,27023.62,
2026-09-11T20:28:08.743070+00:00,201,23637.64,
2026-09-11T20:28:03.712257+00:00,201,28671.63,
2026-09-11T20:28:08.775998+00:00,201,23603.53,
2026-09-11T20:28:05.404405+00:00,201,26977.57,
2026-09-11T20:28:03.799623+00:00,201,28586.10,
2026-09-11T20:28:03.978706+00:00,201,28405.86,
2026-09-11T20:28:05.433513+00:00,201,26959.10,
2026-09-11T20:28:04.628130+00:00,201,27769.89,
2026-09-11T20:28:05.455082+00:00,201,26937.03,
2026-09-11T20:28:05.488687+00:00,201,26912.39,
2026-09-11T20:28:16.270935+00:00,201,16120.65,
2026-09-11T20:28:05.556800+00:00,201,26845.98,
2026-09-11T20:28:16.307132+00:00,201,16096.16,
2026-09-11T20:28:05.519772+00:00,201,26885.93,
2026-09-11T20:28:05.615315+00:00,201,26793.62,
2026-09-11T20:28:05.578273+00:00,201,26824.47,
2026-09-11T20:28:05.639640+00:00,201,26765.96,
2026-09-11T20:28:05.670635+00:00,201,26741.36,
2026-09-11T20:28:16.340968+00:00,201,16073.45,
2026-09-11T20:28:05.687252+00:00,201,26718.33,
2026-09-11T20:28:03.620982+00:00,201,28795.71,
2026-09-11T20:28:05.734968+00:00,201,26669.42,
2026-09-11T20:28:03.848066+00:00,201,28570.05,
2026-09-11T20:28:05.752016+00:00,201,26658.39,
2026-09-11T20:28:05.718629+00:00,201,26699.88,
2026-09-11T20:28:03.869983+00:00,201,28545.72,
2026-09-11T20:28:04.344552+00:00,201,28081.75,
2026-09-11T20:28:16.379612+00:00,201,16046.41,
2026-09-11T20:28:16.352646+00:00,201,16067.56,
2026-09-11T20:28:03.645447+00:00,201,28784.25,
2026-09-11T20:28:03.700294+00:00,201,28731.78,
2026-09-11T20:28:03.963167+00:00,201,28468.89,
2026-09-11T20:28:16.397620+00:00,201,16030.68,
2026-09-11T20:28:03.968286+00:00,201,28463.88,
2026-09-11T20:28:16.433494+00:00,201,16004.63,
2026-09-11T20:28:04.362091+00:00,201,28077.03,
2026-09-11T20:28:16.419314+00:00,201,16017.30,
2026-09-11T20:28:16.440660+00:00,201,16000.75,
2026-09-11T20:28:16.448994+00:00,201,15992.82,
2026-09-11T20:28:16.476180+00:00,201,15969.51,
2026-09-11T20:28:16.480300+00:00,201,15966.31,
2026-09-11T20:28:16.508198+00:00,201,15940.38,
2026-09-11T20:28:16.540458+00:00,201,15909.64,
2026-09-11T20:28:16.572230+00:00,201,15879.65,
2026-09-11T20:28:16.576846+00:00,201,15875.98,
2026-09-11T20:28:16.603608+00:00,201,15851.24,
2026-09-11T20:28:16.605978+00:00,201,15848.87,
2026-09-11T20:28:16.635607+00:00,201,15822.36,
2026-09-11T20:28:16.636811+00:00,201,15819.83,
2026-09-11T20:28:16.667130+00:00,201,15793.90,
2026-09-11T20:28:16.671338+00:00,201,15790.32,
2026-09-11T20:28:16.699155+00:00,201,15764.83,
2026-09-11T20:28:16.730576+00:00,201,15734.89,
2026-09-11T20:28:16.762105+00:00,201,15704.75,
2026-09-11T20:28:16.793652+00:00,201,15674.67,
2026-09-11T20:28:16.825801+00:00,201,15643.99,
2026-09-11T20:28:16.857228+00:00,201,15614.04,
2026-09-11T20:28:16.888871+00:00,201,15583.96,
2026-09-11T20:28:16.920343+00:00,201,15554.06,
2026-09-11T20:28:16.951651+00:00,201,15523.91,
2026-09-11T20:28:16.983109+00:00,201,15494.20,
2026-09-11T20:28:17.014952+00:00,201,15463.83,
2026-09-11T20:28:17.046464+00:00,201,15433.73,
2026-09-11T20:28:17.078140+00:00,201,15403.51,
2026-09-11T20:28:17.110169+00:00,201,15372.93,
2026-09-11T20:28:17.141418+00:00,201,15343.18,
2026-09-11T20:28:17.173123+00:00,201,15312.96,
2026-09-11T20:28:17.205104+00:00,201,15282.48,
2026-09-11T20:28:17.236655+00:00,201,15252.41,
2026-09-11T20:28:17.268635+00:00,201,15222.29,
2026-09-11T20:28:17.300590+00:00,201,15192.29,
2026-09-11T20:28:17.332601+00:00,201,15161.79,
2026-09-11T20:28:17.364438+00:00,201,15131.57,
2026-09-11T20:28:17.396089+00:00,201,15101.32,
2026-09-11T20:28:17.428091+00:00,201,15070.80,
2026-09-11T20:28:17.434666+00:00,201,15065.77,
2026-09-11T20:28:17.460095+00:00,201,15041.73,
2026-09-11T20:28:17.491955+00:00,201,15011.30,
2026-09-11T20:28:17.523787+00:00,201,14981.00,
2026-09-11T20:28:17.528389+00:00,201,14977.33,
2026-09-11T20:28:17.555621+00:00,201,14952.45,
2026-09-11T20:28:17.587314+00:00,201,14922.16,
2026-09-11T20:28:17.621776+00:00,201,14888.45,
2026-09-11T20:28:17.618612+00:00,201,14894.35,
2026-09-11T20:28:17.650363+00:00,201,14864.00,
2026-09-11T20:28:17.682130+00:00,201,14833.63,
2026-09-11T20:28:17.714099+00:00,201,14803.15,
2026-09-11T20:28:17.745411+00:00,201,14773.44,
2026-09-11T20:28:17.777141+00:00,201,14743.03,
2026-09-11T20:28:17.808629+00:00,201,14713.24,
2026-09-11T20:28:17.840616+00:00,201,14682.68,
2026-09-11T20:28:17.872461+00:00,201,14652.35,
2026-09-11T20:28:17.904637+00:00,201,14621.72,
2026-09-11T20:28:17.936610+00:00,201,14591.11,
2026-09-11T20:28:17.968614+00:00,201,14560.64,
2026-09-11T20:28:18.000565+00:00,201,14530.13,
2026-09-11T20:28:18.032178+00:00,201,14500.03,
2026-09-11T20:28:18.063517+00:00,201,14470.10,
2026-09-11T20:28:18.095494+00:00,201,14439.62,
2026-09-11T20:28:18.127070+00:00,201,14409.66,
2026-09-11T20:28:18.159155+00:00,201,14379.17,
2026-09-11T20:28:18.190922+00:00,201,14349.18,
2026-09-11T20:28:18.222896+00:00,201,14318.86,
2026-09-11T20:28:18.255021+00:00,201,14288.22,
2026-09-11T20:28:18.286136+00:00,201,14258.70,
2026-09-11T20:28:18.292506+00:00,201,14253.67,
2026-09-11T20:28:23.301816+00:00,0,9339.17,connection_error: 
2026-09-11T20:28:24.338196+00:00,0,8304.71,connection_error: 
2026-09-11T20:28:24.822239+00:00,0,7827.43,connection_error: 
2026-09-11T20:28:12.907181+00:00,201,19741.23,
2026-09-11T20:28:12.937817+00:00,201,19726.55,
2026-09-11T20:28:12.954847+00:00,201,19704.27,
2026-09-11T20:28:12.971344+00:00,201,19692.66,
2026-09-11T20:28:12.938821+00:00,201,19725.90,
2026-09-11T20:28:09.802965+00:00,201,22882.57,
2026-09-11T20:28:11.412324+00:00,201,21285.52,
2026-09-11T20:28:13.447520+00:00,201,19254.95,
2026-09-11T20:28:13.542135+00:00,201,19179.28,
2026-09-11T20:28:13.542135+00:00,201,19177.90,
2026-09-11T20:28:13.637642+00:00,201,19107.94,
2026-09-11T20:28:13.638207+00:00,201,19105.06,
2026-09-11T20:28:13.677544+00:00,201,19075.37,
2026-09-11T20:28:13.638207+00:00,201,19109.07,
2026-09-11T20:28:13.669329+00:00,201,19096.09,
2026-09-11T20:28:13.844720+00:00,201,18926.01,
2026-09-11T20:28:18.332153+00:00,201,14490.33,
2026-09-11T20:28:18.339618+00:00,201,14490.35,
2026-09-11T20:28:18.379135+00:00,201,14453.24,
2026-09-11T20:28:18.386439+00:00,201,14447.97,
2026-09-11T20:28:18.425354+00:00,201,14410.35,
2026-09-11T20:28:18.456743+00:00,201,14380.50,
2026-09-11T20:28:18.488590+00:00,201,14350.15,
2026-09-11T20:28:18.519978+00:00,201,14320.25,
2026-09-11T20:28:18.551642+00:00,201,14290.38,
2026-09-11T20:28:18.583550+00:00,201,14260.07,
2026-09-11T20:28:18.615535+00:00,201,14229.30,
2026-09-11T20:28:18.622294+00:00,201,14223.45,
2026-09-11T20:28:18.746113+00:00,201,14096.86,
2026-09-11T20:28:18.790005+00:00,201,14059.21,
2026-09-11T20:28:18.793616+00:00,201,14056.97,
2026-09-11T20:28:18.821413+00:00,201,14030.94,
2026-09-11T20:28:18.824981+00:00,201,14029.11,
2026-09-11T20:28:18.853543+00:00,201,14002.24,
2026-09-11T20:28:18.856527+00:00,201,13999.58,
2026-09-11T20:28:18.885190+00:00,201,13973.52,
2026-09-11T20:28:18.888515+00:00,201,13970.26,
2026-09-11T20:28:18.923073+00:00,201,13938.58,
2026-09-11T20:28:18.916837+00:00,201,13946.58,
2026-09-11T20:28:18.948854+00:00,201,13916.10,
2026-09-11T20:28:18.980046+00:00,201,13886.59,
2026-09-11T20:28:19.011503+00:00,201,13856.74,
2026-09-11T20:28:19.043497+00:00,201,13826.38,
2026-09-11T20:28:19.075506+00:00,201,13796.08,
2026-09-11T20:28:19.106497+00:00,201,13766.70,
2026-09-11T20:28:19.138507+00:00,201,13736.39,
2026-09-11T20:28:19.170403+00:00,201,13705.97,
2026-09-11T20:28:19.201342+00:00,201,13676.57,
2026-09-11T20:28:19.232773+00:00,201,13646.58,
2026-09-11T20:28:19.264763+00:00,201,13616.05,
2026-09-11T20:28:19.296633+00:00,201,13586.27,
2026-09-11T20:28:19.328436+00:00,201,13556.65,
2026-09-11T20:28:19.359844+00:00,201,13527.08,
2026-09-11T20:28:19.400929+00:00,201,13487.80,
2026-09-11T20:28:19.406711+00:00,201,13483.77,
2026-09-11T20:28:19.448537+00:00,201,13443.37,
2026-09-11T20:28:19.479999+00:00,201,13413.40,
2026-09-11T20:28:19.512033+00:00,201,13383.04,
2026-09-11T20:28:19.543310+00:00,201,13353.25,
2026-09-11T20:28:19.574519+00:00,201,13324.21,
2026-09-11T20:28:19.606733+00:00,201,13294.00,
2026-09-11T20:28:19.638525+00:00,201,13264.36,
2026-09-11T20:28:19.670042+00:00,201,13235.48,
2026-09-11T20:28:19.701770+00:00,201,13205.99,
2026-09-11T20:28:19.733598+00:00,201,13176.25,
2026-09-11T20:28:19.765068+00:00,201,13146.61,
2026-09-11T20:28:19.796564+00:00,201,13116.63,
2026-09-11T20:28:19.828803+00:00,201,13086.04,
2026-09-11T20:28:19.859464+00:00,201,13056.81,
2026-09-11T20:28:19.891484+00:00,201,13026.33,
2026-09-11T20:28:19.923392+00:00,201,12995.92,
2026-09-11T20:28:19.954293+00:00,201,12966.54,
2026-09-11T20:28:19.985939+00:00,201,12936.27,
2026-09-11T20:28:20.017757+00:00,201,12905.92,
2026-09-11T20:28:20.081020+00:00,201,12843.79,
2026-09-11T20:28:20.049187+00:00,201,12877.30,
2026-09-11T20:28:20.089992+00:00,201,12837.71,
2026-09-11T20:28:20.128011+00:00,201,12801.24,
2026-09-11T20:28:20.160416+00:00,201,12770.27,
2026-09-11T20:28:20.192043+00:00,201,12740.06,
2026-09-11T20:28:20.223411+00:00,201,12710.19,
2026-09-11T20:28:20.254776+00:00,201,12680.20,
2026-09-11T20:28:20.292368+00:00,201,12642.99,
2026-09-11T20:28:20.319170+00:00,201,12618.70,
2026-09-11T20:28:20.286858+00:00,201,12652.52,
2026-09-11T20:28:20.357963+00:00,201,12583.03,
2026-09-11T20:28:20.402376+00:00,201,12538.87,
2026-09-11T20:28:20.350826+00:00,201,12592.65,
2026-09-11T20:28:20.397085+00:00,201,12547.82,
2026-09-11T20:28:20.444655+00:00,201,12501.67,
2026-09-11T20:28:20.449709+00:00,201,12496.69,
2026-09-11T20:28:20.476902+00:00,201,12472.34,
2026-09-11T20:28:20.545006+00:00,201,12403.87,
2026-09-11T20:28:20.508600+00:00,201,12443.73,
2026-09-11T20:28:20.575130+00:00,201,12377.79,
2026-09-11T20:28:20.540413+00:00,201,12414.70,
2026-09-11T20:28:20.571523+00:00,201,12384.96,
2026-09-11T20:28:20.603433+00:00,201,12354.47,
2026-09-11T20:28:20.635971+00:00,201,12323.36,
2026-09-11T20:28:20.667481+00:00,201,12293.22,
2026-09-11T20:28:20.698997+00:00,201,12262.83,
2026-09-11T20:28:20.731280+00:00,201,12232.30,
2026-09-11T20:28:20.763042+00:00,201,12202.15,
2026-09-11T20:28:20.826950+00:00,201,12139.80,
2026-09-11T20:28:20.795164+00:00,201,12173.11,
2026-09-11T20:28:20.858461+00:00,201,12111.33,
2026-09-11T20:28:20.890466+00:00,201,12081.01,
2026-09-11T20:28:20.954420+00:00,201,12018.61,
2026-09-11T20:28:20.922488+00:00,201,12051.98,
2026-09-11T20:28:20.985899+00:00,201,11989.95,
2026-09-11T20:28:21.049646+00:00,201,11927.68,
2026-09-11T20:28:21.017915+00:00,201,11960.65,
2026-09-11T20:28:21.081446+00:00,201,11898.39,
2026-09-11T20:28:21.090160+00:00,201,11892.05,
2026-09-11T20:28:21.129452+00:00,201,11854.91,
2026-09-11T20:28:21.160834+00:00,201,11825.41,
2026-09-11T20:28:21.192595+00:00,201,11795.69,
2026-09-11T20:28:21.224591+00:00,201,11765.73,
2026-09-11T20:28:21.229760+00:00,201,11761.98,
2026-09-11T20:28:21.256842+00:00,201,11737.58,
2026-09-11T20:28:21.288436+00:00,201,11708.07,
2026-09-11T20:28:21.292429+00:00,201,11706.36,
2026-09-11T20:28:21.320451+00:00,201,11680.49,
2026-09-11T20:28:21.351958+00:00,201,11651.10,
2026-09-11T20:28:21.383738+00:00,201,11621.36,
2026-09-11T20:28:21.388349+00:00,201,11618.94,
2026-09-11T20:28:21.415158+00:00,201,11593.94,
2026-09-11T20:28:21.422167+00:00,201,11587.39,
2026-09-11T20:28:21.494158+00:00,201,11519.63,
2026-09-11T20:28:21.462353+00:00,201,11553.68,
2026-09-11T20:28:21.531403+00:00,201,11487.42,
2026-09-11T20:28:21.525968+00:00,201,11495.05,
2026-09-11T20:28:21.573005+00:00,201,11449.93,
2026-09-11T20:28:21.636128+00:00,201,11388.74,
2026-09-11T20:28:21.575514+00:00,201,11449.80,
2026-09-11T20:28:21.699360+00:00,201,11328.71,
2026-09-11T20:28:21.731024+00:00,201,11300.06,
2026-09-11T20:28:21.604429+00:00,201,11428.76,
2026-09-11T20:28:21.667838+00:00,201,11367.50,
2026-09-11T20:28:21.826910+00:00,201,11210.40,
2026-09-11T20:28:21.762913+00:00,201,11276.45,
2026-09-11T20:28:21.858822+00:00,201,11182.70,
2026-09-11T20:28:21.866425+00:00,201,11177.13,
2026-09-11T20:28:21.828935+00:00,201,11203.38,
2026-09-11T20:28:21.794694+00:00,201,11253.11,
2026-09-11T20:28:21.875901+00:00,201,11164.50,
2026-09-11T20:28:21.875901+00:00,201,11175.52,
2026-09-11T20:28:21.890200+00:00,201,11153.90,
2026-09-11T20:28:21.846120+00:00,201,11209.57,
2026-09-11T20:28:21.847131+00:00,201,11206.85,
2026-09-11T20:28:21.869976+00:00,201,11189.55,
2026-09-11T20:28:21.907626+00:00,201,11148.08,
2026-09-11T20:28:21.953917+00:00,201,11107.79,
2026-09-11T20:28:21.890200+00:00,201,11172.32,
2026-09-11T20:28:21.890200+00:00,201,11165.58,
2026-09-11T20:28:21.924966+00:00,201,11137.55,
2026-09-11T20:28:22.007195+00:00,201,11066.11,
2026-09-11T20:28:21.969880+00:00,201,11106.53,
2026-09-11T20:28:21.887375+00:00,201,11190.31,
2026-09-11T20:28:22.007195+00:00,201,11068.37,
2026-09-11T20:28:21.946342+00:00,201,11135.98,
2026-09-11T20:28:22.023605+00:00,201,11057.88,
2026-09-11T20:28:22.029125+00:00,201,11055.98,
2026-09-11T20:28:22.001600+00:00,201,11088.73,
2026-09-11T20:28:22.054664+00:00,201,11034.53,
2026-09-11T20:28:22.044901+00:00,201,11047.87,
2026-09-11T20:28:22.021883+00:00,201,11072.35,
2026-09-11T20:28:22.101454+00:00,201,10988.98,
2026-09-11T20:28:22.036776+00:00,201,11056.72,
2026-09-11T20:28:22.176461+00:00,201,10922.14,
2026-09-11T20:28:22.160679+00:00,201,10939.46,
2026-09-11T20:28:22.146384+00:00,201,10956.65,
2026-09-11T20:28:22.036776+00:00,201,11067.51,
2026-09-11T20:28:22.101454+00:00,201,10994.91,
2026-09-11T20:28:22.049629+00:00,201,11056.65,
2026-09-11T20:28:22.225194+00:00,201,10883.18,
2026-09-11T20:28:22.081090+00:00,201,11020.08,
2026-09-11T20:28:22.065182+00:00,201,11046.31,
2026-09-11T20:28:22.246362+00:00,201,10863.09,
2026-09-11T20:28:22.245350+00:00,201,10869.89,
2026-09-11T20:28:22.209701+00:00,201,10897.35,
2026-09-11T20:28:22.128356+00:00,201,10986.95,
2026-09-11T20:28:22.188079+00:00,201,10928.93,
2026-09-11T20:28:22.276573+00:00,201,10836.93,
2026-09-11T20:28:22.209701+00:00,201,10910.36,
2026-09-11T20:28:22.334815+00:00,201,10789.93,
2026-09-11T20:28:22.588411+00:00,201,10538.83,
2026-09-11T20:28:12.923018+00:00,201,20208.85,
2026-09-11T20:28:12.965753+00:00,201,20182.05,
2026-09-11T20:28:12.954847+00:00,201,20188.11,
2026-09-11T20:28:11.053567+00:00,201,22159.62,
2026-09-11T20:28:11.275581+00:00,201,21978.92,
2026-09-11T20:28:13.653557+00:00,201,19957.32,
2026-09-11T20:28:12.900347+00:00,201,21044.14,
2026-09-11T20:28:12.938821+00:00,201,22360.14,
2026-09-11T20:28:24.367817+00:00,201,11500.85,
2026-09-11T20:28:24.859171+00:00,201,11019.67,
2026-09-11T20:28:22.652389+00:00,201,13229.47,
2026-09-11T20:28:23.318077+00:00,201,12562.16,
2026-09-11T20:28:29.004045+00:00,201,6873.17,
2026-09-11T20:28:22.371082+00:00,201,13520.18,
2026-09-11T20:28:29.035665+00:00,201,6864.17,
2026-09-11T20:28:29.019828+00:00,201,6871.49,
2026-09-11T20:28:29.019828+00:00,201,6886.94,
2026-09-11T20:28:29.019828+00:00,201,6894.87,
2026-09-11T20:28:29.019828+00:00,201,6895.49,
2026-09-11T20:28:29.039981+00:00,201,6886.92,
2026-09-11T20:28:29.039981+00:00,201,6890.89,
2026-09-11T20:28:29.019828+00:00,201,6927.26,
2026-09-11T20:28:29.019828+00:00,201,6928.29,
2026-09-11T20:28:29.039981+00:00,201,6923.44,
2026-09-11T20:28:29.057761+00:00,201,6915.43,
2026-09-11T20:28:29.019828+00:00,201,6950.43,
2026-09-11T20:28:29.035665+00:00,201,6953.64,
2026-09-11T20:28:29.039981+00:00,201,6955.66,
2026-09-11T20:28:29.052549+00:00,201,6960.28,
2026-09-11T20:28:29.019828+00:00,201,6993.49,
2026-09-11T20:28:29.057761+00:00,201,6972.91,
2026-09-11T20:28:29.039981+00:00,201,7002.92,
2026-09-11T20:28:22.669415+00:00,201,18799.34,
2026-09-11T20:28:24.394922+00:00,201,17076.97,
2026-09-11T20:28:23.337795+00:00,201,18146.41,
2026-09-11T20:28:24.890089+00:00,201,16599.28,
2026-09-11T20:28:22.382605+00:00,201,19123.62,
2026-09-11T20:28:29.414228+00:00,201,12441.75,
2026-09-11T20:28:25.703718+00:00,201,16156.91,
2026-09-11T20:28:29.430024+00:00,201,12437.33,
2026-09-11T20:28:29.414820+00:00,201,12460.75,
2026-09-11T20:28:29.430024+00:00,201,12450.29,
2026-09-11T20:28:29.446554+00:00,201,12459.91,
2026-09-11T20:28:29.430024+00:00,201,12475.14,
2026-09-11T20:28:29.414820+00:00,201,12494.75,
2026-09-11T20:28:29.430024+00:00,201,12499.78,
2026-09-11T20:28:29.430024+00:00,201,12509.21,
2026-09-11T20:28:29.440540+00:00,201,12506.49,
2026-09-11T20:28:29.440540+00:00,201,12513.03,
2026-09-11T20:28:29.414820+00:00,201,12543.71,
2026-09-11T20:28:29.414820+00:00,201,12554.89,
2026-09-11T20:28:29.510081+00:00,201,12498.99,
2026-09-11T20:28:28.640022+00:00,201,13378.88,
2026-09-11T20:28:29.492788+00:00,201,12542.51,
2026-09-11T20:28:29.466278+00:00,201,12587.79,
2026-09-11T20:28:29.485501+00:00,201,12584.72,
2026-09-11T20:28:29.453232+00:00,201,12631.42,
2026-09-11T20:28:29.472694+00:00,201,12669.19,
2026-09-11T20:28:29.477128+00:00,201,12678.34,
2026-09-11T20:28:29.462557+00:00,201,12711.81,
2026-09-11T20:28:29.446554+00:00,201,12740.64,
2026-09-11T20:28:29.492788+00:00,201,12718.39,
2026-09-11T20:28:29.458338+00:00,201,12774.89,
2026-09-11T20:28:29.559888+00:00,201,12692.01,
2026-09-11T20:28:29.526742+00:00,201,12742.35,
2026-09-11T20:28:29.446554+00:00,201,12847.45,
2026-09-11T20:28:29.492788+00:00,201,12815.79,
2026-09-11T20:28:29.469416+00:00,201,12866.17,
2026-09-11T20:28:29.477128+00:00,201,12881.20,
2026-09-11T20:28:28.575930+00:00,201,13794.78,
2026-09-11T20:28:29.477128+00:00,201,12950.18,
2026-09-11T20:28:29.508574+00:00,201,12942.58,
2026-09-11T20:28:29.515496+00:00,201,12957.34,
2026-09-11T20:28:29.572373+00:00,201,12915.68,
2026-09-11T20:28:29.487067+00:00,201,13018.81,
2026-09-11T20:28:29.487067+00:00,201,13032.53,
2026-09-11T20:28:29.526742+00:00,201,13012.85,
2026-09-11T20:28:29.526742+00:00,201,13022.50,
2026-09-11T20:28:29.556377+00:00,201,13019.93,
2026-09-11T20:28:29.540011+00:00,201,13055.33,
2026-09-11T20:28:29.524610+00:00,201,13093.15,
2026-09-11T20:28:29.492788+00:00,201,13130.63,
2026-09-11T20:28:29.559888+00:00,201,13086.49,
2026-09-11T20:28:29.492788+00:00,201,13175.91,
2026-09-11T20:28:29.572373+00:00,201,13120.04,
2026-09-11T20:28:29.520356+00:00,201,13196.83,
2026-09-11T20:28:29.572373+00:00,201,13167.16,
2026-09-11T20:28:29.554096+00:00,201,13208.72,
2026-09-11T20:28:29.540011+00:00,201,13238.30,
2026-09-11T20:28:29.572373+00:00,201,13228.93,
2026-09-11T20:28:29.526742+00:00,201,13364.17,
2026-09-11T20:28:29.572373+00:00,201,13334.91,
2026-09-11T20:28:29.572373+00:00,201,13361.86,
2026-09-11T20:28:29.540011+00:00,201,13423.59,
2026-09-11T20:28:29.559888+00:00,201,13427.70,
2026-09-11T20:28:29.588086+00:00,201,13428.88,
2026-09-11T20:28:29.589800+00:00,201,13445.65,
2026-09-11T20:28:29.559888+00:00,201,13554.65,
2026-09-11T20:28:29.589800+00:00,201,13561.94,
2026-09-11T20:28:29.540011+00:00,201,13639.84,
2026-09-11T20:28:29.604133+00:00,201,13683.37,
2026-09-11T20:28:29.589800+00:00,201,13733.50,
2026-09-11T20:28:29.604133+00:00,201,13754.36,
2026-09-11T20:28:29.604133+00:00,201,13801.06,
2026-09-11T20:28:29.640805+00:00,201,13790.23,
2026-09-11T20:28:29.620011+00:00,201,13834.48,
2026-09-11T20:28:29.589800+00:00,201,13894.04,
2026-09-11T20:28:29.620011+00:00,201,13904.75,
2026-09-11T20:28:29.572373+00:00,201,13970.67,
2026-09-11T20:28:29.620011+00:00,201,13961.03,
2026-09-11T20:28:29.604133+00:00,201,13998.75,
2026-09-11T20:28:29.658486+00:00,201,13976.52,
2026-09-11T20:28:29.589800+00:00,201,14079.99,
2026-09-11T20:28:29.668173+00:00,201,14029.99,
2026-09-11T20:28:29.653234+00:00,201,14077.99,
2026-09-11T20:28:29.668173+00:00,201,14096.70,
2026-09-11T20:28:29.640805+00:00,201,14156.52,
2026-09-11T20:28:29.604133+00:00,201,14225.82,
2026-09-11T20:28:29.620011+00:00,201,14234.72,
2026-09-11T20:28:29.658486+00:00,201,14237.24,
2026-09-11T20:28:29.620011+00:00,201,14305.69,
2026-09-11T20:28:29.699338+00:00,201,14258.41,
2026-09-11T20:28:29.589800+00:00,201,14403.58,
2026-09-11T20:28:29.636969+00:00,201,14401.11,
2026-09-11T20:28:29.683593+00:00,201,14390.65,
2026-09-11T20:28:29.640805+00:00,201,14460.22,
2026-09-11T20:28:29.640805+00:00,201,14502.46,
2026-09-11T20:28:29.657975+00:00,201,14524.70,
2026-09-11T20:28:29.715062+00:00,201,14503.54,
2026-09-11T20:28:29.685600+00:00,201,14568.86,
2026-09-11T20:28:29.668173+00:00,201,14631.96,
2026-09-11T20:28:29.730911+00:00,201,14629.37,
2026-09-11T20:28:29.653234+00:00,201,14781.94,
2026-09-11T20:28:29.668173+00:00,201,14799.55,
2026-09-11T20:28:29.658486+00:00,201,14862.29,
2026-09-11T20:28:29.620011+00:00,201,14940.60,
2026-09-11T20:28:29.668173+00:00,201,14941.54,
2026-09-11T20:28:29.589800+00:00,201,15056.21,
2026-09-11T20:28:29.727189+00:00,201,14972.24,
2026-09-11T20:28:29.685600+00:00,201,15049.81,
2026-09-11T20:28:29.746901+00:00,201,15035.67,
2026-09-11T20:28:29.762488+00:00,201,15061.23,
2026-09-11T20:28:29.699338+00:00,201,15171.44,
2026-09-11T20:28:29.699338+00:00,201,15228.21,
2026-09-11T20:28:29.730911+00:00,201,15244.66,
2026-09-11T20:28:29.685600+00:00,201,15333.45,
2026-09-11T20:28:29.699338+00:00,201,15475.13,
2026-09-11T20:28:29.685600+00:00,201,15535.94,
2026-09-11T20:28:29.730911+00:00,201,15541.51,
2026-09-11T20:28:29.723021+00:00,201,15606.71,
2026-09-11T20:28:29.746901+00:00,201,15625.96,
2026-09-11T20:28:29.730911+00:00,201,15680.35,
2026-09-11T20:28:29.719374+00:00,201,15763.92,
2026-09-11T20:28:29.762488+00:00,201,15782.02,
2026-09-11T20:28:29.753187+00:00,201,15859.16,
2026-09-11T20:28:29.778491+00:00,201,15885.08,
2026-09-11T20:28:29.730911+00:00,201,15997.38,
2026-09-11T20:28:29.730337+00:00,201,16061.97,
2026-09-11T20:28:29.753187+00:00,201,16177.39,
2026-09-11T20:28:29.753187+00:00,201,16223.64,
2026-09-11T20:28:29.762488+00:00,201,16260.28,
2026-09-11T20:28:29.778491+00:00,201,16308.40,
2026-09-11T20:28:29.730911+00:00,201,16429.69,
2026-09-11T20:28:29.730911+00:00,201,16492.23,
2026-09-11T20:28:29.778491+00:00,201,16503.91,
2026-09-11T20:28:29.753187+00:00,201,16589.75,
2026-09-11T20:28:29.778491+00:00,201,16622.42,
2026-09-11T20:28:29.762488+00:00,201,16690.35,
2026-09-11T20:28:29.762488+00:00,201,16750.04,
2026-09-11T20:28:29.746901+00:00,201,16828.27,
2026-09-11T20:28:29.762488+00:00,201,16869.16,
2026-09-11T20:28:29.762488+00:00,201,16945.37,
2026-09-11T20:28:29.778491+00:00,201,16999.93,
2026-09-11T20:28:29.753187+00:00,201,17090.16,
2026-09-11T20:28:29.762488+00:00,201,17140.55,
2026-09-11T20:28:32.362387+00:00,201,14786.47,
2026-09-11T20:28:29.778491+00:00,201,17895.00,
2026-09-11T20:28:32.393791+00:00,201,15450.20,
2026-09-11T20:28:32.378128+00:00,201,15502.68,
2026-09-11T20:28:32.378128+00:00,201,15555.22,
2026-09-11T20:28:32.393791+00:00,201,15666.87,
2026-09-11T20:28:32.446176+00:00,201,15659.09,
2026-09-11T20:28:32.425622+00:00,201,15719.14,
2026-09-11T20:28:32.409494+00:00,201,15765.36,
2026-09-11T20:28:32.425622+00:00,201,15800.81,
2026-09-11T20:28:32.409494+00:00,201,15841.72,
2026-09-11T20:28:32.393791+00:00,201,15913.07,
2026-09-11T20:28:32.425622+00:00,201,16048.36,
2026-09-11T20:28:32.458357+00:00,201,16034.26,
2026-09-11T20:28:32.425622+00:00,201,16079.42,
2026-09-11T20:28:32.444632+00:00,201,16081.38,
2026-09-11T20:28:32.425622+00:00,201,16106.31,
2026-09-11T20:28:32.409494+00:00,201,16146.40,
2026-09-11T20:28:32.425622+00:00,201,16134.23,
2026-09-11T20:28:32.425622+00:00,201,16165.07,
2026-09-11T20:28:32.409494+00:00,201,16205.23,
2026-09-11T20:28:32.425622+00:00,201,16211.08,
2026-09-11T20:28:32.458357+00:00,201,16219.32,
2026-09-11T20:28:32.454720+00:00,201,16253.28,
2026-09-11T20:28:32.463888+00:00,201,16268.62,
2026-09-11T20:28:32.378128+00:00,201,16369.20,
2026-09-11T20:28:32.463888+00:00,201,16303.62,
2026-09-11T20:28:32.463888+00:00,201,16318.54,
2026-09-11T20:28:32.409494+00:00,201,16391.20,
2026-09-11T20:28:32.489789+00:00,201,16338.50,
2026-09-11T20:28:32.446176+00:00,201,16395.12,
2026-09-11T20:28:32.474059+00:00,201,16391.96,
2026-09-11T20:28:32.446176+00:00,201,16441.30,
2026-09-11T20:28:32.474059+00:00,201,16429.01,
2026-09-11T20:28:32.458357+00:00,201,16475.47,
2026-09-11T20:28:32.409494+00:00,201,16560.68,
2026-09-11T20:28:32.441706+00:00,201,16563.02,
2026-09-11T20:28:32.474059+00:00,201,16562.97,
2026-09-11T20:28:32.463888+00:00,201,16608.96,
2026-09-11T20:28:32.474059+00:00,201,16708.86,
2026-09-11T20:28:32.489789+00:00,201,16713.27,
2026-09-11T20:28:32.378128+00:00,201,17263.67,
2026-09-11T20:28:32.393791+00:00,201,17255.45,
2026-09-11T20:28:32.393791+00:00,201,17256.30,
2026-09-11T20:28:32.378128+00:00,201,17271.97,
2026-09-11T20:28:32.378128+00:00,201,17275.40,
2026-09-11T20:28:32.409494+00:00,201,17247.68,
2026-09-11T20:28:32.409494+00:00,201,17248.93,
2026-09-11T20:28:32.425622+00:00,201,17236.57,
2026-09-11T20:28:32.425622+00:00,201,17234.19,
2026-09-11T20:28:33.107627+00:00,201,16596.49,
2026-09-11T20:28:33.107627+00:00,201,16598.94,
2026-09-11T20:28:33.107627+00:00,201,16601.09,
2026-09-11T20:28:33.107627+00:00,201,16600.20,
2026-09-11T20:28:33.107627+00:00,201,16616.13,
2026-09-11T20:28:33.107627+00:00,201,16611.81,
2026-09-11T20:28:33.107627+00:00,201,16612.78,
2026-09-11T20:28:31.014601+00:00,201,18711.26,
2026-09-11T20:28:24.917712+00:00,201,24822.99,
2026-09-11T20:28:30.998626+00:00,201,18744.44,
2026-09-11T20:28:25.746208+00:00,201,24013.36,
2026-09-11T20:28:31.014601+00:00,201,18751.21,
2026-09-11T20:28:31.030429+00:00,201,18742.50,
2026-09-11T20:28:30.998626+00:00,201,18775.33,
2026-09-11T20:28:23.365417+00:00,201,26423.91,
2026-09-11T20:28:31.046791+00:00,201,18753.96,
2026-09-11T20:28:22.699887+00:00,201,27113.81,
2026-09-11T20:28:31.053618+00:00,201,18769.51,
2026-09-11T20:28:30.998626+00:00,201,18828.70,
2026-09-11T20:28:31.030429+00:00,201,18815.20,
2026-09-11T20:28:31.053618+00:00,201,18802.68,
2026-09-11T20:28:31.014601+00:00,201,18854.82,
2026-09-11T20:28:31.046791+00:00,201,18838.57,
2026-09-11T20:28:24.437355+00:00,201,25461.10,
2026-09-11T20:28:31.046791+00:00,201,18863.07,
2026-09-11T20:28:30.998626+00:00,201,18919.60,
2026-09-11T20:28:31.014601+00:00,201,18923.99,
2026-09-11T20:28:31.053618+00:00,201,18897.79,
2026-09-11T20:28:31.046791+00:00,201,18919.52,
2026-09-11T20:28:31.068452+00:00,201,18913.62,
2026-09-11T20:28:31.062011+00:00,201,18940.70,
2026-09-11T20:28:31.061446+00:00,201,18960.71,
2026-09-11T20:28:31.030429+00:00,201,18999.68,
2026-09-11T20:28:31.062011+00:00,201,18993.17,
2026-09-11T20:28:31.068452+00:00,201,19011.80,
2026-09-11T20:28:31.053618+00:00,201,19049.34,
2026-09-11T20:28:31.077523+00:00,201,19045.92,
2026-09-11T20:28:31.077523+00:00,201,19057.94,
2026-09-11T20:28:31.068452+00:00,201,19128.41,
2026-09-11T20:28:31.077523+00:00,201,19157.41,
2026-09-11T20:28:31.108915+00:00,201,19162.32,
2026-09-11T20:28:31.104191+00:00,201,19186.01,
2026-09-11T20:28:31.108915+00:00,201,19239.27,
2026-09-11T20:28:31.299926+00:00,201,19059.96,
2026-09-11T20:28:31.268512+00:00,201,19088.58,
2026-09-11T20:28:31.299926+00:00,201,19080.63,
2026-09-11T20:28:31.315738+00:00,201,19118.00,
2026-09-11T20:28:31.347490+00:00,201,19097.21,
2026-09-11T20:28:31.379174+00:00,201,19066.82,
2026-09-11T20:28:31.363418+00:00,201,19114.65,
2026-09-11T20:28:31.363418+00:00,201,19132.05,
2026-09-11T20:28:31.394903+00:00,201,19164.75,
2026-09-11T20:28:31.469499+00:00,201,19121.02,
2026-09-11T20:28:31.458501+00:00,201,19171.71,
2026-09-11T20:28:31.474454+00:00,201,19156.92,
2026-09-11T20:28:31.489551+00:00,201,19156.52,
2026-09-11T20:28:31.474454+00:00,201,19180.61,
2026-09-11T20:28:31.521223+00:00,201,19140.83,
2026-09-11T20:28:31.505401+00:00,201,19168.16,
2026-09-11T20:28:31.467946+00:00,201,19212.81,
2026-09-11T20:28:31.505401+00:00,201,19176.33,
2026-09-11T20:28:31.489551+00:00,201,19194.70,
2026-09-11T20:28:31.505401+00:00,201,19187.00,
2026-09-11T20:28:31.505401+00:00,201,19196.74,
2026-09-11T20:28:31.553930+00:00,201,19155.00,
2026-09-11T20:28:31.537191+00:00,201,19184.60,
2026-09-11T20:28:31.553930+00:00,201,19173.54,
2026-09-11T20:28:31.521223+00:00,201,19200.25,
2026-09-11T20:28:31.505401+00:00,201,19221.03,
2026-09-11T20:28:30.031415+00:00,201,20716.60,
2026-09-11T20:28:31.552924+00:00,201,19200.55,
2026-09-11T20:28:30.015342+00:00,201,20745.15,
2026-09-11T20:28:31.584807+00:00,201,19179.51,
2026-09-11T20:28:31.568954+00:00,201,19199.21,
2026-09-11T20:28:31.568954+00:00,201,19208.09,
2026-09-11T20:28:31.600740+00:00,201,19179.48,
2026-09-11T20:28:31.592497+00:00,201,19200.67,
2026-09-11T20:28:31.592497+00:00,201,19213.32,
2026-09-11T20:28:30.015342+00:00,201,20788.35,
2026-09-11T20:28:31.632778+00:00,201,19179.35,
2026-09-11T20:28:31.616808+00:00,201,19201.44,
2026-09-11T20:28:31.616808+00:00,201,19203.55,
2026-09-11T20:28:31.584807+00:00,201,19245.10,
2026-09-11T20:28:31.616808+00:00,201,19221.66,
2026-09-11T20:28:31.616808+00:00,201,19217.77,
2026-09-11T20:28:31.568954+00:00,201,19267.74,
2026-09-11T20:28:31.616808+00:00,201,19232.12,
2026-09-11T20:28:31.662359+00:00,201,19198.15,
2026-09-11T20:28:31.664667+00:00,201,19200.85,
2026-09-11T20:28:31.653974+00:00,201,19215.25,
2026-09-11T20:28:31.653974+00:00,201,19217.28,
2026-09-11T20:28:31.649038+00:00,201,19232.35,
2026-09-11T20:28:31.670237+00:00,201,19212.71,
2026-09-11T20:28:31.670237+00:00,201,19212.72,
2026-09-11T20:28:31.632778+00:00,201,19254.56,
2026-09-11T20:28:31.616808+00:00,201,19284.27,
2026-09-11T20:28:31.686905+00:00,201,19230.10,
2026-09-11T20:28:31.695929+00:00,201,19233.58,
2026-09-11T20:28:31.695929+00:00,201,19244.70,
2026-09-11T20:28:31.712063+00:00,201,19236.09,
2026-09-11T20:28:31.695929+00:00,201,19251.57,
2026-09-11T20:28:31.743939+00:00,201,19221.01,
2026-09-11T20:28:31.712063+00:00,201,19251.96,
2026-09-11T20:28:31.754051+00:00,201,19238.27,
2026-09-11T20:28:31.775269+00:00,201,19224.15,
2026-09-11T20:28:31.791130+00:00,201,19236.46,
2026-09-11T20:28:31.791130+00:00,201,19237.32,
2026-09-11T20:28:31.759590+00:00,201,19273.77,
2026-09-11T20:28:31.759590+00:00,201,19287.75,
2026-09-11T20:28:31.759590+00:00,201,19288.84,
2026-09-11T20:28:31.806789+00:00,201,19263.00,
2026-09-11T20:28:31.822523+00:00,201,19253.56,
2026-09-11T20:28:31.822523+00:00,201,19248.91,
2026-09-11T20:28:32.393791+00:00,201,18993.97,
2026-09-11T20:28:32.458357+00:00,201,18944.91,
2026-09-11T20:28:32.409494+00:00,201,18998.56,
2026-09-11T20:28:32.463888+00:00,201,18950.90,
2026-09-11T20:28:32.489789+00:00,201,18928.27,
2026-09-11T20:28:32.505580+00:00,201,18919.40,
2026-09-11T20:28:32.474059+00:00,201,18962.15,
2026-09-11T20:28:32.505580+00:00,201,18928.89,
2026-09-11T20:28:32.489789+00:00,201,18940.87,
2026-09-11T20:28:32.489789+00:00,201,18947.12,
2026-09-11T20:28:32.505580+00:00,201,18945.29,
2026-09-11T20:28:32.489789+00:00,201,18953.37,
2026-09-11T20:28:32.474059+00:00,201,18971.70,
2026-09-11T20:28:32.505580+00:00,201,18943.40,
2026-09-11T20:28:32.505580+00:00,201,18952.70,
2026-09-11T20:28:32.489789+00:00,201,18976.30,
2026-09-11T20:28:32.521328+00:00,201,18942.58,
2026-09-11T20:28:32.489789+00:00,201,18983.35,
2026-09-11T20:28:32.505580+00:00,201,18964.61,
2026-09-11T20:28:32.505580+00:00,201,18966.22,
2026-09-11T20:28:32.505580+00:00,201,18982.11,
2026-09-11T20:28:32.505580+00:00,201,18978.35,
2026-09-11T20:28:32.505580+00:00,201,18978.96,
2026-09-11T20:28:32.489789+00:00,201,18992.25,
2026-09-11T20:28:32.521328+00:00,201,18967.29,
2026-09-11T20:28:32.536999+00:00,201,18962.31,
2026-09-11T20:28:32.521328+00:00,201,18978.49,
2026-09-11T20:28:32.536999+00:00,201,18964.42,
2026-09-11T20:28:32.521328+00:00,201,18988.18,
2026-09-11T20:28:32.521328+00:00,201,18977.20,
2026-09-11T20:28:32.521328+00:00,201,18986.71,
2026-09-11T20:28:32.536999+00:00,201,18982.19,
2026-09-11T20:28:32.536999+00:00,201,18982.94,
2026-09-11T20:28:32.631522+00:00,201,18886.47,
2026-09-11T20:28:32.521328+00:00,201,18999.06,
2026-09-11T20:28:32.521328+00:00,201,19005.36,
2026-09-11T20:28:32.521328+00:00,201,19005.85,
2026-09-11T20:28:32.536999+00:00,201,18991.55,
2026-09-11T20:28:32.521328+00:00,201,19001.82,
2026-09-11T20:28:32.536999+00:00,201,18991.21,
2026-09-11T20:28:32.536999+00:00,201,18994.69,
2026-09-11T20:28:31.046791+00:00,201,20494.12,
2026-09-11T20:28:31.077523+00:00,201,20456.28,
2026-09-11T20:28:31.067448+00:00,201,20483.64,
2026-09-11T20:28:31.077523+00:00,201,20468.91,
2026-09-11T20:28:31.108915+00:00,201,20443.01,
2026-09-11T20:28:31.068452+00:00,201,20481.29,
2026-09-11T20:28:31.093237+00:00,201,20457.83,
2026-09-11T20:28:31.104191+00:00,201,20454.36,
2026-09-11T20:28:31.093237+00:00,201,20464.87,
2026-09-11T20:28:31.093237+00:00,201,20473.13,
2026-09-11T20:28:31.108915+00:00,201,20460.21,
2026-09-11T20:28:31.108915+00:00,201,20459.62,
2026-09-11T20:28:31.093237+00:00,201,20477.80,
2026-09-11T20:28:31.256250+00:00,201,20319.39,
2026-09-11T20:28:31.062011+00:00,201,20514.56,
2026-09-11T20:28:31.108915+00:00,201,20457.43,
2026-09-11T20:28:31.108915+00:00,201,20466.55,
2026-09-11T20:28:31.077523+00:00,201,20492.79,
2026-09-11T20:28:31.108915+00:00,201,20468.78,
2026-09-11T20:28:31.124867+00:00,201,20465.11,
2026-09-11T20:28:31.108915+00:00,201,20475.62,
2026-09-11T20:28:31.124867+00:00,201,20471.11,
2026-09-11T20:28:31.260979+00:00,201,20338.16,
2026-09-11T20:28:31.104191+00:00,201,20497.00,
2026-09-11T20:28:31.108915+00:00,201,20490.85,
2026-09-11T20:28:31.093237+00:00,201,20507.05,
2026-09-11T20:28:31.266259+00:00,201,20343.59,
2026-09-11T20:28:31.124867+00:00,201,20484.37,
2026-09-11T20:28:31.268512+00:00,201,20342.92,
2026-09-11T20:28:31.108915+00:00,201,20500.01,
2026-09-11T20:28:31.263614+00:00,201,20355.64,
2026-09-11T20:28:31.259931+00:00,201,20361.65,
2026-09-11T20:28:31.268512+00:00,201,20341.30,
2026-09-11T20:28:31.268512+00:00,201,20351.60,
2026-09-11T20:28:31.268512+00:00,201,20354.89,
2026-09-11T20:28:31.093237+00:00,201,20531.49,
2026-09-11T20:28:31.258358+00:00,201,20373.10,
2026-09-11T20:28:31.283942+00:00,201,20346.98,
2026-09-11T20:28:31.124867+00:00,201,20506.62,
2026-09-11T20:28:31.283942+00:00,201,20352.66,
2026-09-11T20:28:31.268007+00:00,201,20372.19,
2026-09-11T20:28:31.283942+00:00,201,20351.15,
2026-09-11T20:28:31.268512+00:00,201,20360.47,
2026-09-11T20:28:31.265204+00:00,201,20381.72,
2026-09-11T20:28:31.262548+00:00,201,20387.43,
2026-09-11T20:28:31.283942+00:00,201,20358.13,
2026-09-11T20:28:31.268512+00:00,201,20382.85,
2026-09-11T20:28:31.299926+00:00,201,20344.63,
2026-09-11T20:28:31.283942+00:00,201,20359.97,
2026-09-11T20:28:31.299926+00:00,201,20350.84,
2026-09-11T20:28:31.268512+00:00,201,20382.71,
2026-09-11T20:28:31.283942+00:00,201,20368.90,
2026-09-11T20:28:31.268512+00:00,201,20387.68,
2026-09-11T20:28:31.299926+00:00,201,20364.89,
2026-09-11T20:28:31.268512+00:00,201,20394.09,
2026-09-11T20:28:31.108915+00:00,201,20547.95,
2026-09-11T20:28:31.268512+00:00,201,20405.20,
2026-09-11T20:28:31.268512+00:00,201,20400.18,
2026-09-11T20:28:31.283942+00:00,201,20382.44,
2026-09-11T20:28:31.283942+00:00,201,20388.62,
2026-09-11T20:28:31.299926+00:00,201,20375.11,
2026-09-11T20:28:31.299926+00:00,201,20386.04,
2026-09-11T20:28:31.283942+00:00,201,20389.91,
2026-09-11T20:28:31.283942+00:00,201,20402.21,
2026-09-11T20:28:31.315738+00:00,201,20366.50,
2026-09-11T20:28:31.299926+00:00,201,20391.59,
2026-09-11T20:28:31.315738+00:00,201,20375.96,
2026-09-11T20:28:31.315738+00:00,201,20381.72,
2026-09-11T20:28:31.299926+00:00,201,20401.06,
2026-09-11T20:28:31.299926+00:00,201,20397.86,
2026-09-11T20:28:31.315738+00:00,201,20377.92,
2026-09-11T20:28:31.331804+00:00,201,20366.62,
2026-09-11T20:28:31.283942+00:00,201,20424.04,
2026-09-11T20:28:31.315738+00:00,201,20391.00,
2026-09-11T20:28:31.315738+00:00,201,20388.08,
2026-09-11T20:28:31.331804+00:00,201,20372.39,
2026-09-11T20:28:31.331804+00:00,201,20384.43,
2026-09-11T20:28:31.299926+00:00,201,20410.41,
2026-09-11T20:28:31.331804+00:00,201,20391.15,
2026-09-11T20:28:31.353615+00:00,201,20368.12,
2026-09-11T20:28:31.315738+00:00,201,20415.05,
2026-09-11T20:28:31.315738+00:00,201,20417.11,
2026-09-11T20:28:31.315738+00:00,201,20412.42,
2026-09-11T20:28:31.331804+00:00,201,20406.71,
2026-09-11T20:28:31.299926+00:00,201,20430.53,
2026-09-11T20:28:31.347490+00:00,201,20393.69,
2026-09-11T20:28:31.315738+00:00,201,20420.61,
2026-09-11T20:28:31.363418+00:00,201,20382.71,
2026-09-11T20:28:31.331804+00:00,201,20417.14,
2026-09-11T20:28:31.331804+00:00,201,20415.51,
2026-09-11T20:28:31.331804+00:00,201,20413.96,
2026-09-11T20:28:31.353615+00:00,201,20399.31,
2026-09-11T20:28:31.379174+00:00,201,20377.69,
2026-09-11T20:28:31.363418+00:00,201,20389.77,
2026-09-11T20:28:31.347490+00:00,201,20414.92,
2026-09-11T20:28:31.379174+00:00,201,20374.95,
2026-09-11T20:28:31.353615+00:00,201,20407.69,
2026-09-11T20:28:31.347490+00:00,201,20420.29,
2026-09-11T20:28:31.363418+00:00,201,20406.62,
2026-09-11T20:28:31.353615+00:00,201,20423.80,
2026-09-11T20:28:31.394903+00:00,201,20384.19,
2026-09-11T20:28:31.353615+00:00,201,20423.35,
2026-09-11T20:28:31.331804+00:00,201,20442.76,
2026-09-11T20:28:31.363418+00:00,201,20411.00,
2026-09-11T20:28:31.379174+00:00,201,20393.52,
2026-09-11T20:28:31.331804+00:00,201,20444.31,
2026-09-11T20:28:31.379174+00:00,201,20406.80,
2026-09-11T20:28:31.394903+00:00,201,20398.07,
2026-09-11T20:28:31.363418+00:00,201,20433.64,
2026-09-11T20:28:31.353615+00:00,201,20444.08,
2026-09-11T20:28:31.363418+00:00,201,20437.36,
2026-09-11T20:28:31.394903+00:00,201,20397.67,
2026-09-11T20:28:31.379174+00:00,201,20424.77,
2026-09-11T20:28:31.363418+00:00,201,20441.20,
2026-09-11T20:28:31.315738+00:00,201,20479.06,
2026-09-11T20:28:31.379174+00:00,201,20425.23,
2026-09-11T20:28:31.394903+00:00,201,20406.22,
2026-09-11T20:28:31.379174+00:00,201,20425.81,
2026-09-11T20:28:31.379174+00:00,201,20429.61,
2026-09-11T20:28:31.410655+00:00,201,20409.10,
2026-09-11T20:28:31.363418+00:00,201,20445.01,
2026-09-11T20:28:31.353615+00:00,201,20468.91,
2026-09-11T20:28:31.410655+00:00,201,20402.75,
2026-09-11T20:28:31.394903+00:00,201,20424.28,
2026-09-11T20:28:31.394903+00:00,201,20427.72,
2026-09-11T20:28:31.379174+00:00,201,20453.81,
2026-09-11T20:28:31.394903+00:00,201,20436.01,
2026-09-11T20:28:31.363418+00:00,201,20467.55,
2026-09-11T20:28:31.410655+00:00,201,20425.22,
2026-09-11T20:28:31.410655+00:00,201,20426.56,
2026-09-11T20:28:31.410655+00:00,201,20423.07,
2026-09-11T20:28:31.410655+00:00,201,20428.02,
2026-09-11T20:28:31.426427+00:00,201,20415.37,
2026-09-11T20:28:31.441932+00:00,201,20408.77,
2026-09-11T20:28:31.379174+00:00,201,20471.23,
2026-09-11T20:28:31.426427+00:00,201,20421.46,
2026-09-11T20:28:31.458501+00:00,201,20401.10,
2026-09-11T20:28:31.410655+00:00,201,20442.53,
2026-09-11T20:28:31.426427+00:00,201,20432.36,
2026-09-11T20:28:31.363418+00:00,201,20491.08,
2026-09-11T20:28:31.394903+00:00,201,20461.10,
2026-09-11T20:28:31.426427+00:00,201,20440.64,
2026-09-11T20:28:31.410655+00:00,201,20460.87,
2026-09-11T20:28:31.461938+00:00,201,20413.54,
2026-09-11T20:28:31.444372+00:00,201,20432.99,
2026-09-11T20:28:31.426427+00:00,201,20441.93,
2026-09-11T20:28:31.444372+00:00,201,20436.16,
2026-09-11T20:28:31.426427+00:00,201,20454.92,
2026-09-11T20:28:31.410655+00:00,201,20476.62,
2026-09-11T20:28:31.426427+00:00,201,20462.14,
2026-09-11T20:28:31.444372+00:00,201,20444.29,
2026-09-11T20:28:31.426427+00:00,201,20453.55,
2026-09-11T20:28:31.410655+00:00,201,20470.52,
2026-09-11T20:28:31.410655+00:00,201,20481.72,
2026-09-11T20:28:31.394903+00:00,201,20503.39,
2026-09-11T20:28:31.444372+00:00,201,20451.60,
2026-09-11T20:28:31.461938+00:00,201,20441.78,
2026-09-11T20:28:31.453888+00:00,201,20454.29,
2026-09-11T20:28:31.474454+00:00,201,20432.25,
2026-09-11T20:28:31.441932+00:00,201,20470.00,
2026-09-11T20:28:31.426427+00:00,201,20479.24,
2026-09-11T20:28:31.394903+00:00,201,20516.58,
2026-09-11T20:28:31.453888+00:00,201,20467.39,
2026-09-11T20:28:31.461938+00:00,201,20460.45,
2026-09-11T20:28:31.426427+00:00,201,20499.92,
2026-09-11T20:28:31.489551+00:00,201,20432.73,
2026-09-11T20:28:31.444372+00:00,201,20483.14,
2026-09-11T20:28:31.458501+00:00,201,20477.59,
2026-09-11T20:28:31.410655+00:00,201,20514.58,
2026-09-11T20:28:31.474454+00:00,201,20465.15,
2026-09-11T20:28:31.474454+00:00,201,20456.44,
2026-09-11T20:28:31.505401+00:00,201,20428.93,
2026-09-11T20:28:31.474454+00:00,201,20474.51,
2026-09-11T20:28:31.426427+00:00,201,20511.43,
2026-09-11T20:28:31.489551+00:00,201,20453.44,
2026-09-11T20:28:31.469499+00:00,201,20485.26,
2026-09-11T20:28:31.489551+00:00,201,20462.28,
2026-09-11T20:28:31.469499+00:00,201,20489.00,
2026-09-11T20:28:31.474454+00:00,201,20480.41,
2026-09-11T20:28:31.505401+00:00,201,20452.04,
2026-09-11T20:28:31.505401+00:00,201,20461.66,
2026-09-11T20:28:31.474454+00:00,201,20490.71,
2026-09-11T20:28:31.505401+00:00,201,20467.39,
2026-09-11T20:28:31.521223+00:00,201,20449.41,
2026-09-11T20:28:31.489551+00:00,201,20487.70,
2026-09-11T20:28:31.521223+00:00,201,20458.89,
2026-09-11T20:28:31.489551+00:00,201,20490.95,
2026-09-11T20:28:31.461938+00:00,201,20519.26,
2026-09-11T20:28:31.521223+00:00,201,20454.49,
2026-09-11T20:28:31.521223+00:00,201,20455.98,
2026-09-11T20:28:31.521223+00:00,201,20470.37,
2026-09-11T20:28:31.489551+00:00,201,20492.04,
2026-09-11T20:28:31.444372+00:00,201,20549.18,
2026-09-11T20:28:31.453888+00:00,201,20544.34,
2026-09-11T20:28:31.505401+00:00,201,20494.12,
2026-09-11T20:28:31.487924+00:00,201,20517.37,
2026-09-11T20:28:31.542991+00:00,201,20466.29,
2026-09-11T20:28:31.537191+00:00,201,20471.02,
2026-09-11T20:28:31.553930+00:00,201,20447.96,
2026-09-11T20:28:31.521223+00:00,201,20488.76,
2026-09-11T20:28:31.489551+00:00,201,20526.50,
2026-09-11T20:28:31.542991+00:00,201,20476.17,
2026-09-11T20:28:31.542991+00:00,201,20476.06,
2026-09-11T20:28:31.553930+00:00,201,20466.66,
2026-09-11T20:28:31.553930+00:00,201,20473.82,
2026-09-11T20:28:31.542991+00:00,201,20485.63,
2026-09-11T20:28:31.521223+00:00,201,20511.39,
2026-09-11T20:28:31.489551+00:00,201,20535.67,
2026-09-11T20:28:31.553930+00:00,201,20476.40,
2026-09-11T20:28:31.521223+00:00,201,20512.85,
2026-09-11T20:28:31.553930+00:00,201,20490.16,
2026-09-11T20:28:29.999429+00:00,201,22041.01,
2026-09-11T20:28:31.521223+00:00,201,20519.98,
2026-09-11T20:28:31.542991+00:00,201,20509.05,
2026-09-11T20:28:31.568954+00:00,201,20484.40,
2026-09-11T20:28:31.568954+00:00,201,20496.01,
2026-09-11T20:28:31.542991+00:00,201,20529.90,
2026-09-11T20:28:31.553930+00:00,201,20510.89,
2026-09-11T20:28:30.053513+00:00,201,22022.90,
2026-09-11T20:28:31.568954+00:00,201,20511.54,
2026-09-11T20:28:31.584807+00:00,201,20498.35,
2026-09-11T20:28:31.537191+00:00,201,20549.12,
2026-09-11T20:28:31.590789+00:00,201,20499.51,
2026-09-11T20:28:31.553930+00:00,201,20529.31,
2026-09-11T20:28:31.568954+00:00,201,20514.21,
2026-09-11T20:28:30.015342+00:00,201,22078.65,
2026-09-11T20:28:31.600740+00:00,201,20495.20,
2026-09-11T20:28:31.542991+00:00,201,20551.41,
2026-09-11T20:28:31.568954+00:00,201,20522.35,
2026-09-11T20:28:31.590789+00:00,201,20515.32,
2026-09-11T20:28:31.568954+00:00,201,20529.57,
2026-09-11T20:28:31.568954+00:00,201,20541.54,
2026-09-11T20:28:31.600740+00:00,201,20501.11,
2026-09-11T20:28:31.600740+00:00,201,20500.48,
2026-09-11T20:28:31.592497+00:00,201,20523.30,
2026-09-11T20:28:31.600740+00:00,201,20513.82,
2026-09-11T20:28:31.600740+00:00,201,20523.06,
2026-09-11T20:28:31.592497+00:00,201,20527.06,
2026-09-11T20:28:31.649038+00:00,201,20478.71,
2026-09-11T20:28:31.632778+00:00,201,20492.50,
2026-09-11T20:28:31.600740+00:00,201,20530.98,
2026-09-11T20:28:31.632778+00:00,201,20500.67,
2026-09-11T20:28:31.632778+00:00,201,20498.91,
2026-09-11T20:28:31.616808+00:00,201,20513.85,
2026-09-11T20:28:31.653974+00:00,201,20490.39,
2026-09-11T20:28:31.664667+00:00,201,20480.19,
2026-09-11T20:28:31.632778+00:00,201,20516.71,
2026-09-11T20:28:31.644881+00:00,201,20504.60,
2026-09-11T20:28:31.686905+00:00,201,20466.21,
2026-09-11T20:28:31.670237+00:00,201,20477.38,
2026-09-11T20:28:31.695929+00:00,201,20449.95,
2026-09-11T20:28:31.653974+00:00,201,20500.05,
2026-09-11T20:28:31.644881+00:00,201,20518.47,
2026-09-11T20:28:31.686905+00:00,201,20475.61,
2026-09-11T20:28:31.679889+00:00,201,20485.34,
2026-09-11T20:28:31.686905+00:00,201,20477.23,
2026-09-11T20:28:31.679889+00:00,201,20489.66,
2026-09-11T20:28:31.664667+00:00,201,20509.00,
2026-09-11T20:28:31.653974+00:00,201,20521.82,
2026-09-11T20:28:31.679889+00:00,201,20494.83,
2026-09-11T20:28:31.731830+00:00,201,20450.63,
2026-09-11T20:28:31.616808+00:00,201,20554.88,
2026-09-11T20:28:31.649038+00:00,201,20534.52,
2026-09-11T20:28:31.712063+00:00,201,20461.57,
2026-09-11T20:28:31.668680+00:00,201,20522.04,
2026-09-11T20:28:31.695929+00:00,201,20496.48,
2026-09-11T20:28:31.670237+00:00,201,20519.89,
2026-09-11T20:28:31.653974+00:00,201,20539.41,
2026-09-11T20:28:31.712063+00:00,201,20486.31,
2026-09-11T20:28:31.712063+00:00,201,20479.25,
2026-09-11T20:28:31.727948+00:00,201,20474.66,
2026-09-11T20:28:31.741349+00:00,201,20467.11,
2026-09-11T20:28:31.759590+00:00,201,20449.26,
2026-09-11T20:28:31.743939+00:00,201,20467.20,
2026-09-11T20:28:31.686905+00:00,201,20522.90,
2026-09-11T20:28:31.734453+00:00,201,20482.49,
2026-09-11T20:28:31.712063+00:00,201,20498.35,
2026-09-11T20:28:31.754051+00:00,201,20462.06,
2026-09-11T20:28:31.742923+00:00,201,20480.29,
2026-09-11T20:28:31.791130+00:00,201,20428.99,
2026-09-11T20:28:31.736551+00:00,201,20491.19,
2026-09-11T20:28:31.670237+00:00,201,20558.77,
2026-09-11T20:28:31.743939+00:00,201,20479.20,
2026-09-11T20:28:31.791130+00:00,201,20441.74,
2026-09-11T20:28:31.695929+00:00,201,20535.55,
2026-09-11T20:28:31.759590+00:00,201,20471.69,
2026-09-11T20:28:31.775269+00:00,201,20455.92,
2026-09-11T20:28:31.738708+00:00,201,20503.43,
2026-09-11T20:28:31.775269+00:00,201,20467.71,
2026-09-11T20:28:31.695929+00:00,201,20534.75,
2026-09-11T20:28:31.799394+00:00,201,20447.88,
2026-09-11T20:28:31.801123+00:00,201,20448.14,
2026-09-11T20:28:31.801123+00:00,201,20448.19,
2026-09-11T20:28:31.775269+00:00,201,20474.00,
2026-09-11T20:28:31.806789+00:00,201,20439.00,
2026-09-11T20:28:31.759590+00:00,201,20491.55,
2026-09-11T20:28:31.806789+00:00,201,20445.12,
2026-09-11T20:28:31.806789+00:00,201,20451.03,
2026-09-11T20:28:31.806789+00:00,201,20455.50,
2026-09-11T20:28:31.822523+00:00,201,20442.75,
2026-09-11T20:28:31.806789+00:00,201,20457.93,
2026-09-11T20:28:31.775269+00:00,201,20496.82,
2026-09-11T20:28:31.822523+00:00,201,20451.52,
2026-09-11T20:28:24.210755+00:00,201,28564.03,
2026-09-11T20:28:26.565980+00:00,201,26213.90,
2026-09-11T20:28:27.876793+00:00,201,24905.26,
2026-09-11T20:28:24.063417+00:00,201,28721.89,
2026-09-11T20:28:23.079560+00:00,201,29699.83,
2026-09-11T20:28:35.955779+00:00,201,16833.78,
2026-09-11T20:28:24.093763+00:00,201,28697.70,
2026-09-11T20:28:36.011226+00:00,201,16781.67,
2026-09-11T20:28:35.975773+00:00,201,16814.48,
2026-09-11T20:28:35.923954+00:00,201,16876.03,
2026-09-11T20:28:23.181458+00:00,201,29616.11,
2026-09-11T20:28:28.242786+00:00,201,24562.56,
2026-09-11T20:28:27.913625+00:00,201,24889.77,
2026-09-11T20:28:28.009209+00:00,201,24790.79,
2026-09-11T20:28:32.393791+00:00,201,20492.48,
2026-09-11T20:28:31.077523+00:00,201,21828.02,
2026-09-11T20:28:31.093237+00:00,201,21820.49,
2026-09-11T20:28:31.068452+00:00,201,21846.10,
2026-09-11T20:28:31.331804+00:00,201,21608.57,
2026-09-11T20:28:31.474454+00:00,201,21474.83,
2026-09-11T20:28:31.474454+00:00,201,21482.17,
2026-09-11T20:28:31.553930+00:00,201,21417.20,
2026-09-11T20:28:31.600740+00:00,201,21379.68,
2026-09-11T20:28:31.632778+00:00,201,21357.11,
2026-09-11T20:28:31.592497+00:00,201,21396.52,
2026-09-11T20:28:31.616808+00:00,201,21378.10,
2026-09-11T20:28:31.616808+00:00,201,21376.27,
2026-09-11T20:28:31.670237+00:00,201,21335.05,
2026-09-11T20:28:31.695929+00:00,201,21310.42,
2026-09-11T20:28:31.679889+00:00,201,21335.47,
2026-09-11T20:28:31.712063+00:00,201,21300.57,
2026-09-11T20:28:31.754051+00:00,201,21265.56,
2026-09-11T20:28:31.743939+00:00,201,21277.96,
2026-09-11T20:28:31.775269+00:00,201,21242.79,
2026-09-11T20:28:31.806789+00:00,201,21227.29,
2026-09-11T20:28:31.806789+00:00,201,21230.70,
2026-09-11T20:28:31.822523+00:00,201,21215.36,
2026-09-11T20:28:31.822523+00:00,201,21221.89,
2026-09-11T20:28:31.806789+00:00,201,21227.98,
2026-09-11T20:28:31.838396+00:00,201,21211.54,
2026-09-11T20:28:31.822523+00:00,201,21220.13,
2026-09-11T20:28:31.822523+00:00,201,21219.44,
2026-09-11T20:28:31.838396+00:00,201,21214.96,
2026-09-11T20:28:31.845385+00:00,201,21212.43,
2026-09-11T20:28:31.838396+00:00,201,21218.06,
2026-09-11T20:28:31.822523+00:00,201,21230.57,
2026-09-11T20:28:31.822523+00:00,201,21230.00,
2026-09-11T20:28:31.838396+00:00,201,21228.97,
2026-09-11T20:28:31.845385+00:00,201,21226.54,
2026-09-11T20:28:31.854612+00:00,201,21219.50,
2026-09-11T20:28:31.854612+00:00,201,21218.67,
2026-09-11T20:28:31.845385+00:00,201,21228.47,
2026-09-11T20:28:31.845385+00:00,201,21228.82,
2026-09-11T20:28:31.854612+00:00,201,21225.95,
2026-09-11T20:28:31.854612+00:00,201,21224.65,
2026-09-11T20:28:31.845385+00:00,201,21238.90,
2026-09-11T20:28:31.862893+00:00,201,21228.74,
2026-09-11T20:28:31.862893+00:00,201,21227.09,
2026-09-11T20:28:31.854612+00:00,201,21241.05,
2026-09-11T20:28:31.871269+00:00,201,21225.66,
2026-09-11T20:28:32.070023+00:00,201,21029.26,
2026-09-11T20:28:23.385109+00:00,201,29713.30,
2026-09-11T20:28:32.077992+00:00,201,21021.65,
2026-09-11T20:28:22.313451+00:00,201,30787.96,
2026-09-11T20:28:22.398337+00:00,201,30704.55,
2026-09-11T20:28:31.871269+00:00,201,21235.61,
2026-09-11T20:28:31.862893+00:00,201,21247.61,
2026-09-11T20:28:32.063122+00:00,201,21047.15,
2026-09-11T20:28:31.871269+00:00,201,21239.52,
2026-09-11T20:28:32.075231+00:00,201,21041.56,
2026-09-11T20:28:24.463412+00:00,201,28645.97,
2026-09-11T20:28:32.077992+00:00,201,21040.27,
2026-09-11T20:28:31.862893+00:00,201,21253.47,
2026-09-11T20:28:32.132517+00:00,201,20989.00,
2026-09-11T20:28:32.061615+00:00,201,21064.31,
2026-09-11T20:28:30.102617+00:00,201,23019.53,
2026-09-11T20:28:32.071743+00:00,201,21055.77,
2026-09-11T20:28:30.031415+00:00,201,23089.02,
2026-09-11T20:28:30.101059+00:00,201,23030.22,
2026-09-11T20:28:22.715588+00:00,201,30413.34,
2026-09-11T20:28:32.063122+00:00,201,21065.69,
2026-09-11T20:28:32.063122+00:00,201,21071.48,
2026-09-11T20:28:30.041403+00:00,201,23090.85,
2026-09-11T20:28:30.047675+00:00,201,23086.56,
2026-09-11T20:28:32.156520+00:00,201,20978.09,
2026-09-11T20:28:32.077992+00:00,201,21064.78,
2026-09-11T20:28:30.126224+00:00,201,23007.51,
2026-09-11T20:28:29.999429+00:00,201,23141.76,
2026-09-11T20:28:25.783200+00:00,201,27361.38,
2026-09-11T20:28:30.141963+00:00,201,22999.37,
2026-09-11T20:28:32.172286+00:00,201,20968.94,
2026-09-11T20:28:28.814041+00:00,201,24337.94,
2026-09-11T20:28:32.150499+00:00,201,21004.33,
2026-09-11T20:28:30.110463+00:00,201,23043.17,
2026-09-11T20:28:30.078677+00:00,201,23073.92,
2026-09-11T20:28:30.059826+00:00,201,23099.57,
2026-09-11T20:28:30.078677+00:00,201,23080.58,
2026-09-11T20:28:32.204072+00:00,201,20955.81,
2026-09-11T20:28:32.046434+00:00,201,21114.96,
2026-09-11T20:28:30.189558+00:00,201,22966.93,
2026-09-11T20:28:30.157606+00:00,201,23008.74,
2026-09-11T20:28:32.188404+00:00,201,20977.50,
2026-09-11T20:28:30.110463+00:00,201,23047.59,
2026-09-11T20:28:30.126224+00:00,201,23043.39,
2026-09-11T20:28:30.285566+00:00,201,22879.57,
2026-09-11T20:28:32.172286+00:00,201,20996.92,
2026-09-11T20:28:30.301467+00:00,201,22865.97,
2026-09-11T20:28:30.063377+00:00,201,23104.31,
2026-09-11T20:28:32.172286+00:00,201,20995.66,
2026-09-11T20:28:30.205475+00:00,201,22970.09,
2026-09-11T20:28:32.204072+00:00,201,20979.33,
2026-09-11T20:28:30.126224+00:00,201,23058.84,
2026-09-11T20:28:32.219968+00:00,201,20963.42,
2026-09-11T20:28:30.237457+00:00,201,22950.81,
2026-09-11T20:28:32.219968+00:00,201,20962.68,
2026-09-11T20:28:32.204072+00:00,201,20972.26,
2026-09-11T20:28:30.141963+00:00,201,23046.76,
2026-09-11T20:28:32.246039+00:00,201,20944.28,
2026-09-11T20:28:32.235832+00:00,201,20953.25,
2026-09-11T20:28:30.078677+00:00,201,23106.01,
2026-09-11T20:28:30.371497+00:00,201,22827.31,
2026-09-11T20:28:30.153500+00:00,201,23046.50,
2026-09-11T20:28:32.204072+00:00,201,20987.83,
2026-09-11T20:28:32.204072+00:00,201,20987.47,
2026-09-11T20:28:32.204072+00:00,201,20994.42,
2026-09-11T20:28:32.219968+00:00,201,20973.05,
2026-09-11T20:28:32.219968+00:00,201,20976.26,
2026-09-11T20:28:32.246039+00:00,201,20962.33,
2026-09-11T20:28:32.235832+00:00,201,20965.96,
2026-09-11T20:28:30.157606+00:00,201,23044.60,
2026-09-11T20:28:30.414679+00:00,201,22793.83,
2026-09-11T20:28:32.188404+00:00,201,21014.86,
2026-09-11T20:28:30.260013+00:00,201,22957.25,
2026-09-11T20:28:30.270032+00:00,201,22944.01,
2026-09-11T20:28:30.185986+00:00,201,23032.11,
2026-09-11T20:28:30.461560+00:00,201,22754.25,
2026-09-11T20:28:30.326435+00:00,201,22894.03,
2026-09-11T20:28:30.396440+00:00,201,22818.58,
2026-09-11T20:28:30.241572+00:00,201,22977.42,
2026-09-11T20:28:30.350627+00:00,201,22874.70,
2026-09-11T20:28:30.461560+00:00,201,22756.31,
2026-09-11T20:28:32.219968+00:00,201,21004.94,
2026-09-11T20:28:32.263507+00:00,201,20966.75,
2026-09-11T20:28:32.272045+00:00,201,20960.57,
2026-09-11T20:28:30.380683+00:00,201,22842.31,
2026-09-11T20:28:30.339545+00:00,201,22888.17,
2026-09-11T20:28:30.376242+00:00,201,22857.63,
2026-09-11T20:28:30.461560+00:00,201,22764.31,
2026-09-11T20:28:30.380683+00:00,201,22856.45,
2026-09-11T20:28:30.221430+00:00,201,23017.37,
2026-09-11T20:28:32.235832+00:00,201,21005.06,
2026-09-11T20:28:32.272045+00:00,201,20967.23,
2026-09-11T20:28:30.414679+00:00,201,22821.38,
2026-09-11T20:28:30.508558+00:00,201,22729.00,
2026-09-11T20:28:32.263507+00:00,201,20983.58,
2026-09-11T20:28:30.603513+00:00,201,22641.66,
2026-09-11T20:28:30.508558+00:00,201,22730.58,
2026-09-11T20:28:30.508558+00:00,201,22741.66,
2026-09-11T20:28:30.461560+00:00,201,22785.81,
2026-09-11T20:28:30.635555+00:00,201,22619.98,
2026-09-11T20:28:30.524533+00:00,201,22734.86,
2026-09-11T20:28:32.254615+00:00,201,21002.20,
2026-09-11T20:28:30.540342+00:00,201,22721.85,
2026-09-11T20:28:30.492741+00:00,201,22756.01,
2026-09-11T20:28:30.492741+00:00,201,22760.03,
2026-09-11T20:28:30.414679+00:00,201,22838.59,
2026-09-11T20:28:32.254615+00:00,201,21011.35,
2026-09-11T20:28:32.299029+00:00,201,20968.50,
2026-09-11T20:28:30.492741+00:00,201,22768.49,
2026-09-11T20:28:32.299029+00:00,201,20965.89,
2026-09-11T20:28:30.686154+00:00,201,22582.21,
2026-09-11T20:28:32.299029+00:00,201,20976.19,
2026-09-11T20:28:30.589303+00:00,201,22687.56,
2026-09-11T20:28:30.651408+00:00,201,22627.39,
2026-09-11T20:28:32.330394+00:00,201,20946.43,
2026-09-11T20:28:32.299029+00:00,201,20970.10,
2026-09-11T20:28:30.686154+00:00,201,22586.34,
2026-09-11T20:28:30.453550+00:00,201,22829.85,
2026-09-11T20:28:30.777944+00:00,201,22496.34,
2026-09-11T20:28:32.314688+00:00,201,20967.51,
2026-09-11T20:28:30.824941+00:00,201,22457.36,
2026-09-11T20:28:32.314688+00:00,201,20963.77,
2026-09-11T20:28:30.667834+00:00,201,22619.80,
2026-09-11T20:28:32.283294+00:00,201,20996.62,
2026-09-11T20:28:30.699133+00:00,201,22586.09,
2026-09-11T20:28:32.314688+00:00,201,20971.97,
2026-09-11T20:28:30.714847+00:00,201,22579.14,
2026-09-11T20:28:32.314688+00:00,201,20980.94,
2026-09-11T20:28:32.330394+00:00,201,20957.25,
2026-09-11T20:28:30.730738+00:00,201,22559.72,
2026-09-11T20:28:32.268106+00:00,201,21034.09,
2026-09-11T20:28:32.354827+00:00,201,20947.75,
2026-09-11T20:28:30.919551+00:00,201,22384.66,
2026-09-11T20:28:30.824941+00:00,201,22467.75,
2026-09-11T20:28:30.872714+00:00,201,22429.47,
2026-09-11T20:28:30.714847+00:00,201,22582.26,
2026-09-11T20:28:32.362387+00:00,201,20949.49,
2026-09-11T20:28:30.560670+00:00,201,22748.92,
2026-09-11T20:28:30.553455+00:00,201,22761.12,
2026-09-11T20:28:32.362387+00:00,201,20944.23,
2026-09-11T20:28:32.354827+00:00,201,20958.97,
2026-09-11T20:28:30.887956+00:00,201,22423.09,
2026-09-11T20:28:32.354827+00:00,201,20963.64,
2026-09-11T20:28:30.857072+00:00,201,22464.66,
2026-09-11T20:28:30.903906+00:00,201,22419.45,
2026-09-11T20:28:32.362387+00:00,201,20958.26,
2026-09-11T20:28:32.362387+00:00,201,20953.78,
2026-09-11T20:28:30.853498+00:00,201,22476.78,
2026-09-11T20:28:32.330394+00:00,201,20998.98,
2026-09-11T20:28:32.378128+00:00,201,20945.01,
2026-09-11T20:28:32.362387+00:00,201,20962.34,
2026-09-11T20:28:32.330394+00:00,201,20998.72,
2026-09-11T20:28:32.362387+00:00,201,20971.11,
2026-09-11T20:28:32.346416+00:00,201,20990.14,
2026-09-11T20:28:32.362387+00:00,201,20962.65,
2026-09-11T20:28:32.354827+00:00,201,20980.26,
2026-09-11T20:28:32.346416+00:00,201,20990.46,
2026-09-11T20:28:32.362387+00:00,201,20974.30,
2026-09-11T20:28:32.362387+00:00,201,20981.46,
2026-09-11T20:28:32.346416+00:00,201,20993.19,
2026-09-11T20:28:32.354827+00:00,201,20993.15,
2026-09-11T20:28:32.378128+00:00,201,20969.77,
2026-09-11T20:28:32.378128+00:00,201,20972.69,
2026-09-11T20:28:32.362387+00:00,201,20976.99,
2026-09-11T20:28:28.519108+00:00,201,24828.28,
2026-09-11T20:28:32.647889+00:00,201,20706.87,
2026-09-11T20:28:25.823738+00:00,201,27531.12,
2026-09-11T20:28:32.647312+00:00,201,20713.21,
2026-09-11T20:28:32.654647+00:00,201,20700.57,
2026-09-11T20:28:32.664079+00:00,201,20694.68,
2026-09-11T20:28:32.664079+00:00,201,20701.73,
2026-09-11T20:28:32.664079+00:00,201,20700.14,
2026-09-11T20:28:32.664079+00:00,201,20697.97,
2026-09-11T20:28:32.631522+00:00,201,20726.68,
2026-09-11T20:28:30.062836+00:00,201,23309.16,
2026-09-11T20:28:30.063377+00:00,201,23301.99,
2026-09-11T20:28:30.126224+00:00,201,23244.58,
2026-09-11T20:28:30.078677+00:00,201,23284.56,
2026-09-11T20:28:32.710886+00:00,201,20666.57,
2026-09-11T20:28:28.782051+00:00,201,24591.61,
2026-09-11T20:28:30.094459+00:00,201,23283.87,
2026-09-11T20:28:30.110463+00:00,201,23273.44,
2026-09-11T20:28:30.241572+00:00,201,23144.63,
2026-09-11T20:28:30.102617+00:00,201,23283.29,
2026-09-11T20:28:30.241572+00:00,201,23138.62,
2026-09-11T20:28:30.063377+00:00,201,23321.61,
2026-09-11T20:28:32.687427+00:00,201,20701.50,
2026-09-11T20:28:32.710886+00:00,201,20672.98,
2026-09-11T20:28:30.221430+00:00,201,23167.07,
2026-09-11T20:28:30.078677+00:00,201,23310.28,
2026-09-11T20:28:30.270032+00:00,201,23121.65,
2026-09-11T20:28:30.110463+00:00,201,23284.49,
2026-09-11T20:28:32.694863+00:00,201,20700.38,
2026-09-11T20:28:30.126224+00:00,201,23263.67,
2026-09-11T20:28:30.189558+00:00,201,23202.33,
2026-09-11T20:28:30.396440+00:00,201,22998.25,
2026-09-11T20:28:30.173708+00:00,201,23229.58,
2026-09-11T20:28:30.205475+00:00,201,23194.01,
2026-09-11T20:28:30.333701+00:00,201,23075.85,
2026-09-11T20:28:32.710886+00:00,201,20686.82,
2026-09-11T20:28:30.260013+00:00,201,23151.47,
2026-09-11T20:28:30.189558+00:00,201,23224.94,
2026-09-11T20:28:30.339545+00:00,201,23072.25,
2026-09-11T20:28:30.301467+00:00,201,23103.47,
2026-09-11T20:28:30.285566+00:00,201,23122.41,
2026-09-11T20:28:30.173708+00:00,201,23236.69,
2026-09-11T20:28:32.745296+00:00,201,20677.81,
2026-09-11T20:28:30.446224+00:00,201,22973.55,
2026-09-11T20:28:30.063377+00:00,201,23348.92,
2026-09-11T20:28:30.357763+00:00,201,23070.16,
2026-09-11T20:28:30.380683+00:00,201,23034.48,
2026-09-11T20:28:30.366206+00:00,201,23064.24,
2026-09-11T20:28:32.773677+00:00,201,20648.49,
2026-09-11T20:28:32.757997+00:00,201,20672.17,
2026-09-11T20:28:30.524533+00:00,201,22907.78,
2026-09-11T20:28:30.440593+00:00,201,22995.49,
2026-09-11T20:28:30.317507+00:00,201,23120.93,
2026-09-11T20:28:30.414679+00:00,201,23019.52,
2026-09-11T20:28:30.591015+00:00,201,22850.10,
2026-09-11T20:28:30.524533+00:00,201,22912.10,
2026-09-11T20:28:30.699133+00:00,201,22747.76,
2026-09-11T20:28:30.619443+00:00,201,22823.38,
2026-09-11T20:28:32.757997+00:00,201,20693.72,
2026-09-11T20:28:30.540342+00:00,201,22908.29,
2026-09-11T20:28:32.745296+00:00,201,20706.02,
2026-09-11T20:28:30.508558+00:00,201,22942.23,
2026-09-11T20:28:30.566589+00:00,201,22887.47,
2026-09-11T20:28:30.461560+00:00,201,22998.58,
2026-09-11T20:28:30.572662+00:00,201,22884.36,
2026-09-11T20:28:30.508558+00:00,201,22945.27,
2026-09-11T20:28:30.339545+00:00,201,23124.40,
2026-09-11T20:28:30.540342+00:00,201,22916.19,
2026-09-11T20:28:30.508558+00:00,201,22957.78,
2026-09-11T20:28:30.683148+00:00,201,22786.40,
2026-09-11T20:28:32.821568+00:00,201,20641.01,
2026-09-11T20:28:30.603513+00:00,201,22857.59,
2026-09-11T20:28:32.821568+00:00,201,20651.49,
2026-09-11T20:28:30.730738+00:00,201,22739.70,
2026-09-11T20:28:30.619443+00:00,201,22843.18,
2026-09-11T20:28:30.686154+00:00,201,22790.48,
2026-09-11T20:28:32.757997+00:00,201,20711.78,
2026-09-11T20:28:30.887956+00:00,201,22578.92,
2026-09-11T20:28:30.699133+00:00,201,22777.83,
2026-09-11T20:28:30.667834+00:00,201,22811.61,
2026-09-11T20:28:30.730738+00:00,201,22743.05,
2026-09-11T20:28:32.821568+00:00,201,20653.07,
2026-09-11T20:28:30.862103+00:00,201,22629.41,
2026-09-11T20:28:30.872714+00:00,201,22609.70,
2026-09-11T20:28:30.714847+00:00,201,22774.96,
2026-09-11T20:28:30.903906+00:00,201,22589.12,
2026-09-11T20:28:32.821568+00:00,201,20668.51,
2026-09-11T20:28:32.837621+00:00,201,20665.97,
2026-09-11T20:28:32.846832+00:00,201,20655.97,
2026-09-11T20:28:32.837621+00:00,201,20668.43,
2026-09-11T20:28:30.842734+00:00,201,22664.55,
2026-09-11T20:28:32.854104+00:00,201,20658.04,
2026-09-11T20:28:32.846832+00:00,201,20666.23,
2026-09-11T20:28:32.837621+00:00,201,20674.53,
2026-09-11T20:28:32.837621+00:00,201,20678.23,
2026-09-11T20:28:32.821568+00:00,201,20687.19,
2026-09-11T20:28:32.855134+00:00,201,20666.83,
2026-09-11T20:28:30.815647+00:00,201,22705.09,
2026-09-11T20:28:32.851764+00:00,201,20678.83,
2026-09-11T20:28:32.846832+00:00,201,20686.75,
2026-09-11T20:28:30.872714+00:00,201,22664.23,
2026-09-11T20:28:32.821568+00:00,201,20707.66,
2026-09-11T20:28:32.864438+00:00,201,20677.43,
2026-09-11T20:28:32.864438+00:00,201,20677.63,
2026-09-11T20:28:32.855134+00:00,201,20691.50,
2026-09-11T20:28:32.874710+00:00,201,20674.37,
2026-09-11T20:28:32.837621+00:00,201,20709.19,
2026-09-11T20:28:32.855134+00:00,201,20696.84,
2026-09-11T20:28:32.855134+00:00,201,20698.73,
2026-09-11T20:28:32.885438+00:00,201,20677.01,
2026-09-11T20:28:32.864438+00:00,201,20702.65,
2026-09-11T20:28:32.874710+00:00,201,20691.85,
2026-09-11T20:28:32.870218+00:00,201,20706.35,
2026-09-11T20:28:32.885438+00:00,201,20694.23,
2026-09-11T20:28:32.902103+00:00,201,20677.20,
2026-09-11T20:28:32.874710+00:00,201,20702.78,
2026-09-11T20:28:32.837621+00:00,201,20743.27,
2026-09-11T20:28:32.902103+00:00,201,20681.29,
2026-09-11T20:28:32.885438+00:00,201,20702.48,
2026-09-11T20:28:32.874710+00:00,201,20721.82,
2026-09-11T20:28:32.874710+00:00,201,20723.04,
2026-09-11T20:28:32.902103+00:00,201,20698.06,
2026-09-11T20:28:32.917358+00:00,201,20690.89,
2026-09-11T20:28:32.855134+00:00,201,20755.84,
2026-09-11T20:28:32.873100+00:00,201,20741.47,
2026-09-11T20:28:32.902103+00:00,201,20701.20,
2026-09-11T20:28:32.885438+00:00,201,20719.43,
2026-09-11T20:28:32.885438+00:00,201,20735.55,
2026-09-11T20:28:32.917358+00:00,201,20699.77,
2026-09-11T20:28:32.874710+00:00,201,20752.50,
2026-09-11T20:28:32.870218+00:00,201,20758.35,
2026-09-11T20:28:32.885438+00:00,201,20742.73,
2026-09-11T20:28:32.917358+00:00,201,20717.10,
2026-09-11T20:28:32.902103+00:00,201,20736.73,
2026-09-11T20:28:32.902103+00:00,201,20729.52,
2026-09-11T20:28:32.855134+00:00,201,20784.96,
2026-09-11T20:28:32.902103+00:00,201,20736.88,
2026-09-11T20:28:32.917358+00:00,201,20724.25,
2026-09-11T20:28:32.917358+00:00,201,20731.51,
2026-09-11T20:28:32.917358+00:00,201,20735.48,
2026-09-11T20:28:32.917358+00:00,201,20729.32,
2026-09-11T20:28:32.933487+00:00,201,20724.27,
2026-09-11T20:28:32.885438+00:00,201,20767.71,
2026-09-11T20:28:32.917358+00:00,201,20740.12,
2026-09-11T20:28:32.933487+00:00,201,20733.66,
2026-09-11T20:28:32.949149+00:00,201,20722.04,
2026-09-11T20:28:32.933487+00:00,201,20739.03,
2026-09-11T20:28:32.933487+00:00,201,20756.61,
2026-09-11T20:28:32.885438+00:00,201,20799.36,
2026-09-11T20:28:32.902103+00:00,201,20780.63,
2026-09-11T20:28:32.968431+00:00,201,20724.75,
2026-09-11T20:28:32.933487+00:00,201,20755.66,
2026-09-11T20:28:32.917358+00:00,201,20782.42,
2026-09-11T20:28:32.955028+00:00,201,20743.68,
2026-09-11T20:28:32.885438+00:00,201,20813.82,
2026-09-11T20:28:32.933487+00:00,201,20771.50,
2026-09-11T20:28:32.933487+00:00,201,20778.97,
2026-09-11T20:28:32.933487+00:00,201,20779.66,
2026-09-11T20:28:32.968431+00:00,201,20753.06,
2026-09-11T20:28:32.917358+00:00,201,20792.31,
2026-09-11T20:28:32.968431+00:00,201,20757.54,
2026-09-11T20:28:32.885438+00:00,201,20831.19,
2026-09-11T20:28:32.968431+00:00,201,20752.50,
2026-09-11T20:28:32.964815+00:00,201,20770.22,
2026-09-11T20:28:32.949149+00:00,201,20787.54,
2026-09-11T20:28:32.933487+00:00,201,20797.77,
2026-09-11T20:28:32.968431+00:00,201,20772.26,
2026-09-11T20:28:32.917358+00:00,201,20816.55,
2026-09-11T20:28:32.933487+00:00,201,20801.67,
2026-09-11T20:28:32.955028+00:00,201,20790.92,
2026-09-11T20:28:32.981114+00:00,201,20770.32,
2026-09-11T20:28:32.955028+00:00,201,20800.80,
2026-09-11T20:28:32.933487+00:00,201,20816.17,
2026-09-11T20:28:32.955028+00:00,201,20803.01,
2026-09-11T20:28:32.949149+00:00,201,20809.40,
2026-09-11T20:28:32.981114+00:00,201,20779.37,
2026-09-11T20:28:32.955028+00:00,201,20804.47,
2026-09-11T20:28:32.968431+00:00,201,20791.84,
2026-09-11T20:28:32.996430+00:00,201,20765.26,
2026-09-11T20:28:32.964815+00:00,201,20807.58,
2026-09-11T20:28:32.981114+00:00,201,20791.52,
2026-09-11T20:28:32.981114+00:00,201,20783.10,
2026-09-11T20:28:32.981114+00:00,201,20790.88,
2026-09-11T20:28:32.968431+00:00,201,20803.56,
2026-09-11T20:28:32.981114+00:00,201,20792.42,
2026-09-11T20:28:32.955028+00:00,201,20823.42,
2026-09-11T20:28:32.996430+00:00,201,20781.01,
2026-09-11T20:28:33.012430+00:00,201,20760.90,
2026-09-11T20:28:32.996430+00:00,201,20778.03,
2026-09-11T20:28:32.949149+00:00,201,20840.38,
2026-09-11T20:28:32.968431+00:00,201,20819.94,
2026-09-11T20:28:33.012430+00:00,201,20782.16,
2026-09-11T20:28:32.996430+00:00,201,20794.59,
2026-09-11T20:28:32.996430+00:00,201,20790.36,
2026-09-11T20:28:32.981114+00:00,201,20809.24,
2026-09-11T20:28:32.996430+00:00,201,20804.78,
2026-09-11T20:28:32.968431+00:00,201,20830.70,
2026-09-11T20:28:32.996430+00:00,201,20812.53,
2026-09-11T20:28:32.955028+00:00,201,20854.48,
2026-09-11T20:28:32.996430+00:00,201,20811.65,
2026-09-11T20:28:33.032942+00:00,201,20778.96,
2026-09-11T20:28:33.032942+00:00,201,20772.52,
2026-09-11T20:28:33.012430+00:00,201,20801.58,
2026-09-11T20:28:33.028323+00:00,201,20790.32,
2026-09-11T20:28:33.012430+00:00,201,20799.92,
2026-09-11T20:28:33.028323+00:00,201,20791.81,
2026-09-11T20:28:33.032942+00:00,201,20787.67,
2026-09-11T20:28:33.032942+00:00,201,20787.33,
2026-09-11T20:28:33.012430+00:00,201,20805.42,
2026-09-11T20:28:33.012430+00:00,201,20805.11,
2026-09-11T20:28:33.012430+00:00,201,20812.58,
2026-09-11T20:28:33.060625+00:00,201,20772.93,
2026-09-11T20:28:33.047377+00:00,201,20783.66,
2026-09-11T20:28:33.032942+00:00,201,20795.88,
2026-09-11T20:28:33.055059+00:00,201,20782.68,
2026-09-11T20:28:33.044841+00:00,201,20795.20,
2026-09-11T20:28:33.076663+00:00,201,20758.28,
2026-09-11T20:28:33.074288+00:00,201,20769.04,
2026-09-11T20:28:33.064765+00:00,201,20777.88,
2026-09-11T20:28:33.047377+00:00,201,20793.56,
2026-09-11T20:28:33.064765+00:00,201,20777.26,
2026-09-11T20:28:33.076663+00:00,201,20774.09,
2026-09-11T20:28:33.076663+00:00,201,20766.94,
2026-09-11T20:28:33.047377+00:00,201,20807.13,
2026-09-11T20:28:33.076663+00:00,201,20776.63,
2026-09-11T20:28:33.032942+00:00,201,20825.47,
2026-09-11T20:28:33.091938+00:00,201,20768.19,
2026-09-11T20:28:33.091938+00:00,201,20760.50,
2026-09-11T20:28:33.064765+00:00,201,20798.09,
2026-09-11T20:28:33.060625+00:00,201,20803.29,
2026-09-11T20:28:33.064765+00:00,201,20797.85,
2026-09-11T20:28:33.055059+00:00,201,20811.33,
2026-09-11T20:28:33.076663+00:00,201,20783.76,
2026-09-11T20:28:33.091938+00:00,201,20770.30,
2026-09-11T20:28:33.091938+00:00,201,20776.57,
2026-09-11T20:28:33.076663+00:00,201,20795.66,
2026-09-11T20:28:33.047377+00:00,201,20829.83,
2026-09-11T20:28:22.735903+00:00,201,31146.56,
2026-09-11T20:28:33.091938+00:00,201,20782.01,
2026-09-11T20:28:33.091938+00:00,201,20790.11,
2026-09-11T20:28:33.076663+00:00,201,20798.08,
2026-09-11T20:28:33.107627+00:00,201,20782.65,
2026-09-11T20:28:25.862137+00:00,201,28024.35,
2026-09-11T20:28:33.091938+00:00,201,20799.94,
2026-09-11T20:28:33.139239+00:00,201,20751.83,
2026-09-11T20:28:30.157606+00:00,201,23734.35,
2026-09-11T20:28:33.107627+00:00,201,20780.03,
2026-09-11T20:28:33.105603+00:00,201,20795.40,
2026-09-11T20:28:33.091938+00:00,201,20807.96,
2026-09-11T20:28:28.465052+00:00,201,25425.62,
2026-09-11T20:28:33.091938+00:00,201,20808.58,
2026-09-11T20:28:30.285566+00:00,201,23607.97,
2026-09-11T20:28:33.107627+00:00,201,20799.61,
2026-09-11T20:28:33.107627+00:00,201,20799.65,
2026-09-11T20:28:24.506634+00:00,201,29406.58,
2026-09-11T20:28:33.139239+00:00,201,20762.61,
2026-09-11T20:28:30.270032+00:00,201,23637.02,
2026-09-11T20:28:22.407157+00:00,201,31506.05,
2026-09-11T20:28:30.094459+00:00,201,23824.54,
2026-09-11T20:28:30.205475+00:00,201,23703.69,
2026-09-11T20:28:23.402789+00:00,201,30514.01,
2026-09-11T20:28:30.260013+00:00,201,23660.74,
2026-09-11T20:28:30.189558+00:00,201,23733.35,
2026-09-11T20:28:22.358441+00:00,201,31569.63,
2026-09-11T20:28:30.063377+00:00,201,23865.22,
2026-09-11T20:28:33.123563+00:00,201,20806.72,
2026-09-11T20:28:30.396440+00:00,201,23537.63,
2026-09-11T20:28:30.409301+00:00,201,23525.20,
2026-09-11T20:28:30.173708+00:00,201,23764.61,
2026-09-11T20:28:30.241572+00:00,201,23695.32,
2026-09-11T20:28:30.326435+00:00,201,23610.11,
2026-09-11T20:28:30.572662+00:00,201,23363.07,
2026-09-11T20:28:33.139239+00:00,201,20797.88,
2026-09-11T20:28:30.232229+00:00,201,23715.47,
2026-09-11T20:28:33.123563+00:00,201,20822.27,
2026-09-11T20:28:30.699133+00:00,201,23243.88,
2026-09-11T20:28:30.524533+00:00,201,23420.78,
2026-09-11T20:28:30.591015+00:00,201,23360.84,
2026-09-11T20:28:30.714847+00:00,201,23237.21,
2026-09-11T20:28:30.560670+00:00,201,23403.19,
2026-09-11T20:28:33.202108+00:00,201,20753.72,
2026-09-11T20:28:30.653487+00:00,201,23309.54,
2026-09-11T20:28:30.556074+00:00,201,23412.85,
2026-09-11T20:28:30.285566+00:00,201,23683.38,
2026-09-11T20:28:30.619443+00:00,201,23354.98,
2026-09-11T20:28:30.887956+00:00,201,23089.24,
2026-09-11T20:28:30.746460+00:00,201,23233.83,
2026-09-11T20:28:30.445660+00:00,201,23541.24,
2026-09-11T20:28:30.667834+00:00,201,23314.69,
2026-09-11T20:28:24.538240+00:00,201,29455.10,
2026-09-11T20:28:30.699133+00:00,201,23296.61,
2026-09-11T20:28:34.059577+00:00,201,19939.52,
2026-09-11T20:28:30.205475+00:00,201,23798.39,
2026-09-11T20:28:33.613284+00:00,201,20391.98,
2026-09-11T20:28:30.476660+00:00,201,23534.45,
2026-09-11T20:28:22.415457+00:00,201,31594.84,
2026-09-11T20:28:30.173708+00:00,201,23838.28,
2026-09-11T20:28:30.380683+00:00,201,23632.60,
2026-09-11T20:28:30.429997+00:00,201,23592.65,
2026-09-11T20:28:33.254894+00:00,201,20768.50,
2026-09-11T20:28:30.642444+00:00,201,23383.63,
2026-09-11T20:28:30.862103+00:00,201,23162.84,
2026-09-11T20:28:30.110463+00:00,201,23912.22,
2026-09-11T20:28:25.901348+00:00,201,28123.31,
2026-09-11T20:28:30.396440+00:00,201,23633.99,
2026-09-11T20:28:30.324346+00:00,201,23709.94,
2026-09-11T20:28:22.605742+00:00,201,31426.01,
2026-09-11T20:28:30.429997+00:00,201,23603.03,
2026-09-11T20:28:22.753036+00:00,201,31288.93,
2026-09-11T20:28:30.572662+00:00,201,23470.05,
2026-09-11T20:28:30.777944+00:00,201,23265.25,
2026-09-11T20:28:23.431649+00:00,201,30615.48,
2026-09-11T20:28:30.254024+00:00,201,23792.75,
2026-09-11T20:28:30.572662+00:00,201,23466.29,
2026-09-11T20:28:22.389441+00:00,201,31658.92,
2026-09-11T20:28:30.603513+00:00,201,23449.16,
2026-09-11T20:28:33.691868+00:00,201,20363.85,
2026-09-11T20:28:30.270032+00:00,201,23774.14,
2026-09-11T20:28:22.762609+00:00,201,31286.63,
2026-09-11T20:28:30.429997+00:00,201,23624.58,
2026-09-11T20:28:22.433399+00:00,201,31631.04,
2026-09-11T20:28:24.570794+00:00,201,29492.85,
2026-09-11T20:28:23.447839+00:00,201,30613.55,
2026-09-11T20:28:25.077092+00:00,201,28990.53,
2026-09-11T20:28:30.301467+00:00,201,23767.46,
2026-09-11T20:28:30.903906+00:00,201,23156.11,
2026-09-11T20:28:30.746460+00:00,201,23324.15,
2026-09-11T20:28:30.872714+00:00,201,23200.93,
2026-09-11T20:28:30.799699+00:00,201,23271.68,
2026-09-11T20:28:25.949911+00:00,201,28130.29,
2026-09-11T20:28:30.667834+00:00,201,23413.88,
2026-09-11T20:28:30.753448+00:00,201,23329.99,
2026-09-11T20:28:30.661720+00:00,201,23421.72,
2026-09-11T20:28:30.396440+00:00,201,23686.90,
2026-09-11T20:28:30.815647+00:00,201,23274.89,
2026-09-11T20:28:35.874239+00:00,201,18218.84,
2026-09-11T20:28:35.876840+00:00,201,18212.41,
2026-09-11T20:28:35.895684+00:00,201,18200.54,
2026-09-11T20:28:22.797824+00:00,201,31294.22,
2026-09-11T20:28:24.601324+00:00,201,29492.25,
2026-09-11T20:28:23.476980+00:00,201,30623.30,
2026-09-11T20:28:25.140574+00:00,201,28962.86,
2026-09-11T20:28:25.979880+00:00,201,28113.50,
2026-09-11T20:28:30.777944+00:00,201,23321.64,
2026-09-11T20:28:22.435411+00:00,201,31664.70,
2026-09-11T20:28:30.753448+00:00,201,23353.03,
2026-09-11T20:28:33.943861+00:00,201,20163.61,
2026-09-11T20:28:22.834895+00:00,201,31278.39,
2026-09-11T20:28:26.035669+00:00,201,28079.70,
2026-09-11T20:28:30.793630+00:00,201,23322.81,
2026-09-11T20:28:24.641704+00:00,201,29477.05,
2026-09-11T20:28:23.494307+00:00,201,30618.48,
2026-09-11T20:28:30.762301+00:00,201,23355.47,
2026-09-11T20:28:22.451516+00:00,201,31669.13,
2026-09-11T20:28:25.204000+00:00,201,28922.88,
2026-09-11T20:28:26.078989+00:00,201,28047.78,
2026-09-11T20:28:30.799699+00:00,201,23329.24,
2026-09-11T20:28:30.762301+00:00,201,23358.87,
2026-09-11T20:28:24.666726+00:00,201,29455.75,
2026-09-11T20:28:23.142775+00:00,201,30989.65,
2026-09-11T20:28:22.238407+00:00,201,31899.20,
2026-09-11T20:28:24.711729+00:00,201,29427.52,
2026-09-11T20:28:22.461795+00:00,201,31674.93,
2026-09-11T20:28:23.523923+00:00,201,30617.37,
2026-09-11T20:28:25.238418+00:00,201,28902.89,
2026-09-11T20:28:22.255916+00:00,201,31891.88,
2026-09-11T20:28:34.428317+00:00,201,19720.73,
2026-09-11T20:28:22.477582+00:00,201,31671.55,
2026-09-11T20:28:26.123205+00:00,201,28026.66,
2026-09-11T20:28:23.549466+00:00,201,30604.01,
2026-09-11T20:28:25.272719+00:00,201,28874.44,
2026-09-11T20:28:35.022288+00:00,201,19135.94,
2026-09-11T20:28:30.762301+00:00,201,23383.38,
2026-09-11T20:28:23.922005+00:00,201,30239.97,
2026-09-11T20:28:23.571649+00:00,201,30588.19,
2026-09-11T20:28:24.748642+00:00,201,29415.13,
2026-09-11T20:28:25.320729+00:00,201,28844.31,
2026-09-11T20:28:22.486831+00:00,201,31676.68,
2026-09-11T20:28:30.762301+00:00,201,23407.43,
2026-09-11T20:28:22.334815+00:00,201,31828.26,
2026-09-11T20:28:26.170689+00:00,201,27997.47,
2026-09-11T20:28:23.589172+00:00,201,30575.61,
2026-09-11T20:28:26.218866+00:00,201,27955.91,
2026-09-11T20:28:22.493673+00:00,201,31674.34,
2026-09-11T20:28:25.362203+00:00,201,28817.49,
2026-09-11T20:28:30.730738+00:00,201,23441.93,
2026-09-11T20:28:22.910954+00:00,201,31272.55,
2026-09-11T20:28:24.774249+00:00,201,29399.20,
2026-09-11T20:28:35.639116+00:00,201,18546.32,
2026-09-11T20:28:28.861707+00:00,201,25318.74,
2026-09-11T20:28:25.483528+00:00,201,28705.17,
2026-09-11T20:28:26.350215+00:00,201,27833.02,
2026-09-11T20:28:23.000231+00:00,201,31191.82,
2026-09-11T20:28:23.673348+00:00,201,30518.87,
2026-09-11T20:28:22.525049+00:00,201,31660.80,
2026-09-11T20:28:25.393881+00:00,201,28795.62,
2026-09-11T20:28:22.936715+00:00,201,31260.43,
2026-09-11T20:28:22.287296+00:00,201,31910.45,
2026-09-11T20:28:26.736137+00:00,201,27467.29,
2026-09-11T20:28:23.032413+00:00,201,31172.34,
2026-09-11T20:28:23.618860+00:00,201,30580.93,
2026-09-11T20:28:23.650709+00:00,201,30557.38,
2026-09-11T20:28:26.266448+00:00,201,27942.12,
2026-09-11T20:28:22.256928+00:00,201,31944.11,
2026-09-11T20:28:25.522813+00:00,201,28687.61,
2026-09-11T20:28:22.969427+00:00,201,31246.24,
2026-09-11T20:28:26.392478+00:00,201,27817.99,
2026-09-11T20:28:22.546548+00:00,201,31671.34,
2026-09-11T20:28:23.697417+00:00,201,30518.10,
2026-09-11T20:28:22.256928+00:00,201,31960.52,
2026-09-11T20:28:35.307259+00:00,201,18912.04,
2026-09-11T20:28:26.297754+00:00,201,27913.50,
2026-09-11T20:28:23.060999+00:00,201,31164.64,
2026-09-11T20:28:26.440020+00:00,201,27787.64,
2026-09-11T20:28:23.731809+00:00,201,30494.75,
2026-09-11T20:28:25.442015+00:00,201,28787.92,
2026-09-11T20:28:22.229621+00:00,201,32000.23,
2026-09-11T20:28:35.939702+00:00,201,18294.49,
2026-09-11T20:28:23.891088+00:00,201,30343.42,
2026-09-11T20:28:26.853859+00:00,201,27372.88,
2026-09-11T20:28:32.454720+00:00,201,21917.23,
2026-09-11T20:28:32.463888+00:00,201,21910.17,
2026-09-11T20:28:32.474059+00:00,201,21888.10,
2026-09-11T20:28:32.474059+00:00,201,21895.06,
2026-09-11T20:28:31.505401+00:00,201,22880.93,
2026-09-11T20:28:31.600740+00:00,201,22782.03,
2026-09-11T20:28:31.632778+00:00,201,22754.18,
2026-09-11T20:28:36.036575+00:00,201,18626.39,
2026-09-11T20:28:36.137035+00:00,201,18538.14,
2026-09-11T20:28:26.950594+00:00,201,27724.75,
2026-09-11T20:28:36.696367+00:00,201,17981.00,
2026-09-11T20:28:27.120422+00:00,201,27545.82,
2026-09-11T20:28:28.072412+00:00,201,26600.62,
2026-09-11T20:28:36.034655+00:00,201,18648.49,
2026-09-11T20:28:26.897741+00:00,201,27775.81,
2026-09-11T20:28:24.308919+00:00,201,30376.53,
2026-09-11T20:28:23.808836+00:00,201,30867.33,
2026-09-11T20:28:36.580452+00:00,201,18109.00,
2026-09-11T20:28:27.183834+00:00,201,27506.72,
2026-09-11T20:28:27.951337+00:00,201,26736.15,
2026-09-11T20:28:22.303178+00:00,201,32386.77,
2026-09-11T20:28:37.917624+00:00,201,16777.91,
2026-09-11T20:28:24.018349+00:00,201,30675.20,
2026-09-11T20:28:30.953567+00:00,201,23743.55,
2026-09-11T20:28:35.991901+00:00,201,18714.32,
2026-09-11T20:28:22.295930+00:00,201,32413.25,
2026-09-11T20:28:23.768537+00:00,201,30934.60,
2026-09-11T20:28:35.886819+00:00,201,18825.17,
2026-09-11T20:28:36.020539+00:00,201,18690.10,
2026-09-11T20:28:23.983488+00:00,201,30721.09,
2026-09-11T20:28:27.733848+00:00,201,26984.74,
2026-09-11T20:28:37.712389+00:00,201,17006.57,
2026-09-11T20:28:26.818994+00:00,201,27901.06,
2026-09-11T20:28:26.692488+00:00,201,28032.30,
2026-09-11T20:28:35.974715+00:00,201,18753.64,
2026-09-11T20:28:37.396984+00:00,201,17327.87,
2026-09-11T20:28:37.827254+00:00,201,16894.98,
2026-09-11T20:28:36.306495+00:00,201,18427.71,
2026-09-11T20:28:27.254437+00:00,201,27476.31,
2026-09-11T20:28:23.116573+00:00,201,31618.38,
2026-09-11T20:28:35.886819+00:00,201,18847.41,
2026-09-11T20:28:35.907807+00:00,201,18828.27,
2026-09-11T20:28:36.002758+00:00,201,18739.00,
2026-09-11T20:28:23.161405+00:00,201,31576.52,
2026-09-11T20:28:23.233067+00:00,201,31507.36,
2026-09-11T20:28:35.940881+00:00,201,18798.18,
2026-09-11T20:28:22.630001+00:00,201,32116.10,
2026-09-11T20:28:27.072777+00:00,201,27669.87,
2026-09-11T20:28:24.268418+00:00,201,30472.48,
2026-09-11T20:28:26.771401+00:00,201,27973.94,
2026-09-11T20:28:37.999142+00:00,201,16745.86,
2026-09-11T20:28:28.151866+00:00,201,26595.31,
2026-09-11T20:28:23.860963+00:00,201,30896.63,
2026-09-11T20:28:37.142026+00:00,201,17613.92,
2026-09-11T20:28:26.650265+00:00,201,28111.05,
2026-09-11T20:28:23.951397+00:00,201,30811.82,
2026-09-11T20:28:38.076694+00:00,201,16686.51,
2026-09-11T20:28:36.809531+00:00,201,17948.01,
2026-09-11T20:28:35.895684+00:00,201,18869.90,
2026-09-11T20:28:37.624464+00:00,201,17142.98,
2026-09-11T20:28:24.181764+00:00,201,30591.25,
2026-09-11T20:28:35.965167+00:00,201,18813.20,
2026-09-11T20:28:36.921700+00:00,201,17854.15,
2026-09-11T20:28:23.206383+00:00,201,31574.22,
2026-09-11T20:28:22.366938+00:00,201,32416.09,
2026-09-11T20:28:38.147260+00:00,201,16635.91,
2026-09-11T20:28:36.439551+00:00,201,18346.33,
2026-09-11T20:28:37.031645+00:00,201,17758.13,
2026-09-11T20:28:35.925963+00:00,201,18860.59,
2026-09-11T20:28:26.471186+00:00,201,28313.30,
2026-09-11T20:28:37.522137+00:00,201,17272.83,
2026-09-11T20:28:26.597393+00:00,201,28189.86,
2026-09-11T20:28:24.115112+00:00,201,30678.08,
2026-09-11T20:28:37.292764+00:00,201,17510.29,
2026-09-11T20:28:37.778281+00:00,201,17023.44,
2026-09-11T20:28:38.258954+00:00,201,16543.19,
2026-09-11T20:28:24.153146+00:00,201,30656.46,
2026-09-11T20:28:22.350857+00:00,201,32460.53,
2026-09-11T20:28:24.237348+00:00,201,30569.24,
2026-09-11T20:28:28.291018+00:00,201,26527.32,
2026-09-11T20:28:26.992973+00:00,201,27813.09,
2026-09-11T20:28:38.239345+00:00,201,16579.25,
2026-09-11T20:28:35.895684+00:00,201,18918.63,
2026-09-11T20:28:38.203002+00:00,201,16620.91,
2026-09-11T20:28:35.876840+00:00,201,18950.95,
2026-09-11T20:28:35.914245+00:00,201,18914.29,
2026-09-11T20:28:27.580281+00:00,201,27252.61,
2026-09-11T20:28:38.295101+00:00,201,16542.05,
2026-09-11T20:28:26.518942+00:00,201,28313.53,
2026-09-11T20:28:38.282763+00:00,201,16558.27,
2026-09-11T20:28:38.328621+00:00,201,16516.05,
2026-09-11T20:28:38.359437+00:00,201,16487.92,
2026-09-11T20:28:38.390387+00:00,201,16459.48,
2026-09-11T20:28:38.421135+00:00,201,16431.28,
2026-09-11T20:28:38.453093+00:00,201,16401.80,
2026-09-11T20:28:38.483668+00:00,201,16373.52,
2026-09-11T20:28:38.515501+00:00,201,16344.22,
2026-09-11T20:28:38.547276+00:00,201,16315.05,
2026-09-11T20:28:38.610620+00:00,201,16253.85,
2026-09-11T20:28:38.578856+00:00,201,16287.26,
2026-09-11T20:28:38.642572+00:00,201,16225.10,
2026-09-11T20:28:38.674324+00:00,201,16194.97,
2026-09-11T20:28:38.705864+00:00,201,16164.90,
2026-09-11T20:28:38.768488+00:00,201,16103.90,
2026-09-11T20:28:38.737211+00:00,201,16136.65,
2026-09-11T20:28:38.800626+00:00,201,16074.75,
2026-09-11T20:28:38.832251+00:00,201,16044.90,
2026-09-11T20:28:38.863901+00:00,201,16014.83,
2026-09-11T20:28:38.896085+00:00,201,15984.17,
2026-09-11T20:28:38.928070+00:00,201,15953.81,
2026-09-11T20:28:38.959624+00:00,201,15923.64,
2026-09-11T20:28:39.006740+00:00,201,15878.12,
2026-09-11T20:28:38.966603+00:00,201,15919.35,
2026-09-11T20:28:39.038639+00:00,201,15849.35,
2026-09-11T20:28:39.074285+00:00,201,15814.42,
2026-09-11T20:28:39.101678+00:00,201,15789.34,
2026-09-11T20:28:39.070670+00:00,201,15821.99,
2026-09-11T20:28:39.137686+00:00,201,15756.67,
2026-09-11T20:28:39.133548+00:00,201,15762.80,
2026-09-11T20:28:39.165078+00:00,201,15732.77,
2026-09-11T20:28:39.168626+00:00,201,15729.64,
2026-09-11T20:28:39.196869+00:00,201,15704.00,
2026-09-11T20:28:39.228794+00:00,201,15673.49,
2026-09-11T20:28:39.261205+00:00,201,15638.81,
2026-09-11T20:28:39.233666+00:00,201,15672.11,
2026-09-11T20:28:39.292586+00:00,201,15614.61,
2026-09-11T20:28:39.260627+00:00,201,15648.65,
2026-09-11T20:28:39.324405+00:00,201,15586.55,
2026-09-11T20:28:39.356027+00:00,201,15556.77,
2026-09-11T20:28:39.419569+00:00,201,15495.22,
2026-09-11T20:28:39.387545+00:00,201,15528.91,
2026-09-11T20:28:39.451342+00:00,201,15466.65,
2026-09-11T20:28:39.482240+00:00,201,15437.06,
2026-09-11T20:28:39.513549+00:00,201,15407.48,
2026-09-11T20:28:39.545036+00:00,201,15377.61,
2026-09-11T20:28:39.577032+00:00,201,15348.69,
2026-09-11T20:28:39.640988+00:00,201,15286.44,
2026-09-11T20:28:39.609249+00:00,201,15319.68,
2026-09-11T20:28:39.673036+00:00,201,15257.62,
2026-09-11T20:28:39.704405+00:00,201,15227.86,
2026-09-11T20:28:39.735831+00:00,201,15198.06,
2026-09-11T20:28:39.766946+00:00,201,15168.53,
2026-09-11T20:28:39.830533+00:00,201,15106.44,
2026-09-11T20:28:39.799135+00:00,201,15139.54,
2026-09-11T20:28:39.862721+00:00,201,15077.78,
2026-09-11T20:28:39.894778+00:00,201,15047.35,
2026-09-11T20:28:39.926599+00:00,201,15016.99,
2026-09-11T20:28:39.958542+00:00,201,14986.52,
2026-09-11T20:28:39.990140+00:00,201,14956.44,
2026-09-11T20:28:40.053541+00:00,201,14894.62,
2026-09-11T20:28:40.021702+00:00,201,14927.86,
2026-09-11T20:28:40.059015+00:00,201,14892.01,
2026-09-11T20:28:40.085547+00:00,201,14866.98,
2026-09-11T20:28:40.117530+00:00,201,14836.67,
2026-09-11T20:28:40.149056+00:00,201,14806.84,
2026-09-11T20:28:40.181038+00:00,201,14777.51,
2026-09-11T20:28:40.156509+00:00,201,14803.51,
2026-09-11T20:28:40.213032+00:00,201,14749.11,
2026-09-11T20:28:40.220291+00:00,201,14744.50,
2026-09-11T20:28:40.292073+00:00,201,14674.17,
2026-09-11T20:28:40.260951+00:00,201,14702.66,
2026-09-11T20:28:40.260327+00:00,201,14709.03,
2026-09-11T20:28:40.355603+00:00,201,14615.33,
2026-09-11T20:28:40.324007+00:00,201,14648.89,
2026-09-11T20:28:40.419035+00:00,201,14555.66,
2026-09-11T20:28:40.386400+00:00,201,14589.67,
2026-09-11T20:28:40.450502+00:00,201,14527.11,
2026-09-11T20:28:40.482304+00:00,201,14496.92,
2026-09-11T20:28:40.577743+00:00,201,14403.02,
2026-09-11T20:28:32.393791+00:00,201,22624.13,
2026-09-11T20:28:32.471922+00:00,201,22568.94,
2026-09-11T20:28:32.474059+00:00,201,22562.49,
2026-09-11T20:28:31.053618+00:00,201,24002.89,
2026-09-11T20:28:31.068452+00:00,201,23983.97,
2026-09-11T20:28:40.514008+00:00,201,14598.28,
2026-09-11T20:28:40.545971+00:00,201,14576.00,
2026-09-11T20:28:40.640669+00:00,201,14484.54,
2026-09-11T20:28:40.608807+00:00,201,14518.48,
2026-09-11T20:28:40.672239+00:00,201,14457.78,
2026-09-11T20:28:40.704043+00:00,201,14428.62,
2026-09-11T20:28:40.767616+00:00,201,14367.60,
2026-09-11T20:28:40.736016+00:00,201,14401.71,
2026-09-11T20:28:40.799485+00:00,201,14340.99,
2026-09-11T20:28:40.830886+00:00,201,14312.41,
2026-09-11T20:28:40.894460+00:00,201,14251.61,
2026-09-11T20:28:40.926480+00:00,201,14222.39,
2026-09-11T20:28:40.862367+00:00,201,14289.29,
2026-09-11T20:28:40.958194+00:00,201,14196.03,
2026-09-11T20:28:41.027461+00:00,201,14129.41,
2026-09-11T20:28:40.989501+00:00,201,14170.23,
2026-09-11T20:28:41.053485+00:00,201,14108.90,
2026-09-11T20:28:41.021415+00:00,201,14143.37,
2026-09-11T20:28:41.108859+00:00,201,14057.27,
2026-09-11T20:28:41.100996+00:00,201,14067.33,
2026-09-11T20:28:41.060686+00:00,201,14111.12,
2026-09-11T20:28:41.132981+00:00,201,14040.95,
2026-09-11T20:28:41.140426+00:00,201,14035.10,
2026-09-11T20:28:41.195742+00:00,201,13982.13,
2026-09-11T20:28:41.164677+00:00,201,14015.06,
2026-09-11T20:28:41.259482+00:00,201,13921.89,
2026-09-11T20:28:41.227535+00:00,201,13955.41,
2026-09-11T20:28:41.167267+00:00,201,14015.40,
2026-09-11T20:28:41.230157+00:00,201,13953.39,
2026-09-11T20:28:41.322977+00:00,201,13864.62,
2026-09-11T20:28:41.261008+00:00,201,13925.21,
2026-09-11T20:28:41.291179+00:00,201,13899.91,
2026-09-11T20:28:41.354958+00:00,201,13837.84,
2026-09-11T20:28:41.328578+00:00,201,13865.72,
2026-09-11T20:28:41.386945+00:00,201,13809.13,
2026-09-11T20:28:41.418574+00:00,201,13779.04,
2026-09-11T20:28:41.472489+00:00,201,13722.31,
2026-09-11T20:28:41.532537+00:00,201,13666.85,
2026-09-11T20:28:41.482393+00:00,201,13718.91,
2026-09-11T20:28:41.491663+00:00,201,13711.96,
2026-09-11T20:28:41.469120+00:00,201,13734.25,
2026-09-11T20:28:41.501456+00:00,201,13698.81,
2026-09-11T20:28:41.449972+00:00,201,13759.63,
2026-09-11T20:28:41.513001+00:00,201,13694.32,
2026-09-11T20:28:41.560431+00:00,201,13652.53,
2026-09-11T20:28:41.497384+00:00,201,13716.76,
2026-09-11T20:28:41.592461+00:00,201,13623.87,
2026-09-11T20:28:41.501456+00:00,201,13715.53,
2026-09-11T20:28:41.688622+00:00,201,13531.05,
2026-09-11T20:28:41.655958+00:00,201,13564.93,
2026-09-11T20:28:41.750841+00:00,201,13471.59,
2026-09-11T20:28:41.624053+00:00,201,13600.27,
2026-09-11T20:28:41.719710+00:00,201,13506.36,
2026-09-11T20:28:41.782844+00:00,201,13444.71,
2026-09-11T20:28:41.849375+00:00,201,13373.28,
2026-09-11T20:28:41.814253+00:00,201,13416.74,
2026-09-11T20:28:41.864462+00:00,201,13365.08,
2026-09-11T20:28:41.845945+00:00,201,13387.99,
2026-09-11T20:28:41.960118+00:00,201,13269.45,
2026-09-11T20:28:41.862447+00:00,201,13373.71,
2026-09-11T20:28:41.927485+00:00,201,13305.11,
2026-09-11T20:28:41.972357+00:00,201,13264.99,
2026-09-11T20:28:42.010641+00:00,201,13230.76,
2026-09-11T20:28:42.020817+00:00,201,13222.16,
2026-09-11T20:28:42.374682+00:00,201,12872.89,
2026-09-11T20:28:42.898535+00:00,201,12357.76,
2026-09-11T20:28:32.446176+00:00,201,22815.87,
2026-09-11T20:28:32.474059+00:00,201,22794.50,
2026-09-11T20:28:31.077523+00:00,201,24220.21,
2026-09-11T20:28:31.068452+00:00,201,24229.16,
2026-09-11T20:28:31.077523+00:00,201,24216.97,
2026-09-11T20:28:31.077523+00:00,201,24215.33,
2026-09-11T20:28:50.678951+00:00,0,4678.07,connection_error: 
2026-09-11T20:28:50.867242+00:00,0,4538.21,connection_error: 
2026-09-11T20:28:32.393791+00:00,201,23086.82,
2026-09-11T20:28:32.446176+00:00,201,23049.17,
2026-09-11T20:28:32.474059+00:00,201,23018.33,
2026-09-11T20:28:49.728733+00:00,0,5764.61,connection_error: 
2026-09-11T20:28:31.102601+00:00,201,24409.43,
2026-09-11T20:28:32.409494+00:00,201,23553.90,
2026-09-11T20:28:32.489789+00:00,201,23487.20,
2026-09-11T20:28:32.446176+00:00,201,23541.23,
2026-09-11T20:28:32.425622+00:00,201,23989.36,
2026-09-11T20:28:32.409494+00:00,201,24658.86,
2026-09-11T20:28:32.393791+00:00,201,24792.04,
2026-09-11T20:28:42.990450+00:00,201,15452.90,
2026-09-11T20:28:42.469344+00:00,201,15976.62,
2026-09-11T20:28:43.353893+00:00,201,15088.55,
2026-09-11T20:28:41.889679+00:00,201,16571.61,
2026-09-11T20:28:49.654562+00:00,201,8807.59,
2026-09-11T20:28:49.652941+00:00,201,8822.35,
2026-09-11T20:28:49.654562+00:00,201,8822.66,
2026-09-11T20:28:49.654562+00:00,201,8834.09,
2026-09-11T20:28:49.654562+00:00,201,8843.06,
2026-09-11T20:28:49.650312+00:00,201,8854.96,
2026-09-11T20:28:49.665090+00:00,201,8844.97,
2026-09-11T20:28:49.654562+00:00,201,8856.62,
2026-09-11T20:28:49.665090+00:00,201,8855.40,
2026-09-11T20:28:42.481008+00:00,201,24910.16,
2026-09-11T20:28:43.009298+00:00,201,24393.06,
2026-09-11T20:28:42.432388+00:00,201,24984.84,
2026-09-11T20:28:51.393417+00:00,201,16169.30,
2026-09-11T20:28:46.901490+00:00,201,20672.94,
2026-09-11T20:28:47.851347+00:00,201,19740.97,
2026-09-11T20:28:51.393417+00:00,201,16198.49,
2026-09-11T20:28:48.058217+00:00,201,19535.76,
2026-09-11T20:28:43.406245+00:00,201,24209.33,
2026-09-11T20:28:42.964355+00:00,201,24667.13,
2026-09-11T20:28:49.206529+00:00,201,18572.98,
2026-09-11T20:28:51.406485+00:00,201,16377.24,
2026-09-11T20:28:51.422207+00:00,201,16374.42,
2026-09-11T20:28:51.453624+00:00,201,16346.56,
2026-09-11T20:28:51.474046+00:00,201,16335.97,
2026-09-11T20:28:48.476406+00:00,201,19345.45,
2026-09-11T20:28:51.406485+00:00,201,16421.67,
2026-09-11T20:28:51.466039+00:00,201,16384.83,
2026-09-11T20:28:51.437846+00:00,201,16416.71,
2026-09-11T20:28:51.469557+00:00,201,16397.79,
2026-09-11T20:28:51.437846+00:00,201,16441.17,
2026-09-11T20:28:51.453624+00:00,201,16433.85,
2026-09-11T20:28:51.510474+00:00,201,16395.98,
2026-09-11T20:28:51.422207+00:00,201,16479.93,
2026-09-11T20:28:51.480454+00:00,201,16465.91,
2026-09-11T20:28:51.453624+00:00,201,16541.75,
2026-09-11T20:28:51.437846+00:00,201,16556.28,
2026-09-11T20:28:51.501621+00:00,201,16517.45,
2026-09-11T20:28:51.501621+00:00,201,16527.01,
2026-09-11T20:28:51.422207+00:00,201,16615.42,
2026-09-11T20:28:51.512034+00:00,201,16543.95,
2026-09-11T20:28:51.469557+00:00,201,16605.23,
2026-09-11T20:28:51.485920+00:00,201,16598.68,
2026-09-11T20:28:51.496960+00:00,201,16604.60,
2026-09-11T20:28:51.548392+00:00,201,16565.99,
2026-09-11T20:28:51.532708+00:00,201,16601.25,
2026-09-11T20:28:51.532708+00:00,201,16610.11,
2026-09-11T20:28:51.437846+00:00,201,16723.54,
2026-09-11T20:28:51.501621+00:00,201,16681.45,
2026-09-11T20:28:51.516961+00:00,201,16685.48,
2026-09-11T20:28:51.496960+00:00,201,16728.29,
2026-09-11T20:28:51.516961+00:00,201,16716.96,
2026-09-11T20:28:51.574005+00:00,201,16687.36,
2026-09-11T20:28:51.532708+00:00,201,16746.71,
2026-09-11T20:28:51.516961+00:00,201,16791.18,
2026-09-11T20:28:51.516961+00:00,201,16833.93,
2026-09-11T20:28:51.485920+00:00,201,16945.00,
2026-09-11T20:28:51.485920+00:00,201,16974.62,
2026-09-11T20:28:51.548392+00:00,201,16953.52,
2026-09-11T20:28:51.532708+00:00,201,17002.87,
2026-09-11T20:28:51.516961+00:00,201,17045.04,
2026-09-11T20:28:51.532708+00:00,201,17057.17,
2026-09-11T20:28:51.512034+00:00,201,17120.95,
2026-09-11T20:28:51.564270+00:00,201,17110.89,
2026-09-11T20:28:51.574005+00:00,201,17199.91,
2026-09-11T20:28:51.555894+00:00,201,17246.54,
2026-09-11T20:28:51.516961+00:00,201,17306.43,
2026-09-11T20:28:51.574005+00:00,201,17283.37,
2026-09-11T20:28:51.596002+00:00,201,17295.19,
2026-09-11T20:28:51.596002+00:00,201,17331.48,
2026-09-11T20:28:51.532708+00:00,201,17413.70,
2026-09-11T20:28:51.611760+00:00,201,17382.03,
2026-09-11T20:28:51.564270+00:00,201,17466.91,
2026-09-11T20:28:51.564270+00:00,201,17495.88,
2026-09-11T20:28:51.580338+00:00,201,17504.40,
2026-09-11T20:28:51.485920+00:00,201,17639.23,
2026-09-11T20:28:51.627618+00:00,201,17536.10,
2026-09-11T20:28:51.564270+00:00,201,17628.44,
2026-09-11T20:28:51.627618+00:00,201,17594.35,
2026-09-11T20:28:50.285053+00:00,201,18977.19,
2026-09-11T20:28:51.564270+00:00,201,17729.54,
2026-09-11T20:28:51.555894+00:00,201,17775.00,
2026-09-11T20:28:51.614587+00:00,201,17744.99,
2026-09-11T20:28:51.580338+00:00,201,17829.62,
2026-09-11T20:28:51.596002+00:00,201,17840.25,
2026-09-11T20:28:51.614587+00:00,201,17861.08,
2026-09-11T20:28:51.627618+00:00,201,17890.83,
2026-09-11T20:28:51.614587+00:00,201,17940.27,
2026-09-11T20:28:51.580338+00:00,201,18017.16,
2026-09-11T20:28:51.627618+00:00,201,18012.45,
2026-09-11T20:28:51.614587+00:00,201,18160.14,
2026-09-11T20:28:51.555894+00:00,201,18274.93,
2026-09-11T20:28:51.643643+00:00,201,18231.35,
2026-09-11T20:28:51.614587+00:00,201,18321.28,
2026-09-11T20:28:51.555894+00:00,201,18427.20,
2026-09-11T20:28:51.643643+00:00,201,18395.31,
2026-09-11T20:28:51.614587+00:00,201,18465.88,
2026-09-11T20:28:51.627618+00:00,201,18487.85,
2026-09-11T20:28:51.627618+00:00,201,18536.93,
2026-09-11T20:28:51.580338+00:00,201,18626.90,
2026-09-11T20:28:50.361540+00:00,201,19894.28,
2026-09-11T20:28:51.659411+00:00,201,18641.15,
2026-09-11T20:28:51.643643+00:00,201,18701.13,
2026-09-11T20:28:51.596002+00:00,201,18795.68,
2026-09-11T20:28:51.627618+00:00,201,18826.93,
2026-09-11T20:28:51.580338+00:00,201,18929.37,
2026-09-11T20:28:51.596002+00:00,201,18960.16,
2026-09-11T20:28:51.659411+00:00,201,18961.42,
2026-09-11T20:28:51.643643+00:00,201,19547.85,
2026-09-11T20:28:51.659411+00:00,201,19579.27,
2026-09-11T20:28:50.350306+00:00,201,20935.67,
2026-09-11T20:28:51.596002+00:00,201,19736.34,
2026-09-11T20:28:51.643643+00:00,201,19733.36,
2026-09-11T20:28:51.659411+00:00,201,19781.74,
2026-09-11T20:28:50.361540+00:00,201,21134.81,
2026-09-11T20:28:51.680974+00:00,201,19871.21,
2026-09-11T20:28:51.675125+00:00,201,19926.40,
2026-09-11T20:28:51.643643+00:00,201,20016.26,
2026-09-11T20:28:51.659411+00:00,201,20056.01,
2026-09-11T20:28:51.659411+00:00,201,20121.35,
2026-09-11T20:28:51.627618+00:00,201,20209.56,
2026-09-11T20:28:51.659411+00:00,201,20224.06,
2026-09-11T20:28:51.643643+00:00,201,20303.26,
2026-09-11T20:28:50.395269+00:00,201,22008.16,
2026-09-11T20:28:51.684697+00:00,201,20742.04,
2026-09-11T20:28:51.691587+00:00,201,20764.47,
2026-09-11T20:28:51.674104+00:00,201,20818.65,
2026-09-11T20:28:51.691587+00:00,201,20831.99,
2026-09-11T20:28:51.680974+00:00,201,20865.04,
2026-09-11T20:28:51.684697+00:00,201,20886.65,
2026-09-11T20:28:51.675125+00:00,201,20925.06,
2026-09-11T20:28:51.698438+00:00,201,20936.59,
2026-09-11T20:28:51.707370+00:00,201,20952.18,
2026-09-11T20:28:51.697424+00:00,201,20984.68,
2026-09-11T20:28:51.707370+00:00,201,20987.95,
2026-09-11T20:28:51.691587+00:00,201,21029.88,
2026-09-11T20:28:51.698438+00:00,201,21045.52,
2026-09-11T20:28:51.732734+00:00,201,21034.68,
2026-09-11T20:28:51.732734+00:00,201,21058.84,
2026-09-11T20:28:51.698438+00:00,201,21113.33,
2026-09-11T20:28:51.707370+00:00,201,21118.81,
2026-09-11T20:28:51.722662+00:00,201,21138.27,
2026-09-11T20:28:50.426545+00:00,201,22458.78,
2026-09-11T20:28:51.730936+00:00,201,21209.04,
2026-09-11T20:28:51.722662+00:00,201,21235.47,
2026-09-11T20:28:51.769943+00:00,201,21211.22,
2026-09-11T20:28:51.722662+00:00,201,21276.88,
2026-09-11T20:28:50.440095+00:00,201,22606.74,
2026-09-11T20:28:51.738507+00:00,201,21369.12,
2026-09-11T20:28:51.738507+00:00,201,21436.46,
2026-09-11T20:28:51.774049+00:00,201,21437.85,
2026-09-11T20:28:51.785678+00:00,201,21463.23,
2026-09-11T20:28:51.738507+00:00,201,21530.32,
2026-09-11T20:28:51.738507+00:00,201,21590.60,
2026-09-11T20:28:50.506202+00:00,201,22875.84,
2026-09-11T20:28:51.756140+00:00,201,21652.48,
2026-09-11T20:28:51.801453+00:00,201,21631.15,
2026-09-11T20:28:51.756140+00:00,201,21691.05,
2026-09-11T20:28:51.819056+00:00,201,21672.48,
2026-09-11T20:28:51.801453+00:00,201,21704.25,
2026-09-11T20:28:50.479000+00:00,201,23059.49,
2026-09-11T20:28:51.756140+00:00,201,21800.81,
2026-09-11T20:28:51.801453+00:00,201,21776.15,
2026-09-11T20:28:51.819056+00:00,201,21788.65,
2026-09-11T20:28:51.801453+00:00,201,21842.06,
2026-09-11T20:28:51.801453+00:00,201,21863.33,
2026-09-11T20:28:51.833356+00:00,201,21856.83,
2026-09-11T20:28:51.774049+00:00,201,21931.54,
2026-09-11T20:28:51.785678+00:00,201,21941.61,
2026-09-11T20:28:51.819056+00:00,201,21927.14,
2026-09-11T20:28:51.833356+00:00,201,21951.77,
2026-09-11T20:28:51.774049+00:00,201,22041.07,
2026-09-11T20:28:51.833356+00:00,201,22015.07,
2026-09-11T20:28:51.874047+00:00,201,22108.66,
2026-09-11T20:28:51.833356+00:00,201,22157.95,
2026-09-11T20:28:51.881985+00:00,201,22120.37,
2026-09-11T20:28:51.898480+00:00,201,22126.70,
2026-09-11T20:28:51.849260+00:00,201,22181.10,
2026-09-11T20:28:51.833356+00:00,201,22223.98,
2026-09-11T20:28:51.930054+00:00,201,22147.87,
2026-09-11T20:28:51.881985+00:00,201,22218.89,
2026-09-11T20:28:51.874047+00:00,201,22241.12,
2026-09-11T20:28:51.898480+00:00,201,22234.04,
2026-09-11T20:28:51.865304+00:00,201,22284.85,
2026-09-11T20:28:51.849260+00:00,201,22305.00,
2026-09-11T20:28:51.874047+00:00,201,22307.93,
2026-09-11T20:28:51.898480+00:00,201,22296.63,
2026-09-11T20:28:51.930054+00:00,201,22281.17,
2026-09-11T20:28:51.961671+00:00,201,22273.64,
2026-09-11T20:28:51.898480+00:00,201,22347.20,
2026-09-11T20:28:51.898480+00:00,201,22354.71,
2026-09-11T20:28:51.930054+00:00,201,22343.99,
2026-09-11T20:28:51.881985+00:00,201,22404.90,
2026-09-11T20:28:51.930054+00:00,201,22376.75,
2026-09-11T20:28:51.945922+00:00,201,22402.66,
2026-09-11T20:28:51.913923+00:00,201,22461.98,
2026-09-11T20:28:52.024920+00:00,201,22571.54,
2026-09-11T20:28:51.993235+00:00,201,22619.32,
2026-09-11T20:28:51.057253+00:00,0,23570.55,timeout
2026-09-11T20:28:52.248462+00:00,0,22405.35,timeout
2026-09-11T20:28:52.248462+00:00,0,22407.57,timeout
2026-09-11T20:28:51.041611+00:00,0,23625.25,timeout
2026-09-11T20:28:51.025964+00:00,0,23651.01,timeout
2026-09-11T20:28:52.232581+00:00,0,22446.43,timeout
2026-09-11T20:28:52.232581+00:00,0,22456.02,timeout
2026-09-11T20:28:52.216880+00:00,0,22467.81,timeout
2026-09-11T20:28:52.216880+00:00,0,22473.84,timeout
2026-09-11T20:28:52.200767+00:00,0,22490.33,timeout
2026-09-11T20:28:52.216880+00:00,0,22488.81,timeout
2026-09-11T20:28:52.200767+00:00,0,22497.91,timeout
2026-09-11T20:28:52.200767+00:00,0,22504.35,timeout
2026-09-11T20:28:52.200767+00:00,0,22511.27,timeout
2026-09-11T20:28:52.184896+00:00,0,22519.85,timeout
2026-09-11T20:28:52.184896+00:00,0,22526.13,timeout
2026-09-11T20:28:52.184896+00:00,0,22526.16,timeout
2026-09-11T20:28:52.174543+00:00,0,22540.93,timeout
2026-09-11T20:28:52.184896+00:00,0,22536.55,timeout
2026-09-11T20:28:50.914643+00:00,0,23802.42,timeout
2026-09-11T20:28:52.184896+00:00,0,22542.66,timeout
2026-09-11T20:28:52.174543+00:00,0,22558.83,timeout
2026-09-11T20:28:52.157203+00:00,0,22575.33,timeout
2026-09-11T20:28:52.174543+00:00,0,22564.31,timeout
2026-09-11T20:28:52.174543+00:00,0,22560.28,timeout
2026-09-11T20:28:52.137135+00:00,0,22604.91,timeout
2026-09-11T20:28:50.851118+00:00,0,23897.06,timeout
2026-09-11T20:28:50.851118+00:00,0,23893.34,timeout
2026-09-11T20:28:52.121476+00:00,0,22615.88,timeout
2026-09-11T20:28:52.137135+00:00,0,22610.15,timeout
2026-09-11T20:28:52.105505+00:00,0,22812.21,timeout
2026-09-11T20:28:52.248462+00:00,0,22665.03,timeout
2026-09-11T20:28:52.232581+00:00,0,22683.47,timeout
2026-09-11T20:28:52.137135+00:00,0,22783.20,timeout
2026-09-11T20:28:50.874223+00:00,0,24054.39,timeout
2026-09-11T20:28:52.119791+00:00,0,22812.38,timeout
2026-09-11T20:28:52.137135+00:00,0,22785.88,timeout
2026-09-11T20:28:52.155649+00:00,0,22780.82,timeout
2026-09-11T20:28:52.105505+00:00,0,22820.89,timeout
2026-09-11T20:28:52.274428+00:00,0,22663.03,timeout
2026-09-11T20:28:50.787545+00:00,0,24145.30,timeout
2026-09-11T20:28:52.121476+00:00,0,22815.63,timeout
2026-09-11T20:28:52.232581+00:00,0,22710.26,timeout
2026-09-11T20:28:52.153022+00:00,0,22794.54,timeout
2026-09-11T20:28:52.157203+00:00,0,22789.11,timeout
2026-09-11T20:28:50.835296+00:00,0,24112.19,timeout
2026-09-11T20:28:52.105505+00:00,0,22849.35,timeout
2026-09-11T20:28:52.174543+00:00,0,22782.81,timeout
2026-09-11T20:28:52.157203+00:00,0,22797.68,timeout
2026-09-11T20:28:52.098276+00:00,0,22865.55,timeout
2026-09-11T20:28:52.121476+00:00,0,22838.66,timeout
2026-09-11T20:28:52.105505+00:00,0,22858.47,timeout
2026-09-11T20:28:52.157203+00:00,0,22802.19,timeout
2026-09-11T20:28:52.168915+00:00,0,22798.29,timeout
2026-09-11T20:28:52.121476+00:00,0,22842.57,timeout
2026-09-11T20:28:52.216880+00:00,0,22752.45,timeout
2026-09-11T20:28:52.168915+00:00,0,22807.71,timeout
2026-09-11T20:28:52.121476+00:00,0,22845.87,timeout
2026-09-11T20:28:52.105505+00:00,0,22869.25,timeout
2026-09-11T20:28:52.104921+00:00,0,22879.90,timeout
2026-09-11T20:28:52.098276+00:00,0,22886.79,timeout
2026-09-11T20:28:52.074324+00:00,0,22912.68,timeout
2026-09-11T20:28:50.774347+00:00,0,24216.39,timeout
2026-09-11T20:28:52.089506+00:00,0,22903.86,timeout
2026-09-11T20:28:52.081732+00:00,0,22910.69,timeout
2026-09-11T20:28:50.755648+00:00,0,24229.55,timeout
2026-09-11T20:28:52.056761+00:00,0,22943.17,timeout
2026-09-11T20:28:52.081732+00:00,0,22919.51,timeout
2026-09-11T20:28:50.953466+00:00,0,24045.97,timeout
2026-09-11T20:28:52.081732+00:00,0,22919.05,timeout
2026-09-11T20:28:52.040717+00:00,0,22956.27,timeout
2026-09-11T20:28:50.755648+00:00,0,24249.88,timeout
2026-09-11T20:28:52.200767+00:00,0,22810.73,timeout
2026-09-11T20:28:52.074324+00:00,0,22934.91,timeout
2026-09-11T20:28:52.089506+00:00,0,22922.56,timeout
2026-09-11T20:28:52.184896+00:00,0,22829.20,timeout
2026-09-11T20:28:52.089506+00:00,0,22929.47,timeout
2026-09-11T20:28:52.056761+00:00,0,22953.98,timeout
2026-09-11T20:28:50.753083+00:00,0,24272.66,timeout
2026-09-11T20:28:52.040717+00:00,0,22973.56,timeout
2026-09-11T20:28:52.040717+00:00,0,22981.31,timeout
2026-09-11T20:28:52.040717+00:00,0,22989.64,timeout
2026-09-11T20:28:52.157203+00:00,0,22876.85,timeout
2026-09-11T20:28:52.024920+00:00,0,23001.62,timeout
2026-09-11T20:28:50.723954+00:00,0,24315.61,timeout
2026-09-11T20:28:52.040717+00:00,0,22995.82,timeout
2026-09-11T20:28:52.024920+00:00,0,23009.97,timeout
2026-09-11T20:28:50.723954+00:00,0,24317.87,timeout
2026-09-11T20:28:52.008922+00:00,0,23025.28,timeout
2026-09-11T20:28:52.024920+00:00,0,23024.65,timeout
2026-09-11T20:28:52.008922+00:00,0,23037.21,timeout
2026-09-11T20:28:52.008922+00:00,0,23036.76,timeout
2026-09-11T20:28:51.977571+00:00,0,23076.59,timeout
2026-09-11T20:28:52.137135+00:00,0,22919.69,timeout
2026-09-11T20:28:51.974034+00:00,0,23085.34,timeout
2026-09-11T20:28:52.137135+00:00,0,22911.95,timeout
2026-09-11T20:28:51.993235+00:00,0,23069.88,timeout
2026-09-11T20:28:52.008922+00:00,0,23058.76,timeout
2026-09-11T20:28:52.121476+00:00,0,22945.32,timeout
2026-09-11T20:28:50.708689+00:00,0,24357.83,timeout
2026-09-11T20:28:51.977571+00:00,0,23090.70,timeout
2026-09-11T20:28:50.819449+00:00,0,24249.33,timeout
2026-09-11T20:28:52.105505+00:00,0,22963.25,timeout
2026-09-11T20:28:52.098276+00:00,0,22977.78,timeout
2026-09-11T20:28:52.074324+00:00,0,23008.53,timeout
2026-09-11T20:28:52.040717+00:00,0,23043.60,timeout
2026-09-11T20:28:52.024920+00:00,0,23058.11,timeout
2026-09-11T20:28:53.086337+00:00,0,21989.16,timeout
2026-09-11T20:28:53.102302+00:00,0,21987.15,timeout
2026-09-11T20:28:53.083726+00:00,0,22009.19,timeout
2026-09-11T20:28:53.086337+00:00,0,22006.18,timeout
2026-09-11T20:28:53.085732+00:00,0,22010.98,timeout
2026-09-11T20:28:53.086337+00:00,0,22002.97,timeout
2026-09-11T20:28:53.074659+00:00,0,22024.87,timeout
2026-09-11T20:28:53.069881+00:00,0,22031.97,timeout
2026-09-11T20:28:53.074659+00:00,0,22026.49,timeout
2026-09-11T20:28:53.069881+00:00,0,22033.08,timeout
2026-09-11T20:28:53.054166+00:00,0,22040.29,timeout
2026-09-11T20:28:53.054166+00:00,0,22047.23,timeout
2026-09-11T20:28:53.054166+00:00,0,22046.94,timeout
2026-09-11T20:28:53.054166+00:00,0,22056.11,timeout
2026-09-11T20:28:53.054166+00:00,0,22055.64,timeout
2026-09-11T20:28:53.054166+00:00,0,22062.46,timeout
2026-09-11T20:28:53.038977+00:00,0,22066.85,timeout
2026-09-11T20:28:53.038977+00:00,0,22073.17,timeout
2026-09-11T20:28:53.038977+00:00,0,22073.13,timeout
2026-09-11T20:28:53.038977+00:00,0,22081.23,timeout
2026-09-11T20:28:53.038977+00:00,0,22081.57,timeout
2026-09-11T20:28:49.412932+00:00,0,25709.21,timeout
2026-09-11T20:28:51.025964+00:00,0,24096.42,timeout
2026-09-11T20:28:51.074110+00:00,0,24057.74,timeout
2026-09-11T20:28:53.034549+00:00,0,22100.20,timeout
2026-09-11T20:28:53.006989+00:00,0,22122.53,timeout
2026-09-11T20:28:53.038977+00:00,0,22099.42,timeout
2026-09-11T20:28:51.057253+00:00,0,24080.41,timeout
2026-09-11T20:28:53.022621+00:00,0,22118.47,timeout
2026-09-11T20:28:51.010237+00:00,0,24137.49,timeout
2026-09-11T20:28:50.946625+00:00,0,24198.45,timeout
2026-09-11T20:28:53.022621+00:00,0,22120.00,timeout
2026-09-11T20:28:50.962414+00:00,0,24185.22,timeout
2026-09-11T20:28:50.978494+00:00,0,24163.59,timeout
2026-09-11T20:28:53.006989+00:00,0,22149.70,timeout
2026-09-11T20:28:53.022621+00:00,0,22138.19,timeout
2026-09-11T20:28:50.930692+00:00,0,24218.95,timeout
2026-09-11T20:28:53.006989+00:00,0,22151.38,timeout
2026-09-11T20:28:53.006989+00:00,0,22147.53,timeout
2026-09-11T20:28:53.006989+00:00,0,22161.09,timeout
2026-09-11T20:28:52.991280+00:00,0,22170.18,timeout
2026-09-11T20:28:50.851118+00:00,0,24306.81,timeout
2026-09-11T20:28:52.991280+00:00,0,22179.48,timeout
2026-09-11T20:28:50.851118+00:00,0,24315.20,timeout
2026-09-11T20:28:50.835296+00:00,0,24333.91,timeout
2026-09-11T20:28:50.787545+00:00,0,24390.39,timeout
2026-09-11T20:28:50.739839+00:00,0,24441.22,timeout
2026-09-11T20:28:42.138859+00:00,0,33041.18,timeout
2026-09-11T20:28:53.086337+00:00,0,22092.34,timeout
2026-09-11T20:28:53.074659+00:00,0,22106.25,timeout
2026-09-11T20:28:53.074659+00:00,0,22110.29,timeout
2026-09-11T20:28:53.101742+00:00,0,22090.26,timeout
2026-09-11T20:28:53.086337+00:00,0,22102.51,timeout
2026-09-11T20:28:50.879251+00:00,0,24314.62,timeout
2026-09-11T20:28:50.899572+00:00,0,24296.94,timeout
2026-09-11T20:28:50.883601+00:00,0,24309.89,timeout
2026-09-11T20:28:50.930692+00:00,0,24263.37,timeout
2026-09-11T20:28:50.895835+00:00,0,24307.03,timeout
2026-09-11T20:28:53.102302+00:00,0,22097.83,timeout
2026-09-11T20:28:53.086337+00:00,0,22109.98,timeout
2026-09-11T20:28:53.102302+00:00,0,22103.80,timeout
2026-09-11T20:28:53.292998+00:00,0,21918.05,timeout
2026-09-11T20:28:53.300419+00:00,0,21912.60,timeout
2026-09-11T20:28:53.292998+00:00,0,21920.46,timeout
2026-09-11T20:28:53.284035+00:00,0,21925.58,timeout
2026-09-11T20:28:53.276703+00:00,0,21936.01,timeout
2026-09-11T20:28:53.284035+00:00,0,21930.91,timeout
2026-09-11T20:28:53.292998+00:00,0,21925.28,timeout
2026-09-11T20:28:53.276703+00:00,0,21944.89,timeout
2026-09-11T20:28:53.300419+00:00,0,21923.65,timeout
2026-09-11T20:28:53.260830+00:00,0,21960.93,timeout
2026-09-11T20:28:53.260830+00:00,0,21970.30,timeout
2026-09-11T20:28:53.260830+00:00,0,21963.44,timeout
2026-09-11T20:28:53.284035+00:00,0,21946.15,timeout
2026-09-11T20:28:53.292998+00:00,0,21940.59,timeout
2026-09-11T20:28:53.276703+00:00,0,21957.19,timeout
2026-09-11T20:28:53.260830+00:00,0,21978.74,timeout
2026-09-11T20:28:53.260830+00:00,0,21976.24,timeout
2026-09-11T20:28:53.284035+00:00,0,21960.11,timeout
2026-09-11T20:28:53.284035+00:00,0,21959.18,timeout
2026-09-11T20:28:53.284035+00:00,0,21962.61,timeout
2026-09-11T20:28:53.276703+00:00,0,21971.91,timeout
2026-09-11T20:28:53.260830+00:00,0,21978.72,timeout
2026-09-11T20:28:53.276703+00:00,0,21977.69,timeout
2026-09-11T20:28:53.260830+00:00,0,21985.70,timeout
2026-09-11T20:28:53.274958+00:00,0,21983.18,timeout
2026-09-11T20:28:53.260830+00:00,0,21995.73,timeout
2026-09-11T20:28:53.260830+00:00,0,21990.01,timeout
2026-09-11T20:28:53.260830+00:00,0,22001.12,timeout
2026-09-11T20:28:53.244857+00:00,0,22015.50,timeout
2026-09-11T20:28:53.244857+00:00,0,22019.29,timeout
2026-09-11T20:28:53.244857+00:00,0,22018.44,timeout
2026-09-11T20:28:53.244857+00:00,0,22015.58,timeout
2026-09-11T20:28:53.244857+00:00,0,22020.98,timeout
2026-09-11T20:28:53.244857+00:00,0,22018.16,timeout
2026-09-11T20:28:53.244857+00:00,0,22023.61,timeout
2026-09-11T20:28:53.228844+00:00,0,22043.79,timeout
2026-09-11T20:28:53.244857+00:00,0,22034.98,timeout
2026-09-11T20:28:53.244857+00:00,0,22040.70,timeout
2026-09-11T20:28:53.244857+00:00,0,22041.47,timeout
2026-09-11T20:28:53.228844+00:00,0,22060.36,timeout
2026-09-11T20:28:53.228844+00:00,0,22049.00,timeout
2026-09-11T20:28:53.228844+00:00,0,22053.85,timeout
2026-09-11T20:28:53.228844+00:00,0,22054.53,timeout
2026-09-11T20:28:53.228844+00:00,0,22067.17,timeout
2026-09-11T20:28:53.228844+00:00,0,22064.68,timeout
2026-09-11T20:28:53.213088+00:00,0,22080.21,timeout
2026-09-11T20:28:53.199282+00:00,0,22096.97,timeout
2026-09-11T20:28:53.228844+00:00,0,22067.56,timeout
2026-09-11T20:28:53.228844+00:00,0,22080.41,timeout
2026-09-11T20:28:53.213088+00:00,0,22091.01,timeout
2026-09-11T20:28:53.228844+00:00,0,22078.09,timeout
2026-09-11T20:28:53.213088+00:00,0,22090.89,timeout
2026-09-11T20:28:53.213088+00:00,0,22091.55,timeout
2026-09-11T20:28:53.228844+00:00,0,22085.81,timeout
2026-09-11T20:28:53.213088+00:00,0,22099.67,timeout
2026-09-11T20:28:53.199282+00:00,0,22113.73,timeout
2026-09-11T20:28:53.213088+00:00,0,22097.93,timeout
2026-09-11T20:28:53.181251+00:00,0,22131.67,timeout
2026-09-11T20:28:53.199282+00:00,0,22124.02,timeout
2026-09-11T20:28:53.213088+00:00,0,22113.92,timeout
2026-09-11T20:28:53.199282+00:00,0,22120.83,timeout
2026-09-11T20:28:53.213088+00:00,0,22121.10,timeout
2026-09-11T20:28:53.199282+00:00,0,22133.79,timeout
2026-09-11T20:28:53.213088+00:00,0,22123.63,timeout
2026-09-11T20:28:53.213088+00:00,0,22122.72,timeout
2026-09-11T20:28:53.199282+00:00,0,22132.51,timeout
2026-09-11T20:28:53.181251+00:00,0,22148.55,timeout
2026-09-11T20:28:53.199282+00:00,0,22145.46,timeout
2026-09-11T20:28:53.181251+00:00,0,22161.18,timeout
2026-09-11T20:28:53.199282+00:00,0,22152.50,timeout
2026-09-11T20:28:53.199282+00:00,0,22148.54,timeout
2026-09-11T20:28:53.174937+00:00,0,22178.33,timeout
2026-09-11T20:28:53.181251+00:00,0,22164.86,timeout
2026-09-11T20:28:53.181251+00:00,0,22171.30,timeout
2026-09-11T20:28:53.181251+00:00,0,22170.73,timeout
2026-09-11T20:28:53.197277+00:00,0,22166.50,timeout
2026-09-11T20:28:53.181251+00:00,0,22176.37,timeout
2026-09-11T20:28:53.181251+00:00,0,22182.68,timeout
2026-09-11T20:28:53.181251+00:00,0,22187.70,timeout
2026-09-11T20:28:53.174937+00:00,0,22193.25,timeout
2026-09-11T20:28:53.165366+00:00,0,22209.05,timeout
2026-09-11T20:28:53.174937+00:00,0,22200.15,timeout
2026-09-11T20:28:53.181251+00:00,0,22194.14,timeout
2026-09-11T20:28:53.181251+00:00,0,22199.53,timeout
2026-09-11T20:28:53.149297+00:00,0,22224.64,timeout
2026-09-11T20:28:53.161373+00:00,0,22222.45,timeout
2026-09-11T20:28:53.133594+00:00,0,22240.01,timeout
2026-09-11T20:28:53.149297+00:00,0,22230.02,timeout
2026-09-11T20:28:53.165366+00:00,0,22220.08,timeout
2026-09-11T20:28:53.174937+00:00,0,22218.61,timeout
2026-09-11T20:28:53.149297+00:00,0,22239.35,timeout
2026-09-11T20:28:53.149297+00:00,0,22248.87,timeout
2026-09-11T20:28:53.165366+00:00,0,22231.03,timeout
2026-09-11T20:28:53.165366+00:00,0,22228.49,timeout
2026-09-11T20:28:53.165366+00:00,0,22236.62,timeout
2026-09-11T20:28:53.161373+00:00,0,22241.74,timeout
2026-09-11T20:28:53.149297+00:00,0,22253.31,timeout
2026-09-11T20:28:53.165366+00:00,0,22240.07,timeout
2026-09-11T20:28:53.149297+00:00,0,22259.42,timeout
2026-09-11T20:28:53.149297+00:00,0,22263.15,timeout
2026-09-11T20:28:53.133594+00:00,0,22279.25,timeout
2026-09-11T20:28:53.133594+00:00,0,22272.19,timeout
2026-09-11T20:28:53.161373+00:00,0,22259.07,timeout
2026-09-11T20:28:53.133594+00:00,0,22288.35,timeout
2026-09-11T20:28:53.133594+00:00,0,22283.84,timeout
2026-09-11T20:28:53.117740+00:00,0,22308.47,timeout
2026-09-11T20:28:53.122947+00:00,0,22300.41,timeout
2026-09-11T20:28:53.133594+00:00,0,22288.37,timeout
2026-09-11T20:28:53.133594+00:00,0,22292.97,timeout
2026-09-11T20:28:53.133594+00:00,0,22299.54,timeout
2026-09-11T20:28:53.133594+00:00,0,22305.72,timeout
2026-09-11T20:28:53.122947+00:00,0,22311.78,timeout
2026-09-11T20:28:53.121238+00:00,0,22324.88,timeout
2026-09-11T20:28:53.122947+00:00,0,22321.73,timeout
2026-09-11T20:28:53.122947+00:00,0,22321.85,timeout
2026-09-11T20:28:53.102302+00:00,0,22342.25,timeout
2026-09-11T20:28:53.122947+00:00,0,22332.08,timeout
2026-09-11T20:28:53.122947+00:00,0,22336.61,timeout
2026-09-11T20:28:53.102302+00:00,0,22348.25,timeout
2026-09-11T20:28:53.102302+00:00,0,22352.73,timeout
2026-09-11T20:28:53.122947+00:00,0,22347.15,timeout
2026-09-11T20:28:53.102302+00:00,0,22364.34,timeout
2026-09-11T20:28:53.102302+00:00,0,22365.44,timeout
2026-09-11T20:28:53.117740+00:00,0,22359.57,timeout
2026-09-11T20:28:53.484153+00:00,0,21995.08,timeout
2026-09-11T20:28:53.848130+00:00,0,21631.32,timeout
2026-09-11T20:28:53.875621+00:00,0,21611.24,timeout
2026-09-11T20:28:53.848130+00:00,0,21642.65,timeout
2026-09-11T20:28:53.864149+00:00,0,21632.04,timeout
2026-09-11T20:28:53.864149+00:00,0,21628.92,timeout
2026-09-11T20:28:53.864149+00:00,0,21633.57,timeout
2026-09-11T20:28:53.848130+00:00,0,21646.21,timeout
2026-09-11T20:28:53.848130+00:00,0,21651.42,timeout
2026-09-11T20:28:53.832448+00:00,0,21674.04,timeout
2026-09-11T20:28:53.832448+00:00,0,21666.90,timeout
2026-09-11T20:28:53.848130+00:00,0,21664.79,timeout
2026-09-11T20:28:53.832448+00:00,0,21677.42,timeout
2026-09-11T20:28:53.657132+00:00,0,21862.95,timeout
2026-09-11T20:28:53.832448+00:00,0,21682.56,timeout
2026-09-11T20:28:53.450887+00:00,0,22068.96,timeout
2026-09-11T20:28:53.820318+00:00,0,21710.12,timeout
2026-09-11T20:28:53.832448+00:00,0,21700.68,timeout
2026-09-11T20:28:53.848130+00:00,0,21684.58,timeout
2026-09-11T20:28:53.387605+00:00,0,22157.48,timeout
2026-09-11T20:28:53.820318+00:00,0,21730.13,timeout
2026-09-11T20:28:53.832448+00:00,0,21719.94,timeout
2026-09-11T20:28:53.324057+00:00,0,22222.27,timeout
2026-09-11T20:28:53.832448+00:00,0,21726.57,timeout
2026-09-11T20:28:53.820318+00:00,0,21735.98,timeout
2026-09-11T20:28:53.832448+00:00,0,21722.49,timeout
2026-09-11T20:28:53.820318+00:00,0,21746.85,timeout
2026-09-11T20:28:53.800806+00:00,0,21754.43,timeout
2026-09-11T20:28:53.820318+00:00,0,21744.59,timeout
2026-09-11T20:28:53.800806+00:00,0,21762.82,timeout
2026-09-11T20:28:53.800806+00:00,0,21776.22,timeout
2026-09-11T20:28:53.800806+00:00,0,21776.38,timeout
2026-09-11T20:28:53.800806+00:00,0,21771.54,timeout
2026-09-11T20:28:53.784701+00:00,0,21790.71,timeout
2026-09-11T20:28:53.784701+00:00,0,21798.11,timeout
2026-09-11T20:28:53.784701+00:00,0,21802.38,timeout
2026-09-11T20:28:53.784701+00:00,0,21795.09,timeout
2026-09-11T20:28:53.784701+00:00,0,21809.07,timeout
2026-09-11T20:28:53.775678+00:00,0,21814.87,timeout
2026-09-11T20:28:53.800806+00:00,0,21791.01,timeout
2026-09-11T20:28:53.800806+00:00,0,21796.11,timeout
2026-09-11T20:28:53.775678+00:00,0,21820.84,timeout
2026-09-11T20:28:53.784701+00:00,0,21807.96,timeout
2026-09-11T20:28:53.784701+00:00,0,21814.15,timeout
2026-09-11T20:28:53.784701+00:00,0,21819.79,timeout
2026-09-11T20:28:53.758339+00:00,0,21854.69,timeout
2026-09-11T20:28:53.775678+00:00,0,21842.90,timeout
2026-09-11T20:28:53.689793+00:00,0,21932.91,timeout
2026-09-11T20:28:53.736664+00:00,0,21887.90,timeout
2026-09-11T20:28:53.775678+00:00,0,21853.12,timeout
2026-09-11T20:28:53.775678+00:00,0,21850.88,timeout
2026-09-11T20:28:53.770540+00:00,0,21862.36,timeout
2026-09-11T20:28:53.816751+00:00,0,21819.84,timeout
2026-09-11T20:28:53.800806+00:00,0,21826.68,timeout
2026-09-11T20:28:53.775678+00:00,0,21864.05,timeout
2026-09-11T20:28:53.758339+00:00,0,21879.68,timeout
2026-09-11T20:28:53.758339+00:00,0,21887.11,timeout
2026-09-11T20:28:53.818759+00:00,0,21831.14,timeout
2026-09-11T20:28:53.770540+00:00,0,21878.32,timeout
2026-09-11T20:28:53.820318+00:00,0,21824.90,timeout
2026-09-11T20:28:53.705376+00:00,0,21948.18,timeout
2026-09-11T20:28:53.770540+00:00,0,21888.66,timeout
2026-09-11T20:28:53.832448+00:00,0,21820.85,timeout
2026-09-11T20:28:53.736664+00:00,0,21923.05,timeout
2026-09-11T20:28:53.758339+00:00,0,21898.43,timeout
2026-09-11T20:28:53.736664+00:00,0,21922.75,timeout
2026-09-11T20:28:53.736664+00:00,0,21920.40,timeout
2026-09-11T20:28:53.736664+00:00,0,21924.87,timeout
2026-09-11T20:28:53.736664+00:00,0,21931.27,timeout
2026-09-11T20:28:53.720767+00:00,0,21941.98,timeout
2026-09-11T20:28:53.720767+00:00,0,21947.24,timeout
2026-09-11T20:28:53.720767+00:00,0,21952.12,timeout
2026-09-11T20:28:53.720767+00:00,0,21956.68,timeout
2026-09-11T20:28:53.758339+00:00,0,21927.81,timeout
2026-09-11T20:28:53.756335+00:00,0,21932.17,timeout
2026-09-11T20:28:53.530448+00:00,0,22147.59,timeout
2026-09-11T20:28:53.689793+00:00,0,21999.41,timeout
2026-09-11T20:28:53.705376+00:00,0,21982.25,timeout
2026-09-11T20:28:53.752347+00:00,0,21943.86,timeout
2026-09-11T20:28:53.689793+00:00,0,22003.60,timeout
2026-09-11T20:28:53.657132+00:00,0,22029.78,timeout
2026-09-11T20:28:53.720767+00:00,0,21978.74,timeout
2026-09-11T20:28:53.720767+00:00,0,21983.70,timeout
2026-09-11T20:28:53.705376+00:00,0,21988.17,timeout
2026-09-11T20:28:53.705376+00:00,0,21994.17,timeout
2026-09-11T20:28:53.701883+00:00,0,22008.53,timeout
2026-09-11T20:28:53.699712+00:00,0,22013.27,timeout
2026-09-11T20:28:53.657132+00:00,0,22051.65,timeout
2026-09-11T20:28:53.657132+00:00,0,22051.46,timeout
2026-09-11T20:28:53.689793+00:00,0,22022.32,timeout
2026-09-11T20:28:53.641417+00:00,0,22076.76,timeout
2026-09-11T20:28:53.657132+00:00,0,22064.58,timeout
2026-09-11T20:28:53.684604+00:00,0,22040.16,timeout
2026-09-11T20:28:53.657132+00:00,0,22060.34,timeout
2026-09-11T20:28:53.625607+00:00,0,22094.67,timeout
2026-09-11T20:28:53.625607+00:00,0,22103.27,timeout
2026-09-11T20:28:53.606341+00:00,0,22129.42,timeout
2026-09-11T20:28:53.614229+00:00,0,22112.63,timeout
2026-09-11T20:28:53.657132+00:00,0,22081.76,timeout
2026-09-11T20:28:53.641417+00:00,0,22086.66,timeout
2026-09-11T20:28:53.641417+00:00,0,22091.65,timeout
2026-09-11T20:28:53.625607+00:00,0,22112.78,timeout
2026-09-11T20:28:53.639408+00:00,0,22108.29,timeout
2026-09-11T20:28:53.641417+00:00,0,22107.33,timeout
2026-09-11T20:28:53.614229+00:00,0,22129.67,timeout
2026-09-11T20:28:53.641417+00:00,0,22105.62,timeout
2026-09-11T20:28:53.614229+00:00,0,22136.22,timeout
2026-09-11T20:28:53.614229+00:00,0,22141.00,timeout
2026-09-11T20:28:53.598324+00:00,0,22162.27,timeout
2026-09-11T20:28:53.614229+00:00,0,22147.82,timeout
2026-09-11T20:28:53.594121+00:00,0,22170.23,timeout
2026-09-11T20:28:53.625607+00:00,0,22139.28,timeout
2026-09-11T20:28:53.609912+00:00,0,22157.09,timeout
2026-09-11T20:28:53.606341+00:00,0,22162.13,timeout
2026-09-11T20:28:53.602332+00:00,0,22170.75,timeout
2026-09-11T20:28:53.546570+00:00,0,22216.34,timeout
2026-09-11T20:28:53.515046+00:00,0,22251.49,timeout
2026-09-11T20:28:53.705376+00:00,0,22073.40,timeout
2026-09-11T20:28:53.578035+00:00,0,22198.57,timeout
2026-09-11T20:28:53.575357+00:00,0,22207.23,timeout
2026-09-11T20:28:53.578035+00:00,0,22194.36,timeout
2026-09-11T20:28:53.578035+00:00,0,22199.60,timeout
2026-09-11T20:28:53.578035+00:00,0,22204.30,timeout
2026-09-11T20:28:53.562275+00:00,0,22226.25,timeout
2026-09-11T20:28:53.546570+00:00,0,22241.85,timeout
2026-09-11T20:28:53.578035+00:00,0,22216.80,timeout
2026-09-11T20:28:53.572880+00:00,0,22225.58,timeout
2026-09-11T20:28:53.568889+00:00,0,22230.98,timeout
2026-09-11T20:28:53.546570+00:00,0,22253.47,timeout
2026-09-11T20:28:53.562275+00:00,0,22242.53,timeout
2026-09-11T20:28:53.530448+00:00,0,22269.50,timeout
2026-09-11T20:28:53.530448+00:00,0,22274.37,timeout
2026-09-11T20:28:53.546570+00:00,0,22255.49,timeout
2026-09-11T20:28:53.515046+00:00,0,22292.79,timeout
2026-09-11T20:28:53.501226+00:00,0,22310.52,timeout
2026-09-11T20:28:53.515046+00:00,0,22299.24,timeout
2026-09-11T20:28:53.469767+00:00,0,22345.59,timeout
2026-09-11T20:28:53.484153+00:00,0,22329.27,timeout
2026-09-11T20:28:53.515046+00:00,0,22300.94,timeout
2026-09-11T20:28:53.501226+00:00,0,22317.33,timeout
2026-09-11T20:28:53.501226+00:00,0,22325.41,timeout
2026-09-11T20:28:53.515046+00:00,0,22301.78,timeout
2026-09-11T20:28:53.501226+00:00,0,22325.54,timeout
2026-09-11T20:28:53.475322+00:00,0,22353.13,timeout
2026-09-11T20:28:53.468002+00:00,0,22367.58,timeout
2026-09-11T20:28:53.530448+00:00,0,22298.94,timeout
2026-09-11T20:28:53.468002+00:00,0,22374.87,timeout
2026-09-11T20:28:53.482646+00:00,0,22361.07,timeout
2026-09-11T20:28:53.530448+00:00,0,22300.80,timeout
2026-09-11T20:28:53.475322+00:00,0,22373.24,timeout
2026-09-11T20:28:53.499444+00:00,0,22350.73,timeout
2026-09-11T20:28:53.484153+00:00,0,22362.95,timeout
2026-09-11T20:28:53.484153+00:00,0,22369.62,timeout
2026-09-11T20:28:53.484153+00:00,0,22363.01,timeout
2026-09-11T20:28:53.530448+00:00,0,22328.62,timeout
2026-09-11T20:28:53.484153+00:00,0,22365.30,timeout
2026-09-11T20:28:53.475322+00:00,0,22387.01,timeout
2026-09-11T20:28:53.501226+00:00,0,22355.76,timeout
2026-09-11T20:28:53.469767+00:00,0,22397.43,timeout
2026-09-11T20:28:53.515046+00:00,0,22354.98,timeout
2026-09-11T20:28:53.512099+00:00,0,22360.26,timeout
2026-09-11T20:28:53.469767+00:00,0,22402.34,timeout
2026-09-11T20:28:53.475322+00:00,0,22397.09,timeout
2026-09-11T20:28:53.450887+00:00,0,22414.75,timeout
2026-09-11T20:28:53.450887+00:00,0,22424.25,timeout
2026-09-11T20:28:53.450887+00:00,0,22428.11,timeout
2026-09-11T20:28:53.435194+00:00,0,22448.39,timeout
2026-09-11T20:28:53.403374+00:00,0,22481.15,timeout
2026-09-11T20:28:53.475322+00:00,0,22411.36,timeout
2026-09-11T20:28:53.450887+00:00,0,22425.78,timeout
2026-09-11T20:28:53.450887+00:00,0,22435.56,timeout
2026-09-11T20:28:53.450887+00:00,0,22444.62,timeout
2026-09-11T20:28:53.450887+00:00,0,22438.55,timeout
2026-09-11T20:28:53.450887+00:00,0,22439.40,timeout
2026-09-11T20:28:53.435194+00:00,0,22457.15,timeout
2026-09-11T20:28:53.435194+00:00,0,22460.93,timeout
2026-09-11T20:28:53.419502+00:00,0,22476.41,timeout
2026-09-11T20:28:53.435194+00:00,0,22466.64,timeout
2026-09-11T20:28:53.419502+00:00,0,22484.90,timeout
2026-09-11T20:28:53.435194+00:00,0,22466.00,timeout
2026-09-11T20:28:53.435194+00:00,0,22466.30,timeout
2026-09-11T20:28:53.450887+00:00,0,22464.41,timeout
2026-09-11T20:28:53.419502+00:00,0,22487.76,timeout
2026-09-11T20:28:53.419502+00:00,0,22494.24,timeout
2026-09-11T20:28:53.435194+00:00,0,22488.73,timeout
2026-09-11T20:28:53.435194+00:00,0,22485.66,timeout
2026-09-11T20:28:53.403374+00:00,0,22514.28,timeout
2026-09-11T20:28:53.419502+00:00,0,22497.11,timeout
2026-09-11T20:28:53.419502+00:00,0,22503.88,timeout
2026-09-11T20:28:53.387605+00:00,0,22536.02,timeout
2026-09-11T20:28:53.403374+00:00,0,22518.49,timeout
2026-09-11T20:28:53.403374+00:00,0,22531.33,timeout
2026-09-11T20:28:53.403374+00:00,0,22524.33,timeout
2026-09-11T20:28:53.403374+00:00,0,22528.08,timeout
2026-09-11T20:28:53.403374+00:00,0,22540.67,timeout
2026-09-11T20:28:53.419502+00:00,0,22523.05,timeout
2026-09-11T20:28:53.387605+00:00,0,22555.77,timeout
2026-09-11T20:28:53.403374+00:00,0,22539.54,timeout
2026-09-11T20:28:53.419502+00:00,0,22533.81,timeout
2026-09-11T20:28:53.387605+00:00,0,22558.71,timeout
2026-09-11T20:28:53.419502+00:00,0,22535.03,timeout
2026-09-11T20:28:53.419502+00:00,0,22538.69,timeout
2026-09-11T20:28:53.387605+00:00,0,22567.09,timeout
2026-09-11T20:28:53.403374+00:00,0,22554.20,timeout
2026-09-11T20:28:53.403374+00:00,0,22563.95,timeout
2026-09-11T20:28:53.403374+00:00,0,22560.13,timeout
2026-09-11T20:28:53.387605+00:00,0,22569.67,timeout
2026-09-11T20:28:53.387605+00:00,0,22573.26,timeout
2026-09-11T20:28:53.387605+00:00,0,22588.08,timeout
2026-09-11T20:28:53.375270+00:00,0,22595.77,timeout
2026-09-11T20:28:53.360656+00:00,0,22616.43,timeout
2026-09-11T20:28:53.387605+00:00,0,22589.97,timeout
2026-09-11T20:28:53.371919+00:00,0,22612.65,timeout
2026-09-11T20:28:53.375270+00:00,0,22611.28,timeout
2026-09-11T20:28:53.375270+00:00,0,22610.08,timeout
2026-09-11T20:28:53.387605+00:00,0,22602.15,timeout
2026-09-11T20:28:53.360656+00:00,0,22632.26,timeout
2026-09-11T20:28:53.375270+00:00,0,22611.84,timeout
2026-09-11T20:28:53.375270+00:00,0,22612.43,timeout
2026-09-11T20:28:53.367806+00:00,0,22631.59,timeout
2026-09-11T20:28:53.360656+00:00,0,22636.85,timeout
2026-09-11T20:28:53.375270+00:00,0,22624.14,timeout
2026-09-11T20:28:53.375270+00:00,0,22629.52,timeout
2026-09-11T20:28:53.340151+00:00,0,22658.90,timeout
2026-09-11T20:28:53.355964+00:00,0,22651.32,timeout
2026-09-11T20:28:53.367806+00:00,0,22643.19,timeout
2026-09-11T20:28:53.371919+00:00,0,22642.01,timeout
2026-09-11T20:28:53.367806+00:00,0,22650.32,timeout
2026-09-11T20:28:53.340151+00:00,0,22672.36,timeout
2026-09-11T20:28:53.340151+00:00,0,22667.09,timeout
2026-09-11T20:28:53.340151+00:00,0,22672.44,timeout
2026-09-11T20:28:53.355964+00:00,0,22667.93,timeout
2026-09-11T20:28:53.340151+00:00,0,22682.49,timeout
2026-09-11T20:28:53.355964+00:00,0,22673.82,timeout
2026-09-11T20:28:53.340151+00:00,0,22690.92,timeout
2026-09-11T20:28:53.340151+00:00,0,22681.67,timeout
2026-09-11T20:28:53.324057+00:00,0,22699.85,timeout
2026-09-11T20:28:53.300419+00:00,0,22732.67,timeout
2026-09-11T20:28:53.340151+00:00,0,22698.20,timeout
2026-09-11T20:28:53.340151+00:00,0,22694.62,timeout
2026-09-11T20:28:53.308958+00:00,0,22734.49,timeout
2026-09-11T20:28:53.340151+00:00,0,22703.12,timeout
2026-09-11T20:28:53.324057+00:00,0,22711.22,timeout
2026-09-11T20:28:53.340151+00:00,0,22711.64,timeout
2026-09-11T20:28:53.308958+00:00,0,22733.56,timeout
2026-09-11T20:28:53.308958+00:00,0,22742.33,timeout
2026-09-11T20:28:53.300419+00:00,0,22758.33,timeout
2026-09-11T20:28:53.324057+00:00,0,22738.74,timeout
2026-09-11T20:28:53.308958+00:00,0,22742.53,timeout
2026-09-11T20:28:53.324057+00:00,0,22735.58,timeout
2026-09-11T20:28:53.308958+00:00,0,22749.99,timeout
2026-09-11T20:28:53.324057+00:00,0,22737.07,timeout
2026-09-11T20:28:53.324057+00:00,0,22740.62,timeout
2026-09-11T20:28:53.324057+00:00,0,22745.50,timeout
2026-09-11T20:28:53.308958+00:00,0,22765.03,timeout
2026-09-11T20:28:53.324057+00:00,0,22751.44,timeout
2026-09-11T20:28:53.324057+00:00,0,22754.99,timeout
2026-09-11T20:28:53.308958+00:00,0,22774.70,timeout
2026-09-11T20:28:53.308958+00:00,0,22768.87,timeout
2026-09-11T20:28:53.324057+00:00,0,22763.02,timeout
2026-09-11T20:28:53.292998+00:00,0,22791.53,timeout
2026-09-11T20:28:53.300419+00:00,0,22788.13,timeout
2026-09-11T20:28:53.308958+00:00,0,22779.37,timeout
2026-09-11T20:28:53.308378+00:00,0,22789.75,timeout
2026-09-11T20:28:54.007473+00:00,0,22077.72,timeout
2026-09-11T20:28:54.023406+00:00,0,22076.29,timeout
2026-09-11T20:28:54.023406+00:00,0,22080.13,timeout
2026-09-11T20:28:54.007473+00:00,0,22099.45,timeout
2026-09-11T20:28:53.979359+00:00,0,22126.07,timeout
2026-09-11T20:28:53.943961+00:00,0,22166.59,timeout
2026-09-11T20:28:53.995479+00:00,0,22113.12,timeout
2026-09-11T20:28:53.995479+00:00,0,22111.30,timeout
2026-09-11T20:28:53.991398+00:00,0,22126.32,timeout
2026-09-11T20:28:53.995479+00:00,0,22124.45,timeout
2026-09-11T20:28:53.959794+00:00,0,22158.35,timeout
2026-09-11T20:28:53.975487+00:00,0,22150.55,timeout
2026-09-11T20:28:53.970964+00:00,0,22157.19,timeout
2026-09-11T20:28:53.979359+00:00,0,22143.05,timeout
2026-09-11T20:28:53.943961+00:00,0,22175.02,timeout
2026-09-11T20:28:53.959794+00:00,0,22169.63,timeout
2026-09-11T20:28:53.975487+00:00,0,22161.42,timeout
2026-09-11T20:28:53.928014+00:00,0,22208.47,timeout
2026-09-11T20:28:53.943961+00:00,0,22195.96,timeout
2026-09-11T20:28:53.928014+00:00,0,22209.89,timeout
2026-09-11T20:28:53.943961+00:00,0,22202.91,timeout
2026-09-11T20:28:53.928014+00:00,0,22220.76,timeout
2026-09-11T20:28:53.928014+00:00,0,22214.50,timeout
2026-09-11T20:28:53.959794+00:00,0,22195.32,timeout
2026-09-11T20:28:53.959794+00:00,0,22199.53,timeout
2026-09-11T20:28:53.959794+00:00,0,22193.74,timeout
2026-09-11T20:28:53.943961+00:00,0,22209.36,timeout
2026-09-11T20:28:53.943961+00:00,0,22215.97,timeout
2026-09-11T20:28:53.928014+00:00,0,22235.99,timeout
2026-09-11T20:28:53.928014+00:00,0,22245.88,timeout
2026-09-11T20:28:53.928014+00:00,0,22233.42,timeout
2026-09-11T20:28:53.928014+00:00,0,22239.62,timeout
2026-09-11T20:28:53.928014+00:00,0,22250.99,timeout
2026-09-11T20:28:53.912530+00:00,0,22269.87,timeout
2026-09-11T20:28:53.884791+00:00,0,22290.45,timeout
2026-09-11T20:28:53.912530+00:00,0,22261.93,timeout
2026-09-11T20:28:53.902161+00:00,0,22281.77,timeout
2026-09-11T20:28:53.912530+00:00,0,22268.68,timeout
2026-09-11T20:28:53.912530+00:00,0,22276.31,timeout
2026-09-11T20:28:53.912530+00:00,0,22277.04,timeout
2026-09-11T20:28:53.912530+00:00,0,22277.84,timeout
2026-09-11T20:28:53.912530+00:00,0,22286.83,timeout
2026-09-11T20:28:53.902161+00:00,0,22297.98,timeout
2026-09-11T20:28:53.902161+00:00,0,22303.70,timeout
2026-09-11T20:28:53.896873+00:00,0,22307.68,timeout
2026-09-11T20:28:53.896873+00:00,0,22314.13,timeout
2026-09-11T20:28:53.911929+00:00,0,22302.32,timeout
2026-09-11T20:28:53.902161+00:00,0,22311.49,timeout
2026-09-11T20:28:53.902161+00:00,0,22308.59,timeout
2026-09-11T20:28:53.896873+00:00,0,22321.57,timeout
2026-09-11T20:28:53.884791+00:00,0,22338.72,timeout
2026-09-11T20:28:53.884791+00:00,0,22332.44,timeout
2026-09-11T20:28:53.864149+00:00,0,22353.66,timeout
2026-09-11T20:28:53.884791+00:00,0,22340.39,timeout
2026-09-11T20:28:53.875621+00:00,0,22356.63,timeout
2026-09-11T20:28:53.884791+00:00,0,22346.99,timeout
2026-09-11T20:28:53.884791+00:00,0,22350.96,timeout
2026-09-11T20:28:53.884791+00:00,0,22347.96,timeout
2026-09-11T20:28:53.875621+00:00,0,22362.85,timeout
2026-09-11T20:28:53.880177+00:00,0,22362.97,timeout
2026-09-11T20:28:53.848130+00:00,0,22396.68,timeout
2026-09-11T20:28:53.848130+00:00,0,22390.26,timeout
2026-09-11T20:28:53.864149+00:00,0,22384.55,timeout
2026-09-11T20:28:53.820318+00:00,0,22430.11,timeout
2026-09-11T20:28:53.864149+00:00,0,22398.78,timeout
2026-09-11T20:28:53.912530+00:00,0,22353.21,timeout
2026-09-11T20:28:54.134264+00:00,0,22133.30,timeout
2026-09-11T20:28:54.123667+00:00,0,22150.02,timeout
2026-09-11T20:28:54.134264+00:00,0,22145.90,timeout
2026-09-11T20:28:54.134264+00:00,0,22151.53,timeout
2026-09-11T20:28:54.118550+00:00,0,22171.20,timeout
2026-09-11T20:28:54.123667+00:00,0,22168.21,timeout
2026-09-11T20:28:54.123667+00:00,0,22170.19,timeout
2026-09-11T20:28:54.103259+00:00,0,22184.00,timeout
2026-09-11T20:28:54.070593+00:00,0,22233.39,timeout
2026-09-11T20:28:54.103259+00:00,0,22203.24,timeout
2026-09-11T20:28:54.075714+00:00,0,22226.43,timeout
2026-09-11T20:28:54.103259+00:00,0,22205.78,timeout
2026-09-11T20:28:54.123667+00:00,0,22190.55,timeout
2026-09-11T20:28:54.103259+00:00,0,22201.51,timeout
2026-09-11T20:28:54.103259+00:00,0,22205.58,timeout
2026-09-11T20:28:54.103259+00:00,0,22209.70,timeout
2026-09-11T20:28:54.086962+00:00,0,22232.87,timeout
2026-09-11T20:28:54.086962+00:00,0,22233.45,timeout
2026-09-11T20:28:54.086962+00:00,0,22228.87,timeout
2026-09-11T20:28:54.103259+00:00,0,22222.19,timeout
2026-09-11T20:28:54.086962+00:00,0,22236.50,timeout
2026-09-11T20:28:54.103259+00:00,0,22228.19,timeout
2026-09-11T20:28:54.086962+00:00,0,22243.68,timeout
2026-09-11T20:28:54.103259+00:00,0,22240.41,timeout
2026-09-11T20:28:54.086962+00:00,0,22254.12,timeout
2026-09-11T20:28:54.086962+00:00,0,22261.69,timeout
2026-09-11T20:28:54.086962+00:00,0,22254.59,timeout
2026-09-11T20:28:54.086962+00:00,0,22271.52,timeout
2026-09-11T20:28:54.075714+00:00,0,22278.31,timeout
2026-09-11T20:28:54.070593+00:00,0,22289.49,timeout
2026-09-11T20:28:54.039311+00:00,0,22312.93,timeout
2026-09-11T20:28:54.075714+00:00,0,22286.99,timeout
2026-09-11T20:28:54.054960+00:00,0,22304.08,timeout
2026-09-11T20:28:54.075714+00:00,0,22293.87,timeout
2026-09-11T20:28:54.054960+00:00,0,22316.97,timeout
2026-09-11T20:28:54.075714+00:00,0,22300.20,timeout
2026-09-11T20:28:54.054960+00:00,0,22318.60,timeout
2026-09-11T20:28:54.054960+00:00,0,22317.14,timeout
2026-09-11T20:28:54.075714+00:00,0,22308.57,timeout
2026-09-11T20:28:54.054960+00:00,0,22329.99,timeout
2026-09-11T20:28:54.054960+00:00,0,22319.09,timeout
2026-09-11T20:28:54.054960+00:00,0,22323.16,timeout
2026-09-11T20:28:54.054960+00:00,0,22339.35,timeout
2026-09-11T20:28:54.039311+00:00,0,22344.86,timeout
2026-09-11T20:28:54.039311+00:00,0,22350.81,timeout
2026-09-11T20:28:54.054960+00:00,0,22337.25,timeout
2026-09-11T20:28:54.023406+00:00,0,22373.88,timeout
2026-09-11T20:28:54.007473+00:00,0,22395.59,timeout
2026-09-11T20:28:54.023406+00:00,0,22372.20,timeout
2026-09-11T20:28:54.007473+00:00,0,22396.25,timeout
2026-09-11T20:28:54.039311+00:00,0,22362.61,timeout
2026-09-11T20:28:54.023406+00:00,0,22380.56,timeout
2026-09-11T20:28:54.023406+00:00,0,22385.99,timeout
2026-09-11T20:28:54.039311+00:00,0,22373.43,timeout
2026-09-11T20:28:54.039311+00:00,0,22377.48,timeout
2026-09-11T20:28:54.039311+00:00,0,22381.47,timeout
2026-09-11T20:28:54.023406+00:00,0,22388.71,timeout
2026-09-11T20:28:54.039311+00:00,0,22389.31,timeout
2026-09-11T20:28:54.023406+00:00,0,22402.88,timeout
2026-09-11T20:28:54.007473+00:00,0,22414.90,timeout
2026-09-11T20:28:54.023406+00:00,0,22402.67,timeout
2026-09-11T20:28:54.007473+00:00,0,22416.76,timeout
2026-09-11T20:28:53.971969+00:00,0,22466.80,timeout
2026-09-11T20:28:50.883601+00:00,0,25556.69,timeout
2026-09-11T20:28:51.079772+00:00,0,25363.71,timeout
2026-09-11T20:28:54.387153+00:00,0,22048.58,timeout
2026-09-11T20:28:54.387153+00:00,0,22053.24,timeout
2026-09-11T20:28:52.991280+00:00,0,23459.85,timeout
2026-09-11T20:28:50.816356+00:00,0,25636.66,timeout
2026-09-11T20:28:54.387153+00:00,0,22063.86,timeout
2026-09-11T20:28:50.644476+00:00,0,25800.37,timeout
2026-09-11T20:28:49.823998+00:00,0,26634.96,timeout
2026-09-11T20:28:49.792216+00:00,0,26659.75,timeout
2026-09-11T20:28:49.747996+00:00,0,26711.58,timeout
2026-09-11T20:28:49.728733+00:00,0,26737.31,timeout
2026-09-11T20:28:49.713058+00:00,0,26755.43,timeout
2026-09-11T20:28:54.376247+00:00,0,22092.04,timeout
2026-09-11T20:28:49.194282+00:00,0,27279.01,timeout
2026-09-11T20:28:54.374738+00:00,0,22100.56,timeout
2026-09-11T20:28:54.376247+00:00,0,22101.29,timeout
2026-09-11T20:28:54.373029+00:00,0,22107.26,timeout
2026-09-11T20:28:48.509042+00:00,0,27974.22,timeout
2026-09-11T20:28:48.139824+00:00,0,28333.86,timeout
2026-09-11T20:28:47.939482+00:00,0,28543.35,timeout
2026-09-11T20:28:43.321921+00:00,0,33162.28,timeout
2026-09-11T20:28:43.465510+00:00,0,33026.42,timeout
2026-09-11T20:28:41.917056+00:00,0,34575.30,timeout
2026-09-11T20:28:42.942877+00:00,0,33553.60,timeout
2026-09-11T20:28:42.521387+00:00,0,33976.25,timeout
2026-09-11T20:28:52.774671+00:00,0,23722.82,timeout
2026-09-11T20:28:42.169151+00:00,0,34330.44,timeout
2026-09-11T20:28:54.149991+00:00,0,22343.53,timeout
2026-09-11T20:28:54.229115+00:00,0,22274.80,timeout
2026-09-11T20:28:54.212994+00:00,0,22285.21,timeout
2026-09-11T20:28:54.212994+00:00,0,22290.82,timeout
2026-09-11T20:28:54.229115+00:00,0,22278.33,timeout
2026-09-11T20:28:54.229115+00:00,0,22288.94,timeout
2026-09-11T20:28:54.229115+00:00,0,22284.67,timeout
2026-09-11T20:28:54.181553+00:00,0,22336.33,timeout
2026-09-11T20:28:54.212994+00:00,0,22297.40,timeout
2026-09-11T20:28:54.229115+00:00,0,22294.83,timeout
2026-09-11T20:28:54.229115+00:00,0,22298.68,timeout
2026-09-11T20:28:54.212994+00:00,0,22307.39,timeout
2026-09-11T20:28:54.199902+00:00,0,22328.19,timeout
2026-09-11T20:28:54.199902+00:00,0,22325.72,timeout
2026-09-11T20:28:54.212994+00:00,0,22323.56,timeout
2026-09-11T20:28:54.212994+00:00,0,22321.50,timeout
2026-09-11T20:28:54.181553+00:00,0,22351.19,timeout
2026-09-11T20:28:54.212994+00:00,0,22324.76,timeout
2026-09-11T20:28:54.199902+00:00,0,22339.10,timeout
2026-09-11T20:28:54.199902+00:00,0,22346.21,timeout
2026-09-11T20:28:54.199902+00:00,0,22350.17,timeout
2026-09-11T20:28:54.199902+00:00,0,22354.12,timeout
2026-09-11T20:28:54.212994+00:00,0,22343.87,timeout
2026-09-11T20:28:54.181553+00:00,0,22372.54,timeout
2026-09-11T20:28:54.212994+00:00,0,22344.88,timeout
2026-09-11T20:28:54.212994+00:00,0,22349.06,timeout
2026-09-11T20:28:54.181553+00:00,0,22372.54,timeout
2026-09-11T20:28:54.199902+00:00,0,22363.19,timeout
2026-09-11T20:28:54.181553+00:00,0,22381.51,timeout
2026-09-11T20:28:54.181553+00:00,0,22395.19,timeout
2026-09-11T20:28:54.199902+00:00,0,22381.60,timeout
2026-09-11T20:28:54.197343+00:00,0,22386.55,timeout
2026-09-11T20:28:54.181553+00:00,0,22402.79,timeout
2026-09-11T20:28:54.181553+00:00,0,22409.57,timeout
2026-09-11T20:28:54.181553+00:00,0,22403.74,timeout
2026-09-11T20:28:54.181553+00:00,0,22408.83,timeout
2026-09-11T20:28:54.176005+00:00,0,22422.36,timeout
2026-09-11T20:28:54.176005+00:00,0,22427.40,timeout
2026-09-11T20:28:54.173498+00:00,0,22435.88,timeout
2026-09-11T20:28:54.171914+00:00,0,22441.26,timeout
2026-09-11T20:28:54.149991+00:00,0,22458.71,timeout
2026-09-11T20:28:54.165756+00:00,0,22450.04,timeout
2026-09-11T20:28:54.165756+00:00,0,22455.35,timeout
2026-09-11T20:28:54.173498+00:00,0,22452.78,timeout
2026-09-11T20:28:54.149991+00:00,0,22466.51,timeout
2026-09-11T20:28:54.176005+00:00,0,22459.16,timeout
2026-09-11T20:28:54.149991+00:00,0,22478.52,timeout
2026-09-11T20:28:54.149991+00:00,0,22485.26,timeout
2026-09-11T20:28:54.165756+00:00,0,22483.73,timeout
2026-09-11T20:28:54.149991+00:00,0,22505.07,timeout
2026-09-11T20:28:54.123667+00:00,0,22538.75,timeout
2026-09-11T20:28:54.123667+00:00,0,22533.98,timeout
2026-09-11T20:28:54.149991+00:00,0,22517.92,timeout
2026-09-11T20:28:54.149991+00:00,0,22521.05,timeout
2026-09-11T20:28:54.149991+00:00,0,22528.22,timeout
2026-09-11T20:28:54.134264+00:00,0,22539.30,timeout
2026-09-11T20:28:54.134264+00:00,0,22541.41,timeout
2026-09-11T20:28:54.134264+00:00,0,22543.56,timeout
2026-09-11T20:28:54.118550+00:00,0,22574.85,timeout
2026-09-11T20:28:54.123667+00:00,0,22568.27,timeout
2026-09-11T20:28:54.134264+00:00,0,22563.02,timeout
2026-09-11T20:28:54.134264+00:00,0,22563.26,timeout
2026-09-11T20:28:54.821263+00:00,0,21888.48,timeout
2026-09-11T20:28:54.735643+00:00,0,21966.02,timeout
2026-09-11T20:28:54.861305+00:00,0,21848.04,timeout
2026-09-11T20:28:54.861305+00:00,0,21853.23,timeout
2026-09-11T20:28:54.845610+00:00,0,21871.55,timeout
2026-09-11T20:28:54.829704+00:00,0,21893.11,timeout
2026-09-11T20:28:54.861305+00:00,0,21870.34,timeout
2026-09-11T20:28:54.861305+00:00,0,21871.37,timeout
2026-09-11T20:28:54.829704+00:00,0,21911.38,timeout
2026-09-11T20:28:54.861305+00:00,0,21881.88,timeout
2026-09-11T20:28:54.845610+00:00,0,21905.97,timeout
2026-09-11T20:28:54.845610+00:00,0,21907.67,timeout
2026-09-11T20:28:54.845610+00:00,0,21901.81,timeout
2026-09-11T20:28:54.798258+00:00,0,21953.01,timeout
2026-09-11T20:28:54.829704+00:00,0,21929.62,timeout
2026-09-11T20:28:54.829704+00:00,0,21942.10,timeout
2026-09-11T20:28:54.813943+00:00,0,21956.43,timeout
2026-09-11T20:28:54.845610+00:00,0,21924.79,timeout
2026-09-11T20:28:54.821263+00:00,0,21952.30,timeout
2026-09-11T20:28:54.829704+00:00,0,21937.76,timeout
2026-09-11T20:28:54.829704+00:00,0,21942.68,timeout
2026-09-11T20:28:54.819681+00:00,0,21966.66,timeout
2026-09-11T20:28:54.829704+00:00,0,21954.93,timeout
2026-09-11T20:28:54.813943+00:00,0,21976.18,timeout
2026-09-11T20:28:54.798258+00:00,0,21986.31,timeout
2026-09-11T20:28:54.782466+00:00,0,22000.08,timeout
2026-09-11T20:28:54.821263+00:00,0,21974.55,timeout
2026-09-11T20:28:54.798258+00:00,0,21991.30,timeout
2026-09-11T20:28:54.798258+00:00,0,21998.07,timeout
2026-09-11T20:28:54.798258+00:00,0,22002.74,timeout
2026-09-11T20:28:54.766815+00:00,0,22040.00,timeout
2026-09-11T20:28:54.777376+00:00,0,22033.60,timeout
2026-09-11T20:28:54.798258+00:00,0,22014.48,timeout
2026-09-11T20:28:54.782466+00:00,0,22021.52,timeout
2026-09-11T20:28:54.750715+00:00,0,22060.28,timeout
2026-09-11T20:28:54.782466+00:00,0,22028.53,timeout
2026-09-11T20:28:54.782466+00:00,0,22041.67,timeout
2026-09-11T20:28:54.766815+00:00,0,22052.55,timeout
2026-09-11T20:28:54.798258+00:00,0,22026.78,timeout
2026-09-11T20:28:54.766815+00:00,0,22059.74,timeout
2026-09-11T20:28:54.782466+00:00,0,22049.20,timeout
2026-09-11T20:28:54.782466+00:00,0,22049.43,timeout
2026-09-11T20:28:54.782466+00:00,0,22047.58,timeout
2026-09-11T20:28:54.782466+00:00,0,22052.10,timeout
2026-09-11T20:28:54.750715+00:00,0,22082.25,timeout
2026-09-11T20:28:54.777376+00:00,0,22065.11,timeout
2026-09-11T20:28:54.775848+00:00,0,22071.83,timeout
2026-09-11T20:28:54.750715+00:00,0,22085.22,timeout
2026-09-11T20:28:54.750715+00:00,0,22089.54,timeout
2026-09-11T20:28:54.766815+00:00,0,22087.69,timeout
2026-09-11T20:28:54.735643+00:00,0,22109.40,timeout
2026-09-11T20:28:54.735643+00:00,0,22114.73,timeout
2026-09-11T20:28:54.735643+00:00,0,22115.56,timeout
2026-09-11T20:28:54.750715+00:00,0,22109.29,timeout
2026-09-11T20:28:54.750715+00:00,0,22109.57,timeout
2026-09-11T20:28:54.750715+00:00,0,22118.08,timeout
2026-09-11T20:28:54.721402+00:00,0,22147.49,timeout
2026-09-11T20:28:54.750715+00:00,0,22120.45,timeout
2026-09-11T20:28:54.735643+00:00,0,22132.56,timeout
2026-09-11T20:28:54.714792+00:00,0,22163.37,timeout
2026-09-11T20:28:54.735643+00:00,0,22138.64,timeout
2026-09-11T20:28:54.728880+00:00,0,22150.42,timeout
2026-09-11T20:28:54.706016+00:00,0,22172.56,timeout
2026-09-11T20:28:54.728880+00:00,0,22156.84,timeout
2026-09-11T20:28:54.735643+00:00,0,22152.69,timeout
2026-09-11T20:28:54.735643+00:00,0,22153.17,timeout
2026-09-11T20:28:54.724604+00:00,0,22168.67,timeout
2026-09-11T20:28:54.714792+00:00,0,22179.65,timeout
2026-09-11T20:28:54.728880+00:00,0,22166.49,timeout
2026-09-11T20:28:54.735643+00:00,0,22162.37,timeout
2026-09-11T20:28:54.735643+00:00,0,22169.64,timeout
2026-09-11T20:28:54.714792+00:00,0,22191.51,timeout
2026-09-11T20:28:54.706016+00:00,0,22201.23,timeout
2026-09-11T20:28:54.682261+00:00,0,22228.86,timeout
2026-09-11T20:28:54.706016+00:00,0,22204.11,timeout
2026-09-11T20:28:54.726875+00:00,0,22189.17,timeout
2026-09-11T20:28:54.719392+00:00,0,22198.80,timeout
2026-09-11T20:28:54.706016+00:00,0,22214.78,timeout
2026-09-11T20:28:54.696408+00:00,0,22226.74,timeout
2026-09-11T20:28:54.701940+00:00,0,22224.46,timeout
2026-09-11T20:28:54.694402+00:00,0,22233.93,timeout
2026-09-11T20:28:54.699920+00:00,0,22231.60,timeout
2026-09-11T20:28:54.692396+00:00,0,22240.81,timeout
2026-09-11T20:28:54.675740+00:00,0,22260.99,timeout
2026-09-11T20:28:54.688376+00:00,0,22250.39,timeout
2026-09-11T20:28:54.686270+00:00,0,22254.74,timeout
2026-09-11T20:28:54.682261+00:00,0,22261.69,timeout
2026-09-11T20:28:54.690391+00:00,0,22255.15,timeout
2026-09-11T20:28:54.684265+00:00,0,22263.39,timeout
2026-09-11T20:28:54.680257+00:00,0,22270.21,timeout
2026-09-11T20:28:54.678254+00:00,0,22274.21,timeout
2026-09-11T20:28:54.676244+00:00,0,22278.19,timeout
2026-09-11T20:28:54.671724+00:00,0,22285.48,timeout
2026-09-11T20:28:52.785035+00:00,0,24159.93,timeout
2026-09-11T20:28:52.785035+00:00,0,24167.37,timeout
2026-09-11T20:28:52.774671+00:00,0,24183.41,timeout
2026-09-11T20:28:54.704012+00:00,0,22262.40,timeout
2026-09-11T20:28:54.908539+00:00,0,22055.13,timeout
2026-09-11T20:28:54.955053+00:00,0,22011.86,timeout
2026-09-11T20:28:54.955053+00:00,0,22005.38,timeout
2026-09-11T20:28:54.939274+00:00,0,22024.48,timeout
2026-09-11T20:28:54.970862+00:00,0,22008.41,timeout
2026-09-11T20:28:54.939274+00:00,0,22027.63,timeout
2026-09-11T20:28:54.977741+00:00,0,22003.44,timeout
2026-09-11T20:28:54.970862+00:00,0,22013.71,timeout
2026-09-11T20:28:54.977741+00:00,0,22011.17,timeout
2026-09-11T20:28:54.970862+00:00,0,22015.19,timeout
2026-09-11T20:28:54.939274+00:00,0,22053.18,timeout
2026-09-11T20:28:54.977741+00:00,0,22016.84,timeout
2026-09-11T20:28:54.970862+00:00,0,22024.07,timeout
2026-09-11T20:28:54.955053+00:00,0,22034.87,timeout
2026-09-11T20:28:54.939274+00:00,0,22061.79,timeout
2026-09-11T20:28:54.861305+00:00,0,22134.03,timeout
2026-09-11T20:28:54.955053+00:00,0,22046.62,timeout
2026-09-11T20:28:54.955053+00:00,0,22046.42,timeout
2026-09-11T20:28:54.955053+00:00,0,22057.29,timeout
2026-09-11T20:28:54.955053+00:00,0,22048.09,timeout
2026-09-11T20:28:54.955053+00:00,0,22059.87,timeout
2026-09-11T20:28:54.939274+00:00,0,22075.67,timeout
2026-09-11T20:28:54.939274+00:00,0,22075.00,timeout
2026-09-11T20:28:54.939274+00:00,0,22075.80,timeout
2026-09-11T20:28:54.939274+00:00,0,22076.69,timeout
2026-09-11T20:28:54.908539+00:00,0,22107.53,timeout
2026-09-11T20:28:54.939274+00:00,0,22089.30,timeout
2026-09-11T20:28:54.939274+00:00,0,22088.76,timeout
2026-09-11T20:28:54.923622+00:00,0,22107.33,timeout
2026-09-11T20:28:54.923622+00:00,0,22103.33,timeout
2026-09-11T20:28:54.923622+00:00,0,22104.16,timeout
2026-09-11T20:28:54.923622+00:00,0,22109.79,timeout
2026-09-11T20:28:54.923622+00:00,0,22121.96,timeout
2026-09-11T20:28:54.923622+00:00,0,22117.82,timeout
2026-09-11T20:28:54.923622+00:00,0,22118.62,timeout
2026-09-11T20:28:54.923622+00:00,0,22125.96,timeout
2026-09-11T20:28:54.908539+00:00,0,22140.76,timeout
2026-09-11T20:28:54.908539+00:00,0,22140.40,timeout
2026-09-11T20:28:54.908539+00:00,0,22149.44,timeout
2026-09-11T20:28:54.923622+00:00,0,22137.47,timeout
2026-09-11T20:28:54.908539+00:00,0,22146.08,timeout
2026-09-11T20:28:54.908539+00:00,0,22151.46,timeout
2026-09-11T20:28:54.908539+00:00,0,22160.92,timeout
2026-09-11T20:28:54.908539+00:00,0,22164.93,timeout
2026-09-11T20:28:54.903803+00:00,0,22169.30,timeout
2026-09-11T20:28:54.903803+00:00,0,22173.53,timeout
2026-09-11T20:28:54.892852+00:00,0,22179.28,timeout
2026-09-11T20:28:54.892852+00:00,0,22183.18,timeout
2026-09-11T20:28:54.903803+00:00,0,22182.56,timeout
2026-09-11T20:28:54.892852+00:00,0,22192.54,timeout
2026-09-11T20:28:54.892852+00:00,0,22191.88,timeout
2026-09-11T20:28:54.892852+00:00,0,22195.71,timeout
2026-09-11T20:28:54.886666+00:00,0,22205.05,timeout
2026-09-11T20:28:54.892852+00:00,0,22203.60,timeout
2026-09-11T20:28:54.892852+00:00,0,22208.06,timeout
2026-09-11T20:28:54.886666+00:00,0,22215.13,timeout
2026-09-11T20:28:54.886666+00:00,0,22216.06,timeout
2026-09-11T20:28:54.886666+00:00,0,22221.49,timeout
2026-09-11T20:28:54.876657+00:00,0,22227.09,timeout
2026-09-11T20:28:54.876657+00:00,0,22230.94,timeout
2026-09-11T20:28:54.861305+00:00,0,22253.18,timeout
2026-09-11T20:28:54.861305+00:00,0,22242.85,timeout
2026-09-11T20:28:54.876657+00:00,0,22243.65,timeout
2026-09-11T20:28:54.876657+00:00,0,22238.66,timeout
2026-09-11T20:28:54.876657+00:00,0,22246.10,timeout
2026-09-11T20:28:54.861305+00:00,0,22255.28,timeout
2026-09-11T20:28:54.876657+00:00,0,22252.89,timeout
2026-09-11T20:28:54.845610+00:00,0,22276.79,timeout
2026-09-11T20:28:55.222941+00:00,0,21905.63,timeout
2026-09-11T20:28:55.238640+00:00,0,21895.84,timeout
2026-09-11T20:28:55.222941+00:00,0,21909.58,timeout
2026-09-11T20:28:55.238640+00:00,0,21905.14,timeout
2026-09-11T20:28:55.222941+00:00,0,21917.18,timeout
2026-09-11T20:28:55.200208+00:00,0,21949.66,timeout
2026-09-11T20:28:55.207092+00:00,0,21945.41,timeout
2026-09-11T20:28:55.128228+00:00,0,22025.08,timeout
2026-09-11T20:28:42.540438+00:00,0,34619.84,timeout
2026-09-11T20:28:42.192404+00:00,0,34970.22,timeout
2026-09-11T20:28:55.238640+00:00,0,21918.97,timeout
2026-09-11T20:28:55.238640+00:00,0,21918.85,timeout
2026-09-11T20:28:55.179240+00:00,0,21982.80,timeout
2026-09-11T20:28:55.222941+00:00,0,21939.21,timeout
2026-09-11T20:28:55.222941+00:00,0,21947.78,timeout
2026-09-11T20:28:55.238640+00:00,0,21939.54,timeout
2026-09-11T20:28:55.222941+00:00,0,21945.15,timeout
2026-09-11T20:28:55.238640+00:00,0,21946.08,timeout
2026-09-11T20:28:55.222941+00:00,0,21961.24,timeout
2026-09-11T20:28:55.222941+00:00,0,21962.37,timeout
2026-09-11T20:28:55.207092+00:00,0,21970.89,timeout
2026-09-11T20:28:55.200208+00:00,0,21990.06,timeout
2026-09-11T20:28:55.207092+00:00,0,21980.81,timeout
2026-09-11T20:28:55.207092+00:00,0,21984.99,timeout
2026-09-11T20:28:55.200208+00:00,0,21999.47,timeout
2026-09-11T20:28:55.222941+00:00,0,21982.13,timeout
2026-09-11T20:28:55.207092+00:00,0,21988.69,timeout
2026-09-11T20:28:55.207092+00:00,0,21993.38,timeout
2026-09-11T20:28:55.207092+00:00,0,22004.07,timeout
2026-09-11T20:28:55.207092+00:00,0,22003.29,timeout
2026-09-11T20:28:55.200208+00:00,0,22019.41,timeout
2026-09-11T20:28:55.191373+00:00,0,22030.61,timeout
2026-09-11T20:28:55.191373+00:00,0,22026.79,timeout
2026-09-11T20:28:55.179240+00:00,0,22042.97,timeout
2026-09-11T20:28:55.207092+00:00,0,22018.98,timeout
2026-09-11T20:28:55.191373+00:00,0,22040.58,timeout
2026-09-11T20:28:55.179240+00:00,0,22053.00,timeout
2026-09-11T20:28:55.207092+00:00,0,22035.89,timeout
2026-09-11T20:28:55.191373+00:00,0,22048.71,timeout
2026-09-11T20:28:55.191373+00:00,0,22058.11,timeout
2026-09-11T20:28:55.179240+00:00,0,22068.89,timeout
2026-09-11T20:28:55.191373+00:00,0,22061.05,timeout
2026-09-11T20:28:55.179240+00:00,0,22078.78,timeout
2026-09-11T20:28:55.144084+00:00,0,22104.24,timeout
2026-09-11T20:28:55.179240+00:00,0,22079.29,timeout
2026-09-11T20:28:55.159773+00:00,0,22094.82,timeout
2026-09-11T20:28:55.159773+00:00,0,22096.13,timeout
2026-09-11T20:28:55.175621+00:00,0,22096.82,timeout
2026-09-11T20:28:55.177659+00:00,0,22097.99,timeout
2026-09-11T20:28:55.179240+00:00,0,22097.08,timeout
2026-09-11T20:28:55.159773+00:00,0,22114.21,timeout
2026-09-11T20:28:55.159773+00:00,0,22115.50,timeout
2026-09-11T20:28:55.159773+00:00,0,22125.38,timeout
2026-09-11T20:28:55.159773+00:00,0,22126.22,timeout
2026-09-11T20:28:55.144084+00:00,0,22148.09,timeout
2026-09-11T20:28:55.159773+00:00,0,22136.92,timeout
2026-09-11T20:28:55.144084+00:00,0,22145.00,timeout
2026-09-11T20:28:55.128228+00:00,0,22161.45,timeout
2026-09-11T20:28:55.144084+00:00,0,22152.78,timeout
2026-09-11T20:28:55.128228+00:00,0,22163.74,timeout
2026-09-11T20:28:55.144084+00:00,0,22160.96,timeout
2026-09-11T20:28:55.128228+00:00,0,22177.42,timeout
2026-09-11T20:28:55.128228+00:00,0,22177.75,timeout
2026-09-11T20:28:55.125219+00:00,0,22191.18,timeout
2026-09-11T20:28:55.128228+00:00,0,22190.89,timeout
2026-09-11T20:28:55.125219+00:00,0,22198.49,timeout
2026-09-11T20:28:55.112998+00:00,0,22204.47,timeout
2026-09-11T20:28:55.112404+00:00,0,22216.66,timeout
2026-09-11T20:28:52.800945+00:00,0,24528.67,timeout
2026-09-11T20:28:52.774671+00:00,0,24552.43,timeout
2026-09-11T20:28:50.803421+00:00,0,26526.42,timeout
2026-09-11T20:28:52.961082+00:00,0,24375.79,timeout
2026-09-11T20:28:52.943713+00:00,0,24397.26,timeout
2026-09-11T20:28:55.049697+00:00,0,22288.37,timeout
2026-09-11T20:28:55.049697+00:00,0,22293.62,timeout
2026-09-11T20:28:49.823998+00:00,0,27517.52,timeout
2026-09-11T20:28:49.776485+00:00,0,27565.37,timeout
2026-09-11T20:28:49.747996+00:00,0,27598.93,timeout
2026-09-11T20:28:49.713058+00:00,0,27635.89,timeout
2026-09-11T20:28:49.728733+00:00,0,27628.46,timeout
2026-09-11T20:28:49.713058+00:00,0,27648.61,timeout
2026-09-11T20:28:55.033920+00:00,0,22324.55,timeout
2026-09-11T20:28:55.033920+00:00,0,22329.39,timeout
2026-09-11T20:28:48.513799+00:00,0,28847.94,timeout
2026-09-11T20:28:48.184993+00:00,0,29185.71,timeout
2026-09-11T20:28:55.018289+00:00,0,22347.03,timeout
2026-09-11T20:28:43.484656+00:00,0,33887.21,timeout
2026-09-11T20:28:43.298665+00:00,0,34083.51,timeout
2026-09-11T20:28:42.505009+00:00,0,34879.28,timeout
2026-09-11T20:28:49.075935+00:00,0,28310.01,timeout
2026-09-11T20:28:56.091283+00:00,0,21296.91,timeout
2026-09-11T20:28:52.800945+00:00,0,24582.44,timeout
2026-09-11T20:28:52.785035+00:00,0,24607.79,timeout
2026-09-11T20:28:50.819449+00:00,0,26568.81,timeout
2026-09-11T20:28:50.739839+00:00,0,26653.10,timeout
2026-09-11T20:28:50.234889+00:00,0,27163.81,timeout
2026-09-11T20:28:49.871411+00:00,0,27534.38,timeout
2026-09-11T20:28:52.912597+00:00,0,24492.34,timeout
2026-09-11T20:28:49.776485+00:00,0,27631.10,timeout
2026-09-11T20:28:55.982916+00:00,0,21426.11,timeout
2026-09-11T20:28:55.982916+00:00,0,21432.43,timeout
2026-09-11T20:28:55.964621+00:00,0,21446.67,timeout
2026-09-11T20:28:48.575659+00:00,0,28846.78,timeout
2026-09-11T20:28:55.400776+00:00,0,22015.91,timeout
2026-09-11T20:28:49.839823+00:00,0,27582.10,timeout
2026-09-11T20:28:50.695472+00:00,0,26736.14,timeout
2026-09-11T20:28:55.492571+00:00,0,21936.50,timeout
2026-09-11T20:28:41.899029+00:00,0,35530.27,timeout
2026-09-11T20:28:49.855592+00:00,0,27579.37,timeout
2026-09-11T20:28:52.785035+00:00,0,24643.92,timeout
2026-09-11T20:28:52.785035+00:00,0,24653.20,timeout
2026-09-11T20:28:50.803421+00:00,0,26639.99,timeout
2026-09-11T20:28:52.976156+00:00,0,24471.67,timeout
2026-09-11T20:28:49.877288+00:00,0,27566.80,timeout
2026-09-11T20:28:52.912597+00:00,0,24535.25,timeout
2026-09-11T20:28:48.602339+00:00,0,28854.99,timeout
2026-09-11T20:28:43.608277+00:00,0,33846.36,timeout
2026-09-11T20:28:43.149108+00:00,0,34309.50,timeout
2026-09-11T20:28:43.433341+00:00,0,34026.47,timeout
2026-09-11T20:28:42.595534+00:00,0,34869.82,timeout
2026-09-11T20:28:42.246111+00:00,0,35215.65,timeout
2026-09-11T20:28:52.853158+00:00,0,24610.41,timeout
2026-09-11T20:28:52.785035+00:00,0,24687.85,timeout
2026-09-11T20:28:52.976156+00:00,0,24489.53,timeout
2026-09-11T20:28:50.723954+00:00,0,26743.90,timeout
2026-09-11T20:28:50.454538+00:00,0,27028.50,timeout
2026-09-11T20:28:55.512933+00:00,0,21973.42,timeout
2026-09-11T20:28:52.912597+00:00,0,24573.62,timeout
2026-09-11T20:28:49.760783+00:00,0,27718.60,timeout
2026-09-11T20:28:55.504618+00:00,0,21989.86,timeout
2026-09-11T20:28:55.492571+00:00,0,21995.63,timeout
2026-09-11T20:28:48.546397+00:00,0,28943.12,timeout
2026-09-11T20:28:55.492571+00:00,0,22006.76,timeout
2026-09-11T20:28:48.264833+00:00,0,29239.78,timeout
2026-09-11T20:28:43.543514+00:00,0,33953.09,timeout
2026-09-11T20:28:43.039949+00:00,0,34469.05,timeout
2026-09-11T20:28:42.560580+00:00,0,34952.93,timeout
2026-09-11T20:28:42.212363+00:00,0,35303.86,timeout
2026-09-11T20:28:52.800945+00:00,0,24713.31,timeout
2026-09-11T20:28:52.785035+00:00,0,24736.63,timeout
2026-09-11T20:28:50.819449+00:00,0,26703.19,timeout
2026-09-11T20:28:55.365458+00:00,0,22158.12,timeout
2026-09-11T20:28:50.774347+00:00,0,26744.97,timeout
2026-09-11T20:28:52.960079+00:00,0,24573.29,timeout
2026-09-11T20:28:50.628489+00:00,0,26903.48,timeout
2026-09-11T20:28:55.304224+00:00,0,22233.96,timeout
2026-09-11T20:28:55.287039+00:00,0,22243.46,timeout
2026-09-11T20:28:55.287039+00:00,0,22243.58,timeout
2026-09-11T20:28:49.760783+00:00,0,27780.53,timeout
2026-09-11T20:28:49.697699+00:00,0,27839.63,timeout
2026-09-11T20:28:49.808234+00:00,0,27738.34,timeout
2026-09-11T20:28:55.270604+00:00,0,22284.27,timeout
2026-09-11T20:28:42.051988+00:00,0,35504.98,timeout
2026-09-11T20:28:55.303214+00:00,0,22258.50,timeout
2026-09-11T20:28:49.713058+00:00,0,27842.66,timeout
2026-09-11T20:28:48.540691+00:00,0,29024.91,timeout
2026-09-11T20:28:43.523883+00:00,0,34045.52,timeout
2026-09-11T20:28:48.216860+00:00,0,29345.94,timeout
2026-09-11T20:28:55.254578+00:00,0,22319.11,timeout
2026-09-11T20:28:41.870617+00:00,0,35705.62,timeout
2026-09-11T20:28:47.154262+00:00,0,30427.12,timeout
2026-09-11T20:28:52.800945+00:00,0,24775.02,timeout
2026-09-11T20:28:55.254578+00:00,0,22320.88,timeout
2026-09-11T20:28:56.650553+00:00,0,20939.34,timeout
2026-09-11T20:28:42.448057+00:00,0,35141.79,timeout
2026-09-11T20:28:48.308623+00:00,0,29286.73,timeout
2026-09-11T20:28:43.118971+00:00,0,34476.99,timeout
2026-09-11T20:28:42.576624+00:00,0,35022.29,timeout
2026-09-11T20:28:58.461867+00:00,0,19141.96,timeout
2026-09-11T20:28:58.446518+00:00,0,19156.61,timeout
2026-09-11T20:28:58.444915+00:00,0,19164.08,timeout
2026-09-11T20:28:43.580414+00:00,0,34027.37,timeout
2026-09-11T20:28:42.229645+00:00,0,35381.03,timeout
2026-09-11T20:28:51.707370+00:00,201,25940.05,
2026-09-11T20:28:51.707370+00:00,201,25947.40,
2026-09-11T20:28:51.756140+00:00,201,25905.50,
2026-09-11T20:28:51.756140+00:00,201,25910.64,
2026-09-11T20:28:51.738507+00:00,201,25929.19,
2026-09-11T20:28:51.774049+00:00,201,25887.16,
2026-09-11T20:28:51.738507+00:00,201,25921.40,
2026-09-11T20:28:51.756140+00:00,201,25908.07,
2026-09-11T20:28:51.785678+00:00,201,25890.54,
2026-09-11T20:28:51.756140+00:00,201,25920.28,
2026-09-11T20:28:51.707370+00:00,201,25973.74,
2026-09-11T20:28:51.774049+00:00,201,25912.53,
2026-09-11T20:28:51.785678+00:00,201,25901.28,
2026-09-11T20:28:51.785678+00:00,201,25907.99,
2026-09-11T20:28:51.801453+00:00,201,25886.13,
2026-09-11T20:28:51.801453+00:00,201,25900.94,
2026-09-11T20:28:51.785678+00:00,201,25906.04,
2026-09-11T20:28:51.819056+00:00,201,25878.49,
2026-09-11T20:28:51.865304+00:00,201,25842.40,
2026-09-11T20:28:51.833356+00:00,201,25867.82,
2026-09-11T20:28:51.819056+00:00,201,25896.28,
2026-09-11T20:28:51.801453+00:00,201,25905.24,
2026-09-11T20:28:51.898480+00:00,201,25821.29,
2026-09-11T20:28:51.819056+00:00,201,25908.63,
2026-09-11T20:28:51.881985+00:00,201,25852.14,
2026-09-11T20:28:51.881985+00:00,201,25845.48,
2026-09-11T20:28:51.898480+00:00,201,25834.99,
2026-09-11T20:28:51.956428+00:00,201,25793.14,
2026-09-11T20:28:51.913923+00:00,201,25846.07,
2026-09-11T20:28:50.697486+00:00,201,27061.67,
2026-09-11T20:28:52.008922+00:00,201,25759.13,
2026-09-11T20:28:52.024920+00:00,201,25744.43,
2026-09-11T20:28:51.961671+00:00,201,25814.34,
2026-09-11T20:28:51.977571+00:00,0,25801.13,timeout
2026-09-11T20:28:52.264268+00:00,0,25521.19,timeout
2026-09-11T20:28:52.264268+00:00,0,25528.62,timeout
2026-09-11T20:28:52.248462+00:00,0,25537.78,timeout
2026-09-11T20:28:52.248462+00:00,0,25555.55,timeout
2026-09-11T20:28:52.232581+00:00,0,25564.76,timeout
2026-09-11T20:28:52.232581+00:00,0,25573.36,timeout
2026-09-11T20:28:52.216880+00:00,0,25583.33,timeout
2026-09-11T20:28:52.216880+00:00,0,25597.28,timeout
2026-09-11T20:28:52.200767+00:00,0,25608.05,timeout
2026-09-11T20:28:50.974230+00:00,0,26850.60,timeout
2026-09-11T20:28:52.198469+00:00,0,25632.12,timeout
2026-09-11T20:28:57.151763+00:00,0,21029.10,timeout
2026-09-11T20:28:43.180631+00:00,0,35003.11,timeout
2026-09-11T20:28:42.615768+00:00,0,35597.76,timeout
2026-09-11T20:28:42.274071+00:00,0,35955.09,timeout
2026-09-11T20:28:56.419677+00:00,0,21819.05,timeout
2026-09-11T20:28:43.639343+00:00,0,34604.32,timeout
2026-09-11T20:28:50.644476+00:00,0,27595.50,timeout
2026-09-11T20:28:49.894431+00:00,0,28350.56,timeout
2026-09-11T20:28:50.266377+00:00,0,27981.41,timeout
2026-09-11T20:28:48.626413+00:00,0,29629.13,timeout
2026-09-11T20:28:47.678216+00:00,0,30574.47,timeout
2026-09-11T20:28:42.634113+00:00,0,35625.44,timeout
2026-09-11T20:28:42.293714+00:00,0,35966.88,timeout
2026-09-11T20:28:47.890970+00:00,0,30373.01,timeout
2026-09-11T20:28:41.940901+00:00,0,36328.43,timeout
2026-09-11T20:28:49.918919+00:00,0,28341.55,timeout
2026-09-11T20:28:42.068877+00:00,0,36203.82,timeout
2026-09-11T20:28:42.316172+00:00,0,35958.06,timeout
2026-09-11T20:28:48.680816+00:00,0,29598.48,timeout
2026-09-11T20:28:43.696418+00:00,0,34579.21,timeout
2026-09-11T20:28:48.105970+00:00,0,30173.30,timeout
2026-09-11T20:28:57.469698+00:00,0,20816.64,timeout
2026-09-11T20:28:49.903625+00:00,0,28374.55,timeout
2026-09-11T20:28:49.744861+00:00,0,28546.09,timeout
2026-09-11T20:28:41.877845+00:00,0,36416.19,timeout
2026-09-11T20:28:57.078973+00:00,0,21217.66,timeout
2026-09-11T20:28:42.652417+00:00,0,35644.53,timeout
2026-09-11T20:28:48.651018+00:00,0,29653.37,timeout
2026-09-11T20:28:43.671683+00:00,0,34636.00,timeout
2026-09-11T20:28:48.708604+00:00,0,29603.57,timeout
2026-09-11T20:28:43.734370+00:00,0,34582.86,timeout
2026-09-11T20:28:42.324925+00:00,0,35985.42,timeout
2026-09-11T20:28:57.187769+00:00,0,21133.22,timeout
2026-09-11T20:28:41.943633+00:00,0,36381.94,timeout
2026-09-11T20:28:52.896697+00:00,0,25439.83,timeout
2026-09-11T20:28:49.934907+00:00,0,28398.40,timeout
2026-09-11T20:28:42.038371+00:00,0,36308.39,timeout
2026-09-11T20:28:42.672534+00:00,0,35678.13,timeout
2026-09-11T20:28:43.830385+00:00,0,34530.32,timeout
2026-09-11T20:28:57.953711+00:00,0,20412.80,timeout
2026-09-11T20:28:49.982733+00:00,0,28383.56,timeout
2026-09-11T20:28:48.764564+00:00,0,29606.25,timeout
2026-09-11T20:28:48.491998+00:00,0,29888.95,timeout
2026-09-11T20:28:48.726133+00:00,0,29653.14,timeout
2026-09-11T20:28:42.692725+00:00,0,35694.35,timeout
2026-09-11T20:28:43.766001+00:00,0,34630.49,timeout
2026-09-11T20:28:49.951017+00:00,0,28443.29,timeout
2026-09-11T20:28:42.355861+00:00,0,36046.59,timeout
2026-09-11T20:28:42.754435+00:00,0,35645.74,timeout
2026-09-11T20:28:43.897854+00:00,0,34516.61,timeout
2026-09-11T20:28:42.783165+00:00,0,35632.73,timeout
2026-09-11T20:28:42.156959+00:00,0,36266.26,timeout
2026-09-11T20:28:44.181685+00:00,0,34247.31,timeout
2026-09-11T20:28:48.796540+00:00,0,29625.75,timeout
2026-09-11T20:28:49.966713+00:00,0,28466.09,timeout
2026-09-11T20:28:49.998652+00:00,0,28437.20,timeout
2026-09-11T20:28:42.717216+00:00,0,35728.55,timeout
2026-09-11T20:28:43.797851+00:00,0,34650.63,timeout
2026-09-11T20:28:48.748893+00:00,0,29700.38,timeout
2026-09-11T20:28:43.861864+00:00,0,34592.29,timeout
2026-09-11T20:28:48.780450+00:00,0,29671.39,timeout
2026-09-11T20:28:50.014628+00:00,0,28446.90,timeout
2026-09-11T20:28:43.925687+00:00,0,34542.48,timeout
2026-09-11T20:28:48.827874+00:00,0,29647.96,timeout
2026-09-11T20:28:42.800091+00:00,0,35672.12,timeout
2026-09-11T20:28:42.739654+00:00,0,35747.55,timeout
2026-09-11T20:28:50.030285+00:00,0,28451.48,timeout
2026-09-11T20:28:58.508734+00:00,0,19981.49,timeout
2026-09-11T20:28:58.671175+00:00,0,19826.06,timeout
2026-09-11T20:28:48.969787+00:00,0,29528.13,timeout
2026-09-11T20:28:44.611540+00:00,0,33886.92,timeout
2026-09-11T20:28:48.937744+00:00,0,29569.47,timeout
2026-09-11T20:28:50.078116+00:00,0,28428.32,timeout
2026-09-11T20:28:58.519766+00:00,0,19985.67,timeout
2026-09-11T20:28:59.165191+00:00,0,19342.21,timeout
2026-09-11T20:28:49.032722+00:00,0,29477.58,timeout
2026-09-11T20:28:44.524687+00:00,0,33999.20,timeout
2026-09-11T20:28:42.815820+00:00,0,35702.38,timeout
2026-09-11T20:28:48.906532+00:00,0,29623.12,timeout
2026-09-11T20:28:45.023467+00:00,0,33505.87,timeout
2026-09-11T20:28:43.957871+00:00,0,34570.20,timeout
2026-09-11T20:28:50.197378+00:00,0,28343.39,timeout
2026-09-11T20:28:44.820726+00:00,0,33719.11,timeout
2026-09-11T20:28:48.843634+00:00,0,29698.60,timeout
2026-09-11T20:28:44.737990+00:00,0,33808.80,timeout
2026-09-11T20:28:45.059728+00:00,0,33491.49,timeout
2026-09-11T20:28:58.454480+00:00,0,20101.96,timeout
2026-09-11T20:28:44.642858+00:00,0,33902.55,timeout
2026-09-11T20:28:44.470100+00:00,0,34082.57,timeout
2026-09-11T20:28:49.001332+00:00,0,29561.94,timeout
2026-09-11T20:28:44.310799+00:00,0,34260.17,timeout
2026-09-11T20:28:58.503113+00:00,0,20069.27,timeout
2026-09-11T20:28:50.094708+00:00,0,28471.58,timeout
2026-09-11T20:28:44.072997+00:00,0,34508.61,timeout
2026-09-11T20:28:42.083497+00:00,0,36500.64,timeout
2026-09-11T20:28:58.498060+00:00,0,20091.52,timeout
2026-09-11T20:28:42.918646+00:00,0,35670.70,timeout
2026-09-11T20:28:48.859298+00:00,0,29726.95,timeout
2026-09-11T20:28:41.988073+00:00,0,36606.63,timeout
2026-09-11T20:28:50.124563+00:00,0,28472.19,timeout
2026-09-11T20:28:59.004646+00:00,0,19598.11,timeout
2026-09-11T20:28:59.242844+00:00,0,19360.42,timeout
2026-09-11T20:28:58.519766+00:00,0,20086.97,timeout
2026-09-11T20:28:59.070007+00:00,0,19532.41,timeout
2026-09-11T20:28:48.875523+00:00,0,29725.84,timeout
2026-09-11T20:28:43.989772+00:00,0,34613.92,timeout
2026-09-11T20:28:44.252131+00:00,0,34360.90,timeout
2026-09-11T20:28:41.908930+00:00,0,36708.23,timeout
2026-09-11T20:28:44.930560+00:00,0,33693.52,timeout
2026-09-11T20:28:59.338679+00:00,0,19278.50,timeout
2026-09-11T20:28:58.481014+00:00,0,20147.38,timeout
2026-09-11T20:28:44.370014+00:00,0,34259.61,timeout
2026-09-11T20:28:58.532140+00:00,0,20101.78,timeout
2026-09-11T20:28:45.182096+00:00,0,33449.39,timeout
2026-09-11T20:28:59.129278+00:00,0,19509.85,timeout
2026-09-11T20:28:44.428164+00:00,0,34206.75,timeout
2026-09-11T20:28:44.101455+00:00,0,34534.19,timeout
2026-09-11T20:28:44.037848+00:00,0,34608.49,timeout
2026-09-11T20:28:44.134370+00:00,0,34503.44,timeout
2026-09-11T20:28:45.226760+00:00,0,33418.92,timeout
2026-09-11T20:28:58.491190+00:00,0,20164.57,timeout
2026-09-11T20:28:45.275280+00:00,0,33375.50,timeout
2026-09-11T20:28:50.140211+00:00,0,28514.41,timeout
2026-09-11T20:28:41.956598+00:00,0,36706.40,timeout
2026-09-11T20:28:58.927539+00:00,0,19731.01,timeout
2026-09-11T20:28:44.216806+00:00,0,34449.13,timeout
2026-09-11T20:28:44.571717+00:00,0,34095.73,timeout
2026-09-11T20:28:58.776477+00:00,0,19897.57,timeout
2026-09-11T20:28:50.046069+00:00,0,28617.68,timeout
2026-09-11T20:28:45.375213+00:00,0,33302.16,timeout
2026-09-11T20:28:59.448080+00:00,0,19233.90,timeout
2026-09-11T20:28:44.973472+00:00,0,33706.84,timeout
2026-09-11T20:28:44.694145+00:00,0,33987.70,timeout
2026-09-11T20:28:44.775530+00:00,0,33906.91,timeout
2026-09-11T20:28:45.328806+00:00,0,33363.61,timeout
2026-09-11T20:28:58.474069+00:00,0,20220.56,timeout
2026-09-11T20:28:44.870887+00:00,0,33821.45,timeout
2026-09-11T20:28:45.421830+00:00,0,33275.62,timeout
2026-09-11T20:28:58.468885+00:00,0,20234.70,timeout
2026-09-11T20:28:58.857857+00:00,0,19847.73,timeout
2026-09-11T20:28:59.527438+00:00,0,19181.34,timeout
2026-09-11T20:28:41.894127+00:00,0,36817.16,timeout
2026-09-11T20:28:45.481376+00:00,0,33231.05,timeout
2026-09-11T20:28:45.545792+00:00,0,33159.57,timeout
2026-09-11T20:28:45.615352+00:00,0,33102.97,timeout
2026-09-11T20:28:59.559572+00:00,0,19154.29,timeout
2026-09-11T20:28:45.731569+00:00,0,32992.26,timeout
2026-09-11T20:28:45.668492+00:00,0,33058.20,timeout
2026-09-11T20:28:45.929839+00:00,0,32798.78,timeout
2026-09-11T20:28:45.792183+00:00,0,32939.48,timeout
2026-09-11T20:28:46.032113+00:00,0,32696.53,timeout
2026-09-11T20:28:45.984340+00:00,0,32751.95,timeout
2026-09-11T20:28:59.598789+00:00,0,19139.49,timeout
2026-09-11T20:28:46.228316+00:00,0,32511.02,timeout
2026-09-11T20:28:46.165686+00:00,0,32578.44,timeout
2026-09-11T20:28:59.628653+00:00,0,19114.15,timeout
2026-09-11T20:28:46.088075+00:00,0,32660.43,timeout
2026-09-11T20:28:51.707370+00:00,201,27078.50,
2026-09-11T20:28:51.738507+00:00,201,27048.07,
2026-09-11T20:28:51.774049+00:00,201,27021.78,
2026-09-11T20:28:51.849260+00:00,201,26954.91,
2026-09-11T20:28:51.913923+00:00,201,26887.76,
2026-09-11T20:28:51.930054+00:00,201,26887.17,
2026-09-11T20:28:51.930054+00:00,201,26879.02,
2026-09-11T20:28:51.945922+00:00,201,26871.03,
2026-09-11T20:28:51.961671+00:00,201,26857.23,
2026-09-11T20:28:52.008922+00:00,201,26812.63,
2026-09-11T20:28:51.993235+00:00,201,26842.56,
2026-09-11T20:28:51.961671+00:00,201,26869.08,
2026-09-11T20:28:51.993235+00:00,201,26838.94,
2026-09-11T20:28:51.993235+00:00,201,26846.79,
2026-09-11T20:28:52.274428+00:00,0,26572.59,timeout
2026-09-11T20:28:52.264268+00:00,0,26587.79,timeout
2026-09-11T20:28:52.248462+00:00,0,26600.88,timeout
2026-09-11T20:28:52.248462+00:00,0,26612.30,timeout
2026-09-11T20:28:52.232581+00:00,0,26621.10,timeout
2026-09-11T20:28:52.216880+00:00,0,26644.34,timeout
2026-09-11T20:28:59.662556+00:00,0,19423.63,timeout
2026-09-11T20:28:46.340143+00:00,0,32756.61,timeout
2026-09-11T20:28:46.287812+00:00,0,32815.77,timeout
2026-09-11T20:28:46.509026+00:00,0,32588.35,timeout
2026-09-11T20:28:46.457168+00:00,0,32652.11,timeout
2026-09-11T20:28:46.396467+00:00,0,32710.88,timeout
2026-09-11T20:28:59.734405+00:00,0,19375.38,timeout
2026-09-11T20:28:46.787830+00:00,0,32330.62,timeout
2026-09-11T20:28:59.689644+00:00,0,19429.92,timeout
2026-09-11T20:28:59.713702+00:00,0,19408.76,timeout
2026-09-11T20:28:46.576143+00:00,0,32548.79,timeout
2026-09-11T20:28:46.712698+00:00,0,32411.59,timeout
2026-09-11T20:28:59.728381+00:00,0,19402.62,timeout
2026-09-11T20:28:46.849611+00:00,0,32284.40,timeout
2026-09-11T20:28:46.631844+00:00,0,32501.23,timeout
2026-09-11T20:28:59.745562+00:00,0,19390.68,timeout
2026-09-11T20:28:59.781067+00:00,0,19360.65,timeout
2026-09-11T20:28:59.813104+00:00,0,19331.51,timeout
2026-09-11T20:28:59.844653+00:00,0,19302.84,timeout
2026-09-11T20:28:59.876488+00:00,0,19273.90,timeout
2026-09-11T20:28:59.908300+00:00,0,19244.65,timeout
2026-09-11T20:28:59.939676+00:00,0,19215.61,timeout
2026-09-11T20:28:59.981477+00:00,0,19176.41,timeout
2026-09-11T20:28:59.971609+00:00,0,19188.86,timeout
2026-09-11T20:29:00.019118+00:00,0,19143.98,timeout
2026-09-11T20:29:00.051108+00:00,0,19114.24,timeout
2026-09-11T20:29:00.083120+00:00,0,19086.83,timeout
2026-09-11T20:29:00.114802+00:00,0,19057.94,timeout
2026-09-11T20:29:00.146584+00:00,0,19028.51,timeout
2026-09-11T20:29:00.178562+00:00,0,18999.13,timeout
2026-09-11T20:29:00.185058+00:00,0,18995.29,timeout
2026-09-11T20:29:00.230133+00:00,0,18951.61,timeout
2026-09-11T20:29:00.226509+00:00,0,18959.19,timeout
2026-09-11T20:29:00.257959+00:00,0,18930.19,timeout
2026-09-11T20:29:00.295749+00:00,0,18894.38,timeout
2026-09-11T20:29:00.289632+00:00,0,18903.82,timeout
2026-09-11T20:29:00.326334+00:00,0,18869.48,timeout
2026-09-11T20:29:00.321547+00:00,0,18876.68,timeout
2026-09-11T20:29:00.356222+00:00,0,18843.10,timeout
2026-09-11T20:29:00.353110+00:00,0,18850.95,timeout
2026-09-11T20:29:00.384836+00:00,0,18821.76,timeout
2026-09-11T20:29:00.422102+00:00,0,18786.89,timeout
2026-09-11T20:29:00.415915+00:00,0,18795.81,timeout
2026-09-11T20:29:00.462564+00:00,0,18751.92,timeout
2026-09-11T20:29:00.468239+00:00,0,18748.55,timeout
2026-09-11T20:29:00.510385+00:00,0,18709.68,timeout
2026-09-11T20:29:00.514492+00:00,0,18707.11,timeout
2026-09-11T20:29:00.542394+00:00,0,18682.97,timeout
2026-09-11T20:29:00.574533+00:00,0,18653.35,timeout
2026-09-11T20:29:00.605746+00:00,0,18624.51,timeout
2026-09-11T20:29:00.637582+00:00,0,18595.40,timeout
2026-09-11T20:29:00.669297+00:00,0,18566.00,timeout
2026-09-11T20:29:00.701022+00:00,0,18537.02,timeout
2026-09-11T20:29:00.732875+00:00,0,18507.78,timeout
2026-09-11T20:29:00.764363+00:00,0,18478.77,timeout
2026-09-11T20:29:00.796071+00:00,0,18449.98,timeout
2026-09-11T20:29:00.828708+00:00,0,18420.05,timeout
2026-09-11T20:29:00.860406+00:00,0,18390.91,timeout
2026-09-11T20:29:00.892049+00:00,0,18361.72,timeout
2026-09-11T20:29:00.924011+00:00,0,18332.23,timeout
2026-09-11T20:29:00.955569+00:00,0,18303.23,timeout
2026-09-11T20:29:00.987423+00:00,0,18274.18,timeout
2026-09-11T20:29:01.019667+00:00,0,18244.61,timeout
2026-09-11T20:29:01.026537+00:00,0,18239.89,timeout
2026-09-11T20:29:01.067200+00:00,0,18202.06,timeout
2026-09-11T20:29:01.098895+00:00,0,18172.77,timeout
2026-09-11T20:28:51.874047+00:00,201,27455.81,
2026-09-11T20:28:51.849260+00:00,201,27474.08,
2026-09-11T20:28:51.881985+00:00,201,27451.96,
2026-09-11T20:28:51.833356+00:00,201,27492.36,
2026-09-11T20:28:51.913923+00:00,201,27413.59,
2026-09-11T20:28:50.628489+00:00,201,28706.54,
2026-09-11T20:28:51.945922+00:00,201,27401.20,
2026-09-11T20:28:51.977571+00:00,201,27371.97,
2026-09-11T20:28:51.961671+00:00,201,27387.21,
2026-09-11T20:28:51.977571+00:00,201,27368.41,
2026-09-11T20:28:51.993235+00:00,201,27353.93,
2026-09-11T20:28:50.708689+00:00,201,28653.86,
2026-09-11T20:28:51.977571+00:00,201,27374.60,
2026-09-11T20:28:52.264268+00:00,0,27094.98,timeout
2026-09-11T20:28:51.041611+00:00,0,28319.21,timeout
2026-09-11T20:28:52.216880+00:00,0,27162.73,timeout
2026-09-11T20:29:01.195116+00:00,0,18247.79,timeout
2026-09-11T20:29:01.227039+00:00,0,18219.35,timeout
2026-09-11T20:29:01.229840+00:00,0,18218.01,timeout
2026-09-11T20:29:01.259059+00:00,0,18193.64,timeout
2026-09-11T20:29:01.291207+00:00,0,18164.87,timeout
2026-09-11T20:29:01.295962+00:00,0,18163.11,timeout
2026-09-11T20:29:01.323048+00:00,0,18138.98,timeout
2026-09-11T20:29:01.323674+00:00,0,18137.12,timeout
2026-09-11T20:29:01.359140+00:00,0,18108.67,timeout
2026-09-11T20:29:01.354616+00:00,0,18116.14,timeout
2026-09-11T20:29:01.386880+00:00,0,18086.65,timeout
2026-09-11T20:29:01.418711+00:00,0,18057.50,timeout
2026-09-11T20:29:01.450547+00:00,0,18028.35,timeout
2026-09-11T20:29:01.481928+00:00,0,17999.75,timeout
2026-09-11T20:29:01.513965+00:00,0,17970.59,timeout
2026-09-11T20:29:01.546303+00:00,0,17941.06,timeout
2026-09-11T20:29:01.578010+00:00,0,17911.86,timeout
2026-09-11T20:29:01.608986+00:00,0,17883.56,timeout
2026-09-11T20:29:01.641035+00:00,0,17853.94,timeout
2026-09-11T20:29:01.672978+00:00,0,17825.12,timeout
2026-09-11T20:29:01.704961+00:00,0,17796.37,timeout
2026-09-11T20:29:01.736431+00:00,0,17767.51,timeout
2026-09-11T20:29:01.768011+00:00,0,17738.44,timeout
2026-09-11T20:29:01.798970+00:00,0,17710.15,timeout
2026-09-11T20:29:01.830597+00:00,0,17691.03,timeout
2026-09-11T20:29:01.861993+00:00,0,17662.83,timeout
2026-09-11T20:29:01.893989+00:00,0,17633.42,timeout
2026-09-11T20:29:01.925646+00:00,0,17604.77,timeout
2026-09-11T20:29:01.957465+00:00,0,17575.66,timeout
2026-09-11T20:29:01.989547+00:00,0,17545.92,timeout
2026-09-11T20:29:02.021388+00:00,0,17516.53,timeout
2026-09-11T20:29:02.053165+00:00,0,17487.11,timeout
2026-09-11T20:29:02.084958+00:00,0,17457.72,timeout
2026-09-11T20:29:02.089469+00:00,0,17455.80,timeout
2026-09-11T20:29:02.116505+00:00,0,17431.14,timeout
2026-09-11T20:29:02.147983+00:00,0,17402.01,timeout
2026-09-11T20:29:02.179484+00:00,0,17372.79,timeout
2026-09-11T20:29:02.183026+00:00,0,17367.90,timeout
2026-09-11T20:29:02.233978+00:00,0,17322.24,timeout
2026-09-11T20:29:02.226918+00:00,0,17332.55,timeout
2026-09-11T20:29:02.258530+00:00,0,17303.34,timeout
2026-09-11T20:29:02.290611+00:00,0,17273.75,timeout
2026-09-11T20:29:02.299326+00:00,0,17267.16,timeout
2026-09-11T20:28:51.849260+00:00,201,27789.94,
2026-09-11T20:28:50.585437+00:00,201,29052.22,
2026-09-11T20:28:51.865304+00:00,201,27778.00,
2026-09-11T20:28:51.945922+00:00,201,27701.10,
2026-09-11T20:28:50.660532+00:00,201,28986.47,
2026-09-11T20:28:50.676222+00:00,201,28982.24,
2026-09-11T20:29:01.131245+00:00,201,18864.92,
2026-09-11T20:29:01.167707+00:00,201,18834.77,
2026-09-11T20:29:01.163059+00:00,201,18845.45,
2026-09-11T20:29:01.200200+00:00,201,18813.70,
2026-09-11T20:28:51.849260+00:00,201,28408.78,
2026-09-11T20:28:51.956428+00:00,201,28319.62,
2026-09-11T20:28:50.678951+00:00,201,29601.90,
2026-09-11T20:29:03.116473+00:00,201,17241.43,
2026-09-11T20:29:03.148271+00:00,201,17215.04,
2026-09-11T20:29:03.152357+00:00,201,17215.68,
2026-09-11T20:29:03.183973+00:00,201,17187.20,
2026-09-11T20:29:03.179932+00:00,201,17199.28,
2026-09-11T20:29:03.211896+00:00,201,17171.76,
2026-09-11T20:29:03.215755+00:00,201,17170.80,
2026-09-11T20:29:03.243905+00:00,201,17147.76,
2026-09-11T20:29:03.307559+00:00,201,17087.93,
2026-09-11T20:29:03.275889+00:00,201,17123.65,
2026-09-11T20:29:03.312907+00:00,201,17089.08,
2026-09-11T20:29:03.354911+00:00,201,17053.74,
2026-09-11T20:29:03.418584+00:00,201,16995.83,
2026-09-11T20:29:03.386649+00:00,201,17032.22,
2026-09-11T20:29:03.450440+00:00,201,16973.33,
2026-09-11T20:29:03.482135+00:00,201,16946.51,
2026-09-11T20:29:03.513946+00:00,201,16918.61,
2026-09-11T20:29:03.577427+00:00,201,16859.44,
2026-09-11T20:29:03.545621+00:00,201,16895.83,
2026-09-11T20:29:03.609463+00:00,201,16836.62,
2026-09-11T20:29:03.640942+00:00,201,16809.63,
2026-09-11T20:29:03.672955+00:00,201,16782.07,
2026-09-11T20:29:03.736929+00:00,201,16722.12,
2026-09-11T20:29:03.705014+00:00,201,16758.29,
2026-09-11T20:29:03.768975+00:00,201,16698.81,
2026-09-11T20:29:03.800198+00:00,201,16671.17,
2026-09-11T20:29:03.872226+00:00,201,16602.05,
2026-09-11T20:29:03.832275+00:00,201,16645.74,
2026-09-11T20:29:03.901899+00:00,201,16578.31,
2026-09-11T20:29:03.864316+00:00,201,16619.56,
2026-09-11T20:29:03.896409+00:00,201,16590.41,
2026-09-11T20:29:03.928304+00:00,201,16561.57,
2026-09-11T20:29:03.966654+00:00,201,16526.35,
2026-09-11T20:29:03.960261+00:00,201,16535.48,
2026-09-11T20:29:03.991881+00:00,201,16506.58,
2026-09-11T20:29:03.996419+00:00,201,16504.47,
2026-09-11T20:29:04.023358+00:00,201,16480.55,
2026-09-11T20:29:04.054876+00:00,201,16453.04,
2026-09-11T20:29:04.086267+00:00,201,16425.28,
2026-09-11T20:29:04.118140+00:00,201,16396.49,
2026-09-11T20:29:04.155932+00:00,201,16361.11,
2026-09-11T20:29:04.181940+00:00,201,16339.99,
2026-09-11T20:29:04.149896+00:00,201,16375.60,
2026-09-11T20:29:04.184600+00:00,201,16344.91,
2026-09-11T20:29:04.219190+00:00,201,16314.85,
2026-09-11T20:29:04.213360+00:00,201,16323.20,
2026-09-11T20:29:04.245396+00:00,201,16293.44,
2026-09-11T20:29:04.277455+00:00,201,16263.21,
2026-09-11T20:29:04.308500+00:00,201,16234.06,
2026-09-11T20:29:04.340393+00:00,201,16203.86,
2026-09-11T20:29:04.372376+00:00,201,16173.64,
2026-09-11T20:29:04.436792+00:00,201,16110.75,
2026-09-11T20:29:04.404384+00:00,201,16145.19,
2026-09-11T20:29:04.468189+00:00,201,16083.00,
2026-09-11T20:29:04.500343+00:00,201,16052.91,
2026-09-11T20:29:04.542692+00:00,201,16023.45,
2026-09-11T20:29:04.532458+00:00,201,16037.59,
2026-09-11T20:29:04.579315+00:00,201,15992.17,
2026-09-11T20:29:04.611392+00:00,201,15961.51,
2026-09-11T20:29:04.674748+00:00,201,15900.21,
2026-09-11T20:29:04.643076+00:00,201,15933.73,
2026-09-11T20:29:04.706217+00:00,201,15872.33,
2026-09-11T20:29:04.785673+00:00,201,15794.49,
2026-09-11T20:29:04.745881+00:00,201,15836.08,
2026-09-11T20:29:04.738974+00:00,201,15845.30,
2026-09-11T20:29:04.817445+00:00,201,15768.40,
2026-09-11T20:29:04.849357+00:00,201,15738.12,
2026-09-11T20:29:04.880381+00:00,201,15708.93,
2026-09-11T20:29:04.917375+00:00,201,15673.49,
2026-09-11T20:29:04.886775+00:00,201,15706.04,
2026-09-11T20:29:04.944112+00:00,201,15650.22,
2026-09-11T20:29:04.912384+00:00,201,15683.77,
2026-09-11T20:29:04.975513+00:00,201,15622.39,
2026-09-11T20:29:05.007415+00:00,201,15591.48,
2026-09-11T20:29:05.054808+00:00,201,15547.02,
2026-09-11T20:29:05.011392+00:00,201,15589.53,
2026-09-11T20:29:05.092829+00:00,201,15512.53,
2026-09-11T20:29:05.086790+00:00,201,15520.70,
2026-09-11T20:29:05.165883+00:00,201,15443.50,
2026-09-11T20:29:05.121419+00:00,201,15486.62,
2026-09-11T20:29:05.118333+00:00,201,15494.56,
2026-09-11T20:29:05.170483+00:00,201,15443.72,
2026-09-11T20:29:05.228985+00:00,201,15387.53,
2026-09-11T20:29:05.197468+00:00,201,15420.93,
2026-09-11T20:29:05.232783+00:00,201,15385.47,
2026-09-11T20:29:05.259857+00:00,201,15362.09,
2026-09-11T20:29:05.262457+00:00,201,15546.86,
2026-09-11T20:29:05.291036+00:00,201,15523.72,
2026-09-11T20:29:05.354851+00:00,201,15461.62,
2026-09-11T20:29:05.322932+00:00,201,15495.23,
2026-09-11T20:29:05.325129+00:00,201,15492.26,
2026-09-11T20:29:05.418414+00:00,201,15403.04,
2026-09-11T20:29:05.386643+00:00,201,15436.50,
2026-09-11T20:29:05.449858+00:00,201,15374.99,
2026-09-11T20:29:05.481478+00:00,201,15345.04,
2026-09-11T20:29:05.544636+00:00,201,15283.24,
2026-09-11T20:29:05.512828+00:00,201,15316.94,
2026-09-11T20:29:05.575794+00:00,201,15255.54,
2026-09-11T20:29:05.607305+00:00,201,15225.60,
2026-09-11T20:29:05.638351+00:00,201,15196.38,
2026-09-11T20:29:05.701328+00:00,201,15135.15,
2026-09-11T20:29:05.669919+00:00,201,15168.52,
2026-09-11T20:29:05.733099+00:00,201,15106.98,
2026-09-11T20:29:05.764817+00:00,201,15077.02,
2026-09-11T20:29:05.796841+00:00,201,15046.66,
2026-09-11T20:29:05.828807+00:00,201,15016.45,
2026-09-11T20:29:05.892462+00:00,201,14954.47,
2026-09-11T20:29:05.860815+00:00,201,14987.76,
2026-09-11T20:29:05.924217+00:00,201,14926.13,
2026-09-11T20:29:05.956294+00:00,201,14895.75,
2026-09-11T20:29:06.026697+00:00,201,14827.29,
2026-09-11T20:29:05.987799+00:00,201,14868.15,
2026-09-11T20:29:06.019820+00:00,201,14837.82,
2026-09-11T20:29:06.099263+00:00,201,14759.91,
2026-09-11T20:29:06.067806+00:00,201,14793.13,
2026-09-11T20:29:06.106371+00:00,201,14756.26,
2026-09-11T20:29:06.178854+00:00,201,14685.55,
2026-09-11T20:29:06.147396+00:00,201,14718.68,
2026-09-11T20:29:06.152931+00:00,201,14713.60,
2026-09-11T20:29:06.185627+00:00,201,14683.98,
2026-09-11T20:29:06.232218+00:00,201,14638.30,
2026-09-11T20:29:06.258105+00:00,201,14615.12,
2026-09-11T20:29:06.226743+00:00,201,14648.22,
2026-09-11T20:29:06.323988+00:00,201,14549.67,
2026-09-11T20:29:06.321463+00:00,201,14556.72,
2026-09-11T20:29:06.289863+00:00,201,14590.12,
2026-09-11T20:29:06.406474+00:00,201,14474.87,
2026-09-11T20:29:06.369053+00:00,201,14514.33,
2026-09-11T20:29:06.432147+00:00,201,14453.35,
2026-09-11T20:29:06.437448+00:00,201,14447.23,
2026-09-11T20:29:06.400840+00:00,201,14488.31,
2026-09-11T20:29:06.463306+00:00,201,14427.42,
2026-09-11T20:29:06.494771+00:00,201,14397.75,
2026-09-11T20:29:06.465833+00:00,201,14425.87,
2026-09-11T20:29:06.526206+00:00,201,14369.77,
2026-09-11T20:29:06.589986+00:00,201,14307.61,
2026-09-11T20:29:06.621815+00:00,201,14277.10,
2026-09-11T20:29:06.526779+00:00,201,14370.37,
2026-09-11T20:29:06.558132+00:00,201,14344.94,
2026-09-11T20:29:06.653810+00:00,201,14251.11,
2026-09-11T20:29:06.748240+00:00,201,14158.57,
2026-09-11T20:29:06.685159+00:00,201,14223.13,
2026-09-11T20:29:06.780253+00:00,201,14129.88,
2026-09-11T20:29:06.717054+00:00,201,14194.56,
2026-09-11T20:29:06.843494+00:00,201,14070.05,
2026-09-11T20:29:06.875826+00:00,201,14039.50,
2026-09-11T20:29:06.811684+00:00,201,14105.77,
2026-09-11T20:29:06.907784+00:00,201,14011.55,
2026-09-11T20:29:06.939582+00:00,201,13981.47,
2026-09-11T20:29:07.002342+00:00,201,13920.39,
2026-09-11T20:29:07.033800+00:00,201,13890.60,
2026-09-11T20:29:06.971040+00:00,201,13954.97,
2026-09-11T20:29:07.176762+00:00,201,13750.98,
2026-09-11T20:29:07.065813+00:00,201,13863.65,
2026-09-11T20:29:07.097876+00:00,201,13833.41,
2026-09-11T20:29:07.208795+00:00,201,13724.06,
2026-09-11T20:29:07.145247+00:00,201,13789.59,
2026-09-11T20:29:07.105811+00:00,201,13830.27,
2026-09-11T20:29:07.240702+00:00,201,13697.28,
2026-09-11T20:29:07.287899+00:00,201,13652.11,
2026-09-11T20:29:07.248355+00:00,201,13692.95,
2026-09-11T20:29:07.342008+00:00,201,13601.01,
2026-09-11T20:29:07.335715+00:00,201,13609.35,
2026-09-11T20:29:07.296713+00:00,201,13649.71,
2026-09-11T20:29:07.386214+00:00,201,13556.12,
2026-09-11T20:29:07.399832+00:00,201,13539.71,
2026-09-11T20:29:07.367740+00:00,201,13584.48,
2026-09-11T20:29:07.418302+00:00,201,13535.57,
2026-09-11T20:29:07.399832+00:00,201,13555.17,
2026-09-11T20:29:07.433400+00:00,201,13523.52,
2026-09-11T20:29:07.463174+00:00,201,13496.10,
2026-09-11T20:29:07.418302+00:00,201,13535.77,
2026-09-11T20:29:07.526679+00:00,201,13430.78,
2026-09-11T20:29:07.558192+00:00,201,13406.25,
2026-09-11T20:29:07.574098+00:00,201,13392.12,
2026-09-11T20:29:07.494672+00:00,201,13473.30,
2026-09-11T20:29:07.526078+00:00,201,13443.62,
2026-09-11T20:29:07.635140+00:00,201,13335.75,
2026-09-11T20:29:07.607244+00:00,201,13354.12,
2026-09-11T20:29:07.637687+00:00,201,13332.73,
2026-09-11T20:29:07.587239+00:00,201,13389.20,
2026-09-11T20:29:07.574098+00:00,201,13397.04,
2026-09-11T20:29:07.605737+00:00,201,13374.35,
2026-09-11T20:29:07.786194+00:00,201,13189.71,
2026-09-11T20:29:07.589749+00:00,201,13390.90,
2026-09-11T20:29:07.783680+00:00,201,13199.98,
2026-09-11T20:29:07.816568+00:00,201,13164.97,
2026-09-11T20:29:07.669752+00:00,201,13314.19,
2026-09-11T20:29:07.589749+00:00,201,13391.89,
2026-09-11T20:29:07.728440+00:00,201,13263.35,
2026-09-11T20:29:07.761166+00:00,201,13231.54,
2026-09-11T20:29:02.344810+00:00,201,18651.79,
2026-09-11T20:29:02.338204+00:00,201,18660.71,
2026-09-11T20:29:02.371938+00:00,201,18624.35,
2026-09-11T20:29:02.369969+00:00,201,18632.50,
2026-09-11T20:29:02.417789+00:00,201,18586.54,
2026-09-11T20:29:02.480713+00:00,201,18525.39,
2026-09-11T20:29:02.449122+00:00,201,18558.81,
2026-09-11T20:29:02.512473+00:00,201,18497.14,
2026-09-11T20:29:02.544478+00:00,201,18467.06,
2026-09-11T20:29:02.576518+00:00,201,18436.97,
2026-09-11T20:29:02.608472+00:00,201,18406.71,
2026-09-11T20:29:02.639964+00:00,201,18376.97,
2026-09-11T20:29:02.703918+00:00,201,18314.86,
2026-09-11T20:29:02.672072+00:00,201,18348.28,
2026-09-11T20:29:02.735304+00:00,201,18286.91,
2026-09-11T20:29:02.974607+00:00,201,18048.39,
2026-09-11T20:29:02.767231+00:00,201,18258.55,
2026-09-11T20:29:02.979950+00:00,201,18046.66,
2026-09-11T20:29:03.021728+00:00,201,18008.06,
2026-09-11T20:29:03.057816+00:00,201,17972.27,
2026-09-11T20:29:03.053204+00:00,201,17980.84,
2026-09-11T20:29:03.084956+00:00,201,17950.98,
2026-09-11T20:29:07.891055+00:00,201,13222.39,
2026-09-11T20:29:07.993736+00:00,201,13129.76,
2026-09-11T20:29:09.259575+00:00,201,11864.09,
2026-09-11T20:28:51.881985+00:00,201,29253.62,
2026-09-11T20:28:51.865304+00:00,201,29278.85,
2026-09-11T20:28:50.566037+00:00,201,30597.20,
2026-09-11T20:28:51.945922+00:00,201,29219.71,
2026-09-11T20:29:07.701458+00:00,201,13527.93,
2026-09-11T20:28:51.819056+00:00,201,29504.55,
2026-09-11T20:28:51.913923+00:00,201,30164.86,
2026-09-11T20:29:20.979316+00:00,201,2417.31,
2026-09-11T20:29:09.518688+00:00,201,14083.91,
2026-09-11T20:29:22.043538+00:00,201,1805.60,
2026-09-11T20:29:22.363366+00:00,201,1935.50,
2026-09-11T20:29:27.965913+00:00,0,18.88,connection_error: 
2026-09-11T20:29:27.982279+00:00,0,26.72,connection_error: 
2026-09-11T20:29:27.982279+00:00,0,34.71,connection_error: 
2026-09-11T20:29:27.997342+00:00,0,63.28,connection_error: 
2026-09-11T20:29:28.011096+00:00,0,74.16,connection_error: 
2026-09-11T20:29:28.013104+00:00,0,89.87,connection_error: 
2026-09-11T20:29:28.031008+00:00,0,92.97,connection_error: 
2026-09-11T20:29:28.039250+00:00,0,106.32,connection_error: 
2026-09-11T20:29:28.045693+00:00,0,110.08,connection_error: 
2026-09-11T20:29:28.060975+00:00,0,115.49,connection_error: 
2026-09-11T20:29:28.068661+00:00,0,129.81,connection_error: 
2026-09-11T20:29:28.077626+00:00,0,128.11,connection_error: 
2026-09-11T20:29:28.092751+00:00,0,135.01,connection_error: 
2026-09-11T20:29:28.109496+00:00,0,127.68,connection_error: 
2026-09-11T20:29:28.124134+00:00,0,128.24,connection_error: 
2026-09-11T20:29:28.131245+00:00,0,139.42,connection_error: 
2026-09-11T20:29:28.144405+00:00,0,135.00,connection_error: 
2026-09-11T20:29:28.156904+00:00,0,132.37,connection_error: 
2026-09-11T20:29:28.161795+00:00,0,144.42,connection_error: 
2026-09-11T20:29:28.177154+00:00,0,145.91,connection_error: 
2026-09-11T20:29:28.185145+00:00,0,155.38,connection_error: 
2026-09-11T20:29:28.204473+00:00,0,149.76,connection_error: 
2026-09-11T20:29:28.204473+00:00,0,150.34,connection_error: 
2026-09-11T20:29:28.223472+00:00,0,168.15,connection_error: 
2026-09-11T20:29:28.232745+00:00,0,167.65,connection_error: 
2026-09-11T20:29:28.242755+00:00,0,168.19,connection_error: 
2026-09-11T20:29:28.251649+00:00,0,171.57,connection_error: 
2026-09-11T20:29:28.259349+00:00,0,187.29,connection_error: 
2026-09-11T20:29:28.275512+00:00,0,184.37,connection_error: 
2026-09-11T20:29:28.275512+00:00,0,186.23,connection_error: 
2026-09-11T20:29:28.292285+00:00,0,195.72,connection_error: 
2026-09-11T20:29:28.299758+00:00,0,202.62,connection_error: 
2026-09-11T20:29:28.308090+00:00,0,198.89,connection_error: 
2026-09-11T20:29:28.324093+00:00,0,195.46,connection_error: 
2026-09-11T20:29:28.333514+00:00,0,204.56,connection_error: 
2026-09-11T20:29:28.343040+00:00,0,201.92,connection_error: 
2026-09-11T20:29:28.355274+00:00,0,202.32,connection_error: 
2026-09-11T20:29:28.364743+00:00,0,199.13,connection_error: 
2026-09-11T20:29:28.372048+00:00,0,207.23,connection_error: 
2026-09-11T20:29:28.392679+00:00,0,203.11,connection_error: 
2026-09-11T20:29:28.400612+00:00,0,202.56,connection_error: 
2026-09-11T20:29:28.409891+00:00,0,208.93,connection_error: 
2026-09-11T20:29:28.424702+00:00,0,208.98,connection_error: 
2026-09-11T20:29:28.433137+00:00,0,213.41,connection_error: 
2026-09-11T20:29:28.450862+00:00,0,221.18,connection_error: 
2026-09-11T20:29:28.468342+00:00,0,212.49,connection_error: 
2026-09-11T20:29:28.460413+00:00,0,229.73,connection_error: 
2026-09-11T20:29:28.478862+00:00,0,229.65,connection_error: 
2026-09-11T20:29:28.488309+00:00,0,229.74,connection_error: 
2026-09-11T20:29:28.509901+00:00,0,226.24,connection_error: 
2026-09-11T20:29:28.503009+00:00,0,239.18,connection_error: 
2026-09-11T20:29:28.518220+00:00,0,233.92,connection_error: 
2026-09-11T20:29:28.519774+00:00,0,236.11,connection_error: 
2026-09-11T20:29:28.533370+00:00,0,242.26,connection_error: 
2026-09-11T20:29:28.545002+00:00,0,243.95,connection_error: 
2026-09-11T20:29:28.556272+00:00,0,246.10,connection_error: 
2026-09-11T20:29:28.562487+00:00,0,246.27,connection_error: 
2026-09-11T20:29:28.569453+00:00,0,251.39,connection_error: 
2026-09-11T20:29:28.579955+00:00,0,254.77,connection_error: 
2026-09-11T20:29:28.603036+00:00,0,250.84,connection_error: 
2026-09-11T20:29:28.596214+00:00,0,264.88,connection_error: 
2026-09-11T20:29:28.607790+00:00,0,262.74,connection_error: 
2026-09-11T20:29:28.620031+00:00,0,258.38,connection_error: 
2026-09-11T20:29:28.631246+00:00,0,255.25,connection_error: 
2026-09-11T20:29:28.643259+00:00,0,261.05,connection_error: 
2026-09-11T20:29:28.652459+00:00,0,262.71,connection_error: 
2026-09-11T20:29:28.671143+00:00,0,254.50,connection_error: 
2026-09-11T20:29:28.676060+00:00,0,241.00,connection_error: 
2026-09-11T20:29:28.676060+00:00,0,254.66,connection_error: 
2026-09-11T20:29:28.707628+00:00,0,248.45,connection_error: 
2026-09-11T20:29:28.717666+00:00,0,245.63,connection_error: 
2026-09-11T20:29:28.722637+00:00,0,241.59,connection_error: 
2026-09-11T20:29:28.733709+00:00,0,243.44,connection_error: 
2026-09-11T20:29:28.738711+00:00,0,243.37,connection_error: 
2026-09-11T20:29:28.751570+00:00,0,242.60,connection_error: 
2026-09-11T20:29:28.762807+00:00,0,248.90,connection_error: 
2026-09-11T20:29:28.770767+00:00,0,249.82,connection_error: 
2026-09-11T20:29:28.771470+00:00,0,253.03,connection_error: 
2026-09-11T20:29:28.786622+00:00,0,250.26,connection_error: 
2026-09-11T20:29:28.802561+00:00,0,245.89,connection_error: 
2026-09-11T20:29:28.809071+00:00,0,248.54,connection_error: 
2026-09-11T20:29:28.820253+00:00,0,255.50,connection_error: 
2026-09-11T20:29:28.820253+00:00,0,263.42,connection_error: 
2026-09-11T20:29:28.834077+00:00,0,261.85,connection_error: 
2026-09-11T20:29:28.856722+00:00,0,253.53,connection_error: 
2026-09-11T20:29:28.850072+00:00,0,266.50,connection_error: 
2026-09-11T20:29:28.873361+00:00,0,256.13,connection_error: 
2026-09-11T20:29:28.865805+00:00,0,268.33,connection_error: 
2026-09-11T20:29:28.883133+00:00,0,263.28,connection_error: 
2026-09-11T20:29:28.892713+00:00,0,267.13,connection_error: 
2026-09-11T20:29:28.905232+00:00,0,262.73,connection_error: 
2026-09-11T20:29:28.930236+00:00,0,258.39,connection_error: 
2026-09-11T20:29:28.930236+00:00,0,264.24,connection_error: 
2026-09-11T20:29:28.912986+00:00,0,281.55,connection_error: 
2026-09-11T20:29:28.912986+00:00,0,295.94,connection_error: 
2026-09-11T20:29:28.944954+00:00,0,291.37,connection_error: 
2026-09-11T20:29:28.963017+00:00,0,282.84,connection_error: 
2026-09-11T20:29:28.967676+00:00,0,287.59,connection_error: 
2026-09-11T20:29:28.949532+00:00,0,309.18,connection_error: 
2026-09-11T20:29:28.976222+00:00,0,311.58,connection_error: 
2026-09-11T20:29:28.976222+00:00,0,314.10,connection_error: 
2026-09-11T20:29:28.991237+00:00,0,319.48,connection_error: 
2026-09-11T20:29:28.991237+00:00,0,325.44,connection_error: 
2026-09-11T20:29:29.007279+00:00,0,324.60,connection_error: 
2026-09-11T20:29:29.007279+00:00,0,323.23,connection_error: 
2026-09-11T20:29:29.039228+00:00,0,329.79,connection_error: 
2026-09-11T20:29:29.027229+00:00,0,343.02,connection_error: 
2026-09-11T20:29:29.046215+00:00,0,339.69,connection_error: 
2026-09-11T20:29:29.055224+00:00,0,338.93,connection_error: 
2026-09-11T20:29:29.063744+00:00,0,338.64,connection_error: 
2026-09-11T20:29:29.071376+00:00,0,338.59,connection_error: 
2026-09-11T20:29:29.098471+00:00,0,334.90,connection_error: 
2026-09-11T20:29:29.090931+00:00,0,353.04,connection_error: 
2026-09-11T20:29:29.118712+00:00,0,343.33,connection_error: 
2026-09-11T20:29:29.106155+00:00,0,356.53,connection_error: 
2026-09-11T20:29:29.126237+00:00,0,350.37,connection_error: 
2026-09-11T20:29:29.134739+00:00,0,349.03,connection_error: 
2026-09-11T20:29:29.134739+00:00,0,361.65,connection_error: 
2026-09-11T20:29:29.151053+00:00,0,361.19,connection_error: 
2026-09-11T20:29:29.168385+00:00,0,359.61,connection_error: 
2026-09-11T20:29:29.163201+00:00,0,372.66,connection_error: 
2026-09-11T20:29:29.168385+00:00,0,362.64,connection_error: 
2026-09-11T20:29:29.184894+00:00,0,364.42,connection_error: 
2026-09-11T20:29:29.204988+00:00,0,352.35,connection_error: 
2026-09-11T20:29:29.214180+00:00,0,349.80,connection_error: 
2026-09-11T20:29:29.198097+00:00,0,373.16,connection_error: 
2026-09-11T20:29:29.262560+00:00,0,331.00,connection_error: 
2026-09-11T20:29:29.232060+00:00,0,368.05,connection_error: 
2026-09-11T20:29:29.246212+00:00,0,366.17,connection_error: 
2026-09-11T20:29:29.246212+00:00,0,362.71,connection_error: 
2026-09-11T20:29:29.277796+00:00,0,347.17,connection_error: 
2026-09-11T20:29:29.285329+00:00,0,347.87,connection_error: 
2026-09-11T20:29:29.293614+00:00,0,345.48,connection_error: 
2026-09-11T20:29:29.309528+00:00,0,348.91,connection_error: 
2026-09-11T20:29:29.327601+00:00,0,351.76,connection_error: 
2026-09-11T20:29:29.336142+00:00,0,353.84,connection_error: 
2026-09-11T20:29:29.341172+00:00,0,353.96,connection_error: 
2026-09-11T20:29:29.352646+00:00,0,360.92,connection_error: 
2026-09-11T20:29:29.365484+00:00,0,353.30,connection_error: 
2026-09-11T20:29:29.375542+00:00,0,353.28,connection_error: 
2026-09-11T20:29:29.397857+00:00,0,355.96,connection_error: 
2026-09-11T20:29:29.388901+00:00,0,377.23,connection_error: 
2026-09-11T20:29:29.404249+00:00,0,374.89,connection_error: 
2026-09-11T20:29:29.408402+00:00,0,380.68,connection_error: 
2026-09-11T20:29:29.424627+00:00,0,380.60,connection_error: 
2026-09-11T20:29:29.440849+00:00,0,376.69,connection_error: 
2026-09-11T20:29:29.424627+00:00,0,395.21,connection_error: 
2026-09-11T20:29:29.467566+00:00,0,385.24,connection_error: 
2026-09-11T20:29:29.473633+00:00,0,390.47,connection_error: 
2026-09-11T20:29:29.463837+00:00,0,413.47,connection_error: 
2026-09-11T20:29:29.490385+00:00,0,398.34,connection_error: 
2026-09-11T20:29:29.482132+00:00,0,413.31,connection_error: 
2026-09-11T20:29:29.498208+00:00,0,405.48,connection_error: 
2026-09-11T20:29:29.508579+00:00,0,409.92,connection_error: 
2026-09-11T20:29:29.529774+00:00,0,414.95,connection_error: 
2026-09-11T20:29:29.529774+00:00,0,415.74,connection_error: 
2026-09-11T20:29:29.529774+00:00,0,416.89,connection_error: 
2026-09-11T20:29:29.560649+00:00,0,413.14,connection_error: 
2026-09-11T20:29:29.550120+00:00,0,426.70,connection_error: 
2026-09-11T20:29:29.565862+00:00,0,420.00,connection_error: 
2026-09-11T20:29:29.567347+00:00,0,420.29,connection_error: 
2026-09-11T20:29:29.580994+00:00,0,420.13,connection_error: 
2026-09-11T20:29:29.619273+00:00,0,408.39,connection_error: 
2026-09-11T20:29:29.612090+00:00,0,421.06,connection_error: 
2026-09-11T20:29:29.605276+00:00,0,434.87,connection_error: 
2026-09-11T20:29:29.597732+00:00,0,447.75,connection_error: 
2026-09-11T20:29:29.624537+00:00,0,425.46,connection_error: 
2026-09-11T20:29:29.643162+00:00,0,418.35,connection_error: 
2026-09-11T20:29:29.639441+00:00,0,431.41,connection_error: 
2026-09-11T20:29:29.651992+00:00,0,423.06,connection_error: 
2026-09-11T20:29:29.662681+00:00,0,425.30,connection_error: 
2026-09-11T20:29:29.689471+00:00,0,415.56,connection_error: 
2026-09-11T20:29:29.671198+00:00,0,430.55,connection_error: 
2026-09-11T20:29:29.689471+00:00,0,418.25,connection_error: 
2026-09-11T20:29:29.708531+00:00,0,416.78,connection_error: 
2026-09-11T20:29:29.720714+00:00,0,418.16,connection_error: 
2026-09-11T20:29:29.720714+00:00,0,415.73,connection_error: 
2026-09-11T20:29:29.738171+00:00,0,411.24,connection_error: 
2026-09-11T20:29:29.764656+00:00,0,399.46,connection_error: 
2026-09-11T20:29:29.751581+00:00,0,418.70,connection_error: 
2026-09-11T20:29:29.778681+00:00,0,399.11,connection_error: 
2026-09-11T20:29:29.783069+00:00,0,398.58,connection_error: 
2026-09-11T20:29:29.805128+00:00,0,395.26,connection_error: 
2026-09-11T20:29:29.830650+00:00,0,383.32,connection_error: 
2026-09-11T20:29:29.818171+00:00,0,400.05,connection_error: 
2026-09-11T20:29:29.835660+00:00,0,384.93,connection_error: 
2026-09-11T20:29:29.854753+00:00,0,383.35,connection_error: 
2026-09-11T20:29:29.877571+00:00,0,368.55,connection_error: 
2026-09-11T20:29:29.862866+00:00,0,383.06,connection_error: 
2026-09-11T20:29:29.909819+00:00,0,357.50,connection_error: 
2026-09-11T20:29:29.893649+00:00,0,370.61,connection_error: 
2026-09-11T20:29:29.893649+00:00,0,383.98,connection_error: 
2026-09-11T20:29:29.918810+00:00,0,369.46,connection_error: 
2026-09-11T20:29:29.935421+00:00,0,365.88,connection_error: 
2026-09-11T20:29:29.941089+00:00,0,368.30,connection_error: 
2026-09-11T20:29:29.946045+00:00,0,368.32,connection_error: 
2026-09-11T20:29:29.958067+00:00,0,368.39,connection_error: 
2026-09-11T20:29:29.979658+00:00,0,369.27,connection_error: 
2026-09-11T20:29:29.979658+00:00,0,372.70,connection_error: 
2026-09-11T20:29:29.995650+00:00,0,366.58,connection_error: 
2026-09-11T20:29:29.973679+00:00,0,402.70,connection_error: 
2026-09-11T20:29:29.989193+00:00,0,392.42,connection_error: 
2026-09-11T20:29:30.016804+00:00,0,402.50,connection_error: 
2026-09-11T20:29:30.036700+00:00,0,384.38,connection_error: 
2026-09-11T20:29:30.025384+00:00,0,413.17,connection_error: 
2026-09-11T20:29:30.025384+00:00,0,416.69,connection_error: 
2026-09-11T20:29:30.036700+00:00,0,419.57,connection_error: 
2026-09-11T20:29:30.036700+00:00,0,418.35,connection_error: 
2026-09-11T20:29:30.055083+00:00,0,429.20,connection_error: 
2026-09-11T20:29:30.068234+00:00,0,431.45,connection_error: 
2026-09-11T20:29:30.074326+00:00,0,435.29,connection_error: 
2026-09-11T20:29:30.083895+00:00,0,439.85,connection_error: 
2026-09-11T20:29:30.094652+00:00,0,441.49,connection_error: 
2026-09-11T20:29:30.105297+00:00,0,448.74,connection_error: 
2026-09-11T20:29:30.115706+00:00,0,444.10,connection_error: 
2026-09-11T20:29:30.105297+00:00,0,454.57,connection_error: 
2026-09-11T20:29:30.131672+00:00,0,456.23,connection_error: 
2026-09-11T20:29:30.140826+00:00,0,453.83,connection_error: 
2026-09-11T20:29:30.148125+00:00,0,448.55,connection_error: 
2026-09-11T20:29:30.143996+00:00,0,458.42,connection_error: 
2026-09-11T20:29:30.165306+00:00,0,450.73,connection_error: 
2026-09-11T20:29:30.171054+00:00,0,448.18,connection_error: 
2026-09-11T20:29:30.171054+00:00,0,459.28,connection_error: 
2026-09-11T20:29:30.180692+00:00,0,459.52,connection_error: 
2026-09-11T20:29:30.190165+00:00,0,458.59,connection_error: 
2026-09-11T20:29:30.195150+00:00,0,458.41,connection_error: 
2026-09-11T20:29:30.221144+00:00,0,456.57,connection_error: 
2026-09-11T20:29:30.221144+00:00,0,457.24,connection_error: 
2026-09-11T20:29:30.211162+00:00,0,475.30,connection_error: 
2026-09-11T20:29:30.236649+00:00,0,466.07,connection_error: 
2026-09-11T20:29:30.243252+00:00,0,466.37,connection_error: 
2026-09-11T20:29:30.243252+00:00,0,466.50,connection_error: 
2026-09-11T20:29:30.252556+00:00,0,465.63,connection_error: 
2026-09-11T20:29:30.262924+00:00,0,467.33,connection_error: 
2026-09-11T20:29:30.275236+00:00,0,462.62,connection_error: 
2026-09-11T20:29:30.272674+00:00,0,472.55,connection_error: 
2026-09-11T20:29:30.291678+00:00,0,471.45,connection_error: 
2026-09-11T20:29:30.291678+00:00,0,469.77,connection_error: 
2026-09-11T20:29:30.313767+00:00,0,475.33,connection_error: 
2026-09-11T20:29:30.325540+00:00,0,468.18,connection_error: 
2026-09-11T20:29:30.314833+00:00,0,480.47,connection_error: 
2026-09-11T20:29:30.325540+00:00,0,469.24,connection_error: 
2026-09-11T20:29:30.356795+00:00,0,465.14,connection_error: 
2026-09-11T20:29:30.346819+00:00,0,479.92,connection_error: 
2026-09-11T20:29:30.371539+00:00,0,458.34,connection_error: 
2026-09-11T20:29:30.379664+00:00,0,453.48,connection_error: 
2026-09-11T20:29:30.365687+00:00,0,476.63,connection_error: 
2026-09-11T20:29:30.449188+00:00,0,416.59,connection_error: 
2026-09-11T20:29:30.457561+00:00,0,414.35,connection_error: 
2026-09-11T20:29:30.429926+00:00,0,450.26,connection_error: 
2026-09-11T20:29:30.419413+00:00,0,468.19,connection_error: 
2026-09-11T20:29:30.468257+00:00,0,424.43,connection_error: 
2026-09-11T20:29:30.441261+00:00,0,456.60,connection_error: 
2026-09-11T20:29:30.478025+00:00,0,421.85,connection_error: 
2026-09-11T20:29:30.481076+00:00,0,422.41,connection_error: 
2026-09-11T20:29:30.497778+00:00,0,423.53,connection_error: 
2026-09-11T20:29:30.509205+00:00,0,419.38,connection_error: 
2026-09-11T20:29:30.531697+00:00,0,408.46,connection_error: 
2026-09-11T20:29:30.528123+00:00,0,424.40,connection_error: 
2026-09-11T20:29:30.549915+00:00,0,412.51,connection_error: 
2026-09-11T20:29:30.566011+00:00,0,408.44,connection_error: 
2026-09-11T20:29:30.560359+00:00,0,419.46,connection_error: 
2026-09-11T20:29:30.576664+00:00,0,409.61,connection_error: 
2026-09-11T20:29:30.585871+00:00,0,418.92,connection_error: 
2026-09-11T20:29:30.603652+00:00,0,409.19,connection_error: 
2026-09-11T20:29:30.593895+00:00,0,424.81,connection_error: 
2026-09-11T20:29:30.593895+00:00,0,425.50,connection_error: 
2026-09-11T20:29:30.624946+00:00,0,427.45,connection_error: 
2026-09-11T20:29:30.624946+00:00,0,428.89,connection_error: 
2026-09-11T20:29:30.614564+00:00,0,450.38,connection_error: 
2026-09-11T20:29:30.645791+00:00,0,436.53,connection_error: 
2026-09-11T20:29:30.653665+00:00,0,435.68,connection_error: 
2026-09-11T20:29:30.656282+00:00,0,438.08,connection_error: 
2026-09-11T20:29:30.656282+00:00,0,445.88,connection_error: 
2026-09-11T20:29:30.672668+00:00,0,435.59,connection_error: 
2026-09-11T20:29:30.672668+00:00,0,447.08,connection_error: 
2026-09-11T20:29:30.688680+00:00,0,442.52,connection_error: 
2026-09-11T20:29:30.705168+00:00,0,445.71,connection_error: 
2026-09-11T20:29:30.721428+00:00,0,434.42,connection_error: 
2026-09-11T20:29:30.705168+00:00,0,445.17,connection_error: 
2026-09-11T20:29:30.705168+00:00,0,456.14,connection_error: 
2026-09-11T20:29:30.734442+00:00,0,447.06,connection_error: 
2026-09-11T20:29:30.745769+00:00,0,442.05,connection_error: 
2026-09-11T20:29:30.734442+00:00,0,452.08,connection_error: 
2026-09-11T20:29:30.750685+00:00,0,446.46,connection_error: 
2026-09-11T20:29:30.766795+00:00,0,442.98,connection_error: 
2026-09-11T20:29:30.764687+00:00,0,456.48,connection_error: 
2026-09-11T20:29:30.784830+00:00,0,450.80,connection_error: 
2026-09-11T20:29:30.784830+00:00,0,450.73,connection_error: 
2026-09-11T20:29:30.798071+00:00,0,449.76,connection_error: 
2026-09-11T20:29:30.805099+00:00,0,448.73,connection_error: 
2026-09-11T20:29:30.830150+00:00,0,433.84,connection_error: 
2026-09-11T20:29:30.822180+00:00,0,455.45,connection_error: 
2026-09-11T20:29:30.830150+00:00,0,449.58,connection_error: 
2026-09-11T20:29:30.830150+00:00,0,459.07,connection_error: 
2026-09-11T20:29:30.840662+00:00,0,450.70,connection_error: 
2026-09-11T20:29:30.848743+00:00,0,448.99,connection_error: 
2026-09-11T20:29:30.879868+00:00,0,444.36,connection_error: 
2026-09-11T20:29:30.862008+00:00,0,464.44,connection_error: 
2026-09-11T20:29:30.879868+00:00,0,449.31,connection_error: 
2026-09-11T20:29:30.893623+00:00,0,444.22,connection_error: 
2026-09-11T20:29:30.879868+00:00,0,453.46,connection_error: 
2026-09-11T20:29:30.862008+00:00,0,477.03,connection_error: 
2026-09-11T20:29:30.899642+00:00,0,454.22,connection_error: 
2026-09-11T20:29:30.909664+00:00,0,455.49,connection_error: 
2026-09-11T20:29:30.925402+00:00,0,451.78,connection_error: 
2026-09-11T20:29:30.928575+00:00,0,451.64,connection_error: 
2026-09-11T20:29:30.938625+00:00,0,449.56,connection_error: 
2026-09-11T20:29:30.947433+00:00,0,455.02,connection_error: 
2026-09-11T20:29:30.947433+00:00,0,456.31,connection_error: 
2026-09-11T20:29:30.973269+00:00,0,446.92,connection_error: 
2026-09-11T20:29:30.966421+00:00,0,464.77,connection_error: 
2026-09-11T20:29:30.973269+00:00,0,463.28,connection_error: 
2026-09-11T20:29:30.973269+00:00,0,455.70,connection_error: 
2026-09-11T20:29:31.005374+00:00,0,456.64,connection_error: 
2026-09-11T20:29:31.008941+00:00,0,460.68,connection_error: 
2026-09-11T20:29:31.008941+00:00,0,462.95,connection_error: 
2026-09-11T20:29:31.025489+00:00,0,465.58,connection_error: 
2026-09-11T20:29:31.036174+00:00,0,732.65,connection_error: 
2026-09-11T20:29:31.056069+00:00,0,732.04,connection_error: 
2026-09-11T20:29:31.052206+00:00,0,746.39,connection_error: 
2026-09-11T20:29:31.066643+00:00,0,739.63,connection_error: 
2026-09-11T20:29:31.087629+00:00,0,733.79,connection_error: 
2026-09-11T20:29:31.087629+00:00,0,753.20,connection_error: 
2026-09-11T20:29:31.068170+00:00,0,769.36,connection_error: 
2026-09-11T20:29:31.124118+00:00,0,749.39,connection_error: 
2026-09-11T20:29:31.131108+00:00,0,751.38,connection_error: 
2026-09-11T20:29:31.106168+00:00,0,777.28,connection_error: 
2026-09-11T20:29:31.115263+00:00,0,781.83,connection_error: 
2026-09-11T20:29:31.142222+00:00,0,785.78,connection_error: 
2026-09-11T20:29:31.147655+00:00,0,786.40,connection_error: 
2026-09-11T20:29:31.166942+00:00,0,778.89,connection_error: 
2026-09-11T20:29:31.154113+00:00,0,798.92,connection_error: 
2026-09-11T20:29:31.161457+00:00,0,802.70,connection_error: 
2026-09-11T20:29:31.182215+00:00,0,801.52,connection_error: 
2026-09-11T20:29:31.182215+00:00,0,823.30,connection_error: 
2026-09-11T20:29:31.197269+00:00,0,813.50,connection_error: 
2026-09-11T20:29:31.182215+00:00,0,835.03,connection_error: 
2026-09-11T20:29:31.219625+00:00,0,820.21,connection_error: 
2026-09-11T20:29:31.210992+00:00,0,834.55,connection_error: 
2026-09-11T20:29:31.228053+00:00,0,833.59,connection_error: 
2026-09-11T20:29:31.239137+00:00,0,831.11,connection_error: 
2026-09-11T20:29:31.242786+00:00,0,830.20,connection_error: 
2026-09-11T20:29:31.242786+00:00,0,826.28,connection_error: 
2026-09-11T20:29:31.242786+00:00,0,838.98,connection_error: 
2026-09-11T20:29:31.264137+00:00,0,847.16,connection_error: 
2026-09-11T20:29:31.274611+00:00,0,849.34,connection_error: 
2026-09-11T20:29:31.282626+00:00,0,851.15,connection_error: 
2026-09-11T20:29:31.299606+00:00,0,842.16,connection_error: 
2026-09-11T20:29:31.282626+00:00,0,860.36,connection_error: 
2026-09-11T20:29:31.290629+00:00,0,862.06,connection_error: 
2026-09-11T20:29:31.306673+00:00,0,865.07,connection_error: 
2026-09-11T20:29:31.405676+00:00,0,809.96,connection_error: 
2026-09-11T20:29:31.403658+00:00,0,824.56,connection_error: 
2026-09-11T20:29:31.417783+00:00,0,814.16,connection_error: 
2026-09-11T20:29:31.336638+00:00,0,911.40,connection_error: 
2026-09-11T20:29:31.326655+00:00,0,921.52,connection_error: 
2026-09-11T20:29:31.322603+00:00,0,935.53,connection_error: 
2026-09-11T20:29:31.354679+00:00,0,909.14,connection_error: 
2026-09-11T20:29:31.338405+00:00,0,928.35,connection_error: 
2026-09-11T20:29:31.348092+00:00,0,927.73,connection_error: 
2026-09-11T20:29:31.338405+00:00,0,937.29,connection_error: 
2026-09-11T20:29:31.373625+00:00,0,906.19,connection_error: 
2026-09-11T20:29:31.370758+00:00,0,923.73,connection_error: 
2026-09-11T20:29:31.373625+00:00,0,923.92,connection_error: 
2026-09-11T20:29:31.385956+00:00,0,918.42,connection_error: 
2026-09-11T20:29:31.422610+00:00,0,879.12,connection_error: 
2026-09-11T20:29:31.422610+00:00,0,889.79,connection_error: 
2026-09-11T20:29:31.433597+00:00,0,884.04,connection_error: 
2026-09-11T20:29:31.441606+00:00,0,884.01,connection_error: 
2026-09-11T20:29:31.481584+00:00,0,848.91,connection_error: 
2026-09-11T20:29:31.481584+00:00,0,864.13,connection_error: 
2026-09-11T20:29:31.459292+00:00,0,888.01,connection_error: 
2026-09-11T20:29:31.469467+00:00,0,882.80,connection_error: 
2026-09-11T20:29:31.769894+00:00,0,591.71,connection_error: 
2026-09-11T20:29:31.782640+00:00,0,589.08,connection_error: 
2026-09-11T20:29:31.805560+00:00,0,580.84,connection_error: 
2026-09-11T20:29:31.797769+00:00,0,592.99,connection_error: 
2026-09-11T20:29:31.813698+00:00,0,581.01,connection_error: 
2026-09-11T20:29:31.850698+00:00,0,559.63,connection_error: 
2026-09-11T20:29:31.829334+00:00,0,586.44,connection_error: 
2026-09-11T20:29:31.832934+00:00,0,580.65,connection_error: 
2026-09-11T20:29:31.900076+00:00,0,541.47,connection_error: 
2026-09-11T20:29:31.861494+00:00,0,574.22,connection_error: 
2026-09-11T20:29:31.880979+00:00,0,570.76,connection_error: 
2026-09-11T20:29:31.880979+00:00,0,568.84,connection_error: 
2026-09-11T20:29:31.956971+00:00,0,523.73,connection_error: 
2026-09-11T20:29:31.927813+00:00,0,559.40,connection_error: 
2026-09-11T20:29:31.934562+00:00,0,554.38,connection_error: 
2026-09-11T20:29:31.956971+00:00,0,532.17,connection_error: 
2026-09-11T20:29:31.940562+00:00,0,555.53,connection_error: 
2026-09-11T20:29:31.977812+00:00,0,528.01,connection_error: 
2026-09-11T20:29:32.006055+00:00,0,516.57,connection_error: 
2026-09-11T20:29:32.011287+00:00,0,515.96,connection_error: 
2026-09-11T20:29:31.987999+00:00,0,541.19,connection_error: 
2026-09-11T20:29:32.021569+00:00,0,517.78,connection_error: 
2026-09-11T20:29:32.040274+00:00,0,512.01,connection_error: 
2026-09-11T20:29:32.040274+00:00,0,511.21,connection_error: 
2026-09-11T20:29:32.075042+00:00,0,502.99,connection_error: 
2026-09-11T20:29:32.067293+00:00,0,514.43,connection_error: 
2026-09-11T20:29:32.075042+00:00,0,508.66,connection_error: 
2026-09-11T20:29:32.084268+00:00,0,506.30,connection_error: 
2026-09-11T20:29:32.056573+00:00,0,537.42,connection_error: 
2026-09-11T20:29:32.102848+00:00,0,512.08,connection_error: 
2026-09-11T20:29:32.118110+00:00,0,502.96,connection_error: 
2026-09-11T20:29:32.149870+00:00,0,480.14,connection_error: 
2026-09-11T20:29:32.122599+00:00,0,512.68,connection_error: 
2026-09-11T20:29:32.133726+00:00,0,505.06,connection_error: 
2026-09-11T20:29:32.133726+00:00,0,515.94,connection_error: 
2026-09-11T20:29:32.154212+00:00,0,501.41,connection_error: 
2026-09-11T20:29:32.178329+00:00,0,499.00,connection_error: 
2026-09-11T20:29:32.193612+00:00,0,507.21,connection_error: 
2026-09-11T20:29:32.225692+00:00,0,500.48,connection_error: 
2026-09-11T20:29:32.209597+00:00,0,524.36,connection_error: 
2026-09-11T20:29:32.225692+00:00,0,526.23,connection_error: 
2026-09-11T20:29:32.243051+00:00,0,536.28,connection_error: 
2026-09-11T20:29:32.243051+00:00,0,541.42,connection_error: 
2026-09-11T20:29:32.257573+00:00,0,544.41,connection_error: 
2026-09-11T20:29:32.263091+00:00,0,542.80,connection_error: 
2026-09-11T20:29:32.273572+00:00,0,543.95,connection_error: 
2026-09-11T20:29:32.291679+00:00,0,537.56,connection_error: 
2026-09-11T20:29:32.283083+00:00,0,550.79,connection_error: 
2026-09-11T20:29:32.306641+00:00,0,541.14,connection_error: 
2026-09-11T20:29:32.308719+00:00,0,545.90,connection_error: 
2026-09-11T20:29:32.291679+00:00,0,562.46,connection_error: 
2026-09-11T20:29:32.308719+00:00,0,552.11,connection_error: 
2026-09-11T20:29:32.283083+00:00,0,589.64,connection_error: 
2026-09-11T20:29:32.321343+00:00,0,556.74,connection_error: 
2026-09-11T20:29:32.263091+00:00,0,617.73,connection_error: 
2026-09-11T20:29:32.321343+00:00,0,561.63,connection_error: 
2026-09-11T20:29:32.338100+00:00,0,564.64,connection_error: 
2026-09-11T20:29:32.338100+00:00,0,566.64,connection_error: 
2026-09-11T20:29:32.350064+00:00,0,567.43,connection_error: 
2026-09-11T20:29:32.353677+00:00,0,567.02,connection_error: 
2026-09-11T20:29:32.358208+00:00,0,566.58,connection_error: 
2026-09-11T20:29:32.373192+00:00,0,567.11,connection_error: 
2026-09-11T20:29:32.376221+00:00,0,566.03,connection_error: 
2026-09-11T20:29:32.395537+00:00,0,555.15,connection_error: 
2026-09-11T20:29:32.384939+00:00,0,570.61,connection_error: 
2026-09-11T20:29:32.384939+00:00,0,569.58,connection_error: 
2026-09-11T20:29:32.421163+00:00,0,561.88,connection_error: 
2026-09-11T20:29:32.406606+00:00,0,580.77,connection_error: 
2026-09-11T20:29:32.416549+00:00,0,580.72,connection_error: 
2026-09-11T20:29:32.436952+00:00,0,574.96,connection_error: 
2026-09-11T20:29:32.448551+00:00,0,575.57,connection_error: 
2026-09-11T20:29:32.453300+00:00,0,575.36,connection_error: 
2026-09-11T20:29:32.453300+00:00,0,574.69,connection_error: 
2026-09-11T20:29:32.464035+00:00,0,568.86,connection_error: 
2026-09-11T20:29:32.484684+00:00,0,569.41,connection_error: 
2026-09-11T20:29:32.495554+00:00,0,564.89,connection_error: 
2026-09-11T20:29:32.501958+00:00,0,564.22,connection_error: 
2026-09-11T20:29:32.479694+00:00,0,591.94,connection_error: 
2026-09-11T20:29:32.506533+00:00,0,569.12,connection_error: 
2026-09-11T20:29:32.484684+00:00,0,589.25,connection_error: 
2026-09-11T20:29:32.521898+00:00,0,582.51,connection_error: 
2026-09-11T20:29:32.531992+00:00,0,575.90,connection_error: 
2026-09-11T20:29:32.531992+00:00,0,576.20,connection_error: 
2026-09-11T20:29:32.528381+00:00,0,591.52,connection_error: 
2026-09-11T20:29:32.559325+00:00,0,576.01,connection_error: 
2026-09-11T20:29:32.550158+00:00,0,589.19,connection_error: 
2026-09-11T20:29:32.569105+00:00,0,578.73,connection_error: 
2026-09-11T20:29:32.576620+00:00,0,575.53,connection_error: 
2026-09-11T20:29:32.592431+00:00,0,566.43,connection_error: 
2026-09-11T20:29:32.590490+00:00,0,581.85,connection_error: 
2026-09-11T20:29:32.576620+00:00,0,598.43,connection_error: 
2026-09-11T20:29:32.592431+00:00,0,587.48,connection_error: 
2026-09-11T20:29:32.643891+00:00,0,553.32,connection_error: 
2026-09-11T20:29:32.638576+00:00,0,570.36,connection_error: 
2026-09-11T20:29:32.626844+00:00,0,587.42,connection_error: 
2026-09-11T20:29:32.623540+00:00,0,598.96,connection_error: 
2026-09-11T20:29:32.643891+00:00,0,580.72,connection_error: 
2026-09-11T20:29:32.606555+00:00,0,616.27,connection_error: 
2026-09-11T20:29:32.654565+00:00,0,579.71,connection_error: 
2026-09-11T20:29:32.677721+00:00,0,577.10,connection_error: 
2026-09-11T20:29:32.686405+00:00,0,573.52,connection_error: 
2026-09-11T20:29:32.702272+00:00,0,575.67,connection_error: 
2026-09-11T20:29:32.754895+00:00,0,559.70,connection_error: 
2026-09-11T20:29:32.745598+00:00,0,575.74,connection_error: 
2026-09-11T20:29:32.733736+00:00,0,592.48,connection_error: 
2026-09-11T20:29:32.770038+00:00,0,560.27,connection_error: 
2026-09-11T20:29:32.783762+00:00,0,569.44,connection_error: 
2026-09-11T20:29:32.821026+00:00,0,537.53,connection_error: 
2026-09-11T20:29:32.812777+00:00,0,552.47,connection_error: 
2026-09-11T20:29:32.877702+00:00,0,483.69,connection_error: 
2026-09-11T20:29:32.828488+00:00,0,546.12,connection_error: 
2026-09-11T20:29:32.877702+00:00,0,505.77,connection_error: 
2026-09-11T20:29:32.803097+00:00,0,585.93,connection_error: 
2026-09-11T20:29:32.877702+00:00,0,512.75,connection_error: 
2026-09-11T20:29:32.783762+00:00,0,607.24,connection_error: 
2026-09-11T20:29:32.855347+00:00,0,550.26,connection_error: 
2026-09-11T20:29:32.861507+00:00,0,543.44,connection_error: 
2026-09-11T20:29:32.839296+00:00,0,577.54,connection_error: 
2026-09-11T20:29:32.844556+00:00,0,574.28,connection_error: 
2026-09-11T20:29:32.861507+00:00,0,562.47,connection_error: 
2026-09-11T20:29:32.871018+00:00,0,557.16,connection_error: 
2026-09-11T20:29:32.917510+00:00,0,537.46,connection_error: 
2026-09-11T20:29:32.908045+00:00,0,549.97,connection_error: 
2026-09-11T20:29:32.898395+00:00,0,564.98,connection_error: 
2026-09-11T20:29:32.924032+00:00,0,550.60,connection_error: 
2026-09-11T20:29:32.926045+00:00,0,550.63,connection_error: 
2026-09-11T20:29:32.957120+00:00,0,536.15,connection_error: 
2026-09-11T20:29:32.939867+00:00,0,559.51,connection_error: 
2026-09-11T20:29:32.950571+00:00,0,551.98,connection_error: 
2026-09-11T20:29:32.939867+00:00,0,562.24,connection_error: 
2026-09-11T20:29:32.957120+00:00,0,552.80,connection_error: 
2026-09-11T20:29:32.971620+00:00,0,550.78,connection_error: 
2026-09-11T20:29:32.980813+00:00,0,552.09,connection_error: 
2026-09-11T20:29:32.992370+00:00,0,550.82,connection_error: 
2026-09-11T20:29:32.992370+00:00,0,550.13,connection_error: 
2026-09-11T20:29:33.019520+00:00,0,547.90,connection_error: 
2026-09-11T20:29:33.010557+00:00,0,562.86,connection_error: 
2026-09-11T20:29:33.027025+00:00,0,556.98,connection_error: 
2026-09-11T20:29:33.037563+00:00,0,552.32,connection_error: 
2026-09-11T20:29:33.027025+00:00,0,562.17,connection_error: 
2026-09-11T20:29:33.051864+00:00,0,556.67,connection_error: 
2026-09-11T20:29:33.067046+00:00,0,551.91,connection_error: 
2026-09-11T20:29:33.076028+00:00,0,543.21,connection_error: 
2026-09-11T20:29:33.059504+00:00,0,568.34,connection_error: 
2026-09-11T20:29:33.067046+00:00,0,563.24,connection_error: 
2026-09-11T20:29:33.076028+00:00,0,563.74,connection_error: 
2026-09-11T20:29:33.092311+00:00,0,553.52,connection_error: 
2026-09-11T20:29:33.115021+00:00,0,548.09,connection_error: 
2026-09-11T20:29:33.108574+00:00,0,559.45,connection_error: 
2026-09-11T20:29:33.115021+00:00,0,556.54,connection_error: 
2026-09-11T20:29:33.099036+00:00,0,579.04,connection_error: 
2026-09-11T20:29:33.131016+00:00,0,606.71,connection_error: 
2026-09-11T20:29:33.140859+00:00,0,606.46,connection_error: 
2026-09-11T20:29:33.147399+00:00,0,607.00,connection_error: 
2026-09-11T20:29:33.163110+00:00,0,840.51,connection_error: 
2026-09-11T20:29:33.160001+00:00,0,852.99,connection_error: 
2026-09-11T20:29:33.176921+00:00,0,841.18,connection_error: 
2026-09-11T20:29:33.180578+00:00,0,840.10,connection_error: 
2026-09-11T20:29:33.170980+00:00,0,856.47,connection_error: 
2026-09-11T20:29:33.194396+00:00,0,839.16,connection_error: 
2026-09-11T20:29:15.000024+00:00,0,19030.87,timeout
2026-09-11T20:29:15.062989+00:00,0,18985.25,timeout
2026-09-11T20:29:14.968593+00:00,0,19081.90,timeout
2026-09-11T20:29:14.984236+00:00,0,19078.07,timeout
2026-09-11T20:29:15.000024+00:00,0,19058.62,timeout
2026-09-11T20:29:14.953146+00:00,0,19110.73,timeout
2026-09-11T20:29:14.953146+00:00,0,19113.39,timeout
2026-09-11T20:29:14.968593+00:00,0,19107.14,timeout
2026-09-11T20:29:14.992218+00:00,0,19088.73,timeout
2026-09-11T20:29:15.047351+00:00,0,19036.66,timeout
2026-09-11T20:29:14.939066+00:00,0,19157.92,timeout
2026-09-11T20:29:14.953146+00:00,0,19136.34,timeout
2026-09-11T20:29:14.992218+00:00,0,19112.39,timeout
2026-09-11T20:29:14.953146+00:00,0,19153.58,timeout
2026-09-11T20:29:14.953146+00:00,0,19161.04,timeout
2026-09-11T20:29:14.968593+00:00,0,19152.32,timeout
2026-09-11T20:29:15.078676+00:00,0,19038.08,timeout
2026-09-11T20:29:15.126940+00:00,0,18996.76,timeout
2026-09-11T20:29:15.110669+00:00,0,19022.20,timeout
2026-09-11T20:29:15.031653+00:00,0,19103.24,timeout
2026-09-11T20:29:14.968593+00:00,0,19163.58,timeout
2026-09-11T20:29:14.992218+00:00,0,19158.29,timeout
2026-09-11T20:29:14.939066+00:00,0,19212.49,timeout
2026-09-11T20:29:14.939066+00:00,0,19213.41,timeout
2026-09-11T20:29:14.939066+00:00,0,19220.38,timeout
2026-09-11T20:29:15.110669+00:00,0,19059.38,timeout
2026-09-11T20:29:14.953146+00:00,0,19211.33,timeout
2026-09-11T20:29:15.075635+00:00,0,19106.89,timeout
2026-09-11T20:29:14.984236+00:00,0,19200.60,timeout
2026-09-11T20:29:15.015959+00:00,0,19170.36,timeout
2026-09-11T20:29:15.126940+00:00,0,19067.42,timeout
2026-09-11T20:29:15.031653+00:00,0,19160.05,timeout
2026-09-11T20:29:14.747073+00:00,0,19467.93,timeout
2026-09-11T20:29:14.968593+00:00,0,19250.97,timeout
2026-09-11T20:29:14.727080+00:00,0,19499.13,timeout
2026-09-11T20:29:14.738662+00:00,0,19491.07,timeout
2026-09-11T20:29:14.921669+00:00,0,19304.08,timeout
2026-09-11T20:29:14.721323+00:00,0,19518.84,timeout
2026-09-11T20:29:14.937057+00:00,0,19313.51,timeout
2026-09-11T20:29:14.921669+00:00,0,19324.47,timeout
2026-09-11T20:29:14.939066+00:00,0,19318.44,timeout
2026-09-11T20:29:14.939066+00:00,0,19327.00,timeout
2026-09-11T20:29:14.921669+00:00,0,19347.39,timeout
2026-09-11T20:29:14.921669+00:00,0,19345.93,timeout
2026-09-11T20:29:15.074631+00:00,0,19206.09,timeout
2026-09-11T20:29:14.727080+00:00,0,19558.09,timeout
2026-09-11T20:29:15.015959+00:00,0,19269.68,timeout
2026-09-11T20:29:14.738662+00:00,0,19550.45,timeout
2026-09-11T20:29:14.747073+00:00,0,19548.48,timeout
2026-09-11T20:29:14.968593+00:00,0,19327.81,timeout
2026-09-11T20:29:14.715054+00:00,0,19593.10,timeout
2026-09-11T20:29:14.747073+00:00,0,19567.54,timeout
2026-09-11T20:29:14.921669+00:00,0,19397.08,timeout
2026-09-11T20:29:14.738662+00:00,0,19586.24,timeout
2026-09-11T20:29:14.747073+00:00,0,19577.82,timeout
2026-09-11T20:29:14.939066+00:00,0,19386.33,timeout
2026-09-11T20:29:14.721323+00:00,0,19620.58,timeout
2026-09-11T20:29:14.921669+00:00,0,19419.29,timeout
2026-09-11T20:29:14.738662+00:00,0,19615.14,timeout
2026-09-11T20:29:14.721323+00:00,0,19637.11,timeout
2026-09-11T20:29:14.747073+00:00,0,19616.15,timeout
2026-09-11T20:29:14.715054+00:00,0,19651.90,timeout
2026-09-11T20:29:14.715054+00:00,0,19659.04,timeout
2026-09-11T20:29:15.094540+00:00,0,19277.66,timeout
2026-09-11T20:29:14.921669+00:00,0,19452.33,timeout
2026-09-11T20:29:15.122208+00:00,0,19268.82,timeout
2026-09-11T20:29:15.094540+00:00,0,19289.70,timeout
2026-09-11T20:29:15.092536+00:00,0,19308.94,timeout
2026-09-11T20:29:15.094540+00:00,0,19307.51,timeout
2026-09-11T20:29:15.094540+00:00,0,19318.45,timeout
2026-09-11T20:29:15.110669+00:00,0,19301.91,timeout
2026-09-11T20:29:15.110669+00:00,0,19306.82,timeout
2026-09-11T20:29:15.047351+00:00,0,19378.87,timeout
2026-09-11T20:29:15.062989+00:00,0,19370.72,timeout
2026-09-11T20:29:15.078676+00:00,0,19361.69,timeout
2026-09-11T20:29:15.062989+00:00,0,19381.07,timeout
2026-09-11T20:29:15.094540+00:00,0,19360.75,timeout
2026-09-11T20:29:15.031653+00:00,0,19428.94,timeout
2026-09-11T20:29:15.094540+00:00,0,19374.78,timeout
2026-09-11T20:29:15.078676+00:00,0,19395.41,timeout
2026-09-11T20:29:15.047351+00:00,0,19423.59,timeout
2026-09-11T20:29:15.062989+00:00,0,19427.74,timeout
2026-09-11T20:29:15.030648+00:00,0,19467.64,timeout
2026-09-11T20:29:15.078676+00:00,0,19423.76,timeout
2026-09-11T20:29:15.031653+00:00,0,19467.56,timeout
2026-09-11T20:29:15.031653+00:00,0,19484.83,timeout
2026-09-11T20:29:15.047351+00:00,0,19476.98,timeout
2026-09-11T20:29:15.122208+00:00,0,19407.18,timeout
2026-09-11T20:29:15.047351+00:00,0,19486.11,timeout
2026-09-11T20:29:15.015959+00:00,0,19525.00,timeout
2026-09-11T20:29:15.047351+00:00,0,19502.60,timeout
2026-09-11T20:29:15.015959+00:00,0,19534.46,timeout
2026-09-11T20:29:15.078676+00:00,0,19488.01,timeout
2026-09-11T20:29:15.031653+00:00,0,19529.44,timeout
2026-09-11T20:29:15.015959+00:00,0,19552.21,timeout
2026-09-11T20:29:15.000024+00:00,0,19568.63,timeout
2026-09-11T20:29:15.094540+00:00,0,19476.22,timeout
2026-09-11T20:29:15.031653+00:00,0,19550.96,timeout
2026-09-11T20:29:15.078676+00:00,0,19505.26,timeout
2026-09-11T20:29:15.000024+00:00,0,19601.29,timeout
2026-09-11T20:29:15.000024+00:00,0,19601.90,timeout
2026-09-11T20:29:15.078676+00:00,0,19526.26,timeout
2026-09-11T20:29:15.015959+00:00,0,19591.05,timeout
2026-09-11T20:29:15.000024+00:00,0,19621.72,timeout
2026-09-11T20:29:15.000024+00:00,0,19618.33,timeout
2026-09-11T20:29:14.984236+00:00,0,19644.79,timeout
2026-09-11T20:29:15.047351+00:00,0,19580.06,timeout
2026-09-11T20:29:15.110669+00:00,0,19528.12,timeout
2026-09-11T20:29:15.062989+00:00,0,19583.65,timeout
2026-09-11T20:29:15.000024+00:00,0,19647.66,timeout
2026-09-11T20:29:14.952584+00:00,0,19706.91,timeout
2026-09-11T20:29:14.992218+00:00,0,19674.11,timeout
2026-09-11T20:29:14.968593+00:00,0,19691.29,timeout
2026-09-11T20:29:33.237368+00:00,0,1967.83,connection_error: 
2026-09-11T20:29:33.217489+00:00,0,1994.42,connection_error: 
2026-09-11T20:29:33.226425+00:00,0,1988.58,connection_error: 
2026-09-11T20:29:33.199022+00:00,0,2015.22,connection_error: 
2026-09-11T20:29:33.226425+00:00,0,1991.13,connection_error: 
2026-09-11T20:29:33.210062+00:00,0,2016.77,connection_error: 
2026-09-11T20:29:33.223019+00:00,0,2011.32,connection_error: 
2026-09-11T20:29:15.456991+00:00,0,19797.59,timeout
2026-09-11T20:29:15.492772+00:00,0,19765.53,timeout
2026-09-11T20:29:15.477016+00:00,0,19791.57,timeout
2026-09-11T20:29:15.504761+00:00,0,19768.18,timeout
2026-09-11T20:29:15.456991+00:00,0,19809.81,timeout
2026-09-11T20:29:15.456991+00:00,0,19816.82,timeout
2026-09-11T20:29:15.477016+00:00,0,19802.90,timeout
2026-09-11T20:29:15.489193+00:00,0,19803.87,timeout
2026-09-11T20:29:15.441298+00:00,0,19853.21,timeout
2026-09-11T20:29:15.472764+00:00,0,19827.61,timeout
2026-09-11T20:29:15.441298+00:00,0,19858.39,timeout
2026-09-11T20:29:15.441298+00:00,0,19859.74,timeout
2026-09-11T20:29:15.409630+00:00,0,19899.55,timeout
2026-09-11T20:29:15.456991+00:00,0,19855.72,timeout
2026-09-11T20:29:15.425261+00:00,0,19889.08,timeout
2026-09-11T20:29:15.504761+00:00,0,19815.56,timeout
2026-09-11T20:29:15.425261+00:00,0,19901.33,timeout
2026-09-11T20:29:15.425261+00:00,0,19900.01,timeout
2026-09-11T20:29:15.409630+00:00,0,19922.56,timeout
2026-09-11T20:29:15.409630+00:00,0,19923.00,timeout
2026-09-11T20:29:15.441298+00:00,0,19895.42,timeout
2026-09-11T20:29:15.477016+00:00,0,19871.97,timeout
2026-09-11T20:29:15.477016+00:00,0,19882.48,timeout
2026-09-11T20:29:15.409630+00:00,0,19951.68,timeout
2026-09-11T20:29:15.441298+00:00,0,19914.95,timeout
2026-09-11T20:29:15.393537+00:00,0,19963.68,timeout
2026-09-11T20:29:15.377803+00:00,0,19986.47,timeout
2026-09-11T20:29:15.377803+00:00,0,19997.87,timeout
2026-09-11T20:29:15.393537+00:00,0,19991.95,timeout
2026-09-11T20:29:15.409630+00:00,0,19980.50,timeout
2026-09-11T20:29:15.393537+00:00,0,19990.22,timeout
2026-09-11T20:29:15.346834+00:00,0,20042.12,timeout
2026-09-11T20:29:15.377803+00:00,0,20023.60,timeout
2026-09-11T20:29:15.409630+00:00,0,19992.26,timeout
2026-09-11T20:29:15.409630+00:00,0,19992.80,timeout
2026-09-11T20:29:15.377803+00:00,0,20033.90,timeout
2026-09-11T20:29:15.425261+00:00,0,19995.76,timeout
2026-09-11T20:29:15.346834+00:00,0,20076.98,timeout
2026-09-11T20:29:15.361940+00:00,0,20069.35,timeout
2026-09-11T20:29:15.393537+00:00,0,20040.37,timeout
2026-09-11T20:29:15.361940+00:00,0,20065.39,timeout
2026-09-11T20:29:15.504761+00:00,0,19940.12,timeout
2026-09-11T20:29:15.346834+00:00,0,20096.30,timeout
2026-09-11T20:29:15.377803+00:00,0,20065.34,timeout
2026-09-11T20:29:15.361940+00:00,0,20084.16,timeout
2026-09-11T20:29:15.361940+00:00,0,20084.71,timeout
2026-09-11T20:29:15.393537+00:00,0,20061.50,timeout
2026-09-11T20:29:15.346834+00:00,0,20109.01,timeout
2026-09-11T20:29:15.322782+00:00,0,20147.01,timeout
2026-09-11T20:29:15.393537+00:00,0,20075.94,timeout
2026-09-11T20:29:15.361940+00:00,0,20117.07,timeout
2026-09-11T20:29:15.346834+00:00,0,20131.59,timeout
2026-09-11T20:29:15.409630+00:00,0,20074.32,timeout
2026-09-11T20:29:15.346834+00:00,0,20138.58,timeout
2026-09-11T20:29:15.314726+00:00,0,20182.68,timeout
2026-09-11T20:29:15.361940+00:00,0,20134.71,timeout
2026-09-11T20:29:15.298906+00:00,0,20206.13,timeout
2026-09-11T20:29:15.290606+00:00,0,20225.57,timeout
2026-09-11T20:29:15.298906+00:00,0,20211.04,timeout
2026-09-11T20:29:15.361940+00:00,0,20160.04,timeout
2026-09-11T20:29:15.314726+00:00,0,20213.77,timeout
2026-09-11T20:29:15.339940+00:00,0,20198.71,timeout
2026-09-11T20:29:15.322782+00:00,0,20220.05,timeout
2026-09-11T20:29:15.298906+00:00,0,20248.03,timeout
2026-09-11T20:29:15.339940+00:00,0,20212.97,timeout
2026-09-11T20:29:15.251762+00:00,0,20306.93,timeout
2026-09-11T20:29:15.296903+00:00,0,20270.65,timeout
2026-09-11T20:29:15.346834+00:00,0,20225.23,timeout
2026-09-11T20:29:15.298906+00:00,0,20278.96,timeout
2026-09-11T20:29:15.298906+00:00,0,20273.85,timeout
2026-09-11T20:29:15.275756+00:00,0,20313.01,timeout
2026-09-11T20:29:15.331127+00:00,0,20258.34,timeout
2026-09-11T20:29:15.331127+00:00,0,20267.43,timeout
2026-09-11T20:29:15.331127+00:00,0,20266.80,timeout
2026-09-11T20:29:15.322782+00:00,0,20286.08,timeout
2026-09-11T20:29:15.283070+00:00,0,20330.71,timeout
2026-09-11T20:29:15.331127+00:00,0,20286.47,timeout
2026-09-11T20:29:15.298906+00:00,0,20323.50,timeout
2026-09-11T20:29:15.275756+00:00,0,20348.27,timeout
2026-09-11T20:29:15.235815+00:00,0,20390.04,timeout
2026-09-11T20:29:15.285850+00:00,0,20354.14,timeout
2026-09-11T20:29:15.275756+00:00,0,20365.89,timeout
2026-09-11T20:29:15.267405+00:00,0,20379.05,timeout
2026-09-11T20:29:15.393537+00:00,0,20254.93,timeout
2026-09-11T20:29:15.288482+00:00,0,20371.93,timeout
2026-09-11T20:29:15.235815+00:00,0,20416.44,timeout
2026-09-11T20:29:15.267405+00:00,0,20400.50,timeout
2026-09-11T20:29:15.235815+00:00,0,20435.30,timeout
2026-09-11T20:29:15.331127+00:00,0,20340.55,timeout
2026-09-11T20:29:15.251762+00:00,0,20431.31,timeout
2026-09-11T20:29:15.361940+00:00,0,20319.75,timeout
2026-09-11T20:29:15.251762+00:00,0,20432.88,timeout
2026-09-11T20:29:15.275756+00:00,0,20421.07,timeout
2026-09-11T20:29:15.251762+00:00,0,20438.21,timeout
2026-09-11T20:29:15.251762+00:00,0,20449.07,timeout
2026-09-11T20:29:15.251762+00:00,0,20450.20,timeout
2026-09-11T20:29:15.220041+00:00,0,20484.73,timeout
2026-09-11T20:29:15.235815+00:00,0,20485.32,timeout
2026-09-11T20:29:15.292687+00:00,0,20435.05,timeout
2026-09-11T20:29:15.456991+00:00,0,20266.96,timeout
2026-09-11T20:29:15.235815+00:00,0,20485.98,timeout
2026-09-11T20:29:15.425261+00:00,0,20311.38,timeout
2026-09-11T20:29:15.235815+00:00,0,20500.14,timeout
2026-09-11T20:29:15.251762+00:00,0,20494.61,timeout
2026-09-11T20:29:15.220041+00:00,0,20535.55,timeout
2026-09-11T20:29:15.220041+00:00,0,20530.71,timeout
2026-09-11T20:29:15.204353+00:00,0,20557.27,timeout
2026-09-11T20:29:15.441298+00:00,0,20330.13,timeout
2026-09-11T20:29:15.204353+00:00,0,20569.27,timeout
2026-09-11T20:29:15.220041+00:00,0,20554.56,timeout
2026-09-11T20:29:15.298906+00:00,0,20473.91,timeout
2026-09-11T20:29:15.392533+00:00,0,20400.02,timeout
2026-09-11T20:29:15.211986+00:00,0,20579.56,timeout
2026-09-11T20:29:15.192463+00:00,0,20601.33,timeout
2026-09-11T20:29:15.235815+00:00,0,20568.90,timeout
2026-09-11T20:29:15.211986+00:00,0,20603.08,timeout
2026-09-11T20:29:15.251762+00:00,0,20556.19,timeout
2026-09-11T20:29:15.220041+00:00,0,20605.76,timeout
2026-09-11T20:29:15.377803+00:00,0,20455.35,timeout
2026-09-11T20:29:15.339940+00:00,0,20495.35,timeout
2026-09-11T20:29:15.192463+00:00,0,20648.72,timeout
2026-09-11T20:29:15.192463+00:00,0,20660.34,timeout
2026-09-11T20:29:15.220041+00:00,0,20630.49,timeout
2026-09-11T20:29:15.173086+00:00,0,20678.78,timeout
2026-09-11T20:29:15.188723+00:00,0,20680.08,timeout
2026-09-11T20:29:15.192463+00:00,0,20679.14,timeout
2026-09-11T20:29:15.322782+00:00,0,20550.97,timeout
2026-09-11T20:29:15.188723+00:00,0,20692.76,timeout
2026-09-11T20:29:15.211986+00:00,0,20673.68,timeout
2026-09-11T20:29:15.173086+00:00,0,20717.93,timeout
2026-09-11T20:29:15.173086+00:00,0,20724.56,timeout
2026-09-11T20:29:15.173086+00:00,0,20721.51,timeout
2026-09-11T20:29:15.298906+00:00,0,20604.15,timeout
2026-09-11T20:29:15.157324+00:00,0,20748.22,timeout
2026-09-11T20:29:15.157324+00:00,0,20759.31,timeout
2026-09-11T20:29:15.157324+00:00,0,20756.45,timeout
2026-09-11T20:29:15.173086+00:00,0,20753.66,timeout
2026-09-11T20:29:15.314726+00:00,0,20617.84,timeout
2026-09-11T20:29:15.314726+00:00,0,20627.04,timeout
2026-09-11T20:29:15.294797+00:00,0,20651.96,timeout
2026-09-11T20:29:15.267405+00:00,0,20678.09,timeout
2026-09-11T20:29:15.393537+00:00,0,20558.08,timeout
2026-09-11T20:29:15.142063+00:00,0,20808.42,timeout
2026-09-11T20:29:15.157324+00:00,0,20799.39,timeout
2026-09-11T20:29:15.142063+00:00,0,20822.07,timeout
2026-09-11T20:29:15.220041+00:00,0,20740.60,timeout
2026-09-11T20:29:15.142063+00:00,0,20824.53,timeout
2026-09-11T20:29:15.157324+00:00,0,20814.16,timeout
2026-09-11T20:29:15.173086+00:00,0,20803.28,timeout
2026-09-11T20:29:15.126940+00:00,0,20863.72,timeout
2026-09-11T20:29:15.235815+00:00,0,20758.21,timeout
2026-09-11T20:29:15.192463+00:00,0,20802.37,timeout
2026-09-11T20:29:15.142063+00:00,0,20861.12,timeout
2026-09-11T20:29:15.142063+00:00,0,20862.30,timeout
2026-09-11T20:29:15.126940+00:00,0,20892.88,timeout
2026-09-11T20:29:15.220041+00:00,0,20800.87,timeout
2026-09-11T20:29:15.139939+00:00,0,20890.56,timeout
2026-09-11T20:29:15.211986+00:00,0,20817.20,timeout
2026-09-11T20:29:15.157324+00:00,0,20877.06,timeout
2026-09-11T20:29:15.126940+00:00,0,20909.83,timeout
2026-09-11T20:29:15.157324+00:00,0,20892.48,timeout
2026-09-11T20:29:15.126940+00:00,0,20929.22,timeout
2026-09-11T20:29:15.126940+00:00,0,20922.43,timeout
2026-09-11T20:29:15.157324+00:00,0,20905.52,timeout
2026-09-11T20:29:15.192463+00:00,0,20873.39,timeout
2026-09-11T20:29:15.094540+00:00,0,20969.92,timeout
2026-09-11T20:29:15.142063+00:00,0,20938.20,timeout
2026-09-11T20:29:15.142063+00:00,0,20941.19,timeout
2026-09-11T20:29:15.204353+00:00,0,20887.37,timeout
2026-09-11T20:29:15.173086+00:00,0,20916.11,timeout
2026-09-11T20:29:15.094540+00:00,0,20999.36,timeout
2026-09-11T20:29:15.173086+00:00,0,20929.52,timeout
2026-09-11T20:29:15.211986+00:00,0,20903.72,timeout
2026-09-11T20:29:15.552990+00:00,0,20560.91,timeout
2026-09-11T20:29:15.536729+00:00,0,20587.86,timeout
2026-09-11T20:29:15.552990+00:00,0,20577.59,timeout
2026-09-11T20:29:15.583150+00:00,0,20549.05,timeout
2026-09-11T20:29:15.592938+00:00,0,20552.38,timeout
2026-09-11T20:29:15.552990+00:00,0,20592.95,timeout
2026-09-11T20:29:15.598899+00:00,0,20548.79,timeout
2026-09-11T20:29:15.567397+00:00,0,20594.34,timeout
2026-09-11T20:29:15.552990+00:00,0,20621.04,timeout
2026-09-11T20:29:15.583150+00:00,0,20596.79,timeout
2026-09-11T20:29:15.567397+00:00,0,20620.85,timeout
2026-09-11T20:29:15.552990+00:00,0,20637.57,timeout
2026-09-11T20:29:15.548918+00:00,0,20661.12,timeout
2026-09-11T20:29:15.567397+00:00,0,20642.11,timeout
2026-09-11T20:29:15.545144+00:00,0,20681.42,timeout
2026-09-11T20:29:15.523001+00:00,0,20699.02,timeout
2026-09-11T20:29:15.567397+00:00,0,20672.13,timeout
2026-09-11T20:29:15.504761+00:00,0,20734.51,timeout
2026-09-11T20:29:15.520433+00:00,0,20730.57,timeout
2026-09-11T20:29:15.523001+00:00,0,20729.68,timeout
2026-09-11T20:29:15.492772+00:00,0,20770.58,timeout
2026-09-11T20:29:15.567397+00:00,0,20697.95,timeout
2026-09-11T20:29:15.523001+00:00,0,20753.90,timeout
2026-09-11T20:29:15.504761+00:00,0,20770.70,timeout
2026-09-11T20:29:15.492772+00:00,0,20801.16,timeout
2026-09-11T20:29:15.492772+00:00,0,20802.86,timeout
2026-09-11T20:29:15.598899+00:00,0,20695.66,timeout
2026-09-11T20:29:15.523001+00:00,0,20783.13,timeout
2026-09-11T20:29:15.945711+00:00,0,20365.43,timeout
2026-09-11T20:29:15.929662+00:00,0,20382.77,timeout
2026-09-11T20:29:15.929662+00:00,0,20389.15,timeout
2026-09-11T20:29:15.941433+00:00,0,20383.14,timeout
2026-09-11T20:29:15.897674+00:00,0,20424.05,timeout
2026-09-11T20:29:15.913441+00:00,0,20422.23,timeout
2026-09-11T20:29:15.929662+00:00,0,20409.90,timeout
2026-09-11T20:29:15.941433+00:00,0,20404.60,timeout
2026-09-11T20:29:15.929662+00:00,0,20413.94,timeout
2026-09-11T20:29:15.923823+00:00,0,20427.79,timeout
2026-09-11T20:29:15.923823+00:00,0,20436.72,timeout
2026-09-11T20:29:15.913441+00:00,0,20445.61,timeout
2026-09-11T20:29:15.913441+00:00,0,20447.83,timeout
2026-09-11T20:29:15.897674+00:00,0,20475.60,timeout
2026-09-11T20:29:15.897674+00:00,0,20470.17,timeout
2026-09-11T20:29:15.913441+00:00,0,20466.64,timeout
2026-09-11T20:29:15.878542+00:00,0,20510.10,timeout
2026-09-11T20:29:15.913441+00:00,0,20478.59,timeout
2026-09-11T20:29:15.866089+00:00,0,20524.45,timeout
2026-09-11T20:29:15.897674+00:00,0,20492.91,timeout
2026-09-11T20:29:15.897674+00:00,0,20504.46,timeout
2026-09-11T20:29:15.881781+00:00,0,20528.72,timeout
2026-09-11T20:29:15.892987+00:00,0,20525.15,timeout
2026-09-11T20:29:15.881781+00:00,0,20536.20,timeout
2026-09-11T20:29:15.876967+00:00,0,20551.72,timeout
2026-09-11T20:29:15.850302+00:00,0,20580.26,timeout
2026-09-11T20:29:15.881781+00:00,0,20546.53,timeout
2026-09-11T20:29:15.881781+00:00,0,20563.04,timeout
2026-09-11T20:29:15.866089+00:00,0,20585.29,timeout
2026-09-11T20:29:15.850302+00:00,0,20594.53,timeout
2026-09-11T20:29:15.897674+00:00,0,20561.02,timeout
2026-09-11T20:29:15.881781+00:00,0,20576.90,timeout
2026-09-11T20:29:15.878542+00:00,0,20590.63,timeout
2026-09-11T20:29:15.866089+00:00,0,20604.48,timeout
2026-09-11T20:29:15.866089+00:00,0,20611.40,timeout
2026-09-11T20:29:15.892987+00:00,0,20590.70,timeout
2026-09-11T20:29:15.850302+00:00,0,20632.12,timeout
2026-09-11T20:29:15.836839+00:00,0,20652.29,timeout
2026-09-11T20:29:15.850302+00:00,0,20646.48,timeout
2026-09-11T20:29:15.836839+00:00,0,20658.20,timeout
2026-09-11T20:29:15.772015+00:00,0,20734.55,timeout
2026-09-11T20:29:15.803290+00:00,0,20699.66,timeout
2026-09-11T20:29:15.834630+00:00,0,20688.49,timeout
2026-09-11T20:29:15.850302+00:00,0,20664.37,timeout
2026-09-11T20:29:15.836839+00:00,0,20697.53,timeout
2026-09-11T20:29:15.836839+00:00,0,20699.41,timeout
2026-09-11T20:29:15.850302+00:00,0,20693.64,timeout
2026-09-11T20:29:15.803290+00:00,0,20734.31,timeout
2026-09-11T20:29:15.836839+00:00,0,20711.95,timeout
2026-09-11T20:29:15.850302+00:00,0,20701.63,timeout
2026-09-11T20:29:15.818982+00:00,0,20733.75,timeout
2026-09-11T20:29:15.818982+00:00,0,20736.75,timeout
2026-09-11T20:29:15.836839+00:00,0,20727.20,timeout
2026-09-11T20:29:15.818982+00:00,0,20752.62,timeout
2026-09-11T20:29:15.818982+00:00,0,20759.98,timeout
2026-09-11T20:29:15.897674+00:00,0,20685.82,timeout
2026-09-11T20:29:15.818982+00:00,0,20771.80,timeout
2026-09-11T20:29:15.787658+00:00,0,20808.85,timeout
2026-09-11T20:29:15.803290+00:00,0,20795.39,timeout
2026-09-11T20:29:15.787658+00:00,0,20823.27,timeout
2026-09-11T20:29:15.792952+00:00,0,20814.07,timeout
2026-09-11T20:29:15.792952+00:00,0,20821.31,timeout
2026-09-11T20:29:15.792952+00:00,0,20828.63,timeout
2026-09-11T20:29:15.792952+00:00,0,20838.90,timeout
2026-09-11T20:29:15.803290+00:00,0,20827.28,timeout
2026-09-11T20:29:15.803290+00:00,0,20838.56,timeout
2026-09-11T20:29:15.803290+00:00,0,20835.48,timeout
2026-09-11T20:29:15.803290+00:00,0,20847.15,timeout
2026-09-11T20:29:15.792952+00:00,0,20862.86,timeout
2026-09-11T20:29:15.787658+00:00,0,20872.78,timeout
2026-09-11T20:29:15.818982+00:00,0,20851.04,timeout
2026-09-11T20:29:15.772015+00:00,0,20901.03,timeout
2026-09-11T20:29:15.772015+00:00,0,20900.48,timeout
2026-09-11T20:29:15.756802+00:00,0,20929.12,timeout
2026-09-11T20:29:15.740866+00:00,0,20947.31,timeout
2026-09-11T20:29:15.772015+00:00,0,20912.86,timeout
2026-09-11T20:29:15.756802+00:00,0,20933.10,timeout
2026-09-11T20:29:15.740866+00:00,0,20957.74,timeout
2026-09-11T20:29:15.756802+00:00,0,20948.71,timeout
2026-09-11T20:29:15.756802+00:00,0,20960.12,timeout
2026-09-11T20:29:15.756802+00:00,0,20969.67,timeout
2026-09-11T20:29:15.772015+00:00,0,20949.81,timeout
2026-09-11T20:29:15.756802+00:00,0,20978.93,timeout
2026-09-11T20:29:15.772015+00:00,0,20969.41,timeout
2026-09-11T20:29:15.772015+00:00,0,20980.87,timeout
2026-09-11T20:29:15.756802+00:00,0,20990.50,timeout
2026-09-11T20:29:15.740866+00:00,0,21010.31,timeout
2026-09-11T20:29:15.712273+00:00,0,21049.72,timeout
2026-09-11T20:29:15.692944+00:00,0,21071.30,timeout
2026-09-11T20:29:15.712273+00:00,0,21065.37,timeout
2026-09-11T20:29:15.740866+00:00,0,21043.14,timeout
2026-09-11T20:29:15.756802+00:00,0,21034.29,timeout
2026-09-11T20:29:15.712273+00:00,0,21083.39,timeout
2026-09-11T20:29:15.740866+00:00,0,21070.97,timeout
2026-09-11T20:29:15.725040+00:00,0,21088.87,timeout
2026-09-11T20:29:15.818982+00:00,0,21002.10,timeout
2026-09-11T20:29:15.740866+00:00,0,21087.15,timeout
2026-09-11T20:29:15.725040+00:00,0,21112.60,timeout
2026-09-11T20:29:15.708594+00:00,0,21139.21,timeout
2026-09-11T20:29:15.725040+00:00,0,21122.89,timeout
2026-09-11T20:29:15.740866+00:00,0,21121.51,timeout
2026-09-11T20:29:15.725040+00:00,0,21142.42,timeout
2026-09-11T20:29:15.725040+00:00,0,21139.59,timeout
2026-09-11T20:29:15.725040+00:00,0,21142.94,timeout
2026-09-11T20:29:15.677695+00:00,0,21205.82,timeout
2026-09-11T20:29:15.725040+00:00,0,21168.65,timeout
2026-09-11T20:29:15.712273+00:00,0,21184.92,timeout
2026-09-11T20:29:15.725040+00:00,0,21176.91,timeout
2026-09-11T20:29:15.712273+00:00,0,21193.24,timeout
2026-09-11T20:29:15.708594+00:00,0,21204.99,timeout
2026-09-11T20:29:15.692944+00:00,0,21218.92,timeout
2026-09-11T20:29:15.677695+00:00,0,21233.03,timeout
2026-09-11T20:29:15.677695+00:00,0,21241.39,timeout
2026-09-11T20:29:15.692944+00:00,0,21234.18,timeout
2026-09-11T20:29:15.692944+00:00,0,21243.76,timeout
2026-09-11T20:29:15.692944+00:00,0,21253.78,timeout
2026-09-11T20:29:15.692944+00:00,0,21246.37,timeout
2026-09-11T20:29:15.677695+00:00,0,21270.98,timeout
2026-09-11T20:29:15.692944+00:00,0,21267.63,timeout
2026-09-11T20:29:15.677695+00:00,0,21283.23,timeout
2026-09-11T20:29:15.630543+00:00,0,21336.75,timeout
2026-09-11T20:29:15.677695+00:00,0,21295.85,timeout
2026-09-11T20:29:15.661846+00:00,0,21314.36,timeout
2026-09-11T20:29:15.677695+00:00,0,21310.22,timeout
2026-09-11T20:29:15.646194+00:00,0,21338.69,timeout
2026-09-11T20:29:15.661846+00:00,0,21334.54,timeout
2026-09-11T20:29:15.661846+00:00,0,21344.75,timeout
2026-09-11T20:29:15.646194+00:00,0,21363.86,timeout
2026-09-11T20:29:15.646194+00:00,0,21362.41,timeout
2026-09-11T20:29:15.677695+00:00,0,21344.88,timeout
2026-09-11T20:29:15.646194+00:00,0,21375.03,timeout
2026-09-11T20:29:15.646194+00:00,0,21373.53,timeout
2026-09-11T20:29:15.646194+00:00,0,21387.64,timeout
2026-09-11T20:29:15.630543+00:00,0,21400.61,timeout
2026-09-11T20:29:15.630543+00:00,0,21403.83,timeout
2026-09-11T20:29:15.661846+00:00,0,21384.92,timeout
2026-09-11T20:29:15.630543+00:00,0,21428.41,timeout
2026-09-11T20:29:15.630543+00:00,0,21427.56,timeout
2026-09-11T20:29:15.614788+00:00,0,21450.61,timeout
2026-09-11T20:29:15.661846+00:00,0,21404.04,timeout
2026-09-11T20:29:15.661846+00:00,0,21420.07,timeout
2026-09-11T20:29:15.614788+00:00,0,21460.56,timeout
2026-09-11T20:29:15.630543+00:00,0,21463.13,timeout
2026-09-11T20:29:15.598899+00:00,0,21497.44,timeout
2026-09-11T20:29:15.583150+00:00,0,21518.35,timeout
2026-09-11T20:29:15.567397+00:00,0,21531.21,timeout
2026-09-11T20:29:15.661846+00:00,0,21447.90,timeout
2026-09-11T20:29:15.614788+00:00,0,21504.47,timeout
2026-09-11T20:29:15.614788+00:00,0,21501.79,timeout
2026-09-11T20:29:15.866089+00:00,0,21264.97,timeout
2026-09-11T20:29:15.598899+00:00,0,21533.89,timeout
2026-09-11T20:29:15.614788+00:00,0,21523.77,timeout
2026-09-11T20:29:15.598899+00:00,0,21537.02,timeout
2026-09-11T20:29:15.592938+00:00,0,21559.91,timeout
2026-09-11T20:29:15.552990+00:00,0,21595.47,timeout
2026-09-11T20:29:15.567397+00:00,0,21583.47,timeout
2026-09-11T20:29:15.592938+00:00,0,21574.27,timeout
2026-09-11T20:29:15.598899+00:00,0,21576.96,timeout
2026-09-11T20:29:16.432777+00:00,0,20747.40,timeout
2026-09-11T20:29:16.432777+00:00,0,20755.62,timeout
2026-09-11T20:29:16.369978+00:00,0,20823.12,timeout
2026-09-11T20:29:16.339111+00:00,0,20858.89,timeout
2026-09-11T20:29:16.228179+00:00,0,20971.49,timeout
2026-09-11T20:29:16.135157+00:00,0,21076.18,timeout
2026-09-11T20:29:16.416985+00:00,0,20795.25,timeout
2026-09-11T20:29:16.385617+00:00,0,20837.75,timeout
2026-09-11T20:29:16.416985+00:00,0,20809.32,timeout
2026-09-11T20:29:16.416985+00:00,0,20817.44,timeout
2026-09-11T20:29:16.401317+00:00,0,20830.10,timeout
2026-09-11T20:29:16.369978+00:00,0,20870.76,timeout
2026-09-11T20:29:16.432777+00:00,0,20811.10,timeout
2026-09-11T20:29:16.416985+00:00,0,20835.99,timeout
2026-09-11T20:29:16.416985+00:00,0,20838.26,timeout
2026-09-11T20:29:16.393500+00:00,0,20878.53,timeout
2026-09-11T20:29:16.432777+00:00,0,20839.70,timeout
2026-09-11T20:29:16.324194+00:00,0,20950.76,timeout
2026-09-11T20:29:16.307041+00:00,0,20977.28,timeout
2026-09-11T20:29:16.324194+00:00,0,20977.45,timeout
2026-09-11T20:29:16.354850+00:00,0,20954.15,timeout
2026-09-11T20:29:16.401317+00:00,0,20910.83,timeout
2026-09-11T20:29:16.432777+00:00,0,20877.19,timeout
2026-09-11T20:29:16.279287+00:00,0,21050.91,timeout
2026-09-11T20:29:16.293409+00:00,0,21032.23,timeout
2026-09-11T20:29:16.393500+00:00,0,20950.86,timeout
2026-09-11T20:29:16.369978+00:00,0,20968.27,timeout
2026-09-11T20:29:16.369978+00:00,0,20980.94,timeout
2026-09-11T20:29:16.354850+00:00,0,21004.12,timeout
2026-09-11T20:29:16.324194+00:00,0,21042.22,timeout
2026-09-11T20:29:16.401317+00:00,0,20980.99,timeout
2026-09-11T20:29:16.385617+00:00,0,21001.56,timeout
2026-09-11T20:29:16.354850+00:00,0,21033.50,timeout
2026-09-11T20:29:16.393500+00:00,0,21005.00,timeout
2026-09-11T20:29:16.369978+00:00,0,21031.47,timeout
2026-09-11T20:29:16.393500+00:00,0,21024.22,timeout
2026-09-11T20:29:16.342106+00:00,0,21081.83,timeout
2026-09-11T20:29:16.307041+00:00,0,21119.47,timeout
2026-09-11T20:29:16.369978+00:00,0,21067.01,timeout
2026-09-11T20:29:16.307041+00:00,0,21140.01,timeout
2026-09-11T20:29:16.244191+00:00,0,21219.15,timeout
2026-09-11T20:29:16.307041+00:00,0,21152.13,timeout
2026-09-11T20:29:16.228179+00:00,0,21248.63,timeout
2026-09-11T20:29:16.293409+00:00,0,21184.92,timeout
2026-09-11T20:29:16.293409+00:00,0,21194.90,timeout
2026-09-11T20:29:16.228179+00:00,0,21259.55,timeout
2026-09-11T20:29:16.281044+00:00,0,21225.85,timeout
2026-09-11T20:29:16.228179+00:00,0,21288.55,timeout
2026-09-11T20:29:16.212527+00:00,0,21305.51,timeout
2026-09-11T20:29:16.354850+00:00,0,21172.90,timeout
2026-09-11T20:29:16.197390+00:00,0,21328.65,timeout
2026-09-11T20:29:16.197390+00:00,0,21337.09,timeout
2026-09-11T20:29:16.197390+00:00,0,21338.71,timeout
2026-09-11T20:29:16.212527+00:00,0,21332.13,timeout
2026-09-11T20:29:16.244191+00:00,0,21304.92,timeout
2026-09-11T20:29:16.212527+00:00,0,21347.09,timeout
2026-09-11T20:29:16.212527+00:00,0,21348.12,timeout
2026-09-11T20:29:16.212527+00:00,0,21363.97,timeout
2026-09-11T20:29:16.197390+00:00,0,21381.92,timeout
2026-09-11T20:29:16.197390+00:00,0,21394.85,timeout
2026-09-11T20:29:16.150861+00:00,0,21438.13,timeout
2026-09-11T20:29:16.181701+00:00,0,21417.17,timeout
2026-09-11T20:29:16.416985+00:00,0,21195.16,timeout
2026-09-11T20:29:16.150861+00:00,0,21453.16,timeout
2026-09-11T20:29:16.228179+00:00,0,21386.33,timeout
2026-09-11T20:29:16.118932+00:00,0,21510.05,timeout
2026-09-11T20:29:16.150861+00:00,0,21481.09,timeout
2026-09-11T20:29:16.166063+00:00,0,21471.49,timeout
2026-09-11T20:29:16.093239+00:00,0,21550.72,timeout
2026-09-11T20:29:16.150861+00:00,0,21496.81,timeout
2026-09-11T20:29:16.124025+00:00,0,21532.91,timeout
2026-09-11T20:29:16.103240+00:00,0,21551.36,timeout
2026-09-11T20:29:16.141814+00:00,0,21523.47,timeout
2026-09-11T20:29:16.135157+00:00,0,21539.53,timeout
2026-09-11T20:29:16.093239+00:00,0,21582.36,timeout
2026-09-11T20:29:16.150861+00:00,0,21538.36,timeout
2026-09-11T20:29:16.079495+00:00,0,21616.70,timeout
2026-09-11T20:29:16.103240+00:00,0,21584.91,timeout
2026-09-11T20:29:16.079495+00:00,0,21626.61,timeout
2026-09-11T20:29:16.077789+00:00,0,21638.24,timeout
2026-09-11T20:29:16.124025+00:00,0,21592.71,timeout
2026-09-11T20:29:16.324194+00:00,0,21395.71,timeout
2026-09-11T20:29:16.093239+00:00,0,21641.40,timeout
2026-09-11T20:29:16.103240+00:00,0,21636.79,timeout
2026-09-11T20:29:16.093239+00:00,0,21648.66,timeout
2026-09-11T20:29:16.103240+00:00,0,21652.80,timeout
2026-09-11T20:29:16.055962+00:00,0,21698.70,timeout
2026-09-11T20:29:16.124025+00:00,0,21650.49,timeout
2026-09-11T20:29:16.103240+00:00,0,21673.26,timeout
2026-09-11T20:29:16.103240+00:00,0,21684.07,timeout
2026-09-11T20:29:16.071731+00:00,0,21727.77,timeout
2026-09-11T20:29:16.040257+00:00,0,21769.49,timeout
2026-09-11T20:29:16.118932+00:00,0,21694.75,timeout
2026-09-11T20:29:16.055962+00:00,0,21763.27,timeout
2026-09-11T20:29:16.079495+00:00,0,21746.34,timeout
2026-09-11T20:29:16.093239+00:00,0,21741.33,timeout
2026-09-11T20:29:16.040257+00:00,0,21788.58,timeout
2026-09-11T20:29:16.103240+00:00,0,21740.05,timeout
2026-09-11T20:29:16.141814+00:00,0,21708.01,timeout
2026-09-11T20:29:16.071731+00:00,0,21787.16,timeout
2026-09-11T20:29:16.087604+00:00,0,21777.93,timeout
2026-09-11T20:29:16.079495+00:00,0,21785.90,timeout
2026-09-11T20:29:16.087604+00:00,0,21787.91,timeout
2026-09-11T20:29:16.055962+00:00,0,21821.03,timeout
2026-09-11T20:29:16.024617+00:00,0,21852.07,timeout
2026-09-11T20:29:16.071731+00:00,0,21825.68,timeout
2026-09-11T20:29:16.024617+00:00,0,21871.83,timeout
2026-09-11T20:29:16.055962+00:00,0,21838.79,timeout
2026-09-11T20:29:16.141814+00:00,0,21772.14,timeout
2026-09-11T20:29:16.024617+00:00,0,21893.70,timeout
2026-09-11T20:29:16.055962+00:00,0,21869.35,timeout
2026-09-11T20:29:16.040257+00:00,0,21883.81,timeout
2026-09-11T20:29:16.401317+00:00,0,21527.49,timeout
2026-09-11T20:29:16.024617+00:00,0,21906.53,timeout
2026-09-11T20:29:16.040257+00:00,0,21897.15,timeout
2026-09-11T20:29:16.024617+00:00,0,21921.86,timeout
2026-09-11T20:29:16.055962+00:00,0,21897.61,timeout
2026-09-11T20:29:16.040257+00:00,0,21916.06,timeout
2026-09-11T20:29:16.401317+00:00,0,21556.94,timeout
2026-09-11T20:29:16.008649+00:00,0,21963.43,timeout
2026-09-11T20:29:16.385617+00:00,0,21590.76,timeout
2026-09-11T20:29:16.040257+00:00,0,21944.56,timeout
2026-09-11T20:29:16.354850+00:00,0,21632.43,timeout
2026-09-11T20:29:16.401317+00:00,0,21591.54,timeout
2026-09-11T20:29:16.040257+00:00,0,21959.29,timeout
2026-09-11T20:29:16.369978+00:00,0,21637.28,timeout
2026-09-11T20:29:16.024617+00:00,0,21991.63,timeout
2026-09-11T20:29:16.342106+00:00,0,21671.37,timeout
2026-09-11T20:29:16.024617+00:00,0,21995.65,timeout
2026-09-11T20:29:15.993106+00:00,0,22036.10,timeout
2026-09-11T20:29:16.008649+00:00,0,22027.37,timeout
2026-09-11T20:29:16.354850+00:00,0,21687.46,timeout
2026-09-11T20:29:16.008649+00:00,0,22048.24,timeout
2026-09-11T20:29:16.024617+00:00,0,22043.74,timeout
2026-09-11T20:29:16.008649+00:00,0,22063.07,timeout
2026-09-11T20:29:16.008649+00:00,0,22078.33,timeout
2026-09-11T20:29:15.993106+00:00,0,22091.43,timeout
2026-09-11T20:29:15.960895+00:00,0,22135.73,timeout
2026-09-11T20:29:16.342106+00:00,0,21772.37,timeout
2026-09-11T20:29:15.993106+00:00,0,22120.68,timeout
2026-09-11T20:29:15.976795+00:00,0,22148.12,timeout
2026-09-11T20:29:16.008649+00:00,0,22122.24,timeout
2026-09-11T20:29:16.324194+00:00,0,21822.99,timeout
2026-09-11T20:29:15.993106+00:00,0,22164.65,timeout
2026-09-11T20:29:15.993106+00:00,0,22174.85,timeout
2026-09-11T20:29:16.324194+00:00,0,21845.87,timeout
2026-09-11T20:29:15.993106+00:00,0,22184.28,timeout
2026-09-11T20:29:15.976795+00:00,0,22204.21,timeout
2026-09-11T20:29:16.293409+00:00,0,21897.82,timeout
2026-09-11T20:29:16.008649+00:00,0,22189.10,timeout
2026-09-11T20:29:16.307041+00:00,0,21892.46,timeout
2026-09-11T20:29:15.976795+00:00,0,22219.93,timeout
2026-09-11T20:29:15.976795+00:00,0,22222.51,timeout
2026-09-11T20:29:15.993106+00:00,0,22218.86,timeout
2026-09-11T20:29:16.307041+00:00,0,21916.12,timeout
2026-09-11T20:29:15.960895+00:00,0,22265.38,timeout
2026-09-11T20:29:16.275677+00:00,0,21960.12,timeout
2026-09-11T20:29:16.228179+00:00,0,22001.72,timeout
2026-09-11T20:29:15.960895+00:00,0,22271.43,timeout
2026-09-11T20:29:16.228179+00:00,0,22019.67,timeout
2026-09-11T20:29:16.291397+00:00,0,21967.40,timeout
2026-09-11T20:29:15.976795+00:00,0,22283.64,timeout
2026-09-11T20:29:15.976795+00:00,0,22291.24,timeout
2026-09-11T20:29:15.945711+00:00,0,22317.13,timeout
2026-09-11T20:29:15.976795+00:00,0,22296.30,timeout
2026-09-11T20:29:16.281044+00:00,0,21998.97,timeout
2026-09-11T20:29:16.244191+00:00,0,22040.48,timeout
2026-09-11T20:29:15.945711+00:00,0,22342.01,timeout
2026-09-11T20:29:15.960895+00:00,0,22330.45,timeout
2026-09-11T20:29:16.259966+00:00,0,22046.74,timeout
2026-09-11T20:29:16.244191+00:00,0,22072.49,timeout
2026-09-11T20:29:15.929662+00:00,0,22389.92,timeout
2026-09-11T20:29:15.960895+00:00,0,22370.22,timeout
2026-09-11T20:29:15.960895+00:00,0,22375.03,timeout
2026-09-11T20:29:16.259966+00:00,0,22090.02,timeout
2026-09-11T20:29:15.945711+00:00,0,22414.17,timeout
2026-09-11T20:29:16.259966+00:00,0,22098.49,timeout
2026-09-11T20:29:15.923823+00:00,0,22453.02,timeout
2026-09-11T20:29:15.960895+00:00,0,22426.76,timeout
2026-09-11T20:29:15.945711+00:00,0,22446.50,timeout
2026-09-11T20:29:16.193266+00:00,0,22214.75,timeout
2026-09-11T20:29:15.945711+00:00,0,22467.68,timeout
2026-09-11T20:29:16.197390+00:00,0,22228.65,timeout
2026-09-11T20:29:16.212527+00:00,0,22226.93,timeout
2026-09-11T20:29:16.166063+00:00,0,22272.81,timeout
2026-09-11T20:29:16.181701+00:00,0,22288.43,timeout
2026-09-11T20:29:15.960895+00:00,0,22523.00,timeout
2026-09-11T20:29:16.166063+00:00,0,22313.78,timeout
2026-09-11T20:29:16.197390+00:00,0,22305.99,timeout
2026-09-11T20:29:16.193266+00:00,0,22324.90,timeout
2026-09-11T20:29:16.181701+00:00,0,22338.14,timeout
2026-09-11T20:29:16.166063+00:00,0,22363.67,timeout
2026-09-11T20:29:15.945711+00:00,0,22598.98,timeout
2026-09-11T20:29:16.181701+00:00,0,22376.09,timeout
2026-09-11T20:29:16.166063+00:00,0,22403.77,timeout
2026-09-11T20:29:16.150861+00:00,0,22417.39,timeout
2026-09-11T20:29:16.124025+00:00,0,22454.32,timeout
2026-09-11T20:29:16.141814+00:00,0,22449.87,timeout
2026-09-11T20:29:16.166063+00:00,0,22427.18,timeout
2026-09-11T20:29:33.246672+00:00,0,5491.85,connection_error: 
2026-09-11T20:29:33.257550+00:00,0,5493.01,connection_error: 
2026-09-11T20:29:16.905946+00:00,0,22211.98,timeout
2026-09-11T20:29:16.764013+00:00,0,22366.27,timeout
2026-09-11T20:29:16.942964+00:00,0,22207.02,timeout
2026-09-11T20:29:16.942964+00:00,0,22210.23,timeout
2026-09-11T20:29:16.953795+00:00,0,22197.74,timeout
2026-09-11T20:29:16.970405+00:00,0,22192.54,timeout
2026-09-11T20:29:16.748375+00:00,0,22421.01,timeout
2026-09-11T20:29:16.701234+00:00,0,22467.19,timeout
2026-09-11T20:29:16.905946+00:00,0,22272.43,timeout
2026-09-11T20:29:16.669436+00:00,0,22514.20,timeout
2026-09-11T20:29:16.874636+00:00,0,22312.90,timeout
2026-09-11T20:29:16.884018+00:00,0,22310.20,timeout
2026-09-11T20:29:16.858697+00:00,0,22338.12,timeout
2026-09-11T20:29:16.842679+00:00,0,22354.30,timeout
2026-09-11T20:29:16.593546+00:00,0,22609.76,timeout
2026-09-11T20:29:17.016078+00:00,0,22184.33,timeout
2026-09-11T20:29:16.858697+00:00,0,22352.25,timeout
2026-09-11T20:29:17.016078+00:00,0,22190.51,timeout
2026-09-11T20:29:17.000343+00:00,0,22212.10,timeout
2026-09-11T20:29:17.016078+00:00,0,22212.20,timeout
2026-09-11T20:29:17.000343+00:00,0,22235.87,timeout
2026-09-11T20:29:16.795463+00:00,0,22438.27,timeout
2026-09-11T20:29:17.016078+00:00,0,22227.08,timeout
2026-09-11T20:29:16.970405+00:00,0,22271.21,timeout
2026-09-11T20:29:16.970405+00:00,0,22278.36,timeout
2026-09-11T20:29:16.984538+00:00,0,22275.65,timeout
2026-09-11T20:29:16.795463+00:00,0,22464.65,timeout
2026-09-11T20:29:16.953265+00:00,0,22317.70,timeout
2026-09-11T20:29:16.993862+00:00,0,22279.01,timeout
2026-09-11T20:29:16.811351+00:00,0,22467.76,timeout
2026-09-11T20:29:16.795463+00:00,0,22483.85,timeout
2026-09-11T20:29:16.984538+00:00,0,22298.58,timeout
2026-09-11T20:29:17.000343+00:00,0,22287.77,timeout
2026-09-11T20:29:16.970405+00:00,0,22326.21,timeout
2026-09-11T20:29:16.938079+00:00,0,22358.86,timeout
2026-09-11T20:29:16.811351+00:00,0,22490.32,timeout
2026-09-11T20:29:16.970405+00:00,0,22336.44,timeout
2026-09-11T20:29:16.893543+00:00,0,22417.89,timeout
2026-09-11T20:29:16.942964+00:00,0,22374.15,timeout
2026-09-11T20:29:16.924906+00:00,0,22394.89,timeout
2026-09-11T20:29:16.905946+00:00,0,22413.95,timeout
2026-09-11T20:29:16.905946+00:00,0,22416.07,timeout
2026-09-11T20:29:16.793260+00:00,0,22540.20,timeout
2026-09-11T20:29:16.953795+00:00,0,22383.50,timeout
2026-09-11T20:29:16.924906+00:00,0,22411.89,timeout
2026-09-11T20:29:16.924906+00:00,0,22414.14,timeout
2026-09-11T20:29:16.893543+00:00,0,22454.39,timeout
2026-09-11T20:29:16.893543+00:00,0,22452.30,timeout
2026-09-11T20:29:16.739027+00:00,0,22623.16,timeout
2026-09-11T20:29:16.811351+00:00,0,22549.86,timeout
2026-09-11T20:29:16.938079+00:00,0,22431.61,timeout
2026-09-11T20:29:16.884018+00:00,0,22485.30,timeout
2026-09-11T20:29:16.924906+00:00,0,22449.52,timeout
2026-09-11T20:29:16.882474+00:00,0,22500.33,timeout
2026-09-11T20:29:16.874636+00:00,0,22511.68,timeout
2026-09-11T20:29:16.685557+00:00,0,22702.83,timeout
2026-09-11T20:29:16.874636+00:00,0,22515.44,timeout
2026-09-11T20:29:16.884018+00:00,0,22512.34,timeout
2026-09-11T20:29:16.724456+00:00,0,22674.75,timeout
2026-09-11T20:29:16.921634+00:00,0,22489.44,timeout
2026-09-11T20:29:16.858697+00:00,0,22545.65,timeout
2026-09-11T20:29:16.893543+00:00,0,22521.05,timeout
2026-09-11T20:29:16.858697+00:00,0,22568.96,timeout
2026-09-11T20:29:16.811351+00:00,0,22613.45,timeout
2026-09-11T20:29:16.717154+00:00,0,22717.54,timeout
2026-09-11T20:29:16.858697+00:00,0,22574.01,timeout
2026-09-11T20:29:16.842679+00:00,0,22590.04,timeout
2026-09-11T20:29:16.606431+00:00,0,22839.13,timeout
2026-09-11T20:29:16.842679+00:00,0,22610.83,timeout
2026-09-11T20:29:16.593546+00:00,0,22862.98,timeout
2026-09-11T20:29:16.811351+00:00,0,22636.39,timeout
2026-09-11T20:29:16.685557+00:00,0,22781.58,timeout
2026-09-11T20:29:16.827013+00:00,0,22644.01,timeout
2026-09-11T20:29:16.811351+00:00,0,22653.05,timeout
2026-09-11T20:29:16.827013+00:00,0,22645.29,timeout
2026-09-11T20:29:16.795463+00:00,0,22688.37,timeout
2026-09-11T20:29:16.779732+00:00,0,22705.34,timeout
2026-09-11T20:29:16.842679+00:00,0,22649.41,timeout
2026-09-11T20:29:16.622128+00:00,0,22867.48,timeout
2026-09-11T20:29:16.827013+00:00,0,22670.80,timeout
2026-09-11T20:29:16.779732+00:00,0,22719.03,timeout
2026-09-11T20:29:16.984538+00:00,0,22529.28,timeout
2026-09-11T20:29:16.811351+00:00,0,22697.18,timeout
2026-09-11T20:29:16.593546+00:00,0,22920.78,timeout
2026-09-11T20:29:16.544050+00:00,0,22976.61,timeout
2026-09-11T20:29:16.544050+00:00,0,22988.68,timeout
2026-09-11T20:29:16.743478+00:00,0,22793.91,timeout
2026-09-11T20:29:16.544050+00:00,0,22983.96,timeout
2026-09-11T20:29:16.748375+00:00,0,22798.12,timeout
2026-09-11T20:29:16.970405+00:00,0,22576.07,timeout
2026-09-11T20:29:16.606431+00:00,0,22934.77,timeout
2026-09-11T20:29:16.795463+00:00,0,22753.01,timeout
2026-09-11T20:29:16.993862+00:00,0,22571.24,timeout
2026-09-11T20:29:16.779732+00:00,0,22790.40,timeout
2026-09-11T20:29:16.569033+00:00,0,23006.78,timeout
2026-09-11T20:29:16.528060+00:00,0,23045.50,timeout
2026-09-11T20:29:16.511749+00:00,0,23075.12,timeout
2026-09-11T20:29:16.953795+00:00,0,22628.58,timeout
2026-09-11T20:29:16.764013+00:00,0,22826.24,timeout
2026-09-11T20:29:16.779732+00:00,0,22818.38,timeout
2026-09-11T20:29:16.942964+00:00,0,22665.07,timeout
2026-09-11T20:29:16.764013+00:00,0,22846.55,timeout
2026-09-11T20:29:16.559351+00:00,0,23065.98,timeout
2026-09-11T20:29:16.905946+00:00,0,22714.89,timeout
2026-09-11T20:29:16.524272+00:00,0,23111.98,timeout
2026-09-11T20:29:16.681307+00:00,0,22961.89,timeout
2026-09-11T20:29:16.669436+00:00,0,22972.07,timeout
2026-09-11T20:29:16.924906+00:00,0,22731.53,timeout
2026-09-11T20:29:16.712788+00:00,0,22947.90,timeout
2026-09-11T20:29:16.924906+00:00,0,22732.14,timeout
2026-09-11T20:29:16.717154+00:00,0,22951.96,timeout
2026-09-11T20:29:16.701234+00:00,0,22981.43,timeout
2026-09-11T20:29:16.638038+00:00,0,23052.09,timeout
2026-09-11T20:29:16.493539+00:00,0,23203.93,timeout
2026-09-11T20:29:16.890286+00:00,0,22812.33,timeout
2026-09-11T20:29:16.511749+00:00,0,23190.89,timeout
2026-09-11T20:29:16.724456+00:00,0,22987.18,timeout
2026-09-11T20:29:16.905946+00:00,0,22797.17,timeout
2026-09-11T20:29:16.693409+00:00,0,23019.79,timeout
2026-09-11T20:29:16.492033+00:00,0,23229.91,timeout
2026-09-11T20:29:16.893543+00:00,0,22825.23,timeout
2026-09-11T20:29:16.685557+00:00,0,23035.63,timeout
2026-09-11T20:29:16.576440+00:00,0,23152.31,timeout
2026-09-11T20:29:16.590796+00:00,0,23142.32,timeout
2026-09-11T20:29:16.496063+00:00,0,23229.58,timeout
2026-09-11T20:29:16.448587+00:00,0,23276.82,timeout
2026-09-11T20:29:16.858697+00:00,0,22871.26,timeout
2026-09-11T20:29:16.693409+00:00,0,23048.39,timeout
2026-09-11T20:29:16.842679+00:00,0,22890.51,timeout
2026-09-11T20:29:16.496063+00:00,0,23247.79,timeout
2026-09-11T20:29:16.448587+00:00,0,23297.26,timeout
2026-09-11T20:29:16.858697+00:00,0,22887.17,timeout
2026-09-11T20:29:16.655738+00:00,0,23102.07,timeout
2026-09-11T20:29:16.432777+00:00,0,23321.58,timeout
2026-09-11T20:29:16.416985+00:00,0,23335.63,timeout
2026-09-11T20:29:16.649972+00:00,0,23115.84,timeout
2026-09-11T20:29:16.842679+00:00,0,22917.44,timeout
2026-09-11T20:29:16.464544+00:00,0,23300.45,timeout
2026-09-11T20:29:16.659752+00:00,0,23107.58,timeout
2026-09-11T20:29:16.842679+00:00,0,22930.03,timeout
2026-09-11T20:29:16.622128+00:00,0,23156.19,timeout
2026-09-11T20:29:16.496063+00:00,0,23285.51,timeout
2026-09-11T20:29:16.838011+00:00,0,22945.29,timeout
2026-09-11T20:29:16.566431+00:00,0,23222.24,timeout
2026-09-11T20:29:16.544050+00:00,0,23244.62,timeout
2026-09-11T20:29:16.559351+00:00,0,23230.22,timeout
2026-09-11T20:29:16.606431+00:00,0,23179.47,timeout
2026-09-11T20:29:16.464544+00:00,0,23329.64,timeout
2026-09-11T20:29:16.643939+00:00,0,23156.82,timeout
2026-09-11T20:29:16.827013+00:00,0,22973.66,timeout
2026-09-11T20:29:16.571123+00:00,0,23236.23,timeout
2026-09-11T20:29:16.544050+00:00,0,23261.35,timeout
2026-09-11T20:29:16.606431+00:00,0,23199.50,timeout
2026-09-11T20:29:16.795463+00:00,0,23006.72,timeout
2026-09-11T20:29:16.528060+00:00,0,23277.18,timeout
2026-09-11T20:29:16.496063+00:00,0,23312.36,timeout
2026-09-11T20:29:16.779732+00:00,0,23037.31,timeout
2026-09-11T20:29:16.576440+00:00,0,23239.27,timeout
2026-09-11T20:29:16.576440+00:00,0,23253.74,timeout
2026-09-11T20:29:16.779732+00:00,0,23050.23,timeout
2026-09-11T20:29:16.528060+00:00,0,23300.84,timeout
2026-09-11T20:29:16.464544+00:00,0,23370.81,timeout
2026-09-11T20:29:16.576440+00:00,0,23259.33,timeout
2026-09-11T20:29:16.748375+00:00,0,23085.79,timeout
2026-09-11T20:29:16.528060+00:00,0,23306.88,timeout
2026-09-11T20:29:16.490500+00:00,0,23358.74,timeout
2026-09-11T20:29:16.448587+00:00,0,23400.35,timeout
2026-09-11T20:29:16.448587+00:00,0,23393.89,timeout
2026-09-11T20:29:16.448587+00:00,0,23403.40,timeout
2026-09-11T20:29:16.544050+00:00,0,23306.27,timeout
2026-09-11T20:29:16.511749+00:00,0,23341.79,timeout
2026-09-11T20:29:16.544050+00:00,0,23309.97,timeout
2026-09-11T20:29:16.511749+00:00,0,23345.13,timeout
2026-09-11T20:29:16.496063+00:00,0,23370.71,timeout
2026-09-11T20:29:16.528060+00:00,0,23341.24,timeout
2026-09-11T20:29:16.464544+00:00,0,23397.72,timeout
2026-09-11T20:29:16.432777+00:00,0,23441.64,timeout
2026-09-11T20:29:16.464544+00:00,0,23416.73,timeout
2026-09-11T20:29:16.528060+00:00,0,23354.42,timeout
2026-09-11T20:29:16.701234+00:00,0,23179.42,timeout
2026-09-11T20:29:16.659752+00:00,0,23227.42,timeout
2026-09-11T20:29:16.528060+00:00,0,23364.66,timeout
2026-09-11T20:29:16.481995+00:00,0,23408.34,timeout
2026-09-11T20:29:16.481995+00:00,0,23417.84,timeout
2026-09-11T20:29:16.481995+00:00,0,23420.11,timeout
2026-09-11T20:29:16.511749+00:00,0,23394.04,timeout
2026-09-11T20:29:16.480241+00:00,0,23434.13,timeout
2026-09-11T20:29:16.734848+00:00,0,23184.95,timeout
2026-09-11T20:29:16.748375+00:00,0,23162.94,timeout
2026-09-11T20:29:16.764013+00:00,0,23158.73,timeout
2026-09-11T20:29:16.764013+00:00,0,23170.74,timeout
2026-09-11T20:29:16.953795+00:00,0,22984.16,timeout
2026-09-11T20:29:16.622128+00:00,0,23311.83,timeout
2026-09-11T20:29:16.576440+00:00,0,23368.00,timeout
2026-09-11T20:29:16.593546+00:00,0,23351.09,timeout
2026-09-11T20:29:16.622128+00:00,0,23332.71,timeout
2026-09-11T20:29:16.511749+00:00,0,23451.94,timeout
2026-09-11T20:29:16.448587+00:00,0,23517.92,timeout
2026-09-11T20:29:16.448587+00:00,0,23511.43,timeout
2026-09-11T20:29:16.322690+00:00,0,23649.89,timeout
2026-09-11T20:29:16.464544+00:00,0,23498.73,timeout
2026-09-11T20:29:16.496063+00:00,0,23473.07,timeout
2026-09-11T20:29:16.464544+00:00,0,23506.54,timeout
2026-09-11T20:29:16.838011+00:00,0,23145.34,timeout
2026-09-11T20:29:17.000343+00:00,0,22975.26,timeout
2026-09-11T20:29:16.953795+00:00,0,23026.52,timeout
2026-09-11T20:29:16.953795+00:00,0,23031.76,timeout
2026-09-11T20:29:16.993862+00:00,0,22996.55,timeout
2026-09-11T20:29:16.984538+00:00,0,23006.62,timeout
2026-09-11T20:29:17.268370+00:00,0,22727.95,timeout
2026-09-11T20:29:17.194286+00:00,0,22800.81,timeout
2026-09-11T20:29:17.157866+00:00,0,22837.82,timeout
2026-09-11T20:29:17.189282+00:00,0,22824.07,timeout
2026-09-11T20:29:17.194286+00:00,0,22815.84,timeout
2026-09-11T20:29:17.220600+00:00,0,22789.84,timeout
2026-09-11T20:29:17.143384+00:00,0,22871.03,timeout
2026-09-11T20:29:17.220600+00:00,0,22802.74,timeout
2026-09-11T20:29:17.204933+00:00,0,22825.52,timeout
2026-09-11T20:29:17.143384+00:00,0,22891.53,timeout
2026-09-11T20:29:17.157866+00:00,0,22880.28,timeout
2026-09-11T20:29:17.194286+00:00,0,22848.22,timeout
2026-09-11T20:29:17.194286+00:00,0,22853.91,timeout
2026-09-11T20:29:17.094173+00:00,0,22945.10,timeout
2026-09-11T20:29:17.157866+00:00,0,22895.50,timeout
2026-09-11T20:29:17.125508+00:00,0,22932.72,timeout
2026-09-11T20:29:17.173177+00:00,0,22884.91,timeout
2026-09-11T20:29:17.157866+00:00,0,22899.45,timeout
2026-09-11T20:29:17.125508+00:00,0,22934.06,timeout
2026-09-11T20:29:17.125508+00:00,0,22934.75,timeout
2026-09-11T20:29:17.078917+00:00,0,22995.19,timeout
2026-09-11T20:29:17.143384+00:00,0,22924.78,timeout
2026-09-11T20:29:17.109829+00:00,0,22969.71,timeout
2026-09-11T20:29:17.084864+00:00,0,22996.52,timeout
2026-09-11T20:29:17.125508+00:00,0,22957.26,timeout
2026-09-11T20:29:17.047351+00:00,0,23032.02,timeout
2026-09-11T20:29:17.109829+00:00,0,22976.72,timeout
2026-09-11T20:29:17.047351+00:00,0,23040.41,timeout
2026-09-11T20:29:17.568229+00:00,0,22522.36,timeout
2026-09-11T20:29:17.094173+00:00,0,22995.82,timeout
2026-09-11T20:29:17.315501+00:00,0,22780.46,timeout
2026-09-11T20:29:17.094173+00:00,0,23004.00,timeout
2026-09-11T20:29:17.537049+00:00,0,22570.91,timeout
2026-09-11T20:29:17.047351+00:00,0,23063.08,timeout
2026-09-11T20:29:17.504741+00:00,0,22599.94,timeout
2026-09-11T20:29:17.031714+00:00,0,23084.15,timeout
2026-09-11T20:29:17.473117+00:00,0,22638.80,timeout
2026-09-11T20:29:17.504741+00:00,0,22614.40,timeout
2026-09-11T20:29:17.047351+00:00,0,23075.76,timeout
2026-09-11T20:29:17.488757+00:00,0,22641.97,timeout
2026-09-11T20:29:17.220600+00:00,0,22913.34,timeout
2026-09-11T20:29:17.047351+00:00,0,23076.82,timeout
2026-09-11T20:29:17.594737+00:00,0,22544.16,timeout
2026-09-11T20:29:17.031714+00:00,0,23109.56,timeout
2026-09-11T20:29:17.409796+00:00,0,22722.99,timeout
2026-09-11T20:29:17.047351+00:00,0,23100.79,timeout
2026-09-11T20:29:17.409796+00:00,0,22731.77,timeout
2026-09-11T20:29:17.378405+00:00,0,22775.59,timeout
2026-09-11T20:29:17.016078+00:00,0,23133.65,timeout
2026-09-11T20:29:17.125508+00:00,0,23020.55,timeout
2026-09-11T20:29:17.000343+00:00,0,23155.98,timeout
2026-09-11T20:29:17.362522+00:00,0,22789.00,timeout
2026-09-11T20:29:17.347474+00:00,0,22814.23,timeout
2026-09-11T20:29:17.343758+00:00,0,22825.37,timeout
2026-09-11T20:29:17.315501+00:00,0,22857.56,timeout
2026-09-11T20:29:17.299710+00:00,0,22865.95,timeout
2026-09-11T20:29:17.294543+00:00,0,22884.35,timeout
2026-09-11T20:29:17.252505+00:00,0,22920.24,timeout
2026-09-11T20:29:17.252505+00:00,0,22917.40,timeout
2026-09-11T20:29:17.285788+00:00,0,22899.10,timeout
2026-09-11T20:29:17.268370+00:00,0,22911.17,timeout
2026-09-11T20:29:17.213278+00:00,0,22976.82,timeout
2026-09-11T20:29:17.204933+00:00,0,22985.48,timeout
2026-09-11T20:29:17.185185+00:00,0,23010.40,timeout
2026-09-11T20:29:17.143384+00:00,0,23053.62,timeout
2026-09-11T20:29:17.157866+00:00,0,23034.57,timeout
2026-09-11T20:29:17.109829+00:00,0,23087.68,timeout
2026-09-11T20:29:17.109829+00:00,0,23087.80,timeout
2026-09-11T20:29:17.094173+00:00,0,23113.28,timeout
2026-09-11T20:29:17.084864+00:00,0,23120.82,timeout
2026-09-11T20:29:17.063038+00:00,0,23140.60,timeout
2026-09-11T20:29:17.094173+00:00,0,23123.75,timeout
2026-09-11T20:29:17.078917+00:00,0,23140.77,timeout
2026-09-11T20:29:17.063038+00:00,0,23158.07,timeout
2026-09-11T20:29:17.063038+00:00,0,23158.51,timeout
2026-09-11T20:29:17.063038+00:00,0,23165.87,timeout
2026-09-11T20:29:17.031714+00:00,0,23188.11,timeout
2026-09-11T20:29:17.031714+00:00,0,23195.69,timeout
2026-09-11T20:29:17.000343+00:00,0,23229.88,timeout
2026-09-11T20:29:17.553168+00:00,0,22674.63,timeout
2026-09-11T20:29:17.252505+00:00,0,22980.45,timeout
2026-09-11T20:29:17.599970+00:00,0,22643.56,timeout
2026-09-11T20:29:17.599970+00:00,0,22649.03,timeout
2026-09-11T20:29:17.594737+00:00,0,22654.50,timeout
2026-09-11T20:29:17.347474+00:00,0,22904.10,timeout
2026-09-11T20:29:17.084864+00:00,0,23168.93,timeout
2026-09-11T20:29:17.047351+00:00,0,23198.22,timeout
2026-09-11T20:29:17.584082+00:00,0,22679.13,timeout
2026-09-11T20:29:17.544244+00:00,0,22716.18,timeout
2026-09-11T20:29:17.599970+00:00,0,22654.55,timeout
2026-09-11T20:29:17.584082+00:00,0,22684.31,timeout
2026-09-11T20:29:17.537049+00:00,0,22732.44,timeout
2026-09-11T20:29:17.525505+00:00,0,22746.25,timeout
2026-09-11T20:29:17.553168+00:00,0,22726.80,timeout
2026-09-11T20:29:17.599970+00:00,0,22671.19,timeout
2026-09-11T20:29:17.457000+00:00,0,22816.04,timeout
2026-09-11T20:29:17.525505+00:00,0,22759.86,timeout
2026-09-11T20:29:17.486595+00:00,0,22804.52,timeout
2026-09-11T20:29:17.494775+00:00,0,22791.21,timeout
2026-09-11T20:29:17.473117+00:00,0,22821.13,timeout
2026-09-11T20:29:17.441135+00:00,0,22849.63,timeout
2026-09-11T20:29:17.457000+00:00,0,22844.72,timeout
2026-09-11T20:29:17.494775+00:00,0,22809.70,timeout
2026-09-11T20:29:17.441135+00:00,0,22862.97,timeout
2026-09-11T20:29:17.425486+00:00,0,22873.32,timeout
2026-09-11T20:29:17.409796+00:00,0,22898.13,timeout
2026-09-11T20:29:17.425486+00:00,0,22885.94,timeout
2026-09-11T20:29:17.394669+00:00,0,22918.61,timeout
2026-09-11T20:29:17.378405+00:00,0,22929.51,timeout
2026-09-11T20:29:17.378405+00:00,0,22937.67,timeout
2026-09-11T20:29:17.378405+00:00,0,22942.86,timeout
2026-09-11T20:29:17.362522+00:00,0,22960.79,timeout
2026-09-11T20:29:17.615745+00:00,0,22709.46,timeout
2026-09-11T20:29:17.347474+00:00,0,22973.85,timeout
2026-09-11T20:29:17.331806+00:00,0,22995.83,timeout
2026-09-11T20:29:17.599970+00:00,0,22734.75,timeout
2026-09-11T20:29:17.553168+00:00,0,22779.58,timeout
2026-09-11T20:29:17.584082+00:00,0,22753.52,timeout
2026-09-11T20:29:17.553168+00:00,0,22794.41,timeout
2026-09-11T20:29:17.553168+00:00,0,22794.30,timeout
2026-09-11T20:29:17.568229+00:00,0,22774.73,timeout
2026-09-11T20:29:17.325364+00:00,0,23032.20,timeout
2026-09-11T20:29:17.568229+00:00,0,22788.07,timeout
2026-09-11T20:29:17.544244+00:00,0,22819.73,timeout
2026-09-11T20:29:17.268370+00:00,0,23091.16,timeout
2026-09-11T20:29:17.494775+00:00,0,22872.86,timeout
2026-09-11T20:29:17.504741+00:00,0,22859.53,timeout
2026-09-11T20:29:17.236479+00:00,0,23135.61,timeout
2026-09-11T20:29:17.473117+00:00,0,22898.11,timeout
2026-09-11T20:29:17.520757+00:00,0,22856.92,timeout
2026-09-11T20:29:17.599970+00:00,0,22775.95,timeout
2026-09-11T20:29:17.491722+00:00,0,22895.56,timeout
2026-09-11T20:29:17.504741+00:00,0,22885.03,timeout
2026-09-11T20:29:17.568229+00:00,0,22822.64,timeout
2026-09-11T20:29:17.504741+00:00,0,22887.42,timeout
2026-09-11T20:29:17.568229+00:00,0,22819.70,timeout
2026-09-11T20:29:17.294543+00:00,0,23104.67,timeout
2026-09-11T20:29:17.220600+00:00,0,23175.25,timeout
2026-09-11T20:29:17.457000+00:00,0,22942.85,timeout
2026-09-11T20:29:17.109829+00:00,0,23287.87,timeout
2026-09-11T20:29:17.457000+00:00,0,22953.35,timeout
2026-09-11T20:29:17.584082+00:00,0,22835.24,timeout
2026-09-11T20:29:17.544244+00:00,0,22881.91,timeout
2026-09-11T20:29:17.457000+00:00,0,22972.47,timeout
2026-09-11T20:29:17.268370+00:00,0,23157.67,timeout
2026-09-11T20:29:17.553168+00:00,0,22881.06,timeout
2026-09-11T20:29:17.457000+00:00,0,22986.50,timeout
2026-09-11T20:29:17.441135+00:00,0,23007.83,timeout
2026-09-11T20:29:17.525505+00:00,0,22919.36,timeout
2026-09-11T20:29:17.536487+00:00,0,22919.79,timeout
2026-09-11T20:29:17.441135+00:00,0,23007.57,timeout
2026-09-11T20:29:17.284025+00:00,0,23178.87,timeout
2026-09-11T20:29:17.473117+00:00,0,22990.09,timeout
2026-09-11T20:29:17.425486+00:00,0,23038.80,timeout
2026-09-11T20:29:17.173177+00:00,0,23296.02,timeout
2026-09-11T20:29:17.409796+00:00,0,23058.23,timeout
2026-09-11T20:29:17.520757+00:00,0,22965.36,timeout
2026-09-11T20:29:17.425486+00:00,0,23052.43,timeout
2026-09-11T20:29:17.252505+00:00,0,23240.74,timeout
2026-09-11T20:29:17.504741+00:00,0,22981.42,timeout
2026-09-11T20:29:17.394669+00:00,0,23103.05,timeout
2026-09-11T20:29:17.409796+00:00,0,23099.83,timeout
2026-09-11T20:29:17.494775+00:00,0,23014.36,timeout
2026-09-11T20:29:17.457000+00:00,0,23047.35,timeout
2026-09-11T20:29:17.394669+00:00,0,23116.96,timeout
2026-09-11T20:29:17.173177+00:00,0,23356.48,timeout
2026-09-11T20:29:17.394669+00:00,0,23139.22,timeout
2026-09-11T20:29:17.362522+00:00,0,23167.82,timeout
2026-09-11T20:29:17.125508+00:00,0,23410.20,timeout
2026-09-11T20:29:17.394160+00:00,0,23150.54,timeout
2026-09-11T20:29:17.441135+00:00,0,23100.54,timeout
2026-09-11T20:29:17.378405+00:00,0,23161.34,timeout
2026-09-11T20:29:17.441135+00:00,0,23098.78,timeout
2026-09-11T20:29:17.347474+00:00,0,23197.23,timeout
2026-09-11T20:29:17.362522+00:00,0,23195.29,timeout
2026-09-11T20:29:17.173177+00:00,0,23377.13,timeout
2026-09-11T20:29:17.425486+00:00,0,23132.68,timeout
2026-09-11T20:29:17.109829+00:00,0,23454.67,timeout
2026-09-11T20:29:17.409796+00:00,0,23152.99,timeout
2026-09-11T20:29:17.331806+00:00,0,23233.70,timeout
2026-09-11T20:29:17.063038+00:00,0,23504.01,timeout
2026-09-11T20:29:17.347474+00:00,0,23230.74,timeout
2026-09-11T20:29:17.157866+00:00,0,23423.62,timeout
2026-09-11T20:29:17.409796+00:00,0,23171.95,timeout
2026-09-11T20:29:17.285788+00:00,0,23295.79,timeout
2026-09-11T20:29:17.394669+00:00,0,23185.26,timeout
2026-09-11T20:29:17.143384+00:00,0,23443.56,timeout
2026-09-11T20:29:17.331806+00:00,0,23259.92,timeout
2026-09-11T20:29:17.299710+00:00,0,23286.29,timeout
2026-09-11T20:29:17.378405+00:00,0,23221.96,timeout
2026-09-11T20:29:17.094173+00:00,0,23505.54,timeout
2026-09-11T20:29:17.299710+00:00,0,23307.22,timeout
2026-09-11T20:29:17.084864+00:00,0,23520.84,timeout
2026-09-11T20:29:17.362522+00:00,0,23241.22,timeout
2026-09-11T20:29:17.016078+00:00,0,23601.91,timeout
2026-09-11T20:29:17.031714+00:00,0,23582.71,timeout
2026-09-11T20:29:17.315501+00:00,0,23302.89,timeout
2026-09-11T20:29:17.347474+00:00,0,23270.81,timeout
2026-09-11T20:29:17.083160+00:00,0,23546.19,timeout
2026-09-11T20:29:17.299710+00:00,0,23326.81,timeout
2026-09-11T20:29:17.362522+00:00,0,23270.77,timeout
2026-09-11T20:29:17.325364+00:00,0,23310.88,timeout
2026-09-11T20:29:17.252505+00:00,0,23384.49,timeout
2026-09-11T20:29:17.236479+00:00,0,23394.07,timeout
2026-09-11T20:29:17.063038+00:00,0,23574.83,timeout
2026-09-11T20:29:17.331806+00:00,0,23320.12,timeout
2026-09-11T20:29:17.236479+00:00,0,23411.97,timeout
2026-09-11T20:29:17.299710+00:00,0,23355.21,timeout
2026-09-11T20:29:17.315501+00:00,0,23352.93,timeout
2026-09-11T20:29:17.268370+00:00,0,23413.30,timeout
2026-09-11T20:29:17.236479+00:00,0,23440.26,timeout
2026-09-11T20:29:17.031714+00:00,0,23651.55,timeout
2026-09-11T20:29:17.294543+00:00,0,23399.65,timeout
2026-09-11T20:29:17.220600+00:00,0,23480.66,timeout
2026-09-11T20:29:17.016078+00:00,0,23683.29,timeout
2026-09-11T20:29:17.236479+00:00,0,23476.38,timeout
2026-09-11T20:29:17.204933+00:00,0,23504.68,timeout
2026-09-11T20:29:17.173177+00:00,0,23544.25,timeout
2026-09-11T20:29:17.236479+00:00,0,23483.38,timeout
2026-09-11T20:29:17.189282+00:00,0,23541.78,timeout
2026-09-11T20:29:17.213278+00:00,0,23522.85,timeout
2026-09-11T20:29:18.495864+00:00,0,22249.39,timeout
2026-09-11T20:29:18.494341+00:00,0,22258.82,timeout
2026-09-11T20:29:18.500399+00:00,0,22255.22,timeout
2026-09-11T20:29:18.470896+00:00,0,22291.44,timeout
2026-09-11T20:29:18.405454+00:00,0,22367.12,timeout
2026-09-11T20:29:18.434940+00:00,0,22346.87,timeout
2026-09-11T20:29:18.409696+00:00,0,22378.55,timeout
2026-09-11T20:29:18.336917+00:00,0,22458.18,timeout
2026-09-11T20:29:18.299209+00:00,0,22496.21,timeout
2026-09-11T20:29:18.283229+00:00,0,22518.28,timeout
2026-09-11T20:29:18.487075+00:00,0,22322.65,timeout
2026-09-11T20:29:18.251885+00:00,0,22552.71,timeout
2026-09-11T20:29:18.236080+00:00,0,22576.22,timeout
2026-09-11T20:29:18.220218+00:00,0,22594.39,timeout
2026-09-11T20:29:18.172223+00:00,0,22646.84,timeout
2026-09-11T20:29:18.299209+00:00,0,22522.87,timeout
2026-09-11T20:29:17.758687+00:00,0,23062.30,timeout
2026-09-11T20:29:17.774432+00:00,0,23060.58,timeout
2026-09-11T20:29:17.746161+00:00,0,23091.91,timeout
2026-09-11T20:29:17.695955+00:00,0,23145.00,timeout
2026-09-11T20:29:17.671075+00:00,0,23167.80,timeout
2026-09-11T20:29:17.647840+00:00,0,23189.29,timeout
2026-09-11T20:29:18.294654+00:00,0,22556.75,timeout
2026-09-11T20:29:18.213762+00:00,0,22638.64,timeout
2026-09-11T20:29:17.693436+00:00,0,23163.36,timeout
2026-09-11T20:29:07.943441+00:00,0,32911.99,timeout
2026-09-11T20:29:18.438691+00:00,0,22424.19,timeout
2026-09-11T20:29:18.527466+00:00,0,22337.98,timeout
2026-09-11T20:29:18.533098+00:00,0,22334.02,timeout
2026-09-11T20:29:18.448762+00:00,0,22422.64,timeout
2026-09-11T20:29:18.425389+00:00,0,22449.03,timeout
2026-09-11T20:29:18.366842+00:00,0,22510.63,timeout
2026-09-11T20:29:18.391741+00:00,0,22489.07,timeout
2026-09-11T20:29:18.563966+00:00,0,22319.24,timeout
2026-09-11T20:29:18.490723+00:00,0,22395.58,timeout
2026-09-11T20:29:18.371545+00:00,0,22517.56,timeout
2026-09-11T20:29:18.481198+00:00,0,22411.41,timeout
2026-09-11T20:29:18.283229+00:00,0,22610.90,timeout
2026-09-11T20:29:18.283229+00:00,0,22608.59,timeout
2026-09-11T20:29:18.267560+00:00,0,22629.13,timeout
2026-09-11T20:29:18.315765+00:00,0,22586.48,timeout
2026-09-11T20:29:18.236080+00:00,0,22657.43,timeout
2026-09-11T20:29:18.251885+00:00,0,22655.94,timeout
2026-09-11T20:29:17.806064+00:00,0,23094.20,timeout
2026-09-11T20:29:17.737649+00:00,0,23178.37,timeout
2026-09-11T20:29:17.774432+00:00,0,23130.86,timeout
2026-09-11T20:29:17.806064+00:00,0,23114.07,timeout
2026-09-11T20:29:17.758687+00:00,0,23156.82,timeout
2026-09-11T20:29:17.741894+00:00,0,23184.95,timeout
2026-09-11T20:29:17.695955+00:00,0,23221.90,timeout
2026-09-11T20:29:17.713384+00:00,0,23210.64,timeout
2026-09-11T20:29:17.695955+00:00,0,23232.55,timeout
2026-09-11T20:29:18.342782+00:00,0,22595.95,timeout
2026-09-11T20:29:17.679860+00:00,0,23260.43,timeout
2026-09-11T20:29:17.647840+00:00,0,23282.30,timeout
2026-09-11T20:29:17.663757+00:00,0,23278.12,timeout
2026-09-11T20:29:09.337266+00:00,0,31612.50,timeout
2026-09-11T20:29:17.728160+00:00,0,23220.44,timeout
2026-09-11T20:29:17.806064+00:00,0,23140.52,timeout
2026-09-11T20:29:18.533098+00:00,0,22414.72,timeout
2026-09-11T20:29:18.533098+00:00,0,22423.91,timeout
2026-09-11T20:29:18.330253+00:00,0,22634.29,timeout
2026-09-11T20:29:18.469321+00:00,0,22497.84,timeout
2026-09-11T20:29:18.500399+00:00,0,22469.86,timeout
2026-09-11T20:29:17.671075+00:00,0,23298.70,timeout
2026-09-11T20:29:18.500399+00:00,0,22466.12,timeout
2026-09-11T20:29:18.464063+00:00,0,22515.73,timeout
2026-09-11T20:29:18.451933+00:00,0,22530.66,timeout
2026-09-11T20:29:18.430653+00:00,0,22555.17,timeout
2026-09-11T20:29:18.401294+00:00,0,22587.03,timeout
2026-09-11T20:29:18.527466+00:00,0,22460.00,timeout
2026-09-11T20:29:18.347609+00:00,0,22646.30,timeout
2026-09-11T20:29:18.500399+00:00,0,22483.00,timeout
2026-09-11T20:29:18.516272+00:00,0,22482.00,timeout
2026-09-11T20:29:18.283229+00:00,0,22710.62,timeout
2026-09-11T20:29:18.477839+00:00,0,22527.54,timeout
2026-09-11T20:29:18.500399+00:00,0,22500.37,timeout
2026-09-11T20:29:18.267560+00:00,0,22731.83,timeout
2026-09-11T20:29:18.456204+00:00,0,22557.71,timeout
2026-09-11T20:29:18.442956+00:00,0,22574.01,timeout
2026-09-11T20:29:18.267560+00:00,0,22742.90,timeout
2026-09-11T20:29:18.445599+00:00,0,22576.69,timeout
2026-09-11T20:29:18.251885+00:00,0,22761.16,timeout
2026-09-11T20:29:18.315765+00:00,0,22706.45,timeout
2026-09-11T20:29:18.414303+00:00,0,22616.57,timeout
2026-09-11T20:29:18.386501+00:00,0,22647.79,timeout
2026-09-11T20:29:18.361034+00:00,0,22676.19,timeout
2026-09-11T20:29:17.821877+00:00,0,23208.11,timeout
2026-09-11T20:29:18.353632+00:00,0,22689.60,timeout
2026-09-11T20:29:18.396478+00:00,0,22649.53,timeout
2026-09-11T20:29:17.795140+00:00,0,23244.61,timeout
2026-09-11T20:29:18.376934+00:00,0,22674.72,timeout
2026-09-11T20:29:18.381772+00:00,0,22673.12,timeout
2026-09-11T20:29:17.795140+00:00,0,23256.97,timeout
2026-09-11T20:29:18.295675+00:00,0,22762.94,timeout
2026-09-11T20:29:18.310105+00:00,0,22750.95,timeout
2026-09-11T20:29:17.727617+00:00,0,23338.44,timeout
2026-09-11T20:29:18.325508+00:00,0,22743.41,timeout
2026-09-11T20:29:18.267560+00:00,0,22797.31,timeout
2026-09-11T20:29:17.713384+00:00,0,23358.86,timeout
2026-09-11T20:29:18.299209+00:00,0,22776.86,timeout
2026-09-11T20:29:18.267560+00:00,0,22798.33,timeout
2026-09-11T20:29:17.695955+00:00,0,23372.62,timeout
2026-09-11T20:29:18.251885+00:00,0,22829.18,timeout
2026-09-11T20:29:18.251885+00:00,0,22822.07,timeout
2026-09-11T20:29:17.687224+00:00,0,23401.30,timeout
2026-09-11T20:29:18.267560+00:00,0,22825.15,timeout
2026-09-11T20:29:18.251885+00:00,0,22838.33,timeout
2026-09-11T20:29:17.670051+00:00,0,23429.75,timeout
2026-09-11T20:29:18.236080+00:00,0,22856.40,timeout
2026-09-11T20:29:18.188289+00:00,0,22911.29,timeout
2026-09-11T20:29:11.295116+00:00,0,29812.59,timeout
2026-09-11T20:29:17.821877+00:00,0,23283.70,timeout
2026-09-11T20:29:17.821877+00:00,0,23293.41,timeout
2026-09-11T20:29:17.795140+00:00,0,23322.31,timeout
2026-09-11T20:29:17.774432+00:00,0,23338.89,timeout
2026-09-11T20:29:17.790406+00:00,0,23332.43,timeout
2026-09-11T20:29:17.746161+00:00,0,23374.15,timeout
2026-09-11T20:29:17.711877+00:00,0,23417.91,timeout
2026-09-11T20:29:17.695955+00:00,0,23428.04,timeout
2026-09-11T20:29:17.695955+00:00,0,23436.12,timeout
2026-09-11T20:29:17.679860+00:00,0,23453.14,timeout
2026-09-11T20:29:17.663757+00:00,0,23475.48,timeout
2026-09-11T20:29:17.663757+00:00,0,23480.91,timeout
2026-09-11T20:29:17.671075+00:00,0,23475.19,timeout
2026-09-11T20:29:11.199701+00:00,0,29949.36,timeout
2026-09-11T20:29:08.029202+00:00,0,33121.39,timeout
2026-09-11T20:29:18.251885+00:00,0,22904.67,timeout
2026-09-11T20:29:17.806064+00:00,0,23347.10,timeout
2026-09-11T20:29:17.758687+00:00,0,23401.37,timeout
2026-09-11T20:29:18.579378+00:00,0,22575.62,timeout
2026-09-11T20:29:18.560859+00:00,0,22607.65,timeout
2026-09-11T20:29:18.548544+00:00,0,22614.55,timeout
2026-09-11T20:29:18.563966+00:00,0,22603.13,timeout
2026-09-11T20:29:18.693091+00:00,0,22485.73,timeout
2026-09-11T20:29:18.516272+00:00,0,22660.69,timeout
2026-09-11T20:29:18.516272+00:00,0,22660.53,timeout
2026-09-11T20:29:18.721736+00:00,0,22462.97,timeout
2026-09-11T20:29:18.727779+00:00,0,22458.47,timeout
2026-09-11T20:29:18.721736+00:00,0,22466.44,timeout
2026-09-11T20:29:18.727779+00:00,0,22459.62,timeout
2026-09-11T20:29:18.696310+00:00,0,22495.97,timeout
2026-09-11T20:29:18.727779+00:00,0,22467.89,timeout
2026-09-11T20:29:18.705923+00:00,0,22496.27,timeout
2026-09-11T20:29:18.696310+00:00,0,22510.13,timeout
2026-09-11T20:29:18.602212+00:00,0,22604.00,timeout
2026-09-11T20:29:18.661222+00:00,0,22540.46,timeout
2026-09-11T20:29:18.611374+00:00,0,22591.07,timeout
2026-09-11T20:29:18.643213+00:00,0,22575.00,timeout
2026-09-11T20:29:18.602212+00:00,0,22613.04,timeout
2026-09-11T20:29:18.627701+00:00,0,22594.41,timeout
2026-09-11T20:29:18.563966+00:00,0,22661.52,timeout
2026-09-11T20:29:18.579378+00:00,0,22645.11,timeout
2026-09-11T20:29:18.597594+00:00,0,22638.02,timeout
2026-09-11T20:29:18.579378+00:00,0,22658.43,timeout
2026-09-11T20:29:18.533098+00:00,0,22700.27,timeout
2026-09-11T20:29:18.627701+00:00,0,22602.01,timeout
2026-09-11T20:29:18.674910+00:00,0,22565.15,timeout
2026-09-11T20:29:18.627701+00:00,0,22610.56,timeout
2026-09-11T20:29:18.738441+00:00,0,22507.85,timeout
2026-09-11T20:29:18.721736+00:00,0,22534.08,timeout
2026-09-11T20:29:18.714142+00:00,0,22542.02,timeout
2026-09-11T20:29:18.714142+00:00,0,22542.69,timeout
2026-09-11T20:29:18.696310+00:00,0,22564.12,timeout
2026-09-11T20:29:18.690020+00:00,0,22578.28,timeout
2026-09-11T20:29:18.661222+00:00,0,22604.78,timeout
2026-09-11T20:29:18.643213+00:00,0,22623.37,timeout
2026-09-11T20:29:18.738441+00:00,0,22534.71,timeout
2026-09-11T20:29:18.738441+00:00,0,22540.68,timeout
2026-09-11T20:29:18.674910+00:00,0,22606.16,timeout
2026-09-11T20:29:18.602212+00:00,0,22683.40,timeout
2026-09-11T20:29:18.714142+00:00,0,22574.31,timeout
2026-09-11T20:29:18.602212+00:00,0,22686.83,timeout
2026-09-11T20:29:18.705923+00:00,0,22582.74,timeout
2026-09-11T20:29:18.661222+00:00,0,22636.31,timeout
2026-09-11T20:29:18.579378+00:00,0,22708.04,timeout
2026-09-11T20:29:18.661222+00:00,0,22631.99,timeout
2026-09-11T20:29:18.694801+00:00,0,22610.33,timeout
2026-09-11T20:29:18.545376+00:00,0,22761.79,timeout
2026-09-11T20:29:18.684425+00:00,0,22627.37,timeout
2026-09-11T20:29:18.685003+00:00,0,22627.68,timeout
2026-09-11T20:29:18.658629+00:00,0,22659.29,timeout
2026-09-11T20:29:18.627701+00:00,0,22683.29,timeout
2026-09-11T20:29:18.643213+00:00,0,22667.57,timeout
2026-09-11T20:29:18.611374+00:00,0,22702.37,timeout
2026-09-11T20:29:18.643213+00:00,0,22681.13,timeout
2026-09-11T20:29:18.627701+00:00,0,22697.16,timeout
2026-09-11T20:29:18.611374+00:00,0,22716.56,timeout
2026-09-11T20:29:18.595032+00:00,0,22743.12,timeout
2026-09-11T20:29:18.599659+00:00,0,22740.99,timeout
2026-09-11T20:29:18.563966+00:00,0,22769.11,timeout
2026-09-11T20:29:18.548544+00:00,0,22792.88,timeout
2026-09-11T20:29:18.579378+00:00,0,22764.82,timeout
2026-09-11T20:29:18.418937+00:00,0,22933.34,timeout
2026-09-11T20:29:18.548544+00:00,0,22805.08,timeout
2026-09-11T20:29:18.745686+00:00,0,22610.75,timeout
2026-09-11T20:29:18.727779+00:00,0,22631.79,timeout
2026-09-11T20:29:18.705923+00:00,0,22658.09,timeout
2026-09-11T20:29:18.627701+00:00,0,22738.16,timeout
2026-09-11T20:29:18.674910+00:00,0,22690.80,timeout
2026-09-11T20:29:18.661222+00:00,0,22709.43,timeout
2026-09-11T20:29:18.661222+00:00,0,22707.15,timeout
2026-09-11T20:29:18.611374+00:00,0,22765.66,timeout
2026-09-11T20:29:18.611374+00:00,0,22760.76,timeout
2026-09-11T20:29:18.611374+00:00,0,22769.32,timeout
2026-09-11T20:29:18.745686+00:00,0,22637.33,timeout
2026-09-11T20:29:18.643213+00:00,0,22737.76,timeout
2026-09-11T20:29:33.274561+00:00,0,8240.68,connection_error: 
2026-09-11T20:29:33.289529+00:00,0,8233.89,connection_error: 
2026-09-11T20:29:18.785292+00:00,0,23027.11,timeout
2026-09-11T20:29:18.832671+00:00,0,23005.75,timeout
2026-09-11T20:29:09.370085+00:00,0,32486.11,timeout
2026-09-11T20:29:18.816591+00:00,0,23046.64,timeout
2026-09-11T20:29:18.800938+00:00,0,23057.58,timeout
2026-09-11T20:29:11.334034+00:00,0,30536.41,timeout
2026-09-11T20:29:18.838666+00:00,0,23044.51,timeout
2026-09-11T20:29:18.816591+00:00,0,23067.85,timeout
2026-09-11T20:29:18.826236+00:00,0,23070.45,timeout
2026-09-11T20:29:08.038495+00:00,0,33857.96,timeout
2026-09-11T20:29:18.832671+00:00,0,23072.34,timeout
2026-09-11T20:29:13.991004+00:00,0,27913.78,timeout
2026-09-11T20:29:18.796336+00:00,0,23122.73,timeout
2026-09-11T20:29:11.237901+00:00,0,30678.31,timeout
2026-09-11T20:29:07.954027+00:00,0,33967.09,timeout
2026-09-11T20:29:18.826236+00:00,0,23105.22,timeout
2026-09-11T20:29:18.800938+00:00,0,23135.00,timeout
2026-09-11T20:29:18.785292+00:00,0,23153.90,timeout
2026-09-11T20:29:19.149878+00:00,0,22792.74,timeout
2026-09-11T20:29:19.180959+00:00,0,22757.61,timeout
2026-09-11T20:29:19.260746+00:00,0,22684.66,timeout
2026-09-11T20:29:18.864208+00:00,0,23080.30,timeout
2026-09-11T20:29:19.260746+00:00,0,22688.00,timeout
2026-09-11T20:29:19.244656+00:00,0,22703.87,timeout
2026-09-11T20:29:14.699306+00:00,0,27259.74,timeout
2026-09-11T20:29:19.214632+00:00,0,22748.76,timeout
2026-09-11T20:29:19.180959+00:00,0,22785.71,timeout
2026-09-11T20:29:19.149878+00:00,0,22813.42,timeout
2026-09-11T20:29:19.133943+00:00,0,22836.13,timeout
2026-09-11T20:29:19.133943+00:00,0,22843.88,timeout
2026-09-11T20:29:19.117590+00:00,0,22865.23,timeout
2026-09-11T20:29:19.101773+00:00,0,22875.94,timeout
2026-09-11T20:29:18.864208+00:00,0,23129.00,timeout
2026-09-11T20:29:14.651360+00:00,0,27334.07,timeout
2026-09-11T20:29:18.848572+00:00,0,23154.27,timeout
2026-09-11T20:29:19.149878+00:00,0,22845.10,timeout
2026-09-11T20:29:19.101773+00:00,0,22903.21,timeout
2026-09-11T20:29:19.149878+00:00,0,22861.18,timeout
2026-09-11T20:29:19.133943+00:00,0,22880.54,timeout
2026-09-11T20:29:19.101773+00:00,0,22909.23,timeout
2026-09-11T20:29:14.699306+00:00,0,27320.77,timeout
2026-09-11T20:29:19.117590+00:00,0,22899.44,timeout
2026-09-11T20:29:19.117590+00:00,0,22907.77,timeout
2026-09-11T20:29:19.228664+00:00,0,22788.24,timeout
2026-09-11T20:29:19.228664+00:00,0,22793.62,timeout
2026-09-11T20:29:19.196642+00:00,0,22833.25,timeout
2026-09-11T20:29:19.228664+00:00,0,22803.41,timeout
2026-09-11T20:29:14.673378+00:00,0,27359.69,timeout
2026-09-11T20:29:19.214632+00:00,0,22824.47,timeout
2026-09-11T20:29:19.244656+00:00,0,22801.32,timeout
2026-09-11T20:29:19.196642+00:00,0,22844.10,timeout
2026-09-11T20:29:19.196642+00:00,0,22855.11,timeout
2026-09-11T20:29:19.196642+00:00,0,22847.60,timeout
2026-09-11T20:29:18.840367+00:00,0,23216.83,timeout
2026-09-11T20:29:19.228664+00:00,0,22832.02,timeout
2026-09-11T20:29:19.149878+00:00,0,22902.27,timeout
2026-09-11T20:29:19.260746+00:00,0,22796.21,timeout
2026-09-11T20:29:19.128177+00:00,0,22942.05,timeout
2026-09-11T20:29:19.214632+00:00,0,22845.83,timeout
2026-09-11T20:29:18.840367+00:00,0,23230.82,timeout
2026-09-11T20:29:19.196642+00:00,0,22875.04,timeout
2026-09-11T20:29:19.196642+00:00,0,22870.42,timeout
2026-09-11T20:29:19.244656+00:00,0,22836.24,timeout
2026-09-11T20:29:19.244656+00:00,0,22836.43,timeout
2026-09-11T20:29:19.180959+00:00,0,22896.95,timeout
2026-09-11T20:29:19.214632+00:00,0,22878.77,timeout
2026-09-11T20:29:19.180959+00:00,0,22900.27,timeout
2026-09-11T20:29:19.165120+00:00,0,22919.04,timeout
2026-09-11T20:29:19.180959+00:00,0,22916.20,timeout
2026-09-11T20:29:19.165120+00:00,0,22939.14,timeout
2026-09-11T20:29:19.101773+00:00,0,22997.03,timeout
2026-09-11T20:29:19.143676+00:00,0,22965.96,timeout
2026-09-11T20:29:19.133943+00:00,0,22971.80,timeout
2026-09-11T20:29:18.848572+00:00,0,23259.52,timeout
2026-09-11T20:29:19.260746+00:00,0,22857.62,timeout
2026-09-11T20:29:19.276414+00:00,0,22843.38,timeout
2026-09-11T20:29:19.244656+00:00,0,22870.85,timeout
2026-09-11T20:29:19.260746+00:00,0,22863.33,timeout
2026-09-11T20:29:19.244656+00:00,0,22871.54,timeout
2026-09-11T20:29:19.228664+00:00,0,22900.27,timeout
2026-09-11T20:29:19.228664+00:00,0,22892.85,timeout
2026-09-11T20:29:19.214632+00:00,0,22913.45,timeout
2026-09-11T20:29:19.214632+00:00,0,22918.90,timeout
2026-09-11T20:29:19.165120+00:00,0,22972.02,timeout
2026-09-11T20:29:19.165120+00:00,0,22969.82,timeout
2026-09-11T20:29:19.180959+00:00,0,22962.07,timeout
2026-09-11T20:29:19.165120+00:00,0,22977.95,timeout
2026-09-11T20:29:19.165120+00:00,0,22985.85,timeout
2026-09-11T20:29:19.128177+00:00,0,23027.44,timeout
2026-09-11T20:29:19.101773+00:00,0,23048.59,timeout
2026-09-11T20:29:19.085976+00:00,0,23071.94,timeout
2026-09-11T20:29:19.101773+00:00,0,23065.27,timeout
2026-09-11T20:29:18.848572+00:00,0,23306.45,timeout
2026-09-11T20:29:18.848572+00:00,0,23319.97,timeout
2026-09-11T20:29:19.117590+00:00,0,23049.67,timeout
2026-09-11T20:29:19.149878+00:00,0,23023.56,timeout
2026-09-11T20:29:19.146786+00:00,0,23034.34,timeout
2026-09-11T20:29:20.999015+00:00,0,21379.29,timeout
2026-09-11T20:29:09.887561+00:00,0,32503.95,timeout
2026-09-11T20:29:19.529031+00:00,0,22858.54,timeout
2026-09-11T20:29:19.547366+00:00,0,22849.13,timeout
2026-09-11T20:29:14.711489+00:00,0,27689.01,timeout
2026-09-11T20:29:19.642926+00:00,0,22761.72,timeout
2026-09-11T20:29:11.440505+00:00,0,30964.91,timeout
2026-09-11T20:29:07.805236+00:00,0,34603.35,timeout
2026-09-11T20:29:19.465131+00:00,0,22938.29,timeout
2026-09-11T20:29:19.347152+00:00,0,23064.07,timeout
2026-09-11T20:29:19.340208+00:00,0,23071.97,timeout
2026-09-11T20:29:19.512181+00:00,0,22892.07,timeout
2026-09-11T20:29:08.070389+00:00,0,34347.30,timeout
2026-09-11T20:29:09.447394+00:00,0,32976.22,timeout
2026-09-11T20:29:19.529031+00:00,0,22896.65,timeout
2026-09-11T20:29:19.465131+00:00,0,22953.28,timeout
2026-09-11T20:29:14.691849+00:00,0,27736.29,timeout
2026-09-11T20:29:19.371065+00:00,0,23062.88,timeout
2026-09-11T20:29:19.328651+00:00,0,23104.31,timeout
2026-09-11T20:29:07.836293+00:00,0,34598.18,timeout
2026-09-11T20:29:19.498022+00:00,0,22943.71,timeout
2026-09-11T20:29:19.465131+00:00,0,22976.20,timeout
2026-09-11T20:29:19.455907+00:00,0,22982.16,timeout
2026-09-11T20:29:19.455907+00:00,0,22995.91,timeout
2026-09-11T20:29:14.683532+00:00,0,27764.13,timeout
2026-09-11T20:29:19.339652+00:00,0,23117.16,timeout
2026-09-11T20:29:11.388537+00:00,0,31070.56,timeout
2026-09-11T20:29:19.529031+00:00,0,22921.45,timeout
2026-09-11T20:29:19.652101+00:00,0,22811.86,timeout
2026-09-11T20:29:19.544334+00:00,0,22921.40,timeout
2026-09-11T20:29:14.018581+00:00,0,28440.54,timeout
2026-09-11T20:29:19.529031+00:00,0,22928.84,timeout
2026-09-11T20:29:19.559969+00:00,0,22912.06,timeout
2026-09-11T20:29:19.465131+00:00,0,23005.65,timeout
2026-09-11T20:29:19.559969+00:00,0,22914.47,timeout
2026-09-11T20:29:19.547366+00:00,0,22926.67,timeout
2026-09-11T20:29:19.559969+00:00,0,22924.16,timeout
2026-09-11T20:29:19.499553+00:00,0,22979.78,timeout
2026-09-11T20:29:19.465131+00:00,0,23009.67,timeout
2026-09-11T20:29:19.481184+00:00,0,23010.18,timeout
2026-09-11T20:29:19.449330+00:00,0,23044.97,timeout
2026-09-11T20:29:19.433555+00:00,0,23054.06,timeout
2026-09-11T20:29:14.002880+00:00,0,28484.32,timeout
2026-09-11T20:29:19.512181+00:00,0,22976.96,timeout
2026-09-11T20:29:19.559969+00:00,0,22937.22,timeout
2026-09-11T20:29:19.547366+00:00,0,22949.55,timeout
2026-09-11T20:29:19.499553+00:00,0,22999.98,timeout
2026-09-11T20:29:19.512181+00:00,0,22989.94,timeout
2026-09-11T20:29:19.495401+00:00,0,23018.84,timeout
2026-09-11T20:29:19.481184+00:00,0,23023.98,timeout
2026-09-11T20:29:19.481184+00:00,0,23034.45,timeout
2026-09-11T20:29:19.451334+00:00,0,23068.73,timeout
2026-09-11T20:29:19.455907+00:00,0,23064.79,timeout
2026-09-11T20:29:14.699306+00:00,0,27817.37,timeout
2026-09-11T20:29:19.371065+00:00,0,23147.03,timeout
2026-09-11T20:29:19.355970+00:00,0,23162.54,timeout
2026-09-11T20:29:19.355970+00:00,0,23171.02,timeout
2026-09-11T20:29:19.355970+00:00,0,23180.54,timeout
2026-09-11T20:29:19.547366+00:00,0,22989.23,timeout
2026-09-11T20:29:19.328651+00:00,0,23215.94,timeout
2026-09-11T20:29:19.529031+00:00,0,23013.80,timeout
2026-09-11T20:29:19.481184+00:00,0,23065.01,timeout
2026-09-11T20:29:19.653847+00:00,0,22899.99,timeout
2026-09-11T20:29:19.653847+00:00,0,22899.60,timeout
2026-09-11T20:29:19.646027+00:00,0,22914.97,timeout
2026-09-11T20:29:19.347152+00:00,0,23216.39,timeout
2026-09-11T20:29:19.547366+00:00,0,23018.97,timeout
2026-09-11T20:29:19.481184+00:00,0,23079.77,timeout
2026-09-11T20:29:08.050052+00:00,0,34512.53,timeout
2026-09-11T20:29:19.499553+00:00,0,23071.63,timeout
2026-09-11T20:29:19.648094+00:00,0,22930.10,timeout
2026-09-11T20:29:19.529031+00:00,0,23048.04,timeout
2026-09-11T20:29:19.499553+00:00,0,23082.60,timeout
2026-09-11T20:29:19.433555+00:00,0,23140.30,timeout
2026-09-11T20:29:19.355970+00:00,0,23229.44,timeout
2026-09-11T20:29:19.455907+00:00,0,23130.39,timeout
2026-09-11T20:29:19.355970+00:00,0,23229.10,timeout
2026-09-11T20:29:14.635362+00:00,0,27957.13,timeout
2026-09-11T20:29:19.353156+00:00,0,23247.47,timeout
2026-09-11T20:29:19.328651+00:00,0,23268.49,timeout
2026-09-11T20:29:19.340208+00:00,0,23263.57,timeout
2026-09-11T20:29:09.412037+00:00,0,33196.58,timeout
2026-09-11T20:29:14.683532+00:00,0,27924.11,timeout
2026-09-11T20:29:20.004494+00:00,0,22599.11,timeout
2026-09-11T20:29:20.000694+00:00,0,22613.79,timeout
2026-09-11T20:29:14.651360+00:00,0,27960.26,timeout
2026-09-11T20:29:20.004494+00:00,0,22613.73,timeout
2026-09-11T20:29:19.984662+00:00,0,22628.96,timeout
2026-09-11T20:29:14.699306+00:00,0,27922.33,timeout
2026-09-11T20:29:08.136860+00:00,0,34493.71,timeout
2026-09-11T20:29:20.552665+00:00,0,22080.01,timeout
2026-09-11T20:29:11.495273+00:00,0,31135.52,timeout
2026-09-11T20:29:20.510373+00:00,0,22126.81,timeout
2026-09-11T20:29:20.457589+00:00,0,22181.72,timeout
2026-09-11T20:29:20.483182+00:00,0,22159.65,timeout
2026-09-11T20:29:14.667447+00:00,0,27975.67,timeout
2026-09-11T20:29:20.530969+00:00,0,22114.85,timeout
2026-09-11T20:29:20.494225+00:00,0,22156.81,timeout
2026-09-11T20:29:20.536756+00:00,0,22108.58,timeout
2026-09-11T20:29:20.536756+00:00,0,22114.16,timeout
2026-09-11T20:29:20.536756+00:00,0,22121.30,timeout
2026-09-11T20:29:20.514387+00:00,0,22153.08,timeout
2026-09-11T20:29:20.477159+00:00,0,22193.12,timeout
2026-09-11T20:29:20.470559+00:00,0,22202.48,timeout
2026-09-11T20:29:20.450454+00:00,0,22226.10,timeout
2026-09-11T20:29:20.419296+00:00,0,22260.84,timeout
2026-09-11T20:29:20.414535+00:00,0,22268.33,timeout
2026-09-11T20:29:20.386145+00:00,0,22298.31,timeout
2026-09-11T20:29:20.500307+00:00,0,22187.32,timeout
2026-09-11T20:29:14.603673+00:00,0,28081.40,timeout
2026-09-11T20:29:20.508365+00:00,0,22186.23,timeout
2026-09-11T20:29:20.487196+00:00,0,22210.42,timeout
2026-09-11T20:29:20.481173+00:00,0,22219.24,timeout
2026-09-11T20:29:20.466544+00:00,0,22235.30,timeout
2026-09-11T20:29:20.398019+00:00,0,22306.49,timeout
2026-09-11T20:29:09.484956+00:00,0,33224.18,timeout
2026-09-11T20:29:20.549034+00:00,0,22163.40,timeout
2026-09-11T20:29:20.530969+00:00,0,22185.37,timeout
2026-09-11T20:29:20.504352+00:00,0,22216.98,timeout
2026-09-11T20:29:20.492218+00:00,0,22230.58,timeout
2026-09-11T20:29:20.461620+00:00,0,22262.96,timeout
2026-09-11T20:29:20.441678+00:00,0,22287.37,timeout
2026-09-11T20:29:20.436269+00:00,0,22294.64,timeout
2026-09-11T20:29:20.409243+00:00,0,22325.74,timeout
2026-09-11T20:29:20.395502+00:00,0,22342.58,timeout
2026-09-11T20:29:20.382130+00:00,0,22358.97,timeout
2026-09-11T20:29:20.370463+00:00,0,22372.47,timeout
2026-09-11T20:29:20.363771+00:00,0,22386.00,timeout
2026-09-11T20:29:20.269935+00:00,0,22469.69,timeout
2026-09-11T20:29:20.522182+00:00,0,22231.17,timeout
2026-09-11T20:29:20.475153+00:00,0,22285.98,timeout
2026-09-11T20:29:20.536756+00:00,0,22223.08,timeout
2026-09-11T20:29:20.432567+00:00,0,22338.82,timeout
2026-09-11T20:29:20.536756+00:00,0,22236.58,timeout
2026-09-11T20:29:20.518425+00:00,0,22260.67,timeout
2026-09-11T20:29:20.536756+00:00,0,22242.52,timeout
2026-09-11T20:29:20.522182+00:00,0,22265.05,timeout
2026-09-11T20:29:20.490210+00:00,0,22300.67,timeout
2026-09-11T20:29:20.498256+00:00,0,22295.47,timeout
2026-09-11T20:29:20.357669+00:00,0,22440.01,timeout
2026-09-11T20:29:20.398019+00:00,0,22398.90,timeout
2026-09-11T20:29:20.428833+00:00,0,22377.67,timeout
2026-09-11T20:29:20.389160+00:00,0,22418.48,timeout
2026-09-11T20:29:20.367186+00:00,0,22444.81,timeout
2026-09-11T20:29:20.379538+00:00,0,22439.15,timeout
2026-09-11T20:29:20.253257+00:00,0,22557.20,timeout
2026-09-11T20:29:20.568175+00:00,0,22246.03,timeout
2026-09-11T20:29:20.454468+00:00,0,22372.56,timeout
2026-09-11T20:29:20.424049+00:00,0,22406.32,timeout
2026-09-11T20:29:20.269935+00:00,0,22555.31,timeout
2026-09-11T20:29:20.445697+00:00,0,22389.38,timeout
2026-09-11T20:29:14.034480+00:00,0,28796.11,timeout
2026-09-11T20:29:20.979316+00:00,0,21860.79,timeout
2026-09-11T20:29:20.979316+00:00,0,21853.07,timeout
2026-09-11T20:29:20.853067+00:00,0,21978.23,timeout
2026-09-11T20:29:20.608684+00:00,0,22235.58,timeout
2026-09-11T20:29:20.615847+00:00,0,22230.80,timeout
2026-09-11T20:29:20.964139+00:00,0,21887.76,timeout
2026-09-11T20:29:20.970516+00:00,0,21881.72,timeout
2026-09-11T20:29:20.853067+00:00,0,21994.92,timeout
2026-09-11T20:29:20.932589+00:00,0,21928.97,timeout
2026-09-11T20:29:20.900485+00:00,0,21961.47,timeout
2026-09-11T20:29:20.868767+00:00,0,21983.85,timeout
2026-09-11T20:29:20.853067+00:00,0,22016.36,timeout
2026-09-11T20:29:20.842771+00:00,0,22029.39,timeout
2026-09-11T20:29:20.583875+00:00,0,22286.48,timeout
2026-09-11T20:29:20.837426+00:00,0,22038.51,timeout
2026-09-11T20:29:20.536756+00:00,0,22344.77,timeout
2026-09-11T20:29:20.583875+00:00,0,22298.36,timeout
2026-09-11T20:29:20.949667+00:00,0,21934.86,timeout
2026-09-11T20:29:20.949667+00:00,0,21928.60,timeout
2026-09-11T20:29:20.964139+00:00,0,21927.86,timeout
2026-09-11T20:29:20.970516+00:00,0,21923.64,timeout
2026-09-11T20:29:20.949667+00:00,0,21947.20,timeout
2026-09-11T20:29:20.932589+00:00,0,21953.96,timeout
2026-09-11T20:29:20.916358+00:00,0,21977.50,timeout
2026-09-11T20:29:20.916358+00:00,0,21985.04,timeout
2026-09-11T20:29:20.932589+00:00,0,21970.52,timeout
2026-09-11T20:29:20.932589+00:00,0,21974.74,timeout
2026-09-11T20:29:20.868767+00:00,0,22031.96,timeout
2026-09-11T20:29:20.932589+00:00,0,21973.22,timeout
2026-09-11T20:29:20.932589+00:00,0,21980.19,timeout
2026-09-11T20:29:20.970516+00:00,0,21944.69,timeout
2026-09-11T20:29:20.979316+00:00,0,21936.77,timeout
2026-09-11T20:29:20.906407+00:00,0,22012.72,timeout
2026-09-11T20:29:20.947664+00:00,0,21981.97,timeout
2026-09-11T20:29:20.906407+00:00,0,22024.11,timeout
2026-09-11T20:29:20.884657+00:00,0,22049.38,timeout
2026-09-11T20:29:20.906407+00:00,0,22035.49,timeout
2026-09-11T20:29:20.884657+00:00,0,22048.58,timeout
2026-09-11T20:29:20.568175+00:00,0,22379.33,timeout
2026-09-11T20:29:20.979316+00:00,0,21968.85,timeout
2026-09-11T20:29:20.599802+00:00,0,22356.62,timeout
2026-09-11T20:29:20.568175+00:00,0,22395.56,timeout
2026-09-11T20:29:20.599802+00:00,0,22368.60,timeout
2026-09-11T20:29:20.583875+00:00,0,22382.68,timeout
2026-09-11T20:29:20.884657+00:00,0,22090.13,timeout
2026-09-11T20:29:20.868767+00:00,0,22113.43,timeout
2026-09-11T20:29:20.868767+00:00,0,22113.78,timeout
2026-09-11T20:29:20.916358+00:00,0,22080.03,timeout
2026-09-11T20:29:20.884657+00:00,0,22115.46,timeout
2026-09-11T20:29:20.979316+00:00,0,22026.68,timeout
2026-09-11T20:29:20.549034+00:00,0,22462.72,timeout
2026-09-11T20:29:20.868767+00:00,0,22147.69,timeout
2026-09-11T20:29:20.821299+00:00,0,22199.00,timeout
2026-09-11T20:29:20.821299+00:00,0,22192.37,timeout
2026-09-11T20:29:20.599802+00:00,0,22433.39,timeout
2026-09-11T20:29:20.821299+00:00,0,22207.96,timeout
2026-09-11T20:29:20.821299+00:00,0,22220.36,timeout
2026-09-11T20:29:20.615847+00:00,0,22424.01,timeout
2026-09-11T20:29:20.583875+00:00,0,22455.82,timeout
2026-09-11T20:29:20.853067+00:00,0,22198.45,timeout
2026-09-11T20:29:20.904850+00:00,0,22152.30,timeout
2026-09-11T20:29:20.868767+00:00,0,22190.73,timeout
2026-09-11T20:29:20.853067+00:00,0,22200.27,timeout
2026-09-11T20:29:20.868767+00:00,0,22190.74,timeout
2026-09-11T20:29:20.916358+00:00,0,22148.99,timeout
2026-09-11T20:29:20.970516+00:00,0,22094.33,timeout
2026-09-11T20:29:20.842771+00:00,0,22223.16,timeout
2026-09-11T20:29:20.821299+00:00,0,22241.43,timeout
2026-09-11T20:29:20.841074+00:00,0,22236.99,timeout
2026-09-11T20:29:20.805529+00:00,0,22266.57,timeout
2026-09-11T20:29:20.821299+00:00,0,22257.52,timeout
2026-09-11T20:29:20.805529+00:00,0,22274.91,timeout
2026-09-11T20:29:20.608684+00:00,0,22474.57,timeout
2026-09-11T20:29:20.568175+00:00,0,22516.93,timeout
2026-09-11T20:29:20.884657+00:00,0,22200.35,timeout
2026-09-11T20:29:20.842771+00:00,0,22250.24,timeout
2026-09-11T20:29:20.853067+00:00,0,22233.71,timeout
2026-09-11T20:29:20.964139+00:00,0,22134.37,timeout
2026-09-11T20:29:20.805529+00:00,0,22285.15,timeout
2026-09-11T20:29:20.949667+00:00,0,22151.80,timeout
2026-09-11T20:29:20.842771+00:00,0,22259.84,timeout
2026-09-11T20:29:20.853067+00:00,0,22254.98,timeout
2026-09-11T20:29:20.868767+00:00,0,22236.90,timeout
2026-09-11T20:29:20.979316+00:00,0,22135.68,timeout
2026-09-11T20:29:20.932589+00:00,0,22176.80,timeout
2026-09-11T20:29:20.821299+00:00,0,22293.17,timeout
2026-09-11T20:29:20.906407+00:00,0,22218.77,timeout
2026-09-11T20:29:20.837426+00:00,0,22291.34,timeout
2026-09-11T20:29:20.608684+00:00,0,22523.01,timeout
2026-09-11T20:29:20.583875+00:00,0,22547.21,timeout
2026-09-11T20:29:20.805529+00:00,0,22319.32,timeout
2026-09-11T20:29:20.906407+00:00,0,22228.23,timeout
2026-09-11T20:29:20.583875+00:00,0,22546.49,timeout
2026-09-11T20:29:20.599802+00:00,0,22539.58,timeout
2026-09-11T20:29:20.608684+00:00,0,22536.39,timeout
2026-09-11T20:29:20.615847+00:00,0,22531.70,timeout
2026-09-11T20:29:20.821299+00:00,0,22329.52,timeout
2026-09-11T20:29:20.615847+00:00,0,22539.23,timeout
2026-09-11T20:29:20.964139+00:00,0,22189.31,timeout
2026-09-11T20:29:20.842771+00:00,0,22318.01,timeout
2026-09-11T20:29:20.568175+00:00,0,22594.30,timeout
2026-09-11T20:29:20.949667+00:00,0,22208.81,timeout
2026-09-11T20:29:20.821299+00:00,0,22341.86,timeout
2026-09-11T20:29:20.970516+00:00,0,22205.76,timeout
2026-09-11T20:29:20.979316+00:00,0,22197.38,timeout
2026-09-11T20:29:20.949667+00:00,0,22232.31,timeout
2026-09-11T20:29:20.949667+00:00,0,22230.45,timeout
2026-09-11T20:29:20.805529+00:00,0,22376.96,timeout
2026-09-11T20:29:20.606476+00:00,0,22589.87,timeout
2026-09-11T20:29:20.583875+00:00,0,22616.67,timeout
2026-09-11T20:29:20.583875+00:00,0,22612.62,timeout
2026-09-11T20:29:20.568175+00:00,0,22629.41,timeout
2026-09-11T20:29:20.552665+00:00,0,22643.49,timeout
2026-09-11T20:29:20.853067+00:00,0,22355.31,timeout
2026-09-11T20:29:20.916358+00:00,0,22286.51,timeout
2026-09-11T20:29:20.884657+00:00,0,22333.41,timeout
2026-09-11T20:29:20.598261+00:00,0,22623.97,timeout
2026-09-11T20:29:20.568175+00:00,0,22644.45,timeout
2026-09-11T20:29:20.916358+00:00,0,22299.76,timeout
2026-09-11T20:29:20.868767+00:00,0,22353.58,timeout
2026-09-11T20:29:20.949667+00:00,0,22277.52,timeout
2026-09-11T20:29:20.853067+00:00,0,22375.10,timeout
2026-09-11T20:29:20.821299+00:00,0,22410.78,timeout
2026-09-11T20:29:20.932589+00:00,0,22307.09,timeout
2026-09-11T20:29:20.932589+00:00,0,22303.26,timeout
2026-09-11T20:29:20.898740+00:00,0,22348.33,timeout
2026-09-11T20:29:20.916358+00:00,0,22328.71,timeout
2026-09-11T20:29:20.906407+00:00,0,22340.80,timeout
2026-09-11T20:29:20.931024+00:00,0,22325.83,timeout
2026-09-11T20:29:20.916358+00:00,0,22335.50,timeout
2026-09-11T20:29:20.842771+00:00,0,22414.17,timeout
2026-09-11T20:29:20.884657+00:00,0,22374.01,timeout
2026-09-11T20:29:20.884657+00:00,0,22374.85,timeout
2026-09-11T20:29:20.568175+00:00,0,22692.82,timeout
2026-09-11T20:29:20.900485+00:00,0,22377.14,timeout
2026-09-11T20:29:08.163517+00:00,0,35111.68,timeout
2026-09-11T20:29:22.666226+00:00,0,20618.79,timeout
2026-09-11T20:29:23.368287+00:00,0,19919.96,timeout
2026-09-11T20:29:14.192725+00:00,0,29089.87,timeout
2026-09-11T20:29:08.225138+00:00,0,35072.90,timeout
2026-09-11T20:29:07.879784+00:00,0,35419.77,timeout
2026-09-11T20:29:09.823813+00:00,0,33473.33,timeout
2026-09-11T20:29:11.888214+00:00,0,31414.64,timeout
2026-09-11T20:29:14.160988+00:00,0,29144.77,timeout
2026-09-11T20:29:11.661116+00:00,0,31649.63,timeout
2026-09-11T20:29:08.188180+00:00,0,35132.45,timeout
2026-09-11T20:29:08.205611+00:00,0,35118.88,timeout
2026-09-11T20:29:09.777173+00:00,0,33551.91,timeout
2026-09-11T20:29:08.144659+00:00,0,35177.46,timeout
2026-09-11T20:29:20.999015+00:00,0,22330.35,timeout
2026-09-11T20:29:14.097634+00:00,0,29231.35,timeout
2026-09-11T20:29:20.999015+00:00,0,22337.49,timeout
2026-09-11T20:29:11.946637+00:00,0,31392.67,timeout
2026-09-11T20:29:14.176703+00:00,0,29158.02,timeout
2026-09-11T20:29:09.640927+00:00,0,33709.04,timeout
2026-09-11T20:29:07.913332+00:00,0,35440.51,timeout
2026-09-11T20:29:14.224411+00:00,0,29127.98,timeout
2026-09-11T20:29:08.018343+00:00,0,35350.25,timeout
2026-09-11T20:29:20.999015+00:00,0,22367.40,timeout
2026-09-11T20:29:08.114797+00:00,0,35261.52,timeout
2026-09-11T20:29:21.010617+00:00,0,22374.10,timeout
2026-09-11T20:29:09.599298+00:00,0,33787.41,timeout
2026-09-11T20:29:12.403482+00:00,0,30990.84,timeout
2026-09-11T20:29:08.316479+00:00,0,35081.88,timeout
2026-09-11T20:29:14.256172+00:00,0,29136.08,timeout
2026-09-11T20:29:09.987503+00:00,0,33418.36,timeout
2026-09-11T20:29:24.363678+00:00,0,19036.96,timeout
2026-09-11T20:29:12.452264+00:00,0,30957.58,timeout
2026-09-11T20:29:14.291336+00:00,0,29123.22,timeout
2026-09-11T20:29:07.859194+00:00,0,35561.50,timeout
2026-09-11T20:29:10.076545+00:00,0,33344.27,timeout
2026-09-11T20:29:21.010617+00:00,0,22419.53,timeout
2026-09-11T20:29:14.119826+00:00,0,29319.90,timeout
2026-09-11T20:29:08.431802+00:00,0,35013.42,timeout
2026-09-11T20:29:11.835181+00:00,0,31611.81,timeout
2026-09-11T20:29:12.489154+00:00,0,30960.05,timeout
2026-09-11T20:29:20.994969+00:00,0,22461.75,timeout
2026-09-11T20:29:14.311138+00:00,0,29153.80,timeout
2026-09-11T20:29:21.010617+00:00,0,22453.37,timeout
2026-09-11T20:29:10.129854+00:00,0,33345.46,timeout
2026-09-11T20:29:08.469935+00:00,0,35011.96,timeout
2026-09-11T20:29:23.843978+00:00,0,19637.35,timeout
2026-09-11T20:29:14.145954+00:00,0,29340.21,timeout
2026-09-11T20:29:14.351365+00:00,0,29138.58,timeout
2026-09-11T20:29:12.525254+00:00,0,30972.70,timeout
2026-09-11T20:29:08.504942+00:00,0,34997.82,timeout
2026-09-11T20:29:10.175144+00:00,0,33331.50,timeout
2026-09-11T20:29:21.010617+00:00,0,22491.65,timeout
2026-09-11T20:29:24.509919+00:00,0,19004.58,timeout
2026-09-11T20:29:21.010617+00:00,0,22497.87,timeout
2026-09-11T20:29:08.536340+00:00,0,34985.35,timeout
2026-09-11T20:29:20.999015+00:00,0,22524.44,timeout
2026-09-11T20:29:10.209331+00:00,0,33309.65,timeout
2026-09-11T20:29:12.546899+00:00,0,30983.60,timeout
2026-09-11T20:29:14.366558+00:00,0,29156.17,timeout
2026-09-11T20:29:20.999015+00:00,0,22543.33,timeout
2026-09-11T20:29:12.574664+00:00,0,30970.37,timeout
2026-09-11T20:29:21.010617+00:00,0,22526.55,timeout
2026-09-11T20:29:24.153093+00:00,0,19399.59,timeout
2026-09-11T20:29:13.970864+00:00,0,29570.51,timeout
2026-09-11T20:29:10.257858+00:00,0,33295.05,timeout
2026-09-11T20:29:08.562903+00:00,0,34997.29,timeout
2026-09-11T20:29:09.557228+00:00,0,34002.43,timeout
2026-09-11T20:29:21.010617+00:00,0,22542.88,timeout
2026-09-11T20:29:10.298973+00:00,0,33262.53,timeout
2026-09-11T20:29:08.596293+00:00,0,34975.37,timeout
2026-09-11T20:29:08.280487+00:00,0,35290.58,timeout
2026-09-11T20:29:12.600607+00:00,0,30973.66,timeout
2026-09-11T20:29:24.301437+00:00,0,19275.94,timeout
2026-09-11T20:29:24.651201+00:00,0,18926.29,timeout
2026-09-11T20:29:09.935127+00:00,0,33653.28,timeout
2026-09-11T20:29:12.626559+00:00,0,30956.37,timeout
2026-09-11T20:29:21.010617+00:00,0,22570.48,timeout
2026-09-11T20:29:10.349527+00:00,0,33248.39,timeout
2026-09-11T20:29:08.625692+00:00,0,34970.12,timeout
2026-09-11T20:29:08.365124+00:00,0,35242.83,timeout
2026-09-11T20:29:12.660127+00:00,0,30951.49,timeout
2026-09-11T20:29:10.393030+00:00,0,33217.34,timeout
2026-09-11T20:29:09.289426+00:00,0,34315.26,timeout
2026-09-11T20:29:10.029260+00:00,0,33581.57,timeout
2026-09-11T20:29:21.026283+00:00,0,22595.64,timeout
2026-09-11T20:29:08.674168+00:00,0,34948.31,timeout
2026-09-11T20:29:12.682886+00:00,0,30946.76,timeout
2026-09-11T20:29:10.462780+00:00,0,33169.48,timeout
2026-09-11T20:29:24.796698+00:00,0,18834.53,timeout
2026-09-11T20:29:21.026283+00:00,0,22607.77,timeout
2026-09-11T20:29:07.812032+00:00,0,35826.39,timeout
2026-09-11T20:29:12.428499+00:00,0,31214.47,timeout
2026-09-11T20:29:14.240534+00:00,0,29394.60,timeout
2026-09-11T20:29:33.321327+00:00,0,10359.08,connection_error: 
2026-09-11T20:29:33.333036+00:00,0,10351.58,connection_error: 
2026-09-11T20:29:33.322723+00:00,0,10360.81,connection_error: 
2026-09-11T20:29:33.314204+00:00,0,10375.66,connection_error: 
2026-09-11T20:29:20.999015+00:00,0,23155.07,timeout
2026-09-11T20:29:07.843462+00:00,0,36335.46,timeout
2026-09-11T20:29:10.517839+00:00,0,33677.33,timeout
2026-09-11T20:29:12.703932+00:00,0,31495.41,timeout
2026-09-11T20:29:14.271814+00:00,0,29923.49,timeout
2026-09-11T20:29:21.026283+00:00,0,23174.69,timeout
2026-09-11T20:29:12.719966+00:00,0,31483.41,timeout
2026-09-11T20:29:10.570266+00:00,0,33641.42,timeout
2026-09-11T20:29:21.010617+00:00,0,23201.05,timeout
2026-09-11T20:29:21.026283+00:00,0,23183.96,timeout
2026-09-11T20:29:07.904677+00:00,0,36316.26,timeout
2026-09-11T20:29:10.619976+00:00,0,33601.64,timeout
2026-09-11T20:29:11.724230+00:00,0,32503.85,timeout
2026-09-11T20:29:21.026283+00:00,0,23200.60,timeout
2026-09-11T20:29:08.774980+00:00,0,35465.25,timeout
2026-09-11T20:29:12.746491+00:00,0,31495.24,timeout
2026-09-11T20:29:24.904569+00:00,0,19339.12,timeout
2026-09-11T20:29:08.799479+00:00,0,35449.98,timeout
2026-09-11T20:29:10.650393+00:00,0,33602.63,timeout
2026-09-11T20:29:21.026283+00:00,0,23226.11,timeout
2026-09-11T20:29:12.769598+00:00,0,31496.78,timeout
2026-09-11T20:29:08.830358+00:00,0,35439.63,timeout
2026-09-11T20:29:12.790073+00:00,0,31484.02,timeout
2026-09-11T20:29:21.107217+00:00,0,23162.08,timeout
2026-09-11T20:29:07.870111+00:00,0,36411.99,timeout
2026-09-11T20:29:07.796318+00:00,0,36486.90,timeout
2026-09-11T20:29:08.862182+00:00,0,35425.18,timeout
2026-09-11T20:29:08.086459+00:00,0,36202.00,timeout
2026-09-11T20:29:12.835325+00:00,0,31453.67,timeout
2026-09-11T20:29:25.002155+00:00,0,19291.84,timeout
2026-09-11T20:29:21.121616+00:00,0,23171.95,timeout
2026-09-11T20:29:08.893933+00:00,0,35407.03,timeout
2026-09-11T20:29:08.001689+00:00,0,36295.60,timeout
2026-09-11T20:29:12.937981+00:00,0,31366.09,timeout
2026-09-11T20:29:12.977156+00:00,0,31324.91,timeout
2026-09-11T20:29:21.131129+00:00,0,23177.57,timeout
2026-09-11T20:29:11.597582+00:00,0,32710.35,timeout
2026-09-11T20:29:08.928209+00:00,0,35388.46,timeout
2026-09-11T20:29:21.328194+00:00,0,22988.71,timeout
2026-09-11T20:29:11.549211+00:00,0,32769.29,timeout
2026-09-11T20:29:08.957450+00:00,0,35362.16,timeout
2026-09-11T20:29:25.091384+00:00,0,19231.86,timeout
2026-09-11T20:29:13.218698+00:00,0,31109.69,timeout
2026-09-11T20:29:08.989256+00:00,0,35336.98,timeout
2026-09-11T20:29:21.138177+00:00,0,23187.61,timeout
2026-09-11T20:29:13.274133+00:00,0,31052.30,timeout
2026-09-11T20:29:14.081971+00:00,0,30252.71,timeout
2026-09-11T20:29:13.331437+00:00,0,31009.76,timeout
2026-09-11T20:29:14.050192+00:00,0,30287.58,timeout
2026-09-11T20:29:09.052519+00:00,0,35282.57,timeout
2026-09-11T20:29:13.370712+00:00,0,30966.57,timeout
2026-09-11T20:29:22.078149+00:00,0,22264.51,timeout
2026-09-11T20:29:25.174457+00:00,0,19175.52,timeout
2026-09-11T20:29:23.401509+00:00,0,20947.12,timeout
2026-09-11T20:29:21.150216+00:00,0,23209.06,timeout
2026-09-11T20:29:09.030136+00:00,0,35331.39,timeout
2026-09-11T20:29:21.154314+00:00,0,23202.11,timeout
2026-09-11T20:29:09.092387+00:00,0,35269.59,timeout
2026-09-11T20:29:11.776675+00:00,0,32587.18,timeout
2026-09-11T20:29:13.433500+00:00,0,30935.87,timeout
2026-09-11T20:29:13.449876+00:00,0,30915.71,timeout
2026-09-11T20:29:21.154314+00:00,0,23210.25,timeout
2026-09-11T20:29:08.241949+00:00,0,36135.36,timeout
2026-09-11T20:29:09.132188+00:00,0,35251.56,timeout
2026-09-11T20:29:25.250762+00:00,0,19128.87,timeout
2026-09-11T20:29:09.165855+00:00,0,35222.91,timeout
2026-09-11T20:29:14.619387+00:00,0,29770.84,timeout
2026-09-11T20:29:13.511637+00:00,0,30879.63,timeout
2026-09-11T20:29:09.195353+00:00,0,35196.98,timeout
2026-09-11T20:29:21.217259+00:00,0,23166.72,timeout
2026-09-11T20:29:13.543644+00:00,0,30855.95,timeout
2026-09-11T20:29:09.234532+00:00,0,35169.68,timeout
2026-09-11T20:29:25.319901+00:00,0,19086.78,timeout
2026-09-11T20:29:07.827785+00:00,0,36579.88,timeout
2026-09-11T20:29:13.575163+00:00,0,30826.94,timeout
2026-09-11T20:29:13.646238+00:00,0,30767.99,timeout
2026-09-11T20:29:13.606184+00:00,0,30800.46,timeout
2026-09-11T20:29:08.104612+00:00,0,36314.83,timeout
2026-09-11T20:29:23.605819+00:00,0,20813.18,timeout
2026-09-11T20:29:14.211199+00:00,0,30202.57,timeout
2026-09-11T20:29:13.669782+00:00,0,30751.88,timeout
2026-09-11T20:29:20.994969+00:00,0,23434.57,timeout
2026-09-11T20:29:25.375054+00:00,0,19056.74,timeout
2026-09-11T20:29:13.690620+00:00,0,30739.57,timeout
2026-09-11T20:29:14.129942+00:00,0,30305.68,timeout
2026-09-11T20:29:13.710825+00:00,0,30725.02,timeout
2026-09-11T20:29:08.263833+00:00,0,36178.99,timeout
2026-09-11T20:29:13.734107+00:00,0,30710.21,timeout
2026-09-11T20:29:13.780828+00:00,0,30659.76,timeout
2026-09-11T20:29:13.749831+00:00,0,30693.05,timeout
2026-09-11T20:29:25.408323+00:00,0,19031.30,timeout
2026-09-11T20:29:13.812639+00:00,0,30638.98,timeout
2026-09-11T20:29:13.051939+00:00,0,31410.67,timeout
2026-09-11T20:29:12.956968+00:00,0,31503.35,timeout
2026-09-11T20:29:25.460045+00:00,0,19008.18,timeout
2026-09-11T20:29:12.893858+00:00,0,31573.19,timeout
2026-09-11T20:29:13.182433+00:00,0,31290.09,timeout
2026-09-11T20:29:25.488376+00:00,0,18984.76,timeout
2026-09-11T20:29:13.004807+00:00,0,31472.81,timeout
2026-09-11T20:29:13.115414+00:00,0,31362.98,timeout
2026-09-11T20:29:13.559063+00:00,0,30918.08,timeout
2026-09-11T20:29:13.493863+00:00,0,30992.60,timeout
2026-09-11T20:29:13.410757+00:00,0,31073.65,timeout
2026-09-11T20:29:25.531455+00:00,0,18960.00,timeout
2026-09-11T20:29:13.258212+00:00,0,31233.70,timeout
2026-09-11T20:29:25.602193+00:00,0,18894.36,timeout
2026-09-11T20:29:25.582858+00:00,0,18912.94,timeout
2026-09-11T20:29:13.844821+00:00,0,30650.75,timeout
2026-09-11T20:29:12.861721+00:00,0,31642.03,timeout
2026-09-11T20:29:25.606790+00:00,0,18897.28,timeout
2026-09-11T20:29:12.814069+00:00,0,31693.02,timeout
2026-09-11T20:29:25.557164+00:00,0,18950.99,timeout
2026-09-11T20:29:25.646906+00:00,0,18866.58,timeout
2026-09-11T20:29:25.654402+00:00,0,18862.52,timeout
2026-09-11T20:29:25.702404+00:00,0,18817.84,timeout
2026-09-11T20:29:25.694958+00:00,0,18828.38,timeout
2026-09-11T20:29:25.741900+00:00,0,18784.01,timeout
2026-09-11T20:29:25.779386+00:00,0,18748.81,timeout
2026-09-11T20:29:25.773359+00:00,0,18757.48,timeout
2026-09-11T20:29:25.821049+00:00,0,18712.81,timeout
2026-09-11T20:29:25.852861+00:00,0,18685.30,timeout
2026-09-11T20:29:25.858886+00:00,0,18682.00,timeout
2026-09-11T20:29:25.900375+00:00,0,18642.93,timeout
2026-09-11T20:29:25.902404+00:00,0,18639.22,timeout
2026-09-11T20:29:25.948454+00:00,0,18600.25,timeout
2026-09-11T20:29:25.980348+00:00,0,18570.97,timeout
2026-09-11T20:29:26.012370+00:00,0,18541.39,timeout
2026-09-11T20:29:26.044371+00:00,0,18511.75,timeout
2026-09-11T20:29:26.076305+00:00,0,18482.34,timeout
2026-09-11T20:29:26.107867+00:00,0,18453.06,timeout
2026-09-11T20:29:26.140552+00:00,0,18423.53,timeout
2026-09-11T20:29:26.171874+00:00,0,18394.52,timeout
2026-09-11T20:29:26.203444+00:00,0,18365.64,timeout
2026-09-11T20:29:26.234422+00:00,0,18337.28,timeout
2026-09-11T20:29:26.266362+00:00,0,18307.82,timeout
2026-09-11T20:29:26.298023+00:00,0,18278.61,timeout
2026-09-11T20:29:26.329862+00:00,0,18249.47,timeout
2026-09-11T20:29:26.361919+00:00,0,18220.22,timeout
2026-09-11T20:29:26.393893+00:00,0,18190.65,timeout
2026-09-11T20:29:26.402605+00:00,0,18184.26,timeout
2026-09-11T20:29:26.441888+00:00,0,18147.52,timeout
2026-09-11T20:29:26.473867+00:00,0,18117.88,timeout
2026-09-11T20:29:26.505672+00:00,0,18088.65,timeout
2026-09-11T20:29:26.537338+00:00,0,18060.08,timeout
2026-09-11T20:29:26.569519+00:00,0,18030.37,timeout
2026-09-11T20:29:26.576352+00:00,0,18021.75,timeout
2026-09-11T20:29:26.617346+00:00,0,17987.43,timeout
2026-09-11T20:29:26.621413+00:00,0,17984.02,timeout
2026-09-11T20:29:26.649334+00:00,0,17962.09,timeout
2026-09-11T20:29:26.655711+00:00,0,17957.49,timeout
2026-09-11T20:29:26.696853+00:00,0,17919.59,timeout
2026-09-11T20:29:26.703246+00:00,0,17914.89,timeout
2026-09-11T20:29:26.744998+00:00,0,17876.60,timeout
2026-09-11T20:29:26.776881+00:00,0,17847.24,timeout
2026-09-11T20:29:26.808712+00:00,0,17817.90,timeout
2026-09-11T20:29:26.840580+00:00,0,17788.56,timeout
2026-09-11T20:29:26.872195+00:00,0,17759.53,timeout
2026-09-11T20:29:26.903479+00:00,0,17730.85,timeout
2026-09-11T20:29:26.935263+00:00,0,17701.65,timeout
2026-09-11T20:29:26.966867+00:00,0,17672.37,timeout
2026-09-11T20:29:26.998822+00:00,0,17643.05,timeout
2026-09-11T20:29:27.030824+00:00,0,17613.82,timeout
2026-09-11T20:29:27.062823+00:00,0,17584.22,timeout
2026-09-11T20:29:27.094530+00:00,0,17554.91,timeout
2026-09-11T20:29:27.126394+00:00,0,17525.67,timeout
2026-09-11T20:29:27.157882+00:00,0,17496.67,timeout
2026-09-11T20:29:27.189785+00:00,0,17467.24,timeout
2026-09-11T20:29:27.221895+00:00,0,17437.79,timeout
2026-09-11T20:29:27.230371+00:00,0,17432.39,timeout
2026-09-11T20:29:27.269153+00:00,0,17396.90,timeout
2026-09-11T20:29:27.279714+00:00,0,17388.60,timeout
2026-09-11T20:29:27.317058+00:00,0,17354.10,timeout
2026-09-11T20:29:27.348805+00:00,0,17324.82,timeout
2026-09-11T20:29:27.380813+00:00,0,17295.66,timeout
2026-09-11T20:29:27.419714+00:00,0,17259.33,timeout
2026-09-11T20:29:27.412719+00:00,0,17268.89,timeout
2026-09-11T20:29:27.448885+00:00,0,17234.53,timeout
2026-09-11T20:29:27.444260+00:00,0,17242.51,timeout
2026-09-11T20:29:27.479809+00:00,0,17208.53,timeout
2026-09-11T20:29:27.475275+00:00,0,17216.85,timeout
2026-09-11T20:29:27.507110+00:00,0,17187.56,timeout
2026-09-11T20:29:27.538211+00:00,0,17158.82,timeout
2026-09-11T20:29:27.570065+00:00,0,17129.61,timeout
2026-09-11T20:29:27.601919+00:00,0,17100.19,timeout
2026-09-11T20:29:27.633698+00:00,0,17070.83,timeout
2026-09-11T20:29:27.640669+00:00,0,17066.06,timeout
2026-09-11T20:29:27.687293+00:00,0,17021.20,timeout
2026-09-11T20:29:27.681307+00:00,0,17030.66,timeout
2026-09-11T20:29:27.728835+00:00,0,16985.65,timeout
2026-09-11T20:29:27.760252+00:00,0,16956.90,timeout
2026-09-11T20:29:27.761259+00:00,0,16953.56,timeout
2026-09-11T20:29:27.808022+00:00,0,16912.95,timeout
2026-09-11T20:29:27.800811+00:00,0,16923.61,timeout
2026-09-11T20:29:27.791793+00:00,0,16935.46,timeout
2026-09-11T20:29:27.839259+00:00,0,16890.66,timeout
2026-09-11T20:29:27.870818+00:00,0,16861.36,timeout
2026-09-11T20:29:27.902246+00:00,0,16832.64,timeout
2026-09-11T20:29:27.933795+00:00,0,16803.65,timeout
2026-09-11T20:29:33.384581+00:00,0,11380.01,connection_error: 
2026-09-11T20:29:33.358743+00:00,0,11408.26,connection_error: 
2026-09-11T20:29:33.353320+00:00,0,11417.52,connection_error: 
2026-09-11T20:29:33.371409+00:00,0,11402.26,connection_error: 
2026-09-11T20:29:33.385686+00:00,0,11380.38,connection_error: 
2026-09-11T20:29:33.377689+00:00,0,11400.89,connection_error: 
2026-09-11T20:29:33.416529+00:00,0,11365.10,connection_error: 
2026-09-11T20:29:33.406942+00:00,0,11377.05,connection_error: 
2026-09-11T20:29:33.406942+00:00,0,11375.58,connection_error: 
2026-09-11T20:29:33.423046+00:00,0,11363.85,connection_error: 
2026-09-11T20:29:33.385686+00:00,0,11401.99,connection_error: 
2026-09-11T20:29:33.358743+00:00,0,11429.43,connection_error: 
2026-09-11T20:29:33.416529+00:00,0,11375.79,connection_error: 
2026-09-11T20:29:33.402549+00:00,0,11397.53,connection_error: 
2026-09-11T20:29:33.423046+00:00,0,11371.90,connection_error: 
2026-09-11T20:29:33.442037+00:00,0,11363.66,connection_error: 
2026-09-11T20:29:33.458647+00:00,0,11995.05,connection_error: 
2026-09-11T20:29:33.449201+00:00,0,12008.31,connection_error: 
2026-09-11T20:29:33.467570+00:00,0,11995.26,connection_error: 
2026-09-11T20:29:33.467570+00:00,0,12005.18,connection_error: 
2026-09-11T20:29:33.477475+00:00,0,12000.06,connection_error: 
2026-09-11T20:29:33.531157+00:00,0,11951.24,timeout
2026-09-11T20:29:33.548281+00:00,0,11946.45,timeout
2026-09-11T20:29:33.531157+00:00,0,11958.27,timeout
2026-09-11T20:29:33.551434+00:00,0,11948.64,timeout
2026-09-11T20:29:33.583996+00:00,0,11925.12,timeout
2026-09-11T20:29:33.578899+00:00,0,11935.93,timeout
2026-09-11T20:29:33.571764+00:00,0,11949.17,timeout
2026-09-11T20:29:33.583996+00:00,0,11936.03,timeout
2026-09-11T20:29:33.592335+00:00,0,11935.57,timeout
2026-09-11T20:29:33.496529+00:00,0,12344.43,connection_error: 
2026-09-11T20:29:33.513358+00:00,0,12332.60,connection_error: 
2026-09-11T20:29:33.513358+00:00,0,12341.73,connection_error: 
2026-09-11T20:29:33.507006+00:00,0,12350.92,connection_error: 
2026-09-11T20:29:33.496529+00:00,0,12363.74,connection_error: 
2026-09-11T20:29:33.494998+00:00,0,12372.38,connection_error: 
2026-09-11T20:29:33.642869+00:00,0,12226.84,timeout
2026-09-11T20:29:33.611801+00:00,0,12258.64,timeout
2026-09-11T20:29:33.633639+00:00,0,12245.20,timeout
2026-09-11T20:29:33.639985+00:00,0,12242.84,timeout
2026-09-11T20:29:33.627787+00:00,0,12256.67,timeout
2026-09-11T20:29:33.624008+00:00,0,12265.38,timeout
2026-09-11T20:29:33.611801+00:00,0,12280.20,timeout
2026-09-11T20:29:33.671990+00:00,0,12966.76,timeout
2026-09-11T20:29:33.659663+00:00,0,12978.76,timeout
2026-09-11T20:29:33.679486+00:00,0,12964.91,timeout
2026-09-11T20:29:33.671990+00:00,0,12974.40,timeout
2026-09-11T20:29:33.689556+00:00,0,12967.04,timeout
2026-09-11T20:29:33.735579+00:00,0,13250.64,timeout
2026-09-11T20:29:33.752648+00:00,0,13244.31,timeout
2026-09-11T20:29:33.735579+00:00,0,13254.19,timeout
2026-09-11T20:29:34.025432+00:00,0,13262.05,timeout
2026-09-11T20:29:34.009114+00:00,0,13277.58,timeout
2026-09-11T20:29:34.007101+00:00,0,13292.71,timeout
2026-09-11T20:29:34.009114+00:00,0,13291.01,timeout
2026-09-11T20:29:34.025432+00:00,0,13276.68,timeout
2026-09-11T20:29:34.021741+00:00,0,13291.19,timeout
2026-09-11T20:29:34.057967+00:00,0,13261.45,timeout
2026-09-11T20:29:34.053324+00:00,0,13270.76,timeout
2026-09-11T20:29:34.041733+00:00,0,13283.08,timeout
2026-09-11T20:29:34.057967+00:00,0,13270.44,timeout
2026-09-11T20:29:34.057967+00:00,0,13269.75,timeout
2026-09-11T20:29:34.075233+00:00,0,13264.28,timeout
2026-09-11T20:29:34.069142+00:00,0,13273.01,timeout
2026-09-11T20:29:34.091002+00:00,0,13250.05,timeout
2026-09-11T20:29:34.106997+00:00,0,13240.16,timeout
2026-09-11T20:29:34.091002+00:00,0,13263.29,timeout
2026-09-11T20:29:34.100506+00:00,0,13257.04,timeout
2026-09-11T20:29:34.106997+00:00,0,13256.27,timeout
2026-09-11T20:29:34.075233+00:00,0,13287.36,timeout
2026-09-11T20:29:34.116488+00:00,0,13254.54,timeout
2026-09-11T20:29:34.084811+00:00,0,13288.12,timeout
2026-09-11T20:29:34.140475+00:00,0,13237.56,timeout
2026-09-11T20:29:34.123980+00:00,0,13255.06,timeout
2026-09-11T20:29:34.165067+00:00,0,13219.03,timeout
2026-09-11T20:29:34.132460+00:00,0,13253.05,timeout
2026-09-11T20:29:34.140475+00:00,0,13246.51,timeout
2026-09-11T20:29:34.156844+00:00,0,13238.61,timeout
2026-09-11T20:29:34.173530+00:00,0,13222.56,timeout
2026-09-11T20:29:34.165067+00:00,0,13231.24,timeout
2026-09-11T20:29:34.123980+00:00,0,13274.71,timeout
2026-09-11T20:29:34.181104+00:00,0,13220.42,timeout
2026-09-11T20:29:34.181104+00:00,0,13227.51,timeout
2026-09-11T20:29:34.156844+00:00,0,13251.29,timeout
2026-09-11T20:29:34.190466+00:00,0,13223.06,timeout
2026-09-11T20:29:34.116488+00:00,0,13295.81,timeout
2026-09-11T20:29:34.152265+00:00,0,13268.62,timeout
2026-09-11T20:29:34.196484+00:00,0,13225.24,timeout
2026-09-11T20:29:34.244159+00:00,0,13181.49,timeout
2026-09-11T20:29:34.250930+00:00,0,13177.55,timeout
2026-09-11T20:29:34.212502+00:00,0,13216.02,timeout
2026-09-11T20:29:34.250930+00:00,0,13177.40,timeout
2026-09-11T20:29:34.264657+00:00,0,13165.13,timeout
2026-09-11T20:29:34.228463+00:00,0,13210.20,timeout
2026-09-11T20:29:34.223000+00:00,0,13218.41,timeout
2026-09-11T20:29:34.233401+00:00,0,13210.20,timeout
2026-09-11T20:29:34.233401+00:00,0,13207.46,timeout
2026-09-11T20:29:34.264657+00:00,0,13182.90,timeout
2026-09-11T20:29:34.260096+00:00,0,13192.88,timeout
2026-09-11T20:29:34.275975+00:00,0,13176.31,timeout
2026-09-11T20:29:34.264657+00:00,0,13183.94,timeout
2026-09-11T20:29:34.291956+00:00,0,13166.60,timeout
2026-09-11T20:29:34.318487+00:00,0,13146.02,timeout
2026-09-11T20:29:34.282992+00:00,0,13177.03,timeout
2026-09-11T20:29:34.318487+00:00,0,13147.92,timeout
2026-09-11T20:29:34.282992+00:00,0,13187.92,timeout
2026-09-11T20:29:34.326245+00:00,0,13148.84,timeout
2026-09-11T20:29:34.326245+00:00,0,13146.86,timeout
2026-09-11T20:29:34.339648+00:00,0,13134.82,timeout
2026-09-11T20:29:34.196484+00:00,0,13278.87,timeout
2026-09-11T20:29:34.302464+00:00,0,13181.97,timeout
2026-09-11T20:29:34.308193+00:00,0,13178.55,timeout
2026-09-11T20:29:34.291956+00:00,0,13192.94,timeout
2026-09-11T20:29:34.356503+00:00,0,13127.32,timeout
2026-09-11T20:29:34.352784+00:00,0,13145.85,timeout
2026-09-11T20:29:34.379814+00:00,0,13124.69,timeout
2026-09-11T20:29:34.385477+00:00,0,13123.76,timeout
2026-09-11T20:29:34.356503+00:00,0,13149.50,timeout
2026-09-11T20:29:34.339648+00:00,0,13178.23,timeout
2026-09-11T20:29:34.356503+00:00,0,13164.93,timeout
2026-09-11T20:29:34.337076+00:00,0,13193.91,timeout
2026-09-11T20:29:34.373504+00:00,0,13161.77,timeout
2026-09-11T20:29:34.394922+00:00,0,13146.31,timeout
2026-09-11T20:29:34.429614+00:00,0,13113.96,timeout
2026-09-11T20:29:34.406986+00:00,0,13145.65,timeout
2026-09-11T20:29:34.418980+00:00,0,13132.21,timeout
2026-09-11T20:29:34.394922+00:00,0,13162.96,timeout
2026-09-11T20:29:34.412995+00:00,0,13157.13,timeout
2026-09-11T20:29:34.451127+00:00,0,13122.94,timeout
2026-09-11T20:29:34.387795+00:00,0,13191.25,timeout
2026-09-11T20:29:34.445780+00:00,0,13141.80,timeout
2026-09-11T20:29:34.467183+00:00,0,13122.98,timeout
2026-09-11T20:29:34.461513+00:00,0,13135.39,timeout
2026-09-11T20:29:34.451127+00:00,0,13144.94,timeout
2026-09-11T20:29:34.477852+00:00,0,13129.53,timeout
2026-09-11T20:29:34.483197+00:00,0,13126.28,timeout
2026-09-11T20:29:34.483197+00:00,0,13123.27,timeout
2026-09-11T20:29:34.498497+00:00,0,13120.23,timeout
2026-09-11T20:29:34.435057+00:00,0,13181.93,timeout
2026-09-11T20:29:34.506990+00:00,0,13115.33,timeout
2026-09-11T20:29:34.553332+00:00,0,13070.78,timeout
2026-09-11T20:29:34.515599+00:00,0,13116.22,timeout
2026-09-11T20:29:34.533487+00:00,0,13100.41,timeout
2026-09-11T20:29:34.530431+00:00,0,13108.35,timeout
2026-09-11T20:29:34.569241+00:00,0,13071.04,timeout
2026-09-11T20:29:34.563069+00:00,0,13078.58,timeout
2026-09-11T20:29:34.586485+00:00,0,13061.40,timeout
2026-09-11T20:29:34.573836+00:00,0,13073.78,timeout
2026-09-11T20:29:34.524986+00:00,0,13127.04,timeout
2026-09-11T20:29:34.594494+00:00,0,13053.47,timeout
2026-09-11T20:29:34.553332+00:00,0,13102.69,timeout
2026-09-11T20:29:34.533487+00:00,0,13118.15,timeout
2026-09-11T20:29:34.580595+00:00,0,13082.08,timeout
2026-09-11T20:29:34.500505+00:00,0,13161.52,timeout
2026-09-11T20:29:34.586485+00:00,0,13077.36,timeout
2026-09-11T20:29:34.594494+00:00,0,13074.85,timeout
2026-09-11T20:29:34.418980+00:00,0,13253.39,timeout
2026-09-11T20:29:34.602971+00:00,0,13069.72,timeout
2026-09-11T20:29:34.610563+00:00,0,13065.41,timeout
2026-09-11T20:29:34.642184+00:00,0,13036.60,timeout
2026-09-11T20:29:34.619507+00:00,0,13059.31,timeout
2026-09-11T20:29:34.642184+00:00,0,13031.78,timeout
2026-09-11T20:29:34.628524+00:00,0,13059.60,timeout
2026-09-11T20:29:34.659502+00:00,0,13019.80,timeout
2026-09-11T20:29:34.628524+00:00,0,13059.25,timeout
2026-09-11T20:29:34.659502+00:00,0,13030.13,timeout
2026-09-11T20:29:34.619507+00:00,0,13079.22,timeout
2026-09-11T20:29:34.642184+00:00,0,13051.63,timeout
2026-09-11T20:29:34.659502+00:00,0,13044.52,timeout
2026-09-11T20:29:34.639615+00:00,0,13067.28,timeout
2026-09-11T20:29:35.206268+00:00,201,15100.37,
2026-09-11T20:29:44.636465+00:00,0,5732.22,connection_error: 
2026-09-11T20:29:44.592694+00:00,0,5788.49,connection_error: 
2026-09-11T20:29:44.628503+00:00,0,5761.32,connection_error: 
2026-09-11T20:29:44.611175+00:00,0,5790.96,connection_error: 
2026-09-11T20:29:44.642508+00:00,0,5757.47,connection_error: 
2026-09-11T20:29:44.636465+00:00,0,5786.04,connection_error: 
2026-09-11T20:29:44.662596+00:00,0,5772.83,connection_error: 
2026-09-11T20:29:44.636465+00:00,0,5804.95,connection_error: 
2026-09-11T20:29:44.642508+00:00,0,5813.57,connection_error: 
2026-09-11T20:29:44.642508+00:00,0,5821.54,connection_error: 
2026-09-11T20:29:44.642508+00:00,0,5827.95,connection_error: 
2026-09-11T20:29:44.642508+00:00,0,5832.81,connection_error: 
2026-09-11T20:29:44.642508+00:00,0,5835.93,connection_error: 
2026-09-11T20:29:44.674459+00:00,0,5820.28,connection_error: 
2026-09-11T20:29:44.662596+00:00,0,5849.45,connection_error: 
2026-09-11T20:29:44.662596+00:00,0,5859.22,connection_error: 
2026-09-11T20:29:44.662596+00:00,0,5867.50,connection_error: 
2026-09-11T20:29:44.662596+00:00,0,5874.75,connection_error: 
2026-09-11T20:29:44.674459+00:00,0,5868.28,connection_error: 
2026-09-11T20:29:44.674459+00:00,0,5890.87,connection_error: 
2026-09-11T20:29:44.690245+00:00,0,5882.20,connection_error: 
2026-09-11T20:29:44.658382+00:00,0,5927.53,connection_error: 
2026-09-11T20:29:44.674459+00:00,0,5916.47,connection_error: 
2026-09-11T20:29:44.674459+00:00,0,5917.73,connection_error: 
2026-09-11T20:29:44.674459+00:00,0,5930.55,connection_error: 
2026-09-11T20:29:44.706350+00:00,0,5918.05,connection_error: 
2026-09-11T20:29:44.706350+00:00,0,5924.94,connection_error: 
2026-09-11T20:29:44.690245+00:00,0,5946.24,connection_error: 
2026-09-11T20:29:44.722240+00:00,0,5931.65,connection_error: 
2026-09-11T20:29:44.706350+00:00,0,5955.10,connection_error: 
2026-09-11T20:29:44.690245+00:00,0,5975.37,connection_error: 
2026-09-11T20:29:44.690245+00:00,0,5999.78,connection_error: 
2026-09-11T20:29:44.729350+00:00,0,5967.99,connection_error: 
2026-09-11T20:29:44.729350+00:00,0,5983.93,connection_error: 
2026-09-11T20:29:44.717186+00:00,0,6006.89,connection_error: 
2026-09-11T20:29:44.722240+00:00,0,6011.05,connection_error: 
2026-09-11T20:29:44.727317+00:00,0,6014.76,connection_error: 
2026-09-11T20:29:44.690245+00:00,0,6048.41,connection_error: 
2026-09-11T20:29:44.690245+00:00,0,6059.14,connection_error: 
2026-09-11T20:29:44.729350+00:00,0,6025.49,connection_error: 
2026-09-11T20:29:44.706350+00:00,0,6054.05,connection_error: 
2026-09-11T20:29:44.729350+00:00,0,6041.41,connection_error: 
2026-09-11T20:29:44.717186+00:00,0,6059.38,connection_error: 
2026-09-11T20:29:44.741833+00:00,0,6042.25,connection_error: 
2026-09-11T20:29:44.792874+00:00,0,6020.32,connection_error: 
2026-09-11T20:29:44.769488+00:00,0,6049.92,connection_error: 
2026-09-11T20:29:44.784742+00:00,0,6040.97,connection_error: 
2026-09-11T20:29:44.784742+00:00,0,6048.66,connection_error: 
2026-09-11T20:29:44.792874+00:00,0,6046.03,connection_error: 
2026-09-11T20:29:44.769488+00:00,0,6066.85,connection_error: 
2026-09-11T20:29:44.769488+00:00,0,6069.33,connection_error: 
2026-09-11T20:29:44.784742+00:00,0,6063.52,connection_error: 
2026-09-11T20:29:44.800963+00:00,0,6055.57,connection_error: 
2026-09-11T20:29:44.800427+00:00,0,6063.26,connection_error: 
2026-09-11T20:29:44.769488+00:00,0,6086.07,connection_error: 
2026-09-11T20:29:44.769488+00:00,0,6101.77,connection_error: 
2026-09-11T20:29:44.769488+00:00,0,6108.99,connection_error: 
2026-09-11T20:29:44.753622+00:00,0,6117.96,connection_error: 
2026-09-11T20:29:44.792874+00:00,0,6091.77,connection_error: 
2026-09-11T20:29:44.800963+00:00,0,6086.08,connection_error: 
2026-09-11T20:29:45.444997+00:00,0,5496.05,connection_error: 
2026-09-11T20:29:45.460748+00:00,0,5493.07,connection_error: 
2026-09-11T20:29:45.478826+00:00,0,5490.86,connection_error: 
2026-09-11T20:29:45.460748+00:00,0,5511.77,connection_error: 
2026-09-11T20:29:45.460748+00:00,0,5508.63,connection_error: 
2026-09-11T20:29:45.488848+00:00,0,5501.50,connection_error: 
2026-09-11T20:29:45.492599+00:00,0,5502.89,connection_error: 
2026-09-11T20:29:45.505599+00:00,0,5498.23,connection_error: 
2026-09-11T20:29:45.501587+00:00,0,5510.52,connection_error: 
2026-09-11T20:29:45.531972+00:00,0,5487.04,connection_error: 
2026-09-11T20:29:45.510612+00:00,0,5514.15,connection_error: 
2026-09-11T20:29:45.512618+00:00,0,5515.69,connection_error: 
2026-09-11T20:29:45.524358+00:00,0,5511.95,connection_error: 
2026-09-11T20:29:45.518045+00:00,0,5525.26,connection_error: 
2026-09-11T20:29:45.852339+00:00,0,5237.94,connection_error: 
2026-09-11T20:29:45.836690+00:00,0,5251.55,connection_error: 
2026-09-11T20:29:45.860495+00:00,0,5242.68,connection_error: 
2026-09-11T20:29:45.852339+00:00,0,5254.31,connection_error: 
2026-09-11T20:29:45.868058+00:00,0,5235.77,connection_error: 
2026-09-11T20:29:45.860495+00:00,0,5255.23,connection_error: 
2026-09-11T20:29:45.883883+00:00,0,5245.38,connection_error: 
2026-09-11T20:29:45.868058+00:00,0,5260.21,connection_error: 
2026-09-11T20:29:45.883883+00:00,0,5253.34,connection_error: 
2026-09-11T20:29:45.868058+00:00,0,5278.45,connection_error: 
2026-09-11T20:29:45.883883+00:00,0,5264.18,connection_error: 
2026-09-11T20:29:45.860495+00:00,0,5302.39,connection_error: 
2026-09-11T20:29:45.883883+00:00,0,5283.03,connection_error: 
2026-09-11T20:29:46.327411+00:00,0,4886.74,connection_error: 
2026-09-11T20:29:46.644584+00:00,0,4577.92,connection_error: 
2026-09-11T20:29:46.637220+00:00,0,4588.97,connection_error: 
2026-09-11T20:29:46.652606+00:00,0,4574.72,connection_error: 
2026-09-11T20:29:46.652606+00:00,0,4587.75,connection_error: 
2026-09-11T20:29:46.648595+00:00,0,4598.25,connection_error: 
2026-09-11T20:29:46.998042+00:00,0,4279.12,connection_error: 
2026-09-11T20:29:46.998042+00:00,0,4289.94,connection_error: 
2026-09-11T20:29:46.982025+00:00,0,4299.98,connection_error: 
2026-09-11T20:29:47.039978+00:00,0,4332.31,connection_error: 
2026-09-11T20:29:47.291306+00:00,0,4091.63,connection_error: 
2026-09-11T20:29:47.297135+00:00,0,4091.00,connection_error: 
2026-09-11T20:29:47.299756+00:00,0,4087.31,connection_error: 
2026-09-11T20:29:47.299756+00:00,0,4096.51,connection_error: 
2026-09-11T20:29:47.308562+00:00,0,4092.23,connection_error: 
2026-09-11T20:29:47.324211+00:00,0,4078.85,connection_error: 
2026-09-11T20:29:47.324211+00:00,0,4090.37,connection_error: 
2026-09-11T20:29:47.324211+00:00,0,4081.96,connection_error: 
2026-09-11T20:29:47.324211+00:00,0,4090.18,connection_error: 
2026-09-11T20:29:47.308562+00:00,0,4112.64,connection_error: 
2026-09-11T20:29:47.340286+00:00,0,4079.26,connection_error: 
2026-09-11T20:29:47.340286+00:00,0,4095.89,connection_error: 
2026-09-11T20:29:47.319144+00:00,0,4122.89,connection_error: 
2026-09-11T20:29:47.340286+00:00,0,4098.25,connection_error: 
2026-09-11T20:29:47.356164+00:00,0,4095.08,connection_error: 
2026-09-11T20:29:47.340286+00:00,0,4116.85,connection_error: 
2026-09-11T20:29:47.356164+00:00,0,4098.71,connection_error: 
2026-09-11T20:29:47.372061+00:00,0,4100.38,connection_error: 
2026-09-11T20:29:47.388289+00:00,0,4088.06,connection_error: 
2026-09-11T20:29:47.375126+00:00,0,4096.21,connection_error: 
2026-09-11T20:29:47.356164+00:00,0,4125.87,connection_error: 
2026-09-11T20:29:47.403403+00:00,0,4088.22,connection_error: 
2026-09-11T20:29:47.356164+00:00,0,4130.77,connection_error: 
2026-09-11T20:29:47.375126+00:00,0,4117.76,connection_error: 
2026-09-11T20:29:47.388289+00:00,0,4109.16,connection_error: 
2026-09-11T20:29:47.388289+00:00,0,4118.28,connection_error: 
2026-09-11T20:29:47.375126+00:00,0,4140.36,connection_error: 
2026-09-11T20:29:47.397062+00:00,0,4120.84,connection_error: 
2026-09-11T20:29:47.375126+00:00,0,4146.19,connection_error: 
2026-09-11T20:29:47.404028+00:00,0,4120.78,connection_error: 
2026-09-11T20:29:47.404028+00:00,0,4128.09,connection_error: 
2026-09-11T20:29:47.404028+00:00,0,4129.70,connection_error: 
2026-09-11T20:29:47.404028+00:00,0,4132.88,connection_error: 
2026-09-11T20:29:47.419057+00:00,0,4117.67,connection_error: 
2026-09-11T20:29:47.404028+00:00,0,4140.90,connection_error: 
2026-09-11T20:29:47.434896+00:00,0,4123.03,connection_error: 
2026-09-11T20:29:47.440546+00:00,0,4125.23,connection_error: 
2026-09-11T20:29:47.404028+00:00,0,4153.14,connection_error: 
2026-09-11T20:29:47.419057+00:00,0,4144.93,connection_error: 
2026-09-11T20:29:47.442324+00:00,0,4133.35,connection_error: 
2026-09-11T20:29:47.434896+00:00,0,4148.58,connection_error: 
2026-09-11T20:29:47.419057+00:00,0,4168.09,connection_error: 
2026-09-11T20:29:47.419057+00:00,0,4170.04,connection_error: 
2026-09-11T20:29:47.450851+00:00,0,4141.03,connection_error: 
2026-09-11T20:29:47.450851+00:00,0,4143.91,connection_error: 
2026-09-11T20:29:47.442324+00:00,0,4164.37,connection_error: 
2026-09-11T20:29:47.450851+00:00,0,4160.18,connection_error: 
2026-09-11T20:29:47.442324+00:00,0,4173.56,connection_error: 
2026-09-11T20:29:47.419057+00:00,0,4201.66,connection_error: 
2026-09-11T20:29:47.450851+00:00,0,4174.91,connection_error: 
2026-09-11T20:29:47.466880+00:00,0,4169.05,connection_error: 
2026-09-11T20:29:47.466880+00:00,0,4173.36,connection_error: 
2026-09-11T20:29:47.466880+00:00,0,4187.01,connection_error: 
2026-09-11T20:29:47.484754+00:00,0,4179.12,connection_error: 
2026-09-11T20:29:47.484754+00:00,0,4194.17,connection_error: 
2026-09-11T20:29:47.466880+00:00,0,4224.47,connection_error: 
2026-09-11T20:29:47.466880+00:00,0,4233.88,connection_error: 
2026-09-11T20:29:47.484754+00:00,0,4232.93,connection_error: 
2026-09-11T20:29:47.484754+00:00,0,4241.33,connection_error: 
2026-09-11T20:29:47.484754+00:00,0,4245.32,connection_error: 
2026-09-11T20:29:47.450851+00:00,0,4283.70,connection_error: 
2026-09-11T20:29:47.498505+00:00,0,4247.94,connection_error: 
2026-09-11T20:29:47.466880+00:00,0,4300.01,connection_error: 
2026-09-11T20:29:47.419057+00:00,0,4349.49,connection_error: 
2026-09-11T20:29:47.519347+00:00,0,4264.55,connection_error: 
2026-09-11T20:29:47.498505+00:00,0,4294.60,connection_error: 
2026-09-11T20:29:47.529929+00:00,0,4273.15,connection_error: 
2026-09-11T20:29:47.535163+00:00,0,4276.41,connection_error: 
2026-09-11T20:29:47.545590+00:00,0,4274.60,connection_error: 
2026-09-11T20:29:47.535163+00:00,0,4289.42,connection_error: 
2026-09-11T20:29:47.561728+00:00,0,4275.71,connection_error: 
2026-09-11T20:29:47.498505+00:00,0,4343.25,connection_error: 
2026-09-11T20:29:47.514270+00:00,0,4340.42,connection_error: 
2026-09-11T20:29:47.545590+00:00,0,4308.48,connection_error: 
2026-09-11T20:29:47.519347+00:00,0,4345.46,connection_error: 
2026-09-11T20:29:47.578059+00:00,0,4299.06,connection_error: 
2026-09-11T20:29:47.593134+00:00,0,4298.92,connection_error: 
2026-09-11T20:29:47.561728+00:00,0,4333.47,connection_error: 
2026-09-11T20:29:47.574106+00:00,0,4338.84,connection_error: 
2026-09-11T20:29:47.597449+00:00,0,4317.77,connection_error: 
2026-09-11T20:29:47.597449+00:00,0,4320.73,connection_error: 
2026-09-11T20:29:47.578059+00:00,0,4348.33,connection_error: 
2026-09-11T20:29:47.545590+00:00,0,4389.58,connection_error: 
2026-09-11T20:29:47.636783+00:00,0,4317.07,connection_error: 
2026-09-11T20:29:47.640367+00:00,0,4321.40,connection_error: 
2026-09-11T20:29:47.619599+00:00,0,4344.26,connection_error: 
2026-09-11T20:29:47.643449+00:00,0,4323.75,connection_error: 
2026-09-11T20:29:47.624661+00:00,0,4342.16,connection_error: 
2026-09-11T20:29:47.624661+00:00,0,4350.07,connection_error: 
2026-09-11T20:29:47.643449+00:00,0,4341.10,connection_error: 
2026-09-11T20:29:47.641891+00:00,0,4349.13,connection_error: 
2026-09-11T20:29:47.597449+00:00,0,4396.26,connection_error: 
2026-09-11T20:29:47.609515+00:00,0,4389.87,connection_error: 
2026-09-11T20:29:47.609515+00:00,0,4390.73,connection_error: 
2026-09-11T20:29:47.643449+00:00,0,4355.99,connection_error: 
2026-09-11T20:29:47.643449+00:00,0,4366.44,connection_error: 
2026-09-11T20:29:47.658616+00:00,0,4363.07,connection_error: 
2026-09-11T20:29:47.624661+00:00,0,4398.61,connection_error: 
2026-09-11T20:29:47.658616+00:00,0,4369.02,connection_error: 
2026-09-11T20:29:47.658616+00:00,0,4366.60,connection_error: 
2026-09-11T20:29:47.609515+00:00,0,4421.97,connection_error: 
2026-09-11T20:29:47.643449+00:00,0,4392.75,connection_error: 
2026-09-11T20:29:47.672079+00:00,0,4371.23,connection_error: 
2026-09-11T20:29:47.658616+00:00,0,4390.59,connection_error: 
2026-09-11T20:29:47.658616+00:00,0,4392.39,connection_error: 
2026-09-11T20:29:47.672079+00:00,0,4376.76,connection_error: 
2026-09-11T20:29:47.687738+00:00,0,4385.49,connection_error: 
2026-09-11T20:29:47.672079+00:00,0,4404.01,connection_error: 
2026-09-11T20:29:47.687738+00:00,0,4392.82,connection_error: 
2026-09-11T20:29:47.672079+00:00,0,4411.54,connection_error: 
2026-09-11T20:29:47.672079+00:00,0,4414.69,connection_error: 
2026-09-11T20:29:47.703412+00:00,0,4400.38,connection_error: 
2026-09-11T20:29:47.703412+00:00,0,4403.59,connection_error: 
2026-09-11T20:29:47.687738+00:00,0,4424.44,connection_error: 
2026-09-11T20:29:47.672079+00:00,0,4450.56,connection_error: 
2026-09-11T20:29:47.687738+00:00,0,4437.36,connection_error: 
2026-09-11T20:29:47.687738+00:00,0,4444.12,connection_error: 
2026-09-11T20:29:47.658616+00:00,0,4833.96,connection_error: 
2026-09-11T20:29:47.687738+00:00,0,4809.32,connection_error: 
2026-09-11T20:29:49.243073+00:00,0,3314.02,connection_error: 
2026-09-11T20:29:48.546957+00:00,0,4036.10,connection_error: 
2026-09-11T20:29:50.078866+00:00,0,2677.73,connection_error: 
2026-09-11T20:29:50.809063+00:00,0,2012.61,connection_error: 
2026-09-11T20:29:50.835451+00:00,0,1989.16,connection_error: 
2026-09-11T20:29:50.824438+00:00,0,2009.75,connection_error: 
2026-09-11T20:29:50.834213+00:00,0,2005.17,connection_error: 
2026-09-11T20:29:50.863060+00:00,0,1981.38,connection_error: 
2026-09-11T20:29:50.835451+00:00,0,2005.85,connection_error: 
2026-09-11T20:29:50.869215+00:00,0,1980.30,connection_error: 
2026-09-11T20:29:50.857673+00:00,0,1999.96,connection_error: 
2026-09-11T20:29:50.882135+00:00,0,1975.91,connection_error: 
2026-09-11T20:29:50.882135+00:00,0,1987.72,connection_error: 
2026-09-11T20:29:50.854262+00:00,0,2021.65,connection_error: 
2026-09-11T20:29:50.835451+00:00,0,2031.13,connection_error: 
2026-09-11T20:29:50.869215+00:00,0,2006.67,connection_error: 
2026-09-11T20:29:50.827078+00:00,0,2060.22,connection_error: 
2026-09-11T20:29:50.882135+00:00,0,2002.64,connection_error: 
2026-09-11T20:29:50.866148+00:00,0,2030.20,connection_error: 
2026-09-11T20:29:50.818478+00:00,0,2084.57,connection_error: 
2026-09-11T20:29:50.314541+00:00,0,2593.07,connection_error: 
2026-09-11T20:29:50.378410+00:00,0,2607.21,connection_error: 
2026-09-11T20:29:51.202197+00:00,0,1836.78,connection_error: 
2026-09-11T20:29:51.247389+00:00,0,1799.41,connection_error: 
2026-09-11T20:29:51.222834+00:00,0,1824.52,connection_error: 
2026-09-11T20:29:51.232362+00:00,0,1823.87,connection_error: 
2026-09-11T20:29:51.235801+00:00,0,1821.59,connection_error: 
2026-09-11T20:29:51.222834+00:00,0,1845.58,connection_error: 
2026-09-11T20:29:51.215440+00:00,0,1857.34,connection_error: 
2026-09-11T20:29:50.391980+00:00,0,2684.06,connection_error: 
2026-09-11T20:29:50.953120+00:00,0,2147.05,connection_error: 
2026-09-11T20:29:50.969259+00:00,0,2132.91,connection_error: 
2026-09-11T20:29:50.962228+00:00,0,2154.04,connection_error: 
2026-09-11T20:29:50.994322+00:00,0,2127.44,connection_error: 
2026-09-11T20:29:51.043432+00:00,0,2089.66,connection_error: 
2026-09-11T20:29:50.969259+00:00,0,2175.92,connection_error: 
2026-09-11T20:29:50.989112+00:00,0,2165.21,connection_error: 
2026-09-11T20:29:51.001810+00:00,0,2160.75,connection_error: 
2026-09-11T20:29:51.010148+00:00,0,2153.57,connection_error: 
2026-09-11T20:29:51.010148+00:00,0,2164.83,connection_error: 
2026-09-11T20:29:51.025284+00:00,0,2149.68,connection_error: 
2026-09-11T20:29:51.025284+00:00,0,2161.29,connection_error: 
2026-09-11T20:29:51.025284+00:00,0,2152.37,connection_error: 
2026-09-11T20:29:50.979606+00:00,0,2213.71,connection_error: 
2026-09-11T20:29:50.369397+00:00,0,2830.90,connection_error: 
2026-09-11T20:29:51.102269+00:00,0,2105.05,connection_error: 
2026-09-11T20:29:51.107060+00:00,0,2105.17,connection_error: 
2026-09-11T20:29:51.120840+00:00,0,2090.34,connection_error: 
2026-09-11T20:29:51.120840+00:00,0,2104.86,connection_error: 
2026-09-11T20:29:51.162806+00:00,0,2071.63,connection_error: 
2026-09-11T20:29:51.110185+00:00,0,2128.59,connection_error: 
2026-09-11T20:29:51.088646+00:00,0,2160.73,connection_error: 
2026-09-11T20:29:51.156203+00:00,0,2104.19,connection_error: 
2026-09-11T20:29:51.110185+00:00,0,2157.95,connection_error: 
2026-09-11T20:29:51.138137+00:00,0,2137.03,connection_error: 
2026-09-11T20:29:51.138137+00:00,0,2153.48,connection_error: 
2026-09-11T20:29:51.151569+00:00,0,2150.64,connection_error: 
2026-09-11T20:29:51.171107+00:00,0,2142.55,connection_error: 
2026-09-11T20:29:51.283793+00:00,0,2035.30,connection_error: 
2026-09-11T20:29:51.278156+00:00,0,2052.73,connection_error: 
2026-09-11T20:29:51.283793+00:00,0,2052.35,connection_error: 
2026-09-11T20:29:50.401041+00:00,0,2954.45,connection_error: 
2026-09-11T20:29:51.373931+00:00,0,2084.54,connection_error: 
2026-09-11T20:29:51.421993+00:00,0,2040.69,connection_error: 
2026-09-11T20:29:51.406002+00:00,0,2059.20,connection_error: 
2026-09-11T20:29:51.379693+00:00,0,2090.65,connection_error: 
2026-09-11T20:29:51.421993+00:00,0,2051.14,connection_error: 
2026-09-11T20:29:51.438982+00:00,0,2040.75,connection_error: 
2026-09-11T20:29:51.415994+00:00,0,2074.31,connection_error: 
2026-09-11T20:29:51.450083+00:00,0,2046.68,connection_error: 
2026-09-11T20:29:51.390709+00:00,0,2111.08,connection_error: 
2026-09-11T20:29:51.437266+00:00,0,2071.19,connection_error: 
2026-09-11T20:29:51.421993+00:00,0,2089.31,connection_error: 
2026-09-11T20:29:51.406002+00:00,0,2109.30,connection_error: 
2026-09-11T20:29:51.396813+00:00,0,2124.20,connection_error: 
2026-09-11T20:29:51.402645+00:00,0,2124.02,connection_error: 
2026-09-11T20:29:51.469415+00:00,0,2054.15,connection_error: 
2026-09-11T20:29:51.461426+00:00,0,2074.83,connection_error: 
2026-09-11T20:29:51.466236+00:00,0,2076.83,connection_error: 
2026-09-11T20:29:51.438982+00:00,0,2106.32,connection_error: 
2026-09-11T20:29:51.469415+00:00,0,2071.83,connection_error: 
2026-09-11T20:29:51.488495+00:00,0,2067.67,connection_error: 
2026-09-11T20:29:51.379693+00:00,0,2180.65,connection_error: 
2026-09-11T20:29:51.484903+00:00,0,2080.94,connection_error: 
2026-09-11T20:29:51.504797+00:00,0,2067.23,connection_error: 
2026-09-11T20:29:51.523784+00:00,0,2047.53,connection_error: 
2026-09-11T20:29:51.504797+00:00,0,2070.40,connection_error: 
2026-09-11T20:29:51.504797+00:00,0,2071.28,connection_error: 
2026-09-11T20:29:51.541381+00:00,0,2045.75,connection_error: 
2026-09-11T20:29:51.550095+00:00,0,2045.70,connection_error: 
2026-09-11T20:29:51.520708+00:00,0,2080.59,connection_error: 
2026-09-11T20:29:51.539365+00:00,0,2064.60,connection_error: 
2026-09-11T20:29:51.469415+00:00,0,2137.23,connection_error: 
2026-09-11T20:29:51.488495+00:00,0,2114.29,connection_error: 
2026-09-11T20:29:51.488495+00:00,0,2122.78,connection_error: 
2026-09-11T20:29:51.563805+00:00,0,2048.01,connection_error: 
2026-09-11T20:29:51.550095+00:00,0,2072.11,connection_error: 
2026-09-11T20:29:51.561271+00:00,0,2072.47,connection_error: 
2026-09-11T20:29:51.580434+00:00,0,2054.30,connection_error: 
2026-09-11T20:29:51.523784+00:00,0,2119.38,connection_error: 
2026-09-11T20:29:51.563805+00:00,0,2082.17,connection_error: 
2026-09-11T20:29:51.603433+00:00,0,2050.43,connection_error: 
2026-09-11T20:29:51.580434+00:00,0,2065.78,connection_error: 
2026-09-11T20:29:51.611783+00:00,0,2049.06,connection_error: 
2026-09-11T20:29:51.563805+00:00,0,2096.65,connection_error: 
2026-09-11T20:29:51.621402+00:00,0,2050.03,connection_error: 
2026-09-11T20:29:51.595527+00:00,0,2080.36,connection_error: 
2026-09-11T20:29:51.644253+00:00,0,2037.77,connection_error: 
2026-09-11T20:29:51.603433+00:00,0,2079.45,connection_error: 
2026-09-11T20:29:51.532391+00:00,0,2158.38,connection_error: 
2026-09-11T20:29:51.626397+00:00,0,2067.14,connection_error: 
2026-09-11T20:29:51.635707+00:00,0,2065.01,connection_error: 
2026-09-11T20:29:51.580434+00:00,0,2126.07,connection_error: 
2026-09-11T20:29:51.580434+00:00,0,2121.62,connection_error: 
2026-09-11T20:29:51.664205+00:00,0,2048.71,connection_error: 
2026-09-11T20:29:51.745714+00:00,0,1971.80,connection_error: 
2026-09-11T20:29:51.674066+00:00,0,2039.92,connection_error: 
2026-09-11T20:29:51.674066+00:00,0,2054.09,connection_error: 
2026-09-11T20:29:51.784651+00:00,0,1949.71,connection_error: 
2026-09-11T20:29:51.705865+00:00,0,2031.56,connection_error: 
2026-09-11T20:29:51.651624+00:00,0,2088.03,connection_error: 
2026-09-11T20:29:51.807610+00:00,0,1934.54,connection_error: 
2026-09-11T20:29:51.832197+00:00,0,1911.42,connection_error: 
2026-09-11T20:29:51.793511+00:00,0,1961.45,connection_error: 
2026-09-11T20:29:51.775566+00:00,0,1985.29,connection_error: 
2026-09-11T20:29:51.690036+00:00,0,2069.74,connection_error: 
2026-09-11T20:29:51.848060+00:00,0,1922.09,connection_error: 
2026-09-11T20:29:51.855030+00:00,0,1920.10,connection_error: 
2026-09-11T20:29:51.739569+00:00,0,2040.04,connection_error: 
2026-09-11T20:29:51.764331+00:00,0,2016.95,connection_error: 
2026-09-11T20:29:51.803535+00:00,0,1984.64,connection_error: 
2026-09-11T20:29:51.832197+00:00,0,1960.97,connection_error: 
2026-09-11T20:29:51.862018+00:00,0,1935.58,connection_error: 
2026-09-11T20:29:51.901770+00:00,0,1904.70,connection_error: 
2026-09-11T20:29:51.757844+00:00,0,2058.45,connection_error: 
2026-09-11T20:29:51.723163+00:00,0,2092.36,connection_error: 
2026-09-11T20:29:51.705865+00:00,0,2109.48,connection_error: 
2026-09-11T20:29:51.928048+00:00,0,1904.03,connection_error: 
2026-09-11T20:29:51.928048+00:00,0,1900.35,connection_error: 
2026-09-11T20:29:51.881756+00:00,0,1959.86,connection_error: 
2026-09-11T20:29:51.890885+00:00,0,1952.56,connection_error: 
2026-09-11T20:29:51.921905+00:00,0,1928.89,connection_error: 
2026-09-11T20:29:51.911207+00:00,0,1940.49,connection_error: 
2026-09-11T20:29:51.821734+00:00,0,2037.57,connection_error: 
2026-09-11T20:29:51.870177+00:00,0,1993.89,connection_error: 
2026-09-11T20:29:51.960212+00:00,0,1909.13,connection_error: 
2026-09-11T20:29:51.943128+00:00,0,1920.93,connection_error: 
2026-09-11T20:29:51.960212+00:00,0,1908.78,connection_error: 
2026-09-11T20:29:50.410154+00:00,0,3472.72,connection_error: 
2026-09-11T20:29:51.960212+00:00,0,1921.97,connection_error: 
2026-09-11T20:29:51.943128+00:00,0,1944.39,connection_error: 
2026-09-11T20:29:51.980144+00:00,0,1915.90,connection_error: 
2026-09-11T20:29:51.984766+00:00,0,1915.77,connection_error: 
2026-09-11T20:29:51.974168+00:00,0,1929.67,connection_error: 
2026-09-11T20:29:52.003902+00:00,0,1905.93,connection_error: 
2026-09-11T20:29:51.995841+00:00,0,1920.24,connection_error: 
2026-09-11T20:29:51.995841+00:00,0,1920.46,connection_error: 
2026-09-11T20:29:52.006523+00:00,0,1914.63,connection_error: 
2026-09-11T20:29:52.030330+00:00,0,1895.10,connection_error: 
2026-09-11T20:29:52.012026+00:00,0,1917.88,connection_error: 
2026-09-11T20:29:51.990772+00:00,0,1946.99,connection_error: 
2026-09-11T20:29:52.012026+00:00,0,1926.13,connection_error: 
2026-09-11T20:29:52.022044+00:00,0,1925.97,connection_error: 
2026-09-11T20:29:52.030330+00:00,0,1926.02,connection_error: 
2026-09-11T20:29:52.037731+00:00,0,1920.91,connection_error: 
2026-09-11T20:29:52.037731+00:00,0,1920.75,connection_error: 
2026-09-11T20:29:52.053392+00:00,0,1916.41,connection_error: 
2026-09-11T20:29:52.057451+00:00,0,1916.79,connection_error: 
2026-09-11T20:29:52.069103+00:00,0,1905.23,connection_error: 
2026-09-11T20:29:52.086549+00:00,0,1897.23,connection_error: 
2026-09-11T20:29:52.047115+00:00,0,1938.75,connection_error: 
2026-09-11T20:29:52.069103+00:00,0,1912.77,connection_error: 
2026-09-11T20:29:52.059976+00:00,0,1934.45,connection_error: 
2026-09-11T20:29:52.104751+00:00,0,1897.15,connection_error: 
2026-09-11T20:29:52.086549+00:00,0,1909.43,connection_error: 
2026-09-11T20:29:52.104751+00:00,0,1902.45,connection_error: 
2026-09-11T20:29:52.104751+00:00,0,1901.10,connection_error: 
2026-09-11T20:29:52.086549+00:00,0,1929.17,connection_error: 
2026-09-11T20:29:52.503920+00:00,0,1521.40,connection_error: 
2026-09-11T20:29:52.132514+00:00,0,1897.18,connection_error: 
2026-09-11T20:29:52.510246+00:00,0,1524.67,connection_error: 
2026-09-11T20:29:52.122684+00:00,0,1915.52,connection_error: 
2026-09-11T20:29:52.141366+00:00,0,1901.25,connection_error: 
2026-09-11T20:29:52.514348+00:00,0,1531.16,connection_error: 
2026-09-11T20:29:50.423181+00:00,0,3658.15,connection_error: 
2026-09-11T20:29:52.546170+00:00,0,1536.37,connection_error: 
2026-09-11T20:29:50.435863+00:00,0,3683.16,connection_error: 
2026-09-11T20:29:52.580631+00:00,0,1541.56,connection_error: 
2026-09-11T20:29:50.446786+00:00,0,3721.92,connection_error: 
2026-09-11T20:29:52.605801+00:00,0,1566.62,connection_error: 
2026-09-11T20:29:50.457710+00:00,0,3797.26,connection_error: 
2026-09-11T20:29:50.468808+00:00,0,3810.43,connection_error: 
2026-09-11T20:29:50.477735+00:00,0,3824.77,connection_error: 
2026-09-11T20:29:52.732996+00:00,0,1599.54,connection_error: 
2026-09-11T20:29:50.481317+00:00,0,3854.29,connection_error: 
2026-09-11T20:29:52.750945+00:00,0,1587.16,connection_error: 
2026-09-11T20:29:50.490288+00:00,0,3885.61,connection_error: 
2026-09-11T20:29:52.805588+00:00,0,1579.10,connection_error: 
2026-09-11T20:29:53.006944+00:00,0,1539.06,connection_error: 
2026-09-11T20:29:50.490288+00:00,0,4092.15,connection_error: 
2026-09-11T20:29:52.825496+00:00,0,1761.01,connection_error: 
2026-09-11T20:29:52.841351+00:00,0,1757.61,connection_error: 
2026-09-11T20:29:52.825496+00:00,0,1788.90,connection_error: 
2026-09-11T20:29:52.841351+00:00,0,1768.75,connection_error: 
2026-09-11T20:29:52.825496+00:00,0,1793.57,connection_error: 
2026-09-11T20:29:52.857494+00:00,0,1773.56,connection_error: 
2026-09-11T20:29:52.859519+00:00,0,1775.05,connection_error: 
2026-09-11T20:29:52.868939+00:00,0,1773.09,connection_error: 
2026-09-11T20:29:52.841351+00:00,0,1803.13,connection_error: 
2026-09-11T20:29:52.873481+00:00,0,1777.96,connection_error: 
2026-09-11T20:29:52.877996+00:00,0,1778.26,connection_error: 
2026-09-11T20:29:52.894117+00:00,0,1768.91,connection_error: 
2026-09-11T20:29:52.821458+00:00,0,1846.86,connection_error: 
2026-09-11T20:29:52.877996+00:00,0,1789.31,connection_error: 
2026-09-11T20:29:52.896653+00:00,0,1780.44,connection_error: 
2026-09-11T20:29:52.889294+00:00,0,1795.01,connection_error: 
2026-09-11T20:29:52.896653+00:00,0,1789.17,connection_error: 
2026-09-11T20:29:52.905435+00:00,0,1789.83,connection_error: 
2026-09-11T20:29:50.514292+00:00,0,4186.61,connection_error: 
2026-09-11T20:29:50.538176+00:00,0,4171.16,connection_error: 
2026-09-11T20:29:53.045697+00:00,0,1668.21,connection_error: 
2026-09-11T20:29:53.048035+00:00,0,1656.99,connection_error: 
2026-09-11T20:29:53.048035+00:00,0,1666.10,connection_error: 
2026-09-11T20:29:53.048035+00:00,0,1676.38,connection_error: 
2026-09-11T20:29:53.068950+00:00,0,1663.37,connection_error: 
2026-09-11T20:29:53.067175+00:00,0,1672.84,connection_error: 
2026-09-11T20:29:53.040625+00:00,0,1705.74,connection_error: 
2026-09-11T20:29:53.068950+00:00,0,1678.79,connection_error: 
2026-09-11T20:29:50.528128+00:00,0,4277.18,connection_error: 
2026-09-11T20:29:52.990067+00:00,0,1821.87,connection_error: 
2026-09-11T20:29:50.548275+00:00,0,4270.06,connection_error: 
2026-09-11T20:29:53.150726+00:00,0,1668.21,connection_error: 
2026-09-11T20:29:53.165653+00:00,0,1662.77,connection_error: 
2026-09-11T20:29:53.182638+00:00,0,1647.71,connection_error: 
2026-09-11T20:29:53.182638+00:00,0,1647.92,connection_error: 
2026-09-11T20:29:53.129795+00:00,0,1707.62,connection_error: 
2026-09-11T20:29:53.113971+00:00,0,1731.36,connection_error: 
2026-09-11T20:29:53.198509+00:00,0,1650.90,connection_error: 
2026-09-11T20:29:53.167678+00:00,0,1694.43,connection_error: 
2026-09-11T20:29:53.194711+00:00,0,1674.43,connection_error: 
2026-09-11T20:29:53.103776+00:00,0,1767.67,connection_error: 
2026-09-11T20:29:53.095420+00:00,0,1784.29,connection_error: 
2026-09-11T20:29:53.123976+00:00,0,1765.52,connection_error: 
2026-09-11T20:29:53.212793+00:00,0,1675.79,connection_error: 
2026-09-11T20:29:53.145605+00:00,0,1753.56,connection_error: 
2026-09-11T20:29:53.176764+00:00,0,1727.72,connection_error: 
2026-09-11T20:29:53.212793+00:00,0,1696.61,connection_error: 
2026-09-11T20:29:53.225957+00:00,0,1686.27,connection_error: 
2026-09-11T20:29:53.233517+00:00,0,1682.48,connection_error: 
2026-09-11T20:29:53.241845+00:00,0,1677.57,connection_error: 
2026-09-11T20:29:53.270069+00:00,0,1658.18,connection_error: 
2026-09-11T20:29:53.182638+00:00,0,1751.45,connection_error: 
2026-09-11T20:29:53.327033+00:00,0,1603.08,connection_error: 
2026-09-11T20:29:53.206060+00:00,0,1736.07,connection_error: 
2026-09-11T20:29:53.356337+00:00,0,1590.42,connection_error: 
2026-09-11T20:29:53.289183+00:00,0,1660.10,connection_error: 
2026-09-11T20:29:53.273145+00:00,0,1675.53,connection_error: 
2026-09-11T20:29:53.251518+00:00,0,1707.59,connection_error: 
2026-09-11T20:29:53.342804+00:00,0,1619.56,connection_error: 
2026-09-11T20:29:53.323942+00:00,0,1645.80,connection_error: 
2026-09-11T20:29:53.302811+00:00,0,1672.76,connection_error: 
2026-09-11T20:29:53.259237+00:00,0,1718.36,connection_error: 
2026-09-11T20:29:53.307007+00:00,0,1671.89,connection_error: 
2026-09-11T20:29:50.554961+00:00,0,4509.61,connection_error: 
2026-09-11T20:29:53.463604+00:00,0,1606.27,connection_error: 
2026-09-11T20:29:53.472652+00:00,0,1602.23,connection_error: 
2026-09-11T20:29:53.503622+00:00,0,1581.68,connection_error: 
2026-09-11T20:29:53.484252+00:00,0,1596.30,connection_error: 
2026-09-11T20:29:53.511538+00:00,0,1577.67,connection_error: 
2026-09-11T20:29:53.484252+00:00,0,1612.07,connection_error: 
2026-09-11T20:29:53.526753+00:00,0,1578.41,connection_error: 
2026-09-11T20:29:53.507476+00:00,0,1601.81,connection_error: 
2026-09-11T20:29:53.511538+00:00,0,1602.04,connection_error: 
2026-09-11T20:29:53.519422+00:00,0,1598.33,connection_error: 
2026-09-11T20:29:53.495440+00:00,0,1626.51,connection_error: 
2026-09-11T20:29:53.554265+00:00,0,1576.04,connection_error: 
2026-09-11T20:29:53.479665+00:00,0,1651.22,connection_error: 
2026-09-11T20:29:53.558606+00:00,0,1580.26,connection_error: 
2026-09-11T20:29:53.536122+00:00,0,1607.01,connection_error: 
2026-09-11T20:29:53.530523+00:00,0,1616.48,connection_error: 
2026-09-11T20:29:53.561621+00:00,0,1589.34,connection_error: 
2026-09-11T20:29:53.542707+00:00,0,1613.11,connection_error: 
2026-09-11T20:29:53.542707+00:00,0,1612.99,connection_error: 
2026-09-11T20:29:53.472652+00:00,0,1693.68,connection_error: 
2026-09-11T20:29:53.453043+00:00,0,1712.33,connection_error: 
2026-09-11T20:29:53.574676+00:00,0,1602.03,connection_error: 
2026-09-11T20:29:53.572928+00:00,0,1610.96,connection_error: 
2026-09-11T20:29:53.574676+00:00,0,1607.55,connection_error: 
2026-09-11T20:29:53.585386+00:00,0,1607.20,connection_error: 
2026-09-11T20:29:53.561621+00:00,0,1630.29,connection_error: 
2026-09-11T20:29:53.591506+00:00,0,1610.60,connection_error: 
2026-09-11T20:29:53.596654+00:00,0,1601.72,connection_error: 
2026-09-11T20:29:53.596654+00:00,0,1610.69,connection_error: 
2026-09-11T20:29:53.596654+00:00,0,1620.15,connection_error: 
2026-09-11T20:29:53.607075+00:00,0,1612.11,connection_error: 
2026-09-11T20:29:53.610596+00:00,0,1612.50,connection_error: 
2026-09-11T20:29:53.637735+00:00,0,1592.19,connection_error: 
2026-09-11T20:29:53.624161+00:00,0,1611.91,connection_error: 
2026-09-11T20:29:53.634163+00:00,0,1606.10,connection_error: 
2026-09-11T20:29:53.610596+00:00,0,1626.46,connection_error: 
2026-09-11T20:29:53.641652+00:00,0,1604.92,connection_error: 
2026-09-11T20:29:53.646683+00:00,0,1604.85,connection_error: 
2026-09-11T20:29:53.653757+00:00,0,1604.38,connection_error: 
2026-09-11T20:29:53.661860+00:00,0,1599.91,connection_error: 
2026-09-11T20:29:53.672052+00:00,0,1595.81,connection_error: 
2026-09-11T20:29:53.686468+00:00,0,1585.38,connection_error: 
2026-09-11T20:29:53.674912+00:00,0,1599.62,connection_error: 
2026-09-11T20:29:53.686468+00:00,0,1589.65,connection_error: 
2026-09-11T20:29:53.628582+00:00,0,1658.40,connection_error: 
2026-09-11T20:29:53.710417+00:00,0,1576.87,connection_error: 
2026-09-11T20:29:53.710417+00:00,0,1585.49,connection_error: 
2026-09-11T20:29:53.737152+00:00,0,1562.25,connection_error: 
2026-09-11T20:29:53.734113+00:00,0,1573.01,connection_error: 
2026-09-11T20:29:53.724309+00:00,0,1594.93,connection_error: 
2026-09-11T20:29:53.737152+00:00,0,1579.56,connection_error: 
2026-09-11T20:29:53.700661+00:00,0,1630.32,connection_error: 
2026-09-11T20:29:53.661860+00:00,0,1668.79,connection_error: 
2026-09-11T20:29:53.656782+00:00,0,1682.02,connection_error: 
2026-09-11T20:29:53.674912+00:00,0,1662.49,connection_error: 
2026-09-11T20:29:53.756460+00:00,0,1593.64,connection_error: 
2026-09-11T20:29:53.765471+00:00,0,1589.27,connection_error: 
2026-09-11T20:29:53.724309+00:00,0,1628.84,connection_error: 
2026-09-11T20:29:53.705675+00:00,0,1658.32,connection_error: 
2026-09-11T20:29:53.686468+00:00,0,1672.57,connection_error: 
2026-09-11T20:29:53.720267+00:00,0,1654.40,connection_error: 
2026-09-11T20:29:53.737152+00:00,0,1635.49,connection_error: 
2026-09-11T20:29:53.748652+00:00,0,1631.19,connection_error: 
2026-09-11T20:29:53.765471+00:00,0,1617.38,connection_error: 
2026-09-11T20:29:53.760862+00:00,0,1631.45,connection_error: 
2026-09-11T20:29:53.821913+00:00,0,1574.81,connection_error: 
2026-09-11T20:29:53.792628+00:00,0,1608.40,connection_error: 
2026-09-11T20:29:53.824449+00:00,0,1578.36,connection_error: 
2026-09-11T20:29:53.828538+00:00,0,1579.27,connection_error: 
2026-09-11T20:29:53.788088+00:00,0,1628.12,connection_error: 
2026-09-11T20:29:53.796756+00:00,0,1623.20,connection_error: 
2026-09-11T20:29:53.765471+00:00,0,1650.65,connection_error: 
2026-09-11T20:29:53.776148+00:00,0,1651.48,connection_error: 
2026-09-11T20:29:53.806897+00:00,0,1626.88,connection_error: 
2026-09-11T20:29:53.835616+00:00,0,1603.93,connection_error: 
2026-09-11T20:29:53.860319+00:00,0,1581.79,connection_error: 
2026-09-11T20:29:53.784533+00:00,0,1667.12,connection_error: 
2026-09-11T20:29:53.901581+00:00,0,1557.47,connection_error: 
2026-09-11T20:29:53.846171+00:00,0,1618.75,connection_error: 
2026-09-11T20:29:53.904116+00:00,0,1562.86,connection_error: 
2026-09-11T20:29:53.910767+00:00,0,1556.86,connection_error: 
2026-09-11T20:29:53.813469+00:00,0,1662.75,connection_error: 
2026-09-11T20:29:53.835616+00:00,0,1642.03,connection_error: 
2026-09-11T20:29:53.874025+00:00,0,1612.62,connection_error: 
2026-09-11T20:29:53.870852+00:00,0,1622.07,connection_error: 
2026-09-11T20:29:53.878664+00:00,0,1612.40,connection_error: 
2026-09-11T20:29:53.886347+00:00,0,1612.75,connection_error: 
2026-09-11T20:29:53.892650+00:00,0,1613.73,connection_error: 
2026-09-11T20:29:53.910767+00:00,0,1600.68,connection_error: 
2026-09-11T20:29:53.850524+00:00,0,1665.04,connection_error: 
2026-09-11T20:29:53.924655+00:00,0,1594.60,connection_error: 
2026-09-11T20:29:53.860319+00:00,0,1665.42,connection_error: 
2026-09-11T20:29:53.878664+00:00,0,1649.82,connection_error: 
2026-09-11T20:29:53.921071+00:00,0,1613.14,connection_error: 
2026-09-11T20:29:53.898045+00:00,0,1641.48,connection_error: 
2026-09-11T20:29:53.855042+00:00,0,1689.50,connection_error: 
2026-09-11T20:29:53.961938+00:00,0,1588.34,connection_error: 
2026-09-11T20:29:53.961938+00:00,0,1589.44,connection_error: 
2026-09-11T20:29:53.969908+00:00,0,1589.83,connection_error: 
2026-09-11T20:29:53.999173+00:00,0,1563.26,connection_error: 
2026-09-11T20:29:53.971432+00:00,0,1589.89,connection_error: 
2026-09-11T20:29:53.971432+00:00,0,1602.89,connection_error: 
2026-09-11T20:29:53.987563+00:00,0,1587.54,connection_error: 
2026-09-11T20:29:53.924655+00:00,0,1656.29,connection_error: 
2026-09-11T20:29:53.947498+00:00,0,1656.14,connection_error: 
2026-09-11T20:29:53.987563+00:00,0,1619.84,connection_error: 
2026-09-11T20:29:53.924655+00:00,0,1692.15,connection_error: 
2026-09-11T20:29:53.984625+00:00,0,1648.25,connection_error: 
2026-09-11T20:29:53.987563+00:00,0,1653.91,connection_error: 
2026-09-11T20:29:54.025928+00:00,0,1626.05,connection_error: 
2026-09-11T20:29:54.008292+00:00,0,1651.95,connection_error: 
2026-09-11T20:29:53.955406+00:00,0,1709.74,connection_error: 
2026-09-11T20:29:53.924655+00:00,0,1738.21,connection_error: 
2026-09-11T20:29:54.034424+00:00,0,1644.09,connection_error: 
2026-09-11T20:29:54.017065+00:00,0,1669.41,connection_error: 
2026-09-11T20:29:54.008292+00:00,0,1680.31,connection_error: 
2026-09-11T20:29:53.950843+00:00,0,1748.35,connection_error: 
2026-09-11T20:29:54.039936+00:00,0,1664.15,connection_error: 
2026-09-11T20:29:54.027356+00:00,0,1685.74,connection_error: 
2026-09-11T20:29:54.019190+00:00,0,1702.67,connection_error: 
2026-09-11T20:29:54.046218+00:00,0,1684.69,connection_error: 
2026-09-11T20:29:54.039936+00:00,0,1702.74,connection_error: 
2026-09-11T20:29:54.057348+00:00,0,1693.70,connection_error: 
2026-09-11T20:29:50.565454+00:00,0,5430.02,connection_error: 
2026-09-11T20:29:54.081400+00:00,0,1927.24,connection_error: 
2026-09-11T20:29:54.092644+00:00,0,1920.79,connection_error: 
2026-09-11T20:29:50.565454+00:00,0,5483.63,connection_error: 
2026-09-11T20:29:54.112871+00:00,0,1948.44,connection_error: 
2026-09-11T20:29:54.125013+00:00,0,1947.84,connection_error: 
2026-09-11T20:29:50.584381+00:00,0,5535.07,connection_error: 
2026-09-11T20:29:54.169007+00:00,0,1961.28,connection_error: 
2026-09-11T20:29:54.172038+00:00,0,1960.28,connection_error: 
2026-09-11T20:29:54.181448+00:00,0,1957.70,connection_error: 
2026-09-11T20:29:50.584381+00:00,0,5615.11,connection_error: 
2026-09-11T20:29:54.254923+00:00,0,1961.69,connection_error: 
2026-09-11T20:29:50.601410+00:00,0,5656.08,connection_error: 
2026-09-11T20:29:54.278042+00:00,0,1987.32,connection_error: 
2026-09-11T20:29:50.613915+00:00,0,5679.25,connection_error: 
2026-09-11T20:29:54.301998+00:00,0,1998.11,connection_error: 
2026-09-11T20:29:54.311971+00:00,0,1992.56,connection_error: 
2026-09-11T20:29:50.622516+00:00,0,5705.86,connection_error: 
2026-09-11T20:29:54.328475+00:00,0,2004.69,connection_error: 
2026-09-11T20:29:54.334849+00:00,0,1998.22,connection_error: 
2026-09-11T20:29:54.334849+00:00,0,2008.18,connection_error: 
2026-09-11T20:29:50.630845+00:00,0,5857.64,connection_error: 
2026-09-11T20:29:54.384608+00:00,0,2115.04,connection_error: 
2026-09-11T20:29:54.378951+00:00,0,2134.31,connection_error: 
2026-09-11T20:29:50.646439+00:00,0,5909.34,connection_error: 
2026-09-11T20:29:54.466276+00:00,0,2089.38,connection_error: 
2026-09-11T20:29:50.646971+00:00,0,5911.22,connection_error: 
2026-09-11T20:29:54.786683+00:00,0,1790.29,connection_error: 
2026-09-11T20:29:50.664167+00:00,0,5945.30,connection_error: 
2026-09-11T20:29:54.551067+00:00,0,2067.56,connection_error: 
2026-09-11T20:29:50.686294+00:00,0,5951.56,connection_error: 
2026-09-11T20:29:54.805321+00:00,0,1844.73,connection_error: 
2026-09-11T20:29:54.825745+00:00,0,1827.75,connection_error: 
2026-09-11T20:29:54.811888+00:00,0,1851.99,connection_error: 
2026-09-11T20:29:54.811888+00:00,0,1851.74,connection_error: 
2026-09-11T20:29:54.842652+00:00,0,1826.41,connection_error: 
2026-09-11T20:29:54.834086+00:00,0,1840.48,connection_error: 
2026-09-11T20:29:54.822995+00:00,0,1861.14,connection_error: 
2026-09-11T20:29:54.834086+00:00,0,1854.65,connection_error: 
2026-09-11T20:29:54.872400+00:00,0,1817.05,connection_error: 
2026-09-11T20:29:54.872400+00:00,0,1827.68,connection_error: 
2026-09-11T20:29:54.900711+00:00,0,1804.81,connection_error: 
2026-09-11T20:29:54.882564+00:00,0,1824.11,connection_error: 
2026-09-11T20:29:54.842652+00:00,0,1871.21,connection_error: 
2026-09-11T20:29:54.908639+00:00,0,1806.57,connection_error: 
2026-09-11T20:29:54.842652+00:00,0,1871.94,connection_error: 
2026-09-11T20:29:54.889242+00:00,0,1834.23,connection_error: 
2026-09-11T20:29:54.867447+00:00,0,1868.88,connection_error: 
2026-09-11T20:29:54.908639+00:00,0,1833.49,connection_error: 
2026-09-11T20:29:54.935433+00:00,0,1810.72,connection_error: 
2026-09-11T20:29:54.908639+00:00,0,1838.24,connection_error: 
2026-09-11T20:29:54.904272+00:00,0,1858.40,connection_error: 
2026-09-11T20:29:54.889242+00:00,0,1878.30,connection_error: 
2026-09-11T20:29:54.955275+00:00,0,1814.68,connection_error: 
2026-09-11T20:29:54.929477+00:00,0,1848.68,connection_error: 
2026-09-11T20:29:54.955275+00:00,0,1823.76,connection_error: 
2026-09-11T20:29:54.939496+00:00,0,1848.76,connection_error: 
2026-09-11T20:29:54.951218+00:00,0,1851.99,connection_error: 
2026-09-11T20:29:54.955275+00:00,0,1855.52,connection_error: 
2026-09-11T20:29:54.966899+00:00,0,1849.14,connection_error: 
2026-09-11T20:29:54.975486+00:00,0,1845.85,connection_error: 
2026-09-11T20:29:54.985083+00:00,0,1847.52,connection_error: 
2026-09-11T20:29:54.939496+00:00,0,1896.87,connection_error: 
2026-09-11T20:29:54.975486+00:00,0,1870.97,connection_error: 
2026-09-11T20:29:54.919701+00:00,0,1931.23,connection_error: 
2026-09-11T20:29:54.926057+00:00,0,1933.49,connection_error: 
2026-09-11T20:29:50.678350+00:00,0,6276.33,connection_error: 
2026-09-11T20:29:54.590147+00:00,0,2368.38,connection_error: 
2026-09-11T20:29:54.625403+00:00,0,2340.07,connection_error: 
2026-09-11T20:29:54.621372+00:00,0,2349.58,connection_error: 
2026-09-11T20:29:54.602769+00:00,0,2370.19,connection_error: 
2026-09-11T20:29:54.666008+00:00,0,2313.86,connection_error: 
2026-09-11T20:29:54.650253+00:00,0,2328.24,connection_error: 
2026-09-11T20:29:54.631043+00:00,0,2359.81,connection_error: 
2026-09-11T20:29:54.634589+00:00,0,2358.89,connection_error: 
2026-09-11T20:29:54.610863+00:00,0,2385.33,connection_error: 
2026-09-11T20:29:54.642690+00:00,0,2363.63,connection_error: 
2026-09-11T20:29:54.642690+00:00,0,2363.82,connection_error: 
2026-09-11T20:29:54.590147+00:00,0,2416.44,connection_error: 
2026-09-11T20:29:54.650253+00:00,0,2357.96,connection_error: 
2026-09-11T20:29:54.678100+00:00,0,2346.57,connection_error: 
2026-09-11T20:29:54.650253+00:00,0,2376.44,connection_error: 
2026-09-11T20:29:54.669975+00:00,0,2360.36,connection_error: 
2026-09-11T20:29:54.698425+00:00,0,2337.04,connection_error: 
2026-09-11T20:29:54.689401+00:00,0,2353.72,connection_error: 
2026-09-11T20:29:54.681764+00:00,0,2366.45,connection_error: 
2026-09-11T20:29:54.693764+00:00,0,2361.26,connection_error: 
2026-09-11T20:29:54.722559+00:00,0,2340.94,connection_error: 
2026-09-11T20:29:54.709548+00:00,0,2359.89,connection_error: 
2026-09-11T20:29:54.713455+00:00,0,2359.60,connection_error: 
2026-09-11T20:29:54.729208+00:00,0,2350.46,connection_error: 
2026-09-11T20:29:54.746864+00:00,0,2337.52,connection_error: 
2026-09-11T20:29:54.750672+00:00,0,2333.60,connection_error: 
2026-09-11T20:29:54.735808+00:00,0,2354.49,connection_error: 
2026-09-11T20:29:54.735808+00:00,0,2364.52,connection_error: 
2026-09-11T20:29:54.713455+00:00,0,2385.82,connection_error: 
2026-09-11T20:29:50.700728+00:00,0,6410.44,connection_error: 
2026-09-11T20:29:55.081038+00:00,0,2040.78,connection_error: 
2026-09-11T20:29:55.086085+00:00,0,2041.65,connection_error: 
2026-09-11T20:29:55.062523+00:00,0,2065.28,connection_error: 
2026-09-11T20:29:55.073650+00:00,0,2062.44,connection_error: 
2026-09-11T20:29:55.093192+00:00,0,2048.37,connection_error: 
2026-09-11T20:29:55.087091+00:00,0,2058.29,connection_error: 
2026-09-11T20:29:55.110055+00:00,0,2042.60,connection_error: 
2026-09-11T20:29:55.093192+00:00,0,2052.22,connection_error: 
2026-09-11T20:29:55.093192+00:00,0,2061.45,connection_error: 
2026-09-11T20:29:55.117015+00:00,0,2045.87,connection_error: 
2026-09-11T20:29:55.115507+00:00,0,2056.65,connection_error: 
2026-09-11T20:29:55.128031+00:00,0,2045.68,connection_error: 
2026-09-11T20:29:55.124976+00:00,0,2055.16,connection_error: 
2026-09-11T20:29:55.140664+00:00,0,2041.92,connection_error: 
2026-09-11T20:29:55.138896+00:00,0,2053.96,connection_error: 
2026-09-11T20:29:55.152157+00:00,0,2045.86,connection_error: 
2026-09-11T20:29:55.140664+00:00,0,2054.89,connection_error: 
2026-09-11T20:29:55.157718+00:00,0,2050.34,connection_error: 
2026-09-11T20:29:55.157718+00:00,0,2050.02,connection_error: 
2026-09-11T20:29:55.189136+00:00,0,2027.69,connection_error: 
2026-09-11T20:29:55.172805+00:00,0,2047.22,connection_error: 
2026-09-11T20:29:55.177906+00:00,0,2046.36,connection_error: 
2026-09-11T20:29:55.189136+00:00,0,2035.82,connection_error: 
2026-09-11T20:29:55.213491+00:00,0,2018.47,connection_error: 
2026-09-11T20:29:55.181468+00:00,0,2057.16,connection_error: 
2026-09-11T20:29:55.128031+00:00,0,2110.33,connection_error: 
2026-09-11T20:29:55.196829+00:00,0,2052.10,connection_error: 
2026-09-11T20:29:55.157718+00:00,0,2087.26,connection_error: 
2026-09-11T20:29:55.209394+00:00,0,2047.29,connection_error: 
2026-09-11T20:29:55.220874+00:00,0,2041.70,connection_error: 
2026-09-11T20:29:55.204339+00:00,0,2061.30,connection_error: 
2026-09-11T20:29:55.241122+00:00,0,2027.86,connection_error: 
2026-09-11T20:29:55.226474+00:00,0,2050.48,connection_error: 
2026-09-11T20:29:55.236289+00:00,0,2042.40,connection_error: 
2026-09-11T20:29:55.234524+00:00,0,2052.24,connection_error: 
2026-09-11T20:29:55.251998+00:00,0,2034.60,connection_error: 
2026-09-11T20:29:55.196829+00:00,0,2095.12,connection_error: 
2026-09-11T20:29:55.241122+00:00,0,2052.98,connection_error: 
2026-09-11T20:29:55.271205+00:00,0,2033.17,connection_error: 
2026-09-11T20:29:55.268018+00:00,0,2042.42,connection_error: 
2026-09-11T20:29:55.271205+00:00,0,2037.51,connection_error: 
2026-09-11T20:29:55.283696+00:00,0,2032.73,connection_error: 
2026-09-11T20:29:55.251998+00:00,0,2060.51,connection_error: 
2026-09-11T20:29:55.226474+00:00,0,2099.36,connection_error: 
2026-09-11T20:29:55.251998+00:00,0,2081.86,connection_error: 
2026-09-11T20:29:55.290485+00:00,0,2043.82,connection_error: 
2026-09-11T20:29:55.281120+00:00,0,2063.80,connection_error: 
2026-09-11T20:29:55.332393+00:00,0,2019.20,connection_error: 
2026-09-11T20:29:55.299478+00:00,0,2048.25,connection_error: 
2026-09-11T20:29:55.332393+00:00,0,2019.63,connection_error: 
2026-09-11T20:29:55.315607+00:00,0,2045.07,connection_error: 
2026-09-11T20:29:55.290485+00:00,0,2078.24,connection_error: 
2026-09-11T20:29:55.343517+00:00,0,2029.93,connection_error: 
2026-09-11T20:29:55.332393+00:00,0,2044.13,connection_error: 
2026-09-11T20:29:55.362396+00:00,0,2011.51,connection_error: 
2026-09-11T20:29:55.351098+00:00,0,2031.46,connection_error: 
2026-09-11T20:29:55.347084+00:00,0,2045.44,connection_error: 
2026-09-11T20:29:55.299478+00:00,0,2098.70,connection_error: 
2026-09-11T20:29:55.351098+00:00,0,2050.00,connection_error: 
2026-09-11T20:29:55.362396+00:00,0,2044.56,connection_error: 
2026-09-11T20:29:55.362396+00:00,0,2043.84,connection_error: 
2026-09-11T20:29:55.326350+00:00,0,2090.93,connection_error: 
2026-09-11T20:29:55.378099+00:00,0,2044.75,connection_error: 
2026-09-11T20:29:55.385901+00:00,0,2041.77,connection_error: 
2026-09-11T20:29:55.410565+00:00,0,2020.78,connection_error: 
2026-09-11T20:29:55.390405+00:00,0,2057.46,connection_error: 
2026-09-11T20:29:55.394815+00:00,0,2065.42,connection_error: 
2026-09-11T20:29:55.426352+00:00,0,2043.25,connection_error: 
2026-09-11T20:29:55.427986+00:00,0,2037.72,connection_error: 
2026-09-11T20:29:55.410565+00:00,0,2065.74,connection_error: 
2026-09-11T20:29:55.401506+00:00,0,2080.51,connection_error: 
2026-09-11T20:29:55.382020+00:00,0,2103.09,connection_error: 
2026-09-11T20:29:55.420262+00:00,0,2070.20,connection_error: 
2026-09-11T20:29:55.427986+00:00,0,2065.11,connection_error: 
2026-09-11T20:29:55.463174+00:00,0,2031.12,connection_error: 
2026-09-11T20:29:55.401506+00:00,0,2099.33,connection_error: 
2026-09-11T20:29:55.473513+00:00,0,2036.19,connection_error: 
2026-09-11T20:29:55.479070+00:00,0,2035.49,connection_error: 
2026-09-11T20:29:55.486392+00:00,0,2031.04,connection_error: 
2026-09-11T20:29:55.441514+00:00,0,2077.18,connection_error: 
2026-09-11T20:29:55.458531+00:00,0,2069.06,connection_error: 
2026-09-11T20:29:55.441514+00:00,0,2092.27,connection_error: 
2026-09-11T20:29:55.463174+00:00,0,2073.82,connection_error: 
2026-09-11T20:29:55.483784+00:00,0,2060.33,connection_error: 
2026-09-11T20:29:55.505555+00:00,0,2042.11,connection_error: 
2026-09-11T20:29:55.505555+00:00,0,2042.43,connection_error: 
2026-09-11T20:29:55.526475+00:00,0,2028.64,connection_error: 
2026-09-11T20:29:55.489419+00:00,0,2070.58,connection_error: 
2026-09-11T20:29:55.521237+00:00,0,2042.24,connection_error: 
2026-09-11T20:29:55.497691+00:00,0,2075.33,connection_error: 
2026-09-11T20:29:55.543104+00:00,0,2031.92,connection_error: 
2026-09-11T20:29:55.497691+00:00,0,2080.93,connection_error: 
2026-09-11T20:29:55.533990+00:00,0,2054.99,connection_error: 
2026-09-11T20:29:55.514997+00:00,0,2075.28,connection_error: 
2026-09-11T20:29:55.538555+00:00,0,2061.41,connection_error: 
2026-09-11T20:29:55.569245+00:00,0,2035.46,connection_error: 
2026-09-11T20:29:55.441514+00:00,0,2157.97,connection_error: 
2026-09-11T20:29:55.543104+00:00,0,2064.00,connection_error: 
2026-09-11T20:29:55.592354+00:00,0,2023.26,connection_error: 
2026-09-11T20:29:55.629529+00:00,0,1990.51,connection_error: 
2026-09-11T20:29:55.553676+00:00,0,2071.64,connection_error: 
2026-09-11T20:29:55.584973+00:00,0,2047.56,connection_error: 
2026-09-11T20:29:55.601695+00:00,0,2034.19,connection_error: 
2026-09-11T20:29:55.560747+00:00,0,2081.85,connection_error: 
2026-09-11T20:29:55.562947+00:00,0,2082.40,connection_error: 
2026-09-11T20:29:55.573862+00:00,0,2073.36,connection_error: 
2026-09-11T20:29:55.610305+00:00,0,2043.62,connection_error: 
2026-09-11T20:29:55.668128+00:00,0,1988.36,connection_error: 
2026-09-11T20:29:55.648637+00:00,0,2013.03,connection_error: 
2026-09-11T20:29:55.643208+00:00,0,2027.53,connection_error: 
2026-09-11T20:29:55.514997+00:00,0,2158.62,connection_error: 
2026-09-11T20:29:55.648637+00:00,0,2021.34,connection_error: 
2026-09-11T20:29:55.716949+00:00,0,1969.26,connection_error: 
2026-09-11T20:29:55.734014+00:00,0,1956.94,connection_error: 
2026-09-11T20:29:55.742943+00:00,0,1952.29,connection_error: 
2026-09-11T20:29:55.664526+00:00,0,2033.14,connection_error: 
2026-09-11T20:29:55.704879+00:00,0,1995.59,connection_error: 
2026-09-11T20:29:55.617783+00:00,0,2086.29,connection_error: 
2026-09-11T20:29:55.693363+00:00,0,2020.53,connection_error: 
2026-09-11T20:29:55.696376+00:00,0,2017.89,connection_error: 
2026-09-11T20:29:55.668128+00:00,0,2043.81,connection_error: 
2026-09-11T20:29:55.743465+00:00,0,1976.88,connection_error: 
2026-09-11T20:29:55.723979+00:00,0,2009.88,connection_error: 
2026-09-11T20:29:55.686681+00:00,0,2056.50,connection_error: 
2026-09-11T20:29:35.214229+00:00,201,22537.06,
2026-09-11T20:29:50.708939+00:00,0,7065.54,connection_error: 
2026-09-11T20:29:55.997773+00:00,0,1793.90,connection_error: 
2026-09-11T20:29:56.014206+00:00,0,1783.05,connection_error: 
2026-09-11T20:29:56.007161+00:00,0,1794.19,connection_error: 
2026-09-11T20:29:56.014206+00:00,0,1783.75,connection_error: 
2026-09-11T20:29:50.720910+00:00,0,7102.29,connection_error: 
2026-09-11T20:29:56.061903+00:00,0,1764.42,connection_error: 
2026-09-11T20:29:56.052355+00:00,0,1777.50,connection_error: 
2026-09-11T20:29:56.069575+00:00,0,1772.79,connection_error: 
2026-09-11T20:29:50.732228+00:00,0,7158.48,connection_error: 
2026-09-11T20:29:56.126581+00:00,0,1764.25,connection_error: 
2026-09-11T20:29:56.126581+00:00,0,1767.75,connection_error: 
2026-09-11T20:29:56.113040+00:00,0,1792.57,connection_error: 
2026-09-11T20:29:56.126581+00:00,0,1793.50,connection_error: 
2026-09-11T20:29:50.740528+00:00,0,7305.40,connection_error: 
2026-09-11T20:29:56.203357+00:00,0,1846.12,connection_error: 
2026-09-11T20:29:56.212055+00:00,0,1846.32,connection_error: 
2026-09-11T20:29:56.221089+00:00,0,1847.40,connection_error: 
2026-09-11T20:29:50.743484+00:00,0,7346.23,connection_error: 
2026-09-11T20:29:56.249874+00:00,0,1842.94,connection_error: 
2026-09-11T20:29:56.265945+00:00,0,1843.83,connection_error: 
2026-09-11T20:29:50.756206+00:00,0,7387.06,connection_error: 
2026-09-11T20:29:56.287580+00:00,0,1855.24,connection_error: 
2026-09-11T20:29:56.297260+00:00,0,1854.56,connection_error: 
2026-09-11T20:29:56.297260+00:00,0,1854.33,connection_error: 
2026-09-11T20:29:50.756206+00:00,0,7425.67,connection_error: 
2026-09-11T20:29:56.330811+00:00,0,1864.49,connection_error: 
2026-09-11T20:29:56.335711+00:00,0,1859.13,connection_error: 
2026-09-11T20:29:56.344021+00:00,0,1858.91,connection_error: 
2026-09-11T20:29:56.335711+00:00,0,1873.37,connection_error: 
2026-09-11T20:29:56.356719+00:00,0,1859.51,connection_error: 
2026-09-11T20:29:50.756206+00:00,0,7474.82,connection_error: 
2026-09-11T20:29:50.772136+00:00,0,7656.65,connection_error: 
2026-09-11T20:29:50.778620+00:00,0,7665.17,connection_error: 
2026-09-11T20:29:56.552159+00:00,0,1907.14,connection_error: 
2026-09-11T20:29:56.564771+00:00,0,1905.51,connection_error: 
2026-09-11T20:29:56.552159+00:00,0,1922.99,connection_error: 
2026-09-11T20:29:56.573835+00:00,0,1919.27,connection_error: 
2026-09-11T20:29:56.473747+00:00,0,2061.91,connection_error: 
2026-09-11T20:29:50.779660+00:00,0,7763.76,connection_error: 
2026-09-11T20:29:56.492452+00:00,0,2060.41,connection_error: 
2026-09-11T20:29:56.492452+00:00,0,2058.82,connection_error: 
2026-09-11T20:29:56.502948+00:00,0,2051.62,connection_error: 
2026-09-11T20:29:56.613325+00:00,0,1951.17,connection_error: 
2026-09-11T20:29:56.612778+00:00,0,1963.52,connection_error: 
2026-09-11T20:29:56.645150+00:00,0,1931.50,connection_error: 
2026-09-11T20:29:56.664037+00:00,0,1922.11,connection_error: 
2026-09-11T20:29:56.628632+00:00,0,1949.04,connection_error: 
2026-09-11T20:29:56.645150+00:00,0,1941.00,connection_error: 
2026-09-11T20:29:56.703149+00:00,0,1897.35,connection_error: 
2026-09-11T20:29:56.668044+00:00,0,1937.25,connection_error: 
2026-09-11T20:29:56.668044+00:00,0,1937.07,connection_error: 
2026-09-11T20:29:56.709972+00:00,0,1906.59,connection_error: 
2026-09-11T20:29:56.676436+00:00,0,1941.46,connection_error: 
2026-09-11T20:29:56.689539+00:00,0,1937.24,connection_error: 
2026-09-11T20:29:56.691950+00:00,0,1936.99,connection_error: 
2026-09-11T20:29:56.736084+00:00,0,1902.39,connection_error: 
2026-09-11T20:29:56.743132+00:00,0,1901.28,connection_error: 
2026-09-11T20:29:56.726543+00:00,0,1918.71,connection_error: 
2026-09-11T20:29:56.709972+00:00,0,1938.48,connection_error: 
2026-09-11T20:29:56.684600+00:00,0,1976.28,connection_error: 
2026-09-11T20:29:56.691950+00:00,0,1966.51,connection_error: 
2026-09-11T20:29:56.709972+00:00,0,1950.20,connection_error: 
2026-09-11T20:29:56.746950+00:00,0,1926.16,connection_error: 
2026-09-11T20:29:56.770197+00:00,0,1910.54,connection_error: 
2026-09-11T20:29:56.793607+00:00,0,1888.49,connection_error: 
2026-09-11T20:29:56.723489+00:00,0,1965.93,connection_error: 
2026-09-11T20:29:56.763101+00:00,0,1933.33,connection_error: 
2026-09-11T20:29:56.773502+00:00,0,1918.93,connection_error: 
2026-09-11T20:29:56.756421+00:00,0,1949.63,connection_error: 
2026-09-11T20:29:56.788486+00:00,0,1921.32,connection_error: 
2026-09-11T20:29:56.804859+00:00,0,1911.00,connection_error: 
2026-09-11T20:29:56.840670+00:00,0,1873.23,connection_error: 
2026-09-11T20:29:56.860656+00:00,0,1862.95,connection_error: 
2026-09-11T20:29:56.818249+00:00,0,1910.65,connection_error: 
2026-09-11T20:29:56.840670+00:00,0,1895.68,connection_error: 
2026-09-11T20:29:56.853623+00:00,0,1886.79,connection_error: 
2026-09-11T20:29:56.826788+00:00,0,1919.71,connection_error: 
2026-09-11T20:29:56.833517+00:00,0,1917.66,connection_error: 
2026-09-11T20:29:56.773502+00:00,0,1980.71,connection_error: 
2026-09-11T20:29:56.812915+00:00,0,1950.92,connection_error: 
2026-09-11T20:29:56.944602+00:00,0,1916.28,connection_error: 
2026-09-11T20:29:56.953966+00:00,0,1913.13,connection_error: 
2026-09-11T20:29:56.960089+00:00,0,1912.85,connection_error: 
2026-09-11T20:29:56.960089+00:00,0,1913.27,connection_error: 
2026-09-11T20:29:56.971103+00:00,0,1913.93,connection_error: 
2026-09-11T20:29:56.976538+00:00,0,1914.28,connection_error: 
2026-09-11T20:29:56.992061+00:00,0,1905.04,connection_error: 
2026-09-11T20:29:56.981072+00:00,0,1920.17,connection_error: 
2026-09-11T20:29:56.998766+00:00,0,1905.38,connection_error: 
2026-09-11T20:29:56.981072+00:00,0,1925.71,connection_error: 
2026-09-11T20:29:57.029359+00:00,0,1889.25,connection_error: 
2026-09-11T20:29:57.029359+00:00,0,1892.02,connection_error: 
2026-09-11T20:29:57.008782+00:00,0,1919.63,connection_error: 
2026-09-11T20:29:57.048936+00:00,0,1885.27,connection_error: 
2026-09-11T20:29:56.992640+00:00,0,1943.50,connection_error: 
2026-09-11T20:29:57.007757+00:00,0,1938.47,connection_error: 
2026-09-11T20:29:57.013325+00:00,0,1933.86,connection_error: 
2026-09-11T20:29:57.025282+00:00,0,1929.34,connection_error: 
2026-09-11T20:29:57.039480+00:00,0,1920.55,connection_error: 
2026-09-11T20:29:57.020625+00:00,0,1943.43,connection_error: 
2026-09-11T20:29:57.074223+00:00,0,1886.11,connection_error: 
2026-09-11T20:29:57.074223+00:00,0,1895.79,connection_error: 
2026-09-11T20:29:57.092745+00:00,0,1880.09,connection_error: 
2026-09-11T20:29:57.092745+00:00,0,1890.48,connection_error: 
2026-09-11T20:29:57.113156+00:00,0,1877.38,connection_error: 
2026-09-11T20:29:57.056396+00:00,0,1937.24,connection_error: 
2026-09-11T20:29:57.056396+00:00,0,1935.11,connection_error: 
2026-09-11T20:29:57.067920+00:00,0,1935.01,connection_error: 
2026-09-11T20:29:57.039480+00:00,0,1963.72,connection_error: 
2026-09-11T20:29:57.121876+00:00,0,1893.72,connection_error: 
2026-09-11T20:29:57.088387+00:00,0,1930.77,connection_error: 
2026-09-11T20:29:57.074223+00:00,0,1952.52,connection_error: 
2026-09-11T20:29:57.131977+00:00,0,1902.25,connection_error: 
2026-09-11T20:29:57.126909+00:00,0,1918.27,connection_error: 
2026-09-11T20:29:57.103736+00:00,0,1949.83,connection_error: 
2026-09-11T20:29:57.139053+00:00,0,1921.87,connection_error: 
2026-09-11T20:29:57.137034+00:00,0,1938.56,connection_error: 
2026-09-11T20:29:57.166447+00:00,0,1919.94,connection_error: 
2026-09-11T20:29:57.139053+00:00,0,1948.86,connection_error: 
2026-09-11T20:29:57.184407+00:00,0,1921.46,connection_error: 
2026-09-11T20:29:57.159915+00:00,0,1956.64,connection_error: 
2026-09-11T20:29:57.198292+00:00,0,1926.05,connection_error: 
2026-09-11T20:29:57.154116+00:00,0,1983.29,connection_error: 
2026-09-11T20:29:57.189452+00:00,0,1958.53,connection_error: 
2026-09-11T20:29:57.198292+00:00,0,1951.67,connection_error: 
2026-09-11T20:29:57.150416+00:00,0,2023.43,connection_error: 
2026-09-11T20:29:57.198292+00:00,0,1988.32,connection_error: 
2026-09-11T20:29:57.168367+00:00,0,2025.30,connection_error: 
2026-09-11T20:29:57.236024+00:00,0,1970.63,connection_error: 
2026-09-11T20:29:57.198292+00:00,0,2007.40,connection_error: 
2026-09-11T20:29:57.219456+00:00,0,2003.79,connection_error: 
2026-09-11T20:29:57.168367+00:00,0,2058.50,connection_error: 
2026-09-11T20:29:57.230091+00:00,0,2013.21,connection_error: 
2026-09-11T20:29:57.179698+00:00,0,2069.40,connection_error: 
2026-09-11T20:29:57.240334+00:00,0,2015.50,connection_error: 
2026-09-11T20:29:57.214549+00:00,0,2044.54,connection_error: 
2026-09-11T20:29:57.246896+00:00,0,2011.32,connection_error: 
2026-09-11T20:29:57.246896+00:00,0,2021.30,connection_error: 
2026-09-11T20:29:57.257178+00:00,0,2017.51,connection_error: 
2026-09-11T20:29:57.263446+00:00,0,2012.84,connection_error: 
2026-09-11T20:29:57.263446+00:00,0,2012.93,connection_error: 
2026-09-11T20:29:57.289587+00:00,0,1997.59,connection_error: 
2026-09-11T20:29:57.297669+00:00,0,1994.16,connection_error: 
2026-09-11T20:29:57.275457+00:00,0,2026.05,connection_error: 
2026-09-11T20:29:57.263446+00:00,0,2046.16,connection_error: 
2026-09-11T20:29:57.277989+00:00,0,2033.03,connection_error: 
2026-09-11T20:29:57.287804+00:00,0,2033.78,connection_error: 
2026-09-11T20:29:57.223488+00:00,0,2102.14,connection_error: 
2026-09-11T20:29:57.313448+00:00,0,2008.46,connection_error: 
2026-09-11T20:29:57.333873+00:00,0,2001.88,connection_error: 
2026-09-11T20:29:57.297669+00:00,0,2035.76,connection_error: 
2026-09-11T20:29:57.309365+00:00,0,2035.86,connection_error: 
2026-09-11T20:29:57.240334+00:00,0,2106.35,connection_error: 
2026-09-11T20:29:57.341412+00:00,0,2011.24,connection_error: 
2026-09-11T20:29:57.313448+00:00,0,2052.19,connection_error: 
2026-09-11T20:29:57.352736+00:00,0,2017.25,connection_error: 
2026-09-11T20:29:57.313448+00:00,0,2059.34,connection_error: 
2026-09-11T20:29:57.375454+00:00,0,2008.46,connection_error: 
2026-09-11T20:29:57.366497+00:00,0,2018.88,connection_error: 
2026-09-11T20:29:57.333873+00:00,0,2053.85,connection_error: 
2026-09-11T20:29:57.363474+00:00,0,2033.07,connection_error: 
2026-09-11T20:29:57.327353+00:00,0,2072.67,connection_error: 
2026-09-11T20:29:57.359305+00:00,0,2048.44,connection_error: 
2026-09-11T20:29:57.297669+00:00,0,2116.42,connection_error: 
2026-09-11T20:29:57.341412+00:00,0,2290.97,connection_error: 
2026-09-11T20:29:57.390606+00:00,0,2246.71,connection_error: 
2026-09-11T20:29:57.375454+00:00,0,2266.30,connection_error: 
2026-09-11T20:29:57.390606+00:00,0,2252.66,connection_error: 
2026-09-11T20:29:57.437694+00:00,0,2219.71,connection_error: 
2026-09-11T20:29:57.390606+00:00,0,2272.15,connection_error: 
2026-09-11T20:29:57.422451+00:00,0,2243.98,connection_error: 
2026-09-11T20:29:57.375454+00:00,0,2286.76,connection_error: 
2026-09-11T20:29:57.407977+00:00,0,2264.44,connection_error: 
2026-09-11T20:29:57.427232+00:00,0,2253.01,connection_error: 
2026-09-11T20:29:57.390606+00:00,0,2283.15,connection_error: 
2026-09-11T20:29:57.472772+00:00,0,2219.83,connection_error: 
2026-09-11T20:29:57.491246+00:00,0,2206.96,connection_error: 
2026-09-11T20:29:57.461775+00:00,0,2244.40,connection_error: 
2026-09-11T20:29:57.495637+00:00,0,2219.13,connection_error: 
2026-09-11T20:29:57.449431+00:00,0,2272.25,connection_error: 
2026-09-11T20:29:57.500671+00:00,0,2227.58,connection_error: 
2026-09-11T20:29:57.474784+00:00,0,2256.10,connection_error: 
2026-09-11T20:29:57.407977+00:00,0,2329.90,connection_error: 
2026-09-11T20:29:57.474784+00:00,0,2262.89,connection_error: 
2026-09-11T20:29:57.484897+00:00,0,2263.06,connection_error: 
2026-09-11T20:29:57.516647+00:00,0,2230.50,connection_error: 
2026-09-11T20:29:57.469444+00:00,0,2290.86,connection_error: 
2026-09-11T20:29:57.415941+00:00,0,2346.58,connection_error: 
2026-09-11T20:29:57.543372+00:00,0,2225.53,connection_error: 
2026-09-11T20:29:57.533131+00:00,0,2241.30,connection_error: 
2026-09-11T20:29:57.510597+00:00,0,2269.92,connection_error: 
2026-09-11T20:29:57.548046+00:00,0,2235.04,connection_error: 
2026-09-11T20:29:57.511627+00:00,0,2274.58,connection_error: 
2026-09-11T20:29:57.528790+00:00,0,2265.42,connection_error: 
2026-09-11T20:29:57.590649+00:00,0,2209.02,connection_error: 
2026-09-11T20:29:57.595945+00:00,0,2208.14,connection_error: 
2026-09-11T20:29:57.501620+00:00,0,2303.12,connection_error: 
2026-09-11T20:29:57.516647+00:00,0,2294.02,connection_error: 
2026-09-11T20:29:57.548046+00:00,0,2263.27,connection_error: 
2026-09-11T20:29:57.548046+00:00,0,2263.63,connection_error: 
2026-09-11T20:29:57.563882+00:00,0,2263.57,connection_error: 
2026-09-11T20:29:57.566471+00:00,0,2263.34,connection_error: 
2026-09-11T20:29:57.566471+00:00,0,2264.35,connection_error: 
2026-09-11T20:29:57.566471+00:00,0,2266.43,connection_error: 
2026-09-11T20:29:57.537896+00:00,0,2309.33,connection_error: 
2026-09-11T20:29:57.604701+00:00,0,2243.76,connection_error: 
2026-09-11T20:29:57.579680+00:00,0,2275.27,connection_error: 
2026-09-11T20:29:57.614604+00:00,0,2244.42,connection_error: 
2026-09-11T20:29:57.614604+00:00,0,2253.74,connection_error: 
2026-09-11T20:29:57.637303+00:00,0,2234.92,connection_error: 
2026-09-11T20:29:57.642889+00:00,0,2230.18,connection_error: 
2026-09-11T20:29:57.652204+00:00,0,2225.39,connection_error: 
2026-09-11T20:29:57.595945+00:00,0,2286.93,connection_error: 
2026-09-11T20:29:57.660281+00:00,0,2230.97,connection_error: 
2026-09-11T20:29:57.604701+00:00,0,2291.90,connection_error: 
2026-09-11T20:29:57.628767+00:00,0,2269.19,connection_error: 
2026-09-11T20:29:57.664313+00:00,0,2240.70,connection_error: 
2026-09-11T20:29:57.642889+00:00,0,2268.44,connection_error: 
2026-09-11T20:29:57.652204+00:00,0,2263.95,connection_error: 
2026-09-11T20:29:57.627753+00:00,0,2293.23,connection_error: 
2026-09-11T20:29:57.685639+00:00,0,2239.94,connection_error: 
2026-09-11T20:29:57.622369+00:00,0,2308.17,connection_error: 
2026-09-11T20:29:57.674855+00:00,0,2261.69,connection_error: 
2026-09-11T20:29:57.680566+00:00,0,2260.35,connection_error: 
2026-09-11T20:29:57.717383+00:00,0,2228.07,connection_error: 
2026-09-11T20:29:57.735057+00:00,0,2217.10,connection_error: 
2026-09-11T20:29:57.690707+00:00,0,2265.87,connection_error: 
2026-09-11T20:29:57.664313+00:00,0,2291.31,connection_error: 
2026-09-11T20:29:57.706403+00:00,0,2258.18,connection_error: 
2026-09-11T20:29:57.706403+00:00,0,2258.83,connection_error: 
2026-09-11T20:29:57.727360+00:00,0,2248.95,connection_error: 
2026-09-11T20:29:57.691712+00:00,0,2288.57,connection_error: 
2026-09-11T20:29:57.743488+00:00,0,2248.99,connection_error: 
2026-09-11T20:29:57.699401+00:00,0,2298.92,connection_error: 
2026-09-11T20:29:57.699401+00:00,0,2301.28,connection_error: 
2026-09-11T20:29:57.722452+00:00,0,2292.94,connection_error: 
2026-09-11T20:29:57.849264+00:00,0,2222.59,connection_error: 
2026-09-11T20:29:57.896268+00:00,0,2707.92,connection_error: 
2026-09-11T20:29:57.903904+00:00,0,2707.32,connection_error: 
2026-09-11T20:29:57.922388+00:00,0,2698.64,connection_error: 
2026-09-11T20:29:57.891829+00:00,0,2738.00,connection_error: 
2026-09-11T20:29:57.912332+00:00,0,2721.29,connection_error: 
2026-09-11T20:29:57.773102+00:00,0,2863.95,connection_error: 
2026-09-11T20:29:58.056830+00:00,0,2880.85,connection_error: 
2026-09-11T20:29:58.069378+00:00,0,2883.82,connection_error: 
2026-09-11T20:29:58.039122+00:00,0,2919.54,connection_error: 
2026-09-11T20:29:58.056830+00:00,0,2917.00,connection_error: 
2026-09-11T20:29:57.790990+00:00,0,3192.98,connection_error: 
2026-09-11T20:29:35.231799+00:00,201,25760.78,
2026-09-11T20:29:35.214229+00:00,201,25782.15,
2026-09-11T20:29:35.224481+00:00,201,25773.25,
2026-09-11T20:29:35.224481+00:00,201,25781.35,
2026-09-11T20:29:35.208291+00:00,201,25797.98,
2026-09-11T20:29:35.265006+00:00,201,25745.75,
2026-09-11T20:29:35.248777+00:00,201,25759.79,
2026-09-11T20:29:35.275409+00:00,201,25744.47,
2026-09-11T20:29:35.277977+00:00,201,25745.29,
2026-09-11T20:29:35.284379+00:00,201,25745.80,
2026-09-11T20:29:35.265006+00:00,201,25763.79,
2026-09-11T20:29:35.309994+00:00,201,25731.36,
2026-09-11T20:29:35.293991+00:00,201,25740.22,
2026-09-11T20:29:35.293991+00:00,201,25752.73,
2026-09-11T20:29:35.313055+00:00,201,25742.90,
2026-09-11T20:29:35.284379+00:00,201,25769.21,
2026-09-11T20:29:35.293991+00:00,201,25765.76,
2026-09-11T20:29:35.313055+00:00,201,25756.93,
2026-09-11T20:29:35.504032+00:00,0,25576.05,timeout
2026-09-11T20:29:35.422061+00:00,0,25656.30,timeout
2026-09-11T20:29:35.510022+00:00,0,25584.89,timeout
2026-09-11T20:29:35.385080+00:00,0,25717.05,timeout
2026-09-11T20:29:35.629898+00:00,0,25481.13,timeout
2026-09-11T20:29:35.664046+00:00,0,25452.00,timeout
2026-09-11T20:29:35.679000+00:00,0,25439.19,timeout
2026-09-11T20:29:35.582039+00:00,0,25547.53,timeout
2026-09-11T20:29:35.603434+00:00,0,25533.23,timeout
2026-09-11T20:29:35.643846+00:00,0,25493.44,timeout
2026-09-11T20:29:35.643846+00:00,0,25504.75,timeout
2026-09-11T20:29:35.564362+00:00,0,25583.31,timeout
2026-09-11T20:29:35.631039+00:00,0,25521.55,timeout
2026-09-11T20:29:35.586884+00:00,0,25579.82,timeout
2026-09-11T20:29:35.564362+00:00,0,25607.15,timeout
2026-09-11T20:29:35.612342+00:00,0,25561.05,timeout
2026-09-11T20:29:35.596389+00:00,0,25588.59,timeout
2026-09-11T20:29:35.590108+00:00,0,25599.61,timeout
2026-09-11T20:29:35.453374+00:00,0,25742.57,timeout
2026-09-11T20:29:35.526974+00:00,0,25678.79,timeout
2026-09-11T20:29:35.659945+00:00,0,25551.47,timeout
2026-09-11T20:29:35.542463+00:00,0,25672.18,timeout
2026-09-11T20:29:35.559006+00:00,0,25660.75,timeout
2026-09-11T20:29:35.551097+00:00,0,25678.18,timeout
2026-09-11T20:29:35.516787+00:00,0,25713.45,timeout
2026-09-11T20:29:35.539947+00:00,0,25702.27,timeout
2026-09-11T20:29:35.576905+00:00,0,25670.55,timeout
2026-09-11T20:29:35.631039+00:00,0,25619.57,timeout
2026-09-11T20:29:35.485185+00:00,0,25774.43,timeout
2026-09-11T20:29:35.620857+00:00,0,25642.44,timeout
2026-09-11T20:29:35.612342+00:00,0,25660.27,timeout
2026-09-11T20:29:35.469515+00:00,0,25815.35,timeout
2026-09-11T20:29:35.453374+00:00,0,25834.11,timeout
2026-09-11T20:29:35.679000+00:00,0,25626.90,timeout
2026-09-11T20:29:35.556308+00:00,0,25761.17,timeout
2026-09-11T20:29:35.487789+00:00,0,25828.37,timeout
2026-09-11T20:29:35.667505+00:00,0,25669.32,timeout
2026-09-11T20:29:35.487789+00:00,0,25859.33,timeout
2026-09-11T20:29:35.469515+00:00,0,25876.03,timeout
2026-09-11T20:29:35.453374+00:00,0,25900.48,timeout
2026-09-11T20:29:35.415881+00:00,0,25956.34,timeout
2026-09-11T20:29:35.440941+00:00,0,25939.70,timeout
2026-09-11T20:29:35.453374+00:00,0,25942.07,timeout
2026-09-11T20:29:35.469515+00:00,0,25931.44,timeout
2026-09-11T20:29:35.440941+00:00,0,25975.14,timeout
2026-09-11T20:29:35.405413+00:00,0,26021.67,timeout
2026-09-11T20:29:35.359192+00:00,0,26069.25,timeout
2026-09-11T20:29:35.399387+00:00,0,26048.05,timeout
2026-09-11T20:29:35.433446+00:00,0,26023.30,timeout
2026-09-11T20:29:35.408734+00:00,0,26060.31,timeout
2026-09-11T20:29:35.440941+00:00,0,26033.37,timeout
2026-09-11T20:29:35.422061+00:00,0,26074.35,timeout
2026-09-11T20:29:35.422061+00:00,0,26080.92,timeout
2026-09-11T20:29:35.415881+00:00,0,26102.91,timeout
2026-09-11T20:29:35.368765+00:00,0,26155.92,timeout
2026-09-11T20:29:35.359192+00:00,0,26177.77,timeout
2026-09-11T20:29:35.313055+00:00,0,26221.99,timeout
2026-09-11T20:29:35.390100+00:00,0,26160.66,timeout
2026-09-11T20:29:35.349508+00:00,0,26214.53,timeout
2026-09-11T20:29:35.609005+00:00,0,25964.25,timeout
2026-09-11T20:29:35.534240+00:00,0,26045.78,timeout
2026-09-11T20:29:35.390100+00:00,0,26196.75,timeout
2026-09-11T20:29:35.335875+00:00,0,26256.44,timeout
2026-09-11T20:29:35.515775+00:00,0,26086.31,timeout
2026-09-11T20:29:35.329506+00:00,0,26279.76,timeout
2026-09-11T20:29:35.341960+00:00,0,26275.93,timeout
2026-09-11T20:29:35.378899+00:00,0,26245.64,timeout
2026-09-11T20:29:35.469515+00:00,0,26155.00,timeout
2026-09-11T20:29:35.284379+00:00,0,26350.90,timeout
2026-09-11T20:29:35.355425+00:00,0,26291.21,timeout
2026-09-11T20:29:35.375339+00:00,0,26276.60,timeout
2026-09-11T20:29:35.487789+00:00,0,26164.30,timeout
2026-09-11T20:29:35.344485+00:00,0,26318.18,timeout
2026-09-11T20:29:35.329506+00:00,0,26337.77,timeout
2026-09-11T20:29:35.359192+00:00,0,26314.40,timeout
2026-09-11T20:29:35.797573+00:00,0,25887.93,timeout
2026-09-11T20:29:35.809397+00:00,0,25881.56,timeout
2026-09-11T20:29:35.819502+00:00,0,25862.96,timeout
2026-09-11T20:29:35.835466+00:00,0,25855.56,timeout
2026-09-11T20:29:35.763382+00:00,0,25944.12,timeout
2026-09-11T20:29:35.853586+00:00,0,25863.83,timeout
2026-09-11T20:29:35.788945+00:00,0,25932.02,timeout
2026-09-11T20:29:35.755880+00:00,0,25973.49,timeout
2026-09-11T20:29:35.745219+00:00,0,25991.77,timeout
2026-09-11T20:29:35.809397+00:00,0,25929.46,timeout
2026-09-11T20:29:35.803615+00:00,0,25951.59,timeout
2026-09-11T20:29:35.728076+00:00,0,26032.99,timeout
2026-09-11T20:29:35.771952+00:00,0,26003.94,timeout
2026-09-11T20:29:35.853586+00:00,0,25926.56,timeout
2026-09-11T20:29:35.921408+00:00,0,25877.30,timeout
2026-09-11T20:29:35.786374+00:00,0,26024.03,timeout
2026-09-11T20:29:35.782329+00:00,0,26036.74,timeout
2026-09-11T20:29:35.728076+00:00,0,26098.49,timeout
2026-09-11T20:29:35.707728+00:00,0,26126.04,timeout
2026-09-11T20:29:35.745219+00:00,0,26093.48,timeout
2026-09-11T20:29:35.697764+00:00,0,26153.13,timeout
2026-09-11T20:29:35.693122+00:00,0,26173.21,timeout
2026-09-11T20:29:35.697764+00:00,0,26177.24,timeout
2026-09-11T20:29:35.728076+00:00,0,26148.81,timeout
2026-09-11T20:29:35.709233+00:00,0,26181.27,timeout
2026-09-11T20:29:35.717741+00:00,0,26186.06,timeout
2026-09-11T20:29:35.776295+00:00,0,26137.08,timeout
2026-09-11T20:29:35.679000+00:00,0,26235.29,timeout
2026-09-11T20:29:35.978922+00:00,0,25953.34,timeout
2026-09-11T20:29:35.819502+00:00,0,26115.34,timeout
2026-09-11T20:29:35.655531+00:00,0,26295.74,timeout
2026-09-11T20:29:36.109554+00:00,0,25842.09,timeout
2026-09-11T20:29:35.667505+00:00,0,26291.47,timeout
2026-09-11T20:29:35.739376+00:00,0,26234.01,timeout
2026-09-11T20:29:35.717741+00:00,0,26263.14,timeout
2026-09-11T20:29:35.996198+00:00,0,25991.02,timeout
2026-09-11T20:29:36.439357+00:00,0,25560.56,timeout
2026-09-11T20:29:36.424814+00:00,0,25588.14,timeout
2026-09-11T20:29:36.456037+00:00,0,25564.72,timeout
2026-09-11T20:29:35.962951+00:00,0,26064.97,timeout
2026-09-11T20:29:36.407408+00:00,0,25636.30,timeout
2026-09-11T20:29:36.439357+00:00,0,25603.86,timeout
2026-09-11T20:29:36.409951+00:00,0,25649.40,timeout
2026-09-11T20:29:36.389248+00:00,0,25683.03,timeout
2026-09-11T20:29:36.423344+00:00,0,25655.84,timeout
2026-09-11T20:29:36.424814+00:00,0,25652.86,timeout
2026-09-11T20:29:36.391850+00:00,0,25693.90,timeout
2026-09-11T20:29:36.401570+00:00,0,25696.07,timeout
2026-09-11T20:29:36.366814+00:00,0,25736.95,timeout
2026-09-11T20:29:36.377398+00:00,0,25729.55,timeout
2026-09-11T20:29:36.312436+00:00,0,25807.19,timeout
2026-09-11T20:29:36.391850+00:00,0,25732.84,timeout
2026-09-11T20:29:36.360221+00:00,0,25772.84,timeout
2026-09-11T20:29:36.366814+00:00,0,25770.17,timeout
2026-09-11T20:29:36.331467+00:00,0,25819.14,timeout
2026-09-11T20:29:36.347549+00:00,0,25808.79,timeout
2026-09-11T20:29:36.377398+00:00,0,25796.04,timeout
2026-09-11T20:29:36.312436+00:00,0,25862.90,timeout
2026-09-11T20:29:36.217155+00:00,0,25977.56,timeout
2026-09-11T20:29:36.344027+00:00,0,25857.12,timeout
2026-09-11T20:29:36.255298+00:00,0,25949.97,timeout
2026-09-11T20:29:36.312436+00:00,0,25899.95,timeout
2026-09-11T20:29:36.331467+00:00,0,25893.08,timeout
2026-09-11T20:29:36.312436+00:00,0,25903.83,timeout
2026-09-11T20:29:36.297008+00:00,0,25928.66,timeout
2026-09-11T20:29:36.297008+00:00,0,25940.20,timeout
2026-09-11T20:29:36.293990+00:00,0,25955.65,timeout
2026-09-11T20:29:35.911432+00:00,0,26345.58,timeout
2026-09-11T20:29:36.347549+00:00,0,25911.84,timeout
2026-09-11T20:29:36.297008+00:00,0,25970.70,timeout
2026-09-11T20:29:36.282967+00:00,0,25986.83,timeout
2026-09-11T20:29:36.226427+00:00,0,26055.28,timeout
2026-09-11T20:29:36.360221+00:00,0,25922.91,timeout
2026-09-11T20:29:36.237696+00:00,0,26048.84,timeout
2026-09-11T20:29:36.282967+00:00,0,26018.34,timeout
2026-09-11T20:29:36.251018+00:00,0,26055.07,timeout
2026-09-11T20:29:36.232961+00:00,0,26079.66,timeout
2026-09-11T20:29:36.273625+00:00,0,26044.28,timeout
2026-09-11T20:29:36.237696+00:00,0,26086.57,timeout
2026-09-11T20:29:35.819502+00:00,0,26510.20,timeout
2026-09-11T20:29:36.209661+00:00,0,26129.45,timeout
2026-09-11T20:29:36.187995+00:00,0,26153.91,timeout
2026-09-11T20:29:36.156398+00:00,0,26192.23,timeout
2026-09-11T20:29:36.178940+00:00,0,26175.42,timeout
2026-09-11T20:29:36.089990+00:00,0,26270.47,timeout
2026-09-11T20:29:36.200878+00:00,0,26169.34,timeout
2026-09-11T20:29:36.264850+00:00,0,26106.65,timeout
2026-09-11T20:29:36.161096+00:00,0,26214.92,timeout
2026-09-11T20:29:36.097997+00:00,0,26290.01,timeout
2026-09-11T20:29:36.125404+00:00,0,26262.18,timeout
2026-09-11T20:29:36.109554+00:00,0,26292.34,timeout
2026-09-11T20:29:35.755880+00:00,0,26646.15,timeout
2026-09-11T20:29:35.996198+00:00,0,26417.98,timeout
2026-09-11T20:29:36.067731+00:00,0,26351.61,timeout
2026-09-11T20:29:36.074758+00:00,0,26350.87,timeout
2026-09-11T20:29:36.057971+00:00,0,26369.29,timeout
2026-09-11T20:29:36.097997+00:00,0,26337.37,timeout
2026-09-11T20:29:36.145664+00:00,0,26296.27,timeout
2026-09-11T20:29:36.137149+00:00,0,26314.18,timeout
2026-09-11T20:29:36.145664+00:00,0,26314.17,timeout
2026-09-11T20:29:36.042048+00:00,0,26423.69,timeout
2026-09-11T20:29:36.074758+00:00,0,26388.47,timeout
2026-09-11T20:29:36.029297+00:00,0,26441.19,timeout
2026-09-11T20:29:36.085941+00:00,0,26666.91,timeout
2026-09-11T20:29:36.048735+00:00,0,26705.47,timeout
2026-09-11T20:29:36.010382+00:00,0,26755.46,timeout
2026-09-11T20:29:36.012389+00:00,0,26751.69,timeout
2026-09-11T20:29:36.057971+00:00,0,26718.81,timeout
2026-09-11T20:29:36.026121+00:00,0,26760.25,timeout
2026-09-11T20:29:36.169638+00:00,0,26619.17,timeout
2026-09-11T20:29:35.956204+00:00,0,26843.25,timeout
2026-09-11T20:29:36.012389+00:00,0,26788.79,timeout
2026-09-11T20:29:36.029297+00:00,0,26780.41,timeout
2026-09-11T20:29:35.987830+00:00,0,26826.65,timeout
2026-09-11T20:29:36.048735+00:00,0,26773.55,timeout
2026-09-11T20:29:35.996198+00:00,0,26829.59,timeout
2026-09-11T20:29:35.978922+00:00,0,26850.28,timeout
2026-09-11T20:29:36.042048+00:00,0,26796.93,timeout
2026-09-11T20:29:35.946397+00:00,0,26897.92,timeout
2026-09-11T20:29:36.125404+00:00,0,26727.95,timeout
2026-09-11T20:29:35.921408+00:00,0,26935.02,timeout
2026-09-11T20:29:36.121350+00:00,0,26746.68,timeout
2026-09-11T20:29:35.930380+00:00,0,26942.83,timeout
2026-09-11T20:29:35.956204+00:00,0,26920.19,timeout
2026-09-11T20:29:35.930380+00:00,0,26950.61,timeout
2026-09-11T20:29:35.938126+00:00,0,26951.84,timeout
2026-09-11T20:29:35.902388+00:00,0,26994.71,timeout
2026-09-11T20:29:35.885482+00:00,0,27017.61,timeout
2026-09-11T20:29:35.898543+00:00,0,27013.99,timeout
2026-09-11T20:29:35.866636+00:00,0,27039.28,timeout
2026-09-11T20:29:35.882408+00:00,0,27040.72,timeout
2026-09-11T20:29:35.914381+00:00,0,27014.99,timeout
2026-09-11T20:29:35.946397+00:00,0,26991.09,timeout
2026-09-11T20:29:35.864085+00:00,0,27078.77,timeout
2026-09-11T20:29:35.962951+00:00,0,26983.78,timeout
2026-09-11T20:29:35.885482+00:00,0,27061.77,timeout
2026-09-11T20:29:35.973840+00:00,0,26986.27,timeout
2026-09-11T20:29:35.866636+00:00,0,27094.16,timeout
2026-09-11T20:29:35.835466+00:00,0,27134.67,timeout
2026-09-11T20:29:35.866636+00:00,0,27111.03,timeout
2026-09-11T20:29:37.341081+00:00,0,25643.00,timeout
2026-09-11T20:29:37.325384+00:00,0,25662.85,timeout
2026-09-11T20:29:37.230256+00:00,0,25763.20,timeout
2026-09-11T20:29:37.389625+00:00,0,25615.14,timeout
2026-09-11T20:29:37.279759+00:00,0,25723.45,timeout
2026-09-11T20:29:37.351402+00:00,0,25664.96,timeout
2026-09-11T20:29:37.262097+00:00,0,25748.94,timeout
2026-09-11T20:29:37.279759+00:00,0,25748.32,timeout
2026-09-11T20:29:37.297767+00:00,0,25733.51,timeout
2026-09-11T20:29:37.293663+00:00,0,25746.84,timeout
2026-09-11T20:29:37.206669+00:00,0,25841.45,timeout
2026-09-11T20:29:37.240978+00:00,0,25812.52,timeout
2026-09-11T20:29:37.193646+00:00,0,25867.97,timeout
2026-09-11T20:29:37.185990+00:00,0,25879.88,timeout
2026-09-11T20:29:37.262097+00:00,0,25812.51,timeout
2026-09-11T20:29:37.315177+00:00,0,25764.29,timeout
2026-09-11T20:29:37.214273+00:00,0,25867.62,timeout
2026-09-11T20:29:37.246302+00:00,0,25844.31,timeout
2026-09-11T20:29:37.230256+00:00,0,25868.59,timeout
2026-09-11T20:29:37.262097+00:00,0,25836.69,timeout
2026-09-11T20:29:37.250174+00:00,0,25856.54,timeout
2026-09-11T20:29:37.211077+00:00,0,25904.91,timeout
2026-09-11T20:29:37.222985+00:00,0,25898.94,timeout
2026-09-11T20:29:37.143129+00:00,0,25986.13,timeout
2026-09-11T20:29:37.168853+00:00,0,25964.53,timeout
2026-09-11T20:29:37.119159+00:00,0,26014.16,timeout
2026-09-11T20:29:37.198589+00:00,0,25948.39,timeout
2026-09-11T20:29:37.182826+00:00,0,25971.24,timeout
2026-09-11T20:29:37.160120+00:00,0,25999.81,timeout
2026-09-11T20:29:37.110829+00:00,0,26055.40,timeout
2026-09-11T20:29:37.119159+00:00,0,26039.85,timeout
2026-09-11T20:29:37.138384+00:00,0,26040.20,timeout
2026-09-11T20:29:37.160120+00:00,0,26019.38,timeout
2026-09-11T20:29:37.168853+00:00,0,26015.10,timeout
2026-09-11T20:29:37.098772+00:00,0,26098.06,timeout
2026-09-11T20:29:37.150831+00:00,0,26049.42,timeout
2026-09-11T20:29:37.146306+00:00,0,26060.84,timeout
2026-09-11T20:29:37.071456+00:00,0,26137.10,timeout
2026-09-11T20:29:37.119159+00:00,0,26099.82,timeout
2026-09-11T20:29:37.063334+00:00,0,26165.03,timeout
2026-09-11T20:29:37.081031+00:00,0,26150.20,timeout
2026-09-11T20:29:37.067507+00:00,0,26172.29,timeout
2026-09-11T20:29:37.104769+00:00,0,26140.81,timeout
2026-09-11T20:29:37.071456+00:00,0,26179.18,timeout
2026-09-11T20:29:37.043516+00:00,0,26210.18,timeout
2026-09-11T20:29:37.095138+00:00,0,26170.85,timeout
2026-09-11T20:29:37.024382+00:00,0,26233.85,timeout
2026-09-11T20:29:36.644880+00:00,0,26618.93,timeout
2026-09-11T20:29:37.087478+00:00,0,26194.96,timeout
2026-09-11T20:29:37.003923+00:00,0,26284.02,timeout
2026-09-11T20:29:37.024382+00:00,0,26268.94,timeout
2026-09-11T20:29:37.055485+00:00,0,26245.45,timeout
2026-09-11T20:29:37.043516+00:00,0,26265.34,timeout
2026-09-11T20:29:37.024382+00:00,0,26282.80,timeout
2026-09-11T20:29:37.013669+00:00,0,26300.71,timeout
2026-09-11T20:29:36.971818+00:00,0,26354.88,timeout
2026-09-11T20:29:36.966326+00:00,0,26365.92,timeout
2026-09-11T20:29:37.010652+00:00,0,26329.72,timeout
2026-09-11T20:29:36.992998+00:00,0,26346.51,timeout
2026-09-11T20:29:36.983461+00:00,0,26363.51,timeout
2026-09-11T20:29:36.983461+00:00,0,26374.76,timeout
2026-09-11T20:29:36.899322+00:00,0,26462.18,timeout
2026-09-11T20:29:36.887632+00:00,0,26484.30,timeout
2026-09-11T20:29:36.978379+00:00,0,26399.09,timeout
2026-09-11T20:29:36.937842+00:00,0,26448.00,timeout
2026-09-11T20:29:36.961282+00:00,0,26426.97,timeout
2026-09-11T20:29:36.913080+00:00,0,26482.79,timeout
2026-09-11T20:29:36.871471+00:00,0,26526.53,timeout
2026-09-11T20:29:36.957654+00:00,0,26450.95,timeout
2026-09-11T20:29:36.881652+00:00,0,26534.50,timeout
2026-09-11T20:29:36.915778+00:00,0,26502.97,timeout
2026-09-11T20:29:36.844169+00:00,0,26585.42,timeout
2026-09-11T20:29:36.897317+00:00,0,26536.59,timeout
2026-09-11T20:29:36.830535+00:00,0,26611.42,timeout
2026-09-11T20:29:36.915778+00:00,0,26522.33,timeout
2026-09-11T20:29:36.992998+00:00,0,26458.01,timeout
2026-09-11T20:29:36.835381+00:00,0,26623.00,timeout
2026-09-11T20:29:36.850861+00:00,0,26615.32,timeout
2026-09-11T20:29:36.854625+00:00,0,26614.83,timeout
2026-09-11T20:29:36.871471+00:00,0,26607.53,timeout
2026-09-11T20:29:36.937842+00:00,0,26545.49,timeout
2026-09-11T20:29:36.742093+00:00,0,26752.86,timeout
2026-09-11T20:29:36.701348+00:00,0,26796.82,timeout
2026-09-11T20:29:36.822161+00:00,0,26685.13,timeout
2026-09-11T20:29:36.865709+00:00,0,26647.93,timeout
2026-09-11T20:29:36.797856+00:00,0,26720.57,timeout
2026-09-11T20:29:36.733552+00:00,0,26792.37,timeout
2026-09-11T20:29:36.928729+00:00,0,26600.05,timeout
2026-09-11T20:29:36.783547+00:00,0,26754.47,timeout
2026-09-11T20:29:36.803775+00:00,0,26738.41,timeout
2026-09-11T20:29:37.013669+00:00,0,26532.98,timeout
2026-09-11T20:29:36.813250+00:00,0,26743.55,timeout
2026-09-11T20:29:36.753357+00:00,0,26808.44,timeout
2026-09-11T20:29:36.790463+00:00,0,26777.51,timeout
2026-09-11T20:29:36.710347+00:00,0,26865.00,timeout
2026-09-11T20:29:36.725404+00:00,0,26854.90,timeout
2026-09-11T20:29:36.776705+00:00,0,26811.27,timeout
2026-09-11T20:29:36.717838+00:00,0,26873.07,timeout
2026-09-11T20:29:36.759120+00:00,0,26835.78,timeout
2026-09-11T20:29:36.681444+00:00,0,26918.78,timeout
2026-09-11T20:29:36.644880+00:00,0,26963.88,timeout
2026-09-11T20:29:36.899322+00:00,0,26709.55,timeout
2026-09-11T20:29:36.613301+00:00,0,27008.13,timeout
2026-09-11T20:29:36.681444+00:00,0,26949.77,timeout
2026-09-11T20:29:36.644880+00:00,0,26984.92,timeout
2026-09-11T20:29:36.692354+00:00,0,26951.68,timeout
2026-09-11T20:29:36.631240+00:00,0,27018.93,timeout
2026-09-11T20:29:36.676369+00:00,0,26982.36,timeout
2026-09-11T20:29:36.597339+00:00,0,27061.49,timeout
2026-09-11T20:29:36.613301+00:00,0,27050.81,timeout
2026-09-11T20:29:36.624833+00:00,0,27052.53,timeout
2026-09-11T20:29:36.710347+00:00,0,26970.90,timeout
2026-09-11T20:29:36.568173+00:00,0,27119.44,timeout
2026-09-11T20:29:36.597339+00:00,0,27101.59,timeout
2026-09-11T20:29:36.759120+00:00,0,26947.89,timeout
2026-09-11T20:29:36.589013+00:00,0,27125.80,timeout
2026-09-11T20:29:36.609951+00:00,0,27110.18,timeout
2026-09-11T20:29:36.582118+00:00,0,27144.89,timeout
2026-09-11T20:29:36.557297+00:00,0,27172.38,timeout
2026-09-11T20:29:36.692354+00:00,0,27045.81,timeout
2026-09-11T20:29:36.568173+00:00,0,27182.67,timeout
2026-09-11T20:29:36.502306+00:00,0,27253.39,timeout
2026-09-11T20:29:36.631240+00:00,0,27130.81,timeout
2026-09-11T20:29:36.642333+00:00,0,27135.82,timeout
2026-09-11T20:29:36.517212+00:00,0,27272.85,timeout
2026-09-11T20:29:36.557297+00:00,0,27241.96,timeout
2026-09-11T20:29:36.577549+00:00,0,27233.66,timeout
2026-09-11T20:29:36.538206+00:00,0,27275.08,timeout
2026-09-11T20:29:36.549562+00:00,0,27277.00,timeout
2026-09-11T20:29:36.661051+00:00,0,27167.74,timeout
2026-09-11T20:29:36.745799+00:00,0,27090.47,timeout
2026-09-11T20:29:36.549562+00:00,0,27290.86,timeout
2026-09-11T20:29:36.590575+00:00,0,27258.24,timeout
2026-09-11T20:29:36.533948+00:00,0,27324.40,timeout
2026-09-11T20:29:36.510936+00:00,0,27353.09,timeout
2026-09-11T20:29:36.522881+00:00,0,27349.30,timeout
2026-09-11T20:29:36.486504+00:00,0,27391.77,timeout
2026-09-11T20:29:36.538206+00:00,0,27345.50,timeout
2026-09-11T20:29:36.486504+00:00,0,27399.98,timeout
2026-09-11T20:29:36.527921+00:00,0,27371.49,timeout
2026-09-11T20:29:36.470843+00:00,0,27435.71,timeout
2026-09-11T20:29:36.502306+00:00,0,27412.40,timeout
2026-09-11T20:29:36.759120+00:00,0,27152.53,timeout
2026-09-11T20:29:36.419362+00:00,0,27509.85,timeout
2026-09-11T20:29:36.492966+00:00,0,27438.76,timeout
2026-09-11T20:29:36.435424+00:00,0,27503.71,timeout
2026-09-11T20:29:36.331467+00:00,0,27608.22,timeout
2026-09-11T20:29:36.456037+00:00,0,27488.31,timeout
2026-09-11T20:29:36.456037+00:00,0,27504.52,timeout
2026-09-11T20:29:36.476887+00:00,0,27490.03,timeout
2026-09-11T20:29:36.661051+00:00,0,27303.53,timeout
2026-09-11T20:29:36.946831+00:00,0,27032.69,timeout
2026-09-11T20:29:36.887632+00:00,0,27093.70,timeout
2026-09-11T20:29:36.946831+00:00,0,27039.62,timeout
2026-09-11T20:29:37.110829+00:00,0,26882.93,timeout
2026-09-11T20:29:36.476887+00:00,0,27523.81,timeout
2026-09-11T20:29:37.640526+00:00,0,26369.30,timeout
2026-09-11T20:29:37.411889+00:00,0,26604.10,timeout
2026-09-11T20:29:37.729034+00:00,0,26289.29,timeout
2026-09-11T20:29:37.988806+00:00,0,26036.53,timeout
2026-09-11T20:29:37.759289+00:00,0,26277.20,timeout
2026-09-11T20:29:37.853977+00:00,0,26188.34,timeout
2026-09-11T20:29:37.837851+00:00,0,26206.39,timeout
2026-09-11T20:29:37.972896+00:00,0,26078.30,timeout
2026-09-11T20:29:37.951671+00:00,0,26106.84,timeout
2026-09-11T20:29:37.923754+00:00,0,26141.69,timeout
2026-09-11T20:29:37.882661+00:00,0,26187.74,timeout
2026-09-11T20:29:37.894109+00:00,0,26177.49,timeout
2026-09-11T20:29:37.940827+00:00,0,26142.54,timeout
2026-09-11T20:29:37.894109+00:00,0,26195.32,timeout
2026-09-11T20:29:37.912412+00:00,0,26178.38,timeout
2026-09-11T20:29:37.931281+00:00,0,26173.02,timeout
2026-09-11T20:29:37.864778+00:00,0,26244.30,timeout
2026-09-11T20:29:37.940827+00:00,0,26167.84,timeout
2026-09-11T20:29:37.912412+00:00,0,26210.10,timeout
2026-09-11T20:29:37.908068+00:00,0,26222.55,timeout
2026-09-11T20:29:37.890357+00:00,0,26246.03,timeout
2026-09-11T20:29:37.844740+00:00,0,26295.22,timeout
2026-09-11T20:29:37.828788+00:00,0,26319.50,timeout
2026-09-11T20:29:37.876449+00:00,0,26277.80,timeout
2026-09-11T20:29:37.821258+00:00,0,26339.32,timeout
2026-09-11T20:29:37.971380+00:00,0,26198.20,timeout
2026-09-11T20:29:37.741128+00:00,0,26434.78,timeout
2026-09-11T20:29:37.818203+00:00,0,26363.85,timeout
2026-09-11T20:29:37.828788+00:00,0,26351.07,timeout
2026-09-11T20:29:37.748872+00:00,0,26445.22,timeout
2026-09-11T20:29:37.934994+00:00,0,26262.76,timeout
2026-09-11T20:29:37.763375+00:00,0,26441.14,timeout
2026-09-11T20:29:37.794772+00:00,0,26417.93,timeout
2026-09-11T20:29:37.811309+00:00,0,26407.76,timeout
2026-09-11T20:29:37.870681+00:00,0,26352.53,timeout
2026-09-11T20:29:37.786501+00:00,0,26444.98,timeout
2026-09-11T20:29:37.648881+00:00,0,26588.78,timeout
2026-09-11T20:29:37.654288+00:00,0,26588.89,timeout
2026-09-11T20:29:37.711900+00:00,0,26534.46,timeout
2026-09-11T20:29:37.691480+00:00,0,26557.91,timeout
2026-09-11T20:29:37.691480+00:00,0,26570.98,timeout
2026-09-11T20:29:37.687801+00:00,0,26583.30,timeout
2026-09-11T20:29:37.729034+00:00,0,26551.58,timeout
2026-09-11T20:29:37.582804+00:00,0,26694.27,timeout
2026-09-11T20:29:37.719533+00:00,0,26573.77,timeout
2026-09-11T20:29:37.708685+00:00,0,26594.15,timeout
2026-09-11T20:29:37.635336+00:00,0,26673.11,timeout
2026-09-11T20:29:37.656872+00:00,0,26655.01,timeout
2026-09-11T20:29:37.674014+00:00,0,26643.17,timeout
2026-09-11T20:29:37.776534+00:00,0,26552.20,timeout
2026-09-11T20:29:37.803771+00:00,0,26531.16,timeout
2026-09-11T20:29:37.674014+00:00,0,26656.07,timeout
2026-09-11T20:29:37.665158+00:00,0,26680.58,timeout
2026-09-11T20:29:37.594961+00:00,0,26754.78,timeout
2026-09-11T20:29:37.616770+00:00,0,26742.11,timeout
2026-09-11T20:29:37.510158+00:00,0,26856.54,timeout
2026-09-11T20:29:37.611993+00:00,0,26760.03,timeout
2026-09-11T20:29:37.599568+00:00,0,26772.96,timeout
2026-09-11T20:29:37.582804+00:00,0,26796.82,timeout
2026-09-11T20:29:37.563418+00:00,0,26819.94,timeout
2026-09-11T20:29:37.629116+00:00,0,26763.48,timeout
2026-09-11T20:29:37.672504+00:00,0,26725.68,timeout
2026-09-11T20:29:37.502261+00:00,0,26900.70,timeout
2026-09-11T20:29:37.563418+00:00,0,26833.25,timeout
2026-09-11T20:29:37.523785+00:00,0,26887.92,timeout
2026-09-11T20:29:37.579765+00:00,0,26836.21,timeout
2026-09-11T20:29:37.529313+00:00,0,26883.38,timeout
2026-09-11T20:29:37.464732+00:00,0,26962.85,timeout
2026-09-11T20:29:37.561907+00:00,0,26870.05,timeout
2026-09-11T20:29:37.545277+00:00,0,26886.84,timeout
2026-09-11T20:29:37.483783+00:00,0,26954.71,timeout
2026-09-11T20:29:37.541317+00:00,0,26902.10,timeout
2026-09-11T20:29:37.435560+00:00,0,27015.52,timeout
2026-09-11T20:29:37.479735+00:00,0,26976.76,timeout
2026-09-11T20:29:37.529313+00:00,0,26929.09,timeout
2026-09-11T20:29:37.517074+00:00,0,26948.05,timeout
2026-09-11T20:29:37.426914+00:00,0,27040.13,timeout
2026-09-11T20:29:37.483783+00:00,0,26980.80,timeout
2026-09-11T20:29:37.420558+00:00,0,27056.02,timeout
2026-09-11T20:29:37.472648+00:00,0,27010.98,timeout
2026-09-11T20:29:37.453878+00:00,0,27034.74,timeout
2026-09-11T20:29:37.624613+00:00,0,26868.78,timeout
2026-09-11T20:29:37.443216+00:00,0,27054.53,timeout
2026-09-11T20:29:37.332791+00:00,0,27164.23,timeout
2026-09-11T20:29:37.379364+00:00,0,27122.53,timeout
2026-09-11T20:29:37.373530+00:00,0,27133.51,timeout
2026-09-11T20:29:37.545277+00:00,0,26959.69,timeout
2026-09-11T20:29:37.369701+00:00,0,27150.17,timeout
2026-09-11T20:29:37.315177+00:00,0,27201.32,timeout
2026-09-11T20:29:37.358552+00:00,0,27168.12,timeout
2026-09-11T20:29:37.309364+00:00,0,27224.64,timeout
2026-09-11T20:29:37.404757+00:00,0,27132.57,timeout
2026-09-11T20:29:37.394783+00:00,0,27145.67,timeout
2026-09-11T20:29:38.431448+00:00,0,26116.29,timeout
2026-09-11T20:29:38.226280+00:00,0,26321.78,timeout
2026-09-11T20:29:38.199331+00:00,0,26353.22,timeout
2026-09-11T20:29:38.515751+00:00,0,26043.60,timeout
2026-09-11T20:29:38.561740+00:00,0,26004.11,timeout
2026-09-11T20:29:38.601316+00:00,0,25965.00,timeout
2026-09-11T20:29:38.601316+00:00,0,25974.13,timeout
2026-09-11T20:29:38.544715+00:00,0,26030.28,timeout
2026-09-11T20:29:38.593617+00:00,0,25989.77,timeout
2026-09-11T20:29:38.577312+00:00,0,26008.68,timeout
2026-09-11T20:29:38.583434+00:00,0,26005.00,timeout
2026-09-11T20:29:38.567333+00:00,0,26025.78,timeout
2026-09-11T20:29:38.528880+00:00,0,26073.56,timeout
2026-09-11T20:29:38.471809+00:00,0,26134.69,timeout
2026-09-11T20:29:38.539972+00:00,0,26071.55,timeout
2026-09-11T20:29:38.506194+00:00,0,26109.74,timeout
2026-09-11T20:29:38.483869+00:00,0,26136.51,timeout
2026-09-11T20:29:38.494455+00:00,0,26130.29,timeout
2026-09-11T20:29:38.441541+00:00,0,26188.05,timeout
2026-09-11T20:29:38.373971+00:00,0,26254.40,timeout
2026-09-11T20:29:38.451117+00:00,0,26187.00,timeout
2026-09-11T20:29:38.400781+00:00,0,26242.27,timeout
2026-09-11T20:29:38.389814+00:00,0,26258.02,timeout
2026-09-11T20:29:38.420149+00:00,0,26232.39,timeout
2026-09-11T20:29:38.410387+00:00,0,26246.69,timeout
2026-09-11T20:29:38.360057+00:00,0,26301.25,timeout
2026-09-11T20:29:38.369232+00:00,0,26296.59,timeout
2026-09-11T20:29:38.319509+00:00,0,26349.03,timeout
2026-09-11T20:29:38.350279+00:00,0,26322.67,timeout
2026-09-11T20:29:38.329742+00:00,0,26351.08,timeout
2026-09-11T20:29:38.312648+00:00,0,26378.20,timeout
2026-09-11T20:29:38.293814+00:00,0,26402.50,timeout
2026-09-11T20:29:38.344825+00:00,0,26365.07,timeout
2026-09-11T20:29:38.287310+00:00,0,26425.19,timeout
2026-09-11T20:29:38.235384+00:00,0,26489.48,timeout
2026-09-11T20:29:38.276156+00:00,0,26444.31,timeout
2026-09-11T20:29:38.211715+00:00,0,26521.16,timeout
2026-09-11T20:29:38.303387+00:00,0,26435.94,timeout
2026-09-11T20:29:38.255266+00:00,0,26480.83,timeout
2026-09-11T20:29:38.239496+00:00,0,26507.41,timeout
2026-09-11T20:29:38.271259+00:00,0,26478.52,timeout
2026-09-11T20:29:38.276156+00:00,0,26477.65,timeout
2026-09-11T20:29:38.255266+00:00,0,26493.73,timeout
2026-09-11T20:29:38.243808+00:00,0,26520.32,timeout
2026-09-11T20:29:38.255266+00:00,0,26513.98,timeout
2026-09-11T20:29:38.243808+00:00,0,26524.22,timeout
2026-09-11T20:29:38.223774+00:00,0,26556.33,timeout
2026-09-11T20:29:38.161068+00:00,0,26611.59,timeout
2026-09-11T20:29:38.065361+00:00,0,26720.68,timeout
2026-09-11T20:29:38.183739+00:00,0,26613.35,timeout
2026-09-11T20:29:38.144446+00:00,0,26653.13,timeout
2026-09-11T20:29:38.192741+00:00,0,26621.81,timeout
2026-09-11T20:29:38.215762+00:00,0,26603.18,timeout
2026-09-11T20:29:38.129347+00:00,0,26695.48,timeout
2026-09-11T20:29:38.161068+00:00,0,26675.87,timeout
2026-09-11T20:29:38.208123+00:00,0,26638.30,timeout
2026-09-11T20:29:38.337913+00:00,0,26518.47,timeout
2026-09-11T20:29:38.180531+00:00,0,26684.23,timeout
2026-09-11T20:29:38.119342+00:00,0,26748.24,timeout
2026-09-11T20:29:38.096701+00:00,0,26785.13,timeout
2026-09-11T20:29:38.054052+00:00,0,26837.56,timeout
2026-09-11T20:29:38.144446+00:00,0,26758.69,timeout
2026-09-11T20:29:38.112742+00:00,0,26795.52,timeout
2026-09-11T20:29:38.081053+00:00,0,26839.72,timeout
2026-09-11T20:29:38.161068+00:00,0,26759.97,timeout
2026-09-11T20:29:38.083059+00:00,0,26844.92,timeout
2026-09-11T20:29:37.980254+00:00,0,26956.81,timeout
2026-09-11T20:29:37.860557+00:00,0,27083.32,timeout
2026-09-11T20:29:38.197772+00:00,0,26750.33,timeout
2026-09-11T20:29:38.018282+00:00,0,26930.81,timeout
2026-09-11T20:29:37.998010+00:00,0,26959.05,timeout
2026-09-11T20:29:37.959447+00:00,0,26999.61,timeout
2026-09-11T20:29:38.101039+00:00,0,26862.71,timeout
2026-09-11T20:29:38.025138+00:00,0,26944.17,timeout
2026-09-11T20:29:37.987291+00:00,0,26991.12,timeout
2026-09-11T20:29:38.014442+00:00,0,26967.91,timeout
2026-09-11T20:29:38.006233+00:00,0,26977.73,timeout
2026-09-11T20:29:38.002624+00:00,0,26987.78,timeout
2026-09-11T20:29:38.054052+00:00,0,26933.14,timeout
2026-09-11T20:29:38.045508+00:00,0,26954.30,timeout
2026-09-11T20:29:37.959447+00:00,0,27045.64,timeout
2026-09-11T20:29:38.037852+00:00,0,26972.06,timeout
2026-09-11T20:29:39.318075+00:00,0,25697.25,timeout
2026-09-11T20:29:39.575657+00:00,0,25444.20,timeout
2026-09-11T20:29:39.559952+00:00,0,25464.45,timeout
2026-09-11T20:29:39.512428+00:00,0,25510.24,timeout
2026-09-11T20:29:39.546040+00:00,0,25482.28,timeout
2026-09-11T20:29:39.529695+00:00,0,25495.88,timeout
2026-09-11T20:29:39.529695+00:00,0,25509.55,timeout
2026-09-11T20:29:39.462292+00:00,0,25584.27,timeout
2026-09-11T20:29:39.472598+00:00,0,25574.45,timeout
2026-09-11T20:29:39.525590+00:00,0,25528.32,timeout
2026-09-11T20:29:39.481294+00:00,0,25574.50,timeout
2026-09-11T20:29:39.505239+00:00,0,25556.06,timeout
2026-09-11T20:29:39.449881+00:00,0,25615.38,timeout
2026-09-11T20:29:39.362395+00:00,0,25707.07,timeout
2026-09-11T20:29:39.497074+00:00,0,25578.74,timeout
2026-09-11T20:29:39.489271+00:00,0,25587.70,timeout
2026-09-11T20:29:39.466221+00:00,0,25620.48,timeout
2026-09-11T20:29:39.497074+00:00,0,25587.50,timeout
2026-09-11T20:29:39.439223+00:00,0,25651.49,timeout
2026-09-11T20:29:39.472598+00:00,0,25628.01,timeout
2026-09-11T20:29:39.423934+00:00,0,25681.24,timeout
2026-09-11T20:29:39.457690+00:00,0,25651.34,timeout
2026-09-11T20:29:39.439223+00:00,0,25665.19,timeout
2026-09-11T20:29:39.371866+00:00,0,25743.39,timeout
2026-09-11T20:29:39.439223+00:00,0,25682.55,timeout
2026-09-11T20:29:39.434227+00:00,0,25690.86,timeout
2026-09-11T20:29:39.427823+00:00,0,25699.36,timeout
2026-09-11T20:29:39.411868+00:00,0,25724.74,timeout
2026-09-11T20:29:39.419225+00:00,0,25721.87,timeout
2026-09-11T20:29:39.387779+00:00,0,25749.29,timeout
2026-09-11T20:29:39.427823+00:00,0,25721.20,timeout
2026-09-11T20:29:39.347867+00:00,0,25806.67,timeout
2026-09-11T20:29:39.382355+00:00,0,25776.77,timeout
2026-09-11T20:29:39.387779+00:00,0,25772.46,timeout
2026-09-11T20:29:39.387779+00:00,0,25781.27,timeout
2026-09-11T20:29:39.371866+00:00,0,25794.00,timeout
2026-09-11T20:29:39.362395+00:00,0,25806.71,timeout
2026-09-11T20:29:39.343928+00:00,0,25838.47,timeout
2026-09-11T20:29:39.357834+00:00,0,25829.06,timeout
2026-09-11T20:29:39.327654+00:00,0,25851.97,timeout
2026-09-11T20:29:39.362395+00:00,0,25833.35,timeout
2026-09-11T20:29:39.312318+00:00,0,25886.56,timeout
2026-09-11T20:29:39.290220+00:00,0,25913.03,timeout
2026-09-11T20:29:39.292226+00:00,0,25908.83,timeout
2026-09-11T20:29:39.324242+00:00,0,25887.26,timeout
2026-09-11T20:29:39.327654+00:00,0,25887.79,timeout
2026-09-11T20:29:39.318075+00:00,0,25901.02,timeout
2026-09-11T20:29:39.292226+00:00,0,25923.10,timeout
2026-09-11T20:29:39.327654+00:00,0,25897.02,timeout
2026-09-11T20:29:39.292226+00:00,0,25940.27,timeout
2026-09-11T20:29:39.262198+00:00,0,25974.34,timeout
2026-09-11T20:29:39.279734+00:00,0,25966.05,timeout
2026-09-11T20:29:39.262198+00:00,0,25979.12,timeout
2026-09-11T20:29:39.279734+00:00,0,25966.99,timeout
2026-09-11T20:29:39.279734+00:00,0,25975.34,timeout
2026-09-11T20:29:39.262198+00:00,0,26001.15,timeout
2026-09-11T20:29:39.253484+00:00,0,26014.83,timeout
2026-09-11T20:29:39.347867+00:00,0,25919.72,timeout
2026-09-11T20:29:39.237302+00:00,0,26039.67,timeout
2026-09-11T20:29:39.272252+00:00,0,26006.20,timeout
2026-09-11T20:29:39.256083+00:00,0,26027.81,timeout
2026-09-11T20:29:39.242030+00:00,0,26047.41,timeout
2026-09-11T20:29:39.231027+00:00,0,26063.80,timeout
2026-09-11T20:29:39.220951+00:00,0,26078.14,timeout
2026-09-11T20:29:39.203370+00:00,0,26098.96,timeout
2026-09-11T20:29:39.248239+00:00,0,26059.85,timeout
2026-09-11T20:29:39.308300+00:00,0,26007.26,timeout
2026-09-11T20:29:39.198216+00:00,0,26120.47,timeout
2026-09-11T20:29:39.405052+00:00,0,25919.26,timeout
2026-09-11T20:29:39.212218+00:00,0,26116.32,timeout
2026-09-11T20:29:39.205890+00:00,0,26124.15,timeout
2026-09-11T20:29:39.182838+00:00,0,26149.57,timeout
2026-09-11T20:29:39.188529+00:00,0,26149.40,timeout
2026-09-11T20:29:39.182838+00:00,0,26161.69,timeout
2026-09-11T20:29:39.171630+00:00,0,26169.53,timeout
2026-09-11T20:29:39.167585+00:00,0,26182.37,timeout
2026-09-11T20:29:39.171630+00:00,0,26181.36,timeout
2026-09-11T20:29:39.161400+00:00,0,26196.68,timeout
2026-09-11T20:29:39.158682+00:00,0,26204.60,timeout
2026-09-11T20:29:38.747862+00:00,0,26618.97,timeout
2026-09-11T20:29:39.151908+00:00,0,26217.80,timeout
2026-09-11T20:29:39.120073+00:00,0,26255.30,timeout
2026-09-11T20:29:38.756159+00:00,0,26622.34,timeout
2026-09-11T20:29:39.188529+00:00,0,26187.36,timeout
2026-09-11T20:29:39.134962+00:00,0,26250.91,timeout
2026-09-11T20:29:39.387779+00:00,0,25990.68,timeout
2026-09-11T20:29:39.830701+00:00,0,25561.46,timeout
2026-09-11T20:29:39.665582+00:00,0,25729.17,timeout
2026-09-11T20:29:39.878104+00:00,0,25509.21,timeout
2026-09-11T20:29:39.582759+00:00,0,25823.30,timeout
2026-09-11T20:29:39.489271+00:00,0,25919.31,timeout
2026-09-11T20:29:39.893774+00:00,0,25512.03,timeout
2026-09-11T20:29:39.783695+00:00,0,25631.18,timeout
2026-09-11T20:29:39.661070+00:00,0,25757.74,timeout
2026-09-11T20:29:39.614948+00:00,0,25808.40,timeout
2026-09-11T20:29:39.993922+00:00,0,25430.20,timeout
2026-09-11T20:29:39.989283+00:00,0,25442.49,timeout
2026-09-11T20:29:40.035831+00:00,0,25392.84,timeout
2026-09-11T20:29:40.020347+00:00,0,25411.40,timeout
2026-09-11T20:29:39.961839+00:00,0,25474.80,timeout
2026-09-11T20:29:39.993922+00:00,0,25452.84,timeout
2026-09-11T20:29:39.993922+00:00,0,25450.97,timeout
2026-09-11T20:29:40.017619+00:00,0,25438.39,timeout
2026-09-11T20:29:39.973352+00:00,0,25481.38,timeout
2026-09-11T20:29:40.010250+00:00,0,25453.09,timeout
2026-09-11T20:29:39.961839+00:00,0,25503.35,timeout
2026-09-11T20:29:39.961839+00:00,0,25498.62,timeout
2026-09-11T20:29:39.983639+00:00,0,25488.06,timeout
2026-09-11T20:29:39.961839+00:00,0,25511.53,timeout
2026-09-11T20:29:39.940843+00:00,0,25531.05,timeout
2026-09-11T20:29:39.956794+00:00,0,25530.51,timeout
2026-09-11T20:29:39.973352+00:00,0,25516.07,timeout
2026-09-11T20:29:39.913062+00:00,0,25579.73,timeout
2026-09-11T20:29:39.973352+00:00,0,25517.99,timeout
2026-09-11T20:29:39.913062+00:00,0,25582.83,timeout
2026-09-11T20:29:39.940843+00:00,0,25564.18,timeout
2026-09-11T20:29:39.940843+00:00,0,25562.43,timeout
2026-09-11T20:29:39.878104+00:00,0,25627.08,timeout
2026-09-11T20:29:39.957803+00:00,0,25557.11,timeout
2026-09-11T20:29:39.878104+00:00,0,25632.03,timeout
2026-09-11T20:29:39.893774+00:00,0,25619.65,timeout
2026-09-11T20:29:39.878104+00:00,0,25644.73,timeout
2026-09-11T20:29:39.878104+00:00,0,25654.20,timeout
2026-09-11T20:29:39.862436+00:00,0,25660.75,timeout
2026-09-11T20:29:39.862436+00:00,0,25672.44,timeout
2026-09-11T20:29:39.862436+00:00,0,25673.53,timeout
2026-09-11T20:29:39.846671+00:00,0,25700.33,timeout
2026-09-11T20:29:39.862436+00:00,0,25690.64,timeout
2026-09-11T20:29:39.983639+00:00,0,25576.53,timeout
2026-09-11T20:29:39.830701+00:00,0,25727.54,timeout
2026-09-11T20:29:39.814977+00:00,0,25739.45,timeout
2026-09-11T20:29:39.830701+00:00,0,25737.29,timeout
2026-09-11T20:29:39.830701+00:00,0,25732.85,timeout
2026-09-11T20:29:39.846671+00:00,0,25725.70,timeout
2026-09-11T20:29:39.830701+00:00,0,25737.29,timeout
2026-09-11T20:29:39.830701+00:00,0,25745.98,timeout
2026-09-11T20:29:39.814977+00:00,0,25765.61,timeout
2026-09-11T20:29:39.783695+00:00,0,25797.46,timeout
2026-09-11T20:29:39.806574+00:00,0,25789.78,timeout
2026-09-11T20:29:39.804843+00:00,0,25796.20,timeout
2026-09-11T20:29:39.814977+00:00,0,25788.62,timeout
2026-09-11T20:29:39.814977+00:00,0,25780.62,timeout
2026-09-11T20:29:39.783695+00:00,0,25817.72,timeout
2026-09-11T20:29:39.814977+00:00,0,25795.97,timeout
2026-09-11T20:29:39.783152+00:00,0,25835.04,timeout
2026-09-11T20:29:39.862436+00:00,0,25748.04,timeout
2026-09-11T20:29:39.799267+00:00,0,25826.17,timeout
2026-09-11T20:29:39.783695+00:00,0,25837.70,timeout
2026-09-11T20:29:39.812952+00:00,0,25819.51,timeout
2026-09-11T20:29:39.719187+00:00,0,25913.25,timeout
2026-09-11T20:29:39.856562+00:00,0,25779.57,timeout
2026-09-11T20:29:39.930711+00:00,0,25712.16,timeout
2026-09-11T20:29:39.712680+00:00,0,25932.47,timeout
2026-09-11T20:29:39.735332+00:00,0,25910.26,timeout
2026-09-11T20:29:39.735332+00:00,0,25916.37,timeout
2026-09-11T20:29:39.727014+00:00,0,25923.00,timeout
2026-09-11T20:29:39.727014+00:00,0,25932.24,timeout
2026-09-11T20:29:39.937123+00:00,0,25727.26,timeout
2026-09-11T20:29:39.719187+00:00,0,25941.76,timeout
2026-09-11T20:29:39.674611+00:00,0,25996.32,timeout
2026-09-11T20:29:39.735332+00:00,0,25927.12,timeout
2026-09-11T20:29:39.608914+00:00,0,26067.70,timeout
2026-09-11T20:29:39.727014+00:00,0,25950.51,timeout
2026-09-11T20:29:39.735332+00:00,0,25940.23,timeout
2026-09-11T20:29:39.783695+00:00,0,25900.07,timeout
2026-09-11T20:29:39.719187+00:00,0,25972.21,timeout
2026-09-11T20:29:39.703162+00:00,0,25985.97,timeout
2026-09-11T20:29:39.767448+00:00,0,25918.55,timeout
2026-09-11T20:29:39.767448+00:00,0,25924.61,timeout
2026-09-11T20:29:39.692319+00:00,0,26013.43,timeout
2026-09-11T20:29:39.761333+00:00,0,25945.64,timeout
2026-09-11T20:29:39.712680+00:00,0,25996.06,timeout
2026-09-11T20:29:39.751167+00:00,0,25960.70,timeout
2026-09-11T20:29:39.603621+00:00,0,26116.45,timeout
2026-09-11T20:29:39.735332+00:00,0,25982.60,timeout
2026-09-11T20:29:39.766870+00:00,0,25961.38,timeout
2026-09-11T20:29:39.761333+00:00,0,25971.37,timeout
2026-09-11T20:29:39.735332+00:00,0,25985.42,timeout
2026-09-11T20:29:39.751167+00:00,0,25980.22,timeout
2026-09-11T20:29:39.634732+00:00,0,26104.32,timeout
2026-09-11T20:29:39.567092+00:00,0,26174.36,timeout
2026-09-11T20:29:39.481294+00:00,0,26266.38,timeout
2026-09-11T20:29:39.561469+00:00,0,26185.37,timeout
2026-09-11T20:29:39.546040+00:00,0,26198.44,timeout
2026-09-11T20:29:39.546040+00:00,0,26210.28,timeout
2026-09-11T20:29:39.586202+00:00,0,26170.17,timeout
2026-09-11T20:29:39.592299+00:00,0,26166.08,timeout
2026-09-11T20:29:39.751167+00:00,0,26012.17,timeout
2026-09-11T20:29:39.909437+00:00,0,25857.74,timeout
2026-09-11T20:29:39.529695+00:00,0,26233.54,timeout
2026-09-11T20:29:39.703162+00:00,0,26069.56,timeout
2026-09-11T20:29:39.893774+00:00,0,25880.60,timeout
2026-09-11T20:29:39.862436+00:00,0,25917.17,timeout
2026-09-11T20:29:39.521388+00:00,0,26259.57,timeout
2026-09-11T20:29:39.684287+00:00,0,26100.62,timeout
2026-09-11T20:29:39.512428+00:00,0,26275.19,timeout
2026-09-11T20:29:39.767448+00:00,0,26016.61,timeout
2026-09-11T20:29:39.846671+00:00,0,25945.61,timeout
2026-09-11T20:29:39.645368+00:00,0,26147.78,timeout
2026-09-11T20:29:39.655134+00:00,0,26144.40,timeout
2026-09-11T20:29:39.639449+00:00,0,26160.46,timeout
2026-09-11T20:29:39.814977+00:00,0,25984.86,timeout
2026-09-11T20:29:39.799267+00:00,0,26007.60,timeout
2026-09-11T20:29:39.767448+00:00,0,26040.09,timeout
2026-09-11T20:29:39.631411+00:00,0,26183.30,timeout
2026-09-11T20:29:39.692319+00:00,0,26119.56,timeout
2026-09-11T20:29:39.625751+00:00,0,26194.48,timeout
2026-09-11T20:29:39.806574+00:00,0,26014.25,timeout
2026-09-11T20:29:39.913062+00:00,0,25902.50,timeout
2026-09-11T20:29:40.352637+00:00,0,25468.76,timeout
2026-09-11T20:29:40.321193+00:00,0,25512.27,timeout
2026-09-11T20:29:40.274209+00:00,0,25558.99,timeout
2026-09-11T20:29:40.362472+00:00,0,25474.73,timeout
2026-09-11T20:29:40.384851+00:00,0,25454.55,timeout
2026-09-11T20:29:40.384851+00:00,0,25454.69,timeout
2026-09-11T20:29:40.376440+00:00,0,25471.83,timeout
2026-09-11T20:29:40.368773+00:00,0,25480.95,timeout
2026-09-11T20:29:40.384851+00:00,0,25458.31,timeout
2026-09-11T20:29:40.379078+00:00,0,25477.71,timeout
2026-09-11T20:29:40.373275+00:00,0,25486.56,timeout
2026-09-11T20:29:40.336860+00:00,0,25512.13,timeout
2026-09-11T20:29:40.382250+00:00,0,25483.77,timeout
2026-09-11T20:29:40.336860+00:00,0,25530.43,timeout
2026-09-11T20:29:40.336860+00:00,0,25527.80,timeout
2026-09-11T20:29:40.352637+00:00,0,25515.38,timeout
2026-09-11T20:29:40.321193+00:00,0,25544.65,timeout
2026-09-11T20:29:40.321193+00:00,0,25555.81,timeout
2026-09-11T20:29:40.336860+00:00,0,25536.76,timeout
2026-09-11T20:29:40.313359+00:00,0,25567.62,timeout
2026-09-11T20:29:40.321193+00:00,0,25555.36,timeout
2026-09-11T20:29:40.336860+00:00,0,25552.40,timeout
2026-09-11T20:29:40.289860+00:00,0,25594.59,timeout
2026-09-11T20:29:40.352637+00:00,0,25543.14,timeout
2026-09-11T20:29:40.305526+00:00,0,25589.24,timeout
2026-09-11T20:29:40.321193+00:00,0,25578.06,timeout
2026-09-11T20:29:40.321193+00:00,0,25578.20,timeout
2026-09-11T20:29:40.274209+00:00,0,25623.30,timeout
2026-09-11T20:29:40.313359+00:00,0,25599.97,timeout
2026-09-11T20:29:40.305526+00:00,0,25609.66,timeout
2026-09-11T20:29:40.289860+00:00,0,25628.01,timeout
2026-09-11T20:29:40.184193+00:00,0,25736.56,timeout
2026-09-11T20:29:40.274209+00:00,0,25653.67,timeout
2026-09-11T20:29:40.289860+00:00,0,25644.63,timeout
2026-09-11T20:29:40.305526+00:00,0,25635.97,timeout
2026-09-11T20:29:40.289860+00:00,0,25644.26,timeout
2026-09-11T20:29:40.274209+00:00,0,25671.44,timeout
2026-09-11T20:29:40.274209+00:00,0,25674.31,timeout
2026-09-11T20:29:40.289860+00:00,0,25665.84,timeout
2026-09-11T20:29:40.289860+00:00,0,25679.65,timeout
2026-09-11T20:29:40.242455+00:00,0,25724.16,timeout
2026-09-11T20:29:40.258134+00:00,0,25710.89,timeout
2026-09-11T20:29:40.258134+00:00,0,25722.39,timeout
2026-09-11T20:29:40.242455+00:00,0,25750.05,timeout
2026-09-11T20:29:40.274209+00:00,0,25725.38,timeout
2026-09-11T20:29:40.242455+00:00,0,25759.04,timeout
2026-09-11T20:29:40.242455+00:00,0,25767.90,timeout
2026-09-11T20:29:40.258134+00:00,0,25762.28,timeout
2026-09-11T20:29:40.258134+00:00,0,25758.01,timeout
2026-09-11T20:29:40.242455+00:00,0,25775.19,timeout
2026-09-11T20:29:40.210759+00:00,0,25822.38,timeout
2026-09-11T20:29:40.213352+00:00,0,25815.15,timeout
2026-09-11T20:29:40.227143+00:00,0,25802.63,timeout
2026-09-11T20:29:40.227143+00:00,0,25803.56,timeout
2026-09-11T20:29:40.227143+00:00,0,25812.28,timeout
2026-09-11T20:29:40.227143+00:00,0,25823.32,timeout
2026-09-11T20:29:40.227143+00:00,0,25821.26,timeout
2026-09-11T20:29:40.227143+00:00,0,25827.24,timeout
2026-09-11T20:29:40.195350+00:00,0,25866.03,timeout
2026-09-11T20:29:40.213352+00:00,0,25843.67,timeout
2026-09-11T20:29:40.213352+00:00,0,25840.35,timeout
2026-09-11T20:29:40.195350+00:00,0,25867.44,timeout
2026-09-11T20:29:40.206121+00:00,0,25864.40,timeout
2026-09-11T20:29:40.195350+00:00,0,25869.30,timeout
2026-09-11T20:29:40.184193+00:00,0,25890.33,timeout
2026-09-11T20:29:40.067689+00:00,0,26008.54,timeout
2026-09-11T20:29:40.179114+00:00,0,25897.42,timeout
2026-09-11T20:29:40.195350+00:00,0,25883.30,timeout
2026-09-11T20:29:40.147219+00:00,0,25934.79,timeout
2026-09-11T20:29:40.184193+00:00,0,25898.68,timeout
2026-09-11T20:29:40.184193+00:00,0,25898.15,timeout
2026-09-11T20:29:40.160047+00:00,0,25930.21,timeout
2026-09-11T20:29:40.163679+00:00,0,25924.25,timeout
2026-09-11T20:29:40.067689+00:00,0,26014.00,timeout
2026-09-11T20:29:40.163679+00:00,0,25931.13,timeout
2026-09-11T20:29:40.163679+00:00,0,25922.51,timeout
2026-09-11T20:29:40.147219+00:00,0,25949.25,timeout
2026-09-11T20:29:40.162089+00:00,0,25940.58,timeout
2026-09-11T20:29:40.147219+00:00,0,25948.31,timeout
2026-09-11T20:29:40.147219+00:00,0,25953.02,timeout
2026-09-11T20:29:40.131447+00:00,0,25969.91,timeout
2026-09-11T20:29:40.131447+00:00,0,25974.84,timeout
2026-09-11T20:29:40.163679+00:00,0,25943.20,timeout
2026-09-11T20:29:40.131447+00:00,0,25973.29,timeout
2026-09-11T20:29:40.131447+00:00,0,25972.74,timeout
2026-09-11T20:29:40.115438+00:00,0,25994.73,timeout
2026-09-11T20:29:40.131447+00:00,0,25991.29,timeout
2026-09-11T20:29:40.131447+00:00,0,25990.41,timeout
2026-09-11T20:29:40.115438+00:00,0,26006.85,timeout
2026-09-11T20:29:40.083690+00:00,0,26030.18,timeout
2026-09-11T20:29:40.115438+00:00,0,26014.31,timeout
2026-09-11T20:29:40.083690+00:00,0,26037.70,timeout
2026-09-11T20:29:40.083690+00:00,0,26045.89,timeout
2026-09-11T20:29:40.099612+00:00,0,26027.13,timeout
2026-09-11T20:29:40.083690+00:00,0,26047.18,timeout
2026-09-11T20:29:40.113412+00:00,0,26028.47,timeout
2026-09-11T20:29:40.099612+00:00,0,26042.30,timeout
2026-09-11T20:29:40.067689+00:00,0,26062.68,timeout
2026-09-11T20:29:40.067689+00:00,0,26070.70,timeout
2026-09-11T20:29:40.067689+00:00,0,26075.89,timeout
2026-09-11T20:29:40.020347+00:00,0,26117.01,timeout
2026-09-11T20:29:40.067689+00:00,0,26082.89,timeout
2026-09-11T20:29:40.020347+00:00,0,26124.34,timeout
2026-09-11T20:29:40.051556+00:00,0,26093.44,timeout
2026-09-11T20:29:40.020347+00:00,0,26134.65,timeout
2026-09-11T20:29:40.020347+00:00,0,26140.84,timeout
2026-09-11T20:29:40.035831+00:00,0,26115.87,timeout
2026-09-11T20:29:40.004452+00:00,0,26163.38,timeout
2026-09-11T20:29:40.051556+00:00,0,26114.02,timeout
2026-09-11T20:29:40.035831+00:00,0,26125.33,timeout
2026-09-11T20:29:40.115438+00:00,0,26052.08,timeout
2026-09-11T20:29:40.051556+00:00,0,26117.39,timeout
2026-09-11T20:29:39.989283+00:00,0,26186.51,timeout
2026-09-11T20:29:40.163679+00:00,0,26008.07,timeout
2026-09-11T20:29:40.051556+00:00,0,26121.10,timeout
2026-09-11T20:29:40.014437+00:00,0,26171.19,timeout
2026-09-11T20:29:40.051556+00:00,0,26134.42,timeout
2026-09-11T20:29:40.384851+00:00,0,25796.74,timeout
2026-09-11T20:29:40.352637+00:00,0,25838.48,timeout
2026-09-11T20:29:40.213352+00:00,0,25976.74,timeout
2026-09-11T20:29:40.213352+00:00,0,25981.89,timeout
2026-09-11T20:29:40.163679+00:00,0,26020.06,timeout
2026-09-11T20:29:40.099612+00:00,0,26093.77,timeout
2026-09-11T20:29:40.083690+00:00,0,26116.47,timeout
2026-09-11T20:29:40.099612+00:00,0,26100.88,timeout
2026-09-11T20:29:40.115438+00:00,0,26079.03,timeout
2026-09-11T20:29:40.366604+00:00,0,25842.38,timeout
2026-09-11T20:29:40.479568+00:00,0,25728.83,timeout
2026-09-11T20:29:40.447155+00:00,0,25754.43,timeout
2026-09-11T20:29:40.495052+00:00,0,25719.77,timeout
2026-09-11T20:29:40.438937+00:00,0,25779.54,timeout
2026-09-11T20:29:40.463402+00:00,0,25743.79,timeout
2026-09-11T20:29:40.411894+00:00,0,25812.57,timeout
2026-09-11T20:29:40.447155+00:00,0,25769.83,timeout
2026-09-11T20:29:40.614772+00:00,0,25613.80,timeout
2026-09-11T20:29:40.447155+00:00,0,25777.73,timeout
2026-09-11T20:29:40.407197+00:00,0,25825.85,timeout
2026-09-11T20:29:40.384851+00:00,0,25836.83,timeout
2026-09-11T20:29:40.463402+00:00,0,25763.99,timeout
2026-09-11T20:29:40.447155+00:00,0,25789.59,timeout
2026-09-11T20:29:40.429527+00:00,0,25812.46,timeout
2026-09-11T20:29:40.462894+00:00,0,25781.06,timeout
2026-09-11T20:29:40.495052+00:00,0,25745.19,timeout
2026-09-11T20:29:40.463402+00:00,0,25779.78,timeout
2026-09-11T20:29:40.420564+00:00,0,25830.09,timeout
2026-09-11T20:29:40.442598+00:00,0,25809.79,timeout
2026-09-11T20:29:40.400313+00:00,0,25850.22,timeout
2026-09-11T20:29:40.384851+00:00,0,25871.87,timeout
2026-09-11T20:29:40.906558+00:00,0,25348.91,timeout
2026-09-11T20:29:40.747598+00:00,0,25508.84,timeout
2026-09-11T20:29:40.859109+00:00,0,25401.47,timeout
2026-09-11T20:29:40.809323+00:00,0,25456.79,timeout
2026-09-11T20:29:40.814154+00:00,0,25445.16,timeout
2026-09-11T20:29:40.668421+00:00,0,25587.09,timeout
2026-09-11T20:29:40.621770+00:00,0,25648.84,timeout
2026-09-11T20:29:40.590414+00:00,0,25678.86,timeout
2026-09-11T20:29:40.727612+00:00,0,25547.33,timeout
2026-09-11T20:29:40.590414+00:00,0,25686.00,timeout
2026-09-11T20:29:40.731855+00:00,0,25534.71,timeout
2026-09-11T20:29:40.542433+00:00,0,25730.57,timeout
2026-09-11T20:29:40.637277+00:00,0,25648.72,timeout
2026-09-11T20:29:40.684128+00:00,0,25589.03,timeout
2026-09-11T20:29:40.542433+00:00,0,25742.65,timeout
2026-09-11T20:29:40.590414+00:00,0,25689.00,timeout
2026-09-11T20:29:40.531250+00:00,0,25752.77,timeout
2026-09-11T20:29:40.883749+00:00,0,25413.25,timeout
2026-09-11T20:29:40.652721+00:00,0,25643.12,timeout
2026-09-11T20:29:40.495052+00:00,0,25791.54,timeout
2026-09-11T20:29:40.843220+00:00,0,25448.99,timeout
2026-09-11T20:29:40.563186+00:00,0,25735.00,timeout
2026-09-11T20:29:40.513391+00:00,0,25788.23,timeout
2026-09-11T20:29:40.531250+00:00,0,25770.68,timeout
2026-09-11T20:29:40.531250+00:00,0,25775.63,timeout
2026-09-11T20:29:40.479568+00:00,0,25826.59,timeout
2026-09-11T20:29:40.563186+00:00,0,25751.45,timeout
2026-09-11T20:29:40.859109+00:00,0,25444.28,timeout
2026-09-11T20:29:40.885853+00:00,0,25434.21,timeout
2026-09-11T20:29:40.885853+00:00,0,25433.79,timeout
2026-09-11T20:29:40.574785+00:00,0,25743.85,timeout
2026-09-11T20:29:40.827072+00:00,0,25490.70,timeout
2026-09-11T20:29:40.859109+00:00,0,25458.30,timeout
2026-09-11T20:29:40.563186+00:00,0,25764.05,timeout
2026-09-11T20:29:40.814154+00:00,0,25514.95,timeout
2026-09-11T20:29:40.668421+00:00,0,25664.44,timeout
2026-09-11T20:29:40.443135+00:00,0,25892.20,timeout
2026-09-11T20:29:40.434763+00:00,0,25906.06,timeout
2026-09-11T20:29:40.425312+00:00,0,25917.38,timeout
2026-09-11T20:29:40.880609+00:00,0,25464.28,timeout
2026-09-11T20:29:40.890860+00:00,0,25454.70,timeout
2026-09-11T20:29:40.856556+00:00,0,25492.04,timeout
2026-09-11T20:29:40.859109+00:00,0,25491.18,timeout
2026-09-11T20:29:40.843220+00:00,0,25507.88,timeout
2026-09-11T20:29:40.784956+00:00,0,25567.86,timeout
2026-09-11T20:29:40.906558+00:00,0,25451.40,timeout
2026-09-11T20:29:40.827072+00:00,0,25528.91,timeout
2026-09-11T20:29:40.763626+00:00,0,25590.10,timeout
2026-09-11T20:29:40.890860+00:00,0,25463.72,timeout
2026-09-11T20:29:40.652721+00:00,0,25706.82,timeout
2026-09-11T20:29:40.890860+00:00,0,25465.21,timeout
2026-09-11T20:29:40.914410+00:00,0,25452.55,timeout
2026-09-11T20:29:40.890860+00:00,0,25475.25,timeout
2026-09-11T20:29:40.843220+00:00,0,25524.06,timeout
2026-09-11T20:29:40.877447+00:00,0,25500.15,timeout
2026-09-11T20:29:40.859109+00:00,0,25511.25,timeout
2026-09-11T20:29:40.747598+00:00,0,25622.46,timeout
2026-09-11T20:29:40.638868+00:00,0,25740.96,timeout
2026-09-11T20:29:40.634067+00:00,0,25752.45,timeout
2026-09-11T20:29:40.843220+00:00,0,25540.19,timeout
2026-09-11T20:29:40.699980+00:00,0,25686.32,timeout
2026-09-11T20:29:40.638868+00:00,0,25746.75,timeout
2026-09-11T20:29:40.827072+00:00,0,25552.51,timeout
2026-09-11T20:29:40.763626+00:00,0,25631.15,timeout
2026-09-11T20:29:40.859109+00:00,0,25533.56,timeout
2026-09-11T20:29:40.827072+00:00,0,25567.47,timeout
2026-09-11T20:29:40.827072+00:00,0,25576.16,timeout
2026-09-11T20:29:40.814154+00:00,0,25591.71,timeout
2026-09-11T20:29:40.827072+00:00,0,25568.59,timeout
2026-09-11T20:29:40.638868+00:00,0,25770.20,timeout
2026-09-11T20:29:40.795388+00:00,0,25617.31,timeout
2026-09-11T20:29:40.778814+00:00,0,25632.87,timeout
2026-09-11T20:29:40.513391+00:00,0,25902.33,timeout
2026-09-11T20:29:40.795388+00:00,0,25618.67,timeout
2026-09-11T20:29:40.638868+00:00,0,25769.23,timeout
2026-09-11T20:29:40.731855+00:00,0,25682.63,timeout
2026-09-11T20:29:40.684128+00:00,0,25736.19,timeout
2026-09-11T20:29:40.638868+00:00,0,25778.80,timeout
2026-09-11T20:29:40.699980+00:00,0,25721.17,timeout
2026-09-11T20:29:40.731855+00:00,0,25697.13,timeout
2026-09-11T20:29:40.614772+00:00,0,25814.42,timeout
2026-09-11T20:29:40.715812+00:00,0,25713.17,timeout
2026-09-11T20:29:40.699980+00:00,0,25726.13,timeout
2026-09-11T20:29:40.715812+00:00,0,25723.82,timeout
2026-09-11T20:29:40.684128+00:00,0,25749.23,timeout
2026-09-11T20:29:40.795388+00:00,0,25640.62,timeout
2026-09-11T20:29:40.630399+00:00,0,25817.66,timeout
2026-09-11T20:29:40.542433+00:00,0,25906.60,timeout
2026-09-11T20:29:40.614772+00:00,0,25836.29,timeout
2026-09-11T20:29:40.574785+00:00,0,25872.03,timeout
2026-09-11T20:29:40.621770+00:00,0,25831.12,timeout
2026-09-11T20:29:40.606019+00:00,0,25855.83,timeout
2026-09-11T20:29:40.563186+00:00,0,25891.28,timeout
2026-09-11T20:29:40.608525+00:00,0,25857.30,timeout
2026-09-11T20:29:40.610129+00:00,0,25856.60,timeout
2026-09-11T20:29:40.590414+00:00,0,25871.90,timeout
2026-09-11T20:29:40.584820+00:00,0,25886.21,timeout
2026-09-11T20:29:40.589872+00:00,0,25885.51,timeout
2026-09-11T20:29:40.574785+00:00,0,25901.64,timeout
2026-09-11T20:29:40.400313+00:00,0,26078.33,timeout
2026-09-11T20:29:40.574785+00:00,0,25903.47,timeout
2026-09-11T20:29:40.542433+00:00,0,25928.47,timeout
2026-09-11T20:29:40.558539+00:00,0,25927.48,timeout
2026-09-11T20:29:40.558539+00:00,0,25926.82,timeout
2026-09-11T20:29:40.542433+00:00,0,25940.54,timeout
2026-09-11T20:29:40.531250+00:00,0,25961.67,timeout
2026-09-11T20:29:40.479568+00:00,0,26003.41,timeout
2026-09-11T20:29:40.495052+00:00,0,25992.38,timeout
2026-09-11T20:29:40.521540+00:00,0,25975.66,timeout
2026-09-11T20:29:40.985935+00:00,0,25502.55,timeout
2026-09-11T20:29:41.001243+00:00,0,25501.82,timeout
2026-09-11T20:29:41.048951+00:00,0,25454.62,timeout
2026-09-11T20:29:41.096326+00:00,0,25402.64,timeout
2026-09-11T20:29:41.064899+00:00,0,25430.73,timeout
2026-09-11T20:29:41.033164+00:00,0,25475.85,timeout
2026-09-11T20:29:41.048951+00:00,0,25460.82,timeout
2026-09-11T20:29:40.914410+00:00,0,25596.32,timeout
2026-09-11T20:29:41.096326+00:00,0,25419.45,timeout
2026-09-11T20:29:40.969890+00:00,0,25551.32,timeout
2026-09-11T20:29:41.048951+00:00,0,25461.24,timeout
2026-09-11T20:29:40.937892+00:00,0,25579.63,timeout
2026-09-11T20:29:41.010999+00:00,0,25517.91,timeout
2026-09-11T20:29:40.971929+00:00,0,25551.50,timeout
2026-09-11T20:29:41.012765+00:00,0,25519.42,timeout
2026-09-11T20:29:41.239417+00:00,0,25288.44,timeout
2026-09-11T20:29:41.017334+00:00,0,25506.97,timeout
2026-09-11T20:29:40.985935+00:00,0,25543.19,timeout
2026-09-11T20:29:40.985935+00:00,0,25548.22,timeout
2026-09-11T20:29:41.163356+00:00,0,25376.07,timeout
2026-09-11T20:29:40.985396+00:00,0,25561.18,timeout
2026-09-11T20:29:41.192066+00:00,0,25349.37,timeout
2026-09-11T20:29:41.255543+00:00,0,25288.74,timeout
2026-09-11T20:29:40.922228+00:00,0,25629.02,timeout
2026-09-11T20:29:40.971929+00:00,0,25581.50,timeout
2026-09-11T20:29:40.971929+00:00,0,25575.25,timeout
2026-09-11T20:29:41.239417+00:00,0,25315.70,timeout
2026-09-11T20:29:41.127691+00:00,0,25420.20,timeout
2026-09-11T20:29:41.127691+00:00,0,25436.71,timeout
2026-09-11T20:29:41.033164+00:00,0,25520.71,timeout
2026-09-11T20:29:41.064899+00:00,0,25491.64,timeout
2026-09-11T20:29:41.064899+00:00,0,25504.97,timeout
2026-09-11T20:29:40.890860+00:00,0,25677.81,timeout
2026-09-11T20:29:40.937892+00:00,0,25626.01,timeout
2026-09-11T20:29:41.001243+00:00,0,25572.68,timeout
2026-09-11T20:29:41.185940+00:00,0,25392.35,timeout
2026-09-11T20:29:41.127691+00:00,0,25451.71,timeout
2026-09-11T20:29:41.214611+00:00,0,25367.31,timeout
2026-09-11T20:29:41.287089+00:00,0,25292.13,timeout
2026-09-11T20:29:40.953654+00:00,0,25633.32,timeout
2026-09-11T20:29:40.922228+00:00,0,25655.86,timeout
2026-09-11T20:29:41.287089+00:00,0,25296.07,timeout
2026-09-11T20:29:41.271199+00:00,0,25315.51,timeout
2026-09-11T20:29:41.271199+00:00,0,25314.85,timeout
2026-09-11T20:29:41.214611+00:00,0,25385.91,timeout
2026-09-11T20:29:41.271199+00:00,0,25328.50,timeout
2026-09-11T20:29:41.239417+00:00,0,25351.68,timeout
2026-09-11T20:29:41.271199+00:00,0,25329.65,timeout
2026-09-11T20:29:41.303173+00:00,0,25306.03,timeout
2026-09-11T20:29:40.906558+00:00,0,25699.04,timeout
2026-09-11T20:29:41.239417+00:00,0,25364.05,timeout
2026-09-11T20:29:40.963045+00:00,0,25651.96,timeout
2026-09-11T20:29:40.922228+00:00,0,25691.65,timeout
2026-09-11T20:29:41.271199+00:00,0,25334.97,timeout
2026-09-11T20:29:41.207601+00:00,0,25414.85,timeout
2026-09-11T20:29:41.185940+00:00,0,25435.14,timeout
2026-09-11T20:29:41.227679+00:00,0,25398.38,timeout
2026-09-11T20:29:41.143832+00:00,0,25471.04,timeout
2026-09-11T20:29:41.163356+00:00,0,25461.08,timeout
2026-09-11T20:29:41.143832+00:00,0,25478.34,timeout
2026-09-11T20:29:41.096326+00:00,0,25539.34,timeout
2026-09-11T20:29:41.143832+00:00,0,25485.69,timeout
2026-09-11T20:29:41.127691+00:00,0,25508.00,timeout
2026-09-11T20:29:41.114520+00:00,0,25519.11,timeout
2026-09-11T20:29:41.303173+00:00,0,25339.81,timeout
2026-09-11T20:29:41.255543+00:00,0,25380.16,timeout
2026-09-11T20:29:41.017334+00:00,0,25622.61,timeout
2026-09-11T20:29:41.227679+00:00,0,25414.58,timeout
2026-09-11T20:29:41.064899+00:00,0,25586.21,timeout
2026-09-11T20:29:41.033164+00:00,0,25614.15,timeout
2026-09-11T20:29:41.114520+00:00,0,25540.47,timeout
2026-09-11T20:29:41.303173+00:00,0,25349.99,timeout
2026-09-11T20:29:41.287089+00:00,0,25363.80,timeout
2026-09-11T20:29:41.080582+00:00,0,25572.16,timeout
2026-09-11T20:29:41.033164+00:00,0,25628.31,timeout
2026-09-11T20:29:41.255543+00:00,0,25414.87,timeout
2026-09-11T20:29:41.271199+00:00,0,25402.32,timeout
2026-09-11T20:29:41.255543+00:00,0,25410.52,timeout
2026-09-11T20:29:41.048951+00:00,0,25628.95,timeout
2026-09-11T20:29:41.143832+00:00,0,25532.26,timeout
2026-09-11T20:29:41.114520+00:00,0,25565.92,timeout
2026-09-11T20:29:41.048951+00:00,0,25627.24,timeout
2026-09-11T20:29:41.192066+00:00,0,25490.47,timeout
2026-09-11T20:29:41.017334+00:00,0,25667.10,timeout
2026-09-11T20:29:41.223696+00:00,0,25465.17,timeout
2026-09-11T20:29:41.214611+00:00,0,25470.80,timeout
2026-09-11T20:29:40.985935+00:00,0,25705.10,timeout
2026-09-11T20:29:41.207601+00:00,0,25486.86,timeout
2026-09-11T20:29:41.192066+00:00,0,25495.18,timeout
2026-09-11T20:29:41.163356+00:00,0,25528.92,timeout
2026-09-11T20:29:41.176305+00:00,0,25528.14,timeout
2026-09-11T20:29:41.096326+00:00,0,25600.62,timeout
2026-09-11T20:29:41.161821+00:00,0,25549.06,timeout
2026-09-11T20:29:41.143832+00:00,0,25563.10,timeout
2026-09-11T20:29:41.064899+00:00,0,25644.37,timeout
2026-09-11T20:29:41.227679+00:00,0,25486.11,timeout
2026-09-11T20:29:41.096326+00:00,0,25617.71,timeout
2026-09-11T20:29:41.227679+00:00,0,25487.59,timeout
2026-09-11T20:29:41.192066+00:00,0,25522.91,timeout
2026-09-11T20:29:41.096326+00:00,0,25616.24,timeout
2026-09-11T20:29:41.143832+00:00,0,25584.96,timeout
2026-09-11T20:29:41.080582+00:00,0,25647.04,timeout
2026-09-11T20:29:41.064899+00:00,0,25661.69,timeout
2026-09-11T20:29:41.080582+00:00,0,25650.81,timeout
2026-09-11T20:29:41.014300+00:00,0,25726.13,timeout
2026-09-11T20:29:41.176305+00:00,0,25563.91,timeout
2026-09-11T20:29:40.985935+00:00,0,25759.68,timeout
2026-09-11T20:29:41.127691+00:00,0,25614.16,timeout
2026-09-11T20:29:41.176305+00:00,0,25568.07,timeout
2026-09-11T20:29:41.080582+00:00,0,25663.78,timeout
2026-09-11T20:29:41.239417+00:00,0,25516.14,timeout
2026-09-11T20:29:41.017334+00:00,0,25740.24,timeout
2026-09-11T20:29:41.192066+00:00,0,25568.50,timeout
2026-09-11T20:29:41.255543+00:00,0,25505.07,timeout
2026-09-11T20:29:41.033164+00:00,0,25732.98,timeout
2026-09-11T20:29:41.017334+00:00,0,25744.12,timeout
2026-09-11T20:29:41.001243+00:00,0,25763.54,timeout
2026-09-11T20:29:41.214611+00:00,0,25553.60,timeout
2026-09-11T20:29:40.937892+00:00,0,25835.01,timeout
2026-09-11T20:29:40.971929+00:00,0,25801.68,timeout
2026-09-11T20:29:41.080582+00:00,0,25697.76,timeout
2026-09-11T20:29:41.127691+00:00,0,25643.96,timeout
2026-09-11T20:29:41.163356+00:00,0,25619.94,timeout
2026-09-11T20:29:41.048951+00:00,0,25727.38,timeout
2026-09-11T20:29:40.953654+00:00,0,25830.90,timeout
2026-09-11T20:29:40.937892+00:00,0,25853.68,timeout
2026-09-11T20:29:40.963045+00:00,0,25827.11,timeout
2026-09-11T20:29:40.922228+00:00,0,25863.93,timeout
2026-09-11T20:29:40.953654+00:00,0,25837.54,timeout
2026-09-11T20:29:40.937892+00:00,0,25857.47,timeout
2026-09-11T20:29:40.937892+00:00,0,25851.49,timeout
2026-09-11T20:29:41.314505+00:00,0,25491.41,timeout
2026-09-11T20:29:40.914410+00:00,0,25892.75,timeout
2026-09-11T20:29:40.922228+00:00,0,25880.95,timeout
2026-09-11T20:29:41.114520+00:00,0,25691.20,timeout
2026-09-11T20:29:41.366658+00:00,0,25439.51,timeout
2026-09-11T20:29:41.334505+00:00,0,25476.87,timeout
2026-09-11T20:29:41.334505+00:00,0,25476.33,timeout
2026-09-11T20:29:41.382187+00:00,0,25437.14,timeout
2026-09-11T20:29:41.350253+00:00,0,25471.92,timeout
2026-09-11T20:29:41.350253+00:00,0,25465.36,timeout
2026-09-11T20:29:41.318838+00:00,0,25500.13,timeout
2026-09-11T20:29:41.386408+00:00,0,25443.54,timeout
2026-09-11T20:29:41.287089+00:00,0,25542.10,timeout
2026-09-11T20:29:41.350253+00:00,0,25480.63,timeout
2026-09-11T20:29:41.287089+00:00,0,25549.56,timeout
2026-09-11T20:29:41.366658+00:00,0,25473.39,timeout
2026-09-11T20:29:41.382187+00:00,0,25461.04,timeout
2026-09-11T20:29:41.363530+00:00,0,25481.35,timeout
2026-09-11T20:29:41.386408+00:00,0,25457.58,timeout
2026-09-11T20:29:41.366658+00:00,0,25478.17,timeout
2026-09-11T20:29:41.350253+00:00,0,25495.37,timeout
2026-09-11T20:29:41.334505+00:00,0,25506.77,timeout
2026-09-11T20:29:41.366658+00:00,0,25480.14,timeout
2026-09-11T20:29:41.366658+00:00,0,25491.23,timeout
2026-09-11T20:29:41.334505+00:00,0,25525.83,timeout
2026-09-11T20:29:41.318838+00:00,0,25539.99,timeout
2026-09-11T20:29:41.334505+00:00,0,25521.93,timeout
2026-09-11T20:29:41.318838+00:00,0,25538.83,timeout
2026-09-11T20:29:41.318838+00:00,0,25549.64,timeout
2026-09-11T20:29:41.334505+00:00,0,25540.37,timeout
2026-09-11T20:29:41.318838+00:00,0,25557.25,timeout
2026-09-11T20:29:41.314505+00:00,0,25562.57,timeout
2026-09-11T20:29:41.303173+00:00,0,25573.47,timeout
2026-09-11T20:29:42.095380+00:00,0,24785.54,timeout
2026-09-11T20:29:42.047898+00:00,0,24824.61,timeout
2026-09-11T20:29:41.937012+00:00,0,24946.57,timeout
2026-09-11T20:29:41.953113+00:00,0,24934.23,timeout
2026-09-11T20:29:42.115050+00:00,0,24772.01,timeout
2026-09-11T20:29:42.115050+00:00,0,24779.85,timeout
2026-09-11T20:29:42.079711+00:00,0,24813.47,timeout
2026-09-11T20:29:42.000988+00:00,0,24886.34,timeout
2026-09-11T20:29:42.063633+00:00,0,24834.94,timeout
2026-09-11T20:29:41.889387+00:00,0,25008.49,timeout
2026-09-11T20:29:42.063633+00:00,0,24833.94,timeout
2026-09-11T20:29:41.987207+00:00,0,24910.28,timeout
2026-09-11T20:29:42.047898+00:00,0,24858.72,timeout
2026-09-11T20:29:42.017835+00:00,0,24888.62,timeout
2026-09-11T20:29:42.000988+00:00,0,24908.36,timeout
2026-09-11T20:29:41.987207+00:00,0,24927.79,timeout
2026-09-11T20:29:41.953113+00:00,0,24961.56,timeout
2026-09-11T20:29:41.953113+00:00,0,24969.77,timeout
2026-09-11T20:29:41.905273+00:00,0,25018.03,timeout
2026-09-11T20:29:41.889387+00:00,0,25026.37,timeout
2026-09-11T20:29:41.856338+00:00,0,25074.20,timeout
2026-09-11T20:29:41.889387+00:00,0,25043.19,timeout
2026-09-11T20:29:41.514761+00:00,0,25415.06,timeout
2026-09-11T20:29:41.937012+00:00,0,24989.90,timeout
2026-09-11T20:29:42.017835+00:00,0,24917.57,timeout
2026-09-11T20:29:42.115050+00:00,0,24824.05,timeout
2026-09-11T20:29:42.095380+00:00,0,24840.72,timeout
2026-09-11T20:29:42.095380+00:00,0,24845.87,timeout
2026-09-11T20:29:42.000988+00:00,0,24938.45,timeout
2026-09-11T20:29:42.032231+00:00,0,24905.04,timeout
2026-09-11T20:29:42.032231+00:00,0,24912.96,timeout
2026-09-11T20:29:42.017835+00:00,0,24936.67,timeout
2026-09-11T20:29:42.000988+00:00,0,24956.63,timeout
2026-09-11T20:29:41.953113+00:00,0,24998.70,timeout
2026-09-11T20:29:41.921328+00:00,0,25030.29,timeout
2026-09-11T20:29:41.826202+00:00,0,25128.71,timeout
2026-09-11T20:29:42.127215+00:00,0,24834.16,timeout
2026-09-11T20:29:42.095380+00:00,0,24861.99,timeout
2026-09-11T20:29:41.984547+00:00,0,24988.71,timeout
2026-09-11T20:29:42.095380+00:00,0,24869.55,timeout
2026-09-11T20:29:42.127215+00:00,0,24851.91,timeout
2026-09-11T20:29:42.111453+00:00,0,24868.19,timeout
2026-09-11T20:29:42.079711+00:00,0,24896.35,timeout
2026-09-11T20:29:42.063633+00:00,0,24921.05,timeout
2026-09-11T20:29:41.914982+00:00,0,25069.02,timeout
2026-09-11T20:29:42.079711+00:00,0,24900.78,timeout
2026-09-11T20:29:42.079711+00:00,0,24900.33,timeout
2026-09-11T20:29:42.063633+00:00,0,24916.83,timeout
2026-09-11T20:29:42.063633+00:00,0,24921.87,timeout
2026-09-11T20:29:42.047898+00:00,0,24943.84,timeout
2026-09-11T20:29:42.047898+00:00,0,24952.18,timeout
2026-09-11T20:29:42.032231+00:00,0,24969.09,timeout
2026-09-11T20:29:42.047898+00:00,0,24948.17,timeout
2026-09-11T20:29:42.032231+00:00,0,24965.47,timeout
2026-09-11T20:29:41.969345+00:00,0,25040.77,timeout
2026-09-11T20:29:41.968779+00:00,0,25045.91,timeout
2026-09-11T20:29:41.987207+00:00,0,25020.71,timeout
2026-09-11T20:29:41.969345+00:00,0,25038.93,timeout
2026-09-11T20:29:41.921328+00:00,0,25091.38,timeout
2026-09-11T20:29:42.017835+00:00,0,25006.69,timeout
2026-09-11T20:29:42.000988+00:00,0,25020.83,timeout
2026-09-11T20:29:41.969345+00:00,0,25053.53,timeout
2026-09-11T20:29:41.964445+00:00,0,25065.21,timeout
2026-09-11T20:29:41.937012+00:00,0,25082.18,timeout
2026-09-11T20:29:42.017835+00:00,0,25007.51,timeout
2026-09-11T20:29:41.937012+00:00,0,25094.09,timeout
2026-09-11T20:29:41.921328+00:00,0,25117.52,timeout
2026-09-11T20:29:41.937012+00:00,0,25106.74,timeout
2026-09-11T20:29:41.873582+00:00,0,25171.44,timeout
2026-09-11T20:29:41.857904+00:00,0,25181.59,timeout
2026-09-11T20:29:41.857904+00:00,0,25192.02,timeout
2026-09-11T20:29:41.816595+00:00,0,25240.68,timeout
2026-09-11T20:29:41.524407+00:00,0,25538.68,timeout
2026-09-11T20:29:42.032231+00:00,0,25028.63,timeout
2026-09-11T20:29:41.914982+00:00,0,25157.30,timeout
2026-09-11T20:29:41.873582+00:00,0,25191.52,timeout
2026-09-11T20:29:42.017835+00:00,0,25048.12,timeout
2026-09-11T20:29:42.079711+00:00,0,25002.07,timeout
2026-09-11T20:29:42.164544+00:00,0,24915.72,timeout
2026-09-11T20:29:42.174983+00:00,0,24911.40,timeout
2026-09-11T20:29:42.142878+00:00,0,24941.89,timeout
2026-09-11T20:29:42.127215+00:00,0,24972.00,timeout
2026-09-11T20:29:42.127215+00:00,0,24968.01,timeout
2026-09-11T20:29:42.161251+00:00,0,24949.73,timeout
2026-09-11T20:29:42.218953+00:00,0,24897.56,timeout
2026-09-11T20:29:42.164544+00:00,0,24957.03,timeout
2026-09-11T20:29:42.164544+00:00,0,24956.57,timeout
2026-09-11T20:29:42.174983+00:00,0,24952.84,timeout
2026-09-11T20:29:42.158719+00:00,0,24978.43,timeout
2026-09-11T20:29:42.127215+00:00,0,25008.94,timeout
2026-09-11T20:29:42.164544+00:00,0,24979.95,timeout
2026-09-11T20:29:42.142878+00:00,0,24999.16,timeout
2026-09-11T20:29:42.142878+00:00,0,25009.19,timeout
2026-09-11T20:29:42.127215+00:00,0,25019.21,timeout
2026-09-11T20:29:42.115050+00:00,0,25040.06,timeout
2026-09-11T20:29:42.142878+00:00,0,25018.24,timeout
2026-09-11T20:29:42.063633+00:00,0,25101.38,timeout
2026-09-11T20:29:42.142878+00:00,0,25031.57,timeout
2026-09-11T20:29:42.095380+00:00,0,25084.18,timeout
2026-09-11T20:29:42.174983+00:00,0,25007.91,timeout
2026-09-11T20:29:58.101374+00:00,0,9501.06,connection_error: 
2026-09-11T20:29:58.108880+00:00,0,9497.84,connection_error: 
2026-09-11T20:29:58.092816+00:00,0,9513.73,connection_error: 
2026-09-11T20:29:57.794016+00:00,0,9815.35,connection_error: 
2026-09-11T20:29:58.127589+00:00,0,9487.38,connection_error: 
2026-09-11T20:29:39.225772+00:00,0,28398.40,timeout
2026-09-11T20:29:39.878104+00:00,0,27745.51,timeout
2026-09-11T20:29:39.856562+00:00,0,27772.74,timeout
2026-09-11T20:29:39.767448+00:00,0,27862.49,timeout
2026-09-11T20:29:40.207723+00:00,0,27426.26,timeout
2026-09-11T20:29:40.258134+00:00,0,27380.12,timeout
2026-09-11T20:29:58.149331+00:00,0,9631.06,connection_error: 
2026-09-11T20:29:58.135400+00:00,0,9639.66,connection_error: 
2026-09-11T20:29:58.151518+00:00,0,9629.72,connection_error: 
2026-09-11T20:29:58.151518+00:00,0,9626.72,connection_error: 
2026-09-11T20:29:57.801612+00:00,0,9985.81,connection_error: 
2026-09-11T20:29:39.213964+00:00,0,28583.54,timeout
2026-09-11T20:29:39.614948+00:00,0,28182.91,timeout
2026-09-11T20:29:42.380150+00:00,0,25423.04,timeout
2026-09-11T20:29:42.395848+00:00,0,25401.40,timeout
2026-09-11T20:29:42.388090+00:00,0,25420.39,timeout
2026-09-11T20:29:42.442576+00:00,0,25369.31,timeout
2026-09-11T20:29:42.420078+00:00,0,25394.37,timeout
2026-09-11T20:29:42.415571+00:00,0,25404.05,timeout
2026-09-11T20:29:42.442576+00:00,0,25368.52,timeout
2026-09-11T20:29:42.442576+00:00,0,25380.32,timeout
2026-09-11T20:29:42.426745+00:00,0,25389.99,timeout
2026-09-11T20:29:42.410968+00:00,0,25414.54,timeout
2026-09-11T20:29:42.395848+00:00,0,25429.08,timeout
2026-09-11T20:29:42.426745+00:00,0,25400.54,timeout
2026-09-11T20:29:42.426745+00:00,0,25395.10,timeout
2026-09-11T20:29:42.442576+00:00,0,25384.26,timeout
2026-09-11T20:29:42.426745+00:00,0,25408.63,timeout
2026-09-11T20:29:42.418307+00:00,0,25420.44,timeout
2026-09-11T20:29:42.410968+00:00,0,25429.98,timeout
2026-09-11T20:29:42.420078+00:00,0,25422.14,timeout
2026-09-11T20:29:42.426745+00:00,0,25418.92,timeout
2026-09-11T20:29:42.395848+00:00,0,25440.94,timeout
2026-09-11T20:29:42.395848+00:00,0,25453.23,timeout
2026-09-11T20:29:42.395848+00:00,0,25452.41,timeout
2026-09-11T20:29:42.395848+00:00,0,25448.82,timeout
2026-09-11T20:29:42.694370+00:00,0,25146.26,timeout
2026-09-11T20:29:42.774362+00:00,0,25069.88,timeout
2026-09-11T20:29:42.647333+00:00,0,25206.50,timeout
2026-09-11T20:29:42.458242+00:00,0,25396.76,timeout
2026-09-11T20:29:42.621412+00:00,0,25237.31,timeout
2026-09-11T20:29:42.537150+00:00,0,25312.16,timeout
2026-09-11T20:29:42.694370+00:00,0,25163.26,timeout
2026-09-11T20:29:42.600882+00:00,0,25262.45,timeout
2026-09-11T20:29:42.678706+00:00,0,25184.55,timeout
2026-09-11T20:29:42.715548+00:00,0,25155.03,timeout
2026-09-11T20:29:42.473933+00:00,0,25392.99,timeout
2026-09-11T20:29:42.815730+00:00,0,25057.72,timeout
2026-09-11T20:29:42.505737+00:00,0,25371.52,timeout
2026-09-11T20:29:42.789587+00:00,0,25077.79,timeout
2026-09-11T20:29:42.588628+00:00,0,25283.86,timeout
2026-09-11T20:29:42.473933+00:00,0,25397.68,timeout
2026-09-11T20:29:42.878406+00:00,0,25007.19,timeout
2026-09-11T20:29:42.635548+00:00,0,25244.63,timeout
2026-09-11T20:29:42.858265+00:00,0,25030.71,timeout
2026-09-11T20:29:42.858265+00:00,0,25027.43,timeout
2026-09-11T20:29:42.715548+00:00,0,25175.63,timeout
2026-09-11T20:29:42.858265+00:00,0,25039.03,timeout
2026-09-11T20:29:42.836442+00:00,0,25054.22,timeout
2026-09-11T20:29:42.820704+00:00,0,25069.15,timeout
2026-09-11T20:29:42.858265+00:00,0,25039.35,timeout
2026-09-11T20:29:42.635548+00:00,0,25265.28,timeout
2026-09-11T20:29:42.836442+00:00,0,25069.95,timeout
2026-09-11T20:29:42.528255+00:00,0,25381.34,timeout
2026-09-11T20:29:42.820704+00:00,0,25076.47,timeout
2026-09-11T20:29:42.811191+00:00,0,25100.38,timeout
2026-09-11T20:29:42.490017+00:00,0,25421.02,timeout
2026-09-11T20:29:42.836442+00:00,0,25069.18,timeout
2026-09-11T20:29:42.804749+00:00,0,25113.17,timeout
2026-09-11T20:29:42.867991+00:00,0,25049.01,timeout
2026-09-11T20:29:42.804749+00:00,0,25114.12,timeout
2026-09-11T20:29:42.621412+00:00,0,25295.63,timeout
2026-09-11T20:29:42.458242+00:00,0,25466.41,timeout
2026-09-11T20:29:42.515605+00:00,0,25413.50,timeout
2026-09-11T20:29:42.915894+00:00,0,25001.31,timeout
2026-09-11T20:29:42.505737+00:00,0,25422.27,timeout
2026-09-11T20:29:42.765915+00:00,0,25168.24,timeout
2026-09-11T20:29:42.915894+00:00,0,25009.92,timeout
2026-09-11T20:29:42.883978+00:00,0,25042.17,timeout
2026-09-11T20:29:42.745799+00:00,0,25188.64,timeout
2026-09-11T20:29:42.765915+00:00,0,25172.28,timeout
2026-09-11T20:29:42.663031+00:00,0,25271.83,timeout
2026-09-11T20:29:42.710461+00:00,0,25234.62,timeout
2026-09-11T20:29:42.883978+00:00,0,25059.89,timeout
2026-09-11T20:29:42.820704+00:00,0,25123.82,timeout
2026-09-11T20:29:42.728195+00:00,0,25225.07,timeout
2026-09-11T20:29:42.663031+00:00,0,25279.14,timeout
2026-09-11T20:29:42.678706+00:00,0,25266.60,timeout
2026-09-11T20:29:42.883978+00:00,0,25064.81,timeout
2026-09-11T20:29:42.647333+00:00,0,25305.54,timeout
2026-09-11T20:29:42.855713+00:00,0,25107.14,timeout
2026-09-11T20:29:42.569413+00:00,0,25387.20,timeout
2026-09-11T20:29:42.735241+00:00,0,25232.54,timeout
2026-09-11T20:29:42.742637+00:00,0,25227.14,timeout
2026-09-11T20:29:42.647333+00:00,0,25322.28,timeout
2026-09-11T20:29:42.635548+00:00,0,25329.86,timeout
2026-09-11T20:29:42.678706+00:00,0,25295.33,timeout
2026-09-11T20:29:42.621412+00:00,0,25349.03,timeout
2026-09-11T20:29:42.569413+00:00,0,25397.85,timeout
2026-09-11T20:29:42.820704+00:00,0,25150.37,timeout
2026-09-11T20:29:42.635548+00:00,0,25344.20,timeout
2026-09-11T20:29:42.883978+00:00,0,25100.22,timeout
2026-09-11T20:29:42.867991+00:00,0,25110.91,timeout
2026-09-11T20:29:42.600882+00:00,0,25385.33,timeout
2026-09-11T20:29:42.600882+00:00,0,25379.55,timeout
2026-09-11T20:29:42.588628+00:00,0,25397.32,timeout
2026-09-11T20:29:42.715548+00:00,0,25270.83,timeout
2026-09-11T20:29:42.569413+00:00,0,25426.60,timeout
2026-09-11T20:29:42.899878+00:00,0,25092.06,timeout
2026-09-11T20:29:42.569413+00:00,0,25416.17,timeout
2026-09-11T20:29:42.915894+00:00,0,25085.28,timeout
2026-09-11T20:29:42.899878+00:00,0,25095.04,timeout
2026-09-11T20:29:42.537150+00:00,0,25456.22,timeout
2026-09-11T20:29:42.515605+00:00,0,25488.46,timeout
2026-09-11T20:29:42.867991+00:00,0,25138.99,timeout
2026-09-11T20:29:42.553205+00:00,0,25447.43,timeout
2026-09-11T20:29:42.553205+00:00,0,25457.58,timeout
2026-09-11T20:29:42.836442+00:00,0,25171.38,timeout
2026-09-11T20:29:42.537150+00:00,0,25470.88,timeout
2026-09-11T20:29:42.774362+00:00,0,25243.50,timeout
2026-09-11T20:29:42.458242+00:00,0,25561.57,timeout
2026-09-11T20:29:42.915894+00:00,0,25097.27,timeout
2026-09-11T20:29:42.899878+00:00,0,25113.43,timeout
2026-09-11T20:29:42.458242+00:00,0,25560.01,timeout
2026-09-11T20:29:42.899878+00:00,0,25124.86,timeout
2026-09-11T20:29:42.505737+00:00,0,25521.24,timeout
2026-09-11T20:29:42.490017+00:00,0,25535.45,timeout
2026-09-11T20:29:42.490017+00:00,0,25542.59,timeout
2026-09-11T20:29:42.820704+00:00,0,25214.75,timeout
2026-09-11T20:29:42.774362+00:00,0,25258.71,timeout
2026-09-11T20:29:42.553205+00:00,0,25479.05,timeout
2026-09-11T20:29:42.878406+00:00,0,25163.38,timeout
2026-09-11T20:29:42.745799+00:00,0,25286.81,timeout
2026-09-11T20:29:42.458242+00:00,0,25576.61,timeout
2026-09-11T20:29:42.789587+00:00,0,25257.03,timeout
2026-09-11T20:29:42.694370+00:00,0,25355.30,timeout
2026-09-11T20:29:42.745799+00:00,0,25305.22,timeout
2026-09-11T20:29:42.678706+00:00,0,25370.60,timeout
2026-09-11T20:29:42.694370+00:00,0,25355.19,timeout
2026-09-11T20:29:42.663031+00:00,0,25389.56,timeout
2026-09-11T20:29:42.663031+00:00,0,25388.18,timeout
2026-09-11T20:29:42.678706+00:00,0,25372.67,timeout
2026-09-11T20:29:42.663031+00:00,0,25399.17,timeout
2026-09-11T20:29:42.631192+00:00,0,25431.81,timeout
2026-09-11T20:29:42.635548+00:00,0,25431.16,timeout
2026-09-11T20:29:42.615504+00:00,0,25449.73,timeout
2026-09-11T20:29:42.621412+00:00,0,25448.52,timeout
2026-09-11T20:29:42.883978+00:00,0,25185.62,timeout
2026-09-11T20:29:42.615504+00:00,0,25458.11,timeout
2026-09-11T20:29:42.600882+00:00,0,25462.87,timeout
2026-09-11T20:29:42.600882+00:00,0,25469.69,timeout
2026-09-11T20:29:42.565532+00:00,0,25513.64,timeout
2026-09-11T20:29:42.569413+00:00,0,25509.40,timeout
2026-09-11T20:29:42.537150+00:00,0,25546.44,timeout
2026-09-11T20:29:42.505737+00:00,0,25571.90,timeout
2026-09-11T20:29:42.532617+00:00,0,25553.46,timeout
2026-09-11T20:29:42.490017+00:00,0,25590.22,timeout
2026-09-11T20:29:42.537150+00:00,0,25549.78,timeout
2026-09-11T20:29:42.530019+00:00,0,25561.95,timeout
2026-09-11T20:29:42.521399+00:00,0,25568.84,timeout
2026-09-11T20:29:42.899878+00:00,0,25196.34,timeout
2026-09-11T20:29:42.490017+00:00,0,25597.08,timeout
2026-09-11T20:29:42.473933+00:00,0,25618.85,timeout
2026-09-11T20:29:42.915894+00:00,0,25184.35,timeout
2026-09-11T20:29:42.473933+00:00,0,25617.73,timeout
2026-09-11T20:29:42.458242+00:00,0,25636.65,timeout
2026-09-11T20:29:42.426745+00:00,0,25668.24,timeout
2026-09-11T20:29:42.426745+00:00,0,25677.59,timeout
2026-09-11T20:29:42.473933+00:00,0,25637.30,timeout
2026-09-11T20:29:42.473933+00:00,0,25636.72,timeout
2026-09-11T20:29:42.836442+00:00,0,25266.49,timeout
2026-09-11T20:29:42.726170+00:00,0,25393.22,timeout
2026-09-11T20:29:42.836442+00:00,0,25280.42,timeout
2026-09-11T20:29:42.569413+00:00,0,25547.61,timeout
2026-09-11T20:29:42.774362+00:00,0,25341.72,timeout
2026-09-11T20:29:42.789587+00:00,0,25332.95,timeout
2026-09-11T20:29:42.820704+00:00,0,25304.01,timeout
2026-09-11T20:29:42.442576+00:00,0,25674.02,timeout
2026-09-11T20:29:42.473933+00:00,0,25658.31,timeout
2026-09-11T20:29:42.757659+00:00,0,25373.43,timeout
2026-09-11T20:29:42.883978+00:00,0,25243.94,timeout
2026-09-11T20:29:42.584529+00:00,0,25551.45,timeout
2026-09-11T20:29:42.852126+00:00,0,25286.13,timeout
2026-09-11T20:29:42.600882+00:00,0,25541.30,timeout
2026-09-11T20:29:42.738353+00:00,0,25405.58,timeout
2026-09-11T20:29:42.588628+00:00,0,25556.39,timeout
2026-09-11T20:29:42.553205+00:00,0,25589.30,timeout
2026-09-11T20:29:42.588628+00:00,0,25557.01,timeout
2026-09-11T20:29:42.521399+00:00,0,25627.49,timeout
2026-09-11T20:29:42.745799+00:00,0,25403.85,timeout
2026-09-11T20:29:42.789587+00:00,0,25357.14,timeout
2026-09-11T20:29:42.728195+00:00,0,25425.29,timeout
2026-09-11T20:29:42.694370+00:00,0,25462.39,timeout
2026-09-11T20:29:42.647333+00:00,0,25502.13,timeout
2026-09-11T20:29:42.694370+00:00,0,25458.84,timeout
2026-09-11T20:29:42.521399+00:00,0,25645.92,timeout
2026-09-11T20:29:42.490017+00:00,0,25665.98,timeout
2026-09-11T20:29:43.280240+00:00,0,24877.62,timeout
2026-09-11T20:29:43.501738+00:00,0,24669.26,timeout
2026-09-11T20:29:43.202285+00:00,0,24968.74,timeout
2026-09-11T20:29:43.501738+00:00,0,24678.54,timeout
2026-09-11T20:29:43.296026+00:00,0,24882.46,timeout
2026-09-11T20:29:43.170682+00:00,0,25011.56,timeout
2026-09-11T20:29:43.391831+00:00,0,24791.31,timeout
2026-09-11T20:29:43.248873+00:00,0,24935.54,timeout
2026-09-11T20:29:43.122537+00:00,0,25061.28,timeout
2026-09-11T20:29:43.248873+00:00,0,24936.69,timeout
2026-09-11T20:29:43.407253+00:00,0,24793.35,timeout
2026-09-11T20:29:43.248873+00:00,0,24954.65,timeout
2026-09-11T20:29:43.058729+00:00,0,25141.17,timeout
2026-09-11T20:29:43.296026+00:00,0,24904.41,timeout
2026-09-11T20:29:43.264539+00:00,0,24937.92,timeout
2026-09-11T20:29:43.517824+00:00,0,24701.94,timeout
2026-09-11T20:29:43.116503+00:00,0,25104.64,timeout
2026-09-11T20:29:43.090528+00:00,0,25125.30,timeout
2026-09-11T20:29:43.189684+00:00,0,25030.66,timeout
2026-09-11T20:29:43.248873+00:00,0,24975.11,timeout
2026-09-11T20:29:43.223166+00:00,0,25011.52,timeout
2026-09-11T20:29:43.233219+00:00,0,25006.72,timeout
2026-09-11T20:29:43.189684+00:00,0,25056.98,timeout
2026-09-11T20:29:43.327727+00:00,0,24910.41,timeout
2026-09-11T20:29:43.202285+00:00,0,25050.61,timeout
2026-09-11T20:29:43.170682+00:00,0,25079.99,timeout
2026-09-11T20:29:43.189684+00:00,0,25065.12,timeout
2026-09-11T20:29:42.960691+00:00,0,25305.26,timeout
2026-09-11T20:29:42.995754+00:00,0,25271.20,timeout
2026-09-11T20:29:43.327727+00:00,0,24934.72,timeout
2026-09-11T20:29:43.116503+00:00,0,25158.26,timeout
2026-09-11T20:29:43.485591+00:00,0,24779.85,timeout
2026-09-11T20:29:43.170682+00:00,0,25098.51,timeout
2026-09-11T20:29:43.327727+00:00,0,24941.71,timeout
2026-09-11T20:29:42.915894+00:00,0,25364.63,timeout
2026-09-11T20:29:42.931703+00:00,0,25356.24,timeout
2026-09-11T20:29:43.116503+00:00,0,25171.85,timeout
2026-09-11T20:29:43.122537+00:00,0,25171.51,timeout
2026-09-11T20:29:43.122537+00:00,0,25160.77,timeout
2026-09-11T20:29:43.343591+00:00,0,24953.94,timeout
2026-09-11T20:29:43.233219+00:00,0,25054.48,timeout
2026-09-11T20:29:43.058729+00:00,0,25241.25,timeout
2026-09-11T20:29:43.122537+00:00,0,25179.05,timeout
2026-09-11T20:29:42.965705+00:00,0,25342.78,timeout
2026-09-11T20:29:43.376061+00:00,0,24928.93,timeout
2026-09-11T20:29:43.090528+00:00,0,25212.21,timeout
2026-09-11T20:29:43.233219+00:00,0,25080.83,timeout
2026-09-11T20:29:43.233219+00:00,0,25074.01,timeout
2026-09-11T20:29:43.189684+00:00,0,25124.74,timeout
2026-09-11T20:29:43.202285+00:00,0,25104.22,timeout
2026-09-11T20:29:43.138506+00:00,0,25169.43,timeout
2026-09-11T20:29:43.074842+00:00,0,25242.63,timeout
2026-09-11T20:29:43.138506+00:00,0,25185.90,timeout
2026-09-11T20:29:43.090528+00:00,0,25235.82,timeout
2026-09-11T20:29:42.995754+00:00,0,25326.75,timeout
2026-09-11T20:29:43.416400+00:00,0,24913.94,timeout
2026-09-11T20:29:43.043161+00:00,0,25280.05,timeout
2026-09-11T20:29:42.979829+00:00,0,25356.02,timeout
2026-09-11T20:29:43.223166+00:00,0,25114.87,timeout
2026-09-11T20:29:43.058729+00:00,0,25271.11,timeout
2026-09-11T20:29:43.449724+00:00,0,24895.87,timeout
2026-09-11T20:29:43.376061+00:00,0,24962.34,timeout
2026-09-11T20:29:43.312004+00:00,0,25037.94,timeout
2026-09-11T20:29:42.970232+00:00,0,25382.71,timeout
2026-09-11T20:29:43.501738+00:00,0,24845.54,timeout
2026-09-11T20:29:42.931703+00:00,0,25416.57,timeout
2026-09-11T20:29:43.026706+00:00,0,25332.05,timeout
2026-09-11T20:29:43.469813+00:00,0,24883.92,timeout
2026-09-11T20:29:43.445497+00:00,0,24923.31,timeout
2026-09-11T20:29:43.058729+00:00,0,25297.35,timeout
2026-09-11T20:29:43.424220+00:00,0,24943.28,timeout
2026-09-11T20:29:43.485591+00:00,0,24880.32,timeout
2026-09-11T20:29:43.531514+00:00,0,24845.20,timeout
2026-09-11T20:29:43.407253+00:00,0,24965.68,timeout
2026-09-11T20:29:43.391831+00:00,0,24980.57,timeout
2026-09-11T20:29:43.391831+00:00,0,24991.20,timeout
2026-09-11T20:29:43.264539+00:00,0,25118.69,timeout
2026-09-11T20:29:43.343591+00:00,0,25035.45,timeout
2026-09-11T20:29:43.038023+00:00,0,25353.39,timeout
2026-09-11T20:29:43.375448+00:00,0,25023.37,timeout
2026-09-11T20:29:43.074842+00:00,0,25323.93,timeout
2026-09-11T20:29:43.138506+00:00,0,25261.56,timeout
2026-09-11T20:29:43.316420+00:00,0,25092.94,timeout
2026-09-11T20:29:43.264539+00:00,0,25139.63,timeout
2026-09-11T20:29:43.327727+00:00,0,25086.44,timeout
2026-09-11T20:29:43.464894+00:00,0,24956.40,timeout
2026-09-11T20:29:43.424220+00:00,0,24988.60,timeout
2026-09-11T20:29:43.038023+00:00,0,25388.57,timeout
2026-09-11T20:29:43.363231+00:00,0,25064.52,timeout
2026-09-11T20:29:43.202285+00:00,0,25226.15,timeout
2026-09-11T20:29:43.343591+00:00,0,25082.83,timeout
2026-09-11T20:29:43.316420+00:00,0,25113.16,timeout
2026-09-11T20:29:43.454474+00:00,0,24983.37,timeout
2026-09-11T20:29:43.026706+00:00,0,25412.42,timeout
2026-09-11T20:29:43.090528+00:00,0,25355.05,timeout
2026-09-11T20:29:43.316420+00:00,0,25131.40,timeout
2026-09-11T20:29:43.233219+00:00,0,25213.18,timeout
2026-09-11T20:29:43.106669+00:00,0,25352.80,timeout
2026-09-11T20:29:43.090528+00:00,0,25359.71,timeout
2026-09-11T20:29:42.989520+00:00,0,25474.76,timeout
2026-09-11T20:29:43.022667+00:00,0,25445.69,timeout
2026-09-11T20:29:43.170682+00:00,0,25302.13,timeout
2026-09-11T20:29:43.122537+00:00,0,25347.50,timeout
2026-09-11T20:29:43.058729+00:00,0,25419.79,timeout
2026-09-11T20:29:43.043161+00:00,0,25436.61,timeout
2026-09-11T20:29:42.995754+00:00,0,25476.19,timeout
2026-09-11T20:29:42.975245+00:00,0,25511.73,timeout
2026-09-11T20:29:42.954679+00:00,0,25533.52,timeout
2026-09-11T20:29:42.931703+00:00,0,25552.99,timeout
2026-09-11T20:29:42.899878+00:00,0,25579.97,timeout
2026-09-11T20:29:42.950668+00:00,0,25544.85,timeout
2026-09-11T20:29:43.043161+00:00,0,25448.02,timeout
2026-09-11T20:29:43.074842+00:00,0,25414.64,timeout
2026-09-11T20:29:43.366793+00:00,0,25134.92,timeout
2026-09-11T20:29:43.043161+00:00,0,25451.25,timeout
2026-09-11T20:29:43.296026+00:00,0,25212.80,timeout
2026-09-11T20:29:43.074842+00:00,0,25437.47,timeout
2026-09-11T20:29:43.166551+00:00,0,25348.57,timeout
2026-09-11T20:29:42.979829+00:00,0,25532.34,timeout
2026-09-11T20:29:43.011059+00:00,0,25507.68,timeout
2026-09-11T20:29:43.217579+00:00,0,25305.38,timeout
2026-09-11T20:29:43.217579+00:00,0,25305.27,timeout
2026-09-11T20:29:43.296026+00:00,0,25225.41,timeout
2026-09-11T20:29:43.138506+00:00,0,25384.78,timeout
2026-09-11T20:29:43.453408+00:00,0,25082.10,timeout
2026-09-11T20:29:43.264539+00:00,0,25271.48,timeout
2026-09-11T20:29:43.228675+00:00,0,25310.55,timeout
2026-09-11T20:29:43.485591+00:00,0,25053.30,timeout
2026-09-11T20:29:42.931703+00:00,0,25599.99,timeout
2026-09-11T20:29:43.469813+00:00,0,25073.73,timeout
2026-09-11T20:29:43.016140+00:00,0,25532.65,timeout
2026-09-11T20:29:43.327727+00:00,0,25219.77,timeout
2026-09-11T20:29:43.058729+00:00,0,25491.32,timeout
2026-09-11T20:29:43.163504+00:00,0,25396.54,timeout
2026-09-11T20:29:43.106669+00:00,0,25450.66,timeout
2026-09-11T20:29:43.422770+00:00,0,25142.79,timeout
2026-09-11T20:29:43.438495+00:00,0,25128.79,timeout
2026-09-11T20:29:43.280240+00:00,0,25284.24,timeout
2026-09-11T20:29:43.202285+00:00,0,25360.74,timeout
2026-09-11T20:29:43.233219+00:00,0,25337.55,timeout
2026-09-11T20:29:43.280240+00:00,0,25296.28,timeout
2026-09-11T20:29:43.248873+00:00,0,25327.56,timeout
2026-09-11T20:29:43.088501+00:00,0,25495.72,timeout
2026-09-11T20:29:43.138506+00:00,0,25437.87,timeout
2026-09-11T20:29:43.391831+00:00,0,25185.89,timeout
2026-09-11T20:29:43.327727+00:00,0,25265.45,timeout
2026-09-11T20:29:43.154262+00:00,0,25441.05,timeout
2026-09-11T20:29:43.485591+00:00,0,25112.72,timeout
2026-09-11T20:29:43.106669+00:00,0,25487.02,timeout
2026-09-11T20:29:43.154262+00:00,0,25444.44,timeout
2026-09-11T20:29:43.517824+00:00,0,25077.64,timeout
2026-09-11T20:29:43.469813+00:00,0,25138.39,timeout
2026-09-11T20:29:43.280240+00:00,0,25321.01,timeout
2026-09-11T20:29:43.186063+00:00,0,25428.03,timeout
2026-09-11T20:29:43.122537+00:00,0,25483.86,timeout
2026-09-11T20:29:43.090528+00:00,0,25521.09,timeout
2026-09-11T20:29:43.390229+00:00,0,25230.05,timeout
2026-09-11T20:29:43.074842+00:00,0,25538.18,timeout
2026-09-11T20:29:43.138506+00:00,0,25481.50,timeout
2026-09-11T20:29:43.567095+00:00,0,25045.92,timeout
2026-09-11T20:29:43.616399+00:00,0,25007.43,timeout
2026-09-11T20:29:43.549136+00:00,0,25069.04,timeout
2026-09-11T20:29:43.597442+00:00,0,25020.88,timeout
2026-09-11T20:29:43.634936+00:00,0,24996.87,timeout
2026-09-11T20:29:43.581356+00:00,0,25051.31,timeout
2026-09-11T20:29:43.517824+00:00,0,25113.19,timeout
2026-09-11T20:29:43.590529+00:00,0,25044.09,timeout
2026-09-11T20:29:43.597442+00:00,0,25038.82,timeout
2026-09-11T20:29:43.501738+00:00,0,25130.23,timeout
2026-09-11T20:29:43.549136+00:00,0,25089.54,timeout
2026-09-11T20:29:43.567095+00:00,0,25080.73,timeout
2026-09-11T20:29:43.628725+00:00,0,25020.00,timeout
2026-09-11T20:29:43.624455+00:00,0,25027.57,timeout
2026-09-11T20:29:43.517824+00:00,0,25134.40,timeout
2026-09-11T20:29:43.628725+00:00,0,25028.71,timeout
2026-09-11T20:29:43.634936+00:00,0,25019.94,timeout
2026-09-11T20:29:43.616399+00:00,0,25038.64,timeout
2026-09-11T20:29:43.549136+00:00,0,25100.07,timeout
2026-09-11T20:29:43.613035+00:00,0,25051.22,timeout
2026-09-11T20:29:43.533109+00:00,0,25130.97,timeout
2026-09-11T20:29:43.549136+00:00,0,25114.31,timeout
2026-09-11T20:29:43.634936+00:00,0,25029.08,timeout
2026-09-11T20:29:43.644468+00:00,0,25028.31,timeout
2026-09-11T20:29:43.597442+00:00,0,25068.41,timeout
2026-09-11T20:29:43.567095+00:00,0,25103.18,timeout
2026-09-11T20:29:43.533109+00:00,0,25134.20,timeout
2026-09-11T20:29:43.597442+00:00,0,25082.81,timeout
2026-09-11T20:29:43.567095+00:00,0,25111.95,timeout
2026-09-11T20:29:43.567095+00:00,0,25108.54,timeout
2026-09-11T20:29:43.616399+00:00,0,25069.76,timeout
2026-09-11T20:29:43.567095+00:00,0,25123.07,timeout
2026-09-11T20:29:43.634936+00:00,0,25057.14,timeout
2026-09-11T20:29:43.549136+00:00,0,25145.32,timeout
2026-09-11T20:29:43.590529+00:00,0,25102.55,timeout
2026-09-11T20:29:43.581356+00:00,0,25108.59,timeout
2026-09-11T20:29:43.549136+00:00,0,25147.09,timeout
2026-09-11T20:29:43.533109+00:00,0,25159.69,timeout
2026-09-11T20:29:44.217263+00:00,0,24481.44,timeout
2026-09-11T20:29:44.217263+00:00,0,24487.85,timeout
2026-09-11T20:29:43.682855+00:00,0,25023.74,timeout
2026-09-11T20:29:44.317231+00:00,0,24387.10,timeout
2026-09-11T20:29:44.231489+00:00,0,24476.11,timeout
2026-09-11T20:29:44.247490+00:00,0,24455.30,timeout
2026-09-11T20:29:44.279086+00:00,0,24433.39,timeout
2026-09-11T20:29:44.247490+00:00,0,24468.38,timeout
2026-09-11T20:29:44.279086+00:00,0,24439.86,timeout
2026-09-11T20:29:44.294901+00:00,0,24421.39,timeout
2026-09-11T20:29:44.200044+00:00,0,24510.27,timeout
2026-09-11T20:29:44.326327+00:00,0,24397.92,timeout
2026-09-11T20:29:44.200044+00:00,0,24525.13,timeout
2026-09-11T20:29:43.682855+00:00,0,25040.65,timeout
2026-09-11T20:29:44.310658+00:00,0,24416.31,timeout
2026-09-11T20:29:44.326327+00:00,0,24396.07,timeout
2026-09-11T20:29:44.231489+00:00,0,24495.60,timeout
2026-09-11T20:29:44.374305+00:00,0,24360.07,timeout
2026-09-11T20:29:43.682855+00:00,0,25053.24,timeout
2026-09-11T20:29:44.368107+00:00,0,24375.01,timeout
2026-09-11T20:29:44.374305+00:00,0,24363.95,timeout
2026-09-11T20:29:44.342172+00:00,0,24397.14,timeout
2026-09-11T20:29:44.279086+00:00,0,24458.35,timeout
2026-09-11T20:29:44.368107+00:00,0,24380.74,timeout
2026-09-11T20:29:44.317231+00:00,0,24432.40,timeout
2026-09-11T20:29:44.342172+00:00,0,24410.56,timeout
2026-09-11T20:29:44.294901+00:00,0,24458.85,timeout
2026-09-11T20:29:44.231489+00:00,0,24514.29,timeout
2026-09-11T20:29:44.294901+00:00,0,24453.00,timeout
2026-09-11T20:29:44.279086+00:00,0,24475.39,timeout
2026-09-11T20:29:44.200044+00:00,0,24556.60,timeout
2026-09-11T20:29:44.342172+00:00,0,24420.11,timeout
2026-09-11T20:29:44.326327+00:00,0,24443.68,timeout
2026-09-11T20:29:44.357844+00:00,0,24414.42,timeout
2026-09-11T20:29:44.374305+00:00,0,24397.46,timeout
2026-09-11T20:29:44.326327+00:00,0,24442.07,timeout
2026-09-11T20:29:43.675947+00:00,0,25097.45,timeout
2026-09-11T20:29:44.373683+00:00,0,24406.51,timeout
2026-09-11T20:29:44.342172+00:00,0,24426.83,timeout
2026-09-11T20:29:44.392366+00:00,0,24389.57,timeout
2026-09-11T20:29:44.247490+00:00,0,24531.11,timeout
2026-09-11T20:29:44.231489+00:00,0,24556.39,timeout
2026-09-11T20:29:44.326327+00:00,0,24458.64,timeout
2026-09-11T20:29:44.357844+00:00,0,24429.05,timeout
2026-09-11T20:29:44.357844+00:00,0,24428.57,timeout
2026-09-11T20:29:44.342172+00:00,0,24452.95,timeout
2026-09-11T20:29:44.326327+00:00,0,24461.66,timeout
2026-09-11T20:29:44.392366+00:00,0,24403.15,timeout
2026-09-11T20:29:44.342172+00:00,0,24449.39,timeout
2026-09-11T20:29:44.192000+00:00,0,24608.71,timeout
2026-09-11T20:29:44.294901+00:00,0,24509.57,timeout
2026-09-11T20:29:44.310658+00:00,0,24494.12,timeout
2026-09-11T20:29:44.279086+00:00,0,24516.42,timeout
2026-09-11T20:29:44.317231+00:00,0,24493.10,timeout
2026-09-11T20:29:44.294901+00:00,0,24507.56,timeout
2026-09-11T20:29:44.279086+00:00,0,24530.03,timeout
2026-09-11T20:29:44.310658+00:00,0,24506.91,timeout
2026-09-11T20:29:44.263169+00:00,0,24551.96,timeout
2026-09-11T20:29:44.200044+00:00,0,24610.80,timeout
2026-09-11T20:29:44.263169+00:00,0,24551.31,timeout
2026-09-11T20:29:44.163595+00:00,0,24661.69,timeout
2026-09-11T20:29:44.263169+00:00,0,24551.00,timeout
2026-09-11T20:29:44.357844+00:00,0,24470.27,timeout
2026-09-11T20:29:44.200044+00:00,0,24632.39,timeout
2026-09-11T20:29:44.294901+00:00,0,24530.63,timeout
2026-09-11T20:29:44.263169+00:00,0,24572.52,timeout
2026-09-11T20:29:44.183664+00:00,0,24652.41,timeout
2026-09-11T20:29:44.200044+00:00,0,24634.26,timeout
2026-09-11T20:29:44.226351+00:00,0,24615.61,timeout
2026-09-11T20:29:44.595783+00:00,0,24239.89,timeout
2026-09-11T20:29:44.617286+00:00,0,24222.55,timeout
2026-09-11T20:29:44.626859+00:00,0,24222.00,timeout
2026-09-11T20:29:44.568431+00:00,0,24274.27,timeout
2026-09-11T20:29:44.617286+00:00,0,24231.47,timeout
2026-09-11T20:29:44.595783+00:00,0,24249.46,timeout
2026-09-11T20:29:44.568431+00:00,0,24287.01,timeout
2026-09-11T20:29:44.628503+00:00,0,24231.45,timeout
2026-09-11T20:29:44.437373+00:00,0,24420.83,timeout
2026-09-11T20:29:44.533592+00:00,0,24323.77,timeout
2026-09-11T20:29:44.595783+00:00,0,24264.34,timeout
2026-09-11T20:29:44.453173+00:00,0,24413.32,timeout
2026-09-11T20:29:44.595783+00:00,0,24273.32,timeout
2026-09-11T20:29:44.579253+00:00,0,24293.29,timeout
2026-09-11T20:29:44.533592+00:00,0,24328.79,timeout
2026-09-11T20:29:44.518902+00:00,0,24348.27,timeout
2026-09-11T20:29:44.533592+00:00,0,24344.87,timeout
2026-09-11T20:29:44.533592+00:00,0,24342.58,timeout
2026-09-11T20:29:44.421721+00:00,0,24461.80,timeout
2026-09-11T20:29:44.500435+00:00,0,24379.32,timeout
2026-09-11T20:29:44.500435+00:00,0,24376.33,timeout
2026-09-11T20:29:44.547644+00:00,0,24341.19,timeout
2026-09-11T20:29:44.517069+00:00,0,24375.07,timeout
2026-09-11T20:29:44.468937+00:00,0,24413.32,timeout
2026-09-11T20:29:44.437373+00:00,0,24447.03,timeout
2026-09-11T20:29:44.468937+00:00,0,24422.59,timeout
2026-09-11T20:29:44.427532+00:00,0,24463.91,timeout
2026-09-11T20:29:44.417168+00:00,0,24483.35,timeout
2026-09-11T20:29:44.427532+00:00,0,24477.10,timeout
2026-09-11T20:29:44.406308+00:00,0,24497.28,timeout
2026-09-11T20:29:44.392366+00:00,0,24504.57,timeout
2026-09-11T20:29:44.374305+00:00,0,24521.98,timeout
2026-09-11T20:29:44.611175+00:00,0,24298.71,timeout
2026-09-11T20:29:44.437373+00:00,0,24475.98,timeout
2026-09-11T20:29:44.579828+00:00,0,24327.77,timeout
2026-09-11T20:29:44.518902+00:00,0,24393.15,timeout
2026-09-11T20:29:44.547644+00:00,0,24362.48,timeout
2026-09-11T20:29:44.595783+00:00,0,24323.28,timeout
2026-09-11T20:29:44.392366+00:00,0,24523.54,timeout
2026-09-11T20:29:44.547644+00:00,0,24371.10,timeout
2026-09-11T20:29:44.500435+00:00,0,24425.28,timeout
2026-09-11T20:29:44.533592+00:00,0,24387.98,timeout
2026-09-11T20:29:44.611175+00:00,0,24316.69,timeout
2026-09-11T20:29:44.374305+00:00,0,24549.10,timeout
2026-09-11T20:29:44.579828+00:00,0,24350.49,timeout
2026-09-11T20:29:44.518902+00:00,0,24418.69,timeout
2026-09-11T20:29:44.437373+00:00,0,24489.71,timeout
2026-09-11T20:29:44.406308+00:00,0,24529.35,timeout
2026-09-11T20:29:44.437373+00:00,0,24501.73,timeout
2026-09-11T20:29:44.563579+00:00,0,24381.40,timeout
2026-09-11T20:29:44.579828+00:00,0,24367.79,timeout
2026-09-11T20:29:44.427532+00:00,0,24522.09,timeout
2026-09-11T20:29:44.579828+00:00,0,24369.43,timeout
2026-09-11T20:29:44.392366+00:00,0,24556.80,timeout
2026-09-11T20:29:44.421721+00:00,0,24533.41,timeout
2026-09-11T20:29:44.389723+00:00,0,24568.44,timeout
2026-09-11T20:29:44.579828+00:00,0,24370.31,timeout
2026-09-11T20:29:44.453173+00:00,0,24504.79,timeout
2026-09-11T20:29:44.484604+00:00,0,24480.07,timeout
2026-09-11T20:29:44.484604+00:00,0,24479.68,timeout
2026-09-11T20:29:44.500435+00:00,0,24468.83,timeout
2026-09-11T20:29:44.406308+00:00,0,24565.73,timeout
2026-09-11T20:29:44.437373+00:00,0,24527.89,timeout
2026-09-11T20:29:44.427532+00:00,0,24544.23,timeout
2026-09-11T20:29:44.406308+00:00,0,24567.02,timeout
2026-09-11T20:29:44.568431+00:00,0,24411.57,timeout
2026-09-11T20:29:44.468937+00:00,0,24499.31,timeout
2026-09-11T20:29:44.563579+00:00,0,24420.97,timeout
2026-09-11T20:29:44.374305+00:00,0,24603.06,timeout
2026-09-11T20:29:44.547644+00:00,0,24427.71,timeout
2026-09-11T20:29:44.634714+00:00,0,24356.42,timeout
2026-09-11T20:29:44.547644+00:00,0,24441.66,timeout
2026-09-11T20:29:44.518902+00:00,0,24464.11,timeout
2026-09-11T20:29:44.500435+00:00,0,24483.04,timeout
2026-09-11T20:29:44.468937+00:00,0,24528.52,timeout
2026-09-11T20:29:44.547644+00:00,0,24447.32,timeout
2026-09-11T20:29:44.518902+00:00,0,24479.63,timeout
2026-09-11T20:29:44.568431+00:00,0,24430.90,timeout
2026-09-11T20:29:44.468937+00:00,0,24528.77,timeout
2026-09-11T20:29:44.500435+00:00,0,24500.42,timeout
2026-09-11T20:29:44.484604+00:00,0,24517.85,timeout
2026-09-11T20:29:44.453173+00:00,0,24545.81,timeout
2026-09-11T20:29:44.453173+00:00,0,24550.53,timeout
2026-09-11T20:29:44.484604+00:00,0,24521.58,timeout
2026-09-11T20:29:44.484604+00:00,0,24521.10,timeout
2026-09-11T20:29:44.617286+00:00,0,24402.96,timeout
2026-09-11T20:29:44.484604+00:00,0,24532.84,timeout
2026-09-11T20:29:44.406308+00:00,0,24609.61,timeout
2026-09-11T20:29:44.468937+00:00,0,24555.10,timeout
2026-09-11T20:29:44.453173+00:00,0,24567.32,timeout
2026-09-11T20:29:57.801612+00:00,0,11508.06,connection_error: 
2026-09-11T20:29:58.186028+00:00,0,11131.26,connection_error: 
2026-09-11T20:29:58.215380+00:00,0,11107.61,connection_error: 
2026-09-11T20:29:58.197694+00:00,0,11124.90,connection_error: 
2026-09-11T20:29:58.191298+00:00,0,11133.71,connection_error: 
2026-09-11T20:29:58.197694+00:00,0,11126.04,connection_error: 
2026-09-11T20:29:58.197694+00:00,0,11124.31,connection_error: 
2026-09-11T20:29:40.258134+00:00,0,29093.93,timeout
2026-09-11T20:29:57.818073+00:00,0,11649.16,connection_error: 
2026-09-11T20:29:58.236508+00:00,0,11236.84,connection_error: 
2026-09-11T20:29:58.263340+00:00,0,11218.55,connection_error: 
2026-09-11T20:29:58.369619+00:00,0,11122.60,timeout
2026-09-11T20:29:57.844697+00:00,0,11656.06,timeout
2026-09-11T20:29:50.303311+00:00,201,19405.13,
2026-09-11T20:29:57.753694+00:00,201,11958.20,
2026-09-11T20:29:58.430845+00:00,0,11410.95,timeout
2026-09-11T20:29:58.444318+00:00,0,11401.48,timeout
2026-09-11T20:29:58.471772+00:00,0,11375.62,timeout
2026-09-11T20:29:58.485070+00:00,0,11367.89,timeout
2026-09-11T20:29:58.497210+00:00,0,11359.58,timeout
2026-09-11T20:29:58.462922+00:00,0,11397.83,timeout
2026-09-11T20:29:58.535286+00:00,0,11326.59,timeout
2026-09-11T20:29:58.545933+00:00,0,11323.30,timeout
2026-09-11T20:29:58.581523+00:00,0,11292.97,timeout
2026-09-11T20:29:58.545933+00:00,0,11324.77,timeout
2026-09-11T20:29:58.558250+00:00,0,11321.84,timeout
2026-09-11T20:29:58.561826+00:00,0,11318.56,timeout
2026-09-11T20:29:58.591911+00:00,0,11293.79,timeout
2026-09-11T20:29:58.570243+00:00,0,11318.29,timeout
2026-09-11T20:29:58.591911+00:00,0,11293.00,timeout
2026-09-11T20:29:58.606821+00:00,0,11285.71,timeout
2026-09-11T20:29:58.606821+00:00,0,11283.01,timeout
2026-09-11T20:29:58.617385+00:00,0,11275.94,timeout
2026-09-11T20:29:58.599494+00:00,0,11297.43,timeout
2026-09-11T20:29:58.617385+00:00,0,11285.16,timeout
2026-09-11T20:29:58.627072+00:00,0,11277.62,timeout
2026-09-11T20:29:58.643482+00:00,0,11252.48,timeout
2026-09-11T20:29:58.674515+00:00,0,11233.49,timeout
2026-09-11T20:29:58.661639+00:00,0,11250.02,timeout
2026-09-11T20:29:58.574323+00:00,0,11337.33,timeout
2026-09-11T20:29:58.661639+00:00,0,11250.11,timeout
2026-09-11T20:29:58.643482+00:00,0,11274.32,timeout
2026-09-11T20:29:58.586144+00:00,0,11334.59,timeout
2026-09-11T20:29:58.661639+00:00,0,11252.27,timeout
2026-09-11T20:29:58.643482+00:00,0,11276.40,timeout
2026-09-11T20:29:58.690313+00:00,0,11236.08,timeout
2026-09-11T20:29:58.628670+00:00,0,11297.80,timeout
2026-09-11T20:29:58.683639+00:00,0,11247.03,timeout
2026-09-11T20:29:58.636100+00:00,0,11295.65,timeout
2026-09-11T20:29:58.674515+00:00,0,11256.01,timeout
2026-09-11T20:29:58.706124+00:00,0,11232.40,timeout
2026-09-11T20:29:58.695215+00:00,0,11244.02,timeout
2026-09-11T20:29:58.728760+00:00,0,11207.10,timeout
2026-09-11T20:29:58.709157+00:00,0,11229.69,timeout
2026-09-11T20:29:58.716196+00:00,0,11227.29,timeout
2026-09-11T20:29:58.723936+00:00,0,11224.25,timeout
2026-09-11T20:29:58.754650+00:00,0,11194.62,timeout
2026-09-11T20:29:58.763757+00:00,0,11192.80,timeout
2026-09-11T20:29:58.709157+00:00,0,11247.34,timeout
2026-09-11T20:29:58.698256+00:00,0,11258.85,timeout
2026-09-11T20:29:58.744454+00:00,0,11212.17,timeout
2026-09-11T20:29:58.736655+00:00,0,11223.66,timeout
2026-09-11T20:29:58.744454+00:00,0,11220.98,timeout
2026-09-11T20:29:58.728760+00:00,0,11239.26,timeout
2026-09-11T20:29:57.830083+00:00,0,12953.96,connection_error: 
2026-09-11T20:29:57.832874+00:00,0,12950.76,connection_error: 
2026-09-11T20:29:59.749844+00:00,0,11067.62,timeout
2026-09-11T20:29:59.721128+00:00,0,11098.24,timeout
2026-09-11T20:29:59.757963+00:00,0,11062.42,timeout
2026-09-11T20:29:59.794915+00:00,0,11030.63,timeout
2026-09-11T20:29:59.768695+00:00,0,11057.61,timeout
2026-09-11T20:29:59.835030+00:00,0,10992.07,timeout
2026-09-11T20:29:59.784801+00:00,0,11046.99,timeout
2026-09-11T20:29:59.804124+00:00,0,11029.47,timeout
2026-09-11T20:29:59.757963+00:00,0,11071.28,timeout
2026-09-11T20:29:59.816794+00:00,0,11020.43,timeout
2026-09-11T20:29:59.829839+00:00,0,11009.27,timeout
2026-09-11T20:29:59.804124+00:00,0,11034.26,timeout
2026-09-11T20:29:59.890703+00:00,0,10952.77,timeout
2026-09-11T20:29:59.853588+00:00,0,10984.20,timeout
2026-09-11T20:29:59.853588+00:00,0,10996.22,timeout
2026-09-11T20:29:59.901555+00:00,0,10949.92,timeout
2026-09-11T20:29:59.853588+00:00,0,10995.77,timeout
2026-09-11T20:29:59.864811+00:00,0,10988.15,timeout
2026-09-11T20:29:59.835030+00:00,0,11014.62,timeout
2026-09-11T20:29:59.872249+00:00,0,10987.65,timeout
2026-09-11T20:29:59.874040+00:00,0,10984.94,timeout
2026-09-11T20:29:59.880586+00:00,0,10982.67,timeout
2026-09-11T20:29:59.880586+00:00,0,10979.18,timeout
2026-09-11T20:29:59.896502+00:00,0,10971.86,timeout
2026-09-11T20:29:59.848834+00:00,0,11022.86,timeout
2026-09-11T20:29:59.901555+00:00,0,10962.30,timeout
2026-09-11T20:29:59.818806+00:00,0,11048.24,timeout
2026-09-11T20:29:59.911637+00:00,0,10961.80,timeout
2026-09-11T20:29:59.901555+00:00,0,10973.08,timeout
2026-09-11T20:29:59.804124+00:00,0,11068.41,timeout
2026-09-11T20:29:59.948913+00:00,0,10927.55,timeout
2026-09-11T20:29:59.818806+00:00,0,11063.32,timeout
2026-09-11T20:29:59.930973+00:00,0,10956.91,timeout
2026-09-11T20:29:59.911637+00:00,0,10964.28,timeout
2026-09-11T20:29:59.948913+00:00,0,10940.61,timeout
2026-09-11T20:29:59.930973+00:00,0,10957.70,timeout
2026-09-11T20:29:59.975327+00:00,0,10918.21,timeout
2026-09-11T20:29:59.979561+00:00,0,10914.88,timeout
2026-09-11T20:29:59.962237+00:00,0,10933.49,timeout
2026-09-11T20:29:59.930973+00:00,0,10961.41,timeout
2026-09-11T20:29:59.971777+00:00,0,10932.56,timeout
2026-09-11T20:29:59.991236+00:00,0,10915.03,timeout
2026-09-11T20:29:59.962237+00:00,0,10947.62,timeout
2026-09-11T20:29:59.943299+00:00,0,10965.00,timeout
2026-09-11T20:29:59.997296+00:00,0,10914.97,timeout
2026-09-11T20:29:59.997296+00:00,0,10910.13,timeout
2026-09-11T20:30:00.007747+00:00,0,10901.32,timeout
2026-09-11T20:29:59.911637+00:00,0,10999.04,timeout
2026-09-11T20:30:00.070794+00:00,0,11185.37,timeout
2026-09-11T20:30:00.098935+00:00,0,11169.78,timeout
2026-09-11T20:30:00.607167+00:00,0,10664.00,timeout
2026-09-11T20:30:00.607167+00:00,0,10659.49,timeout
2026-09-11T20:30:00.622921+00:00,0,10654.77,timeout
2026-09-11T20:30:00.623934+00:00,0,10649.95,timeout
2026-09-11T20:30:00.630752+00:00,0,10647.96,timeout
2026-09-11T20:30:00.643358+00:00,0,10644.08,timeout
2026-09-11T20:29:58.832856+00:00,0,12520.51,connection_error: 
2026-09-11T20:30:09.709378+00:00,0,1659.33,connection_error: 
2026-09-11T20:29:58.866405+00:00,201,14005.00,
2026-09-11T20:29:58.880436+00:00,201,13999.71,
2026-09-11T20:29:58.925606+00:00,201,13961.28,
2026-09-11T20:29:58.880436+00:00,201,14008.58,
2026-09-11T20:29:58.850223+00:00,201,14039.64,
2026-09-11T20:29:58.896320+00:00,201,14007.36,
2026-09-11T20:29:58.896320+00:00,201,14021.01,
2026-09-11T20:29:58.887368+00:00,201,14034.46,
2026-09-11T20:29:58.928673+00:00,201,13997.92,
2026-09-11T20:29:58.872361+00:00,201,14067.53,
2026-09-11T20:29:58.905540+00:00,201,14044.99,
2026-09-11T20:29:58.928673+00:00,201,14031.26,
2026-09-11T20:29:58.928673+00:00,201,14032.48,
2026-09-11T20:29:59.014480+00:00,201,13968.11,
2026-09-11T20:29:58.945852+00:00,201,14037.56,
2026-09-11T20:29:58.982280+00:00,201,14016.82,
2026-09-11T20:29:58.945852+00:00,201,14062.82,
2026-09-11T20:29:58.945852+00:00,201,14079.06,
2026-09-11T20:29:58.912403+00:00,201,14124.29,
2026-09-11T20:29:58.992661+00:00,201,14053.65,
2026-09-11T20:29:58.964465+00:00,201,14096.36,
2026-09-11T20:29:58.914810+00:00,201,14154.35,
2026-09-11T20:29:58.982280+00:00,201,14095.42,
2026-09-11T20:29:59.030515+00:00,201,14065.25,
2026-09-11T20:29:58.959844+00:00,201,14154.60,
2026-09-11T20:29:59.009385+00:00,201,14118.56,
2026-09-11T20:29:58.998206+00:00,201,14140.44,
2026-09-11T20:29:59.023908+00:00,201,14277.57,
2026-09-11T20:29:59.017004+00:00,201,14299.48,
2026-09-11T20:29:58.964465+00:00,201,14362.98,
2026-09-11T20:29:58.975528+00:00,201,14368.18,
2026-09-11T20:29:59.054971+00:00,201,14309.69,
2026-09-11T20:29:59.161658+00:00,201,14224.40,
2026-09-11T20:29:59.057218+00:00,201,14358.35,
2026-09-11T20:29:59.171176+00:00,201,14264.00,
2026-09-11T20:29:59.249289+00:00,201,14206.67,
2026-09-11T20:29:59.102506+00:00,201,14365.78,
2026-09-11T20:29:59.097405+00:00,201,14394.18,
2026-09-11T20:29:59.070866+00:00,201,14432.49,
2026-09-11T20:29:59.039287+00:00,201,14481.41,
2026-09-11T20:29:58.998206+00:00,201,14543.71,
2026-09-11T20:29:59.134574+00:00,201,14419.02,
2026-09-11T20:29:58.975528+00:00,201,14601.44,
2026-09-11T20:29:59.229881+00:00,201,14358.46,
2026-09-11T20:29:59.129138+00:00,201,14480.19,
2026-09-11T20:29:59.205522+00:00,201,14422.69,
2026-09-11T20:29:59.296968+00:00,201,14349.78,
2026-09-11T20:29:59.197159+00:00,201,14468.57,
2026-09-11T20:29:59.279609+00:00,201,14398.11,
2026-09-11T20:29:59.240960+00:00,201,14460.45,
2026-09-11T20:29:59.356304+00:00,201,14356.60,
2026-09-11T20:29:59.086830+00:00,201,14659.08,
2026-09-11T20:29:59.249289+00:00,201,14512.03,
2026-09-11T20:29:59.261362+00:00,201,14528.73,
2026-09-11T20:29:59.152620+00:00,201,14660.38,
2026-09-11T20:29:59.261362+00:00,201,14566.94,
2026-09-11T20:29:59.185785+00:00,201,14666.87,
2026-09-11T20:29:59.212883+00:00,201,14660.96,
2026-09-11T20:29:59.298516+00:00,201,14596.84,
2026-09-11T20:29:59.340369+00:00,201,14603.74,
2026-09-11T20:29:59.277082+00:00,201,14719.60,
2026-09-11T20:29:59.308729+00:00,201,14725.98,
2026-09-11T20:29:59.372013+00:00,201,14690.17,
2026-09-11T20:29:59.261362+00:00,201,14814.82,
2026-09-11T20:29:59.334776+00:00,201,14771.49,
2026-09-11T20:29:59.315677+00:00,201,14810.46,
2026-09-11T20:29:59.315677+00:00,201,14841.94,
2026-09-11T20:29:59.329261+00:00,201,14852.62,
2026-09-11T20:29:59.118514+00:00,201,15093.77,
2026-09-11T20:29:59.344400+00:00,201,14892.67,
2026-09-11T20:29:59.356304+00:00,201,14904.62,
2026-09-11T20:29:59.324445+00:00,201,14965.54,
2026-09-11T20:29:59.396981+00:00,201,14932.18,
2026-09-11T20:29:59.393351+00:00,201,14970.09,
2026-09-11T20:29:59.388122+00:00,201,15007.29,
2026-09-11T20:29:59.279609+00:00,201,15139.89,
2026-09-11T20:29:59.375304+00:00,201,15160.87,
2026-09-11T20:29:59.222433+00:00,201,15361.49,
2026-09-11T20:29:59.664473+00:00,201,14964.83,
2026-09-11T20:29:59.673431+00:00,201,14986.64,
2026-09-11T20:29:59.400060+00:00,201,15291.05,
2026-09-11T20:29:59.658275+00:00,201,15063.66,
2026-09-11T20:29:59.642865+00:00,201,15119.32,
2026-09-11T20:29:59.375304+00:00,201,15415.91,
2026-09-11T20:29:59.279609+00:00,201,15548.90,
2026-09-11T20:29:59.636932+00:00,201,15230.65,
2026-09-11T20:29:59.344400+00:00,201,15549.42,
2026-09-11T20:29:59.409402+00:00,201,15523.16,
2026-09-11T20:29:59.646404+00:00,201,15312.41,
2026-09-11T20:29:59.705021+00:00,201,15292.20,
2026-09-11T20:29:59.664473+00:00,201,15357.86,
2026-09-11T20:29:59.752888+00:00,201,15310.32,
2026-09-11T20:29:59.409402+00:00,201,15687.17,
2026-09-11T20:29:59.646404+00:00,201,15491.42,
2026-09-11T20:29:59.683574+00:00,201,15489.66,
2026-09-11T20:29:59.776769+00:00,201,15434.06,
2026-09-11T20:29:59.689192+00:00,201,15555.41,
2026-09-11T20:29:59.646404+00:00,201,15626.36,
2026-09-11T20:29:59.737165+00:00,201,15576.63,
2026-09-11T20:29:59.689192+00:00,201,15651.51,
2026-09-11T20:29:59.710739+00:00,201,15673.10,
2026-09-11T20:29:59.768695+00:00,201,15649.99,
2026-09-11T20:29:59.729803+00:00,201,15737.04,
2026-09-11T20:29:59.721128+00:00,201,15788.06,
2026-09-11T20:29:59.737165+00:00,201,15808.52,
2026-09-11T20:29:59.794915+00:00,201,15791.31,
2026-09-11T20:29:59.784801+00:00,201,15838.10,
2026-09-11T20:29:59.673431+00:00,201,15981.91,
2026-09-11T20:30:00.960828+00:00,201,18497.61,
2026-09-11T20:30:00.978209+00:00,201,18488.84,
2026-09-11T20:30:00.954281+00:00,201,18518.36,
2026-09-11T20:30:06.037812+00:00,201,13431.87,
2026-09-11T20:30:00.978209+00:00,201,18501.23,
2026-09-11T20:30:06.021062+00:00,201,13466.13,
2026-09-11T20:30:06.037812+00:00,201,13458.41,
2026-09-11T20:30:00.936505+00:00,201,18570.24,
2026-09-11T20:30:06.030472+00:00,201,13551.36,
2026-09-11T20:30:06.021062+00:00,201,13566.79,
2026-09-11T20:30:06.037812+00:00,201,13803.40,
2026-09-11T20:30:06.052867+00:00,201,13791.23,
2026-09-11T20:30:06.052867+00:00,201,13807.97,
2026-09-11T20:30:06.052867+00:00,201,13803.10,
2026-09-11T20:30:06.052867+00:00,201,13816.93,
2026-09-11T20:30:06.037812+00:00,201,13844.75,
2026-09-11T20:30:06.052867+00:00,201,13841.28,
2026-09-11T20:30:06.030472+00:00,201,13875.09,
2026-09-11T20:30:06.037812+00:00,201,13868.59,
2026-09-11T20:30:06.068704+00:00,201,13860.09,
2026-09-11T20:30:06.068704+00:00,201,13939.46,
2026-09-11T20:30:06.068704+00:00,201,13965.89,
2026-09-11T20:30:06.068704+00:00,201,13978.42,
2026-09-11T20:30:06.084653+00:00,201,13986.25,
2026-09-11T20:30:06.084653+00:00,201,13986.07,
2026-09-11T20:30:06.084653+00:00,201,14009.27,
2026-09-11T20:30:06.068704+00:00,201,14028.85,
2026-09-11T20:30:06.052867+00:00,201,14057.51,
2026-09-11T20:30:06.084653+00:00,201,14043.58,
2026-09-11T20:30:06.068704+00:00,201,14077.25,
2026-09-11T20:30:06.116189+00:00,201,14042.38,
2026-09-11T20:30:06.084653+00:00,201,14089.58,
2026-09-11T20:30:06.100523+00:00,201,14094.36,
2026-09-11T20:30:06.100523+00:00,201,14111.07,
2026-09-11T20:30:06.068704+00:00,201,14154.88,
2026-09-11T20:30:06.116189+00:00,201,14122.58,
2026-09-11T20:30:06.147618+00:00,201,14120.35,
2026-09-11T20:30:06.116189+00:00,201,14169.20,
2026-09-11T20:30:06.116189+00:00,201,14190.71,
2026-09-11T20:30:06.084653+00:00,201,14238.76,
2026-09-11T20:30:06.116189+00:00,201,14231.58,
2026-09-11T20:30:06.116189+00:00,201,14247.21,
2026-09-11T20:30:06.147618+00:00,201,14223.37,
2026-09-11T20:30:06.100523+00:00,201,14304.65,
2026-09-11T20:30:06.147618+00:00,201,14277.21,
2026-09-11T20:30:06.147618+00:00,201,14297.78,
2026-09-11T20:30:06.100523+00:00,201,14364.35,
2026-09-11T20:30:06.135712+00:00,201,14366.53,
2026-09-11T20:30:06.147618+00:00,201,14377.75,
2026-09-11T20:30:06.136247+00:00,201,14571.28,
2026-09-11T20:30:06.147618+00:00,201,14578.61,
2026-09-11T20:30:06.147618+00:00,201,14623.45,
2026-09-11T20:30:06.163690+00:00,201,14677.40,
2026-09-11T20:30:06.203516+00:00,201,14677.14,
2026-09-11T20:30:06.116189+00:00,201,14788.47,
2026-09-11T20:30:06.203516+00:00,201,14750.48,
2026-09-11T20:30:06.131953+00:00,201,14853.08,
2026-09-11T20:30:06.136247+00:00,201,14872.37,
2026-09-11T20:30:06.179499+00:00,201,14854.41,
2026-09-11T20:30:06.163690+00:00,201,14887.98,
2026-09-11T20:30:06.100523+00:00,201,14979.89,
2026-09-11T20:30:06.179499+00:00,201,14932.43,
2026-09-11T20:30:06.163690+00:00,201,14968.23,
2026-09-11T20:30:06.179499+00:00,201,14979.89,
2026-09-11T20:30:06.084653+00:00,201,15091.88,
2026-09-11T20:30:06.136247+00:00,201,15068.03,
2026-09-11T20:30:06.100523+00:00,201,15127.91,
2026-09-11T20:30:06.191447+00:00,201,15073.52,
2026-09-11T20:30:06.136247+00:00,201,15148.42,
2026-09-11T20:30:06.211900+00:00,201,15105.12,
2026-09-11T20:30:06.195527+00:00,201,15145.04,
2026-09-11T20:30:06.203516+00:00,201,15164.44,
2026-09-11T20:30:06.116189+00:00,201,15273.03,
2026-09-11T20:30:06.147618+00:00,201,15275.16,
2026-09-11T20:30:06.211900+00:00,201,15240.40,
2026-09-11T20:30:06.163690+00:00,201,15308.69,
2026-09-11T20:30:06.179499+00:00,201,15328.72,
2026-09-11T20:30:06.236320+00:00,201,15451.27,
2026-09-11T20:30:06.136247+00:00,201,15576.94,
2026-09-11T20:30:06.100523+00:00,201,15645.25,
2026-09-11T20:30:06.163690+00:00,201,15644.00,
2026-09-11T20:30:06.195527+00:00,201,15656.45,
2026-09-11T20:30:06.191447+00:00,201,15700.80,
2026-09-11T20:30:06.236320+00:00,201,15702.12,
2026-09-11T20:30:06.163690+00:00,201,15808.12,
2026-09-11T20:30:06.163690+00:00,201,15859.93,
2026-09-11T20:30:06.195527+00:00,201,15892.81,
2026-09-11T20:30:06.195527+00:00,201,15953.16,
2026-09-11T20:30:06.240876+00:00,201,15951.05,
2026-09-11T20:30:06.211900+00:00,201,16008.62,
2026-09-11T20:30:06.227131+00:00,201,16042.22,
2026-09-11T20:30:06.274872+00:00,201,16028.22,
2026-09-11T20:30:06.230944+00:00,201,16112.83,
2026-09-11T20:30:06.258862+00:00,201,16112.47,
2026-09-11T20:30:06.211900+00:00,201,16204.98,
2026-09-11T20:30:06.230944+00:00,201,16220.61,
2026-09-11T20:30:06.258862+00:00,201,16234.67,
2026-09-11T20:30:06.230944+00:00,201,16299.75,
2026-09-11T20:30:06.243463+00:00,201,16318.22,
2026-09-11T20:30:06.211900+00:00,201,16391.03,
2026-09-11T20:30:06.274872+00:00,201,16355.10,
2026-09-11T20:30:06.258862+00:00,201,16419.07,
2026-09-11T20:30:06.211900+00:00,201,16499.72,
2026-09-11T20:30:06.189819+00:00,201,16576.91,
2026-09-11T20:30:06.211900+00:00,201,16586.71,
2026-09-11T20:30:06.258862+00:00,201,16585.86,
2026-09-11T20:30:06.274872+00:00,201,16623.27,
2026-09-11T20:30:06.258862+00:00,201,16680.26,
2026-09-11T20:30:06.243463+00:00,201,16706.09,
2026-09-11T20:30:06.243463+00:00,201,16737.87,
2026-09-11T20:30:06.243463+00:00,201,16754.51,
2026-09-11T20:30:06.274872+00:00,201,16745.34,
2026-09-11T20:30:06.290881+00:00,201,16745.13,
2026-09-11T20:30:06.243463+00:00,201,16824.11,
2026-09-11T20:30:06.243463+00:00,201,17192.60,
2026-09-11T20:30:06.274872+00:00,201,17172.86,
2026-09-11T20:30:06.274872+00:00,201,17192.36,
2026-09-11T20:30:06.274872+00:00,201,17227.64,
2026-09-11T20:30:06.290881+00:00,201,17226.46,
2026-09-11T20:30:06.243463+00:00,201,17292.48,
2026-09-11T20:30:06.290881+00:00,201,17274.36,
2026-09-11T20:30:06.258862+00:00,201,17323.31,
2026-09-11T20:30:06.274872+00:00,201,17334.97,
2026-09-11T20:30:06.306962+00:00,201,17331.98,
2026-09-11T20:30:06.258862+00:00,201,17393.95,
2026-09-11T20:30:06.290881+00:00,201,17393.60,
2026-09-11T20:30:06.290881+00:00,201,17410.83,
2026-09-11T20:30:06.306962+00:00,201,17424.04,
2026-09-11T20:30:06.306962+00:00,201,17443.19,
2026-09-11T20:30:06.306962+00:00,201,17473.12,
2026-09-11T20:30:06.290881+00:00,201,17511.89,
2026-09-11T20:30:06.306962+00:00,201,17514.41,
2026-09-11T20:30:06.322631+00:00,201,17521.08,
2026-09-11T20:30:06.306962+00:00,201,17554.72,
2026-09-11T20:30:06.336483+00:00,201,17559.34,
2026-09-11T20:30:06.290881+00:00,201,17615.72,
2026-09-11T20:30:06.322631+00:00,201,17607.13,
2026-09-11T20:30:06.322631+00:00,201,17638.14,
2026-09-11T20:30:06.322631+00:00,201,17662.76,
2026-09-11T20:30:06.306962+00:00,201,17687.55,
2026-09-11T20:30:06.322631+00:00,201,17705.34,
2026-09-11T20:30:06.354461+00:00,201,18126.80,
2026-09-11T20:30:06.338506+00:00,201,18223.96,
2026-09-11T20:30:06.338506+00:00,201,18262.86,
2026-09-11T20:30:06.338506+00:00,201,18304.41,
2026-09-11T20:30:06.338506+00:00,201,18324.17,
2026-09-11T20:30:06.338506+00:00,201,18353.24,
2026-09-11T20:30:06.354461+00:00,201,18372.26,
2026-09-11T20:30:06.354461+00:00,201,18384.21,
2026-09-11T20:30:06.370127+00:00,201,18405.45,
2026-09-11T20:30:06.354461+00:00,201,18437.25,
2026-09-11T20:30:06.370127+00:00,201,18452.16,
2026-09-11T20:30:06.385869+00:00,201,18462.05,
2026-09-11T20:30:06.385869+00:00,201,18629.18,
2026-09-11T20:30:06.403663+00:00,201,18628.45,
2026-09-11T20:30:06.403663+00:00,201,18917.74,
2026-09-11T20:30:06.403663+00:00,201,19003.35,
2026-09-11T20:30:06.403663+00:00,201,19073.27,
2026-09-11T20:30:06.436833+00:00,201,19419.37,
2026-09-11T20:30:06.449135+00:00,201,19423.86,
2026-09-11T20:30:06.496633+00:00,201,19412.33,
2026-09-11T20:30:06.449135+00:00,201,19474.04,
2026-09-11T20:30:06.417881+00:00,201,19521.36,
2026-09-11T20:30:06.436833+00:00,201,19523.09,
2026-09-11T20:30:06.464850+00:00,201,19510.86,
2026-09-11T20:30:06.480874+00:00,201,19505.71,
2026-09-11T20:30:06.496633+00:00,201,19503.54,
2026-09-11T20:30:06.496633+00:00,201,19527.30,
2026-09-11T20:30:06.512302+00:00,201,19527.87,
2026-09-11T20:30:06.496633+00:00,201,19545.24,
2026-09-11T20:30:06.464850+00:00,201,19597.24,
2026-09-11T20:30:06.535671+00:00,201,19544.53,
2026-09-11T20:30:06.557032+00:00,201,19535.38,
2026-09-11T20:30:06.559694+00:00,201,19686.66,
2026-09-11T20:30:06.555479+00:00,201,19721.85,
2026-09-11T20:30:06.608003+00:00,201,19665.94,
2026-09-11T20:30:06.543744+00:00,201,19762.98,
2026-09-11T20:30:06.575637+00:00,201,19738.92,
2026-09-11T20:30:06.623240+00:00,201,19701.59,
2026-09-11T20:30:06.632005+00:00,201,19701.95,
2026-09-11T20:30:06.559694+00:00,201,19774.69,
2026-09-11T20:30:06.623240+00:00,201,19731.38,
2026-09-11T20:30:06.623240+00:00,201,19734.22,
2026-09-11T20:30:06.591308+00:00,201,19768.92,
2026-09-11T20:30:06.543744+00:00,201,19825.28,
2026-09-11T20:30:06.670646+00:00,201,19704.69,
2026-09-11T20:30:06.654879+00:00,201,19724.32,
2026-09-11T20:30:06.702227+00:00,201,19682.54,
2026-09-11T20:30:06.718375+00:00,201,19668.97,
2026-09-11T20:30:06.718375+00:00,201,19665.70,
2026-09-11T20:30:06.702227+00:00,201,19690.14,
2026-09-11T20:30:06.608003+00:00,201,19789.98,
2026-09-11T20:30:06.742807+00:00,201,19664.49,
2026-09-11T20:30:06.743850+00:00,201,19663.33,
2026-09-11T20:30:06.686314+00:00,201,19717.37,
2026-09-11T20:30:06.743850+00:00,201,19675.86,
2026-09-11T20:30:06.718375+00:00,201,19708.28,
2026-09-11T20:30:06.702227+00:00,201,19721.40,
2026-09-11T20:30:06.749876+00:00,201,19677.39,
2026-09-11T20:30:06.749876+00:00,201,19677.82,
2026-09-11T20:30:06.765724+00:00,201,19663.26,
2026-09-11T20:30:06.781484+00:00,201,19664.78,
2026-09-11T20:30:06.702227+00:00,201,19744.40,
2026-09-11T20:30:06.804033+00:00,201,19655.66,
2026-09-11T20:30:06.765724+00:00,201,19691.75,
2026-09-11T20:30:06.832550+00:00,201,19639.82,
2026-09-11T20:30:06.781484+00:00,201,19690.85,
2026-09-11T20:30:06.781484+00:00,201,19683.88,
2026-09-11T20:30:06.765724+00:00,201,19718.28,
2026-09-11T20:30:06.804033+00:00,201,19685.62,
2026-09-11T20:30:06.837743+00:00,201,19657.17,
2026-09-11T20:30:06.670646+00:00,201,19828.57,
2026-09-11T20:30:06.860381+00:00,201,19644.64,
2026-09-11T20:30:06.846456+00:00,201,19660.53,
2026-09-11T20:30:06.837743+00:00,201,19675.86,
2026-09-11T20:30:06.832550+00:00,201,19697.36,
2026-09-11T20:30:06.846456+00:00,201,19681.97,
2026-09-11T20:30:06.882279+00:00,201,19646.26,
2026-09-11T20:30:06.860381+00:00,201,19675.77,
2026-09-11T20:30:06.909522+00:00,201,19640.84,
2026-09-11T20:30:06.892327+00:00,201,19656.91,
2026-09-11T20:30:06.882279+00:00,201,19672.92,
2026-09-11T20:30:06.813905+00:00,201,19740.23,
2026-09-11T20:30:06.909522+00:00,201,19653.64,
2026-09-11T20:30:06.892327+00:00,201,19667.41,
2026-09-11T20:30:06.876193+00:00,201,19694.78,
2026-09-11T20:30:06.322631+00:00,201,20548.63,
2026-09-11T20:30:06.338506+00:00,201,20537.77,
2026-09-11T20:30:06.417881+00:00,201,20459.50,
2026-09-11T20:30:06.403663+00:00,201,20477.22,
2026-09-11T20:30:06.385869+00:00,201,20492.71,
2026-09-11T20:30:06.436833+00:00,201,20442.23,
2026-09-11T20:30:06.370127+00:00,201,20510.68,
2026-09-11T20:30:06.403663+00:00,201,20473.82,
2026-09-11T20:30:06.449135+00:00,201,20420.00,
2026-09-11T20:30:06.354461+00:00,201,20520.01,
2026-09-11T20:30:06.403663+00:00,201,20465.68,
2026-09-11T20:30:06.436833+00:00,201,20435.59,
2026-09-11T20:30:06.417881+00:00,201,20473.20,
2026-09-11T20:30:06.464850+00:00,201,20425.20,
2026-09-11T20:30:06.436833+00:00,201,20461.39,
2026-09-11T20:30:06.480874+00:00,201,20414.11,
2026-09-11T20:30:06.512302+00:00,201,20399.78,
2026-09-11T20:30:06.512302+00:00,201,20409.50,
2026-09-11T20:30:06.608003+00:00,201,20317.76,
2026-09-11T20:30:06.623240+00:00,201,20306.52,
2026-09-11T20:30:06.575637+00:00,201,20345.74,
2026-09-11T20:30:06.607433+00:00,201,20324.08,
2026-09-11T20:30:06.608003+00:00,201,20310.44,
2026-09-11T20:30:06.575637+00:00,201,20342.89,
2026-09-11T20:30:06.559694+00:00,201,20363.95,
2026-09-11T20:30:06.639613+00:00,201,20287.50,
2026-09-11T20:30:06.639613+00:00,201,20285.51,
2026-09-11T20:30:06.639613+00:00,201,20290.19,
2026-09-11T20:30:06.591308+00:00,201,20342.85,
2026-09-11T20:30:06.639613+00:00,201,20283.81,
2026-09-11T20:30:06.639076+00:00,201,20295.47,
2026-09-11T20:30:06.670646+00:00,201,20254.78,
2026-09-11T20:30:06.654879+00:00,201,20266.68,
2026-09-11T20:30:06.654879+00:00,201,20278.75,
2026-09-11T20:30:06.639613+00:00,201,20283.53,
2026-09-11T20:30:06.670646+00:00,201,20260.85,
2026-09-11T20:30:06.670646+00:00,201,20265.88,
2026-09-11T20:30:06.686314+00:00,201,20245.52,
2026-09-11T20:30:06.670646+00:00,201,20255.32,
2026-09-11T20:30:06.702227+00:00,201,20222.53,
2026-09-11T20:30:06.736498+00:00,201,20202.56,
2026-09-11T20:30:06.686314+00:00,201,20238.52,
2026-09-11T20:30:06.686314+00:00,201,20252.26,
2026-09-11T20:30:06.686314+00:00,201,20241.14,
2026-09-11T20:30:06.702227+00:00,201,20226.30,
2026-09-11T20:30:06.686314+00:00,201,20244.28,
2026-09-11T20:30:06.718375+00:00,201,20220.69,
2026-09-11T20:30:06.654879+00:00,201,20275.23,
2026-09-11T20:30:06.781484+00:00,201,20156.57,
2026-09-11T20:30:06.781484+00:00,201,20152.57,
2026-09-11T20:30:06.797556+00:00,201,20141.29,
2026-09-11T20:30:06.749876+00:00,201,20192.63,
2026-09-11T20:30:06.813905+00:00,201,20121.20,
2026-09-11T20:30:06.765724+00:00,201,20165.94,
2026-09-11T20:30:06.837743+00:00,201,20104.19,
2026-09-11T20:30:06.828985+00:00,201,20113.63,
2026-09-11T20:30:06.781484+00:00,201,20153.44,
2026-09-11T20:30:06.846456+00:00,201,20092.50,
2026-09-11T20:30:06.749876+00:00,201,20182.35,
2026-09-11T20:30:06.828985+00:00,201,20117.92,
2026-09-11T20:30:06.882279+00:00,201,20060.30,
2026-09-11T20:30:06.813905+00:00,201,20127.55,
2026-09-11T20:30:06.781484+00:00,201,20153.70,
2026-09-11T20:30:06.804033+00:00,201,20144.50,
2026-09-11T20:30:06.892327+00:00,201,20054.75,
2026-09-11T20:30:06.882279+00:00,201,20058.35,
2026-09-11T20:30:08.095218+00:00,201,19093.63,
2026-09-11T20:30:08.063565+00:00,201,19127.15,
2026-09-11T20:30:08.079562+00:00,201,19112.97,
2026-09-11T20:30:08.110936+00:00,201,19078.64,
2026-09-11T20:30:08.079562+00:00,201,19104.11,
2026-09-11T20:30:08.063565+00:00,201,19132.16,
2026-09-11T20:30:08.063565+00:00,201,19127.25,
2026-09-11T20:30:08.095218+00:00,201,19100.27,
2026-09-11T20:30:08.126732+00:00,201,19075.81,
2026-09-11T20:30:08.110936+00:00,201,19096.80,
2026-09-11T20:30:08.079562+00:00,201,19131.93,
2026-09-11T20:30:08.126732+00:00,201,19082.27,
2026-09-11T20:30:08.079562+00:00,201,19125.19,
2026-09-11T20:30:08.142186+00:00,201,19075.04,
2026-09-11T20:30:08.095218+00:00,201,19120.88,
2026-09-11T20:30:08.142186+00:00,201,19085.63,
2026-09-11T20:30:08.110936+00:00,201,19111.32,
2026-09-11T20:30:08.158064+00:00,201,19076.28,
2026-09-11T20:30:08.174187+00:00,201,19069.63,
2026-09-11T20:30:08.142186+00:00,201,19111.17,
2026-09-11T20:30:08.142186+00:00,201,19101.29,
2026-09-11T20:30:08.193053+00:00,201,19065.15,
2026-09-11T20:30:08.142186+00:00,201,19125.94,
2026-09-11T20:30:08.174187+00:00,201,19097.34,
2026-09-11T20:30:08.222172+00:00,201,19055.43,
2026-09-11T20:30:08.206859+00:00,201,19065.75,
2026-09-11T20:30:08.206859+00:00,201,19084.36,
2026-09-11T20:30:08.138411+00:00,201,19159.05,
2026-09-11T20:30:08.158064+00:00,201,19129.60,
2026-09-11T20:30:08.284993+00:00,201,19002.98,
2026-09-11T20:30:08.300654+00:00,201,18988.93,
2026-09-11T20:30:08.271185+00:00,201,19024.89,
2026-09-11T20:30:08.300654+00:00,201,19002.18,
2026-09-11T20:30:08.316297+00:00,201,18991.45,
2026-09-11T20:30:08.242183+00:00,201,19073.84,
2026-09-11T20:30:08.284993+00:00,201,19027.60,
2026-09-11T20:30:08.234503+00:00,201,19089.78,
2026-09-11T20:30:08.338815+00:00,201,18990.82,
2026-09-11T20:30:08.316297+00:00,201,19005.43,
2026-09-11T20:30:08.351542+00:00,201,18981.65,
2026-09-11T20:30:08.331971+00:00,201,19002.39,
2026-09-11T20:30:08.316297+00:00,201,19020.13,
2026-09-11T20:30:08.300654+00:00,201,19041.15,
2026-09-11T20:30:08.253525+00:00,201,19082.93,
2026-09-11T20:30:08.331971+00:00,201,19018.25,
2026-09-11T20:30:08.347922+00:00,201,19005.80,
2026-09-11T20:30:08.342459+00:00,201,19012.83,
2026-09-11T20:30:08.271185+00:00,201,19075.43,
2026-09-11T20:30:08.410733+00:00,201,18956.45,
2026-09-11T20:30:08.407097+00:00,201,18966.85,
2026-09-11T20:30:08.361422+00:00,201,19014.14,
2026-09-11T20:30:08.347922+00:00,201,19035.71,
2026-09-11T20:30:08.418578+00:00,201,18969.25,
2026-09-11T20:30:08.300654+00:00,201,19084.03,
2026-09-11T20:30:08.331971+00:00,201,19062.48,
2026-09-11T20:30:08.453367+00:00,201,18946.06,
2026-09-11T20:30:08.373090+00:00,201,19030.06,
2026-09-11T20:30:08.488825+00:00,201,18912.85,
2026-09-11T20:30:08.436031+00:00,201,18969.98,
2026-09-11T20:30:08.379522+00:00,201,19033.24,
2026-09-11T20:30:08.382200+00:00,201,19031.88,
2026-09-11T20:30:08.498784+00:00,201,18916.95,
2026-09-11T20:30:08.400133+00:00,201,19013.88,
2026-09-11T20:30:08.517398+00:00,201,18898.03,
2026-09-11T20:30:08.458642+00:00,201,18969.36,
2026-09-11T20:30:08.393069+00:00,201,19042.85,
2026-09-11T20:30:08.505288+00:00,201,18931.68,
2026-09-11T20:30:08.488825+00:00,201,18952.37,
2026-09-11T20:30:08.432891+00:00,201,19012.25,
2026-09-11T20:30:08.477762+00:00,201,18977.57,
2026-09-11T20:30:08.516394+00:00,201,18939.87,
2026-09-11T20:30:08.513753+00:00,201,18943.83,
2026-09-11T20:30:08.564846+00:00,201,18901.57,
2026-09-11T20:30:08.564846+00:00,201,18889.13,
2026-09-11T20:30:08.535649+00:00,201,18941.32,
2026-09-11T20:30:08.612873+00:00,201,18868.03,
2026-09-11T20:30:08.539197+00:00,201,18943.05,
2026-09-11T20:30:08.607593+00:00,201,18878.69,
2026-09-11T20:30:08.615886+00:00,201,18873.48,
2026-09-11T20:30:08.649442+00:00,201,18842.97,
2026-09-11T20:30:08.517398+00:00,201,18972.82,
2026-09-11T20:30:08.517398+00:00,201,18973.66,
2026-09-11T20:30:08.597247+00:00,201,18912.02,
2026-09-11T20:30:08.597247+00:00,201,18907.17,
2026-09-11T20:30:08.517398+00:00,201,18989.55,
2026-09-11T20:30:08.660186+00:00,201,18853.69,
2026-09-11T20:30:08.647341+00:00,201,18874.68,
2026-09-11T20:30:08.517398+00:00,201,18997.30,
2026-09-11T20:30:08.615886+00:00,201,18906.32,
2026-09-11T20:30:06.338506+00:00,201,21595.10,
2026-09-11T20:30:06.370127+00:00,201,21561.41,
2026-09-11T20:30:06.385869+00:00,201,21549.04,
2026-09-11T20:30:06.370127+00:00,201,21565.96,
2026-09-11T20:30:06.370127+00:00,201,21561.02,
2026-09-11T20:30:06.385869+00:00,201,21548.38,
2026-09-11T20:30:06.385869+00:00,201,21551.84,
2026-09-11T20:30:06.370127+00:00,201,21561.03,
2026-09-11T20:30:06.354461+00:00,201,21586.82,
2026-09-11T20:30:06.417881+00:00,201,21529.12,
2026-09-11T20:30:06.401639+00:00,201,21550.17,
2026-09-11T20:30:06.354461+00:00,201,21595.18,
2026-09-11T20:30:06.449135+00:00,201,21497.86,
2026-09-11T20:30:06.464850+00:00,201,21481.79,
2026-09-11T20:30:06.496633+00:00,201,21475.01,
2026-09-11T20:30:06.480874+00:00,201,21484.45,
2026-09-11T20:30:06.496633+00:00,201,21472.45,
2026-09-11T20:30:06.537207+00:00,201,21440.29,
2026-09-11T20:30:06.575637+00:00,201,21398.85,
2026-09-11T20:30:06.591308+00:00,201,21385.82,
2026-09-11T20:30:06.559694+00:00,201,21409.46,
2026-09-11T20:30:06.575637+00:00,201,21402.91,
2026-09-11T20:30:06.575637+00:00,201,21394.15,
2026-09-11T20:30:06.537207+00:00,201,21439.57,
2026-09-11T20:30:06.591308+00:00,201,21379.46,
2026-09-11T20:30:06.575637+00:00,201,21406.63,
2026-09-11T20:30:06.639613+00:00,201,21341.39,
2026-09-11T20:30:06.608003+00:00,201,21373.94,
2026-09-11T20:30:06.632005+00:00,201,21351.51,
2026-09-11T20:30:06.654879+00:00,201,21329.17,
2026-09-11T20:30:06.670646+00:00,201,21299.99,
2026-09-11T20:30:06.608003+00:00,201,21368.93,
2026-09-11T20:30:06.654879+00:00,201,21321.54,
2026-09-11T20:30:06.686314+00:00,201,21297.00,
2026-09-11T20:30:06.749876+00:00,201,21233.98,
2026-09-11T20:30:06.718375+00:00,201,21259.44,
2026-09-11T20:30:06.765724+00:00,201,21213.72,
2026-09-11T20:30:06.749876+00:00,201,21228.22,
2026-09-11T20:30:06.765724+00:00,201,21221.39,
2026-09-11T20:30:06.718375+00:00,201,21258.81,
2026-09-11T20:30:06.749876+00:00,201,21235.91,
2026-09-11T20:30:06.732801+00:00,201,21258.88,
2026-09-11T20:30:06.813905+00:00,201,21165.60,
2026-09-11T20:30:06.804033+00:00,201,21181.91,
2026-09-11T20:30:06.813325+00:00,201,21179.93,
2026-09-11T20:30:06.909522+00:00,201,21074.32,
2026-09-11T20:30:06.860381+00:00,201,21130.59,
2026-09-11T20:30:06.858201+00:00,201,21137.16,
2026-09-11T20:30:06.797556+00:00,201,21198.19,
2026-09-11T20:30:06.860381+00:00,201,21136.63,
2026-09-11T20:30:06.860381+00:00,201,21132.88,
2026-09-11T20:30:06.892327+00:00,201,21098.68,
2026-09-11T20:30:06.845217+00:00,201,21154.12,
2026-09-11T20:30:06.909522+00:00,201,21083.13,
2026-09-11T20:30:06.813905+00:00,201,21175.92,
2026-09-11T20:30:06.813905+00:00,201,21185.15,
2026-09-11T20:30:06.939757+00:00,201,21057.57,
2026-09-11T20:30:06.892327+00:00,201,21095.66,
2026-09-11T20:30:06.907998+00:00,201,21093.64,
2026-09-11T20:30:06.939757+00:00,201,21060.74,
2026-09-11T20:30:06.892327+00:00,201,21103.29,
2026-09-11T20:30:06.909522+00:00,201,21089.64,
2026-09-11T20:30:06.955492+00:00,201,21032.12,
2026-09-11T20:30:06.939757+00:00,201,21054.75,
2026-09-11T20:30:06.860381+00:00,201,21127.54,
2026-09-11T20:30:06.955492+00:00,201,21045.89,
2026-09-11T20:30:06.860381+00:00,201,21132.52,
2026-09-11T20:30:06.937733+00:00,201,21065.03,
2026-09-11T20:30:06.971191+00:00,201,21019.55,
2026-09-11T20:30:06.882279+00:00,201,21119.16,
2026-09-11T20:30:06.955492+00:00,201,21036.23,
2026-09-11T20:30:06.920064+00:00,201,21082.63,
2026-09-11T20:30:07.004447+00:00,201,20999.29,
2026-09-11T20:30:06.923853+00:00,201,21080.58,
2026-09-11T20:30:06.971191+00:00,201,21030.15,
2026-09-11T20:30:06.923853+00:00,201,21071.57,
2026-09-11T20:30:06.987331+00:00,201,21016.55,
2026-09-11T20:30:06.939757+00:00,201,21060.22,
2026-09-11T20:30:06.923853+00:00,201,21074.56,
2026-09-11T20:30:06.955492+00:00,201,21044.35,
2026-09-11T20:30:07.020138+00:00,201,20982.15,
2026-09-11T20:30:07.019570+00:00,201,20987.06,
2026-09-11T20:30:07.037639+00:00,201,20967.03,
2026-09-11T20:30:06.939757+00:00,201,21056.90,
2026-09-11T20:30:06.987331+00:00,201,21004.36,
2026-09-11T20:30:06.955492+00:00,201,21041.75,
2026-09-11T20:30:06.971191+00:00,201,21021.20,
2026-09-11T20:30:06.923853+00:00,201,21078.81,
2026-09-11T20:30:07.020138+00:00,201,20981.51,
2026-09-11T20:30:06.971191+00:00,201,21031.02,
2026-09-11T20:30:06.939757+00:00,201,21053.76,
2026-09-11T20:30:06.923853+00:00,201,21072.64,
2026-09-11T20:30:07.004447+00:00,201,21001.18,
2026-09-11T20:30:07.004447+00:00,201,20992.06,
2026-09-11T20:30:06.971191+00:00,201,21029.89,
2026-09-11T20:30:06.987331+00:00,201,21018.31,
2026-09-11T20:30:07.051732+00:00,201,20945.57,
2026-09-11T20:30:06.987331+00:00,201,21009.37,
2026-09-11T20:30:07.067693+00:00,201,20930.31,
2026-09-11T20:30:06.987331+00:00,201,21012.04,
2026-09-11T20:30:07.037639+00:00,201,20964.17,
2026-09-11T20:30:07.004447+00:00,201,21000.66,
2026-09-11T20:30:06.971191+00:00,201,21038.31,
2026-09-11T20:30:06.987331+00:00,201,21015.14,
2026-09-11T20:30:06.955492+00:00,201,21051.88,
2026-09-11T20:30:07.004447+00:00,201,20996.96,
2026-09-11T20:30:07.033009+00:00,201,20978.24,
2026-09-11T20:30:06.971191+00:00,201,21030.35,
2026-09-11T20:30:07.004447+00:00,201,20999.98,
2026-09-11T20:30:07.099520+00:00,201,20905.70,
2026-09-11T20:30:07.037639+00:00,201,20963.18,
2026-09-11T20:30:07.083617+00:00,201,20924.39,
2026-09-11T20:30:06.939757+00:00,201,21060.85,
2026-09-11T20:30:07.020138+00:00,201,20982.36,
2026-09-11T20:30:07.146645+00:00,201,20861.48,
2026-09-11T20:30:07.067693+00:00,201,20946.22,
2026-09-11T20:30:07.020138+00:00,201,20992.13,
2026-09-11T20:30:07.037639+00:00,201,20971.22,
2026-09-11T20:30:06.987331+00:00,201,21020.87,
2026-09-11T20:30:07.083617+00:00,201,20921.33,
2026-09-11T20:30:07.137308+00:00,201,20877.63,
2026-09-11T20:30:07.099520+00:00,201,20912.57,
2026-09-11T20:30:07.020138+00:00,201,20986.32,
2026-09-11T20:30:07.162297+00:00,201,20850.70,
2026-09-11T20:30:07.115258+00:00,201,20888.95,
2026-09-11T20:30:07.051732+00:00,201,20962.50,
2026-09-11T20:30:07.099520+00:00,201,20904.62,
2026-09-11T20:30:07.051732+00:00,201,20959.06,
2026-09-11T20:30:07.590352+00:00,201,20411.52,
2026-09-11T20:30:07.138887+00:00,201,20874.29,
2026-09-11T20:30:07.067693+00:00,201,20944.83,
2026-09-11T20:30:07.115258+00:00,201,20900.53,
2026-09-11T20:30:07.083617+00:00,201,20919.34,
2026-09-11T20:30:07.637869+00:00,201,20379.39,
2026-09-11T20:30:07.606137+00:00,201,20409.31,
2026-09-11T20:30:07.083617+00:00,201,20933.72,
2026-09-11T20:30:07.146645+00:00,201,20861.39,
2026-09-11T20:30:07.146645+00:00,201,20857.47,
2026-09-11T20:30:07.067693+00:00,201,20942.63,
2026-09-11T20:30:07.178261+00:00,201,20838.12,
2026-09-11T20:30:07.036127+00:00,201,20982.44,
2026-09-11T20:30:07.621340+00:00,201,20391.78,
2026-09-11T20:30:07.606137+00:00,201,20406.42,
2026-09-11T20:30:07.162297+00:00,201,20843.17,
2026-09-11T20:30:07.606137+00:00,201,20404.37,
2026-09-11T20:30:07.162297+00:00,201,20847.49,
2026-09-11T20:30:07.130972+00:00,201,20888.07,
2026-09-11T20:30:07.621340+00:00,201,20390.45,
2026-09-11T20:30:07.051732+00:00,201,20959.68,
2026-09-11T20:30:07.146645+00:00,201,20873.22,
2026-09-11T20:30:07.178261+00:00,201,20836.73,
2026-09-11T20:30:07.115258+00:00,201,20899.31,
2026-09-11T20:30:07.178261+00:00,201,20835.05,
2026-09-11T20:30:07.162297+00:00,201,20852.73,
2026-09-11T20:30:07.621340+00:00,201,20397.43,
2026-09-11T20:30:07.606137+00:00,201,20411.03,
2026-09-11T20:30:07.621340+00:00,201,20389.64,
2026-09-11T20:30:07.633752+00:00,201,20387.10,
2026-09-11T20:30:07.778323+00:00,201,20233.53,
2026-09-11T20:30:07.778323+00:00,201,20235.74,
2026-09-11T20:30:05.330698+00:00,201,22689.86,
2026-09-11T20:30:07.809909+00:00,201,20200.10,
2026-09-11T20:30:07.778323+00:00,201,20238.26,
2026-09-11T20:30:00.991925+00:00,201,27028.48,
2026-09-11T20:30:07.800071+00:00,201,20223.93,
2026-09-11T20:30:01.004618+00:00,201,27014.11,
2026-09-11T20:30:07.806898+00:00,201,20215.65,
2026-09-11T20:30:07.804298+00:00,201,20220.10,
2026-09-11T20:30:00.995527+00:00,201,27025.95,
2026-09-11T20:30:07.778323+00:00,201,20241.63,
2026-09-11T20:30:07.809909+00:00,201,20204.05,
2026-09-11T20:30:07.778323+00:00,201,20244.45,
2026-09-11T20:30:07.809909+00:00,201,20209.27,
2026-09-11T20:30:05.733054+00:00,201,22292.88,
2026-09-11T20:30:07.842467+00:00,201,20172.42,
2026-09-11T20:30:07.833806+00:00,201,20189.68,
2026-09-11T20:30:07.842467+00:00,201,20174.62,
2026-09-11T20:30:07.842467+00:00,201,20182.28,
2026-09-11T20:30:07.838371+00:00,201,20188.46,
2026-09-11T20:30:07.825848+00:00,201,20197.91,
2026-09-11T20:30:07.867869+00:00,201,20156.77,
2026-09-11T20:30:07.809909+00:00,201,20208.36,
2026-09-11T20:30:05.561626+00:00,201,22461.69,
2026-09-11T20:30:07.833806+00:00,201,20193.15,
2026-09-11T20:30:07.809909+00:00,201,20217.06,
2026-09-11T20:30:07.873432+00:00,201,20149.82,
2026-09-11T20:30:07.867869+00:00,201,20159.79,
2026-09-11T20:30:07.825848+00:00,201,20197.67,
2026-09-11T20:30:07.857601+00:00,201,20169.57,
2026-09-11T20:30:07.809909+00:00,201,20215.46,
2026-09-11T20:30:07.842467+00:00,201,20174.01,
2026-09-11T20:30:07.842467+00:00,201,20172.38,
2026-09-11T20:30:07.842467+00:00,201,20181.61,
2026-09-11T20:30:07.825848+00:00,201,20197.16,
2026-09-11T20:30:07.857601+00:00,201,20165.35,
2026-09-11T20:30:07.889348+00:00,201,20135.29,
2026-09-11T20:30:07.809909+00:00,201,20205.51,
2026-09-11T20:30:07.873432+00:00,201,20150.33,
2026-09-11T20:30:07.873432+00:00,201,20148.74,
2026-09-11T20:30:07.841906+00:00,201,20188.82,
2026-09-11T20:30:07.857601+00:00,201,20170.04,
2026-09-11T20:30:07.889348+00:00,201,20138.38,
2026-09-11T20:30:07.889348+00:00,201,20132.97,
2026-09-11T20:30:07.889348+00:00,201,20127.59,
2026-09-11T20:30:07.905449+00:00,201,20119.77,
2026-09-11T20:30:07.882916+00:00,201,20148.07,
2026-09-11T20:30:07.842467+00:00,201,20182.45,
2026-09-11T20:30:07.867869+00:00,201,20160.20,
2026-09-11T20:30:07.842467+00:00,201,20186.52,
2026-09-11T20:30:07.838371+00:00,201,20192.77,
2026-09-11T20:30:07.857601+00:00,201,20170.16,
2026-09-11T20:30:07.905449+00:00,201,20122.98,
2026-09-11T20:30:07.825848+00:00,201,20206.48,
2026-09-11T20:30:07.905449+00:00,201,20115.89,
2026-09-11T20:30:07.857601+00:00,201,20167.31,
2026-09-11T20:30:07.905449+00:00,201,20127.70,
2026-09-11T20:30:07.889348+00:00,201,20137.59,
2026-09-11T20:30:07.905449+00:00,201,20120.48,
2026-09-11T20:30:07.905449+00:00,201,20126.24,
2026-09-11T20:30:07.921117+00:00,201,20108.54,
2026-09-11T20:30:07.938296+00:00,201,20096.96,
2026-09-11T20:30:07.921117+00:00,201,20103.30,
2026-09-11T20:30:07.889348+00:00,201,20135.02,
2026-09-11T20:30:07.905449+00:00,201,20115.94,
2026-09-11T20:30:07.905449+00:00,201,20120.08,
2026-09-11T20:30:07.889348+00:00,201,20145.20,
2026-09-11T20:30:07.873432+00:00,201,20159.79,
2026-09-11T20:30:07.921117+00:00,201,20108.18,
2026-09-11T20:30:07.941310+00:00,201,20085.04,
2026-09-11T20:30:07.921117+00:00,201,20106.71,
2026-09-11T20:30:07.952594+00:00,201,20078.97,
2026-09-11T20:30:07.921117+00:00,201,20103.25,
2026-09-11T20:30:07.921117+00:00,201,20112.91,
2026-09-11T20:30:07.941310+00:00,201,20089.83,
2026-09-11T20:30:07.941310+00:00,201,20093.87,
2026-09-11T20:30:07.873432+00:00,201,20163.40,
2026-09-11T20:30:07.882916+00:00,201,20149.25,
2026-09-11T20:30:07.921117+00:00,201,20102.48,
2026-09-11T20:30:07.975327+00:00,201,20061.21,
2026-09-11T20:30:07.968270+00:00,201,20068.67,
2026-09-11T20:30:07.952594+00:00,201,20074.96,
2026-09-11T20:30:07.952594+00:00,201,20077.07,
2026-09-11T20:30:07.941310+00:00,201,20097.33,
2026-09-11T20:30:07.941310+00:00,201,20093.62,
2026-09-11T20:30:07.999765+00:00,201,20035.79,
2026-09-11T20:30:07.889348+00:00,201,20137.58,
2026-09-11T20:30:07.975327+00:00,201,20064.71,
2026-09-11T20:30:07.952594+00:00,201,20084.06,
2026-09-11T20:30:07.938296+00:00,201,20100.49,
2026-09-11T20:30:07.952594+00:00,201,20080.72,
2026-09-11T20:30:08.021011+00:00,201,20020.02,
2026-09-11T20:30:07.999765+00:00,201,20041.06,
2026-09-11T20:30:07.999765+00:00,201,20035.83,
2026-09-11T20:30:07.952594+00:00,201,20076.07,
2026-09-11T20:30:07.975327+00:00,201,20062.80,
2026-09-11T20:30:07.984473+00:00,201,20049.58,
2026-09-11T20:30:07.941310+00:00,201,20092.95,
2026-09-11T20:30:08.006462+00:00,201,20031.47,
2026-09-11T20:30:07.921117+00:00,201,20120.92,
2026-09-11T20:30:07.975327+00:00,201,20060.54,
2026-09-11T20:30:08.006462+00:00,201,20033.98,
2026-09-11T20:30:07.999765+00:00,201,20041.73,
2026-09-11T20:30:07.975327+00:00,201,20063.21,
2026-09-11T20:30:07.968270+00:00,201,20072.68,
2026-09-11T20:30:08.023107+00:00,201,20021.79,
2026-09-11T20:30:07.968270+00:00,201,20071.45,
2026-09-11T20:30:07.984473+00:00,201,20046.87,
2026-09-11T20:30:08.026788+00:00,201,20018.65,
2026-09-11T20:30:07.984473+00:00,201,20049.16,
2026-09-11T20:30:08.006462+00:00,201,20038.25,
2026-09-11T20:30:08.006462+00:00,201,20030.98,
2026-09-11T20:30:07.952594+00:00,201,20092.13,
2026-09-11T20:30:08.006462+00:00,201,20033.29,
2026-09-11T20:30:07.984473+00:00,201,20057.73,
2026-09-11T20:30:07.984473+00:00,201,20056.13,
2026-09-11T20:30:08.047621+00:00,201,19999.33,
2026-09-11T20:30:08.039679+00:00,201,20001.51,
2026-09-11T20:30:07.952594+00:00,201,20079.93,
2026-09-11T20:30:08.031575+00:00,201,20015.07,
2026-09-11T20:30:08.024682+00:00,201,20023.04,
2026-09-11T20:30:08.039679+00:00,201,20007.76,
2026-09-11T20:30:08.038148+00:00,201,20009.92,
2026-09-11T20:30:07.984473+00:00,201,20053.88,
2026-09-11T20:30:07.984473+00:00,201,20061.64,
2026-09-11T20:30:08.034100+00:00,201,20012.35,
2026-09-11T20:30:07.984473+00:00,201,20064.20,
2026-09-11T20:30:08.016457+00:00,201,20032.10,
2026-09-11T20:30:08.048198+00:00,201,19999.65,
2026-09-11T20:30:08.048198+00:00,201,19994.11,
2026-09-11T20:30:08.048198+00:00,201,19990.30,
2026-09-11T20:30:08.028375+00:00,201,20021.33,
2026-09-11T20:30:08.029831+00:00,201,20019.61,
2026-09-11T20:30:08.034100+00:00,201,20015.69,
2026-09-11T20:30:08.048198+00:00,201,19992.97,
2026-09-11T20:30:08.048198+00:00,201,19998.92,
2026-09-11T20:30:08.019434+00:00,201,20031.73,
2026-09-11T20:30:08.048198+00:00,201,19987.89,
2026-09-11T20:30:08.079562+00:00,201,19967.26,
2026-09-11T20:30:08.048198+00:00,201,19998.03,
2026-09-11T20:30:08.063565+00:00,201,19984.67,
2026-09-11T20:30:08.039679+00:00,201,20009.90,
2026-09-11T20:30:08.039679+00:00,201,20008.26,
2026-09-11T20:30:08.063565+00:00,201,19977.82,
2026-09-11T20:30:08.063565+00:00,201,19981.73,
2026-09-11T20:30:08.048198+00:00,201,19991.61,
2026-09-11T20:30:08.095218+00:00,201,19950.81,
2026-09-11T20:30:08.079562+00:00,201,19965.98,
2026-09-11T20:30:08.095218+00:00,201,19958.71,
2026-09-11T20:30:08.063565+00:00,201,19981.75,
2026-09-11T20:30:08.110936+00:00,201,19935.12,
2026-09-11T20:30:08.079562+00:00,201,19965.71,
2026-09-11T20:30:08.110936+00:00,201,19942.29,
2026-09-11T20:30:08.142186+00:00,201,19903.11,
2026-09-11T20:30:08.142186+00:00,201,19905.13,
2026-09-11T20:30:08.126732+00:00,201,19927.99,
2026-09-11T20:30:08.158064+00:00,201,19892.06,
2026-09-11T20:30:08.126732+00:00,201,19930.31,
2026-09-11T20:30:08.193053+00:00,201,19854.83,
2026-09-11T20:30:08.193053+00:00,201,19858.38,
2026-09-11T20:30:08.126732+00:00,201,19921.86,
2026-09-11T20:30:08.193053+00:00,201,19862.53,
2026-09-11T20:30:08.174187+00:00,201,19877.81,
2026-09-11T20:30:08.158064+00:00,201,19897.32,
2026-09-11T20:30:08.110936+00:00,201,19942.31,
2026-09-11T20:30:08.242183+00:00,201,19809.67,
2026-09-11T20:30:08.142186+00:00,201,19903.60,
2026-09-11T20:30:08.174187+00:00,201,19871.64,
2026-09-11T20:30:08.271185+00:00,201,19789.11,
2026-09-11T20:30:08.253525+00:00,201,19806.96,
2026-09-11T20:30:08.206859+00:00,201,19848.92,
2026-09-11T20:30:08.174187+00:00,201,19875.41,
2026-09-11T20:30:08.222172+00:00,201,19834.97,
2026-09-11T20:30:08.300654+00:00,201,19757.08,
2026-09-11T20:30:08.269179+00:00,201,19795.01,
2026-09-11T20:30:08.300654+00:00,201,19760.27,
2026-09-11T20:30:08.284993+00:00,201,19777.53,
2026-09-11T20:30:08.414909+00:00,201,19651.26,
2026-09-11T20:30:08.300654+00:00,201,19755.99,
2026-09-11T20:30:08.271185+00:00,201,19788.47,
2026-09-11T20:30:08.316297+00:00,201,19751.16,
2026-09-11T20:30:08.359319+00:00,201,19709.16,
2026-09-11T20:30:08.377340+00:00,201,19691.22,
2026-09-11T20:30:08.368836+00:00,201,19700.31,
2026-09-11T20:30:08.356136+00:00,201,19713.11,
2026-09-11T20:30:08.370974+00:00,201,19698.64,
2026-09-11T20:30:08.316297+00:00,201,19748.50,
2026-09-11T20:30:08.375212+00:00,201,19696.42,
2026-09-11T20:30:08.496126+00:00,201,19576.56,
2026-09-11T20:30:08.442338+00:00,201,19630.46,
2026-09-11T20:30:08.365651+00:00,201,19707.36,
2026-09-11T20:30:08.480348+00:00,201,19593.45,
2026-09-11T20:30:08.473610+00:00,201,19600.25,
2026-09-11T20:30:08.465007+00:00,201,19607.19,
2026-09-11T20:30:08.462351+00:00,201,19612.37,
2026-09-11T20:30:08.395491+00:00,201,19679.23,
2026-09-11T20:30:08.488825+00:00,201,19581.05,
2026-09-11T20:30:08.465007+00:00,201,19610.58,
2026-09-11T20:30:08.469944+00:00,201,19605.75,
2026-09-11T20:30:08.535649+00:00,201,19540.93,
2026-09-11T20:30:08.543479+00:00,201,19533.79,
2026-09-11T20:30:08.583339+00:00,201,19492.75,
2026-09-11T20:30:08.597247+00:00,201,19478.61,
2026-09-11T20:30:08.564846+00:00,201,19501.68,
2026-09-11T20:30:08.564846+00:00,201,19507.28,
2026-09-11T20:30:08.586864+00:00,201,19490.49,
2026-09-11T20:30:08.549498+00:00,201,19521.61,
2026-09-11T20:30:08.508985+00:00,201,19570.64,
2026-09-11T20:30:08.543479+00:00,201,19533.49,
2026-09-11T20:30:08.588990+00:00,201,19488.46,
2026-09-11T20:30:08.549498+00:00,201,19528.51,
2026-09-11T20:30:08.628615+00:00,201,19446.10,
2026-09-11T20:30:08.549498+00:00,201,19531.79,
2026-09-11T20:30:08.615886+00:00,201,19462.10,
2026-09-11T20:30:08.615886+00:00,201,19466.29,
2026-09-11T20:30:08.651027+00:00,201,19430.60,
2026-09-11T20:30:10.430842+00:00,201,17771.75,
2026-09-11T20:30:01.031224+00:00,201,27171.61,
2026-09-11T20:30:09.709378+00:00,201,18487.22,
2026-09-11T20:30:05.740719+00:00,201,22456.30,
2026-09-11T20:30:05.340309+00:00,201,22852.16,
2026-09-11T20:30:05.577513+00:00,201,22621.53,
2026-09-11T20:30:12.872822+00:00,201,15330.89,
2026-09-11T20:30:10.783029+00:00,201,17420.12,
2026-09-11T20:30:10.855858+00:00,201,17350.57,
2026-09-11T20:30:10.824872+00:00,201,17380.31,
2026-09-11T20:30:10.839050+00:00,201,17369.87,
2026-09-11T20:30:10.788946+00:00,201,17420.24,
2026-09-11T20:30:10.824872+00:00,201,17384.97,
2026-09-11T20:30:10.871329+00:00,201,17339.69,
2026-09-11T20:30:10.865033+00:00,201,17344.94,
2026-09-11T20:30:05.577513+00:00,201,22626.16,
2026-09-11T20:30:10.818651+00:00,201,17393.40,
2026-09-11T20:30:10.824872+00:00,201,17385.40,
2026-09-11T20:30:05.740719+00:00,201,22465.56,
2026-09-11T20:30:10.843354+00:00,201,17373.81,
2026-09-11T20:30:10.847507+00:00,201,17370.57,
2026-09-11T20:30:10.817142+00:00,201,17401.74,
2026-09-11T20:30:10.818651+00:00,201,17397.71,
2026-09-11T20:30:10.853554+00:00,201,17367.33,
2026-09-11T20:30:10.847507+00:00,201,17373.00,
2026-09-11T20:30:10.841227+00:00,201,17382.99,
2026-09-11T20:30:10.847507+00:00,201,17373.21,
2026-09-11T20:30:10.888437+00:00,201,17334.01,
2026-09-11T20:30:10.859392+00:00,201,17367.23,
2026-09-11T20:30:10.845473+00:00,201,17383.85,
2026-09-11T20:30:01.035737+00:00,201,27194.71,
2026-09-11T20:30:10.876862+00:00,201,17352.19,
2026-09-11T20:30:10.830253+00:00,201,17401.72,
2026-09-11T20:30:10.830253+00:00,201,17401.10,
2026-09-11T20:30:10.855858+00:00,201,17378.16,
2026-09-11T20:30:10.888437+00:00,201,17347.87,
2026-09-11T20:30:10.865033+00:00,201,17374.93,
2026-09-11T20:30:10.865033+00:00,201,17372.31,
2026-09-11T20:30:05.356317+00:00,201,22887.29,
2026-09-11T20:30:10.894109+00:00,201,17346.12,
2026-09-11T20:30:10.903294+00:00,201,17341.27,
2026-09-11T20:30:10.871329+00:00,201,17374.77,
2026-09-11T20:30:10.859392+00:00,201,17387.22,
2026-09-11T20:30:10.871329+00:00,201,17376.18,
2026-09-11T20:30:10.885834+00:00,201,17367.33,
2026-09-11T20:30:10.903294+00:00,201,17352.10,
2026-09-11T20:30:10.876862+00:00,201,17379.41,
2026-09-11T20:30:10.836438+00:00,201,17422.75,
2026-09-11T20:30:10.876862+00:00,201,17379.06,
2026-09-11T20:30:10.905826+00:00,201,17355.46,
2026-09-11T20:30:10.935108+00:00,201,17330.00,
2026-09-11T20:30:10.919499+00:00,201,17346.76,
2026-09-11T20:30:10.884054+00:00,201,17384.84,
2026-09-11T20:30:10.899785+00:00,201,17370.09,
2026-09-11T20:30:10.894109+00:00,201,17378.56,
2026-09-11T20:30:10.911544+00:00,201,17363.73,
2026-09-11T20:30:10.911544+00:00,201,17363.81,
2026-09-11T20:30:10.894109+00:00,201,17382.85,
2026-09-11T20:30:09.709378+00:00,201,18559.61,
2026-09-11T20:30:10.888437+00:00,201,17395.67,
2026-09-11T20:30:10.917198+00:00,201,17368.45,
2026-09-11T20:30:10.911544+00:00,201,17372.86,
2026-09-11T20:30:10.905826+00:00,201,17381.47,
2026-09-11T20:30:15.803061+00:00,201,12490.56,
2026-09-11T20:30:01.038345+00:00,201,27254.14,
2026-09-11T20:30:05.577513+00:00,201,22707.90,
2026-09-11T20:30:01.021080+00:00,201,27279.67,
2026-09-11T20:30:11.280414+00:00,201,17023.00,
2026-09-11T20:30:05.356317+00:00,201,22945.70,
2026-09-11T20:30:01.038345+00:00,201,27261.85,
2026-09-11T20:30:05.752480+00:00,201,22557.02,
2026-09-11T20:30:05.752480+00:00,201,22556.74,
2026-09-11T20:30:11.268760+00:00,201,17047.61,
2026-09-11T20:30:11.264889+00:00,201,17054.22,
2026-09-11T20:30:05.593268+00:00,201,22727.56,
2026-09-11T20:30:05.356317+00:00,201,22960.54,
2026-09-11T20:30:05.340309+00:00,201,22982.29,
2026-09-11T20:30:11.274744+00:00,201,17052.22,
2026-09-11T20:30:11.268760+00:00,201,17060.80,
2026-09-11T20:30:11.286050+00:00,201,17047.48,
2026-09-11T20:30:11.280996+00:00,201,17053.39,
2026-09-11T20:30:11.274744+00:00,201,17066.43,
2026-09-11T20:30:11.313856+00:00,201,17030.33,
2026-09-11T20:30:05.356317+00:00,201,22979.70,
2026-09-11T20:30:05.593268+00:00,201,22752.99,
2026-09-11T20:30:11.367989+00:00,201,16986.16,
2026-09-11T20:30:01.038345+00:00,201,27306.66,
2026-09-11T20:30:05.752480+00:00,201,22600.97,
2026-09-11T20:30:11.367989+00:00,201,16992.32,
2026-09-11T20:30:01.114960+00:00,201,27243.39,
2026-09-11T20:30:05.561626+00:00,201,22794.40,
2026-09-11T20:30:01.057160+00:00,201,27317.10,
2026-09-11T20:30:05.593268+00:00,201,22777.03,
2026-09-11T20:30:05.356317+00:00,201,23010.26,
2026-09-11T20:30:05.752480+00:00,201,22622.99,
2026-09-11T20:30:12.898719+00:00,201,15592.19,
2026-09-11T20:30:06.338506+00:00,201,22159.97,
2026-09-11T20:30:06.431476+00:00,201,22075.10,
2026-09-11T20:30:06.449135+00:00,201,22052.12,
2026-09-11T20:30:06.543744+00:00,201,21965.23,
2026-09-11T20:30:06.480874+00:00,201,22018.17,
2026-09-11T20:30:06.512302+00:00,201,21989.67,
2026-09-11T20:30:06.591308+00:00,201,21915.13,
2026-09-11T20:30:06.632005+00:00,201,21877.01,
2026-09-11T20:30:06.739652+00:00,201,21774.84,
2026-09-11T20:30:06.876193+00:00,201,21634.49,
2026-09-11T20:30:06.846456+00:00,201,21666.39,
2026-09-11T20:30:08.110936+00:00,201,20390.52,
2026-09-11T20:30:08.095218+00:00,201,20416.90,
2026-09-11T20:30:08.095218+00:00,201,20407.78,
2026-09-11T20:30:08.126732+00:00,201,20383.63,
2026-09-11T20:30:08.110936+00:00,201,20395.01,
2026-09-11T20:30:08.140446+00:00,201,20376.41,
2026-09-11T20:30:08.095218+00:00,201,20406.72,
2026-09-11T20:30:08.206859+00:00,201,20296.68,
2026-09-11T20:30:08.142186+00:00,201,20373.28,
2026-09-11T20:30:08.079562+00:00,201,20431.56,
2026-09-11T20:30:08.174187+00:00,201,20334.00,
2026-09-11T20:30:08.238713+00:00,201,20279.03,
2026-09-11T20:30:08.158064+00:00,201,20345.58,
2026-09-11T20:30:08.253525+00:00,201,20259.91,
2026-09-11T20:30:08.253525+00:00,201,20256.53,
2026-09-11T20:30:08.284993+00:00,201,20223.21,
2026-09-11T20:30:08.271185+00:00,201,20244.50,
2026-09-11T20:30:08.300654+00:00,201,20219.66,
2026-09-11T20:30:08.242183+00:00,201,20273.39,
2026-09-11T20:30:08.390007+00:00,201,20132.46,
2026-09-11T20:30:08.385844+00:00,201,20136.72,
2026-09-11T20:30:08.446055+00:00,201,20076.60,
2026-09-11T20:30:08.423887+00:00,201,20099.30,
2026-09-11T20:30:08.483002+00:00,201,20040.32,
2026-09-11T20:30:08.449691+00:00,201,20073.42,
2026-09-11T20:30:08.316297+00:00,201,20197.40,
2026-09-11T20:30:08.439143+00:00,201,20084.54,
2026-09-11T20:30:08.485108+00:00,201,20038.86,
2026-09-11T20:30:08.511653+00:00,201,20013.34,
2026-09-11T20:30:08.564846+00:00,201,19951.12,
2026-09-11T20:30:08.501649+00:00,201,20023.80,
2026-09-11T20:30:08.487768+00:00,201,20038.04,
2026-09-11T20:30:08.429706+00:00,201,20096.09,
2026-09-11T20:30:08.635150+00:00,201,19889.93,
2026-09-11T20:30:08.660186+00:00,201,19858.69,
2026-09-11T20:30:08.660186+00:00,201,19863.27,
2026-09-11T20:30:08.549498+00:00,201,19973.15,
2026-09-11T20:30:08.639224+00:00,201,19885.35,
2026-09-11T20:30:08.651027+00:00,201,19871.82,
2026-09-11T20:30:08.660186+00:00,201,19858.07,
2026-09-11T20:30:08.691476+00:00,201,19836.23,
2026-09-11T20:30:08.691476+00:00,201,19824.57,
2026-09-11T20:30:08.597247+00:00,201,19927.25,
2026-09-11T20:30:08.580743+00:00,201,19946.84,
2026-09-11T20:30:08.680115+00:00,201,19848.87,
2026-09-11T20:30:08.615886+00:00,201,19905.05,
2026-09-11T20:30:08.628615+00:00,201,19900.96,
2026-09-11T20:30:08.680115+00:00,201,19843.51,
2026-09-11T20:30:08.660186+00:00,201,19869.49,
2026-09-11T20:30:08.660186+00:00,201,19863.75,
2026-09-11T20:30:08.651027+00:00,201,19875.92,
2026-09-11T20:30:08.691476+00:00,201,19828.29,
2026-09-11T20:30:08.597247+00:00,201,19924.52,
2026-09-11T20:30:08.607593+00:00,201,19921.72,
2026-09-11T20:30:08.721793+00:00,201,19798.13,
2026-09-11T20:30:08.660186+00:00,201,19858.88,
2026-09-11T20:30:08.706628+00:00,201,19814.37,
2026-09-11T20:30:08.706628+00:00,201,19820.50,
2026-09-11T20:30:08.706628+00:00,201,19818.68,
2026-09-11T20:30:08.628615+00:00,201,19901.09,
2026-09-11T20:30:08.644305+00:00,201,19887.13,
2026-09-11T20:30:08.706086+00:00,201,19825.80,
2026-09-11T20:30:08.557929+00:00,201,19972.21,
2026-09-11T20:30:08.635150+00:00,201,19893.86,
2026-09-11T20:30:08.721793+00:00,201,19809.62,
2026-09-11T20:30:08.680115+00:00,201,19850.46,
2026-09-11T20:30:08.651027+00:00,201,19874.65,
2026-09-11T20:30:08.680115+00:00,201,19842.95,
2026-09-11T20:30:08.737918+00:00,201,19794.28,
2026-09-11T20:30:08.674265+00:00,201,19859.24,
2026-09-11T20:30:08.721793+00:00,201,19798.80,
2026-09-11T20:30:08.739444+00:00,201,19792.68,
2026-09-11T20:30:08.678535+00:00,201,19855.64,
2026-09-11T20:30:08.743570+00:00,201,19788.75,
2026-09-11T20:30:08.721793+00:00,201,19805.46,
2026-09-11T20:30:08.680115+00:00,201,19846.33,
2026-09-11T20:30:08.676459+00:00,201,19858.36,
2026-09-11T20:30:08.628615+00:00,201,19902.28,
2026-09-11T20:30:08.742468+00:00,201,19791.77,
2026-09-11T20:30:08.753678+00:00,201,19781.34,
2026-09-11T20:30:08.691476+00:00,201,19841.09,
2026-09-11T20:30:08.706628+00:00,201,19814.67,
2026-09-11T20:30:08.691476+00:00,201,19835.55,
2026-09-11T20:30:08.706628+00:00,201,19816.94,
2026-09-11T20:30:08.753678+00:00,201,19775.95,
2026-09-11T20:30:08.785694+00:00,201,19746.03,
2026-09-11T20:30:08.769762+00:00,201,19764.26,
2026-09-11T20:30:08.743570+00:00,201,19784.77,
2026-09-11T20:30:08.753678+00:00,201,19772.66,
2026-09-11T20:30:08.743570+00:00,201,19789.36,
2026-09-11T20:30:08.706628+00:00,201,19822.10,
2026-09-11T20:30:08.721793+00:00,201,19812.10,
2026-09-11T20:30:08.680115+00:00,201,19852.99,
2026-09-11T20:30:08.753678+00:00,201,19775.50,
2026-09-11T20:30:08.743570+00:00,201,19788.08,
2026-09-11T20:30:08.691476+00:00,201,19839.70,
2026-09-11T20:30:08.721793+00:00,201,19807.13,
2026-09-11T20:30:08.769762+00:00,201,19754.13,
2026-09-11T20:30:08.753678+00:00,201,19780.25,
2026-09-11T20:30:08.785694+00:00,201,19744.41,
2026-09-11T20:30:08.769762+00:00,201,19768.54,
2026-09-11T20:30:08.785694+00:00,201,19746.70,
2026-09-11T20:30:08.769762+00:00,201,19756.97,
2026-09-11T20:30:08.817964+00:00,201,19716.51,
2026-09-11T20:30:08.706628+00:00,201,19830.71,
2026-09-11T20:30:08.801775+00:00,201,19733.39,
2026-09-11T20:30:08.785694+00:00,201,19743.65,
2026-09-11T20:30:08.769762+00:00,201,19761.85,
2026-09-11T20:30:08.785694+00:00,201,19740.01,
2026-09-11T20:30:08.785694+00:00,201,19742.15,
2026-09-11T20:30:08.769762+00:00,201,19760.35,
2026-09-11T20:30:08.753678+00:00,201,19774.53,
2026-09-11T20:30:08.721793+00:00,201,19813.82,
2026-09-11T20:30:08.691476+00:00,201,19844.83,
2026-09-11T20:30:08.835666+00:00,201,19704.47,
2026-09-11T20:30:08.807854+00:00,201,19727.32,
2026-09-11T20:30:08.753678+00:00,201,19785.52,
2026-09-11T20:30:08.817964+00:00,201,19723.27,
2026-09-11T20:30:08.807854+00:00,201,19729.77,
2026-09-11T20:30:08.839746+00:00,201,19693.30,
2026-09-11T20:30:08.807854+00:00,201,19732.06,
2026-09-11T20:30:08.839746+00:00,201,19701.53,
2026-09-11T20:30:08.807854+00:00,201,19726.50,
2026-09-11T20:30:08.817964+00:00,201,19712.12,
2026-09-11T20:30:08.785694+00:00,201,19756.80,
2026-09-11T20:30:08.753678+00:00,201,19775.19,
2026-09-11T20:30:08.865340+00:00,201,19668.45,
2026-09-11T20:30:08.849819+00:00,201,19686.82,
2026-09-11T20:30:08.721793+00:00,201,19807.00,
2026-09-11T20:30:08.833142+00:00,201,19709.35,
2026-09-11T20:30:08.849819+00:00,201,19683.47,
2026-09-11T20:30:08.785694+00:00,201,19756.38,
2026-09-11T20:30:08.769762+00:00,201,19768.83,
2026-09-11T20:30:08.835666+00:00,201,19706.18,
2026-09-11T20:30:08.897174+00:00,201,19646.69,
2026-09-11T20:30:08.801775+00:00,201,19741.25,
2026-09-11T20:30:08.839746+00:00,201,19702.78,
2026-09-11T20:30:08.865340+00:00,201,19668.86,
2026-09-11T20:30:08.883120+00:00,201,19657.85,
2026-09-11T20:30:08.849819+00:00,201,19687.27,
2026-09-11T20:30:08.839746+00:00,201,19701.48,
2026-09-11T20:30:08.897174+00:00,201,19645.93,
2026-09-11T20:30:08.849819+00:00,201,19693.48,
2026-09-11T20:30:08.817964+00:00,201,19722.20,
2026-09-11T20:30:08.801775+00:00,201,19744.92,
2026-09-11T20:30:08.883120+00:00,201,19661.23,
2026-09-11T20:30:08.883120+00:00,201,19657.29,
2026-09-11T20:30:08.865340+00:00,201,19674.72,
2026-09-11T20:30:08.849819+00:00,201,19696.59,
2026-09-11T20:30:08.912832+00:00,201,19620.45,
2026-09-11T20:30:08.865340+00:00,201,19679.23,
2026-09-11T20:30:08.817964+00:00,201,19719.59,
2026-09-11T20:30:08.849819+00:00,201,19685.67,
2026-09-11T20:30:08.817964+00:00,201,19721.89,
2026-09-11T20:30:08.897174+00:00,201,19639.98,
2026-09-11T20:30:08.865340+00:00,201,19678.07,
2026-09-11T20:30:08.943469+00:00,201,19605.43,
2026-09-11T20:30:08.912832+00:00,201,19631.96,
2026-09-11T20:30:08.849819+00:00,201,19684.71,
2026-09-11T20:30:08.883120+00:00,201,19666.04,
2026-09-11T20:30:08.912832+00:00,201,19626.50,
2026-09-11T20:30:08.912832+00:00,201,19624.66,
2026-09-11T20:30:08.960934+00:00,201,19587.82,
2026-09-11T20:30:08.897174+00:00,201,19639.41,
2026-09-11T20:30:08.807854+00:00,201,19742.32,
2026-09-11T20:30:08.769762+00:00,201,19776.63,
2026-09-11T20:30:08.883120+00:00,201,19654.49,
2026-09-11T20:30:08.897174+00:00,201,19644.36,
2026-09-11T20:30:08.883120+00:00,201,19657.00,
2026-09-11T20:30:08.945055+00:00,201,19601.29,
2026-09-11T20:30:08.945055+00:00,201,19605.48,
2026-09-11T20:30:08.912832+00:00,201,19636.51,
2026-09-11T20:30:08.881093+00:00,201,19670.93,
2026-09-11T20:30:08.817964+00:00,201,19731.41,
2026-09-11T20:30:08.912832+00:00,201,19631.03,
2026-09-11T20:30:08.928600+00:00,201,19612.96,
2026-09-11T20:30:08.928600+00:00,201,19615.14,
2026-09-11T20:30:08.865340+00:00,201,19673.97,
2026-09-11T20:30:08.839746+00:00,201,19706.25,
2026-09-11T20:30:08.883120+00:00,201,19660.97,
2026-09-11T20:30:08.928600+00:00,201,19617.84,
2026-09-11T20:30:08.897174+00:00,201,19648.92,
2026-09-11T20:30:08.945055+00:00,201,19593.52,
2026-09-11T20:30:08.912832+00:00,201,19640.78,
2026-09-11T20:30:08.928600+00:00,201,19624.54,
2026-09-11T20:30:08.817964+00:00,201,19721.62,
2026-09-11T20:30:08.865340+00:00,201,19687.55,
2026-09-11T20:30:08.928600+00:00,201,19621.03,
2026-09-11T20:30:08.973791+00:00,201,19580.11,
2026-09-11T20:30:08.962942+00:00,201,19588.44,
2026-09-11T20:30:08.945055+00:00,201,19606.99,
2026-09-11T20:30:08.962942+00:00,201,19582.69,
2026-09-11T20:30:08.945055+00:00,201,19601.30,
2026-09-11T20:30:08.928600+00:00,201,19624.09,
2026-09-11T20:30:08.962942+00:00,201,19591.27,
2026-09-11T20:30:08.945055+00:00,201,19599.83,
2026-09-11T20:30:08.945055+00:00,201,19603.96,
2026-09-11T20:30:08.976841+00:00,201,19569.34,
2026-09-11T20:30:08.992941+00:00,201,19555.23,
2026-09-11T20:30:08.945055+00:00,201,19598.46,
2026-09-11T20:30:08.992941+00:00,201,19559.64,
2026-09-11T20:30:08.976841+00:00,201,19580.26,
2026-09-11T20:30:08.976841+00:00,201,19572.29,
2026-09-11T20:30:08.976841+00:00,201,19576.49,
2026-09-11T20:30:08.962942+00:00,201,19589.00,
2026-09-11T20:30:08.897174+00:00,201,19655.18,
2026-09-11T20:30:08.976841+00:00,201,19566.98,
2026-09-11T20:30:08.992941+00:00,201,19558.88,
2026-09-11T20:30:08.992941+00:00,201,19565.14,
2026-09-11T20:30:08.992941+00:00,201,19555.19,
2026-09-11T20:30:08.992941+00:00,201,19553.36,
2026-09-11T20:30:09.008788+00:00,201,19536.60,
2026-09-11T20:30:09.023781+00:00,201,19534.64,
2026-09-11T20:30:08.976841+00:00,201,19570.17,
2026-09-11T20:30:08.992941+00:00,201,19552.02,
2026-09-11T20:30:09.023781+00:00,201,19529.11,
2026-09-11T20:30:09.008788+00:00,201,19550.01,
2026-09-11T20:30:08.976841+00:00,201,19577.01,
2026-09-11T20:30:08.976841+00:00,201,19581.26,
2026-09-11T20:30:08.912832+00:00,201,19641.01,
2026-09-11T20:30:09.008788+00:00,201,19540.39,
2026-09-11T20:30:09.322859+00:00,201,19227.96,
2026-09-11T20:30:08.939929+00:00,201,19619.33,
2026-09-11T20:30:09.322859+00:00,201,19234.19,
2026-09-11T20:30:05.561626+00:00,201,22991.80,
2026-09-11T20:30:09.357502+00:00,201,19204.07,
2026-09-11T20:30:09.008788+00:00,201,19543.59,
2026-09-11T20:30:09.322859+00:00,201,19232.02,
2026-09-11T20:30:08.992941+00:00,201,19566.84,
2026-09-11T20:30:09.313611+00:00,201,19242.06,
2026-09-11T20:30:09.008788+00:00,201,19548.50,
2026-09-11T20:30:09.008788+00:00,201,19550.76,
2026-09-11T20:30:08.962942+00:00,201,19592.21,
2026-09-11T20:30:09.313611+00:00,201,19246.58,
2026-09-11T20:30:09.068506+00:00,201,19494.70,
2026-09-11T20:30:09.322859+00:00,201,19239.55,
2026-09-11T20:30:05.334752+00:00,201,23226.73,
2026-09-11T20:30:09.023781+00:00,201,19535.23,
2026-09-11T20:30:09.322859+00:00,201,19228.36,
2026-09-11T20:30:09.008788+00:00,201,19548.07,
2026-09-11T20:30:05.735565+00:00,201,22828.34,
2026-09-11T20:30:09.023781+00:00,201,19538.07,
2026-09-11T20:30:00.995527+00:00,201,27561.94,
2026-09-11T20:30:01.004618+00:00,201,27551.27,
2026-09-11T20:30:01.004618+00:00,201,27558.63,
2026-09-11T20:30:09.494718+00:00,201,19063.17,
2026-09-11T20:30:09.478927+00:00,201,19084.68,
2026-09-11T20:30:09.478927+00:00,201,19081.15,
2026-09-11T20:30:05.340309+00:00,201,23224.94,
2026-09-11T20:30:05.736575+00:00,201,22826.82,
2026-09-11T20:30:05.561626+00:00,201,22992.98,
2026-09-11T20:30:01.004618+00:00,201,27548.97,
2026-09-11T20:30:09.478927+00:00,201,19073.76,
2026-09-11T20:30:09.470362+00:00,201,19090.58,
2026-09-11T20:30:05.404114+00:00,201,23153.29,
2026-09-11T20:30:05.602832+00:00,201,22966.72,
2026-09-11T20:30:01.021080+00:00,201,27552.49,
2026-09-11T20:30:12.697179+00:00,201,15874.50,
2026-09-11T20:30:05.371984+00:00,201,23212.23,
2026-09-11T20:30:05.577513+00:00,201,23011.83,
2026-09-11T20:30:01.057160+00:00,201,27533.84,
2026-09-11T20:30:05.740719+00:00,201,22859.67,
2026-09-11T20:30:05.768275+00:00,201,22838.30,
2026-09-11T20:30:05.602832+00:00,201,23007.13,
2026-09-11T20:30:12.081743+00:00,201,16535.10,
2026-09-11T20:30:01.067483+00:00,201,27554.28,
2026-09-11T20:30:05.752480+00:00,201,22861.85,
2026-09-11T20:30:05.371984+00:00,201,23253.38,
2026-09-11T20:30:05.768275+00:00,201,22866.80,
2026-09-11T20:30:01.075414+00:00,201,27568.31,
2026-09-11T20:30:05.609957+00:00,201,23037.28,
2026-09-11T20:30:05.340309+00:00,201,23305.88,
2026-09-11T20:30:05.371984+00:00,201,23276.49,
2026-09-11T20:30:05.641510+00:00,201,23015.00,
2026-09-11T20:30:05.609957+00:00,201,23054.52,
2026-09-11T20:30:05.371984+00:00,201,23287.38,
2026-09-11T20:30:01.081939+00:00,201,27596.60,
2026-09-11T20:30:05.768275+00:00,201,22926.89,
2026-09-11T20:30:01.089226+00:00,201,27620.26,
2026-09-11T20:30:05.656975+00:00,201,23043.97,
2026-09-11T20:30:05.815890+00:00,201,22899.53,
2026-09-11T20:30:09.884217+00:00,201,18835.54,
2026-09-11T20:30:05.783936+00:00,201,22943.11,
2026-09-11T20:30:01.188258+00:00,201,27543.80,
2026-09-11T20:30:12.977905+00:00,201,15758.23,
2026-09-11T20:30:13.024589+00:00,201,15722.54,
2026-09-11T20:30:12.925517+00:00,201,15826.71,
2026-09-11T20:30:09.840608+00:00,201,18909.54,
2026-09-11T20:30:01.150380+00:00,201,27608.60,
2026-09-11T20:30:05.450674+00:00,201,23319.22,
2026-09-11T20:30:09.884217+00:00,201,18895.37,
2026-09-11T20:30:05.815890+00:00,201,22969.74,
2026-09-11T20:30:12.995860+00:00,201,15796.08,
2026-09-11T20:30:09.852670+00:00,201,18951.53,
2026-09-11T20:30:05.673098+00:00,201,23135.21,
2026-09-11T20:30:05.404114+00:00,201,23401.77,
2026-09-11T20:30:05.815890+00:00,201,22993.36,
2026-09-11T20:30:05.419162+00:00,201,23405.02,
2026-09-11T20:30:05.815890+00:00,201,23015.68,
2026-09-11T20:30:13.024589+00:00,201,15799.50,
2026-09-11T20:30:12.910238+00:00,201,15932.04,
2026-09-11T20:30:05.673098+00:00,201,23169.48,
2026-09-11T20:30:01.195906+00:00,201,27681.15,
2026-09-11T20:30:05.673098+00:00,201,23221.96,
2026-09-11T20:30:05.450674+00:00,201,23454.35,
2026-09-11T20:30:05.829936+00:00,201,23102.45,
2026-09-11T20:30:01.162714+00:00,201,27802.69,
2026-09-11T20:30:05.799628+00:00,201,23174.21,
2026-09-11T20:30:17.707613+00:00,201,11268.13,
2026-09-11T20:30:05.419162+00:00,201,23553.93,
2026-09-11T20:30:09.869701+00:00,201,19110.83,
2026-09-11T20:30:13.058559+00:00,201,15927.63,
2026-09-11T20:30:12.893213+00:00,201,16097.34,
2026-09-11T20:30:09.852670+00:00,201,19135.48,
2026-09-11T20:30:13.014025+00:00,201,15985.81,
2026-09-11T20:30:05.450674+00:00,201,23569.35,
2026-09-11T20:30:05.466785+00:00,201,23574.75,
2026-09-11T20:30:13.071960+00:00,201,15970.78,
2026-09-11T20:30:19.467689+00:00,201,9573.40,
2026-09-11T20:30:18.873588+00:00,201,10176.85,
2026-09-11T20:30:05.404114+00:00,201,23648.52,
2026-09-11T20:30:01.187232+00:00,201,27870.30,
2026-09-11T20:30:05.435526+00:00,201,23612.68,
2026-09-11T20:30:05.688775+00:00,201,23375.24,
2026-09-11T20:30:13.080096+00:00,201,15980.61,
2026-09-11T20:30:18.299102+00:00,201,10778.18,
2026-09-11T20:30:05.835586+00:00,201,23254.42,
2026-09-11T20:30:09.904160+00:00,201,19195.95,
2026-09-11T20:30:12.951873+00:00,201,16150.98,
2026-09-11T20:30:12.933803+00:00,201,16173.15,
2026-09-11T20:30:09.867713+00:00,201,19243.54,
2026-09-11T20:30:05.835586+00:00,201,23275.27,
2026-09-11T20:30:05.803243+00:00,201,23311.12,
2026-09-11T20:30:05.466785+00:00,201,23646.67,
2026-09-11T20:30:01.178417+00:00,201,27943.81,
2026-09-11T20:30:12.962911+00:00,201,16164.78,
2026-09-11T20:30:01.228689+00:00,201,27902.33,
2026-09-11T20:30:09.907161+00:00,201,19228.24,
2026-09-11T20:30:05.688775+00:00,201,23443.26,
2026-09-11T20:30:05.387651+00:00,201,23741.10,
2026-09-11T20:30:05.629373+00:00,201,23516.26,
2026-09-11T20:30:09.869701+00:00,201,19275.36,
2026-09-11T20:30:01.111445+00:00,201,28054.12,
2026-09-11T20:30:05.656975+00:00,201,23508.52,
2026-09-11T20:30:05.835586+00:00,201,23331.06,
2026-09-11T20:30:12.969615+00:00,201,16203.26,
2026-09-11T20:30:01.131258+00:00,201,28043.07,
2026-09-11T20:30:17.022431+00:00,201,12165.19,
2026-09-11T20:30:19.083104+00:00,201,10131.91,
2026-09-11T20:30:01.242197+00:00,201,27986.11,
2026-09-11T20:30:05.482927+00:00,201,23748.20,
2026-09-11T20:30:01.150380+00:00,201,28085.37,
2026-09-11T20:30:05.688775+00:00,201,23536.75,
2026-09-11T20:30:12.877331+00:00,201,16361.70,
2026-09-11T20:30:05.803243+00:00,201,23434.57,
2026-09-11T20:30:05.815890+00:00,201,23440.33,
2026-09-11T20:30:05.847008+00:00,201,23414.21,
2026-09-11T20:30:09.911290+00:00,201,19354.65,
2026-09-11T20:30:19.507770+00:00,201,9805.96,
2026-09-11T20:30:06.464850+00:00,201,22838.63,
2026-09-11T20:30:06.537207+00:00,201,22779.87,
2026-09-11T20:30:06.591308+00:00,201,22724.18,
2026-09-11T20:30:06.543744+00:00,201,22773.66,
2026-09-11T20:30:06.512302+00:00,201,22800.87,
2026-09-11T20:30:06.559694+00:00,201,22756.34,
2026-09-11T20:30:06.527968+00:00,201,22790.26,
2026-09-11T20:30:06.603882+00:00,201,22716.72,
2026-09-11T20:30:06.527968+00:00,201,22792.90,
2026-09-11T20:30:06.654879+00:00,201,22660.23,
2026-09-11T20:30:06.765724+00:00,201,22553.04,
2026-09-11T20:30:08.063565+00:00,201,21244.52,
2026-09-11T20:30:08.158064+00:00,201,21155.53,
2026-09-11T20:30:08.205853+00:00,201,21118.00,
2026-09-11T20:30:08.316297+00:00,201,20994.65,
2026-09-11T20:30:08.316297+00:00,201,21006.36,
2026-09-11T20:30:08.222172+00:00,201,21093.33,
2026-09-11T20:30:08.284993+00:00,201,21031.26,
2026-09-11T20:30:08.421242+00:00,201,20904.03,
2026-09-11T20:30:08.398113+00:00,201,20926.74,
2026-09-11T20:30:08.342459+00:00,201,20983.68,
2026-09-11T20:30:08.517398+00:00,201,20806.97,
2026-09-11T20:30:08.588990+00:00,201,20731.69,
2026-09-11T20:30:08.564846+00:00,201,20758.33,
2026-09-11T20:30:08.557929+00:00,201,20764.34,
2026-09-11T20:30:08.615886+00:00,201,20701.02,
2026-09-11T20:30:05.387651+00:00,201,23937.14,
2026-09-11T20:30:05.609957+00:00,201,23709.82,
2026-09-11T20:30:01.130749+00:00,201,28197.76,
2026-09-11T20:30:05.404114+00:00,201,23918.76,
2026-09-11T20:30:01.195906+00:00,201,28128.38,
2026-09-11T20:30:05.450674+00:00,201,23873.07,
2026-09-11T20:30:13.047750+00:00,201,16279.23,
2026-09-11T20:30:05.803243+00:00,201,23522.55,
2026-09-11T20:30:19.461565+00:00,201,9867.58,
2026-09-11T20:30:01.210859+00:00,201,28115.51,
2026-09-11T20:30:09.899946+00:00,201,19432.69,
2026-09-11T20:30:09.902157+00:00,201,19431.21,
2026-09-11T20:30:01.131258+00:00,201,28189.91,
2026-09-11T20:30:05.435526+00:00,201,23897.53,
2026-09-11T20:30:05.641510+00:00,201,23691.46,
2026-09-11T20:30:13.097697+00:00,201,16234.12,
2026-09-11T20:30:05.688775+00:00,201,23642.60,
2026-09-11T20:30:05.466785+00:00,201,23863.97,
2026-09-11T20:30:13.106603+00:00,201,16220.54,
2026-09-11T20:30:01.231207+00:00,201,28099.85,
2026-09-11T20:30:13.122910+00:00,201,16206.98,
2026-09-11T20:30:09.909160+00:00,201,19426.93,
2026-09-11T20:30:05.835586+00:00,201,23491.45,
2026-09-11T20:30:05.803243+00:00,201,23532.80,
2026-09-11T20:30:09.884217+00:00,201,19447.83,
2026-09-11T20:30:16.390849+00:00,201,12939.93,
2026-09-11T20:30:05.635413+00:00,201,23708.33,
2026-09-11T20:30:05.482927+00:00,201,23859.81,
2026-09-11T20:30:05.704429+00:00,201,23644.43,
2026-09-11T20:30:01.150380+00:00,201,28191.92,
2026-09-11T20:30:09.882473+00:00,201,19473.39,
2026-09-11T20:30:01.095141+00:00,201,28264.10,
2026-09-11T20:30:09.913290+00:00,201,19449.65,
2026-09-11T20:30:05.847008+00:00,201,23515.38,
2026-09-11T20:30:01.289227+00:00,201,28086.06,
2026-09-11T20:30:05.514319+00:00,201,23872.78,
2026-09-11T20:30:05.880458+00:00,0,23520.37,connection_error: 
2026-09-11T20:30:06.464850+00:00,201,22934.42,
2026-09-11T20:30:06.433794+00:00,201,22979.84,
2026-09-11T20:30:06.436833+00:00,201,22969.47,
2026-09-11T20:30:06.449135+00:00,201,22961.63,
2026-09-11T20:30:06.543744+00:00,201,22868.38,
2026-09-11T20:30:06.559694+00:00,201,22855.16,
2026-09-11T20:30:08.639224+00:00,201,20777.62,
2026-09-11T20:30:05.768275+00:00,201,23644.15,
2026-09-11T20:30:05.740719+00:00,201,23673.88,
2026-09-11T20:30:05.625101+00:00,201,23792.56,
2026-09-11T20:30:05.783936+00:00,201,23627.08,
2026-09-11T20:30:05.435526+00:00,201,23981.34,
2026-09-11T20:30:12.918255+00:00,201,16503.74,
2026-09-11T20:30:05.673098+00:00,201,23737.19,
2026-09-11T20:30:05.656975+00:00,201,23758.39,
2026-09-11T20:30:18.633912+00:00,201,10788.60,
2026-09-11T20:30:12.887746+00:00,201,16534.80,
2026-09-11T20:30:09.869701+00:00,201,19552.26,
2026-09-11T20:30:01.221567+00:00,201,28200.63,
2026-09-11T20:30:05.435526+00:00,201,23979.62,
2026-09-11T20:30:05.688775+00:00,201,23725.43,
2026-09-11T20:30:01.247647+00:00,201,28173.99,
2026-09-11T20:30:05.482927+00:00,201,23940.82,
2026-09-11T20:30:05.419162+00:00,201,24010.84,
2026-09-11T20:30:05.847008+00:00,201,23584.53,
2026-09-11T20:30:09.852670+00:00,201,19585.44,
2026-09-11T20:30:05.387651+00:00,201,24065.88,
2026-09-11T20:30:06.417881+00:00,201,23094.13,
2026-09-11T20:30:06.512302+00:00,201,22994.60,
2026-09-11T20:30:06.527968+00:00,201,22988.28,
2026-09-11T20:30:06.559694+00:00,201,22955.06,
2026-09-11T20:30:06.923853+00:00,201,22595.40,
2026-09-11T20:30:08.426541+00:00,201,21096.02,
2026-09-11T20:30:12.943330+00:00,201,16579.22,
2026-09-11T20:30:05.783936+00:00,201,23731.45,
2026-09-11T20:30:05.831551+00:00,201,23690.75,
2026-09-11T20:30:05.635413+00:00,201,23885.03,
2026-09-11T20:30:09.884217+00:00,201,19637.79,
2026-09-11T20:30:05.641510+00:00,201,23871.70,
2026-09-11T20:30:05.704429+00:00,201,23823.58,
2026-09-11T20:30:09.914290+00:00,201,19627.52,
2026-09-11T20:30:06.480874+00:00,201,23117.78,
2026-09-11T20:30:06.512302+00:00,201,23085.15,
2026-09-11T20:30:06.480874+00:00,201,23112.08,
2026-09-11T20:30:06.464850+00:00,201,23134.57,
2026-09-11T20:30:06.480874+00:00,201,23117.35,
2026-09-11T20:30:05.641510+00:00,201,23955.71,
2026-09-11T20:30:09.884217+00:00,201,19706.88,
2026-09-11T20:30:01.210859+00:00,201,28390.83,
2026-09-11T20:30:09.884217+00:00,201,19705.00,
2026-09-11T20:30:09.869701+00:00,201,19722.23,
2026-09-11T20:30:05.783936+00:00,201,23817.35,
2026-09-11T20:30:05.466785+00:00,201,24125.93,
2026-09-11T20:30:13.145592+00:00,201,16458.81,
2026-09-11T20:30:05.704429+00:00,201,23895.08,
2026-09-11T20:30:12.993078+00:00,201,16611.85,
2026-09-11T20:30:05.428912+00:00,201,24173.93,
2026-09-11T20:30:01.114960+00:00,201,28488.59,
2026-09-11T20:30:06.496633+00:00,201,23130.90,
2026-09-11T20:30:01.170317+00:00,201,28462.86,
2026-09-11T20:30:19.301620+00:00,201,10333.39,
2026-09-11T20:30:05.609957+00:00,201,24017.53,
2026-09-11T20:30:05.656975+00:00,201,23998.63,
2026-09-11T20:30:09.914290+00:00,201,19750.04,
2026-09-11T20:30:05.847008+00:00,201,23810.32,
2026-09-11T20:30:01.247647+00:00,201,28442.66,
2026-09-11T20:30:06.385869+00:00,201,23317.99,
2026-09-11T20:30:05.482927+00:00,201,24223.07,
2026-09-11T20:30:01.258983+00:00,201,28454.91,
2026-09-11T20:30:05.498590+00:00,201,24223.96,
2026-09-11T20:30:05.720502+00:00,201,24003.39,
2026-09-11T20:30:05.783936+00:00,201,23926.83,
2026-09-11T20:30:09.914290+00:00,201,19804.01,
2026-09-11T20:30:05.847008+00:00,201,23866.09,
2026-09-11T20:30:05.768275+00:00,201,23946.93,
2026-09-11T20:30:06.417881+00:00,201,23323.73,
2026-09-11T20:30:01.273881+00:00,201,28483.11,
2026-09-11T20:30:05.552268+00:00,201,24233.49,
2026-09-11T20:30:01.278271+00:00,201,28513.08,
2026-09-11T20:30:01.258983+00:00,201,28538.48,
2026-09-11T20:30:20.032366+00:00,201,9774.17,
2026-09-11T20:30:09.945819+00:00,0,19904.88,connection_error: 
2026-09-11T20:30:05.535176+00:00,201,24359.91,
2026-09-11T20:30:13.320206+00:00,201,16577.43,
2026-09-11T20:30:13.344210+00:00,201,16562.17,
2026-09-11T20:30:09.940492+00:00,201,19969.07,
2026-09-11T20:30:05.882224+00:00,201,24022.56,
2026-09-11T20:30:13.457016+00:00,201,16471.11,
2026-09-11T20:30:09.930161+00:00,201,20006.12,
2026-09-11T20:30:19.579848+00:00,201,10361.64,
2026-09-11T20:30:05.882224+00:00,201,24084.52,
2026-09-11T20:30:09.940492+00:00,201,20037.57,
2026-09-11T20:30:19.491118+00:00,201,10486.25,
2026-09-11T20:30:09.940492+00:00,201,20034.71,
2026-09-11T20:30:19.586587+00:00,201,10390.83,
2026-09-11T20:30:05.535176+00:00,201,24440.77,
2026-09-11T20:30:19.467689+00:00,201,10512.42,
2026-09-11T20:30:13.471546+00:00,201,16509.20,
2026-09-11T20:30:13.388265+00:00,201,16595.07,
2026-09-11T20:30:09.840608+00:00,201,20187.17,
2026-09-11T20:30:01.365091+00:00,201,28672.07,
2026-09-11T20:30:01.394717+00:00,201,28649.96,
2026-09-11T20:30:05.957495+00:00,201,24088.21,
2026-09-11T20:30:05.894121+00:00,201,24151.43,
2026-09-11T20:30:19.840510+00:00,201,10219.29,
2026-09-11T20:30:20.165345+00:00,201,9894.54,
2026-09-11T20:30:22.340847+00:00,201,7721.03,
2026-09-11T20:30:13.829292+00:00,201,16266.61,
2026-09-11T20:30:05.941704+00:00,201,24192.76,
2026-09-11T20:30:01.372415+00:00,201,28794.51,
2026-09-11T20:30:01.607409+00:00,201,28554.28,
2026-09-11T20:30:13.439966+00:00,201,16748.03,
2026-09-11T20:30:05.560122+00:00,201,24661.74,
2026-09-11T20:30:20.424854+00:00,201,9814.22,
2026-09-11T20:30:05.957495+00:00,201,24275.39,
2026-09-11T20:30:21.752210+00:00,201,8493.65,
2026-09-11T20:30:05.973642+00:00,201,24303.32,
2026-09-11T20:30:14.129822+00:00,201,16149.41,
2026-09-11T20:30:13.576299+00:00,201,16715.11,
2026-09-11T20:30:20.448316+00:00,201,9844.79,
2026-09-11T20:30:01.509931+00:00,201,28798.89,
2026-09-11T20:30:01.646864+00:00,201,28671.74,
2026-09-11T20:30:01.684024+00:00,201,28656.41,
2026-09-11T20:30:22.532823+00:00,201,7825.57,
2026-09-11T20:30:19.903092+00:00,201,10491.24,
2026-09-11T20:30:09.949636+00:00,201,20462.40,
2026-09-11T20:30:13.519653+00:00,201,16906.94,
2026-09-11T20:30:05.957495+00:00,201,24464.86,
2026-09-11T20:30:01.306366+00:00,201,29158.46,
2026-09-11T20:30:13.644310+00:00,201,16825.37,
2026-09-11T20:30:20.476878+00:00,201,9995.99,
2026-09-11T20:30:05.909965+00:00,201,24583.08,
2026-09-11T20:30:01.557766+00:00,201,28943.36,
2026-09-11T20:30:20.252302+00:00,201,10266.90,
2026-09-11T20:30:05.973642+00:00,201,24538.88,
2026-09-11T20:30:05.514319+00:00,201,25020.74,
2026-09-11T20:30:05.989745+00:00,201,24565.78,
2026-09-11T20:30:01.762412+00:00,201,28791.83,
2026-09-11T20:30:20.705361+00:00,201,9862.24,
2026-09-11T20:30:06.005991+00:00,201,24581.61,
2026-09-11T20:30:20.216811+00:00,201,10415.82,
2026-09-11T20:30:01.588891+00:00,201,29037.74,
2026-09-11T20:30:01.810309+00:00,201,28846.47,
2026-09-11T20:30:09.914290+00:00,201,20783.44,
2026-09-11T20:30:09.949636+00:00,201,20793.63,
2026-09-11T20:30:13.499743+00:00,201,17247.64,
2026-09-11T20:30:05.535176+00:00,201,25222.73,
2026-09-11T20:30:01.856861+00:00,201,28940.14,
2026-09-11T20:30:22.805239+00:00,201,8007.31,
2026-09-11T20:30:01.494732+00:00,201,29355.82,
2026-09-11T20:30:13.560242+00:00,201,17301.57,
2026-09-11T20:30:20.114539+00:00,201,10789.19,
2026-09-11T20:30:20.499219+00:00,201,10412.87,
2026-09-11T20:30:20.283928+00:00,201,10625.32,
2026-09-11T20:30:05.989745+00:00,201,24923.67,
2026-09-11T20:30:20.957811+00:00,201,9972.55,
2026-09-11T20:30:01.545216+00:00,201,29401.86,
2026-09-11T20:30:21.163465+00:00,201,9786.70,
2026-09-11T20:30:01.415935+00:00,201,29556.42,
2026-09-11T20:30:09.961506+00:00,201,21021.74,
2026-09-11T20:30:05.862766+00:00,201,25129.16,
2026-09-11T20:30:14.692518+00:00,201,16313.53,
2026-09-11T20:30:20.404610+00:00,201,10603.71,
2026-09-11T20:30:01.307883+00:00,201,29728.09,
2026-09-11T20:30:13.592232+00:00,201,17459.81,
2026-09-11T20:30:05.720502+00:00,201,25330.01,
2026-09-11T20:30:19.871241+00:00,201,11189.47,
2026-09-11T20:30:22.263182+00:00,201,8841.65,
2026-09-11T20:30:21.080823+00:00,201,10026.86,
2026-09-11T20:30:19.483521+00:00,201,11637.42,
2026-09-11T20:30:15.303226+00:00,201,15891.92,
2026-09-11T20:30:21.008809+00:00,201,10203.27,
2026-09-11T20:30:09.961506+00:00,201,21251.15,
2026-09-11T20:30:20.726679+00:00,201,10514.56,
2026-09-11T20:30:19.919066+00:00,201,11332.41,
2026-09-11T20:30:02.037543+00:00,201,29210.98,
2026-09-11T20:30:21.136304+00:00,201,10140.63,
2026-09-11T20:30:20.367252+00:00,201,10917.04,
2026-09-11T20:30:05.704429+00:00,201,25591.13,
2026-09-11T20:30:14.327754+00:00,201,16984.66,
2026-09-11T20:30:14.362343+00:00,201,16960.00,
2026-09-11T20:30:20.328114+00:00,201,11001.19,
2026-09-11T20:30:14.212492+00:00,201,17134.60,
2026-09-11T20:30:01.952728+00:00,201,29394.09,
2026-09-11T20:30:13.423868+00:00,201,17966.11,
2026-09-11T20:30:01.832455+00:00,201,29559.31,
2026-09-11T20:30:14.265882+00:00,201,17144.35,
2026-09-11T20:30:01.825958+00:00,201,29608.43,
2026-09-11T20:30:01.405300+00:00,201,30052.13,
2026-09-11T20:30:02.015114+00:00,201,29441.38,
2026-09-11T20:30:02.111263+00:00,201,29348.65,
2026-09-11T20:30:21.893112+00:00,201,9607.30,
2026-09-11T20:30:20.229810+00:00,201,11273.72,
2026-09-11T20:30:01.671194+00:00,201,29832.26,
2026-09-11T20:30:14.394172+00:00,201,17125.20,
2026-09-11T20:30:15.423375+00:00,201,16104.08,
2026-09-11T20:30:20.175895+00:00,201,11356.71,
2026-09-11T20:30:06.005991+00:00,201,25553.88,
2026-09-11T20:30:01.709041+00:00,201,29881.48,
2026-09-11T20:30:01.653140+00:00,201,29940.63,
2026-09-11T20:30:01.536668+00:00,201,30068.94,
2026-09-11T20:30:01.936550+00:00,201,29667.66,
2026-09-11T20:30:22.307992+00:00,201,9322.12,
2026-09-11T20:30:13.946753+00:00,201,17698.06,
2026-09-11T20:30:22.416214+00:00,201,9228.55,
2026-09-11T20:30:15.514774+00:00,201,16129.85,
2026-09-11T20:30:02.207028+00:00,201,29442.11,
2026-09-11T20:30:22.644866+00:00,201,9023.10,
2026-09-11T20:30:02.218211+00:00,201,29477.26,
2026-09-11T20:30:01.796794+00:00,201,29925.21,
2026-09-11T20:30:01.952728+00:00,201,29773.37,
2026-09-11T20:30:05.498590+00:00,201,26238.85,
2026-09-11T20:30:14.795394+00:00,201,16983.89,
2026-09-11T20:30:01.885991+00:00,201,29902.91,
2026-09-11T20:30:01.762412+00:00,201,30034.24,
2026-09-11T20:30:01.653140+00:00,201,30157.54,
2026-09-11T20:30:21.112634+00:00,201,10708.76,
2026-09-11T20:30:05.909965+00:00,201,25924.05,
2026-09-11T20:30:02.270907+00:00,201,29574.11,
2026-09-11T20:30:20.784010+00:00,201,11088.81,
2026-09-11T20:30:21.036403+00:00,201,10847.34,
2026-09-11T20:30:02.100905+00:00,201,29826.60,
2026-09-11T20:30:09.949636+00:00,201,21985.80,
2026-09-11T20:30:01.781678+00:00,201,30153.68,
2026-09-11T20:30:05.531636+00:00,201,26420.72,
2026-09-11T20:30:19.895761+00:00,201,12057.77,
2026-09-11T20:30:14.152338+00:00,201,17809.25,
2026-09-11T20:30:01.483178+00:00,201,30492.91,
2026-09-11T20:30:01.458409+00:00,201,30521.32,
2026-09-11T20:30:05.514319+00:00,201,26463.57,
2026-09-11T20:30:02.317123+00:00,201,29686.68,
2026-09-11T20:30:05.894121+00:00,201,26142.55,
2026-09-11T20:30:01.557766+00:00,201,30497.95,
2026-09-11T20:30:22.715915+00:00,201,9346.10,
2026-09-11T20:30:22.372804+00:00,201,9702.58,
2026-09-11T20:30:20.914680+00:00,201,11198.92,
2026-09-11T20:30:13.303898+00:00,201,18812.56,
2026-09-11T20:30:09.949636+00:00,201,22182.31,
2026-09-11T20:30:15.246678+00:00,201,16895.16,
2026-09-11T20:30:14.234110+00:00,201,17923.72,
2026-09-11T20:30:01.636970+00:00,201,30524.36,
2026-09-11T20:30:05.941704+00:00,201,26229.03,
2026-09-11T20:30:05.882224+00:00,201,26302.74,
2026-09-11T20:30:01.447190+00:00,201,30754.63,
2026-09-11T20:30:02.383551+00:00,201,29841.58,
2026-09-11T20:30:21.260410+00:00,201,10974.55,
2026-09-11T20:30:22.453250+00:00,201,9788.51,
2026-09-11T20:30:02.149107+00:00,201,30143.10,
2026-09-11T20:30:05.862766+00:00,201,26454.56,
2026-09-11T20:30:02.349078+00:00,201,29972.79,
2026-09-11T20:30:02.055563+00:00,201,30272.49,
2026-09-11T20:30:02.032983+00:00,201,30298.33,
2026-09-11T20:30:21.396303+00:00,201,10933.89,
2026-09-11T20:30:20.877172+00:00,201,11487.98,
2026-09-11T20:30:15.350052+00:00,201,17030.92,
2026-09-11T20:30:02.067381+00:00,201,30309.75,
2026-09-11T20:30:02.436013+00:00,201,29963.38,
2026-09-11T20:30:21.346521+00:00,201,11104.82,
2026-09-11T20:30:05.925970+00:00,201,26524.45,
2026-09-11T20:30:13.490721+00:00,201,18977.06,
2026-09-11T20:30:20.095096+00:00,201,12372.61,
2026-09-11T20:30:02.084762+00:00,201,30411.20,
2026-09-11T20:30:02.243682+00:00,201,30278.27,
2026-09-11T20:30:02.253651+00:00,201,30273.64,
2026-09-11T20:30:20.055850+00:00,201,12489.79,
2026-09-11T20:30:21.718168+00:00,201,10845.99,
2026-09-11T20:30:21.063770+00:00,201,11503.60,
2026-09-11T20:30:20.109934+00:00,201,12490.90,
2026-09-11T20:30:13.996921+00:00,201,18617.01,
2026-09-11T20:30:14.545509+00:00,201,18086.11,
2026-09-11T20:30:21.291863+00:00,201,11354.35,
2026-09-11T20:30:13.901015+00:00,201,18753.60,
2026-09-11T20:30:01.743921+00:00,201,30911.84,
2026-09-11T20:30:15.205814+00:00,201,17459.31,
2026-09-11T20:30:02.159201+00:00,201,30521.86,
2026-09-11T20:30:01.663191+00:00,201,31030.97,
2026-09-11T20:30:05.656975+00:00,201,27043.68,
2026-09-11T20:30:02.144831+00:00,201,30559.04,
2026-09-11T20:30:02.419618+00:00,201,30331.60,
2026-09-11T20:30:02.397550+00:00,201,30375.07,
2026-09-11T20:30:15.388371+00:00,201,17395.13,
2026-09-11T20:30:01.857398+00:00,201,30926.97,
2026-09-11T20:30:21.318786+00:00,201,11500.05,
2026-09-11T20:30:02.333210+00:00,201,30494.26,
2026-09-11T20:30:05.625101+00:00,201,27204.44,
2026-09-11T20:30:01.573176+00:00,201,31260.69,
2026-09-11T20:30:21.428155+00:00,201,11426.25,
2026-09-11T20:30:01.384688+00:00,201,31501.57,
2026-09-11T20:30:21.978492+00:00,201,10905.69,
2026-09-11T20:30:02.367061+00:00,201,30520.95,
2026-09-11T20:30:02.394806+00:00,201,30509.02,
2026-09-11T20:30:02.300084+00:00,201,30615.73,
2026-09-11T20:30:14.901385+00:00,201,18026.63,
2026-09-11T20:30:09.840608+00:00,201,23130.82,
2026-09-11T20:30:20.132355+00:00,201,12857.59,
2026-09-11T20:30:14.036227+00:00,201,18976.95,
2026-09-11T20:30:05.514319+00:00,201,27490.57,
2026-09-11T20:30:01.336864+00:00,201,31704.29,
2026-09-11T20:30:02.223490+00:00,201,30824.94,
2026-09-11T20:30:01.101321+00:00,201,31958.68,
2026-09-11T20:30:20.272673+00:00,201,12791.29,
2026-09-11T20:30:01.983703+00:00,201,31078.94,
2026-09-11T20:30:02.901342+00:00,201,30158.70,
2026-09-11T20:30:13.848787+00:00,201,19238.22,
2026-09-11T20:30:02.463660+00:00,201,30641.97,
2026-09-11T20:30:02.917201+00:00,201,30199.38,
2026-09-11T20:30:01.996900+00:00,201,31141.07,
2026-09-11T20:30:05.935914+00:00,201,27268.27,
2026-09-11T20:30:02.312323+00:00,201,30906.62,
2026-09-11T20:30:02.124843+00:00,201,31096.64,
2026-09-11T20:30:22.087013+00:00,201,11129.18,
2026-09-11T20:30:14.997106+00:00,201,18230.28,
2026-09-11T20:30:02.880307+00:00,201,30368.60,
2026-09-11T20:30:20.063300+00:00,201,13178.88,
2026-09-11T20:30:21.477724+00:00,201,11779.94,
2026-09-11T20:30:02.981673+00:00,201,30349.67,
2026-09-11T20:30:13.544340+00:00,201,19814.21,
2026-09-11T20:30:02.885552+00:00,201,30517.96,
2026-09-11T20:30:20.014992+00:00,201,13406.85,
2026-09-11T20:30:03.005630+00:00,201,30428.18,
2026-09-11T20:30:01.876013+00:00,201,31567.53,
2026-09-11T20:30:15.029701+00:00,201,18441.13,
2026-09-11T20:30:13.875276+00:00,201,19610.58,
2026-09-11T20:30:01.841160+00:00,201,31653.33,
2026-09-11T20:30:02.444152+00:00,201,31089.09,
2026-09-11T20:30:13.789556+00:00,201,19747.19,
2026-09-11T20:30:05.909965+00:00,201,27615.81,
2026-09-11T20:30:21.365291+00:00,201,12168.03,
2026-09-11T20:30:05.862766+00:00,201,27676.64,
2026-09-11T20:30:05.328958+00:00,201,28228.17,
2026-09-11T20:30:22.602770+00:00,201,10965.64,
2026-09-11T20:30:20.986636+00:00,201,12594.45,
2026-09-11T20:30:14.830960+00:00,201,18780.51,
2026-09-11T20:30:02.917201+00:00,201,30692.82,
2026-09-11T20:30:05.882224+00:00,201,27737.71,
2026-09-11T20:30:02.833131+00:00,201,30795.43,
2026-09-11T20:30:02.458126+00:00,201,31202.44,
2026-09-11T20:30:05.514319+00:00,201,28155.31,
2026-09-11T20:30:02.349078+00:00,201,31312.69,
2026-09-11T20:30:15.284249+00:00,201,18403.38,
2026-09-11T20:30:03.062479+00:00,201,30615.77,
2026-09-11T20:30:02.426710+00:00,201,31278.17,
2026-09-11T20:30:01.596697+00:00,201,32120.55,
2026-09-11T20:30:05.973642+00:00,201,27757.47,
2026-09-11T20:30:15.578215+00:00,201,18185.22,
2026-09-11T20:30:22.233328+00:00,201,11558.91,
2026-09-11T20:30:01.671194+00:00,201,32123.82,
2026-09-11T20:30:13.325708+00:00,201,20464.57,
2026-09-11T20:30:19.935078+00:00,201,13849.50,
2026-09-11T20:30:01.631962+00:00,201,32176.57,
2026-09-11T20:30:13.624897+00:00,201,20207.28,
2026-09-11T20:30:09.930161+00:00,201,23908.62,
2026-09-11T20:30:19.850905+00:00,201,13986.87,
2026-09-11T20:30:05.720502+00:00,201,28132.01,
2026-09-11T20:30:01.909832+00:00,201,31954.19,
2026-09-11T20:30:09.930161+00:00,201,23937.74,
2026-09-11T20:30:02.111263+00:00,201,31765.90,
2026-09-11T20:30:13.364328+00:00,201,20532.64,
2026-09-11T20:30:02.809398+00:00,201,31094.32,
2026-09-11T20:30:03.139373+00:00,201,30775.76,
2026-09-11T20:30:03.156483+00:00,201,30775.67,
2026-09-11T20:30:03.033248+00:00,201,30902.51,
2026-09-11T20:30:01.751645+00:00,201,32211.99,
2026-09-11T20:30:01.470169+00:00,201,32514.55,
2026-09-11T20:30:02.411047+00:00,201,31572.43,
2026-09-11T20:30:02.403736+00:00,201,31591.88,
2026-09-11T20:30:02.284167+00:00,201,31712.46,
2026-09-11T20:30:21.683355+00:00,201,12340.61,
2026-09-11T20:30:19.925183+00:00,201,14118.49,
2026-09-11T20:30:02.062487+00:00,201,32005.32,
2026-09-11T20:30:05.932772+00:00,201,28140.88,
2026-09-11T20:30:19.595342+00:00,201,14481.62,
2026-09-11T20:30:13.745986+00:00,201,20339.48,
2026-09-11T20:30:19.475416+00:00,201,14606.53,
2026-09-11T20:30:01.527209+00:00,201,32562.65,
2026-09-11T20:30:01.888729+00:00,201,32209.38,
2026-09-11T20:30:19.494722+00:00,201,14621.90,
2026-09-11T20:30:22.150503+00:00,201,11970.56,
2026-09-11T20:30:15.470245+00:00,201,18662.71,
2026-09-11T20:30:14.430924+00:00,201,19708.34,
2026-09-11T20:30:03.239357+00:00,201,30928.76,
2026-09-11T20:30:02.237054+00:00,201,31949.84,
2026-09-11T20:30:14.664900+00:00,201,19550.80,
2026-09-11T20:30:03.250378+00:00,201,30980.30,
2026-09-11T20:30:09.949636+00:00,201,24296.92,
2026-09-11T20:30:13.811411+00:00,201,20460.46,
2026-09-11T20:30:02.935185+00:00,201,31396.00,
2026-09-11T20:30:14.057122+00:00,201,20282.58,
2026-09-11T20:30:02.917201+00:00,201,31418.39,
2026-09-11T20:30:19.887159+00:00,201,14474.15,
2026-09-11T20:30:03.196463+00:00,201,31166.41,
2026-09-11T20:30:01.622507+00:00,201,32748.74,
2026-09-11T20:30:14.180752+00:00,201,20201.79,
2026-09-11T20:30:13.665172+00:00,201,20723.16,
2026-09-11T20:30:21.176128+00:00,201,13201.40,
2026-09-11T20:30:20.151368+00:00,201,14239.55,
2026-09-11T20:30:05.894121+00:00,201,28506.15,
2026-09-11T20:30:02.998635+00:00,201,31430.94,
2026-09-11T20:30:03.333164+00:00,201,31094.44,
2026-09-11T20:30:03.270396+00:00,201,31167.61,
2026-09-11T20:30:13.702960+00:00,201,20741.59,
2026-09-11T20:30:03.062479+00:00,201,31405.07,
2026-09-11T20:30:03.345941+00:00,201,31165.40,
2026-09-11T20:30:01.432058+00:00,201,33102.96,
2026-09-11T20:30:15.661025+00:00,201,18896.95,
2026-09-11T20:30:19.859687+00:00,201,14746.40,
2026-09-11T20:30:09.914290+00:00,201,24786.56,
2026-09-11T20:30:03.107869+00:00,201,31601.09,
2026-09-11T20:30:22.564494+00:00,201,12143.32,
2026-09-11T20:30:03.082637+00:00,201,31628.55,
2026-09-11T20:30:22.032761+00:00,201,12702.57,
2026-09-11T20:30:01.818841+00:00,201,32916.90,
2026-09-11T20:30:03.214070+00:00,201,31535.43,
2026-09-11T20:30:05.556424+00:00,201,29208.30,
2026-09-11T20:30:02.463660+00:00,201,32299.63,
2026-09-11T20:30:02.974889+00:00,201,31816.14,
2026-09-11T20:30:03.402480+00:00,201,31388.30,
2026-09-11T20:30:09.961506+00:00,201,24830.21,
2026-09-11T20:30:02.178293+00:00,201,32615.28,
2026-09-11T20:30:03.022874+00:00,201,31777.28,
2026-09-11T20:30:03.156483+00:00,201,31635.96,
2026-09-11T20:30:03.445303+00:00,201,31361.08,
2026-09-11T20:30:02.339108+00:00,201,32465.51,
2026-09-11T20:30:03.203565+00:00,201,31601.15,
2026-09-11T20:30:02.907762+00:00,201,31911.20,
2026-09-11T20:30:03.282227+00:00,201,31540.17,
2026-09-11T20:30:03.377722+00:00,201,31455.22,
2026-09-11T20:30:03.488242+00:00,201,31375.38,
2026-09-11T20:30:14.725688+00:00,201,20163.80,
2026-09-11T20:30:02.001424+00:00,201,32931.46,
2026-09-11T20:30:03.224923+00:00,201,31710.75,
2026-09-11T20:30:02.774712+00:00,201,32178.42,
2026-09-11T20:30:03.319506+00:00,201,31635.75,
2026-09-11T20:30:05.862766+00:00,201,29098.20,
2026-09-11T20:30:02.762144+00:00,201,32210.10,
2026-09-11T20:30:14.955041+00:00,201,20019.60,
2026-09-11T20:30:01.739218+00:00,201,33251.72,
2026-09-11T20:30:21.457801+00:00,201,13534.97,
2026-09-11T20:30:03.044653+00:00,201,31939.62,
2026-09-11T20:30:03.218805+00:00,201,31781.33,
2026-09-11T20:30:03.445303+00:00,201,31553.15,
2026-09-11T20:30:03.456283+00:00,201,31549.96,
2026-09-11T20:30:13.672207+00:00,201,21332.21,
2026-09-11T20:30:02.253651+00:00,201,32773.01,
2026-09-11T20:30:03.044653+00:00,201,31999.80,
2026-09-11T20:30:03.519831+00:00,201,31533.49,
2026-09-11T20:30:02.433138+00:00,201,32627.59,
2026-09-11T20:30:03.583166+00:00,201,31481.17,
2026-09-11T20:30:03.305569+00:00,201,31772.21,
2026-09-11T20:30:02.243682+00:00,201,32835.06,
2026-09-11T20:30:02.869886+00:00,201,32220.55,
2026-09-11T20:30:02.824113+00:00,201,32274.65,
2026-09-11T20:30:01.920386+00:00,201,33181.50,
2026-09-11T20:30:03.622624+00:00,201,31483.19,
2026-09-11T20:30:03.286068+00:00,201,31823.13,
2026-09-11T20:30:14.085553+00:00,201,21043.75,
2026-09-11T20:30:01.507910+00:00,201,33630.49,
2026-09-11T20:30:03.076092+00:00,201,32064.65,
2026-09-11T20:30:01.607409+00:00,201,33546.17,
2026-09-11T20:30:13.768425+00:00,201,21408.57,
2026-09-11T20:30:03.062479+00:00,201,32119.07,
2026-09-11T20:30:02.990935+00:00,201,32190.30,
2026-09-11T20:30:03.039579+00:00,201,32147.65,
2026-09-11T20:30:03.666528+00:00,201,31527.36,
2026-09-11T20:30:03.030027+00:00,201,32176.41,
2026-09-11T20:30:03.497250+00:00,201,31714.73,
2026-09-11T20:30:22.488762+00:00,201,12728.33,
2026-09-11T20:30:03.549852+00:00,201,31693.91,
2026-09-11T20:30:03.239357+00:00,201,32000.10,
2026-09-11T20:30:03.383528+00:00,201,31863.40,
2026-09-11T20:30:03.266120+00:00,201,32003.20,
2026-09-11T20:30:21.239572+00:00,201,14033.20,
2026-09-11T20:30:20.347311+00:00,201,14935.71,
2026-09-11T20:30:03.698098+00:00,201,31607.04,
2026-09-11T20:30:02.781569+00:00,201,32532.58,
2026-09-11T20:30:03.583166+00:00,201,31754.57,
2026-09-11T20:30:03.519831+00:00,201,31838.95,
2026-09-11T20:30:03.092068+00:00,201,32281.62,
2026-09-11T20:30:09.914290+00:00,201,25447.49,
2026-09-11T20:30:03.139373+00:00,201,32233.23,
2026-09-11T20:30:03.187660+00:00,201,32189.53,
2026-09-11T20:30:03.603992+00:00,201,31791.40,
2026-09-11T20:30:03.809981+00:00,201,31591.64,
2026-09-11T20:30:02.291910+00:00,201,33128.88,
2026-09-11T20:30:03.574370+00:00,201,31850.89,
2026-09-11T20:30:03.574370+00:00,201,31859.25,
2026-09-11T20:30:03.837297+00:00,201,31595.37,
2026-09-11T20:30:02.188309+00:00,201,33290.27,
2026-09-11T20:30:03.333164+00:00,201,32150.61,
2026-09-11T20:30:20.080694+00:00,201,15403.49,
2026-09-11T20:30:13.608368+00:00,201,21878.46,
2026-09-11T20:30:03.615392+00:00,201,31873.59,
2026-09-11T20:30:03.013405+00:00,201,32484.97,
2026-09-11T20:30:03.899460+00:00,201,31612.09,
2026-09-11T20:30:03.884167+00:00,201,31627.19,
2026-09-11T20:30:05.894121+00:00,201,29611.59,
2026-09-11T20:30:03.433123+00:00,201,32095.62,
2026-09-11T20:30:03.345941+00:00,201,32177.69,
2026-09-11T20:30:03.092068+00:00,201,32438.15,
2026-09-11T20:30:03.519831+00:00,201,32041.19,
2026-09-11T20:30:02.093833+00:00,201,33470.05,
2026-09-11T20:30:03.773268+00:00,201,31801.17,
2026-09-11T20:30:03.420514+00:00,201,32159.00,
2026-09-11T20:30:03.631209+00:00,201,31950.70,
2026-09-11T20:30:02.854229+00:00,201,32749.32,
2026-09-11T20:30:03.799832+00:00,201,31804.16,
2026-09-11T20:30:03.947788+00:00,201,31653.20,
2026-09-11T20:30:02.949147+00:00,201,32673.69,
2026-09-11T20:30:14.098395+00:00,201,21526.69,
2026-09-11T20:30:03.599585+00:00,201,32058.28,
2026-09-11T20:30:03.932775+00:00,201,31736.56,
2026-09-11T20:30:02.895458+00:00,201,32774.69,
2026-09-11T20:30:01.720305+00:00,201,33955.10,
2026-09-11T20:30:04.002016+00:00,201,31681.75,
2026-09-11T20:30:02.953128+00:00,201,32726.70,
2026-09-11T20:30:02.363244+00:00,201,33339.98,
2026-09-11T20:30:03.768142+00:00,201,31945.34,
2026-09-11T20:30:03.270396+00:00,201,32447.71,
2026-09-11T20:30:03.888334+00:00,201,31844.17,
2026-09-11T20:30:03.298072+00:00,201,32436.92,
2026-09-11T20:30:04.012617+00:00,201,31737.25,
2026-09-11T20:30:22.898258+00:00,201,12864.03,
2026-09-11T20:30:02.084762+00:00,201,33673.81,
2026-09-11T20:30:03.425746+00:00,201,32345.29,
2026-09-11T20:30:03.825702+00:00,201,31949.16,
2026-09-11T20:30:14.292916+00:00,201,21493.42,
2026-09-11T20:30:22.754780+00:00,201,13041.17,
2026-09-11T20:30:03.678610+00:00,201,32131.89,
2026-09-11T20:30:03.698098+00:00,201,32118.26,
2026-09-11T20:30:02.300084+00:00,201,33520.95,
2026-09-11T20:30:21.213787+00:00,201,14615.07,
2026-09-11T20:30:03.868424+00:00,201,31971.11,
2026-09-11T20:30:03.325023+00:00,201,32521.83,
2026-09-11T20:30:02.270907+00:00,201,33574.51,
2026-09-11T20:30:04.089898+00:00,201,31785.18,
2026-09-11T20:30:03.176099+00:00,201,32700.19,
2026-09-11T20:30:20.383864+00:00,201,15518.08,
2026-09-11T20:30:03.662501+00:00,201,32242.16,
2026-09-11T20:30:21.807860+00:00,201,14100.56,
2026-09-11T20:30:03.650196+00:00,201,32266.36,
2026-09-11T20:30:04.152533+00:00,201,31767.62,
2026-09-11T20:30:03.286068+00:00,201,32633.66,
2026-09-11T20:30:19.877419+00:00,201,16073.80,
2026-09-11T20:30:03.678610+00:00,201,32275.08,
2026-09-11T20:30:05.498590+00:00,201,30457.79,
2026-09-11T20:30:15.550059+00:00,201,20418.73,
2026-09-11T20:30:02.201763+00:00,201,33795.53,
2026-09-11T20:30:03.710459+00:00,201,32290.61,
2026-09-11T20:30:03.364359+00:00,201,32633.86,
2026-09-11T20:30:02.762144+00:00,201,33255.14,
2026-09-11T20:30:02.172258+00:00,201,33851.94,
2026-09-11T20:30:02.840193+00:00,201,33208.39,
2026-09-11T20:30:01.888729+00:00,201,34149.56,
2026-09-11T20:30:03.139373+00:00,201,32904.11,
2026-09-11T20:30:03.555591+00:00,201,32519.04,
2026-09-11T20:30:02.444152+00:00,201,33624.32,
2026-09-11T20:30:04.179253+00:00,201,31902.39,
2026-09-11T20:30:04.041785+00:00,201,32050.90,
2026-09-11T20:30:04.247241+00:00,201,31860.98,
2026-09-11T20:30:03.535646+00:00,201,32578.17,
2026-09-11T20:30:01.689082+00:00,201,34421.27,
2026-09-11T20:30:03.841078+00:00,201,32271.91,
2026-09-11T20:30:03.809981+00:00,201,32329.05,
2026-09-11T20:30:04.010597+00:00,201,32148.70,
2026-09-11T20:30:04.012617+00:00,201,32151.41,
2026-09-11T20:30:03.115344+00:00,201,33054.79,
2026-09-11T20:30:03.555591+00:00,201,32623.57,
2026-09-11T20:30:05.862766+00:00,201,30323.14,
2026-09-11T20:30:04.302460+00:00,201,31899.08,
2026-09-11T20:30:04.200667+00:00,201,32002.97,
2026-09-11T20:30:03.746020+00:00,201,32462.06,
2026-09-11T20:30:02.750956+00:00,201,33471.50,
2026-09-11T20:30:04.051168+00:00,201,32171.46,
2026-09-11T20:30:02.790528+00:00,201,33437.06,
2026-09-11T20:30:03.102077+00:00,201,33134.67,
2026-09-11T20:30:04.242149+00:00,201,32019.19,
2026-09-11T20:30:09.961506+00:00,201,26300.01,
2026-09-11T20:30:09.930161+00:00,201,26342.37,
2026-09-11T20:30:03.250378+00:00,201,33029.75,
2026-09-11T20:30:15.061812+00:00,201,21219.43,
2026-09-11T20:30:03.981590+00:00,201,32297.85,
2026-09-11T20:30:04.271999+00:00,201,32035.76,
2026-09-11T20:30:03.735627+00:00,201,32578.69,
2026-09-11T20:30:03.918648+00:00,201,32407.98,
2026-09-11T20:30:03.965651+00:00,201,32356.58,
2026-09-11T20:30:04.378798+00:00,201,31960.74,
2026-09-11T20:30:04.280783+00:00,201,32056.31,
2026-09-11T20:30:04.400779+00:00,201,31952.89,
2026-09-11T20:30:03.364359+00:00,201,33005.54,
2026-09-11T20:30:04.188558+00:00,201,32180.53,
2026-09-11T20:30:14.586575+00:00,201,21796.78,
2026-09-11T20:30:02.809398+00:00,201,33580.80,
2026-09-11T20:30:01.932738+00:00,201,34460.19,
2026-09-11T20:30:04.426524+00:00,201,31980.36,
2026-09-11T20:30:03.412011+00:00,201,32995.30,
2026-09-11T20:30:02.965140+00:00,201,33443.59,
2026-09-11T20:30:04.309844+00:00,201,32104.99,
2026-09-11T20:30:04.433548+00:00,201,31986.83,
2026-09-11T20:30:04.253687+00:00,201,32169.35,
2026-09-11T20:30:04.217117+00:00,201,32224.42,
2026-09-11T20:30:01.699752+00:00,201,34743.31,
2026-09-11T20:30:01.587144+00:00,201,34860.05,
2026-09-11T20:30:15.129103+00:00,201,21321.08,
2026-09-11T20:30:04.453368+00:00,201,32011.22,
2026-09-11T20:30:02.935185+00:00,201,33541.18,
2026-09-11T20:30:04.469031+00:00,201,32016.04,
2026-09-11T20:30:05.387651+00:00,201,31119.05,
2026-09-11T20:30:02.223490+00:00,201,34303.71,
2026-09-11T20:30:04.359091+00:00,201,32175.14,
2026-09-11T20:30:03.726374+00:00,201,32807.49,
2026-09-11T20:30:09.930161+00:00,201,26599.12,
2026-09-11T20:30:03.383528+00:00,201,33161.37,
2026-09-11T20:30:01.325784+00:00,201,35223.48,
2026-09-11T20:30:03.567609+00:00,201,32998.52,
2026-09-11T20:30:04.438294+00:00,201,32129.22,
2026-09-11T20:30:04.426524+00:00,201,32141.10,
2026-09-11T20:30:04.406074+00:00,201,32167.64,
2026-09-11T20:30:04.060399+00:00,201,32515.47,
2026-09-11T20:30:04.150789+00:00,201,32438.10,
2026-09-11T20:30:03.603992+00:00,201,32990.14,
2026-09-11T20:30:04.333427+00:00,201,32264.03,
2026-09-11T20:30:20.308459+00:00,201,16308.65,
2026-09-11T20:30:04.073329+00:00,201,32565.19,
2026-09-11T20:30:04.469031+00:00,201,32183.55,
2026-09-11T20:30:04.296780+00:00,201,32378.47,
2026-09-11T20:30:04.553875+00:00,201,32118.95,
2026-09-11T20:30:03.908908+00:00,201,32761.96,
2026-09-11T20:30:03.475999+00:00,201,33201.36,
2026-09-11T20:30:04.438294+00:00,201,32240.10,
2026-09-11T20:30:03.235300+00:00,201,33460.82,
2026-09-11T20:30:02.840193+00:00,201,33866.00,
2026-09-11T20:30:04.060399+00:00,201,32659.74,
2026-09-11T20:30:03.879116+00:00,201,32844.30,
2026-09-11T20:30:03.503977+00:00,201,33216.71,
2026-09-11T20:30:04.533898+00:00,201,32200.34,
2026-09-11T20:30:03.639108+00:00,201,33117.61,
2026-09-11T20:30:04.519626+00:00,201,32243.78,
2026-09-11T20:30:03.539415+00:00,201,33239.85,
2026-09-11T20:30:04.469031+00:00,201,32311.04,
2026-09-11T20:30:02.339108+00:00,201,34459.70,
2026-09-11T20:30:04.611794+00:00,201,32189.17,
2026-09-11T20:30:04.611206+00:00,201,32203.01,
2026-09-11T20:30:22.858857+00:00,201,13980.18,
2026-09-11T20:30:04.564214+00:00,201,32271.50,
2026-09-11T20:30:20.843377+00:00,201,16013.54,
2026-09-11T20:30:04.500960+00:00,201,32350.92,
2026-09-11T20:30:04.032708+00:00,201,32832.60,
2026-09-11T20:30:02.824113+00:00,201,34051.14,
2026-09-11T20:30:14.761569+00:00,201,22127.61,
2026-09-11T20:30:04.595541+00:00,201,32302.52,
2026-09-11T20:30:04.120862+00:00,201,32789.26,
2026-09-11T20:30:04.231538+00:00,201,32704.63,
2026-09-11T20:30:04.200667+00:00,201,32749.01,
2026-09-11T20:30:02.885552+00:00,201,34060.58,
2026-09-11T20:30:02.317123+00:00,201,34640.07,
2026-09-11T20:30:13.716666+00:00,201,23251.95,
2026-09-11T20:30:04.564214+00:00,201,32410.57,
2026-09-11T20:30:05.768275+00:00,201,31206.56,
2026-09-11T20:30:04.406074+00:00,201,32577.08,
2026-09-11T20:30:03.718122+00:00,201,33282.51,
2026-09-11T20:30:02.078173+00:00,201,34924.49,
2026-09-11T20:30:04.643014+00:00,201,32361.37,
2026-09-11T20:30:04.658935+00:00,201,32353.34,
2026-09-11T20:30:04.706869+00:00,201,32305.67,
2026-09-11T20:30:04.026553+00:00,201,33016.66,
2026-09-11T20:30:01.576794+00:00,201,35467.48,
2026-09-11T20:30:04.041785+00:00,201,33010.62,
2026-09-11T20:30:04.406074+00:00,201,32655.71,
2026-09-11T20:30:04.453368+00:00,201,32612.17,
2026-09-11T20:30:04.359091+00:00,201,32704.63,
2026-09-11T20:30:04.754154+00:00,201,32327.02,
2026-09-11T20:30:04.740356+00:00,201,32345.24,
2026-09-11T20:30:04.136593+00:00,201,32964.13,
2026-09-11T20:30:04.754154+00:00,201,32337.80,
2026-09-11T20:30:04.338699+00:00,201,32769.95,
2026-09-11T20:30:04.611794+00:00,201,32499.09,
2026-09-11T20:30:03.639108+00:00,201,33480.53,
2026-09-11T20:30:04.769953+00:00,201,32351.13,
2026-09-11T20:30:04.627680+00:00,201,32499.59,
2026-09-11T20:30:04.785800+00:00,201,32363.31,
2026-09-11T20:30:15.176531+00:00,201,21986.40,
2026-09-11T20:30:03.862289+00:00,201,33304.27,
2026-09-11T20:30:04.089898+00:00,201,33080.23,
2026-09-11T20:30:03.758076+00:00,201,33429.40,
2026-09-11T20:30:04.107834+00:00,201,33073.69,
2026-09-11T20:30:14.932603+00:00,201,22258.45,
2026-09-11T20:30:04.834558+00:00,201,32357.93,
2026-09-11T20:30:04.107834+00:00,201,33098.78,
2026-09-11T20:30:04.754154+00:00,201,32461.86,
2026-09-11T20:30:04.769953+00:00,201,32454.01,
2026-09-11T20:30:01.720305+00:00,201,35496.44,
2026-09-11T20:30:04.880632+00:00,201,32344.93,
2026-09-11T20:30:04.880632+00:00,201,32337.60,
2026-09-11T20:30:03.932775+00:00,201,33307.28,
2026-09-11T20:30:21.507131+00:00,201,15744.29,
2026-09-11T20:30:03.918648+00:00,201,33342.79,
2026-09-11T20:30:04.934537+00:00,201,32339.68,
2026-09-11T20:30:04.171466+00:00,201,33117.20,
2026-09-11T20:30:03.345941+00:00,201,33951.04,
2026-09-11T20:30:04.601183+00:00,201,32716.16,
2026-09-11T20:30:04.643014+00:00,201,32671.28,
2026-09-11T20:30:04.658935+00:00,201,32655.45,
2026-09-11T20:30:03.123638+00:00,201,34206.43,
2026-09-11T20:30:01.425987+00:00,201,35911.77,
2026-09-11T20:30:04.959457+00:00,201,32370.34,
2026-09-11T20:30:04.469031+00:00,201,32876.80,
2026-09-11T20:30:03.678610+00:00,201,33661.53,
2026-09-11T20:30:02.800676+00:00,201,34573.04,
2026-09-11T20:30:05.909965+00:00,201,31475.45,
2026-09-11T20:30:04.378798+00:00,201,33025.14,
2026-09-11T20:30:04.533898+00:00,201,32912.83,
2026-09-11T20:30:04.991131+00:00,201,32471.69,
2026-09-11T20:30:04.484871+00:00,201,32977.04,
2026-09-11T20:30:04.802391+00:00,201,32667.03,
2026-09-11T20:30:04.280783+00:00,201,33196.38,
2026-09-11T20:30:04.168184+00:00,201,33329.84,
2026-09-11T20:30:04.802391+00:00,201,32696.40,
2026-09-11T20:30:05.007579+00:00,201,32497.76,
2026-09-11T20:30:03.123638+00:00,201,34389.85,
2026-09-11T20:30:01.345184+00:00,201,36167.18,
2026-09-11T20:30:05.027898+00:00,201,32506.23,
2026-09-11T20:30:04.727668+00:00,201,32828.75,
2026-09-11T20:30:04.579873+00:00,201,32966.87,
2026-09-11T20:30:04.912682+00:00,201,32663.51,
2026-09-11T20:30:04.785800+00:00,201,32778.98,
2026-09-11T20:30:04.740356+00:00,201,32865.02,
2026-09-11T20:30:02.474124+00:00,201,35128.02,
2026-09-11T20:30:05.054801+00:00,201,32543.74,
2026-09-11T20:30:03.393599+00:00,201,34218.17,
2026-09-11T20:30:05.007579+00:00,201,32606.90,
2026-09-11T20:30:05.862766+00:00,201,31759.76,
2026-09-11T20:30:03.488242+00:00,201,34149.82,
2026-09-11T20:30:05.070562+00:00,201,32583.99,
2026-09-11T20:30:04.769953+00:00,201,32881.96,
2026-09-11T20:30:04.533898+00:00,201,33138.13,
2026-09-11T20:30:04.658935+00:00,201,33025.88,
2026-09-11T20:30:04.927811+00:00,201,32765.52,
2026-09-11T20:30:04.484871+00:00,201,33206.18,
2026-09-11T20:30:03.992417+00:00,201,33714.21,
2026-09-11T20:30:05.102076+00:00,201,32618.10,
2026-09-11T20:30:04.722564+00:00,201,33017.47,
2026-09-11T20:30:04.849476+00:00,201,32887.43,
2026-09-11T20:30:04.421537+00:00,201,33337.00,
2026-09-11T20:30:04.073329+00:00,201,33684.97,
2026-09-11T20:30:04.157938+00:00,201,33614.56,
2026-09-11T20:30:04.533898+00:00,201,33253.46,
2026-09-11T20:30:15.625822+00:00,201,22169.68,
2026-09-11T20:30:05.127228+00:00,201,32673.86,
2026-09-11T20:30:05.128978+00:00,201,32678.26,
2026-09-11T20:30:04.341458+00:00,201,33464.06,
2026-09-11T20:30:05.941704+00:00,201,31876.98,
2026-09-11T20:30:03.981590+00:00,201,33845.77,
2026-09-11T20:30:04.958450+00:00,201,32878.47,
2026-09-11T20:30:05.894121+00:00,201,31951.05,
2026-09-11T20:30:01.689082+00:00,201,36166.63,
2026-09-11T20:30:05.027898+00:00,201,32837.88,
2026-09-11T20:30:02.981673+00:00,201,34898.15,
2026-09-11T20:30:05.054801+00:00,201,32826.89,
2026-09-11T20:30:20.536574+00:00,201,17360.22,
2026-09-11T20:30:05.166195+00:00,201,32726.24,
2026-09-11T20:30:03.742316+00:00,201,34164.56,
2026-09-11T20:30:14.868625+00:00,201,23059.93,
2026-09-11T20:30:04.579873+00:00,201,33350.29,
2026-09-11T20:30:04.754154+00:00,201,33187.61,
2026-09-11T20:30:04.643014+00:00,201,33304.67,
2026-09-11T20:30:05.189846+00:00,201,32762.69,
2026-09-11T20:30:05.197571+00:00,201,32759.11,
2026-09-11T20:30:05.202126+00:00,201,32766.02,
2026-09-11T20:30:04.484871+00:00,201,33512.09,
2026-09-11T20:30:05.070562+00:00,201,32938.53,
2026-09-11T20:30:03.409896+00:00,201,34606.54,
2026-09-11T20:30:04.658935+00:00,201,33363.85,
2026-09-11T20:30:04.865444+00:00,201,33158.28,
2026-09-11T20:30:04.643014+00:00,201,33401.47,
2026-09-11T20:30:05.234548+00:00,201,32816.84,
2026-09-11T20:30:02.798156+00:00,201,35259.61,
2026-09-11T20:30:04.975236+00:00,201,33109.28,
2026-09-11T20:30:03.472240+00:00,201,34629.47,
2026-09-11T20:30:05.245571+00:00,201,32862.76,
2026-09-11T20:30:05.102076+00:00,201,33015.05,
2026-09-11T20:30:05.245571+00:00,201,32877.13,
2026-09-11T20:30:03.176099+00:00,201,34963.56,
2026-09-11T20:30:15.093108+00:00,201,23050.00,
2026-09-11T20:30:03.203565+00:00,201,34955.11,
2026-09-11T20:30:04.943573+00:00,201,33218.85,
2026-09-11T20:30:05.214222+00:00,201,32936.46,
2026-09-11T20:30:04.320073+00:00,201,33857.94,
2026-09-11T20:30:04.975236+00:00,201,33216.65,
2026-09-11T20:30:03.503977+00:00,201,34695.35,
2026-09-11T20:30:02.379097+00:00,201,35829.40,
2026-09-11T20:30:04.934537+00:00,201,33289.57,
2026-09-11T20:30:05.277013+00:00,201,32943.60,
2026-09-11T20:30:05.034439+00:00,201,33216.24,
2026-09-11T20:30:02.953128+00:00,201,35304.97,
2026-09-11T20:30:03.841078+00:00,201,34421.42,
2026-09-11T20:30:03.650196+00:00,201,34613.14,
2026-09-11T20:30:04.601183+00:00,201,33674.63,
2026-09-11T20:30:03.314983+00:00,201,34980.01,
2026-09-11T20:30:04.865444+00:00,201,33438.61,
2026-09-11T20:30:04.912682+00:00,201,33384.45,
2026-09-11T20:30:04.817680+00:00,201,33500.41,
2026-09-11T20:30:05.261242+00:00,201,33051.27,
2026-09-11T20:30:03.965651+00:00,201,34394.75,
2026-09-11T20:30:05.245571+00:00,201,33112.64,
2026-09-11T20:30:05.166195+00:00,201,33211.36,
2026-09-11T20:30:04.553875+00:00,201,33819.97,
2026-09-11T20:30:05.245571+00:00,201,33154.49,
2026-09-11T20:30:05.324498+00:00,201,33078.25,
2026-09-11T20:30:03.789086+00:00,201,34613.12,
2026-09-11T20:30:04.235619+00:00,201,34166.32,
2026-09-11T20:30:02.858925+00:00,201,35550.97,
2026-09-11T20:30:05.181902+00:00,201,33242.27,
2026-09-11T20:30:05.102076+00:00,201,33318.29,
2026-09-11T20:30:04.785800+00:00,201,33646.00,
2026-09-11T20:30:03.901471+00:00,201,34542.92,
2026-09-11T20:30:05.118139+00:00,201,33342.13,
2026-09-11T20:30:04.633979+00:00,201,33849.66,
2026-09-11T20:30:04.217117+00:00,201,34264.48,
2026-09-11T20:30:04.579873+00:00,201,33909.02,
2026-09-11T20:30:04.521357+00:00,201,33981.06,
2026-09-11T20:30:05.086228+00:00,201,33412.87,
2026-09-11T20:30:04.105192+00:00,201,34426.57,
2026-09-11T20:30:05.118139+00:00,201,33418.13,
2026-09-11T20:30:04.389335+00:00,201,34150.33,
2026-09-11T20:30:03.133078+00:00,201,35422.47,
2026-09-11T20:30:05.001966+00:00,201,33569.03,
2026-09-11T20:30:05.086228+00:00,201,33480.26,
2026-09-11T20:30:02.367061+00:00,201,36205.51,
2026-09-11T20:30:05.277013+00:00,201,33299.45,
2026-09-11T20:30:04.500960+00:00,201,34077.13,
2026-09-11T20:30:02.758712+00:00,201,35841.94,
2026-09-11T20:30:05.292746+00:00,201,33317.70,
2026-09-11T20:30:04.827593+00:00,201,33791.31,
2026-09-11T20:30:05.001966+00:00,201,33622.00,
2026-09-11T20:30:03.441110+00:00,201,35198.04,
2026-09-11T20:30:04.200667+00:00,201,34440.83,
2026-09-11T20:30:04.309844+00:00,201,34347.49,
2026-09-11T20:30:05.292746+00:00,201,33366.18,
2026-09-11T20:30:05.150076+00:00,201,33524.17,
2026-09-11T20:30:04.073329+00:00,201,34601.79,
2026-09-11T20:30:02.023225+00:00,201,36662.60,
2026-09-11T20:30:05.039563+00:00,201,33654.46,
2026-09-11T20:30:04.975236+00:00,201,33726.13,
2026-09-11T20:30:04.141097+00:00,201,34594.44,
2026-09-11T20:30:03.005630+00:00,201,35730.27,
2026-09-11T20:30:03.994163+00:00,201,34758.52,
2026-09-11T20:30:05.086228+00:00,201,33658.15,
2026-09-11T20:30:05.150076+00:00,201,33607.23,
2026-09-11T20:30:04.959457+00:00,201,33816.51,
2026-09-11T20:30:05.007579+00:00,201,33769.77,
2026-09-11T20:30:01.973125+00:00,201,36821.58,
2026-09-11T20:30:05.181902+00:00,201,33618.72,
2026-09-11T20:30:04.949145+00:00,201,33859.50,
2026-09-11T20:30:05.150076+00:00,201,33650.54,
2026-09-11T20:30:01.715675+00:00,201,37125.98,
2026-09-11T20:30:05.214222+00:00,201,33638.32,
2026-09-11T20:30:22.187058+00:00,201,16659.98,
2026-09-11T20:30:04.579873+00:00,201,34279.22,
2026-09-11T20:30:04.564214+00:00,201,34308.90,
2026-09-11T20:30:04.953863+00:00,201,33948.96,
2026-09-11T20:30:14.632710+00:00,201,24274.58,
2026-09-11T20:30:05.214222+00:00,201,33693.02,
2026-09-11T20:30:05.134542+00:00,201,33785.48,
2026-09-11T20:30:04.740356+00:00,201,34186.28,
2026-09-11T20:30:02.268110+00:00,201,36671.26,
2026-09-11T20:30:03.456283+00:00,201,35485.05,
2026-09-11T20:30:04.691195+00:00,201,34256.94,
2026-09-11T20:30:05.134542+00:00,201,33822.00,
2026-09-11T20:30:05.039563+00:00,201,33912.65,
2026-09-11T20:30:04.975236+00:00,201,33982.07,
2026-09-11T20:30:05.086228+00:00,201,33900.62,
2026-09-11T20:30:04.453368+00:00,201,34534.95,
2026-09-11T20:30:04.633979+00:00,201,34386.30,
2026-09-11T20:30:05.308406+00:00,201,33720.68,
2026-09-11T20:30:04.834558+00:00,201,34202.81,
2026-09-11T20:30:05.202126+00:00,201,33841.53,
2026-09-11T20:30:03.947788+00:00,201,35102.65,
2026-09-11T20:30:04.991131+00:00,201,34066.68,
2026-09-11T20:30:05.230014+00:00,201,33835.43,
2026-09-11T20:30:05.070562+00:00,201,33997.63,
2026-09-11T20:30:04.378798+00:00,201,34695.09,
2026-09-11T20:30:21.852134+00:00,201,17245.18,
2026-09-11T20:30:05.292746+00:00,201,33810.06,
2026-09-11T20:30:04.341458+00:00,201,34777.50,
2026-09-11T20:30:04.262914+00:00,201,34857.31,
2026-09-11T20:30:04.675061+00:00,201,34465.62,
2026-09-11T20:30:05.240587+00:00,201,33928.70,
2026-09-11T20:30:05.134542+00:00,201,34032.59,
2026-09-11T20:30:01.936550+00:00,201,37237.68,
2026-09-11T20:30:05.277013+00:00,201,33912.30,
2026-09-11T20:30:05.166195+00:00,201,34021.68,
2026-09-11T20:30:05.292746+00:00,201,33910.76,
2026-09-11T20:30:04.359091+00:00,201,34862.47,
2026-09-11T20:30:04.706869+00:00,201,34532.78,
2026-09-11T20:30:05.054801+00:00,201,34197.46,
2026-09-11T20:30:04.675061+00:00,201,34644.25,
2026-09-11T20:30:03.832913+00:00,201,35502.56,
2026-09-11T20:30:01.353899+00:00,201,37977.24,
2026-09-11T20:30:02.132855+00:00,201,37202.37,
2026-09-11T20:30:03.852736+00:00,201,35484.25,
2026-09-11T20:30:05.261242+00:00,201,34085.30,
2026-09-11T20:30:04.129976+00:00,201,35218.46,
2026-09-11T20:30:04.734208+00:00,201,34615.96,
2026-09-11T20:30:21.931282+00:00,201,17412.18,
2026-09-11T20:30:05.214222+00:00,201,34136.84,
2026-09-11T20:30:20.193038+00:00,201,19163.75,
2026-09-11T20:30:04.548442+00:00,201,34817.60,
2026-09-11T20:30:04.521357+00:00,201,34861.99,
2026-09-11T20:30:05.498590+00:00,201,33894.71,
2026-09-11T20:30:05.261242+00:00,201,34132.20,
2026-09-11T20:30:04.611794+00:00,201,34785.57,
2026-09-11T20:30:05.054801+00:00,201,34359.95,
2026-09-11T20:30:22.683875+00:00,201,16738.18,
2026-09-11T20:30:05.277013+00:00,201,34137.44,
2026-09-11T20:30:05.189846+00:00,201,34237.55,
2026-09-11T20:30:04.500960+00:00,201,34932.83,
2026-09-11T20:30:04.186994+00:00,201,35289.18,
2026-09-11T20:30:04.389335+00:00,201,35085.29,
2026-09-11T20:30:03.171445+00:00,201,36307.01,
2026-09-11T20:30:03.957328+00:00,201,35520.34,
2026-09-11T20:30:02.858925+00:00,201,36614.29,
2026-09-11T20:30:05.039563+00:00,201,34437.33,
2026-09-11T20:30:05.023060+00:00,201,34460.40,
2026-09-11T20:30:04.438294+00:00,201,35035.22,
2026-09-11T20:30:04.896648+00:00,201,34583.77,
2026-09-11T20:30:04.500960+00:00,201,34972.68,
2026-09-11T20:30:05.308406+00:00,201,34169.06,
2026-09-11T20:30:05.134542+00:00,201,34345.23,
2026-09-11T20:30:04.325577+00:00,201,35163.10,
