timestamp_iso,status_code,latency_ms,error
2026-09-11T20:21:02.731038+00:00,201,51.51,
2026-09-11T20:21:02.770565+00:00,201,51.57,
2026-09-11T20:21:02.782649+00:00,201,68.00,
2026-09-11T20:21:02.803852+00:00,201,48.66,
2026-09-11T20:21:02.821194+00:00,201,62.48,
2026-09-11T20:21:02.847048+00:00,201,66.12,
2026-09-11T20:21:02.847048+00:00,201,70.51,
2026-09-11T20:21:02.884121+00:00,201,66.31,
2026-09-11T20:21:02.847048+00:00,201,105.76,
2026-09-11T20:21:02.881112+00:00,201,104.47,
2026-09-11T20:21:02.914599+00:00,201,81.57,
2026-09-11T20:21:02.919467+00:00,201,85.14,
2026-09-11T20:21:02.949215+00:00,201,118.54,
2026-09-11T20:21:02.953841+00:00,201,155.25,
2026-09-11T20:21:02.914599+00:00,201,197.98,
2026-09-11T20:21:02.985612+00:00,201,195.98,
2026-09-11T20:21:02.983604+00:00,201,214.30,
2026-09-11T20:21:02.949215+00:00,201,278.35,
2026-09-11T20:21:02.996143+00:00,201,232.64,
2026-09-11T20:21:03.038138+00:00,201,251.89,
2026-09-11T20:21:03.005784+00:00,201,311.20,
2026-09-11T20:21:03.110154+00:00,201,218.51,
2026-09-11T20:21:03.115444+00:00,201,219.88,
2026-09-11T20:21:03.106122+00:00,201,235.86,
2026-09-11T20:21:03.065999+00:00,201,293.29,
2026-09-11T20:21:03.155334+00:00,201,216.07,
2026-09-11T20:21:03.181530+00:00,201,194.42,
2026-09-11T20:21:03.063205+00:00,201,314.07,
2026-09-11T20:21:03.191598+00:00,201,191.93,
2026-09-11T20:21:03.191598+00:00,201,197.18,
2026-09-11T20:21:03.227607+00:00,201,182.67,
2026-09-11T20:21:03.220042+00:00,201,192.87,
2026-09-11T20:21:03.233425+00:00,201,182.15,
2026-09-11T20:21:03.266719+00:00,201,184.99,
2026-09-11T20:21:03.289800+00:00,201,164.09,
2026-09-11T20:21:03.308983+00:00,201,163.07,
2026-09-11T20:21:03.308983+00:00,201,181.47,
2026-09-11T20:21:03.325825+00:00,201,177.65,
2026-09-11T20:21:03.341262+00:00,201,175.93,
2026-09-11T20:21:03.325825+00:00,201,186.10,
2026-09-11T20:21:03.340258+00:00,201,194.51,
2026-09-11T20:21:03.362728+00:00,201,198.49,
2026-09-11T20:21:03.370534+00:00,201,192.26,
2026-09-11T20:21:03.372540+00:00,201,197.87,
2026-09-11T20:21:03.372540+00:00,201,205.12,
2026-09-11T20:21:03.372540+00:00,201,215.46,
2026-09-11T20:21:03.388139+00:00,201,200.98,
2026-09-11T20:21:03.388139+00:00,201,216.18,
2026-09-11T20:21:03.410417+00:00,201,219.73,
2026-09-11T20:21:03.413626+00:00,201,224.86,
2026-09-11T20:21:03.405909+00:00,201,233.55,
2026-09-11T20:21:03.410417+00:00,201,242.84,
2026-09-11T20:21:03.447156+00:00,201,245.99,
2026-09-11T20:21:03.447156+00:00,201,245.74,
2026-09-11T20:21:03.447156+00:00,201,257.89,
2026-09-11T20:21:03.476716+00:00,201,258.93,
2026-09-11T20:21:03.493525+00:00,201,249.86,
2026-09-11T20:21:03.476716+00:00,201,274.26,
2026-09-11T20:21:03.505440+00:00,201,252.93,
2026-09-11T20:21:03.502380+00:00,201,276.65,
2026-09-11T20:21:03.515378+00:00,201,267.90,
2026-09-11T20:21:03.521531+00:00,201,275.96,
2026-09-11T20:21:03.535034+00:00,201,274.42,
2026-09-11T20:21:03.521531+00:00,201,280.46,
2026-09-11T20:21:03.553197+00:00,201,274.91,
2026-09-11T20:21:03.553197+00:00,201,276.70,
2026-09-11T20:21:03.581954+00:00,201,275.56,
2026-09-11T20:21:03.572607+00:00,201,295.12,
2026-09-11T20:21:03.587954+00:00,201,282.47,
2026-09-11T20:21:03.573615+00:00,201,299.20,
2026-09-11T20:21:03.590894+00:00,201,292.55,
2026-09-11T20:21:03.589885+00:00,201,297.02,
2026-09-11T20:21:03.609682+00:00,201,293.09,
2026-09-11T20:21:03.631646+00:00,201,287.23,
2026-09-11T20:21:03.630133+00:00,201,298.37,
2026-09-11T20:21:03.640638+00:00,201,294.65,
2026-09-11T20:21:03.643149+00:00,201,295.27,
2026-09-11T20:21:03.650592+00:00,201,295.71,
2026-09-11T20:21:03.654119+00:00,201,297.00,
2026-09-11T20:21:03.697808+00:00,201,283.18,
2026-09-11T20:21:03.697808+00:00,201,287.67,
2026-09-11T20:21:03.689346+00:00,201,298.22,
2026-09-11T20:21:03.704569+00:00,201,299.97,
2026-09-11T20:21:03.739635+00:00,201,287.92,
2026-09-11T20:21:03.735783+00:00,201,299.46,
2026-09-11T20:21:03.751632+00:00,201,295.31,
2026-09-11T20:21:03.739635+00:00,201,305.27,
2026-09-11T20:21:03.758105+00:00,201,296.67,
2026-09-11T20:21:03.774101+00:00,201,298.86,
2026-09-11T20:21:03.774101+00:00,201,302.58,
2026-09-11T20:21:03.783614+00:00,201,300.43,
2026-09-11T20:21:03.791995+00:00,201,305.83,
2026-09-11T20:21:03.802021+00:00,201,300.28,
2026-09-11T20:21:03.802021+00:00,201,312.38,
2026-09-11T20:21:03.815300+00:00,201,312.08,
2026-09-11T20:21:03.834615+00:00,201,307.73,
2026-09-11T20:21:03.834615+00:00,201,306.24,
2026-09-11T20:21:03.834615+00:00,201,320.15,
2026-09-11T20:21:03.850614+00:00,201,299.72,
2026-09-11T20:21:03.866138+00:00,201,305.26,
2026-09-11T20:21:03.869940+00:00,201,310.61,
2026-09-11T20:21:03.866138+00:00,201,317.34,
2026-09-11T20:21:03.872501+00:00,201,313.23,
2026-09-11T20:21:03.880085+00:00,201,320.22,
2026-09-11T20:21:03.880085+00:00,201,326.33,
2026-09-11T20:21:03.903125+00:00,201,334.49,
2026-09-11T20:21:03.894551+00:00,201,342.35,
2026-09-11T20:21:03.911404+00:00,201,335.55,
2026-09-11T20:21:03.927691+00:00,201,329.47,
2026-09-11T20:21:03.921600+00:00,201,349.92,
2026-09-11T20:21:03.927691+00:00,201,346.68,
2026-09-11T20:21:03.938103+00:00,201,345.77,
2026-09-11T20:21:03.943617+00:00,201,349.57,
2026-09-11T20:21:03.943617+00:00,201,354.39,
2026-09-11T20:21:03.975632+00:00,201,350.90,
2026-09-11T20:21:03.974107+00:00,201,364.64,
2026-09-11T20:21:03.985934+00:00,201,355.05,
2026-09-11T20:21:03.985934+00:00,201,359.41,
2026-09-11T20:21:04.005917+00:00,201,373.63,
2026-09-11T20:21:04.005917+00:00,201,377.70,
2026-09-11T20:21:04.021671+00:00,201,370.47,
2026-09-11T20:21:04.036121+00:00,201,380.86,
2026-09-11T20:21:04.034599+00:00,201,385.56,
2026-09-11T20:21:04.041843+00:00,201,373.26,
2026-09-11T20:21:04.052095+00:00,201,374.41,
2026-09-11T20:21:04.053609+00:00,201,380.69,
2026-09-11T20:21:04.076696+00:00,201,381.86,
2026-09-11T20:21:04.076696+00:00,201,381.92,
2026-09-11T20:21:04.076696+00:00,201,387.94,
2026-09-11T20:21:04.085442+00:00,201,383.40,
2026-09-11T20:21:04.101259+00:00,201,390.19,
2026-09-11T20:21:04.105846+00:00,201,387.75,
2026-09-11T20:21:04.105846+00:00,201,399.64,
2026-09-11T20:21:04.116979+00:00,201,389.96,
2026-09-11T20:21:04.124095+00:00,201,390.21,
2026-09-11T20:21:04.140963+00:00,201,392.50,
2026-09-11T20:21:04.140963+00:00,201,399.02,
2026-09-11T20:21:04.150095+00:00,201,395.22,
2026-09-11T20:21:04.150095+00:00,201,395.37,
2026-09-11T20:21:04.140963+00:00,201,412.66,
2026-09-11T20:21:04.173097+00:00,201,398.87,
2026-09-11T20:21:04.173097+00:00,201,400.41,
2026-09-11T20:21:04.181136+00:00,201,399.99,
2026-09-11T20:21:04.181136+00:00,201,400.06,
2026-09-11T20:21:04.181136+00:00,201,407.99,
2026-09-11T20:21:04.203817+00:00,201,401.70,
2026-09-11T20:21:04.213025+00:00,201,395.43,
2026-09-11T20:21:04.201188+00:00,201,417.52,
2026-09-11T20:21:04.235567+00:00,201,403.45,
2026-09-11T20:21:04.238298+00:00,201,404.15,
2026-09-11T20:21:04.241684+00:00,201,405.95,
2026-09-11T20:21:04.254351+00:00,201,404.19,
2026-09-11T20:21:04.254351+00:00,201,409.50,
2026-09-11T20:21:04.270093+00:00,201,411.12,
2026-09-11T20:21:04.270093+00:00,201,418.85,
2026-09-11T20:21:04.280078+00:00,201,415.30,
2026-09-11T20:21:04.280078+00:00,201,416.91,
2026-09-11T20:21:04.288057+00:00,201,419.74,
2026-09-11T20:21:04.299586+00:00,201,425.30,
2026-09-11T20:21:04.301597+00:00,201,428.18,
2026-09-11T20:21:04.333588+00:00,201,424.94,
2026-09-11T20:21:04.338588+00:00,201,429.88,
2026-09-11T20:21:04.338588+00:00,201,425.92,
2026-09-11T20:21:04.338588+00:00,201,431.48,
2026-09-11T20:21:04.333588+00:00,201,441.13,
2026-09-11T20:21:04.381156+00:00,201,435.30,
2026-09-11T20:21:04.381156+00:00,201,436.86,
2026-09-11T20:21:04.378126+00:00,201,449.33,
2026-09-11T20:21:04.397827+00:00,201,438.09,
2026-09-11T20:21:04.414592+00:00,201,444.53,
2026-09-11T20:21:04.414592+00:00,201,444.18,
2026-09-11T20:21:04.414592+00:00,201,451.10,
2026-09-11T20:21:04.414592+00:00,201,448.76,
2026-09-11T20:21:04.414592+00:00,201,446.28,
2026-09-11T20:21:04.438396+00:00,201,463.54,
2026-09-11T20:21:04.436695+00:00,201,468.22,
2026-09-11T20:21:04.461123+00:00,201,461.03,
2026-09-11T20:21:04.461123+00:00,201,468.85,
2026-09-11T20:21:04.461123+00:00,201,469.80,
2026-09-11T20:21:04.469575+00:00,201,481.56,
2026-09-11T20:21:04.469575+00:00,201,484.87,
2026-09-11T20:21:04.492779+00:00,201,472.04,
2026-09-11T20:21:04.495613+00:00,201,488.60,
2026-09-11T20:21:04.495613+00:00,201,493.31,
2026-09-11T20:21:04.508546+00:00,201,489.61,
2026-09-11T20:21:04.508546+00:00,201,495.77,
2026-09-11T20:21:04.508546+00:00,201,495.43,
2026-09-11T20:21:04.526229+00:00,201,502.50,
2026-09-11T20:21:04.540242+00:00,201,501.00,
2026-09-11T20:21:04.545523+00:00,201,503.19,
2026-09-11T20:21:04.540242+00:00,201,516.37,
2026-09-11T20:21:04.545523+00:00,201,508.87,
2026-09-11T20:21:04.545523+00:00,201,519.48,
2026-09-11T20:21:04.572086+00:00,201,526.75,
2026-09-11T20:21:04.573100+00:00,201,522.92,
2026-09-11T20:21:04.564569+00:00,201,538.76,
2026-09-11T20:21:04.573100+00:00,201,536.88,
2026-09-11T20:21:04.583078+00:00,201,534.15,
2026-09-11T20:21:04.591005+00:00,201,539.08,
2026-09-11T20:21:04.605541+00:00,201,538.58,
2026-09-11T20:21:04.591005+00:00,201,554.15,
2026-09-11T20:21:04.605541+00:00,201,544.10,
2026-09-11T20:21:04.619592+00:00,201,542.63,
2026-09-11T20:21:04.621508+00:00,201,548.25,
2026-09-11T20:21:04.639615+00:00,201,542.62,
2026-09-11T20:21:04.639615+00:00,201,558.94,
2026-09-11T20:21:04.649334+00:00,201,554.56,
2026-09-11T20:21:04.651080+00:00,201,556.31,
2026-09-11T20:21:04.651080+00:00,201,562.48,
2026-09-11T20:21:04.675171+00:00,201,560.27,
2026-09-11T20:21:04.675171+00:00,201,576.28,
2026-09-11T20:21:04.685663+00:00,201,562.92,
2026-09-11T20:21:04.685663+00:00,201,574.09,
2026-09-11T20:21:04.698975+00:00,201,569.41,
2026-09-11T20:21:04.698975+00:00,201,582.36,
2026-09-11T20:21:04.715061+00:00,201,587.89,
2026-09-11T20:21:04.726422+00:00,201,588.57,
2026-09-11T20:21:04.730825+00:00,201,584.24,
2026-09-11T20:21:04.730825+00:00,201,600.28,
2026-09-11T20:21:04.758712+00:00,201,586.81,
2026-09-11T20:21:04.766337+00:00,201,590.05,
2026-09-11T20:21:04.766337+00:00,201,590.27,
2026-09-11T20:21:04.773475+00:00,201,598.28,
2026-09-11T20:21:04.773475+00:00,201,604.26,
2026-09-11T20:21:04.766337+00:00,201,617.48,
2026-09-11T20:21:04.814075+00:00,201,606.26,
2026-09-11T20:21:04.814075+00:00,201,615.73,
2026-09-11T20:21:04.821755+00:00,201,608.79,
2026-09-11T20:21:04.819166+00:00,201,619.07,
2026-09-11T20:21:04.830068+00:00,201,614.72,
2026-09-11T20:21:04.861831+00:00,201,621.75,
2026-09-11T20:21:04.861831+00:00,201,619.73,
2026-09-11T20:21:04.861831+00:00,201,619.11,
2026-09-11T20:21:04.861831+00:00,201,628.85,
2026-09-11T20:21:04.873554+00:00,201,622.93,
2026-09-11T20:21:04.849551+00:00,201,641.71,
2026-09-11T20:21:04.873554+00:00,201,637.07,
2026-09-11T20:21:04.896585+00:00,201,623.25,
2026-09-11T20:21:04.896585+00:00,201,624.46,
2026-09-11T20:21:04.906059+00:00,201,643.90,
2026-09-11T20:21:04.912851+00:00,201,629.88,
2026-09-11T20:21:04.931069+00:00,201,637.57,
2026-09-11T20:21:04.931069+00:00,201,640.02,
2026-09-11T20:21:04.950556+00:00,201,644.78,
2026-09-11T20:21:04.950556+00:00,201,652.25,
2026-09-11T20:21:04.950556+00:00,201,653.34,
2026-09-11T20:21:04.959649+00:00,201,649.09,
2026-09-11T20:21:04.989920+00:00,201,643.96,
2026-09-11T20:21:04.977324+00:00,201,650.65,
2026-09-11T20:21:04.977324+00:00,201,656.28,
2026-09-11T20:21:04.997406+00:00,201,651.29,
2026-09-11T20:21:04.995399+00:00,201,655.50,
2026-09-11T20:21:05.006609+00:00,201,651.81,
2026-09-11T20:21:05.006609+00:00,201,660.29,
2026-09-11T20:21:05.041666+00:00,201,652.35,
2026-09-11T20:21:05.039930+00:00,201,661.12,
2026-09-11T20:21:05.052049+00:00,201,650.38,
2026-09-11T20:21:05.041666+00:00,201,661.86,
2026-09-11T20:21:05.057233+00:00,201,658.66,
2026-09-11T20:21:05.057233+00:00,201,666.20,
2026-09-11T20:21:05.074137+00:00,201,657.51,
2026-09-11T20:21:05.072128+00:00,201,664.08,
2026-09-11T20:21:05.088225+00:00,201,664.62,
2026-09-11T20:21:05.100545+00:00,201,665.61,
2026-09-11T20:21:05.104177+00:00,201,666.27,
2026-09-11T20:21:05.108363+00:00,201,671.59,
2026-09-11T20:21:05.108363+00:00,201,676.06,
2026-09-11T20:21:05.116602+00:00,201,684.61,
2026-09-11T20:21:05.133916+00:00,201,679.63,
2026-09-11T20:21:05.132044+00:00,201,684.44,
2026-09-11T20:21:05.143858+00:00,201,679.80,
2026-09-11T20:21:05.143858+00:00,201,680.00,
2026-09-11T20:21:05.149097+00:00,201,685.16,
2026-09-11T20:21:05.159051+00:00,201,689.19,
2026-09-11T20:21:05.159051+00:00,201,696.90,
2026-09-11T20:21:05.163554+00:00,201,698.10,
2026-09-11T20:21:05.179546+00:00,201,701.74,
2026-09-11T20:21:05.197919+00:00,201,690.73,
2026-09-11T20:21:05.197919+00:00,201,696.24,
2026-09-11T20:21:05.195982+00:00,201,707.12,
2026-09-11T20:21:05.211101+00:00,201,705.08,
2026-09-11T20:21:05.227117+00:00,201,704.35,
2026-09-11T20:21:05.229670+00:00,201,711.21,
2026-09-11T20:21:05.242906+00:00,201,711.07,
2026-09-11T20:21:05.255403+00:00,201,707.49,
2026-09-11T20:21:05.258691+00:00,201,707.35,
2026-09-11T20:21:05.265050+00:00,201,703.83,
2026-09-11T20:21:05.258691+00:00,201,714.10,
2026-09-11T20:21:05.265050+00:00,201,726.71,
2026-09-11T20:21:05.282019+00:00,201,720.99,
2026-09-11T20:21:05.304850+00:00,201,720.86,
2026-09-11T20:21:05.304850+00:00,201,727.06,
2026-09-11T20:21:05.317552+00:00,201,716.94,
2026-09-11T20:21:05.307618+00:00,201,723.59,
2026-09-11T20:21:05.324458+00:00,201,727.10,
2026-09-11T20:21:05.324458+00:00,201,740.69,
2026-09-11T20:21:05.341472+00:00,201,732.28,
2026-09-11T20:21:05.351433+00:00,201,738.01,
2026-09-11T20:21:05.351433+00:00,201,738.71,
2026-09-11T20:21:05.374231+00:00,201,741.30,
2026-09-11T20:21:05.375467+00:00,201,748.97,
2026-09-11T20:21:05.372224+00:00,201,758.63,
2026-09-11T20:21:05.383043+00:00,201,759.58,
2026-09-11T20:21:05.420754+00:00,201,752.02,
2026-09-11T20:21:05.420754+00:00,201,762.10,
2026-09-11T20:21:05.420754+00:00,201,757.13,
2026-09-11T20:21:05.437383+00:00,201,754.64,
2026-09-11T20:21:05.437383+00:00,201,759.25,
2026-09-11T20:21:05.447033+00:00,201,770.58,
2026-09-11T20:21:05.478552+00:00,201,753.48,
2026-09-11T20:21:05.478552+00:00,201,759.79,
2026-09-11T20:21:05.478552+00:00,201,770.98,
2026-09-11T20:21:05.487637+00:00,201,758.92,
2026-09-11T20:21:05.487637+00:00,201,767.16,
2026-09-11T20:21:05.497061+00:00,201,763.32,
2026-09-11T20:21:05.497061+00:00,201,768.66,
2026-09-11T20:21:05.497061+00:00,201,784.05,
2026-09-11T20:21:05.510519+00:00,201,775.75,
2026-09-11T20:21:05.515473+00:00,201,779.33,
2026-09-11T20:21:05.529612+00:00,201,777.15,
2026-09-11T20:21:05.526551+00:00,201,793.67,
2026-09-11T20:21:05.549437+00:00,201,780.04,
2026-09-11T20:21:05.551854+00:00,201,784.72,
2026-09-11T20:21:05.560201+00:00,201,781.44,
2026-09-11T20:21:05.574532+00:00,201,778.54,
2026-09-11T20:21:05.560201+00:00,201,788.13,
2026-09-11T20:21:05.591635+00:00,201,780.93,
2026-09-11T20:21:05.600033+00:00,201,779.61,
2026-09-11T20:21:05.600033+00:00,201,788.42,
2026-09-11T20:21:05.591635+00:00,201,798.34,
2026-09-11T20:21:05.608484+00:00,201,784.90,
2026-09-11T20:21:05.635519+00:00,201,781.96,
2026-09-11T20:21:05.625791+00:00,201,788.52,
2026-09-11T20:21:05.625791+00:00,201,793.20,
2026-09-11T20:21:05.638514+00:00,201,785.23,
2026-09-11T20:21:05.645339+00:00,201,790.44,
2026-09-11T20:21:05.645339+00:00,201,793.05,
2026-09-11T20:21:05.654536+00:00,201,789.07,
2026-09-11T20:21:05.652783+00:00,201,806.26,
2026-09-11T20:21:05.672539+00:00,201,797.49,
2026-09-11T20:21:05.689051+00:00,201,793.31,
2026-09-11T20:21:05.689051+00:00,201,795.20,
2026-09-11T20:21:05.702675+00:00,201,796.87,
2026-09-11T20:21:05.689051+00:00,201,811.90,
2026-09-11T20:21:05.706518+00:00,201,801.45,
2026-09-11T20:21:05.718626+00:00,201,793.28,
2026-09-11T20:21:05.718626+00:00,201,793.12,
2026-09-11T20:21:05.735715+00:00,201,794.79,
2026-09-11T20:21:05.718626+00:00,201,815.61,
2026-09-11T20:21:05.726044+00:00,201,805.48,
2026-09-11T20:21:05.766526+00:00,201,795.30,
2026-09-11T20:21:05.766526+00:00,201,793.47,
2026-09-11T20:21:05.757455+00:00,201,804.29,
2026-09-11T20:21:05.774961+00:00,201,795.52,
2026-09-11T20:21:05.757455+00:00,201,818.40,
2026-09-11T20:21:05.782523+00:00,201,793.92,
2026-09-11T20:21:05.782523+00:00,201,807.86,
2026-09-11T20:21:05.799016+00:00,201,805.28,
2026-09-11T20:21:05.813060+00:00,201,798.76,
2026-09-11T20:21:05.814341+00:00,201,804.35,
2026-09-11T20:21:05.814341+00:00,201,804.72,
2026-09-11T20:21:05.811061+00:00,201,822.90,
2026-09-11T20:21:05.814341+00:00,201,813.57,
2026-09-11T20:21:05.831975+00:00,201,817.68,
2026-09-11T20:21:05.845639+00:00,201,817.84,
2026-09-11T20:21:05.850818+00:00,201,819.30,
2026-09-11T20:21:05.850818+00:00,201,824.84,
2026-09-11T20:21:05.860520+00:00,201,821.50,
2026-09-11T20:21:05.876522+00:00,201,825.53,
2026-09-11T20:21:05.876522+00:00,201,830.76,
2026-09-11T20:21:05.876522+00:00,201,831.22,
2026-09-11T20:21:05.897235+00:00,201,828.64,
2026-09-11T20:21:05.897235+00:00,201,828.58,
2026-09-11T20:21:05.915038+00:00,201,836.32,
2026-09-11T20:21:05.915038+00:00,201,842.26,
2026-09-11T20:21:05.925495+00:00,201,841.87,
2026-09-11T20:21:05.940445+00:00,201,838.73,
2026-09-11T20:21:05.933832+00:00,201,856.63,
2026-09-11T20:21:05.953945+00:00,201,848.20,
2026-09-11T20:21:05.959854+00:00,201,856.93,
2026-09-11T20:21:05.959854+00:00,201,856.73,
2026-09-11T20:21:05.972269+00:00,201,853.38,
2026-09-11T20:21:05.975128+00:00,201,863.37,
2026-09-11T20:21:05.972269+00:00,201,872.77,
2026-09-11T20:21:05.992136+00:00,201,867.58,
2026-09-11T20:21:05.992136+00:00,201,872.56,
2026-09-11T20:21:06.004565+00:00,201,877.33,
2026-09-11T20:21:06.027502+00:00,201,875.49,
2026-09-11T20:21:06.036001+00:00,201,875.90,
2026-09-11T20:21:06.027502+00:00,201,882.72,
2026-09-11T20:21:06.027502+00:00,201,888.20,
2026-09-11T20:21:06.036001+00:00,201,882.37,
2026-09-11T20:21:06.052113+00:00,201,886.09,
2026-09-11T20:21:06.069786+00:00,201,883.68,
2026-09-11T20:21:06.069786+00:00,201,894.10,
2026-09-11T20:21:06.075355+00:00,201,892.80,
2026-09-11T20:21:06.090044+00:00,201,894.58,
2026-09-11T20:21:06.099448+00:00,201,894.50,
2026-09-11T20:21:06.090044+00:00,201,901.43,
2026-09-11T20:21:06.115228+00:00,201,893.11,
2026-09-11T20:21:06.118552+00:00,201,893.93,
2026-09-11T20:21:06.131011+00:00,201,901.51,
2026-09-11T20:21:06.128999+00:00,201,908.93,
2026-09-11T20:21:06.134294+00:00,201,904.19,
2026-09-11T20:21:06.175285+00:00,201,901.93,
2026-09-11T20:21:06.162685+00:00,201,919.73,
2026-09-11T20:21:06.182036+00:00,201,912.61,
2026-09-11T20:21:06.184407+00:00,201,917.48,
2026-09-11T20:21:06.192024+00:00,201,914.48,
2026-09-11T20:21:06.184407+00:00,201,925.75,
2026-09-11T20:21:06.195627+00:00,201,918.56,
2026-09-11T20:21:06.211707+00:00,201,921.73,
2026-09-11T20:21:06.228024+00:00,201,932.94,
2026-09-11T20:21:06.228024+00:00,201,937.35,
2026-09-11T20:21:06.246516+00:00,201,931.96,
2026-09-11T20:21:06.248225+00:00,201,934.79,
2026-09-11T20:21:06.248225+00:00,201,935.04,
2026-09-11T20:21:06.248225+00:00,201,942.10,
2026-09-11T20:21:06.248225+00:00,201,951.56,
2026-09-11T20:21:06.257895+00:00,201,946.24,
2026-09-11T20:21:06.265021+00:00,201,947.70,
2026-09-11T20:21:06.275336+00:00,201,937.51,
2026-09-11T20:21:06.283491+00:00,201,957.00,
2026-09-11T20:21:06.283491+00:00,201,957.41,
2026-09-11T20:21:06.305567+00:00,201,942.16,
2026-09-11T20:21:06.301005+00:00,201,947.41,
2026-09-11T20:21:06.308753+00:00,201,951.22,
2026-09-11T20:21:06.318997+00:00,201,952.49,
2026-09-11T20:21:06.325567+00:00,201,952.60,
2026-09-11T20:21:06.337869+00:00,201,954.31,
2026-09-11T20:21:06.339358+00:00,201,965.49,
2026-09-11T20:21:06.349050+00:00,201,965.20,
2026-09-11T20:21:06.349050+00:00,201,962.87,
2026-09-11T20:21:06.349050+00:00,201,967.34,
2026-09-11T20:21:06.379046+00:00,201,966.53,
2026-09-11T20:21:06.379046+00:00,201,964.21,
2026-09-11T20:21:06.376030+00:00,201,975.73,
2026-09-11T20:21:06.379046+00:00,201,968.28,
2026-09-11T20:21:06.395608+00:00,201,976.19,
2026-09-11T20:21:06.395608+00:00,201,975.00,
2026-09-11T20:21:06.414128+00:00,201,974.61,
2026-09-11T20:21:06.424947+00:00,201,978.99,
2026-09-11T20:21:06.414128+00:00,201,988.85,
2026-09-11T20:21:06.414128+00:00,201,986.01,
2026-09-11T20:21:06.426698+00:00,201,983.63,
2026-09-11T20:21:06.426698+00:00,201,981.19,
2026-09-11T20:21:06.447523+00:00,201,984.77,
2026-09-11T20:21:06.442481+00:00,201,990.01,
2026-09-11T20:21:06.442481+00:00,201,1004.78,
2026-09-11T20:21:06.458125+00:00,201,992.41,
2026-09-11T20:21:06.469485+00:00,201,991.96,
2026-09-11T20:21:06.469485+00:00,201,1001.52,
2026-09-11T20:21:06.487573+00:00,201,997.16,
2026-09-11T20:21:06.495518+00:00,201,992.78,
2026-09-11T20:21:06.499538+00:00,201,999.95,
2026-09-11T20:21:06.506572+00:00,201,997.73,
2026-09-11T20:21:06.497530+00:00,201,1010.39,
2026-09-11T20:21:06.502553+00:00,201,1006.72,
2026-09-11T20:21:06.516132+00:00,201,999.61,
2026-09-11T20:21:06.514124+00:00,201,1011.07,
2026-09-11T20:21:06.532395+00:00,201,1012.03,
2026-09-11T20:21:06.536912+00:00,201,1009.15,
2026-09-11T20:21:06.534403+00:00,201,1015.18,
2026-09-11T20:21:06.530387+00:00,201,1028.52,
2026-09-11T20:21:06.561508+00:00,201,1015.51,
2026-09-11T20:21:06.563516+00:00,201,1015.35,
2026-09-11T20:21:06.567533+00:00,201,1019.62,
2026-09-11T20:21:06.557927+00:00,201,1030.44,
2026-09-11T20:21:06.575582+00:00,201,1017.04,
2026-09-11T20:21:06.580622+00:00,201,1023.27,
2026-09-11T20:21:06.578606+00:00,201,1028.09,
2026-09-11T20:21:06.588395+00:00,201,1031.58,
2026-09-11T20:21:06.606837+00:00,201,1027.34,
2026-09-11T20:21:06.604601+00:00,201,1042.20,
2026-09-11T20:21:06.610853+00:00,201,1037.87,
2026-09-11T20:21:06.620390+00:00,201,1038.31,
2026-09-11T20:21:06.620390+00:00,201,1053.19,
2026-09-11T20:21:06.632356+00:00,201,1045.95,
2026-09-11T20:21:06.634868+00:00,201,1044.15,
2026-09-11T20:21:06.634868+00:00,201,1050.26,
2026-09-11T20:21:06.650816+00:00,201,1052.54,
2026-09-11T20:21:06.664469+00:00,201,1048.44,
2026-09-11T20:21:06.668764+00:00,201,1050.77,
2026-09-11T20:21:06.664469+00:00,201,1059.58,
2026-09-11T20:21:06.683635+00:00,201,1057.46,
2026-09-11T20:21:06.689159+00:00,201,1056.93,
2026-09-11T20:21:06.683635+00:00,201,1067.05,
2026-09-11T20:21:06.715797+00:00,201,1056.66,
2026-09-11T20:21:06.712713+00:00,201,1062.65,
2026-09-11T20:21:06.721093+00:00,201,1057.71,
2026-09-11T20:21:06.717385+00:00,201,1069.88,
2026-09-11T20:21:06.729876+00:00,201,1067.65,
2026-09-11T20:21:06.732733+00:00,201,1073.46,
2026-09-11T20:21:06.758965+00:00,201,1070.73,
2026-09-11T20:21:06.757459+00:00,201,1076.58,
2026-09-11T20:21:06.761905+00:00,201,1073.53,
2026-09-11T20:21:06.774464+00:00,201,1066.63,
2026-09-11T20:21:06.780775+00:00,201,1074.81,
2026-09-11T20:21:06.778158+00:00,201,1082.65,
2026-09-11T20:21:06.788691+00:00,201,1087.59,
2026-09-11T20:21:06.802550+00:00,201,1088.33,
2026-09-11T20:21:06.820327+00:00,201,1081.27,
2026-09-11T20:21:06.820327+00:00,201,1089.56,
2026-09-11T20:21:06.819319+00:00,201,1102.14,
2026-09-11T20:21:06.826935+00:00,201,1098.59,
2026-09-11T20:21:06.839410+00:00,201,1090.15,
2026-09-11T20:21:06.845435+00:00,201,1096.95,
2026-09-11T20:21:06.841418+00:00,201,1110.97,
2026-09-11T20:21:06.863375+00:00,201,1112.49,
2026-09-11T20:21:06.874755+00:00,201,1103.11,
2026-09-11T20:21:06.873755+00:00,201,1118.46,
2026-09-11T20:21:06.881052+00:00,201,1125.59,
2026-09-11T20:21:06.896185+00:00,201,1113.55,
2026-09-11T20:21:06.911916+00:00,201,1130.51,
2026-09-11T20:21:06.911916+00:00,201,1132.19,
2026-09-11T20:21:06.917304+00:00,201,1135.44,
2026-09-11T20:21:06.917304+00:00,201,1143.76,
2026-09-11T20:21:06.910166+00:00,201,1162.01,
2026-09-11T20:21:06.943972+00:00,201,1157.69,
2026-09-11T20:21:06.943466+00:00,201,1183.76,
2026-09-11T20:21:06.943972+00:00,201,1175.84,
2026-09-11T20:21:06.961277+00:00,201,1178.02,
2026-09-11T20:21:06.961277+00:00,201,1189.69,
2026-09-11T20:21:06.990969+00:00,201,1203.41,
2026-09-11T20:21:06.993567+00:00,201,1203.81,
2026-09-11T20:21:06.993567+00:00,201,1205.97,
2026-09-11T20:21:06.982113+00:00,201,1215.76,
2026-09-11T20:21:07.009630+00:00,201,1207.53,
2026-09-11T20:21:07.020452+00:00,201,1216.60,
2026-09-11T20:21:07.022465+00:00,201,1220.56,
2026-09-11T20:21:07.022465+00:00,201,1213.04,
2026-09-11T20:21:07.038465+00:00,201,1229.44,
2026-09-11T20:21:07.039974+00:00,201,1232.44,
2026-09-11T20:21:07.069958+00:00,201,1238.69,
2026-09-11T20:21:07.076464+00:00,201,1236.83,
2026-09-11T20:21:07.086787+00:00,201,1243.53,
2026-09-11T20:21:07.086787+00:00,201,1244.49,
2026-09-11T20:21:07.105830+00:00,201,1236.42,
2026-09-11T20:21:07.102016+00:00,201,1242.50,
2026-09-11T20:21:07.105830+00:00,201,1240.68,
2026-09-11T20:21:07.102016+00:00,201,1266.48,
2026-09-11T20:21:07.117490+00:00,201,1254.33,
2026-09-11T20:21:07.136544+00:00,201,1258.01,
2026-09-11T20:21:07.136544+00:00,201,1262.59,
2026-09-11T20:21:07.166988+00:00,201,1248.50,
2026-09-11T20:21:07.166988+00:00,201,1256.21,
2026-09-11T20:21:07.179236+00:00,201,1252.93,
2026-09-11T20:21:07.183094+00:00,201,1250.46,
2026-09-11T20:21:07.174009+00:00,201,1265.83,
2026-09-11T20:21:07.190952+00:00,201,1250.56,
2026-09-11T20:21:07.194012+00:00,201,1252.15,
2026-09-11T20:21:07.197942+00:00,201,1264.21,
2026-09-11T20:21:07.205969+00:00,201,1271.51,
2026-09-11T20:21:07.207978+00:00,201,1287.18,
2026-09-11T20:21:07.213181+00:00,201,1282.60,
2026-09-11T20:21:07.217800+00:00,201,1282.44,
2026-09-11T20:21:07.234189+00:00,201,1286.58,
2026-09-11T20:21:07.244222+00:00,201,1284.88,
2026-09-11T20:21:07.234189+00:00,201,1295.44,
2026-09-11T20:21:07.244222+00:00,201,1289.46,
2026-09-11T20:21:07.251550+00:00,201,1289.36,
2026-09-11T20:21:07.260122+00:00,201,1294.91,
2026-09-11T20:21:07.261127+00:00,201,1297.70,
2026-09-11T20:21:07.261127+00:00,201,1312.10,
2026-09-11T20:21:07.277348+00:00,201,1299.83,
2026-09-11T20:21:07.291524+00:00,201,1304.48,
2026-09-11T20:21:07.294884+00:00,201,1308.20,
2026-09-11T20:21:07.294884+00:00,201,1314.92,
2026-09-11T20:21:07.310939+00:00,201,1308.67,
2026-09-11T20:21:07.310939+00:00,201,1320.34,
2026-09-11T20:21:07.310939+00:00,201,1325.41,
2026-09-11T20:21:07.323447+00:00,201,1325.98,
2026-09-11T20:21:07.340121+00:00,201,1323.87,
2026-09-11T20:21:07.349445+00:00,201,1320.96,
2026-09-11T20:21:07.349445+00:00,201,1328.20,
2026-09-11T20:21:07.357119+00:00,201,1321.77,
2026-09-11T20:21:07.355444+00:00,201,1332.76,
2026-09-11T20:21:07.371438+00:00,201,1328.40,
2026-09-11T20:21:07.371438+00:00,201,1336.60,
2026-09-11T20:21:07.394442+00:00,201,1330.76,
2026-09-11T20:21:07.400314+00:00,201,1333.06,
2026-09-11T20:21:07.392442+00:00,201,1347.58,
2026-09-11T20:21:07.400314+00:00,201,1337.63,
2026-09-11T20:21:07.407927+00:00,201,1339.95,
2026-09-11T20:21:07.407927+00:00,201,1344.64,
2026-09-11T20:21:07.416067+00:00,201,1348.93,
2026-09-11T20:21:07.433025+00:00,201,1346.94,
2026-09-11T20:21:07.433025+00:00,201,1347.15,
2026-09-11T20:21:07.429447+00:00,201,1355.95,
2026-09-11T20:21:07.445190+00:00,201,1352.13,
2026-09-11T20:21:07.452644+00:00,201,1351.14,
2026-09-11T20:21:07.460934+00:00,201,1350.08,
2026-09-11T20:21:07.449612+00:00,201,1369.38,
2026-09-11T20:21:07.467662+00:00,201,1360.18,
2026-09-11T20:21:07.484950+00:00,201,1355.68,
2026-09-11T20:21:07.486473+00:00,201,1356.96,
2026-09-11T20:21:07.486473+00:00,201,1358.63,
2026-09-11T20:21:07.492784+00:00,201,1361.24,
2026-09-11T20:21:07.501958+00:00,201,1368.21,
2026-09-11T20:21:07.508445+00:00,201,1366.06,
2026-09-11T20:21:07.508445+00:00,201,1371.13,
2026-09-11T20:21:07.508445+00:00,201,1371.57,
2026-09-11T20:21:07.524504+00:00,201,1367.78,
2026-09-11T20:21:07.518446+00:00,201,1378.46,
2026-09-11T20:21:07.540235+00:00,201,1377.57,
2026-09-11T20:21:07.540235+00:00,201,1382.58,
2026-09-11T20:21:07.540235+00:00,201,1382.72,
2026-09-11T20:21:07.556440+00:00,201,1377.11,
2026-09-11T20:21:07.556440+00:00,201,1388.09,
2026-09-11T20:21:07.577159+00:00,201,1384.22,
2026-09-11T20:21:07.577159+00:00,201,1383.90,
2026-09-11T20:21:07.573437+00:00,201,1395.92,
2026-09-11T20:21:07.587637+00:00,201,1383.60,
2026-09-11T20:21:07.587637+00:00,201,1389.72,
2026-09-11T20:21:07.587637+00:00,201,1393.37,
2026-09-11T20:21:07.603895+00:00,201,1387.96,
2026-09-11T20:21:07.603895+00:00,201,1398.44,
2026-09-11T20:21:07.619278+00:00,201,1401.32,
2026-09-11T20:21:07.619278+00:00,201,1408.98,
2026-09-11T20:21:07.635160+00:00,201,1400.85,
2026-09-11T20:21:07.636476+00:00,201,1409.64,
2026-09-11T20:21:07.647450+00:00,201,1408.94,
2026-09-11T20:21:07.647450+00:00,201,1410.23,
2026-09-11T20:21:07.655896+00:00,201,1406.27,
2026-09-11T20:21:07.674785+00:00,201,1412.71,
2026-09-11T20:21:07.677446+00:00,201,1414.51,
2026-09-11T20:21:07.681173+00:00,201,1412.71,
2026-09-11T20:21:07.672774+00:00,201,1429.52,
2026-09-11T20:21:07.681173+00:00,201,1420.61,
2026-09-11T20:21:07.705485+00:00,201,1455.39,
2026-09-11T20:21:07.705485+00:00,201,1455.31,
2026-09-11T20:21:07.716452+00:00,201,1449.23,
2026-09-11T20:21:07.724985+00:00,201,1441.60,
2026-09-11T20:21:07.722477+00:00,201,1446.13,
2026-09-11T20:21:07.744975+00:00,201,1436.33,
2026-09-11T20:21:07.741223+00:00,201,1445.04,
2026-09-11T20:21:07.739109+00:00,201,1450.24,
2026-09-11T20:21:07.744975+00:00,201,1439.33,
2026-09-11T20:21:07.761012+00:00,201,1449.45,
2026-09-11T20:21:07.777439+00:00,201,1446.09,
2026-09-11T20:21:07.774931+00:00,201,1453.35,
2026-09-11T20:21:07.761012+00:00,201,1472.26,
2026-09-11T20:21:07.785971+00:00,201,1458.87,
2026-09-11T20:21:07.797537+00:00,201,1466.80,
2026-09-11T20:21:07.795015+00:00,201,1473.99,
2026-09-11T20:21:07.805462+00:00,201,1470.95,
2026-09-11T20:21:07.830487+00:00,201,1474.36,
2026-09-11T20:21:07.833011+00:00,201,1480.20,
2026-09-11T20:21:07.836414+00:00,201,1480.79,
2026-09-11T20:21:07.840669+00:00,201,1479.76,
2026-09-11T20:21:07.828979+00:00,201,1495.40,
2026-09-11T20:21:07.860659+00:00,201,1485.07,
2026-09-11T20:21:07.855640+00:00,201,1493.98,
2026-09-11T20:21:07.855640+00:00,201,1498.25,
2026-09-11T20:21:07.877752+00:00,201,1495.18,
2026-09-11T20:21:07.886827+00:00,201,1491.65,
2026-09-11T20:21:07.886827+00:00,201,1507.00,
2026-09-11T20:21:07.911771+00:00,201,1491.67,
2026-09-11T20:21:07.902785+00:00,201,1500.39,
2026-09-11T20:21:07.926827+00:00,201,1494.63,
2026-09-11T20:21:07.920198+00:00,201,1502.27,
2026-09-11T20:21:07.920198+00:00,201,1508.80,
2026-09-11T20:21:07.929828+00:00,201,1501.50,
2026-09-11T20:21:07.935808+00:00,201,1505.54,
2026-09-11T20:21:07.946493+00:00,201,1524.46,
2026-09-11T20:21:07.967148+00:00,201,1503.85,
2026-09-11T20:21:07.967148+00:00,201,1523.40,
2026-09-11T20:21:07.977823+00:00,201,1520.93,
2026-09-11T20:21:07.987423+00:00,201,1512.78,
2026-09-11T20:21:08.007723+00:00,201,1525.29,
2026-09-11T20:21:08.009334+00:00,201,1526.91,
2026-09-11T20:21:08.016364+00:00,201,1523.00,
2026-09-11T20:21:08.042657+00:00,201,1509.71,
2026-09-11T20:21:08.047457+00:00,201,1510.07,
2026-09-11T20:21:08.040004+00:00,201,1528.29,
2026-09-11T20:21:08.060789+00:00,201,1509.46,
2026-09-11T20:21:08.056714+00:00,201,1516.73,
2026-09-11T20:21:08.072261+00:00,201,1518.62,
2026-09-11T20:21:08.062806+00:00,201,1529.40,
2026-09-11T20:21:08.104486+00:00,201,1508.24,
2026-09-11T20:21:08.101817+00:00,201,1518.74,
2026-09-11T20:21:08.127359+00:00,201,1496.33,
2026-09-11T20:21:08.131625+00:00,201,1509.69,
2026-09-11T20:21:08.123070+00:00,201,1520.86,
2026-09-11T20:21:08.140677+00:00,201,1513.12,
2026-09-11T20:21:08.156918+00:00,201,1507.93,
2026-09-11T20:21:08.161211+00:00,201,1506.60,
2026-09-11T20:21:08.195085+00:00,201,1495.38,
2026-09-11T20:21:08.198761+00:00,201,1502.59,
2026-09-11T20:21:08.198761+00:00,201,1501.92,
2026-09-11T20:21:08.204119+00:00,201,1501.22,
2026-09-11T20:21:08.192935+00:00,201,1516.57,
2026-09-11T20:21:08.213131+00:00,201,1507.89,
2026-09-11T20:21:08.231229+00:00,201,1511.65,
2026-09-11T20:21:08.243322+00:00,201,1509.37,
2026-09-11T20:21:08.245339+00:00,201,1510.62,
2026-09-11T20:21:08.231229+00:00,201,1524.07,
2026-09-11T20:21:08.267002+00:00,201,1521.48,
2026-09-11T20:21:08.267002+00:00,201,1529.58,
2026-09-11T20:21:08.280866+00:00,201,1520.90,
2026-09-11T20:21:08.307148+00:00,201,1527.48,
2026-09-11T20:21:08.305142+00:00,201,1535.61,
2026-09-11T20:21:08.313091+00:00,201,1531.59,
2026-09-11T20:21:08.337143+00:00,201,1528.10,
2026-09-11T20:21:08.347476+00:00,201,1522.91,
2026-09-11T20:21:08.338741+00:00,201,1532.15,
2026-09-11T20:21:08.333534+00:00,201,1540.78,
2026-09-11T20:21:08.338741+00:00,201,1534.53,
2026-09-11T20:21:08.349469+00:00,201,1541.77,
2026-09-11T20:21:08.369624+00:00,201,1538.93,
2026-09-11T20:21:08.370183+00:00,201,1540.01,
2026-09-11T20:21:08.364531+00:00,201,1558.33,
2026-09-11T20:21:08.403777+00:00,201,1543.05,
2026-09-11T20:21:08.401761+00:00,201,1553.88,
2026-09-11T20:21:08.398180+00:00,201,1565.48,
2026-09-11T20:21:08.418597+00:00,201,1554.32,
2026-09-11T20:21:08.427967+00:00,201,1548.15,
2026-09-11T20:21:08.420603+00:00,201,1561.27,
2026-09-11T20:21:08.434998+00:00,201,1548.52,
2026-09-11T20:21:08.439513+00:00,201,1553.29,
2026-09-11T20:21:08.431980+00:00,201,1564.99,
2026-09-11T20:21:08.441520+00:00,201,1557.28,
2026-09-11T20:21:08.441520+00:00,201,1555.47,
2026-09-11T20:21:08.464486+00:00,201,1552.91,
2026-09-11T20:21:08.464486+00:00,201,1561.32,
2026-09-11T20:21:08.478400+00:00,201,1556.11,
2026-09-11T20:21:08.484205+00:00,201,1558.58,
2026-09-11T20:21:08.484205+00:00,201,1570.14,
2026-09-11T20:21:08.495992+00:00,201,1566.21,
2026-09-11T20:21:08.495992+00:00,201,1567.06,
2026-09-11T20:21:08.528401+00:00,201,1566.49,
2026-09-11T20:21:08.531432+00:00,201,1566.67,
2026-09-11T20:21:08.531432+00:00,201,1574.08,
2026-09-11T20:21:08.522108+00:00,201,1582.08,
2026-09-11T20:21:08.531432+00:00,201,1578.75,
2026-09-11T20:21:08.531432+00:00,201,1579.11,
2026-09-11T20:21:08.542292+00:00,201,1586.27,
2026-09-11T20:21:08.543804+00:00,201,1589.57,
2026-09-11T20:21:08.562195+00:00,201,1596.33,
2026-09-11T20:21:08.562195+00:00,201,1596.15,
2026-09-11T20:21:08.580458+00:00,201,1606.86,
2026-09-11T20:21:08.580458+00:00,201,1612.54,
2026-09-11T20:21:08.596360+00:00,201,1611.18,
2026-09-11T20:21:08.607483+00:00,201,1617.08,
2026-09-11T20:21:08.607483+00:00,201,1623.26,
2026-09-11T20:21:08.617945+00:00,201,1620.38,
2026-09-11T20:21:08.627094+00:00,201,1618.92,
2026-09-11T20:21:08.643196+00:00,201,1627.94,
2026-09-11T20:21:08.646201+00:00,201,1627.70,
2026-09-11T20:21:08.650207+00:00,201,1629.77,
2026-09-11T20:21:08.641197+00:00,201,1648.25,
2026-09-11T20:21:08.659770+00:00,201,1637.81,
2026-09-11T20:21:08.672185+00:00,201,1636.04,
2026-09-11T20:21:08.677581+00:00,201,1637.74,
2026-09-11T20:21:08.678596+00:00,201,1637.16,
2026-09-11T20:21:08.672185+00:00,201,1654.61,
2026-09-11T20:21:08.688116+00:00,201,1649.73,
2026-09-11T20:21:08.703763+00:00,201,1650.41,
2026-09-11T20:21:08.703763+00:00,201,1657.66,
2026-09-11T20:21:08.703763+00:00,201,1665.03,
2026-09-11T20:21:08.724963+00:00,201,1662.89,
2026-09-11T20:21:08.737249+00:00,201,1662.86,
2026-09-11T20:21:08.739256+00:00,201,1663.25,
2026-09-11T20:21:08.743632+00:00,201,1662.40,
2026-09-11T20:21:08.735242+00:00,201,1677.88,
2026-09-11T20:21:08.751170+00:00,201,1669.13,
2026-09-11T20:21:08.753178+00:00,201,1669.61,
2026-09-11T20:21:08.769383+00:00,201,1680.22,
2026-09-11T20:21:08.778782+00:00,201,1676.71,
2026-09-11T20:21:08.766874+00:00,201,1697.15,
2026-09-11T20:21:08.782900+00:00,201,1685.90,
2026-09-11T20:21:08.785945+00:00,201,1693.53,
2026-09-11T20:21:08.800187+00:00,201,1690.01,
2026-09-11T20:21:08.800187+00:00,201,1698.17,
2026-09-11T20:21:08.800187+00:00,201,1689.25,
2026-09-11T20:21:08.798608+00:00,201,1706.44,
2026-09-11T20:21:08.814353+00:00,201,1709.21,
2026-09-11T20:21:08.831020+00:00,201,1710.01,
2026-09-11T20:21:08.841010+00:00,201,1704.51,
2026-09-11T20:21:08.841010+00:00,201,1709.18,
2026-09-11T20:21:08.831020+00:00,201,1723.59,
2026-09-11T20:21:08.847392+00:00,201,1709.96,
2026-09-11T20:21:08.861590+00:00,201,1716.99,
2026-09-11T20:21:08.859838+00:00,201,1722.18,
2026-09-11T20:21:08.866661+00:00,201,1713.67,
2026-09-11T20:21:08.875870+00:00,201,1712.65,
2026-09-11T20:21:08.878633+00:00,201,1726.01,
2026-09-11T20:21:08.878633+00:00,201,1737.27,
2026-09-11T20:21:08.893291+00:00,201,1734.88,
2026-09-11T20:21:08.893291+00:00,201,1735.95,
2026-09-11T20:21:08.895298+00:00,201,1731.19,
2026-09-11T20:21:08.914984+00:00,201,1741.53,
2026-09-11T20:21:08.925556+00:00,201,1738.96,
2026-09-11T20:21:08.925556+00:00,201,1741.83,
2026-09-11T20:21:08.934871+00:00,201,1741.93,
2026-09-11T20:21:08.925556+00:00,201,1762.57,
2026-09-11T20:21:08.943765+00:00,201,1754.52,
2026-09-11T20:21:08.957377+00:00,201,1750.05,
2026-09-11T20:21:08.957377+00:00,201,1754.96,
2026-09-11T20:21:08.957377+00:00,201,1750.26,
2026-09-11T20:21:08.957377+00:00,201,1766.76,
2026-09-11T20:21:08.973304+00:00,201,1757.65,
2026-09-11T20:21:08.974812+00:00,201,1761.72,
2026-09-11T20:21:08.980249+00:00,201,1767.07,
2026-09-11T20:21:08.980249+00:00,201,1773.92,
2026-09-11T20:21:08.991230+00:00,201,1768.36,
2026-09-11T20:21:09.006169+00:00,201,1777.07,
2026-09-11T20:21:09.022532+00:00,201,1769.26,
2026-09-11T20:21:09.018698+00:00,201,1776.49,
2026-09-11T20:21:09.026049+00:00,201,1779.32,
2026-09-11T20:21:09.032499+00:00,201,1780.74,
2026-09-11T20:21:09.040734+00:00,201,1775.10,
2026-09-11T20:21:09.053858+00:00,201,1780.50,
2026-09-11T20:21:09.060107+00:00,201,1783.19,
2026-09-11T20:21:09.060107+00:00,201,1783.97,
2026-09-11T20:21:09.053858+00:00,201,1798.86,
2026-09-11T20:21:09.088110+00:00,201,1788.06,
2026-09-11T20:21:09.084904+00:00,201,1797.13,
2026-09-11T20:21:09.092876+00:00,201,1791.13,
2026-09-11T20:21:09.095509+00:00,201,1792.21,
2026-09-11T20:21:09.100574+00:00,201,1791.53,
2026-09-11T20:21:09.100574+00:00,201,1807.28,
2026-09-11T20:21:09.152151+00:00,201,1796.46,
2026-09-11T20:21:09.163871+00:00,201,1797.60,
2026-09-11T20:21:09.132361+00:00,201,1832.40,
2026-09-11T20:21:09.163871+00:00,201,1807.77,
2026-09-11T20:21:09.152151+00:00,201,1822.35,
2026-09-11T20:21:09.163871+00:00,201,1818.80,
2026-09-11T20:21:09.163871+00:00,201,1819.42,
2026-09-11T20:21:09.183119+00:00,201,1817.15,
2026-09-11T20:21:09.183119+00:00,201,1817.83,
2026-09-11T20:21:09.183119+00:00,201,1819.24,
2026-09-11T20:21:09.183119+00:00,201,1825.49,
2026-09-11T20:21:09.183119+00:00,201,1831.74,
2026-09-11T20:21:09.220599+00:00,201,1814.92,
2026-09-11T20:21:09.215035+00:00,201,1828.49,
2026-09-11T20:21:09.220599+00:00,201,1826.19,
2026-09-11T20:21:09.228862+00:00,201,1825.45,
2026-09-11T20:21:09.242305+00:00,201,1818.60,
2026-09-11T20:21:09.242305+00:00,201,1830.31,
2026-09-11T20:21:09.264326+00:00,201,1823.42,
2026-09-11T20:21:09.260306+00:00,201,1833.26,
2026-09-11T20:21:09.276423+00:00,201,1820.96,
2026-09-11T20:21:09.268868+00:00,201,1830.99,
2026-09-11T20:21:09.278944+00:00,201,1834.49,
2026-09-11T20:21:09.302710+00:00,201,1825.10,
2026-09-11T20:21:09.307350+00:00,201,1828.17,
2026-09-11T20:21:09.318345+00:00,201,1826.26,
2026-09-11T20:21:09.322448+00:00,201,1830.51,
2026-09-11T20:21:09.318345+00:00,201,1839.01,
2026-09-11T20:21:09.322448+00:00,201,1843.30,
2026-09-11T20:21:09.338337+00:00,201,1834.40,
2026-09-11T20:21:09.354671+00:00,201,1832.73,
2026-09-11T20:21:09.338337+00:00,201,1846.17,
2026-09-11T20:21:09.354671+00:00,201,1853.41,
2026-09-11T20:21:09.371360+00:00,201,1839.75,
2026-09-11T20:21:09.379131+00:00,201,1846.69,
2026-09-11T20:21:09.391987+00:00,201,1845.44,
2026-09-11T20:21:09.391987+00:00,201,1852.45,
2026-09-11T20:21:09.402170+00:00,201,1845.66,
2026-09-11T20:21:09.402170+00:00,201,1845.37,
2026-09-11T20:21:09.417440+00:00,201,1849.97,
2026-09-11T20:21:09.417440+00:00,201,1858.60,
2026-09-11T20:21:09.417440+00:00,201,1876.39,
2026-09-11T20:21:09.425855+00:00,201,1867.78,
2026-09-11T20:21:09.425855+00:00,201,1877.14,
2026-09-11T20:21:09.446303+00:00,201,1886.09,
2026-09-11T20:21:09.449324+00:00,201,1888.61,
2026-09-11T20:21:09.467590+00:00,201,1878.15,
2026-09-11T20:21:09.479336+00:00,201,1888.94,
2026-09-11T20:21:09.481088+00:00,201,1892.25,
2026-09-11T20:21:09.498356+00:00,201,1894.32,
2026-09-11T20:21:09.498356+00:00,201,1891.93,
2026-09-11T20:21:09.496843+00:00,201,1903.08,
2026-09-11T20:21:09.523432+00:00,201,1899.62,
2026-09-11T20:21:09.533240+00:00,201,1898.98,
2026-09-11T20:21:09.533240+00:00,201,1898.86,
2026-09-11T20:21:09.538329+00:00,201,1906.69,
2026-09-11T20:21:09.556418+00:00,201,1893.32,
2026-09-11T20:21:09.551657+00:00,201,1903.02,
2026-09-11T20:21:09.553967+00:00,201,1911.33,
2026-09-11T20:21:09.561352+00:00,201,1907.98,
2026-09-11T20:21:09.569749+00:00,201,1908.20,
2026-09-11T20:21:09.569749+00:00,201,1923.80,
2026-09-11T20:21:09.589785+00:00,201,1928.59,
2026-09-11T20:21:09.589785+00:00,201,1934.97,
2026-09-11T20:21:09.585813+00:00,201,1941.35,
2026-09-11T20:21:09.609539+00:00,201,1945.91,
2026-09-11T20:21:09.609539+00:00,201,1954.40,
2026-09-11T20:21:09.617858+00:00,201,1948.53,
2026-09-11T20:21:09.617858+00:00,201,1948.43,
2026-09-11T20:21:09.637194+00:00,201,1947.73,
2026-09-11T20:21:09.637194+00:00,201,1950.07,
2026-09-11T20:21:09.637194+00:00,201,1970.84,
2026-09-11T20:21:09.649574+00:00,201,1960.92,
2026-09-11T20:21:09.665434+00:00,201,1974.52,
2026-09-11T20:21:09.667449+00:00,201,1982.18,
2026-09-11T20:21:09.668986+00:00,201,1997.22,
2026-09-11T20:21:09.686862+00:00,201,1993.03,
2026-09-11T20:21:09.697847+00:00,201,1995.30,
2026-09-11T20:21:09.697847+00:00,201,2001.19,
2026-09-11T20:21:09.697847+00:00,201,1998.34,
2026-09-11T20:21:09.708828+00:00,201,1998.32,
2026-09-11T20:21:09.708828+00:00,201,2019.50,
2026-09-11T20:21:09.716930+00:00,201,2010.89,
2026-09-11T20:21:09.744920+00:00,201,2011.04,
2026-09-11T20:21:09.744920+00:00,201,2019.22,
2026-09-11T20:21:09.744920+00:00,201,2020.98,
2026-09-11T20:21:09.744920+00:00,201,2017.77,
2026-09-11T20:21:09.744920+00:00,201,2029.57,
2026-09-11T20:21:09.783815+00:00,201,2034.03,
2026-09-11T20:21:09.798332+00:00,201,2037.28,
2026-09-11T20:21:09.783815+00:00,201,2053.69,
2026-09-11T20:21:09.798332+00:00,201,2042.02,
2026-09-11T20:21:09.824827+00:00,201,2060.38,
2026-09-11T20:21:09.830144+00:00,201,2057.60,
2026-09-11T20:21:09.840600+00:00,201,2060.22,
2026-09-11T20:21:09.840600+00:00,201,2063.55,
2026-09-11T20:21:09.870044+00:00,201,2064.79,
2026-09-11T20:21:09.858091+00:00,201,2078.66,
2026-09-11T20:21:09.872061+00:00,201,2078.64,
2026-09-11T20:21:09.858091+00:00,201,2094.95,
2026-09-11T20:21:09.872061+00:00,201,2085.80,
2026-09-11T20:21:09.872061+00:00,201,2096.18,
2026-09-11T20:21:09.887861+00:00,201,2094.57,
2026-09-11T20:21:09.887861+00:00,201,2102.86,
2026-09-11T20:21:09.904839+00:00,201,2104.64,
2026-09-11T20:21:09.912454+00:00,201,2107.47,
2026-09-11T20:21:09.923203+00:00,201,2104.66,
2026-09-11T20:21:09.923203+00:00,201,2109.43,
2026-09-11T20:21:09.946350+00:00,201,2108.13,
2026-09-11T20:21:09.955830+00:00,201,2114.88,
2026-09-11T20:21:09.951554+00:00,201,2119.77,
2026-09-11T20:21:09.960111+00:00,201,2112.76,
2026-09-11T20:21:09.971297+00:00,201,2111.51,
2026-09-11T20:21:09.983406+00:00,201,2113.72,
2026-09-11T20:21:09.971297+00:00,201,2121.98,
2026-09-11T20:21:09.981655+00:00,201,2120.93,
2026-09-11T20:21:09.993871+00:00,201,2121.58,
2026-09-11T20:21:09.995878+00:00,201,2121.10,
2026-09-11T20:21:09.985317+00:00,201,2135.80,
2026-09-11T20:21:09.999459+00:00,201,2125.91,
2026-09-11T20:21:10.001476+00:00,201,2127.10,
2026-09-11T20:21:10.018608+00:00,201,2128.48,
2026-09-11T20:21:10.016601+00:00,201,2142.27,
2026-09-11T20:21:10.026246+00:00,201,2136.44,
2026-09-11T20:21:10.034354+00:00,201,2138.97,
2026-09-11T20:21:10.050973+00:00,201,2144.45,
2026-09-11T20:21:10.050973+00:00,201,2145.15,
2026-09-11T20:21:10.064576+00:00,201,2142.53,
2026-09-11T20:21:10.062786+00:00,201,2150.88,
2026-09-11T20:21:10.069481+00:00,201,2151.15,
2026-09-11T20:21:10.102521+00:00,201,2138.11,
2026-09-11T20:21:10.095328+00:00,201,2148.14,
2026-09-11T20:21:10.091592+00:00,201,2157.65,
2026-09-11T20:21:10.108846+00:00,201,2144.50,
2026-09-11T20:21:10.105696+00:00,201,2151.53,
2026-09-11T20:21:10.117846+00:00,201,2148.22,
2026-09-11T20:21:10.120469+00:00,201,2149.78,
2026-09-11T20:21:10.129061+00:00,201,2147.83,
2026-09-11T20:21:10.122038+00:00,201,2171.06,
2026-09-11T20:21:10.143127+00:00,201,2162.10,
2026-09-11T20:21:10.170137+00:00,201,2164.62,
2026-09-11T20:21:10.158063+00:00,201,2169.96,
2026-09-11T20:21:10.158063+00:00,201,2180.82,
2026-09-11T20:21:10.190271+00:00,201,2166.90,
2026-09-11T20:21:10.193408+00:00,201,2174.33,
2026-09-11T20:21:10.186637+00:00,201,2183.43,
2026-09-11T20:21:10.208451+00:00,201,2171.21,
2026-09-11T20:21:10.233596+00:00,201,2165.21,
2026-09-11T20:21:10.229578+00:00,201,2172.18,
2026-09-11T20:21:10.227569+00:00,201,2183.95,
2026-09-11T20:21:10.237624+00:00,201,2175.67,
2026-09-11T20:21:10.245989+00:00,201,2183.54,
2026-09-11T20:21:10.245989+00:00,201,2185.39,
2026-09-11T20:21:10.270385+00:00,201,2176.26,
2026-09-11T20:21:10.273115+00:00,201,2176.86,
2026-09-11T20:21:10.279840+00:00,201,2186.69,
2026-09-11T20:21:10.284042+00:00,201,2180.83,
2026-09-11T20:21:10.279840+00:00,201,2192.34,
2026-09-11T20:21:10.311296+00:00,201,2185.74,
2026-09-11T20:21:10.315569+00:00,201,2185.80,
2026-09-11T20:21:10.303582+00:00,201,2196.17,
2026-09-11T20:21:10.316122+00:00,201,2189.72,
2026-09-11T20:21:10.312313+00:00,201,2206.57,
2026-09-11T20:21:10.328238+00:00,201,2202.27,
2026-09-11T20:21:10.336773+00:00,201,2203.05,
2026-09-11T20:21:10.352365+00:00,201,2200.63,
2026-09-11T20:21:10.350355+00:00,201,2218.10,
2026-09-11T20:21:10.362119+00:00,201,2212.11,
2026-09-11T20:21:10.368471+00:00,201,2211.76,
2026-09-11T20:21:10.387953+00:00,201,2200.73,
2026-09-11T20:21:10.385278+00:00,201,2226.96,
2026-09-11T20:21:10.399639+00:00,201,2214.41,
2026-09-11T20:21:10.399639+00:00,201,2220.87,
2026-09-11T20:21:10.409830+00:00,201,2212.63,
2026-09-11T20:21:10.405550+00:00,201,2223.11,
2026-09-11T20:21:10.417294+00:00,201,2215.42,
2026-09-11T20:21:10.405550+00:00,201,2232.86,
2026-09-11T20:21:10.417294+00:00,201,2222.14,
2026-09-11T20:21:10.449482+00:00,201,2230.67,
2026-09-11T20:21:10.445708+00:00,201,2236.42,
2026-09-11T20:21:10.456921+00:00,201,2231.47,
2026-09-11T20:21:10.459429+00:00,201,2228.36,
2026-09-11T20:21:10.459429+00:00,201,2231.43,
2026-09-11T20:21:10.480261+00:00,201,2234.73,
2026-09-11T20:21:10.476236+00:00,201,2240.03,
2026-09-11T20:21:10.492892+00:00,201,2227.25,
2026-09-11T20:21:10.492892+00:00,201,2236.32,
2026-09-11T20:21:10.492892+00:00,201,2236.21,
2026-09-11T20:21:10.505303+00:00,201,2244.68,
2026-09-11T20:21:10.505303+00:00,201,2261.47,
2026-09-11T20:21:10.528809+00:00,201,2242.93,
2026-09-11T20:21:10.528809+00:00,201,2245.02,
2026-09-11T20:21:10.538965+00:00,201,2237.08,
2026-09-11T20:21:10.538965+00:00,201,2246.26,
2026-09-11T20:21:10.549585+00:00,201,2247.50,
2026-09-11T20:21:10.555584+00:00,201,2247.67,
2026-09-11T20:21:10.555584+00:00,201,2253.13,
2026-09-11T20:21:10.578925+00:00,201,2241.38,
2026-09-11T20:21:10.581738+00:00,201,2251.61,
2026-09-11T20:21:10.581738+00:00,201,2256.74,
2026-09-11T20:21:10.581738+00:00,201,2258.62,
2026-09-11T20:21:10.576925+00:00,201,2272.99,
2026-09-11T20:21:10.604699+00:00,201,2253.03,
2026-09-11T20:21:10.604699+00:00,201,2267.13,
2026-09-11T20:21:10.615391+00:00,201,2271.80,
2026-09-11T20:21:10.628245+00:00,201,2271.87,
2026-09-11T20:21:10.630252+00:00,201,2273.03,
2026-09-11T20:21:10.630252+00:00,201,2274.56,
2026-09-11T20:21:10.663294+00:00,201,2265.07,
2026-09-11T20:21:10.663294+00:00,201,2270.63,
2026-09-11T20:21:10.659734+00:00,201,2283.44,
2026-09-11T20:21:10.674519+00:00,201,2279.71,
2026-09-11T20:21:10.675600+00:00,201,2280.87,
2026-09-11T20:21:10.689790+00:00,201,2283.16,
2026-09-11T20:21:10.691547+00:00,201,2284.25,
2026-09-11T20:21:10.697131+00:00,201,2279.24,
2026-09-11T20:21:10.707288+00:00,201,2276.42,
2026-09-11T20:21:10.707288+00:00,201,2283.74,
2026-09-11T20:21:10.707288+00:00,201,2289.09,
2026-09-11T20:21:10.723296+00:00,201,2290.19,
2026-09-11T20:21:10.723296+00:00,201,2287.48,
2026-09-11T20:21:10.723296+00:00,201,2294.45,
2026-09-11T20:21:10.739287+00:00,201,2287.09,
2026-09-11T20:21:10.739794+00:00,201,2296.60,
2026-09-11T20:21:10.757300+00:00,201,2293.27,
2026-09-11T20:21:10.757300+00:00,201,2299.36,
2026-09-11T20:21:10.755286+00:00,201,2316.64,
2026-09-11T20:21:10.780432+00:00,201,2305.76,
2026-09-11T20:21:10.780432+00:00,201,2311.97,
2026-09-11T20:21:10.787004+00:00,201,2313.52,
2026-09-11T20:21:10.794280+00:00,201,2315.58,
2026-09-11T20:21:10.803549+00:00,201,2308.11,
2026-09-11T20:21:10.810801+00:00,201,2307.04,
2026-09-11T20:21:10.821469+00:00,201,2315.58,
2026-09-11T20:21:10.810801+00:00,201,2326.00,
2026-09-11T20:21:10.834799+00:00,201,2318.47,
2026-09-11T20:21:10.840325+00:00,201,2320.55,
2026-09-11T20:21:10.848786+00:00,201,2327.95,
2026-09-11T20:21:10.840325+00:00,201,2338.72,
2026-09-11T20:21:10.850537+00:00,201,2326.07,
2026-09-11T20:21:10.887271+00:00,201,2318.99,
2026-09-11T20:21:10.874788+00:00,201,2333.30,
2026-09-11T20:21:10.882294+00:00,201,2331.35,
2026-09-11T20:21:10.882294+00:00,201,2332.05,
2026-09-11T20:21:10.874788+00:00,201,2342.47,
2026-09-11T20:21:10.893962+00:00,201,2332.32,
2026-09-11T20:21:10.909674+00:00,201,2346.76,
2026-09-11T20:21:10.909674+00:00,201,2351.61,
2026-09-11T20:21:10.960931+00:00,201,2337.57,
2026-09-11T20:21:10.945187+00:00,201,2343.30,
2026-09-11T20:21:10.962445+00:00,201,2343.32,
2026-09-11T20:21:10.969858+00:00,201,2346.41,
2026-09-11T20:21:10.945187+00:00,201,2372.81,
2026-09-11T20:21:10.969858+00:00,201,2362.43,
2026-09-11T20:21:10.980240+00:00,201,2350.90,
2026-09-11T20:21:10.980240+00:00,201,2357.73,
2026-09-11T20:21:10.980240+00:00,201,2358.22,
2026-09-11T20:21:11.000474+00:00,201,2349.75,
2026-09-11T20:21:11.009176+00:00,201,2353.79,
2026-09-11T20:21:11.000474+00:00,201,2362.10,
2026-09-11T20:21:11.000474+00:00,201,2377.97,
2026-09-11T20:21:11.009176+00:00,201,2367.73,
2026-09-11T20:21:11.009176+00:00,201,2367.42,
2026-09-11T20:21:11.036383+00:00,201,2363.05,
2026-09-11T20:21:11.027778+00:00,201,2380.34,
2026-09-11T20:21:11.052666+00:00,201,2364.33,
2026-09-11T20:21:11.048649+00:00,201,2374.13,
2026-09-11T20:21:11.050659+00:00,201,2380.19,
2026-09-11T20:21:11.064031+00:00,201,2372.78,
2026-09-11T20:21:11.062023+00:00,201,2387.19,
2026-09-11T20:21:11.072074+00:00,201,2381.11,
2026-09-11T20:21:11.087949+00:00,201,2374.79,
2026-09-11T20:21:11.087949+00:00,201,2385.70,
2026-09-11T20:21:11.087949+00:00,201,2388.11,
2026-09-11T20:21:11.087949+00:00,201,2386.97,
2026-09-11T20:21:11.113239+00:00,201,2387.31,
2026-09-11T20:21:11.129938+00:00,201,2383.29,
2026-09-11T20:21:11.111240+00:00,201,2412.75,
2026-09-11T20:21:11.133378+00:00,201,2395.36,
2026-09-11T20:21:11.145985+00:00,201,2393.78,
2026-09-11T20:21:11.144238+00:00,201,2403.56,
2026-09-11T20:21:11.151862+00:00,201,2401.00,
2026-09-11T20:21:11.156427+00:00,201,2409.55,
2026-09-11T20:21:11.165316+00:00,201,2417.29,
2026-09-11T20:21:11.180606+00:00,201,2408.17,
2026-09-11T20:21:11.177461+00:00,201,2414.02,
2026-09-11T20:21:11.193257+00:00,201,2418.67,
2026-09-11T20:21:11.182128+00:00,201,2430.11,
2026-09-11T20:21:11.210757+00:00,201,2422.97,
2026-09-11T20:21:11.210757+00:00,201,2437.16,
2026-09-11T20:21:11.204141+00:00,201,2445.65,
2026-09-11T20:21:11.229592+00:00,201,2429.27,
2026-09-11T20:21:11.240815+00:00,201,2428.03,
2026-09-11T20:21:11.237261+00:00,201,2436.95,
2026-09-11T20:21:11.244724+00:00,201,2432.61,
2026-09-11T20:21:11.244724+00:00,201,2433.54,
2026-09-11T20:21:11.244724+00:00,201,2438.47,
2026-09-11T20:21:11.271355+00:00,201,2434.61,
2026-09-11T20:21:11.267332+00:00,201,2452.56,
2026-09-11T20:21:11.282462+00:00,201,2442.52,
2026-09-11T20:21:11.289794+00:00,201,2441.13,
2026-09-11T20:21:11.298068+00:00,201,2450.46,
2026-09-11T20:21:11.306213+00:00,201,2448.67,
2026-09-11T20:21:11.298068+00:00,201,2456.25,
2026-09-11T20:21:11.326144+00:00,201,2450.83,
2026-09-11T20:21:11.335343+00:00,201,2449.67,
2026-09-11T20:21:11.326144+00:00,201,2458.79,
2026-09-11T20:21:11.354997+00:00,201,2446.79,
2026-09-11T20:21:11.354997+00:00,201,2593.51,
2026-09-11T20:21:11.366914+00:00,201,2586.43,
2026-09-11T20:21:11.372735+00:00,201,2586.97,
2026-09-11T20:21:11.393483+00:00,201,2567.90,
2026-09-11T20:21:11.398507+00:00,201,2563.74,
2026-09-11T20:21:11.393483+00:00,201,2568.76,
2026-09-11T20:21:11.386404+00:00,201,2576.27,
2026-09-11T20:21:11.415178+00:00,201,2547.58,
2026-09-11T20:21:11.430246+00:00,201,2544.66,
2026-09-11T20:21:11.430246+00:00,201,2543.84,
2026-09-11T20:21:11.430246+00:00,201,2554.88,
2026-09-11T20:21:11.446249+00:00,201,2550.25,
2026-09-11T20:21:11.446249+00:00,201,2551.85,
2026-09-11T20:21:11.451749+00:00,201,2558.81,
2026-09-11T20:21:11.451749+00:00,201,2563.15,
2026-09-11T20:21:11.461892+00:00,201,2564.41,
2026-09-11T20:21:11.477846+00:00,201,2556.06,
2026-09-11T20:21:11.476125+00:00,201,2561.38,
2026-09-11T20:21:11.480399+00:00,201,2570.12,
2026-09-11T20:21:11.493677+00:00,201,2562.98,
2026-09-11T20:21:11.525752+00:00,201,2557.30,
2026-09-11T20:21:11.517590+00:00,201,2566.01,
2026-09-11T20:21:11.517590+00:00,201,2573.71,
2026-09-11T20:21:11.527872+00:00,201,2569.68,
2026-09-11T20:21:11.558626+00:00,201,2569.70,
2026-09-11T20:21:11.558626+00:00,201,2570.07,
2026-09-11T20:21:11.562541+00:00,201,2570.50,
2026-09-11T20:21:11.562541+00:00,201,2570.49,
2026-09-11T20:21:11.562541+00:00,201,2578.44,
2026-09-11T20:21:11.589386+00:00,201,2573.60,
2026-09-11T20:21:11.589386+00:00,201,2570.76,
2026-09-11T20:21:11.589386+00:00,201,2591.06,
2026-09-11T20:21:11.605824+00:00,201,2578.58,
2026-09-11T20:21:11.612827+00:00,201,2576.78,
2026-09-11T20:21:11.639670+00:00,201,2573.01,
2026-09-11T20:21:11.647972+00:00,201,2564.30,
2026-09-11T20:21:11.637190+00:00,201,2581.91,
2026-09-11T20:21:11.663236+00:00,201,2570.41,
2026-09-11T20:21:11.663236+00:00,201,2577.37,
2026-09-11T20:21:11.681310+00:00,201,2559.30,
2026-09-11T20:21:11.685014+00:00,201,2580.67,
2026-09-11T20:21:11.697645+00:00,201,2567.87,
2026-09-11T20:21:11.697645+00:00,201,2577.13,
2026-09-11T20:21:11.697645+00:00,201,2581.97,
2026-09-11T20:21:11.697645+00:00,201,2579.09,
2026-09-11T20:21:11.728832+00:00,201,2579.43,
2026-09-11T20:21:11.726825+00:00,201,2586.90,
2026-09-11T20:21:11.736355+00:00,201,2582.14,
2026-09-11T20:21:11.759466+00:00,201,2569.50,
2026-09-11T20:21:11.759466+00:00,201,2574.36,
2026-09-11T20:21:11.757886+00:00,201,2588.59,
2026-09-11T20:21:11.773610+00:00,201,2584.66,
2026-09-11T20:21:11.773610+00:00,201,2583.36,
2026-09-11T20:21:11.780381+00:00,201,2584.00,
2026-09-11T20:21:11.780381+00:00,201,2595.72,
2026-09-11T20:21:11.820976+00:00,201,2582.10,
2026-09-11T20:21:11.820976+00:00,201,2599.81,
2026-09-11T20:21:11.826247+00:00,201,2588.65,
2026-09-11T20:21:11.836907+00:00,201,2588.35,
2026-09-11T20:21:11.836907+00:00,201,2588.07,
2026-09-11T20:21:11.868360+00:00,201,2603.82,
2026-09-11T20:21:11.884327+00:00,201,2594.39,
2026-09-11T20:21:11.885835+00:00,201,2598.63,
2026-09-11T20:21:11.900330+00:00,201,2602.56,
2026-09-11T20:21:11.908087+00:00,201,2597.85,
2026-09-11T20:21:11.900330+00:00,201,2613.57,
2026-09-11T20:21:11.932011+00:00,201,2586.50,
2026-09-11T20:21:11.942260+00:00,201,2586.71,
2026-09-11T20:21:11.947827+00:00,201,2582.07,
2026-09-11T20:21:11.932011+00:00,201,2604.07,
2026-09-11T20:21:11.951949+00:00,201,2601.31,
2026-09-11T20:21:11.951949+00:00,201,2599.94,
2026-09-11T20:21:11.951949+00:00,201,2598.67,
2026-09-11T20:21:11.963234+00:00,201,2594.59,
2026-09-11T20:21:11.980571+00:00,201,2604.51,
2026-09-11T20:21:11.980571+00:00,201,2610.55,
2026-09-11T20:21:11.991590+00:00,201,2606.14,
2026-09-11T20:21:12.011761+00:00,201,2606.11,
2026-09-11T20:21:12.011761+00:00,201,2610.40,
2026-09-11T20:21:12.011761+00:00,201,2618.61,
2026-09-11T20:21:12.029909+00:00,201,2606.89,
2026-09-11T20:21:12.032974+00:00,201,2608.51,
2026-09-11T20:21:12.055392+00:00,201,2625.57,
2026-09-11T20:21:12.066050+00:00,201,2624.67,
2026-09-11T20:21:12.053385+00:00,201,2645.57,
2026-09-11T20:21:12.066050+00:00,201,2636.27,
2026-09-11T20:21:12.074011+00:00,201,2643.96,
2026-09-11T20:21:12.082073+00:00,201,2640.74,
2026-09-11T20:21:12.074011+00:00,201,2654.69,
2026-09-11T20:21:12.092550+00:00,201,2649.59,
2026-09-11T20:21:12.092550+00:00,201,2650.93,
2026-09-11T20:21:12.092550+00:00,201,2651.54,
2026-09-11T20:21:12.115264+00:00,201,2654.62,
2026-09-11T20:21:12.125305+00:00,201,2651.56,
2026-09-11T20:21:12.121286+00:00,201,2659.79,
2026-09-11T20:21:12.117271+00:00,201,2665.28,
2026-09-11T20:21:12.113364+00:00,201,2676.57,
2026-09-11T20:21:12.127311+00:00,201,2667.50,
2026-09-11T20:21:12.147011+00:00,201,2664.96,
2026-09-11T20:21:12.145004+00:00,201,2682.09,
2026-09-11T20:21:12.161316+00:00,201,2674.80,
2026-09-11T20:21:12.158807+00:00,201,2684.76,
2026-09-11T20:21:12.172971+00:00,201,2689.44,
2026-09-11T20:21:12.169317+00:00,201,2696.65,
2026-09-11T20:21:12.194916+00:00,201,2692.61,
2026-09-11T20:21:12.196929+00:00,201,2694.39,
2026-09-11T20:21:12.202763+00:00,201,2692.03,
2026-09-11T20:21:12.212834+00:00,201,2690.30,
2026-09-11T20:21:12.202763+00:00,201,2701.87,
2026-09-11T20:21:12.212834+00:00,201,2708.48,
2026-09-11T20:21:12.240532+00:00,201,2700.12,
2026-09-11T20:21:12.229690+00:00,201,2707.81,
2026-09-11T20:21:12.243974+00:00,201,2705.30,
2026-09-11T20:21:12.250707+00:00,201,2704.82,
2026-09-11T20:21:12.241462+00:00,201,2718.38,
2026-09-11T20:21:12.250707+00:00,201,2708.56,
2026-09-11T20:21:12.266158+00:00,201,2714.34,
2026-09-11T20:21:12.269671+00:00,201,2713.60,
2026-09-11T20:21:12.275770+00:00,201,2714.00,
2026-09-11T20:21:12.268164+00:00,201,2726.17,
2026-09-11T20:21:12.291435+00:00,201,2718.13,
2026-09-11T20:21:12.293839+00:00,201,2728.89,
2026-09-11T20:21:12.307125+00:00,201,2719.48,
2026-09-11T20:21:12.332405+00:00,201,2722.92,
2026-09-11T20:21:12.332405+00:00,201,2722.00,
2026-09-11T20:21:12.332405+00:00,201,2736.24,
2026-09-11T20:21:12.340997+00:00,201,2726.49,
2026-09-11T20:21:12.354322+00:00,201,2718.11,
2026-09-11T20:21:12.357336+00:00,201,2736.68,
2026-09-11T20:21:12.369970+00:00,201,2726.98,
2026-09-11T20:21:12.361260+00:00,201,2733.16,
2026-09-11T20:21:12.371476+00:00,201,2737.29,
2026-09-11T20:21:12.397082+00:00,201,2735.49,
2026-09-11T20:21:12.403265+00:00,201,2738.81,
2026-09-11T20:21:12.397082+00:00,201,2758.14,
2026-09-11T20:21:12.414400+00:00,201,2744.79,
2026-09-11T20:21:12.412395+00:00,201,2750.51,
2026-09-11T20:21:12.431609+00:00,201,2751.86,
2026-09-11T20:21:12.418532+00:00,201,2762.20,
2026-09-11T20:21:12.429603+00:00,201,2763.08,
2026-09-11T20:21:12.447384+00:00,201,2750.87,
2026-09-11T20:21:12.447384+00:00,201,2758.78,
2026-09-11T20:21:12.469811+00:00,201,2748.58,
2026-09-11T20:21:12.465799+00:00,201,2757.83,
2026-09-11T20:21:12.463094+00:00,201,2763.09,
2026-09-11T20:21:12.473825+00:00,201,2761.36,
2026-09-11T20:21:12.494782+00:00,201,2760.44,
2026-09-11T20:21:12.494782+00:00,201,2773.98,
2026-09-11T20:21:12.494782+00:00,201,2774.07,
2026-09-11T20:21:12.494782+00:00,201,2765.99,
2026-09-11T20:21:12.494782+00:00,201,2775.50,
2026-09-11T20:21:12.514670+00:00,201,2778.60,
2026-09-11T20:21:12.514670+00:00,201,2790.08,
2026-09-11T20:21:12.526532+00:00,201,2780.60,
2026-09-11T20:21:12.542292+00:00,201,2779.11,
2026-09-11T20:21:12.533918+00:00,201,2785.20,
2026-09-11T20:21:12.551300+00:00,201,2784.70,
2026-09-11T20:21:12.567081+00:00,201,2774.29,
2026-09-11T20:21:12.573717+00:00,201,2770.93,
2026-09-11T20:21:12.581526+00:00,201,2784.98,
2026-09-11T20:21:12.573717+00:00,201,2795.95,
2026-09-11T20:21:12.589381+00:00,201,2795.40,
2026-09-11T20:21:12.612305+00:00,201,2774.48,
2026-09-11T20:21:12.606022+00:00,201,2781.54,
2026-09-11T20:21:12.612305+00:00,201,2780.55,
2026-09-11T20:21:12.620811+00:00,201,2783.77,
2026-09-11T20:21:12.622819+00:00,201,2786.51,
2026-09-11T20:21:12.622819+00:00,201,2788.69,
2026-09-11T20:21:12.641410+00:00,201,2793.48,
2026-09-11T20:21:12.645427+00:00,201,2792.15,
2026-09-11T20:21:12.635886+00:00,201,2804.20,
2026-09-11T20:21:12.636893+00:00,201,2809.66,
2026-09-11T20:21:12.681713+00:00,201,2794.63,
2026-09-11T20:21:12.684267+00:00,201,2800.59,
2026-09-11T20:21:12.679186+00:00,201,2811.55,
2026-09-11T20:21:12.689903+00:00,201,2801.62,
2026-09-11T20:21:12.687895+00:00,201,2810.03,
2026-09-11T20:21:12.700542+00:00,201,2800.69,
2026-09-11T20:21:12.700542+00:00,201,2809.81,
2026-09-11T20:21:12.714681+00:00,201,2811.66,
2026-09-11T20:21:12.720186+00:00,201,2809.11,
2026-09-11T20:21:12.718290+00:00,201,2815.46,
2026-09-11T20:21:12.735755+00:00,201,2808.28,
2026-09-11T20:21:12.738913+00:00,201,2807.68,
2026-09-11T20:21:12.749989+00:00,201,2812.06,
2026-09-11T20:21:12.731164+00:00,201,2832.07,
2026-09-11T20:21:12.768392+00:00,201,2819.08,
2026-09-11T20:21:12.774423+00:00,201,2814.88,
2026-09-11T20:21:12.770407+00:00,201,2822.64,
2026-09-11T20:21:12.778439+00:00,201,2819.24,
2026-09-11T20:21:12.764878+00:00,201,2834.45,
2026-09-11T20:21:12.792063+00:00,201,2829.33,
2026-09-11T20:21:12.800772+00:00,201,2825.45,
2026-09-11T20:21:12.805727+00:00,201,2827.21,
2026-09-11T20:21:12.802282+00:00,201,2844.52,
2026-09-11T20:21:12.808342+00:00,201,2840.86,
2026-09-11T20:21:12.814645+00:00,201,2832.79,
2026-09-11T20:21:12.833603+00:00,201,2826.13,
2026-09-11T20:21:12.844966+00:00,201,2828.53,
2026-09-11T20:21:12.823424+00:00,201,2846.25,
2026-09-11T20:21:12.848981+00:00,201,2830.98,
2026-09-11T20:21:12.846972+00:00,201,2841.11,
2026-09-11T20:21:12.855009+00:00,201,2835.05,
2026-09-11T20:21:12.855009+00:00,201,2860.00,
2026-09-11T20:21:12.872197+00:00,201,2846.03,
2026-09-11T20:21:12.902565+00:00,201,2855.61,
2026-09-11T20:21:12.897536+00:00,201,2865.34,
2026-09-11T20:21:12.889567+00:00,201,2872.34,
2026-09-11T20:21:12.908592+00:00,201,2862.06,
2026-09-11T20:21:12.899541+00:00,201,2871.82,
2026-09-11T20:21:12.928873+00:00,201,2856.88,
2026-09-11T20:21:12.926224+00:00,201,2876.70,
2026-09-11T20:21:12.934591+00:00,201,2863.75,
2026-09-11T20:21:12.934591+00:00,201,2869.25,
2026-09-11T20:21:12.952245+00:00,201,2859.22,
2026-09-11T20:21:12.952245+00:00,201,2878.34,
2026-09-11T20:21:12.958445+00:00,201,2874.71,
2026-09-11T20:21:12.972319+00:00,201,2877.98,
2026-09-11T20:21:12.972319+00:00,201,2877.52,
2026-09-11T20:21:12.972319+00:00,201,2884.73,
2026-09-11T20:21:12.989718+00:00,201,2874.39,
2026-09-11T20:21:12.981606+00:00,201,2881.48,
2026-09-11T20:21:12.996758+00:00,201,2881.15,
2026-09-11T20:21:13.010424+00:00,201,2889.21,
2026-09-11T20:21:13.012985+00:00,201,2889.27,
2026-09-11T20:21:13.021012+00:00,201,2885.93,
2026-09-11T20:21:13.019005+00:00,201,2889.92,
2026-09-11T20:21:13.023837+00:00,201,2891.03,
2026-09-11T20:21:13.014995+00:00,201,2909.82,
2026-09-11T20:21:13.051357+00:00,201,2897.31,
2026-09-11T20:21:13.051357+00:00,201,2905.03,
2026-09-11T20:21:13.051357+00:00,201,2899.54,
2026-09-11T20:21:13.049157+00:00,201,2917.60,
2026-09-11T20:21:13.071476+00:00,201,2907.74,
2026-09-11T20:21:13.085647+00:00,201,2913.28,
2026-09-11T20:21:13.091794+00:00,201,2912.92,
2026-09-11T20:21:13.085647+00:00,201,2926.83,
2026-09-11T20:21:13.106729+00:00,201,2911.26,
2026-09-11T20:21:13.111749+00:00,201,2912.30,
2026-09-11T20:21:13.111749+00:00,201,2923.29,
2026-09-11T20:21:13.107734+00:00,201,2936.67,
2026-09-11T20:21:13.123727+00:00,201,2924.15,
2026-09-11T20:21:13.139415+00:00,201,2934.37,
2026-09-11T20:21:13.129876+00:00,201,2941.60,
2026-09-11T20:21:13.141599+00:00,201,2941.75,
2026-09-11T20:21:13.155146+00:00,201,2949.23,
2026-09-11T20:21:13.163289+00:00,201,2954.12,
2026-09-11T20:21:13.170826+00:00,201,2963.01,
2026-09-11T20:21:13.170826+00:00,201,2970.72,
2026-09-11T20:21:13.183609+00:00,201,2968.80,
2026-09-11T20:21:13.170826+00:00,201,2980.49,
2026-09-11T20:21:13.206384+00:00,201,2958.61,
2026-09-11T20:21:13.214699+00:00,201,2966.32,
2026-09-11T20:21:13.206384+00:00,201,2976.85,
2026-09-11T20:21:13.219066+00:00,201,2971.92,
2026-09-11T20:21:13.202357+00:00,201,2991.61,
2026-09-11T20:21:13.212691+00:00,201,2985.98,
2026-09-11T20:21:13.227053+00:00,201,2988.98,
2026-09-11T20:21:13.259964+00:00,201,2997.02,
2026-09-11T20:21:13.262585+00:00,201,2997.79,
2026-09-11T20:21:13.256935+00:00,201,3019.94,
2026-09-11T20:21:13.293844+00:00,201,3011.79,
2026-09-11T20:21:13.297071+00:00,201,3009.00,
2026-09-11T20:21:13.297071+00:00,201,3008.80,
2026-09-11T20:21:13.297071+00:00,201,3010.71,
2026-09-11T20:21:13.314646+00:00,201,3006.48,
2026-09-11T20:21:13.325191+00:00,201,3012.54,
2026-09-11T20:21:13.325191+00:00,201,3020.01,
2026-09-11T20:21:13.335311+00:00,201,3022.50,
2026-09-11T20:21:13.344801+00:00,201,3016.66,
2026-09-11T20:21:13.340951+00:00,201,3024.46,
2026-09-11T20:21:13.356806+00:00,201,3010.89,
2026-09-11T20:21:13.344801+00:00,201,3027.64,
2026-09-11T20:21:13.325191+00:00,201,3052.37,
2026-09-11T20:21:13.356806+00:00,201,3024.27,
2026-09-11T20:21:13.356806+00:00,201,3032.76,
2026-09-11T20:21:13.375644+00:00,201,3023.91,
2026-09-11T20:21:13.381719+00:00,201,3031.68,
2026-09-11T20:21:13.385401+00:00,201,3032.03,
2026-09-11T20:21:13.400157+00:00,201,3030.51,
2026-09-11T20:21:13.415534+00:00,201,3027.10,
2026-09-11T20:21:13.394620+00:00,201,3051.81,
2026-09-11T20:21:13.415534+00:00,201,3036.60,
2026-09-11T20:21:13.422108+00:00,201,3039.58,
2026-09-11T20:21:13.431137+00:00,201,3034.44,
2026-09-11T20:21:13.420383+00:00,201,3050.27,
2026-09-11T20:21:13.435522+00:00,201,3040.52,
2026-09-11T20:21:13.440798+00:00,201,3054.15,
2026-09-11T20:21:13.451272+00:00,201,3052.57,
2026-09-11T20:21:13.459599+00:00,201,3048.24,
2026-09-11T20:21:13.451272+00:00,201,3063.09,
2026-09-11T20:21:13.477718+00:00,201,3057.63,
2026-09-11T20:21:13.482855+00:00,201,3063.08,
2026-09-11T20:21:13.487812+00:00,201,3060.93,
2026-09-11T20:21:13.486039+00:00,201,3066.29,
2026-09-11T20:21:13.501085+00:00,201,3054.56,
2026-09-11T20:21:13.504922+00:00,201,3058.06,
2026-09-11T20:21:13.515602+00:00,201,3070.09,
2026-09-11T20:21:13.524238+00:00,201,3065.36,
2026-09-11T20:21:13.532410+00:00,201,3066.67,
2026-09-11T20:21:13.532410+00:00,201,3072.35,
2026-09-11T20:21:13.548305+00:00,201,3072.54,
2026-09-11T20:21:13.543462+00:00,201,3080.47,
2026-09-11T20:21:13.556561+00:00,201,3072.40,
2026-09-11T20:21:13.564350+00:00,201,3066.90,
2026-09-11T20:21:13.581819+00:00,201,3068.23,
2026-09-11T20:21:13.587520+00:00,201,3066.88,
2026-09-11T20:21:13.577783+00:00,201,3079.97,
2026-09-11T20:21:13.590037+00:00,201,3071.50,
2026-09-11T20:21:13.614033+00:00,201,3076.81,
2026-09-11T20:21:13.618048+00:00,201,3079.43,
2026-09-11T20:21:13.611516+00:00,201,3094.82,
2026-09-11T20:21:13.631744+00:00,201,3077.53,
2026-09-11T20:21:13.647789+00:00,201,3088.62,
2026-09-11T20:21:13.652724+00:00,201,3096.86,
2026-09-11T20:21:13.656396+00:00,201,3096.00,
2026-09-11T20:21:13.647789+00:00,201,3112.28,
2026-09-11T20:21:13.656396+00:00,201,3099.65,
2026-09-11T20:21:13.677379+00:00,201,3107.76,
2026-09-11T20:21:13.681914+00:00,201,3113.94,
2026-09-11T20:21:13.675363+00:00,201,3124.68,
2026-09-11T20:21:13.672340+00:00,201,3137.18,
2026-09-11T20:21:13.688595+00:00,201,3137.66,
2026-09-11T20:21:13.704433+00:00,201,3173.74,
2026-09-11T20:21:13.724315+00:00,201,3159.27,
2026-09-11T20:21:13.703425+00:00,201,3183.95,
2026-09-11T20:21:13.720190+00:00,201,3170.06,
2026-09-11T20:21:13.733363+00:00,201,3175.27,
2026-09-11T20:21:13.735371+00:00,201,3177.25,
2026-09-11T20:21:13.751010+00:00,201,3179.28,
2026-09-11T20:21:13.753004+00:00,201,3189.36,
2026-09-11T20:21:13.757488+00:00,201,3191.21,
2026-09-11T20:21:13.785055+00:00,201,3181.70,
2026-09-11T20:21:13.779862+00:00,201,3196.81,
2026-09-11T20:21:13.787065+00:00,201,3194.49,
2026-09-11T20:21:13.791084+00:00,201,3198.20,
2026-09-11T20:21:13.801137+00:00,201,3203.91,
2026-09-11T20:21:13.826617+00:00,201,3213.92,
2026-09-11T20:21:13.873679+00:00,201,3209.49,
2026-09-11T20:21:13.921522+00:00,201,3165.87,
2026-09-11T20:21:13.937625+00:00,201,3163.93,
2026-09-11T20:21:13.953598+00:00,201,3164.73,
2026-09-11T20:21:13.962374+00:00,201,3172.86,
2026-09-11T20:21:13.975445+00:00,201,3169.17,
2026-09-11T20:21:13.983986+00:00,201,3167.65,
2026-09-11T20:21:13.996538+00:00,201,3170.19,
2026-09-11T20:21:13.973439+00:00,201,3198.96,
2026-09-11T20:21:13.966395+00:00,201,3224.13,
2026-09-11T20:21:14.017950+00:00,201,3191.20,
2026-09-11T20:21:13.960367+00:00,201,3254.67,
2026-09-11T20:21:14.035252+00:00,201,3184.85,
2026-09-11T20:21:14.044787+00:00,201,3199.31,
2026-09-11T20:21:13.964384+00:00,201,3284.82,
2026-09-11T20:21:14.060232+00:00,201,3192.26,
2026-09-11T20:21:13.969424+00:00,201,3306.35,
2026-09-11T20:21:14.011622+00:00,201,3267.51,
2026-09-11T20:21:14.082061+00:00,201,3202.25,
2026-09-11T20:21:14.093310+00:00,201,3194.23,
2026-09-11T20:21:14.104817+00:00,201,3213.57,
2026-09-11T20:21:13.967404+00:00,201,3352.43,
2026-09-11T20:21:13.977452+00:00,201,3354.37,
2026-09-11T20:21:14.128513+00:00,201,3221.43,
2026-09-11T20:21:14.142342+00:00,201,3210.52,
2026-09-11T20:21:14.098794+00:00,201,3272.62,
2026-09-11T20:21:14.136577+00:00,201,3240.17,
2026-09-11T20:21:14.161766+00:00,201,3218.33,
2026-09-11T20:21:14.050548+00:00,201,3344.74,
2026-09-11T20:21:14.009615+00:00,201,3407.16,
2026-09-11T20:21:14.192464+00:00,201,3227.54,
2026-09-11T20:21:14.188216+00:00,201,3235.99,
2026-09-11T20:21:14.182196+00:00,201,3249.53,
2026-09-11T20:21:14.147361+00:00,201,3310.84,
2026-09-11T20:21:14.212238+00:00,201,3249.77,
2026-09-11T20:21:14.214246+00:00,201,3250.00,
2026-09-11T20:21:14.163773+00:00,201,3303.13,
2026-09-11T20:21:14.134569+00:00,201,3337.36,
2026-09-11T20:21:14.242173+00:00,201,3237.37,
2026-09-11T20:21:14.236654+00:00,201,3247.76,
2026-09-11T20:21:14.088092+00:00,201,3400.83,
2026-09-11T20:21:14.130520+00:00,201,3371.07,
2026-09-11T20:21:14.265312+00:00,201,3249.47,
2026-09-11T20:21:14.267319+00:00,201,3250.74,
2026-09-11T20:21:14.282416+00:00,201,3256.87,
2026-09-11T20:21:14.284732+00:00,201,3258.16,
2026-09-11T20:21:14.292419+00:00,201,3253.33,
2026-09-11T20:21:14.225866+00:00,201,3323.42,
2026-09-11T20:21:14.070276+00:00,201,3487.44,
2026-09-11T20:21:14.168639+00:00,201,3393.78,
2026-09-11T20:21:14.196478+00:00,201,3370.37,
2026-09-11T20:21:14.254307+00:00,201,3316.04,
2026-09-11T20:21:14.309162+00:00,201,3265.92,
2026-09-11T20:21:14.218262+00:00,201,3358.39,
2026-09-11T20:21:14.028602+00:00,201,3552.34,
2026-09-11T20:21:14.317192+00:00,201,3265.93,
2026-09-11T20:21:14.313180+00:00,201,3274.65,
2026-09-11T20:21:14.240168+00:00,201,3355.05,
2026-09-11T20:21:14.001562+00:00,201,3599.84,
2026-09-11T20:21:14.037259+00:00,201,3566.88,
2026-09-11T20:21:14.285075+00:00,201,3322.68,
2026-09-11T20:21:14.331051+00:00,201,3284.03,
2026-09-11T20:21:14.344325+00:00,201,3275.50,
2026-09-11T20:21:14.320518+00:00,201,3305.85,
2026-09-11T20:21:14.337997+00:00,201,3290.81,
2026-09-11T20:21:14.344325+00:00,201,3289.75,
2026-09-11T20:21:14.358661+00:00,201,3283.15,
2026-09-11T20:21:14.360400+00:00,201,3285.32,
2026-09-11T20:21:14.364412+00:00,201,3287.01,
2026-09-11T20:21:14.382638+00:00,201,3300.16,
2026-09-11T20:21:14.376128+00:00,201,3309.50,
2026-09-11T20:21:14.406234+00:00,201,3304.99,
2026-09-11T20:21:14.407828+00:00,201,3316.38,
2026-09-11T20:21:14.415728+00:00,201,3307.07,
2026-09-11T20:21:14.426551+00:00,201,3307.73,
2026-09-11T20:21:14.423017+00:00,201,3317.21,
2026-09-11T20:21:14.432357+00:00,201,3314.32,
2026-09-11T20:21:14.454970+00:00,201,3330.73,
2026-09-11T20:21:14.470615+00:00,201,3318.31,
2026-09-11T20:21:14.470615+00:00,201,3336.07,
2026-09-11T20:21:14.491792+00:00,201,3327.13,
2026-09-11T20:21:14.489096+00:00,201,3339.48,
2026-09-11T20:21:14.502093+00:00,201,3327.85,
2026-09-11T20:21:14.506108+00:00,201,3327.19,
2026-09-11T20:21:14.515564+00:00,201,3345.63,
2026-09-11T20:21:14.517571+00:00,201,3345.21,
2026-09-11T20:21:14.512023+00:00,201,3356.96,
2026-09-11T20:21:14.522412+00:00,201,3346.79,
2026-09-11T20:21:14.533379+00:00,201,3356.42,
2026-09-11T20:21:14.535387+00:00,201,3356.70,
2026-09-11T20:21:14.559927+00:00,201,3351.86,
2026-09-11T20:21:14.555769+00:00,201,3357.51,
2026-09-11T20:21:14.553762+00:00,201,3362.87,
2026-09-11T20:21:14.550610+00:00,201,3373.09,
2026-09-11T20:21:14.565215+00:00,201,3359.30,
2026-09-11T20:21:14.591353+00:00,201,3369.00,
2026-09-11T20:21:14.598906+00:00,201,3364.91,
2026-09-11T20:21:14.589345+00:00,201,3377.76,
2026-09-11T20:21:14.595887+00:00,201,3376.33,
2026-09-11T20:21:14.617769+00:00,201,3376.54,
2026-09-11T20:21:14.621128+00:00,201,3381.82,
2026-09-11T20:21:14.630910+00:00,201,3376.63,
2026-09-11T20:21:14.633427+00:00,201,3377.55,
2026-09-11T20:21:14.636906+00:00,201,3382.66,
2026-09-11T20:21:14.640920+00:00,201,3383.51,
2026-09-11T20:21:14.676262+00:00,201,3384.22,
2026-09-11T20:21:14.676262+00:00,201,3398.68,
2026-09-11T20:21:14.696913+00:00,201,3383.36,
2026-09-11T20:21:14.694904+00:00,201,3391.96,
2026-09-11T20:21:14.709890+00:00,201,3391.56,
2026-09-11T20:21:14.705298+00:00,201,3400.24,
2026-09-11T20:21:14.714992+00:00,201,3393.23,
2026-09-11T20:21:14.727126+00:00,201,3390.43,
2026-09-11T20:21:14.725612+00:00,201,3400.55,
2026-09-11T20:21:14.731513+00:00,201,3416.38,
2026-09-11T20:21:14.745428+00:00,201,3407.58,
2026-09-11T20:21:14.750966+00:00,201,3415.52,
2026-09-11T20:21:14.750966+00:00,201,3418.99,
2026-09-11T20:21:14.769666+00:00,201,3407.46,
2026-09-11T20:21:14.770682+00:00,201,3413.41,
2026-09-11T20:21:14.779385+00:00,201,3415.65,
2026-09-11T20:21:14.777377+00:00,201,3422.12,
2026-09-11T20:21:14.783340+00:00,201,3426.01,
2026-09-11T20:21:14.790373+00:00,201,3422.98,
2026-09-11T20:21:14.796611+00:00,201,3418.45,
2026-09-11T20:21:14.793074+00:00,201,3441.27,
2026-09-11T20:21:14.810492+00:00,201,3431.79,
2026-09-11T20:21:14.828124+00:00,201,3420.52,
2026-09-11T20:21:14.837574+00:00,201,3423.91,
2026-09-11T20:21:14.825124+00:00,201,3440.59,
2026-09-11T20:21:14.844930+00:00,201,3432.22,
2026-09-11T20:21:14.862947+00:00,201,3437.57,
2026-09-11T20:21:14.866965+00:00,201,3438.24,
2026-09-11T20:21:14.864959+00:00,201,3445.61,
2026-09-11T20:21:14.882680+00:00,201,3448.87,
2026-09-11T20:21:14.892868+00:00,201,3447.83,
2026-09-11T20:21:14.901430+00:00,201,3445.30,
2026-09-11T20:21:14.890862+00:00,201,3463.94,
2026-09-11T20:21:14.901430+00:00,201,3455.55,
2026-09-11T20:21:14.907656+00:00,201,3454.46,
2026-09-11T20:21:14.926335+00:00,201,3458.04,
2026-09-11T20:21:14.929045+00:00,201,3460.36,
2026-09-11T20:21:14.929045+00:00,201,3458.41,
2026-09-11T20:21:14.942225+00:00,201,3456.72,
2026-09-11T20:21:14.953485+00:00,201,3453.68,
2026-09-11T20:21:14.957880+00:00,201,3463.19,
2026-09-11T20:21:14.957880+00:00,201,3462.95,
2026-09-11T20:21:14.949324+00:00,201,3475.16,
2026-09-11T20:21:14.962938+00:00,201,3464.23,
2026-09-11T20:21:14.983001+00:00,201,3468.86,
2026-09-11T20:21:14.974006+00:00,201,3475.38,
2026-09-11T20:21:14.989648+00:00,201,3469.65,
2026-09-11T20:21:14.993659+00:00,201,3477.10,
2026-09-11T20:21:14.983001+00:00,201,3489.00,
2026-09-11T20:21:15.010066+00:00,201,3482.49,
2026-09-11T20:21:15.012074+00:00,201,3484.18,
2026-09-11T20:21:15.023313+00:00,201,3486.97,
2026-09-11T20:21:15.025319+00:00,201,3490.74,
2026-09-11T20:21:15.057308+00:00,201,3495.24,
2026-09-11T20:21:15.059390+00:00,201,3496.54,
2026-09-11T20:21:15.068626+00:00,201,3491.96,
2026-09-11T20:21:15.074650+00:00,201,3489.52,
2026-09-11T20:21:15.072644+00:00,201,3495.40,
2026-09-11T20:21:15.052882+00:00,201,3517.84,
2026-09-11T20:21:15.076661+00:00,201,3511.44,
2026-09-11T20:21:15.093966+00:00,201,3496.49,
2026-09-11T20:21:15.097694+00:00,201,3503.12,
2026-09-11T20:21:15.100205+00:00,201,3505.66,
2026-09-11T20:21:15.116211+00:00,201,3510.59,
2026-09-11T20:21:15.105541+00:00,201,3516.58,
2026-09-11T20:21:15.135681+00:00,201,3505.22,
2026-09-11T20:21:15.139169+00:00,201,3502.45,
2026-09-11T20:21:15.137687+00:00,201,3520.07,
2026-09-11T20:21:15.156292+00:00,201,3511.60,
2026-09-11T20:21:15.158300+00:00,201,3517.63,
2026-09-11T20:21:15.162316+00:00,201,3524.73,
2026-09-11T20:21:15.185427+00:00,201,3522.08,
2026-09-11T20:21:15.192897+00:00,201,3520.64,
2026-09-11T20:21:15.187439+00:00,201,3527.34,
2026-09-11T20:21:15.195743+00:00,201,3520.84,
2026-09-11T20:21:15.180395+00:00,201,3539.32,
2026-09-11T20:21:15.199073+00:00,201,3535.57,
2026-09-11T20:21:15.210154+00:00,201,3528.98,
2026-09-11T20:21:15.221204+00:00,201,3526.04,
2026-09-11T20:21:15.210693+00:00,201,3535.53,
2026-09-11T20:21:15.227846+00:00,201,3546.17,
2026-09-11T20:21:15.228821+00:00,201,3541.16,
2026-09-11T20:21:15.257565+00:00,201,3542.97,
2026-09-11T20:21:15.269171+00:00,201,3532.27,
2026-09-11T20:21:15.261150+00:00,201,3542.90,
2026-09-11T20:21:15.269171+00:00,201,3542.26,
2026-09-11T20:21:15.276248+00:00,201,3539.16,
2026-09-11T20:21:15.273366+00:00,201,3544.94,
2026-09-11T20:21:15.298746+00:00,201,3549.35,
2026-09-11T20:21:15.296730+00:00,201,3559.16,
2026-09-11T20:21:15.307601+00:00,201,3551.31,
2026-09-11T20:21:15.307601+00:00,201,3555.92,
2026-09-11T20:21:15.323286+00:00,201,3563.42,
2026-09-11T20:21:15.323286+00:00,201,3568.92,
2026-09-11T20:21:15.340419+00:00,201,3561.00,
2026-09-11T20:21:15.336272+00:00,201,3568.78,
2026-09-11T20:21:15.336272+00:00,201,3573.66,
2026-09-11T20:21:15.344766+00:00,201,3566.61,
2026-09-11T20:21:15.364859+00:00,201,3565.67,
2026-09-11T20:21:15.364859+00:00,201,3573.69,
2026-09-11T20:21:15.383556+00:00,201,3563.29,
2026-09-11T20:21:15.370366+00:00,201,3581.08,
2026-09-11T20:21:15.387580+00:00,201,3570.48,
2026-09-11T20:21:15.391094+00:00,201,3569.43,
2026-09-11T20:21:15.396542+00:00,201,3568.48,
2026-09-11T20:21:15.389087+00:00,201,3587.56,
2026-09-11T20:21:15.396542+00:00,201,3575.02,
2026-09-11T20:21:15.412206+00:00,201,3580.39,
2026-09-11T20:21:15.416552+00:00,201,3577.93,
2026-09-11T20:21:15.427316+00:00,201,3589.67,
2026-09-11T20:21:15.427316+00:00,201,3587.42,
2026-09-11T20:21:15.427316+00:00,201,3594.51,
2026-09-11T20:21:15.427316+00:00,201,3603.48,
2026-09-11T20:21:15.444858+00:00,201,3592.30,
2026-09-11T20:21:15.476482+00:00,201,3591.19,
2026-09-11T20:21:15.483519+00:00,201,3584.53,
2026-09-11T20:21:15.490181+00:00,201,3583.08,
2026-09-11T20:21:15.461962+00:00,201,3603.44,
2026-09-11T20:21:15.494203+00:00,201,3584.36,
2026-09-11T20:21:15.483519+00:00,201,3614.57,
2026-09-11T20:21:15.499916+00:00,201,3600.71,
2026-09-11T20:21:15.497900+00:00,201,3605.35,
2026-09-11T20:21:15.510708+00:00,201,3603.08,
2026-09-11T20:21:15.521770+00:00,201,3609.46,
2026-09-11T20:21:15.532957+00:00,201,3612.02,
2026-09-11T20:21:15.527620+00:00,201,3619.40,
2026-09-11T20:21:15.521770+00:00,201,3627.67,
2026-09-11T20:21:15.541843+00:00,201,3616.10,
2026-09-11T20:21:15.545570+00:00,201,3625.74,
2026-09-11T20:21:15.547575+00:00,201,3632.01,
2026-09-11T20:21:15.561720+00:00,201,3626.17,
2026-09-11T20:21:15.563726+00:00,201,3631.41,
2026-09-11T20:21:15.586458+00:00,201,3631.84,
2026-09-11T20:21:15.586458+00:00,201,3632.15,
2026-09-11T20:21:15.597706+00:00,201,3633.98,
2026-09-11T20:21:15.583797+00:00,201,3650.22,
2026-09-11T20:21:15.586458+00:00,201,3643.89,
2026-09-11T20:21:15.599719+00:00,201,3640.93,
2026-09-11T20:21:15.626273+00:00,201,3641.29,
2026-09-11T20:21:15.617260+00:00,201,3648.06,
2026-09-11T20:21:15.617260+00:00,201,3655.54,
2026-09-11T20:21:15.632756+00:00,201,3651.28,
2026-09-11T20:21:15.637275+00:00,201,3656.27,
2026-09-11T20:21:15.648420+00:00,201,3654.49,
2026-09-11T20:21:15.637275+00:00,201,3667.76,
2026-09-11T20:21:15.648420+00:00,201,3665.67,
2026-09-11T20:21:15.655963+00:00,201,3661.02,
2026-09-11T20:21:15.664532+00:00,201,3657.11,
2026-09-11T20:21:15.680357+00:00,201,3662.36,
2026-09-11T20:21:15.678352+00:00,201,3670.85,
2026-09-11T20:21:15.674332+00:00,201,3676.96,
2026-09-11T20:21:15.692627+00:00,201,3668.54,
2026-09-11T20:21:15.689604+00:00,201,3676.96,
2026-09-11T20:21:15.711579+00:00,201,3681.85,
2026-09-11T20:21:15.711579+00:00,201,3688.85,
2026-09-11T20:21:15.711579+00:00,201,3702.81,
2026-09-11T20:21:15.760296+00:00,201,3679.92,
2026-09-11T20:21:15.758786+00:00,201,3686.26,
2026-09-11T20:21:15.751432+00:00,201,3700.06,
2026-09-11T20:21:15.769085+00:00,201,3690.66,
2026-09-11T20:21:15.767077+00:00,201,3697.16,
2026-09-11T20:21:15.771093+00:00,201,3694.79,
2026-09-11T20:21:15.784300+00:00,201,3687.65,
2026-09-11T20:21:15.782278+00:00,201,3693.13,
2026-09-11T20:21:15.809237+00:00,201,3692.09,
2026-09-11T20:21:15.794287+00:00,201,3700.81,
2026-09-11T20:21:15.806728+00:00,201,3700.86,
2026-09-11T20:21:15.809237+00:00,201,3697.75,
2026-09-11T20:21:15.809237+00:00,201,3709.80,
2026-09-11T20:21:15.823799+00:00,201,3712.19,
2026-09-11T20:21:15.823799+00:00,201,3712.57,
2026-09-11T20:21:15.844710+00:00,201,3702.77,
2026-09-11T20:21:15.844710+00:00,201,3710.59,
2026-09-11T20:21:15.861100+00:00,201,3703.65,
2026-09-11T20:21:15.854634+00:00,201,3711.62,
2026-09-11T20:21:15.861100+00:00,201,3715.72,
2026-09-11T20:21:15.861100+00:00,201,3714.28,
2026-09-11T20:21:15.870838+00:00,201,3715.41,
2026-09-11T20:21:15.881541+00:00,201,3721.28,
2026-09-11T20:21:15.900576+00:00,201,3731.16,
2026-09-11T20:21:15.902589+00:00,201,3732.52,
2026-09-11T20:21:15.906609+00:00,201,3730.56,
2026-09-11T20:21:15.908616+00:00,201,3730.42,
2026-09-11T20:21:15.917173+00:00,201,3727.05,
2026-09-11T20:21:15.920769+00:00,201,3723.64,
2026-09-11T20:21:15.904597+00:00,201,3746.15,
2026-09-11T20:21:15.944596+00:00,201,3736.10,
2026-09-11T20:21:15.950298+00:00,201,3731.96,
2026-09-11T20:21:15.950298+00:00,201,3730.58,
2026-09-11T20:21:15.950298+00:00,201,3736.10,
2026-09-11T20:21:15.966609+00:00,201,3733.08,
2026-09-11T20:21:15.968607+00:00,201,3740.87,
2026-09-11T20:21:15.977375+00:00,201,3739.08,
2026-09-11T20:21:15.997800+00:00,201,3737.11,
2026-09-11T20:21:16.009411+00:00,201,3728.79,
2026-09-11T20:21:15.997800+00:00,201,3745.91,
2026-09-11T20:21:15.997800+00:00,201,3742.65,
2026-09-11T20:21:16.017014+00:00,201,3747.28,
2026-09-11T20:21:16.024309+00:00,201,3745.41,
2026-09-11T20:21:16.039553+00:00,201,3740.61,
2026-09-11T20:21:16.045201+00:00,201,3743.72,
2026-09-11T20:21:16.033714+00:00,201,3756.22,
2026-09-11T20:21:16.047212+00:00,201,3747.57,
2026-09-11T20:21:16.075191+00:00,201,3740.46,
2026-09-11T20:21:16.075191+00:00,201,3742.22,
2026-09-11T20:21:16.070978+00:00,201,3753.11,
2026-09-11T20:21:16.084518+00:00,201,3744.56,
2026-09-11T20:21:16.102395+00:00,201,3746.57,
2026-09-11T20:21:16.102395+00:00,201,3753.00,
2026-09-11T20:21:16.118350+00:00,201,3745.26,
2026-09-11T20:21:16.139399+00:00,201,3747.08,
2026-09-11T20:21:16.150139+00:00,201,3746.68,
2026-09-11T20:21:16.153443+00:00,201,3737.99,
2026-09-11T20:21:16.144963+00:00,201,3757.91,
2026-09-11T20:21:16.139399+00:00,201,3768.11,
2026-09-11T20:21:16.153443+00:00,201,3759.42,
2026-09-11T20:21:16.180936+00:00,201,3740.22,
2026-09-11T20:21:16.184721+00:00,201,3746.64,
2026-09-11T20:21:16.192180+00:00,201,3744.61,
2026-09-11T20:21:16.194186+00:00,201,3743.64,
2026-09-11T20:21:16.173026+00:00,201,3766.57,
2026-09-11T20:21:16.198205+00:00,201,3753.93,
2026-09-11T20:21:16.200215+00:00,201,3755.27,
2026-09-11T20:21:16.212338+00:00,201,3761.00,
2026-09-11T20:21:16.257209+00:00,201,3761.58,
2026-09-11T20:21:16.260009+00:00,201,3764.59,
2026-09-11T20:21:16.246985+00:00,201,3773.88,
2026-09-11T20:21:16.275911+00:00,201,3767.40,
2026-09-11T20:21:16.277920+00:00,201,3782.20,
2026-09-11T20:21:16.302125+00:00,201,3776.98,
2026-09-11T20:21:16.307347+00:00,201,3778.36,
2026-09-11T20:21:16.310007+00:00,201,3781.21,
2026-09-11T20:21:16.310007+00:00,201,3781.00,
2026-09-11T20:21:16.310007+00:00,201,3792.31,
2026-09-11T20:21:16.323071+00:00,201,3785.59,
2026-09-11T20:21:16.343107+00:00,201,3790.26,
2026-09-11T20:21:16.343107+00:00,201,3794.83,
2026-09-11T20:21:16.343107+00:00,201,3805.46,
2026-09-11T20:21:16.354005+00:00,201,3799.14,
2026-09-11T20:21:16.354005+00:00,201,3804.25,
2026-09-11T20:21:16.354005+00:00,201,3805.41,
2026-09-11T20:21:16.371532+00:00,201,3805.41,
2026-09-11T20:21:16.371532+00:00,201,3806.28,
2026-09-11T20:21:16.371532+00:00,201,3816.45,
2026-09-11T20:21:16.371532+00:00,201,3809.05,
2026-09-11T20:21:16.391805+00:00,201,3823.15,
2026-09-11T20:21:16.393810+00:00,201,3823.03,
2026-09-11T20:21:16.402653+00:00,201,3817.89,
2026-09-11T20:21:16.402653+00:00,201,3823.23,
2026-09-11T20:21:16.415457+00:00,201,3831.47,
2026-09-11T20:21:16.413649+00:00,201,3838.06,
2026-09-11T20:21:16.430429+00:00,201,3825.45,
2026-09-11T20:21:16.444068+00:00,201,3824.66,
2026-09-11T20:21:16.446535+00:00,201,3826.06,
2026-09-11T20:21:16.446535+00:00,201,3827.84,
2026-09-11T20:21:16.439762+00:00,201,3842.04,
2026-09-11T20:21:16.461995+00:00,201,3833.80,
2026-09-11T20:21:16.466008+00:00,201,3838.62,
2026-09-11T20:21:16.469037+00:00,201,3838.32,
2026-09-11T20:21:16.467031+00:00,201,3851.26,
2026-09-11T20:21:16.478070+00:00,201,3858.47,
2026-09-11T20:21:16.504359+00:00,201,3851.50,
2026-09-11T20:21:16.504359+00:00,201,3852.72,
2026-09-11T20:21:16.511564+00:00,201,3859.39,
2026-09-11T20:21:16.500801+00:00,201,3873.10,
2026-09-11T20:21:16.513570+00:00,201,3865.10,
2026-09-11T20:21:16.532402+00:00,201,3868.83,
2026-09-11T20:21:16.541085+00:00,201,3863.98,
2026-09-11T20:21:16.549269+00:00,201,3866.33,
2026-09-11T20:21:16.551278+00:00,201,3866.27,
2026-09-11T20:21:16.554641+00:00,201,3868.65,
2026-09-11T20:21:16.558655+00:00,201,3869.87,
2026-09-11T20:21:16.532402+00:00,201,3896.40,
2026-09-11T20:21:16.572487+00:00,201,3872.04,
2026-09-11T20:21:16.586350+00:00,201,3887.97,
2026-09-11T20:21:16.588356+00:00,201,3888.36,
2026-09-11T20:21:16.604217+00:00,201,3877.02,
2026-09-11T20:21:16.604217+00:00,201,3887.93,
2026-09-11T20:21:16.610489+00:00,201,3886.14,
2026-09-11T20:21:16.620553+00:00,201,3892.69,
2026-09-11T20:21:16.628294+00:00,201,3889.29,
2026-09-11T20:21:16.626287+00:00,201,3894.85,
2026-09-11T20:21:16.622990+00:00,201,3904.90,
2026-09-11T20:21:16.630446+00:00,201,3897.21,
2026-09-11T20:21:16.651184+00:00,201,3900.78,
2026-09-11T20:21:16.651184+00:00,201,3909.88,
2026-09-11T20:21:16.656623+00:00,201,3905.36,
2026-09-11T20:21:16.656623+00:00,201,3904.62,
2026-09-11T20:21:16.656623+00:00,201,3917.21,
2026-09-11T20:21:16.691517+00:00,201,3906.47,
2026-09-11T20:21:16.684808+00:00,201,3918.50,
2026-09-11T20:21:16.697971+00:00,201,3915.00,
2026-09-11T20:21:16.706072+00:00,201,3917.05,
2026-09-11T20:21:16.710089+00:00,201,3920.83,
2026-09-11T20:21:16.739599+00:00,201,3917.91,
2026-09-11T20:21:16.736376+00:00,201,3924.75,
2026-09-11T20:21:16.750366+00:00,201,3914.22,
2026-09-11T20:21:16.760734+00:00,201,3907.29,
2026-09-11T20:21:16.769013+00:00,201,3901.71,
2026-09-11T20:21:16.754365+00:00,201,3921.74,
2026-09-11T20:21:16.763737+00:00,201,3919.66,
2026-09-11T20:21:16.785095+00:00,201,3943.26,
2026-09-11T20:21:16.793586+00:00,201,3940.88,
2026-09-11T20:21:16.798713+00:00,201,3938.90,
2026-09-11T20:21:16.802486+00:00,201,3938.62,
2026-09-11T20:21:16.828340+00:00,201,3915.49,
2026-09-11T20:21:16.831411+00:00,201,3914.23,
2026-09-11T20:21:16.810762+00:00,201,3936.90,
2026-09-11T20:21:16.865498+00:00,201,3892.63,
2026-09-11T20:21:16.879327+00:00,201,3880.46,
2026-09-11T20:21:16.885126+00:00,201,3877.69,
2026-09-11T20:21:16.894736+00:00,201,3884.21,
2026-09-11T20:21:16.885126+00:00,201,3898.48,
2026-09-11T20:21:16.890155+00:00,201,3897.87,
2026-09-11T20:21:16.910100+00:00,201,3884.45,
2026-09-11T20:21:16.913116+00:00,201,3890.12,
2026-09-11T20:21:16.928254+00:00,201,3876.96,
2026-09-11T20:21:16.925981+00:00,201,3896.28,
2026-09-11T20:21:16.943727+00:00,201,3883.42,
2026-09-11T20:21:16.948454+00:00,201,3884.46,
2026-09-11T20:21:16.948454+00:00,201,3886.61,
2026-09-11T20:21:16.965867+00:00,201,3884.03,
2026-09-11T20:21:16.974797+00:00,201,3887.17,
2026-09-11T20:21:16.982571+00:00,201,3883.21,
2026-09-11T20:21:16.988760+00:00,201,3889.72,
2026-09-11T20:21:16.985074+00:00,201,3898.38,
2026-09-11T20:21:16.998847+00:00,201,3889.80,
2026-09-11T20:21:17.030385+00:00,201,3889.94,
2026-09-11T20:21:17.035024+00:00,201,3891.17,
2026-09-11T20:21:17.077462+00:00,201,3899.96,
2026-09-11T20:21:17.087236+00:00,201,3899.32,
2026-09-11T20:21:17.077462+00:00,201,3915.03,
2026-09-11T20:21:17.113389+00:00,201,3905.74,
2026-09-11T20:21:17.109869+00:00,201,3914.26,
2026-09-11T20:21:17.120489+00:00,201,3908.68,
2026-09-11T20:21:17.135054+00:00,201,3902.82,
2026-09-11T20:21:17.137061+00:00,201,3914.12,
2026-09-11T20:21:17.143069+00:00,201,3907.93,
2026-09-11T20:21:17.151946+00:00,201,3905.31,
2026-09-11T20:21:17.161499+00:00,201,3922.05,
2026-09-11T20:21:17.172295+00:00,201,3920.46,
2026-09-11T20:21:17.169282+00:00,201,3940.42,
2026-09-11T20:21:17.189580+00:00,201,3927.04,
2026-09-11T20:21:17.214590+00:00,201,3930.69,
2026-09-11T20:21:17.209083+00:00,201,3939.83,
2026-09-11T20:21:17.207576+00:00,201,3951.81,
2026-09-11T20:21:17.220173+00:00,201,3944.17,
2026-09-11T20:21:17.241429+00:00,201,3951.65,
2026-09-11T20:21:17.243944+00:00,201,3952.04,
2026-09-11T20:21:17.247959+00:00,201,3950.51,
2026-09-11T20:21:17.251906+00:00,201,3949.28,
2026-09-11T20:21:17.267590+00:00,201,3954.31,
2026-09-11T20:21:17.267590+00:00,201,3954.07,
2026-09-11T20:21:17.267590+00:00,201,3963.19,
2026-09-11T20:21:17.285521+00:00,201,3953.03,
2026-09-11T20:21:17.285521+00:00,201,3959.35,
2026-09-11T20:21:17.320302+00:00,201,3961.47,
2026-09-11T20:21:17.318295+00:00,201,3967.81,
2026-09-11T20:21:17.313502+00:00,201,3974.54,
2026-09-11T20:21:17.333681+00:00,201,3960.36,
2026-09-11T20:21:17.349834+00:00,201,3971.07,
2026-09-11T20:21:17.351355+00:00,201,3970.25,
2026-09-11T20:21:17.347100+00:00,201,3981.18,
2026-09-11T20:21:17.372577+00:00,201,3977.24,
2026-09-11T20:21:17.377386+00:00,201,3976.12,
2026-09-11T20:21:17.380908+00:00,201,3975.90,
2026-09-11T20:21:17.374585+00:00,201,3987.22,
2026-09-11T20:21:17.394539+00:00,201,3974.12,
2026-09-11T20:21:17.418390+00:00,201,3981.30,
2026-09-11T20:21:17.418390+00:00,201,3984.80,
2026-09-11T20:21:17.424945+00:00,201,3985.17,
2026-09-11T20:21:17.413494+00:00,201,4008.19,
2026-09-11T20:21:17.427008+00:00,201,3998.52,
2026-09-11T20:21:17.458551+00:00,201,3984.75,
2026-09-11T20:21:17.462592+00:00,201,4003.28,
2026-09-11T20:21:17.464998+00:00,201,4005.56,
2026-09-11T20:21:17.468004+00:00,201,4007.99,
2026-09-11T20:21:17.473005+00:00,201,4006.17,
2026-09-11T20:21:17.454755+00:00,201,4028.78,
2026-09-11T20:21:17.484144+00:00,201,4006.30,
2026-09-11T20:21:17.480127+00:00,201,4015.96,
2026-09-11T20:21:17.488681+00:00,201,4012.29,
2026-09-11T20:21:17.470005+00:00,201,4035.09,
2026-09-11T20:21:17.500237+00:00,201,4024.51,
2026-09-11T20:21:17.498230+00:00,201,4032.99,
2026-09-11T20:21:17.518443+00:00,201,4018.67,
2026-09-11T20:21:17.514432+00:00,201,4024.64,
2026-09-11T20:21:17.550157+00:00,201,4010.25,
2026-09-11T20:21:17.536900+00:00,201,4026.71,
2026-09-11T20:21:17.546142+00:00,201,4021.02,
2026-09-11T20:21:17.542710+00:00,201,4027.81,
2026-09-11T20:21:17.536900+00:00,201,4033.81,
2026-09-11T20:21:17.567569+00:00,201,4015.09,
2026-09-11T20:21:17.563807+00:00,201,4025.55,
2026-09-11T20:21:17.557427+00:00,201,4033.04,
2026-09-11T20:21:17.559433+00:00,201,4037.00,
2026-09-11T20:21:17.571939+00:00,201,4029.40,
2026-09-11T20:21:17.575464+00:00,201,4037.70,
2026-09-11T20:21:17.583244+00:00,201,4046.19,
2026-09-11T20:21:17.577473+00:00,201,4061.72,
2026-09-11T20:21:17.585755+00:00,201,4055.76,
2026-09-11T20:21:17.590682+00:00,201,4054.67,
2026-09-11T20:21:17.598891+00:00,201,4052.99,
2026-09-11T20:21:17.577473+00:00,201,4078.90,
2026-09-11T20:21:17.598891+00:00,201,4053.81,
2026-09-11T20:21:17.615114+00:00,201,4052.49,
2026-09-11T20:21:17.621944+00:00,201,4054.72,
2026-09-11T20:21:17.621944+00:00,201,4054.90,
2026-09-11T20:21:17.621944+00:00,201,4060.80,
2026-09-11T20:21:17.598891+00:00,201,4089.19,
2026-09-11T20:21:17.630467+00:00,201,4069.28,
2026-09-11T20:21:17.640452+00:00,201,4066.44,
2026-09-11T20:21:17.630467+00:00,201,4080.72,
2026-09-11T20:21:17.646448+00:00,201,4072.38,
2026-09-11T20:21:17.598891+00:00,201,4122.63,
2026-09-11T20:21:17.650189+00:00,201,4075.15,
2026-09-11T20:21:17.685761+00:00,201,4072.03,
2026-09-11T20:21:17.683027+00:00,201,4079.36,
2026-09-11T20:21:17.678487+00:00,201,4086.23,
2026-09-11T20:21:17.710815+00:00,201,4079.71,
2026-09-11T20:21:17.727118+00:00,201,4075.92,
2026-09-11T20:21:17.723308+00:00,201,4083.23,
2026-09-11T20:21:17.707982+00:00,201,4102.34,
2026-09-11T20:21:17.737382+00:00,201,4094.38,
2026-09-11T20:21:17.742699+00:00,201,4103.16,
2026-09-11T20:21:17.746825+00:00,201,4102.63,
2026-09-11T20:21:17.734748+00:00,201,4116.69,
2026-09-11T20:21:17.769743+00:00,201,4111.39,
2026-09-11T20:21:17.785845+00:00,201,4110.14,
2026-09-11T20:21:17.789857+00:00,201,4108.47,
2026-09-11T20:21:17.812027+00:00,201,4105.60,
2026-09-11T20:21:17.819918+00:00,201,4107.31,
2026-09-11T20:21:17.834865+00:00,201,4104.52,
2026-09-11T20:21:17.830850+00:00,201,4111.61,
2026-09-11T20:21:17.812027+00:00,201,4132.89,
2026-09-11T20:21:17.828843+00:00,201,4121.75,
2026-09-11T20:21:17.862734+00:00,201,4113.30,
2026-09-11T20:21:17.871371+00:00,201,4107.89,
2026-09-11T20:21:17.858702+00:00,201,4123.13,
2026-09-11T20:21:17.866250+00:00,201,4121.04,
2026-09-11T20:21:17.877411+00:00,201,4117.75,
2026-09-11T20:21:17.885919+00:00,201,4117.14,
2026-09-11T20:21:17.891794+00:00,201,4117.66,
2026-09-11T20:21:17.885919+00:00,201,4126.65,
2026-09-11T20:21:17.910648+00:00,201,4126.22,
2026-09-11T20:21:17.913764+00:00,201,4124.45,
2026-09-11T20:21:17.913764+00:00,201,4129.58,
2026-09-11T20:21:17.926695+00:00,201,4121.87,
2026-09-11T20:21:17.922675+00:00,201,4135.43,
2026-09-11T20:21:17.924689+00:00,201,4136.73,
2026-09-11T20:21:17.960276+00:00,201,4139.20,
2026-09-11T20:21:17.964296+00:00,201,4141.10,
2026-09-11T20:21:17.967311+00:00,201,4142.19,
2026-09-11T20:21:17.958268+00:00,201,4155.01,
2026-09-11T20:21:17.971324+00:00,201,4144.63,
2026-09-11T20:21:17.991443+00:00,201,4138.45,
2026-09-11T20:21:17.991443+00:00,201,4150.36,
2026-09-11T20:21:18.003358+00:00,201,4143.09,
2026-09-11T20:21:18.006761+00:00,201,4142.68,
2026-09-11T20:21:18.011355+00:00,201,4144.05,
2026-09-11T20:21:18.012362+00:00,201,4150.01,
2026-09-11T20:21:18.020218+00:00,201,4153.65,
2026-09-11T20:21:18.025518+00:00,201,4154.70,
2026-09-11T20:21:18.052326+00:00,201,4155.52,
2026-09-11T20:21:18.064348+00:00,201,4147.36,
2026-09-11T20:21:18.075050+00:00,201,4143.53,
2026-09-11T20:21:18.082655+00:00,201,4141.12,
2026-09-11T20:21:18.077669+00:00,201,4151.22,
2026-09-11T20:21:18.086872+00:00,201,4145.21,
2026-09-11T20:21:18.101791+00:00,201,4138.60,
2026-09-11T20:21:18.106075+00:00,201,4137.91,
2026-09-11T20:21:18.115106+00:00,201,4134.84,
2026-09-11T20:21:18.108735+00:00,201,4146.25,
2026-09-11T20:21:18.115106+00:00,201,4138.26,
2026-09-11T20:21:18.126738+00:00,201,4142.40,
2026-09-11T20:21:18.148575+00:00,201,4145.01,
2026-09-11T20:21:18.154942+00:00,201,4142.61,
2026-09-11T20:21:18.145930+00:00,201,4155.92,
2026-09-11T20:21:18.166691+00:00,201,4139.97,
2026-09-11T20:21:18.169810+00:00,201,4146.27,
2026-09-11T20:21:18.176506+00:00,201,4149.64,
2026-09-11T20:21:18.185667+00:00,201,4148.63,
2026-09-11T20:21:18.169810+00:00,201,4166.95,
2026-09-11T20:21:18.199936+00:00,201,4150.84,
2026-09-11T20:21:18.195147+00:00,201,4157.56,
2026-09-11T20:21:18.209937+00:00,201,4149.73,
2026-09-11T20:21:18.201944+00:00,201,4159.81,
2026-09-11T20:21:18.212451+00:00,201,4154.89,
2026-09-11T20:21:18.216467+00:00,201,4157.93,
2026-09-11T20:21:18.226360+00:00,201,4160.25,
2026-09-11T20:21:18.243255+00:00,201,4160.03,
2026-09-11T20:21:18.248913+00:00,201,4162.29,
2026-09-11T20:21:18.239459+00:00,201,4170.77,
2026-09-11T20:21:18.260412+00:00,201,4158.64,
2026-09-11T20:21:18.262417+00:00,201,4164.22,
2026-09-11T20:21:18.262417+00:00,201,4174.03,
2026-09-11T20:21:18.276863+00:00,201,4166.54,
2026-09-11T20:21:18.295725+00:00,201,4173.73,
2026-09-11T20:21:18.311067+00:00,201,4166.51,
2026-09-11T20:21:18.305014+00:00,201,4175.50,
2026-09-11T20:21:18.295725+00:00,201,4187.16,
2026-09-11T20:21:18.337123+00:00,201,4172.42,
2026-09-11T20:21:18.341229+00:00,201,4172.69,
2026-09-11T20:21:18.332792+00:00,201,4185.65,
2026-09-11T20:21:18.345246+00:00,201,4175.99,
2026-09-11T20:21:18.353819+00:00,201,4173.24,
2026-09-11T20:21:18.359611+00:00,201,4175.77,
2026-09-11T20:21:18.361792+00:00,201,4181.21,
2026-09-11T20:21:18.356932+00:00,201,4196.99,
2026-09-11T20:21:18.385267+00:00,201,4192.37,
2026-09-11T20:21:18.390301+00:00,201,4192.13,
2026-09-11T20:21:18.388292+00:00,201,4199.52,
2026-09-11T20:21:18.405575+00:00,201,4184.62,
2026-09-11T20:21:18.401128+00:00,201,4193.63,
2026-09-11T20:21:18.399119+00:00,201,4200.69,
2026-09-11T20:21:18.416285+00:00,201,4199.53,
2026-09-11T20:21:18.416285+00:00,201,4199.76,
2026-09-11T20:21:18.426564+00:00,201,4206.44,
2026-09-11T20:21:18.428107+00:00,201,4206.72,
2026-09-11T20:21:18.428107+00:00,201,4212.74,
2026-09-11T20:21:18.449392+00:00,201,4207.36,
2026-09-11T20:21:18.449392+00:00,201,4215.72,
2026-09-11T20:21:18.459691+00:00,201,4227.39,
2026-09-11T20:21:18.449392+00:00,201,4241.66,
2026-09-11T20:21:18.459691+00:00,201,4221.46,
2026-09-11T20:21:18.459691+00:00,201,4227.65,
2026-09-11T20:21:18.494189+00:00,201,4222.25,
2026-09-11T20:21:18.496193+00:00,201,4223.14,
2026-09-11T20:21:18.490985+00:00,201,4242.00,
2026-09-11T20:21:18.510409+00:00,201,4230.43,
2026-09-11T20:21:18.516916+00:00,201,4239.83,
2026-09-11T20:21:18.511927+00:00,201,4248.41,
2026-09-11T20:21:18.555505+00:00,201,4230.24,
2026-09-11T20:21:18.544043+00:00,201,4236.57,
2026-09-11T20:21:18.544043+00:00,201,4244.23,
2026-09-11T20:21:18.560530+00:00,201,4238.98,
2026-09-11T20:21:18.570768+00:00,201,4237.91,
2026-09-11T20:21:18.564544+00:00,201,4247.92,
2026-09-11T20:21:18.566550+00:00,201,4250.54,
2026-09-11T20:21:18.586723+00:00,201,4247.77,
2026-09-11T20:21:18.586723+00:00,201,4248.18,
2026-09-11T20:21:18.581367+00:00,201,4266.60,
2026-09-11T20:21:18.597769+00:00,201,4261.33,
2026-09-11T20:21:18.602488+00:00,201,4267.68,
2026-09-11T20:21:18.607452+00:00,201,4272.53,
2026-09-11T20:21:18.623350+00:00,201,4257.95,
2026-09-11T20:21:18.639649+00:00,201,4254.70,
2026-09-11T20:21:18.629323+00:00,201,4267.74,
2026-09-11T20:21:18.643299+00:00,201,4264.35,
2026-09-11T20:21:18.636636+00:00,201,4273.77,
2026-09-11T20:21:18.653891+00:00,201,4268.22,
2026-09-11T20:21:18.665601+00:00,201,4273.95,
2026-09-11T20:21:18.675783+00:00,201,4270.60,
2026-09-11T20:21:18.673748+00:00,201,4278.57,
2026-09-11T20:21:18.687086+00:00,201,4269.11,
2026-09-11T20:21:18.707542+00:00,201,4273.61,
2026-09-11T20:21:18.713453+00:00,201,4271.69,
2026-09-11T20:21:18.701764+00:00,201,4284.92,
2026-09-11T20:21:18.717013+00:00,201,4279.54,
2026-09-11T20:21:18.719629+00:00,201,4285.05,
2026-09-11T20:21:18.721635+00:00,201,4288.12,
2026-09-11T20:21:18.737142+00:00,201,4288.52,
2026-09-11T20:21:18.736158+00:00,201,4294.85,
2026-09-11T20:21:18.748794+00:00,201,4292.75,
2026-09-11T20:21:18.731011+00:00,201,4314.17,
2026-09-11T20:21:18.748794+00:00,201,4298.09,
2026-09-11T20:21:18.776439+00:00,201,4294.18,
2026-09-11T20:21:18.766120+00:00,201,4302.22,
2026-09-11T20:21:18.766120+00:00,201,4312.11,
2026-09-11T20:21:18.793160+00:00,201,4304.33,
2026-09-11T20:21:18.793160+00:00,201,4305.05,
2026-09-11T20:21:18.808110+00:00,201,4303.73,
2026-09-11T20:21:18.810119+00:00,201,4305.50,
2026-09-11T20:21:18.793160+00:00,201,4321.74,
2026-09-11T20:21:18.815560+00:00,201,4314.86,
2026-09-11T20:21:18.819575+00:00,201,4314.78,
2026-09-11T20:21:18.846493+00:00,201,4302.50,
2026-09-11T20:21:18.841572+00:00,201,4314.37,
2026-09-11T20:21:18.855256+00:00,201,4307.35,
2026-09-11T20:21:18.855256+00:00,201,4312.76,
2026-09-11T20:21:18.867184+00:00,201,4307.58,
2026-09-11T20:21:18.889792+00:00,201,4324.00,
2026-09-11T20:21:18.889792+00:00,201,4325.57,
2026-09-11T20:21:18.887217+00:00,201,4337.27,
2026-09-11T20:21:18.902496+00:00,201,4322.51,
2026-09-11T20:21:18.907253+00:00,201,4326.64,
2026-09-11T20:21:18.909259+00:00,201,4327.33,
2026-09-11T20:21:18.916105+00:00,201,4324.55,
2026-09-11T20:21:18.918128+00:00,201,4343.51,
2026-09-11T20:21:18.936168+00:00,201,4328.53,
2026-09-11T20:21:18.927099+00:00,201,4337.89,
2026-09-11T20:21:18.936168+00:00,201,4331.55,
2026-09-11T20:21:18.950037+00:00,201,4331.72,
2026-09-11T20:21:18.960393+00:00,201,4337.80,
2026-09-11T20:21:18.967903+00:00,201,4334.96,
2026-09-11T20:21:18.956810+00:00,201,4348.10,
2026-09-11T20:21:18.950037+00:00,201,4357.97,
2026-09-11T20:21:18.971287+00:00,201,4339.68,
2026-09-11T20:21:18.971287+00:00,201,4346.01,
2026-09-11T20:21:18.981888+00:00,201,4351.06,
2026-09-11T20:21:18.989950+00:00,201,4347.11,
2026-09-11T20:21:18.989950+00:00,201,4350.43,
2026-09-11T20:21:19.015949+00:00,201,4362.33,
2026-09-11T20:21:19.025883+00:00,201,4363.12,
2026-09-11T20:21:19.031091+00:00,201,4364.55,
2026-09-11T20:21:19.015949+00:00,201,4378.44,
2026-09-11T20:21:19.038632+00:00,201,4366.36,
2026-09-11T20:21:19.036615+00:00,201,4371.96,
2026-09-11T20:21:19.060551+00:00,201,4368.72,
2026-09-11T20:21:19.067070+00:00,201,4364.74,
2026-09-11T20:21:19.070072+00:00,201,4365.49,
2026-09-11T20:21:19.074091+00:00,201,4365.08,
2026-09-11T20:21:19.076416+00:00,201,4365.35,
2026-09-11T20:21:19.078422+00:00,201,4374.37,
2026-09-11T20:21:19.098222+00:00,201,4377.17,
2026-09-11T20:21:19.103898+00:00,201,4375.03,
2026-09-11T20:21:19.101884+00:00,201,4380.86,
2026-09-11T20:21:19.095611+00:00,201,4392.94,
2026-09-11T20:21:19.105904+00:00,201,4377.12,
2026-09-11T20:21:19.135888+00:00,201,4368.58,
2026-09-11T20:21:19.126278+00:00,201,4377.03,
2026-09-11T20:21:19.145990+00:00,201,4375.87,
2026-09-11T20:21:19.147995+00:00,201,4376.65,
2026-09-11T20:21:19.151008+00:00,201,4376.69,
2026-09-11T20:21:19.157639+00:00,201,4382.57,
2026-09-11T20:21:19.155629+00:00,201,4390.63,
2026-09-11T20:21:19.172551+00:00,201,4383.54,
2026-09-11T20:21:19.174558+00:00,201,4379.57,
2026-09-11T20:21:19.187256+00:00,201,4387.51,
2026-09-11T20:21:19.183072+00:00,201,4395.26,
2026-09-11T20:21:19.196598+00:00,201,4394.71,
2026-09-11T20:21:19.219621+00:00,201,4389.42,
2026-09-11T20:21:19.219621+00:00,201,4389.99,
2026-09-11T20:21:19.215553+00:00,201,4399.21,
2026-09-11T20:21:19.230722+00:00,201,4387.99,
2026-09-11T20:21:19.233516+00:00,201,4390.97,
2026-09-11T20:21:19.235521+00:00,201,4398.27,
2026-09-11T20:21:19.241284+00:00,201,4402.57,
2026-09-11T20:21:19.267841+00:00,201,4401.43,
2026-09-11T20:21:19.264223+00:00,201,4407.30,
2026-09-11T20:21:19.273862+00:00,201,4405.39,
2026-09-11T20:21:19.277876+00:00,201,4399.72,
2026-09-11T20:21:19.262215+00:00,201,4425.65,
2026-09-11T20:21:19.303776+00:00,201,4404.32,
2026-09-11T20:21:19.312827+00:00,201,4405.56,
2026-09-11T20:21:19.306802+00:00,201,4416.20,
2026-09-11T20:21:19.299760+00:00,201,4430.63,
2026-09-11T20:21:19.320084+00:00,201,4413.71,
2026-09-11T20:21:19.329631+00:00,201,4407.79,
2026-09-11T20:21:19.331330+00:00,201,4421.13,
2026-09-11T20:21:19.341770+00:00,201,4412.83,
2026-09-11T20:21:19.349392+00:00,201,4422.12,
2026-09-11T20:21:19.352543+00:00,201,4421.97,
2026-09-11T20:21:19.316346+00:00,201,4464.06,
2026-09-11T20:21:19.366449+00:00,201,4420.96,
2026-09-11T20:21:19.362435+00:00,201,4429.93,
2026-09-11T20:21:19.357571+00:00,201,4438.89,
2026-09-11T20:21:19.402605+00:00,201,4419.81,
2026-09-11T20:21:19.403620+00:00,201,4422.24,
2026-09-11T20:21:19.399592+00:00,201,4438.67,
2026-09-11T20:21:19.417210+00:00,201,4427.56,
2026-09-11T20:21:19.417210+00:00,201,4441.76,
2026-09-11T20:21:19.434966+00:00,201,4429.90,
2026-09-11T20:21:19.445102+00:00,201,4436.44,
2026-09-11T20:21:19.454000+00:00,201,4442.81,
2026-09-11T20:21:19.466809+00:00,201,4436.50,
2026-09-11T20:21:19.454000+00:00,201,4445.39,
2026-09-11T20:21:19.454000+00:00,201,4456.73,
2026-09-11T20:21:19.454000+00:00,201,4449.96,
2026-09-11T20:21:19.472230+00:00,201,4447.05,
2026-09-11T20:21:19.476243+00:00,201,4449.77,
2026-09-11T20:21:19.498317+00:00,201,4448.83,
2026-09-11T20:21:19.502199+00:00,201,4457.14,
2026-09-11T20:21:19.498317+00:00,201,4466.16,
2026-09-11T20:21:19.502199+00:00,201,4460.26,
2026-09-11T20:21:19.502199+00:00,201,4463.01,
2026-09-11T20:21:19.520741+00:00,201,4460.33,
2026-09-11T20:21:19.542452+00:00,201,4458.15,
2026-09-11T20:21:19.545862+00:00,201,4458.43,
2026-09-11T20:21:19.533433+00:00,201,4467.83,
2026-09-11T20:21:19.545862+00:00,201,4463.31,
2026-09-11T20:21:19.564134+00:00,201,4458.46,
2026-09-11T20:21:19.545862+00:00,201,4465.79,
2026-09-11T20:21:19.566140+00:00,201,4467.80,
2026-09-11T20:21:19.562127+00:00,201,4478.08,
2026-09-11T20:21:19.579829+00:00,201,4475.96,
2026-09-11T20:21:19.583762+00:00,201,4477.10,
2026-09-11T20:21:19.586762+00:00,201,4480.10,
2026-09-11T20:21:19.603244+00:00,201,4473.64,
2026-09-11T20:21:19.600344+00:00,201,4484.79,
2026-09-11T20:21:19.621752+00:00,201,4482.98,
2026-09-11T20:21:19.636873+00:00,201,4480.76,
2026-09-11T20:21:19.636873+00:00,201,4482.27,
2026-09-11T20:21:19.621752+00:00,201,4493.17,
2026-09-11T20:21:19.621752+00:00,201,4509.35,
2026-09-11T20:21:19.640973+00:00,201,4492.64,
2026-09-11T20:21:19.640973+00:00,201,4489.52,
2026-09-11T20:21:19.640973+00:00,201,4495.57,
2026-09-11T20:21:19.652859+00:00,201,4507.15,
2026-09-11T20:21:19.675881+00:00,201,4498.80,
2026-09-11T20:21:19.684349+00:00,201,4498.57,
2026-09-11T20:21:19.686135+00:00,201,4504.99,
2026-09-11T20:21:19.687656+00:00,201,4505.31,
2026-09-11T20:21:19.687656+00:00,201,4515.21,
2026-09-11T20:21:19.696845+00:00,201,4508.82,
2026-09-11T20:21:19.700433+00:00,201,4506.92,
2026-09-11T20:21:19.719393+00:00,201,4515.21,
2026-09-11T20:21:19.717378+00:00,201,4521.25,
2026-09-11T20:21:19.738370+00:00,201,4512.05,
2026-09-11T20:21:19.738370+00:00,201,4517.68,
2026-09-11T20:21:19.738370+00:00,201,4518.35,
2026-09-11T20:21:19.748346+00:00,201,4516.94,
2026-09-11T20:21:19.748346+00:00,201,4522.42,
2026-09-11T20:21:19.765371+00:00,201,4519.39,
2026-09-11T20:21:19.767385+00:00,201,4516.71,
2026-09-11T20:21:19.779957+00:00,201,4522.76,
2026-09-11T20:21:19.787622+00:00,201,4521.76,
2026-09-11T20:21:19.779957+00:00,201,4534.12,
2026-09-11T20:21:19.791649+00:00,201,4527.04,
2026-09-11T20:21:19.795663+00:00,201,4528.53,
2026-09-11T20:21:19.814275+00:00,201,4538.08,
2026-09-11T20:21:19.811625+00:00,201,4544.48,
2026-09-11T20:21:19.814275+00:00,201,4542.06,
2026-09-11T20:21:19.828170+00:00,201,4539.00,
2026-09-11T20:21:19.822150+00:00,201,4545.44,
2026-09-11T20:21:19.852037+00:00,201,4548.25,
2026-09-11T20:21:19.852037+00:00,201,4548.63,
2026-09-11T20:21:19.843474+00:00,201,4560.07,
2026-09-11T20:21:19.863220+00:00,201,4548.74,
2026-09-11T20:21:19.890909+00:00,201,4554.37,
2026-09-11T20:21:19.875130+00:00,201,4562.32,
2026-09-11T20:21:19.899639+00:00,201,4553.58,
2026-09-11T20:21:19.903655+00:00,201,4553.67,
2026-09-11T20:21:19.906668+00:00,201,4563.92,
2026-09-11T20:21:19.922492+00:00,201,4553.62,
2026-09-11T20:21:19.908677+00:00,201,4575.31,
2026-09-11T20:21:19.915204+00:00,201,4574.63,
2026-09-11T20:21:19.936330+00:00,201,4556.77,
2026-09-11T20:21:19.931078+00:00,201,4567.10,
2026-09-11T20:21:19.939772+00:00,201,4568.58,
2026-09-11T20:21:19.908677+00:00,201,4607.26,
2026-09-11T20:21:19.952608+00:00,201,4567.38,
2026-09-11T20:21:19.939772+00:00,201,4582.74,
2026-09-11T20:21:19.946089+00:00,201,4587.65,
2026-09-11T20:21:19.956363+00:00,201,4582.49,
2026-09-11T20:21:19.970392+00:00,201,4594.92,
2026-09-11T20:21:19.970392+00:00,201,4613.07,
2026-09-11T20:21:20.017896+00:00,201,4605.09,
2026-09-11T20:21:20.021919+00:00,201,4620.61,
2026-09-11T20:21:20.028814+00:00,201,4621.02,
2026-09-11T20:21:20.014355+00:00,201,4637.77,
2026-09-11T20:21:20.043104+00:00,201,4615.01,
2026-09-11T20:21:20.043104+00:00,201,4620.62,
2026-09-11T20:21:20.061353+00:00,201,4624.68,
2026-09-11T20:21:20.081410+00:00,201,4624.83,
2026-09-11T20:21:20.086039+00:00,201,4624.59,
2026-09-11T20:21:20.092365+00:00,201,4622.72,
2026-09-11T20:21:20.105105+00:00,201,4624.72,
2026-09-11T20:21:20.074484+00:00,201,4653.50,
2026-09-11T20:21:20.100362+00:00,201,4636.84,
2026-09-11T20:21:20.111966+00:00,201,4633.43,
2026-09-11T20:21:20.107754+00:00,201,4643.17,
2026-09-11T20:21:20.123469+00:00,201,4638.04,
2026-09-11T20:21:20.138858+00:00,201,4640.22,
2026-09-11T20:21:20.141901+00:00,201,4638.98,
2026-09-11T20:21:20.141901+00:00,201,4639.01,
2026-09-11T20:21:20.158966+00:00,201,4634.44,
2026-09-11T20:21:20.164799+00:00,201,4639.40,
2026-09-11T20:21:20.170415+00:00,201,4640.18,
2026-09-11T20:21:20.172425+00:00,201,4641.98,
2026-09-11T20:21:20.180998+00:00,201,4650.59,
2026-09-11T20:21:20.189886+00:00,201,4647.18,
2026-09-11T20:21:20.183005+00:00,201,4655.28,
2026-09-11T20:21:20.191892+00:00,201,4651.60,
2026-09-11T20:21:20.214768+00:00,201,4656.11,
2026-09-11T20:21:20.218890+00:00,201,4652.99,
2026-09-11T20:21:20.218338+00:00,201,4661.79,
2026-09-11T20:21:20.202639+00:00,201,4671.46,
2026-09-11T20:21:20.223423+00:00,201,4659.28,
2026-09-11T20:21:20.252573+00:00,201,4664.50,
2026-09-11T20:21:20.248578+00:00,201,4675.36,
2026-09-11T20:21:20.256585+00:00,201,4674.21,
2026-09-11T20:21:20.233962+00:00,201,4688.51,
2026-09-11T20:21:20.267833+00:00,201,4672.04,
2026-09-11T20:21:20.267833+00:00,201,4678.38,
2026-09-11T20:21:20.267833+00:00,201,4689.78,
2026-09-11T20:21:20.267833+00:00,201,4681.22,
2026-09-11T20:21:20.283923+00:00,201,4686.54,
2026-09-11T20:21:20.291923+00:00,201,4681.57,
2026-09-11T20:21:20.297992+00:00,201,4689.16,
2026-09-11T20:21:20.308463+00:00,201,4684.80,
2026-09-11T20:21:20.304947+00:00,201,4693.14,
2026-09-11T20:21:20.313677+00:00,201,4692.85,
2026-09-11T20:21:20.330131+00:00,201,4690.91,
2026-09-11T20:21:20.330131+00:00,201,4707.41,
2026-09-11T20:21:20.348724+00:00,201,4699.16,
2026-09-11T20:21:20.359819+00:00,201,4698.84,
2026-09-11T20:21:20.359819+00:00,201,4695.44,
2026-09-11T20:21:20.359819+00:00,201,4708.79,
2026-09-11T20:21:20.359819+00:00,201,4700.27,
2026-09-11T20:21:20.377929+00:00,201,4699.27,
2026-09-11T20:21:20.407412+00:00,201,4702.93,
2026-09-11T20:21:20.409418+00:00,201,4703.88,
2026-09-11T20:21:20.415468+00:00,201,4706.98,
2026-09-11T20:21:20.415468+00:00,201,4715.36,
2026-09-11T20:21:20.402890+00:00,201,4729.14,
2026-09-11T20:21:20.424014+00:00,201,4716.57,
2026-09-11T20:21:20.428831+00:00,201,4715.24,
2026-09-11T20:21:20.430840+00:00,201,4715.61,
2026-09-11T20:21:20.434255+00:00,201,4718.50,
2026-09-11T20:21:20.443305+00:00,201,4724.41,
2026-09-11T20:21:20.470629+00:00,201,4716.69,
2026-09-11T20:21:20.470629+00:00,201,4723.88,
2026-09-11T20:21:20.484804+00:00,201,4723.52,
2026-09-11T20:21:20.470629+00:00,201,4740.76,
2026-09-11T20:21:20.488993+00:00,201,4721.73,
2026-09-11T20:21:20.488993+00:00,201,4723.66,
2026-09-11T20:21:20.498039+00:00,201,4733.20,
2026-09-11T20:21:20.507114+00:00,201,4731.72,
2026-09-11T20:21:20.518185+00:00,201,4731.15,
2026-09-11T20:21:20.518185+00:00,201,4738.06,
2026-09-11T20:21:20.524581+00:00,201,4744.09,
2026-09-11T20:21:20.524581+00:00,201,4744.39,
2026-09-11T20:21:20.558993+00:00,201,4734.08,
2026-09-11T20:21:20.554635+00:00,201,4743.11,
2026-09-11T20:21:20.550026+00:00,201,4754.25,
2026-09-11T20:21:20.567856+00:00,201,4739.61,
2026-09-11T20:21:20.567856+00:00,201,4749.98,
2026-09-11T20:21:20.565849+00:00,201,4755.04,
2026-09-11T20:21:20.597831+00:00,201,4739.97,
2026-09-11T20:21:20.593296+00:00,201,4760.43,
2026-09-11T20:21:20.612401+00:00,201,4747.27,
2026-09-11T20:21:20.606381+00:00,201,4756.47,
2026-09-11T20:21:20.608387+00:00,201,4760.45,
2026-09-11T20:21:20.622966+00:00,201,4755.36,
2026-09-11T20:21:20.629894+00:00,201,4750.83,
2026-09-11T20:21:20.656860+00:00,201,4765.20,
2026-09-11T20:21:20.656860+00:00,201,4767.33,
2026-09-11T20:21:20.656860+00:00,201,4760.73,
2026-09-11T20:21:20.656860+00:00,201,4769.95,
2026-09-11T20:21:20.654463+00:00,201,4784.04,
2026-09-11T20:21:20.674409+00:00,201,4766.76,
2026-09-11T20:21:20.656860+00:00,201,4778.73,
2026-09-11T20:21:20.674409+00:00,201,4821.17,
2026-09-11T20:21:20.725546+00:00,201,4789.55,
2026-09-11T20:21:20.735292+00:00,201,4785.80,
2026-09-11T20:21:20.735292+00:00,201,4782.27,
2026-09-11T20:21:20.735292+00:00,201,4803.96,
2026-09-11T20:21:20.767331+00:00,201,4791.17,
2026-09-11T20:21:20.753836+00:00,201,4803.55,
2026-09-11T20:21:20.753836+00:00,201,4812.19,
2026-09-11T20:21:20.725546+00:00,201,4846.91,
2026-09-11T20:21:20.744303+00:00,201,4840.66,
2026-09-11T20:21:20.785325+00:00,201,4805.76,
2026-09-11T20:21:20.803889+00:00,201,4801.20,
2026-09-11T20:21:20.753836+00:00,201,4846.62,
2026-09-11T20:21:20.803889+00:00,201,4805.78,
2026-09-11T20:21:20.735292+00:00,201,4889.77,
2026-09-11T20:21:20.822307+00:00,201,4807.01,
2026-09-11T20:21:20.788848+00:00,201,4850.18,
2026-09-11T20:21:20.831898+00:00,201,4817.95,
2026-09-11T20:21:20.841296+00:00,201,4817.97,
2026-09-11T20:21:20.851260+00:00,201,4817.68,
2026-09-11T20:21:20.831898+00:00,201,4838.66,
2026-09-11T20:21:20.863328+00:00,201,4814.10,
2026-09-11T20:21:20.863328+00:00,201,4815.33,
2026-09-11T20:21:20.803889+00:00,201,4898.12,
2026-09-11T20:21:20.792557+00:00,201,4917.13,
2026-09-11T20:21:20.822307+00:00,201,4892.50,
2026-09-11T20:21:20.879286+00:00,201,4840.64,
2026-09-11T20:21:20.895010+00:00,201,4828.48,
2026-09-11T20:21:20.744303+00:00,201,4982.39,
2026-09-11T20:21:20.767331+00:00,201,4952.19,
2026-09-11T20:21:20.882402+00:00,201,4856.63,
2026-09-11T20:21:20.882402+00:00,201,4865.14,
2026-09-11T20:21:20.902299+00:00,201,4849.85,
2026-09-11T20:21:20.915778+00:00,201,4843.57,
2026-09-11T20:21:20.928144+00:00,201,4848.22,
2026-09-11T20:21:20.957802+00:00,201,4861.54,
2026-09-11T20:21:20.978247+00:00,201,4852.17,
2026-09-11T20:21:20.978247+00:00,201,4862.68,
2026-09-11T20:21:20.988882+00:00,201,4862.52,
2026-09-11T20:21:20.988882+00:00,201,4870.08,
2026-09-11T20:21:21.019987+00:00,201,4867.39,
2026-09-11T20:21:21.027962+00:00,201,4863.33,
2026-09-11T20:21:21.021571+00:00,201,4872.51,
2026-09-11T20:21:21.015973+00:00,201,4886.65,
2026-09-11T20:21:21.037894+00:00,201,4871.59,
2026-09-11T20:21:21.051377+00:00,201,4865.37,
2026-09-11T20:21:21.052884+00:00,201,4877.26,
2026-09-11T20:21:21.057379+00:00,201,4889.40,
2026-09-11T20:21:21.047363+00:00,201,4903.16,
2026-09-11T20:21:21.089168+00:00,201,4888.15,
2026-09-11T20:21:21.092504+00:00,201,4893.35,
2026-09-11T20:21:21.084147+00:00,201,4908.49,
2026-09-11T20:21:21.103236+00:00,201,4907.09,
2026-09-11T20:21:21.116157+00:00,201,4905.00,
2026-09-11T20:21:21.116157+00:00,201,4914.37,
2026-09-11T20:21:21.131984+00:00,201,4891.95,
2026-09-11T20:21:21.148539+00:00,201,4900.53,
2026-09-11T20:21:21.148539+00:00,201,4908.91,
2026-09-11T20:21:21.148539+00:00,201,4906.09,
2026-09-11T20:21:21.164022+00:00,201,4903.62,
2026-09-11T20:21:21.168762+00:00,201,4904.94,
2026-09-11T20:21:21.190090+00:00,201,4901.32,
2026-09-11T20:21:21.190090+00:00,201,4911.06,
2026-09-11T20:21:21.190090+00:00,201,4917.56,
2026-09-11T20:21:21.190090+00:00,201,4915.71,
2026-09-11T20:21:21.221450+00:00,201,4914.89,
2026-09-11T20:21:21.228528+00:00,201,4909.57,
2026-09-11T20:21:21.237957+00:00,201,4907.22,
2026-09-11T20:21:21.237957+00:00,201,4914.24,
2026-09-11T20:21:21.237957+00:00,201,4910.48,
2026-09-11T20:21:21.228528+00:00,201,4925.59,
2026-09-11T20:21:21.268837+00:00,201,4933.76,
2026-09-11T20:21:21.268837+00:00,201,4928.58,
2026-09-11T20:21:21.284648+00:00,201,4928.36,
2026-09-11T20:21:21.289249+00:00,201,4936.91,
2026-09-11T20:21:21.289249+00:00,201,4936.96,
2026-09-11T20:21:21.316295+00:00,201,4942.57,
2026-09-11T20:21:21.316295+00:00,201,4941.25,
2026-09-11T20:21:21.316295+00:00,201,4942.62,
2026-09-11T20:21:21.329043+00:00,201,4943.11,
2026-09-11T20:21:21.347837+00:00,201,4942.25,
2026-09-11T20:21:21.347837+00:00,201,4938.64,
2026-09-11T20:21:21.347837+00:00,201,4945.92,
2026-09-11T20:21:21.345284+00:00,201,4959.70,
2026-09-11T20:21:21.365817+00:00,201,4940.15,
2026-09-11T20:21:21.347837+00:00,201,4951.63,
2026-09-11T20:21:21.395656+00:00,201,4949.51,
2026-09-11T20:21:21.395656+00:00,201,4972.76,
2026-09-11T20:21:21.404763+00:00,201,4966.10,
2026-09-11T20:21:21.404763+00:00,201,4965.68,
2026-09-11T20:21:21.422776+00:00,201,4960.89,
2026-09-11T20:21:21.428113+00:00,201,4963.14,
2026-09-11T20:21:21.422776+00:00,201,4977.59,
2026-09-11T20:21:21.442992+00:00,201,4964.57,
2026-09-11T20:21:21.462321+00:00,201,4966.38,
2026-09-11T20:21:21.462321+00:00,201,4965.95,
2026-09-11T20:21:21.483775+00:00,201,4957.43,
2026-09-11T20:21:21.474778+00:00,201,4968.86,
2026-09-11T20:21:21.474778+00:00,201,4969.65,
2026-09-11T20:21:21.462321+00:00,201,4989.73,
2026-09-11T20:21:21.490797+00:00,201,4965.18,
2026-09-11T20:21:21.493324+00:00,201,4962.52,
2026-09-11T20:21:21.483775+00:00,201,4976.28,
2026-09-11T20:21:21.493324+00:00,201,4971.23,
2026-09-11T20:21:21.502437+00:00,201,4971.91,
2026-09-11T20:21:21.522894+00:00,201,4977.11,
2026-09-11T20:21:21.522894+00:00,201,4984.69,
2026-09-11T20:21:21.539034+00:00,201,4969.83,
2026-09-11T20:21:21.529933+00:00,201,4981.15,
2026-09-11T20:21:21.537278+00:00,201,4979.62,
2026-09-11T20:21:21.542958+00:00,201,4985.01,
2026-09-11T20:21:21.558412+00:00,201,4969.47,
2026-09-11T20:21:21.558412+00:00,201,4977.91,
2026-09-11T20:21:21.570749+00:00,201,4970.28,
2026-09-11T20:21:21.558412+00:00,201,4978.73,
2026-09-11T20:21:21.570749+00:00,201,4980.26,
2026-09-11T20:21:21.574771+00:00,201,4979.25,
2026-09-11T20:21:21.589328+00:00,201,4981.36,
2026-09-11T20:21:21.593370+00:00,201,4975.86,
2026-09-11T20:21:21.590344+00:00,201,4991.47,
2026-09-11T20:21:21.574771+00:00,201,5008.63,
2026-09-11T20:21:21.593370+00:00,201,4995.03,
2026-09-11T20:21:21.612155+00:00,201,4983.44,
2026-09-11T20:21:21.630786+00:00,201,4977.87,
2026-09-11T20:21:21.612155+00:00,201,5001.30,
2026-09-11T20:21:21.637323+00:00,201,4983.59,
2026-09-11T20:21:21.653343+00:00,201,4980.16,
2026-09-11T20:21:21.650843+00:00,201,4988.01,
2026-09-11T20:21:21.637323+00:00,201,4998.26,
2026-09-11T20:21:21.637323+00:00,201,5007.77,
2026-09-11T20:21:21.653343+00:00,201,4993.07,
2026-09-11T20:21:21.669661+00:00,201,4980.82,
2026-09-11T20:21:21.666777+00:00,201,4994.44,
2026-09-11T20:21:21.663760+00:00,201,5002.01,
2026-09-11T20:21:21.669661+00:00,201,5004.01,
2026-09-11T20:21:21.689277+00:00,201,4989.94,
2026-09-11T20:21:21.682782+00:00,201,4999.82,
2026-09-11T20:21:21.689277+00:00,201,4995.09,
2026-09-11T20:21:21.702286+00:00,201,4996.73,
2026-09-11T20:21:21.708906+00:00,201,4996.10,
2026-09-11T20:21:21.712415+00:00,201,5006.06,
2026-09-11T20:21:21.718610+00:00,201,5007.18,
2026-09-11T20:21:21.718610+00:00,201,5005.11,
2026-09-11T20:21:21.718610+00:00,201,5013.01,
2026-09-11T20:21:21.699144+00:00,201,5038.85,
2026-09-11T20:21:21.746126+00:00,201,5014.10,
2026-09-11T20:21:21.761267+00:00,201,5014.76,
2026-09-11T20:21:21.761267+00:00,201,5016.78,
2026-09-11T20:21:21.746126+00:00,201,5035.26,
2026-09-11T20:21:21.789125+00:00,201,5021.72,
2026-09-11T20:21:21.777075+00:00,201,5028.07,
2026-09-11T20:21:21.798253+00:00,201,5017.67,
2026-09-11T20:21:21.798253+00:00,201,5029.16,
2026-09-11T20:21:21.808977+00:00,201,5034.86,
2026-09-11T20:21:21.808977+00:00,201,5039.76,
2026-09-11T20:21:21.827691+00:00,201,5029.95,
2026-09-11T20:21:21.840751+00:00,201,5046.02,
2026-09-11T20:21:21.840751+00:00,201,5045.20,
2026-09-11T20:21:21.840751+00:00,201,5051.56,
2026-09-11T20:21:21.840751+00:00,201,5061.78,
2026-09-11T20:21:21.876866+00:00,201,5062.56,
2026-09-11T20:21:21.876866+00:00,201,5062.80,
2026-09-11T20:21:21.896518+00:00,201,5057.00,
2026-09-11T20:21:21.889169+00:00,201,5064.52,
2026-09-11T20:21:21.920051+00:00,201,5057.21,
2026-09-11T20:21:21.926564+00:00,201,5056.02,
2026-09-11T20:21:21.916019+00:00,201,5069.56,
2026-09-11T20:21:21.936978+00:00,201,5063.15,
2026-09-11T20:21:21.936978+00:00,201,5069.01,
2026-09-11T20:21:21.935617+00:00,201,5080.62,
2026-09-11T20:21:21.936978+00:00,201,5074.63,
2026-09-11T20:21:21.948264+00:00,201,5075.99,
2026-09-11T20:21:21.968309+00:00,201,5081.50,
2026-09-11T20:21:21.968309+00:00,201,5082.93,
2026-09-11T20:21:21.984313+00:00,201,5081.05,
2026-09-11T20:21:21.968309+00:00,201,5104.17,
2026-09-11T20:21:21.968309+00:00,201,5097.90,
2026-09-11T20:21:21.995626+00:00,201,5090.94,
2026-09-11T20:21:21.995626+00:00,201,5102.75,
2026-09-11T20:21:22.004770+00:00,201,5096.59,
2026-09-11T20:21:22.004770+00:00,201,5098.06,
2026-09-11T20:21:22.004770+00:00,201,5099.56,
2026-09-11T20:21:22.031787+00:00,201,5090.66,
2026-09-11T20:21:22.041740+00:00,201,5098.74,
2026-09-11T20:21:22.041740+00:00,201,5099.72,
2026-09-11T20:21:22.047253+00:00,201,5099.86,
2026-09-11T20:21:22.052149+00:00,201,5099.90,
2026-09-11T20:21:22.031787+00:00,201,5126.98,
2026-09-11T20:21:22.052149+00:00,201,5112.26,
2026-09-11T20:21:22.062661+00:00,201,5123.98,
2026-09-11T20:21:22.099910+00:00,201,5120.29,
2026-09-11T20:21:22.099910+00:00,201,5121.55,
2026-09-11T20:21:22.094328+00:00,201,5133.45,
2026-09-11T20:21:22.099910+00:00,201,5128.81,
2026-09-11T20:21:22.110416+00:00,201,5125.74,
2026-09-11T20:21:22.110416+00:00,201,5131.58,
2026-09-11T20:21:22.126111+00:00,201,5135.78,
2026-09-11T20:21:22.126111+00:00,201,5143.02,
2026-09-11T20:21:22.142166+00:00,201,5133.70,
2026-09-11T20:21:22.142166+00:00,201,5136.44,
2026-09-11T20:21:22.142166+00:00,201,5139.26,
2026-09-11T20:21:22.142166+00:00,201,5137.61,
2026-09-11T20:21:22.159225+00:00,201,5138.89,
2026-09-11T20:21:22.159225+00:00,201,5155.41,
2026-09-11T20:21:22.174237+00:00,201,5154.28,
2026-09-11T20:21:22.179003+00:00,201,5152.37,
2026-09-11T20:21:22.205669+00:00,201,5147.01,
2026-09-11T20:21:22.212760+00:00,201,5149.85,
2026-09-11T20:21:22.192849+00:00,201,5162.26,
2026-09-11T20:21:22.224317+00:00,201,5145.90,
2026-09-11T20:21:22.218040+00:00,201,5154.93,
2026-09-11T20:21:22.233210+00:00,201,5158.09,
2026-09-11T20:21:22.229087+00:00,201,5166.57,
2026-09-11T20:21:22.221107+00:00,201,5177.79,
2026-09-11T20:21:22.240133+00:00,201,5162.57,
2026-09-11T20:21:22.244141+00:00,201,5165.53,
2026-09-11T20:21:22.252240+00:00,201,5169.68,
2026-09-11T20:21:22.246141+00:00,201,5187.00,
2026-09-11T20:21:22.252240+00:00,201,5181.67,
2026-09-11T20:21:22.248505+00:00,201,5188.72,
2026-09-11T20:21:22.268279+00:00,201,5175.93,
2026-09-11T20:21:22.296060+00:00,201,5170.98,
2026-09-11T20:21:22.291893+00:00,201,5181.18,
2026-09-11T20:21:22.289871+00:00,201,5188.49,
2026-09-11T20:21:22.305053+00:00,201,5177.32,
2026-09-11T20:21:22.301029+00:00,201,5188.14,
2026-09-11T20:21:22.315592+00:00,201,5190.09,
2026-09-11T20:21:22.319601+00:00,201,5191.43,
2026-09-11T20:21:22.327639+00:00,201,5186.87,
2026-09-11T20:21:22.336746+00:00,201,5182.24,
2026-09-11T20:21:22.332732+00:00,201,5190.03,
2026-09-11T20:21:22.350380+00:00,201,5182.81,
2026-09-11T20:21:22.354392+00:00,201,5191.50,
2026-09-11T20:21:22.347366+00:00,201,5201.34,
2026-09-11T20:21:22.359036+00:00,201,5196.04,
2026-09-11T20:21:22.364780+00:00,201,5193.87,
2026-09-11T20:21:22.359036+00:00,201,5203.55,
2026-09-11T20:21:22.370213+00:00,201,5198.08,
2026-09-11T20:21:22.374856+00:00,201,5203.02,
2026-09-11T20:21:22.391604+00:00,201,5194.88,
2026-09-11T20:21:22.391604+00:00,201,5198.46,
2026-09-11T20:21:22.418259+00:00,201,5197.61,
2026-09-11T20:21:22.410329+00:00,201,5212.66,
2026-09-11T20:21:22.410329+00:00,201,5216.33,
2026-09-11T20:21:22.406168+00:00,201,5232.03,
2026-09-11T20:21:22.429588+00:00,201,5213.62,
2026-09-11T20:21:22.443617+00:00,201,5206.73,
2026-09-11T20:21:22.437592+00:00,201,5218.28,
2026-09-11T20:21:22.433102+00:00,201,5226.75,
2026-09-11T20:21:22.472704+00:00,201,5218.69,
2026-09-11T20:21:22.472704+00:00,201,5227.72,
2026-09-11T20:21:22.472704+00:00,201,5224.90,
2026-09-11T20:21:22.469177+00:00,201,5239.24,
2026-09-11T20:21:22.484982+00:00,201,5228.86,
2026-09-11T20:21:22.508842+00:00,201,5230.26,
2026-09-11T20:21:22.512693+00:00,201,5230.48,
2026-09-11T20:21:22.520977+00:00,201,5225.71,
2026-09-11T20:21:22.518458+00:00,201,5233.01,
2026-09-11T20:21:22.504827+00:00,201,5249.20,
2026-09-11T20:21:22.526998+00:00,201,5235.39,
2026-09-11T20:21:22.532520+00:00,201,5235.85,
2026-09-11T20:21:22.529006+00:00,201,5250.25,
2026-09-11T20:21:22.541721+00:00,201,5241.69,
2026-09-11T20:21:22.553529+00:00,201,5252.06,
2026-09-11T20:21:22.578220+00:00,201,5234.53,
2026-09-11T20:21:22.580976+00:00,201,5233.43,
2026-09-11T20:21:22.587026+00:00,201,5243.31,
2026-09-11T20:21:22.574203+00:00,201,5261.72,
2026-09-11T20:21:22.592561+00:00,201,5248.12,
2026-09-11T20:21:22.596081+00:00,201,5247.21,
2026-09-11T20:21:22.599598+00:00,201,5250.91,
2026-09-11T20:21:22.618800+00:00,201,5251.28,
2026-09-11T20:21:22.624229+00:00,201,5253.23,
2026-09-11T20:21:22.616785+00:00,201,5275.80,
2026-09-11T20:21:22.636323+00:00,201,5260.41,
2026-09-11T20:21:22.634306+00:00,201,5266.79,
2026-09-11T20:21:22.636323+00:00,201,5266.88,
2026-09-11T20:21:22.643286+00:00,201,5267.11,
2026-09-11T20:21:22.660543+00:00,201,5258.17,
2026-09-11T20:21:22.660543+00:00,201,5272.29,
2026-09-11T20:21:22.670773+00:00,201,5273.69,
2026-09-11T20:21:22.688303+00:00,201,5268.00,
2026-09-11T20:21:22.694839+00:00,201,5275.17,
2026-09-11T20:21:22.690822+00:00,201,5283.13,
2026-09-11T20:21:22.694839+00:00,201,5279.90,
2026-09-11T20:21:22.711091+00:00,201,5270.65,
2026-09-11T20:21:22.711091+00:00,201,5279.29,
2026-09-11T20:21:22.711091+00:00,201,5294.20,
2026-09-11T20:21:22.733650+00:00,201,5286.14,
2026-09-11T20:21:22.741045+00:00,201,5287.03,
2026-09-11T20:21:22.735219+00:00,201,5300.07,
2026-09-11T20:21:22.754325+00:00,201,5294.91,
2026-09-11T20:21:22.760090+00:00,201,5295.66,
2026-09-11T20:21:22.798905+00:00,201,5299.74,
2026-09-11T20:21:22.781969+00:00,201,5317.18,
2026-09-11T20:21:22.781969+00:00,201,5329.09,
2026-09-11T20:21:22.790693+00:00,201,5322.66,
2026-09-11T20:21:22.781969+00:00,201,5335.33,
2026-09-11T20:21:22.798905+00:00,201,5329.72,
2026-09-11T20:21:22.798905+00:00,201,5339.73,
2026-09-11T20:21:22.818700+00:00,201,5354.19,
2026-09-11T20:21:22.813730+00:00,201,5369.65,
2026-09-11T20:21:22.830263+00:00,201,5358.79,
2026-09-11T20:21:22.840028+00:00,201,5368.46,
2026-09-11T20:21:22.840028+00:00,201,5376.37,
2026-09-11T20:21:22.845715+00:00,201,5369.19,
2026-09-11T20:21:22.861727+00:00,201,5373.21,
2026-09-11T20:21:22.874305+00:00,201,5387.09,
2026-09-11T20:21:22.877382+00:00,201,5381.65,
2026-09-11T20:21:22.874305+00:00,201,5397.34,
2026-09-11T20:21:22.877382+00:00,201,5396.45,
2026-09-11T20:21:22.893586+00:00,201,5394.33,
2026-09-11T20:21:22.893586+00:00,201,5400.32,
2026-09-11T20:21:22.893586+00:00,201,5399.85,
2026-09-11T20:21:22.911226+00:00,201,5403.80,
2026-09-11T20:21:22.911226+00:00,201,5410.56,
2026-09-11T20:21:22.924864+00:00,201,5402.34,
2026-09-11T20:21:22.941785+00:00,201,5403.86,
2026-09-11T20:21:22.941785+00:00,201,5404.80,
2026-09-11T20:21:22.938003+00:00,201,5421.79,
2026-09-11T20:21:22.956371+00:00,201,5406.76,
2026-09-11T20:21:22.949151+00:00,201,5415.52,
2026-09-11T20:21:22.972093+00:00,201,5412.40,
2026-09-11T20:21:22.972093+00:00,201,5411.55,
2026-09-11T20:21:22.988208+00:00,201,5415.14,
2026-09-11T20:21:23.004359+00:00,201,5404.38,
2026-09-11T20:21:22.998776+00:00,201,5429.52,
2026-09-11T20:21:22.994760+00:00,201,5437.02,
2026-09-11T20:21:22.972093+00:00,201,5458.89,
2026-09-11T20:21:23.010395+00:00,201,5430.24,
2026-09-11T20:21:23.022527+00:00,201,5420.79,
2026-09-11T20:21:23.022527+00:00,201,5423.87,
2026-09-11T20:21:23.040525+00:00,201,5419.38,
2026-09-11T20:21:23.040525+00:00,201,5424.78,
2026-09-11T20:21:23.050946+00:00,201,5433.39,
2026-09-11T20:21:23.040525+00:00,201,5448.97,
2026-09-11T20:21:23.067000+00:00,201,5436.90,
2026-09-11T20:21:23.074185+00:00,201,5435.78,
2026-09-11T20:21:23.067000+00:00,201,5446.61,
2026-09-11T20:21:23.082763+00:00,201,5441.49,
2026-09-11T20:21:23.098562+00:00,201,5432.14,
2026-09-11T20:21:23.106152+00:00,201,5433.07,
2026-09-11T20:21:23.106152+00:00,201,5433.37,
2026-09-11T20:21:23.115738+00:00,201,5442.26,
2026-09-11T20:21:23.115738+00:00,201,5453.86,
2026-09-11T20:21:23.098562+00:00,201,5474.45,
2026-09-11T20:21:23.130443+00:00,201,5446.77,
2026-09-11T20:21:23.130443+00:00,201,5450.10,
2026-09-11T20:21:23.126257+00:00,201,5459.61,
2026-09-11T20:21:23.146262+00:00,201,5459.30,
2026-09-11T20:21:23.153453+00:00,201,5460.15,
2026-09-11T20:21:23.162027+00:00,201,5461.36,
2026-09-11T20:21:23.153453+00:00,201,5474.42,
2026-09-11T20:21:23.173472+00:00,201,5460.81,
2026-09-11T20:21:23.162027+00:00,201,5470.51,
2026-09-11T20:21:23.193540+00:00,201,5476.87,
2026-09-11T20:21:23.211671+00:00,201,5480.42,
2026-09-11T20:21:23.211671+00:00,201,5480.96,
2026-09-11T20:21:23.225045+00:00,201,5477.86,
2026-09-11T20:21:23.225608+00:00,201,5484.03,
2026-09-11T20:21:23.220532+00:00,201,5496.40,
2026-09-11T20:21:23.241177+00:00,201,5482.08,
2026-09-11T20:21:23.231713+00:00,201,5491.35,
2026-09-11T20:21:23.231713+00:00,201,5495.42,
2026-09-11T20:21:23.256869+00:00,201,5484.99,
2026-09-11T20:21:23.256869+00:00,201,5493.44,
2026-09-11T20:21:23.274609+00:00,201,5479.45,
2026-09-11T20:21:23.268250+00:00,201,5491.51,
2026-09-11T20:21:23.256869+00:00,201,5510.08,
2026-09-11T20:21:23.285659+00:00,201,5491.55,
2026-09-11T20:21:23.285659+00:00,201,5493.40,
2026-09-11T20:21:23.298675+00:00,201,5490.05,
2026-09-11T20:21:23.304671+00:00,201,5497.48,
2026-09-11T20:21:23.298675+00:00,201,5505.14,
2026-09-11T20:21:23.304671+00:00,201,5502.97,
2026-09-11T20:21:23.313676+00:00,201,5499.25,
2026-09-11T20:21:23.313676+00:00,201,5515.25,
2026-09-11T20:21:23.320684+00:00,201,5513.00,
2026-09-11T20:21:23.329677+00:00,201,5509.49,
2026-09-11T20:21:23.340660+00:00,201,5507.01,
2026-09-11T20:21:23.347943+00:00,201,5504.77,
2026-09-11T20:21:23.342175+00:00,201,5529.02,
2026-09-11T20:21:23.377695+00:00,201,5522.94,
2026-09-11T20:21:23.396814+00:00,201,5519.32,
2026-09-11T20:21:23.390683+00:00,201,5532.55,
2026-09-11T20:21:23.377695+00:00,201,5543.54,
2026-09-11T20:21:23.396814+00:00,201,5529.86,
2026-09-11T20:21:23.396814+00:00,201,5530.26,
2026-09-11T20:21:23.396814+00:00,201,5530.85,
2026-09-11T20:21:23.409676+00:00,201,5533.64,
2026-09-11T20:21:23.431968+00:00,201,5527.55,
2026-09-11T20:21:23.426272+00:00,201,5538.27,
2026-09-11T20:21:23.431968+00:00,201,5538.32,
2026-09-11T20:21:23.431968+00:00,201,5536.51,
2026-09-11T20:21:23.441671+00:00,201,5545.08,
2026-09-11T20:21:23.449662+00:00,201,5539.01,
2026-09-11T20:21:23.441671+00:00,201,5553.62,
2026-09-11T20:21:23.473686+00:00,201,5535.05,
2026-09-11T20:21:23.477517+00:00,201,5542.31,
2026-09-11T20:21:23.477517+00:00,201,5542.75,
2026-09-11T20:21:23.467678+00:00,201,5557.66,
2026-09-11T20:21:23.488207+00:00,201,5548.54,
2026-09-11T20:21:23.490725+00:00,201,5548.39,
2026-09-11T20:21:23.505681+00:00,201,5553.25,
2026-09-11T20:21:23.507188+00:00,201,5557.24,
2026-09-11T20:21:23.507188+00:00,201,5564.38,
2026-09-11T20:21:23.521657+00:00,201,5560.97,
2026-09-11T20:21:23.526173+00:00,201,5563.43,
2026-09-11T20:21:23.526173+00:00,201,5566.81,
2026-09-11T20:21:23.537476+00:00,201,5558.24,
2026-09-11T20:21:23.544852+00:00,201,5562.22,
2026-09-11T20:21:23.537476+00:00,201,5576.07,
2026-09-11T20:21:23.554305+00:00,201,5572.98,
2026-09-11T20:21:23.554305+00:00,201,5580.42,
2026-09-11T20:21:23.572209+00:00,201,5580.04,
2026-09-11T20:21:23.572209+00:00,201,5588.58,
2026-09-11T20:21:23.572209+00:00,201,5594.58,
2026-09-11T20:21:23.590630+00:00,201,5586.58,
2026-09-11T20:21:23.591651+00:00,201,5590.45,
2026-09-11T20:21:23.611791+00:00,201,5581.15,
2026-09-11T20:21:23.600972+00:00,201,5588.95,
2026-09-11T20:21:23.611791+00:00,201,5585.28,
2026-09-11T20:21:23.620139+00:00,201,5589.84,
2026-09-11T20:21:23.620139+00:00,201,5588.90,
2026-09-11T20:21:23.636268+00:00,201,5603.76,
2026-09-11T20:21:23.636268+00:00,201,5601.18,
2026-09-11T20:21:23.633326+00:00,201,5617.34,
2026-09-11T20:21:23.666154+00:00,201,5599.40,
2026-09-11T20:21:23.666154+00:00,201,5610.09,
2026-09-11T20:21:23.666154+00:00,201,5605.83,
2026-09-11T20:21:23.666154+00:00,201,5621.22,
2026-09-11T20:21:23.680348+00:00,201,5616.35,
2026-09-11T20:21:23.688770+00:00,201,5617.14,
2026-09-11T20:21:23.687039+00:00,201,5623.40,
2026-09-11T20:21:23.705840+00:00,201,5624.06,
2026-09-11T20:21:23.713097+00:00,201,5619.15,
2026-09-11T20:21:23.724769+00:00,201,5620.34,
2026-09-11T20:21:23.730684+00:00,201,5619.74,
2026-09-11T20:21:23.730684+00:00,201,5627.82,
2026-09-11T20:21:23.730684+00:00,201,5631.09,
2026-09-11T20:21:23.724769+00:00,201,5648.01,
2026-09-11T20:21:23.749430+00:00,201,5628.44,
2026-09-11T20:21:23.749430+00:00,201,5645.96,
2026-09-11T20:21:23.749430+00:00,201,5660.90,
2026-09-11T20:21:23.760859+00:00,201,5645.67,
2026-09-11T20:21:23.780643+00:00,201,5644.83,
2026-09-11T20:21:23.760859+00:00,201,5653.29,
2026-09-11T20:21:23.780643+00:00,201,5651.95,
2026-09-11T20:21:23.780643+00:00,201,5651.68,
2026-09-11T20:21:23.790937+00:00,201,5651.14,
2026-09-11T20:21:23.790937+00:00,201,5661.03,
2026-09-11T20:21:23.820413+00:00,201,5650.63,
2026-09-11T20:21:23.815592+00:00,201,5673.72,
2026-09-11T20:21:23.828516+00:00,201,5669.14,
2026-09-11T20:21:23.835078+00:00,201,5666.41,
2026-09-11T20:21:23.844320+00:00,201,5664.86,
2026-09-11T20:21:23.841318+00:00,201,5679.43,
2026-09-11T20:21:23.854138+00:00,201,5675.55,
2026-09-11T20:21:23.872568+00:00,201,5673.78,
2026-09-11T20:21:23.872568+00:00,201,5679.87,
2026-09-11T20:21:23.880196+00:00,201,5677.71,
2026-09-11T20:21:23.896018+00:00,201,5670.95,
2026-09-11T20:21:23.900605+00:00,201,5683.49,
2026-09-11T20:21:23.900605+00:00,201,5690.02,
2026-09-11T20:21:23.911644+00:00,201,5682.20,
2026-09-11T20:21:23.919375+00:00,201,5684.09,
2026-09-11T20:21:23.919375+00:00,201,5684.85,
2026-09-11T20:21:23.900605+00:00,201,5706.37,
2026-09-11T20:21:23.916735+00:00,201,5711.91,
2026-09-11T20:21:23.948864+00:00,201,5686.99,
2026-09-11T20:21:23.946110+00:00,201,5696.64,
2026-09-11T20:21:23.959293+00:00,201,5696.01,
2026-09-11T20:21:23.959293+00:00,201,5696.43,
2026-09-11T20:21:23.967286+00:00,201,5698.57,
2026-09-11T20:21:23.967286+00:00,201,5703.55,
2026-09-11T20:21:23.967286+00:00,201,5712.15,
2026-09-11T20:21:23.976080+00:00,201,5708.80,
2026-09-11T20:21:23.995993+00:00,201,5698.21,
2026-09-11T20:21:24.007141+00:00,201,5703.80,
2026-09-11T20:21:23.995993+00:00,201,5712.41,
2026-09-11T20:21:23.995993+00:00,201,5721.99,
2026-09-11T20:21:24.007141+00:00,201,5708.47,
2026-09-11T20:21:24.023797+00:00,201,5708.83,
2026-09-11T20:21:24.023797+00:00,201,5710.23,
2026-09-11T20:21:24.027316+00:00,201,5712.29,
2026-09-11T20:21:24.039284+00:00,201,5712.30,
2026-09-11T20:21:24.027316+00:00,201,5727.54,
2026-09-11T20:21:24.054995+00:00,201,5716.82,
2026-09-11T20:21:24.060136+00:00,201,5716.63,
2026-09-11T20:21:24.060136+00:00,201,5720.79,
2026-09-11T20:21:24.073117+00:00,201,5731.90,
2026-09-11T20:21:24.060136+00:00,201,5749.73,
2026-09-11T20:21:24.081631+00:00,201,5735.24,
2026-09-11T20:21:24.102862+00:00,201,5727.92,
2026-09-11T20:21:24.118633+00:00,201,5729.02,
2026-09-11T20:21:24.121992+00:00,201,5730.09,
2026-09-11T20:21:24.102862+00:00,201,5748.20,
2026-09-11T20:21:24.121992+00:00,201,5746.73,
2026-09-11T20:21:24.121992+00:00,201,5745.73,
2026-09-11T20:21:24.134643+00:00,201,5747.08,
2026-09-11T20:21:24.121992+00:00,201,5762.18,
2026-09-11T20:21:24.139621+00:00,201,5753.13,
2026-09-11T20:21:24.139621+00:00,201,5759.00,
2026-09-11T20:21:24.155640+00:00,201,5755.04,
2026-09-11T20:21:24.155640+00:00,201,5762.19,
2026-09-11T20:21:24.182661+00:00,201,5747.34,
2026-09-11T20:21:24.176319+00:00,201,5759.11,
2026-09-11T20:21:24.191156+00:00,201,5751.65,
2026-09-11T20:21:24.199220+00:00,201,5752.25,
2026-09-11T20:21:24.192685+00:00,201,5767.78,
2026-09-11T20:21:24.199220+00:00,201,5759.19,
2026-09-11T20:21:24.199220+00:00,201,5766.08,
2026-09-11T20:21:24.214661+00:00,201,5764.25,
2026-09-11T20:21:24.214661+00:00,201,5776.90,
2026-09-11T20:21:24.232230+00:00,201,5765.96,
2026-09-11T20:21:24.232230+00:00,201,5766.16,
2026-09-11T20:21:24.248182+00:00,201,5759.63,
2026-09-11T20:21:24.248182+00:00,201,5780.82,
2026-09-11T20:21:24.258635+00:00,201,5772.68,
2026-09-11T20:21:24.264292+00:00,201,5772.76,
2026-09-11T20:21:24.264292+00:00,201,5791.65,
2026-09-11T20:21:24.264292+00:00,201,5799.55,
2026-09-11T20:21:24.280138+00:00,201,5786.91,
2026-09-11T20:21:24.280138+00:00,201,5795.02,
2026-09-11T20:21:24.280138+00:00,201,5797.02,
2026-09-11T20:21:24.294194+00:00,201,5787.48,
2026-09-11T20:21:24.310220+00:00,201,5792.78,
2026-09-11T20:21:24.311730+00:00,201,5806.68,
2026-09-11T20:21:24.311730+00:00,201,5808.51,
2026-09-11T20:21:24.311730+00:00,201,5818.26,
2026-09-11T20:21:24.311730+00:00,201,5814.11,
2026-09-11T20:21:24.359144+00:00,201,5811.92,
2026-09-11T20:21:24.348194+00:00,201,5825.77,
2026-09-11T20:21:24.348194+00:00,201,5828.36,
2026-09-11T20:21:24.348194+00:00,201,5838.47,
2026-09-11T20:21:24.367353+00:00,201,5830.79,
2026-09-11T20:21:24.371418+00:00,201,5835.39,
2026-09-11T20:21:24.373417+00:00,201,5836.84,
2026-09-11T20:21:24.395922+00:00,201,5837.18,
2026-09-11T20:21:24.395922+00:00,201,5836.85,
2026-09-11T20:21:24.406655+00:00,201,5839.64,
2026-09-11T20:21:24.406655+00:00,201,5846.73,
2026-09-11T20:21:24.406655+00:00,201,5853.21,
2026-09-11T20:21:24.446135+00:00,201,5845.19,
2026-09-11T20:21:24.446135+00:00,201,5853.20,
2026-09-11T20:21:24.453619+00:00,201,5851.04,
2026-09-11T20:21:24.437637+00:00,201,5866.47,
2026-09-11T20:21:24.437637+00:00,201,5877.58,
2026-09-11T20:21:24.469618+00:00,201,5852.44,
2026-09-11T20:21:24.472691+00:00,201,5859.07,
2026-09-11T20:21:24.464138+00:00,201,5871.34,
2026-09-11T20:21:24.483581+00:00,201,5865.29,
2026-09-11T20:21:24.489228+00:00,201,5862.69,
2026-09-11T20:21:24.491234+00:00,201,5862.56,
2026-09-11T20:21:24.495407+00:00,201,5878.61,
2026-09-11T20:21:24.495407+00:00,201,5877.04,
2026-09-11T20:21:24.504189+00:00,201,5873.16,
2026-09-11T20:21:24.517131+00:00,201,5879.26,
2026-09-11T20:21:24.521232+00:00,201,5879.58,
2026-09-11T20:21:24.521232+00:00,201,5888.06,
2026-09-11T20:21:24.533112+00:00,201,5899.86,
2026-09-11T20:21:24.533112+00:00,201,5901.26,
2026-09-11T20:21:24.533112+00:00,201,5905.41,
2026-09-11T20:21:24.566624+00:00,201,5896.07,
2026-09-11T20:21:24.566624+00:00,201,5898.71,
2026-09-11T20:21:24.582422+00:00,201,5898.02,
2026-09-11T20:21:24.612884+00:00,201,5893.90,
2026-09-11T20:21:24.622060+00:00,201,5897.41,
2026-09-11T20:21:24.644568+00:00,201,5906.45,
2026-09-11T20:21:24.648419+00:00,201,5907.80,
2026-09-11T20:21:24.659013+00:00,201,5906.34,
2026-09-11T20:21:24.648419+00:00,201,5920.60,
2026-09-11T20:21:24.638114+00:00,201,5930.98,
2026-09-11T20:21:24.660521+00:00,201,5921.80,
2026-09-11T20:21:24.679885+00:00,201,5916.26,
2026-09-11T20:21:24.679885+00:00,201,5932.81,
2026-09-11T20:21:24.699124+00:00,201,5914.43,
2026-09-11T20:21:24.708109+00:00,201,5919.25,
2026-09-11T20:21:24.708109+00:00,201,5920.31,
2026-09-11T20:21:24.699124+00:00,201,5939.02,
2026-09-11T20:21:24.726882+00:00,201,5928.48,
2026-09-11T20:21:24.726882+00:00,201,5932.73,
2026-09-11T20:21:24.734104+00:00,201,5935.99,
2026-09-11T20:21:24.739425+00:00,201,5929.94,
2026-09-11T20:21:24.750332+00:00,201,5928.81,
2026-09-11T20:21:24.734104+00:00,201,5944.36,
2026-09-11T20:21:24.773477+00:00,201,5924.57,
2026-09-11T20:21:24.773477+00:00,201,5933.80,
2026-09-11T20:21:24.773477+00:00,201,5942.36,
2026-09-11T20:21:24.791296+00:00,201,5929.22,
2026-09-11T20:21:24.771284+00:00,201,5955.32,
2026-09-11T20:21:24.787275+00:00,201,5941.40,
2026-09-11T20:21:24.794400+00:00,201,5945.88,
2026-09-11T20:21:24.805126+00:00,201,5933.53,
2026-09-11T20:21:24.805126+00:00,201,5946.28,
2026-09-11T20:21:24.805126+00:00,201,5944.14,
2026-09-11T20:21:24.826100+00:00,201,5953.34,
2026-09-11T20:21:24.835565+00:00,201,5945.08,
2026-09-11T20:21:24.835565+00:00,201,5951.95,
2026-09-11T20:21:24.826100+00:00,201,5960.17,
2026-09-11T20:21:24.844709+00:00,201,5951.05,
2026-09-11T20:21:24.869151+00:00,201,5947.21,
2026-09-11T20:21:24.869151+00:00,201,5947.59,
2026-09-11T20:21:24.883582+00:00,201,5953.62,
2026-09-11T20:21:24.883582+00:00,201,5953.84,
2026-09-11T20:21:24.869151+00:00,201,5964.94,
2026-09-11T20:21:24.867108+00:00,201,5981.68,
2026-09-11T20:21:24.890355+00:00,201,5964.90,
2026-09-11T20:21:24.917266+00:00,201,5951.62,
2026-09-11T20:21:24.920295+00:00,201,5950.74,
2026-09-11T20:21:24.930167+00:00,201,5950.84,
2026-09-11T20:21:24.917266+00:00,201,5973.85,
2026-09-11T20:21:24.930167+00:00,201,5962.52,
2026-09-11T20:21:24.938806+00:00,201,5959.49,
2026-09-11T20:21:24.950786+00:00,201,5966.13,
2026-09-11T20:21:24.955588+00:00,201,5971.13,
2026-09-11T20:21:24.955588+00:00,201,5971.73,
2026-09-11T20:21:24.949227+00:00,201,5986.82,
2026-09-11T20:21:24.962861+00:00,201,5968.02,
2026-09-11T20:21:24.977847+00:00,201,5981.10,
2026-09-11T20:21:24.979356+00:00,201,5977.64,
2026-09-11T20:21:24.997394+00:00,201,5975.06,
2026-09-11T20:21:24.989593+00:00,201,5986.32,
2026-09-11T20:21:24.993623+00:00,201,5987.16,
2026-09-11T20:21:25.009646+00:00,201,5986.94,
2026-09-11T20:21:25.025575+00:00,201,5989.99,
2026-09-11T20:21:25.022314+00:00,201,6000.22,
2026-09-11T20:21:25.041707+00:00,201,5996.87,
2026-09-11T20:21:25.041707+00:00,201,6012.84,
2026-09-11T20:21:25.056596+00:00,201,6020.72,
2026-09-11T20:21:25.059693+00:00,201,6017.31,
2026-09-11T20:21:25.059693+00:00,201,6018.45,
2026-09-11T20:21:25.072596+00:00,201,6018.99,
2026-09-11T20:21:25.059693+00:00,201,6037.06,
2026-09-11T20:21:25.076687+00:00,201,6032.69,
2026-09-11T20:21:25.104519+00:00,201,6024.60,
2026-09-11T20:21:25.104519+00:00,201,6037.17,
2026-09-11T20:21:25.111598+00:00,201,6031.20,
2026-09-11T20:21:25.120577+00:00,201,6047.35,
2026-09-11T20:21:25.136607+00:00,201,6037.43,
2026-09-11T20:21:25.128003+00:00,201,6052.19,
2026-09-11T20:21:25.128003+00:00,201,6053.87,
2026-09-11T20:21:25.120577+00:00,201,6069.96,
2026-09-11T20:21:25.145076+00:00,201,6053.21,
2026-09-11T20:21:25.152621+00:00,201,6054.45,
2026-09-11T20:21:25.152621+00:00,201,6054.38,
2026-09-11T20:21:25.136607+00:00,201,6073.13,
2026-09-11T20:21:25.167514+00:00,201,6052.65,
2026-09-11T20:21:25.191468+00:00,201,6057.88,
2026-09-11T20:21:25.195990+00:00,201,6058.74,
2026-09-11T20:21:25.191468+00:00,201,6070.70,
2026-09-11T20:21:25.202419+00:00,201,6060.17,
2026-09-11T20:21:25.212581+00:00,201,6060.16,
2026-09-11T20:21:25.212581+00:00,201,6064.50,
2026-09-11T20:21:25.217156+00:00,201,6066.00,
2026-09-11T20:21:25.218724+00:00,201,6072.27,
2026-09-11T20:21:25.231657+00:00,201,6071.01,
2026-09-11T20:21:25.237114+00:00,201,6068.49,
2026-09-11T20:21:25.247136+00:00,201,6087.71,
2026-09-11T20:21:25.247136+00:00,201,6100.61,
2026-09-11T20:21:25.247136+00:00,201,6099.73,
2026-09-11T20:21:25.264303+00:00,201,6082.70,
2026-09-11T20:21:25.264303+00:00,201,6091.78,
2026-09-11T20:21:25.295912+00:00,201,6084.86,
2026-09-11T20:21:25.300124+00:00,201,6085.77,
2026-09-11T20:21:25.292708+00:00,201,6099.40,
2026-09-11T20:21:25.302211+00:00,201,6164.64,
2026-09-11T20:21:25.314658+00:00,201,6168.50,
2026-09-11T20:21:25.314658+00:00,201,6169.36,
2026-09-11T20:21:25.321154+00:00,201,6171.53,
2026-09-11T20:21:25.333221+00:00,201,6168.18,
2026-09-11T20:21:25.333221+00:00,201,6184.07,
2026-09-11T20:21:25.353239+00:00,201,6176.83,
2026-09-11T20:21:25.356768+00:00,201,6183.02,
2026-09-11T20:21:25.356768+00:00,201,6207.01,
2026-09-11T20:21:25.356768+00:00,201,6207.47,
2026-09-11T20:21:25.366578+00:00,201,6226.94,
2026-09-11T20:21:25.372571+00:00,201,6238.27,
2026-09-11T20:21:25.382717+00:00,201,6242.85,
2026-09-11T20:21:25.404455+00:00,201,6245.34,
2026-09-11T20:21:25.420719+00:00,201,6233.54,
2026-09-11T20:21:25.431186+00:00,201,6243.42,
2026-09-11T20:21:25.428673+00:00,201,6252.44,
2026-09-11T20:21:25.432599+00:00,201,6252.30,
2026-09-11T20:21:25.432599+00:00,201,6267.02,
2026-09-11T20:21:25.432599+00:00,201,6269.06,
2026-09-11T20:21:25.432599+00:00,201,6286.97,
2026-09-11T20:21:25.447068+00:00,201,6291.62,
2026-09-11T20:21:25.479367+00:00,201,6292.57,
2026-09-11T20:21:25.503576+00:00,201,6301.10,
2026-09-11T20:21:25.503576+00:00,201,6307.39,
2026-09-11T20:21:25.512793+00:00,201,6302.09,
2026-09-11T20:21:25.523558+00:00,201,6325.57,
2026-09-11T20:21:25.523558+00:00,201,6329.99,
2026-09-11T20:21:25.527076+00:00,201,6346.77,
2026-09-11T20:21:25.542962+00:00,201,6337.43,
2026-09-11T20:21:25.554511+00:00,201,6377.89,
2026-09-11T20:21:25.562188+00:00,201,6379.26,
2026-09-11T20:21:25.559062+00:00,201,6389.11,
2026-09-11T20:21:25.562188+00:00,201,6387.99,
2026-09-11T20:21:25.582062+00:00,201,6383.26,
2026-09-11T20:21:25.582062+00:00,201,6384.20,
2026-09-11T20:21:25.592115+00:00,201,6388.28,
2026-09-11T20:21:25.592115+00:00,201,6417.22,
2026-09-11T20:21:25.602078+00:00,201,6415.00,
2026-09-11T20:21:25.608610+00:00,201,6419.18,
2026-09-11T20:21:25.608610+00:00,201,6445.11,
2026-09-11T20:21:25.625725+00:00,201,6434.55,
2026-09-11T20:21:25.625725+00:00,201,6439.97,
2026-09-11T20:21:25.625725+00:00,201,6483.80,
2026-09-11T20:21:25.638838+00:00,201,6481.54,
2026-09-11T20:21:25.656238+00:00,201,6476.09,
2026-09-11T20:21:25.656238+00:00,201,6508.93,
2026-09-11T20:21:25.676061+00:00,201,6504.16,
2026-09-11T20:21:25.656238+00:00,201,6527.77,
2026-09-11T20:21:25.656238+00:00,201,6551.64,
2026-09-11T20:21:25.676061+00:00,201,6546.85,
2026-09-11T20:21:25.670563+00:00,201,6570.13,
2026-09-11T20:21:25.702528+00:00,201,6548.76,
2026-09-11T20:21:25.702528+00:00,201,6571.41,
2026-09-11T20:21:25.709106+00:00,201,6578.37,
2026-09-11T20:21:25.719660+00:00,201,6585.01,
2026-09-11T20:21:25.709106+00:00,201,6599.68,
2026-09-11T20:21:25.719660+00:00,201,6601.95,
2026-09-11T20:21:25.730055+00:00,201,6637.88,
2026-09-11T20:21:25.719660+00:00,201,6652.87,
2026-09-11T20:21:25.744560+00:00,201,6647.43,
2026-09-11T20:21:25.730055+00:00,201,6669.97,
2026-09-11T20:21:25.744560+00:00,201,6665.43,
2026-09-11T20:21:25.754053+00:00,201,6671.14,
2026-09-11T20:21:25.763524+00:00,201,6706.54,
2026-09-11T20:21:25.763524+00:00,201,6717.04,
2026-09-11T20:21:25.766542+00:00,201,6714.10,
2026-09-11T20:21:25.814324+00:00,201,6730.68,
2026-09-11T20:21:25.814324+00:00,201,6748.48,
2026-09-11T20:21:25.831739+00:00,201,6739.38,
2026-09-11T20:21:25.847758+00:00,201,6780.23,
2026-09-11T20:21:25.847758+00:00,201,6792.10,
2026-09-11T20:21:25.858569+00:00,201,6805.11,
2026-09-11T20:21:25.846111+00:00,201,6832.85,
2026-09-11T20:21:25.880143+00:00,201,6805.66,
2026-09-11T20:21:25.892558+00:00,201,6815.37,
2026-09-11T20:21:25.896634+00:00,201,6825.60,
2026-09-11T20:21:25.896634+00:00,201,6833.92,
2026-09-11T20:21:25.909571+00:00,201,6850.58,
2026-09-11T20:21:25.880143+00:00,201,6893.88,
2026-09-11T20:21:25.912663+00:00,201,6876.00,
2026-09-11T20:21:25.912663+00:00,201,6894.80,
2026-09-11T20:21:25.928597+00:00,201,6891.39,
2026-09-11T20:21:25.945225+00:00,201,6891.95,
2026-09-11T20:21:25.951757+00:00,201,6906.57,
2026-09-11T20:21:25.941926+00:00,201,6936.34,
2026-09-11T20:21:25.972936+00:00,201,6926.00,
2026-09-11T20:21:25.972936+00:00,201,6951.05,
2026-09-11T20:21:25.982548+00:00,201,6966.37,
2026-09-11T20:21:25.992606+00:00,201,7072.72,
2026-09-11T20:21:26.007767+00:00,201,7068.39,
2026-09-11T20:21:26.020667+00:00,201,7083.84,
2026-09-11T20:21:26.007767+00:00,201,7110.22,
2026-09-11T20:21:26.026623+00:00,201,7115.69,
2026-09-11T20:21:26.026623+00:00,201,7153.48,
2026-09-11T20:21:26.037110+00:00,201,7177.36,
2026-09-11T20:21:26.037110+00:00,201,7200.42,
2026-09-11T20:21:26.054001+00:00,201,7217.21,
2026-09-11T20:21:26.054001+00:00,201,7231.89,
2026-09-11T20:21:26.070138+00:00,201,7241.44,
2026-09-11T20:21:26.068131+00:00,201,7267.99,
2026-09-11T20:21:26.070138+00:00,201,7336.75,
2026-09-11T20:21:26.092752+00:00,201,7333.57,
2026-09-11T20:21:26.090162+00:00,201,7355.45,
2026-09-11T20:21:26.108329+00:00,201,7354.36,
2026-09-11T20:21:26.108329+00:00,201,7370.71,
2026-09-11T20:21:26.115549+00:00,201,7387.19,
2026-09-11T20:21:26.131559+00:00,201,7387.75,
2026-09-11T20:21:26.147398+00:00,201,7491.44,
2026-09-11T20:21:26.131559+00:00,201,7526.77,
2026-09-11T20:21:26.131559+00:00,201,7553.32,
2026-09-11T20:21:26.148908+00:00,201,7553.79,
2026-09-11T20:21:26.148908+00:00,201,7569.92,
2026-09-11T20:21:26.157757+00:00,201,7584.37,
2026-09-11T20:21:26.157757+00:00,201,7606.27,
2026-09-11T20:21:26.202732+00:00,201,7582.48,
2026-09-11T20:21:26.198720+00:00,201,7607.83,
2026-09-11T20:21:26.210513+00:00,201,7618.54,
2026-09-11T20:21:26.214527+00:00,201,7640.71,
2026-09-11T20:21:26.216535+00:00,201,7800.45,
2026-09-11T20:21:26.226388+00:00,201,7811.44,
2026-09-11T20:21:26.226940+00:00,201,7826.51,
2026-09-11T20:21:26.258999+00:00,201,7818.49,
2026-09-11T20:21:26.258999+00:00,201,7835.03,
2026-09-11T20:21:26.258999+00:00,201,7852.25,
2026-09-11T20:21:26.252140+00:00,201,7883.02,
2026-09-11T20:21:26.269684+00:00,201,7887.17,
2026-09-11T20:21:26.289406+00:00,201,7888.16,
2026-09-11T20:21:26.292557+00:00,201,7905.88,
2026-09-11T20:21:26.292557+00:00,201,7924.04,
2026-09-11T20:21:26.285532+00:00,201,7957.35,
2026-09-11T20:21:26.305087+00:00,201,7956.70,
2026-09-11T20:21:26.305087+00:00,201,7986.53,
2026-09-11T20:21:26.305087+00:00,201,8005.34,
2026-09-11T20:21:26.336413+00:00,201,8002.02,
2026-09-11T20:21:26.336920+00:00,201,8011.78,
2026-09-11T20:21:26.368046+00:00,201,8015.76,
2026-09-11T20:21:26.368046+00:00,201,8034.64,
2026-09-11T20:21:26.360046+00:00,201,8064.06,
2026-09-11T20:21:26.368046+00:00,201,8076.96,
2026-09-11T20:21:26.384094+00:00,201,8091.97,
2026-09-11T20:21:26.392706+00:00,201,8108.01,
2026-09-11T20:21:26.407033+00:00,201,8118.95,
2026-09-11T20:21:26.389182+00:00,201,8161.63,
2026-09-11T20:21:26.399961+00:00,201,8173.64,
2026-09-11T20:21:26.432654+00:00,201,8169.97,
2026-09-11T20:21:26.435733+00:00,201,8191.34,
2026-09-11T20:21:26.435733+00:00,201,8211.90,
2026-09-11T20:21:26.435733+00:00,201,8232.64,
2026-09-11T20:21:26.427581+00:00,201,8274.99,
2026-09-11T20:21:26.448031+00:00,201,8279.29,
2026-09-11T20:21:26.448031+00:00,201,8300.58,
2026-09-11T20:21:26.448031+00:00,201,8321.66,
2026-09-11T20:21:26.448031+00:00,201,8345.10,
2026-09-11T20:21:26.448031+00:00,201,8366.67,
2026-09-11T20:21:26.463963+00:00,201,8391.36,
2026-09-11T20:21:26.466476+00:00,201,8411.91,
2026-09-11T20:21:26.466476+00:00,201,8433.81,
2026-09-11T20:21:26.490430+00:00,201,8448.21,
2026-09-11T20:21:26.493712+00:00,201,8465.27,
2026-09-11T20:21:26.505023+00:00,201,8490.17,
2026-09-11T20:21:26.505023+00:00,201,8515.55,
2026-09-11T20:21:26.505023+00:00,201,8547.44,
2026-09-11T20:21:26.505023+00:00,201,8571.85,
2026-09-11T20:21:26.537029+00:00,201,8579.30,
2026-09-11T20:21:26.522531+00:00,201,8616.77,
2026-09-11T20:21:26.522531+00:00,201,8642.80,
2026-09-11T20:21:26.522531+00:00,201,8680.20,
2026-09-11T20:21:26.541002+00:00,201,8688.51,
2026-09-11T20:21:26.541002+00:00,201,8868.19,
2026-09-11T20:21:26.541002+00:00,201,8890.41,
2026-09-11T20:21:26.560260+00:00,201,8908.31,
2026-09-11T20:21:26.568676+00:00,201,8930.36,
2026-09-11T20:21:26.552701+00:00,201,8977.63,
2026-09-11T20:21:26.568676+00:00,201,8983.96,
2026-09-11T20:21:26.593009+00:00,201,8998.74,
2026-09-11T20:21:26.578017+00:00,201,9038.13,
2026-09-11T20:21:26.584523+00:00,201,9065.75,
2026-09-11T20:21:26.578017+00:00,201,9103.44,
2026-09-11T20:21:26.593009+00:00,201,9117.21,
2026-09-11T20:21:26.616008+00:00,201,9142.95,
2026-09-11T20:21:26.600289+00:00,201,9181.15,
2026-09-11T20:21:26.619220+00:00,201,9196.83,
2026-09-11T20:21:26.619220+00:00,201,9232.01,
2026-09-11T20:21:26.632569+00:00,201,9242.82,
2026-09-11T20:21:26.632569+00:00,201,9277.38,
2026-09-11T20:21:26.640017+00:00,201,9304.69,
2026-09-11T20:21:26.640017+00:00,201,9334.45,
2026-09-11T20:21:26.648024+00:00,201,9356.57,
2026-09-11T20:21:26.648024+00:00,201,9393.80,
2026-09-11T20:21:26.658002+00:00,201,9440.70,
2026-09-11T20:21:26.658002+00:00,201,9479.91,
2026-09-11T20:21:26.664464+00:00,201,9511.81,
2026-09-11T20:21:26.664464+00:00,201,9536.39,
2026-09-11T20:21:26.679828+00:00,201,9562.42,
2026-09-11T20:21:26.679828+00:00,201,9591.34,
2026-09-11T20:21:26.679828+00:00,201,9615.76,
2026-09-11T20:21:26.675838+00:00,201,9661.12,
2026-09-11T20:21:26.697857+00:00,201,9670.14,
2026-09-11T20:21:26.697857+00:00,201,9698.18,
2026-09-11T20:21:26.711314+00:00,201,9715.43,
2026-09-11T20:21:26.711314+00:00,201,9750.33,
2026-09-11T20:21:26.726972+00:00,201,9770.25,
2026-09-11T20:21:26.731734+00:00,201,9797.03,
2026-09-11T20:21:26.734950+00:00,201,9828.59,
2026-09-11T20:21:26.742264+00:00,201,9869.80,
2026-09-11T20:21:26.765521+00:00,201,9870.52,
2026-09-11T20:21:26.774088+00:00,201,9898.18,
2026-09-11T20:21:26.765521+00:00,201,9951.77,
2026-09-11T20:21:26.811387+00:00,201,9957.21,
2026-09-11T20:21:26.815400+00:00,201,9985.59,
2026-09-11T20:21:26.809381+00:00,201,10042.70,
2026-09-11T20:21:26.841458+00:00,201,10059.16,
2026-09-11T20:21:26.845901+00:00,201,10088.82,
2026-09-11T20:21:26.740178+00:00,201,10402.56,
2026-09-11T20:21:26.774088+00:00,201,10382.14,
2026-09-11T20:21:26.790049+00:00,201,10397.68,
2026-09-11T20:21:26.837213+00:00,201,10376.19,
2026-09-11T20:21:26.901196+00:00,201,10469.46,
2026-09-11T20:21:26.944078+00:00,201,10514.34,
2026-09-11T20:21:26.960511+00:00,201,10566.62,
2026-09-11T20:21:26.987018+00:00,201,10618.11,
2026-09-11T20:21:26.996355+00:00,201,10635.19,
2026-09-11T20:21:26.996355+00:00,201,10715.84,
2026-09-11T20:21:26.821440+00:00,201,11268.21,
2026-09-11T20:21:26.851930+00:00,201,11259.68,
2026-09-11T20:21:26.883441+00:00,201,11248.63,
2026-09-11T20:21:26.896985+00:00,201,11255.89,
2026-09-11T20:21:26.902785+00:00,201,11265.33,
2026-09-11T20:21:26.948090+00:00,201,11229.47,
2026-09-11T20:21:26.977984+00:00,201,11222.62,
2026-09-11T20:21:26.977984+00:00,201,11232.13,
2026-09-11T20:21:26.967772+00:00,201,11254.07,
2026-09-11T20:21:27.009655+00:00,201,11231.36,
2026-09-11T20:21:27.016488+00:00,201,11241.05,
2026-09-11T20:21:27.025793+00:00,201,11244.45,
2026-09-11T20:21:27.071491+00:00,201,11267.78,
2026-09-11T20:21:27.060627+00:00,201,11320.67,
2026-09-11T20:21:27.040075+00:00,201,11381.41,
2026-09-11T20:21:27.060627+00:00,201,11411.18,
2026-09-11T20:21:27.119671+00:00,201,11433.90,
2026-09-11T20:21:27.136021+00:00,201,11477.18,
2026-09-11T20:21:27.154648+00:00,201,11488.60,
2026-09-11T20:21:27.172484+00:00,201,11514.01,
2026-09-11T20:21:27.221111+00:00,201,11519.33,
2026-09-11T20:21:27.230990+00:00,201,11539.67,
2026-09-11T20:21:27.230990+00:00,201,11603.13,
2026-09-11T20:21:27.326234+00:00,201,11657.11,
2026-09-11T20:21:26.861282+00:00,201,12492.47,
2026-09-11T20:21:26.891757+00:00,201,12469.70,
2026-09-11T20:21:26.902785+00:00,201,12460.96,
2026-09-11T20:21:26.940336+00:00,201,12436.76,
2026-09-11T20:21:26.937321+00:00,201,12447.53,
2026-09-11T20:21:27.020500+00:00,201,12370.46,
2026-09-11T20:21:27.055493+00:00,201,12340.70,
2026-09-11T20:21:27.078494+00:00,201,12324.72,
2026-09-11T20:21:27.078494+00:00,201,12329.11,
2026-09-11T20:21:27.099494+00:00,201,12325.94,
2026-09-11T20:21:27.103044+00:00,201,12332.47,
2026-09-11T20:21:27.093494+00:00,201,12350.14,
2026-09-11T20:21:27.136021+00:00,201,12319.81,
2026-09-11T20:21:27.225995+00:00,201,12241.83,
2026-09-11T20:21:27.246485+00:00,201,12231.19,
2026-09-11T20:21:27.278490+00:00,201,12205.97,
2026-09-11T20:21:27.285979+00:00,201,12206.90,
2026-09-11T20:21:27.278490+00:00,201,12224.28,
2026-09-11T20:21:27.344946+00:00,201,12163.30,
2026-09-11T20:21:27.344946+00:00,201,12164.54,
2026-09-11T20:21:27.364016+00:00,201,12159.14,
2026-09-11T20:21:27.364016+00:00,201,12163.01,
2026-09-11T20:21:27.373983+00:00,201,12165.76,
2026-09-11T20:21:27.373983+00:00,201,12169.51,
2026-09-11T20:21:27.400494+00:00,201,12149.18,
2026-09-11T20:21:27.405986+00:00,201,12149.12,
2026-09-11T20:21:27.440091+00:00,201,12128.73,
2026-09-11T20:21:27.438574+00:00,201,12144.06,
2026-09-11T20:21:27.469960+00:00,201,12134.71,
2026-09-11T20:21:27.477468+00:00,201,12139.76,
2026-09-11T20:21:27.485990+00:00,201,12141.96,
2026-09-11T20:21:27.469960+00:00,201,12169.25,
2026-09-11T20:21:27.501642+00:00,201,12142.73,
2026-09-11T20:21:27.517470+00:00,201,12142.70,
2026-09-11T20:21:27.510462+00:00,201,12168.61,
2026-09-11T20:21:27.534313+00:00,201,12156.40,
2026-09-11T20:21:27.548817+00:00,201,12156.13,
2026-09-11T20:21:27.554797+00:00,201,12158.96,
2026-09-11T20:21:27.556805+00:00,201,12161.37,
2026-09-11T20:21:27.570221+00:00,201,12165.67,
2026-09-11T20:21:27.587152+00:00,201,12162.24,
2026-09-11T20:21:27.614791+00:00,201,12153.26,
2026-09-11T20:21:27.640544+00:00,201,12146.70,
2026-09-11T20:21:27.644562+00:00,201,12155.45,
2026-09-11T20:21:27.652050+00:00,201,12156.75,
2026-09-11T20:21:27.695660+00:00,201,12132.96,
2026-09-11T20:21:27.692139+00:00,201,12145.16,
2026-09-11T20:21:27.707863+00:00,201,12143.94,
2026-09-11T20:21:27.713238+00:00,201,12149.14,
2026-09-11T20:21:27.715245+00:00,201,12155.56,
2026-09-11T20:21:27.763816+00:00,201,12131.13,
2026-09-11T20:21:27.755777+00:00,201,12145.89,
2026-09-11T20:21:27.770401+00:00,201,12139.73,
2026-09-11T20:21:27.755777+00:00,201,12164.54,
2026-09-11T20:21:27.780436+00:00,201,12148.19,
2026-09-11T20:21:27.786199+00:00,201,12150.61,
2026-09-11T20:21:27.782445+00:00,201,12161.48,
2026-09-11T20:21:27.803244+00:00,201,12145.92,
2026-09-11T20:21:27.826920+00:00,201,12140.72,
2026-09-11T20:21:27.834597+00:00,201,12143.07,
2026-09-11T20:21:27.840553+00:00,201,12147.03,
2026-09-11T20:21:27.846586+00:00,201,12155.59,
2026-09-11T20:21:27.868752+00:00,201,12144.62,
2026-09-11T20:21:27.897577+00:00,201,12137.66,
2026-09-11T20:21:27.902655+00:00,201,12143.43,
2026-09-11T20:21:27.911742+00:00,201,12146.57,
2026-09-11T20:21:27.935768+00:00,201,12135.01,
2026-09-11T20:21:27.943646+00:00,201,12136.15,
2026-09-11T20:21:27.946231+00:00,201,12132.09,
2026-09-11T20:21:27.977350+00:00,201,12121.88,
2026-09-11T20:21:27.994029+00:00,201,12137.92,
2026-09-11T20:21:28.003338+00:00,201,12140.06,
2026-09-11T20:21:28.031651+00:00,201,12139.26,
2026-09-11T20:21:28.052538+00:00,201,12131.50,
2026-09-11T20:21:28.056775+00:00,201,12134.67,
2026-09-11T20:21:28.099603+00:00,201,12106.91,
2026-09-11T20:21:28.117165+00:00,201,12102.68,
2026-09-11T20:21:28.142740+00:00,201,12086.57,
2026-09-11T20:21:28.195916+00:00,201,12046.05,
2026-09-11T20:21:28.164543+00:00,201,12083.64,
2026-09-11T20:21:28.202238+00:00,201,12052.45,
2026-09-11T20:21:28.132579+00:00,201,12130.80,
2026-09-11T20:21:28.231074+00:00,201,12033.37,
2026-09-11T20:21:28.245128+00:00,201,12029.54,
2026-09-11T20:21:28.267589+00:00,201,12017.01,
2026-09-11T20:21:28.210605+00:00,201,12072.60,
2026-09-11T20:21:28.273616+00:00,201,12023.05,
2026-09-11T20:21:28.184541+00:00,201,12134.26,
2026-09-11T20:21:28.276630+00:00,201,12050.09,
2026-09-11T20:21:28.307427+00:00,201,12040.33,
2026-09-11T20:21:28.309434+00:00,201,12058.07,
2026-09-11T20:21:28.352727+00:00,201,12023.45,
2026-09-11T20:21:28.278651+00:00,201,12103.20,
2026-09-11T20:21:28.363826+00:00,201,12030.23,
2026-09-11T20:21:28.354761+00:00,201,12049.16,
2026-09-11T20:21:28.392775+00:00,201,12019.25,
2026-09-11T20:21:28.396567+00:00,201,12022.69,
2026-09-11T20:21:28.387277+00:00,201,12038.91,
2026-09-11T20:21:28.408235+00:00,201,12026.73,
2026-09-11T20:21:28.429713+00:00,201,12015.18,
2026-09-11T20:21:28.419324+00:00,201,12032.25,
2026-09-11T20:21:28.440161+00:00,201,12025.18,
2026-09-11T20:21:28.453208+00:00,201,12017.76,
2026-09-11T20:21:28.449196+00:00,201,12031.48,
2026-09-11T20:21:28.463198+00:00,201,12026.39,
2026-09-11T20:21:28.491730+00:00,201,12008.90,
2026-09-11T20:21:28.486206+00:00,201,12022.61,
2026-09-11T20:21:28.509909+00:00,201,12014.15,
2026-09-11T20:21:28.516063+00:00,201,12015.64,
2026-09-11T20:21:28.541385+00:00,201,12016.53,
2026-09-11T20:21:28.575138+00:00,201,12006.60,
2026-09-11T20:21:28.585199+00:00,201,12006.30,
2026-09-11T20:21:28.624892+00:00,201,11997.73,
2026-09-11T20:21:28.631292+00:00,201,11999.34,
2026-09-11T20:21:28.637314+00:00,201,12009.40,
2026-09-11T20:21:28.711415+00:00,201,11960.79,
2026-09-11T20:21:28.708400+00:00,201,11977.14,
2026-09-11T20:21:28.735199+00:00,201,11961.76,
2026-09-11T20:21:28.748703+00:00,201,11953.00,
2026-09-11T20:21:28.748703+00:00,201,11955.13,
2026-09-11T20:21:28.761442+00:00,201,11956.75,
2026-09-11T20:21:28.768483+00:00,201,11957.12,
2026-09-11T20:21:28.763449+00:00,201,11966.74,
2026-09-11T20:21:28.788396+00:00,201,11952.74,
2026-09-11T20:21:28.819948+00:00,201,11935.53,
2026-09-11T20:21:28.798981+00:00,201,11960.70,
2026-09-11T20:21:28.836394+00:00,201,11935.44,
2026-09-11T20:21:28.843427+00:00,201,11934.93,
2026-09-11T20:21:28.870153+00:00,201,11917.98,
2026-09-11T20:21:28.909881+00:00,201,11887.68,
2026-09-11T20:21:28.898896+00:00,201,11904.54,
2026-09-11T20:21:28.914810+00:00,201,11895.81,
2026-09-11T20:21:28.919340+00:00,201,11897.92,
2026-09-11T20:21:28.930406+00:00,201,11893.67,
2026-09-11T20:21:28.937946+00:00,201,11893.51,
2026-09-11T20:21:28.926380+00:00,201,11913.01,
2026-09-11T20:21:28.971009+00:00,201,11881.37,
2026-09-11T20:21:28.974338+00:00,201,11882.15,
2026-09-11T20:21:28.959910+00:00,201,11905.62,
2026-09-11T20:21:28.986700+00:00,201,11886.14,
2026-09-11T20:21:28.994616+00:00,201,11885.49,
2026-09-11T20:21:29.020479+00:00,201,11867.38,
2026-09-11T20:21:29.029142+00:00,201,11867.25,
2026-09-11T20:21:29.058848+00:00,201,11851.76,
2026-09-11T20:21:29.058848+00:00,201,11847.32,
2026-09-11T20:21:29.052707+00:00,201,11865.68,
2026-09-11T20:21:29.082079+00:00,201,11845.25,
2026-09-11T20:21:29.096252+00:00,201,11837.81,
2026-09-11T20:21:29.100997+00:00,201,11841.84,
2026-09-11T20:21:29.089961+00:00,201,11858.89,
2026-09-11T20:21:29.116065+00:00,201,11842.33,
2026-09-11T20:21:29.112054+00:00,201,11851.23,
2026-09-11T20:21:29.132336+00:00,201,11841.13,
2026-09-11T20:21:29.164192+00:00,201,11822.95,
2026-09-11T20:21:29.147980+00:00,201,11833.12,
2026-09-11T20:21:29.194561+00:00,201,11814.45,
2026-09-11T20:21:29.203583+00:00,201,11816.19,
2026-09-11T20:21:29.239855+00:00,201,11798.04,
2026-09-11T20:21:29.245284+00:00,201,11808.36,
2026-09-11T20:21:29.289444+00:00,201,11776.99,
2026-09-11T20:21:29.285299+00:00,201,11787.77,
2026-09-11T20:21:29.307384+00:00,201,11782.42,
2026-09-11T20:21:29.311401+00:00,201,11786.33,
2026-09-11T20:21:29.338345+00:00,201,11774.15,
2026-09-11T20:21:29.363228+00:00,201,11767.05,
2026-09-11T20:21:29.359230+00:00,201,11778.49,
2026-09-11T20:21:29.380873+00:00,201,11766.82,
2026-09-11T20:21:27.060627+00:00,201,14224.98,
2026-09-11T20:21:27.103044+00:00,201,14175.49,
2026-09-11T20:21:27.136021+00:00,201,14149.57,
2026-09-11T20:21:27.136021+00:00,201,14141.68,
2026-09-11T20:21:27.230990+00:00,201,14062.97,
2026-09-11T20:21:27.230990+00:00,201,14052.45,
2026-09-11T20:21:27.268973+00:00,201,14022.45,
2026-09-11T20:21:27.268973+00:00,201,14021.33,
2026-09-11T20:21:27.285979+00:00,201,14007.10,
2026-09-11T20:21:27.294504+00:00,201,13998.68,
2026-09-11T20:21:27.310479+00:00,201,13986.46,
2026-09-11T20:21:27.310479+00:00,201,13990.89,
2026-09-11T20:21:27.390000+00:00,201,13915.06,
2026-09-11T20:21:27.393505+00:00,201,13911.83,
2026-09-11T20:21:27.405986+00:00,201,13901.88,
2026-09-11T20:21:27.426386+00:00,201,13881.73,
2026-09-11T20:21:27.431062+00:00,201,13875.40,
2026-09-11T20:21:27.440091+00:00,201,13871.05,
2026-09-11T20:21:27.460131+00:00,201,13846.11,
2026-09-11T20:21:27.477468+00:00,201,13832.05,
2026-09-11T20:21:27.517470+00:00,201,13798.16,
2026-09-11T20:21:27.501642+00:00,201,13815.40,
2026-09-11T20:21:27.534313+00:00,201,13786.32,
2026-09-11T20:21:27.579606+00:00,201,13742.51,
2026-09-11T20:21:27.564787+00:00,201,13755.86,
2026-09-11T20:21:27.593484+00:00,201,13730.39,
2026-09-11T20:21:27.596596+00:00,201,13723.14,
2026-09-11T20:21:27.622636+00:00,201,13704.70,
2026-09-11T20:21:27.628980+00:00,201,13700.94,
2026-09-11T20:21:27.650586+00:00,201,13681.23,
2026-09-11T20:21:27.652050+00:00,201,13676.79,
2026-09-11T20:21:27.652050+00:00,201,13681.11,
2026-09-11T20:21:27.698172+00:00,201,13633.83,
2026-09-11T20:21:27.740332+00:00,201,13597.26,
2026-09-11T20:21:27.744610+00:00,201,13594.10,
2026-09-11T20:21:27.745136+00:00,201,13591.53,
2026-09-11T20:21:27.808283+00:00,201,13532.84,
2026-09-11T20:21:27.877077+00:00,201,13466.12,
2026-09-11T20:21:27.875072+00:00,201,13470.17,
2026-09-11T20:21:27.893825+00:00,201,13452.92,
2026-09-11T20:21:27.904662+00:00,201,13441.43,
2026-09-11T20:21:27.918815+00:00,201,13428.09,
2026-09-11T20:21:27.935768+00:00,201,13409.58,
2026-09-11T20:21:27.972431+00:00,201,13377.03,
2026-09-11T20:21:27.965124+00:00,201,13386.39,
2026-09-11T20:21:27.982985+00:00,201,13365.22,
2026-09-11T20:21:28.107071+00:00,201,13253.05,
2026-09-11T20:21:28.121908+00:00,201,13240.59,
2026-09-11T20:21:28.095938+00:00,201,13268.31,
2026-09-11T20:21:28.173020+00:00,201,13193.50,
2026-09-11T20:21:28.203800+00:00,201,13159.86,
2026-09-11T20:21:28.261557+00:00,201,13109.35,
2026-09-11T20:21:28.222230+00:00,201,13151.06,
2026-09-11T20:21:28.321492+00:00,201,13053.19,
2026-09-11T20:21:28.315961+00:00,201,13060.85,
2026-09-11T20:21:28.327223+00:00,201,13052.14,
2026-09-11T20:21:28.360725+00:00,201,13022.43,
2026-09-11T20:21:28.436148+00:00,201,12948.80,
2026-09-11T20:21:28.433628+00:00,201,12954.48,
2026-09-11T20:21:28.447190+00:00,201,12942.29,
2026-09-11T20:21:28.489724+00:00,201,12903.20,
2026-09-11T20:21:28.506095+00:00,201,12887.14,
2026-09-11T20:21:28.526830+00:00,201,12861.46,
2026-09-11T20:21:28.544779+00:00,201,12854.92,
2026-09-11T20:21:28.568182+00:00,201,12833.12,
2026-09-11T20:21:28.575138+00:00,201,12830.40,
2026-09-11T20:21:28.575138+00:00,201,12823.44,
2026-09-11T20:21:28.604754+00:00,201,12800.33,
2026-09-11T20:21:28.604754+00:00,201,12805.53,
2026-09-11T20:21:28.641326+00:00,201,12772.48,
2026-09-11T20:21:28.666117+00:00,201,12746.09,
2026-09-11T20:21:28.723423+00:00,201,12696.72,
2026-09-11T20:21:28.702376+00:00,201,12720.03,
2026-09-11T20:21:28.718440+00:00,201,12706.36,
2026-09-11T20:21:28.690883+00:00,201,12735.37,
2026-09-11T20:21:28.725171+00:00,201,12702.33,
2026-09-11T20:21:28.733194+00:00,201,12697.57,
2026-09-11T20:21:28.776205+00:00,201,12657.38,
2026-09-11T20:21:28.804005+00:00,201,12633.48,
2026-09-11T20:21:28.806517+00:00,201,12630.91,
2026-09-11T20:21:28.810529+00:00,201,12628.79,
2026-09-11T20:21:28.832807+00:00,201,12609.25,
2026-09-11T20:21:28.829002+00:00,201,12615.92,
2026-09-11T20:21:28.847443+00:00,201,12600.05,
2026-09-11T20:21:28.851759+00:00,201,12597.38,
2026-09-11T20:21:28.867564+00:00,201,12584.04,
2026-09-11T20:21:28.935937+00:00,201,12518.73,
2026-09-11T20:21:28.963921+00:00,201,12494.14,
2026-09-11T20:21:28.988708+00:00,201,12467.11,
2026-09-11T20:21:29.022486+00:00,201,12437.52,
2026-09-11T20:21:29.015711+00:00,201,12447.69,
2026-09-11T20:21:29.039192+00:00,201,12426.63,
2026-09-11T20:21:29.037178+00:00,201,12432.22,
2026-09-11T20:21:29.058848+00:00,201,12399.45,
2026-09-11T20:21:29.075127+00:00,201,12393.91,
2026-09-11T20:21:29.132336+00:00,201,12343.13,
2026-09-11T20:21:29.137641+00:00,201,12339.41,
2026-09-11T20:21:29.170356+00:00,201,12309.55,
2026-09-11T20:21:29.176251+00:00,201,12305.43,
2026-09-11T20:21:29.179815+00:00,201,12301.74,
2026-09-11T20:21:29.184533+00:00,201,12293.86,
2026-09-11T20:21:29.210282+00:00,201,12274.61,
2026-09-11T20:21:29.203583+00:00,201,12288.28,
2026-09-11T20:21:29.231291+00:00,201,12257.10,
2026-09-11T20:21:29.251305+00:00,201,12244.81,
2026-09-11T20:21:29.294484+00:00,201,12203.40,
2026-09-11T20:21:29.277837+00:00,201,12222.90,
2026-09-11T20:21:29.300376+00:00,201,12202.34,
2026-09-11T20:21:29.336336+00:00,201,12167.66,
2026-09-11T20:21:29.373578+00:00,201,12133.35,
2026-09-11T20:21:29.962184+00:00,201,11601.66,
2026-09-11T20:21:29.948248+00:00,201,11614.69,
2026-09-11T20:21:29.969476+00:00,201,11599.79,
2026-09-11T20:21:29.980274+00:00,201,11593.44,
2026-09-11T20:21:29.994714+00:00,201,11583.85,
2026-09-11T20:21:30.005107+00:00,201,11576.98,
2026-09-11T20:21:30.001092+00:00,201,11584.57,
2026-09-11T20:21:30.010635+00:00,201,11579.23,
2026-09-11T20:21:30.028538+00:00,201,11564.00,
2026-09-11T20:21:30.036577+00:00,201,11560.01,
2026-09-11T20:21:30.083787+00:00,201,11518.43,
2026-09-11T20:21:30.075559+00:00,201,11529.16,
2026-09-11T20:21:30.066948+00:00,201,11540.50,
2026-09-11T20:21:30.070965+00:00,201,11539.16,
2026-09-11T20:21:30.091834+00:00,201,11522.56,
2026-09-11T20:21:30.079576+00:00,201,11537.21,
2026-09-11T20:21:30.129131+00:00,201,11494.42,
2026-09-11T20:21:30.123385+00:00,201,11503.41,
2026-09-11T20:21:30.140537+00:00,201,11491.15,
2026-09-11T20:21:30.176027+00:00,201,11460.32,
2026-09-11T20:21:30.185475+00:00,201,11452.57,
2026-09-11T20:21:30.168985+00:00,201,11474.99,
2026-09-11T20:21:30.198969+00:00,201,11456.02,
2026-09-11T20:21:30.200158+00:00,201,11451.72,
2026-09-11T20:21:30.231044+00:00,201,11426.95,
2026-09-11T20:21:30.249542+00:00,201,11417.87,
2026-09-11T20:21:30.255991+00:00,201,11422.13,
2026-09-11T20:21:30.297532+00:00,201,11383.90,
2026-09-11T20:21:30.308097+00:00,201,11378.16,
2026-09-11T20:21:30.302564+00:00,201,11387.15,
2026-09-11T20:21:30.295002+00:00,201,11412.60,
2026-09-11T20:21:30.328068+00:00,201,11383.77,
2026-09-11T20:21:30.319972+00:00,201,11397.04,
2026-09-11T20:21:30.354712+00:00,201,11366.60,
2026-09-11T20:21:30.351264+00:00,201,11372.68,
2026-09-11T20:21:30.377131+00:00,201,11351.69,
2026-09-11T20:21:30.366049+00:00,201,11365.98,
2026-09-11T20:21:30.412036+00:00,201,11323.69,
2026-09-11T20:21:30.433189+00:00,201,11306.31,
2026-09-11T20:21:30.395674+00:00,201,11346.53,
2026-09-11T20:21:30.451130+00:00,201,11297.63,
2026-09-11T20:21:30.464196+00:00,201,11288.30,
2026-09-11T20:21:30.467216+00:00,201,11287.69,
2026-09-11T20:21:30.484699+00:00,201,11278.08,
2026-09-11T20:21:30.488718+00:00,201,11280.90,
2026-09-11T20:21:30.520175+00:00,201,11253.60,
2026-09-11T20:21:30.381144+00:00,201,11397.41,
2026-09-11T20:21:30.516149+00:00,201,11263.70,
2026-09-11T20:21:30.545106+00:00,201,11237.80,
2026-09-11T20:21:30.555184+00:00,201,11229.76,
2026-09-11T20:21:30.564138+00:00,201,11228.57,
2026-09-11T20:21:30.573489+00:00,201,11224.04,
2026-09-11T20:21:30.616122+00:00,201,11186.60,
2026-09-11T20:21:30.616122+00:00,201,11183.40,
2026-09-11T20:21:30.635498+00:00,201,11172.32,
2026-09-11T20:21:30.623773+00:00,201,11181.11,
2026-09-11T20:21:30.643790+00:00,201,11171.26,
2026-09-11T20:21:30.666304+00:00,201,11153.39,
2026-09-11T20:21:30.679616+00:00,201,11143.03,
2026-09-11T20:21:30.683631+00:00,201,11142.84,
2026-09-11T20:21:30.668311+00:00,201,11158.63,
2026-09-11T20:21:30.673329+00:00,201,11158.55,
2026-09-11T20:21:30.707658+00:00,201,11125.91,
2026-09-11T20:21:30.712497+00:00,201,11124.08,
2026-09-11T20:21:30.716511+00:00,201,11122.58,
2026-09-11T20:21:30.718861+00:00,201,11120.85,
2026-09-11T20:21:30.702922+00:00,201,11142.32,
2026-09-11T20:21:30.753606+00:00,201,11097.07,
2026-09-11T20:21:30.730060+00:00,201,11123.06,
2026-09-11T20:21:30.796083+00:00,201,11059.87,
2026-09-11T20:21:30.738569+00:00,201,11120.70,
2026-09-11T20:21:30.758124+00:00,201,11104.11,
2026-09-11T20:21:30.779679+00:00,201,11080.00,
2026-09-11T20:21:30.779679+00:00,201,11085.49,
2026-09-11T20:21:30.787524+00:00,201,11080.19,
2026-09-11T20:21:30.822474+00:00,201,11049.27,
2026-09-11T20:21:30.790538+00:00,201,11083.46,
2026-09-11T20:21:30.848143+00:00,201,11027.96,
2026-09-11T20:21:30.844121+00:00,201,11039.28,
2026-09-11T20:21:30.867293+00:00,201,11019.34,
2026-09-11T20:21:30.856243+00:00,201,11032.62,
2026-09-11T20:21:30.875311+00:00,201,11017.94,
2026-09-11T20:21:30.896182+00:00,201,11001.62,
2026-09-11T20:21:30.889152+00:00,201,11011.54,
2026-09-11T20:21:30.927326+00:00,201,10974.77,
2026-09-11T20:21:30.918779+00:00,201,10987.31,
2026-09-11T20:21:30.922305+00:00,201,10989.03,
2026-09-11T20:21:30.939163+00:00,201,10973.70,
2026-09-11T20:21:30.955134+00:00,201,10960.70,
2026-09-11T20:21:30.999170+00:00,201,10923.42,
2026-09-11T20:21:30.982812+00:00,201,10942.49,
2026-09-11T20:21:31.017284+00:00,201,10910.88,
2026-09-11T20:21:31.024735+00:00,201,10906.60,
2026-09-11T20:21:31.037582+00:00,201,10894.88,
2026-09-11T20:21:31.087933+00:00,201,10850.25,
2026-09-11T20:21:31.078588+00:00,201,10862.51,
2026-09-11T20:21:31.074571+00:00,201,10869.02,
2026-09-11T20:21:31.111082+00:00,201,10836.05,
2026-09-11T20:21:31.145959+00:00,201,10804.61,
2026-09-11T20:21:31.141943+00:00,201,10811.88,
2026-09-11T20:21:31.180902+00:00,201,10774.88,
2026-09-11T20:21:31.173925+00:00,201,10788.50,
2026-09-11T20:21:31.177683+00:00,201,10787.09,
2026-09-11T20:21:31.211549+00:00,201,10755.74,
2026-09-11T20:21:31.169909+00:00,201,10801.00,
2026-09-11T20:21:31.191404+00:00,201,10779.71,
2026-09-11T20:21:31.199959+00:00,201,10775.20,
2026-09-11T20:21:31.217830+00:00,201,10762.63,
2026-09-11T20:21:31.257387+00:00,201,10727.01,
2026-09-11T20:21:31.272695+00:00,201,10719.22,
2026-09-11T20:21:31.283584+00:00,201,10712.09,
2026-09-11T20:21:31.292539+00:00,201,10705.32,
2026-09-11T20:21:31.302079+00:00,201,10697.43,
2026-09-11T20:21:31.313631+00:00,201,10689.22,
2026-09-11T20:21:31.348782+00:00,201,10660.95,
2026-09-11T20:21:31.360674+00:00,201,10653.23,
2026-09-11T20:21:31.468964+00:00,201,10548.77,
2026-09-11T20:21:31.487906+00:00,201,10533.99,
2026-09-11T20:21:31.562447+00:00,201,10463.37,
2026-09-11T20:21:31.624173+00:00,201,10403.36,
2026-09-11T20:21:31.649084+00:00,201,10382.82,
2026-09-11T20:21:31.707467+00:00,201,10322.54,
2026-09-11T20:21:31.656032+00:00,201,10381.52,
2026-09-11T20:21:31.704698+00:00,201,10335.25,
2026-09-11T20:21:31.849072+00:00,201,10195.82,
2026-09-11T20:21:31.543023+00:00,201,10506.29,
2026-09-11T20:21:32.057403+00:00,201,9995.09,
2026-09-11T20:21:32.628453+00:00,201,9426.90,
2026-09-11T20:21:32.196659+00:00,201,9869.64,
2026-09-11T20:21:32.469501+00:00,201,9598.86,
2026-09-11T20:21:32.904252+00:00,201,9169.32,
2026-09-11T20:21:27.172484+00:00,201,14906.70,
2026-09-11T20:21:27.214548+00:00,201,14868.93,
2026-09-11T20:21:27.268973+00:00,201,14816.43,
2026-09-11T20:21:27.362999+00:00,201,14726.78,
2026-09-11T20:21:27.393505+00:00,201,14692.64,
2026-09-11T20:21:27.545483+00:00,201,14549.29,
2026-09-11T20:21:27.564787+00:00,201,14531.70,
2026-09-11T20:21:27.626658+00:00,201,14472.62,
2026-09-11T20:21:27.698172+00:00,201,14395.30,
2026-09-11T20:21:27.751255+00:00,201,14351.29,
2026-09-11T20:21:27.812296+00:00,201,14294.70,
2026-09-11T20:21:27.816317+00:00,201,14292.95,
2026-09-11T20:21:27.850098+00:00,201,14259.85,
2026-09-11T20:21:27.842562+00:00,201,14268.33,
2026-09-11T20:21:27.900646+00:00,201,14212.65,
2026-09-11T20:21:27.970961+00:00,201,14146.12,
2026-09-11T20:21:27.998822+00:00,201,14120.52,
2026-09-11T20:21:28.036325+00:00,201,14084.70,
2026-09-11T20:21:28.028518+00:00,201,14094.45,
2026-09-11T20:21:28.059422+00:00,201,14064.81,
2026-09-11T20:21:28.111299+00:00,201,14014.56,
2026-09-11T20:21:28.296304+00:00,201,13832.37,
2026-09-11T20:21:28.292282+00:00,201,13837.31,
2026-09-11T20:21:28.148650+00:00,201,13984.46,
2026-09-11T20:21:28.341262+00:00,201,13788.89,
2026-09-11T20:21:28.334865+00:00,201,13801.27,
2026-09-11T20:21:28.368538+00:00,201,13768.90,
2026-09-11T20:21:28.404712+00:00,201,13733.70,
2026-09-11T20:21:28.472716+00:00,201,13667.23,
2026-09-11T20:21:28.514727+00:00,201,13639.77,
2026-09-11T20:21:28.516063+00:00,201,13637.81,
2026-09-11T20:21:28.557424+00:00,201,13596.58,
2026-09-11T20:21:28.614275+00:00,201,13540.74,
2026-09-11T20:21:28.699467+00:00,201,13462.85,
2026-09-11T20:21:28.779766+00:00,201,13385.00,
2026-09-11T20:21:28.923367+00:00,201,13245.50,
2026-09-11T20:21:28.966428+00:00,201,13202.77,
2026-09-11T20:21:28.982712+00:00,201,13188.26,
2026-09-11T20:21:29.010091+00:00,201,13163.93,
2026-09-11T20:21:29.110048+00:00,201,13066.19,
2026-09-11T20:21:29.194561+00:00,201,12977.88,
2026-09-11T20:21:29.273312+00:00,201,12907.25,
2026-09-11T20:21:29.279845+00:00,201,12901.77,
2026-09-11T20:21:29.324630+00:00,201,12852.95,
2026-09-11T20:21:29.324630+00:00,201,12859.26,
2026-09-11T20:21:29.338345+00:00,201,12837.03,
2026-09-11T20:21:29.400990+00:00,201,12787.31,
2026-09-11T20:21:29.417277+00:00,201,12774.22,
2026-09-11T20:21:29.396604+00:00,201,12793.50,
2026-09-11T20:21:29.400990+00:00,201,12782.14,
2026-09-11T20:21:29.427834+00:00,201,12766.20,
2026-09-11T20:21:29.423818+00:00,201,12770.75,
2026-09-11T20:21:29.433867+00:00,201,12762.68,
2026-09-11T20:21:29.419787+00:00,201,12776.71,
2026-09-11T20:21:29.439891+00:00,201,12759.75,
2026-09-11T20:21:29.444344+00:00,201,12756.52,
2026-09-11T20:21:29.457683+00:00,201,12744.21,
2026-09-11T20:21:29.452738+00:00,201,12749.21,
2026-09-11T20:21:29.471443+00:00,201,12731.44,
2026-09-11T20:21:29.492989+00:00,201,12712.50,
2026-09-11T20:21:29.497828+00:00,201,12709.17,
2026-09-11T20:21:29.486946+00:00,201,12720.76,
2026-09-11T20:21:29.503853+00:00,201,12703.96,
2026-09-11T20:21:29.520306+00:00,201,12689.05,
2026-09-11T20:21:29.508370+00:00,201,12701.49,
2026-09-11T20:21:29.536040+00:00,201,12676.08,
2026-09-11T20:21:29.512389+00:00,201,12696.13,
2026-09-11T20:21:29.539286+00:00,201,12667.80,
2026-09-11T20:21:29.553857+00:00,201,12660.38,
2026-09-11T20:21:29.548307+00:00,201,12667.55,
2026-09-11T20:21:29.557662+00:00,201,12657.37,
2026-09-11T20:21:29.569552+00:00,201,12647.93,
2026-09-11T20:21:29.585220+00:00,201,12633.14,
2026-09-11T20:21:29.593370+00:00,201,12627.37,
2026-09-11T20:21:29.589849+00:00,201,12632.06,
2026-09-11T20:21:29.596386+00:00,201,12626.48,
2026-09-11T20:21:29.607381+00:00,201,12617.30,
2026-09-11T20:21:29.604200+00:00,201,12620.66,
2026-09-11T20:21:29.609953+00:00,201,12615.44,
2026-09-11T20:21:29.615129+00:00,201,12610.46,
2026-09-11T20:21:29.630516+00:00,201,12599.03,
2026-09-11T20:21:29.644219+00:00,201,12586.41,
2026-09-11T20:21:29.657181+00:00,201,12573.97,
2026-09-11T20:21:29.637423+00:00,201,12595.37,
2026-09-11T20:21:29.639429+00:00,201,12594.71,
2026-09-11T20:21:29.661187+00:00,201,12574.31,
2026-09-11T20:21:29.668815+00:00,201,12568.36,
2026-09-11T20:21:29.665883+00:00,201,12571.85,
2026-09-11T20:21:29.680825+00:00,201,12558.02,
2026-09-11T20:21:29.673541+00:00,201,12563.21,
2026-09-11T20:21:29.684480+00:00,201,12552.78,
2026-09-11T20:21:29.696596+00:00,201,12544.51,
2026-09-11T20:21:29.718782+00:00,201,12525.17,
2026-09-11T20:21:29.703759+00:00,201,12537.60,
2026-09-11T20:21:29.716775+00:00,201,12530.14,
2026-09-11T20:21:29.711840+00:00,201,12536.35,
2026-09-11T20:21:29.725811+00:00,201,12522.91,
2026-09-11T20:21:29.734724+00:00,201,12514.57,
2026-09-11T20:21:29.748303+00:00,201,12503.54,
2026-09-11T20:21:29.736730+00:00,201,12515.38,
2026-09-11T20:21:29.732826+00:00,201,12521.91,
2026-09-11T20:21:29.752751+00:00,201,12502.48,
2026-09-11T20:21:29.756765+00:00,201,12500.30,
2026-09-11T20:21:29.761783+00:00,201,12484.60,
2026-09-11T20:21:29.774946+00:00,201,12481.47,
2026-09-11T20:21:29.761783+00:00,201,12490.48,
2026-09-11T20:21:29.780267+00:00,201,12474.04,
2026-09-11T20:21:29.808635+00:00,201,12454.22,
2026-09-11T20:21:29.808635+00:00,201,12451.09,
2026-09-11T20:21:29.799497+00:00,201,12460.97,
2026-09-11T20:21:29.819643+00:00,201,12445.82,
2026-09-11T20:21:29.847611+00:00,201,12420.12,
2026-09-11T20:21:29.838449+00:00,201,12430.26,
2026-09-11T20:21:29.838449+00:00,201,12427.76,
2026-09-11T20:21:29.851627+00:00,201,12419.01,
2026-09-11T20:21:29.855382+00:00,201,12417.23,
2026-09-11T20:21:29.856889+00:00,201,12414.17,
2026-09-11T20:21:29.879491+00:00,201,12395.27,
2026-09-11T20:21:29.869401+00:00,201,12400.46,
2026-09-11T20:21:29.883508+00:00,201,12393.39,
2026-09-11T20:21:29.887262+00:00,201,12391.61,
2026-09-11T20:21:29.898815+00:00,201,12381.35,
2026-09-11T20:21:29.896809+00:00,201,12385.42,
2026-09-11T20:21:29.891278+00:00,201,12393.29,
2026-09-11T20:21:29.919020+00:00,201,12367.43,
2026-09-11T20:21:29.920026+00:00,201,12367.02,
2026-09-11T20:21:29.905708+00:00,201,12374.52,
2026-09-11T20:21:29.930593+00:00,201,12360.90,
2026-09-11T20:21:29.938859+00:00,201,12354.31,
2026-09-11T20:21:29.940865+00:00,201,12351.19,
2026-09-11T20:21:29.954538+00:00,201,12342.10,
2026-09-11T20:21:29.967467+00:00,201,12330.73,
2026-09-11T20:21:29.982281+00:00,201,12316.80,
2026-09-11T20:21:30.014492+00:00,201,12287.83,
2026-09-11T20:21:30.032565+00:00,201,12270.66,
2026-09-11T20:21:30.056137+00:00,201,12248.47,
2026-09-11T20:21:30.061412+00:00,201,12244.83,
2026-09-11T20:21:30.137360+00:00,201,12171.21,
2026-09-11T20:21:30.180145+00:00,201,12131.97,
2026-09-11T20:21:30.185475+00:00,201,12123.74,
2026-09-11T20:21:30.208417+00:00,201,12105.17,
2026-09-11T20:21:30.231044+00:00,201,12075.57,
2026-09-11T20:21:30.231044+00:00,201,12085.12,
2026-09-11T20:21:30.260018+00:00,201,12060.39,
2026-09-11T20:21:30.349254+00:00,201,11973.31,
2026-09-11T20:21:30.399200+00:00,201,11924.43,
2026-09-11T20:21:30.374087+00:00,201,11952.84,
2026-09-11T20:21:30.339153+00:00,201,11989.60,
2026-09-11T20:21:30.406008+00:00,201,11924.35,
2026-09-11T20:21:30.436342+00:00,201,11894.48,
2026-09-11T20:21:30.569473+00:00,201,11764.25,
2026-09-11T20:21:30.602622+00:00,201,11734.12,
2026-09-11T20:21:30.607999+00:00,201,11726.52,
2026-09-11T20:21:30.637504+00:00,201,11703.40,
2026-09-11T20:21:30.743889+00:00,201,11598.99,
2026-09-11T20:21:30.727060+00:00,201,11618.92,
2026-09-11T20:21:30.767566+00:00,201,11579.06,
2026-09-11T20:21:30.802281+00:00,201,11546.82,
2026-09-11T20:21:30.824483+00:00,201,11528.11,
2026-09-11T20:21:30.836540+00:00,201,11519.04,
2026-09-11T20:21:30.854236+00:00,201,11503.34,
2026-09-11T20:21:30.840555+00:00,201,11519.21,
2026-09-11T20:21:30.881338+00:00,201,11482.44,
2026-09-11T20:21:30.932130+00:00,201,11433.81,
2026-09-11T20:21:30.936148+00:00,201,11432.54,
2026-09-11T20:21:30.976717+00:00,201,11395.47,
2026-09-11T20:21:30.964674+00:00,201,11410.09,
2026-09-11T20:21:30.959149+00:00,201,11419.10,
2026-09-11T20:21:30.972703+00:00,201,11407.82,
2026-09-11T20:21:30.980794+00:00,201,11402.28,
2026-09-11T20:21:31.011762+00:00,201,11372.32,
2026-09-11T20:21:31.068045+00:00,201,11319.58,
2026-09-11T20:21:31.083919+00:00,201,11305.76,
2026-09-11T20:21:31.092453+00:00,201,11298.26,
2026-09-11T20:21:31.097729+00:00,201,11296.21,
2026-09-11T20:21:31.108514+00:00,201,11287.87,
2026-09-11T20:21:31.133799+00:00,201,11262.94,
2026-09-11T20:21:31.207230+00:00,201,11193.64,
2026-09-11T20:21:31.221847+00:00,201,11181.50,
2026-09-11T20:21:31.203474+00:00,201,11202.38,
2026-09-11T20:21:31.252029+00:00,201,11155.08,
2026-09-11T20:21:31.260882+00:00,201,11147.12,
2026-09-11T20:21:31.243611+00:00,201,11167.12,
2026-09-11T20:21:31.265534+00:00,201,11146.75,
2026-09-11T20:21:31.279239+00:00,201,11134.27,
2026-09-11T20:21:31.294553+00:00,201,11119.29,
2026-09-11T20:21:31.342545+00:00,201,11071.85,
2026-09-11T20:21:31.351291+00:00,201,11065.32,
2026-09-11T20:21:31.366694+00:00,201,11050.75,
2026-09-11T20:21:31.335549+00:00,201,11084.68,
2026-09-11T20:21:31.380781+00:00,201,11040.77,
2026-09-11T20:21:31.390057+00:00,201,11030.70,
2026-09-11T20:21:31.506606+00:00,201,10917.90,
2026-09-11T20:21:31.615106+00:00,201,10807.77,
2026-09-11T20:21:31.821426+00:00,201,10605.66,
2026-09-11T20:21:31.757189+00:00,201,10670.89,
2026-09-11T20:21:31.850162+00:00,201,10573.99,
2026-09-11T20:21:31.909295+00:00,201,10521.15,
2026-09-11T20:21:31.932395+00:00,201,10495.74,
2026-09-11T20:21:32.173000+00:00,201,10260.02,
2026-09-11T20:21:32.707738+00:00,201,9727.35,
2026-09-11T20:21:32.759476+00:00,201,9679.49,
2026-09-11T20:21:33.407655+00:00,201,9034.88,
2026-09-11T20:21:27.103044+00:00,201,15338.24,
2026-09-11T20:21:27.161495+00:00,201,15285.92,
2026-09-11T20:21:27.182742+00:00,201,15261.82,
2026-09-11T20:21:27.326234+00:00,201,15118.82,
2026-09-11T20:21:27.431062+00:00,201,15019.10,
2026-09-11T20:21:27.510462+00:00,201,14939.48,
2026-09-11T20:21:28.019624+00:00,201,14437.76,
2026-09-11T20:21:28.544779+00:00,201,13913.33,
2026-09-11T20:21:28.575138+00:00,201,13881.67,
2026-09-11T20:21:28.635306+00:00,201,13828.10,
2026-09-11T20:21:28.694410+00:00,201,13769.95,
2026-09-11T20:21:28.759437+00:00,201,13707.52,
2026-09-11T20:21:28.946053+00:00,201,13522.49,
2026-09-11T20:21:29.165709+00:00,201,13306.86,
2026-09-11T20:21:29.367991+00:00,201,13108.65,
2026-09-11T20:21:30.103931+00:00,201,12401.17,
2026-09-11T20:21:30.106583+00:00,201,12399.80,
2026-09-11T20:21:30.131140+00:00,201,12376.03,
2026-09-11T20:21:30.200158+00:00,201,12307.24,
2026-09-11T20:21:30.261766+00:00,201,12249.76,
2026-09-11T20:21:30.321980+00:00,201,12191.79,
2026-09-11T20:21:30.334026+00:00,201,12181.09,
2026-09-11T20:21:30.445106+00:00,201,12075.13,
2026-09-11T20:21:30.505285+00:00,201,12016.92,
2026-09-11T20:21:30.550983+00:00,201,11973.56,
2026-09-11T20:21:30.589302+00:00,201,11938.01,
2026-09-11T20:21:30.578255+00:00,201,11950.78,
2026-09-11T20:21:30.658459+00:00,201,11873.57,
2026-09-11T20:21:30.740577+00:00,201,11793.99,
2026-09-11T20:21:30.818457+00:00,201,11721.52,
2026-09-11T20:21:30.893166+00:00,201,11648.30,
2026-09-11T20:21:30.902215+00:00,201,11641.26,
2026-09-11T20:21:31.042609+00:00,201,11503.74,
2026-09-11T20:21:31.187381+00:00,201,11361.42,
2026-09-11T20:21:31.137811+00:00,201,11412.66,
2026-09-11T20:21:31.267541+00:00,201,11285.11,
2026-09-11T20:21:31.355308+00:00,201,11200.42,
2026-09-11T20:21:31.386043+00:00,201,11171.57,
2026-09-11T20:21:31.483635+00:00,201,11074.65,
2026-09-11T20:21:31.388051+00:00,201,11171.54,
2026-09-11T20:21:31.678225+00:00,201,10879.82,
2026-09-11T20:21:30.675335+00:00,201,11948.92,
2026-09-11T20:21:34.017790+00:00,201,8631.18,
2026-09-11T20:21:34.615620+00:00,201,8023.38,
2026-09-11T20:21:31.940761+00:00,201,10791.40,
2026-09-11T20:21:30.311688+00:00,201,12568.09,
2026-09-11T20:21:31.686287+00:00,0,11303.18,connection_error: 
2026-09-11T20:21:31.740304+00:00,201,11510.46,
2026-09-11T20:21:34.148965+00:00,201,9329.62,
2026-09-11T20:21:34.802836+00:00,201,8687.26,
2026-09-11T20:21:32.875973+00:00,201,15560.31,
2026-09-11T20:21:32.558937+00:00,201,15884.48,
2026-09-11T20:21:34.077013+00:00,201,14378.97,
2026-09-11T20:21:31.965482+00:00,201,16498.03,
2026-09-11T20:21:34.703258+00:00,201,13763.75,
2026-09-11T20:21:33.504789+00:00,201,14969.57,
2026-09-11T20:21:37.457977+00:00,201,11026.53,
2026-09-11T20:21:32.242345+00:00,201,16254.63,
2026-09-11T20:21:41.279749+00:00,201,7222.77,
2026-09-11T20:21:41.279749+00:00,201,7300.78,
2026-09-11T20:21:41.279749+00:00,201,7344.54,
2026-09-11T20:21:41.295729+00:00,201,7349.65,
2026-09-11T20:21:41.295729+00:00,201,7362.80,
2026-09-11T20:21:41.309323+00:00,201,7354.64,
2026-09-11T20:21:41.279749+00:00,201,7383.30,
2026-09-11T20:21:41.295729+00:00,201,7375.95,
2026-09-11T20:21:41.295729+00:00,201,7384.56,
2026-09-11T20:21:41.295729+00:00,201,7404.38,
2026-09-11T20:21:41.279749+00:00,201,7426.86,
2026-09-11T20:21:41.295729+00:00,201,7417.84,
2026-09-11T20:21:41.311375+00:00,201,7414.50,
2026-09-11T20:21:41.311375+00:00,201,7423.82,
2026-09-11T20:21:41.311375+00:00,201,7424.42,
2026-09-11T20:21:41.295729+00:00,201,7446.09,
2026-09-11T20:21:41.311375+00:00,201,7438.58,
2026-09-11T20:21:41.311375+00:00,201,7450.20,
2026-09-11T20:21:41.295729+00:00,201,7486.52,
2026-09-11T20:21:41.311375+00:00,201,7480.92,
2026-09-11T20:21:41.295729+00:00,201,7499.34,
2026-09-11T20:21:41.327074+00:00,201,7483.00,
2026-09-11T20:21:41.311375+00:00,201,7498.03,
2026-09-11T20:21:41.295729+00:00,201,7532.06,
2026-09-11T20:21:41.336325+00:00,201,7503.44,
2026-09-11T20:21:41.311375+00:00,201,7548.10,
2026-09-11T20:21:41.311375+00:00,201,7563.88,
2026-09-11T20:21:41.327074+00:00,201,7557.09,
2026-09-11T20:21:41.338039+00:00,201,7556.58,
2026-09-11T20:21:41.336325+00:00,201,7567.92,
2026-09-11T20:21:41.311375+00:00,201,7611.41,
2026-09-11T20:21:41.327074+00:00,201,7613.22,
2026-09-11T20:21:41.327074+00:00,201,7626.32,
2026-09-11T20:21:41.338039+00:00,201,7625.15,
2026-09-11T20:21:41.327074+00:00,201,7640.67,
2026-09-11T20:21:41.342820+00:00,201,7640.15,
2026-09-11T20:21:41.342820+00:00,201,7645.83,
2026-09-11T20:21:41.342820+00:00,201,7659.79,
2026-09-11T20:21:41.342820+00:00,201,7667.56,
2026-09-11T20:21:41.358620+00:00,201,7663.86,
2026-09-11T20:21:41.342820+00:00,201,7693.12,
2026-09-11T20:21:41.342820+00:00,201,7699.57,
2026-09-11T20:21:41.338039+00:00,201,7719.91,
2026-09-11T20:21:41.327074+00:00,201,7739.33,
2026-09-11T20:21:41.342820+00:00,201,7734.85,
2026-09-11T20:21:41.374362+00:00,201,7726.32,
2026-09-11T20:21:41.374362+00:00,201,7734.67,
2026-09-11T20:21:41.358620+00:00,201,7764.93,
2026-09-11T20:21:41.358620+00:00,201,7786.03,
2026-09-11T20:21:41.374362+00:00,201,7780.82,
2026-09-11T20:21:41.358620+00:00,201,7818.48,
2026-09-11T20:21:41.342820+00:00,201,7841.31,
2026-09-11T20:21:41.390420+00:00,201,7811.54,
2026-09-11T20:21:41.390420+00:00,201,7852.36,
2026-09-11T20:21:41.342820+00:00,201,7904.62,
2026-09-11T20:21:41.390420+00:00,201,7874.60,
2026-09-11T20:21:41.390420+00:00,201,7884.31,
2026-09-11T20:21:41.358620+00:00,201,7932.75,
2026-09-11T20:21:41.358620+00:00,201,7954.35,
2026-09-11T20:21:41.374362+00:00,201,7963.38,
2026-09-11T20:21:41.374362+00:00,201,7984.45,
2026-09-11T20:21:41.431147+00:00,201,7945.48,
2026-09-11T20:21:41.390420+00:00,201,7994.89,
2026-09-11T20:21:41.358620+00:00,201,8043.70,
2026-09-11T20:21:41.416952+00:00,201,8010.11,
2026-09-11T20:21:41.390420+00:00,201,8039.69,
2026-09-11T20:21:41.409505+00:00,201,8050.21,
2026-09-11T20:21:41.390420+00:00,201,8087.86,
2026-09-11T20:21:41.374362+00:00,201,8108.08,
2026-09-11T20:21:41.407501+00:00,201,8106.99,
2026-09-11T20:21:41.419951+00:00,201,8112.61,
2026-09-11T20:21:41.431147+00:00,201,8109.53,
2026-09-11T20:21:41.411950+00:00,201,8156.64,
2026-09-11T20:21:41.431147+00:00,201,8147.03,
2026-09-11T20:21:41.427870+00:00,201,8177.05,
2026-09-11T20:21:41.422457+00:00,201,8241.54,
2026-09-11T20:21:41.414950+00:00,201,8272.99,
2026-09-11T20:21:41.431147+00:00,201,8269.74,
2026-09-11T20:21:41.424634+00:00,201,8305.10,
2026-09-11T20:21:41.431147+00:00,201,8319.48,
2026-09-11T20:21:41.431147+00:00,201,8400.01,
2026-09-11T20:21:41.426641+00:00,201,8431.12,
2026-09-11T20:21:41.450275+00:00,201,8426.15,
2026-09-11T20:21:41.443628+00:00,201,8451.54,
2026-09-11T20:21:41.443628+00:00,201,8474.49,
2026-09-11T20:21:41.450275+00:00,201,8491.01,
2026-09-11T20:21:41.450275+00:00,201,8585.93,
2026-09-11T20:21:41.450275+00:00,201,8605.79,
2026-09-11T20:21:41.460049+00:00,201,8620.98,
2026-09-11T20:21:41.460049+00:00,201,8650.45,
2026-09-11T20:21:41.460049+00:00,201,8673.39,
2026-09-11T20:21:41.460049+00:00,201,8704.42,
2026-09-11T20:21:41.460049+00:00,201,8737.18,
2026-09-11T20:21:41.460049+00:00,201,8751.34,
2026-09-11T20:21:41.460049+00:00,201,8790.97,
2026-09-11T20:21:41.491329+00:00,201,8783.31,
2026-09-11T20:21:41.491329+00:00,201,8798.11,
2026-09-11T20:21:41.491329+00:00,201,8829.27,
2026-09-11T20:21:41.475327+00:00,201,8864.02,
2026-09-11T20:21:41.475327+00:00,201,8884.28,
2026-09-11T20:21:41.475327+00:00,201,8917.38,
2026-09-11T20:21:41.475327+00:00,201,8935.78,
2026-09-11T20:21:41.491329+00:00,201,8938.66,
2026-09-11T20:21:41.507160+00:00,201,8958.14,
2026-09-11T20:21:41.491329+00:00,201,8991.63,
2026-09-11T20:21:41.491329+00:00,201,9018.38,
2026-09-11T20:21:41.475327+00:00,201,9060.17,
2026-09-11T20:21:41.475327+00:00,201,9075.21,
2026-09-11T20:21:41.491329+00:00,201,9082.18,
2026-09-11T20:21:41.475327+00:00,201,9123.70,
2026-09-11T20:21:40.885786+00:00,201,9751.58,
2026-09-11T20:21:42.164352+00:00,201,8498.26,
2026-09-11T20:21:42.164352+00:00,201,8524.36,
2026-09-11T20:21:42.164352+00:00,201,8546.76,
2026-09-11T20:21:42.164352+00:00,201,8585.09,
2026-09-11T20:21:42.179998+00:00,201,8617.74,
2026-09-11T20:21:40.965098+00:00,201,9863.46,
2026-09-11T20:21:42.179998+00:00,201,8685.30,
2026-09-11T20:21:42.164352+00:00,201,8738.74,
2026-09-11T20:21:42.179998+00:00,201,8782.02,
2026-09-11T20:21:42.179998+00:00,201,8806.58,
2026-09-11T20:21:41.060415+00:00,201,9955.64,
2026-09-11T20:21:42.179998+00:00,201,9000.11,
2026-09-11T20:21:42.195907+00:00,201,9024.96,
2026-09-11T20:21:42.179998+00:00,201,9058.77,
2026-09-11T20:21:42.179998+00:00,201,9094.58,
2026-09-11T20:21:42.195907+00:00,201,9115.35,
2026-09-11T20:21:42.195907+00:00,201,9141.68,
2026-09-11T20:21:42.179998+00:00,201,9179.61,
2026-09-11T20:21:42.179998+00:00,201,9203.85,
2026-09-11T20:21:42.179998+00:00,201,9237.31,
2026-09-11T20:21:42.195907+00:00,201,9264.98,
2026-09-11T20:21:42.195907+00:00,201,9288.92,
2026-09-11T20:21:42.195907+00:00,201,9323.44,
2026-09-11T20:21:41.139032+00:00,201,10409.43,
2026-09-11T20:21:42.195907+00:00,201,9386.62,
2026-09-11T20:21:42.195907+00:00,201,9417.44,
2026-09-11T20:21:42.195907+00:00,201,9444.94,
2026-09-11T20:21:42.209993+00:00,201,9477.90,
2026-09-11T20:21:42.195907+00:00,201,9511.00,
2026-09-11T20:21:42.195907+00:00,201,9550.63,
2026-09-11T20:21:42.195907+00:00,201,9576.84,
2026-09-11T20:21:42.209993+00:00,201,9604.00,
2026-09-11T20:21:42.211744+00:00,201,9636.52,
2026-09-11T20:21:42.227651+00:00,201,9655.22,
2026-09-11T20:21:42.211744+00:00,201,9700.67,
2026-09-11T20:21:42.211744+00:00,201,9737.63,
2026-09-11T20:21:42.211744+00:00,201,9771.48,
2026-09-11T20:21:42.211744+00:00,201,9820.31,
2026-09-11T20:21:42.211744+00:00,201,9853.16,
2026-09-11T20:21:42.211744+00:00,201,9890.74,
2026-09-11T20:21:42.211744+00:00,201,9920.67,
2026-09-11T20:21:42.211744+00:00,201,9963.01,
2026-09-11T20:21:42.211744+00:00,201,10002.09,
2026-09-11T20:21:42.211744+00:00,201,10029.06,
2026-09-11T20:21:42.211744+00:00,201,10066.54,
2026-09-11T20:21:42.243425+00:00,201,10079.74,
2026-09-11T20:21:42.211744+00:00,201,10141.65,
2026-09-11T20:21:42.236103+00:00,201,10165.60,
2026-09-11T20:21:42.234518+00:00,201,10216.47,
2026-09-11T20:21:42.251250+00:00,201,10235.35,
2026-09-11T20:21:42.227651+00:00,201,10304.48,
2026-09-11T20:21:42.236103+00:00,201,10344.68,
2026-09-11T20:21:42.243425+00:00,201,10373.69,
2026-09-11T20:21:42.211744+00:00,201,10439.08,
2026-09-11T20:21:42.234518+00:00,201,10465.19,
2026-09-11T20:21:42.232787+00:00,201,10530.85,
2026-09-11T20:21:42.243425+00:00,201,10576.31,
2026-09-11T20:21:42.227651+00:00,201,10644.34,
2026-09-11T20:21:42.236103+00:00,201,10693.51,
2026-09-11T20:21:42.243425+00:00,201,10744.62,
2026-09-11T20:21:42.251250+00:00,201,10799.68,
2026-09-11T20:21:42.227651+00:00,201,10886.28,
2026-09-11T20:21:42.236103+00:00,201,10941.38,
2026-09-11T20:21:42.251250+00:00,201,10982.45,
2026-09-11T20:21:42.243425+00:00,201,11038.05,
2026-09-11T20:21:42.243425+00:00,201,11080.01,
2026-09-11T20:21:42.251250+00:00,201,11136.46,
2026-09-11T20:21:42.259890+00:00,201,11179.75,
2026-09-11T20:21:42.236103+00:00,201,11253.11,
2026-09-11T20:21:42.259890+00:00,201,11273.51,
2026-09-11T20:21:42.251250+00:00,201,11319.44,
2026-09-11T20:21:42.251250+00:00,201,11362.93,
2026-09-11T20:21:42.259890+00:00,201,11392.42,
2026-09-11T20:21:42.275448+00:00,201,11445.40,
2026-09-11T20:21:42.259890+00:00,201,11619.45,
2026-09-11T20:21:42.259890+00:00,201,11678.33,
2026-09-11T20:21:42.259333+00:00,201,11737.94,
2026-09-11T20:21:42.309974+00:00,201,12126.05,
2026-09-11T20:21:42.338824+00:00,201,12232.06,
2026-09-11T20:21:42.338824+00:00,201,12302.84,
2026-09-11T20:21:42.325492+00:00,201,12345.27,
2026-09-11T20:21:42.354759+00:00,201,12439.49,
2026-09-11T20:21:42.338824+00:00,201,12482.71,
2026-09-11T20:21:42.325492+00:00,201,12613.91,
2026-09-11T20:21:42.338824+00:00,201,12638.15,
2026-09-11T20:21:42.389159+00:00,201,12620.57,
2026-09-11T20:21:42.391156+00:00,201,12756.75,
2026-09-11T20:21:42.370506+00:00,201,12806.65,
2026-09-11T20:21:42.403352+00:00,201,12865.56,
2026-09-11T20:21:42.418382+00:00,201,12970.96,
2026-09-11T20:21:42.426937+00:00,201,13034.12,
2026-09-11T20:21:42.259890+00:00,201,13263.34,
2026-09-11T20:21:42.259890+00:00,201,13279.03,
2026-09-11T20:21:42.275448+00:00,201,13261.17,
2026-09-11T20:21:41.570974+00:00,201,13977.64,
2026-09-11T20:21:42.275448+00:00,201,13277.84,
2026-09-11T20:21:42.259890+00:00,201,13294.64,
2026-09-11T20:21:42.291335+00:00,201,13266.56,
2026-09-11T20:21:42.291335+00:00,201,13262.68,
2026-09-11T20:21:42.259890+00:00,201,13297.35,
2026-09-11T20:21:42.291335+00:00,201,13282.94,
2026-09-11T20:21:42.325492+00:00,201,13249.48,
2026-09-11T20:21:42.291335+00:00,201,13275.62,
2026-09-11T20:21:42.291335+00:00,201,13291.97,
2026-09-11T20:21:42.309974+00:00,201,13278.87,
2026-09-11T20:21:42.275448+00:00,201,13307.03,
2026-09-11T20:21:42.325492+00:00,201,13268.56,
2026-09-11T20:21:42.309974+00:00,201,13279.22,
2026-09-11T20:21:42.309974+00:00,201,13288.80,
2026-09-11T20:21:42.322820+00:00,201,13278.61,
2026-09-11T20:21:42.275448+00:00,201,13317.54,
2026-09-11T20:21:42.322820+00:00,201,13285.48,
2026-09-11T20:21:42.309974+00:00,201,13297.66,
2026-09-11T20:21:42.338824+00:00,201,13263.08,
2026-09-11T20:21:42.337081+00:00,201,13279.06,
2026-09-11T20:21:42.309974+00:00,201,13301.62,
2026-09-11T20:21:42.338824+00:00,201,13277.22,
2026-09-11T20:21:42.291335+00:00,201,13322.45,
2026-09-11T20:21:42.383156+00:00,201,13241.81,
2026-09-11T20:21:42.380846+00:00,201,13247.12,
2026-09-11T20:21:42.407834+00:00,201,13224.92,
2026-09-11T20:21:41.564594+00:00,201,14069.03,
2026-09-11T20:21:42.435763+00:00,201,13199.15,
2026-09-11T20:21:42.164352+00:00,201,13474.73,
2026-09-11T20:21:32.572992+00:00,201,23070.90,
2026-09-11T20:21:32.546420+00:00,201,23098.98,
2026-09-11T20:21:33.639870+00:00,201,22012.06,
2026-09-11T20:21:40.854451+00:00,201,14789.61,
2026-09-11T20:21:40.394202+00:00,201,15265.54,
2026-09-11T20:21:40.170912+00:00,201,15491.93,
2026-09-11T20:21:31.956586+00:00,201,23707.21,
2026-09-11T20:21:34.131617+00:00,201,21530.29,
2026-09-11T20:21:40.727351+00:00,201,14940.65,
2026-09-11T20:21:41.609826+00:00,201,14059.14,
2026-09-11T20:21:40.908565+00:00,201,14768.83,
2026-09-11T20:21:40.876718+00:00,201,14799.44,
2026-09-11T20:21:41.602389+00:00,201,14080.93,
2026-09-11T20:21:40.632501+00:00,201,15043.86,
2026-09-11T20:21:41.123385+00:00,201,14557.77,
2026-09-11T20:21:41.029929+00:00,201,14661.49,
2026-09-11T20:21:41.713785+00:00,201,13987.87,
2026-09-11T20:21:41.703430+00:00,201,14001.81,
2026-09-11T20:21:41.638274+00:00,201,14080.77,
2026-09-11T20:21:41.570974+00:00,201,14141.94,
2026-09-11T20:21:41.793322+00:00,201,13924.84,
2026-09-11T20:21:41.652921+00:00,201,14080.56,
2026-09-11T20:21:42.615768+00:00,201,13121.85,
2026-09-11T20:21:41.763775+00:00,201,13989.07,
2026-09-11T20:21:42.259890+00:00,201,13565.71,
2026-09-11T20:21:42.275448+00:00,201,13558.66,
2026-09-11T20:21:42.291335+00:00,201,13541.65,
2026-09-11T20:21:42.259890+00:00,201,13567.83,
2026-09-11T20:21:42.259890+00:00,201,13577.66,
2026-09-11T20:21:42.275448+00:00,201,13558.14,
2026-09-11T20:21:42.275448+00:00,201,13564.21,
2026-09-11T20:21:42.291335+00:00,201,13559.15,
2026-09-11T20:21:42.275448+00:00,201,13577.56,
2026-09-11T20:21:42.309974+00:00,201,13542.84,
2026-09-11T20:21:42.291335+00:00,201,13558.12,
2026-09-11T20:21:42.338824+00:00,201,13520.43,
2026-09-11T20:21:42.375846+00:00,201,13492.62,
2026-09-11T20:21:42.415136+00:00,201,13457.49,
2026-09-11T20:21:42.412126+00:00,201,13461.98,
2026-09-11T20:21:42.422377+00:00,201,13452.70,
2026-09-11T20:21:42.426937+00:00,201,13445.08,
2026-09-11T20:21:42.434129+00:00,201,13443.90,
2026-09-11T20:21:42.426937+00:00,201,13450.84,
2026-09-11T20:21:32.482102+00:00,201,23399.54,
2026-09-11T20:21:42.425380+00:00,201,13458.36,
2026-09-11T20:21:42.434129+00:00,201,13451.99,
2026-09-11T20:21:34.775122+00:00,201,21109.16,
2026-09-11T20:21:39.950384+00:00,201,15936.08,
2026-09-11T20:21:41.793322+00:00,201,14094.13,
2026-09-11T20:21:31.800227+00:00,201,24099.09,
2026-09-11T20:21:32.110655+00:00,201,23794.94,
2026-09-11T20:21:33.080330+00:00,201,22822.99,
2026-09-11T20:21:32.838990+00:00,201,23071.77,
2026-09-11T20:21:39.966198+00:00,201,15933.58,
2026-09-11T20:21:40.220088+00:00,201,15695.80,
2026-09-11T20:21:40.791057+00:00,201,15115.00,
2026-09-11T20:21:40.679850+00:00,201,15235.12,
2026-09-11T20:21:40.426961+00:00,201,15494.50,
2026-09-11T20:21:40.933713+00:00,201,14983.51,
2026-09-11T20:21:41.682131+00:00,201,14242.80,
2026-09-11T20:21:40.981068+00:00,201,14938.21,
2026-09-11T20:21:41.850527+00:00,201,14084.97,
2026-09-11T20:21:41.642296+00:00,201,14291.69,
2026-09-11T20:21:41.909813+00:00,201,14026.20,
2026-09-11T20:21:41.950763+00:00,201,13992.58,
2026-09-11T20:21:42.010035+00:00,201,13939.87,
2026-09-11T20:21:41.872794+00:00,201,14069.37,
2026-09-11T20:21:41.809806+00:00,201,14145.72,
2026-09-11T20:21:42.259890+00:00,201,13871.09,
2026-09-11T20:21:42.306966+00:00,201,13830.11,
2026-09-11T20:21:42.325492+00:00,201,13809.42,
2026-09-11T20:21:42.354759+00:00,201,13789.05,
2026-09-11T20:21:42.354759+00:00,201,13789.01,
2026-09-11T20:21:42.370100+00:00,201,13782.69,
2026-09-11T20:21:42.403352+00:00,201,13751.29,
2026-09-11T20:21:42.416133+00:00,201,13740.04,
2026-09-11T20:21:42.411123+00:00,201,13746.84,
2026-09-11T20:21:42.417383+00:00,201,13741.99,
2026-09-11T20:21:42.426937+00:00,201,13730.18,
2026-09-11T20:21:41.777480+00:00,201,14379.78,
2026-09-11T20:21:41.713785+00:00,201,14446.14,
2026-09-11T20:21:41.740573+00:00,201,14434.08,
2026-09-11T20:21:41.749090+00:00,201,14422.85,
2026-09-11T20:21:41.618349+00:00,201,14554.12,
2026-09-11T20:21:41.660004+00:00,201,14514.41,
2026-09-11T20:21:41.832692+00:00,201,14340.69,
2026-09-11T20:21:41.857507+00:00,201,14322.76,
2026-09-11T20:21:41.888452+00:00,201,14282.27,
2026-09-11T20:21:41.941902+00:00,201,14237.10,
2026-09-11T20:21:41.857507+00:00,201,14317.46,
2026-09-11T20:21:41.982632+00:00,201,14203.88,
2026-09-11T20:21:42.635902+00:00,201,13553.79,
2026-09-11T20:21:41.982632+00:00,201,14193.26,
2026-09-11T20:21:42.050989+00:00,201,14139.51,
2026-09-11T20:21:34.338176+00:00,201,21856.07,
2026-09-11T20:21:35.026981+00:00,201,21167.03,
2026-09-11T20:21:34.055646+00:00,201,22140.26,
2026-09-11T20:21:32.368953+00:00,201,23829.91,
2026-09-11T20:21:34.037655+00:00,201,22189.33,
2026-09-11T20:21:40.275599+00:00,201,15954.02,
2026-09-11T20:21:40.521128+00:00,201,15704.97,
2026-09-11T20:21:41.832692+00:00,201,14399.63,
2026-09-11T20:21:41.825336+00:00,201,14404.66,
2026-09-11T20:21:41.872794+00:00,201,14363.59,
2026-09-11T20:21:39.934642+00:00,201,16304.60,
2026-09-11T20:21:40.695863+00:00,201,15546.63,
2026-09-11T20:21:40.957776+00:00,201,15282.38,
2026-09-11T20:21:41.926776+00:00,201,14321.37,
2026-09-11T20:21:41.966801+00:00,201,14280.65,
2026-09-11T20:21:42.062323+00:00,201,14184.76,
2026-09-11T20:21:32.413795+00:00,201,23847.48,
2026-09-11T20:21:32.767416+00:00,201,23488.36,
2026-09-11T20:21:33.215848+00:00,201,23056.41,
2026-09-11T20:21:34.238757+00:00,201,22029.45,
2026-09-11T20:21:39.934642+00:00,201,16334.22,
2026-09-11T20:21:40.318421+00:00,201,15963.68,
2026-09-11T20:21:41.872794+00:00,201,14397.88,
2026-09-11T20:21:37.140943+00:00,201,19146.56,
2026-09-11T20:21:41.931192+00:00,201,14361.69,
2026-09-11T20:21:40.066627+00:00,201,16224.75,
2026-09-11T20:21:41.966801+00:00,201,14325.26,
2026-09-11T20:21:40.711515+00:00,201,15585.52,
2026-09-11T20:21:41.850527+00:00,201,14452.50,
2026-09-11T20:21:34.728766+00:00,201,21583.65,
2026-09-11T20:21:43.110737+00:00,201,13196.73,
2026-09-11T20:21:42.031964+00:00,201,14287.64,
2026-09-11T20:21:32.400699+00:00,201,23921.44,
2026-09-11T20:21:34.201734+00:00,201,22126.48,
2026-09-11T20:21:39.380347+00:00,201,16949.77,
2026-09-11T20:21:40.628311+00:00,201,15714.21,
2026-09-11T20:21:39.918526+00:00,201,16431.32,
2026-09-11T20:21:32.424857+00:00,201,23930.11,
2026-09-11T20:21:40.101319+00:00,201,16261.71,
2026-09-11T20:21:34.933086+00:00,201,21428.96,
2026-09-11T20:21:39.446715+00:00,201,16925.41,
2026-09-11T20:21:39.981929+00:00,201,16388.75,
2026-09-11T20:21:42.033526+00:00,201,14340.73,
2026-09-11T20:21:40.711515+00:00,201,15661.12,
2026-09-11T20:21:41.941902+00:00,201,14446.57,
2026-09-11T20:21:41.909813+00:00,201,14485.32,
2026-09-11T20:21:32.925363+00:00,201,23477.94,
2026-09-11T20:21:33.178354+00:00,201,23236.76,
2026-09-11T20:21:34.222663+00:00,201,22200.79,
2026-09-11T20:21:32.432394+00:00,201,23997.06,
2026-09-11T20:21:32.719989+00:00,201,23711.95,
2026-09-11T20:21:39.475757+00:00,201,16951.57,
2026-09-11T20:21:33.273813+00:00,201,23168.38,
2026-09-11T20:21:40.241479+00:00,201,16209.30,
2026-09-11T20:21:40.378408+00:00,201,16079.87,
2026-09-11T20:21:41.998585+00:00,201,14463.35,
2026-09-11T20:21:43.476102+00:00,201,12998.42,
2026-09-11T20:21:33.667607+00:00,201,22820.25,
2026-09-11T20:21:40.775350+00:00,201,15714.47,
2026-09-11T20:21:40.269587+00:00,201,16227.96,
2026-09-11T20:21:40.045844+00:00,201,16459.45,
2026-09-11T20:21:42.077804+00:00,201,14425.74,
2026-09-11T20:21:33.704899+00:00,201,22818.05,
2026-09-11T20:21:35.057143+00:00,201,21474.30,
2026-09-11T20:21:38.201420+00:00,201,18335.10,
2026-09-11T20:21:31.733987+00:00,201,24807.44,
2026-09-11T20:21:40.775350+00:00,201,15755.93,
2026-09-11T20:21:40.057991+00:00,201,16491.90,
2026-09-11T20:21:32.074224+00:00,201,24479.80,
2026-09-11T20:21:40.458080+00:00,201,16100.77,
2026-09-11T20:21:40.289369+00:00,201,16272.80,
2026-09-11T20:21:43.623613+00:00,201,12943.76,
2026-09-11T20:21:33.725135+00:00,201,22851.48,
2026-09-11T20:21:34.384186+00:00,201,22197.12,
2026-09-11T20:21:39.554897+00:00,201,17027.16,
2026-09-11T20:21:39.925402+00:00,201,16662.00,
2026-09-11T20:21:35.087459+00:00,201,21506.22,
2026-09-11T20:21:40.791057+00:00,201,15801.97,
2026-09-11T20:21:42.093636+00:00,201,14513.74,
2026-09-11T20:21:40.295383+00:00,201,16321.06,
2026-09-11T20:21:39.570993+00:00,201,17039.34,
2026-09-11T20:21:33.744510+00:00,201,22882.60,
2026-09-11T20:21:37.632573+00:00,201,18996.82,
2026-09-11T20:21:34.401166+00:00,201,22233.17,
2026-09-11T20:21:40.808383+00:00,201,15836.47,
2026-09-11T20:21:39.886456+00:00,201,16764.20,
2026-09-11T20:21:39.634187+00:00,201,17023.22,
2026-09-11T20:21:32.494655+00:00,201,24174.96,
2026-09-11T20:21:40.489326+00:00,201,16186.87,
2026-09-11T20:21:34.426655+00:00,201,22252.50,
2026-09-11T20:21:40.829421+00:00,201,15853.86,
2026-09-11T20:21:42.106984+00:00,201,14583.82,
2026-09-11T20:21:43.730547+00:00,201,12967.54,
2026-09-11T20:21:40.489326+00:00,201,16217.30,
2026-09-11T20:21:40.838207+00:00,201,15882.76,
2026-09-11T20:21:34.453231+00:00,201,22277.39,
2026-09-11T20:21:38.256540+00:00,201,18477.36,
2026-09-11T20:21:42.110049+00:00,201,14628.43,
2026-09-11T20:21:39.665676+00:00,201,17068.22,
2026-09-11T20:21:40.507941+00:00,201,16245.58,
2026-09-11T20:21:35.204157+00:00,201,21553.08,
2026-09-11T20:21:42.148718+00:00,201,14606.54,
2026-09-11T20:21:40.849321+00:00,201,15915.74,
2026-09-11T20:21:34.473133+00:00,201,22294.95,
2026-09-11T20:21:42.110049+00:00,201,14662.83,
2026-09-11T20:21:38.267000+00:00,201,18513.82,
2026-09-11T20:21:34.501741+00:00,201,22289.49,
2026-09-11T20:21:38.377999+00:00,201,18405.24,
2026-09-11T20:21:39.681435+00:00,201,17108.41,
2026-09-11T20:21:40.458080+00:00,201,16339.81,
2026-09-11T20:21:42.110049+00:00,201,14694.22,
2026-09-11T20:21:39.700984+00:00,201,17112.47,
2026-09-11T20:21:32.017088+00:00,201,24804.44,
2026-09-11T20:21:34.522653+00:00,201,22307.31,
2026-09-11T20:21:32.132019+00:00,201,24708.95,
2026-09-11T20:21:39.713101+00:00,201,17132.07,
2026-09-11T20:21:42.148718+00:00,201,14690.85,
2026-09-11T20:21:32.305292+00:00,201,24574.89,
2026-09-11T20:21:42.148718+00:00,201,14723.33,
2026-09-11T20:21:32.080718+00:00,201,24815.10,
2026-09-11T20:21:34.652293+00:00,201,22247.99,
2026-09-11T20:21:39.775903+00:00,201,17118.36,
2026-09-11T20:21:40.702418+00:00,201,16205.47,
2026-09-11T20:21:34.602813+00:00,201,22312.26,
2026-09-11T20:21:32.116338+00:00,201,24798.57,
2026-09-11T20:21:40.326001+00:00,201,16595.96,
2026-09-11T20:21:32.290303+00:00,201,24644.38,
2026-09-11T20:21:32.678862+00:00,201,24260.61,
2026-09-11T20:21:42.647391+00:00,201,14295.01,
2026-09-11T20:21:42.134571+00:00,201,14813.34,
2026-09-11T20:21:39.824191+00:00,201,17123.04,
2026-09-11T20:21:44.124375+00:00,201,12832.18,
2026-09-11T20:21:43.488654+00:00,201,13479.88,
2026-09-11T20:21:38.132028+00:00,201,18842.16,
2026-09-11T20:21:39.854872+00:00,201,17124.41,
2026-09-11T20:21:42.148718+00:00,201,14829.18,
2026-09-11T20:21:32.966484+00:00,201,24023.40,
2026-09-11T20:21:42.137571+00:00,201,14861.32,
2026-09-11T20:21:42.251250+00:00,201,14890.49,
2026-09-11T20:21:42.391156+00:00,201,14769.00,
2026-09-11T20:21:42.400793+00:00,201,14769.47,
2026-09-11T20:21:42.413131+00:00,201,14759.19,
2026-09-11T20:21:41.682131+00:00,201,15574.75,
2026-09-11T20:21:41.825336+00:00,201,15433.17,
2026-09-11T20:21:31.476777+00:00,201,25791.45,
2026-09-11T20:21:41.732598+00:00,201,15537.20,
2026-09-11T20:21:41.777480+00:00,201,15485.10,
2026-09-11T20:21:41.091552+00:00,201,16174.62,
2026-09-11T20:21:39.374837+00:00,201,17896.27,
2026-09-11T20:21:34.829281+00:00,201,22445.34,
2026-09-11T20:21:32.392395+00:00,201,24883.86,
2026-09-11T20:21:39.902389+00:00,201,17374.30,
2026-09-11T20:21:32.224189+00:00,201,25053.76,
2026-09-11T20:21:40.808383+00:00,201,16467.99,
2026-09-11T20:21:40.228914+00:00,201,17052.19,
2026-09-11T20:21:31.529562+00:00,201,25751.88,
2026-09-11T20:21:40.584858+00:00,201,16699.12,
2026-09-11T20:21:33.124308+00:00,201,24161.19,
2026-09-11T20:21:31.515856+00:00,201,25767.92,
2026-09-11T20:21:41.008864+00:00,201,16275.87,
2026-09-11T20:21:42.879189+00:00,201,14409.74,
2026-09-11T20:21:40.426961+00:00,201,16855.08,
2026-09-11T20:21:41.123385+00:00,201,16161.80,
2026-09-11T20:21:40.933713+00:00,201,16344.62,
2026-09-11T20:21:34.180615+00:00,201,23114.41,
2026-09-11T20:21:41.670431+00:00,201,15625.39,
2026-09-11T20:21:41.919916+00:00,201,15374.20,
2026-09-11T20:21:41.777480+00:00,201,15519.65,
2026-09-11T20:21:41.850527+00:00,201,15446.81,
2026-09-11T20:21:41.809806+00:00,201,15486.54,
2026-09-11T20:21:42.884009+00:00,201,14405.15,
2026-09-11T20:21:41.857507+00:00,201,15437.03,
2026-09-11T20:21:41.959646+00:00,201,15342.83,
2026-09-11T20:21:42.014329+00:00,201,15292.18,
2026-09-11T20:21:42.062323+00:00,201,15241.28,
2026-09-11T20:21:40.822560+00:00,201,16485.10,
2026-09-11T20:21:41.809806+00:00,201,15491.00,
2026-09-11T20:21:41.049695+00:00,201,16258.14,
2026-09-11T20:21:41.109105+00:00,201,16193.96,
2026-09-11T20:21:42.014329+00:00,201,15296.52,
2026-09-11T20:21:41.966801+00:00,201,15345.29,
2026-09-11T20:21:41.919916+00:00,201,15391.99,
2026-09-11T20:21:41.841252+00:00,201,15475.43,
2026-09-11T20:21:41.857507+00:00,201,15448.21,
2026-09-11T20:21:40.957776+00:00,201,16363.36,
2026-09-11T20:21:42.062323+00:00,201,15253.44,
2026-09-11T20:21:42.014329+00:00,201,15301.86,
2026-09-11T20:21:40.933713+00:00,201,16391.99,
2026-09-11T20:21:32.647286+00:00,201,24680.47,
2026-09-11T20:21:40.441427+00:00,201,16884.62,
2026-09-11T20:21:34.856305+00:00,201,22474.16,
2026-09-11T20:21:33.465767+00:00,201,23866.57,
2026-09-11T20:21:33.251391+00:00,201,24082.40,
2026-09-11T20:21:34.269906+00:00,201,23064.79,
2026-09-11T20:21:40.908565+00:00,201,16420.53,
2026-09-11T20:21:40.362574+00:00,201,16968.65,
2026-09-11T20:21:37.524664+00:00,201,19811.63,
2026-09-11T20:21:41.888452+00:00,201,15449.73,
2026-09-11T20:21:39.396357+00:00,201,17943.37,
2026-09-11T20:21:42.978744+00:00,201,14352.40,
2026-09-11T20:21:34.315727+00:00,201,23029.01,
2026-09-11T20:21:34.990864+00:00,201,22348.02,
2026-09-11T20:21:38.152604+00:00,201,19194.87,
2026-09-11T20:21:42.077804+00:00,201,15262.08,
2026-09-11T20:21:41.933452+00:00,201,15416.91,
2026-09-11T20:21:41.959646+00:00,201,15386.23,
2026-09-11T20:21:31.971776+00:00,201,25380.33,
2026-09-11T20:21:33.307857+00:00,201,24038.94,
2026-09-11T20:21:39.506969+00:00,201,17842.54,
2026-09-11T20:21:38.178154+00:00,201,19171.89,
2026-09-11T20:21:40.412565+00:00,201,16946.77,
2026-09-11T20:21:42.014329+00:00,201,15331.47,
2026-09-11T20:21:34.352239+00:00,201,23001.04,
2026-09-11T20:21:39.538890+00:00,201,17811.32,
2026-09-11T20:21:42.033526+00:00,201,15329.56,
2026-09-11T20:21:42.093636+00:00,201,15270.79,
2026-09-11T20:21:42.033526+00:00,201,15329.77,
2026-09-11T20:21:32.256160+00:00,201,25112.87,
2026-09-11T20:21:35.114626+00:00,201,22252.57,
2026-09-11T20:21:40.086205+00:00,201,17282.92,
2026-09-11T20:21:40.473388+00:00,201,16890.33,
2026-09-11T20:21:33.763449+00:00,201,23610.13,
2026-09-11T20:21:40.139928+00:00,201,17228.77,
2026-09-11T20:21:38.234596+00:00,201,19133.92,
2026-09-11T20:21:39.649961+00:00,201,17729.37,
2026-09-11T20:21:35.175995+00:00,201,22204.50,
2026-09-11T20:21:40.536855+00:00,201,16841.37,
2026-09-11T20:21:33.784681+00:00,201,23597.90,
2026-09-11T20:21:33.807247+00:00,201,23577.64,
2026-09-11T20:21:40.283355+00:00,201,17101.25,
2026-09-11T20:21:42.148718+00:00,201,15228.81,
2026-09-11T20:21:33.829679+00:00,201,23558.83,
2026-09-11T20:21:40.190030+00:00,201,17198.80,
2026-09-11T20:21:43.854552+00:00,201,13533.61,
2026-09-11T20:21:40.584858+00:00,201,16798.35,
2026-09-11T20:21:42.110049+00:00,201,15275.15,
2026-09-11T20:21:42.110049+00:00,201,15274.50,
2026-09-11T20:21:33.886503+00:00,201,23510.69,
2026-09-11T20:21:38.688306+00:00,201,18710.49,
2026-09-11T20:21:34.548912+00:00,201,22848.06,
2026-09-11T20:21:39.760218+00:00,201,17630.14,
2026-09-11T20:21:32.007466+00:00,201,25390.92,
2026-09-11T20:21:34.576625+00:00,201,22826.32,
2026-09-11T20:21:32.327031+00:00,201,25079.92,
2026-09-11T20:21:39.791913+00:00,201,17609.11,
2026-09-11T20:21:38.090981+00:00,201,19319.81,
2026-09-11T20:21:32.806743+00:00,201,24604.92,
2026-09-11T20:21:32.664474+00:00,201,24749.60,
2026-09-11T20:21:34.678049+00:00,201,22799.62,
2026-09-11T20:21:39.570993+00:00,201,17906.58,
2026-09-11T20:21:39.618536+00:00,201,17864.87,
2026-09-11T20:21:42.456759+00:00,201,15019.73,
2026-09-11T20:21:40.708150+00:00,201,16778.21,
2026-09-11T20:21:36.130830+00:00,201,21349.52,
2026-09-11T20:21:42.456759+00:00,201,15025.63,
2026-09-11T20:21:44.639650+00:00,201,12852.35,
2026-09-11T20:21:36.209335+00:00,201,21289.89,
2026-09-11T20:21:39.824191+00:00,201,17664.18,
2026-09-11T20:21:39.424959+00:00,201,18079.30,
2026-09-11T20:21:40.854451+00:00,201,16649.63,
2026-09-11T20:21:40.869975+00:00,201,16636.02,
2026-09-11T20:21:39.522811+00:00,201,17979.26,
2026-09-11T20:21:36.272871+00:00,201,21240.69,
2026-09-11T20:21:36.304205+00:00,201,21213.64,
2026-09-11T20:21:39.475757+00:00,201,18040.87,
2026-09-11T20:21:39.498563+00:00,201,18019.81,
2026-09-11T20:21:41.020091+00:00,201,16500.90,
2026-09-11T20:21:36.333229+00:00,201,21190.75,
2026-09-11T20:21:36.358029+00:00,201,21160.24,
2026-09-11T20:21:39.713101+00:00,201,17810.81,
2026-09-11T20:21:31.599149+00:00,201,25932.48,
2026-09-11T20:21:36.390613+00:00,201,21138.95,
2026-09-11T20:21:36.423402+00:00,201,21111.80,
2026-09-11T20:21:44.776137+00:00,201,12772.93,
2026-09-11T20:21:36.454715+00:00,201,21087.93,
2026-09-11T20:21:36.486045+00:00,201,21059.61,
2026-09-11T20:21:41.570974+00:00,201,15985.18,
2026-09-11T20:21:41.570974+00:00,201,15982.72,
2026-09-11T20:21:36.670552+00:00,201,20889.38,
2026-09-11T20:21:41.591738+00:00,201,15973.23,
2026-09-11T20:21:36.851847+00:00,201,20721.64,
2026-09-11T20:21:41.609826+00:00,201,15964.69,
2026-09-11T20:21:36.927328+00:00,201,20647.32,
2026-09-11T20:21:32.822769+00:00,201,24761.96,
2026-09-11T20:21:44.884573+00:00,201,12702.59,
2026-09-11T20:21:42.504141+00:00,201,15085.74,
2026-09-11T20:21:31.827460+00:00,201,25767.41,
2026-09-11T20:21:42.504141+00:00,201,15092.60,
2026-09-11T20:21:36.563491+00:00,201,21038.80,
2026-09-11T20:21:42.504141+00:00,201,15097.30,
2026-09-11T20:21:44.918090+00:00,201,12694.33,
2026-09-11T20:21:36.641749+00:00,201,20973.77,
2026-09-11T20:21:36.717901+00:00,201,20901.47,
2026-09-11T20:21:42.510242+00:00,201,15117.54,
2026-09-11T20:21:31.874105+00:00,201,25751.81,
2026-09-11T20:21:36.765042+00:00,201,20866.55,
2026-09-11T20:21:44.977119+00:00,201,12663.19,
2026-09-11T20:21:42.510242+00:00,201,15132.89,
2026-09-11T20:21:41.713785+00:00,201,15939.17,
2026-09-11T20:21:36.517565+00:00,201,21128.81,
2026-09-11T20:21:42.510242+00:00,201,15146.80,
2026-09-11T20:21:41.713785+00:00,201,15944.42,
2026-09-11T20:21:41.735761+00:00,201,15936.88,
2026-09-11T20:21:45.024299+00:00,201,12647.48,
2026-09-11T20:21:42.519836+00:00,201,15161.75,
2026-09-11T20:21:42.647391+00:00,201,15034.14,
2026-09-11T20:21:32.208542+00:00,201,25478.94,
2026-09-11T20:21:41.749090+00:00,201,15944.37,
2026-09-11T20:21:45.081066+00:00,201,12616.45,
2026-09-11T20:21:40.204071+00:00,201,17493.96,
2026-09-11T20:21:39.966198+00:00,201,17733.79,
2026-09-11T20:21:41.777480+00:00,201,15927.72,
2026-09-11T20:21:40.414570+00:00,201,17292.63,
2026-09-11T20:21:40.664674+00:00,201,17043.57,
2026-09-11T20:21:42.519836+00:00,201,15193.50,
2026-09-11T20:21:45.116550+00:00,201,12604.80,
2026-09-11T20:21:42.519836+00:00,201,15198.05,
2026-09-11T20:21:41.793322+00:00,201,15936.51,
2026-09-11T20:21:41.793322+00:00,201,15932.06,
2026-09-11T20:21:40.981068+00:00,201,16752.69,
2026-09-11T20:21:41.586719+00:00,201,16159.01,
2026-09-11T20:21:41.793322+00:00,201,15941.20,
2026-09-11T20:21:45.169696+00:00,201,12575.02,
2026-09-11T20:21:41.602389+00:00,201,16148.16,
2026-09-11T20:21:41.809806+00:00,201,15937.00,
2026-09-11T20:21:42.519836+00:00,201,15231.62,
2026-09-11T20:21:41.832692+00:00,201,15930.97,
2026-09-11T20:21:42.535662+00:00,201,15238.64,
2026-09-11T20:21:41.857507+00:00,201,15918.50,
2026-09-11T20:21:41.742719+00:00,201,16044.34,
2026-09-11T20:21:42.535662+00:00,201,15255.60,
2026-09-11T20:21:41.769974+00:00,201,16028.82,
2026-09-11T20:21:42.535662+00:00,201,15262.81,
2026-09-11T20:21:41.769974+00:00,201,16033.94,
2026-09-11T20:21:42.535662+00:00,201,15269.54,
2026-09-11T20:21:41.872794+00:00,201,15944.43,
2026-09-11T20:21:42.535662+00:00,201,15280.81,
2026-09-11T20:21:41.888452+00:00,201,15927.59,
2026-09-11T20:21:41.939804+00:00,201,15895.47,
2026-09-11T20:21:42.535662+00:00,201,15289.30,
2026-09-11T20:21:42.535662+00:00,201,15291.58,
2026-09-11T20:21:41.966801+00:00,201,15865.56,
2026-09-11T20:21:41.950763+00:00,201,15898.03,
2026-09-11T20:21:41.998585+00:00,201,15852.00,
2026-09-11T20:21:45.314260+00:00,201,12540.41,
2026-09-11T20:21:39.348428+00:00,201,18501.74,
2026-09-11T20:21:42.551630+00:00,201,15309.17,
2026-09-11T20:21:42.726045+00:00,201,15134.82,
2026-09-11T20:21:42.551630+00:00,201,15316.73,
2026-09-11T20:21:45.354847+00:00,201,12519.18,
2026-09-11T20:21:31.874105+00:00,201,26005.75,
2026-09-11T20:21:42.551630+00:00,201,15325.61,
2026-09-11T20:21:32.273997+00:00,201,25614.81,
2026-09-11T20:21:43.490660+00:00,201,14402.12,
2026-09-11T20:21:42.551630+00:00,201,15337.49,
2026-09-11T20:21:42.045626+00:00,201,15853.47,
2026-09-11T20:21:37.366287+00:00,201,20536.39,
2026-09-11T20:21:40.247997+00:00,201,17663.71,
2026-09-11T20:21:33.484846+00:00,201,24433.17,
2026-09-11T20:21:31.674085+00:00,201,26246.59,
2026-09-11T20:21:33.066283+00:00,201,24862.87,
2026-09-11T20:21:37.212173+00:00,201,20722.85,
2026-09-11T20:21:41.966801+00:00,201,15974.35,
2026-09-11T20:21:42.077804+00:00,201,15857.54,
2026-09-11T20:21:33.336631+00:00,201,24616.37,
2026-09-11T20:21:40.182510+00:00,201,17776.03,
2026-09-11T20:21:40.727351+00:00,201,17221.16,
2026-09-11T20:21:45.518117+00:00,201,12446.32,
2026-09-11T20:21:31.596509+00:00,201,26374.02,
2026-09-11T20:21:41.888452+00:00,201,16081.54,
2026-09-11T20:21:41.982632+00:00,201,15987.94,
2026-09-11T20:21:40.927740+00:00,201,17059.01,
2026-09-11T20:21:33.297186+00:00,201,24696.61,
2026-09-11T20:21:45.567113+00:00,201,12431.13,
2026-09-11T20:21:31.657453+00:00,201,26342.55,
2026-09-11T20:21:45.637976+00:00,201,12369.60,
2026-09-11T20:21:45.733781+00:00,201,12278.14,
2026-09-11T20:21:45.781637+00:00,201,12233.22,
2026-09-11T20:21:45.829328+00:00,201,12188.74,
2026-09-11T20:21:46.018301+00:00,201,12007.64,
2026-09-11T20:21:46.065760+00:00,201,11963.37,
2026-09-11T20:21:46.197650+00:00,201,11837.99,
2026-09-11T20:21:46.229560+00:00,201,11809.47,
2026-09-11T20:21:46.277349+00:00,201,11764.57,
2026-09-11T20:21:46.324932+00:00,201,11720.19,
2026-09-11T20:21:46.372041+00:00,201,11676.10,
2026-09-11T20:21:46.466698+00:00,201,11587.04,
2026-09-11T20:21:46.562164+00:00,201,11495.87,
2026-09-11T20:21:46.610169+00:00,201,11450.62,
2026-09-11T20:21:46.656793+00:00,201,11406.80,
2026-09-11T20:21:46.798707+00:00,201,11269.36,
2026-09-11T20:21:46.893717+00:00,201,11180.02,
2026-09-11T20:21:46.941087+00:00,201,11135.81,
2026-09-11T20:21:47.035134+00:00,201,11048.89,
2026-09-11T20:21:47.130566+00:00,201,10969.95,
2026-09-11T20:21:47.225731+00:00,201,10883.40,
2026-09-11T20:21:47.336995+00:00,201,10781.63,
2026-09-11T20:21:47.368453+00:00,201,10755.38,
2026-09-11T20:21:47.305279+00:00,201,10823.81,
2026-09-11T20:21:47.415939+00:00,201,10718.82,
2026-09-11T20:21:47.478807+00:00,201,10666.39,
2026-09-11T20:21:47.542102+00:00,201,10612.70,
2026-09-11T20:21:47.621676+00:00,201,10545.04,
2026-09-11T20:21:47.810903+00:00,201,10368.66,
2026-09-11T20:21:47.953870+00:00,201,10242.99,
2026-09-11T20:21:48.095189+00:00,201,10115.14,
2026-09-11T20:21:48.141771+00:00,201,10074.29,
2026-09-11T20:21:48.235301+00:00,201,9986.25,
2026-09-11T20:21:48.282975+00:00,201,9946.18,
2026-09-11T20:21:48.441171+00:00,201,9786.40,
2026-09-11T20:21:48.377397+00:00,201,9862.89,
2026-09-11T20:21:48.425216+00:00,201,9819.56,
2026-09-11T20:21:48.488513+00:00,201,9753.59,
2026-09-11T20:21:48.473551+00:00,201,9783.69,
2026-09-11T20:21:48.478203+00:00,201,9777.26,
2026-09-11T20:21:48.638879+00:00,201,9627.26,
2026-09-11T20:21:48.522754+00:00,201,9738.67,
2026-09-11T20:21:48.647894+00:00,201,9626.16,
2026-09-11T20:21:48.478203+00:00,201,9803.62,
2026-09-11T20:21:48.582844+00:00,201,9695.56,
2026-09-11T20:21:48.600007+00:00,201,9690.74,
2026-09-11T20:21:48.681897+00:00,201,9611.94,
2026-09-11T20:21:48.712565+00:00,201,9591.00,
2026-09-11T20:21:48.822634+00:00,201,9484.65,
2026-09-11T20:21:42.354759+00:00,201,15971.64,
2026-09-11T20:21:42.385163+00:00,201,15954.38,
2026-09-11T20:21:42.387156+00:00,201,15955.64,
2026-09-11T20:21:42.391156+00:00,201,15950.01,
2026-09-11T20:21:42.408973+00:00,201,15939.51,
2026-09-11T20:21:42.391156+00:00,201,15959.02,
2026-09-11T20:21:42.426937+00:00,201,15927.52,
2026-09-11T20:21:42.420376+00:00,201,15937.92,
2026-09-11T20:21:39.428241+00:00,201,18968.04,
2026-09-11T20:21:33.145432+00:00,201,25263.63,
2026-09-11T20:21:40.254053+00:00,201,18160.95,
2026-09-11T20:21:40.013890+00:00,201,18404.89,
2026-09-11T20:21:40.743348+00:00,201,17668.90,
2026-09-11T20:21:31.492908+00:00,201,26942.70,
2026-09-11T20:21:40.458080+00:00,201,17964.93,
2026-09-11T20:21:35.145937+00:00,201,23296.32,
2026-09-11T20:21:40.262072+00:00,201,18183.42,
2026-09-11T20:21:38.551967+00:00,201,19891.02,
2026-09-11T20:21:33.855607+00:00,201,24600.27,
2026-09-11T20:21:42.110049+00:00,201,16338.15,
2026-09-11T20:21:31.979075+00:00,201,26485.45,
2026-09-11T20:21:42.136567+00:00,201,16331.41,
2026-09-11T20:21:38.214469+00:00,201,20255.33,
2026-09-11T20:21:39.870712+00:00,201,18600.52,
2026-09-11T20:21:33.428347+00:00,201,25045.08,
2026-09-11T20:21:42.138569+00:00,201,16335.94,
2026-09-11T20:21:32.738204+00:00,201,25737.70,
2026-09-11T20:21:37.714606+00:00,201,20762.25,
2026-09-11T20:21:31.772416+00:00,201,26706.67,
2026-09-11T20:21:35.407276+00:00,201,23067.96,
2026-09-11T20:21:42.139569+00:00,201,16341.18,
2026-09-11T20:21:32.792231+00:00,201,25689.33,
2026-09-11T20:21:44.212925+00:00,201,14270.41,
2026-09-11T20:21:31.571166+00:00,201,26913.44,
2026-09-11T20:21:37.182766+00:00,201,21298.28,
2026-09-11T20:21:32.948594+00:00,201,25535.02,
2026-09-11T20:21:42.050989+00:00,201,16429.01,
2026-09-11T20:21:38.342174+00:00,201,20145.20,
2026-09-11T20:21:35.440004+00:00,201,23049.69,
2026-09-11T20:21:38.424297+00:00,201,20057.94,
2026-09-11T20:21:39.348428+00:00,201,19140.68,
2026-09-11T20:21:35.471283+00:00,201,23025.11,
2026-09-11T20:21:33.524088+00:00,201,24973.58,
2026-09-11T20:21:42.443244+00:00,201,16056.14,
2026-09-11T20:21:35.500180+00:00,201,22999.61,
2026-09-11T20:21:38.471954+00:00,201,20025.85,
2026-09-11T20:21:39.368207+00:00,201,19134.61,
2026-09-11T20:21:34.115549+00:00,201,24387.02,
2026-09-11T20:21:42.077804+00:00,201,16423.94,
2026-09-11T20:21:38.645940+00:00,201,19861.44,
2026-09-11T20:21:39.380347+00:00,201,19118.58,
2026-09-11T20:21:34.744610+00:00,201,23758.61,
2026-09-11T20:21:42.093636+00:00,201,16409.00,
2026-09-11T20:21:35.531590+00:00,201,22982.92,
2026-09-11T20:21:37.605181+00:00,201,20909.02,
2026-09-11T20:21:44.317677+00:00,201,14198.98,
2026-09-11T20:21:42.106984+00:00,201,16409.23,
2026-09-11T20:21:39.396357+00:00,201,19114.78,
2026-09-11T20:21:35.560692+00:00,201,22961.12,
2026-09-11T20:21:37.818631+00:00,201,20704.78,
2026-09-11T20:21:38.736132+00:00,201,19785.49,
2026-09-11T20:21:35.590085+00:00,201,22935.71,
2026-09-11T20:21:42.110049+00:00,201,16417.92,
2026-09-11T20:21:42.447467+00:00,201,16082.48,
2026-09-11T20:21:39.412295+00:00,201,19115.36,
2026-09-11T20:21:42.448521+00:00,201,16083.62,
2026-09-11T20:21:39.446715+00:00,201,19075.90,
2026-09-11T20:21:35.621762+00:00,201,22913.03,
2026-09-11T20:21:38.112483+00:00,201,20424.12,
2026-09-11T20:21:42.110049+00:00,201,16413.34,
2026-09-11T20:21:42.449580+00:00,201,16088.87,
2026-09-11T20:21:38.618734+00:00,201,19917.39,
2026-09-11T20:21:44.406930+00:00,201,14134.02,
2026-09-11T20:21:35.651465+00:00,201,22890.39,
2026-09-11T20:21:39.460482+00:00,201,19074.89,
2026-09-11T20:21:42.125315+00:00,201,16419.81,
2026-09-11T20:21:38.765912+00:00,201,19768.86,
2026-09-11T20:21:42.451171+00:00,201,16097.50,
2026-09-11T20:21:35.682755+00:00,201,22867.04,
2026-09-11T20:21:42.130568+00:00,201,16421.73,
2026-09-11T20:21:35.714401+00:00,201,22839.38,
2026-09-11T20:21:39.522811+00:00,201,19028.52,
2026-09-11T20:21:39.506969+00:00,201,19036.48,
2026-09-11T20:21:42.452742+00:00,201,16104.39,
2026-09-11T20:21:38.981954+00:00,201,19573.03,
2026-09-11T20:21:39.538890+00:00,201,19020.64,
2026-09-11T20:21:34.097646+00:00,201,24463.69,
2026-09-11T20:21:35.759268+00:00,201,22802.47,
2026-09-11T20:21:38.846234+00:00,201,19715.19,
2026-09-11T20:21:42.453792+00:00,201,16110.98,
2026-09-11T20:21:42.093636+00:00,201,16468.98,
2026-09-11T20:21:44.470032+00:00,201,14097.34,
2026-09-11T20:21:35.789732+00:00,201,22780.65,
2026-09-11T20:21:39.607152+00:00,201,18962.32,
2026-09-11T20:21:40.078214+00:00,201,18492.80,
2026-09-11T20:21:31.810633+00:00,201,26760.53,
2026-09-11T20:21:39.907327+00:00,201,18665.49,
2026-09-11T20:21:35.819812+00:00,201,22758.82,
2026-09-11T20:21:42.128568+00:00,201,16451.71,
2026-09-11T20:21:40.127726+00:00,201,18447.78,
2026-09-11T20:21:39.624015+00:00,201,18951.34,
2026-09-11T20:21:39.665676+00:00,201,18918.01,
2026-09-11T20:21:42.132567+00:00,201,16453.54,
2026-09-11T20:21:35.850850+00:00,201,22736.53,
2026-09-11T20:21:39.728779+00:00,201,18851.09,
2026-09-11T20:21:42.456759+00:00,201,16132.85,
2026-09-11T20:21:42.093636+00:00,201,16489.71,
2026-09-11T20:21:40.346617+00:00,201,18244.36,
2026-09-11T20:21:35.879570+00:00,201,22712.71,
2026-09-11T20:21:44.540833+00:00,201,14054.20,
2026-09-11T20:21:39.744526+00:00,201,18843.06,
2026-09-11T20:21:40.552874+00:00,201,18040.07,
2026-09-11T20:21:35.907153+00:00,201,22686.75,
2026-09-11T20:21:39.807456+00:00,201,18785.34,
2026-09-11T20:21:35.947009+00:00,201,22655.98,
2026-09-11T20:21:42.456759+00:00,201,16144.22,
2026-09-11T20:21:35.972279+00:00,201,22627.70,
2026-09-11T20:21:40.616739+00:00,201,17985.77,
2026-09-11T20:21:32.858316+00:00,201,25751.42,
2026-09-11T20:21:31.947176+00:00,201,26661.02,
2026-09-11T20:21:44.588148+00:00,201,14024.70,
2026-09-11T20:21:36.008630+00:00,201,22603.57,
2026-09-11T20:21:42.456759+00:00,201,16152.96,
2026-09-11T20:21:36.041061+00:00,201,22574.27,
2026-09-11T20:21:42.456759+00:00,201,16155.75,
2026-09-11T20:21:36.099155+00:00,201,22521.54,
2026-09-11T20:21:42.456759+00:00,201,16157.53,
2026-09-11T20:21:36.168809+00:00,201,22446.29,
2026-09-11T20:21:39.855434+00:00,201,18761.88,
2026-09-11T20:21:36.241755+00:00,201,22384.27,
2026-09-11T20:21:40.885786+00:00,201,17732.16,
2026-09-11T20:21:41.067837+00:00,201,17557.45,
2026-09-11T20:21:42.472403+00:00,201,16153.90,
2026-09-11T20:21:41.564594+00:00,201,17069.46,
2026-09-11T20:21:44.820797+00:00,201,13813.64,
2026-09-11T20:21:36.796917+00:00,201,21835.50,
2026-09-11T20:21:41.586719+00:00,201,17047.36,
2026-09-11T20:21:41.602389+00:00,201,17036.57,
2026-09-11T20:21:36.900894+00:00,201,21740.55,
2026-09-11T20:21:36.610517+00:00,201,22031.78,
2026-09-11T20:21:41.652921+00:00,201,16990.82,
2026-09-11T20:21:41.670431+00:00,201,16968.78,
2026-09-11T20:21:32.315150+00:00,201,26333.27,
2026-09-11T20:21:32.185386+00:00,201,26464.69,
2026-09-11T20:21:32.692587+00:00,201,25959.00,
2026-09-11T20:21:32.024099+00:00,201,26626.04,
2026-09-11T20:21:42.519836+00:00,201,16130.37,
2026-09-11T20:21:40.759430+00:00,201,17887.61,
2026-09-11T20:21:40.917590+00:00,201,17740.47,
2026-09-11T20:21:41.075505+00:00,201,17573.75,
2026-09-11T20:21:41.591738+00:00,201,17070.87,
2026-09-11T20:21:41.609826+00:00,201,17056.76,
2026-09-11T20:21:41.682131+00:00,201,16980.05,
2026-09-11T20:21:41.713785+00:00,201,16943.18,
2026-09-11T20:21:45.243000+00:00,201,13429.07,
2026-09-11T20:21:41.888452+00:00,201,16776.77,
2026-09-11T20:21:45.274637+00:00,201,13395.85,
2026-09-11T20:21:41.841252+00:00,201,16832.35,
2026-09-11T20:21:42.050989+00:00,201,16624.34,
2026-09-11T20:21:41.982632+00:00,201,16690.87,
2026-09-11T20:21:33.105221+00:00,201,25578.06,
2026-09-11T20:21:42.551630+00:00,201,16126.67,
2026-09-11T20:21:42.033526+00:00,201,16642.78,
2026-09-11T20:21:45.402639+00:00,201,13284.83,
2026-09-11T20:21:40.759430+00:00,201,17929.65,
2026-09-11T20:21:41.904284+00:00,201,16785.38,
2026-09-11T20:21:45.432047+00:00,201,13260.88,
2026-09-11T20:21:43.248142+00:00,201,15445.35,
2026-09-11T20:21:34.968728+00:00,201,23728.89,
2026-09-11T20:21:34.284923+00:00,201,24406.36,
2026-09-11T20:21:39.998030+00:00,201,18696.88,
2026-09-11T20:21:42.014329+00:00,201,16675.95,
2026-09-11T20:21:39.538890+00:00,201,19159.63,
2026-09-11T20:21:42.077804+00:00,201,16621.86,
2026-09-11T20:21:40.362574+00:00,201,18332.49,
2026-09-11T20:21:39.491560+00:00,201,19214.68,
2026-09-11T20:21:45.602685+00:00,201,13110.15,
2026-09-11T20:21:45.876254+00:00,201,12839.15,
2026-09-11T20:21:45.970944+00:00,201,12746.23,
2026-09-11T20:21:46.704211+00:00,201,12015.96,
2026-09-11T20:21:46.750668+00:00,201,11970.98,
2026-09-11T20:21:46.846239+00:00,201,11877.01,
2026-09-11T20:21:46.988060+00:00,201,11736.75,
2026-09-11T20:21:47.083065+00:00,201,11643.57,
2026-09-11T20:21:47.178045+00:00,201,11550.34,
2026-09-11T20:21:47.273555+00:00,201,11456.44,
2026-09-11T20:21:47.510409+00:00,201,11221.00,
2026-09-11T20:21:47.447030+00:00,201,11286.17,
2026-09-11T20:21:47.574017+00:00,201,11160.25,
2026-09-11T20:21:47.668522+00:00,201,11068.01,
2026-09-11T20:21:47.764205+00:00,201,10973.79,
2026-09-11T20:21:47.716616+00:00,201,11022.81,
2026-09-11T20:21:47.857964+00:00,201,10882.72,
2026-09-11T20:21:47.906026+00:00,201,10836.65,
2026-09-11T20:21:48.047873+00:00,201,10696.84,
2026-09-11T20:21:48.188246+00:00,201,10557.98,
2026-09-11T20:21:48.330436+00:00,201,10417.50,
2026-09-11T20:21:48.452515+00:00,201,10292.95,
2026-09-11T20:21:48.462750+00:00,201,10288.09,
2026-09-11T20:21:48.672955+00:00,201,10080.66,
2026-09-11T20:21:48.462750+00:00,201,10286.88,
2026-09-11T20:21:48.632128+00:00,201,10124.76,
2026-09-11T20:21:48.935802+00:00,201,9828.92,
2026-09-11T20:21:49.664442+00:00,201,9104.63,
2026-09-11T20:21:42.377843+00:00,201,16405.08,
2026-09-11T20:21:42.421380+00:00,201,16365.27,
2026-09-11T20:21:34.911574+00:00,201,23891.07,
2026-09-11T20:21:37.158079+00:00,201,21647.35,
2026-09-11T20:21:38.229580+00:00,201,20592.51,
2026-09-11T20:21:43.981175+00:00,201,14863.64,
2026-09-11T20:21:42.164352+00:00,201,16682.79,
2026-09-11T20:21:38.170133+00:00,201,20700.55,
2026-09-11T20:21:44.705694+00:00,201,14187.17,
2026-09-11T20:21:41.625732+00:00,201,17273.45,
2026-09-11T20:21:41.636268+00:00,201,17267.58,
2026-09-11T20:21:42.510242+00:00,201,16392.48,
2026-09-11T20:21:41.756103+00:00,201,17154.03,
2026-09-11T20:21:41.825336+00:00,201,17096.58,
2026-09-11T20:21:42.551630+00:00,201,16376.45,
2026-09-11T20:21:32.380594+00:00,201,26552.63,
2026-09-11T20:21:40.029867+00:00,201,18903.28,
2026-09-11T20:21:40.405335+00:00,201,18539.06,
2026-09-11T20:21:32.065734+00:00,201,26879.68,
2026-09-11T20:21:45.479555+00:00,201,13467.92,
2026-09-11T20:21:33.686229+00:00,201,25266.05,
2026-09-11T20:21:41.909813+00:00,201,17042.28,
2026-09-11T20:21:41.957967+00:00,201,17000.20,
2026-09-11T20:21:45.923855+00:00,201,13038.96,
2026-09-11T20:21:46.160317+00:00,201,12805.07,
2026-09-11T20:21:46.112777+00:00,201,12853.77,
2026-09-11T20:21:46.514690+00:00,201,12454.78,
2026-09-11T20:21:48.001465+00:00,201,10976.65,
2026-09-11T20:21:48.441171+00:00,201,10542.79,
2026-09-11T20:21:48.560421+00:00,201,10421.27,
2026-09-11T20:21:48.505192+00:00,201,10477.91,
2026-09-11T20:21:48.654867+00:00,201,10331.16,
2026-09-11T20:21:48.716093+00:00,201,10275.23,
2026-09-11T20:21:42.354759+00:00,201,16640.46,
2026-09-11T20:21:42.424377+00:00,201,16587.95,
2026-09-11T20:21:35.234610+00:00,201,23814.24,
2026-09-11T20:21:42.472403+00:00,201,16593.51,
2026-09-11T20:21:42.519836+00:00,201,16557.84,
2026-09-11T20:21:41.632676+00:00,201,17456.52,
2026-09-11T20:21:41.857507+00:00,201,17229.91,
2026-09-11T20:21:45.685943+00:00,201,13434.32,
2026-09-11T20:21:34.884783+00:00,201,24317.00,
2026-09-11T20:21:41.941902+00:00,201,17269.20,
2026-09-11T20:21:33.447093+00:00,201,25825.37,
2026-09-11T20:21:46.419534+00:00,201,13134.00,
2026-09-11T20:21:48.935802+00:00,201,11057.34,
2026-09-11T20:21:48.979851+00:00,201,12127.90,
2026-09-11T20:21:55.842881+00:00,201,5274.71,
2026-09-11T20:21:48.884131+00:00,201,12314.95,
2026-09-11T20:21:50.063426+00:00,201,11167.30,
2026-09-11T20:21:55.850958+00:00,201,5384.68,
2026-09-11T20:21:55.839998+00:00,201,5423.09,
2026-09-11T20:21:49.729886+00:00,201,11537.74,
2026-09-11T20:21:55.835969+00:00,201,5437.26,
2026-09-11T20:21:55.857586+00:00,201,5453.28,
2026-09-11T20:21:55.845918+00:00,201,5472.15,
2026-09-11T20:21:55.837998+00:00,201,5484.21,
2026-09-11T20:21:55.855490+00:00,201,5508.09,
2026-09-11T20:21:54.795893+00:00,201,6597.51,
2026-09-11T20:21:55.853491+00:00,201,5546.97,
2026-09-11T20:21:55.860334+00:00,201,5591.54,
2026-09-11T20:21:55.866335+00:00,201,5590.19,
2026-09-11T20:21:55.848429+00:00,201,5613.07,
2026-09-11T20:21:54.644237+00:00,201,6821.97,
2026-09-11T20:21:55.151424+00:00,201,6343.03,
2026-09-11T20:21:55.871724+00:00,201,5627.03,
2026-09-11T20:21:55.868059+00:00,201,5659.52,
2026-09-11T20:21:54.942160+00:00,201,6611.24,
2026-09-11T20:21:55.879041+00:00,201,5754.07,
2026-09-11T20:21:55.875866+00:00,201,5763.38,
2026-09-11T20:21:55.874233+00:00,201,5797.99,
2026-09-11T20:21:55.881044+00:00,201,5822.63,
2026-09-11T20:21:55.877764+00:00,201,5831.77,
2026-09-11T20:21:55.882047+00:00,201,5834.21,
2026-09-11T20:21:55.883907+00:00,201,5874.50,
2026-09-11T20:21:55.635973+00:00,201,6177.34,
2026-09-11T20:21:55.887766+00:00,201,6013.25,
2026-09-11T20:21:55.892230+00:00,201,6078.34,
2026-09-11T20:21:55.888766+00:00,201,6089.08,
2026-09-11T20:21:55.886040+00:00,201,6100.36,
2026-09-11T20:21:55.639008+00:00,201,6406.17,
2026-09-11T20:21:58.645811+00:00,201,6752.62,
2026-09-11T20:21:58.647818+00:00,201,6775.40,
2026-09-11T20:21:58.630152+00:00,201,6788.34,
2026-09-11T20:21:58.649822+00:00,201,6785.89,
2026-09-11T20:21:58.661514+00:00,201,6779.66,
2026-09-11T20:21:58.665122+00:00,201,6781.39,
2026-09-11T20:21:58.649822+00:00,201,6810.21,
2026-09-11T20:21:58.661514+00:00,201,6808.92,
2026-09-11T20:21:58.678243+00:00,201,6792.33,
2026-09-11T20:21:58.665122+00:00,201,6807.85,
2026-09-11T20:21:58.678243+00:00,201,6804.48,
2026-09-11T20:21:58.649822+00:00,201,6844.35,
2026-09-11T20:21:58.665122+00:00,201,6840.60,
2026-09-11T20:21:58.647818+00:00,201,6871.04,
2026-09-11T20:21:58.649822+00:00,201,6897.20,
2026-09-11T20:21:58.678243+00:00,201,6879.27,
2026-09-11T20:21:58.665122+00:00,201,6914.77,
2026-09-11T20:21:58.649822+00:00,201,6931.87,
2026-09-11T20:21:58.685869+00:00,201,6910.38,
2026-09-11T20:21:58.665122+00:00,201,6929.41,
2026-09-11T20:21:58.677233+00:00,201,6934.30,
2026-09-11T20:21:58.678243+00:00,201,6938.59,
2026-09-11T20:21:58.685869+00:00,201,6939.08,
2026-09-11T20:21:58.665122+00:00,201,6964.01,
2026-09-11T20:21:58.704789+00:00,201,6940.24,
2026-09-11T20:21:58.693505+00:00,201,6951.84,
2026-09-11T20:21:58.693505+00:00,201,6965.26,
2026-09-11T20:21:58.693505+00:00,201,6973.28,
2026-09-11T20:21:58.685869+00:00,201,6993.15,
2026-09-11T20:21:58.693505+00:00,201,6986.43,
2026-09-11T20:21:58.690856+00:00,201,7008.18,
2026-09-11T20:21:58.692928+00:00,201,7016.36,
2026-09-11T20:21:58.708802+00:00,201,7010.86,
2026-09-11T20:21:58.713610+00:00,201,7015.95,
2026-09-11T20:21:58.715845+00:00,201,7033.23,
2026-09-11T20:21:58.693505+00:00,201,7064.81,
2026-09-11T20:21:58.734487+00:00,201,7034.95,
2026-09-11T20:21:58.706796+00:00,201,7092.17,
2026-09-11T20:21:58.693505+00:00,201,7110.58,
2026-09-11T20:21:58.715845+00:00,201,7104.05,
2026-09-11T20:21:58.720435+00:00,201,7135.74,
2026-09-11T20:21:58.728461+00:00,201,7136.92,
2026-09-11T20:21:58.726456+00:00,201,7151.32,
2026-09-11T20:21:58.720435+00:00,201,7167.07,
2026-09-11T20:21:58.708802+00:00,201,7189.05,
2026-09-11T20:21:58.724448+00:00,201,7189.16,
2026-09-11T20:21:58.723444+00:00,201,7202.45,
2026-09-11T20:21:58.730466+00:00,201,7208.38,
2026-09-11T20:21:58.728461+00:00,201,7224.00,
2026-09-11T20:21:58.736493+00:00,201,7254.13,
2026-09-11T20:21:58.732479+00:00,201,7271.60,
2026-09-11T20:21:58.744257+00:00,201,7273.66,
2026-09-11T20:21:58.738498+00:00,201,7292.79,
2026-09-11T20:21:58.742252+00:00,201,7303.82,
2026-09-11T20:21:58.740244+00:00,201,7320.26,
2026-09-11T20:21:58.748269+00:00,201,7355.27,
2026-09-11T20:21:58.748269+00:00,201,7368.61,
2026-09-11T20:21:58.750276+00:00,201,7381.91,
2026-09-11T20:21:58.754290+00:00,201,7393.76,
2026-09-11T20:21:58.752284+00:00,201,7410.92,
2026-09-11T20:21:58.736493+00:00,201,7441.84,
2026-09-11T20:21:58.746263+00:00,201,7450.37,
2026-09-11T20:21:58.758042+00:00,201,7454.92,
2026-09-11T20:21:58.756037+00:00,201,7527.04,
2026-09-11T20:21:48.721135+00:00,201,17669.64,
2026-09-11T20:21:49.754367+00:00,201,16657.60,
2026-09-11T20:21:56.150443+00:00,201,10284.53,
2026-09-11T20:21:53.940256+00:00,201,12508.11,
2026-09-11T20:21:48.792234+00:00,201,17676.59,
2026-09-11T20:21:48.985821+00:00,201,17495.63,
2026-09-11T20:21:54.827596+00:00,201,11674.04,
2026-09-11T20:21:54.435480+00:00,201,12084.10,
2026-09-11T20:21:50.088398+00:00,201,16463.17,
2026-09-11T20:21:55.643508+00:00,201,10930.43,
2026-09-11T20:21:56.132550+00:00,201,10460.89,
2026-09-11T20:21:55.553365+00:00,201,11060.16,
2026-09-11T20:21:55.178796+00:00,201,11455.98,
2026-09-11T20:21:53.988751+00:00,201,12659.24,
2026-09-11T20:21:56.161638+00:00,201,10523.01,
2026-09-11T20:21:56.155734+00:00,201,10568.05,
2026-09-11T20:21:56.154734+00:00,201,10592.34,
2026-09-11T20:21:56.145930+00:00,201,10625.29,
2026-09-11T20:21:54.976253+00:00,201,11814.38,
2026-09-11T20:21:56.137586+00:00,201,10674.19,
2026-09-11T20:21:56.169971+00:00,201,10663.21,
2026-09-11T20:21:48.892471+00:00,201,17958.65,
2026-09-11T20:21:54.580115+00:00,201,12296.84,
2026-09-11T20:21:56.157734+00:00,201,10740.73,
2026-09-11T20:21:56.143836+00:00,201,10776.49,
2026-09-11T20:21:55.648373+00:00,201,11293.59,
2026-09-11T20:21:55.651806+00:00,201,11313.59,
2026-09-11T20:21:56.177339+00:00,201,10810.24,
2026-09-11T20:21:56.152735+00:00,201,10858.30,
2026-09-11T20:21:56.180338+00:00,201,10853.34,
2026-09-11T20:21:56.171969+00:00,201,10885.28,
2026-09-11T20:21:56.183370+00:00,201,10894.94,
2026-09-11T20:21:56.159637+00:00,201,10945.96,
2026-09-11T20:21:56.176337+00:00,201,10955.93,
2026-09-11T20:21:56.174623+00:00,201,10986.12,
2026-09-11T20:21:56.183370+00:00,201,10998.85,
2026-09-11T20:21:56.183370+00:00,201,11030.58,
2026-09-11T20:21:56.199041+00:00,201,11118.85,
2026-09-11T20:21:55.746180+00:00,201,11597.62,
2026-09-11T20:21:56.182341+00:00,201,11187.12,
2026-09-11T20:21:56.183370+00:00,201,11199.99,
2026-09-11T20:21:56.183370+00:00,201,11234.60,
2026-09-11T20:21:56.183370+00:00,201,11256.53,
2026-09-11T20:21:55.695458+00:00,201,11777.15,
2026-09-11T20:21:56.183370+00:00,201,11316.60,
2026-09-11T20:21:56.183370+00:00,201,11329.89,
2026-09-11T20:21:56.179338+00:00,201,11375.87,
2026-09-11T20:21:56.183370+00:00,201,11392.52,
2026-09-11T20:21:56.532424+00:00,201,11077.15,
2026-09-11T20:21:56.183370+00:00,201,11444.34,
2026-09-11T20:21:55.901291+00:00,201,11760.92,
2026-09-11T20:21:57.146074+00:00,201,11110.07,
2026-09-11T20:21:57.167066+00:00,201,11114.59,
2026-09-11T20:21:55.010668+00:00,201,13313.83,
2026-09-11T20:21:50.116036+00:00,201,18253.51,
2026-09-11T20:21:57.167066+00:00,201,11233.98,
2026-09-11T20:21:48.748979+00:00,201,19686.75,
2026-09-11T20:21:48.900248+00:00,201,19566.67,
2026-09-11T20:21:55.571417+00:00,201,12934.91,
2026-09-11T20:21:55.700195+00:00,201,12838.61,
2026-09-11T20:21:57.261857+00:00,201,11301.18,
2026-09-11T20:21:57.246032+00:00,201,11348.80,
2026-09-11T20:21:57.277707+00:00,201,11362.51,
2026-09-11T20:21:55.655704+00:00,201,13018.28,
2026-09-11T20:21:49.005291+00:00,201,19702.12,
2026-09-11T20:21:55.908849+00:00,201,12831.48,
2026-09-11T20:21:55.738751+00:00,201,13036.61,
2026-09-11T20:21:57.261857+00:00,201,11537.88,
2026-09-11T20:21:57.167066+00:00,201,11695.00,
2026-09-11T20:21:54.674292+00:00,201,14232.07,
2026-09-11T20:21:57.246032+00:00,201,11696.37,
2026-09-11T20:21:57.278267+00:00,201,11729.94,
2026-09-11T20:21:57.261857+00:00,201,11775.15,
2026-09-11T20:21:57.261857+00:00,201,11813.80,
2026-09-11T20:21:57.278267+00:00,201,11854.26,
2026-09-11T20:21:55.901291+00:00,201,13281.69,
2026-09-11T20:21:55.917981+00:00,201,13310.23,
2026-09-11T20:21:57.278267+00:00,201,11981.86,
2026-09-11T20:21:55.645372+00:00,201,13654.32,
2026-09-11T20:21:57.275958+00:00,201,12067.69,
2026-09-11T20:21:57.278267+00:00,201,12093.05,
2026-09-11T20:21:57.278267+00:00,201,12137.97,
2026-09-11T20:21:57.278267+00:00,201,12171.16,
2026-09-11T20:21:57.278267+00:00,201,12210.47,
2026-09-11T20:21:57.293539+00:00,201,12232.84,
2026-09-11T20:21:57.278267+00:00,201,12270.09,
2026-09-11T20:21:57.278267+00:00,201,12306.81,
2026-09-11T20:21:57.261857+00:00,201,12363.20,
2026-09-11T20:21:57.318737+00:00,201,12348.09,
2026-09-11T20:21:57.293539+00:00,201,12409.27,
2026-09-11T20:21:57.278267+00:00,201,12445.90,
2026-09-11T20:21:57.293539+00:00,201,12467.13,
2026-09-11T20:21:57.261857+00:00,201,12527.09,
2026-09-11T20:21:57.278267+00:00,201,12547.04,
2026-09-11T20:21:57.309181+00:00,201,12554.09,
2026-09-11T20:21:57.309181+00:00,201,12586.48,
2026-09-11T20:21:57.309181+00:00,201,12622.60,
2026-09-11T20:21:57.293539+00:00,201,12676.04,
2026-09-11T20:21:57.293539+00:00,201,12704.82,
2026-09-11T20:21:57.318737+00:00,201,12727.09,
2026-09-11T20:21:57.306461+00:00,201,12775.17,
2026-09-11T20:21:57.293539+00:00,201,12823.20,
2026-09-11T20:21:57.309181+00:00,201,12854.66,
2026-09-11T20:21:57.309181+00:00,201,12897.28,
2026-09-11T20:21:57.309181+00:00,201,12937.56,
2026-09-11T20:21:57.293539+00:00,201,12975.43,
2026-09-11T20:21:57.293539+00:00,201,13014.87,
2026-09-11T20:21:57.321476+00:00,201,13024.51,
2026-09-11T20:21:57.321476+00:00,201,13059.70,
2026-09-11T20:21:57.293539+00:00,201,13118.79,
2026-09-11T20:21:57.308167+00:00,201,13144.26,
2026-09-11T20:21:57.325010+00:00,201,13197.15,
2026-09-11T20:21:57.325010+00:00,201,13262.75,
2026-09-11T20:21:57.325010+00:00,201,13424.70,
2026-09-11T20:21:57.325010+00:00,201,13476.65,
2026-09-11T20:21:57.341033+00:00,201,13622.81,
2026-09-11T20:21:57.341033+00:00,201,13762.39,
2026-09-11T20:21:57.341033+00:00,201,13888.45,
2026-09-11T20:21:57.365513+00:00,201,13950.86,
2026-09-11T20:21:57.392823+00:00,201,13964.73,
2026-09-11T20:21:57.367518+00:00,201,14033.36,
2026-09-11T20:21:57.361505+00:00,201,14230.47,
2026-09-11T20:21:57.396833+00:00,201,14237.13,
2026-09-11T20:21:57.412649+00:00,201,14315.51,
2026-09-11T20:21:57.394828+00:00,201,14409.46,
2026-09-11T20:21:57.398838+00:00,201,14765.06,
2026-09-11T20:21:57.392823+00:00,201,14822.09,
2026-09-11T20:21:56.821170+00:00,201,15438.95,
2026-09-11T20:21:56.534427+00:00,201,15763.61,
2026-09-11T20:21:56.757204+00:00,201,15572.59,
2026-09-11T20:21:56.565735+00:00,201,15800.44,
2026-09-11T20:21:58.440104+00:00,201,14170.15,
2026-09-11T20:21:58.471534+00:00,201,14186.67,
2026-09-11T20:21:58.488034+00:00,201,14185.33,
2026-09-11T20:21:58.507869+00:00,201,14190.14,
2026-09-11T20:21:58.518064+00:00,201,14188.38,
2026-09-11T20:21:58.525661+00:00,201,14196.50,
2026-09-11T20:21:58.525661+00:00,201,14213.82,
2026-09-11T20:21:58.516046+00:00,201,14234.88,
2026-09-11T20:21:58.534988+00:00,201,14210.92,
2026-09-11T20:21:58.515033+00:00,201,14255.21,
2026-09-11T20:21:58.534988+00:00,201,14251.21,
2026-09-11T20:21:58.525661+00:00,201,14263.77,
2026-09-11T20:21:58.534988+00:00,201,14256.75,
2026-09-11T20:21:58.570389+00:00,201,14245.11,
2026-09-11T20:21:58.534988+00:00,201,14275.20,
2026-09-11T20:21:58.557760+00:00,201,14263.83,
2026-09-11T20:21:58.577302+00:00,201,14255.80,
2026-09-11T20:21:58.575150+00:00,201,14264.85,
2026-09-11T20:21:58.573557+00:00,201,14269.33,
2026-09-11T20:21:58.578881+00:00,201,14266.23,
2026-09-11T20:21:58.584742+00:00,201,14261.88,
2026-09-11T20:21:58.598476+00:00,201,14239.09,
2026-09-11T20:21:58.586748+00:00,201,14264.67,
2026-09-11T20:21:58.582735+00:00,201,14270.33,
2026-09-11T20:21:58.586748+00:00,201,14269.56,
2026-09-11T20:21:58.586748+00:00,201,14266.20,
2026-09-11T20:21:58.566664+00:00,201,14300.78,
2026-09-11T20:21:58.555757+00:00,201,14313.22,
2026-09-11T20:21:58.598476+00:00,201,14272.85,
2026-09-11T20:21:58.630152+00:00,201,14239.06,
2026-09-11T20:21:58.586748+00:00,201,14285.40,
2026-09-11T20:21:58.598476+00:00,201,14275.41,
2026-09-11T20:21:58.598476+00:00,201,14286.78,
2026-09-11T20:21:58.630152+00:00,201,14258.02,
2026-09-11T20:21:58.614179+00:00,201,14273.24,
2026-09-11T20:21:58.625525+00:00,201,14268.28,
2026-09-11T20:21:58.598476+00:00,201,14288.67,
2026-09-11T20:21:58.630152+00:00,201,14267.08,
2026-09-11T20:21:58.625525+00:00,201,14276.49,
2026-09-11T20:21:58.629147+00:00,201,14277.51,
2026-09-11T20:21:58.630152+00:00,201,14271.49,
2026-09-11T20:21:56.298277+00:00,201,16609.56,
2026-09-11T20:21:55.724501+00:00,201,17193.31,
2026-09-11T20:21:56.449916+00:00,201,16469.00,
2026-09-11T20:21:58.630152+00:00,201,14290.54,
2026-09-11T20:21:56.550082+00:00,201,16379.43,
2026-09-11T20:21:56.661239+00:00,201,16269.67,
2026-09-11T20:21:50.196277+00:00,201,22738.32,
2026-09-11T20:21:56.836653+00:00,201,16095.20,
2026-09-11T20:21:56.220775+00:00,201,16714.23,
2026-09-11T20:21:55.669274+00:00,201,17280.32,
2026-09-11T20:21:57.501883+00:00,201,15449.00,
2026-09-11T20:21:56.581590+00:00,201,16371.63,
2026-09-11T20:21:56.788731+00:00,201,16170.17,
2026-09-11T20:21:57.488135+00:00,201,15474.57,
2026-09-11T20:21:57.496882+00:00,201,15469.58,
2026-09-11T20:21:56.621125+00:00,201,16346.95,
2026-09-11T20:21:56.773040+00:00,201,16196.79,
2026-09-11T20:21:56.677429+00:00,201,16289.70,
2026-09-11T20:21:56.990578+00:00,201,15980.80,
2026-09-11T20:21:59.047005+00:00,201,13932.72,
2026-09-11T20:21:57.595102+00:00,201,15378.60,
2026-09-11T20:21:57.521568+00:00,201,15459.99,
2026-09-11T20:21:57.621758+00:00,201,15369.90,
2026-09-11T20:21:57.579198+00:00,201,15411.42,
2026-09-11T20:21:59.068112+00:00,201,13931.75,
2026-09-11T20:21:57.705568+00:00,201,15296.90,
2026-09-11T20:21:57.557150+00:00,201,15448.87,
2026-09-11T20:21:59.082164+00:00,201,13929.27,
2026-09-11T20:21:57.794618+00:00,201,15222.72,
2026-09-11T20:21:57.660491+00:00,201,15357.90,
2026-09-11T20:21:57.521568+00:00,201,15501.01,
2026-09-11T20:21:57.740365+00:00,201,15291.36,
2026-09-11T20:21:57.627065+00:00,201,15394.82,
2026-09-11T20:21:57.858242+00:00,201,15176.54,
2026-09-11T20:21:57.782829+00:00,201,15258.86,
2026-09-11T20:21:59.092834+00:00,201,13953.09,
2026-09-11T20:21:57.725639+00:00,201,15321.53,
2026-09-11T20:21:58.024765+00:00,201,15026.48,
2026-09-11T20:21:57.921522+00:00,201,15133.02,
2026-09-11T20:21:57.890620+00:00,201,15158.55,
2026-09-11T20:21:57.858242+00:00,201,15199.42,
2026-09-11T20:21:57.836880+00:00,201,15222.89,
2026-09-11T20:21:57.921522+00:00,201,15136.24,
2026-09-11T20:21:57.812439+00:00,201,15255.52,
2026-09-11T20:21:58.135125+00:00,201,14938.06,
2026-09-11T20:21:58.007380+00:00,201,15067.47,
2026-09-11T20:21:57.938149+00:00,201,15134.69,
2026-09-11T20:21:57.611000+00:00,201,15462.99,
2026-09-11T20:21:58.109540+00:00,201,14975.49,
2026-09-11T20:21:58.100563+00:00,201,14989.64,
2026-09-11T20:21:55.928973+00:00,201,17164.84,
2026-09-11T20:21:58.145208+00:00,201,14952.67,
2026-09-11T20:21:58.269002+00:00,201,14830.33,
2026-09-11T20:21:50.223181+00:00,201,22881.28,
2026-09-11T20:21:56.232234+00:00,201,16872.65,
2026-09-11T20:21:58.196802+00:00,201,14912.07,
2026-09-11T20:21:55.608483+00:00,201,17505.86,
2026-09-11T20:21:58.235493+00:00,201,14871.78,
2026-09-11T20:21:57.969227+00:00,201,15147.91,
2026-09-11T20:21:58.129293+00:00,201,14992.28,
2026-09-11T20:21:55.729890+00:00,201,17393.40,
2026-09-11T20:21:56.289685+00:00,201,16834.46,
2026-09-11T20:21:59.205284+00:00,201,13919.53,
2026-09-11T20:21:56.645537+00:00,201,16480.23,
2026-09-11T20:21:59.191394+00:00,201,13937.38,
2026-09-11T20:21:56.677429+00:00,201,16450.93,
2026-09-11T20:21:57.579198+00:00,201,15557.35,
2026-09-11T20:21:56.757204+00:00,201,16384.95,
2026-09-11T20:21:55.671308+00:00,201,17478.88,
2026-09-11T20:21:57.514177+00:00,201,15638.58,
2026-09-11T20:21:56.482156+00:00,201,16668.10,
2026-09-11T20:21:57.507474+00:00,201,15652.39,
2026-09-11T20:21:57.559819+00:00,201,15603.59,
2026-09-11T20:21:57.532109+00:00,201,15633.78,
2026-09-11T20:21:58.063578+00:00,201,15104.29,
2026-09-11T20:21:56.932568+00:00,201,16237.65,
2026-09-11T20:21:57.666910+00:00,201,15507.81,
2026-09-11T20:21:58.273693+00:00,201,14904.56,
2026-09-11T20:21:56.900550+00:00,201,16276.90,
2026-09-11T20:21:57.689217+00:00,201,15496.11,
2026-09-11T20:21:57.804661+00:00,201,15382.80,
2026-09-11T20:21:57.699547+00:00,201,15489.36,
2026-09-11T20:21:57.754999+00:00,201,15438.89,
2026-09-11T20:21:57.938149+00:00,201,15251.22,
2026-09-11T20:21:57.731392+00:00,201,15472.86,
2026-09-11T20:21:48.805112+00:00,201,24398.91,
2026-09-11T20:21:59.317552+00:00,201,13893.47,
2026-09-11T20:21:58.218203+00:00,201,14992.69,
2026-09-11T20:21:49.016314+00:00,201,24205.14,
2026-09-11T20:21:55.384440+00:00,201,17836.51,
2026-09-11T20:21:55.691195+00:00,201,17540.71,
2026-09-11T20:21:49.048514+00:00,201,24185.66,
2026-09-11T20:21:57.325010+00:00,201,15988.37,
2026-09-11T20:21:57.341033+00:00,201,15971.57,
2026-09-11T20:21:57.325010+00:00,201,15989.22,
2026-09-11T20:21:57.341033+00:00,201,15980.75,
2026-09-11T20:21:57.321476+00:00,201,16003.38,
2026-09-11T20:21:57.341033+00:00,201,15975.86,
2026-09-11T20:21:57.325010+00:00,201,15996.77,
2026-09-11T20:21:57.359501+00:00,201,15972.69,
2026-09-11T20:21:57.369523+00:00,201,15963.83,
2026-09-11T20:21:57.341033+00:00,201,15981.98,
2026-09-11T20:21:57.325010+00:00,201,16001.34,
2026-09-11T20:21:57.377042+00:00,201,15963.81,
2026-09-11T20:21:57.367518+00:00,201,15976.39,
2026-09-11T20:21:57.341033+00:00,201,16000.65,
2026-09-11T20:21:57.359501+00:00,201,15988.18,
2026-09-11T20:21:57.388814+00:00,201,15961.53,
2026-09-11T20:21:57.373032+00:00,201,15981.48,
2026-09-11T20:21:57.406622+00:00,201,15949.90,
2026-09-11T20:21:57.388814+00:00,201,15970.17,
2026-09-11T20:21:57.375037+00:00,201,15985.23,
2026-09-11T20:21:57.379048+00:00,201,15983.53,
2026-09-11T20:21:57.385062+00:00,201,15981.30,
2026-09-11T20:21:57.383057+00:00,201,15985.46,
2026-09-11T20:21:57.381053+00:00,201,15990.00,
2026-09-11T20:21:57.387066+00:00,201,15985.92,
2026-09-11T20:21:58.435991+00:00,201,14938.98,
2026-09-11T20:21:57.383057+00:00,201,15993.26,
2026-09-11T20:21:57.400843+00:00,201,15976.55,
2026-09-11T20:21:58.440104+00:00,201,14936.92,
2026-09-11T20:21:57.390819+00:00,201,15989.34,
2026-09-11T20:21:57.402847+00:00,201,15978.92,
2026-09-11T20:21:58.440104+00:00,201,14940.70,
2026-09-11T20:21:56.968885+00:00,201,16422.06,
2026-09-11T20:21:58.477848+00:00,201,14911.33,
2026-09-11T20:21:58.477848+00:00,201,14912.46,
2026-09-11T20:21:58.455512+00:00,201,14927.06,
2026-09-11T20:21:58.488034+00:00,201,14902.90,
2026-09-11T20:21:58.455512+00:00,201,14935.20,
2026-09-11T20:21:58.477848+00:00,201,14919.71,
2026-09-11T20:21:58.513305+00:00,201,14892.18,
2026-09-11T20:21:58.525661+00:00,201,14880.82,
2026-09-11T20:21:58.519637+00:00,201,14887.94,
2026-09-11T20:21:58.488034+00:00,201,14923.09,
2026-09-11T20:21:58.503172+00:00,201,14907.80,
2026-09-11T20:21:58.525661+00:00,201,14886.08,
2026-09-11T20:21:58.488034+00:00,201,14919.90,
2026-09-11T20:21:58.503172+00:00,201,14911.62,
2026-09-11T20:21:58.534988+00:00,201,14884.10,
2026-09-11T20:21:58.534988+00:00,201,14883.40,
2026-09-11T20:21:58.519637+00:00,201,14902.95,
2026-09-11T20:21:58.555757+00:00,201,14867.83,
2026-09-11T20:21:58.534988+00:00,201,14885.51,
2026-09-11T20:21:58.557760+00:00,201,14867.03,
2026-09-11T20:21:58.550851+00:00,201,14878.23,
2026-09-11T20:21:58.557760+00:00,201,14873.82,
2026-09-11T20:21:58.571966+00:00,201,14861.84,
2026-09-11T20:21:58.557760+00:00,201,14873.16,
2026-09-11T20:21:58.534988+00:00,201,14893.17,
2026-09-11T20:21:58.534988+00:00,201,14890.15,
2026-09-11T20:21:58.614179+00:00,201,14822.17,
2026-09-11T20:21:58.598476+00:00,201,14840.05,
2026-09-11T20:21:58.614179+00:00,201,14823.67,
2026-09-11T20:21:58.580459+00:00,201,14867.98,
2026-09-11T20:21:58.598476+00:00,201,14837.39,
2026-09-11T20:21:58.586748+00:00,201,14856.23,
2026-09-11T20:21:58.614179+00:00,201,14840.35,
2026-09-11T20:21:58.598476+00:00,201,14845.40,
2026-09-11T20:21:58.999209+00:00,201,14451.47,
2026-09-11T20:21:58.630152+00:00,201,14821.40,
2026-09-11T20:21:58.614179+00:00,201,14847.40,
2026-09-11T20:21:58.630152+00:00,201,14829.21,
2026-09-11T20:21:58.630152+00:00,201,14825.29,
2026-09-11T20:21:58.614179+00:00,201,14847.22,
2026-09-11T20:21:58.999209+00:00,201,14457.39,
2026-09-11T20:21:55.605866+00:00,201,17865.10,
2026-09-11T20:21:56.248067+00:00,201,17214.84,
2026-09-11T20:21:56.474594+00:00,201,16999.89,
2026-09-11T20:21:56.374994+00:00,201,17099.16,
2026-09-11T20:21:55.925893+00:00,201,17551.69,
2026-09-11T20:21:57.484120+00:00,201,15995.75,
2026-09-11T20:21:56.975244+00:00,201,16502.56,
2026-09-11T20:21:57.493884+00:00,201,15989.31,
2026-09-11T20:21:57.595102+00:00,201,15889.29,
2026-09-11T20:21:56.740807+00:00,201,16746.10,
2026-09-11T20:21:57.486127+00:00,201,16001.87,
2026-09-11T20:21:57.697801+00:00,201,15792.84,
2026-09-11T20:21:57.723634+00:00,201,15768.31,
2026-09-11T20:21:57.826404+00:00,201,15666.64,
2026-09-11T20:21:57.627065+00:00,201,15859.17,
2026-09-11T20:21:57.858242+00:00,201,15627.40,
2026-09-11T20:21:57.763020+00:00,201,15735.49,
2026-09-11T20:21:59.090162+00:00,201,14410.96,
2026-09-11T20:21:57.993673+00:00,201,15508.95,
2026-09-11T20:21:57.652237+00:00,201,15852.53,
2026-09-11T20:21:58.060947+00:00,201,15446.20,
2026-09-11T20:21:59.120559+00:00,201,14388.70,
2026-09-11T20:21:57.876725+00:00,201,15626.82,
2026-09-11T20:21:58.045135+00:00,201,15468.20,
2026-09-11T20:21:57.953507+00:00,201,15552.50,
2026-09-11T20:21:58.118726+00:00,201,15399.46,
2026-09-11T20:21:58.423774+00:00,201,15096.63,
2026-09-11T20:21:56.298277+00:00,201,17214.89,
2026-09-11T20:21:58.179938+00:00,201,15346.37,
2026-09-11T20:21:56.621125+00:00,201,16900.52,
2026-09-11T20:21:56.449916+00:00,201,17066.40,
2026-09-11T20:21:57.611000+00:00,201,15917.76,
2026-09-11T20:21:57.547743+00:00,201,15983.40,
2026-09-11T20:21:57.858242+00:00,201,15661.21,
2026-09-11T20:21:56.550082+00:00,201,16981.16,
2026-09-11T20:21:57.646220+00:00,201,15890.18,
2026-09-11T20:21:57.842375+00:00,201,15694.52,
2026-09-11T20:21:58.233844+00:00,201,15308.45,
2026-09-11T20:21:57.718110+00:00,201,15824.38,
2026-09-11T20:21:48.730707+00:00,201,24814.85,
2026-09-11T20:21:50.251843+00:00,201,23295.43,
2026-09-11T20:21:56.232234+00:00,201,17312.24,
2026-09-11T20:21:55.603861+00:00,201,18029.48,
2026-09-11T20:21:58.775375+00:00,201,14849.14,
2026-09-11T20:22:00.809879+00:00,201,12823.53,
2026-09-11T20:21:55.616518+00:00,201,18024.87,
2026-09-11T20:21:55.913114+00:00,201,17729.46,
2026-09-11T20:21:49.238363+00:00,201,24399.47,
2026-09-11T20:21:50.576549+00:00,201,23059.30,
2026-09-11T20:21:55.665930+00:00,201,17983.98,
2026-09-11T20:21:58.249745+00:00,201,15393.76,
2026-09-11T20:21:50.611607+00:00,201,23041.40,
2026-09-11T20:21:55.618475+00:00,201,18038.87,
2026-09-11T20:21:49.255099+00:00,201,24399.07,
2026-09-11T20:21:57.309181+00:00,201,16394.88,
2026-09-11T20:21:57.341033+00:00,201,16372.05,
2026-09-11T20:21:57.363509+00:00,201,16352.91,
2026-09-11T20:21:57.341033+00:00,201,16371.99,
2026-09-11T20:21:57.341033+00:00,201,16370.37,
2026-09-11T20:21:57.373032+00:00,201,16351.19,
2026-09-11T20:21:57.371527+00:00,201,16355.61,
2026-09-11T20:21:57.408638+00:00,201,16320.11,
2026-09-11T20:21:57.379048+00:00,201,16352.03,
2026-09-11T20:21:57.402847+00:00,201,16330.53,
2026-09-11T20:21:56.661239+00:00,201,17065.80,
2026-09-11T20:21:56.836653+00:00,201,16897.55,
2026-09-11T20:21:56.726147+00:00,201,17010.58,
2026-09-11T20:21:58.477848+00:00,201,15263.20,
2026-09-11T20:21:58.471534+00:00,201,15270.67,
2026-09-11T20:21:58.477848+00:00,201,15260.37,
2026-09-11T20:21:58.488034+00:00,201,15257.05,
2026-09-11T20:21:58.488034+00:00,201,15259.69,
2026-09-11T20:21:56.836653+00:00,201,16899.54,
2026-09-11T20:21:56.906538+00:00,201,16842.24,
2026-09-11T20:21:58.477848+00:00,201,15274.12,
2026-09-11T20:21:58.488034+00:00,201,15265.12,
2026-09-11T20:21:58.471534+00:00,201,15286.59,
2026-09-11T20:21:58.488034+00:00,201,15262.99,
2026-09-11T20:21:58.523655+00:00,201,15239.40,
2026-09-11T20:21:58.507869+00:00,201,15256.78,
2026-09-11T20:21:58.488034+00:00,201,15265.40,
2026-09-11T20:21:58.525661+00:00,201,15243.76,
2026-09-11T20:21:58.507869+00:00,201,15261.03,
2026-09-11T20:21:58.552860+00:00,201,15221.62,
2026-09-11T20:21:58.580989+00:00,201,15197.79,
2026-09-11T20:21:58.525661+00:00,201,15247.72,
2026-09-11T20:21:58.552860+00:00,201,15229.67,
2026-09-11T20:21:58.557760+00:00,201,15228.05,
2026-09-11T20:21:58.586748+00:00,201,15200.58,
2026-09-11T20:21:58.598476+00:00,201,15188.83,
2026-09-11T20:21:58.586748+00:00,201,15209.58,
2026-09-11T20:21:58.557760+00:00,201,15241.28,
2026-09-11T20:21:58.623519+00:00,201,15182.87,
2026-09-11T20:21:58.566664+00:00,201,15242.83,
2026-09-11T20:21:58.586748+00:00,201,15225.71,
2026-09-11T20:21:58.598476+00:00,201,15216.71,
2026-09-11T20:21:56.248067+00:00,201,17562.42,
2026-09-11T20:21:56.916594+00:00,201,16907.17,
2026-09-11T20:21:56.505399+00:00,201,17323.59,
2026-09-11T20:21:57.532109+00:00,201,16290.58,
2026-09-11T20:21:57.767031+00:00,201,16072.07,
2026-09-11T20:21:56.704722+00:00,201,17138.51,
2026-09-11T20:21:57.516959+00:00,201,16326.78,
2026-09-11T20:21:57.683677+00:00,201,16165.32,
2026-09-11T20:21:57.842375+00:00,201,16000.79,
2026-09-11T20:21:57.890620+00:00,201,15959.64,
2026-09-11T20:21:56.581590+00:00,201,17284.63,
2026-09-11T20:21:58.017972+00:00,201,15861.18,
2026-09-11T20:21:57.563387+00:00,201,16314.43,
2026-09-11T20:21:56.885126+00:00,201,16992.89,
2026-09-11T20:21:59.267529+00:00,201,14622.34,
2026-09-11T20:21:57.911864+00:00,201,15986.14,
2026-09-11T20:21:57.826404+00:00,201,16070.83,
2026-09-11T20:21:57.826404+00:00,201,16068.58,
2026-09-11T20:21:58.764061+00:00,201,15141.03,
2026-09-11T20:21:58.035664+00:00,201,15871.99,
2026-09-11T20:21:55.613153+00:00,201,18297.15,
2026-09-11T20:21:55.931975+00:00,201,17983.42,
2026-09-11T20:21:49.857422+00:00,201,24060.04,
2026-09-11T20:21:56.629624+00:00,201,17284.76,
2026-09-11T20:21:58.013397+00:00,201,15906.10,
2026-09-11T20:21:57.579198+00:00,201,16331.50,
2026-09-11T20:21:56.550082+00:00,201,17364.59,
2026-09-11T20:21:57.987668+00:00,201,15937.81,
2026-09-11T20:21:58.408250+00:00,201,15511.40,
2026-09-11T20:21:57.501883+00:00,201,16426.03,
2026-09-11T20:21:56.374994+00:00,201,17543.33,
2026-09-11T20:21:57.678674+00:00,201,16252.37,
2026-09-11T20:21:56.482156+00:00,201,17439.62,
2026-09-11T20:21:56.465777+00:00,201,17466.73,
2026-09-11T20:21:56.348991+00:00,201,17584.23,
2026-09-11T20:21:56.581590+00:00,201,17342.02,
2026-09-11T20:21:58.281696+00:00,201,15655.80,
2026-09-11T20:21:57.800645+00:00,201,16139.60,
2026-09-11T20:21:57.595102+00:00,201,16342.12,
2026-09-11T20:21:56.296579+00:00,201,17645.02,
2026-09-11T20:21:49.878331+00:00,201,24065.32,
2026-09-11T20:21:56.948535+00:00,201,16992.83,
2026-09-11T20:21:56.311304+00:00,201,17634.65,
2026-09-11T20:21:57.532109+00:00,201,16413.99,
2026-09-11T20:21:49.061578+00:00,201,24887.60,
2026-09-11T20:21:57.749330+00:00,201,16201.90,
2026-09-11T20:21:55.257651+00:00,201,18681.82,
2026-09-11T20:21:57.560871+00:00,201,16392.41,
2026-09-11T20:21:58.068329+00:00,201,15892.28,
2026-09-11T20:21:58.392541+00:00,201,15557.56,
2026-09-11T20:21:55.709236+00:00,201,18254.01,
2026-09-11T20:21:55.679686+00:00,201,18285.49,
2026-09-11T20:21:57.709465+00:00,201,16257.15,
2026-09-11T20:21:58.249745+00:00,201,15716.67,
2026-09-11T20:21:56.390659+00:00,201,17577.86,
2026-09-11T20:21:59.552397+00:00,201,14417.04,
2026-09-11T20:21:56.232234+00:00,201,17732.99,
2026-09-11T20:21:58.048301+00:00,201,15925.04,
2026-09-11T20:21:50.274989+00:00,201,23699.40,
2026-09-11T20:21:57.969227+00:00,201,16001.05,
2026-09-11T20:21:55.935892+00:00,201,18041.74,
2026-09-11T20:21:57.579198+00:00,201,16396.75,
2026-09-11T20:21:58.041950+00:00,201,15938.39,
2026-09-11T20:21:55.620370+00:00,201,18360.98,
2026-09-11T20:21:49.836782+00:00,201,24146.05,
2026-09-11T20:21:56.597651+00:00,201,17385.57,
2026-09-11T20:21:57.563387+00:00,201,16422.09,
2026-09-11T20:21:50.338997+00:00,201,23640.77,
2026-09-11T20:21:57.532109+00:00,201,16452.94,
2026-09-11T20:21:56.320627+00:00,201,17670.56,
2026-09-11T20:21:56.422374+00:00,201,17567.64,
2026-09-11T20:21:55.946501+00:00,201,18047.76,
2026-09-11T20:21:48.663835+00:00,201,25330.51,
2026-09-11T20:21:56.534427+00:00,201,17460.19,
2026-09-11T20:21:56.348991+00:00,201,17642.79,
2026-09-11T20:21:56.422374+00:00,201,17570.11,
2026-09-11T20:21:49.027557+00:00,201,24961.72,
2026-09-11T20:21:58.296985+00:00,201,15698.44,
2026-09-11T20:21:49.105026+00:00,201,24899.31,
2026-09-11T20:21:58.281696+00:00,201,15718.44,
2026-09-11T20:21:55.526312+00:00,201,18472.01,
2026-09-11T20:21:55.939194+00:00,201,18069.50,
2026-09-11T20:21:49.941024+00:00,201,24068.60,
2026-09-11T20:21:56.232234+00:00,201,17767.07,
2026-09-11T20:21:55.662991+00:00,201,18350.12,
2026-09-11T20:21:49.066256+00:00,201,24940.21,
2026-09-11T20:21:56.550082+00:00,201,17451.88,
2026-09-11T20:21:58.408250+00:00,201,15595.07,
2026-09-11T20:21:56.434598+00:00,201,17583.97,
2026-09-11T20:21:55.683450+00:00,201,18336.64,
2026-09-11T20:21:56.232234+00:00,201,17774.30,
2026-09-11T20:21:56.263768+00:00,201,17750.30,
2026-09-11T20:21:56.232234+00:00,201,17782.43,
2026-09-11T20:21:55.942496+00:00,201,18083.06,
2026-09-11T20:21:58.314087+00:00,201,15709.76,
2026-09-11T20:21:56.438626+00:00,201,17587.43,
2026-09-11T20:21:49.919509+00:00,201,24109.91,
2026-09-11T20:21:56.343297+00:00,201,17685.96,
2026-09-11T20:21:49.898092+00:00,201,24133.26,
2026-09-11T20:21:49.082902+00:00,201,24944.76,
2026-09-11T20:21:55.686981+00:00,201,18348.49,
2026-09-11T20:21:49.708177+00:00,201,24328.34,
2026-09-11T20:21:57.532109+00:00,201,16496.31,
2026-09-11T20:21:58.408250+00:00,201,15626.17,
2026-09-11T20:21:56.327244+00:00,201,17706.44,
2026-09-11T20:21:50.297147+00:00,201,23743.50,
2026-09-11T20:21:56.311304+00:00,201,17727.48,
2026-09-11T20:21:50.323087+00:00,201,23722.01,
2026-09-11T20:21:59.660811+00:00,201,14377.41,
2026-09-11T20:21:48.784253+00:00,201,25264.30,
2026-09-11T20:21:55.622369+00:00,201,18426.80,
2026-09-11T20:21:49.120463+00:00,201,24930.74,
2026-09-11T20:21:50.369395+00:00,201,23682.39,
2026-09-11T20:21:56.320627+00:00,201,17729.41,
2026-09-11T20:21:58.281696+00:00,201,15764.13,
2026-09-11T20:21:48.757678+00:00,201,25297.53,
2026-09-11T20:21:50.143982+00:00,201,23910.99,
2026-09-11T20:21:56.359180+00:00,201,17691.69,
2026-09-11T20:21:55.950219+00:00,201,18110.87,
2026-09-11T20:21:59.970490+00:00,201,14087.79,
2026-09-11T20:21:55.542012+00:00,201,18519.51,
2026-09-11T20:21:56.248067+00:00,201,17814.87,
2026-09-11T20:21:49.122469+00:00,201,24932.78,
2026-09-11T20:21:55.567653+00:00,201,18500.84,
2026-09-11T20:21:50.417388+00:00,201,23652.33,
2026-09-11T20:21:55.957547+00:00,201,18112.98,
2026-09-11T20:21:58.328538+00:00,201,15736.43,
2026-09-11T20:21:56.390659+00:00,201,17676.99,
2026-09-11T20:21:48.947965+00:00,201,25120.03,
2026-09-11T20:21:55.916116+00:00,201,18160.53,
2026-09-11T20:21:56.220775+00:00,201,17850.49,
2026-09-11T20:21:58.328538+00:00,201,15736.62,
2026-09-11T20:22:00.474376+00:00,201,13607.39,
2026-09-11T20:21:49.162731+00:00,201,24918.91,
2026-09-11T20:21:55.578278+00:00,201,18505.89,
2026-09-11T20:21:50.433147+00:00,201,23643.71,
2026-09-11T20:21:49.172806+00:00,201,24908.46,
2026-09-11T20:21:58.764061+00:00,201,15319.08,
2026-09-11T20:21:55.585262+00:00,201,18504.32,
2026-09-11T20:21:50.465707+00:00,201,23624.63,
2026-09-11T20:21:58.344613+00:00,201,15746.05,
2026-09-11T20:21:56.039706+00:00,201,18054.42,
2026-09-11T20:21:58.344613+00:00,201,15746.42,
2026-09-11T20:21:55.592516+00:00,201,18504.39,
2026-09-11T20:21:49.185058+00:00,201,24904.17,
2026-09-11T20:21:50.486651+00:00,201,23609.44,
2026-09-11T20:21:50.172117+00:00,201,23927.45,
2026-09-11T20:21:55.595412+00:00,201,18506.99,
2026-09-11T20:21:50.513206+00:00,201,23589.50,
2026-09-11T20:21:49.201445+00:00,201,24898.10,
2026-09-11T20:21:55.598412+00:00,201,18508.42,
2026-09-11T20:21:58.344613+00:00,201,15753.15,
2026-09-11T20:22:00.703248+00:00,201,13399.67,
2026-09-11T20:21:48.730707+00:00,201,25375.78,
2026-09-11T20:21:50.533913+00:00,201,23574.89,
2026-09-11T20:21:58.775375+00:00,201,15330.95,
2026-09-11T20:21:55.600857+00:00,201,18515.06,
2026-09-11T20:21:58.344613+00:00,201,15759.04,
2026-09-11T20:21:48.836962+00:00,201,25279.43,
2026-09-11T20:21:50.561836+00:00,201,23557.15,
2026-09-11T20:21:55.658875+00:00,201,18462.02,
2026-09-11T20:21:55.719586+00:00,201,18404.31,
2026-09-11T20:21:55.625144+00:00,201,18500.26,
2026-09-11T20:21:57.293539+00:00,201,17040.89,
2026-09-11T20:21:57.325010+00:00,201,17015.04,
2026-09-11T20:21:57.325010+00:00,201,17015.27,
2026-09-11T20:21:57.363509+00:00,201,16985.86,
2026-09-11T20:21:57.325010+00:00,201,17011.03,
2026-09-11T20:21:58.488034+00:00,201,15858.35,
2026-09-11T20:21:58.455512+00:00,201,15895.68,
2026-09-11T20:21:58.477848+00:00,201,15884.84,
2026-09-11T20:21:58.488034+00:00,201,15871.91,
2026-09-11T20:21:58.534988+00:00,201,15826.91,
2026-09-11T20:21:58.534988+00:00,201,15836.10,
2026-09-11T20:21:58.534988+00:00,201,15836.88,
2026-09-11T20:21:57.510178+00:00,201,16905.34,
2026-09-11T20:21:57.716581+00:00,201,16712.78,
2026-09-11T20:21:58.074136+00:00,201,16364.60,
2026-09-11T20:21:56.374994+00:00,201,18069.64,
2026-09-11T20:21:55.463186+00:00,201,19045.43,
2026-09-11T20:21:50.640076+00:00,201,23874.70,
2026-09-11T20:21:49.271967+00:00,201,25241.87,
2026-09-11T20:21:49.289445+00:00,201,25229.49,
2026-09-11T20:21:48.875724+00:00,201,25643.70,
2026-09-11T20:22:01.111283+00:00,201,13412.58,
2026-09-11T20:21:58.296985+00:00,201,16227.97,
2026-09-11T20:21:50.667289+00:00,201,23861.11,
2026-09-11T20:21:55.911116+00:00,201,18620.69,
2026-09-11T20:22:00.896516+00:00,201,13637.61,
2026-09-11T20:21:48.677994+00:00,201,25856.56,
2026-09-11T20:21:50.690839+00:00,201,23842.94,
2026-09-11T20:21:49.301823+00:00,201,25236.03,
2026-09-11T20:21:55.923036+00:00,201,18621.34,
2026-09-11T20:21:48.968212+00:00,201,25574.02,
2026-09-11T20:21:49.325577+00:00,201,25224.79,
2026-09-11T20:21:55.558940+00:00,201,18994.44,
2026-09-11T20:21:53.887537+00:00,201,20667.22,
2026-09-11T20:21:50.721447+00:00,201,23835.02,
2026-09-11T20:21:56.220775+00:00,201,18330.95,
2026-09-11T20:22:01.159879+00:00,201,13394.34,
2026-09-11T20:21:49.343438+00:00,201,25221.31,
2026-09-11T20:21:55.581324+00:00,201,18985.45,
2026-09-11T20:21:56.263768+00:00,201,18302.59,
2026-09-11T20:22:00.973233+00:00,201,13597.92,
2026-09-11T20:21:55.704596+00:00,201,18869.36,
2026-09-11T20:21:50.759857+00:00,201,23816.90,
2026-09-11T20:22:01.199757+00:00,201,13376.06,
2026-09-11T20:21:58.787504+00:00,201,15778.31,
2026-09-11T20:21:55.611095+00:00,201,18972.21,
2026-09-11T20:21:50.798889+00:00,201,23785.14,
2026-09-11T20:21:55.752422+00:00,201,18835.16,
2026-09-11T20:21:49.359162+00:00,201,25229.76,
2026-09-11T20:21:49.472617+00:00,201,25113.96,
2026-09-11T20:21:56.274044+00:00,201,18319.35,
2026-09-11T20:22:01.268065+00:00,201,13329.37,
2026-09-11T20:21:49.376921+00:00,201,25222.64,
2026-09-11T20:21:57.357083+00:00,201,17383.63,
2026-09-11T20:21:57.410644+00:00,201,17337.19,
2026-09-11T20:21:58.455512+00:00,201,16291.41,
2026-09-11T20:21:57.398838+00:00,201,17354.40,
2026-09-11T20:21:57.412649+00:00,201,17344.04,
2026-09-11T20:21:58.503172+00:00,201,16254.28,
2026-09-11T20:21:58.513305+00:00,201,16249.81,
2026-09-11T20:21:58.586748+00:00,201,16177.12,
2026-09-11T20:21:56.935074+00:00,201,17838.63,
2026-09-11T20:21:55.676097+00:00,201,19135.31,
2026-09-11T20:21:58.265450+00:00,201,16550.64,
2026-09-11T20:21:58.344613+00:00,201,16475.10,
2026-09-11T20:21:55.627684+00:00,201,19204.06,
2026-09-11T20:21:50.841093+00:00,201,23993.02,
2026-09-11T20:21:56.274044+00:00,201,18556.64,
2026-09-11T20:21:49.391474+00:00,201,25443.31,
2026-09-11T20:21:48.795069+00:00,201,26037.34,
2026-09-11T20:21:50.873144+00:00,201,23966.39,
2026-09-11T20:21:55.632967+00:00,201,19208.80,
2026-09-11T20:21:55.921035+00:00,201,18922.05,
2026-09-11T20:22:01.364331+00:00,201,13480.54,
2026-09-11T20:21:50.041433+00:00,201,24804.74,
2026-09-11T20:21:49.406527+00:00,201,25437.37,
2026-09-11T20:22:01.083229+00:00,201,13766.20,
2026-09-11T20:21:50.917388+00:00,201,23932.52,
2026-09-11T20:21:58.328538+00:00,201,16512.18,
2026-09-11T20:21:56.279996+00:00,201,18571.17,
2026-09-11T20:21:50.962339+00:00,201,23891.46,
2026-09-11T20:21:49.422206+00:00,201,25430.07,
2026-09-11T20:21:55.589149+00:00,201,19269.37,
2026-09-11T20:21:56.279996+00:00,201,18574.13,
2026-09-11T20:22:01.426428+00:00,201,13434.06,
2026-09-11T20:22:01.490847+00:00,201,13369.28,
2026-09-11T20:22:01.554947+00:00,201,13309.56,
2026-09-11T20:21:56.629624+00:00,201,18226.61,
2026-09-11T20:21:51.481198+00:00,201,23373.81,
2026-09-11T20:21:56.406541+00:00,201,18452.78,
2026-09-11T20:21:56.935074+00:00,201,17943.55,
2026-09-11T20:21:56.948535+00:00,201,17932.84,
2026-09-11T20:21:49.586546+00:00,201,25305.32,
2026-09-11T20:21:51.385509+00:00,201,23496.36,
2026-09-11T20:22:01.495924+00:00,201,13397.78,
2026-09-11T20:21:56.973883+00:00,201,17925.19,
2026-09-11T20:22:02.102751+00:00,201,12795.47,
2026-09-11T20:21:53.654718+00:00,201,21247.11,
2026-09-11T20:21:57.553981+00:00,201,17353.82,
2026-09-11T20:21:52.617772+00:00,201,22291.51,
2026-09-11T20:22:01.715691+00:00,201,13196.59,
2026-09-11T20:21:57.773048+00:00,201,17142.43,
2026-09-11T20:21:53.718359+00:00,201,21193.16,
2026-09-11T20:21:53.385056+00:00,201,21535.91,
2026-09-11T20:21:51.088046+00:00,201,23841.27,
2026-09-11T20:22:01.464823+00:00,201,13467.95,
2026-09-11T20:21:51.718778+00:00,201,23219.53,
2026-09-11T20:21:58.866762+00:00,201,16073.37,
2026-09-11T20:22:01.316953+00:00,201,13630.69,
2026-09-11T20:22:01.633098+00:00,201,13313.71,
2026-09-11T20:21:56.534427+00:00,201,18411.76,
2026-09-11T20:22:01.976791+00:00,201,12983.74,
2026-09-11T20:21:52.146808+00:00,201,22818.76,
2026-09-11T20:21:49.605586+00:00,201,25364.78,
2026-09-11T20:22:02.456896+00:00,201,12518.46,
2026-09-11T20:21:53.491643+00:00,201,21483.71,
2026-09-11T20:21:57.786844+00:00,201,17196.86,
2026-09-11T20:21:57.499880+00:00,201,17489.08,
2026-09-11T20:21:56.742926+00:00,201,18239.53,
2026-09-11T20:21:51.813609+00:00,201,23184.01,
2026-09-11T20:21:57.595102+00:00,201,17402.24,
2026-09-11T20:21:49.618660+00:00,201,25391.01,
2026-09-11T20:21:56.757204+00:00,201,18259.44,
2026-09-11T20:22:01.703251+00:00,201,13325.16,
2026-09-11T20:22:03.734652+00:00,201,11297.29,
2026-09-11T20:21:56.742926+00:00,201,18292.64,
2026-09-11T20:21:52.573366+00:00,201,22472.36,
2026-09-11T20:21:51.338190+00:00,201,23721.97,
2026-09-11T20:21:58.883136+00:00,201,16179.08,
2026-09-11T20:21:57.478099+00:00,201,17601.19,
2026-09-11T20:21:58.898431+00:00,201,16185.08,
2026-09-11T20:21:56.613566+00:00,201,18472.60,
2026-09-11T20:21:57.563387+00:00,201,17523.62,
2026-09-11T20:21:52.291266+00:00,201,22814.44,
2026-09-11T20:21:57.521568+00:00,201,17588.28,
2026-09-11T20:21:57.821539+00:00,201,17299.85,
2026-09-11T20:22:03.847843+00:00,201,11272.60,
2026-09-11T20:21:52.111165+00:00,201,23023.94,
2026-09-11T20:21:49.567959+00:00,201,25573.34,
2026-09-11T20:21:51.877952+00:00,201,23264.18,
2026-09-11T20:21:56.821170+00:00,201,18317.98,
2026-09-11T20:21:56.885126+00:00,201,18273.30,
2026-09-11T20:22:01.664186+00:00,201,13491.81,
2026-09-11T20:21:57.627065+00:00,201,17535.67,
2026-09-11T20:21:51.942867+00:00,201,23225.96,
2026-09-11T20:21:51.622308+00:00,201,23561.90,
2026-09-11T20:21:58.803307+00:00,201,16379.66,
2026-09-11T20:21:49.442013+00:00,201,25752.21,
2026-09-11T20:22:03.331945+00:00,201,11868.28,
2026-09-11T20:21:53.036625+00:00,201,22162.62,
2026-09-11T20:22:01.117941+00:00,201,14100.64,
2026-09-11T20:22:02.831036+00:00,201,12390.92,
2026-09-11T20:21:51.275034+00:00,201,23950.41,
2026-09-11T20:21:52.484670+00:00,201,22753.43,
2026-09-11T20:21:48.773493+00:00,201,26473.29,
2026-09-11T20:21:57.681675+00:00,201,17571.34,
2026-09-11T20:22:01.305554+00:00,201,13948.26,
2026-09-11T20:21:58.930562+00:00,201,16340.98,
2026-09-11T20:21:52.026801+00:00,201,23243.08,
2026-09-11T20:21:49.459237+00:00,201,25821.97,
2026-09-11T20:21:57.858242+00:00,201,17420.32,
2026-09-11T20:21:52.446187+00:00,201,22841.56,
2026-09-11T20:21:56.645537+00:00,201,18640.49,
2026-09-11T20:22:01.256333+00:00,201,14040.45,
2026-09-11T20:22:03.403547+00:00,201,11909.63,
2026-09-11T20:21:58.930562+00:00,201,16386.26,
2026-09-11T20:22:04.147802+00:00,201,11174.90,
2026-09-11T20:21:57.693788+00:00,201,17636.11,
2026-09-11T20:21:56.359180+00:00,201,18973.83,
2026-09-11T20:22:01.451287+00:00,201,13888.48,
2026-09-11T20:22:01.907949+00:00,201,13435.65,
2026-09-11T20:21:56.298277+00:00,201,19046.41,
2026-09-11T20:21:50.989420+00:00,201,24359.16,
2026-09-11T20:21:58.834991+00:00,201,16514.67,
2026-09-11T20:22:01.456552+00:00,201,13910.94,
2026-09-11T20:22:03.022707+00:00,201,12351.11,
2026-09-11T20:21:55.563164+00:00,201,19817.12,
2026-09-11T20:22:01.230386+00:00,201,14155.68,
2026-09-11T20:21:51.370037+00:00,201,24026.84,
2026-09-11T20:21:51.217975+00:00,201,24179.64,
2026-09-11T20:21:56.735487+00:00,201,18674.31,
2026-09-11T20:21:49.531997+00:00,201,25882.28,
2026-09-11T20:22:01.527620+00:00,201,13894.98,
2026-09-11T20:21:51.992620+00:00,201,23433.52,
2026-09-11T20:22:03.221849+00:00,201,12207.26,
2026-09-11T20:21:52.363711+00:00,201,23068.30,
2026-09-11T20:21:53.607375+00:00,201,21818.58,
2026-09-11T20:21:52.818086+00:00,201,22617.50,
2026-09-11T20:21:56.289685+00:00,201,19159.14,
2026-09-11T20:22:01.986054+00:00,201,13467.30,
2026-09-11T20:21:56.990578+00:00,201,18464.91,
2026-09-11T20:21:48.741976+00:00,201,26722.47,
2026-09-11T20:21:58.936193+00:00,201,16523.32,
2026-09-11T20:21:57.935521+00:00,201,17536.08,
2026-09-11T20:22:04.468483+00:00,201,11008.12,
2026-09-11T20:21:56.390659+00:00,201,19076.54,
2026-09-11T20:21:51.750077+00:00,201,23731.92,
2026-09-11T20:21:48.869006+00:00,201,26616.04,
2026-09-11T20:21:57.745577+00:00,201,17743.85,
2026-09-11T20:21:58.950799+00:00,201,16547.12,
2026-09-11T20:21:51.649826+00:00,201,23848.01,
2026-09-11T20:21:57.953507+00:00,201,17548.34,
2026-09-11T20:21:48.841589+00:00,201,26665.95,
2026-09-11T20:21:57.759008+00:00,201,17755.56,
2026-09-11T20:21:58.000373+00:00,201,17519.14,
2026-09-11T20:21:58.011392+00:00,201,17514.56,
2026-09-11T20:21:58.958679+00:00,201,16570.76,
2026-09-11T20:21:52.253409+00:00,201,23278.43,
2026-09-11T20:21:58.962996+00:00,201,16573.10,
2026-09-11T20:21:58.967000+00:00,201,16573.91,
2026-09-11T20:22:04.694135+00:00,201,10853.30,
2026-09-11T20:21:58.058311+00:00,201,17494.17,
2026-09-11T20:22:04.736203+00:00,201,10819.21,
2026-09-11T20:21:58.038664+00:00,201,17518.58,
2026-09-11T20:21:58.123987+00:00,201,17436.26,
2026-09-11T20:21:58.210336+00:00,201,17353.11,
2026-09-11T20:21:58.083852+00:00,201,17481.86,
2026-09-11T20:21:58.167101+00:00,201,17401.40,
2026-09-11T20:21:58.229124+00:00,201,17341.45,
2026-09-11T20:21:58.154715+00:00,201,17418.19,
2026-09-11T20:21:58.983128+00:00,201,16593.37,
2026-09-11T20:21:58.235493+00:00,201,17339.84,
2026-09-11T20:21:48.816037+00:00,201,26766.94,
2026-09-11T20:22:04.796206+00:00,201,10791.00,
2026-09-11T20:21:55.548884+00:00,201,20041.10,
2026-09-11T20:21:58.983128+00:00,201,16606.66,
2026-09-11T20:21:50.386400+00:00,201,25203.95,
2026-09-11T20:21:56.248067+00:00,201,19345.75,
2026-09-11T20:21:49.027557+00:00,201,26572.87,
2026-09-11T20:21:58.983128+00:00,201,16613.82,
2026-09-11T20:21:58.983128+00:00,201,16611.98,
2026-09-11T20:21:55.574664+00:00,201,20035.10,
2026-09-11T20:22:04.921855+00:00,201,10690.18,
2026-09-11T20:22:05.014786+00:00,201,10599.67,
2026-09-11T20:22:04.973102+00:00,201,10643.16,
2026-09-11T20:22:05.059021+00:00,201,10559.40,
2026-09-11T20:22:05.209274+00:00,201,10411.97,
2026-09-11T20:22:05.125731+00:00,201,10497.53,
2026-09-11T20:22:05.402515+00:00,201,10224.43,
2026-09-11T20:22:05.342306+00:00,201,10286.69,
2026-09-11T20:22:05.398749+00:00,201,10234.03,
2026-09-11T20:22:05.419473+00:00,201,10212.65,
2026-09-11T20:22:05.516269+00:00,201,10117.60,
2026-09-11T20:22:05.436224+00:00,201,10203.22,
2026-09-11T20:22:05.584143+00:00,201,10058.14,
2026-09-11T20:22:01.813544+00:00,201,13927.77,
2026-09-11T20:22:01.900909+00:00,201,13847.70,
2026-09-11T20:22:02.044390+00:00,201,13704.83,
2026-09-11T20:21:56.788731+00:00,201,18957.63,
2026-09-11T20:21:51.462623+00:00,201,24290.95,
2026-09-11T20:21:51.917683+00:00,201,23838.46,
2026-09-11T20:22:01.398117+00:00,201,14356.62,
2026-09-11T20:22:01.396109+00:00,201,14363.37,
2026-09-11T20:22:01.969251+00:00,201,13792.79,
2026-09-11T20:21:56.773040+00:00,201,18980.56,
2026-09-11T20:22:02.727453+00:00,201,13040.21,
2026-09-11T20:21:57.480104+00:00,201,18288.31,
2026-09-11T20:21:56.497410+00:00,201,19272.80,
2026-09-11T20:21:58.819228+00:00,201,16949.71,
2026-09-11T20:21:52.652798+00:00,201,23114.89,
2026-09-11T20:21:56.677429+00:00,201,19092.21,
2026-09-11T20:21:52.067768+00:00,201,23704.62,
2026-09-11T20:22:01.757320+00:00,201,14018.68,
2026-09-11T20:21:56.718118+00:00,201,19061.04,
2026-09-11T20:21:56.524417+00:00,201,19256.63,
2026-09-11T20:21:49.514993+00:00,201,26266.93,
2026-09-11T20:21:57.712566+00:00,201,18071.05,
2026-09-11T20:21:52.181326+00:00,201,23601.66,
2026-09-11T20:21:52.328241+00:00,201,23458.34,
2026-09-11T20:21:52.217809+00:00,201,23570.68,
2026-09-11T20:22:02.926084+00:00,201,12862.72,
2026-09-11T20:21:57.808678+00:00,201,17982.35,
2026-09-11T20:21:51.686846+00:00,201,24104.93,
2026-09-11T20:22:03.088354+00:00,201,12694.70,
2026-09-11T20:21:56.906538+00:00,201,18881.47,
2026-09-11T20:22:02.361878+00:00,201,13430.04,
2026-09-11T20:21:51.306391+00:00,201,24487.61,
2026-09-11T20:21:56.446906+00:00,201,19354.04,
2026-09-11T20:21:58.898431+00:00,201,16898.73,
2026-09-11T20:21:56.517905+00:00,201,19286.52,
2026-09-11T20:21:51.429670+00:00,201,24375.78,
2026-09-11T20:21:51.848233+00:00,201,23956.94,
2026-09-11T20:21:58.898431+00:00,201,16904.63,
2026-09-11T20:21:57.842375+00:00,201,17969.71,
2026-09-11T20:22:01.708275+00:00,201,14104.00,
2026-09-11T20:21:57.627065+00:00,201,18186.44,
2026-09-11T20:21:57.842375+00:00,201,17967.02,
2026-09-11T20:21:49.687993+00:00,201,26130.04,
2026-09-11T20:21:56.804618+00:00,201,19001.33,
2026-09-11T20:21:55.526312+00:00,201,20281.56,
2026-09-11T20:21:57.656248+00:00,201,18164.86,
2026-09-11T20:21:52.989471+00:00,201,22832.59,
2026-09-11T20:22:02.539333+00:00,201,13279.86,
2026-09-11T20:22:03.997478+00:00,201,11829.65,
2026-09-11T20:21:56.921167+00:00,201,18905.71,
2026-09-11T20:21:51.781832+00:00,201,24047.30,
2026-09-11T20:21:49.490030+00:00,201,26336.29,
2026-09-11T20:21:57.876725+00:00,201,17957.83,
2026-09-11T20:21:53.118213+00:00,201,22718.15,
2026-09-11T20:21:56.565735+00:00,201,19267.19,
2026-09-11T20:22:03.507058+00:00,201,12331.70,
2026-09-11T20:21:57.752994+00:00,201,18088.16,
2026-09-11T20:21:53.239194+00:00,201,22603.81,
2026-09-11T20:21:53.321641+00:00,201,22515.36,
2026-09-11T20:21:57.735139+00:00,201,18111.38,
2026-09-11T20:21:57.876725+00:00,201,17966.95,
2026-09-11T20:21:56.327244+00:00,201,19521.05,
2026-09-11T20:22:02.250388+00:00,201,13598.67,
2026-09-11T20:22:04.258853+00:00,201,11588.03,
2026-09-11T20:21:57.579198+00:00,201,18275.63,
2026-09-11T20:21:56.975244+00:00,201,18871.88,
2026-09-11T20:22:01.643274+00:00,201,14214.77,
2026-09-11T20:21:58.834991+00:00,201,17015.12,
2026-09-11T20:21:53.536820+00:00,201,22324.67,
2026-09-11T20:21:53.450711+00:00,201,22410.16,
2026-09-11T20:21:58.936193+00:00,201,16925.56,
2026-09-11T20:22:01.268065+00:00,201,14591.95,
2026-09-11T20:22:04.357967+00:00,201,11501.06,
2026-09-11T20:21:57.906041+00:00,201,17961.50,
2026-09-11T20:21:57.911864+00:00,201,17952.33,
2026-09-11T20:21:51.584961+00:00,201,24282.00,
2026-09-11T20:22:01.558960+00:00,201,14315.39,
2026-09-11T20:21:58.936193+00:00,201,16931.43,
2026-09-11T20:21:51.249880+00:00,201,24624.94,
2026-09-11T20:22:01.327455+00:00,201,14551.15,
2026-09-11T20:21:53.281480+00:00,201,22598.42,
2026-09-11T20:21:56.676871+00:00,201,19205.53,
2026-09-11T20:22:04.546153+00:00,201,11334.51,
2026-09-11T20:21:58.898431+00:00,201,16972.93,
2026-09-11T20:21:57.672916+00:00,201,18214.70,
2026-09-11T20:21:52.528435+00:00,201,23355.19,
2026-09-11T20:21:58.952799+00:00,201,16937.74,
2026-09-11T20:22:04.602985+00:00,201,11289.29,
2026-09-11T20:21:57.983661+00:00,201,17912.62,
2026-09-11T20:21:58.955799+00:00,201,16942.28,
2026-09-11T20:22:03.599663+00:00,201,12299.84,
2026-09-11T20:22:04.651487+00:00,201,11246.99,
2026-09-11T20:21:58.076759+00:00,201,17827.31,
2026-09-11T20:22:04.837777+00:00,201,11070.08,
2026-09-11T20:22:04.875499+00:00,201,11034.78,
2026-09-11T20:21:49.144999+00:00,201,26764.15,
2026-09-11T20:22:05.100900+00:00,201,10813.38,
2026-09-11T20:22:05.174824+00:00,201,10740.72,
2026-09-11T20:22:05.300768+00:00,201,10615.86,
2026-09-11T20:22:05.252420+00:00,201,10665.76,
2026-09-11T20:22:05.384785+00:00,201,10535.49,
2026-09-11T20:22:05.432339+00:00,201,10489.89,
2026-09-11T20:22:05.749175+00:00,201,10174.69,
2026-09-11T20:22:05.440750+00:00,201,10489.84,
2026-09-11T20:22:05.856175+00:00,201,10079.63,
2026-09-11T20:22:06.102065+00:00,201,9835.38,
2026-09-11T20:21:56.788731+00:00,201,19153.82,
2026-09-11T20:21:56.935074+00:00,201,19019.15,
2026-09-11T20:21:58.471534+00:00,201,17483.97,
2026-09-11T20:21:48.689455+00:00,201,27381.56,
2026-09-11T20:21:48.963792+00:00,201,27110.41,
2026-09-11T20:22:01.234406+00:00,201,14841.55,
2026-09-11T20:21:58.923879+00:00,201,17156.06,
2026-09-11T20:21:51.190602+00:00,201,24893.58,
2026-09-11T20:21:51.557141+00:00,201,24530.94,
2026-09-11T20:21:52.932779+00:00,201,23160.90,
2026-09-11T20:22:01.633098+00:00,201,14466.85,
2026-09-11T20:22:01.316953+00:00,201,14782.73,
2026-09-11T20:21:52.763186+00:00,201,23343.58,
2026-09-11T20:21:51.020827+00:00,201,25088.44,
2026-09-11T20:21:53.179664+00:00,201,22931.79,
2026-09-11T20:21:52.874600+00:00,201,23239.97,
2026-09-11T20:21:57.516959+00:00,201,18602.39,
2026-09-11T20:21:49.549527+00:00,201,26573.01,
2026-09-11T20:21:52.399379+00:00,201,23722.20,
2026-09-11T20:21:51.524056+00:00,201,24610.13,
2026-09-11T20:21:57.876725+00:00,201,18251.72,
2026-09-11T20:21:56.804618+00:00,201,19337.46,
2026-09-11T20:22:01.763849+00:00,201,14382.47,
2026-09-11T20:21:56.581590+00:00,201,19571.76,
2026-09-11T20:22:01.460307+00:00,201,14693.26,
2026-09-11T20:21:57.491876+00:00,201,18665.97,
2026-09-11T20:21:52.700599+00:00,201,23460.82,
2026-09-11T20:21:57.938149+00:00,201,18215.17,
2026-09-11T20:21:58.028421+00:00,201,18148.81,
2026-09-11T20:21:58.965997+00:00,201,17212.90,
2026-09-11T20:21:58.964996+00:00,201,17215.32,
2026-09-11T20:21:58.054071+00:00,201,18129.53,
2026-09-11T20:21:58.975720+00:00,201,17206.77,
2026-09-11T20:21:58.216462+00:00,201,17972.72,
2026-09-11T20:21:58.249745+00:00,201,17928.07,
2026-09-11T20:21:55.953092+00:00,201,20238.41,
2026-09-11T20:21:59.991478+00:00,201,16192.09,
2026-09-11T20:21:58.983128+00:00,201,17209.11,
2026-09-11T20:22:04.905179+00:00,201,11295.67,
2026-09-11T20:21:56.359180+00:00,201,19830.99,
2026-09-11T20:21:58.471534+00:00,201,17777.64,
2026-09-11T20:21:56.900550+00:00,201,19355.16,
2026-09-11T20:21:57.512176+00:00,201,18802.54,
2026-09-11T20:21:56.875358+00:00,201,19454.43,
2026-09-11T20:21:57.890620+00:00,201,18442.40,
2026-09-11T20:21:57.953507+00:00,201,18376.81,
2026-09-11T20:21:57.998670+00:00,201,18347.64,
2026-09-11T20:22:06.394760+00:00,201,10030.34,
2026-09-11T20:21:56.723144+00:00,201,19705.40,
2026-09-11T20:21:53.575759+00:00,201,22888.97,
2026-09-11T20:21:56.804618+00:00,201,19924.81,
2026-09-11T20:21:56.757204+00:00,201,20000.25,
2026-09-11T20:21:56.597651+00:00,201,20324.90,
2026-09-11T20:21:58.455512+00:00,201,18484.69,
2026-09-11T20:22:05.986034+00:00,0,11196.53,connection_error: 
2026-09-11T20:22:05.467354+00:00,0,11722.35,connection_error: 
2026-09-11T20:21:58.435991+00:00,201,19013.09,
2026-09-11T20:22:05.550712+00:00,201,17222.10,
2026-09-11T20:22:06.118315+00:00,201,16661.18,
2026-09-11T20:22:05.603982+00:00,201,17200.71,
2026-09-11T20:22:13.306842+00:00,201,9495.67,
2026-09-11T20:22:05.952840+00:00,201,16863.54,
2026-09-11T20:22:06.192629+00:00,201,16625.92,
2026-09-11T20:22:13.306842+00:00,201,9519.50,
2026-09-11T20:22:06.451975+00:00,201,16389.43,
2026-09-11T20:22:13.317949+00:00,201,9651.57,
2026-09-11T20:22:13.317949+00:00,201,9651.59,
2026-09-11T20:22:13.333109+00:00,201,9649.11,
2026-09-11T20:22:13.337555+00:00,201,9645.22,
2026-09-11T20:22:13.337555+00:00,201,9651.37,
2026-09-11T20:22:13.317949+00:00,201,9669.62,
2026-09-11T20:22:13.317949+00:00,201,9681.23,
2026-09-11T20:22:13.317949+00:00,201,9696.01,
2026-09-11T20:22:13.337555+00:00,201,9683.94,
2026-09-11T20:22:13.333109+00:00,201,9705.03,
2026-09-11T20:22:13.337555+00:00,201,9702.14,
2026-09-11T20:22:13.317949+00:00,201,9771.49,
2026-09-11T20:22:13.348790+00:00,201,9760.43,
2026-09-11T20:22:13.349797+00:00,201,9770.49,
2026-09-11T20:22:13.364450+00:00,201,9758.49,
2026-09-11T20:22:13.398246+00:00,201,9739.79,
2026-09-11T20:22:13.349797+00:00,201,9792.70,
2026-09-11T20:22:13.364450+00:00,201,9785.64,
2026-09-11T20:22:13.364450+00:00,201,9798.80,
2026-09-11T20:22:13.364450+00:00,201,9797.39,
2026-09-11T20:22:13.380308+00:00,201,9796.08,
2026-09-11T20:22:13.349797+00:00,201,9822.55,
2026-09-11T20:22:13.380308+00:00,201,9800.39,
2026-09-11T20:22:13.364450+00:00,201,9829.61,
2026-09-11T20:22:13.398246+00:00,201,9808.42,
2026-09-11T20:22:13.398246+00:00,201,9817.32,
2026-09-11T20:22:13.412102+00:00,201,9812.68,
2026-09-11T20:22:13.364450+00:00,201,9858.69,
2026-09-11T20:22:13.364450+00:00,201,9870.69,
2026-09-11T20:22:13.349797+00:00,201,9885.28,
2026-09-11T20:22:12.842886+00:00,201,10426.67,
2026-09-11T20:22:13.364450+00:00,201,9910.98,
2026-09-11T20:22:13.398246+00:00,201,9881.93,
2026-09-11T20:22:13.364450+00:00,201,9913.54,
2026-09-11T20:22:13.412102+00:00,201,9877.85,
2026-09-11T20:22:13.396241+00:00,201,9909.84,
2026-09-11T20:22:13.392679+00:00,201,9919.78,
2026-09-11T20:22:13.412102+00:00,201,9903.17,
2026-09-11T20:22:13.349797+00:00,201,9976.47,
2026-09-11T20:22:13.398246+00:00,201,9929.33,
2026-09-11T20:22:13.398246+00:00,201,9950.55,
2026-09-11T20:22:13.427764+00:00,201,9939.16,
2026-09-11T20:22:13.391002+00:00,201,9989.03,
2026-09-11T20:22:13.427764+00:00,201,9954.72,
2026-09-11T20:22:13.412102+00:00,201,9988.27,
2026-09-11T20:22:13.412102+00:00,201,10007.51,
2026-09-11T20:22:13.380308+00:00,201,10056.93,
2026-09-11T20:22:13.412102+00:00,201,10037.73,
2026-09-11T20:22:13.443905+00:00,201,10019.56,
2026-09-11T20:22:12.858670+00:00,201,10618.54,
2026-09-11T20:22:13.398246+00:00,201,10095.17,
2026-09-11T20:22:13.427764+00:00,201,10080.59,
2026-09-11T20:22:13.437399+00:00,201,10097.69,
2026-09-11T20:22:13.412102+00:00,201,10127.64,
2026-09-11T20:22:13.412102+00:00,201,10352.91,
2026-09-11T20:22:13.427764+00:00,201,10365.35,
2026-09-11T20:22:13.427764+00:00,201,10387.85,
2026-09-11T20:22:13.443905+00:00,201,10394.32,
2026-09-11T20:22:13.412102+00:00,201,10448.64,
2026-09-11T20:22:13.412102+00:00,201,10453.29,
2026-09-11T20:22:13.443905+00:00,201,10438.18,
2026-09-11T20:22:13.437399+00:00,201,10469.92,
2026-09-11T20:22:13.443905+00:00,201,10512.81,
2026-09-11T20:22:13.459813+00:00,201,10518.49,
2026-09-11T20:22:12.842886+00:00,201,11155.09,
2026-09-11T20:22:13.443905+00:00,201,10555.70,
2026-09-11T20:22:13.459813+00:00,201,10563.96,
2026-09-11T20:22:13.459813+00:00,201,10581.34,
2026-09-11T20:22:13.443905+00:00,201,10612.94,
2026-09-11T20:22:13.459813+00:00,201,10608.32,
2026-09-11T20:22:13.475602+00:00,201,10613.14,
2026-09-11T20:22:13.459813+00:00,201,10638.37,
2026-09-11T20:22:13.443905+00:00,201,10676.67,
2026-09-11T20:22:13.459813+00:00,201,10682.61,
2026-09-11T20:22:13.443905+00:00,201,10704.64,
2026-09-11T20:22:13.437399+00:00,201,10737.30,
2026-09-11T20:22:13.459813+00:00,201,10722.79,
2026-09-11T20:22:13.475602+00:00,201,10736.46,
2026-09-11T20:22:13.475602+00:00,201,10755.84,
2026-09-11T20:22:13.475602+00:00,201,10813.49,
2026-09-11T20:22:13.491312+00:00,201,10817.37,
2026-09-11T20:22:13.491312+00:00,201,10837.44,
2026-09-11T20:22:13.475602+00:00,201,10864.49,
2026-09-11T20:22:13.459813+00:00,201,10903.37,
2026-09-11T20:22:13.459813+00:00,201,10918.62,
2026-09-11T20:22:13.475602+00:00,201,10922.49,
2026-09-11T20:22:13.475602+00:00,201,10945.67,
2026-09-11T20:22:13.475602+00:00,201,10973.23,
2026-09-11T20:22:13.491312+00:00,201,10981.78,
2026-09-11T20:22:13.475602+00:00,201,11017.21,
2026-09-11T20:22:13.507024+00:00,201,11017.01,
2026-09-11T20:22:13.509029+00:00,201,11039.06,
2026-09-11T20:22:13.517051+00:00,201,11053.18,
2026-09-11T20:22:13.491312+00:00,201,11096.30,
2026-09-11T20:22:13.504513+00:00,201,11112.90,
2026-09-11T20:22:13.515045+00:00,201,11126.44,
2026-09-11T20:22:13.502505+00:00,201,11167.28,
2026-09-11T20:22:13.491312+00:00,201,11201.36,
2026-09-11T20:22:13.491312+00:00,201,11230.12,
2026-09-11T20:22:13.521061+00:00,201,11240.98,
2026-09-11T20:22:13.525138+00:00,201,11275.34,
2026-09-11T20:22:13.513040+00:00,201,11407.68,
2026-09-11T20:22:13.523125+00:00,201,11422.51,
2026-09-11T20:22:13.511034+00:00,201,11458.88,
2026-09-11T20:22:13.527144+00:00,201,11467.51,
2026-09-11T20:22:13.538602+00:00,201,11483.31,
2026-09-11T20:22:13.527144+00:00,201,11515.47,
2026-09-11T20:22:13.527144+00:00,201,11548.20,
2026-09-11T20:22:13.537597+00:00,201,11564.97,
2026-09-11T20:22:13.527144+00:00,201,11593.69,
2026-09-11T20:22:13.527144+00:00,201,11624.82,
2026-09-11T20:22:13.527144+00:00,201,11649.67,
2026-09-11T20:22:13.538602+00:00,201,11660.05,
2026-09-11T20:22:13.538602+00:00,201,11690.51,
2026-09-11T20:22:13.538602+00:00,201,11723.70,
2026-09-11T20:22:13.538602+00:00,201,11750.21,
2026-09-11T20:22:13.538602+00:00,201,11774.61,
2026-09-11T20:22:06.208127+00:00,201,19295.49,
2026-09-11T20:22:05.798672+00:00,201,19737.01,
2026-09-11T20:22:13.713262+00:00,201,11850.83,
2026-09-11T20:22:05.483153+00:00,201,20110.34,
2026-09-11T20:22:06.470141+00:00,201,19156.86,
2026-09-11T20:22:13.713262+00:00,201,11938.04,
2026-09-11T20:22:13.744475+00:00,201,11941.78,
2026-09-11T20:22:13.713262+00:00,201,12007.31,
2026-09-11T20:22:13.731499+00:00,201,12043.39,
2026-09-11T20:22:13.760287+00:00,201,12062.49,
2026-09-11T20:22:13.728779+00:00,201,12125.21,
2026-09-11T20:22:13.744475+00:00,201,12151.32,
2026-09-11T20:22:13.737748+00:00,201,12199.37,
2026-09-11T20:22:13.731499+00:00,201,12251.65,
2026-09-11T20:22:13.744475+00:00,201,12264.25,
2026-09-11T20:22:12.163374+00:00,201,13889.32,
2026-09-11T20:22:13.737748+00:00,201,12347.79,
2026-09-11T20:22:13.713262+00:00,201,12399.39,
2026-09-11T20:22:13.713262+00:00,201,12440.11,
2026-09-11T20:22:13.760287+00:00,201,12427.63,
2026-09-11T20:22:13.760287+00:00,201,12464.50,
2026-09-11T20:22:13.744475+00:00,201,12505.57,
2026-09-11T20:22:13.712670+00:00,201,12586.50,
2026-09-11T20:22:13.731499+00:00,201,12598.35,
2026-09-11T20:22:13.744475+00:00,201,12620.77,
2026-09-11T20:22:13.737748+00:00,201,12658.48,
2026-09-11T20:22:13.760287+00:00,201,12660.75,
2026-09-11T20:22:13.713262+00:00,201,12743.83,
2026-09-11T20:22:13.760287+00:00,201,12733.50,
2026-09-11T20:22:13.744475+00:00,201,12790.20,
2026-09-11T20:22:13.744475+00:00,201,12824.07,
2026-09-11T20:22:13.776199+00:00,201,12824.01,
2026-09-11T20:22:13.776199+00:00,201,12868.24,
2026-09-11T20:22:13.744475+00:00,201,12934.14,
2026-09-11T20:22:13.776199+00:00,201,12938.67,
2026-09-11T20:22:13.760287+00:00,201,12994.24,
2026-09-11T20:22:13.760287+00:00,201,13039.85,
2026-09-11T20:22:13.760287+00:00,201,13081.65,
2026-09-11T20:22:12.827075+00:00,201,14057.18,
2026-09-11T20:22:12.727146+00:00,201,14201.59,
2026-09-11T20:22:12.842886+00:00,201,14128.34,
2026-09-11T20:22:13.792078+00:00,201,13223.61,
2026-09-11T20:22:12.858670+00:00,201,14202.48,
2026-09-11T20:22:13.776199+00:00,201,13338.28,
2026-09-11T20:22:12.858670+00:00,201,14303.92,
2026-09-11T20:22:12.794941+00:00,201,14415.01,
2026-09-11T20:22:12.705317+00:00,201,14557.48,
2026-09-11T20:22:12.858670+00:00,201,14444.53,
2026-09-11T20:22:12.837362+00:00,201,14514.79,
2026-09-11T20:22:12.875742+00:00,201,14518.71,
2026-09-11T20:22:13.795183+00:00,201,13639.67,
2026-09-11T20:22:13.807792+00:00,201,13659.84,
2026-09-11T20:22:12.858670+00:00,201,14640.92,
2026-09-11T20:22:13.795183+00:00,201,13754.33,
2026-09-11T20:22:13.807792+00:00,201,13788.52,
2026-09-11T20:22:12.890478+00:00,201,14737.75,
2026-09-11T20:22:12.890478+00:00,201,14795.80,
2026-09-11T20:22:13.795183+00:00,201,13927.15,
2026-09-11T20:22:13.793589+00:00,201,13987.37,
2026-09-11T20:22:12.955736+00:00,201,15343.90,
2026-09-11T20:22:12.906388+00:00,201,15525.96,
2026-09-11T20:22:13.839635+00:00,201,14666.20,
2026-09-11T20:22:13.016712+00:00,201,15565.23,
2026-09-11T20:22:13.839635+00:00,201,14774.61,
2026-09-11T20:22:12.989878+00:00,201,15667.05,
2026-09-11T20:22:13.807792+00:00,201,14881.33,
2026-09-11T20:22:13.036947+00:00,201,15702.61,
2026-09-11T20:22:13.839635+00:00,201,14928.73,
2026-09-11T20:22:13.839635+00:00,201,15145.58,
2026-09-11T20:22:13.222353+00:00,201,16065.66,
2026-09-11T20:22:13.079328+00:00,201,16254.03,
2026-09-11T20:22:13.903295+00:00,201,15592.98,
2026-09-11T20:22:13.094965+00:00,201,16423.05,
2026-09-11T20:22:13.063666+00:00,201,16547.74,
2026-09-11T20:22:13.158539+00:00,201,16475.34,
2026-09-11T20:22:13.907791+00:00,201,15750.14,
2026-09-11T20:22:13.907791+00:00,201,15787.62,
2026-09-11T20:22:13.206600+00:00,201,16510.86,
2026-09-11T20:22:13.158539+00:00,201,16577.78,
2026-09-11T20:22:13.935285+00:00,201,15842.29,
2026-09-11T20:22:13.871784+00:00,201,15919.85,
2026-09-11T20:22:13.919854+00:00,201,15913.38,
2026-09-11T20:22:13.919854+00:00,201,15932.22,
2026-09-11T20:22:13.907791+00:00,201,15977.60,
2026-09-11T20:22:13.919854+00:00,201,15982.69,
2026-09-11T20:22:13.919854+00:00,201,16019.54,
2026-09-11T20:22:13.907791+00:00,201,16057.00,
2026-09-11T20:22:13.919854+00:00,201,16078.89,
2026-09-11T20:22:13.919854+00:00,201,16115.82,
2026-09-11T20:22:13.919854+00:00,201,16167.19,
2026-09-11T20:22:13.919854+00:00,201,16315.81,
2026-09-11T20:22:13.951280+00:00,201,16319.63,
2026-09-11T20:22:13.944298+00:00,201,16370.40,
2026-09-11T20:22:13.944298+00:00,201,16400.49,
2026-09-11T20:22:13.951280+00:00,201,16410.07,
2026-09-11T20:22:13.937962+00:00,201,16454.63,
2026-09-11T20:22:13.967247+00:00,201,16445.85,
2026-09-11T20:22:13.951280+00:00,201,16482.48,
2026-09-11T20:22:13.944298+00:00,201,16509.57,
2026-09-11T20:22:13.983300+00:00,201,16502.37,
2026-09-11T20:22:13.937962+00:00,201,16582.45,
2026-09-11T20:22:13.937962+00:00,201,16623.71,
2026-09-11T20:22:13.991296+00:00,201,16592.65,
2026-09-11T20:22:13.951280+00:00,201,16658.82,
2026-09-11T20:22:13.951280+00:00,201,16673.30,
2026-09-11T20:22:13.967247+00:00,201,16686.72,
2026-09-11T20:22:13.951280+00:00,201,16720.13,
2026-09-11T20:22:13.951280+00:00,201,16744.36,
2026-09-11T20:22:13.991296+00:00,201,16749.88,
2026-09-11T20:22:13.983300+00:00,201,16782.54,
2026-09-11T20:22:13.967247+00:00,201,16813.58,
2026-09-11T20:22:13.983300+00:00,201,16830.15,
2026-09-11T20:22:13.967247+00:00,201,16859.82,
2026-09-11T20:22:13.983300+00:00,201,16870.78,
2026-09-11T20:22:14.014943+00:00,201,17023.47,
2026-09-11T20:22:14.030661+00:00,201,17050.70,
2026-09-11T20:22:13.999296+00:00,201,17084.41,
2026-09-11T20:22:14.038249+00:00,201,17071.55,
2026-09-11T20:22:14.014943+00:00,201,17089.03,
2026-09-11T20:22:14.046687+00:00,201,17064.01,
2026-09-11T20:22:14.062755+00:00,201,17077.00,
2026-09-11T20:22:14.062755+00:00,201,17095.98,
2026-09-11T20:22:14.030661+00:00,201,17131.13,
2026-09-11T20:22:14.046687+00:00,201,17122.47,
2026-09-11T20:22:14.078875+00:00,201,17096.38,
2026-09-11T20:22:14.038249+00:00,201,17143.16,
2026-09-11T20:22:14.097059+00:00,201,17093.18,
2026-09-11T20:22:14.062755+00:00,201,17117.39,
2026-09-11T20:22:14.062755+00:00,201,17131.35,
2026-09-11T20:22:14.078875+00:00,201,17112.50,
2026-09-11T20:22:14.111097+00:00,201,17099.35,
2026-09-11T20:22:14.111097+00:00,201,17100.93,
2026-09-11T20:22:14.099062+00:00,201,17113.35,
2026-09-11T20:22:14.142072+00:00,201,17071.49,
2026-09-11T20:22:14.099062+00:00,201,17127.10,
2026-09-11T20:22:14.111097+00:00,201,17115.25,
2026-09-11T20:22:14.107956+00:00,201,17130.42,
2026-09-11T20:22:05.830644+00:00,201,25412.11,
2026-09-11T20:22:14.078875+00:00,201,17159.93,
2026-09-11T20:22:14.078875+00:00,201,17157.81,
2026-09-11T20:22:14.111097+00:00,201,17131.06,
2026-09-11T20:22:14.107956+00:00,201,17146.41,
2026-09-11T20:22:14.111097+00:00,201,17134.97,
2026-09-11T20:22:12.210473+00:00,201,19047.05,
2026-09-11T20:22:14.099062+00:00,201,17163.55,
2026-09-11T20:22:14.350306+00:00,201,16909.97,
2026-09-11T20:22:14.338807+00:00,201,16928.81,
2026-09-11T20:22:14.350306+00:00,201,16927.74,
2026-09-11T20:22:14.111097+00:00,201,17163.45,
2026-09-11T20:22:06.488720+00:00,201,24795.47,
2026-09-11T20:22:12.668334+00:00,201,18616.64,
2026-09-11T20:22:14.363818+00:00,201,16922.84,
2026-09-11T20:22:12.745339+00:00,201,18551.44,
2026-09-11T20:22:12.875742+00:00,201,18414.38,
2026-09-11T20:22:12.842886+00:00,201,18451.45,
2026-09-11T20:22:12.890478+00:00,201,18414.80,
2026-09-11T20:22:14.347937+00:00,201,16962.77,
2026-09-11T20:22:12.968837+00:00,201,18345.71,
2026-09-11T20:22:12.842886+00:00,201,18469.81,
2026-09-11T20:22:12.938999+00:00,201,18379.45,
2026-09-11T20:22:12.811021+00:00,201,18501.56,
2026-09-11T20:22:14.411553+00:00,201,16911.72,
2026-09-11T20:22:13.016712+00:00,201,18306.57,
2026-09-11T20:22:13.000470+00:00,201,18331.76,
2026-09-11T20:22:12.906388+00:00,201,18424.59,
2026-09-11T20:22:12.968837+00:00,201,18369.02,
2026-09-11T20:22:12.968837+00:00,201,18366.76,
2026-09-11T20:22:13.056793+00:00,201,18293.88,
2026-09-11T20:22:12.938999+00:00,201,18609.00,
2026-09-11T20:22:12.930389+00:00,201,18616.21,
2026-09-11T20:22:12.993176+00:00,201,18556.89,
2026-09-11T20:22:12.968837+00:00,201,18579.59,
2026-09-11T20:22:12.993176+00:00,201,18558.74,
2026-09-11T20:22:13.111414+00:00,201,18444.66,
2026-09-11T20:22:12.955736+00:00,201,18597.61,
2026-09-11T20:22:13.871784+00:00,201,17691.44,
2026-09-11T20:22:13.823523+00:00,201,17733.10,
2026-09-11T20:22:13.047814+00:00,201,18517.86,
2026-09-11T20:22:13.063666+00:00,201,18500.76,
2026-09-11T20:22:13.887486+00:00,201,17690.15,
2026-09-11T20:22:13.887486+00:00,201,17680.56,
2026-09-11T20:22:13.887486+00:00,201,17691.36,
2026-09-11T20:22:13.079328+00:00,201,18504.81,
2026-09-11T20:22:13.137109+00:00,201,18454.00,
2026-09-11T20:22:13.887486+00:00,201,17698.67,
2026-09-11T20:22:13.142534+00:00,201,18447.85,
2026-09-11T20:22:13.222353+00:00,201,18368.83,
2026-09-11T20:22:13.142534+00:00,201,18466.64,
2026-09-11T20:22:13.999296+00:00,201,17614.87,
2026-09-11T20:22:14.030661+00:00,201,17584.89,
2026-09-11T20:22:13.999296+00:00,201,17612.61,
2026-09-11T20:22:13.999296+00:00,201,17624.62,
2026-09-11T20:22:14.030661+00:00,201,17597.99,
2026-09-11T20:22:14.014943+00:00,201,17616.20,
2026-09-11T20:22:14.038249+00:00,201,17599.90,
2026-09-11T20:22:14.038249+00:00,201,17602.36,
2026-09-11T20:22:14.046687+00:00,201,17595.48,
2026-09-11T20:22:14.046687+00:00,201,17603.59,
2026-09-11T20:22:14.046687+00:00,201,17598.75,
2026-09-11T20:22:14.062755+00:00,201,17593.50,
2026-09-11T20:22:14.062755+00:00,201,17599.85,
2026-09-11T20:22:14.078875+00:00,201,17580.20,
2026-09-11T20:22:14.046687+00:00,201,17618.67,
2026-09-11T20:22:14.099062+00:00,201,17575.29,
2026-09-11T20:22:14.078875+00:00,201,17598.26,
2026-09-11T20:22:14.099062+00:00,201,17580.45,
2026-09-11T20:22:14.062755+00:00,201,17610.45,
2026-09-11T20:22:14.078875+00:00,201,17600.43,
2026-09-11T20:22:14.097059+00:00,201,17597.32,
2026-09-11T20:22:14.111097+00:00,201,17583.55,
2026-09-11T20:22:14.046687+00:00,201,17652.49,
2026-09-11T20:22:14.094749+00:00,201,17606.48,
2026-09-11T20:22:14.111097+00:00,201,17589.27,
2026-09-11T20:22:14.111097+00:00,201,17591.36,
2026-09-11T20:22:14.350306+00:00,201,17352.73,
2026-09-11T20:22:05.558983+00:00,201,26156.52,
2026-09-11T20:22:12.746845+00:00,201,18956.53,
2026-09-11T20:22:14.363818+00:00,201,17346.34,
2026-09-11T20:22:14.363818+00:00,201,17358.03,
2026-09-11T20:22:12.827075+00:00,201,18894.36,
2026-09-11T20:22:12.955736+00:00,201,18764.94,
2026-09-11T20:22:12.842886+00:00,201,18874.28,
2026-09-11T20:22:13.823523+00:00,201,18180.75,
2026-09-11T20:22:13.839635+00:00,201,18176.04,
2026-09-11T20:22:13.031798+00:00,201,18987.69,
2026-09-11T20:22:13.855661+00:00,201,18159.91,
2026-09-11T20:22:13.063666+00:00,201,18948.13,
2026-09-11T20:22:13.142534+00:00,201,18879.07,
2026-09-11T20:22:13.158539+00:00,201,18872.48,
2026-09-11T20:22:13.944298+00:00,201,18091.53,
2026-09-11T20:22:13.967247+00:00,201,18070.79,
2026-09-11T20:22:13.995562+00:00,201,18050.89,
2026-09-11T20:22:13.995562+00:00,201,18053.93,
2026-09-11T20:22:13.999296+00:00,201,18047.97,
2026-09-11T20:22:13.967247+00:00,201,18077.37,
2026-09-11T20:22:13.999296+00:00,201,18047.76,
2026-09-11T20:22:13.983300+00:00,201,18073.78,
2026-09-11T20:22:14.014943+00:00,201,18045.84,
2026-09-11T20:22:14.046687+00:00,201,18016.05,
2026-09-11T20:22:14.062755+00:00,201,18001.25,
2026-09-11T20:22:14.038249+00:00,201,18035.43,
2026-09-11T20:22:14.046687+00:00,201,18025.16,
2026-09-11T20:22:14.062755+00:00,201,18023.55,
2026-09-11T20:22:14.062755+00:00,201,18032.37,
2026-09-11T20:22:14.099062+00:00,201,18004.18,
2026-09-11T20:22:14.078875+00:00,201,18023.37,
2026-09-11T20:22:14.111097+00:00,201,17991.71,
2026-09-11T20:22:06.222863+00:00,201,25902.11,
2026-09-11T20:22:05.634130+00:00,201,26492.73,
2026-09-11T20:22:14.338807+00:00,201,17791.24,
2026-09-11T20:22:14.338807+00:00,201,17792.52,
2026-09-11T20:22:12.890478+00:00,201,19245.70,
2026-09-11T20:22:12.875742+00:00,201,19264.44,
2026-09-11T20:22:12.875742+00:00,201,19275.95,
2026-09-11T20:22:12.906388+00:00,201,19236.49,
2026-09-11T20:22:14.363818+00:00,201,17782.76,
2026-09-11T20:22:13.036947+00:00,201,19119.89,
2026-09-11T20:22:14.438734+00:00,201,17726.27,
2026-09-11T20:22:13.056793+00:00,201,19105.89,
2026-09-11T20:22:12.955736+00:00,201,19212.45,
2026-09-11T20:22:13.016712+00:00,201,19150.93,
2026-09-11T20:22:13.079328+00:00,201,19084.38,
2026-09-11T20:22:13.106286+00:00,201,19068.68,
2026-09-11T20:22:14.427258+00:00,201,17751.03,
2026-09-11T20:22:13.106286+00:00,201,19076.25,
2026-09-11T20:22:13.142534+00:00,201,19040.24,
2026-09-11T20:22:13.111414+00:00,201,19064.44,
2026-09-11T20:22:13.111414+00:00,201,19076.85,
2026-09-11T20:22:14.444327+00:00,201,17742.02,
2026-09-11T20:22:12.993176+00:00,201,19202.07,
2026-09-11T20:22:13.174636+00:00,201,19021.97,
2026-09-11T20:22:13.094965+00:00,201,19100.93,
2026-09-11T20:22:13.618231+00:00,201,18567.56,
2026-09-11T20:22:13.633948+00:00,201,18566.55,
2026-09-11T20:22:13.637487+00:00,201,18565.67,
2026-09-11T20:22:13.206600+00:00,201,18992.34,
2026-09-11T20:22:14.518314+00:00,201,17688.82,
2026-09-11T20:22:14.508278+00:00,201,17702.01,
2026-09-11T20:22:14.522327+00:00,201,17690.19,
2026-09-11T20:22:13.158539+00:00,201,19046.39,
2026-09-11T20:22:14.530590+00:00,201,17699.05,
2026-09-11T20:22:14.514300+00:00,201,17718.36,
2026-09-11T20:22:13.126792+00:00,201,19107.84,
2026-09-11T20:22:13.191670+00:00,201,19032.07,
2026-09-11T20:22:13.222353+00:00,201,19006.20,
2026-09-11T20:22:13.142534+00:00,201,19089.18,
2026-09-11T20:22:13.191670+00:00,201,19042.82,
2026-09-11T20:22:13.637487+00:00,201,18598.50,
2026-09-11T20:22:13.174636+00:00,201,19058.46,
2026-09-11T20:22:14.526522+00:00,201,17720.96,
2026-09-11T20:22:14.558432+00:00,201,17692.64,
2026-09-11T20:22:14.538617+00:00,201,17714.25,
2026-09-11T20:22:14.534605+00:00,201,17721.92,
2026-09-11T20:22:14.536611+00:00,201,17722.01,
2026-09-11T20:22:14.528545+00:00,201,17731.51,
2026-09-11T20:22:13.126792+00:00,201,19133.74,
2026-09-11T20:22:14.516307+00:00,201,17749.34,
2026-09-11T20:22:14.544640+00:00,201,17724.20,
2026-09-11T20:22:14.562446+00:00,201,17704.69,
2026-09-11T20:22:14.554420+00:00,201,17718.67,
2026-09-11T20:22:14.524516+00:00,201,17752.39,
2026-09-11T20:22:14.542633+00:00,201,17737.15,
2026-09-11T20:22:14.550667+00:00,201,17730.89,
2026-09-11T20:22:09.340170+00:00,201,23288.47,
2026-09-11T20:22:18.536375+00:00,201,14098.13,
2026-09-11T20:22:07.344509+00:00,201,25291.87,
2026-09-11T20:22:09.385301+00:00,201,23252.35,
2026-09-11T20:22:09.420923+00:00,201,23218.54,
2026-09-11T20:22:07.420400+00:00,201,25220.45,
2026-09-11T20:22:09.456316+00:00,201,23186.89,
2026-09-11T20:22:18.579979+00:00,201,14063.91,
2026-09-11T20:22:09.491244+00:00,201,23156.49,
2026-09-11T20:22:09.528064+00:00,201,23123.57,
2026-09-11T20:22:07.471774+00:00,201,25179.94,
2026-09-11T20:22:18.623473+00:00,201,14031.45,
2026-09-11T20:22:09.595201+00:00,201,23062.51,
2026-09-11T20:22:07.527234+00:00,201,25131.77,
2026-09-11T20:22:07.554249+00:00,201,25106.38,
2026-09-11T20:22:07.581998+00:00,201,25081.17,
2026-09-11T20:22:09.666724+00:00,201,22999.16,
2026-09-11T20:22:07.664631+00:00,201,25008.58,
2026-09-11T20:22:05.818243+00:00,201,26857.24,
2026-09-11T20:22:09.833558+00:00,201,22847.21,
2026-09-11T20:22:05.914308+00:00,201,26769.14,
2026-09-11T20:22:18.716523+00:00,201,13970.09,
2026-09-11T20:22:09.933410+00:00,201,22754.37,
2026-09-11T20:22:12.621799+00:00,201,20069.64,
2026-09-11T20:22:12.305245+00:00,201,20392.74,
2026-09-11T20:22:10.070795+00:00,201,22619.02,
2026-09-11T20:22:10.035633+00:00,201,22658.26,
2026-09-11T20:22:10.170030+00:00,201,22536.99,
2026-09-11T20:22:10.117107+00:00,201,22592.81,
2026-09-11T20:22:10.246807+00:00,201,22468.50,
2026-09-11T20:22:10.207806+00:00,201,22510.71,
2026-09-11T20:22:10.267511+00:00,201,22441.50,
2026-09-11T20:22:10.347179+00:00,201,22379.04,
2026-09-11T20:22:11.310254+00:00,201,21417.24,
2026-09-11T20:22:10.973472+00:00,201,21765.40,
2026-09-11T20:22:11.351372+00:00,201,21385.33,
2026-09-11T20:22:10.578005+00:00,201,22155.76,
2026-09-11T20:22:11.242832+00:00,201,21505.03,
2026-09-11T20:22:11.801443+00:00,201,20948.85,
2026-09-11T20:22:10.806050+00:00,201,21948.88,
2026-09-11T20:22:11.102625+00:00,201,21655.32,
2026-09-11T20:22:11.593112+00:00,201,21175.99,
2026-09-11T20:22:11.728606+00:00,201,21045.44,
2026-09-11T20:22:18.967231+00:00,201,13811.24,
2026-09-11T20:22:19.014515+00:00,201,13768.99,
2026-09-11T20:22:19.110234+00:00,201,13679.29,
2026-09-11T20:22:19.205229+00:00,201,13590.04,
2026-09-11T20:22:19.300068+00:00,201,13500.42,
2026-09-11T20:22:19.348208+00:00,201,13455.96,
2026-09-11T20:22:19.395579+00:00,201,13412.63,
2026-09-11T20:22:19.442649+00:00,201,13368.94,
2026-09-11T20:22:19.490280+00:00,201,13324.41,
2026-09-11T20:22:19.569682+00:00,201,13248.75,
2026-09-11T20:22:19.648496+00:00,201,13173.72,
2026-09-11T20:22:19.680033+00:00,201,13145.23,
2026-09-11T20:22:19.727934+00:00,201,13100.43,
2026-09-11T20:22:19.775474+00:00,201,13056.00,
2026-09-11T20:22:19.823238+00:00,201,13011.32,
2026-09-11T20:22:19.855033+00:00,201,12982.75,
2026-09-11T20:22:19.950584+00:00,201,12892.53,
2026-09-11T20:22:19.998156+00:00,201,12847.87,
2026-09-11T20:22:20.046523+00:00,201,12802.62,
2026-09-11T20:22:20.094192+00:00,201,12758.44,
2026-09-11T20:22:20.140799+00:00,201,12715.33,
2026-09-11T20:22:20.235509+00:00,201,12624.18,
2026-09-11T20:22:20.187585+00:00,201,12675.42,
2026-09-11T20:22:20.330483+00:00,201,12537.51,
2026-09-11T20:22:20.377816+00:00,201,12493.85,
2026-09-11T20:22:20.424875+00:00,201,12450.71,
2026-09-11T20:22:20.520236+00:00,201,12361.09,
2026-09-11T20:22:20.615494+00:00,201,12270.41,
2026-09-11T20:22:20.663490+00:00,201,12225.32,
2026-09-11T20:22:20.743633+00:00,201,12149.25,
2026-09-11T20:22:20.822472+00:00,201,12074.38,
2026-09-11T20:22:20.949442+00:00,201,11951.52,
2026-09-11T20:22:20.901895+00:00,201,12002.02,
2026-09-11T20:22:21.139326+00:00,201,11769.82,
2026-09-11T20:22:21.092050+00:00,201,11820.62,
2026-09-11T20:22:21.186807+00:00,201,11728.79,
2026-09-11T20:22:21.234686+00:00,201,11683.61,
2026-09-11T20:22:21.281862+00:00,201,11640.02,
2026-09-11T20:22:21.376275+00:00,201,11550.11,
2026-09-11T20:22:21.423758+00:00,201,11505.84,
2026-09-11T20:22:21.471108+00:00,201,11461.58,
2026-09-11T20:22:21.518213+00:00,201,11417.77,
2026-09-11T20:22:21.565599+00:00,201,11375.58,
2026-09-11T20:22:21.612496+00:00,201,11332.31,
2026-09-11T20:22:21.660458+00:00,201,11287.83,
2026-09-11T20:22:21.708207+00:00,201,11244.07,
2026-09-11T20:22:21.755134+00:00,201,11201.43,
2026-09-11T20:22:21.898916+00:00,201,11061.15,
2026-09-11T20:22:21.802950+00:00,201,11160.44,
2026-09-11T20:22:21.850883+00:00,201,11115.90,
2026-09-11T20:22:21.946360+00:00,201,11028.21,
2026-09-11T20:22:22.026483+00:00,201,10952.97,
2026-09-11T20:22:22.122482+00:00,201,10861.96,
2026-09-11T20:22:22.169852+00:00,201,10821.59,
2026-09-11T20:22:22.217546+00:00,201,10778.76,
2026-09-11T20:22:22.264872+00:00,201,10736.53,
2026-09-11T20:22:22.312130+00:00,201,10696.50,
2026-09-11T20:22:22.454191+00:00,201,10559.61,
2026-09-11T20:22:22.501492+00:00,201,10518.56,
2026-09-11T20:22:22.549242+00:00,201,10476.57,
2026-09-11T20:22:22.596581+00:00,201,10432.89,
2026-09-11T20:22:22.690950+00:00,201,10342.48,
2026-09-11T20:22:22.769420+00:00,201,10269.18,
2026-09-11T20:22:22.777970+00:00,201,10263.45,
2026-09-11T20:22:22.816441+00:00,201,10234.41,
2026-09-11T20:22:22.833653+00:00,201,10221.92,
2026-09-11T20:22:22.811405+00:00,201,10250.32,
2026-09-11T20:22:22.838790+00:00,201,10227.85,
2026-09-11T20:22:22.801603+00:00,201,10273.26,
2026-09-11T20:22:22.929448+00:00,201,10149.64,
2026-09-11T20:22:22.837274+00:00,201,10244.81,
2026-09-11T20:22:22.993029+00:00,201,10093.47,
2026-09-11T20:22:22.897258+00:00,201,10194.77,
2026-09-11T20:22:22.961169+00:00,201,10127.15,
2026-09-11T20:22:23.040750+00:00,201,10059.32,
2026-09-11T20:22:22.961169+00:00,201,10142.16,
2026-09-11T20:22:22.977222+00:00,201,10129.71,
2026-09-11T20:22:22.977222+00:00,201,10129.63,
2026-09-11T20:22:23.025272+00:00,201,10087.48,
2026-09-11T20:22:23.025272+00:00,201,10095.59,
2026-09-11T20:22:22.987577+00:00,201,10135.25,
2026-09-11T20:22:23.074228+00:00,201,10046.90,
2026-09-11T20:22:23.046397+00:00,201,10089.93,
2026-09-11T20:22:23.103574+00:00,201,10037.94,
2026-09-11T20:22:23.107092+00:00,201,10027.54,
2026-09-11T20:22:23.135818+00:00,201,10011.81,
2026-09-11T20:22:22.977222+00:00,201,10168.48,
2026-09-11T20:22:23.161735+00:00,201,9996.49,
2026-09-11T20:22:23.142339+00:00,201,10019.53,
2026-09-11T20:22:23.156628+00:00,201,10009.42,
2026-09-11T20:22:23.181337+00:00,201,9991.15,
2026-09-11T20:22:23.107092+00:00,201,10067.43,
2026-09-11T20:22:23.240548+00:00,201,9942.21,
2026-09-11T20:22:23.246896+00:00,201,9940.24,
2026-09-11T20:22:23.960516+00:00,201,9228.08,
2026-09-11T20:22:23.261255+00:00,201,9928.43,
2026-09-11T20:22:23.997076+00:00,201,9210.00,
2026-09-11T20:22:13.823523+00:00,201,19393.74,
2026-09-11T20:22:13.823523+00:00,201,19394.02,
2026-09-11T20:22:13.056793+00:00,201,20173.18,
2026-09-11T20:22:13.995562+00:00,201,19253.97,
2026-09-11T20:22:14.014943+00:00,201,19236.09,
2026-09-11T20:22:13.999296+00:00,201,19247.76,
2026-09-11T20:22:13.967247+00:00,201,19276.82,
2026-09-11T20:22:13.999296+00:00,201,19256.91,
2026-09-11T20:22:13.999296+00:00,201,19254.94,
2026-09-11T20:22:14.014943+00:00,201,19248.98,
2026-09-11T20:22:14.014943+00:00,201,19246.67,
2026-09-11T20:22:14.014943+00:00,201,19251.03,
2026-09-11T20:22:14.014943+00:00,201,19249.40,
2026-09-11T20:22:14.030661+00:00,201,19245.47,
2026-09-11T20:22:14.046687+00:00,201,19231.03,
2026-09-11T20:22:14.062755+00:00,201,19212.00,
2026-09-11T20:22:14.046687+00:00,201,19240.13,
2026-09-11T20:22:14.078875+00:00,201,19208.05,
2026-09-11T20:22:14.046687+00:00,201,19241.34,
2026-09-11T20:22:14.078875+00:00,201,19222.73,
2026-09-11T20:22:14.078875+00:00,201,19225.69,
2026-09-11T20:22:14.363818+00:00,201,18964.20,
2026-09-11T20:22:12.890478+00:00,201,20435.60,
2026-09-11T20:22:14.552674+00:00,201,18803.01,
2026-09-11T20:22:14.560439+00:00,201,18800.07,
2026-09-11T20:22:14.562446+00:00,201,18799.61,
2026-09-11T20:22:14.570108+00:00,201,18780.64,
2026-09-11T20:22:14.546656+00:00,201,18817.75,
2026-09-11T20:22:14.570108+00:00,201,18795.15,
2026-09-11T20:22:14.570108+00:00,201,18787.10,
2026-09-11T20:22:14.570108+00:00,201,18795.32,
2026-09-11T20:22:14.570108+00:00,201,18794.14,
2026-09-11T20:22:14.562446+00:00,201,18802.42,
2026-09-11T20:22:14.586024+00:00,201,18784.61,
2026-09-11T20:22:14.586024+00:00,201,18781.30,
2026-09-11T20:22:14.586024+00:00,201,18789.25,
2026-09-11T20:22:14.570108+00:00,201,18797.57,
2026-09-11T20:22:14.599005+00:00,201,18777.94,
2026-09-11T20:22:14.562446+00:00,201,18813.32,
2026-09-11T20:22:14.586024+00:00,201,18784.96,
2026-09-11T20:22:14.586024+00:00,201,18790.80,
2026-09-11T20:22:14.597265+00:00,201,18785.23,
2026-09-11T20:22:15.523204+00:00,201,17851.62,
2026-09-11T20:22:16.172810+00:00,201,17199.46,
2026-09-11T20:22:15.523204+00:00,201,17859.22,
2026-09-11T20:22:15.540518+00:00,201,17843.61,
2026-09-11T20:22:16.172810+00:00,201,17205.13,
2026-09-11T20:22:16.172810+00:00,201,17210.26,
2026-09-11T20:22:16.188545+00:00,201,17202.24,
2026-09-11T20:22:16.172810+00:00,201,17211.65,
2026-09-11T20:22:15.586275+00:00,201,17798.79,
2026-09-11T20:22:16.188545+00:00,201,17200.67,
2026-09-11T20:22:16.188545+00:00,201,17206.28,
2026-09-11T20:22:15.554281+00:00,201,17832.26,
2026-09-11T20:22:16.188545+00:00,201,17207.26,
2026-09-11T20:22:15.604906+00:00,201,17794.47,
2026-09-11T20:22:16.188545+00:00,201,17205.89,
2026-09-11T20:22:16.172810+00:00,201,17225.46,
2026-09-11T20:22:15.603476+00:00,201,17801.46,
2026-09-11T20:22:16.188545+00:00,201,17205.41,
2026-09-11T20:22:16.188545+00:00,201,17204.33,
2026-09-11T20:22:15.617958+00:00,201,17782.26,
2026-09-11T20:22:15.583762+00:00,201,17826.09,
2026-09-11T20:22:15.604906+00:00,201,17797.54,
2026-09-11T20:22:15.633966+00:00,201,17777.66,
2026-09-11T20:22:15.617958+00:00,201,17792.05,
2026-09-11T20:22:14.739997+00:00,201,18675.25,
2026-09-11T20:22:14.745514+00:00,201,18663.63,
2026-09-11T20:22:05.759099+00:00,201,27659.90,
2026-09-11T20:22:14.745514+00:00,201,18664.37,
2026-09-11T20:22:12.790495+00:00,201,20628.47,
2026-09-11T20:22:05.645212+00:00,201,27778.22,
2026-09-11T20:22:12.257459+00:00,201,21160.37,
2026-09-11T20:22:05.508352+00:00,201,27917.55,
2026-09-11T20:22:12.699308+00:00,201,20727.42,
2026-09-11T20:22:14.761200+00:00,201,18657.15,
2026-09-11T20:22:12.762874+00:00,201,20660.05,
2026-09-11T20:22:05.920039+00:00,201,27506.62,
2026-09-11T20:22:14.745514+00:00,201,18685.99,
2026-09-11T20:22:12.746845+00:00,201,20683.25,
2026-09-11T20:22:12.906388+00:00,201,20529.77,
2026-09-11T20:22:13.036947+00:00,201,20391.83,
2026-09-11T20:22:13.079328+00:00,201,20358.71,
2026-09-11T20:22:06.509384+00:00,201,26930.10,
2026-09-11T20:22:14.745514+00:00,201,18689.53,
2026-09-11T20:22:12.943801+00:00,201,20497.45,
2026-09-11T20:22:12.778979+00:00,201,20659.23,
2026-09-11T20:22:12.954682+00:00,201,20492.46,
2026-09-11T20:22:12.906388+00:00,201,20538.53,
2026-09-11T20:22:14.808888+00:00,201,18639.18,
2026-09-11T20:22:12.968837+00:00,201,20470.06,
2026-09-11T20:22:12.921482+00:00,201,20530.38,
2026-09-11T20:22:13.111414+00:00,201,20332.91,
2026-09-11T20:22:14.761200+00:00,201,18693.05,
2026-09-11T20:22:14.745514+00:00,201,18699.14,
2026-09-11T20:22:13.142534+00:00,201,20303.23,
2026-09-11T20:22:12.875742+00:00,201,20573.21,
2026-09-11T20:22:13.206600+00:00,201,20255.27,
2026-09-11T20:22:12.811021+00:00,201,20650.44,
2026-09-11T20:22:13.637487+00:00,201,19826.17,
2026-09-11T20:22:13.094965+00:00,201,20367.41,
2026-09-11T20:22:14.824766+00:00,201,18642.91,
2026-09-11T20:22:13.174636+00:00,201,20288.16,
2026-09-11T20:22:14.839789+00:00,201,18632.18,
2026-09-11T20:22:13.063666+00:00,201,20404.68,
2026-09-11T20:22:13.000470+00:00,201,20468.67,
2026-09-11T20:22:13.637487+00:00,201,19828.24,
2026-09-11T20:22:12.921482+00:00,201,20547.33,
2026-09-11T20:22:13.126792+00:00,201,20343.71,
2026-09-11T20:22:14.840797+00:00,201,18636.03,
2026-09-11T20:22:14.808888+00:00,201,18663.47,
2026-09-11T20:22:14.824766+00:00,201,18649.01,
2026-09-11T20:22:14.840797+00:00,201,18627.12,
2026-09-11T20:22:14.840797+00:00,201,18641.90,
2026-09-11T20:22:13.158539+00:00,201,20321.24,
2026-09-11T20:22:14.777223+00:00,201,18698.85,
2026-09-11T20:22:14.856770+00:00,201,18621.48,
2026-09-11T20:22:14.824766+00:00,201,18653.44,
2026-09-11T20:22:14.840797+00:00,201,18642.68,
2026-09-11T20:22:14.856770+00:00,201,18619.78,
2026-09-11T20:22:14.840797+00:00,201,18646.31,
2026-09-11T20:22:13.047814+00:00,201,20443.54,
2026-09-11T20:22:12.968837+00:00,201,20509.38,
2026-09-11T20:22:14.824766+00:00,201,18658.99,
2026-09-11T20:22:14.856770+00:00,201,18638.88,
2026-09-11T20:22:14.856770+00:00,201,18636.77,
2026-09-11T20:22:14.840797+00:00,201,18648.79,
2026-09-11T20:22:14.824766+00:00,201,18661.05,
2026-09-11T20:22:14.840797+00:00,201,18648.21,
2026-09-11T20:22:14.856770+00:00,201,18639.70,
2026-09-11T20:22:14.840797+00:00,201,18655.17,
2026-09-11T20:22:14.824766+00:00,201,18668.35,
2026-09-11T20:22:15.751882+00:00,201,17753.54,
2026-09-11T20:22:14.856770+00:00,201,18649.40,
2026-09-11T20:22:14.856770+00:00,201,18645.74,
2026-09-11T20:22:14.840797+00:00,201,18659.90,
2026-09-11T20:22:14.856770+00:00,201,18643.30,
2026-09-11T20:22:15.744706+00:00,201,17764.47,
2026-09-11T20:22:15.744706+00:00,201,17763.54,
2026-09-11T20:22:14.856770+00:00,201,18648.48,
2026-09-11T20:22:15.753887+00:00,201,17762.24,
2026-09-11T20:22:15.760750+00:00,201,17754.31,
2026-09-11T20:22:13.006333+00:00,201,20507.32,
2026-09-11T20:22:13.222353+00:00,201,20297.57,
2026-09-11T20:22:13.637487+00:00,201,19878.15,
2026-09-11T20:22:15.760750+00:00,201,17748.10,
2026-09-11T20:22:13.174636+00:00,201,20338.85,
2026-09-11T20:22:14.840797+00:00,201,18671.74,
2026-09-11T20:22:13.063666+00:00,201,20453.61,
2026-09-11T20:22:15.753887+00:00,201,17768.41,
2026-09-11T20:22:15.760750+00:00,201,17758.77,
2026-09-11T20:22:15.740668+00:00,201,17789.17,
2026-09-11T20:22:15.760750+00:00,201,17762.55,
2026-09-11T20:22:15.760750+00:00,201,17760.87,
2026-09-11T20:22:15.776496+00:00,201,17745.30,
2026-09-11T20:22:15.776496+00:00,201,17757.29,
2026-09-11T20:22:13.649736+00:00,201,19886.37,
2026-09-11T20:22:15.753887+00:00,201,17779.54,
2026-09-11T20:22:15.753887+00:00,201,17783.27,
2026-09-11T20:22:15.776496+00:00,201,17749.18,
2026-09-11T20:22:15.760750+00:00,201,17774.24,
2026-09-11T20:22:15.776496+00:00,201,17759.45,
2026-09-11T20:22:15.776496+00:00,201,17765.01,
2026-09-11T20:22:15.760750+00:00,201,17769.60,
2026-09-11T20:22:15.776496+00:00,201,17759.58,
2026-09-11T20:22:15.792279+00:00,201,17751.15,
2026-09-11T20:22:15.776496+00:00,201,17758.91,
2026-09-11T20:22:15.806100+00:00,201,17742.82,
2026-09-11T20:22:15.760750+00:00,201,17785.48,
2026-09-11T20:22:15.792279+00:00,201,17751.36,
2026-09-11T20:22:15.776496+00:00,201,17771.45,
2026-09-11T20:22:15.776496+00:00,201,17773.91,
2026-09-11T20:22:15.806100+00:00,201,17750.42,
2026-09-11T20:22:15.792279+00:00,201,17754.63,
2026-09-11T20:22:15.792279+00:00,201,17760.78,
2026-09-11T20:22:15.792279+00:00,201,17760.53,
2026-09-11T20:22:15.760750+00:00,201,17787.98,
2026-09-11T20:22:15.808109+00:00,201,17739.72,
2026-09-11T20:22:15.776496+00:00,201,17778.70,
2026-09-11T20:22:15.808109+00:00,201,17752.78,
2026-09-11T20:22:15.808109+00:00,201,17756.07,
2026-09-11T20:22:15.823826+00:00,201,17740.67,
2026-09-11T20:22:15.808109+00:00,201,17754.59,
2026-09-11T20:22:15.808109+00:00,201,17748.05,
2026-09-11T20:22:15.808109+00:00,201,17755.89,
2026-09-11T20:22:15.792279+00:00,201,17776.91,
2026-09-11T20:22:15.823826+00:00,201,17743.40,
2026-09-11T20:22:15.823826+00:00,201,17741.65,
2026-09-11T20:22:15.840652+00:00,201,17727.29,
2026-09-11T20:22:15.823826+00:00,201,17751.89,
2026-09-11T20:22:15.823826+00:00,201,17750.22,
2026-09-11T20:22:15.855703+00:00,201,17723.03,
2026-09-11T20:22:15.804491+00:00,201,17776.22,
2026-09-11T20:22:15.808109+00:00,201,17765.10,
2026-09-11T20:22:15.792279+00:00,201,17789.75,
2026-09-11T20:22:15.840652+00:00,201,17729.15,
2026-09-11T20:22:15.840652+00:00,201,17733.85,
2026-09-11T20:22:15.823826+00:00,201,17752.06,
2026-09-11T20:22:15.823826+00:00,201,17749.73,
2026-09-11T20:22:15.855703+00:00,201,17720.21,
2026-09-11T20:22:15.808109+00:00,201,17772.00,
2026-09-11T20:22:15.823826+00:00,201,17754.99,
2026-09-11T20:22:15.839639+00:00,201,17752.95,
2026-09-11T20:22:15.855703+00:00,201,17733.52,
2026-09-11T20:22:15.840652+00:00,201,17749.26,
2026-09-11T20:22:15.855703+00:00,201,17737.62,
2026-09-11T20:22:15.855703+00:00,201,17731.34,
2026-09-11T20:22:15.823826+00:00,201,17767.08,
2026-09-11T20:22:15.855703+00:00,201,17737.88,
2026-09-11T20:22:15.855703+00:00,201,17733.19,
2026-09-11T20:22:15.840652+00:00,201,17758.21,
2026-09-11T20:22:15.840652+00:00,201,17756.25,
2026-09-11T20:22:15.871515+00:00,201,17719.08,
2026-09-11T20:22:15.871515+00:00,201,17725.70,
2026-09-11T20:22:15.871515+00:00,201,17733.46,
2026-09-11T20:22:15.855703+00:00,201,17738.71,
2026-09-11T20:22:15.808109+00:00,201,17790.88,
2026-09-11T20:22:15.840652+00:00,201,17758.83,
2026-09-11T20:22:15.840652+00:00,201,17772.29,
2026-09-11T20:22:15.871515+00:00,201,17735.73,
2026-09-11T20:22:15.887300+00:00,201,17721.16,
2026-09-11T20:22:15.903215+00:00,201,17714.83,
2026-09-11T20:22:15.871515+00:00,201,17743.26,
2026-09-11T20:22:15.887300+00:00,201,17720.28,
2026-09-11T20:22:15.871515+00:00,201,17741.00,
2026-09-11T20:22:15.855703+00:00,201,17760.99,
2026-09-11T20:22:15.910506+00:00,201,17709.64,
2026-09-11T20:22:15.910506+00:00,201,17715.23,
2026-09-11T20:22:15.903215+00:00,201,17719.29,
2026-09-11T20:22:15.919828+00:00,201,17706.98,
2026-09-11T20:22:15.871515+00:00,201,17759.80,
2026-09-11T20:22:15.919828+00:00,201,17713.62,
2026-09-11T20:22:15.887300+00:00,201,17747.64,
2026-09-11T20:22:15.840652+00:00,201,17787.04,
2026-09-11T20:22:15.887300+00:00,201,17738.08,
2026-09-11T20:22:15.855703+00:00,201,17776.98,
2026-09-11T20:22:16.251843+00:00,201,17387.52,
2026-09-11T20:22:14.888484+00:00,201,18752.38,
2026-09-11T20:22:15.871515+00:00,201,17768.27,
2026-09-11T20:22:15.919828+00:00,201,17723.75,
2026-09-11T20:22:15.903215+00:00,201,17739.43,
2026-09-11T20:22:15.871515+00:00,201,17764.74,
2026-09-11T20:22:15.112980+00:00,201,18535.17,
2026-09-11T20:22:15.887300+00:00,201,17753.72,
2026-09-11T20:22:15.887300+00:00,201,17764.49,
2026-09-11T20:22:15.910506+00:00,201,17740.88,
2026-09-11T20:22:15.919828+00:00,201,17731.32,
2026-09-11T20:22:15.080945+00:00,201,18567.34,
2026-09-11T20:22:15.144032+00:00,201,18511.78,
2026-09-11T20:22:15.017947+00:00,201,18632.06,
2026-09-11T20:22:15.910506+00:00,201,17744.18,
2026-09-11T20:22:15.910506+00:00,201,17748.80,
2026-09-11T20:22:15.887300+00:00,201,17775.33,
2026-09-11T20:22:15.049454+00:00,201,18612.95,
2026-09-11T20:22:13.649736+00:00,201,20014.21,
2026-09-11T20:22:15.159751+00:00,201,18501.71,
2026-09-11T20:22:16.251843+00:00,201,17415.76,
2026-09-11T20:22:15.406418+00:00,201,18263.88,
2026-09-11T20:22:15.285572+00:00,201,18382.42,
2026-09-11T20:22:15.222788+00:00,201,18444.41,
2026-09-11T20:22:15.191258+00:00,201,18481.77,
2026-09-11T20:22:15.065218+00:00,201,18600.15,
2026-09-11T20:22:15.240125+00:00,201,18427.31,
2026-09-11T20:22:15.445070+00:00,201,18223.41,
2026-09-11T20:22:14.888484+00:00,201,18786.73,
2026-09-11T20:22:15.428428+00:00,201,18249.37,
2026-09-11T20:22:15.365208+00:00,201,18319.69,
2026-09-11T20:22:15.269902+00:00,201,18413.28,
2026-09-11T20:22:16.330578+00:00,201,17356.42,
2026-09-11T20:22:15.887300+00:00,201,17799.94,
2026-09-11T20:22:15.333224+00:00,201,18357.72,
2026-09-11T20:22:15.540518+00:00,201,18148.27,
2026-09-11T20:22:16.346228+00:00,201,17352.01,
2026-09-11T20:22:15.523204+00:00,201,18171.03,
2026-09-11T20:22:15.309475+00:00,201,18389.40,
2026-09-11T20:22:15.540518+00:00,201,18151.85,
2026-09-11T20:22:16.341021+00:00,201,17360.96,
2026-09-11T20:22:15.240125+00:00,201,18465.29,
2026-09-11T20:22:16.330578+00:00,201,17373.33,
2026-09-11T20:22:15.617958+00:00,201,18092.93,
2026-09-11T20:22:15.570219+00:00,201,18135.88,
2026-09-11T20:22:15.349227+00:00,201,18363.66,
2026-09-11T20:22:15.617958+00:00,201,18084.37,
2026-09-11T20:22:15.365208+00:00,201,18343.94,
2026-09-11T20:22:16.315396+00:00,201,17404.41,
2026-09-11T20:22:15.475497+00:00,201,18237.28,
2026-09-11T20:22:15.509638+00:00,201,18209.11,
2026-09-11T20:22:15.206938+00:00,201,18509.53,
2026-09-11T20:22:15.617958+00:00,201,18095.19,
2026-09-11T20:22:15.586275+00:00,201,18138.04,
2026-09-11T20:22:15.633966+00:00,201,18088.58,
2026-09-11T20:22:15.554281+00:00,201,18170.07,
2026-09-11T20:22:15.554281+00:00,201,18173.90,
2026-09-11T20:22:15.604906+00:00,201,18120.37,
2026-09-11T20:22:15.440251+00:00,201,18290.93,
2026-09-11T20:22:15.570219+00:00,201,18161.77,
2026-09-11T20:22:15.586275+00:00,201,18134.37,
2026-09-11T20:22:15.475497+00:00,201,18248.45,
2026-09-11T20:22:15.459754+00:00,201,18271.14,
2026-09-11T20:22:05.619797+00:00,201,28117.18,
2026-09-11T20:22:15.617958+00:00,201,18117.13,
2026-09-11T20:22:15.491238+00:00,201,18241.66,
2026-09-11T20:22:15.412549+00:00,201,18317.64,
2026-09-11T20:22:15.586275+00:00,201,18151.85,
2026-09-11T20:22:15.604906+00:00,201,18126.69,
2026-09-11T20:22:15.919828+00:00,201,17812.93,
2026-09-11T20:22:15.570219+00:00,201,18165.28,
2026-09-11T20:22:06.411511+00:00,201,27334.83,
2026-09-11T20:22:15.506984+00:00,201,18239.79,
2026-09-11T20:22:15.586275+00:00,201,18151.92,
2026-09-11T20:22:15.554281+00:00,201,18182.04,
2026-09-11T20:22:15.633966+00:00,201,18111.55,
2026-09-11T20:22:15.586275+00:00,201,18151.61,
2026-09-11T20:22:06.531349+00:00,201,27222.90,
2026-09-11T20:22:15.523204+00:00,201,18218.90,
2026-09-11T20:22:15.950760+00:00,201,17801.04,
2026-09-11T20:22:15.934995+00:00,201,17821.57,
2026-09-11T20:22:15.950760+00:00,201,17799.79,
2026-09-11T20:22:15.039725+00:00,201,18718.64,
2026-09-11T20:22:12.336592+00:00,201,21420.30,
2026-09-11T20:22:05.652240+00:00,201,28109.36,
2026-09-11T20:22:15.950760+00:00,201,17801.75,
2026-09-11T20:22:16.511724+00:00,201,17246.48,
2026-09-11T20:22:16.076703+00:00,201,17687.94,
2026-09-11T20:22:13.174636+00:00,201,20576.98,
2026-09-11T20:22:15.604906+00:00,201,18156.43,
2026-09-11T20:22:14.872718+00:00,201,18881.91,
2026-09-11T20:22:16.076703+00:00,201,17689.17,
2026-09-11T20:22:16.076703+00:00,201,17686.28,
2026-09-11T20:22:14.888484+00:00,201,18877.69,
2026-09-11T20:22:16.061941+00:00,201,17699.40,
2026-09-11T20:22:12.943801+00:00,201,20825.72,
2026-09-11T20:22:15.934995+00:00,201,17837.68,
2026-09-11T20:22:15.096753+00:00,201,18671.07,
2026-09-11T20:22:16.092766+00:00,201,17682.81,
2026-09-11T20:22:15.128287+00:00,201,18644.12,
2026-09-11T20:22:15.144032+00:00,201,18621.93,
2026-09-11T20:22:16.061941+00:00,201,17710.05,
2026-09-11T20:22:13.047814+00:00,201,20730.97,
2026-09-11T20:22:15.140019+00:00,201,18641.96,
2026-09-11T20:22:16.092766+00:00,201,17680.12,
2026-09-11T20:22:15.112980+00:00,201,18664.85,
2026-09-11T20:22:15.065218+00:00,201,18715.91,
2026-09-11T20:22:13.649736+00:00,201,20136.87,
2026-09-11T20:22:16.110588+00:00,201,17678.07,
2026-09-11T20:22:15.206938+00:00,201,18573.14,
2026-09-11T20:22:15.191258+00:00,201,18601.71,
2026-09-11T20:22:15.254254+00:00,201,18534.22,
2026-09-11T20:22:16.076703+00:00,201,17705.57,
2026-09-11T20:22:16.092766+00:00,201,17696.01,
2026-09-11T20:22:16.110588+00:00,201,17682.64,
2026-09-11T20:22:16.110588+00:00,201,17677.60,
2026-09-11T20:22:16.128257+00:00,201,17663.87,
2026-09-11T20:22:15.080945+00:00,201,18714.84,
2026-09-11T20:22:16.128257+00:00,201,17673.79,
2026-09-11T20:22:15.285572+00:00,201,18516.14,
2026-09-11T20:22:16.110588+00:00,201,17693.86,
2026-09-11T20:22:16.140966+00:00,201,17662.37,
2026-09-11T20:22:16.140966+00:00,201,17665.86,
2026-09-11T20:22:16.124626+00:00,201,17683.12,
2026-09-11T20:22:15.317796+00:00,201,18483.88,
2026-09-11T20:22:15.301232+00:00,201,18506.14,
2026-09-11T20:22:15.269902+00:00,201,18539.93,
2026-09-11T20:22:16.092766+00:00,201,17705.32,
2026-09-11T20:22:15.240125+00:00,201,18566.65,
2026-09-11T20:22:15.475497+00:00,201,18334.15,
2026-09-11T20:22:15.349227+00:00,201,18452.19,
2026-09-11T20:22:15.340305+00:00,201,18474.17,
2026-09-11T20:22:15.445070+00:00,201,18369.63,
2026-09-11T20:22:16.140966+00:00,201,17670.56,
2026-09-11T20:22:16.140966+00:00,201,17673.56,
2026-09-11T20:22:15.396552+00:00,201,18426.42,
2026-09-11T20:22:16.156864+00:00,201,17662.00,
2026-09-11T20:22:06.004774+00:00,201,27826.73,
2026-09-11T20:22:15.428428+00:00,201,18399.80,
2026-09-11T20:22:15.317796+00:00,201,18504.78,
2026-09-11T20:22:16.156864+00:00,201,17678.97,
2026-09-11T20:22:06.551558+00:00,201,27286.82,
2026-09-11T20:22:08.079715+00:00,201,25760.57,
2026-09-11T20:22:16.140966+00:00,201,17693.89,
2026-09-11T20:22:15.491238+00:00,201,18341.57,
2026-09-11T20:22:15.522644+00:00,201,18322.45,
2026-09-11T20:22:15.380857+00:00,201,18466.19,
2026-09-11T20:22:05.661482+00:00,201,28186.72,
2026-09-11T20:22:15.640718+00:00,201,18206.82,
2026-09-11T20:22:05.628826+00:00,201,28223.02,
2026-09-11T20:22:06.574246+00:00,201,27279.28,
2026-09-11T20:22:05.473007+00:00,201,28377.85,
2026-09-11T20:22:15.570219+00:00,201,18283.70,
2026-09-11T20:22:15.445070+00:00,201,18409.83,
2026-09-11T20:22:12.658961+00:00,201,21200.85,
2026-09-11T20:22:15.459754+00:00,201,18391.93,
2026-09-11T20:22:05.667387+00:00,201,28191.28,
2026-09-11T20:22:16.424038+00:00,201,17434.39,
2026-09-11T20:22:06.012294+00:00,201,27846.24,
2026-09-11T20:22:05.611302+00:00,201,28253.60,
2026-09-11T20:22:15.509638+00:00,201,18351.38,
2026-09-11T20:22:13.649736+00:00,201,20210.68,
2026-09-11T20:22:15.096753+00:00,201,18771.83,
2026-09-11T20:22:16.156864+00:00,201,17708.71,
2026-09-11T20:22:05.866564+00:00,201,28005.13,
2026-09-11T20:22:15.049454+00:00,201,18810.25,
2026-09-11T20:22:14.888484+00:00,201,18975.17,
2026-09-11T20:22:15.017947+00:00,201,18857.42,
2026-09-11T20:22:14.888484+00:00,201,18984.89,
2026-09-11T20:22:16.455538+00:00,201,17412.48,
2026-09-11T20:22:15.201200+00:00,201,18679.45,
2026-09-11T20:22:15.412549+00:00,201,18466.58,
2026-09-11T20:22:16.424038+00:00,201,17457.69,
2026-09-11T20:22:15.128287+00:00,201,18755.61,
2026-09-11T20:22:15.380857+00:00,201,18499.80,
2026-09-11T20:22:15.222788+00:00,201,18665.11,
2026-09-11T20:22:15.175585+00:00,201,18711.42,
2026-09-11T20:22:15.317796+00:00,201,18570.84,
2026-09-11T20:22:15.340305+00:00,201,18551.42,
2026-09-11T20:22:17.117436+00:00,201,16776.33,
2026-09-11T20:22:06.593675+00:00,201,27300.81,
2026-09-11T20:22:06.031141+00:00,201,27864.02,
2026-09-11T20:22:05.672252+00:00,201,28218.49,
2026-09-11T20:22:16.735225+00:00,201,17163.25,
2026-09-11T20:22:15.396552+00:00,201,18504.51,
2026-09-11T20:22:05.882228+00:00,201,28014.06,
2026-09-11T20:22:06.284073+00:00,201,27621.00,
2026-09-11T20:22:15.144032+00:00,201,18753.80,
2026-09-11T20:22:14.888484+00:00,201,19005.40,
2026-09-11T20:22:16.771447+00:00,201,17136.42,
2026-09-11T20:22:15.285572+00:00,201,18610.94,
2026-09-11T20:22:13.649736+00:00,201,20252.03,
2026-09-11T20:22:15.428428+00:00,201,18483.56,
2026-09-11T20:22:15.033639+00:00,201,18882.07,
2026-09-11T20:22:15.269902+00:00,201,18634.86,
2026-09-11T20:22:15.459754+00:00,201,18447.03,
2026-09-11T20:22:05.473007+00:00,201,28439.28,
2026-09-11T20:22:16.930872+00:00,201,16982.38,
2026-09-11T20:22:05.689875+00:00,201,28235.01,
2026-09-11T20:22:15.340305+00:00,201,18581.97,
2026-09-11T20:22:14.904242+00:00,201,19023.01,
2026-09-11T20:22:06.041088+00:00,201,27883.09,
2026-09-11T20:22:06.611766+00:00,201,27316.98,
2026-09-11T20:22:06.164131+00:00,201,27768.57,
2026-09-11T20:22:05.459156+00:00,201,28475.95,
2026-09-11T20:22:15.412549+00:00,201,18509.08,
2026-09-11T20:22:16.930872+00:00,201,17000.23,
2026-09-11T20:22:15.159751+00:00,201,18775.87,
2026-09-11T20:22:15.475497+00:00,201,18463.91,
2026-09-11T20:22:15.554281+00:00,201,18383.17,
2026-09-11T20:22:05.939859+00:00,201,28005.19,
2026-09-11T20:22:05.446321+00:00,201,28500.38,
2026-09-11T20:22:05.698943+00:00,201,28249.79,
2026-09-11T20:22:06.061520+00:00,201,27889.84,
2026-09-11T20:22:06.635612+00:00,201,27317.62,
2026-09-11T20:22:15.475497+00:00,201,18465.69,
2026-09-11T20:22:15.554281+00:00,201,18393.56,
2026-09-11T20:22:14.904242+00:00,201,19051.94,
2026-09-11T20:22:15.175585+00:00,201,18777.63,
2026-09-11T20:22:14.908934+00:00,201,19046.85,
2026-09-11T20:22:05.729347+00:00,201,28236.11,
2026-09-11T20:22:06.723729+00:00,201,27243.70,
2026-09-11T20:22:17.575389+00:00,201,16394.44,
2026-09-11T20:22:05.567525+00:00,201,28402.80,
2026-09-11T20:22:17.446218+00:00,201,16522.78,
2026-09-11T20:22:14.908934+00:00,201,19065.13,
2026-09-11T20:22:08.256161+00:00,201,25721.44,
2026-09-11T20:22:17.182658+00:00,201,16789.43,
2026-09-11T20:22:05.709196+00:00,201,28271.85,
2026-09-11T20:22:17.182658+00:00,201,16795.07,
2026-09-11T20:22:06.165138+00:00,201,27803.73,
2026-09-11T20:22:12.368468+00:00,201,21607.39,
2026-09-11T20:22:08.286110+00:00,201,25698.71,
2026-09-11T20:22:06.655146+00:00,201,27330.67,
2026-09-11T20:22:14.920318+00:00,201,19068.46,
2026-09-11T20:22:05.769568+00:00,201,28219.81,
2026-09-11T20:22:06.743862+00:00,201,27244.08,
2026-09-11T20:22:05.467354+00:00,201,28519.90,
2026-09-11T20:22:06.434152+00:00,201,27558.73,
2026-09-11T20:22:06.684962+00:00,201,27310.44,
2026-09-11T20:22:05.871193+00:00,201,28118.13,
2026-09-11T20:22:06.770645+00:00,201,27226.46,
2026-09-11T20:22:08.324225+00:00,201,25674.63,
2026-09-11T20:22:05.497401+00:00,201,28502.99,
2026-09-11T20:22:14.908934+00:00,201,19087.73,
2026-09-11T20:22:14.920933+00:00,201,19077.84,
2026-09-11T20:22:05.719280+00:00,201,28284.24,
2026-09-11T20:22:08.368719+00:00,201,25635.88,
2026-09-11T20:22:06.790950+00:00,201,27214.75,
2026-09-11T20:22:14.920933+00:00,201,19077.66,
2026-09-11T20:22:17.951460+00:00,201,16056.01,
2026-09-11T20:22:08.404489+00:00,201,25605.68,
2026-09-11T20:22:14.920933+00:00,201,19077.27,
2026-09-11T20:22:14.936378+00:00,201,19074.09,
2026-09-11T20:22:06.833504+00:00,201,27180.64,
2026-09-11T20:22:06.807504+00:00,201,27202.95,
2026-09-11T20:22:08.434659+00:00,201,25577.42,
2026-09-11T20:22:08.470824+00:00,201,25545.56,
2026-09-11T20:22:14.939797+00:00,201,19074.86,
2026-09-11T20:22:18.175263+00:00,201,15845.38,
2026-09-11T20:22:06.854847+00:00,201,27166.59,
2026-09-11T20:22:06.876733+00:00,201,27146.08,
2026-09-11T20:22:08.505861+00:00,201,25518.33,
2026-09-11T20:22:14.944827+00:00,201,19077.08,
2026-09-11T20:22:14.952398+00:00,201,19074.04,
2026-09-11T20:22:06.898337+00:00,201,27129.75,
2026-09-11T20:22:08.538844+00:00,201,25490.74,
2026-09-11T20:22:14.952398+00:00,201,19073.60,
2026-09-11T20:22:08.567893+00:00,201,25459.92,
2026-09-11T20:22:06.920058+00:00,201,27112.93,
2026-09-11T20:22:18.259178+00:00,201,15774.22,
2026-09-11T20:22:06.942426+00:00,201,27093.28,
2026-09-11T20:22:06.964406+00:00,201,27071.76,
2026-09-11T20:22:14.952398+00:00,201,19072.24,
2026-09-11T20:22:14.952398+00:00,201,19077.90,
2026-09-11T20:22:08.601272+00:00,201,25434.77,
2026-09-11T20:22:08.634792+00:00,201,25401.91,
2026-09-11T20:22:18.328133+00:00,201,15711.67,
2026-09-11T20:22:14.968276+00:00,201,19071.13,
2026-09-11T20:22:14.968276+00:00,201,19076.95,
2026-09-11T20:22:08.707209+00:00,201,25341.49,
2026-09-11T20:22:08.673864+00:00,201,25376.45,
2026-09-11T20:22:06.985198+00:00,201,27063.59,
2026-09-11T20:22:07.003457+00:00,201,27041.95,
2026-09-11T20:22:07.033327+00:00,201,27020.35,
2026-09-11T20:22:14.968276+00:00,201,19075.98,
2026-09-11T20:22:08.734917+00:00,201,25316.31,
2026-09-11T20:22:07.049110+00:00,201,27001.38,
2026-09-11T20:22:08.776309+00:00,201,25283.75,
2026-09-11T20:22:14.983922+00:00,201,19076.64,
2026-09-11T20:22:14.983922+00:00,201,19074.30,
2026-09-11T20:22:18.382708+00:00,201,15683.04,
2026-09-11T20:22:14.994257+00:00,201,19072.95,
2026-09-11T20:22:07.065080+00:00,201,26988.53,
2026-09-11T20:22:07.105840+00:00,201,26964.55,
2026-09-11T20:22:08.809289+00:00,201,25260.87,
2026-09-11T20:22:08.859676+00:00,201,25210.22,
2026-09-11T20:22:14.994257+00:00,201,19074.87,
2026-09-11T20:22:08.953081+00:00,201,25119.52,
2026-09-11T20:22:07.131598+00:00,201,26944.58,
2026-09-11T20:22:15.001829+00:00,201,19073.52,
2026-09-11T20:22:08.909634+00:00,201,25170.21,
2026-09-11T20:22:07.160928+00:00,201,26920.27,
2026-09-11T20:22:18.439313+00:00,201,15642.12,
2026-09-11T20:22:07.193533+00:00,201,26890.65,
2026-09-11T20:22:15.001829+00:00,201,19075.45,
2026-09-11T20:22:09.008893+00:00,201,25077.99,
2026-09-11T20:22:09.042945+00:00,201,25043.28,
2026-09-11T20:22:07.211590+00:00,201,26870.73,
2026-09-11T20:22:09.085197+00:00,201,25001.73,
2026-09-11T20:22:09.134295+00:00,201,24957.47,
2026-09-11T20:22:07.231580+00:00,201,26855.64,
2026-09-11T20:22:18.489419+00:00,201,15604.41,
2026-09-11T20:22:09.185917+00:00,201,24907.29,
2026-09-11T20:22:05.590170+00:00,201,28506.13,
2026-09-11T20:22:05.808640+00:00,201,28288.92,
2026-09-11T20:22:05.898747+00:00,201,28199.68,
2026-09-11T20:22:06.133481+00:00,201,27967.79,
2026-09-11T20:22:09.228998+00:00,201,24873.85,
2026-09-11T20:22:09.265480+00:00,201,24837.97,
2026-09-11T20:22:09.299381+00:00,201,24804.91,
2026-09-11T20:22:07.315305+00:00,201,26788.46,
2026-09-11T20:22:07.369511+00:00,201,26738.72,
2026-09-11T20:22:07.447634+00:00,201,26661.85,
2026-09-11T20:22:07.494878+00:00,201,26611.17,
2026-09-11T20:22:09.631674+00:00,201,24481.87,
2026-09-11T20:22:07.608138+00:00,201,26505.36,
2026-09-11T20:22:18.676246+00:00,201,15438.90,
2026-09-11T20:22:07.636848+00:00,201,26480.18,
2026-09-11T20:22:09.733186+00:00,201,24383.23,
2026-09-11T20:22:09.767563+00:00,201,24351.65,
2026-09-11T20:22:05.597214+00:00,201,28523.12,
2026-09-11T20:22:09.798756+00:00,201,24321.76,
2026-09-11T20:22:09.861763+00:00,201,24258.07,
2026-09-11T20:22:06.147650+00:00,201,27976.98,
2026-09-11T20:22:09.973363+00:00,201,24153.83,
2026-09-11T20:22:09.900203+00:00,201,24228.86,
2026-09-11T20:22:10.315170+00:00,201,23816.45,
2026-09-11T20:22:18.806362+00:00,201,15326.38,
2026-09-11T20:22:10.378757+00:00,201,23751.40,
2026-09-11T20:22:10.533847+00:00,201,23599.79,
2026-09-11T20:22:10.449991+00:00,201,23685.06,
2026-09-11T20:22:11.401426+00:00,201,22736.83,
2026-09-11T20:22:11.634646+00:00,201,22506.00,
2026-09-11T20:22:18.879396+00:00,201,15263.03,
2026-09-11T20:22:10.757943+00:00,201,23384.41,
2026-09-11T20:22:18.921865+00:00,201,15221.14,
2026-09-11T20:22:19.062485+00:00,201,15084.47,
2026-09-11T20:22:19.538004+00:00,201,14611.41,
2026-09-11T20:22:19.601180+00:00,201,14549.79,
2026-09-11T20:22:19.902985+00:00,201,14249.65,
2026-09-11T20:22:20.283380+00:00,201,13870.98,
2026-09-11T20:22:20.472638+00:00,201,13683.13,
2026-09-11T20:22:20.568148+00:00,201,13589.35,
2026-09-11T20:22:20.711489+00:00,201,13447.40,
2026-09-11T20:22:20.774970+00:00,201,13385.78,
2026-09-11T20:22:20.854134+00:00,201,13308.13,
2026-09-11T20:22:20.997463+00:00,201,13166.07,
2026-09-11T20:22:21.044900+00:00,201,13120.15,
2026-09-11T20:22:21.329070+00:00,201,12837.43,
2026-09-11T20:22:22.074280+00:00,201,12094.70,
2026-09-11T20:22:22.406727+00:00,201,11763.62,
2026-09-11T20:22:22.643550+00:00,201,11528.30,
2026-09-11T20:22:22.774131+00:00,201,11398.81,
2026-09-11T20:22:22.737760+00:00,201,11437.07,
2026-09-11T20:22:22.821465+00:00,201,11353.28,
2026-09-11T20:22:22.805616+00:00,201,11371.39,
2026-09-11T20:22:22.858106+00:00,201,11316.32,
2026-09-11T20:22:23.004047+00:00,201,11177.01,
2026-09-11T20:22:23.009676+00:00,201,11169.46,
2026-09-11T20:22:23.147961+00:00,201,11034.31,
2026-09-11T20:22:23.119360+00:00,201,11062.75,
2026-09-11T20:22:23.199164+00:00,201,10985.02,
2026-09-11T20:22:23.429364+00:00,201,10758.55,
2026-09-11T20:22:23.470988+00:00,201,10714.31,
2026-09-11T20:22:13.174636+00:00,201,21024.99,
2026-09-11T20:22:13.967247+00:00,201,20240.97,
2026-09-11T20:22:13.967247+00:00,201,20238.35,
2026-09-11T20:22:14.014943+00:00,201,20196.26,
2026-09-11T20:22:14.014943+00:00,201,20186.55,
2026-09-11T20:22:14.038249+00:00,201,20173.86,
2026-09-11T20:22:07.395635+00:00,201,27000.83,
2026-09-11T20:22:09.560684+00:00,201,24841.37,
2026-09-11T20:22:09.702320+00:00,201,24704.38,
2026-09-11T20:22:10.009124+00:00,201,24406.27,
2026-09-11T20:22:18.760631+00:00,201,15657.96,
2026-09-11T20:22:10.401974+00:00,201,24003.89,
2026-09-11T20:22:18.841868+00:00,201,15585.10,
2026-09-11T20:22:19.157648+00:00,201,15275.61,
2026-09-11T20:22:19.252553+00:00,201,15182.17,
2026-09-11T20:22:21.978423+00:00,201,12479.54,
2026-09-11T20:22:22.360240+00:00,201,12101.49,
2026-09-11T20:22:23.056468+00:00,201,11409.87,
2026-09-11T20:22:25.504309+00:00,0,8974.60,connection_error: 
2026-09-11T20:22:27.351911+00:00,0,7132.53,connection_error: 
2026-09-11T20:22:13.111414+00:00,201,21379.75,
2026-09-11T20:22:13.191670+00:00,201,21305.70,
2026-09-11T20:22:13.967247+00:00,201,20529.46,
2026-09-11T20:22:13.999296+00:00,201,20509.05,
2026-09-11T20:22:13.031798+00:00,201,21492.52,
2026-09-11T20:22:24.920794+00:00,201,9686.21,
2026-09-11T20:22:13.903295+00:00,201,20714.75,
2026-09-11T20:22:13.999296+00:00,201,20631.07,
2026-09-11T20:22:13.944298+00:00,201,20811.31,
2026-09-11T20:22:13.993020+00:00,201,20771.29,
2026-09-11T20:22:13.935285+00:00,201,21114.45,
2026-09-11T20:22:13.919854+00:00,201,21128.78,
2026-09-11T20:22:13.871784+00:00,201,21309.91,
2026-09-11T20:22:13.951280+00:00,201,21246.13,
2026-09-11T20:22:13.919854+00:00,201,21278.34,
2026-09-11T20:22:13.937962+00:00,201,21269.20,
2026-09-11T20:22:13.967247+00:00,201,21242.26,
2026-09-11T20:22:13.919854+00:00,201,21447.13,
2026-09-11T20:22:31.984131+00:00,201,4828.01,
2026-09-11T20:22:32.110725+00:00,201,8257.07,
2026-09-11T20:22:31.241438+00:00,201,9126.08,
2026-09-11T20:22:32.110725+00:00,201,8272.07,
2026-09-11T20:22:31.225780+00:00,201,9160.35,
2026-09-11T20:22:31.241438+00:00,201,9155.50,
2026-09-11T20:22:31.261038+00:00,201,9437.63,
2026-09-11T20:22:31.272428+00:00,201,9441.68,
2026-09-11T20:22:32.137273+00:00,201,8591.91,
2026-09-11T20:22:31.285319+00:00,201,9453.26,
2026-09-11T20:22:32.110725+00:00,201,8647.21,
2026-09-11T20:22:32.143225+00:00,201,8635.10,
2026-09-11T20:22:31.272428+00:00,201,9518.45,
2026-09-11T20:22:31.288336+00:00,201,9506.90,
2026-09-11T20:22:32.135268+00:00,201,8683.29,
2026-09-11T20:22:32.143225+00:00,201,8701.33,
2026-09-11T20:22:31.304417+00:00,201,9544.75,
2026-09-11T20:22:32.143225+00:00,201,8710.07,
2026-09-11T20:22:31.304417+00:00,201,9553.90,
2026-09-11T20:22:32.142721+00:00,201,8737.55,
2026-09-11T20:22:31.288336+00:00,201,9597.69,
2026-09-11T20:22:32.161223+00:00,201,8743.69,
2026-09-11T20:22:32.128260+00:00,201,8783.46,
2026-09-11T20:22:31.338352+00:00,201,9585.71,
2026-09-11T20:22:32.189610+00:00,201,8815.64,
2026-09-11T20:22:32.189610+00:00,201,8820.72,
2026-09-11T20:22:32.161223+00:00,201,8865.49,
2026-09-11T20:22:32.173580+00:00,201,8852.21,
2026-09-11T20:22:32.173580+00:00,201,8862.61,
2026-09-11T20:22:32.157668+00:00,201,8959.95,
2026-09-11T20:22:32.173580+00:00,201,8953.64,
2026-09-11T20:22:32.189610+00:00,201,8934.94,
2026-09-11T20:22:32.205715+00:00,201,8933.11,
2026-09-11T20:22:32.205715+00:00,201,8946.38,
2026-09-11T20:22:32.161223+00:00,201,8991.50,
2026-09-11T20:22:32.161223+00:00,201,9003.11,
2026-09-11T20:22:32.189610+00:00,201,8985.19,
2026-09-11T20:22:32.173580+00:00,201,9008.42,
2026-09-11T20:22:32.237358+00:00,201,8979.45,
2026-09-11T20:22:31.320429+00:00,201,9904.63,
2026-09-11T20:22:32.205715+00:00,201,9032.07,
2026-09-11T20:22:32.205715+00:00,201,9034.24,
2026-09-11T20:22:32.237358+00:00,201,9015.90,
2026-09-11T20:22:32.237358+00:00,201,9021.90,
2026-09-11T20:22:32.173580+00:00,201,9108.02,
2026-09-11T20:22:32.237358+00:00,201,9055.17,
2026-09-11T20:22:32.237358+00:00,201,9064.20,
2026-09-11T20:22:32.189610+00:00,201,9132.49,
2026-09-11T20:22:32.221379+00:00,201,9108.58,
2026-09-11T20:22:32.189610+00:00,201,9156.99,
2026-09-11T20:22:32.161223+00:00,201,9209.08,
2026-09-11T20:22:32.221379+00:00,201,9181.86,
2026-09-11T20:22:32.237358+00:00,201,9187.67,
2026-09-11T20:22:32.189610+00:00,201,9239.22,
2026-09-11T20:22:32.173580+00:00,201,9277.99,
2026-09-11T20:22:32.221379+00:00,201,9238.45,
2026-09-11T20:22:32.237358+00:00,201,9288.01,
2026-09-11T20:22:32.261204+00:00,201,9279.68,
2026-09-11T20:22:32.257685+00:00,201,9298.16,
2026-09-11T20:22:32.261204+00:00,201,9308.03,
2026-09-11T20:22:32.189610+00:00,201,9393.19,
2026-09-11T20:22:32.269131+00:00,201,9324.53,
2026-09-11T20:22:32.205715+00:00,201,9408.41,
2026-09-11T20:22:32.269131+00:00,201,9356.38,
2026-09-11T20:22:32.253068+00:00,201,9399.73,
2026-09-11T20:22:32.221379+00:00,201,9513.95,
2026-09-11T20:22:32.253068+00:00,201,9519.74,
2026-09-11T20:22:32.261204+00:00,201,9527.66,
2026-09-11T20:22:32.269131+00:00,201,9538.16,
2026-09-11T20:22:32.269131+00:00,201,9564.89,
2026-09-11T20:22:32.269131+00:00,201,9592.13,
2026-09-11T20:22:32.269131+00:00,201,9624.64,
2026-09-11T20:22:31.541598+00:00,201,10444.29,
2026-09-11T20:22:31.541598+00:00,201,10454.83,
2026-09-11T20:22:23.340335+00:00,201,18691.92,
2026-09-11T20:22:31.572508+00:00,201,10483.91,
2026-09-11T20:22:23.171785+00:00,201,18913.87,
2026-09-11T20:22:31.572508+00:00,201,10537.82,
2026-09-11T20:22:24.075480+00:00,201,18073.90,
2026-09-11T20:22:27.396056+00:00,201,14785.76,
2026-09-11T20:22:31.556855+00:00,201,10670.84,
2026-09-11T20:22:31.583859+00:00,201,10787.72,
2026-09-11T20:22:31.604073+00:00,201,10805.63,
2026-09-11T20:22:31.541598+00:00,201,10896.50,
2026-09-11T20:22:31.556855+00:00,201,10910.47,
2026-09-11T20:22:31.619727+00:00,201,10899.87,
2026-09-11T20:22:31.599800+00:00,201,10960.71,
2026-09-11T20:22:24.996237+00:00,201,17603.54,
2026-09-11T20:22:31.541598+00:00,201,11082.14,
2026-09-11T20:22:25.530556+00:00,201,17123.65,
2026-09-11T20:22:31.588441+00:00,201,11106.85,
2026-09-11T20:22:31.572508+00:00,201,11145.47,
2026-09-11T20:22:31.556855+00:00,201,11198.71,
2026-09-11T20:22:31.556855+00:00,201,11235.78,
2026-09-11T20:22:31.556855+00:00,201,11274.76,
2026-09-11T20:22:31.619727+00:00,201,11247.56,
2026-09-11T20:22:31.635355+00:00,201,11285.15,
2026-09-11T20:22:31.609615+00:00,201,11343.16,
2026-09-11T20:22:31.649628+00:00,201,11330.69,
2026-09-11T20:22:31.572508+00:00,201,11445.73,
2026-09-11T20:22:31.639600+00:00,201,11401.99,
2026-09-11T20:22:31.609615+00:00,201,11473.16,
2026-09-11T20:22:31.656889+00:00,201,11468.88,
2026-09-11T20:22:31.594083+00:00,201,11562.84,
2026-09-11T20:22:31.653372+00:00,201,11537.35,
2026-09-11T20:22:31.588441+00:00,201,11630.74,
2026-09-11T20:22:31.639600+00:00,201,11610.26,
2026-09-11T20:22:31.656889+00:00,201,11621.70,
2026-09-11T20:22:31.619727+00:00,201,11692.04,
2026-09-11T20:22:31.667050+00:00,201,11666.82,
2026-09-11T20:22:31.656889+00:00,201,11718.72,
2026-09-11T20:22:31.637591+00:00,201,11769.30,
2026-09-11T20:22:31.714322+00:00,201,11723.35,
2026-09-11T20:22:31.667050+00:00,201,11796.83,
2026-09-11T20:22:31.689707+00:00,201,11809.90,
2026-09-11T20:22:31.682900+00:00,201,11848.32,
2026-09-11T20:22:31.667050+00:00,201,11886.38,
2026-09-11T20:22:31.705019+00:00,201,11888.54,
2026-09-11T20:22:31.685965+00:00,201,11939.10,
2026-09-11T20:22:31.698610+00:00,201,11957.09,
2026-09-11T20:22:31.709033+00:00,201,11982.12,
2026-09-11T20:22:31.667050+00:00,201,12055.14,
2026-09-11T20:22:31.714322+00:00,201,12038.71,
2026-09-11T20:22:31.698610+00:00,201,12090.47,
2026-09-11T20:22:31.689707+00:00,201,12209.63,
2026-09-11T20:22:31.714322+00:00,201,12215.52,
2026-09-11T20:22:31.709033+00:00,201,12271.16,
2026-09-11T20:22:31.320429+00:00,201,12699.93,
2026-09-11T20:22:31.689707+00:00,201,12386.72,
2026-09-11T20:22:31.714322+00:00,201,12408.07,
2026-09-11T20:22:31.714322+00:00,201,12470.49,
2026-09-11T20:22:31.714322+00:00,201,12645.29,
2026-09-11T20:22:31.714322+00:00,201,12692.18,
2026-09-11T20:22:32.665209+00:00,201,12157.66,
2026-09-11T20:22:32.697309+00:00,201,12163.95,
2026-09-11T20:22:32.697309+00:00,201,12190.76,
2026-09-11T20:22:34.410247+00:00,201,10514.90,
2026-09-11T20:22:34.394504+00:00,201,10572.61,
2026-09-11T20:22:32.665209+00:00,201,12342.94,
2026-09-11T20:22:32.665209+00:00,201,12380.30,
2026-09-11T20:22:32.657664+00:00,201,12441.20,
2026-09-11T20:22:32.691955+00:00,201,12455.31,
2026-09-11T20:22:32.749811+00:00,201,12439.09,
2026-09-11T20:22:32.839943+00:00,201,12402.19,
2026-09-11T20:22:32.760618+00:00,201,12517.80,
2026-09-11T20:22:32.857700+00:00,201,12470.72,
2026-09-11T20:22:34.410247+00:00,201,10961.59,
2026-09-11T20:22:32.891894+00:00,201,12540.84,
2026-09-11T20:22:32.808337+00:00,201,12656.78,
2026-09-11T20:22:34.426160+00:00,201,11090.73,
2026-09-11T20:22:32.743062+00:00,201,12822.78,
2026-09-11T20:22:34.426160+00:00,201,11181.21,
2026-09-11T20:22:32.871355+00:00,201,12769.80,
2026-09-11T20:22:34.410247+00:00,201,11283.27,
2026-09-11T20:22:32.738885+00:00,201,13006.58,
2026-09-11T20:22:32.941322+00:00,201,12843.40,
2026-09-11T20:22:32.839943+00:00,201,12990.68,
2026-09-11T20:22:32.871355+00:00,201,13056.72,
2026-09-11T20:22:32.893623+00:00,201,13076.12,
2026-09-11T20:22:32.871355+00:00,201,13130.92,
2026-09-11T20:22:34.426160+00:00,201,11666.17,
2026-09-11T20:22:32.681289+00:00,201,13770.44,
2026-09-11T20:22:32.713280+00:00,201,13765.23,
2026-09-11T20:22:32.760618+00:00,201,13754.23,
2026-09-11T20:22:32.954464+00:00,201,13587.50,
2026-09-11T20:22:34.467024+00:00,201,12193.73,
2026-09-11T20:22:34.467024+00:00,201,12232.19,
2026-09-11T20:22:33.015557+00:00,201,13720.09,
2026-09-11T20:22:32.903351+00:00,201,14000.70,
2026-09-11T20:22:32.792310+00:00,201,14127.32,
2026-09-11T20:22:32.932382+00:00,201,14012.48,
2026-09-11T20:22:32.919410+00:00,201,14036.86,
2026-09-11T20:22:32.808337+00:00,201,14158.24,
2026-09-11T20:22:32.893623+00:00,201,14097.14,
2026-09-11T20:22:34.458276+00:00,201,12561.84,
2026-09-11T20:22:32.983316+00:00,201,14051.29,
2026-09-11T20:22:32.983316+00:00,201,14075.57,
2026-09-11T20:22:34.458276+00:00,201,12615.02,
2026-09-11T20:22:33.031007+00:00,201,14050.80,
2026-09-11T20:22:33.031007+00:00,201,14071.68,
2026-09-11T20:22:32.015649+00:00,201,15140.49,
2026-09-11T20:22:23.277915+00:00,201,23914.45,
2026-09-11T20:22:25.018904+00:00,201,22202.13,
2026-09-11T20:22:30.243262+00:00,201,17014.35,
2026-09-11T20:22:32.035355+00:00,201,15252.52,
2026-09-11T20:22:32.015649+00:00,201,15311.63,
2026-09-11T20:22:24.091790+00:00,201,23268.66,
2026-09-11T20:22:32.062939+00:00,201,15486.29,
2026-09-11T20:22:31.066985+00:00,201,16496.31,
2026-09-11T20:22:32.062939+00:00,201,15536.38,
2026-09-11T20:22:29.484033+00:00,201,18146.63,
2026-09-11T20:22:32.062939+00:00,201,15600.66,
2026-09-11T20:22:32.031290+00:00,201,15666.21,
2026-09-11T20:22:25.560813+00:00,201,22163.64,
2026-09-11T20:22:32.053596+00:00,201,15711.29,
2026-09-11T20:22:31.194007+00:00,201,16587.77,
2026-09-11T20:22:31.114452+00:00,201,16687.47,
2026-09-11T20:22:32.078826+00:00,201,15755.99,
2026-09-11T20:22:33.015557+00:00,201,15274.41,
2026-09-11T20:22:33.007663+00:00,201,15307.75,
2026-09-11T20:22:33.078820+00:00,201,15257.23,
2026-09-11T20:22:32.015649+00:00,201,16334.48,
2026-09-11T20:22:28.579620+00:00,201,19792.54,
2026-09-11T20:22:31.999906+00:00,201,16396.08,
2026-09-11T20:22:32.057608+00:00,201,16354.35,
2026-09-11T20:22:32.078826+00:00,201,16342.97,
2026-09-11T20:22:32.094926+00:00,201,16368.64,
2026-09-11T20:22:32.035355+00:00,201,16455.79,
2026-09-11T20:22:31.209691+00:00,201,17304.97,
2026-09-11T20:22:32.062939+00:00,201,16486.40,
2026-09-11T20:22:31.209691+00:00,201,17371.54,
2026-09-11T20:22:31.177916+00:00,201,17449.95,
2026-09-11T20:22:31.156634+00:00,201,17511.24,
2026-09-11T20:22:32.094926+00:00,201,16613.52,
2026-09-11T20:22:32.094926+00:00,201,16650.10,
2026-09-11T20:22:31.203414+00:00,201,17591.73,
2026-09-11T20:22:31.146680+00:00,201,17690.58,
2026-09-11T20:22:32.015649+00:00,201,17296.78,
2026-09-11T20:22:32.919410+00:00,201,16433.28,
2026-09-11T20:22:32.903351+00:00,201,16479.56,
2026-09-11T20:22:32.935422+00:00,201,16480.85,
2026-09-11T20:22:32.941322+00:00,201,16500.95,
2026-09-11T20:22:32.941322+00:00,201,16518.70,
2026-09-11T20:22:32.967419+00:00,201,16519.33,
2026-09-11T20:22:32.957988+00:00,201,16560.58,
2026-09-11T20:22:33.009181+00:00,201,16533.22,
2026-09-11T20:22:33.015557+00:00,201,16544.63,
2026-09-11T20:22:32.983316+00:00,201,16604.59,
2026-09-11T20:22:32.999034+00:00,201,16633.39,
2026-09-11T20:22:33.050540+00:00,201,16616.83,
2026-09-11T20:22:33.031007+00:00,201,16666.08,
2026-09-11T20:22:32.967419+00:00,201,16760.39,
2026-09-11T20:22:33.078820+00:00,201,16686.95,
2026-09-11T20:22:33.396854+00:00,201,16393.97,
2026-09-11T20:22:33.396854+00:00,201,16441.60,
2026-09-11T20:22:33.412980+00:00,201,16530.35,
2026-09-11T20:22:33.412980+00:00,201,16578.51,
2026-09-11T20:22:33.412980+00:00,201,16609.02,
2026-09-11T20:22:33.428692+00:00,201,16623.57,
2026-09-11T20:22:33.412980+00:00,201,16662.66,
2026-09-11T20:22:33.412980+00:00,201,16700.47,
2026-09-11T20:22:33.428692+00:00,201,16716.01,
2026-09-11T20:22:33.428692+00:00,201,16822.28,
2026-09-11T20:22:33.428692+00:00,201,16842.05,
2026-09-11T20:22:33.412980+00:00,201,16887.75,
2026-09-11T20:22:33.444542+00:00,201,16891.75,
2026-09-11T20:22:33.428692+00:00,201,16917.36,
2026-09-11T20:22:33.451756+00:00,201,16927.02,
2026-09-11T20:22:33.428692+00:00,201,16958.27,
2026-09-11T20:22:33.428692+00:00,201,16984.41,
2026-09-11T20:22:33.476053+00:00,201,16966.95,
2026-09-11T20:22:33.428692+00:00,201,17023.25,
2026-09-11T20:22:33.460363+00:00,201,17021.51,
2026-09-11T20:22:33.454850+00:00,201,17131.99,
2026-09-11T20:22:33.460363+00:00,201,17133.06,
2026-09-11T20:22:33.444542+00:00,201,17169.32,
2026-09-11T20:22:33.491798+00:00,201,17140.76,
2026-09-11T20:22:33.460363+00:00,201,17173.58,
2026-09-11T20:22:33.458357+00:00,201,17204.70,
2026-09-11T20:22:33.460363+00:00,201,17210.19,
2026-09-11T20:22:33.476053+00:00,201,17216.39,
2026-09-11T20:22:33.476053+00:00,201,17230.42,
2026-09-11T20:22:33.460363+00:00,201,17267.36,
2026-09-11T20:22:33.476053+00:00,201,17268.52,
2026-09-11T20:22:33.476053+00:00,201,17277.13,
2026-09-11T20:22:33.476053+00:00,201,17304.51,
2026-09-11T20:22:33.476053+00:00,201,17334.01,
2026-09-11T20:22:33.460363+00:00,201,17381.14,
2026-09-11T20:22:33.476053+00:00,201,17442.89,
2026-09-11T20:22:33.476053+00:00,201,17468.42,
2026-09-11T20:22:33.507447+00:00,201,17511.63,
2026-09-11T20:22:33.507447+00:00,201,17552.70,
2026-09-11T20:22:33.495741+00:00,201,17573.03,
2026-09-11T20:22:33.523438+00:00,201,17545.57,
2026-09-11T20:22:33.523438+00:00,201,17572.08,
2026-09-11T20:22:33.542053+00:00,201,17560.27,
2026-09-11T20:22:33.507447+00:00,201,17586.83,
2026-09-11T20:22:33.523438+00:00,201,17579.60,
2026-09-11T20:22:33.523438+00:00,201,17596.52,
2026-09-11T20:22:33.539341+00:00,201,17586.11,
2026-09-11T20:22:33.558230+00:00,201,17564.97,
2026-09-11T20:22:33.558230+00:00,201,17572.98,
2026-09-11T20:22:33.558230+00:00,201,17576.78,
2026-09-11T20:22:33.570824+00:00,201,17567.41,
2026-09-11T20:22:33.523438+00:00,201,17606.22,
2026-09-11T20:22:33.542053+00:00,201,17593.28,
2026-09-11T20:22:33.558230+00:00,201,17589.79,
2026-09-11T20:22:33.542053+00:00,201,17601.08,
2026-09-11T20:22:33.542053+00:00,201,17603.88,
2026-09-11T20:22:33.558230+00:00,201,17595.18,
2026-09-11T20:22:33.555710+00:00,201,17608.02,
2026-09-11T20:22:33.570824+00:00,201,17584.19,
2026-09-11T20:22:33.586578+00:00,201,17580.27,
2026-09-11T20:22:33.570824+00:00,201,17598.38,
2026-09-11T20:22:33.570824+00:00,201,17600.88,
2026-09-11T20:22:33.570824+00:00,201,17609.13,
2026-09-11T20:22:33.570824+00:00,201,17604.07,
2026-09-11T20:22:33.618079+00:00,201,17571.18,
2026-09-11T20:22:33.597761+00:00,201,17594.35,
2026-09-11T20:22:33.570824+00:00,201,17625.12,
2026-09-11T20:22:33.570824+00:00,201,17626.48,
2026-09-11T20:22:33.597761+00:00,201,17606.35,
2026-09-11T20:22:33.586578+00:00,201,17624.01,
2026-09-11T20:22:33.602302+00:00,201,17603.79,
2026-09-11T20:22:33.618079+00:00,201,17603.66,
2026-09-11T20:22:33.602302+00:00,201,17618.03,
2026-09-11T20:22:33.597761+00:00,201,17637.28,
2026-09-11T20:22:33.586578+00:00,201,17649.69,
2026-09-11T20:22:33.634018+00:00,201,17600.68,
2026-09-11T20:22:33.602302+00:00,201,17635.32,
2026-09-11T20:22:33.634018+00:00,201,17612.69,
2026-09-11T20:22:33.649710+00:00,201,17597.28,
2026-09-11T20:22:33.602302+00:00,201,17650.34,
2026-09-11T20:22:33.618079+00:00,201,17632.11,
2026-09-11T20:22:33.602302+00:00,201,17651.92,
2026-09-11T20:22:33.649710+00:00,201,17614.33,
2026-09-11T20:22:33.634018+00:00,201,17621.06,
2026-09-11T20:22:33.618079+00:00,201,17641.00,
2026-09-11T20:22:33.618079+00:00,201,17645.76,
2026-09-11T20:22:33.634018+00:00,201,17634.28,
2026-09-11T20:22:33.658493+00:00,201,17623.86,
2026-09-11T20:22:33.649710+00:00,201,17632.70,
2026-09-11T20:22:33.665614+00:00,201,17618.47,
2026-09-11T20:22:33.665614+00:00,201,17623.99,
2026-09-11T20:22:33.665614+00:00,201,17633.98,
2026-09-11T20:22:33.634018+00:00,201,17665.66,
2026-09-11T20:22:33.649710+00:00,201,17651.37,
2026-09-11T20:22:33.649710+00:00,201,17659.49,
2026-09-11T20:22:33.665614+00:00,201,17648.14,
2026-09-11T20:22:33.699068+00:00,201,17617.63,
2026-09-11T20:22:33.658493+00:00,201,17668.90,
2026-09-11T20:22:33.712967+00:00,201,17618.24,
2026-09-11T20:22:33.699068+00:00,201,17626.87,
2026-09-11T20:22:33.665614+00:00,201,17658.58,
2026-09-11T20:22:33.681578+00:00,201,17658.26,
2026-09-11T20:22:33.712967+00:00,201,17626.94,
2026-09-11T20:22:33.681578+00:00,201,17662.56,
2026-09-11T20:22:33.681578+00:00,201,17666.92,
2026-09-11T20:22:33.712967+00:00,201,17640.83,
2026-09-11T20:22:33.712967+00:00,201,17642.03,
2026-09-11T20:22:33.699068+00:00,201,17665.31,
2026-09-11T20:22:33.699068+00:00,201,17661.35,
2026-09-11T20:22:33.728641+00:00,201,17645.51,
2026-09-11T20:22:33.712967+00:00,201,17661.11,
2026-09-11T20:22:33.749457+00:00,201,17635.05,
2026-09-11T20:22:33.728641+00:00,201,17649.88,
2026-09-11T20:22:33.712967+00:00,201,17666.58,
2026-09-11T20:22:33.728641+00:00,201,17663.52,
2026-09-11T20:22:33.728641+00:00,201,17671.13,
2026-09-11T20:22:33.751013+00:00,201,17651.14,
2026-09-11T20:22:33.742357+00:00,201,17665.87,
2026-09-11T20:22:33.744395+00:00,201,17667.36,
2026-09-11T20:22:33.760091+00:00,201,17651.18,
2026-09-11T20:22:33.751013+00:00,201,17666.61,
2026-09-11T20:22:33.775963+00:00,201,17640.69,
2026-09-11T20:22:33.760091+00:00,201,17653.93,
2026-09-11T20:22:33.760091+00:00,201,17658.90,
2026-09-11T20:22:33.760091+00:00,201,17667.42,
2026-09-11T20:22:33.775963+00:00,201,17657.97,
2026-09-11T20:22:33.751013+00:00,201,17685.79,
2026-09-11T20:22:33.760091+00:00,201,17683.64,
2026-09-11T20:22:33.760091+00:00,201,17684.01,
2026-09-11T20:22:33.791759+00:00,201,17647.13,
2026-09-11T20:22:33.775963+00:00,201,17669.55,
2026-09-11T20:22:33.760091+00:00,201,17695.77,
2026-09-11T20:22:33.760091+00:00,201,17695.21,
2026-09-11T20:22:33.775963+00:00,201,17697.91,
2026-09-11T20:22:33.791759+00:00,201,17683.78,
2026-09-11T20:22:33.807664+00:00,201,17676.44,
2026-09-11T20:22:33.807664+00:00,201,17686.08,
2026-09-11T20:22:33.791759+00:00,201,17697.64,
2026-09-11T20:22:33.760091+00:00,201,17730.74,
2026-09-11T20:22:33.775963+00:00,201,17715.17,
2026-09-11T20:22:33.791759+00:00,201,17711.20,
2026-09-11T20:22:33.807664+00:00,201,17699.90,
2026-09-11T20:22:33.775963+00:00,201,17729.38,
2026-09-11T20:22:33.823336+00:00,201,17693.27,
2026-09-11T20:22:33.791759+00:00,201,17732.51,
2026-09-11T20:22:33.791759+00:00,201,17737.57,
2026-09-11T20:22:33.838984+00:00,201,17696.80,
2026-09-11T20:22:33.823336+00:00,201,17712.40,
2026-09-11T20:22:33.855101+00:00,201,17688.40,
2026-09-11T20:22:33.823336+00:00,201,17722.87,
2026-09-11T20:22:33.823336+00:00,201,17716.27,
2026-09-11T20:22:33.823336+00:00,201,17725.05,
2026-09-11T20:22:33.858325+00:00,201,17712.32,
2026-09-11T20:22:33.858325+00:00,201,17709.81,
2026-09-11T20:22:33.870964+00:00,201,17696.31,
2026-09-11T20:22:33.858325+00:00,201,17719.76,
2026-09-11T20:22:33.823336+00:00,201,17747.76,
2026-09-11T20:22:33.838984+00:00,201,17736.93,
2026-09-11T20:22:33.870964+00:00,201,17712.17,
2026-09-11T20:22:33.855101+00:00,201,17738.96,
2026-09-11T20:22:33.858325+00:00,201,17739.97,
2026-09-11T20:22:33.886834+00:00,201,17710.17,
2026-09-11T20:22:33.886834+00:00,201,17712.67,
2026-09-11T20:22:33.886834+00:00,201,17722.46,
2026-09-11T20:22:33.870964+00:00,201,17731.37,
2026-09-11T20:22:33.899341+00:00,201,17714.39,
2026-09-11T20:22:33.870964+00:00,201,17734.03,
2026-09-11T20:22:33.870964+00:00,201,17746.64,
2026-09-11T20:22:33.886834+00:00,201,17736.13,
2026-09-11T20:22:33.886834+00:00,201,17731.08,
2026-09-11T20:22:33.918670+00:00,201,17711.07,
2026-09-11T20:22:33.870964+00:00,201,17765.52,
2026-09-11T20:22:33.902865+00:00,201,17735.28,
2026-09-11T20:22:33.918670+00:00,201,17720.01,
2026-09-11T20:22:33.902865+00:00,201,17737.83,
2026-09-11T20:22:33.858325+00:00,201,17781.79,
2026-09-11T20:22:33.886834+00:00,201,17763.00,
2026-09-11T20:22:33.934525+00:00,201,17724.58,
2026-09-11T20:22:33.918670+00:00,201,17734.29,
2026-09-11T20:22:33.918670+00:00,201,17740.61,
2026-09-11T20:22:33.918670+00:00,201,17746.60,
2026-09-11T20:22:33.918670+00:00,201,17751.75,
2026-09-11T20:22:33.912623+00:00,201,17766.40,
2026-09-11T20:22:33.934525+00:00,201,17741.44,
2026-09-11T20:22:33.912623+00:00,201,17769.89,
2026-09-11T20:22:33.902865+00:00,201,17783.84,
2026-09-11T20:22:33.951073+00:00,201,17739.12,
2026-09-11T20:22:33.934525+00:00,201,17753.15,
2026-09-11T20:22:33.918670+00:00,201,17782.76,
2026-09-11T20:22:33.958330+00:00,201,17752.26,
2026-09-11T20:22:33.934525+00:00,201,17782.69,
2026-09-11T20:22:33.951073+00:00,201,17769.15,
2026-09-11T20:22:33.966094+00:00,201,17743.58,
2026-09-11T20:22:33.984024+00:00,201,17742.55,
2026-09-11T20:22:33.984024+00:00,201,17748.91,
2026-09-11T20:22:33.984024+00:00,201,17744.62,
2026-09-11T20:22:33.984024+00:00,201,17753.57,
2026-09-11T20:22:33.997657+00:00,201,17733.60,
2026-09-11T20:22:33.958330+00:00,201,17787.96,
2026-09-11T20:22:33.993975+00:00,201,17757.25,
2026-09-11T20:22:33.942829+00:00,201,17807.39,
2026-09-11T20:22:33.984024+00:00,201,17768.36,
2026-09-11T20:22:33.997657+00:00,201,17760.74,
2026-09-11T20:22:33.997657+00:00,201,17749.75,
2026-09-11T20:22:33.984024+00:00,201,17777.59,
2026-09-11T20:22:33.954954+00:00,201,17810.47,
2026-09-11T20:22:33.993975+00:00,201,17774.14,
2026-09-11T20:22:33.997657+00:00,201,17766.57,
2026-09-11T20:22:33.984024+00:00,201,17786.90,
2026-09-11T20:22:33.997657+00:00,201,17773.90,
2026-09-11T20:22:33.997657+00:00,201,17770.67,
2026-09-11T20:22:33.997657+00:00,201,17784.30,
2026-09-11T20:22:33.997657+00:00,201,17785.50,
2026-09-11T20:22:34.013479+00:00,201,17775.21,
2026-09-11T20:22:33.984024+00:00,201,17801.93,
2026-09-11T20:22:34.017662+00:00,201,17770.21,
2026-09-11T20:22:34.017662+00:00,201,17776.24,
2026-09-11T20:22:34.017662+00:00,201,17785.30,
2026-09-11T20:22:33.966094+00:00,201,17831.15,
2026-09-11T20:22:33.997657+00:00,201,17806.37,
2026-09-11T20:22:34.013479+00:00,201,17801.04,
2026-09-11T20:22:34.029512+00:00,201,17788.85,
2026-09-11T20:22:34.017662+00:00,201,17802.45,
2026-09-11T20:22:34.017662+00:00,201,17798.61,
2026-09-11T20:22:34.029512+00:00,201,17793.35,
2026-09-11T20:22:34.029512+00:00,201,17788.84,
2026-09-11T20:22:34.045324+00:00,201,17780.11,
2026-09-11T20:22:34.045324+00:00,201,17793.87,
2026-09-11T20:22:34.029512+00:00,201,17805.42,
2026-09-11T20:22:34.061311+00:00,201,17784.81,
2026-09-11T20:22:34.045324+00:00,201,17798.89,
2026-09-11T20:22:34.077073+00:00,201,17769.16,
2026-09-11T20:22:34.045324+00:00,201,17808.48,
2026-09-11T20:22:34.077073+00:00,201,17778.66,
2026-09-11T20:22:34.061311+00:00,201,17789.55,
2026-09-11T20:22:34.045324+00:00,201,17819.78,
2026-09-11T20:22:34.045324+00:00,201,17820.58,
2026-09-11T20:22:34.077073+00:00,201,17785.98,
2026-09-11T20:22:34.077073+00:00,201,17785.84,
2026-09-11T20:22:34.077073+00:00,201,17800.34,
2026-09-11T20:22:34.058286+00:00,201,17828.40,
2026-09-11T20:22:34.093121+00:00,201,17795.05,
2026-09-11T20:22:34.061311+00:00,201,17825.15,
2026-09-11T20:22:34.077073+00:00,201,17815.70,
2026-09-11T20:22:34.077073+00:00,201,17813.60,
2026-09-11T20:22:34.077073+00:00,201,17813.97,
2026-09-11T20:22:34.100823+00:00,201,17805.07,
2026-09-11T20:22:34.077073+00:00,201,17842.98,
2026-09-11T20:22:34.093121+00:00,201,17832.98,
2026-09-11T20:22:34.109033+00:00,201,17817.87,
2026-09-11T20:22:34.109033+00:00,201,17824.06,
2026-09-11T20:22:34.109033+00:00,201,17830.72,
2026-09-11T20:22:34.124946+00:00,201,17809.49,
2026-09-11T20:22:34.109033+00:00,201,17831.49,
2026-09-11T20:22:34.124946+00:00,201,17828.79,
2026-09-11T20:22:34.143373+00:00,201,17810.96,
2026-09-11T20:22:34.100823+00:00,201,17863.40,
2026-09-11T20:22:34.143373+00:00,201,17822.27,
2026-09-11T20:22:34.158155+00:00,201,17807.22,
2026-09-11T20:22:34.143373+00:00,201,17830.90,
2026-09-11T20:22:34.109033+00:00,201,17860.69,
2026-09-11T20:22:34.140864+00:00,201,17844.66,
2026-09-11T20:22:34.143373+00:00,201,17839.71,
2026-09-11T20:22:34.143373+00:00,201,17847.08,
2026-09-11T20:22:34.172283+00:00,201,17833.68,
2026-09-11T20:22:34.172283+00:00,201,17825.78,
2026-09-11T20:22:34.158155+00:00,201,17852.17,
2026-09-11T20:22:30.316139+00:00,201,21726.08,
2026-09-11T20:22:29.659191+00:00,201,22377.76,
2026-09-11T20:22:34.203788+00:00,201,17838.40,
2026-09-11T20:22:28.993093+00:00,201,23054.99,
2026-09-11T20:22:31.338352+00:00,201,20708.04,
2026-09-11T20:22:31.225780+00:00,201,20830.56,
2026-09-11T20:22:31.098696+00:00,201,20961.35,
2026-09-11T20:22:31.225780+00:00,201,20824.13,
2026-09-11T20:22:32.649246+00:00,201,19414.50,
2026-09-11T20:22:31.261038+00:00,201,20804.38,
2026-09-11T20:22:34.203788+00:00,201,17855.28,
2026-09-11T20:22:34.394504+00:00,201,17678.66,
2026-09-11T20:22:32.633573+00:00,201,19434.76,
2026-09-11T20:22:31.241438+00:00,201,20834.48,
2026-09-11T20:22:32.633573+00:00,201,19438.35,
2026-09-11T20:22:31.288336+00:00,201,20788.34,
2026-09-11T20:22:32.633573+00:00,201,19453.56,
2026-09-11T20:22:34.474209+00:00,201,17606.48,
2026-09-11T20:22:32.633573+00:00,201,19460.52,
2026-09-11T20:22:23.358882+00:00,201,28731.65,
2026-09-11T20:22:34.500641+00:00,201,17601.82,
2026-09-11T20:22:24.126022+00:00,201,27980.08,
2026-09-11T20:22:34.521957+00:00,201,17584.54,
2026-09-11T20:22:34.490340+00:00,201,17618.85,
2026-09-11T20:22:32.681289+00:00,201,19441.40,
2026-09-11T20:22:32.871355+00:00,201,19251.82,
2026-09-11T20:22:34.506315+00:00,201,17622.08,
2026-09-11T20:22:32.697309+00:00,201,19422.06,
2026-09-11T20:22:32.691955+00:00,201,19449.05,
2026-09-11T20:22:24.179346+00:00,201,27964.45,
2026-09-11T20:22:32.903351+00:00,201,19243.76,
2026-09-11T20:22:32.850116+00:00,201,19300.22,
2026-09-11T20:22:32.792310+00:00,201,19353.48,
2026-09-11T20:22:32.792310+00:00,201,19365.34,
2026-09-11T20:22:32.745731+00:00,201,19418.26,
2026-09-11T20:22:29.770301+00:00,201,22390.70,
2026-09-11T20:22:28.293359+00:00,201,23865.28,
2026-09-11T20:22:35.042277+00:00,201,17124.24,
2026-09-11T20:22:25.730704+00:00,201,26447.05,
2026-09-11T20:22:32.919410+00:00,201,19264.24,
2026-09-11T20:22:32.951900+00:00,201,19238.97,
2026-09-11T20:22:34.601476+00:00,201,17587.62,
2026-09-11T20:22:32.681289+00:00,201,19515.84,
2026-09-11T20:22:23.816353+00:00,201,28382.96,
2026-09-11T20:22:27.551957+00:00,201,24645.58,
2026-09-11T20:22:35.058981+00:00,201,17149.39,
2026-09-11T20:22:23.863695+00:00,201,28348.45,
2026-09-11T20:22:32.713280+00:00,201,19500.77,
2026-09-11T20:22:34.617372+00:00,201,17587.63,
2026-09-11T20:22:25.097665+00:00,201,27117.69,
2026-09-11T20:22:32.957988+00:00,201,19259.53,
2026-09-11T20:22:32.808337+00:00,201,19418.40,
2026-09-11T20:22:29.722230+00:00,201,22506.50,
2026-09-11T20:22:28.738973+00:00,201,23489.51,
2026-09-11T20:22:23.388337+00:00,201,28844.11,
2026-09-11T20:22:32.760618+00:00,201,19469.17,
2026-09-11T20:22:32.749811+00:00,201,19490.95,
2026-09-11T20:22:32.661698+00:00,201,19581.00,
2026-09-11T20:22:33.396854+00:00,201,18841.18,
2026-09-11T20:22:32.826803+00:00,201,19422.49,
2026-09-11T20:22:27.599343+00:00,201,24653.74,
2026-09-11T20:22:32.855678+00:00,201,19402.42,
2026-09-11T20:22:32.957988+00:00,201,19295.08,
2026-09-11T20:22:30.384786+00:00,201,21868.09,
2026-09-11T20:22:32.857700+00:00,201,19398.03,
2026-09-11T20:22:32.826803+00:00,201,19438.19,
2026-09-11T20:22:33.062842+00:00,201,19209.21,
2026-09-11T20:22:25.129822+00:00,201,27144.22,
2026-09-11T20:22:32.839943+00:00,201,19432.02,
2026-09-11T20:22:29.746211+00:00,201,22531.72,
2026-09-11T20:22:32.903351+00:00,201,19365.60,
2026-09-11T20:22:34.980009+00:00,201,17298.73,
2026-09-11T20:22:34.759254+00:00,201,17526.99,
2026-09-11T20:22:35.404435+00:00,201,16893.25,
2026-09-11T20:22:23.879741+00:00,201,28426.32,
2026-09-11T20:22:27.686447+00:00,201,24622.24,
2026-09-11T20:22:33.412980+00:00,201,18993.51,
2026-09-11T20:22:33.412980+00:00,201,18990.64,
2026-09-11T20:22:33.396854+00:00,201,19012.66,
2026-09-11T20:22:33.396854+00:00,201,19012.03,
2026-09-11T20:22:33.428692+00:00,201,18996.00,
2026-09-11T20:22:33.444542+00:00,201,18980.99,
2026-09-11T20:22:33.476053+00:00,201,18951.76,
2026-09-11T20:22:33.497429+00:00,201,18935.52,
2026-09-11T20:22:33.507447+00:00,201,18922.72,
2026-09-11T20:22:33.507447+00:00,201,18929.08,
2026-09-11T20:22:33.507447+00:00,201,18919.98,
2026-09-11T20:22:33.497429+00:00,201,18944.73,
2026-09-11T20:22:33.497429+00:00,201,18940.19,
2026-09-11T20:22:33.542053+00:00,201,18904.23,
2026-09-11T20:22:33.523438+00:00,201,18920.40,
2026-09-11T20:22:33.523438+00:00,201,18917.24,
2026-09-11T20:22:33.523438+00:00,201,18924.42,
2026-09-11T20:22:33.555710+00:00,201,18896.64,
2026-09-11T20:22:33.542053+00:00,201,18904.21,
2026-09-11T20:22:33.539341+00:00,201,18915.00,
2026-09-11T20:22:33.542053+00:00,201,18913.18,
2026-09-11T20:22:33.523438+00:00,201,18927.31,
2026-09-11T20:22:33.570824+00:00,201,18878.15,
2026-09-11T20:22:33.558230+00:00,201,18892.97,
2026-09-11T20:22:33.558230+00:00,201,18896.75,
2026-09-11T20:22:33.570824+00:00,201,18886.09,
2026-09-11T20:22:33.586578+00:00,201,18880.27,
2026-09-11T20:22:33.570824+00:00,201,18886.42,
2026-09-11T20:22:33.586578+00:00,201,18875.81,
2026-09-11T20:22:33.586578+00:00,201,18879.43,
2026-09-11T20:22:33.602302+00:00,201,18862.40,
2026-09-11T20:22:33.586578+00:00,201,18878.68,
2026-09-11T20:22:33.602302+00:00,201,18861.17,
2026-09-11T20:22:33.570824+00:00,201,18902.62,
2026-09-11T20:22:33.618079+00:00,201,18854.33,
2026-09-11T20:22:33.618079+00:00,201,18854.26,
2026-09-11T20:22:33.602302+00:00,201,18864.84,
2026-09-11T20:22:33.634018+00:00,201,18847.01,
2026-09-11T20:22:33.618079+00:00,201,18857.26,
2026-09-11T20:22:33.634018+00:00,201,18842.28,
2026-09-11T20:22:33.665614+00:00,201,18820.61,
2026-09-11T20:22:33.634018+00:00,201,18851.33,
2026-09-11T20:22:33.618079+00:00,201,18858.70,
2026-09-11T20:22:33.634018+00:00,201,18858.77,
2026-09-11T20:22:33.649710+00:00,201,18841.80,
2026-09-11T20:22:33.634018+00:00,201,18852.60,
2026-09-11T20:22:33.658493+00:00,201,18834.34,
2026-09-11T20:22:33.681578+00:00,201,18810.91,
2026-09-11T20:22:33.681578+00:00,201,18814.00,
2026-09-11T20:22:33.681578+00:00,201,18818.68,
2026-09-11T20:22:33.681578+00:00,201,18809.36,
2026-09-11T20:22:33.712967+00:00,201,18788.69,
2026-09-11T20:22:33.665614+00:00,201,18830.09,
2026-09-11T20:22:33.699068+00:00,201,18805.85,
2026-09-11T20:22:33.665614+00:00,201,18831.65,
2026-09-11T20:22:33.665614+00:00,201,18830.42,
2026-09-11T20:22:33.681578+00:00,201,18816.47,
2026-09-11T20:22:33.681578+00:00,201,18816.38,
2026-09-11T20:22:33.699068+00:00,201,18816.82,
2026-09-11T20:22:33.712967+00:00,201,18789.09,
2026-09-11T20:22:33.699068+00:00,201,18815.84,
2026-09-11T20:22:33.728641+00:00,201,18777.99,
2026-09-11T20:22:33.728641+00:00,201,18790.99,
2026-09-11T20:22:33.728641+00:00,201,18786.41,
2026-09-11T20:22:33.712967+00:00,201,18802.59,
2026-09-11T20:22:33.728641+00:00,201,18792.16,
2026-09-11T20:22:33.744969+00:00,201,18782.83,
2026-09-11T20:22:33.728641+00:00,201,18789.37,
2026-09-11T20:22:33.744969+00:00,201,18783.38,
2026-09-11T20:22:33.728641+00:00,201,18800.96,
2026-09-11T20:22:33.728641+00:00,201,18795.59,
2026-09-11T20:22:33.758346+00:00,201,18778.49,
2026-09-11T20:22:33.751013+00:00,201,18782.21,
2026-09-11T20:22:33.758346+00:00,201,18780.71,
2026-09-11T20:22:33.775963+00:00,201,18765.37,
2026-09-11T20:22:33.775963+00:00,201,18759.88,
2026-09-11T20:22:33.760091+00:00,201,18784.35,
2026-09-11T20:22:33.775963+00:00,201,18761.05,
2026-09-11T20:22:33.775963+00:00,201,18769.32,
2026-09-11T20:22:33.760091+00:00,201,18782.67,
2026-09-11T20:22:33.775963+00:00,201,18768.71,
2026-09-11T20:22:33.791759+00:00,201,18749.29,
2026-09-11T20:22:33.791759+00:00,201,18762.37,
2026-09-11T20:22:33.791759+00:00,201,18761.68,
2026-09-11T20:22:33.791759+00:00,201,18757.67,
2026-09-11T20:22:33.760091+00:00,201,18784.90,
2026-09-11T20:22:33.807664+00:00,201,18750.14,
2026-09-11T20:22:33.807664+00:00,201,18752.93,
2026-09-11T20:22:33.807664+00:00,201,18747.50,
2026-09-11T20:22:33.807664+00:00,201,18753.44,
2026-09-11T20:22:33.838984+00:00,201,18733.74,
2026-09-11T20:22:33.838984+00:00,201,18728.10,
2026-09-11T20:22:33.858325+00:00,201,18718.31,
2026-09-11T20:22:33.823336+00:00,201,18754.29,
2026-09-11T20:22:33.838984+00:00,201,18738.89,
2026-09-11T20:22:33.858325+00:00,201,18724.86,
2026-09-11T20:22:33.823336+00:00,201,18750.80,
2026-09-11T20:22:33.870964+00:00,201,18717.31,
2026-09-11T20:22:33.838984+00:00,201,18744.27,
2026-09-11T20:22:33.858325+00:00,201,18731.46,
2026-09-11T20:22:33.858325+00:00,201,18729.96,
2026-09-11T20:22:33.886834+00:00,201,18707.61,
2026-09-11T20:22:33.899341+00:00,201,18700.28,
2026-09-11T20:22:33.870964+00:00,201,18722.57,
2026-09-11T20:22:33.870964+00:00,201,18719.95,
2026-09-11T20:22:33.858325+00:00,201,18735.39,
2026-09-11T20:22:33.902865+00:00,201,18700.07,
2026-09-11T20:22:33.902865+00:00,201,18698.72,
2026-09-11T20:22:33.902865+00:00,201,18698.36,
2026-09-11T20:22:33.912623+00:00,201,18694.24,
2026-09-11T20:22:33.942829+00:00,201,18663.08,
2026-09-11T20:22:33.918670+00:00,201,18685.89,
2026-09-11T20:22:33.942829+00:00,201,18670.27,
2026-09-11T20:22:33.981842+00:00,201,18634.28,
2026-09-11T20:22:33.966094+00:00,201,18646.22,
2026-09-11T20:22:33.934525+00:00,201,18681.35,
2026-09-11T20:22:33.918670+00:00,201,18689.77,
2026-09-11T20:22:33.954954+00:00,201,18667.45,
2026-09-11T20:22:33.958330+00:00,201,18660.90,
2026-09-11T20:22:33.993975+00:00,201,18630.97,
2026-09-11T20:22:33.966094+00:00,201,18653.55,
2026-09-11T20:22:33.997657+00:00,201,18631.30,
2026-09-11T20:22:33.997657+00:00,201,18620.49,
2026-09-11T20:22:34.017662+00:00,201,18611.01,
2026-09-11T20:22:34.015986+00:00,201,18617.90,
2026-09-11T20:22:34.017662+00:00,201,18617.98,
2026-09-11T20:22:34.017662+00:00,201,18614.02,
2026-09-11T20:22:34.029512+00:00,201,18609.06,
2026-09-11T20:22:34.029512+00:00,201,18606.68,
2026-09-11T20:22:34.017662+00:00,201,18617.18,
2026-09-11T20:22:34.029512+00:00,201,18606.84,
2026-09-11T20:22:34.029512+00:00,201,18612.13,
2026-09-11T20:22:34.061311+00:00,201,18577.67,
2026-09-11T20:22:34.058286+00:00,201,18587.98,
2026-09-11T20:22:34.029512+00:00,201,18612.00,
2026-09-11T20:22:34.045324+00:00,201,18599.15,
2026-09-11T20:22:34.029512+00:00,201,18611.09,
2026-09-11T20:22:34.061311+00:00,201,18586.30,
2026-09-11T20:22:34.061311+00:00,201,18581.31,
2026-09-11T20:22:34.093121+00:00,201,18561.90,
2026-09-11T20:22:34.061311+00:00,201,18586.66,
2026-09-11T20:22:34.045324+00:00,201,18602.52,
2026-09-11T20:22:34.077073+00:00,201,18582.78,
2026-09-11T20:22:34.077073+00:00,201,18582.70,
2026-09-11T20:22:34.061311+00:00,201,18591.12,
2026-09-11T20:22:34.100823+00:00,201,18563.26,
2026-09-11T20:22:34.077073+00:00,201,18581.15,
2026-09-11T20:22:34.109033+00:00,201,18558.55,
2026-09-11T20:22:34.100823+00:00,201,18564.65,
2026-09-11T20:22:34.109033+00:00,201,18556.63,
2026-09-11T20:22:34.100823+00:00,201,18566.15,
2026-09-11T20:22:34.124946+00:00,201,18544.39,
2026-09-11T20:22:34.109033+00:00,201,18552.83,
2026-09-11T20:22:34.109033+00:00,201,18569.04,
2026-09-11T20:22:34.109033+00:00,201,18560.46,
2026-09-11T20:22:34.124946+00:00,201,18549.41,
2026-09-11T20:22:34.124946+00:00,201,18546.33,
2026-09-11T20:22:34.143373+00:00,201,18531.00,
2026-09-11T20:22:34.143373+00:00,201,18543.07,
2026-09-11T20:22:34.158155+00:00,201,18522.61,
2026-09-11T20:22:34.172283+00:00,201,18508.27,
2026-09-11T20:22:34.140864+00:00,201,18551.53,
2026-09-11T20:22:34.157143+00:00,201,18535.77,
2026-09-11T20:22:34.172283+00:00,201,18518.66,
2026-09-11T20:22:34.172283+00:00,201,18516.94,
2026-09-11T20:22:34.143373+00:00,201,18541.87,
2026-09-11T20:22:34.158155+00:00,201,18540.79,
2026-09-11T20:22:34.172283+00:00,201,18520.71,
2026-09-11T20:22:25.619722+00:00,201,27075.28,
2026-09-11T20:22:34.172283+00:00,201,18520.85,
2026-09-11T20:22:25.070311+00:00,201,27629.64,
2026-09-11T20:22:24.109693+00:00,201,28597.68,
2026-09-11T20:22:23.358882+00:00,201,29349.87,
2026-09-11T20:22:34.172283+00:00,201,18524.93,
2026-09-11T20:22:34.187970+00:00,201,18523.40,
2026-09-11T20:22:34.158155+00:00,201,18544.00,
2026-09-11T20:22:34.187970+00:00,201,18521.31,
2026-09-11T20:22:34.172283+00:00,201,18538.58,
2026-09-11T20:22:34.172283+00:00,201,18542.88,
2026-09-11T20:22:34.158155+00:00,201,18548.49,
2026-09-11T20:22:28.654611+00:00,201,24063.84,
2026-09-11T20:22:34.158155+00:00,201,18549.99,
2026-09-11T20:22:27.504185+00:00,201,25209.05,
2026-09-11T20:22:34.203788+00:00,201,18515.58,
2026-09-11T20:22:31.035104+00:00,201,21685.98,
2026-09-11T20:22:23.773386+00:00,201,28951.44,
2026-09-11T20:22:34.203788+00:00,201,18519.04,
2026-09-11T20:22:34.474209+00:00,201,18249.65,
2026-09-11T20:22:23.784448+00:00,201,28937.29,
2026-09-11T20:22:32.633573+00:00,201,20088.52,
2026-09-11T20:22:32.617909+00:00,201,20106.06,
2026-09-11T20:22:29.690709+00:00,201,23045.66,
2026-09-11T20:22:31.338352+00:00,201,21393.69,
2026-09-11T20:22:32.857700+00:00,201,19887.30,
2026-09-11T20:22:32.657664+00:00,201,20089.09,
2026-09-11T20:22:32.713280+00:00,201,20031.44,
2026-09-11T20:22:32.760618+00:00,201,19986.24,
2026-09-11T20:22:30.338953+00:00,201,22408.45,
2026-09-11T20:22:32.824159+00:00,201,19929.51,
2026-09-11T20:22:32.776309+00:00,201,19972.68,
2026-09-11T20:22:27.631171+00:00,201,25119.06,
2026-09-11T20:22:30.400513+00:00,201,22344.95,
2026-09-11T20:22:23.376980+00:00,201,29381.96,
2026-09-11T20:22:33.094962+00:00,201,19654.39,
2026-09-11T20:22:23.393299+00:00,201,29364.78,
2026-09-11T20:22:25.659273+00:00,201,27107.67,
2026-09-11T20:22:34.617372+00:00,201,18147.02,
2026-09-11T20:22:24.143902+00:00,201,28625.55,
2026-09-11T20:22:32.734686+00:00,201,20037.53,
2026-09-11T20:22:32.697309+00:00,201,20072.37,
2026-09-11T20:22:30.087918+00:00,201,22685.35,
2026-09-11T20:22:32.713280+00:00,201,20048.72,
2026-09-11T20:22:34.759254+00:00,201,18019.07,
2026-09-11T20:22:32.903351+00:00,201,19866.88,
2026-09-11T20:22:32.697309+00:00,201,20080.42,
2026-09-11T20:22:33.078820+00:00,201,19698.45,
2026-09-11T20:22:32.661698+00:00,201,20124.80,
2026-09-11T20:22:32.776309+00:00,201,20000.27,
2026-09-11T20:22:25.690525+00:00,201,27100.88,
2026-09-11T20:22:32.633573+00:00,201,20153.83,
2026-09-11T20:22:23.833409+00:00,201,28954.64,
2026-09-11T20:22:33.052546+00:00,201,19740.42,
2026-09-11T20:22:33.094962+00:00,201,19700.63,
2026-09-11T20:22:36.813306+00:00,201,15984.12,
2026-09-11T20:22:33.110844+00:00,201,19682.62,
2026-09-11T20:22:25.776908+00:00,201,27025.57,
2026-09-11T20:22:32.046951+00:00,201,20914.85,
2026-09-11T20:22:23.199164+00:00,201,29763.44,
2026-09-11T20:22:33.451756+00:00,201,19525.74,
2026-09-11T20:22:33.476053+00:00,201,19499.69,
2026-09-11T20:22:33.507447+00:00,201,19480.28,
2026-09-11T20:22:33.507447+00:00,201,19487.06,
2026-09-11T20:22:33.497429+00:00,201,19506.14,
2026-09-11T20:22:33.507447+00:00,201,19496.55,
2026-09-11T20:22:33.523438+00:00,201,19476.22,
2026-09-11T20:22:33.523438+00:00,201,19484.38,
2026-09-11T20:22:33.542053+00:00,201,19474.82,
2026-09-11T20:22:33.542053+00:00,201,19486.88,
2026-09-11T20:22:33.558230+00:00,201,19485.65,
2026-09-11T20:22:33.558230+00:00,201,19494.70,
2026-09-11T20:22:33.558230+00:00,201,19493.71,
2026-09-11T20:22:33.570824+00:00,201,19497.94,
2026-09-11T20:22:33.586578+00:00,201,19491.78,
2026-09-11T20:22:33.586578+00:00,201,19501.64,
2026-09-11T20:22:33.618079+00:00,201,19477.47,
2026-09-11T20:22:33.597761+00:00,201,19502.00,
2026-09-11T20:22:33.634018+00:00,201,19463.35,
2026-09-11T20:22:33.658493+00:00,201,19454.69,
2026-09-11T20:22:33.665614+00:00,201,19456.98,
2026-09-11T20:22:33.712967+00:00,201,19415.88,
2026-09-11T20:22:33.699068+00:00,201,19430.21,
2026-09-11T20:22:33.712967+00:00,201,19418.25,
2026-09-11T20:22:33.712967+00:00,201,19429.46,
2026-09-11T20:22:33.744969+00:00,201,19405.95,
2026-09-11T20:22:33.749457+00:00,201,19404.89,
2026-09-11T20:22:33.728641+00:00,201,19421.23,
2026-09-11T20:22:33.760091+00:00,201,19389.76,
2026-09-11T20:22:33.751013+00:00,201,19412.42,
2026-09-11T20:22:33.775963+00:00,201,19389.97,
2026-09-11T20:22:33.791759+00:00,201,19391.78,
2026-09-11T20:22:33.791759+00:00,201,19382.93,
2026-09-11T20:22:33.791759+00:00,201,19396.23,
2026-09-11T20:22:33.823336+00:00,201,19370.81,
2026-09-11T20:22:33.775963+00:00,201,19412.93,
2026-09-11T20:22:33.807664+00:00,201,19379.42,
2026-09-11T20:22:33.838984+00:00,201,19351.09,
2026-09-11T20:22:33.838984+00:00,201,19367.12,
2026-09-11T20:22:33.870964+00:00,201,19336.60,
2026-09-11T20:22:33.870964+00:00,201,19344.82,
2026-09-11T20:22:33.886834+00:00,201,19325.94,
2026-09-11T20:22:33.886834+00:00,201,19355.37,
2026-09-11T20:22:33.942829+00:00,201,19316.27,
2026-09-11T20:22:33.966094+00:00,201,19286.58,
2026-09-11T20:22:33.966094+00:00,201,19287.33,
2026-09-11T20:22:33.997657+00:00,201,19267.47,
2026-09-11T20:22:34.045324+00:00,201,19227.90,
2026-09-11T20:22:34.029512+00:00,201,19245.59,
2026-09-11T20:22:34.029512+00:00,201,19259.45,
2026-09-11T20:22:34.093121+00:00,201,19213.13,
2026-09-11T20:22:34.061311+00:00,201,19253.80,
2026-09-11T20:22:34.061311+00:00,201,19252.32,
2026-09-11T20:22:34.100823+00:00,201,19216.11,
2026-09-11T20:22:34.109033+00:00,201,19202.55,
2026-09-11T20:22:34.124946+00:00,201,19196.20,
2026-09-11T20:22:34.124946+00:00,201,19209.31,
2026-09-11T20:22:34.124946+00:00,201,19201.02,
2026-09-11T20:22:34.158155+00:00,201,19177.43,
2026-09-11T20:22:34.158155+00:00,201,19180.32,
2026-09-11T20:22:34.203788+00:00,201,19144.91,
2026-09-11T20:22:31.161953+00:00,201,22190.02,
2026-09-11T20:22:29.342112+00:00,201,24006.80,
2026-09-11T20:22:34.203788+00:00,201,19143.11,
2026-09-11T20:22:34.394504+00:00,201,18957.86,
2026-09-11T20:22:34.506315+00:00,201,18852.49,
2026-09-11T20:22:32.776309+00:00,201,20589.43,
2026-09-11T20:22:32.649246+00:00,201,20718.16,
2026-09-11T20:22:32.808337+00:00,201,20564.01,
2026-09-11T20:22:25.152783+00:00,201,28223.53,
2026-09-11T20:22:32.826803+00:00,201,20544.67,
2026-09-11T20:22:32.649246+00:00,201,20729.22,
2026-09-11T20:22:32.826803+00:00,201,20558.23,
2026-09-11T20:22:32.633573+00:00,201,20756.97,
2026-09-11T20:22:32.633573+00:00,201,20774.58,
2026-09-11T20:22:28.499621+00:00,201,24903.62,
2026-09-11T20:22:33.110844+00:00,201,20311.13,
2026-09-11T20:22:23.171785+00:00,201,30260.94,
2026-09-11T20:22:24.197419+00:00,201,29237.96,
2026-09-11T20:22:25.177228+00:00,201,28254.78,
2026-09-11T20:22:35.185293+00:00,201,18249.25,
2026-09-11T20:22:35.215177+00:00,201,18223.00,
2026-09-11T20:22:35.199138+00:00,201,18232.05,
2026-09-11T20:22:30.432075+00:00,201,23007.36,
2026-09-11T20:22:35.199138+00:00,201,18239.16,
2026-09-11T20:22:35.199138+00:00,201,18245.04,
2026-09-11T20:22:29.802039+00:00,201,23641.56,
2026-09-11T20:22:35.935254+00:00,201,17513.54,
2026-09-11T20:22:30.456290+00:00,201,22990.44,
2026-09-11T20:22:24.213324+00:00,201,29236.38,
2026-09-11T20:22:25.202736+00:00,201,28243.59,
2026-09-11T20:22:23.252700+00:00,201,30199.44,
2026-09-11T20:22:23.883308+00:00,201,29561.82,
2026-09-11T20:22:25.813003+00:00,201,27633.70,
2026-09-11T20:22:27.734175+00:00,201,25723.64,
2026-09-11T20:22:29.817734+00:00,201,23626.00,
2026-09-11T20:22:35.367668+00:00,201,18092.12,
2026-09-11T20:22:33.198303+00:00,201,20261.41,
2026-09-11T20:22:27.772729+00:00,201,25681.36,
2026-09-11T20:22:25.854535+00:00,201,27610.30,
2026-09-11T20:22:23.899831+00:00,201,29558.58,
2026-09-11T20:22:23.218313+00:00,201,30243.42,
2026-09-11T20:22:25.226225+00:00,201,28232.49,
2026-09-11T20:22:29.855828+00:00,201,23609.27,
2026-09-11T20:22:23.229617+00:00,201,30241.94,
2026-09-11T20:22:24.230999+00:00,201,29240.38,
2026-09-11T20:22:30.482091+00:00,201,22983.18,
2026-09-11T20:22:33.110844+00:00,201,20353.10,
2026-09-11T20:22:25.256261+00:00,201,28210.47,
2026-09-11T20:22:36.244228+00:00,201,17234.07,
2026-09-11T20:22:25.896701+00:00,201,27582.67,
2026-09-11T20:22:23.296396+00:00,201,30174.71,
2026-09-11T20:22:30.510956+00:00,201,22956.66,
2026-09-11T20:22:23.488725+00:00,201,29987.00,
2026-09-11T20:22:29.881200+00:00,201,23595.90,
2026-09-11T20:22:24.038270+00:00,201,29439.35,
2026-09-11T20:22:30.605793+00:00,201,22877.05,
2026-09-11T20:22:27.804939+00:00,201,25682.55,
2026-09-11T20:22:33.126851+00:00,201,20359.58,
2026-09-11T20:22:26.014200+00:00,201,27471.58,
2026-09-11T20:22:33.143037+00:00,201,20346.80,
2026-09-11T20:22:23.150994+00:00,201,30340.06,
2026-09-11T20:22:23.277915+00:00,201,30203.85,
2026-09-11T20:22:29.960262+00:00,201,23523.67,
2026-09-11T20:22:30.558370+00:00,201,22935.56,
2026-09-11T20:22:23.319048+00:00,201,30177.38,
2026-09-11T20:22:33.126851+00:00,201,20364.44,
2026-09-11T20:22:25.935755+00:00,201,27561.32,
2026-09-11T20:22:29.912754+00:00,201,23586.65,
2026-09-11T20:22:33.143037+00:00,201,20349.28,
2026-09-11T20:22:26.052755+00:00,201,27453.25,
2026-09-11T20:22:25.292894+00:00,201,28214.75,
2026-09-11T20:22:29.991804+00:00,201,23508.77,
2026-09-11T20:22:24.945711+00:00,201,28568.05,
2026-09-11T20:22:23.451821+00:00,201,30053.33,
2026-09-11T20:22:23.550931+00:00,201,29961.87,
2026-09-11T20:22:30.621706+00:00,201,22892.04,
2026-09-11T20:22:25.319309+00:00,201,28205.77,
2026-09-11T20:22:24.293342+00:00,201,29228.80,
2026-09-11T20:22:23.435770+00:00,201,30090.82,
2026-09-11T20:22:23.277915+00:00,201,30247.28,
2026-09-11T20:22:29.945134+00:00,201,23588.72,
2026-09-11T20:22:30.656216+00:00,201,22877.61,
2026-09-11T20:22:30.574337+00:00,201,22951.40,
2026-09-11T20:22:26.086900+00:00,201,27450.94,
2026-09-11T20:22:25.982352+00:00,201,27556.32,
2026-09-11T20:22:33.168680+00:00,201,20367.93,
2026-09-11T20:22:24.310667+00:00,201,29223.79,
2026-09-11T20:22:23.325027+00:00,201,30212.80,
2026-09-11T20:22:33.141478+00:00,201,20403.40,
2026-09-11T20:22:23.532125+00:00,201,30009.77,
2026-09-11T20:22:30.038780+00:00,201,23499.45,
2026-09-11T20:22:26.188379+00:00,201,27356.47,
2026-09-11T20:22:23.311166+00:00,201,30237.46,
2026-09-11T20:22:30.737719+00:00,201,22811.30,
2026-09-11T20:22:24.373110+00:00,201,29180.43,
2026-09-11T20:22:33.184065+00:00,201,20367.93,
2026-09-11T20:22:24.967100+00:00,201,28586.31,
2026-09-11T20:22:36.820227+00:00,201,16737.87,
2026-09-11T20:22:37.139225+00:00,201,16419.50,
2026-09-11T20:22:23.550931+00:00,201,30009.46,
2026-09-11T20:22:33.069550+00:00,201,20491.28,
2026-09-11T20:22:26.222546+00:00,201,27334.97,
2026-09-11T20:22:30.764732+00:00,201,22796.51,
2026-09-11T20:22:24.336454+00:00,201,29229.42,
2026-09-11T20:22:24.025650+00:00,201,29536.44,
2026-09-11T20:22:24.391293+00:00,201,29176.83,
2026-09-11T20:22:24.410559+00:00,201,29159.00,
2026-09-11T20:22:30.812433+00:00,201,22757.67,
2026-09-11T20:22:30.780424+00:00,201,22781.76,
2026-09-11T20:22:24.426935+00:00,201,29143.21,
2026-09-11T20:22:26.264246+00:00,201,27311.41,
2026-09-11T20:22:33.078820+00:00,201,20485.01,
2026-09-11T20:22:26.111940+00:00,201,27455.29,
2026-09-11T20:22:26.299236+00:00,201,27281.08,
2026-09-11T20:22:33.094962+00:00,201,20480.44,
2026-09-11T20:22:37.240832+00:00,201,16342.49,
2026-09-11T20:22:23.980272+00:00,201,29602.31,
2026-09-11T20:22:33.094962+00:00,201,20480.07,
2026-09-11T20:22:24.454777+00:00,201,29131.77,
2026-09-11T20:22:26.331851+00:00,201,27254.72,
2026-09-11T20:22:30.856444+00:00,201,22732.21,
2026-09-11T20:22:30.828550+00:00,201,22755.49,
2026-09-11T20:22:24.465318+00:00,201,29115.14,
2026-09-11T20:22:23.188147+00:00,201,30406.07,
2026-09-11T20:22:30.681788+00:00,201,22913.33,
2026-09-11T20:22:33.110844+00:00,201,20471.33,
2026-09-11T20:22:33.143037+00:00,201,20448.81,
2026-09-11T20:22:26.364098+00:00,201,27232.16,
2026-09-11T20:22:24.495796+00:00,201,29100.46,
2026-09-11T20:22:33.174333+00:00,201,20425.43,
2026-09-11T20:22:24.520776+00:00,201,29079.85,
2026-09-11T20:22:26.394685+00:00,201,27203.62,
2026-09-11T20:22:37.357335+00:00,201,16249.38,
2026-09-11T20:22:33.158483+00:00,201,20448.70,
2026-09-11T20:22:24.352350+00:00,201,29254.87,
2026-09-11T20:22:26.432698+00:00,201,27174.90,
2026-09-11T20:22:26.467416+00:00,201,27141.42,
2026-09-11T20:22:24.006644+00:00,201,29598.97,
2026-09-11T20:22:24.543629+00:00,201,29066.93,
2026-09-11T20:22:33.162498+00:00,201,20452.36,
2026-09-11T20:22:26.506765+00:00,201,27111.37,
2026-09-11T20:22:37.441493+00:00,201,16177.94,
2026-09-11T20:22:26.156656+00:00,201,27462.74,
2026-09-11T20:22:24.564906+00:00,201,29050.60,
2026-09-11T20:22:33.069550+00:00,201,20548.74,
2026-09-11T20:22:24.060956+00:00,201,29563.57,
2026-09-11T20:22:24.590320+00:00,201,29032.65,
2026-09-11T20:22:26.539247+00:00,201,27085.91,
2026-09-11T20:22:33.168680+00:00,201,20460.41,
2026-09-11T20:22:30.707481+00:00,201,22920.88,
2026-09-11T20:22:33.193407+00:00,201,20438.07,
2026-09-11T20:22:26.577450+00:00,201,27056.05,
2026-09-11T20:22:26.611171+00:00,201,27022.42,
2026-09-11T20:22:24.609033+00:00,201,29017.91,
2026-09-11T20:22:24.638714+00:00,201,28995.15,
2026-09-11T20:22:24.670405+00:00,201,28968.64,
2026-09-11T20:22:33.179264+00:00,201,20457.45,
2026-09-11T20:22:26.637888+00:00,201,26994.10,
2026-09-11T20:22:26.681720+00:00,201,26959.10,
2026-09-11T20:22:24.690944+00:00,201,28950.93,
2026-09-11T20:22:37.566971+00:00,201,16078.02,
2026-09-11T20:22:37.640904+00:00,201,16006.89,
2026-09-11T20:22:24.718275+00:00,201,28924.59,
2026-09-11T20:22:26.722828+00:00,201,26926.82,
2026-09-11T20:22:26.762798+00:00,201,26887.68,
2026-09-11T20:22:24.801401+00:00,201,28851.43,
2026-09-11T20:22:24.749876+00:00,201,28892.45,
2026-09-11T20:22:26.800822+00:00,201,26853.65,
2026-09-11T20:22:26.846110+00:00,201,26807.44,
2026-09-11T20:22:24.829011+00:00,201,28827.40,
2026-09-11T20:22:23.296396+00:00,201,30361.76,
2026-09-11T20:22:37.709454+00:00,201,15952.12,
2026-09-11T20:22:26.928315+00:00,201,26733.69,
2026-09-11T20:22:23.449299+00:00,201,30212.90,
2026-09-11T20:22:26.889287+00:00,201,26775.33,
2026-09-11T20:22:23.229617+00:00,201,30431.82,
2026-09-11T20:22:23.509028+00:00,201,30153.77,
2026-09-11T20:22:37.765291+00:00,201,15904.63,
2026-09-11T20:22:26.970099+00:00,201,26695.79,
2026-09-11T20:22:33.207955+00:00,201,20464.35,
2026-09-11T20:22:27.472473+00:00,201,26199.18,
2026-09-11T20:22:27.016696+00:00,201,26659.22,
2026-09-11T20:22:27.062285+00:00,201,26610.53,
2026-09-11T20:22:27.113626+00:00,201,26558.89,
2026-09-11T20:22:37.825372+00:00,201,15854.03,
2026-09-11T20:22:28.611691+00:00,201,25062.72,
2026-09-11T20:22:27.173359+00:00,201,26509.08,
2026-09-11T20:22:27.207042+00:00,201,26466.27,
2026-09-11T20:22:33.230134+00:00,201,20452.60,
2026-09-11T20:22:27.264680+00:00,201,26422.35,
2026-09-11T20:22:33.248851+00:00,201,20438.60,
2026-09-11T20:22:29.611521+00:00,201,24172.51,
2026-09-11T20:22:27.425130+00:00,201,26350.54,
2026-09-11T20:22:33.412980+00:00,201,20372.00,
2026-09-11T20:22:33.412980+00:00,201,20371.92,
2026-09-11T20:22:33.454850+00:00,201,20342.35,
2026-09-11T20:22:33.428692+00:00,201,20363.49,
2026-09-11T20:22:33.460363+00:00,201,20332.85,
2026-09-11T20:22:33.476053+00:00,201,20315.55,
2026-09-11T20:22:33.507447+00:00,201,20290.62,
2026-09-11T20:22:33.491798+00:00,201,20315.13,
2026-09-11T20:22:33.507447+00:00,201,20289.24,
2026-09-11T20:22:33.491798+00:00,201,20316.34,
2026-09-11T20:22:33.507447+00:00,201,20299.87,
2026-09-11T20:22:33.476053+00:00,201,20326.80,
2026-09-11T20:22:33.542053+00:00,201,20267.59,
2026-09-11T20:22:33.542053+00:00,201,20271.36,
2026-09-11T20:22:33.542053+00:00,201,20280.22,
2026-09-11T20:22:33.602302+00:00,201,20228.41,
2026-09-11T20:22:33.586578+00:00,201,20239.03,
2026-09-11T20:22:33.602302+00:00,201,20235.63,
2026-09-11T20:22:33.665614+00:00,201,20179.28,
2026-09-11T20:22:33.751013+00:00,201,20110.88,
2026-09-11T20:22:33.807664+00:00,201,20086.10,
2026-09-11T20:22:33.838984+00:00,201,20060.52,
2026-09-11T20:22:33.912623+00:00,201,20006.35,
2026-09-11T20:22:33.966094+00:00,201,19964.55,
2026-09-11T20:22:33.966094+00:00,201,19967.89,
2026-09-11T20:22:33.997657+00:00,201,19935.22,
2026-09-11T20:22:34.099219+00:00,201,19863.52,
2026-09-11T20:22:34.093121+00:00,201,19867.57,
2026-09-11T20:22:34.124946+00:00,201,19841.76,
2026-09-11T20:22:28.691067+00:00,201,25294.07,
2026-09-11T20:22:32.887356+00:00,201,21112.84,
2026-09-11T20:22:28.782422+00:00,201,25225.05,
2026-09-11T20:22:30.369111+00:00,201,23637.41,
2026-09-11T20:22:24.159044+00:00,201,29860.21,
2026-09-11T20:22:32.808337+00:00,201,21215.04,
2026-09-11T20:22:33.253463+00:00,201,20785.84,
2026-09-11T20:22:27.300959+00:00,201,26737.85,
2026-09-11T20:22:37.899779+00:00,201,16151.78,
2026-09-11T20:22:33.261410+00:00,201,20791.91,
2026-09-11T20:22:33.262934+00:00,201,20789.59,
2026-09-11T20:22:33.258390+00:00,201,20796.97,
2026-09-11T20:22:33.277172+00:00,201,20779.73,
2026-09-11T20:22:33.277172+00:00,201,20779.34,
2026-09-11T20:22:31.098696+00:00,201,22951.10,
2026-09-11T20:22:37.945061+00:00,201,16112.93,
2026-09-11T20:22:33.285559+00:00,201,20776.82,
2026-09-11T20:22:31.114452+00:00,201,22950.16,
2026-09-11T20:22:33.285559+00:00,201,20785.61,
2026-09-11T20:22:37.997526+00:00,201,16076.30,
2026-09-11T20:22:33.285559+00:00,201,20783.34,
2026-09-11T20:22:31.209691+00:00,201,22866.68,
2026-09-11T20:22:31.177916+00:00,201,22897.08,
2026-09-11T20:22:33.295936+00:00,201,20784.42,
2026-09-11T20:22:31.177916+00:00,201,22893.47,
2026-09-11T20:22:38.038017+00:00,201,16049.68,
2026-09-11T20:22:31.259312+00:00,201,22830.78,
2026-09-11T20:22:31.225780+00:00,201,22859.52,
2026-09-11T20:22:31.288336+00:00,201,22792.32,
2026-09-11T20:22:31.304417+00:00,201,22790.10,
2026-09-11T20:22:33.365097+00:00,201,20732.11,
2026-09-11T20:22:33.365097+00:00,201,20739.86,
2026-09-11T20:22:31.304417+00:00,201,22797.91,
2026-09-11T20:22:31.320429+00:00,201,22781.15,
2026-09-11T20:22:38.088417+00:00,201,16025.80,
2026-09-11T20:22:33.365097+00:00,201,20744.80,
2026-09-11T20:22:33.365097+00:00,201,20745.00,
2026-09-11T20:22:33.365097+00:00,201,20742.85,
2026-09-11T20:22:33.365097+00:00,201,20746.48,
2026-09-11T20:22:33.365097+00:00,201,20747.16,
2026-09-11T20:22:33.365097+00:00,201,20745.46,
2026-09-11T20:22:38.138692+00:00,201,15986.52,
2026-09-11T20:22:33.380837+00:00,201,20741.87,
2026-09-11T20:22:33.380837+00:00,201,20747.11,
2026-09-11T20:22:33.380837+00:00,201,20743.21,
2026-09-11T20:22:38.185895+00:00,201,15946.61,
2026-09-11T20:22:33.380837+00:00,201,20738.93,
2026-09-11T20:22:38.231709+00:00,201,15904.90,
2026-09-11T20:22:33.380837+00:00,201,20749.72,
2026-09-11T20:22:33.380837+00:00,201,20748.85,
2026-09-11T20:22:33.380837+00:00,201,20747.91,
2026-09-11T20:22:33.396854+00:00,201,20741.62,
2026-09-11T20:22:33.396854+00:00,201,20749.63,
2026-09-11T20:22:33.396854+00:00,201,20750.80,
2026-09-11T20:22:38.281100+00:00,201,15870.28,
2026-09-11T20:22:33.396854+00:00,201,20754.32,
2026-09-11T20:22:25.596920+00:00,201,28558.42,
2026-09-11T20:22:33.212727+00:00,201,20938.20,
2026-09-11T20:22:33.221912+00:00,201,20937.64,
2026-09-11T20:22:29.292776+00:00,201,24871.85,
2026-09-11T20:22:28.436666+00:00,201,25723.30,
2026-09-11T20:22:38.322726+00:00,201,15846.51,
2026-09-11T20:22:29.516119+00:00,201,24644.82,
2026-09-11T20:22:33.271598+00:00,201,20900.02,
2026-09-11T20:22:29.627568+00:00,201,24536.96,
2026-09-11T20:22:30.282096+00:00,201,23897.60,
2026-09-11T20:22:33.277172+00:00,201,20900.48,
2026-09-11T20:22:33.271598+00:00,201,20914.85,
2026-09-11T20:22:38.379394+00:00,201,15810.20,
2026-09-11T20:22:31.194007+00:00,201,22999.46,
2026-09-11T20:22:31.272428+00:00,201,22917.61,
2026-09-11T20:22:31.241438+00:00,201,22960.76,
2026-09-11T20:22:33.331340+00:00,201,20875.16,
2026-09-11T20:22:38.431998+00:00,201,15776.36,
2026-09-11T20:22:31.320429+00:00,201,22889.34,
2026-09-11T20:22:31.241438+00:00,201,22960.00,
2026-09-11T20:22:33.358343+00:00,201,20854.17,
2026-09-11T20:22:38.460895+00:00,201,15757.01,
2026-09-11T20:22:33.358343+00:00,201,20857.26,
2026-09-11T20:22:31.320429+00:00,201,22894.96,
2026-09-11T20:22:31.338352+00:00,201,22881.73,
2026-09-11T20:22:33.365097+00:00,201,20847.62,
2026-09-11T20:22:33.365097+00:00,201,20860.50,
2026-09-11T20:22:38.498821+00:00,201,15731.73,
2026-09-11T20:22:33.380837+00:00,201,20850.97,
2026-09-11T20:22:33.365097+00:00,201,20859.50,
2026-09-11T20:22:33.380837+00:00,201,20854.75,
2026-09-11T20:22:33.396854+00:00,201,20837.32,
2026-09-11T20:22:33.380837+00:00,201,20850.97,
2026-09-11T20:22:33.380837+00:00,201,20856.02,
2026-09-11T20:22:33.253463+00:00,201,20994.06,
2026-09-11T20:22:31.161953+00:00,201,23077.92,
2026-09-11T20:22:25.049943+00:00,201,29200.19,
2026-09-11T20:22:33.262934+00:00,201,20982.68,
2026-09-11T20:22:33.301363+00:00,201,20950.74,
2026-09-11T20:22:38.534831+00:00,201,15713.18,
2026-09-11T20:22:33.335356+00:00,201,20916.78,
2026-09-11T20:22:33.305249+00:00,201,20946.13,
2026-09-11T20:22:31.261038+00:00,201,22986.89,
2026-09-11T20:22:38.571699+00:00,201,15687.80,
2026-09-11T20:22:33.365097+00:00,201,20881.66,
2026-09-11T20:22:33.365097+00:00,201,20897.19,
2026-09-11T20:22:33.363350+00:00,201,20900.09,
2026-09-11T20:22:33.349993+00:00,201,20909.25,
2026-09-11T20:22:38.618044+00:00,201,15649.36,
2026-09-11T20:22:33.380837+00:00,201,20882.81,
2026-09-11T20:22:33.396854+00:00,201,20869.51,
2026-09-11T20:22:31.288336+00:00,201,22979.00,
2026-09-11T20:22:38.653966+00:00,201,15619.39,
2026-09-11T20:22:38.671064+00:00,201,15603.86,
2026-09-11T20:22:38.709068+00:00,201,15567.43,
2026-09-11T20:22:38.736471+00:00,201,15543.29,
2026-09-11T20:22:38.819352+00:00,201,15463.61,
2026-09-11T20:22:38.777947+00:00,201,15510.50,
2026-09-11T20:22:38.858247+00:00,201,15432.84,
2026-09-11T20:22:38.909189+00:00,201,15384.56,
2026-09-11T20:22:38.941511+00:00,201,15354.25,
2026-09-11T20:22:39.027479+00:00,201,15269.83,
2026-09-11T20:22:38.988291+00:00,201,15310.82,
2026-09-11T20:22:39.123517+00:00,201,15176.83,
2026-09-11T20:22:39.075912+00:00,201,15225.45,
2026-09-11T20:22:39.170885+00:00,201,15132.66,
2026-09-11T20:22:39.217510+00:00,201,15087.68,
2026-09-11T20:22:39.264241+00:00,201,15042.38,
2026-09-11T20:22:39.311313+00:00,201,14996.60,
2026-09-11T20:22:39.403001+00:00,201,14906.58,
2026-09-11T20:22:39.360517+00:00,201,14950.50,
2026-09-11T20:22:39.446203+00:00,201,14866.15,
2026-09-11T20:22:39.475064+00:00,201,14838.71,
2026-09-11T20:22:39.591364+00:00,201,14723.68,
2026-09-11T20:22:39.502493+00:00,201,14813.99,
2026-09-11T20:22:39.544171+00:00,201,14773.63,
2026-09-11T20:22:39.636218+00:00,201,14683.00,
2026-09-11T20:22:39.685863+00:00,201,14635.09,
2026-09-11T20:22:39.727471+00:00,201,14595.17,
2026-09-11T20:22:39.752506+00:00,201,14571.67,
2026-09-11T20:22:39.801108+00:00,201,14524.31,
2026-09-11T20:22:39.870706+00:00,201,14456.32,
2026-09-11T20:22:39.828014+00:00,201,14500.26,
2026-09-11T20:22:39.912054+00:00,201,14417.85,
2026-09-11T20:22:39.941423+00:00,201,14389.54,
2026-09-11T20:22:39.982615+00:00,201,14349.50,
2026-09-11T20:22:40.049663+00:00,201,14284.08,
2026-09-11T20:22:40.024427+00:00,201,14311.47,
2026-09-11T20:22:40.186599+00:00,201,14151.35,
2026-09-11T20:22:40.094952+00:00,201,14244.88,
2026-09-11T20:22:40.229203+00:00,201,14112.34,
2026-09-11T20:22:40.261557+00:00,201,14081.82,
2026-09-11T20:22:40.141754+00:00,201,14203.48,
2026-09-11T20:22:40.307732+00:00,201,14039.49,
2026-09-11T20:22:40.382408+00:00,201,13966.51,
2026-09-11T20:22:40.336256+00:00,201,14014.96,
2026-09-11T20:22:40.371831+00:00,201,13981.31,
2026-09-11T20:22:40.389185+00:00,201,13965.65,
2026-09-11T20:22:40.405983+00:00,201,13951.14,
2026-09-11T20:22:40.396333+00:00,201,13962.96,
2026-09-11T20:22:40.364184+00:00,201,13997.13,
2026-09-11T20:22:40.400103+00:00,201,13963.26,
2026-09-11T20:22:40.465911+00:00,201,13899.33,
2026-09-11T20:22:40.555004+00:00,201,13812.33,
2026-09-11T20:22:40.421242+00:00,201,13948.03,
2026-09-11T20:22:40.629547+00:00,201,13741.79,
2026-09-11T20:22:40.580197+00:00,201,13793.18,
2026-09-11T20:22:40.513285+00:00,201,13862.02,
2026-09-11T20:22:40.720717+00:00,201,13656.21,
2026-09-11T20:22:40.670052+00:00,201,13709.86,
2026-09-11T20:22:40.705373+00:00,201,13677.49,
2026-09-11T20:22:40.730392+00:00,201,13655.80,
2026-09-11T20:22:40.794492+00:00,201,13596.76,
2026-09-11T20:22:40.769037+00:00,201,13623.22,
2026-09-11T20:22:40.738764+00:00,201,13659.37,
2026-09-11T20:22:40.935256+00:00,201,13465.45,
2026-09-11T20:22:40.911858+00:00,201,13490.25,
2026-09-11T20:22:40.860735+00:00,201,13545.18,
2026-09-11T20:22:40.712885+00:00,201,13695.37,
2026-09-11T20:22:40.852695+00:00,201,13556.45,
2026-09-11T20:22:41.032629+00:00,201,13379.60,
2026-09-11T20:22:41.085537+00:00,201,13328.02,
2026-09-11T20:22:41.990515+00:00,201,12425.17,
2026-09-11T20:22:43.904279+00:00,201,10516.01,
2026-09-11T20:22:41.219365+00:00,201,13207.57,
2026-09-11T20:22:41.521973+00:00,201,12905.65,
2026-09-11T20:22:42.032100+00:00,201,12406.23,
2026-09-11T20:22:44.031019+00:00,201,10406.45,
2026-09-11T20:22:33.460363+00:00,201,20975.68,
2026-09-11T20:22:33.495741+00:00,201,20957.75,
2026-09-11T20:22:33.497429+00:00,201,20948.84,
2026-09-11T20:22:33.460363+00:00,201,20996.08,
2026-09-11T20:22:33.507447+00:00,201,20940.96,
2026-09-11T20:22:33.791759+00:00,201,20687.94,
2026-09-11T20:22:33.823336+00:00,201,20670.42,
2026-09-11T20:22:33.966094+00:00,201,20548.87,
2026-09-11T20:22:41.154667+00:00,201,13579.13,
2026-09-11T20:22:32.015649+00:00,201,22724.35,
2026-09-11T20:22:47.766594+00:00,0,6989.91,connection_error: 
2026-09-11T20:22:33.460363+00:00,201,21292.07,
2026-09-11T20:22:33.428692+00:00,201,21332.31,
2026-09-11T20:22:33.444542+00:00,201,21318.90,
2026-09-11T20:22:33.460363+00:00,201,21309.26,
2026-09-11T20:22:33.523438+00:00,201,21246.64,
2026-09-11T20:22:33.497429+00:00,201,21459.75,
2026-09-11T20:22:32.057608+00:00,201,23085.28,
2026-09-11T20:22:33.497429+00:00,201,21659.89,
2026-09-11T20:22:32.046951+00:00,201,23319.98,
2026-09-11T20:22:33.454850+00:00,201,21925.04,
2026-09-11T20:22:33.396854+00:00,201,22117.57,
2026-09-11T20:22:33.476053+00:00,201,22048.37,
2026-09-11T20:22:33.412980+00:00,201,22384.14,
2026-09-11T20:22:52.714550+00:00,201,7218.55,
2026-09-11T20:22:52.737294+00:00,201,7293.88,
2026-09-11T20:22:52.735180+00:00,201,7311.99,
2026-09-11T20:22:52.730488+00:00,201,7328.85,
2026-09-11T20:22:52.714550+00:00,201,7348.11,
2026-09-11T20:22:52.730488+00:00,201,7352.46,
2026-09-11T20:22:52.745746+00:00,201,7529.45,
2026-09-11T20:22:52.745746+00:00,201,7537.96,
2026-09-11T20:22:52.744696+00:00,201,7545.85,
2026-09-11T20:22:52.738872+00:00,201,7629.82,
2026-09-11T20:22:52.745746+00:00,201,7621.66,
2026-09-11T20:22:52.745746+00:00,201,7635.66,
2026-09-11T20:22:52.745746+00:00,201,7638.31,
2026-09-11T20:22:52.745746+00:00,201,7636.68,
2026-09-11T20:22:52.741513+00:00,201,7660.85,
2026-09-11T20:22:52.745746+00:00,201,7669.64,
2026-09-11T20:22:52.761511+00:00,201,7670.34,
2026-09-11T20:22:52.766678+00:00,201,7668.60,
2026-09-11T20:22:52.764955+00:00,201,7678.06,
2026-09-11T20:22:52.745746+00:00,201,7694.17,
2026-09-11T20:22:52.775274+00:00,201,7679.64,
2026-09-11T20:22:52.788048+00:00,201,7672.22,
2026-09-11T20:22:52.766678+00:00,201,7706.02,
2026-09-11T20:22:52.787049+00:00,201,7698.54,
2026-09-11T20:22:52.761511+00:00,201,7728.27,
2026-09-11T20:22:52.793201+00:00,201,7704.94,
2026-09-11T20:22:52.782052+00:00,201,7722.68,
2026-09-11T20:22:52.776288+00:00,201,7747.02,
2026-09-11T20:22:52.745746+00:00,201,7776.03,
2026-09-11T20:22:52.795196+00:00,201,7745.62,
2026-09-11T20:22:52.766678+00:00,201,7799.30,
2026-09-11T20:22:52.801400+00:00,201,7773.81,
2026-09-11T20:22:52.785047+00:00,201,7798.74,
2026-09-11T20:22:52.766678+00:00,201,7873.63,
2026-09-11T20:22:52.790201+00:00,201,7915.10,
2026-09-11T20:22:52.796196+00:00,201,7917.37,
2026-09-11T20:22:52.799398+00:00,201,7923.54,
2026-09-11T20:22:52.766678+00:00,201,7960.92,
2026-09-11T20:22:52.802397+00:00,201,7980.79,
2026-09-11T20:22:52.779049+00:00,201,8067.75,
2026-09-11T20:22:52.791197+00:00,201,8067.64,
2026-09-11T20:22:52.798397+00:00,201,8073.95,
2026-09-11T20:22:52.104815+00:00,201,12152.80,
2026-09-11T20:22:52.152204+00:00,201,12118.50,
2026-09-11T20:22:52.120540+00:00,201,12157.23,
2026-09-11T20:22:52.136537+00:00,201,12152.38,
2026-09-11T20:22:53.351454+00:00,201,10944.19,
2026-09-11T20:22:52.098737+00:00,201,12211.78,
2026-09-11T20:22:53.351454+00:00,201,10961.85,
2026-09-11T20:22:52.104815+00:00,201,12228.81,
2026-09-11T20:22:53.367437+00:00,201,11007.89,
2026-09-11T20:22:53.377079+00:00,201,11004.37,
2026-09-11T20:22:52.152204+00:00,201,12230.32,
2026-09-11T20:22:53.367437+00:00,201,11027.21,
2026-09-11T20:22:52.185597+00:00,201,12223.68,
2026-09-11T20:22:52.136537+00:00,201,12274.82,
2026-09-11T20:22:52.120540+00:00,201,12308.16,
2026-09-11T20:22:52.174998+00:00,201,12266.08,
2026-09-11T20:22:52.185597+00:00,201,12268.21,
2026-09-11T20:22:53.382642+00:00,201,11085.89,
2026-09-11T20:22:53.383239+00:00,201,11097.64,
2026-09-11T20:22:53.376040+00:00,201,11122.36,
2026-09-11T20:22:53.389003+00:00,201,11198.05,
2026-09-11T20:22:52.199411+00:00,201,12403.77,
2026-09-11T20:22:52.215054+00:00,201,12404.64,
2026-09-11T20:22:53.398695+00:00,201,11238.52,
2026-09-11T20:22:52.234980+00:00,201,12417.04,
2026-09-11T20:22:52.199411+00:00,201,12475.47,
2026-09-11T20:22:52.215054+00:00,201,12467.57,
2026-09-11T20:22:52.230967+00:00,201,12481.87,
2026-09-11T20:22:52.167838+00:00,201,12564.72,
2026-09-11T20:22:52.215054+00:00,201,12562.72,
2026-09-11T20:22:52.234980+00:00,201,12555.06,
2026-09-11T20:22:53.418129+00:00,201,11392.42,
2026-09-11T20:22:52.261403+00:00,201,12562.42,
2026-09-11T20:22:52.269606+00:00,201,12569.70,
2026-09-11T20:22:52.234980+00:00,201,12612.31,
2026-09-11T20:22:52.258396+00:00,201,12612.53,
2026-09-11T20:22:53.435166+00:00,201,11447.62,
2026-09-11T20:22:52.247888+00:00,201,12652.70,
2026-09-11T20:22:53.412121+00:00,201,11507.49,
2026-09-11T20:22:53.424274+00:00,201,11512.76,
2026-09-11T20:22:53.435166+00:00,201,11518.11,
2026-09-11T20:22:53.444244+00:00,201,11524.21,
2026-09-11T20:22:52.280078+00:00,201,12708.62,
2026-09-11T20:22:53.444244+00:00,201,11563.98,
2026-09-11T20:22:53.428271+00:00,201,11592.59,
2026-09-11T20:22:53.444244+00:00,201,11591.14,
2026-09-11T20:22:53.444244+00:00,201,11617.84,
2026-09-11T20:22:53.435166+00:00,201,11648.07,
2026-09-11T20:22:53.435166+00:00,201,11662.76,
2026-09-11T20:22:53.444244+00:00,201,11673.49,
2026-09-11T20:22:53.444244+00:00,201,11695.93,
2026-09-11T20:22:53.435166+00:00,201,11722.80,
2026-09-11T20:22:53.466552+00:00,201,11720.79,
2026-09-11T20:22:53.444244+00:00,201,11762.06,
2026-09-11T20:22:53.435166+00:00,201,11798.26,
2026-09-11T20:22:53.460217+00:00,201,11799.04,
2026-09-11T20:22:53.460217+00:00,201,11826.10,
2026-09-11T20:22:52.286486+00:00,201,13010.73,
2026-09-11T20:22:53.444244+00:00,201,11879.71,
2026-09-11T20:22:53.444244+00:00,201,11915.60,
2026-09-11T20:22:53.444244+00:00,201,11933.98,
2026-09-11T20:22:53.475957+00:00,201,11938.30,
2026-09-11T20:22:53.460217+00:00,201,11975.11,
2026-09-11T20:22:53.444244+00:00,201,12009.40,
2026-09-11T20:22:53.460217+00:00,201,12025.63,
2026-09-11T20:22:53.466552+00:00,201,12043.02,
2026-09-11T20:22:53.466552+00:00,201,12072.14,
2026-09-11T20:22:53.444244+00:00,201,12110.61,
2026-09-11T20:22:53.475957+00:00,201,12118.50,
2026-09-11T20:22:53.475957+00:00,201,12144.83,
2026-09-11T20:22:53.475957+00:00,201,12173.16,
2026-09-11T20:22:53.475957+00:00,201,12209.15,
2026-09-11T20:22:53.460217+00:00,201,12270.22,
2026-09-11T20:22:53.466552+00:00,201,12342.21,
2026-09-11T20:22:53.466552+00:00,201,12390.52,
2026-09-11T20:22:53.475957+00:00,201,12413.17,
2026-09-11T20:22:53.466552+00:00,201,12455.35,
2026-09-11T20:22:53.475957+00:00,201,12902.52,
2026-09-11T20:22:53.475957+00:00,201,12928.40,
2026-09-11T20:22:53.491913+00:00,201,12957.67,
2026-09-11T20:22:53.491913+00:00,201,12974.59,
2026-09-11T20:22:53.466552+00:00,201,13040.48,
2026-09-11T20:22:53.475957+00:00,201,13055.70,
2026-09-11T20:22:53.491913+00:00,201,13093.48,
2026-09-11T20:22:53.491913+00:00,201,13142.46,
2026-09-11T20:22:53.475957+00:00,201,13197.75,
2026-09-11T20:22:53.475957+00:00,201,13233.88,
2026-09-11T20:22:53.528076+00:00,201,13229.22,
2026-09-11T20:22:53.491913+00:00,201,13299.08,
2026-09-11T20:22:53.509391+00:00,201,13334.28,
2026-09-11T20:22:53.491913+00:00,201,13386.29,
2026-09-11T20:22:53.491913+00:00,201,13428.62,
2026-09-11T20:22:53.475957+00:00,201,13502.26,
2026-09-11T20:22:53.491913+00:00,201,13539.41,
2026-09-11T20:22:53.528076+00:00,201,13536.45,
2026-09-11T20:22:53.511801+00:00,201,13602.95,
2026-09-11T20:22:53.528076+00:00,201,13609.40,
2026-09-11T20:22:53.491913+00:00,201,13684.59,
2026-09-11T20:22:53.491913+00:00,201,13728.59,
2026-09-11T20:22:53.514177+00:00,201,13746.17,
2026-09-11T20:22:53.528076+00:00,201,13765.08,
2026-09-11T20:22:53.543820+00:00,201,13790.36,
2026-09-11T20:22:53.543820+00:00,201,13819.31,
2026-09-11T20:22:53.528076+00:00,201,13875.94,
2026-09-11T20:22:53.528076+00:00,201,13929.82,
2026-09-11T20:22:53.491913+00:00,201,14012.00,
2026-09-11T20:22:53.526082+00:00,201,14030.25,
2026-09-11T20:22:53.528076+00:00,201,14071.54,
2026-09-11T20:22:53.543820+00:00,201,14090.64,
2026-09-11T20:22:53.515059+00:00,201,14169.18,
2026-09-11T20:22:53.528076+00:00,201,14190.58,
2026-09-11T20:22:53.543820+00:00,201,14226.57,
2026-09-11T20:22:53.528076+00:00,201,14305.31,
2026-09-11T20:22:53.528076+00:00,201,14361.57,
2026-09-11T20:22:53.522077+00:00,201,14443.18,
2026-09-11T20:22:53.559813+00:00,201,14460.98,
2026-09-11T20:22:53.543820+00:00,201,14527.68,
2026-09-11T20:22:53.543820+00:00,201,14606.35,
2026-09-11T20:22:53.543820+00:00,201,14690.35,
2026-09-11T20:22:53.559813+00:00,201,14720.24,
2026-09-11T20:22:53.559813+00:00,201,14767.08,
2026-09-11T20:22:53.543820+00:00,201,14824.14,
2026-09-11T20:22:53.559813+00:00,201,14847.43,
2026-09-11T20:22:53.559813+00:00,201,14893.58,
2026-09-11T20:22:53.559813+00:00,201,14950.60,
2026-09-11T20:22:53.559813+00:00,201,14985.39,
2026-09-11T20:22:53.577621+00:00,201,15020.74,
2026-09-11T20:22:53.528076+00:00,201,15121.91,
2026-09-11T20:22:53.543820+00:00,201,15143.04,
2026-09-11T20:22:53.559813+00:00,201,15168.82,
2026-09-11T20:22:53.543820+00:00,201,15233.21,
2026-09-11T20:22:53.543820+00:00,201,15264.19,
2026-09-11T20:22:53.607450+00:00,201,15254.86,
2026-09-11T20:22:53.559813+00:00,201,15562.15,
2026-09-11T20:22:53.543820+00:00,201,15638.33,
2026-09-11T20:22:53.592264+00:00,201,15647.10,
2026-09-11T20:22:53.575601+00:00,201,15724.66,
2026-09-11T20:22:53.607450+00:00,201,15753.48,
2026-09-11T20:22:53.577621+00:00,201,15823.65,
2026-09-11T20:22:53.559813+00:00,201,15993.60,
2026-09-11T20:22:53.588203+00:00,201,16014.77,
2026-09-11T20:22:53.592264+00:00,201,16114.88,
2026-09-11T20:22:53.623158+00:00,201,16166.68,
2026-09-11T20:22:53.599146+00:00,201,16390.20,
2026-09-11T20:22:53.655084+00:00,201,16575.66,
2026-09-11T20:22:53.599146+00:00,201,16757.45,
2026-09-11T20:22:53.659901+00:00,201,16914.43,
2026-09-11T20:22:53.623158+00:00,201,16984.32,
2026-09-11T20:22:53.659901+00:00,201,16984.68,
2026-09-11T20:22:53.659901+00:00,201,17173.66,
2026-09-11T20:22:53.671605+00:00,201,17191.74,
2026-09-11T20:22:46.663353+00:00,201,24243.16,
2026-09-11T20:22:47.778827+00:00,201,23141.92,
2026-09-11T20:22:52.444379+00:00,201,18487.86,
2026-09-11T20:22:52.412774+00:00,201,18522.41,
2026-09-11T20:22:52.412774+00:00,201,18541.06,
2026-09-11T20:22:52.444379+00:00,201,18512.05,
2026-09-11T20:22:52.460257+00:00,201,18501.56,
2026-09-11T20:22:52.460257+00:00,201,18512.33,
2026-09-11T20:22:51.224133+00:00,201,19753.15,
2026-09-11T20:22:52.465953+00:00,201,18509.70,
2026-09-11T20:22:52.476044+00:00,201,18504.52,
2026-09-11T20:22:52.444379+00:00,201,18537.35,
2026-09-11T20:22:52.460257+00:00,201,18533.48,
2026-09-11T20:22:52.444379+00:00,201,18556.85,
2026-09-11T20:22:52.465953+00:00,201,18533.64,
2026-09-11T20:22:52.476044+00:00,201,18522.24,
2026-09-11T20:22:52.476044+00:00,201,18534.26,
2026-09-11T20:22:52.476044+00:00,201,18536.54,
2026-09-11T20:22:52.465953+00:00,201,18553.60,
2026-09-11T20:22:52.507787+00:00,201,18519.93,
2026-09-11T20:22:52.507787+00:00,201,18511.03,
2026-09-11T20:22:52.492109+00:00,201,18539.82,
2026-09-11T20:22:52.492109+00:00,201,18545.08,
2026-09-11T20:22:52.523456+00:00,201,18520.56,
2026-09-11T20:22:52.492109+00:00,201,18550.59,
2026-09-11T20:22:52.523456+00:00,201,18537.03,
2026-09-11T20:22:52.492109+00:00,201,18562.82,
2026-09-11T20:22:52.507787+00:00,201,18554.62,
2026-09-11T20:22:52.539502+00:00,201,18534.20,
2026-09-11T20:22:52.523456+00:00,201,18542.79,
2026-09-11T20:22:54.041381+00:00,201,17041.69,
2026-09-11T20:22:52.539502+00:00,201,18544.53,
2026-09-11T20:22:52.539502+00:00,201,18545.83,
2026-09-11T20:22:52.555377+00:00,201,18534.44,
2026-09-11T20:22:52.575829+00:00,201,18519.51,
2026-09-11T20:22:52.539502+00:00,201,18554.13,
2026-09-11T20:22:52.539502+00:00,201,18559.63,
2026-09-11T20:22:52.539502+00:00,201,18558.93,
2026-09-11T20:22:52.539502+00:00,201,18562.14,
2026-09-11T20:22:52.555377+00:00,201,18563.42,
2026-09-11T20:22:52.555377+00:00,201,18568.28,
2026-09-11T20:22:52.555377+00:00,201,18578.45,
2026-09-11T20:22:52.555377+00:00,201,18576.46,
2026-09-11T20:22:52.539502+00:00,201,18594.90,
2026-09-11T20:22:52.555377+00:00,201,18587.13,
2026-09-11T20:22:52.585902+00:00,201,18572.58,
2026-09-11T20:22:52.590853+00:00,201,18573.99,
2026-09-11T20:22:52.575829+00:00,201,18587.60,
2026-09-11T20:22:52.598236+00:00,201,18581.79,
2026-09-11T20:22:52.575829+00:00,201,18608.54,
2026-09-11T20:22:52.587673+00:00,201,18610.55,
2026-09-11T20:22:52.589280+00:00,201,18616.66,
2026-09-11T20:22:52.603550+00:00,201,18608.78,
2026-09-11T20:22:52.592959+00:00,201,18629.40,
2026-09-11T20:22:52.555377+00:00,201,18668.31,
2026-09-11T20:22:52.539502+00:00,201,18689.72,
2026-09-11T20:22:52.603550+00:00,201,18645.12,
2026-09-11T20:22:52.598236+00:00,201,18664.34,
2026-09-11T20:22:52.603550+00:00,201,18657.89,
2026-09-11T20:22:52.597190+00:00,201,18686.59,
2026-09-11T20:22:52.603550+00:00,201,18692.76,
2026-09-11T20:22:52.619226+00:00,201,18688.70,
2026-09-11T20:22:52.619226+00:00,201,18693.55,
2026-09-11T20:22:52.603550+00:00,201,18721.91,
2026-09-11T20:22:52.598236+00:00,201,18755.23,
2026-09-11T20:22:52.603550+00:00,201,18766.74,
2026-09-11T20:22:52.603550+00:00,201,18797.50,
2026-09-11T20:22:52.603550+00:00,201,18851.67,
2026-09-11T20:22:52.619226+00:00,201,18844.63,
2026-09-11T20:22:52.635273+00:00,201,18858.44,
2026-09-11T20:22:52.650912+00:00,201,18852.60,
2026-09-11T20:22:52.650912+00:00,201,18859.62,
2026-09-11T20:22:52.650912+00:00,201,18863.13,
2026-09-11T20:22:52.635273+00:00,201,18890.71,
2026-09-11T20:22:52.635273+00:00,201,18893.96,
2026-09-11T20:22:52.650912+00:00,201,18886.46,
2026-09-11T20:22:52.666953+00:00,201,18878.67,
2026-09-11T20:22:52.675388+00:00,201,18882.83,
2026-09-11T20:22:52.675388+00:00,201,18886.60,
2026-09-11T20:22:52.666953+00:00,201,18901.32,
2026-09-11T20:22:52.009513+00:00,201,19575.58,
2026-09-11T20:22:52.682949+00:00,201,18895.83,
2026-09-11T20:22:52.698735+00:00,201,18899.34,
2026-09-11T20:22:52.682949+00:00,201,18908.77,
2026-09-11T20:22:51.993418+00:00,201,19600.16,
2026-09-11T20:22:52.682949+00:00,201,18920.12,
2026-09-11T20:22:52.682949+00:00,201,18925.38,
2026-09-11T20:22:52.698735+00:00,201,18914.79,
2026-09-11T20:22:52.698735+00:00,201,18923.28,
2026-09-11T20:22:52.698735+00:00,201,18923.47,
2026-09-11T20:22:52.682949+00:00,201,18946.88,
2026-09-11T20:22:52.714550+00:00,201,18950.35,
2026-09-11T20:22:52.698735+00:00,201,18975.67,
2026-09-11T20:22:52.698735+00:00,201,18981.79,
2026-09-11T20:22:53.607450+00:00,201,18164.90,
2026-09-11T20:22:53.559813+00:00,201,18217.10,
2026-09-11T20:22:53.577621+00:00,201,18200.09,
2026-09-11T20:22:53.607450+00:00,201,18170.23,
2026-09-11T20:22:53.607450+00:00,201,18178.00,
2026-09-11T20:22:53.599146+00:00,201,18190.39,
2026-09-11T20:22:53.589972+00:00,201,18207.19,
2026-09-11T20:22:53.607450+00:00,201,18178.24,
2026-09-11T20:22:53.599146+00:00,201,18200.89,
2026-09-11T20:22:53.592264+00:00,201,18204.36,
2026-09-11T20:22:53.577621+00:00,201,18221.92,
2026-09-11T20:22:53.599146+00:00,201,18206.18,
2026-09-11T20:22:53.577621+00:00,201,18229.97,
2026-09-11T20:22:53.591716+00:00,201,18221.32,
2026-09-11T20:22:53.623158+00:00,201,18191.01,
2026-09-11T20:22:53.577621+00:00,201,18234.66,
2026-09-11T20:22:53.639114+00:00,201,18171.94,
2026-09-11T20:22:53.607450+00:00,201,18201.92,
2026-09-11T20:22:53.577621+00:00,201,18244.82,
2026-09-11T20:22:53.623158+00:00,201,18198.93,
2026-09-11T20:22:53.623158+00:00,201,18192.38,
2026-09-11T20:22:53.623158+00:00,201,18191.45,
2026-09-11T20:22:53.623158+00:00,201,18199.45,
2026-09-11T20:22:53.592264+00:00,201,18238.78,
2026-09-11T20:22:53.639114+00:00,201,18191.47,
2026-09-11T20:22:53.639114+00:00,201,18193.40,
2026-09-11T20:22:53.659901+00:00,201,18177.70,
2026-09-11T20:22:53.676190+00:00,201,18164.34,
2026-09-11T20:22:52.412774+00:00,201,19431.70,
2026-09-11T20:22:53.676190+00:00,201,18173.18,
2026-09-11T20:22:52.412774+00:00,201,19434.26,
2026-09-11T20:22:53.671605+00:00,201,18185.77,
2026-09-11T20:22:53.686802+00:00,201,18172.19,
2026-09-11T20:22:53.676190+00:00,201,18177.35,
2026-09-11T20:22:47.572107+00:00,201,24286.32,
2026-09-11T20:22:41.114093+00:00,201,30747.96,
2026-09-11T20:22:52.428438+00:00,201,19430.45,
2026-09-11T20:22:52.428438+00:00,201,19444.47,
2026-09-11T20:22:52.444379+00:00,201,19420.48,
2026-09-11T20:22:52.460257+00:00,201,19412.83,
2026-09-11T20:22:52.444379+00:00,201,19429.97,
2026-09-11T20:22:52.465953+00:00,201,19406.07,
2026-09-11T20:22:52.444379+00:00,201,19425.26,
2026-09-11T20:22:52.412774+00:00,201,19467.63,
2026-09-11T20:22:52.465953+00:00,201,19419.82,
2026-09-11T20:22:52.476044+00:00,201,19410.43,
2026-09-11T20:22:52.444379+00:00,201,19431.99,
2026-09-11T20:22:52.465953+00:00,201,19424.64,
2026-09-11T20:22:52.476044+00:00,201,19418.19,
2026-09-11T20:22:52.476044+00:00,201,19415.98,
2026-09-11T20:22:52.492109+00:00,201,19399.10,
2026-09-11T20:22:52.476044+00:00,201,19410.06,
2026-09-11T20:22:52.507787+00:00,201,19395.30,
2026-09-11T20:22:52.476044+00:00,201,19418.68,
2026-09-11T20:22:52.492109+00:00,201,19404.73,
2026-09-11T20:22:52.523456+00:00,201,19379.24,
2026-09-11T20:22:52.492109+00:00,201,19417.04,
2026-09-11T20:22:52.492109+00:00,201,19416.15,
2026-09-11T20:22:52.507787+00:00,201,19401.69,
2026-09-11T20:22:52.507787+00:00,201,19395.51,
2026-09-11T20:22:52.523456+00:00,201,19383.72,
2026-09-11T20:22:52.507787+00:00,201,19409.92,
2026-09-11T20:22:52.476044+00:00,201,19433.72,
2026-09-11T20:22:52.523456+00:00,201,19396.53,
2026-09-11T20:22:52.523456+00:00,201,19393.61,
2026-09-11T20:22:52.523456+00:00,201,19390.91,
2026-09-11T20:22:52.539502+00:00,201,19389.56,
2026-09-11T20:22:52.507787+00:00,201,19413.84,
2026-09-11T20:22:52.302262+00:00,201,19626.31,
2026-09-11T20:22:52.635273+00:00,201,19299.80,
2026-09-11T20:22:52.619226+00:00,201,19307.80,
2026-09-11T20:22:52.619226+00:00,201,19316.57,
2026-09-11T20:22:52.650912+00:00,201,19293.84,
2026-09-11T20:22:52.619226+00:00,201,19311.94,
2026-09-11T20:22:52.650912+00:00,201,19294.96,
2026-09-11T20:22:52.635273+00:00,201,19307.36,
2026-09-11T20:22:52.650912+00:00,201,19300.10,
2026-09-11T20:22:52.650912+00:00,201,19287.93,
2026-09-11T20:22:52.666953+00:00,201,19285.72,
2026-09-11T20:22:52.635273+00:00,201,19308.18,
2026-09-11T20:22:52.635273+00:00,201,19323.54,
2026-09-11T20:22:52.635273+00:00,201,19313.47,
2026-09-11T20:22:52.650912+00:00,201,19302.08,
2026-09-11T20:22:52.635273+00:00,201,19324.87,
2026-09-11T20:22:52.666953+00:00,201,19298.93,
2026-09-11T20:22:52.675388+00:00,201,19293.25,
2026-09-11T20:22:51.993418+00:00,201,19973.09,
2026-09-11T20:22:52.675388+00:00,201,19293.00,
2026-09-11T20:22:52.682949+00:00,201,19288.61,
2026-09-11T20:22:52.682949+00:00,201,19293.94,
2026-09-11T20:22:52.682949+00:00,201,19294.44,
2026-09-11T20:22:52.009513+00:00,201,19965.74,
2026-09-11T20:22:52.698735+00:00,201,19282.23,
2026-09-11T20:22:52.714550+00:00,201,19262.60,
2026-09-11T20:22:52.714550+00:00,201,19263.23,
2026-09-11T20:22:52.714550+00:00,201,19268.34,
2026-09-11T20:22:52.714550+00:00,201,19271.68,
2026-09-11T20:22:52.698735+00:00,201,19281.05,
2026-09-11T20:22:52.714550+00:00,201,19281.66,
2026-09-11T20:22:53.599146+00:00,201,18623.78,
2026-09-11T20:22:53.607450+00:00,201,18617.23,
2026-09-11T20:22:53.623158+00:00,201,18601.57,
2026-09-11T20:22:53.592264+00:00,201,18638.59,
2026-09-11T20:22:53.607450+00:00,201,18628.41,
2026-09-11T20:22:53.623158+00:00,201,18602.90,
2026-09-11T20:22:53.639114+00:00,201,18589.96,
2026-09-11T20:22:53.623158+00:00,201,18619.52,
2026-09-11T20:22:53.639114+00:00,201,18611.39,
2026-09-11T20:22:53.676190+00:00,201,18573.60,
2026-09-11T20:22:53.676190+00:00,201,18574.35,
2026-09-11T20:22:53.776292+00:00,201,18482.66,
2026-09-11T20:22:43.933479+00:00,201,28323.83,
2026-09-11T20:22:42.001382+00:00,201,30252.37,
2026-09-11T20:22:53.659901+00:00,201,18596.30,
2026-09-11T20:22:52.444379+00:00,201,19823.41,
2026-09-11T20:22:52.428438+00:00,201,19839.49,
2026-09-11T20:22:40.769037+00:00,201,31493.52,
2026-09-11T20:22:52.428438+00:00,201,19836.34,
2026-09-11T20:22:52.428438+00:00,201,19836.96,
2026-09-11T20:22:52.492109+00:00,201,19790.00,
2026-09-11T20:22:52.476044+00:00,201,19812.01,
2026-09-11T20:22:52.492109+00:00,201,19807.95,
2026-09-11T20:22:52.492109+00:00,201,19809.60,
2026-09-11T20:22:52.507787+00:00,201,19791.22,
2026-09-11T20:22:52.507787+00:00,201,19799.09,
2026-09-11T20:22:52.523456+00:00,201,19793.13,
2026-09-11T20:22:52.619226+00:00,201,19700.01,
2026-09-11T20:22:52.635273+00:00,201,19684.02,
2026-09-11T20:22:52.650912+00:00,201,19677.75,
2026-09-11T20:22:52.666953+00:00,201,19672.07,
2026-09-11T20:22:52.714550+00:00,201,19640.51,
2026-09-11T20:22:52.714550+00:00,201,19639.80,
2026-09-11T20:22:52.698735+00:00,201,19653.42,
2026-09-11T20:22:52.698735+00:00,201,19662.07,
2026-09-11T20:22:40.892431+00:00,201,31477.34,
2026-09-11T20:22:47.813334+00:00,201,24560.96,
2026-09-11T20:22:44.082291+00:00,201,28293.98,
2026-09-11T20:22:52.979228+00:00,201,19400.51,
2026-09-11T20:22:42.056955+00:00,201,30324.76,
2026-09-11T20:22:52.967210+00:00,201,19416.41,
2026-09-11T20:22:49.359766+00:00,201,23022.59,
2026-09-11T20:22:53.004494+00:00,201,19383.25,
2026-09-11T20:22:53.576109+00:00,201,19250.05,
2026-09-11T20:22:53.655084+00:00,201,19193.42,
2026-09-11T20:22:53.639114+00:00,201,19199.01,
2026-09-11T20:22:53.686802+00:00,201,19167.58,
2026-09-11T20:22:53.671605+00:00,201,19182.47,
2026-09-11T20:22:53.676190+00:00,201,19182.54,
2026-09-11T20:22:52.428438+00:00,201,20427.61,
2026-09-11T20:22:52.444379+00:00,201,20415.23,
2026-09-11T20:22:52.444379+00:00,201,20423.83,
2026-09-11T20:22:52.575829+00:00,201,20311.19,
2026-09-11T20:22:52.603550+00:00,201,20287.45,
2026-09-11T20:22:52.603550+00:00,201,20290.59,
2026-09-11T20:22:52.603550+00:00,201,20290.33,
2026-09-11T20:22:52.619226+00:00,201,20281.36,
2026-09-11T20:22:52.650912+00:00,201,20250.75,
2026-09-11T20:22:52.675388+00:00,201,20231.75,
2026-09-11T20:22:52.682949+00:00,201,20224.58,
2026-09-11T20:22:52.682949+00:00,201,20229.68,
2026-09-11T20:22:41.228399+00:00,201,31698.87,
2026-09-11T20:22:51.090836+00:00,201,21832.69,
2026-09-11T20:22:46.703955+00:00,201,26228.75,
2026-09-11T20:22:52.997761+00:00,201,19936.96,
2026-09-11T20:22:41.247261+00:00,201,31688.27,
2026-09-11T20:22:47.603079+00:00,201,25328.30,
2026-09-11T20:22:52.970209+00:00,201,19970.61,
2026-09-11T20:22:51.020783+00:00,201,21921.33,
2026-09-11T20:22:53.000759+00:00,201,19942.87,
2026-09-11T20:22:52.988794+00:00,201,19956.54,
2026-09-11T20:22:53.013026+00:00,201,19935.63,
2026-09-11T20:22:53.011452+00:00,201,19942.30,
2026-09-11T20:22:50.587596+00:00,201,22365.81,
2026-09-11T20:22:51.106483+00:00,201,21844.28,
2026-09-11T20:22:51.138533+00:00,201,21806.32,
2026-09-11T20:22:53.047997+00:00,201,19913.40,
2026-09-11T20:22:53.020470+00:00,201,19942.35,
2026-09-11T20:22:53.007492+00:00,201,19958.67,
2026-09-11T20:22:51.122552+00:00,201,21835.08,
2026-09-11T20:22:51.138533+00:00,201,21819.34,
2026-09-11T20:22:53.034801+00:00,201,19937.63,
2026-09-11T20:22:51.106483+00:00,201,21853.41,
2026-09-11T20:22:51.182018+00:00,201,21789.89,
2026-09-11T20:22:53.062149+00:00,201,19915.84,
2026-09-11T20:22:51.187234+00:00,201,21781.59,
2026-09-11T20:22:51.187234+00:00,201,21787.50,
2026-09-11T20:22:53.096108+00:00,201,19887.39,
2026-09-11T20:22:51.138533+00:00,201,21846.41,
2026-09-11T20:22:53.066545+00:00,201,19918.85,
2026-09-11T20:22:51.122552+00:00,201,21854.46,
2026-09-11T20:22:51.279962+00:00,201,21706.69,
2026-09-11T20:22:51.173548+00:00,201,21812.01,
2026-09-11T20:22:53.058824+00:00,201,19936.88,
2026-09-11T20:22:51.231979+00:00,201,21765.55,
2026-09-11T20:22:51.211342+00:00,201,21787.50,
2026-09-11T20:22:51.260530+00:00,201,21729.42,
2026-09-11T20:22:51.244658+00:00,201,21751.94,
2026-09-11T20:22:53.103107+00:00,201,19901.18,
2026-09-11T20:22:51.244658+00:00,201,21751.01,
2026-09-11T20:22:51.216347+00:00,201,21792.63,
2026-09-11T20:22:53.111373+00:00,201,19898.43,
2026-09-11T20:22:53.089385+00:00,201,19921.20,
2026-09-11T20:22:51.260530+00:00,201,21749.99,
2026-09-11T20:22:51.154524+00:00,201,21851.18,
2026-09-11T20:22:51.238654+00:00,201,21780.01,
2026-09-11T20:22:53.111373+00:00,201,19894.47,
2026-09-11T20:22:51.273564+00:00,201,21748.07,
2026-09-11T20:22:53.111373+00:00,201,19906.00,
2026-09-11T20:22:51.371813+00:00,201,21654.62,
2026-09-11T20:22:51.352224+00:00,201,21677.36,
2026-09-11T20:22:53.085420+00:00,201,19946.03,
2026-09-11T20:22:51.308438+00:00,201,21718.50,
2026-09-11T20:22:53.132884+00:00,201,19898.64,
2026-09-11T20:22:51.279962+00:00,201,21747.48,
2026-09-11T20:22:51.369784+00:00,201,21669.68,
2026-09-11T20:22:53.143292+00:00,201,19889.67,
2026-09-11T20:22:51.206075+00:00,201,21839.23,
2026-09-11T20:22:51.244658+00:00,201,21798.91,
2026-09-11T20:22:53.132884+00:00,201,19915.76,
2026-09-11T20:22:53.143292+00:00,201,19902.71,
2026-09-11T20:22:53.143292+00:00,201,19908.54,
2026-09-11T20:22:53.143292+00:00,201,19899.84,
2026-09-11T20:22:51.292367+00:00,201,21750.52,
2026-09-11T20:22:51.353200+00:00,201,21700.12,
2026-09-11T20:22:53.164429+00:00,201,19895.48,
2026-09-11T20:22:51.324084+00:00,201,21734.03,
2026-09-11T20:22:51.458100+00:00,201,21606.64,
2026-09-11T20:22:51.384824+00:00,201,21678.28,
2026-09-11T20:22:51.395177+00:00,201,21659.56,
2026-09-11T20:22:51.339971+00:00,201,21728.02,
2026-09-11T20:22:51.376833+00:00,201,21695.34,
2026-09-11T20:22:53.167919+00:00,201,19907.08,
2026-09-11T20:22:51.395177+00:00,201,21676.34,
2026-09-11T20:22:51.410676+00:00,201,21660.36,
2026-09-11T20:22:51.410676+00:00,201,21658.99,
2026-09-11T20:22:51.378834+00:00,201,21702.10,
2026-09-11T20:22:53.195949+00:00,201,19888.26,
2026-09-11T20:22:51.478197+00:00,201,21608.24,
2026-09-11T20:22:51.410676+00:00,201,21662.67,
2026-09-11T20:22:53.184807+00:00,201,19905.98,
2026-09-11T20:22:51.465129+00:00,201,21624.40,
2026-09-11T20:22:51.503101+00:00,201,21579.49,
2026-09-11T20:22:53.211643+00:00,201,19883.29,
2026-09-11T20:22:51.518826+00:00,201,21578.12,
2026-09-11T20:22:51.536467+00:00,201,21553.53,
2026-09-11T20:22:51.442029+00:00,201,21655.74,
2026-09-11T20:22:53.176799+00:00,201,19926.45,
2026-09-11T20:22:51.498089+00:00,201,21606.68,
2026-09-11T20:22:51.490600+00:00,201,21616.95,
2026-09-11T20:22:53.195949+00:00,201,19907.74,
2026-09-11T20:22:53.195949+00:00,201,19913.55,
2026-09-11T20:22:51.458100+00:00,201,21648.94,
2026-09-11T20:22:53.189949+00:00,201,19925.39,
2026-09-11T20:22:51.501090+00:00,201,21615.65,
2026-09-11T20:22:51.426338+00:00,201,21683.08,
2026-09-11T20:22:51.550134+00:00,201,21569.38,
2026-09-11T20:22:53.195949+00:00,201,19919.67,
2026-09-11T20:22:53.193950+00:00,201,19930.59,
2026-09-11T20:22:53.195949+00:00,201,19915.47,
2026-09-11T20:22:51.584276+00:00,201,21543.69,
2026-09-11T20:22:51.536467+00:00,201,21593.17,
2026-09-11T20:22:53.143292+00:00,201,19973.65,
2026-09-11T20:22:51.575268+00:00,201,21558.18,
2026-09-11T20:22:51.518826+00:00,201,21606.74,
2026-09-11T20:22:51.618813+00:00,201,21515.97,
2026-09-11T20:22:51.702132+00:00,201,21437.12,
2026-09-11T20:22:53.259375+00:00,201,19881.77,
2026-09-11T20:22:51.618813+00:00,201,21524.78,
2026-09-11T20:22:53.243685+00:00,201,19894.99,
2026-09-11T20:22:51.650222+00:00,201,21486.04,
2026-09-11T20:22:51.805498+00:00,201,21342.04,
2026-09-11T20:22:51.713938+00:00,201,21436.72,
2026-09-11T20:22:51.580762+00:00,201,21586.18,
2026-09-11T20:22:53.211643+00:00,201,19947.76,
2026-09-11T20:22:53.211643+00:00,201,19955.12,
2026-09-11T20:22:51.719955+00:00,201,21453.88,
2026-09-11T20:22:51.666099+00:00,201,21503.35,
2026-09-11T20:22:51.734046+00:00,201,21444.46,
2026-09-11T20:22:51.743109+00:00,201,21429.12,
2026-09-11T20:22:53.259375+00:00,201,19913.51,
2026-09-11T20:22:51.634534+00:00,201,21538.12,
2026-09-11T20:22:53.259375+00:00,201,19920.80,
2026-09-11T20:22:51.674002+00:00,201,21508.41,
2026-09-11T20:22:51.743109+00:00,201,21434.96,
2026-09-11T20:22:53.320290+00:00,201,19870.32,
2026-09-11T20:22:51.790217+00:00,201,21403.20,
2026-09-11T20:22:51.587280+00:00,201,21595.60,
2026-09-11T20:22:51.681999+00:00,201,21510.49,
2026-09-11T20:22:51.650222+00:00,201,21549.14,
2026-09-11T20:22:51.837497+00:00,201,21356.99,
2026-09-11T20:22:51.774388+00:00,201,21420.91,
2026-09-11T20:22:51.837497+00:00,201,21353.29,
2026-09-11T20:22:51.765415+00:00,201,21434.21,
2026-09-11T20:22:53.259375+00:00,201,19938.83,
2026-09-11T20:22:51.853478+00:00,201,21353.34,
2026-09-11T20:22:53.285237+00:00,201,19923.58,
2026-09-11T20:22:53.298703+00:00,201,19915.19,
2026-09-11T20:22:51.821497+00:00,201,21388.09,
2026-09-11T20:22:51.938612+00:00,201,21279.23,
2026-09-11T20:22:53.335433+00:00,201,19878.89,
2026-09-11T20:22:51.976551+00:00,201,21245.45,
2026-09-11T20:22:53.317709+00:00,201,19906.15,
2026-09-11T20:22:53.335433+00:00,201,19876.97,
2026-09-11T20:22:51.987399+00:00,201,21241.02,
2026-09-11T20:22:53.307129+00:00,201,19923.08,
2026-09-11T20:22:51.943614+00:00,201,21287.57,
2026-09-11T20:22:51.951688+00:00,201,21280.35,
2026-09-11T20:22:53.335433+00:00,201,19898.33,
2026-09-11T20:22:51.885132+00:00,201,21337.38,
2026-09-11T20:22:53.320290+00:00,201,19913.97,
2026-09-11T20:22:53.283226+00:00,201,19957.52,
2026-09-11T20:22:52.041260+00:00,201,21194.28,
2026-09-11T20:22:51.853478+00:00,201,21383.10,
2026-09-11T20:22:53.315707+00:00,201,19931.56,
2026-09-11T20:22:52.056962+00:00,201,21192.77,
2026-09-11T20:22:51.916860+00:00,201,21332.45,
2026-09-11T20:22:51.873978+00:00,201,21373.09,
2026-09-11T20:22:53.335433+00:00,201,19920.94,
2026-09-11T20:22:51.869492+00:00,201,21386.97,
2026-09-11T20:22:53.351454+00:00,201,19904.45,
2026-09-11T20:22:53.320290+00:00,201,19931.10,
2026-09-11T20:22:52.041260+00:00,201,21221.14,
2026-09-11T20:22:52.074296+00:00,201,21189.34,
2026-09-11T20:22:43.718584+00:00,201,30018.03,
2026-09-11T20:22:57.879093+00:00,201,15860.22,
2026-09-11T20:22:43.788289+00:00,201,29957.82,
2026-09-11T20:22:41.126969+00:00,201,32621.47,
2026-09-11T20:22:41.254053+00:00,201,32492.40,
2026-09-11T20:22:40.879738+00:00,201,32874.85,
2026-09-11T20:22:57.926845+00:00,201,15830.23,
2026-09-11T20:22:58.020046+00:00,201,15741.06,
2026-09-11T20:22:58.062708+00:00,201,15701.01,
2026-09-11T20:22:58.165327+00:00,201,15601.62,
2026-09-11T20:22:58.210867+00:00,201,15558.82,
2026-09-11T20:22:58.301371+00:00,201,15471.83,
2026-09-11T20:22:58.347704+00:00,201,15428.26,
2026-09-11T20:22:58.394939+00:00,201,15384.09,
2026-09-11T20:22:58.489206+00:00,201,15294.04,
2026-09-11T20:22:58.536547+00:00,201,15249.81,
2026-09-11T20:22:58.561921+00:00,201,15227.77,
2026-09-11T20:22:58.610907+00:00,201,15182.25,
2026-09-11T20:22:58.658182+00:00,201,15138.39,
2026-09-11T20:22:58.753663+00:00,201,15054.49,
2026-09-11T20:22:58.848418+00:00,201,14965.66,
2026-09-11T20:22:58.923185+00:00,201,14896.33,
2026-09-11T20:22:58.961924+00:00,201,14861.00,
2026-09-11T20:22:59.002764+00:00,201,14824.17,
2026-09-11T20:22:59.097168+00:00,201,14736.00,
2026-09-11T20:22:59.144272+00:00,201,14693.62,
2026-09-11T20:22:59.191582+00:00,201,14650.17,
2026-09-11T20:22:59.223334+00:00,201,14621.60,
2026-09-11T20:22:59.318180+00:00,201,14531.33,
2026-09-11T20:22:59.365534+00:00,201,14487.14,
2026-09-11T20:22:59.459229+00:00,201,14398.76,
2026-09-11T20:22:59.490850+00:00,201,14370.55,
2026-09-11T20:22:59.521803+00:00,201,14342.96,
2026-09-11T20:22:59.617394+00:00,201,14250.83,
2026-09-11T20:22:59.649178+00:00,201,14224.04,
2026-09-11T20:22:59.697157+00:00,201,14179.77,
2026-09-11T20:22:59.728995+00:00,201,14151.73,
2026-09-11T20:22:59.760579+00:00,201,14123.72,
2026-09-11T20:22:59.839264+00:00,201,14050.28,
2026-09-11T20:22:59.885736+00:00,201,14007.79,
2026-09-11T20:22:59.935307+00:00,201,13948.95,
2026-09-11T20:22:59.917509+00:00,201,13983.61,
2026-09-11T20:22:59.996657+00:00,201,13908.40,
2026-09-11T20:23:00.033151+00:00,201,13872.90,
2026-09-11T20:22:59.949099+00:00,201,13959.97,
2026-09-11T20:23:00.028288+00:00,201,13887.48,
2026-09-11T20:23:00.061234+00:00,201,13862.48,
2026-09-11T20:23:00.081733+00:00,201,13844.95,
2026-09-11T20:23:00.061234+00:00,201,13863.28,
2026-09-11T20:23:00.090345+00:00,201,13846.28,
2026-09-11T20:23:00.138907+00:00,201,13802.85,
2026-09-11T20:23:00.185101+00:00,201,13760.71,
2026-09-11T20:23:00.233113+00:00,201,13716.98,
2026-09-11T20:23:00.290038+00:00,201,13665.90,
2026-09-11T20:23:00.272045+00:00,201,13685.87,
2026-09-11T20:23:00.281537+00:00,201,13680.24,
2026-09-11T20:23:00.312291+00:00,201,13659.52,
2026-09-11T20:23:00.364016+00:00,201,13607.42,
2026-09-11T20:23:00.381400+00:00,201,13598.25,
2026-09-11T20:23:00.407802+00:00,201,13579.09,
2026-09-11T20:23:00.422704+00:00,201,13566.74,
2026-09-11T20:23:00.449584+00:00,201,13552.42,
2026-09-11T20:23:00.391740+00:00,201,13617.03,
2026-09-11T20:23:00.504258+00:00,201,13508.67,
2026-09-11T20:23:00.782539+00:00,201,13238.36,
2026-09-11T20:23:00.835088+00:00,201,13180.03,
2026-09-11T20:23:00.454962+00:00,201,13576.93,
2026-09-11T20:23:00.428485+00:00,201,13599.57,
2026-09-11T20:23:00.902472+00:00,201,13131.92,
2026-09-11T20:23:01.003994+00:00,201,13041.76,
2026-09-11T20:23:00.789445+00:00,201,13266.62,
2026-09-11T20:23:00.564821+00:00,201,13486.60,
2026-09-11T20:23:00.487227+00:00,201,13582.23,
2026-09-11T20:23:01.683074+00:00,201,12398.40,
2026-09-11T20:23:00.702903+00:00,201,13387.99,
2026-09-11T20:23:00.497613+00:00,201,13601.32,
2026-09-11T20:23:01.417763+00:00,201,12684.62,
2026-09-11T20:23:01.783238+00:00,201,12324.56,
2026-09-11T20:23:01.890593+00:00,201,12231.12,
2026-09-11T20:23:01.608196+00:00,201,12514.59,
2026-09-11T20:23:00.724085+00:00,201,13403.61,
2026-09-11T20:23:01.102336+00:00,201,13038.50,
2026-09-11T20:23:00.397097+00:00,201,13759.99,
2026-09-11T20:23:01.324417+00:00,201,12836.88,
2026-09-11T20:23:01.233641+00:00,201,12934.84,
2026-09-11T20:23:00.707460+00:00,201,13467.54,
2026-09-11T20:23:01.937946+00:00,201,12253.10,
2026-09-11T20:23:00.675441+00:00,201,13516.57,
2026-09-11T20:23:00.643800+00:00,201,13559.05,
2026-09-11T20:23:01.984438+00:00,201,12234.20,
2026-09-11T20:23:02.159081+00:00,201,12070.70,
2026-09-11T20:23:02.300872+00:00,201,11939.09,
2026-09-11T20:23:02.348927+00:00,201,11896.48,
2026-09-11T20:23:02.459135+00:00,201,11796.47,
2026-09-11T20:23:02.538795+00:00,201,11724.29,
2026-09-11T20:23:02.664913+00:00,201,11607.46,
2026-09-11T20:23:02.696364+00:00,201,11588.61,
2026-09-11T20:23:02.743257+00:00,201,11550.53,
2026-09-11T20:23:02.774947+00:00,201,11524.67,
2026-09-11T20:23:02.854444+00:00,201,11451.26,
2026-09-11T20:23:02.886088+00:00,201,11426.56,
2026-09-11T20:23:02.933450+00:00,201,11385.82,
2026-09-11T20:23:03.070485+00:00,201,11262.38,
2026-09-11T20:23:03.152347+00:00,201,11194.27,
2026-09-11T20:23:03.247167+00:00,201,11109.93,
2026-09-11T20:23:03.294358+00:00,201,11073.72,
2026-09-11T20:23:03.341666+00:00,201,11042.28,
2026-09-11T20:23:03.580171+00:00,201,10813.19,
2026-09-11T20:23:03.786154+00:00,201,10629.06,
2026-09-11T20:23:04.259752+00:00,201,10185.85,
2026-09-11T20:23:04.195259+00:00,201,10264.56,
2026-09-11T20:23:04.273978+00:00,201,10200.69,
2026-09-11T20:23:04.285658+00:00,201,10198.01,
2026-09-11T20:23:04.258183+00:00,201,10232.20,
2026-09-11T20:22:53.623158+00:00,201,20886.29,
2026-09-11T20:22:53.659901+00:00,201,20860.41,
2026-09-11T20:22:53.676190+00:00,201,20855.77,
2026-09-11T20:22:52.619226+00:00,201,21922.94,
2026-09-11T20:22:52.595056+00:00,201,21955.60,
2026-09-11T20:22:52.056962+00:00,201,22521.69,
2026-09-11T20:22:52.041260+00:00,201,22549.31,
2026-09-11T20:22:53.335433+00:00,201,21257.35,
2026-09-11T20:22:53.351454+00:00,201,21242.62,
2026-09-11T20:22:52.074296+00:00,201,22515.42,
2026-09-11T20:22:53.351454+00:00,201,21249.54,
2026-09-11T20:22:47.635047+00:00,201,26961.42,
2026-09-11T20:22:41.160671+00:00,201,33442.82,
2026-09-11T20:22:53.797495+00:00,201,20804.10,
2026-09-11T20:22:49.391799+00:00,201,25218.03,
2026-09-11T20:22:53.791265+00:00,201,20816.14,
2026-09-11T20:22:53.782060+00:00,201,20825.43,
2026-09-11T20:22:53.797495+00:00,201,20807.40,
2026-09-11T20:22:53.791265+00:00,201,20819.74,
2026-09-11T20:22:53.797495+00:00,201,20819.31,
2026-09-11T20:22:53.782060+00:00,201,20833.07,
2026-09-11T20:22:53.797495+00:00,201,20814.82,
2026-09-11T20:22:53.797495+00:00,201,20811.46,
2026-09-11T20:22:51.090836+00:00,201,23521.86,
2026-09-11T20:22:53.797495+00:00,201,20824.25,
2026-09-11T20:22:53.797495+00:00,201,20827.11,
2026-09-11T20:22:41.328188+00:00,201,33297.25,
2026-09-11T20:22:53.828885+00:00,201,20796.87,
2026-09-11T20:22:51.122552+00:00,201,23506.87,
2026-09-11T20:22:47.829171+00:00,201,26796.75,
2026-09-11T20:22:51.059188+00:00,201,23574.29,
2026-09-11T20:22:50.603595+00:00,201,24031.02,
2026-09-11T20:22:53.813170+00:00,201,20812.13,
2026-09-11T20:22:51.292367+00:00,201,23346.85,
2026-09-11T20:22:53.813170+00:00,201,20819.69,
2026-09-11T20:22:51.154524+00:00,201,23472.95,
2026-09-11T20:22:51.244658+00:00,201,23383.74,
2026-09-11T20:22:51.241655+00:00,201,23401.30,
2026-09-11T20:22:53.813170+00:00,201,20825.68,
2026-09-11T20:22:51.260530+00:00,201,23377.08,
2026-09-11T20:22:53.813170+00:00,201,20835.43,
2026-09-11T20:22:53.813170+00:00,201,20835.14,
2026-09-11T20:22:51.187234+00:00,201,23450.17,
2026-09-11T20:22:51.234977+00:00,201,23416.67,
2026-09-11T20:22:51.244658+00:00,201,23408.58,
2026-09-11T20:22:51.154524+00:00,201,23497.15,
2026-09-11T20:22:51.362364+00:00,201,23293.28,
2026-09-11T20:22:51.187234+00:00,201,23465.15,
2026-09-11T20:22:51.324084+00:00,201,23319.05,
2026-09-11T20:22:51.292367+00:00,201,23363.49,
2026-09-11T20:22:53.797495+00:00,201,20851.38,
2026-09-11T20:22:51.324084+00:00,201,23330.44,
2026-09-11T20:22:51.308438+00:00,201,23344.67,
2026-09-11T20:22:51.138533+00:00,201,23521.16,
2026-09-11T20:22:53.828885+00:00,201,20830.09,
2026-09-11T20:22:51.173548+00:00,201,23490.88,
2026-09-11T20:22:53.828885+00:00,201,20824.89,
2026-09-11T20:22:51.426338+00:00,201,23241.38,
2026-09-11T20:22:51.366363+00:00,201,23305.31,
2026-09-11T20:22:53.848049+00:00,201,20815.66,
2026-09-11T20:22:51.410676+00:00,201,23262.26,
2026-09-11T20:22:51.536467+00:00,201,23131.54,
2026-09-11T20:22:51.442029+00:00,201,23226.68,
2026-09-11T20:22:51.384824+00:00,201,23284.48,
2026-09-11T20:22:51.518826+00:00,201,23146.00,
2026-09-11T20:22:51.384824+00:00,201,23294.74,
2026-09-11T20:22:51.426338+00:00,201,23243.03,
2026-09-11T20:22:51.324084+00:00,201,23346.38,
2026-09-11T20:22:51.578757+00:00,201,23105.83,
2026-09-11T20:22:51.308438+00:00,201,23375.91,
2026-09-11T20:22:53.868692+00:00,201,20818.28,
2026-09-11T20:22:51.587280+00:00,201,23100.90,
2026-09-11T20:22:51.602990+00:00,201,23080.04,
2026-09-11T20:22:51.426338+00:00,201,23258.42,
2026-09-11T20:22:51.518826+00:00,201,23166.62,
2026-09-11T20:22:51.493600+00:00,201,23198.72,
2026-09-11T20:22:53.894506+00:00,201,20795.21,
2026-09-11T20:22:51.681999+00:00,201,23002.97,
2026-09-11T20:22:51.618813+00:00,201,23064.33,
2026-09-11T20:22:53.910632+00:00,201,20773.63,
2026-09-11T20:22:51.536467+00:00,201,23158.20,
2026-09-11T20:22:51.587280+00:00,201,23097.89,
2026-09-11T20:22:51.503101+00:00,201,23191.64,
2026-09-11T20:22:51.602990+00:00,201,23086.83,
2026-09-11T20:22:51.587280+00:00,201,23108.13,
2026-09-11T20:22:51.666099+00:00,201,23037.84,
2026-09-11T20:22:53.930922+00:00,201,20773.74,
2026-09-11T20:22:51.478197+00:00,201,23221.72,
2026-09-11T20:22:51.737201+00:00,201,22971.72,
2026-09-11T20:22:51.758476+00:00,201,22948.18,
2026-09-11T20:22:53.894506+00:00,201,20809.90,
2026-09-11T20:22:51.558678+00:00,201,23155.72,
2026-09-11T20:22:51.650222+00:00,201,23063.12,
2026-09-11T20:22:51.570839+00:00,201,23146.55,
2026-09-11T20:22:51.395177+00:00,201,23313.75,
2026-09-11T20:22:51.774388+00:00,201,22941.22,
2026-09-11T20:22:51.743109+00:00,201,22974.22,
2026-09-11T20:22:51.790217+00:00,201,22924.87,
2026-09-11T20:22:51.716954+00:00,201,23007.40,
2026-09-11T20:22:51.674002+00:00,201,23049.99,
2026-09-11T20:22:53.966683+00:00,201,20761.75,
2026-09-11T20:22:51.837497+00:00,201,22881.46,
2026-09-11T20:22:51.784201+00:00,201,22944.91,
2026-09-11T20:22:53.942444+00:00,201,20790.56,
2026-09-11T20:22:51.901115+00:00,201,22831.91,
2026-09-11T20:22:51.821497+00:00,201,22902.14,
2026-09-11T20:22:51.790217+00:00,201,22936.30,
2026-09-11T20:22:51.674002+00:00,201,23058.54,
2026-09-11T20:22:51.885132+00:00,201,22846.41,
2026-09-11T20:22:53.930922+00:00,201,20805.51,
2026-09-11T20:22:51.963469+00:00,201,22780.20,
2026-09-11T20:22:51.930186+00:00,201,22815.94,
2026-09-11T20:22:51.885132+00:00,201,22861.17,
2026-09-11T20:22:51.947675+00:00,201,22801.03,
2026-09-11T20:22:52.056962+00:00,201,22691.15,
2026-09-11T20:22:51.873978+00:00,201,22878.43,
2026-09-11T20:22:51.853478+00:00,201,22889.04,
2026-09-11T20:22:53.966683+00:00,201,20786.50,
2026-09-11T20:22:51.805498+00:00,201,22946.72,
2026-09-11T20:22:54.003175+00:00,201,20751.40,
2026-09-11T20:22:54.003175+00:00,201,20747.04,
2026-09-11T20:22:51.790217+00:00,201,22958.03,
2026-09-11T20:22:51.821497+00:00,201,22941.11,
2026-09-11T20:22:51.969504+00:00,201,22796.03,
2026-09-11T20:22:51.991413+00:00,201,22774.62,
2026-09-11T20:22:52.074296+00:00,201,22680.43,
2026-09-11T20:22:51.971511+00:00,201,22797.46,
2026-09-11T20:22:52.174998+00:00,201,22591.33,
2026-09-11T20:22:52.120540+00:00,201,22645.57,
2026-09-11T20:22:52.041260+00:00,201,22723.60,
2026-09-11T20:22:52.263609+00:00,201,22512.34,
2026-09-11T20:22:52.120540+00:00,201,22643.38,
2026-09-11T20:22:52.074296+00:00,201,22700.60,
2026-09-11T20:22:52.199411+00:00,201,22568.00,
2026-09-11T20:22:52.215054+00:00,201,22552.19,
2026-09-11T20:22:52.056962+00:00,201,22716.61,
2026-09-11T20:22:52.152204+00:00,201,22618.73,
2026-09-11T20:22:52.270607+00:00,201,22512.83,
2026-09-11T20:22:52.199411+00:00,201,22577.64,
2026-09-11T20:22:53.958161+00:00,201,20823.46,
2026-09-11T20:22:52.280078+00:00,201,22504.20,
2026-09-11T20:22:52.215054+00:00,201,22568.69,
2026-09-11T20:22:52.286486+00:00,201,22504.15,
2026-09-11T20:22:54.018197+00:00,201,20769.79,
2026-09-11T20:22:54.001367+00:00,201,20791.29,
2026-09-11T20:22:52.167838+00:00,201,22621.29,
2026-09-11T20:22:53.994093+00:00,201,20800.99,
2026-09-11T20:22:54.049876+00:00,201,20746.97,
2026-09-11T20:22:52.185597+00:00,201,22602.64,
2026-09-11T20:22:54.018197+00:00,201,20769.13,
2026-09-11T20:22:54.062631+00:00,201,20736.44,
2026-09-11T20:22:52.088868+00:00,201,22707.62,
2026-09-11T20:22:52.246665+00:00,201,22556.43,
2026-09-11T20:22:54.049876+00:00,201,20749.51,
2026-09-11T20:22:51.980129+00:00,201,22825.39,
2026-09-11T20:22:52.088868+00:00,201,22710.08,
2026-09-11T20:22:54.056610+00:00,201,20750.64,
2026-09-11T20:22:54.049876+00:00,201,20756.06,
2026-09-11T20:22:54.049876+00:00,201,20754.60,
2026-09-11T20:22:54.075699+00:00,201,20735.82,
2026-09-11T20:22:52.286486+00:00,201,22520.27,
2026-09-11T20:22:52.215054+00:00,201,22590.69,
2026-09-11T20:22:54.073694+00:00,201,20741.50,
2026-09-11T20:22:54.091748+00:00,201,20724.27,
2026-09-11T20:22:52.274742+00:00,201,22539.87,
2026-09-11T20:22:54.071688+00:00,201,20748.24,
2026-09-11T20:22:54.067675+00:00,201,20752.42,
2026-09-11T20:22:54.065668+00:00,201,20756.49,
2026-09-11T20:22:54.060623+00:00,201,20763.87,
2026-09-11T20:22:54.095760+00:00,201,20731.47,
2026-09-11T20:22:54.089743+00:00,201,20738.75,
2026-09-11T20:22:54.098849+00:00,201,20731.72,
2026-09-11T20:22:54.081721+00:00,201,20749.08,
2026-09-11T20:22:54.078209+00:00,201,20755.08,
2026-09-11T20:22:54.114506+00:00,201,20719.99,
2026-09-11T20:22:54.049876+00:00,201,20783.58,
2026-09-11T20:22:54.119509+00:00,201,20717.18,
2026-09-11T20:22:54.058616+00:00,201,20779.24,
2026-09-11T20:22:54.123049+00:00,201,20716.89,
2026-09-11T20:22:54.107171+00:00,201,20734.71,
2026-09-11T20:22:54.087737+00:00,201,20755.62,
2026-09-11T20:22:54.121049+00:00,201,20723.44,
2026-09-11T20:22:54.127047+00:00,201,20719.90,
2026-09-11T20:22:54.102043+00:00,201,20746.48,
2026-09-11T20:22:54.118506+00:00,201,20731.65,
2026-09-11T20:22:54.107692+00:00,201,20741.10,
2026-09-11T20:22:54.083727+00:00,201,20767.96,
2026-09-11T20:22:54.080214+00:00,201,20774.72,
2026-09-11T20:22:54.129047+00:00,201,20726.22,
2026-09-11T20:22:54.116506+00:00,201,20741.43,
2026-09-11T20:22:54.112508+00:00,201,20747.37,
2026-09-11T20:22:54.129047+00:00,201,20721.42,
2026-09-11T20:22:54.128048+00:00,201,20734.70,
2026-09-11T20:22:54.160532+00:00,201,20697.58,
2026-09-11T20:22:54.160532+00:00,201,20696.53,
2026-09-11T20:22:54.115506+00:00,201,20752.46,
2026-09-11T20:22:54.191268+00:00,201,20678.69,
2026-09-11T20:22:54.125049+00:00,201,20746.24,
2026-09-11T20:22:54.129047+00:00,201,20728.86,
2026-09-11T20:22:54.129047+00:00,201,20739.92,
2026-09-11T20:22:54.144824+00:00,201,20729.25,
2026-09-11T20:22:54.144824+00:00,201,20723.60,
2026-09-11T20:22:54.194765+00:00,201,20684.14,
2026-09-11T20:22:54.129047+00:00,201,20742.32,
2026-09-11T20:22:54.160532+00:00,201,20709.72,
2026-09-11T20:22:54.160532+00:00,201,20719.31,
2026-09-11T20:22:54.160532+00:00,201,20723.79,
2026-09-11T20:22:54.144824+00:00,201,20730.79,
2026-09-11T20:22:54.144824+00:00,201,20739.67,
2026-09-11T20:22:54.178400+00:00,201,20709.46,
2026-09-11T20:22:54.129047+00:00,201,20760.27,
2026-09-11T20:22:54.129047+00:00,201,20757.67,
2026-09-11T20:22:54.129047+00:00,201,20753.61,
2026-09-11T20:22:54.219830+00:00,201,20677.53,
2026-09-11T20:22:54.144824+00:00,201,20747.71,
2026-09-11T20:22:54.206228+00:00,201,20694.31,
2026-09-11T20:22:54.214834+00:00,201,20687.58,
2026-09-11T20:22:54.219830+00:00,201,20682.16,
2026-09-11T20:22:54.160532+00:00,201,20730.85,
2026-09-11T20:22:54.178400+00:00,201,20729.57,
2026-09-11T20:22:54.211227+00:00,201,20698.25,
2026-09-11T20:22:54.209228+00:00,201,20702.19,
2026-09-11T20:22:54.212831+00:00,201,20700.07,
2026-09-11T20:22:54.235537+00:00,201,20671.52,
2026-09-11T20:22:54.203163+00:00,201,20713.42,
2026-09-11T20:22:54.235537+00:00,201,20678.10,
2026-09-11T20:22:54.217830+00:00,201,20703.26,
2026-09-11T20:22:54.178400+00:00,201,20738.87,
2026-09-11T20:22:54.219830+00:00,201,20696.04,
2026-09-11T20:22:54.178400+00:00,201,20739.68,
2026-09-11T20:22:54.235537+00:00,201,20681.41,
2026-09-11T20:22:54.251577+00:00,201,20679.15,
2026-09-11T20:22:54.144824+00:00,201,20774.10,
2026-09-11T20:22:54.219830+00:00,201,20708.32,
2026-09-11T20:22:54.219830+00:00,201,20703.30,
2026-09-11T20:22:54.267234+00:00,201,20671.62,
2026-09-11T20:22:54.235537+00:00,201,20695.17,
2026-09-11T20:22:54.235537+00:00,201,20703.83,
2026-09-11T20:22:54.219830+00:00,201,20712.40,
2026-09-11T20:22:54.251577+00:00,201,20684.59,
2026-09-11T20:22:54.235537+00:00,201,20710.22,
2026-09-11T20:22:54.251577+00:00,201,20693.95,
2026-09-11T20:22:54.288111+00:00,201,20660.24,
2026-09-11T20:22:54.235537+00:00,201,20701.34,
2026-09-11T20:22:54.199736+00:00,201,20751.40,
2026-09-11T20:22:54.235537+00:00,201,20702.63,
2026-09-11T20:22:54.251577+00:00,201,20688.34,
2026-09-11T20:22:54.251577+00:00,201,20700.48,
2026-09-11T20:22:54.251577+00:00,201,20697.65,
2026-09-11T20:22:54.219830+00:00,201,20733.40,
2026-09-11T20:22:54.251577+00:00,201,20694.46,
2026-09-11T20:22:54.251577+00:00,201,20703.88,
2026-09-11T20:22:54.267234+00:00,201,20688.12,
2026-09-11T20:22:54.297335+00:00,201,20665.00,
2026-09-11T20:22:54.251577+00:00,201,20706.26,
2026-09-11T20:22:54.300336+00:00,201,20664.82,
2026-09-11T20:22:54.303158+00:00,201,20660.11,
2026-09-11T20:22:54.267234+00:00,201,20698.98,
2026-09-11T20:22:54.303158+00:00,201,20652.64,
2026-09-11T20:22:54.267234+00:00,201,20695.44,
2026-09-11T20:22:54.303158+00:00,201,20667.99,
2026-09-11T20:22:54.276402+00:00,201,20696.08,
2026-09-11T20:22:54.279728+00:00,201,20694.65,
2026-09-11T20:22:54.303158+00:00,201,20661.77,
2026-09-11T20:22:54.282306+00:00,201,20693.50,
2026-09-11T20:22:54.251577+00:00,201,20716.20,
2026-09-11T20:22:54.303158+00:00,201,20671.23,
2026-09-11T20:22:54.251577+00:00,201,20717.51,
2026-09-11T20:22:54.291113+00:00,201,20690.65,
2026-09-11T20:22:54.318314+00:00,201,20657.51,
2026-09-11T20:22:54.303158+00:00,201,20673.17,
2026-09-11T20:22:54.303158+00:00,201,20670.24,
2026-09-11T20:22:54.267234+00:00,201,20714.80,
2026-09-11T20:22:54.318314+00:00,201,20666.95,
2026-09-11T20:22:54.303158+00:00,201,20679.56,
2026-09-11T20:22:54.303158+00:00,201,20685.25,
2026-09-11T20:22:54.318314+00:00,201,20664.84,
2026-09-11T20:22:54.318314+00:00,201,20661.91,
2026-09-11T20:22:54.301338+00:00,201,20692.10,
2026-09-11T20:22:54.303158+00:00,201,20677.45,
2026-09-11T20:22:54.303158+00:00,201,20684.35,
2026-09-11T20:22:54.334040+00:00,201,20662.12,
2026-09-11T20:22:54.334040+00:00,201,20661.56,
2026-09-11T20:22:54.318314+00:00,201,20678.06,
2026-09-11T20:22:54.349938+00:00,201,20648.80,
2026-09-11T20:22:54.267234+00:00,201,20732.68,
2026-09-11T20:22:54.349938+00:00,201,20643.16,
2026-09-11T20:22:54.334040+00:00,201,20662.25,
2026-09-11T20:22:54.295113+00:00,201,20710.97,
2026-09-11T20:22:54.318314+00:00,201,20688.83,
2026-09-11T20:22:54.376554+00:00,201,20631.98,
2026-09-11T20:22:54.334040+00:00,201,20661.45,
2026-09-11T20:22:54.318314+00:00,201,20682.46,
2026-09-11T20:22:54.318314+00:00,201,20680.08,
2026-09-11T20:22:54.318314+00:00,201,20686.77,
2026-09-11T20:22:54.349938+00:00,201,20665.08,
2026-09-11T20:22:54.365596+00:00,201,20648.02,
2026-09-11T20:22:54.334040+00:00,201,20677.10,
2026-09-11T20:22:54.318314+00:00,201,20695.74,
2026-09-11T20:22:54.299335+00:00,201,20721.94,
2026-09-11T20:22:54.365596+00:00,201,20657.11,
2026-09-11T20:22:54.365596+00:00,201,20650.23,
2026-09-11T20:22:54.365596+00:00,201,20649.52,
2026-09-11T20:22:54.365596+00:00,201,20654.67,
2026-09-11T20:22:54.403316+00:00,201,20623.92,
2026-09-11T20:22:54.318314+00:00,201,20696.65,
2026-09-11T20:22:54.294110+00:00,201,20736.19,
2026-09-11T20:22:54.383272+00:00,201,20648.36,
2026-09-11T20:22:54.379876+00:00,201,20652.88,
2026-09-11T20:22:54.405449+00:00,201,20628.08,
2026-09-11T20:22:54.349938+00:00,201,20677.83,
2026-09-11T20:22:54.365596+00:00,201,20668.89,
2026-09-11T20:22:54.394953+00:00,201,20642.14,
2026-09-11T20:22:54.349938+00:00,201,20679.54,
2026-09-11T20:22:54.400010+00:00,201,20639.35,
2026-09-11T20:22:54.428331+00:00,201,20602.69,
2026-09-11T20:22:40.906241+00:00,201,34136.24,
2026-09-11T20:22:54.391607+00:00,201,20651.73,
2026-09-11T20:22:54.334040+00:00,201,20699.60,
2026-09-11T20:22:54.334040+00:00,201,20698.95,
2026-09-11T20:22:54.398011+00:00,201,20649.09,
2026-09-11T20:22:54.349938+00:00,201,20685.29,
2026-09-11T20:22:54.334040+00:00,201,20709.98,
2026-09-11T20:22:54.412448+00:00,201,20630.90,
2026-09-11T20:22:54.410448+00:00,201,20641.57,
2026-09-11T20:22:54.412448+00:00,201,20636.00,
2026-09-11T20:22:42.229689+00:00,201,32825.16,
2026-09-11T20:22:54.412448+00:00,201,20643.23,
2026-09-11T20:22:54.408448+00:00,201,20649.00,
2026-09-11T20:22:54.428331+00:00,201,20626.20,
2026-09-11T20:22:54.386508+00:00,201,20673.31,
2026-09-11T20:22:54.443998+00:00,201,20602.65,
2026-09-11T20:22:51.138533+00:00,201,23914.18,
2026-09-11T20:22:54.349938+00:00,201,20708.37,
2026-09-11T20:22:41.540172+00:00,201,33523.38,
2026-09-11T20:22:41.191930+00:00,201,33874.34,
2026-09-11T20:22:54.412448+00:00,201,20639.78,
2026-09-11T20:22:54.412448+00:00,201,20653.21,
2026-09-11T20:22:54.443998+00:00,201,20619.53,
2026-09-11T20:22:47.675622+00:00,201,27393.86,
2026-09-11T20:22:54.428331+00:00,201,20631.19,
2026-09-11T20:22:51.347136+00:00,201,23725.85,
2026-09-11T20:22:50.619612+00:00,201,24455.02,
2026-09-11T20:22:54.459808+00:00,201,20616.25,
2026-09-11T20:22:44.371379+00:00,201,30705.74,
2026-09-11T20:22:51.324084+00:00,201,23753.23,
2026-09-11T20:22:49.407772+00:00,201,25662.96,
2026-09-11T20:22:51.279962+00:00,201,23800.94,
2026-09-11T20:22:51.618813+00:00,201,23453.00,
2026-09-11T20:22:41.743455+00:00,201,33338.40,
2026-09-11T20:22:54.443998+00:00,201,20631.19,
2026-09-11T20:22:51.106483+00:00,201,23977.91,
2026-09-11T20:22:51.587280+00:00,201,23497.45,
2026-09-11T20:22:51.292367+00:00,201,23788.54,
2026-09-11T20:22:51.244658+00:00,201,23836.42,
2026-09-11T20:22:54.491646+00:00,201,20598.61,
2026-09-11T20:22:51.602990+00:00,201,23480.27,
2026-09-11T20:22:51.075194+00:00,201,24011.80,
2026-09-11T20:22:51.170531+00:00,201,23923.62,
2026-09-11T20:22:54.491646+00:00,201,20599.02,
2026-09-11T20:22:51.681999+00:00,201,23413.54,
2026-09-11T20:22:51.666099+00:00,201,23428.65,
2026-09-11T20:22:51.442029+00:00,201,23647.65,
2026-09-11T20:22:51.723129+00:00,201,23378.06,
2026-09-11T20:22:51.503101+00:00,201,23598.30,
2026-09-11T20:22:51.154524+00:00,201,23942.90,
2026-09-11T20:22:54.443998+00:00,201,20649.88,
2026-09-11T20:22:50.952964+00:00,201,24153.52,
2026-09-11T20:22:51.765415+00:00,201,23347.67,
2026-09-11T20:22:51.634534+00:00,201,23477.76,
2026-09-11T20:22:51.765415+00:00,201,23344.88,
2026-09-11T20:22:54.507378+00:00,201,20601.63,
2026-09-11T20:22:51.634534+00:00,201,23477.46,
2026-09-11T20:22:51.805498+00:00,201,23303.78,
2026-09-11T20:22:51.821497+00:00,201,23294.48,
2026-09-11T20:22:51.602990+00:00,201,23515.11,
2026-09-11T20:22:52.074296+00:00,201,23041.24,
2026-09-11T20:22:51.395177+00:00,201,23726.93,
2026-09-11T20:22:51.873978+00:00,201,23249.30,
2026-09-11T20:22:51.901115+00:00,201,23221.68,
2026-09-11T20:22:51.837497+00:00,201,23288.80,
2026-09-11T20:22:51.885132+00:00,201,23238.95,
2026-09-11T20:22:52.098737+00:00,201,23032.12,
2026-09-11T20:22:51.853478+00:00,201,23278.02,
2026-09-11T20:22:51.681999+00:00,201,23439.15,
2026-09-11T20:22:51.805498+00:00,201,23315.28,
2026-09-11T20:22:51.959716+00:00,201,23175.98,
2026-09-11T20:22:54.727093+00:00,201,20403.49,
2026-09-11T20:22:52.056962+00:00,201,23071.44,
2026-09-11T20:22:51.739845+00:00,201,23401.03,
2026-09-11T20:22:52.199411+00:00,201,22936.77,
2026-09-11T20:22:51.790217+00:00,201,23350.24,
2026-09-11T20:22:52.302262+00:00,201,22838.06,
2026-09-11T20:22:51.957711+00:00,201,23188.23,
2026-09-11T20:22:52.234980+00:00,201,22912.25,
2026-09-11T20:22:41.765185+00:00,201,33374.61,
2026-09-11T20:22:52.270607+00:00,201,22875.57,
2026-09-11T20:22:44.407156+00:00,201,30738.58,
2026-09-11T20:22:52.041260+00:00,201,23097.60,
2026-09-11T20:22:51.784201+00:00,201,23368.84,
2026-09-11T20:22:41.313997+00:00,201,33839.73,
2026-09-11T20:22:52.265607+00:00,201,22890.58,
2026-09-11T20:22:54.742749+00:00,201,20405.70,
2026-09-11T20:22:52.152204+00:00,201,23006.39,
2026-09-11T20:22:54.742749+00:00,201,20404.30,
2026-09-11T20:22:54.758439+00:00,201,20395.78,
2026-09-11T20:22:41.415807+00:00,201,33747.72,
2026-09-11T20:22:49.439427+00:00,201,25722.27,
2026-09-11T20:22:52.253323+00:00,201,22911.97,
2026-09-11T20:22:51.935188+00:00,201,23231.42,
2026-09-11T20:22:51.726126+00:00,201,23441.93,
2026-09-11T20:22:47.698684+00:00,201,27616.31,
2026-09-11T20:22:51.634534+00:00,201,23674.65,
2026-09-11T20:22:51.821497+00:00,201,23487.75,
2026-09-11T20:22:46.481952+00:00,201,28832.56,
2026-09-11T20:22:51.059188+00:00,201,24251.44,
2026-09-11T20:22:54.758439+00:00,201,20559.79,
2026-09-11T20:22:52.074296+00:00,201,23240.38,
2026-09-11T20:22:51.410676+00:00,201,23910.99,
2026-09-11T20:22:51.618813+00:00,201,23702.77,
2026-09-11T20:22:52.136537+00:00,201,23187.77,
2026-09-11T20:22:41.602906+00:00,201,33726.07,
2026-09-11T20:22:41.620104+00:00,201,33710.60,
2026-09-11T20:22:54.775454+00:00,201,20557.05,
2026-09-11T20:22:51.901115+00:00,201,23425.18,
2026-09-11T20:22:54.767709+00:00,201,20567.82,
2026-09-11T20:22:41.794337+00:00,201,33542.19,
2026-09-11T20:22:42.374235+00:00,201,32964.26,
2026-09-11T20:22:52.056962+00:00,201,23269.34,
2026-09-11T20:22:44.422350+00:00,201,30909.62,
2026-09-11T20:22:54.911420+00:00,201,20423.68,
2026-09-11T20:22:51.774388+00:00,201,23566.64,
2026-09-11T20:22:51.765415+00:00,201,23577.08,
2026-09-11T20:22:51.743109+00:00,201,23589.08,
2026-09-11T20:22:55.418483+00:00,201,19929.15,
2026-09-11T20:22:47.714742+00:00,201,27618.55,
2026-09-11T20:22:51.742478+00:00,201,23607.44,
2026-09-11T20:22:51.122552+00:00,201,24221.48,
2026-09-11T20:22:42.410962+00:00,201,32941.66,
2026-09-11T20:22:51.853478+00:00,201,23486.41,
2026-09-11T20:22:41.429832+00:00,201,33925.71,
2026-09-11T20:22:52.104815+00:00,201,23238.48,
2026-09-11T20:22:51.187234+00:00,201,24168.55,
2026-09-11T20:22:54.767709+00:00,201,20585.61,
2026-09-11T20:22:46.906312+00:00,201,28450.38,
2026-09-11T20:22:50.635602+00:00,201,24712.72,
2026-09-11T20:22:41.358635+00:00,201,34003.43,
2026-09-11T20:22:49.487714+00:00,201,25870.89,
2026-09-11T20:22:55.877898+00:00,201,19488.31,
2026-09-11T20:22:50.619612+00:00,201,24733.15,
2026-09-11T20:22:49.463972+00:00,201,25901.79,
2026-09-11T20:22:42.446929+00:00,201,32923.10,
2026-09-11T20:22:54.959027+00:00,201,20408.71,
2026-09-11T20:22:42.143931+00:00,201,33221.86,
2026-09-11T20:22:55.155348+00:00,201,20212.33,
2026-09-11T20:22:41.815990+00:00,201,33559.51,
2026-09-11T20:22:55.139301+00:00,201,20233.23,
2026-09-11T20:22:41.144142+00:00,201,34234.09,
2026-09-11T20:22:46.513761+00:00,201,28862.91,
2026-09-11T20:22:41.443245+00:00,201,33936.43,
2026-09-11T20:22:41.458734+00:00,201,33923.26,
2026-09-11T20:22:43.978457+00:00,201,31399.73,
2026-09-11T20:22:42.478495+00:00,201,32904.06,
2026-09-11T20:22:51.758476+00:00,201,23625.97,
2026-09-11T20:22:55.361558+00:00,201,20019.02,
2026-09-11T20:22:41.839504+00:00,201,33548.44,
2026-09-11T20:22:50.651335+00:00,201,24724.97,
2026-09-11T20:22:46.926204+00:00,201,28462.89,
2026-09-11T20:22:55.376623+00:00,201,20012.48,
2026-09-11T20:22:49.519688+00:00,201,25873.15,
2026-09-11T20:22:50.672977+00:00,201,24715.91,
2026-09-11T20:22:41.285806+00:00,201,34111.71,
2026-09-11T20:22:40.887775+00:00,201,34511.52,
2026-09-11T20:22:44.136148+00:00,201,31264.47,
2026-09-11T20:22:41.469550+00:00,201,33928.22,
2026-09-11T20:22:41.046637+00:00,201,34355.35,
2026-09-11T20:22:42.520654+00:00,201,32884.48,
2026-09-11T20:22:46.933246+00:00,201,28461.05,
2026-09-11T20:22:41.632221+00:00,201,33769.73,
2026-09-11T20:22:41.587161+00:00,201,33820.65,
2026-09-11T20:22:55.534525+00:00,201,19876.32,
2026-09-11T20:22:55.518050+00:00,201,19886.26,
2026-09-11T20:22:49.547294+00:00,201,25865.93,
2026-09-11T20:22:50.700035+00:00,201,24714.39,
2026-09-11T20:22:44.825475+00:00,201,30590.21,
2026-09-11T20:22:41.483090+00:00,201,33931.98,
2026-09-11T20:22:56.249494+00:00,201,19169.02,
2026-09-11T20:22:41.862889+00:00,201,33555.21,
2026-09-11T20:22:46.963629+00:00,201,28457.48,
2026-09-11T20:22:42.562187+00:00,201,32859.98,
2026-09-11T20:22:42.267349+00:00,201,33155.33,
2026-09-11T20:22:42.091243+00:00,201,33333.81,
2026-09-11T20:22:41.892652+00:00,201,33532.19,
2026-09-11T20:22:55.800675+00:00,201,19626.48,
2026-09-11T20:22:49.574368+00:00,201,25854.51,
2026-09-11T20:22:50.703031+00:00,201,24712.84,
2026-09-11T20:22:50.766605+00:00,201,24663.23,
2026-09-11T20:22:50.718841+00:00,201,24699.12,
2026-09-11T20:22:46.979335+00:00,201,28453.29,
2026-09-11T20:22:41.009766+00:00,201,34421.05,
2026-09-11T20:22:42.601201+00:00,201,32835.81,
2026-09-11T20:22:49.599774+00:00,201,25837.06,
2026-09-11T20:22:40.806652+00:00,201,34632.13,
2026-09-11T20:22:44.857189+00:00,201,30578.95,
2026-09-11T20:22:41.270293+00:00,201,34171.43,
2026-09-11T20:22:47.008977+00:00,201,28423.40,
2026-09-11T20:22:44.973068+00:00,201,30464.62,
2026-09-11T20:22:42.695980+00:00,201,32749.25,
2026-09-11T20:22:49.692169+00:00,201,25747.64,
2026-09-11T20:22:48.336228+00:00,201,27112.10,
2026-09-11T20:22:41.238227+00:00,201,34210.89,
2026-09-11T20:22:50.783248+00:00,201,24664.02,
2026-09-11T20:22:44.895329+00:00,201,30553.59,
2026-09-11T20:22:40.866328+00:00,201,34586.73,
2026-09-11T20:22:48.296494+00:00,201,27154.87,
2026-09-11T20:22:40.818382+00:00,201,34638.46,
2026-09-11T20:22:42.635114+00:00,201,32822.64,
2026-09-11T20:22:48.353818+00:00,201,27101.91,
2026-09-11T20:22:50.734896+00:00,201,24711.02,
2026-09-11T20:22:46.529673+00:00,201,28918.04,
2026-09-11T20:22:49.635518+00:00,201,25828.42,
2026-09-11T20:22:47.075614+00:00,201,28387.92,
2026-09-11T20:22:45.016805+00:00,201,30448.65,
2026-09-11T20:22:49.739848+00:00,201,25727.51,
2026-09-11T20:22:42.724711+00:00,201,32743.90,
2026-09-11T20:22:50.845871+00:00,201,24615.58,
2026-09-11T20:22:46.992957+00:00,201,28473.32,
2026-09-11T20:22:40.872709+00:00,201,34600.18,
2026-09-11T20:22:44.936709+00:00,201,30538.04,
2026-09-11T20:22:41.040430+00:00,201,34435.05,
2026-09-11T20:22:56.711487+00:00,201,18765.65,
2026-09-11T20:22:48.311922+00:00,201,27161.79,
2026-09-11T20:22:42.656102+00:00,201,32819.75,
2026-09-11T20:22:45.051380+00:00,201,30421.76,
2026-09-11T20:22:49.769089+00:00,201,25712.16,
2026-09-11T20:22:49.660276+00:00,201,25816.06,
2026-09-11T20:22:42.760025+00:00,201,32724.54,
2026-09-11T20:22:50.798309+00:00,201,24672.96,
2026-09-11T20:22:47.087973+00:00,201,28393.64,
2026-09-11T20:22:48.370769+00:00,201,27112.65,
2026-09-11T20:22:50.910078+00:00,201,24570.86,
2026-09-11T20:22:45.095833+00:00,201,30393.59,
2026-09-11T20:22:48.399651+00:00,201,27093.48,
2026-09-11T20:22:49.803610+00:00,201,25691.79,
2026-09-11T20:22:42.800026+00:00,201,32698.71,
2026-09-11T20:22:46.740839+00:00,201,28761.54,
2026-09-11T20:22:45.143874+00:00,201,30354.66,
2026-09-11T20:22:47.105230+00:00,201,28395.00,
2026-09-11T20:22:57.070520+00:00,201,18437.11,
2026-09-11T20:22:48.402298+00:00,201,27094.13,
2026-09-11T20:22:42.840449+00:00,201,32669.01,
2026-09-11T20:22:49.851156+00:00,201,25658.66,
2026-09-11T20:22:47.155838+00:00,201,28354.02,
2026-09-11T20:22:45.191448+00:00,201,30322.63,
2026-09-11T20:22:48.422448+00:00,201,27089.46,
2026-09-11T20:22:42.877330+00:00,201,32642.86,
2026-09-11T20:22:49.994121+00:00,201,25524.93,
2026-09-11T20:22:45.247220+00:00,201,30273.62,
2026-09-11T20:22:50.107592+00:00,201,25413.37,
2026-09-11T20:22:47.261985+00:00,201,28268.81,
2026-09-11T20:22:42.915089+00:00,201,32612.94,
2026-09-11T20:22:48.465803+00:00,201,27068.32,
2026-09-11T20:22:45.286809+00:00,201,30245.38,
2026-09-11T20:22:47.286187+00:00,201,28243.83,
2026-09-11T20:22:57.222855+00:00,201,18319.20,
2026-09-11T20:22:42.951124+00:00,201,32592.22,
2026-09-11T20:22:50.250494+00:00,201,25289.49,
2026-09-11T20:22:48.481356+00:00,201,27054.71,
2026-09-11T20:22:42.981403+00:00,201,32569.82,
2026-09-11T20:22:45.333155+00:00,201,30219.94,
2026-09-11T20:22:48.519733+00:00,201,27035.40,
2026-09-11T20:22:47.318306+00:00,201,28229.36,
2026-09-11T20:22:50.314093+00:00,201,25243.38,
2026-09-11T20:22:45.376783+00:00,201,30183.65,
2026-09-11T20:22:48.544931+00:00,201,27008.17,
2026-09-11T20:22:43.022223+00:00,201,32541.25,
2026-09-11T20:22:45.431887+00:00,201,30130.79,
2026-09-11T20:22:47.361588+00:00,201,28204.44,
2026-09-11T20:22:50.330770+00:00,201,25230.38,
2026-09-11T20:22:41.182708+00:00,201,34387.08,
2026-09-11T20:22:57.318405+00:00,201,18251.06,
2026-09-11T20:22:50.350847+00:00,201,25214.62,
2026-09-11T20:22:43.047981+00:00,201,32525.64,
2026-09-11T20:22:48.576944+00:00,201,26983.54,
2026-09-11T20:22:43.089271+00:00,201,32486.90,
2026-09-11T20:22:45.470337+00:00,201,30102.60,
2026-09-11T20:22:48.624400+00:00,201,26950.11,
2026-09-11T20:22:41.301506+00:00,201,34279.38,
2026-09-11T20:22:50.378436+00:00,201,25203.14,
2026-09-11T20:22:50.398741+00:00,201,25183.19,
2026-09-11T20:22:43.130900+00:00,201,32454.37,
2026-09-11T20:22:45.519667+00:00,201,30062.36,
2026-09-11T20:22:41.344324+00:00,201,34242.27,
2026-09-11T20:22:48.670925+00:00,201,26918.02,
2026-09-11T20:22:43.159243+00:00,201,32430.66,
2026-09-11T20:22:48.702577+00:00,201,26882.32,
2026-09-11T20:22:57.415919+00:00,201,18177.39,
2026-09-11T20:22:50.414773+00:00,201,25172.67,
2026-09-11T20:22:41.648969+00:00,201,33940.29,
2026-09-11T20:22:45.563496+00:00,201,30031.95,
2026-09-11T20:22:50.430508+00:00,201,25154.27,
2026-09-11T20:22:45.605904+00:00,201,29992.76,
2026-09-11T20:22:43.212460+00:00,201,32378.10,
2026-09-11T20:22:41.132160+00:00,201,34467.60,
2026-09-11T20:22:48.749621+00:00,201,26850.74,
2026-09-11T20:22:43.191538+00:00,201,32414.11,
2026-09-11T20:22:44.193472+00:00,201,31413.70,
2026-09-11T20:22:48.797310+00:00,201,26810.74,
2026-09-11T20:22:45.651220+00:00,201,29959.02,
2026-09-11T20:22:49.930620+00:00,201,25665.81,
2026-09-11T20:22:45.696930+00:00,201,29910.80,
2026-09-11T20:22:46.452879+00:00,201,29155.52,
2026-09-11T20:22:43.248853+00:00,201,32363.06,
2026-09-11T20:22:50.026224+00:00,201,25590.01,
2026-09-11T20:22:48.837222+00:00,201,26779.95,
2026-09-11T20:22:47.040488+00:00,201,28577.10,
2026-09-11T20:22:57.503514+00:00,201,18114.56,
2026-09-11T20:22:50.042014+00:00,201,25566.58,
2026-09-11T20:22:43.286759+00:00,201,32337.32,
2026-09-11T20:22:45.785580+00:00,201,29836.95,
2026-09-11T20:22:49.100856+00:00,201,26515.90,
2026-09-11T20:22:45.743535+00:00,201,29882.70,
2026-09-11T20:22:50.073842+00:00,201,25544.56,
2026-09-11T20:22:47.056863+00:00,201,28570.75,
2026-09-11T20:22:42.117255+00:00,201,33511.53,
2026-09-11T20:22:40.924661+00:00,201,34708.59,
2026-09-11T20:22:50.464347+00:00,201,25168.03,
2026-09-11T20:22:43.314671+00:00,201,32320.27,
2026-09-11T20:22:45.823516+00:00,201,29803.76,
2026-09-11T20:22:47.221129+00:00,201,28412.82,
2026-09-11T20:22:43.345840+00:00,201,32293.62,
2026-09-11T20:22:43.377444+00:00,201,32264.64,
2026-09-11T20:22:47.191482+00:00,201,28450.17,
2026-09-11T20:22:41.373439+00:00,201,34270.35,
2026-09-11T20:22:50.478070+00:00,201,25157.06,
2026-09-11T20:22:57.617341+00:00,201,18018.43,
2026-09-11T20:22:45.972875+00:00,201,29675.87,
2026-09-11T20:22:40.988068+00:00,201,34661.99,
2026-09-11T20:22:43.407084+00:00,201,32243.41,
2026-09-11T20:22:46.095604+00:00,201,29552.08,
2026-09-11T20:22:50.147388+00:00,201,25507.60,
2026-09-11T20:22:45.924448+00:00,201,29727.58,
2026-09-11T20:22:50.279556+00:00,201,25375.97,
2026-09-11T20:22:42.183433+00:00,201,33475.07,
2026-09-11T20:22:43.433193+00:00,201,32221.43,
2026-09-11T20:22:46.015834+00:00,201,29644.63,
2026-09-11T20:22:40.755830+00:00,201,34906.74,
2026-09-11T20:22:43.466480+00:00,201,32194.89,
2026-09-11T20:22:46.307299+00:00,201,29357.90,
2026-09-11T20:22:57.708166+00:00,201,17950.45,
2026-09-11T20:22:41.173170+00:00,201,34495.10,
2026-09-11T20:22:43.491649+00:00,201,32169.84,
2026-09-11T20:22:43.563187+00:00,201,32108.34,
2026-09-11T20:22:41.572410+00:00,201,34099.80,
2026-09-11T20:22:43.524678+00:00,201,32142.56,
2026-09-11T20:22:43.618764+00:00,201,32049.29,
2026-09-11T20:22:47.539737+00:00,201,28126.87,
2026-09-11T20:22:43.589077+00:00,201,32084.30,
2026-09-11T20:22:49.322727+00:00,201,26357.32,
2026-09-11T20:22:43.656507+00:00,201,32022.10,
2026-09-11T20:22:57.787047+00:00,201,17894.68,
2026-09-11T20:22:57.828994+00:00,201,17855.26,
2026-09-11T20:22:43.682279+00:00,201,31994.32,
2026-09-11T20:22:43.755921+00:00,201,31930.67,
2026-09-11T20:22:41.556777+00:00,201,34131.56,
2026-09-11T20:22:57.967573+00:00,201,17722.75,
2026-09-11T20:22:58.116934+00:00,201,17574.98,
2026-09-11T20:22:58.245745+00:00,201,17447.32,
2026-09-11T20:22:58.442452+00:00,201,17252.39,
2026-09-11T20:22:58.705523+00:00,201,16990.91,
2026-09-11T20:22:58.801018+00:00,201,16896.83,
2026-09-11T20:22:58.880974+00:00,201,16818.47,
2026-09-11T20:22:59.050406+00:00,201,16650.51,
2026-09-11T20:22:59.270893+00:00,201,16431.38,
2026-09-11T20:22:59.413037+00:00,201,16291.08,
2026-09-11T20:22:59.569591+00:00,201,16135.81,
2026-09-11T20:22:59.807694+00:00,201,15898.87,
2026-09-11T20:23:00.043956+00:00,201,15661.21,
2026-09-11T20:23:00.075604+00:00,201,15633.68,
2026-09-11T20:23:00.272045+00:00,201,15431.76,
2026-09-11T20:23:00.364016+00:00,201,15339.59,
2026-09-11T20:23:00.397097+00:00,201,15312.24,
2026-09-11T20:23:00.359901+00:00,201,15355.86,
2026-09-11T20:23:00.470600+00:00,201,15237.73,
2026-09-11T20:23:00.531737+00:00,201,15186.19,
2026-09-11T20:23:00.564821+00:00,201,15154.03,
2026-09-11T20:23:00.454962+00:00,201,15261.09,
2026-09-11T20:23:00.428485+00:00,201,15290.75,
2026-09-11T20:23:00.857814+00:00,201,14865.63,
2026-09-11T20:23:00.620786+00:00,201,15102.30,
2026-09-11T20:23:00.439028+00:00,201,15284.12,
2026-09-11T20:23:00.537987+00:00,201,15188.10,
2026-09-11T20:23:00.723575+00:00,201,15007.20,
2026-09-11T20:23:01.563224+00:00,201,14160.50,
2026-09-11T20:23:00.869085+00:00,201,14861.16,
2026-09-11T20:23:00.537987+00:00,201,15187.88,
2026-09-11T20:23:01.733517+00:00,201,14002.77,
2026-09-11T20:23:00.481613+00:00,201,15252.41,
2026-09-11T20:23:00.521387+00:00,201,15215.40,
2026-09-11T20:23:00.581555+00:00,201,15157.30,
2026-09-11T20:23:01.958773+00:00,201,13777.67,
2026-09-11T20:23:02.111428+00:00,201,13632.66,
2026-09-11T20:23:02.206960+00:00,201,13538.73,
2026-09-11T20:23:02.254199+00:00,201,13492.78,
2026-09-11T20:23:02.379896+00:00,201,13368.55,
2026-09-11T20:23:02.427584+00:00,201,13322.23,
2026-09-11T20:23:02.491044+00:00,201,13260.09,
2026-09-11T20:23:02.570127+00:00,201,13182.18,
2026-09-11T20:23:02.617221+00:00,201,13136.80,
2026-09-11T20:23:02.822582+00:00,201,12932.95,
2026-09-11T20:23:03.028212+00:00,201,12728.81,
2026-09-11T20:23:02.980950+00:00,201,12777.72,
2026-09-11T20:23:03.105945+00:00,201,12653.77,
2026-09-11T20:23:03.199761+00:00,201,12561.47,
2026-09-11T20:23:03.484657+00:00,201,12278.38,
2026-09-11T20:23:03.532106+00:00,201,12232.50,
2026-09-11T20:23:03.832884+00:00,201,11933.75,
2026-09-11T20:23:03.974131+00:00,201,11794.29,
2026-09-11T20:23:04.068969+00:00,201,11700.92,
2026-09-11T20:23:04.021445+00:00,201,11750.00,
2026-09-11T20:23:04.226802+00:00,201,11546.10,
2026-09-11T20:23:04.339735+00:00,201,11427.04,
2026-09-11T20:23:04.301913+00:00,201,11471.49,
2026-09-11T20:23:04.542634+00:00,201,11232.77,
2026-09-11T20:23:04.414331+00:00,201,11366.44,
2026-09-11T20:23:04.621405+00:00,201,11162.91,
2026-09-11T20:22:53.659901+00:00,201,22144.11,
2026-09-11T20:22:41.006011+00:00,201,34804.02,
2026-09-11T20:23:01.828118+00:00,201,14131.14,
2026-09-11T20:23:01.503624+00:00,201,14467.15,
2026-09-11T20:23:02.033018+00:00,201,13941.22,
2026-09-11T20:23:02.080195+00:00,201,13896.17,
2026-09-11T20:23:03.389512+00:00,201,12607.81,
2026-09-11T20:23:03.437068+00:00,201,12564.17,
2026-09-11T20:23:03.627664+00:00,201,12377.65,
2026-09-11T20:23:03.722539+00:00,201,12284.86,
2026-09-11T20:23:03.863709+00:00,201,12146.10,
2026-09-11T20:23:03.942425+00:00,201,12069.91,
2026-09-11T20:23:04.163525+00:00,201,11851.63,
2026-09-11T20:23:04.116362+00:00,201,11903.16,
2026-09-11T20:23:04.370883+00:00,201,11653.11,
2026-09-11T20:22:53.639114+00:00,201,22394.99,
2026-09-11T20:22:53.639114+00:00,201,22407.92,
2026-09-11T20:22:53.639114+00:00,201,22395.35,
2026-09-11T20:22:53.639114+00:00,201,22410.24,
2026-09-11T20:22:53.671605+00:00,201,22382.20,
2026-09-11T20:22:53.655084+00:00,201,22397.62,
2026-09-11T20:22:52.619226+00:00,201,23453.48,
2026-09-11T20:23:03.675260+00:00,201,12468.02,
2026-09-11T20:23:03.911086+00:00,201,12235.87,
2026-09-11T20:22:53.639114+00:00,201,22519.48,
2026-09-11T20:22:53.639114+00:00,201,22519.93,
2026-09-11T20:23:03.754105+00:00,201,12541.40,
2026-09-11T20:22:53.607450+00:00,201,22729.30,
2026-09-11T20:22:53.607450+00:00,201,22724.64,
2026-09-11T20:22:53.659901+00:00,201,23459.20,
2026-09-11T20:23:04.453937+00:00,201,13301.95,
2026-09-11T20:23:11.789115+00:00,201,7067.56,
2026-09-11T20:23:11.774117+00:00,201,7074.50,
2026-09-11T20:23:06.386954+00:00,201,12477.21,
2026-09-11T20:23:05.857560+00:00,201,13011.70,
2026-09-11T20:23:11.793138+00:00,201,7079.33,
2026-09-11T20:23:04.694588+00:00,201,14183.63,
2026-09-11T20:23:11.774117+00:00,201,7098.11,
2026-09-11T20:23:11.792131+00:00,201,7095.28,
2026-09-11T20:23:11.774117+00:00,201,7142.33,
2026-09-11T20:23:11.793138+00:00,201,7367.80,
2026-09-11T20:23:11.793138+00:00,201,7378.11,
2026-09-11T20:23:11.806938+00:00,201,7374.15,
2026-09-11T20:23:11.811483+00:00,201,7368.39,
2026-09-11T20:23:11.793138+00:00,201,7391.13,
2026-09-11T20:23:11.793138+00:00,201,7394.98,
2026-09-11T20:23:11.811483+00:00,201,7388.85,
2026-09-11T20:23:11.793138+00:00,201,7454.97,
2026-09-11T20:23:11.809479+00:00,201,7448.56,
2026-09-11T20:23:11.822328+00:00,201,7440.53,
2026-09-11T20:23:11.822328+00:00,201,7441.62,
2026-09-11T20:23:11.811483+00:00,201,7464.30,
2026-09-11T20:23:11.811483+00:00,201,7468.43,
2026-09-11T20:23:11.811483+00:00,201,7483.53,
2026-09-11T20:23:11.822328+00:00,201,7480.91,
2026-09-11T20:23:11.822328+00:00,201,7486.52,
2026-09-11T20:23:11.837727+00:00,201,7477.76,
2026-09-11T20:23:11.822328+00:00,201,7583.86,
2026-09-11T20:23:11.822328+00:00,201,7604.20,
2026-09-11T20:23:11.853657+00:00,201,7582.57,
2026-09-11T20:23:11.822328+00:00,201,7629.22,
2026-09-11T20:23:11.853657+00:00,201,7613.12,
2026-09-11T20:23:11.837727+00:00,201,7653.67,
2026-09-11T20:23:11.853657+00:00,201,7643.90,
2026-09-11T20:23:11.853657+00:00,201,7657.64,
2026-09-11T20:23:11.869378+00:00,201,7651.88,
2026-09-11T20:23:11.869378+00:00,201,7665.90,
2026-09-11T20:23:11.889061+00:00,201,7654.60,
2026-09-11T20:23:11.837727+00:00,201,7795.03,
2026-09-11T20:23:11.901127+00:00,201,7752.24,
2026-09-11T20:23:11.885468+00:00,201,7779.29,
2026-09-11T20:23:11.853657+00:00,201,7822.18,
2026-09-11T20:23:11.837727+00:00,201,7848.72,
2026-09-11T20:23:11.889061+00:00,201,7817.20,
2026-09-11T20:23:11.853657+00:00,201,7953.31,
2026-09-11T20:23:11.901127+00:00,201,7918.17,
2026-09-11T20:23:11.045075+00:00,201,8794.06,
2026-09-11T20:23:11.837727+00:00,201,8003.33,
2026-09-11T20:23:11.869378+00:00,201,7995.32,
2026-09-11T20:23:11.869378+00:00,201,8004.00,
2026-09-11T20:23:11.901127+00:00,201,7996.34,
2026-09-11T20:23:11.882948+00:00,201,8029.75,
2026-09-11T20:23:11.869378+00:00,201,8053.06,
2026-09-11T20:23:11.882948+00:00,201,8168.85,
2026-09-11T20:23:11.901127+00:00,201,8157.64,
2026-09-11T20:23:11.889061+00:00,201,8184.43,
2026-09-11T20:23:11.885468+00:00,201,8212.95,
2026-09-11T20:23:10.989214+00:00,201,9123.35,
2026-09-11T20:23:11.916925+00:00,201,8217.00,
2026-09-11T20:23:11.916925+00:00,201,8236.30,
2026-09-11T20:23:11.024382+00:00,201,9165.34,
2026-09-11T20:23:11.932817+00:00,201,8273.07,
2026-09-11T20:23:11.064283+00:00,201,9176.85,
2026-09-11T20:23:11.889061+00:00,201,8375.13,
2026-09-11T20:23:11.916925+00:00,201,8381.04,
2026-09-11T20:23:11.916925+00:00,201,8393.77,
2026-09-11T20:23:11.869378+00:00,201,8466.49,
2026-09-11T20:23:11.932817+00:00,201,8576.67,
2026-09-11T20:23:11.889061+00:00,201,8651.72,
2026-09-11T20:23:11.932817+00:00,201,8623.57,
2026-09-11T20:23:11.901127+00:00,201,8669.90,
2026-09-11T20:23:11.916925+00:00,201,8685.24,
2026-09-11T20:23:11.901127+00:00,201,8721.03,
2026-09-11T20:23:11.916925+00:00,201,8721.53,
2026-09-11T20:23:11.901127+00:00,201,8755.45,
2026-09-11T20:23:11.948498+00:00,201,8733.70,
2026-09-11T20:23:11.916925+00:00,201,8787.69,
2026-09-11T20:23:11.948498+00:00,201,8788.28,
2026-09-11T20:23:11.045075+00:00,201,9708.68,
2026-09-11T20:23:11.932817+00:00,201,8855.97,
2026-09-11T20:23:11.916925+00:00,201,8887.86,
2026-09-11T20:23:11.932817+00:00,201,8894.10,
2026-09-11T20:23:11.901127+00:00,201,8952.78,
2026-09-11T20:23:11.964180+00:00,201,8915.38,
2026-09-11T20:23:11.980040+00:00,201,8923.74,
2026-09-11T20:23:11.948498+00:00,201,8965.92,
2026-09-11T20:23:11.932817+00:00,201,9007.04,
2026-09-11T20:23:11.948498+00:00,201,9023.03,
2026-09-11T20:23:11.948498+00:00,201,9050.00,
2026-09-11T20:23:11.948498+00:00,201,9075.69,
2026-09-11T20:23:11.948498+00:00,201,9093.49,
2026-09-11T20:23:11.932817+00:00,201,9131.11,
2026-09-11T20:23:11.964180+00:00,201,9135.85,
2026-09-11T20:23:11.964180+00:00,201,9156.69,
2026-09-11T20:23:11.964180+00:00,201,9186.03,
2026-09-11T20:23:11.964180+00:00,201,9220.07,
2026-09-11T20:23:11.964180+00:00,201,9247.02,
2026-09-11T20:23:11.948498+00:00,201,9284.11,
2026-09-11T20:23:11.948498+00:00,201,9319.78,
2026-09-11T20:23:11.996010+00:00,201,9312.66,
2026-09-11T20:23:11.567696+00:00,201,9763.80,
2026-09-11T20:23:11.977002+00:00,201,9391.23,
2026-09-11T20:23:11.980040+00:00,201,9413.27,
2026-09-11T20:23:11.988927+00:00,201,9436.07,
2026-09-11T20:23:11.980040+00:00,201,9471.89,
2026-09-11T20:23:11.980040+00:00,201,9519.69,
2026-09-11T20:23:11.988927+00:00,201,9561.59,
2026-09-11T20:23:11.980040+00:00,201,9596.07,
2026-09-11T20:23:11.988927+00:00,201,9624.15,
2026-09-11T20:23:04.495389+00:00,201,17806.70,
2026-09-11T20:23:04.712682+00:00,201,17623.42,
2026-09-11T20:23:04.330531+00:00,201,18230.08,
2026-09-11T20:23:12.217735+00:00,201,13562.47,
2026-09-11T20:23:06.419877+00:00,201,19374.70,
2026-09-11T20:23:12.233009+00:00,201,13558.20,
2026-09-11T20:23:10.568650+00:00,201,15228.72,
2026-09-11T20:23:12.233009+00:00,201,13574.63,
2026-09-11T20:23:12.217735+00:00,201,13587.07,
2026-09-11T20:23:12.233009+00:00,201,13582.19,
2026-09-11T20:23:12.233009+00:00,201,13581.78,
2026-09-11T20:23:05.888155+00:00,201,19937.95,
2026-09-11T20:23:09.551153+00:00,201,16279.46,
2026-09-11T20:23:12.264620+00:00,201,13564.87,
2026-09-11T20:23:12.248792+00:00,201,13591.36,
2026-09-11T20:23:12.248792+00:00,201,13605.57,
2026-09-11T20:23:12.233009+00:00,201,13630.24,
2026-09-11T20:23:12.248792+00:00,201,13617.91,
2026-09-11T20:23:12.217735+00:00,201,13648.35,
2026-09-11T20:23:12.248792+00:00,201,13624.83,
2026-09-11T20:23:10.989214+00:00,201,14900.82,
2026-09-11T20:23:12.264620+00:00,201,13636.37,
2026-09-11T20:23:10.933286+00:00,201,14976.56,
2026-09-11T20:23:12.248792+00:00,201,13662.45,
2026-09-11T20:23:12.296491+00:00,201,13628.39,
2026-09-11T20:23:12.264620+00:00,201,13672.15,
2026-09-11T20:23:11.019104+00:00,201,14934.77,
2026-09-11T20:23:11.078315+00:00,201,14876.56,
2026-09-11T20:23:12.296491+00:00,201,13675.66,
2026-09-11T20:23:12.264620+00:00,201,13721.12,
2026-09-11T20:23:12.289003+00:00,201,13708.03,
2026-09-11T20:23:12.264620+00:00,201,13735.68,
2026-09-11T20:23:12.264620+00:00,201,13746.34,
2026-09-11T20:23:12.248792+00:00,201,13778.77,
2026-09-11T20:23:10.980993+00:00,201,15251.81,
2026-09-11T20:23:11.029052+00:00,201,15218.57,
2026-09-11T20:23:11.005551+00:00,201,15250.78,
2026-09-11T20:23:11.064283+00:00,201,15214.14,
2026-09-11T20:23:12.289003+00:00,201,14003.85,
2026-09-11T20:23:11.064283+00:00,201,15241.62,
2026-09-11T20:23:11.536369+00:00,201,14788.92,
2026-09-11T20:23:11.078315+00:00,201,15261.83,
2026-09-11T20:23:12.296491+00:00,201,14047.41,
2026-09-11T20:23:10.949057+00:00,201,15416.09,
2026-09-11T20:23:12.312515+00:00,201,14072.10,
2026-09-11T20:23:11.045075+00:00,201,15349.90,
2026-09-11T20:23:12.312515+00:00,201,14090.10,
2026-09-11T20:23:12.344489+00:00,201,14088.18,
2026-09-11T20:23:12.312515+00:00,201,14130.15,
2026-09-11T20:23:12.328517+00:00,201,14134.67,
2026-09-11T20:23:11.520739+00:00,201,14948.99,
2026-09-11T20:23:11.514979+00:00,201,14983.70,
2026-09-11T20:23:11.078315+00:00,201,15431.99,
2026-09-11T20:23:11.536369+00:00,201,14982.53,
2026-09-11T20:23:11.552044+00:00,201,14990.86,
2026-09-11T20:23:11.583397+00:00,201,14980.42,
2026-09-11T20:23:12.328517+00:00,201,14251.01,
2026-09-11T20:23:11.606590+00:00,201,15188.19,
2026-09-11T20:23:12.360185+00:00,201,14443.15,
2026-09-11T20:23:12.360185+00:00,201,14458.25,
2026-09-11T20:23:12.360185+00:00,201,14485.33,
2026-09-11T20:23:12.376047+00:00,201,14495.34,
2026-09-11T20:23:12.344489+00:00,201,14559.47,
2026-09-11T20:23:11.689081+00:00,201,15250.15,
2026-09-11T20:23:12.376047+00:00,201,14586.50,
2026-09-11T20:23:12.376047+00:00,201,14604.80,
2026-09-11T20:23:12.376047+00:00,201,14626.83,
2026-09-11T20:23:12.344489+00:00,201,14690.07,
2026-09-11T20:23:12.360185+00:00,201,14709.62,
2026-09-11T20:23:12.376047+00:00,201,14710.65,
2026-09-11T20:23:12.376047+00:00,201,14736.53,
2026-09-11T20:23:13.871421+00:00,201,13918.61,
2026-09-11T20:23:13.810562+00:00,201,14000.59,
2026-09-11T20:23:13.792040+00:00,201,14043.09,
2026-09-11T20:23:13.891129+00:00,201,13962.09,
2026-09-11T20:23:13.807815+00:00,201,14073.69,
2026-09-11T20:23:13.855453+00:00,201,14046.58,
2026-09-11T20:23:13.821370+00:00,201,14106.04,
2026-09-11T20:23:13.782269+00:00,201,14168.58,
2026-09-11T20:23:15.963599+00:00,201,12006.88,
2026-09-11T20:23:13.887430+00:00,201,14108.39,
2026-09-11T20:23:13.919393+00:00,201,14097.40,
2026-09-11T20:23:13.766479+00:00,201,14276.68,
2026-09-11T20:23:14.172952+00:00,201,13889.02,
2026-09-11T20:23:15.963599+00:00,201,12119.12,
2026-09-11T20:23:13.855453+00:00,201,14257.24,
2026-09-11T20:23:13.829965+00:00,201,14314.22,
2026-09-11T20:23:14.251937+00:00,201,13917.35,
2026-09-11T20:23:13.871421+00:00,201,14323.44,
2026-09-11T20:23:13.847502+00:00,201,14384.18,
2026-09-11T20:23:15.963599+00:00,201,12287.32,
2026-09-11T20:23:13.772496+00:00,201,14517.34,
2026-09-11T20:23:14.303472+00:00,201,14002.72,
2026-09-11T20:23:14.346882+00:00,201,13983.99,
2026-09-11T20:23:15.963599+00:00,201,12395.67,
2026-09-11T20:23:15.994506+00:00,201,12399.78,
2026-09-11T20:23:15.994506+00:00,201,12436.77,
2026-09-11T20:23:14.235871+00:00,201,14236.50,
2026-09-11T20:23:14.283864+00:00,201,14233.83,
2026-09-11T20:23:14.378596+00:00,201,14175.58,
2026-09-11T20:23:16.014508+00:00,201,12573.08,
2026-09-11T20:23:14.346882+00:00,201,14266.93,
2026-09-11T20:23:14.331122+00:00,201,14306.24,
2026-09-11T20:23:15.994506+00:00,201,12655.44,
2026-09-11T20:23:16.014508+00:00,201,12671.19,
2026-09-11T20:23:15.994506+00:00,201,12716.41,
2026-09-11T20:23:04.731816+00:00,201,24010.34,
2026-09-11T20:23:15.994506+00:00,201,12772.65,
2026-09-11T20:23:10.220056+00:00,201,18562.78,
2026-09-11T20:23:04.295368+00:00,201,24526.29,
2026-09-11T20:23:10.854329+00:00,201,17981.43,
2026-09-11T20:23:16.010248+00:00,201,12863.05,
2026-09-11T20:23:14.362963+00:00,201,14536.46,
2026-09-11T20:23:14.299465+00:00,201,14633.23,
2026-09-11T20:23:12.851609+00:00,201,16106.28,
2026-09-11T20:23:14.441349+00:00,201,14536.90,
2026-09-11T20:23:09.603738+00:00,201,19415.69,
2026-09-11T20:23:05.915893+00:00,201,23122.51,
2026-09-11T20:23:09.790957+00:00,201,19281.40,
2026-09-11T20:23:12.845864+00:00,201,16256.64,
2026-09-11T20:23:12.851609+00:00,201,16271.26,
2026-09-11T20:23:06.446975+00:00,201,22718.56,
2026-09-11T20:23:09.988663+00:00,201,19717.27,
2026-09-11T20:23:11.013645+00:00,201,18731.41,
2026-09-11T20:23:10.965176+00:00,201,18809.10,
2026-09-11T20:23:10.989214+00:00,201,18816.61,
2026-09-11T20:23:10.949057+00:00,201,18878.39,
2026-09-11T20:23:12.820594+00:00,201,17040.63,
2026-09-11T20:23:12.851609+00:00,201,17046.36,
2026-09-11T20:23:12.889746+00:00,201,17034.45,
2026-09-11T20:23:10.933286+00:00,201,19011.55,
2026-09-11T20:23:10.965176+00:00,201,19017.39,
2026-09-11T20:23:06.540055+00:00,201,23477.83,
2026-09-11T20:23:12.899427+00:00,201,17154.06,
2026-09-11T20:23:11.064283+00:00,201,19015.37,
2026-09-11T20:23:10.976603+00:00,201,19144.15,
2026-09-11T20:23:11.089043+00:00,201,19073.45,
2026-09-11T20:23:12.899427+00:00,201,17298.52,
2026-09-11T20:23:12.867612+00:00,201,17372.11,
2026-09-11T20:23:12.915464+00:00,201,17354.69,
2026-09-11T20:23:11.029052+00:00,201,19279.48,
2026-09-11T20:23:12.851609+00:00,201,17486.08,
2026-09-11T20:23:11.005551+00:00,201,19375.91,
2026-09-11T20:23:11.606590+00:00,201,18805.69,
2026-09-11T20:23:11.495178+00:00,201,18955.19,
2026-09-11T20:23:10.997064+00:00,201,19484.34,
2026-09-11T20:23:12.931161+00:00,201,17587.77,
2026-09-11T20:23:11.029052+00:00,201,19518.78,
2026-09-11T20:23:12.899427+00:00,201,17695.20,
2026-09-11T20:23:12.931161+00:00,201,17696.84,
2026-09-11T20:23:11.552044+00:00,201,19109.29,
2026-09-11T20:23:12.899427+00:00,201,17814.79,
2026-09-11T20:23:12.942791+00:00,201,17827.93,
2026-09-11T20:23:11.518992+00:00,201,19572.78,
2026-09-11T20:23:12.947440+00:00,201,18165.42,
2026-09-11T20:23:12.978470+00:00,201,18175.92,
2026-09-11T20:23:12.915464+00:00,201,18263.29,
2026-09-11T20:23:12.977452+00:00,201,18246.58,
2026-09-11T20:23:12.989711+00:00,201,18508.95,
2026-09-11T20:23:12.947440+00:00,201,18612.99,
2026-09-11T20:23:13.025705+00:00,201,18582.77,
2026-09-11T20:23:13.010219+00:00,201,18634.04,
2026-09-11T20:23:13.025705+00:00,201,18684.75,
2026-09-11T20:23:12.994259+00:00,201,18741.48,
2026-09-11T20:23:13.025705+00:00,201,18739.52,
2026-09-11T20:23:13.044854+00:00,201,18782.90,
2026-09-11T20:23:12.978470+00:00,201,18896.29,
2026-09-11T20:23:13.046860+00:00,201,18887.29,
2026-09-11T20:23:12.994259+00:00,201,18961.22,
2026-09-11T20:23:13.057859+00:00,201,19132.47,
2026-09-11T20:23:13.053859+00:00,201,19158.82,
2026-09-11T20:23:13.089774+00:00,201,19128.75,
2026-09-11T20:23:13.048857+00:00,201,19191.07,
2026-09-11T20:23:13.110096+00:00,201,19135.75,
2026-09-11T20:23:13.076774+00:00,201,19190.27,
2026-09-11T20:23:13.125996+00:00,201,19146.43,
2026-09-11T20:23:13.142009+00:00,201,19136.11,
2026-09-11T20:23:13.094045+00:00,201,19191.59,
2026-09-11T20:23:13.110096+00:00,201,19170.01,
2026-09-11T20:23:13.142009+00:00,201,19155.46,
2026-09-11T20:23:13.142009+00:00,201,19164.74,
2026-09-11T20:23:13.110096+00:00,201,19194.70,
2026-09-11T20:23:13.086677+00:00,201,19230.43,
2026-09-11T20:23:13.094045+00:00,201,19220.98,
2026-09-11T20:23:13.189617+00:00,201,19128.41,
2026-09-11T20:23:13.142009+00:00,201,19190.58,
2026-09-11T20:23:13.125996+00:00,201,19199.56,
2026-09-11T20:23:13.125996+00:00,201,19208.44,
2026-09-11T20:23:13.189617+00:00,201,19146.16,
2026-09-11T20:23:13.209508+00:00,201,19136.72,
2026-09-11T20:23:13.173956+00:00,201,19178.67,
2026-09-11T20:23:13.236801+00:00,201,19122.33,
2026-09-11T20:23:13.110096+00:00,201,19245.59,
2026-09-11T20:23:13.209508+00:00,201,19158.12,
2026-09-11T20:23:13.173956+00:00,201,19200.21,
2026-09-11T20:23:13.252565+00:00,201,19120.74,
2026-09-11T20:23:13.173956+00:00,201,19195.02,
2026-09-11T20:23:13.221581+00:00,201,19158.71,
2026-09-11T20:23:13.209508+00:00,201,19179.97,
2026-09-11T20:23:13.221581+00:00,201,19173.73,
2026-09-11T20:23:13.189617+00:00,201,19201.28,
2026-09-11T20:23:13.252565+00:00,201,19143.98,
2026-09-11T20:23:13.236801+00:00,201,19163.46,
2026-09-11T20:23:13.252565+00:00,201,19149.76,
2026-09-11T20:23:13.252565+00:00,201,19150.81,
2026-09-11T20:23:14.758030+00:00,201,17649.10,
2026-09-11T20:23:14.774020+00:00,201,17634.54,
2026-09-11T20:23:14.758030+00:00,201,17656.65,
2026-09-11T20:23:14.631459+00:00,201,17782.25,
2026-09-11T20:23:14.752296+00:00,201,17677.15,
2026-09-11T20:23:14.631459+00:00,201,17792.70,
2026-09-11T20:23:14.774020+00:00,201,17653.49,
2026-09-11T20:23:14.647436+00:00,201,17781.53,
2026-09-11T20:23:14.774020+00:00,201,17657.60,
2026-09-11T20:23:14.647436+00:00,201,17798.86,
2026-09-11T20:23:14.663400+00:00,201,17786.89,
2026-09-11T20:23:14.774020+00:00,201,17680.55,
2026-09-11T20:23:14.774020+00:00,201,17686.44,
2026-09-11T20:23:14.758030+00:00,201,17692.36,
2026-09-11T20:23:14.663400+00:00,201,17802.53,
2026-09-11T20:23:14.647436+00:00,201,17824.93,
2026-09-11T20:23:14.647436+00:00,201,17820.68,
2026-09-11T20:23:14.679265+00:00,201,17799.90,
2026-09-11T20:23:14.695583+00:00,201,17785.26,
2026-09-11T20:23:14.631459+00:00,201,17850.91,
2026-09-11T20:23:14.679265+00:00,201,17813.17,
2026-09-11T20:23:14.647436+00:00,201,17847.56,
2026-09-11T20:23:14.695583+00:00,201,17794.15,
2026-09-11T20:23:14.647436+00:00,201,17851.87,
2026-09-11T20:23:14.695583+00:00,201,17809.65,
2026-09-11T20:23:14.663400+00:00,201,17842.78,
2026-09-11T20:23:14.679265+00:00,201,17836.55,
2026-09-11T20:23:14.710508+00:00,201,17803.46,
2026-09-11T20:23:14.647436+00:00,201,17861.46,
2026-09-11T20:23:14.663400+00:00,201,17852.53,
2026-09-11T20:23:14.679265+00:00,201,17842.70,
2026-09-11T20:23:14.695583+00:00,201,17829.30,
2026-09-11T20:23:14.727352+00:00,201,17796.08,
2026-09-11T20:23:14.710508+00:00,201,17816.29,
2026-09-11T20:23:14.695583+00:00,201,17836.07,
2026-09-11T20:23:14.679265+00:00,201,17857.13,
2026-09-11T20:23:14.695583+00:00,201,17848.34,
2026-09-11T20:23:14.695583+00:00,201,17847.26,
2026-09-11T20:23:14.742079+00:00,201,17813.02,
2026-09-11T20:23:14.710508+00:00,201,17835.14,
2026-09-11T20:23:14.679265+00:00,201,17884.59,
2026-09-11T20:23:14.710508+00:00,201,17857.77,
2026-09-11T20:23:14.727352+00:00,201,17838.95,
2026-09-11T20:23:14.679265+00:00,201,17884.76,
2026-09-11T20:23:14.742079+00:00,201,17830.60,
2026-09-11T20:23:14.726344+00:00,201,17860.61,
2026-09-11T20:23:14.791149+00:00,201,17800.08,
2026-09-11T20:23:14.727352+00:00,201,17864.34,
2026-09-11T20:23:14.791149+00:00,201,17820.23,
2026-09-11T20:23:07.221938+00:00,0,25556.68,connection_error: 
2026-09-11T20:23:12.962699+00:00,201,19828.86,
2026-09-11T20:23:12.947440+00:00,201,19846.13,
2026-09-11T20:23:12.962699+00:00,201,19831.61,
2026-09-11T20:23:12.947440+00:00,201,19852.50,
2026-09-11T20:23:12.935972+00:00,201,19870.70,
2026-09-11T20:23:12.935972+00:00,201,19870.12,
2026-09-11T20:23:12.994259+00:00,201,19813.20,
2026-09-11T20:23:12.962699+00:00,201,19846.18,
2026-09-11T20:23:12.962699+00:00,201,19845.93,
2026-09-11T20:23:12.962699+00:00,201,19839.74,
2026-09-11T20:23:12.947440+00:00,201,19855.60,
2026-09-11T20:23:12.989711+00:00,201,19828.91,
2026-09-11T20:23:12.947440+00:00,201,19869.70,
2026-09-11T20:23:13.009089+00:00,201,19813.08,
2026-09-11T20:23:13.025705+00:00,201,19788.70,
2026-09-11T20:23:12.994259+00:00,201,19829.88,
2026-09-11T20:23:12.994259+00:00,201,19819.87,
2026-09-11T20:23:13.010219+00:00,201,19804.98,
2026-09-11T20:23:12.978470+00:00,201,19844.11,
2026-09-11T20:23:12.978470+00:00,201,19847.40,
2026-09-11T20:23:12.915464+00:00,201,19903.75,
2026-09-11T20:23:13.074672+00:00,201,19767.35,
2026-09-11T20:23:13.089774+00:00,201,19757.74,
2026-09-11T20:23:13.062475+00:00,201,19792.41,
2026-09-11T20:23:13.094045+00:00,201,19766.39,
2026-09-11T20:23:13.110096+00:00,201,19745.33,
2026-09-11T20:23:13.125996+00:00,201,19741.81,
2026-09-11T20:23:13.078319+00:00,201,19792.49,
2026-09-11T20:23:13.094045+00:00,201,19772.44,
2026-09-11T20:23:13.110096+00:00,201,19768.36,
2026-09-11T20:23:13.189617+00:00,201,19687.40,
2026-09-11T20:23:13.125996+00:00,201,19753.10,
2026-09-11T20:23:13.094045+00:00,201,19789.15,
2026-09-11T20:23:13.125996+00:00,201,19755.40,
2026-09-11T20:23:13.173956+00:00,201,19719.29,
2026-09-11T20:23:13.189617+00:00,201,19706.47,
2026-09-11T20:23:13.157898+00:00,201,19728.78,
2026-09-11T20:23:13.189617+00:00,201,19709.82,
2026-09-11T20:23:13.209508+00:00,201,19688.11,
2026-09-11T20:23:13.157898+00:00,201,19742.38,
2026-09-11T20:23:13.173956+00:00,201,19730.59,
2026-09-11T20:23:13.209508+00:00,201,19706.08,
2026-09-11T20:23:13.189617+00:00,201,19728.52,
2026-09-11T20:23:13.209508+00:00,201,19706.01,
2026-09-11T20:23:13.173956+00:00,201,19742.66,
2026-09-11T20:23:13.209508+00:00,201,19705.45,
2026-09-11T20:23:13.221581+00:00,201,19697.45,
2026-09-11T20:23:13.221581+00:00,201,19694.06,
2026-09-11T20:23:13.221581+00:00,201,19698.02,
2026-09-11T20:23:13.221581+00:00,201,19701.95,
2026-09-11T20:23:13.221581+00:00,201,19712.12,
2026-09-11T20:23:13.236801+00:00,201,19694.73,
2026-09-11T20:23:13.252565+00:00,201,19689.82,
2026-09-11T20:23:13.236801+00:00,201,19701.63,
2026-09-11T20:23:14.742079+00:00,201,18198.96,
2026-09-11T20:23:14.758030+00:00,201,18191.00,
2026-09-11T20:23:14.647436+00:00,201,18293.18,
2026-09-11T20:23:13.252565+00:00,201,19689.96,
2026-09-11T20:23:14.752296+00:00,201,18204.96,
2026-09-11T20:23:14.758030+00:00,201,18199.06,
2026-09-11T20:23:14.758030+00:00,201,18192.30,
2026-09-11T20:23:14.663400+00:00,201,18293.60,
2026-09-11T20:23:14.774020+00:00,201,18188.76,
2026-09-11T20:23:14.631459+00:00,201,18330.31,
2026-09-11T20:23:14.631459+00:00,201,18328.57,
2026-09-11T20:23:14.758030+00:00,201,18203.96,
2026-09-11T20:23:13.252565+00:00,201,19717.58,
2026-09-11T20:23:14.663400+00:00,201,18318.26,
2026-09-11T20:23:14.663400+00:00,201,18310.63,
2026-09-11T20:23:14.647436+00:00,201,18329.85,
2026-09-11T20:23:14.647436+00:00,201,18338.71,
2026-09-11T20:23:14.679265+00:00,201,18314.31,
2026-09-11T20:23:14.663400+00:00,201,18331.57,
2026-09-11T20:23:14.647436+00:00,201,18345.21,
2026-09-11T20:23:14.695583+00:00,201,18304.97,
2026-09-11T20:23:14.710508+00:00,201,18291.53,
2026-09-11T20:23:14.663400+00:00,201,18332.24,
2026-09-11T20:23:14.695583+00:00,201,18316.28,
2026-09-11T20:23:14.663400+00:00,201,18346.42,
2026-09-11T20:23:14.694108+00:00,201,18324.22,
2026-09-11T20:23:14.710508+00:00,201,18300.75,
2026-09-11T20:23:14.710508+00:00,201,18305.63,
2026-09-11T20:23:14.727352+00:00,201,18297.75,
2026-09-11T20:23:14.710508+00:00,201,18319.60,
2026-09-11T20:23:14.727352+00:00,201,18305.99,
2026-09-11T20:23:14.727352+00:00,201,18299.86,
2026-09-11T20:23:14.742079+00:00,201,18287.96,
2026-09-11T20:23:14.691047+00:00,201,18349.28,
2026-09-11T20:23:14.758030+00:00,201,18280.83,
2026-09-11T20:23:14.742079+00:00,201,18297.91,
2026-09-11T20:23:14.806173+00:00,201,18240.96,
2026-09-11T20:23:14.727352+00:00,201,18317.47,
2026-09-11T20:23:14.679265+00:00,201,18364.32,
2026-09-11T20:23:14.758030+00:00,201,18290.84,
2026-09-11T20:23:14.710508+00:00,201,18334.55,
2026-09-11T20:23:14.774020+00:00,201,18276.04,
2026-09-11T20:23:11.694542+00:00,201,21695.08,
2026-09-11T20:23:12.889746+00:00,201,20505.18,
2026-09-11T20:23:12.935972+00:00,201,20462.98,
2026-09-11T20:23:12.915464+00:00,201,20484.43,
2026-09-11T20:23:11.589084+00:00,201,21813.39,
2026-09-11T20:23:12.942791+00:00,201,20462.71,
2026-09-11T20:23:12.942791+00:00,201,20466.69,
2026-09-11T20:23:12.867612+00:00,201,20537.52,
2026-09-11T20:23:12.994259+00:00,201,20414.29,
2026-09-11T20:23:12.889746+00:00,201,20525.26,
2026-09-11T20:23:12.994259+00:00,201,20428.31,
2026-09-11T20:23:12.989711+00:00,201,20439.54,
2026-09-11T20:23:13.010219+00:00,201,20420.58,
2026-09-11T20:23:13.060036+00:00,201,20376.55,
2026-09-11T20:23:13.025705+00:00,201,20408.23,
2026-09-11T20:23:13.051857+00:00,201,20389.03,
2026-09-11T20:23:13.068823+00:00,201,20375.42,
2026-09-11T20:23:13.010219+00:00,201,20425.06,
2026-09-11T20:23:13.055857+00:00,201,20391.72,
2026-09-11T20:23:13.125996+00:00,201,20321.57,
2026-09-11T20:23:13.157898+00:00,201,20283.09,
2026-09-11T20:23:13.094045+00:00,201,20347.46,
2026-09-11T20:23:13.142009+00:00,201,20307.45,
2026-09-11T20:23:13.094045+00:00,201,20363.37,
2026-09-11T20:23:13.205249+00:00,201,20261.86,
2026-09-11T20:23:13.173956+00:00,201,20289.57,
2026-09-11T20:23:13.221581+00:00,201,20250.79,
2026-09-11T20:23:13.236801+00:00,201,20254.59,
2026-09-11T20:23:13.236801+00:00,201,20256.37,
2026-09-11T20:23:14.663400+00:00,201,18842.39,
2026-09-11T20:23:14.663400+00:00,201,18848.10,
2026-09-11T20:23:14.695583+00:00,201,18833.63,
2026-09-11T20:23:14.710508+00:00,201,18822.12,
2026-09-11T20:23:14.774020+00:00,201,18765.57,
2026-09-11T20:23:14.742079+00:00,201,18805.01,
2026-09-11T20:23:14.742079+00:00,201,18809.93,
2026-09-11T20:23:14.727352+00:00,201,18817.03,
2026-09-11T20:23:14.774020+00:00,201,18768.58,
2026-09-11T20:23:14.774020+00:00,201,18780.92,
2026-09-11T20:23:14.806173+00:00,201,18750.94,
2026-09-11T20:23:14.796059+00:00,201,18766.80,
2026-09-11T20:23:14.758030+00:00,201,18803.10,
2026-09-11T20:23:14.774020+00:00,201,18784.87,
2026-09-11T20:23:14.774020+00:00,201,18779.38,
2026-09-11T20:23:14.752296+00:00,201,18813.31,
2026-09-11T20:23:14.791149+00:00,201,18777.72,
2026-09-11T20:23:14.796059+00:00,201,18770.83,
2026-09-11T20:23:14.796059+00:00,201,18777.64,
2026-09-11T20:23:14.791149+00:00,201,18781.65,
2026-09-11T20:23:14.796059+00:00,201,18779.02,
2026-09-11T20:23:14.752296+00:00,201,18825.34,
2026-09-11T20:23:14.822413+00:00,201,18757.59,
2026-09-11T20:23:14.813019+00:00,201,18770.27,
2026-09-11T20:23:14.774020+00:00,201,18805.47,
2026-09-11T20:23:14.821843+00:00,201,18765.62,
2026-09-11T20:23:14.806173+00:00,201,18776.97,
2026-09-11T20:23:14.822413+00:00,201,18767.18,
2026-09-11T20:23:14.813019+00:00,201,18779.58,
2026-09-11T20:23:14.796059+00:00,201,18794.98,
2026-09-11T20:23:14.837543+00:00,201,18755.38,
2026-09-11T20:23:14.822413+00:00,201,18765.29,
2026-09-11T20:23:14.806173+00:00,201,18791.69,
2026-09-11T20:23:14.837543+00:00,201,18749.07,
2026-09-11T20:23:14.796059+00:00,201,18796.85,
2026-09-11T20:23:14.813019+00:00,201,18787.30,
2026-09-11T20:23:14.822413+00:00,201,18770.00,
2026-09-11T20:23:14.853596+00:00,201,18750.67,
2026-09-11T20:23:14.813019+00:00,201,18793.96,
2026-09-11T20:23:14.837543+00:00,201,18772.40,
2026-09-11T20:23:14.822413+00:00,201,18785.84,
2026-09-11T20:23:14.796059+00:00,201,18812.78,
2026-09-11T20:23:14.695583+00:00,201,18907.01,
2026-09-11T20:23:14.869235+00:00,201,18746.15,
2026-09-11T20:23:14.806173+00:00,201,18810.73,
2026-09-11T20:23:14.853596+00:00,201,18759.11,
2026-09-11T20:23:14.869235+00:00,201,18744.87,
2026-09-11T20:23:14.837543+00:00,201,18775.81,
2026-09-11T20:23:14.822413+00:00,201,18797.04,
2026-09-11T20:23:14.837543+00:00,201,18777.52,
2026-09-11T20:23:14.791149+00:00,201,18835.75,
2026-09-11T20:23:14.869235+00:00,201,18749.94,
2026-09-11T20:23:14.813019+00:00,201,18812.50,
2026-09-11T20:23:14.869235+00:00,201,18760.94,
2026-09-11T20:23:14.853596+00:00,201,18775.40,
2026-09-11T20:23:14.853596+00:00,201,18770.34,
2026-09-11T20:23:14.853596+00:00,201,18783.95,
2026-09-11T20:23:14.837543+00:00,201,18796.28,
2026-09-11T20:23:14.822413+00:00,201,18812.32,
2026-09-11T20:23:14.837543+00:00,201,18802.74,
2026-09-11T20:23:14.853596+00:00,201,18787.81,
2026-09-11T20:23:14.853596+00:00,201,18782.88,
2026-09-11T20:23:14.822413+00:00,201,18815.16,
2026-09-11T20:23:14.796059+00:00,201,18846.88,
2026-09-11T20:23:14.813019+00:00,201,18834.23,
2026-09-11T20:23:14.853596+00:00,201,18790.96,
2026-09-11T20:23:14.901055+00:00,201,18748.34,
2026-09-11T20:23:14.869235+00:00,201,18773.77,
2026-09-11T20:23:14.895341+00:00,201,18763.41,
2026-09-11T20:23:14.901055+00:00,201,18759.55,
2026-09-11T20:23:14.869235+00:00,201,18787.63,
2026-09-11T20:23:14.869235+00:00,201,18785.06,
2026-09-11T20:23:14.885073+00:00,201,18776.95,
2026-09-11T20:23:14.822413+00:00,201,18830.67,
2026-09-11T20:23:14.885073+00:00,201,18778.28,
2026-09-11T20:23:14.869235+00:00,201,18794.64,
2026-09-11T20:23:14.901055+00:00,201,18763.26,
2026-09-11T20:23:14.853596+00:00,201,18806.36,
2026-09-11T20:23:14.885073+00:00,201,18788.79,
2026-09-11T20:23:14.916845+00:00,201,18750.62,
2026-09-11T20:23:14.885073+00:00,201,18793.58,
2026-09-11T20:23:14.932647+00:00,201,18738.27,
2026-09-11T20:23:14.896950+00:00,201,18784.55,
2026-09-11T20:23:14.916845+00:00,201,18760.80,
2026-09-11T20:23:14.869235+00:00,201,18803.34,
2026-09-11T20:23:14.901055+00:00,201,18782.87,
2026-09-11T20:23:14.891469+00:00,201,18796.45,
2026-09-11T20:23:14.896950+00:00,201,18791.63,
2026-09-11T20:23:14.932647+00:00,201,18746.35,
2026-09-11T20:23:14.932647+00:00,201,18753.22,
2026-09-11T20:23:14.916845+00:00,201,18778.87,
2026-09-11T20:23:14.932647+00:00,201,18758.61,
2026-09-11T20:23:14.916845+00:00,201,18770.54,
2026-09-11T20:23:14.891469+00:00,201,18806.81,
2026-09-11T20:23:14.916845+00:00,201,18783.41,
2026-09-11T20:23:14.837543+00:00,201,18861.07,
2026-09-11T20:23:14.948722+00:00,201,18755.78,
2026-09-11T20:23:14.948722+00:00,201,18758.69,
2026-09-11T20:23:14.901055+00:00,201,18796.15,
2026-09-11T20:23:14.837543+00:00,201,18864.77,
2026-09-11T20:23:14.948722+00:00,201,18760.47,
2026-09-11T20:23:14.964674+00:00,201,18748.22,
2026-09-11T20:23:14.916845+00:00,201,18791.51,
2026-09-11T20:23:14.901055+00:00,201,18815.51,
2026-09-11T20:23:14.932647+00:00,201,18776.28,
2026-09-11T20:23:14.916845+00:00,201,18800.86,
2026-09-11T20:23:14.916845+00:00,201,18792.89,
2026-09-11T20:23:14.901055+00:00,201,18810.35,
2026-09-11T20:23:14.822413+00:00,201,18894.05,
2026-09-11T20:23:14.948722+00:00,201,18769.78,
2026-09-11T20:23:14.948722+00:00,201,18778.85,
2026-09-11T20:23:14.948722+00:00,201,18776.78,
2026-09-11T20:23:14.948722+00:00,201,18775.97,
2026-09-11T20:23:14.964674+00:00,201,18770.58,
2026-09-11T20:23:14.980375+00:00,201,18758.86,
2026-09-11T20:23:14.948722+00:00,201,18788.54,
2026-09-11T20:23:14.948722+00:00,201,18780.82,
2026-09-11T20:23:14.837543+00:00,201,18893.50,
2026-09-11T20:23:14.964674+00:00,201,18779.47,
2026-09-11T20:23:14.948722+00:00,201,18788.62,
2026-09-11T20:23:14.901055+00:00,201,18842.72,
2026-09-11T20:23:14.980375+00:00,201,18771.91,
2026-09-11T20:23:14.932647+00:00,201,18823.51,
2026-09-11T20:23:14.978332+00:00,201,18782.75,
2026-09-11T20:23:14.948722+00:00,201,18801.74,
2026-09-11T20:23:14.932647+00:00,201,18817.88,
2026-09-11T20:23:14.980375+00:00,201,18784.40,
2026-09-11T20:23:14.980375+00:00,201,18782.96,
2026-09-11T20:23:14.948722+00:00,201,18816.63,
2026-09-11T20:23:14.978332+00:00,201,18795.08,
2026-09-11T20:23:14.901055+00:00,201,18870.33,
2026-09-11T20:23:14.980375+00:00,201,18788.04,
2026-09-11T20:23:14.964674+00:00,201,18808.61,
2026-09-11T20:23:14.980375+00:00,201,18793.41,
2026-09-11T20:23:14.996519+00:00,201,18774.16,
2026-09-11T20:23:14.964674+00:00,201,18814.66,
2026-09-11T20:23:14.996519+00:00,201,18788.08,
2026-09-11T20:23:14.964674+00:00,201,18815.31,
2026-09-11T20:23:15.013217+00:00,201,18777.81,
2026-09-11T20:23:14.869235+00:00,201,18926.28,
2026-09-11T20:23:14.948722+00:00,201,18840.11,
2026-09-11T20:23:15.013217+00:00,201,18781.32,
2026-09-11T20:23:14.964674+00:00,201,18832.31,
2026-09-11T20:23:14.964674+00:00,201,18840.42,
2026-09-11T20:23:14.980375+00:00,201,18829.96,
2026-09-11T20:23:14.991470+00:00,201,18827.05,
2026-09-11T20:23:14.996519+00:00,201,18812.45,
2026-09-11T20:23:14.991470+00:00,201,18832.23,
2026-09-11T20:23:14.996519+00:00,201,18828.52,
2026-09-11T20:23:14.980375+00:00,201,18849.79,
2026-09-11T20:23:14.996519+00:00,201,18829.15,
2026-09-11T20:23:14.991470+00:00,201,18839.80,
2026-09-11T20:23:15.013217+00:00,201,18811.91,
2026-09-11T20:23:14.996519+00:00,201,18832.74,
2026-09-11T20:23:14.991470+00:00,201,18843.71,
2026-09-11T20:23:15.028780+00:00,201,18808.16,
2026-09-11T20:23:15.012191+00:00,201,18830.80,
2026-09-11T20:23:14.932647+00:00,201,18908.36,
2026-09-11T20:23:14.932647+00:00,201,18914.55,
2026-09-11T20:23:14.996519+00:00,201,18851.29,
2026-09-11T20:23:15.013217+00:00,201,18829.99,
2026-09-11T20:23:15.013217+00:00,201,18825.42,
2026-09-11T20:23:15.013217+00:00,201,18839.22,
2026-09-11T20:23:15.013217+00:00,201,18838.53,
2026-09-11T20:23:14.980375+00:00,201,18869.87,
2026-09-11T20:23:15.044339+00:00,201,18810.96,
2026-09-11T20:23:15.028780+00:00,201,18824.56,
2026-09-11T20:23:14.932647+00:00,201,18919.47,
2026-09-11T20:23:15.028780+00:00,201,18837.58,
2026-09-11T20:23:15.044339+00:00,201,18822.56,
2026-09-11T20:23:15.044339+00:00,201,18820.59,
2026-09-11T20:23:14.996519+00:00,201,18875.12,
2026-09-11T20:23:15.028780+00:00,201,18830.95,
2026-09-11T20:23:14.964674+00:00,201,18902.77,
2026-09-11T20:23:15.028780+00:00,201,18838.16,
2026-09-11T20:23:14.964674+00:00,201,18906.02,
2026-09-11T20:23:15.060073+00:00,201,18821.06,
2026-09-11T20:23:14.996519+00:00,201,18884.50,
2026-09-11T20:23:15.028780+00:00,201,18855.40,
2026-09-11T20:23:15.044339+00:00,201,18829.89,
2026-09-11T20:23:15.028780+00:00,201,18853.89,
2026-09-11T20:23:14.996519+00:00,201,18886.31,
2026-09-11T20:23:14.996519+00:00,201,18885.72,
2026-09-11T20:23:15.013217+00:00,201,18873.67,
2026-09-11T20:23:15.013217+00:00,201,18878.18,
2026-09-11T20:23:15.028780+00:00,201,18864.78,
2026-09-11T20:23:15.067714+00:00,201,18832.95,
2026-09-11T20:23:15.044339+00:00,201,18846.92,
2026-09-11T20:23:15.075979+00:00,201,18828.38,
2026-09-11T20:23:15.028780+00:00,201,18866.67,
2026-09-11T20:23:15.028780+00:00,201,18870.05,
2026-09-11T20:23:15.044339+00:00,201,18865.97,
2026-09-11T20:23:15.013217+00:00,201,18899.24,
2026-09-11T20:23:15.028780+00:00,201,18880.97,
2026-09-11T20:23:15.069444+00:00,201,18844.01,
2026-09-11T20:23:15.075979+00:00,201,18833.00,
2026-09-11T20:23:15.060073+00:00,201,18858.67,
2026-09-11T20:23:15.060073+00:00,201,18854.24,
2026-09-11T20:23:15.013217+00:00,201,18897.24,
2026-09-11T20:23:15.044339+00:00,201,18873.04,
2026-09-11T20:23:15.044339+00:00,201,18879.93,
2026-09-11T20:23:15.044339+00:00,201,18877.97,
2026-09-11T20:23:15.069444+00:00,201,18859.84,
2026-09-11T20:23:15.044339+00:00,201,18879.45,
2026-09-11T20:23:14.996519+00:00,201,18928.11,
2026-09-11T20:23:15.075979+00:00,201,18856.60,
2026-09-11T20:23:15.075979+00:00,201,18850.92,
2026-09-11T20:23:15.075979+00:00,201,18851.63,
2026-09-11T20:23:15.013217+00:00,201,18917.31,
2026-09-11T20:23:15.075979+00:00,201,18865.50,
2026-09-11T20:23:15.044339+00:00,201,18888.71,
2026-09-11T20:23:15.075979+00:00,201,18865.79,
2026-09-11T20:23:15.098264+00:00,201,18851.02,
2026-09-11T20:23:15.075979+00:00,201,18870.49,
2026-09-11T20:23:15.060073+00:00,201,18893.67,
2026-09-11T20:23:15.060073+00:00,201,18891.58,
2026-09-11T20:23:15.069444+00:00,201,18882.09,
2026-09-11T20:23:15.060073+00:00,201,18893.83,
2026-09-11T20:23:15.044339+00:00,201,18905.40,
2026-09-11T20:23:15.075979+00:00,201,18878.40,
2026-09-11T20:23:15.107300+00:00,201,18847.14,
2026-09-11T20:23:15.096664+00:00,201,18867.62,
2026-09-11T20:23:15.075979+00:00,201,18889.56,
2026-09-11T20:23:15.075979+00:00,201,18882.65,
2026-09-11T20:23:15.028780+00:00,201,18928.31,
2026-09-11T20:23:15.075979+00:00,201,18881.57,
2026-09-11T20:23:15.096664+00:00,201,18878.72,
2026-09-11T20:23:15.123044+00:00,201,18853.19,
2026-09-11T20:23:15.098264+00:00,201,18872.52,
2026-09-11T20:23:15.028780+00:00,201,18950.65,
2026-09-11T20:23:15.091570+00:00,201,18888.70,
2026-09-11T20:23:15.123044+00:00,201,18848.69,
2026-09-11T20:23:15.107300+00:00,201,18872.91,
2026-09-11T20:23:15.060073+00:00,201,18921.42,
2026-09-11T20:23:15.069444+00:00,201,18915.46,
2026-09-11T20:23:15.107300+00:00,201,18873.17,
2026-09-11T20:23:15.123044+00:00,201,18864.94,
2026-09-11T20:23:15.107300+00:00,201,18873.07,
2026-09-11T20:23:15.098264+00:00,201,18890.97,
2026-09-11T20:23:15.069444+00:00,201,18928.16,
2026-09-11T20:23:15.098264+00:00,201,18898.06,
2026-09-11T20:23:15.138875+00:00,201,18857.97,
2026-09-11T20:23:15.091570+00:00,201,18911.21,
2026-09-11T20:23:15.098264+00:00,201,18903.46,
2026-09-11T20:23:15.123044+00:00,201,18882.26,
2026-09-11T20:23:15.138875+00:00,201,18865.07,
2026-09-11T20:23:15.075979+00:00,201,18923.22,
2026-09-11T20:23:15.138875+00:00,201,18873.43,
2026-09-11T20:23:15.107300+00:00,201,18897.62,
2026-09-11T20:23:15.138875+00:00,201,18873.06,
2026-09-11T20:23:15.107300+00:00,201,18908.26,
2026-09-11T20:23:15.123044+00:00,201,18895.70,
2026-09-11T20:23:15.123044+00:00,201,18904.19,
2026-09-11T20:23:15.107300+00:00,201,18913.66,
2026-09-11T20:23:15.138875+00:00,201,18886.51,
2026-09-11T20:23:15.154750+00:00,201,18877.98,
2026-09-11T20:23:15.123044+00:00,201,18898.77,
2026-09-11T20:23:15.107300+00:00,201,18918.51,
2026-09-11T20:23:15.138875+00:00,201,18891.48,
2026-09-11T20:23:15.138875+00:00,201,18901.13,
2026-09-11T20:23:15.138875+00:00,201,18894.50,
2026-09-11T20:23:15.154750+00:00,201,18884.22,
2026-09-11T20:23:15.138875+00:00,201,18896.05,
2026-09-11T20:23:15.123044+00:00,201,18918.93,
2026-09-11T20:23:15.123044+00:00,201,18915.08,
2026-09-11T20:23:15.123044+00:00,201,18921.53,
2026-09-11T20:23:15.123044+00:00,201,18928.14,
2026-09-11T20:23:15.313361+00:00,201,18736.93,
2026-09-11T20:23:15.154750+00:00,201,18899.13,
2026-09-11T20:23:15.329321+00:00,201,18736.73,
2026-09-11T20:23:15.154750+00:00,201,18902.71,
2026-09-11T20:23:15.138875+00:00,201,18921.30,
2026-09-11T20:23:15.154750+00:00,201,18918.24,
2026-09-11T20:23:15.098264+00:00,201,18977.64,
2026-09-11T20:23:15.313361+00:00,201,18761.82,
2026-09-11T20:23:15.098264+00:00,201,18979.90,
2026-09-11T20:23:15.154750+00:00,201,18924.12,
2026-09-11T20:23:15.154750+00:00,201,18921.80,
2026-09-11T20:23:15.154750+00:00,201,18927.72,
2026-09-11T20:23:15.154750+00:00,201,18935.32,
2026-09-11T20:23:15.123044+00:00,201,18965.79,
2026-09-11T20:23:15.313361+00:00,201,18772.47,
2026-09-11T20:23:15.313361+00:00,201,18781.74,
2026-09-11T20:23:15.138875+00:00,201,18952.04,
2026-09-11T20:23:15.345147+00:00,201,18762.74,
2026-09-11T20:23:15.329321+00:00,201,18773.89,
2026-09-11T20:23:15.154750+00:00,201,18952.21,
2026-09-11T20:23:15.091570+00:00,201,19018.69,
2026-09-11T20:23:15.313361+00:00,201,18798.66,
2026-09-11T20:23:15.329321+00:00,201,18786.79,
2026-09-11T20:23:15.313361+00:00,201,18805.25,
2026-09-11T20:23:15.329321+00:00,201,18780.04,
2026-09-11T20:23:15.313361+00:00,201,18801.24,
2026-09-11T20:23:15.138875+00:00,201,18986.99,
2026-09-11T20:23:15.329321+00:00,201,18795.57,
2026-09-11T20:23:15.345147+00:00,201,18782.19,
2026-09-11T20:23:15.329321+00:00,201,18792.42,
2026-09-11T20:23:15.329321+00:00,201,18796.96,
2026-09-11T20:23:15.345147+00:00,201,18790.39,
2026-09-11T20:23:15.361035+00:00,201,18772.29,
2026-09-11T20:23:11.536369+00:00,201,22826.17,
2026-09-11T20:23:12.962699+00:00,201,21399.61,
2026-09-11T20:23:13.088265+00:00,201,21289.16,
2026-09-11T20:23:13.042856+00:00,201,21337.36,
2026-09-11T20:23:13.066723+00:00,201,21315.88,
2026-09-11T20:23:13.094045+00:00,201,21285.33,
2026-09-11T20:23:13.070398+00:00,201,21316.77,
2026-09-11T20:23:13.173956+00:00,201,21208.76,
2026-09-11T20:23:13.125996+00:00,201,21262.65,
2026-09-11T20:23:13.205249+00:00,201,21202.77,
2026-09-11T20:23:13.189617+00:00,201,21214.74,
2026-09-11T20:23:13.236801+00:00,201,21165.23,
2026-09-11T20:23:13.252565+00:00,201,21163.04,
2026-09-11T20:23:14.631459+00:00,201,19781.78,
2026-09-11T20:23:14.647436+00:00,201,19777.04,
2026-09-11T20:23:14.691047+00:00,201,19750.26,
2026-09-11T20:23:14.695583+00:00,201,19749.20,
2026-09-11T20:23:15.345147+00:00,201,19260.77,
2026-09-11T20:23:15.329321+00:00,201,19285.17,
2026-09-11T20:23:15.329321+00:00,201,19284.23,
2026-09-11T20:23:15.313361+00:00,201,19309.44,
2026-09-11T20:23:15.154750+00:00,201,19473.08,
2026-09-11T20:23:15.329321+00:00,201,19298.18,
2026-09-11T20:23:15.345147+00:00,201,19282.65,
2026-09-11T20:23:15.345147+00:00,201,19276.83,
2026-09-11T20:23:15.361035+00:00,201,19265.46,
2026-09-11T20:23:15.329321+00:00,201,19300.22,
2026-09-11T20:23:15.376841+00:00,201,19259.85,
2026-09-11T20:23:15.392882+00:00,201,19247.64,
2026-09-11T20:23:15.345147+00:00,201,19290.11,
2026-09-11T20:23:15.345147+00:00,201,19294.92,
2026-09-11T20:23:15.392882+00:00,201,19251.76,
2026-09-11T20:23:15.345147+00:00,201,19294.93,
2026-09-11T20:23:15.313361+00:00,201,19326.52,
2026-09-11T20:23:15.313361+00:00,201,19330.27,
2026-09-11T20:23:15.345147+00:00,201,19303.86,
2026-09-11T20:23:15.376841+00:00,201,19271.67,
2026-09-11T20:23:15.361035+00:00,201,19300.04,
2026-09-11T20:23:15.345147+00:00,201,19303.82,
2026-09-11T20:23:15.392882+00:00,201,19259.14,
2026-09-11T20:23:15.413599+00:00,201,19254.82,
2026-09-11T20:23:15.361035+00:00,201,19301.34,
2026-09-11T20:23:15.413599+00:00,201,19256.63,
2026-09-11T20:23:15.345147+00:00,201,19317.85,
2026-09-11T20:23:15.376841+00:00,201,19299.84,
2026-09-11T20:23:15.376841+00:00,201,19294.20,
2026-09-11T20:23:15.361035+00:00,201,19317.26,
2026-09-11T20:23:15.361035+00:00,201,19318.22,
2026-09-11T20:23:15.376841+00:00,201,19303.51,
2026-09-11T20:23:15.345147+00:00,201,19342.63,
2026-09-11T20:23:15.361035+00:00,201,19319.59,
2026-09-11T20:23:15.376841+00:00,201,19302.33,
2026-09-11T20:23:15.413599+00:00,201,19271.77,
2026-09-11T20:23:15.376841+00:00,201,19320.91,
2026-09-11T20:23:15.408831+00:00,201,19290.54,
2026-09-11T20:23:15.376841+00:00,201,19322.56,
2026-09-11T20:23:15.361035+00:00,201,19330.11,
2026-09-11T20:23:15.376841+00:00,201,19325.87,
2026-09-11T20:23:15.392882+00:00,201,19305.02,
2026-09-11T20:23:15.361035+00:00,201,19347.70,
2026-09-11T20:23:15.392882+00:00,201,19311.39,
2026-09-11T20:23:15.376841+00:00,201,19328.95,
2026-09-11T20:23:15.408831+00:00,201,19306.55,
2026-09-11T20:23:15.392882+00:00,201,19319.97,
2026-09-11T20:23:15.413599+00:00,201,19302.20,
2026-09-11T20:23:15.392882+00:00,201,19326.13,
2026-09-11T20:23:15.425203+00:00,201,19299.00,
2026-09-11T20:23:15.361035+00:00,201,19355.66,
2026-09-11T20:23:15.376841+00:00,201,19344.74,
2026-09-11T20:23:15.392882+00:00,201,19330.30,
2026-09-11T20:23:15.391857+00:00,201,19346.71,
2026-09-11T20:23:15.440450+00:00,201,19289.38,
2026-09-11T20:23:15.376841+00:00,201,19357.51,
2026-09-11T20:23:15.425203+00:00,201,19305.37,
2026-09-11T20:23:15.440450+00:00,201,19296.38,
2026-09-11T20:23:15.425203+00:00,201,19320.31,
2026-09-11T20:23:15.408831+00:00,201,19337.62,
2026-09-11T20:23:15.425203+00:00,201,19322.03,
2026-09-11T20:23:15.425203+00:00,201,19314.34,
2026-09-11T20:23:15.413599+00:00,201,19330.28,
2026-09-11T20:23:15.456166+00:00,201,19295.57,
2026-09-11T20:23:15.425203+00:00,201,19322.81,
2026-09-11T20:23:15.413599+00:00,201,19338.70,
2026-09-11T20:23:15.413599+00:00,201,19342.73,
2026-09-11T20:23:15.392882+00:00,201,19354.78,
2026-09-11T20:23:15.392882+00:00,201,19367.80,
2026-09-11T20:23:15.472015+00:00,201,19289.70,
2026-09-11T20:23:15.425203+00:00,201,19332.88,
2026-09-11T20:23:15.425203+00:00,201,19346.55,
2026-09-11T20:23:15.456166+00:00,201,19314.35,
2026-09-11T20:23:15.440450+00:00,201,19337.47,
2026-09-11T20:23:15.440450+00:00,201,19327.97,
2026-09-11T20:23:15.408831+00:00,201,19370.10,
2026-09-11T20:23:15.361035+00:00,201,19415.88,
2026-09-11T20:23:15.425203+00:00,201,19356.17,
2026-09-11T20:23:15.456166+00:00,201,19316.22,
2026-09-11T20:23:15.456166+00:00,201,19332.49,
2026-09-11T20:23:15.456166+00:00,201,19324.69,
2026-09-11T20:23:15.440450+00:00,201,19352.18,
2026-09-11T20:23:15.425203+00:00,201,19355.19,
2026-09-11T20:23:15.413599+00:00,201,19376.44,
2026-09-11T20:23:15.478564+00:00,201,19315.45,
2026-09-11T20:23:15.440450+00:00,201,19347.08,
2026-09-11T20:23:15.456166+00:00,201,19336.06,
2026-09-11T20:23:15.472015+00:00,201,19325.37,
2026-09-11T20:23:15.440450+00:00,201,19359.29,
2026-09-11T20:23:15.440450+00:00,201,19350.37,
2026-09-11T20:23:15.456166+00:00,201,19347.36,
2026-09-11T20:23:15.478564+00:00,201,19328.84,
2026-09-11T20:23:15.440450+00:00,201,19362.72,
2026-09-11T20:23:15.425203+00:00,201,19379.98,
2026-09-11T20:23:15.440450+00:00,201,19366.91,
2026-09-11T20:23:15.503923+00:00,201,19305.15,
2026-09-11T20:23:15.456166+00:00,201,19347.08,
2026-09-11T20:23:15.472015+00:00,201,19341.78,
2026-09-11T20:23:15.425203+00:00,201,19383.72,
2026-09-11T20:23:15.440450+00:00,201,19377.24,
2026-09-11T20:23:15.478564+00:00,201,19337.12,
2026-09-11T20:23:15.472015+00:00,201,19350.42,
2026-09-11T20:23:15.456166+00:00,201,19364.05,
2026-09-11T20:23:15.440450+00:00,201,19376.72,
2026-09-11T20:23:15.503923+00:00,201,19320.00,
2026-09-11T20:23:15.478564+00:00,201,19351.07,
2026-09-11T20:23:15.498897+00:00,201,19331.58,
2026-09-11T20:23:15.491968+00:00,201,19335.92,
2026-09-11T20:23:15.456166+00:00,201,19370.18,
2026-09-11T20:23:15.456166+00:00,201,19367.68,
2026-09-11T20:23:15.503923+00:00,201,19322.56,
2026-09-11T20:23:15.503923+00:00,201,19325.95,
2026-09-11T20:23:15.535860+00:00,201,19301.39,
2026-09-11T20:23:15.478564+00:00,201,19360.28,
2026-09-11T20:23:15.488107+00:00,201,19353.65,
2026-09-11T20:23:15.456166+00:00,201,19374.26,
2026-09-11T20:23:15.488107+00:00,201,19355.09,
2026-09-11T20:23:15.503923+00:00,201,19343.26,
2026-09-11T20:23:15.551627+00:00,201,19289.82,
2026-09-11T20:23:15.519959+00:00,201,19329.43,
2026-09-11T20:23:15.491968+00:00,201,19359.40,
2026-09-11T20:23:15.478564+00:00,201,19367.68,
2026-09-11T20:23:15.478564+00:00,201,19368.40,
2026-09-11T20:23:15.535860+00:00,201,19308.42,
2026-09-11T20:23:15.478564+00:00,201,19375.40,
2026-09-11T20:23:15.519959+00:00,201,19327.14,
2026-09-11T20:23:15.519959+00:00,201,19331.36,
2026-09-11T20:23:15.499905+00:00,201,19361.34,
2026-09-11T20:23:15.503923+00:00,201,19358.70,
2026-09-11T20:23:15.583330+00:00,201,19281.21,
2026-09-11T20:23:15.583330+00:00,201,19284.21,
2026-09-11T20:23:15.503923+00:00,201,19353.26,
2026-09-11T20:23:15.491968+00:00,201,19376.24,
2026-09-11T20:23:15.519959+00:00,201,19344.90,
2026-09-11T20:23:15.535860+00:00,201,19331.02,
2026-09-11T20:23:15.583330+00:00,201,19284.65,
2026-09-11T20:23:15.551627+00:00,201,19325.13,
2026-09-11T20:23:15.503923+00:00,201,19367.38,
2026-09-11T20:23:15.535860+00:00,201,19334.78,
2026-09-11T20:23:15.567400+00:00,201,19308.35,
2026-09-11T20:23:15.519959+00:00,201,19359.45,
2026-09-11T20:23:15.567400+00:00,201,19302.09,
2026-09-11T20:23:15.551627+00:00,201,19332.11,
2026-09-11T20:23:15.519959+00:00,201,19362.61,
2026-09-11T20:23:15.592233+00:00,201,19297.05,
2026-09-11T20:23:15.567400+00:00,201,19318.66,
2026-09-11T20:23:15.551627+00:00,201,19334.78,
2026-09-11T20:23:15.567400+00:00,201,19328.09,
2026-09-11T20:23:15.535860+00:00,201,19364.20,
2026-09-11T20:23:15.503923+00:00,201,19384.34,
2026-09-11T20:23:15.535860+00:00,201,19358.83,
2026-09-11T20:23:15.551627+00:00,201,19350.98,
2026-09-11T20:23:15.551627+00:00,201,19355.39,
2026-09-11T20:23:15.551627+00:00,201,19348.24,
2026-09-11T20:23:15.599295+00:00,201,19318.54,
2026-09-11T20:23:15.599295+00:00,201,19308.11,
2026-09-11T20:23:15.599295+00:00,201,19316.40,
2026-09-11T20:23:15.551627+00:00,201,19361.94,
2026-09-11T20:23:15.551627+00:00,201,19365.74,
2026-09-11T20:23:15.583330+00:00,201,19345.13,
2026-09-11T20:23:15.567400+00:00,201,19353.12,
2026-09-11T20:23:15.599295+00:00,201,19331.30,
2026-09-11T20:23:15.583330+00:00,201,19351.01,
2026-09-11T20:23:15.567400+00:00,201,19363.58,
2026-09-11T20:23:15.599295+00:00,201,19341.96,
2026-09-11T20:23:15.535860+00:00,201,19405.12,
2026-09-11T20:23:15.567400+00:00,201,19375.96,
2026-09-11T20:23:15.567400+00:00,201,19372.09,
2026-09-11T20:23:15.567400+00:00,201,19374.86,
2026-09-11T20:23:15.631137+00:00,201,19315.38,
2026-09-11T20:23:15.583330+00:00,201,19364.07,
2026-09-11T20:23:15.592233+00:00,201,19362.86,
2026-09-11T20:23:15.615608+00:00,201,19333.56,
2026-09-11T20:23:15.615608+00:00,201,19332.41,
2026-09-11T20:23:15.551627+00:00,201,19397.58,
2026-09-11T20:23:15.567400+00:00,201,19393.15,
2026-09-11T20:23:15.615608+00:00,201,19341.12,
2026-09-11T20:23:15.599295+00:00,201,19360.44,
2026-09-11T20:23:15.599295+00:00,201,19353.88,
2026-09-11T20:23:15.567400+00:00,201,19387.57,
2026-09-11T20:23:15.592233+00:00,201,19372.02,
2026-09-11T20:23:13.010219+00:00,201,22106.57,
2026-09-11T20:23:13.078319+00:00,201,22049.81,
2026-09-11T20:23:13.025705+00:00,201,22109.03,
2026-09-11T20:23:13.078319+00:00,201,22057.19,
2026-09-11T20:23:13.078319+00:00,201,22062.11,
2026-09-11T20:23:13.010219+00:00,201,22127.89,
2026-09-11T20:23:13.110096+00:00,201,22034.48,
2026-09-11T20:23:15.631137+00:00,201,19565.86,
2026-09-11T20:23:15.592233+00:00,201,19608.43,
2026-09-11T20:23:15.592233+00:00,201,19613.65,
2026-09-11T20:23:15.615608+00:00,201,19591.78,
2026-09-11T20:23:15.615608+00:00,201,19588.22,
2026-09-11T20:23:15.631137+00:00,201,19568.28,
2026-09-11T20:23:15.599295+00:00,201,19605.92,
2026-09-11T20:23:15.615608+00:00,201,19602.46,
2026-09-11T20:23:15.599295+00:00,201,19614.22,
2026-09-11T20:23:15.615608+00:00,201,19605.62,
2026-09-11T20:23:15.631137+00:00,201,19580.71,
2026-09-11T20:23:15.631137+00:00,201,19588.44,
2026-09-11T20:23:15.599295+00:00,201,19621.05,
2026-09-11T20:23:15.646844+00:00,201,19580.94,
2026-09-11T20:23:15.631137+00:00,201,19592.74,
2026-09-11T20:23:15.646844+00:00,201,19577.52,
2026-09-11T20:23:15.631137+00:00,201,19605.58,
2026-09-11T20:23:15.631137+00:00,201,19601.90,
2026-09-11T20:23:15.646844+00:00,201,19590.09,
2026-09-11T20:23:15.615608+00:00,201,19618.02,
2026-09-11T20:23:15.615608+00:00,201,19618.43,
2026-09-11T20:23:15.646844+00:00,201,19593.30,
2026-09-11T20:23:15.662511+00:00,201,19586.40,
2026-09-11T20:23:15.615608+00:00,201,19631.17,
2026-09-11T20:23:15.646844+00:00,201,19605.04,
2026-09-11T20:23:15.646844+00:00,201,19604.94,
2026-09-11T20:23:15.631137+00:00,201,19620.63,
2026-09-11T20:23:15.646844+00:00,201,19606.67,
2026-09-11T20:23:15.678283+00:00,201,19569.62,
2026-09-11T20:23:15.614043+00:00,201,19645.28,
2026-09-11T20:23:15.631137+00:00,201,19620.62,
2026-09-11T20:23:15.662511+00:00,201,19585.42,
2026-09-11T20:23:15.662511+00:00,201,19597.90,
2026-09-11T20:23:15.646844+00:00,201,19609.04,
2026-09-11T20:23:15.599295+00:00,201,19665.60,
2026-09-11T20:23:15.678283+00:00,201,19586.63,
2026-09-11T20:23:15.631137+00:00,201,19625.94,
2026-09-11T20:23:15.631137+00:00,201,19636.82,
2026-09-11T20:23:15.662511+00:00,201,19597.69,
2026-09-11T20:23:15.678283+00:00,201,19581.39,
2026-09-11T20:23:15.646844+00:00,201,19617.14,
2026-09-11T20:23:15.699152+00:00,201,19576.55,
2026-09-11T20:23:15.646844+00:00,201,19616.96,
2026-09-11T20:23:15.662511+00:00,201,19607.16,
2026-09-11T20:23:15.678283+00:00,201,19601.62,
2026-09-11T20:23:13.744671+00:00,201,21536.93,
2026-09-11T20:23:15.678283+00:00,201,19603.36,
2026-09-11T20:23:15.662511+00:00,201,19609.28,
2026-09-11T20:23:15.646844+00:00,201,19624.52,
2026-09-11T20:23:15.678283+00:00,201,19600.15,
2026-09-11T20:23:15.678283+00:00,201,19604.99,
2026-09-11T20:23:15.662511+00:00,201,19622.98,
2026-09-11T20:23:15.615608+00:00,201,19662.03,
2026-09-11T20:23:15.694035+00:00,201,19595.00,
2026-09-11T20:23:15.700920+00:00,201,19588.88,
2026-09-11T20:23:15.700920+00:00,201,19587.44,
2026-09-11T20:23:15.709977+00:00,201,19580.41,
2026-09-11T20:23:15.700920+00:00,201,19598.25,
2026-09-11T20:23:15.662511+00:00,201,19630.49,
2026-09-11T20:23:15.662511+00:00,201,19629.03,
2026-09-11T20:23:15.678283+00:00,201,19617.54,
2026-09-11T20:23:15.700920+00:00,201,19600.67,
2026-09-11T20:23:15.662511+00:00,201,19637.32,
2026-09-11T20:23:15.709977+00:00,201,19588.41,
2026-09-11T20:23:15.700920+00:00,201,19601.70,
2026-09-11T20:23:15.700920+00:00,201,19607.55,
2026-09-11T20:23:15.662511+00:00,201,19646.63,
2026-09-11T20:23:15.692268+00:00,201,19619.65,
2026-09-11T20:23:15.678283+00:00,201,19631.72,
2026-09-11T20:23:15.725882+00:00,201,19585.11,
2026-09-11T20:23:15.709977+00:00,201,19600.97,
2026-09-11T20:23:15.709977+00:00,201,19606.59,
2026-09-11T20:23:15.709977+00:00,201,19604.99,
2026-09-11T20:23:15.694035+00:00,201,19626.04,
2026-09-11T20:23:15.725882+00:00,201,19590.29,
2026-09-11T20:23:15.678283+00:00,201,19633.33,
2026-09-11T20:23:15.709977+00:00,201,19615.05,
2026-09-11T20:23:15.741809+00:00,201,19580.69,
2026-09-11T20:23:15.709977+00:00,201,19614.85,
2026-09-11T20:23:13.741661+00:00,201,21587.44,
2026-09-11T20:23:15.709977+00:00,201,19607.33,
2026-09-11T20:23:15.741809+00:00,201,19584.99,
2026-09-11T20:23:15.725882+00:00,201,19599.90,
2026-09-11T20:23:15.694035+00:00,201,19638.25,
2026-09-11T20:23:15.725882+00:00,201,19599.71,
2026-09-11T20:23:15.741809+00:00,201,19586.42,
2026-09-11T20:23:15.725882+00:00,201,19601.00,
2026-09-11T20:23:15.741809+00:00,201,19586.14,
2026-09-11T20:23:15.709977+00:00,201,19621.29,
2026-09-11T20:23:15.741809+00:00,201,19594.51,
2026-09-11T20:23:15.725882+00:00,201,19618.21,
2026-09-11T20:23:15.725882+00:00,201,19606.56,
2026-09-11T20:23:15.725882+00:00,201,19618.18,
2026-09-11T20:23:15.709977+00:00,201,19623.91,
2026-09-11T20:23:15.725882+00:00,201,19608.92,
2026-09-11T20:23:15.709977+00:00,201,19629.54,
2026-09-11T20:23:15.741809+00:00,201,19610.22,
2026-09-11T20:23:15.757914+00:00,201,19580.90,
2026-09-11T20:23:15.741809+00:00,201,19600.01,
2026-09-11T20:23:15.741809+00:00,201,19599.78,
2026-09-11T20:23:04.397716+00:00,201,30959.44,
2026-09-11T20:23:15.757914+00:00,201,19596.56,
2026-09-11T20:23:15.757914+00:00,201,19596.41,
2026-09-11T20:23:15.741809+00:00,201,19609.70,
2026-09-11T20:23:15.725882+00:00,201,19635.98,
2026-09-11T20:23:04.384536+00:00,201,30980.81,
2026-09-11T20:23:15.741809+00:00,201,19622.31,
2026-09-11T20:23:15.741809+00:00,201,19617.97,
2026-09-11T20:23:15.757914+00:00,201,19600.68,
2026-09-11T20:23:11.473534+00:00,201,23895.25,
2026-09-11T20:23:15.757914+00:00,201,19613.46,
2026-09-11T20:23:15.757914+00:00,201,19601.94,
2026-09-11T20:23:15.773722+00:00,201,19598.41,
2026-09-11T20:23:15.757914+00:00,201,19616.22,
2026-09-11T20:23:11.615657+00:00,201,23758.02,
2026-09-11T20:23:15.757914+00:00,201,19609.10,
2026-09-11T20:23:06.512949+00:00,201,28867.06,
2026-09-11T20:23:15.725882+00:00,201,19646.65,
2026-09-11T20:23:14.631459+00:00,201,20744.10,
2026-09-11T20:23:11.092582+00:00,201,24285.82,
2026-09-11T20:23:15.773722+00:00,201,19604.23,
2026-09-11T20:23:13.903419+00:00,201,21468.67,
2026-09-11T20:23:11.108614+00:00,201,24272.62,
2026-09-11T20:23:04.310915+00:00,201,31075.15,
2026-09-11T20:23:04.808862+00:00,201,30581.26,
2026-09-11T20:23:13.762466+00:00,201,21629.33,
2026-09-11T20:23:06.587250+00:00,201,28802.80,
2026-09-11T20:23:15.773722+00:00,201,19611.55,
2026-09-11T20:23:10.632625+00:00,201,24749.45,
2026-09-11T20:23:15.805333+00:00,201,19587.52,
2026-09-11T20:23:15.757914+00:00,201,19633.40,
2026-09-11T20:23:13.951517+00:00,201,21444.81,
2026-09-11T20:23:11.599327+00:00,201,23799.29,
2026-09-11T20:23:11.631097+00:00,201,23770.51,
2026-09-11T20:23:13.750690+00:00,201,21653.43,
2026-09-11T20:23:15.773722+00:00,201,19629.19,
2026-09-11T20:23:15.757914+00:00,201,19647.16,
2026-09-11T20:23:06.683526+00:00,201,28724.85,
2026-09-11T20:23:11.092582+00:00,201,24304.67,
2026-09-11T20:23:16.168666+00:00,201,19242.29,
2026-09-11T20:23:16.152837+00:00,201,19247.22,
2026-09-11T20:23:13.935428+00:00,201,21474.02,
2026-09-11T20:23:13.746678+00:00,201,21669.27,
2026-09-11T20:23:13.754702+00:00,201,21663.13,
2026-09-11T20:23:13.778254+00:00,201,21640.74,
2026-09-11T20:23:14.490904+00:00,201,20930.09,
2026-09-11T20:23:14.190703+00:00,201,21225.60,
2026-09-11T20:23:13.756707+00:00,201,21666.20,
2026-09-11T20:23:15.773722+00:00,201,19650.45,
2026-09-11T20:23:13.819366+00:00,201,21607.11,
2026-09-11T20:23:15.805333+00:00,201,19619.46,
2026-09-11T20:23:04.422104+00:00,201,31006.75,
2026-09-11T20:23:13.855453+00:00,201,21569.44,
2026-09-11T20:23:16.295677+00:00,201,19136.64,
2026-09-11T20:23:06.642389+00:00,201,28790.44,
2026-09-11T20:23:11.631097+00:00,201,23796.18,
2026-09-11T20:23:13.841487+00:00,201,21594.77,
2026-09-11T20:23:13.871421+00:00,201,21560.84,
2026-09-11T20:23:16.867942+00:00,201,18571.98,
2026-09-11T20:23:04.429134+00:00,201,31010.40,
2026-09-11T20:23:13.843492+00:00,201,21597.51,
2026-09-11T20:23:11.108614+00:00,201,24322.90,
2026-09-11T20:23:14.190703+00:00,201,21242.52,
2026-09-11T20:23:04.796103+00:00,201,30650.81,
2026-09-11T20:23:13.903419+00:00,201,21543.04,
2026-09-11T20:23:16.342550+00:00,201,19102.57,
2026-09-11T20:23:11.410022+00:00,201,24040.89,
2026-09-11T20:23:06.711133+00:00,201,28734.88,
2026-09-11T20:23:13.935428+00:00,201,21507.66,
2026-09-11T20:23:13.788286+00:00,201,21665.46,
2026-09-11T20:23:04.466685+00:00,201,30987.98,
2026-09-11T20:23:04.816920+00:00,201,30633.72,
2026-09-11T20:23:13.903419+00:00,201,21550.80,
2026-09-11T20:23:14.494629+00:00,201,20965.50,
2026-09-11T20:23:13.903419+00:00,201,21550.14,
2026-09-11T20:23:04.835554+00:00,201,30625.09,
2026-09-11T20:23:04.637226+00:00,201,30828.62,
2026-09-11T20:23:13.951517+00:00,201,21506.58,
2026-09-11T20:23:04.321549+00:00,201,31142.46,
2026-09-11T20:23:06.880900+00:00,201,28587.44,
2026-09-11T20:23:14.303472+00:00,201,21166.47,
2026-09-11T20:23:14.457312+00:00,201,21013.72,
2026-09-11T20:23:11.108614+00:00,201,24363.49,
2026-09-11T20:23:16.342550+00:00,201,19131.86,
2026-09-11T20:23:06.755518+00:00,201,28720.85,
2026-09-11T20:23:13.967562+00:00,201,21507.48,
2026-09-11T20:23:18.856901+00:00,201,16623.41,
2026-09-11T20:23:18.876224+00:00,201,16604.00,
2026-09-11T20:23:18.866096+00:00,201,16617.65,
2026-09-11T20:23:11.124274+00:00,201,24350.53,
2026-09-11T20:23:14.218195+00:00,201,21267.42,
2026-09-11T20:23:04.885637+00:00,201,30600.16,
2026-09-11T20:23:11.140105+00:00,201,24343.19,
2026-09-11T20:23:17.111037+00:00,201,18371.18,
2026-09-11T20:23:11.124274+00:00,201,24364.83,
2026-09-11T20:23:06.787605+00:00,201,28698.86,
2026-09-11T20:23:04.870732+00:00,201,30623.72,
2026-09-11T20:23:13.983647+00:00,201,21506.38,
2026-09-11T20:23:18.861715+00:00,201,16635.94,
2026-09-11T20:23:04.589654+00:00,201,30908.19,
2026-09-11T20:23:18.869698+00:00,201,16630.81,
2026-09-11T20:23:04.847810+00:00,201,30647.09,
2026-09-11T20:23:04.652358+00:00,201,30848.45,
2026-09-11T20:23:04.889936+00:00,201,30601.44,
2026-09-11T20:23:16.026493+00:00,201,19476.80,
2026-09-11T20:23:17.485769+00:00,201,18015.33,
2026-09-11T20:23:13.967562+00:00,201,21533.22,
2026-09-11T20:23:05.062887+00:00,201,30447.04,
2026-09-11T20:23:06.837079+00:00,201,28668.91,
2026-09-11T20:23:11.140105+00:00,201,24373.72,
2026-09-11T20:23:13.977896+00:00,201,21532.34,
2026-09-11T20:23:06.987001+00:00,201,28529.63,
2026-09-11T20:23:11.156077+00:00,201,24359.69,
2026-09-11T20:23:04.937182+00:00,201,30582.51,
2026-09-11T20:23:11.156077+00:00,201,24356.04,
2026-09-11T20:23:07.042953+00:00,201,28479.44,
2026-09-11T20:23:09.408119+00:00,201,26115.65,
2026-09-11T20:23:13.999311+00:00,201,21523.43,
2026-09-11T20:23:16.073569+00:00,201,19450.19,
2026-09-11T20:23:04.955726+00:00,201,30572.24,
2026-09-11T20:23:14.010917+00:00,201,21515.15,
2026-09-11T20:23:16.041776+00:00,201,19486.53,
2026-09-11T20:23:07.069973+00:00,201,28453.04,
2026-09-11T20:23:18.680895+00:00,201,16850.31,
2026-09-11T20:23:04.972871+00:00,201,30562.67,
2026-09-11T20:23:11.172066+00:00,201,24364.92,
2026-09-11T20:23:14.030765+00:00,201,21506.56,
2026-09-11T20:23:16.045601+00:00,201,19492.61,
2026-09-11T20:23:11.181302+00:00,201,24359.04,
2026-09-11T20:23:07.111699+00:00,201,28427.93,
2026-09-11T20:23:14.030765+00:00,201,21507.48,
2026-09-11T20:23:07.458779+00:00,201,28080.69,
2026-09-11T20:23:07.149918+00:00,201,28396.74,
2026-09-11T20:23:11.188994+00:00,201,24358.67,
2026-09-11T20:23:14.030765+00:00,201,21506.39,
2026-09-11T20:23:04.989638+00:00,201,30560.96,
2026-09-11T20:23:16.045601+00:00,201,19502.97,
2026-09-11T20:23:05.008179+00:00,201,30545.70,
2026-09-11T20:23:11.188994+00:00,201,24357.85,
2026-09-11T20:23:16.045601+00:00,201,19504.82,
2026-09-11T20:23:07.181989+00:00,201,28371.84,
2026-09-11T20:23:14.046769+00:00,201,21503.33,
2026-09-11T20:23:19.843464+00:00,201,15718.23,
2026-09-11T20:23:16.045601+00:00,201,19506.23,
2026-09-11T20:23:05.387836+00:00,201,30174.92,
2026-09-11T20:23:05.104396+00:00,201,30461.51,
2026-09-11T20:23:08.028718+00:00,201,27544.77,
2026-09-11T20:23:14.172952+00:00,201,21415.67,
2026-09-11T20:23:08.329381+00:00,201,27261.53,
2026-09-11T20:23:07.556232+00:00,201,28039.66,
2026-09-11T20:23:11.283418+00:00,201,24316.14,
2026-09-11T20:23:13.935428+00:00,201,21668.17,
2026-09-11T20:23:20.110376+00:00,201,15500.53,
2026-09-11T20:23:26.474998+00:00,201,9139.20,
2026-09-11T20:23:12.851609+00:00,201,22770.38,
2026-09-11T20:23:13.062475+00:00,201,22572.01,
2026-09-11T20:23:13.050859+00:00,201,22589.41,
2026-09-11T20:23:13.110096+00:00,201,22529.93,
2026-09-11T20:23:13.094045+00:00,201,22542.98,
2026-09-11T20:23:14.679265+00:00,201,20983.02,
2026-09-11T20:23:11.140105+00:00,201,24585.45,
2026-09-11T20:23:13.072514+00:00,201,22695.81,
2026-09-11T20:23:13.125996+00:00,201,22654.12,
2026-09-11T20:23:12.962699+00:00,201,23012.71,
2026-09-11T20:23:13.010219+00:00,201,22962.91,
2026-09-11T20:23:13.025705+00:00,201,23301.04,
2026-09-11T20:23:12.978470+00:00,201,23357.65,
2026-09-11T20:23:13.010219+00:00,201,23539.51,
2026-09-11T20:23:33.911114+00:00,201,8701.41,
2026-09-11T20:23:33.923701+00:00,201,8694.13,
2026-09-11T20:23:33.911114+00:00,201,8710.16,
2026-09-11T20:23:33.923701+00:00,201,8716.63,
2026-09-11T20:23:33.891983+00:00,201,8748.30,
2026-09-11T20:23:33.923701+00:00,201,8724.98,
2026-09-11T20:23:33.891983+00:00,201,8770.46,
2026-09-11T20:23:33.891983+00:00,201,8776.84,
2026-09-11T20:23:33.939448+00:00,201,8757.56,
2026-09-11T20:23:33.923701+00:00,201,9037.51,
2026-09-11T20:23:33.939448+00:00,201,9031.03,
2026-09-11T20:23:33.923701+00:00,201,9039.01,
2026-09-11T20:23:33.939448+00:00,201,9026.87,
2026-09-11T20:23:33.955161+00:00,201,9024.56,
2026-09-11T20:23:33.939448+00:00,201,9035.75,
2026-09-11T20:23:33.939448+00:00,201,9043.98,
2026-09-11T20:23:33.955161+00:00,201,9026.65,
2026-09-11T20:23:33.970858+00:00,201,9018.03,
2026-09-11T20:23:33.923701+00:00,201,9069.29,
2026-09-11T20:23:33.955161+00:00,201,9048.31,
2026-09-11T20:23:33.939448+00:00,201,9064.14,
2026-09-11T20:23:33.989077+00:00,201,9025.34,
2026-09-11T20:23:33.955161+00:00,201,9066.09,
2026-09-11T20:23:33.939448+00:00,201,9075.69,
2026-09-11T20:23:33.955161+00:00,201,9078.51,
2026-09-11T20:23:33.994815+00:00,201,9046.94,
2026-09-11T20:23:33.970858+00:00,201,9065.83,
2026-09-11T20:23:33.955161+00:00,201,9092.97,
2026-09-11T20:23:33.970858+00:00,201,9080.10,
2026-09-11T20:23:33.970858+00:00,201,9098.23,
2026-09-11T20:23:33.955161+00:00,201,9106.03,
2026-09-11T20:23:33.955161+00:00,201,9115.61,
2026-09-11T20:23:33.970858+00:00,201,9115.78,
2026-09-11T20:23:33.970858+00:00,201,9117.08,
2026-09-11T20:23:33.923701+00:00,201,9169.17,
2026-09-11T20:23:33.995818+00:00,201,9115.70,
2026-09-11T20:23:34.011151+00:00,201,9112.10,
2026-09-11T20:23:33.989077+00:00,201,9145.24,
2026-09-11T20:23:33.989077+00:00,201,9150.74,
2026-09-11T20:23:33.986569+00:00,201,9170.99,
2026-09-11T20:23:34.002531+00:00,201,9160.56,
2026-09-11T20:23:33.939448+00:00,201,9234.79,
2026-09-11T20:23:34.018397+00:00,201,9155.37,
2026-09-11T20:23:33.995818+00:00,201,9197.37,
2026-09-11T20:23:33.970858+00:00,201,9225.74,
2026-09-11T20:23:34.018397+00:00,201,9191.46,
2026-09-11T20:23:33.955161+00:00,201,9261.29,
2026-09-11T20:23:33.995818+00:00,201,9230.52,
2026-09-11T20:23:34.002531+00:00,201,9232.05,
2026-09-11T20:23:33.995818+00:00,201,9249.88,
2026-09-11T20:23:33.970858+00:00,201,9274.67,
2026-09-11T20:23:34.018397+00:00,201,9248.73,
2026-09-11T20:23:34.011151+00:00,201,9270.81,
2026-09-11T20:23:34.034231+00:00,201,9254.13,
2026-09-11T20:23:34.018397+00:00,201,9268.47,
2026-09-11T20:23:34.050658+00:00,201,9262.07,
2026-09-11T20:23:34.018397+00:00,201,9292.12,
2026-09-11T20:23:34.043216+00:00,201,9288.87,
2026-09-11T20:23:34.018397+00:00,201,9321.37,
2026-09-11T20:23:34.002531+00:00,201,9355.18,
2026-09-11T20:23:34.011151+00:00,201,9357.93,
2026-09-11T20:23:34.081888+00:00,201,9303.19,
2026-09-11T20:23:34.043216+00:00,201,9354.56,
2026-09-11T20:23:34.011151+00:00,201,9395.42,
2026-09-11T20:23:33.970858+00:00,201,9450.00,
2026-09-11T20:23:34.018397+00:00,201,9407.43,
2026-09-11T20:23:34.066095+00:00,201,9371.48,
2026-09-11T20:23:34.066095+00:00,201,9377.89,
2026-09-11T20:23:34.050658+00:00,201,9411.31,
2026-09-11T20:23:34.089284+00:00,201,9405.03,
2026-09-11T20:23:34.043216+00:00,201,9459.68,
2026-09-11T20:23:34.050658+00:00,201,9479.68,
2026-09-11T20:23:34.081888+00:00,201,9458.80,
2026-09-11T20:23:34.066095+00:00,201,9492.08,
2026-09-11T20:23:34.034231+00:00,201,9530.32,
2026-09-11T20:23:34.113491+00:00,201,9467.49,
2026-09-11T20:23:34.034231+00:00,201,9559.67,
2026-09-11T20:23:34.066095+00:00,201,9535.22,
2026-09-11T20:23:34.097847+00:00,201,9526.19,
2026-09-11T20:23:34.113491+00:00,201,9529.21,
2026-09-11T20:23:34.066095+00:00,201,9588.12,
2026-09-11T20:23:34.066095+00:00,201,9600.97,
2026-09-11T20:23:34.050658+00:00,201,9629.58,
2026-09-11T20:23:34.034231+00:00,201,9668.07,
2026-09-11T20:23:34.050658+00:00,201,9663.45,
2026-09-11T20:23:34.113491+00:00,201,9612.33,
2026-09-11T20:23:34.090840+00:00,201,9657.22,
2026-09-11T20:23:34.097847+00:00,201,9661.18,
2026-09-11T20:23:34.113491+00:00,201,9666.33,
2026-09-11T20:23:34.113491+00:00,201,9672.15,
2026-09-11T20:23:34.113491+00:00,201,9694.35,
2026-09-11T20:23:34.097847+00:00,201,9735.51,
2026-09-11T20:23:34.097847+00:00,201,9751.29,
2026-09-11T20:23:34.050658+00:00,201,9821.55,
2026-09-11T20:23:34.097847+00:00,201,9808.77,
2026-09-11T20:23:34.090840+00:00,201,9843.82,
2026-09-11T20:23:34.131440+00:00,201,9835.92,
2026-09-11T20:23:34.131440+00:00,201,9854.24,
2026-09-11T20:23:34.113491+00:00,201,9885.79,
2026-09-11T20:23:34.131440+00:00,201,9892.89,
2026-09-11T20:23:34.131440+00:00,201,9906.26,
2026-09-11T20:23:34.111447+00:00,201,9953.28,
2026-09-11T20:23:34.097847+00:00,201,9973.61,
2026-09-11T20:23:34.320179+00:00,201,9771.29,
2026-09-11T20:23:34.113491+00:00,201,9993.25,
2026-09-11T20:23:34.131440+00:00,201,10012.15,
2026-09-11T20:23:26.530932+00:00,201,17649.73,
2026-09-11T20:23:32.767594+00:00,201,11423.85,
2026-09-11T20:23:07.293125+00:00,201,36936.14,
2026-09-11T20:23:14.046769+00:00,201,30210.90,
2026-09-11T20:23:18.890291+00:00,201,25419.20,
2026-09-11T20:23:09.296479+00:00,201,35045.53,
2026-09-11T20:23:14.080743+00:00,201,30290.52,
2026-09-11T20:23:22.353731+00:00,201,22036.04,
2026-09-11T20:23:19.446903+00:00,201,24966.62,
2026-09-11T20:23:05.543695+00:00,201,38891.37,
2026-09-11T20:23:32.799088+00:00,201,11652.34,
2026-09-11T20:23:14.603551+00:00,201,29873.65,
2026-09-11T20:23:19.252120+00:00,201,25246.15,
2026-09-11T20:23:19.260168+00:00,201,25252.61,
2026-09-11T20:23:32.810652+00:00,201,11736.75,
2026-09-11T20:23:13.871421+00:00,201,30686.01,
2026-09-11T20:23:32.799088+00:00,201,11784.94,
2026-09-11T20:23:07.334652+00:00,201,37279.85,
2026-09-11T20:23:32.814721+00:00,201,11819.17,
2026-09-11T20:23:32.799088+00:00,201,11858.96,
2026-09-11T20:23:20.669421+00:00,201,24013.51,
2026-09-11T20:23:05.078166+00:00,201,39623.72,
2026-09-11T20:23:32.814721+00:00,201,11910.66,
2026-09-11T20:23:32.799088+00:00,201,11960.43,
2026-09-11T20:23:32.799088+00:00,201,11986.20,
2026-09-11T20:23:32.830007+00:00,201,12002.74,
2026-09-11T20:23:32.814721+00:00,201,12058.66,
2026-09-11T20:23:19.185243+00:00,201,25720.82,
2026-09-11T20:23:32.846274+00:00,201,12086.79,
2026-09-11T20:23:32.810652+00:00,201,12154.50,
2026-09-11T20:23:32.813173+00:00,201,12177.52,
2026-09-11T20:23:32.799088+00:00,201,12210.08,
2026-09-11T20:23:32.814721+00:00,201,12219.38,
2026-09-11T20:23:32.814721+00:00,201,12250.27,
2026-09-11T20:23:32.861601+00:00,201,12220.63,
2026-09-11T20:23:32.830007+00:00,201,12286.52,
2026-09-11T20:23:32.841034+00:00,201,12301.80,
2026-09-11T20:23:32.877650+00:00,201,12278.50,
2026-09-11T20:23:32.830007+00:00,201,12361.35,
2026-09-11T20:23:32.861601+00:00,201,12346.71,
2026-09-11T20:23:32.846274+00:00,201,12387.10,
2026-09-11T20:23:32.877650+00:00,201,12386.56,
2026-09-11T20:23:32.814721+00:00,201,12502.67,
2026-09-11T20:23:32.877650+00:00,201,12481.66,
2026-09-11T20:23:32.877650+00:00,201,12540.04,
2026-09-11T20:23:32.910670+00:00,201,12548.19,
2026-09-11T20:23:32.846274+00:00,201,12665.11,
2026-09-11T20:23:32.814721+00:00,201,12719.74,
2026-09-11T20:23:32.877650+00:00,201,12695.94,
2026-09-11T20:23:32.814721+00:00,201,12779.51,
2026-09-11T20:23:32.909663+00:00,201,12723.36,
2026-09-11T20:23:32.814721+00:00,201,12838.17,
2026-09-11T20:23:32.861601+00:00,201,12822.00,
2026-09-11T20:23:32.893702+00:00,201,12812.15,
2026-09-11T20:23:32.893702+00:00,201,12852.27,
2026-09-11T20:23:32.925359+00:00,201,12848.05,
2026-09-11T20:23:32.877650+00:00,201,12919.92,
2026-09-11T20:23:32.910670+00:00,201,12913.77,
2026-09-11T20:23:32.893702+00:00,201,12968.11,
2026-09-11T20:23:32.944146+00:00,201,12941.08,
2026-09-11T20:23:32.925359+00:00,201,12994.67,
2026-09-11T20:23:32.937114+00:00,201,13017.25,
2026-09-11T20:23:32.893702+00:00,201,13084.14,
2026-09-11T20:23:32.893702+00:00,201,13117.55,
2026-09-11T20:23:32.910670+00:00,201,13132.60,
2026-09-11T20:23:32.910670+00:00,201,13166.31,
2026-09-11T20:23:32.944146+00:00,201,13173.29,
2026-09-11T20:23:32.925359+00:00,201,13227.77,
2026-09-11T20:23:32.925359+00:00,201,13252.62,
2026-09-11T20:23:32.957361+00:00,201,13251.64,
2026-09-11T20:23:32.957361+00:00,201,13297.20,
2026-09-11T20:23:32.972502+00:00,201,13307.92,
2026-09-11T20:23:32.972502+00:00,201,13334.63,
2026-09-11T20:23:32.910670+00:00,201,13439.13,
2026-09-11T20:23:32.944146+00:00,201,13443.79,
2026-09-11T20:23:32.972502+00:00,201,13446.30,
2026-09-11T20:23:32.925359+00:00,201,13522.93,
2026-09-11T20:23:32.944146+00:00,201,13544.67,
2026-09-11T20:23:32.995502+00:00,201,13527.83,
2026-09-11T20:23:32.957361+00:00,201,13607.22,
2026-09-11T20:23:32.972502+00:00,201,13647.88,
2026-09-11T20:23:32.957361+00:00,201,13702.93,
2026-09-11T20:23:32.925359+00:00,201,13780.87,
2026-09-11T20:23:32.988845+00:00,201,13753.88,
2026-09-11T20:23:32.972502+00:00,201,13794.52,
2026-09-11T20:23:32.957361+00:00,201,13854.65,
2026-09-11T20:23:32.995502+00:00,201,13850.73,
2026-09-11T20:23:32.995502+00:00,201,13890.84,
2026-09-11T20:23:32.944146+00:00,201,13970.93,
2026-09-11T20:23:32.940995+00:00,201,14017.20,
2026-09-11T20:23:32.972502+00:00,201,14013.22,
2026-09-11T20:23:33.020557+00:00,201,14003.26,
2026-09-11T20:23:32.957361+00:00,201,14102.61,
2026-09-11T20:23:32.993676+00:00,201,14110.32,
2026-09-11T20:23:33.004020+00:00,201,14134.41,
2026-09-11T20:23:33.011077+00:00,201,14162.40,
2026-09-11T20:23:32.560918+00:00,201,14646.64,
2026-09-11T20:23:33.004020+00:00,201,14245.22,
2026-09-11T20:23:33.011077+00:00,201,14273.34,
2026-09-11T20:23:33.020557+00:00,201,14297.84,
2026-09-11T20:23:33.041545+00:00,201,14325.32,
2026-09-11T20:23:33.020557+00:00,201,14388.45,
2026-09-11T20:23:33.020557+00:00,201,14423.09,
2026-09-11T20:23:33.036023+00:00,201,14449.64,
2026-09-11T20:23:33.046696+00:00,201,14476.24,
2026-09-11T20:23:33.041545+00:00,201,14523.75,
2026-09-11T20:23:33.011077+00:00,201,14593.51,
2026-09-11T20:23:33.052569+00:00,201,14586.03,
2026-09-11T20:23:33.038032+00:00,201,14660.65,
2026-09-11T20:23:32.560918+00:00,201,15219.27,
2026-09-11T20:23:33.020557+00:00,201,14811.21,
2026-09-11T20:23:33.052569+00:00,201,14825.84,
2026-09-11T20:23:33.046696+00:00,201,14880.12,
2026-09-11T20:23:33.052569+00:00,201,14915.66,
2026-09-11T20:23:33.410584+00:00,201,15757.19,
2026-09-11T20:23:32.291721+00:00,201,17032.62,
2026-09-11T20:23:33.441971+00:00,201,15941.73,
2026-09-11T20:23:32.244560+00:00,201,17566.23,
2026-09-11T20:23:32.354998+00:00,201,17538.02,
2026-09-11T20:23:33.514118+00:00,201,16833.89,
2026-09-11T20:23:32.339231+00:00,201,18009.91,
2026-09-11T20:23:32.440021+00:00,201,17927.51,
2026-09-11T20:23:32.513203+00:00,201,17867.83,
2026-09-11T20:23:32.465747+00:00,201,17923.03,
2026-09-11T20:23:32.488025+00:00,201,17924.80,
2026-09-11T20:23:32.497353+00:00,201,17924.05,
2026-09-11T20:23:32.528989+00:00,201,17898.47,
2026-09-11T20:23:33.495942+00:00,201,16942.14,
2026-09-11T20:23:32.418317+00:00,201,18041.62,
2026-09-11T20:23:33.488770+00:00,201,16984.74,
2026-09-11T20:23:33.527335+00:00,201,16956.58,
2026-09-11T20:23:32.418317+00:00,201,18074.56,
2026-09-11T20:23:32.465747+00:00,201,18048.54,
2026-09-11T20:23:32.450591+00:00,201,18068.50,
2026-09-11T20:23:32.560918+00:00,201,17963.77,
2026-09-11T20:23:32.528989+00:00,201,18020.08,
2026-09-11T20:23:32.610734+00:00,201,17951.93,
2026-09-11T20:23:32.393379+00:00,201,18179.38,
2026-09-11T20:23:32.488025+00:00,201,18095.37,
2026-09-11T20:23:32.576592+00:00,201,18023.64,
2026-09-11T20:23:32.513203+00:00,201,18095.64,
2026-09-11T20:23:33.558742+00:00,201,17065.54,
2026-09-11T20:23:32.537381+00:00,201,18095.88,
2026-09-11T20:23:32.576592+00:00,201,18065.70,
2026-09-11T20:23:33.514118+00:00,201,17140.34,
2026-09-11T20:23:33.527335+00:00,201,17141.45,
2026-09-11T20:23:33.558742+00:00,201,17119.31,
2026-09-11T20:23:33.543010+00:00,201,17157.44,
2026-09-11T20:23:33.543010+00:00,201,17169.52,
2026-09-11T20:23:32.537381+00:00,201,18196.60,
2026-09-11T20:23:33.543010+00:00,201,17191.64,
2026-09-11T20:23:33.543010+00:00,201,17215.79,
2026-09-11T20:23:33.574684+00:00,201,17201.24,
2026-09-11T20:23:33.558742+00:00,201,17220.38,
2026-09-11T20:23:33.543010+00:00,201,17250.31,
2026-09-11T20:23:33.590458+00:00,201,17228.26,
2026-09-11T20:23:33.558742+00:00,201,17268.02,
2026-09-11T20:23:32.588538+00:00,201,18258.28,
2026-09-11T20:23:32.544953+00:00,201,18311.62,
2026-09-11T20:23:33.558742+00:00,201,17315.02,
2026-09-11T20:23:33.558742+00:00,201,17337.22,
2026-09-11T20:23:32.592688+00:00,201,18313.35,
2026-09-11T20:23:33.574684+00:00,201,17338.24,
2026-09-11T20:23:33.558742+00:00,201,17370.45,
2026-09-11T20:23:33.592963+00:00,201,17359.20,
2026-09-11T20:23:33.574684+00:00,201,17396.37,
2026-09-11T20:23:33.558742+00:00,201,17422.73,
2026-09-11T20:23:33.592963+00:00,201,17412.56,
2026-09-11T20:23:33.558742+00:00,201,17461.07,
2026-09-11T20:23:33.590458+00:00,201,17450.71,
2026-09-11T20:23:33.574684+00:00,201,17480.17,
2026-09-11T20:23:33.574684+00:00,201,17510.93,
2026-09-11T20:23:33.610789+00:00,201,17500.59,
2026-09-11T20:23:33.574684+00:00,201,17560.43,
2026-09-11T20:23:33.574684+00:00,201,17591.86,
2026-09-11T20:23:33.574684+00:00,201,17608.43,
2026-09-11T20:23:33.606679+00:00,201,17607.89,
2026-09-11T20:23:33.622057+00:00,201,17606.57,
2026-09-11T20:23:33.603219+00:00,201,17648.55,
2026-09-11T20:23:33.622057+00:00,201,17646.07,
2026-09-11T20:23:33.606679+00:00,201,17682.84,
2026-09-11T20:23:33.592963+00:00,201,17711.72,
2026-09-11T20:23:33.592963+00:00,201,17726.35,
2026-09-11T20:23:33.610789+00:00,201,17729.32,
2026-09-11T20:23:33.622057+00:00,201,17729.97,
2026-09-11T20:23:33.592963+00:00,201,17789.79,
2026-09-11T20:23:33.610789+00:00,201,17791.67,
2026-09-11T20:23:33.610789+00:00,201,17809.66,
2026-09-11T20:23:33.622057+00:00,201,17818.65,
2026-09-11T20:23:33.574684+00:00,201,17878.49,
2026-09-11T20:23:33.610789+00:00,201,17870.28,
2026-09-11T20:23:33.654635+00:00,201,17840.51,
2026-09-11T20:23:33.622057+00:00,201,17888.56,
2026-09-11T20:23:33.622057+00:00,201,17911.59,
2026-09-11T20:23:33.610789+00:00,201,17943.03,
2026-09-11T20:23:33.654635+00:00,201,17927.70,
2026-09-11T20:23:33.622057+00:00,201,17979.51,
2026-09-11T20:23:33.603219+00:00,201,18018.37,
2026-09-11T20:23:33.622057+00:00,201,18005.96,
2026-09-11T20:23:33.642254+00:00,201,18010.96,
2026-09-11T20:23:33.654635+00:00,201,18025.39,
2026-09-11T20:23:33.642254+00:00,201,18060.78,
2026-09-11T20:23:33.637983+00:00,201,18085.21,
2026-09-11T20:23:33.592963+00:00,201,18150.15,
2026-09-11T20:23:33.610789+00:00,201,18149.62,
2026-09-11T20:23:33.642254+00:00,201,18145.62,
2026-09-11T20:23:33.642254+00:00,201,18162.09,
2026-09-11T20:23:33.669964+00:00,201,18159.59,
2026-09-11T20:23:33.637983+00:00,201,18218.42,
2026-09-11T20:23:33.654635+00:00,201,18219.08,
2026-09-11T20:23:33.685673+00:00,201,18210.80,
2026-09-11T20:23:33.642254+00:00,201,18281.12,
2026-09-11T20:23:33.654635+00:00,201,18288.82,
2026-09-11T20:23:33.669964+00:00,201,18286.37,
2026-09-11T20:23:33.622057+00:00,201,18363.54,
2026-09-11T20:23:33.669964+00:00,201,18329.45,
2026-09-11T20:23:33.669964+00:00,201,18356.84,
2026-09-11T20:23:33.654635+00:00,201,18390.74,
2026-09-11T20:23:33.717451+00:00,201,18698.59,
2026-09-11T20:23:33.733132+00:00,201,18701.76,
2026-09-11T20:23:33.717451+00:00,201,18728.13,
2026-09-11T20:23:33.780751+00:00,201,18687.67,
2026-09-11T20:23:33.792468+00:00,201,18686.25,
2026-09-11T20:23:33.764913+00:00,201,18710.08,
2026-09-11T20:23:33.764913+00:00,201,18710.87,
2026-09-11T20:23:33.749202+00:00,201,18738.36,
2026-09-11T20:23:33.764913+00:00,201,18723.15,
2026-09-11T20:23:33.764913+00:00,201,18724.24,
2026-09-11T20:23:33.796446+00:00,201,18699.19,
2026-09-11T20:23:33.828484+00:00,201,18669.91,
2026-09-11T20:23:33.780751+00:00,201,18728.19,
2026-09-11T20:23:33.780751+00:00,201,18733.71,
2026-09-11T20:23:33.814500+00:00,201,18709.00,
2026-09-11T20:23:33.794205+00:00,201,18731.81,
2026-09-11T20:23:33.780751+00:00,201,18753.35,
2026-09-11T20:23:33.828484+00:00,201,18709.26,
2026-09-11T20:23:33.796446+00:00,201,18747.19,
2026-09-11T20:23:33.816066+00:00,201,18729.98,
2026-09-11T20:23:33.844923+00:00,201,18698.16,
2026-09-11T20:23:33.796446+00:00,201,18756.24,
2026-09-11T20:23:33.828484+00:00,201,18719.80,
2026-09-11T20:23:33.860104+00:00,201,18696.10,
2026-09-11T20:23:33.844923+00:00,201,18717.76,
2026-09-11T20:23:33.828484+00:00,201,18734.13,
2026-09-11T20:23:33.828484+00:00,201,18740.36,
2026-09-11T20:23:33.844923+00:00,201,18732.69,
2026-09-11T20:23:33.822726+00:00,201,18761.40,
2026-09-11T20:23:33.844923+00:00,201,18733.46,
2026-09-11T20:23:33.860104+00:00,201,18734.02,
2026-09-11T20:23:33.844923+00:00,201,18753.61,
2026-09-11T20:23:33.844923+00:00,201,18753.23,
2026-09-11T20:23:33.844923+00:00,201,18765.79,
2026-09-11T20:23:33.875863+00:00,201,18729.68,
2026-09-11T20:23:33.875863+00:00,201,18744.69,
2026-09-11T20:23:33.828484+00:00,201,18793.72,
2026-09-11T20:23:33.842624+00:00,201,18790.29,
2026-09-11T20:23:33.875863+00:00,201,18753.55,
2026-09-11T20:23:33.860104+00:00,201,18772.82,
2026-09-11T20:23:33.860104+00:00,201,18784.04,
2026-09-11T20:23:33.911114+00:00,201,18743.78,
2026-09-11T20:23:33.844923+00:00,201,18820.75,
2026-09-11T20:23:33.911114+00:00,201,18855.69,
2026-09-11T20:23:19.277361+00:00,201,33505.06,
2026-09-11T20:23:14.612529+00:00,201,38178.21,
2026-09-11T20:23:19.078520+00:00,201,33737.84,
2026-09-11T20:23:10.838603+00:00,201,41980.38,
2026-09-11T20:23:34.383616+00:00,201,18438.13,
2026-09-11T20:23:20.716987+00:00,201,32109.80,
2026-09-11T20:23:14.156917+00:00,201,38674.17,
2026-09-11T20:23:34.396604+00:00,201,18437.83,
2026-09-11T20:23:34.367746+00:00,201,18459.03,
2026-09-11T20:23:29.835856+00:00,201,23001.38,
2026-09-11T20:23:34.383616+00:00,201,18454.47,
2026-09-11T20:23:26.562617+00:00,201,26275.57,
2026-09-11T20:23:32.402452+00:00,201,20445.49,
2026-09-11T20:23:34.367746+00:00,201,18477.86,
2026-09-11T20:23:34.422309+00:00,201,18431.85,
2026-09-11T20:23:32.275823+00:00,201,20574.53,
2026-09-11T20:23:34.367746+00:00,201,18486.27,
2026-09-11T20:23:32.323579+00:00,201,20541.95,
2026-09-11T20:23:32.339231+00:00,201,20532.86,
2026-09-11T20:23:34.367746+00:00,201,18509.56,
2026-09-11T20:23:32.370751+00:00,201,20502.57,
2026-09-11T20:23:32.370751+00:00,201,20509.86,
2026-09-11T20:23:32.434393+00:00,201,20456.03,
2026-09-11T20:23:34.367746+00:00,201,18512.96,
2026-09-11T20:23:34.399742+00:00,201,18495.43,
2026-09-11T20:23:34.399742+00:00,201,18493.65,
2026-09-11T20:23:32.481613+00:00,201,20424.13,
2026-09-11T20:23:34.399742+00:00,201,18504.71,
2026-09-11T20:23:32.497353+00:00,201,20415.54,
2026-09-11T20:23:34.415520+00:00,201,18504.27,
2026-09-11T20:23:32.528989+00:00,201,20393.36,
2026-09-11T20:23:32.450591+00:00,201,20469.75,
2026-09-11T20:23:11.315159+00:00,201,41613.74,
2026-09-11T20:23:34.415520+00:00,201,18526.10,
2026-09-11T20:23:34.431201+00:00,201,18504.56,
2026-09-11T20:23:34.443961+00:00,201,18505.73,
2026-09-11T20:23:32.212195+00:00,201,20735.80,
2026-09-11T20:23:32.354998+00:00,201,20602.59,
2026-09-11T20:23:34.431201+00:00,201,18534.79,
2026-09-11T20:23:32.488025+00:00,201,20477.42,
2026-09-11T20:23:32.560918+00:00,201,20414.11,
2026-09-11T20:23:32.544953+00:00,201,20434.90,
2026-09-11T20:23:34.634728+00:00,201,18354.97,
2026-09-11T20:23:32.440021+00:00,201,20552.39,
2026-09-11T20:23:32.339231+00:00,201,20664.41,
2026-09-11T20:23:32.465747+00:00,201,20541.30,
2026-09-11T20:23:34.619046+00:00,201,18385.49,
2026-09-11T20:23:32.410596+00:00,201,20605.36,
2026-09-11T20:23:32.497353+00:00,201,20524.34,
2026-09-11T20:23:34.644529+00:00,201,18390.79,
2026-09-11T20:23:34.619046+00:00,201,18410.45,
2026-09-11T20:23:34.619046+00:00,201,18415.73,
2026-09-11T20:23:34.619046+00:00,201,18429.29,
2026-09-11T20:23:34.619046+00:00,201,18441.84,
2026-09-11T20:23:34.634728+00:00,201,18428.11,
2026-09-11T20:23:34.634728+00:00,201,18437.11,
2026-09-11T20:23:34.619046+00:00,201,18456.70,
2026-09-11T20:23:32.537381+00:00,201,20552.63,
2026-09-11T20:23:34.651234+00:00,201,18445.55,
2026-09-11T20:23:32.434393+00:00,201,20670.86,
2026-09-11T20:23:34.651234+00:00,201,18465.18,
2026-09-11T20:23:34.634728+00:00,201,18484.78,
2026-09-11T20:23:34.651234+00:00,201,18468.30,
2026-09-11T20:23:34.644529+00:00,201,18493.15,
2026-09-11T20:23:34.651234+00:00,201,18490.68,
2026-09-11T20:23:34.651234+00:00,201,18496.97,
2026-09-11T20:23:34.666616+00:00,201,18487.72,
2026-09-11T20:23:34.739781+00:00,201,18595.37,
2026-09-11T20:23:34.682389+00:00,201,18668.58,
2026-09-11T20:23:34.745375+00:00,201,18626.70,
2026-09-11T20:23:34.761398+00:00,201,18625.77,
2026-09-11T20:23:34.784544+00:00,201,18605.37,
2026-09-11T20:23:34.698196+00:00,201,18684.03,
2026-09-11T20:23:34.745375+00:00,201,18647.83,
2026-09-11T20:23:34.788506+00:00,201,18616.91,
2026-09-11T20:23:34.812377+00:00,201,18599.38,
2026-09-11T20:23:34.781538+00:00,201,18633.84,
2026-09-11T20:23:34.769679+00:00,201,18645.32,
2026-09-11T20:23:34.783542+00:00,201,18635.21,
2026-09-11T20:23:34.803322+00:00,201,18611.72,
2026-09-11T20:23:34.803322+00:00,201,18614.01,
2026-09-11T20:23:34.745375+00:00,201,18683.00,
2026-09-11T20:23:34.812377+00:00,201,18620.65,
2026-09-11T20:23:34.817531+00:00,201,18623.24,
2026-09-11T20:23:34.819297+00:00,201,18617.22,
2026-09-11T20:23:34.844755+00:00,201,18609.73,
2026-09-11T20:23:34.819297+00:00,201,18634.02,
2026-09-11T20:23:34.835398+00:00,201,18626.51,
2026-09-11T20:23:34.803322+00:00,201,18666.63,
2026-09-11T20:23:34.835398+00:00,201,18638.93,
2026-09-11T20:23:34.819297+00:00,201,18661.25,
2026-09-11T20:23:34.819297+00:00,201,18660.22,
2026-09-11T20:23:34.883126+00:00,201,18608.49,
2026-09-11T20:23:34.867432+00:00,201,18629.01,
2026-09-11T20:23:34.883126+00:00,201,18618.60,
2026-09-11T20:23:34.819297+00:00,201,18683.88,
2026-09-11T20:23:34.883126+00:00,201,18618.65,
2026-09-11T20:23:34.867432+00:00,201,18642.78,
2026-09-11T20:23:34.930421+00:00,201,18587.63,
2026-09-11T20:23:34.867432+00:00,201,18653.22,
2026-09-11T20:23:34.883126+00:00,201,18642.04,
2026-09-11T20:23:34.914560+00:00,201,18625.26,
2026-09-11T20:23:34.867432+00:00,201,18668.15,
2026-09-11T20:23:34.946202+00:00,201,18600.89,
2026-09-11T20:23:34.898876+00:00,201,18645.61,
2026-09-11T20:23:34.930421+00:00,201,18616.68,
2026-09-11T20:23:34.883126+00:00,201,18670.63,
2026-09-11T20:23:34.914560+00:00,201,18650.66,
2026-09-11T20:23:34.898876+00:00,201,18670.22,
2026-09-11T20:23:34.946202+00:00,201,18629.32,
2026-09-11T20:23:13.847502+00:00,201,39740.01,
2026-09-11T20:23:14.156917+00:00,201,39430.88,
2026-09-11T20:23:35.118058+00:00,201,18464.76,
2026-09-11T20:23:34.946202+00:00,201,18655.11,
2026-09-11T20:23:35.134023+00:00,201,18477.21,
2026-09-11T20:23:35.134023+00:00,201,18484.96,
2026-09-11T20:23:08.464064+00:00,201,45165.37,
2026-09-11T20:23:32.267257+00:00,201,21365.32,
2026-09-11T20:23:32.402452+00:00,201,21231.13,
2026-09-11T20:23:35.212986+00:00,201,18418.37,
2026-09-11T20:23:35.230281+00:00,201,18414.82,
2026-09-11T20:23:35.200166+00:00,201,18437.88,
2026-09-11T20:23:35.239287+00:00,201,18410.49,
2026-09-11T20:23:35.212986+00:00,201,18435.00,
2026-09-11T20:23:35.238291+00:00,201,18425.84,
2026-09-11T20:23:35.262538+00:00,201,18404.86,
2026-09-11T20:23:35.200166+00:00,201,18467.68,
2026-09-11T20:23:35.260538+00:00,201,18422.47,
2026-09-11T20:23:35.255347+00:00,201,18431.69,
2026-09-11T20:23:35.212986+00:00,201,18461.87,
2026-09-11T20:23:35.264541+00:00,201,18425.00,
2026-09-11T20:23:35.232289+00:00,201,18461.92,
2026-09-11T20:23:35.250039+00:00,201,18454.88,
2026-09-11T20:23:35.248041+00:00,201,18460.59,
2026-09-11T20:23:35.264541+00:00,201,18441.51,
2026-09-11T20:23:35.236290+00:00,201,18476.32,
2026-09-11T20:23:35.264541+00:00,201,18439.03,
2026-09-11T20:23:35.264541+00:00,201,18454.12,
2026-09-11T20:23:35.264541+00:00,201,18449.51,
2026-09-11T20:23:35.264541+00:00,201,18452.59,
2026-09-11T20:23:35.296226+00:00,201,18426.36,
2026-09-11T20:23:35.296226+00:00,201,18431.38,
2026-09-11T20:23:35.264541+00:00,201,18468.90,
2026-09-11T20:23:35.296226+00:00,201,18449.59,
2026-09-11T20:23:35.296226+00:00,201,18455.90,
2026-09-11T20:23:35.296226+00:00,201,18461.65,
2026-09-11T20:23:35.327980+00:00,201,18436.13,
2026-09-11T20:23:35.296226+00:00,201,18466.25,
2026-09-11T20:23:35.280562+00:00,201,18499.85,
2026-09-11T20:23:35.312954+00:00,201,18475.14,
2026-09-11T20:23:35.312954+00:00,201,18482.98,
2026-09-11T20:23:35.280562+00:00,201,18517.39,
2026-09-11T20:23:35.327980+00:00,201,18479.59,
2026-09-11T20:23:35.327980+00:00,201,18496.19,
2026-09-11T20:23:35.343952+00:00,201,18480.42,
2026-09-11T20:23:35.359994+00:00,201,18485.36,
2026-09-11T20:23:35.359994+00:00,201,18493.40,
2026-09-11T20:23:35.359994+00:00,201,18496.70,
2026-09-11T20:23:35.359994+00:00,201,18491.89,
2026-09-11T20:23:35.359994+00:00,201,18506.47,
2026-09-11T20:23:35.359994+00:00,201,18514.93,
2026-09-11T20:23:35.375719+00:00,201,18506.94,
2026-09-11T20:23:35.327980+00:00,201,18562.77,
2026-09-11T20:23:35.359994+00:00,201,18527.15,
2026-09-11T20:23:35.375719+00:00,201,18519.21,
2026-09-11T20:23:35.375719+00:00,201,18522.41,
2026-09-11T20:23:35.391474+00:00,201,18511.71,
2026-09-11T20:23:35.396126+00:00,201,18517.32,
2026-09-11T20:23:35.391474+00:00,201,18521.98,
2026-09-11T20:23:35.375719+00:00,201,18542.37,
2026-09-11T20:23:35.401090+00:00,201,18519.02,
2026-09-11T20:23:35.422841+00:00,201,18504.51,
2026-09-11T20:23:35.412806+00:00,201,18513.67,
2026-09-11T20:23:35.412806+00:00,201,18523.51,
2026-09-11T20:23:35.412806+00:00,201,18535.98,
2026-09-11T20:23:35.401090+00:00,201,18544.78,
2026-09-11T20:23:35.422841+00:00,201,18522.92,
2026-09-11T20:23:35.407130+00:00,201,18554.20,
2026-09-11T20:23:35.412806+00:00,201,18550.95,
2026-09-11T20:23:35.454925+00:00,201,18506.73,
2026-09-11T20:23:35.445851+00:00,201,18529.60,
2026-09-11T20:23:35.438731+00:00,201,18539.39,
2026-09-11T20:23:35.454925+00:00,201,18530.27,
2026-09-11T20:23:35.445851+00:00,201,18540.80,
2026-09-11T20:23:35.401090+00:00,201,18593.39,
2026-09-11T20:23:35.470426+00:00,201,18519.58,
2026-09-11T20:23:35.470426+00:00,201,18537.90,
2026-09-11T20:23:35.445851+00:00,201,18574.29,
2026-09-11T20:23:14.609368+00:00,201,39455.23,
2026-09-11T20:23:14.412015+00:00,201,39651.31,
2026-09-11T20:23:33.401121+00:00,201,20664.78,
2026-09-11T20:23:30.008829+00:00,201,24044.53,
2026-09-11T20:23:18.988553+00:00,201,35078.10,
2026-09-11T20:23:33.395853+00:00,201,20667.47,
2026-09-11T20:23:29.802668+00:00,201,24260.70,
2026-09-11T20:23:33.401121+00:00,201,20663.50,
2026-09-11T20:23:33.410584+00:00,201,20651.70,
2026-09-11T20:23:33.432758+00:00,201,20633.82,
2026-09-11T20:23:33.417099+00:00,201,20639.81,
2026-09-11T20:23:33.401121+00:00,201,20658.46,
2026-09-11T20:23:14.125069+00:00,201,39936.84,
2026-09-11T20:23:33.401121+00:00,201,20662.39,
2026-09-11T20:23:33.449307+00:00,201,20606.74,
2026-09-11T20:23:33.410584+00:00,201,20657.19,
2026-09-11T20:23:20.692216+00:00,201,33374.99,
2026-09-11T20:23:33.441971+00:00,201,20622.59,
2026-09-11T20:23:33.432758+00:00,201,20628.93,
2026-09-11T20:23:33.449307+00:00,201,20610.22,
2026-09-11T20:23:33.464392+00:00,201,20595.23,
2026-09-11T20:23:33.432758+00:00,201,20627.41,
2026-09-11T20:23:33.464392+00:00,201,20599.55,
2026-09-11T20:23:33.441971+00:00,201,20621.07,
2026-09-11T20:23:32.310592+00:00,201,21755.33,
2026-09-11T20:23:33.449307+00:00,201,20612.29,
2026-09-11T20:23:32.323579+00:00,201,21742.93,
2026-09-11T20:23:32.402452+00:00,201,21659.72,
2026-09-11T20:23:32.370751+00:00,201,21685.84,
2026-09-11T20:23:32.354998+00:00,201,21708.38,
2026-09-11T20:23:33.464392+00:00,201,20596.19,
2026-09-11T20:23:32.510693+00:00,201,21562.68,
2026-09-11T20:23:33.685673+00:00,201,20382.55,
2026-09-11T20:23:33.669964+00:00,201,20406.89,
2026-09-11T20:23:33.701661+00:00,201,20372.19,
2026-09-11T20:23:33.685673+00:00,201,20394.20,
2026-09-11T20:23:33.733132+00:00,201,20348.38,
2026-09-11T20:23:33.701661+00:00,201,20376.32,
2026-09-11T20:23:33.717451+00:00,201,20351.88,
2026-09-11T20:23:33.717451+00:00,201,20353.97,
2026-09-11T20:23:33.733132+00:00,201,20340.10,
2026-09-11T20:23:33.749202+00:00,201,20326.98,
2026-09-11T20:23:33.749202+00:00,201,20332.23,
2026-09-11T20:23:33.733132+00:00,201,20335.02,
2026-09-11T20:23:33.717451+00:00,201,20361.75,
2026-09-11T20:23:33.749202+00:00,201,20325.42,
2026-09-11T20:23:33.733132+00:00,201,20337.38,
2026-09-11T20:23:33.764913+00:00,201,20314.52,
2026-09-11T20:23:33.749202+00:00,201,20323.76,
2026-09-11T20:23:33.749202+00:00,201,20321.54,
2026-09-11T20:23:33.764913+00:00,201,20304.49,
2026-09-11T20:23:33.828484+00:00,201,20254.82,
2026-09-11T20:23:33.822726+00:00,201,20257.37,
2026-09-11T20:23:33.891983+00:00,201,20186.86,
2026-09-11T20:23:33.891983+00:00,201,20180.19,
2026-09-11T20:23:33.875863+00:00,201,20197.60,
2026-09-11T20:23:33.891983+00:00,201,20192.02,
2026-09-11T20:23:33.923701+00:00,201,20159.64,
2026-09-11T20:23:20.239508+00:00,201,33848.36,
2026-09-11T20:23:14.125069+00:00,201,39952.99,
2026-09-11T20:23:30.055683+00:00,201,24033.09,
2026-09-11T20:23:07.674528+00:00,201,46404.10,
2026-09-11T20:23:34.713858+00:00,201,19376.83,
2026-09-11T20:23:34.634728+00:00,201,19455.53,
2026-09-11T20:23:34.682389+00:00,201,19402.84,
2026-09-11T20:23:34.682389+00:00,201,19397.14,
2026-09-11T20:23:34.698196+00:00,201,19395.42,
2026-09-11T20:23:34.713858+00:00,201,19373.39,
2026-09-11T20:23:34.788506+00:00,201,19306.12,
2026-09-11T20:23:34.745375+00:00,201,19341.63,
2026-09-11T20:23:34.739781+00:00,201,19355.35,
2026-09-11T20:23:34.745375+00:00,201,19337.54,
2026-09-11T20:23:34.729575+00:00,201,19363.31,
2026-09-11T20:23:34.727034+00:00,201,19369.93,
2026-09-11T20:23:34.745375+00:00,201,19339.91,
2026-09-11T20:23:34.786543+00:00,201,19312.20,
2026-09-11T20:23:34.797784+00:00,201,19301.07,
2026-09-11T20:23:34.803322+00:00,201,19292.10,
2026-09-11T20:23:34.803322+00:00,201,19287.84,
2026-09-11T20:23:34.819297+00:00,201,19274.68,
2026-09-11T20:23:34.788506+00:00,201,19310.45,
2026-09-11T20:23:34.788506+00:00,201,19304.35,
2026-09-11T20:23:34.803322+00:00,201,19296.55,
2026-09-11T20:23:34.819297+00:00,201,19271.35,
2026-09-11T20:23:34.851966+00:00,201,19242.22,
2026-09-11T20:23:34.844755+00:00,201,19254.21,
2026-09-11T20:23:34.819297+00:00,201,19281.15,
2026-09-11T20:23:34.835398+00:00,201,19266.58,
2026-09-11T20:23:34.851966+00:00,201,19240.05,
2026-09-11T20:23:34.851966+00:00,201,19248.13,
2026-09-11T20:23:34.851966+00:00,201,19241.85,
2026-09-11T20:23:34.798789+00:00,201,19301.47,
2026-09-11T20:23:34.844755+00:00,201,19253.67,
2026-09-11T20:23:34.867432+00:00,201,19230.64,
2026-09-11T20:23:34.867432+00:00,201,19224.94,
2026-09-11T20:23:34.867432+00:00,201,19229.53,
2026-09-11T20:23:34.867432+00:00,201,19228.34,
2026-09-11T20:23:34.867432+00:00,201,19221.06,
2026-09-11T20:23:34.946202+00:00,201,19156.39,
2026-09-11T20:23:34.930421+00:00,201,19162.17,
2026-09-11T20:23:34.851966+00:00,201,19247.91,
2026-09-11T20:23:34.914560+00:00,201,19180.18,
2026-09-11T20:23:34.898876+00:00,201,19204.18,
2026-09-11T20:23:34.867432+00:00,201,19223.41,
2026-09-11T20:23:34.946202+00:00,201,19154.41,
2026-09-11T20:23:34.914560+00:00,201,19186.83,
2026-09-11T20:23:34.883126+00:00,201,19209.72,
2026-09-11T20:23:34.946202+00:00,201,19153.38,
2026-09-11T20:23:34.883126+00:00,201,19219.27,
2026-09-11T20:23:34.867432+00:00,201,19225.86,
2026-09-11T20:23:34.914560+00:00,201,19176.48,
2026-09-11T20:23:34.961906+00:00,201,19141.62,
2026-09-11T20:23:34.930421+00:00,201,19167.05,
2026-09-11T20:23:34.946202+00:00,201,19146.95,
2026-09-11T20:23:34.946202+00:00,201,19150.28,
2026-09-11T20:23:34.898876+00:00,201,19200.97,
2026-09-11T20:23:14.616357+00:00,201,39490.41,
2026-09-11T20:23:29.865852+00:00,201,24239.40,
2026-09-11T20:23:34.930421+00:00,201,19173.49,
2026-09-11T20:23:34.961906+00:00,201,19142.07,
2026-09-11T20:23:35.134023+00:00,201,18962.19,
2026-09-11T20:23:19.535685+00:00,201,34572.27,
2026-09-11T20:23:35.134023+00:00,201,18965.28,
2026-09-11T20:23:32.323579+00:00,201,21774.13,
2026-09-11T20:23:32.410596+00:00,201,21694.27,
2026-09-11T20:23:32.275823+00:00,201,21825.11,
2026-09-11T20:23:32.440021+00:00,201,21661.55,
2026-09-11T20:23:32.513203+00:00,201,21581.31,
2026-09-11T20:23:30.087142+00:00,201,24019.42,
2026-09-11T20:23:35.200166+00:00,201,18903.30,
2026-09-11T20:23:35.197018+00:00,201,18913.00,
2026-09-11T20:23:35.240289+00:00,201,18866.94,
2026-09-11T20:23:35.212986+00:00,201,18894.24,
2026-09-11T20:23:35.240289+00:00,201,18865.82,
2026-09-11T20:23:35.256543+00:00,201,18853.75,
2026-09-11T20:23:35.212986+00:00,201,18892.52,
2026-09-11T20:23:35.234287+00:00,201,18876.61,
2026-09-11T20:23:35.252042+00:00,201,18858.72,
2026-09-11T20:23:35.258538+00:00,201,18853.01,
2026-09-11T20:23:35.246941+00:00,201,18865.26,
2026-09-11T20:23:35.254039+00:00,201,18858.06,
2026-09-11T20:23:35.293635+00:00,201,18818.74,
2026-09-11T20:23:35.263538+00:00,201,18849.29,
2026-09-11T20:23:35.264541+00:00,201,18834.59,
2026-09-11T20:23:35.280562+00:00,201,18831.60,
2026-09-11T20:23:35.264541+00:00,201,18836.29,
2026-09-11T20:23:35.280562+00:00,201,18822.12,
2026-09-11T20:23:35.312954+00:00,201,18795.58,
2026-09-11T20:23:35.312954+00:00,201,18799.63,
2026-09-11T20:23:35.296226+00:00,201,18804.16,
2026-09-11T20:23:35.296226+00:00,201,18803.19,
2026-09-11T20:23:35.312954+00:00,201,18799.05,
2026-09-11T20:23:35.296226+00:00,201,18806.25,
2026-09-11T20:23:35.280562+00:00,201,18830.05,
2026-09-11T20:23:35.312954+00:00,201,18790.19,
2026-09-11T20:23:35.312954+00:00,201,18795.79,
2026-09-11T20:23:35.327980+00:00,201,18780.68,
2026-09-11T20:23:35.312954+00:00,201,18793.62,
2026-09-11T20:23:35.327980+00:00,201,18788.12,
2026-09-11T20:23:35.327980+00:00,201,18777.35,
2026-09-11T20:23:35.343952+00:00,201,18772.54,
2026-09-11T20:23:35.359994+00:00,201,18742.55,
2026-09-11T20:23:35.343952+00:00,201,18764.66,
2026-09-11T20:23:35.343952+00:00,201,18770.22,
2026-09-11T20:23:35.327980+00:00,201,18780.11,
2026-09-11T20:23:35.343952+00:00,201,18760.06,
2026-09-11T20:23:35.343952+00:00,201,18768.52,
2026-09-11T20:23:35.359994+00:00,201,18753.64,
2026-09-11T20:23:35.359994+00:00,201,18746.73,
2026-09-11T20:23:35.375719+00:00,201,18728.96,
2026-09-11T20:23:35.343952+00:00,201,18762.51,
2026-09-11T20:23:35.359994+00:00,201,18755.81,
2026-09-11T20:23:35.391474+00:00,201,18726.55,
2026-09-11T20:23:35.359994+00:00,201,18746.27,
2026-09-11T20:23:35.399539+00:00,201,18720.09,
2026-09-11T20:23:35.407130+00:00,201,18709.08,
2026-09-11T20:23:35.375719+00:00,201,18737.67,
2026-09-11T20:23:35.401090+00:00,201,18716.64,
2026-09-11T20:23:35.412806+00:00,201,18702.72,
2026-09-11T20:23:35.397917+00:00,201,18722.67,
2026-09-11T20:23:35.422841+00:00,201,18693.40,
2026-09-11T20:23:35.422841+00:00,201,18697.90,
2026-09-11T20:23:35.396126+00:00,201,18726.15,
2026-09-11T20:23:35.438731+00:00,201,18679.58,
2026-09-11T20:23:35.412806+00:00,201,18707.84,
2026-09-11T20:23:35.438731+00:00,201,18682.83,
2026-09-11T20:23:35.422841+00:00,201,18691.76,
2026-09-11T20:23:35.454925+00:00,201,18655.20,
2026-09-11T20:23:35.445851+00:00,201,18669.67,
2026-09-11T20:23:35.422841+00:00,201,18688.21,
2026-09-11T20:23:35.470426+00:00,201,18641.98,
2026-09-11T20:23:35.438731+00:00,201,18683.22,
2026-09-11T20:23:35.454925+00:00,201,18664.86,
2026-09-11T20:23:35.454925+00:00,201,18668.29,
2026-09-11T20:23:35.490070+00:00,201,18628.65,
2026-09-11T20:23:33.052569+00:00,201,21122.90,
2026-09-11T20:23:05.439567+00:00,201,48736.38,
2026-09-11T20:23:14.140983+00:00,201,40033.51,
2026-09-11T20:23:14.109411+00:00,201,40061.47,
2026-09-11T20:23:11.235789+00:00,201,42937.09,
2026-09-11T20:23:22.303694+00:00,201,31871.75,
2026-09-11T20:23:14.267793+00:00,201,39904.37,
2026-09-11T20:23:13.824163+00:00,201,40350.07,
2026-09-11T20:23:19.547567+00:00,201,34629.72,
2026-09-11T20:23:33.417099+00:00,201,20753.57,
2026-09-11T20:23:26.546875+00:00,201,27626.45,
2026-09-11T20:23:33.432758+00:00,201,20740.50,
2026-09-11T20:23:33.401121+00:00,201,20770.54,
2026-09-11T20:23:33.449307+00:00,201,20724.55,
2026-09-11T20:23:33.449307+00:00,201,20728.22,
2026-09-11T20:23:32.310592+00:00,201,21861.29,
2026-09-11T20:23:33.685673+00:00,201,20487.30,
2026-09-11T20:23:33.685673+00:00,201,20485.79,
2026-09-11T20:23:33.701661+00:00,201,20477.86,
2026-09-11T20:23:33.717451+00:00,201,20457.17,
2026-09-11T20:23:33.711099+00:00,201,20469.40,
2026-09-11T20:23:33.733132+00:00,201,20442.10,
2026-09-11T20:23:33.733132+00:00,201,20444.35,
2026-09-11T20:23:33.764913+00:00,201,20417.57,
2026-09-11T20:23:33.794205+00:00,201,20388.96,
2026-09-11T20:23:33.764913+00:00,201,20415.98,
2026-09-11T20:23:33.911114+00:00,201,20267.20,
2026-09-11T20:23:33.891983+00:00,201,20279.28,
2026-09-11T20:23:33.860104+00:00,201,20313.81,
2026-09-11T20:23:33.875863+00:00,201,20305.00,
2026-09-11T20:23:33.911114+00:00,201,20263.04,
2026-09-11T20:23:08.559247+00:00,201,45625.50,
2026-09-11T20:23:14.293457+00:00,201,39891.42,
2026-09-11T20:23:34.666616+00:00,201,19519.04,
2026-09-11T20:23:34.682389+00:00,201,19501.78,
2026-09-11T20:23:34.682389+00:00,201,19504.94,
2026-09-11T20:23:34.644529+00:00,201,19537.77,
2026-09-11T20:23:34.682389+00:00,201,19500.63,
2026-09-11T20:23:34.713858+00:00,201,19473.93,
2026-09-11T20:23:34.698196+00:00,201,19483.57,
2026-09-11T20:23:34.682389+00:00,201,19494.62,
2026-09-11T20:23:34.713858+00:00,201,19469.52,
2026-09-11T20:23:34.729575+00:00,201,19457.02,
2026-09-11T20:23:34.761398+00:00,201,19421.22,
2026-09-11T20:23:34.666616+00:00,201,19512.82,
2026-09-11T20:23:34.739781+00:00,201,19445.23,
2026-09-11T20:23:34.745375+00:00,201,19442.16,
2026-09-11T20:23:34.745375+00:00,201,19439.45,
2026-09-11T20:23:34.713858+00:00,201,19468.46,
2026-09-11T20:23:34.787542+00:00,201,19401.53,
2026-09-11T20:23:34.761398+00:00,201,19425.33,
2026-09-11T20:23:34.713858+00:00,201,19464.18,
2026-09-11T20:23:34.788506+00:00,201,19395.39,
2026-09-11T20:23:34.819297+00:00,201,19362.05,
2026-09-11T20:23:34.776316+00:00,201,19413.43,
2026-09-11T20:23:34.798789+00:00,201,19390.78,
2026-09-11T20:23:34.835398+00:00,201,19350.50,
2026-09-11T20:23:34.798789+00:00,201,19388.20,
2026-09-11T20:23:34.819297+00:00,201,19368.63,
2026-09-11T20:23:34.819297+00:00,201,19358.55,
2026-09-11T20:23:34.835398+00:00,201,19349.71,
2026-09-11T20:23:34.844755+00:00,201,19340.77,
2026-09-11T20:23:34.844755+00:00,201,19345.18,
2026-09-11T20:23:34.851966+00:00,201,19325.09,
2026-09-11T20:23:34.851966+00:00,201,19328.10,
2026-09-11T20:23:34.898876+00:00,201,19280.12,
2026-09-11T20:23:34.914560+00:00,201,19265.10,
2026-09-11T20:23:34.851966+00:00,201,19339.70,
2026-09-11T20:23:34.946202+00:00,201,19237.34,
2026-09-11T20:23:34.930421+00:00,201,19255.87,
2026-09-11T20:23:34.946202+00:00,201,19234.39,
2026-09-11T20:23:34.946202+00:00,201,19231.49,
2026-09-11T20:23:20.204523+00:00,201,33983.54,
2026-09-11T20:23:34.961906+00:00,201,19225.56,
2026-09-11T20:23:34.961906+00:00,201,19230.19,
2026-09-11T20:23:34.961906+00:00,201,19224.26,
2026-09-11T20:23:35.134023+00:00,201,19058.51,
2026-09-11T20:23:26.581605+00:00,201,27605.86,
2026-09-11T20:23:32.513203+00:00,201,21672.13,
2026-09-11T20:23:32.497353+00:00,201,21684.75,
2026-09-11T20:23:35.212986+00:00,201,18979.33,
2026-09-11T20:23:35.212986+00:00,201,18968.42,
2026-09-11T20:23:32.450591+00:00,201,21739.48,
2026-09-11T20:23:35.259538+00:00,201,18934.17,
2026-09-11T20:23:35.251039+00:00,201,18942.97,
2026-09-11T20:23:35.264541+00:00,201,18923.81,
2026-09-11T20:23:35.280562+00:00,201,18901.45,
2026-09-11T20:23:35.296226+00:00,201,18891.40,
2026-09-11T20:23:35.280562+00:00,201,18911.54,
2026-09-11T20:23:35.296226+00:00,201,18888.95,
2026-09-11T20:23:35.280562+00:00,201,18908.80,
2026-09-11T20:23:35.312954+00:00,201,18868.78,
2026-09-11T20:23:35.264541+00:00,201,18915.15,
2026-09-11T20:23:35.296226+00:00,201,18899.36,
2026-09-11T20:23:35.312954+00:00,201,18882.53,
2026-09-11T20:23:35.343952+00:00,201,18840.20,
2026-09-11T20:23:35.327980+00:00,201,18855.53,
2026-09-11T20:23:35.280562+00:00,201,18905.66,
2026-09-11T20:23:35.327980+00:00,201,18854.42,
2026-09-11T20:23:35.312954+00:00,201,18872.62,
2026-09-11T20:23:35.343952+00:00,201,18842.26,
2026-09-11T20:23:35.343952+00:00,201,18850.62,
2026-09-11T20:23:35.375719+00:00,201,18812.36,
2026-09-11T20:23:35.375719+00:00,201,18820.81,
2026-09-11T20:23:35.375719+00:00,201,18808.40,
2026-09-11T20:23:35.375719+00:00,201,18811.47,
2026-09-11T20:23:35.412806+00:00,201,18780.38,
2026-09-11T20:23:35.422841+00:00,201,18759.89,
2026-09-11T20:23:35.422841+00:00,201,18765.80,
2026-09-11T20:23:35.407130+00:00,201,18791.18,
2026-09-11T20:23:35.422841+00:00,201,18771.81,
2026-09-11T20:23:35.454925+00:00,201,18732.45,
2026-09-11T20:23:35.454925+00:00,201,18735.60,
2026-09-11T20:23:35.422841+00:00,201,18776.35,
2026-09-11T20:23:35.470426+00:00,201,18715.57,
2026-09-11T20:23:35.454925+00:00,201,18737.67,
2026-09-11T20:23:35.470426+00:00,201,18724.25,
2026-09-11T20:23:35.470426+00:00,201,18721.47,
2026-09-11T20:23:35.454925+00:00,201,18744.56,
2026-09-11T20:23:35.422841+00:00,201,18763.19,
2026-09-11T20:23:35.490070+00:00,201,18707.81,
2026-09-11T20:23:35.486424+00:00,201,18710.69,
2026-09-11T20:23:35.490070+00:00,201,18699.48,
2026-09-11T20:23:35.470426+00:00,201,18723.67,
2026-09-11T20:23:19.295155+00:00,201,34942.50,
2026-09-11T20:23:07.727395+00:00,201,46512.10,
2026-09-11T20:23:35.596348+00:00,201,18640.14,
2026-09-11T20:23:11.346907+00:00,201,42883.62,
2026-09-11T20:23:11.299101+00:00,201,42933.91,
2026-09-11T20:23:36.447776+00:00,201,17794.81,
2026-09-11T20:23:35.602464+00:00,201,18639.87,
2026-09-11T20:23:20.740956+00:00,201,33503.59,
2026-09-11T20:23:13.919393+00:00,201,40319.38,
2026-09-11T20:23:07.639655+00:00,201,46825.09,
2026-09-11T20:23:33.654635+00:00,201,20805.63,
2026-09-11T20:23:33.717451+00:00,201,20753.44,
2026-09-11T20:23:33.711099+00:00,201,20755.47,
2026-09-11T20:23:33.733132+00:00,201,20736.04,
2026-09-11T20:23:33.717451+00:00,201,20745.22,
2026-09-11T20:23:33.804421+00:00,201,20666.70,
2026-09-11T20:23:33.875863+00:00,201,20584.27,
2026-09-11T20:23:33.891983+00:00,201,20579.03,
2026-09-11T20:23:33.860104+00:00,201,20608.58,
2026-09-11T20:23:33.844923+00:00,201,20617.10,
2026-09-11T20:23:33.875863+00:00,201,20591.79,
2026-09-11T20:23:33.911114+00:00,201,20562.87,
2026-09-11T20:23:33.923701+00:00,201,20550.60,
2026-09-11T20:23:14.251937+00:00,201,40210.22,
2026-09-11T20:23:34.608164+00:00,201,19864.14,
2026-09-11T20:23:34.651234+00:00,201,19813.28,
2026-09-11T20:23:34.666616+00:00,201,19802.16,
2026-09-11T20:23:34.666616+00:00,201,19804.65,
2026-09-11T20:23:34.729575+00:00,201,19737.59,
2026-09-11T20:23:34.745375+00:00,201,19719.95,
2026-09-11T20:23:34.835398+00:00,201,19639.32,
2026-09-11T20:23:34.815917+00:00,201,19661.74,
2026-09-11T20:23:34.851966+00:00,201,19620.29,
2026-09-11T20:23:34.851966+00:00,201,19613.22,
2026-09-11T20:23:35.134023+00:00,201,19340.01,
2026-09-11T20:23:35.200166+00:00,201,19266.01,
2026-09-11T20:23:32.418317+00:00,201,22054.72,
2026-09-11T20:23:35.264541+00:00,201,19210.90,
2026-09-11T20:23:35.327980+00:00,201,19136.29,
2026-09-11T20:23:35.407130+00:00,201,19071.10,
2026-09-11T20:23:35.422841+00:00,201,19046.16,
2026-09-11T20:23:35.445851+00:00,201,19030.62,
2026-09-11T20:23:35.438731+00:00,201,19034.95,
2026-09-11T20:23:35.502084+00:00,201,18976.67,
2026-09-11T20:23:35.502084+00:00,201,18969.70,
2026-09-11T20:23:35.470426+00:00,201,19000.05,
2026-09-11T20:23:35.470426+00:00,201,19001.60,
2026-09-11T20:23:35.490070+00:00,201,18983.25,
2026-09-11T20:23:35.470426+00:00,201,19007.55,
2026-09-11T20:23:35.513716+00:00,201,18964.72,
2026-09-11T20:23:35.445851+00:00,201,19030.63,
2026-09-11T20:23:35.502084+00:00,201,18973.47,
2026-09-11T20:23:35.486424+00:00,201,18993.78,
2026-09-11T20:23:35.517724+00:00,201,18959.42,
2026-09-11T20:23:35.502084+00:00,201,18979.77,
2026-09-11T20:23:35.513716+00:00,201,18968.21,
2026-09-11T20:23:35.490070+00:00,201,18991.44,
2026-09-11T20:23:35.502084+00:00,201,18976.99,
2026-09-11T20:23:35.470426+00:00,201,19010.19,
2026-09-11T20:23:35.490070+00:00,201,18988.98,
2026-09-11T20:23:35.490070+00:00,201,18983.36,
2026-09-11T20:23:35.486424+00:00,201,18996.23,
2026-09-11T20:23:35.533394+00:00,201,18949.30,
2026-09-11T20:23:35.502084+00:00,201,18976.24,
2026-09-11T20:23:35.517724+00:00,201,18963.45,
2026-09-11T20:23:35.512707+00:00,201,18970.71,
2026-09-11T20:23:35.517724+00:00,201,18965.06,
2026-09-11T20:23:35.517724+00:00,201,18952.70,
2026-09-11T20:23:35.517724+00:00,201,18959.61,
2026-09-11T20:23:35.490070+00:00,201,18988.54,
2026-09-11T20:23:35.502084+00:00,201,18974.07,
2026-09-11T20:23:35.517724+00:00,201,18957.20,
2026-09-11T20:23:35.517724+00:00,201,18958.66,
2026-09-11T20:23:35.517724+00:00,201,18956.10,
2026-09-11T20:23:35.542820+00:00,201,18941.36,
2026-09-11T20:23:35.517724+00:00,201,18952.17,
2026-09-11T20:23:35.513716+00:00,201,18969.01,
2026-09-11T20:23:35.535425+00:00,201,18948.82,
2026-09-11T20:23:35.517724+00:00,201,18963.47,
2026-09-11T20:23:35.544406+00:00,201,18940.40,
2026-09-11T20:23:35.540184+00:00,201,18944.82,
2026-09-11T20:23:35.517724+00:00,201,18955.56,
2026-09-11T20:23:35.541237+00:00,201,18943.59,
2026-09-11T20:23:35.549033+00:00,201,18934.74,
2026-09-11T20:23:35.545995+00:00,201,18939.34,
2026-09-11T20:23:35.549033+00:00,201,18936.33,
2026-09-11T20:23:35.537026+00:00,201,18948.28,
2026-09-11T20:23:35.549033+00:00,201,18933.78,
2026-09-11T20:23:35.549033+00:00,201,18931.15,
2026-09-11T20:23:35.549033+00:00,201,18924.31,
2026-09-11T20:23:35.549033+00:00,201,18921.58,
2026-09-11T20:23:13.748683+00:00,201,40735.90,
2026-09-11T20:23:35.538597+00:00,201,18947.63,
2026-09-11T20:23:35.546526+00:00,201,18939.00,
2026-09-11T20:23:35.564677+00:00,201,18920.50,
2026-09-11T20:23:35.549033+00:00,201,18933.49,
2026-09-11T20:23:35.580415+00:00,201,18898.23,
2026-09-11T20:23:14.220823+00:00,201,40256.95,
2026-09-11T20:23:35.549033+00:00,201,18924.15,
2026-09-11T20:23:35.564677+00:00,201,18912.47,
2026-09-11T20:23:35.549033+00:00,201,18928.68,
2026-09-11T20:23:19.208440+00:00,201,35277.33,
2026-09-11T20:23:05.725580+00:00,201,48755.29,
2026-09-11T20:23:35.549033+00:00,201,18931.86,
2026-09-11T20:23:35.549033+00:00,201,18927.95,
2026-09-11T20:23:35.549033+00:00,201,18930.88,
2026-09-11T20:23:14.616357+00:00,201,39870.27,
2026-09-11T20:23:05.567631+00:00,201,48918.61,
2026-09-11T20:23:08.234366+00:00,201,46254.20,
2026-09-11T20:23:35.580415+00:00,201,18896.45,
2026-09-11T20:23:35.596348+00:00,201,18892.61,
2026-09-11T20:23:35.612736+00:00,201,18871.77,
2026-09-11T20:23:14.607261+00:00,201,40071.69,
2026-09-11T20:23:33.417099+00:00,201,21247.59,
2026-09-11T20:23:33.711099+00:00,201,20967.06,
2026-09-11T20:23:33.701661+00:00,201,20974.66,
2026-09-11T20:23:33.816066+00:00,201,20860.60,
2026-09-11T20:23:33.907639+00:00,201,20773.81,
2026-09-11T20:23:33.874127+00:00,201,20808.31,
2026-09-11T20:23:05.812760+00:00,201,48865.48,
2026-09-11T20:23:32.544953+00:00,201,22123.31,
2026-09-11T20:23:34.698196+00:00,201,19981.68,
2026-09-11T20:23:34.682389+00:00,201,19994.96,
2026-09-11T20:23:34.651234+00:00,201,20030.13,
2026-09-11T20:23:34.698196+00:00,201,19977.54,
2026-09-11T20:23:34.779624+00:00,201,19905.45,
2026-09-11T20:23:34.729575+00:00,201,19948.35,
2026-09-11T20:23:34.745375+00:00,201,19931.35,
2026-09-11T20:23:35.327980+00:00,201,19353.49,
2026-09-11T20:23:35.343952+00:00,201,19334.23,
2026-09-11T20:23:08.413648+00:00,201,46265.99,
2026-09-11T20:23:11.378560+00:00,201,43301.36,
2026-09-11T20:23:20.764537+00:00,201,33920.62,
2026-09-11T20:23:35.754768+00:00,201,18918.39,
2026-09-11T20:23:32.187532+00:00,201,22495.98,
2026-09-11T20:23:26.594327+00:00,201,28085.20,
2026-09-11T20:23:07.602708+00:00,201,47084.64,
2026-09-11T20:23:30.164814+00:00,201,24522.31,
2026-09-11T20:23:05.156747+00:00,201,49521.30,
2026-09-11T20:23:32.307593+00:00,201,22377.16,
2026-09-11T20:23:29.929109+00:00,201,24758.58,
2026-09-11T20:23:35.770624+00:00,201,18907.01,
2026-09-11T20:23:32.212195+00:00,201,22474.62,
2026-09-11T20:23:35.723217+00:00,201,18950.13,
2026-09-11T20:23:08.512845+00:00,201,46175.12,
2026-09-11T20:23:32.239678+00:00,201,22448.08,
2026-09-11T20:23:14.631459+00:00,201,40053.03,
2026-09-11T20:23:20.078845+00:00,201,34604.73,
2026-09-11T20:23:13.951517+00:00,201,40722.92,
2026-09-11T20:23:20.834240+00:00,201,33853.37,
2026-09-11T20:23:36.544336+00:00,201,18138.12,
2026-09-11T20:23:19.868171+00:00,201,34818.52,
2026-09-11T20:23:19.652085+00:00,201,35035.33,
2026-09-11T20:23:14.473386+00:00,201,40211.70,
2026-09-11T20:23:30.277159+00:00,201,24411.09,
2026-09-11T20:23:14.046769+00:00,201,40639.97,
2026-09-11T20:23:13.891129+00:00,201,40795.79,
2026-09-11T20:23:14.616357+00:00,201,40066.74,
2026-09-11T20:23:13.999311+00:00,201,40680.71,
2026-09-11T20:23:05.042710+00:00,201,49644.60,
2026-09-11T20:23:20.788646+00:00,201,33899.96,
2026-09-11T20:23:13.795770+00:00,201,40893.25,
2026-09-11T20:23:04.919159+00:00,201,49769.87,
2026-09-11T20:23:18.873717+00:00,201,35816.11,
2026-09-11T20:23:11.330828+00:00,201,43351.31,
2026-09-11T20:23:29.944851+00:00,201,24730.65,
2026-09-11T20:23:19.196819+00:00,201,35492.29,
2026-09-11T20:23:11.681519+00:00,201,43005.83,
2026-09-11T20:23:35.976107+00:00,201,18713.93,
2026-09-11T20:23:30.197778+00:00,201,24485.70,
2026-09-11T20:23:09.710679+00:00,201,44978.64,
2026-09-11T20:23:14.093177+00:00,201,40597.71,
2026-09-11T20:23:35.976107+00:00,201,18711.35,
2026-09-11T20:23:32.275823+00:00,201,22412.47,
2026-09-11T20:23:36.790156+00:00,201,17901.15,
2026-09-11T20:23:24.769178+00:00,201,29911.28,
2026-09-11T20:23:19.899703+00:00,201,34791.62,
2026-09-11T20:23:14.482629+00:00,201,40205.67,
2026-09-11T20:23:20.132645+00:00,201,34557.79,
2026-09-11T20:23:36.323379+00:00,201,18354.18,
2026-09-11T20:23:14.616357+00:00,201,40067.97,
2026-09-11T20:23:19.315967+00:00,201,35376.25,
2026-09-11T20:23:11.206072+00:00,201,43486.27,
2026-09-11T20:23:20.812627+00:00,201,33879.04,
2026-09-11T20:23:19.883163+00:00,201,34807.73,
2026-09-11T20:23:29.986561+00:00,201,24701.66,
2026-09-11T20:23:36.323379+00:00,201,18358.25,
2026-09-11T20:23:30.236231+00:00,201,24452.29,
2026-09-11T20:23:37.140447+00:00,201,17552.36,
2026-09-11T20:23:06.473805+00:00,201,48211.75,
2026-09-11T20:23:23.002161+00:00,201,31690.32,
2026-09-11T20:23:05.414716+00:00,201,49278.13,
2026-09-11T20:23:30.308797+00:00,201,24380.13,
2026-09-11T20:23:05.310321+00:00,201,49381.95,
2026-09-11T20:23:05.939179+00:00,201,48751.32,
2026-09-11T20:23:14.390802+00:00,201,40300.25,
2026-09-11T20:23:20.858073+00:00,201,33835.53,
2026-09-11T20:23:19.491543+00:00,201,35201.90,
2026-09-11T20:23:19.682885+00:00,201,35011.23,
2026-09-11T20:23:20.880534+00:00,201,33813.41,
2026-09-11T20:23:19.417420+00:00,201,35277.16,
2026-09-11T20:23:14.616357+00:00,201,40110.54,
2026-09-11T20:23:04.779191+00:00,201,49948.85,
2026-09-11T20:23:26.310015+00:00,201,28417.90,
2026-09-11T20:23:06.930284+00:00,201,47798.18,
2026-09-11T20:23:21.073968+00:00,201,33658.46,
2026-09-11T20:23:30.625007+00:00,201,24101.06,
2026-09-11T20:23:07.498610+00:00,201,47223.28,
2026-09-11T20:23:14.616357+00:00,201,40105.21,
2026-09-11T20:23:05.515976+00:00,201,49220.86,
2026-09-11T20:23:19.480825+00:00,201,35257.69,
2026-09-11T20:23:26.325343+00:00,201,28412.66,
2026-09-11T20:23:30.672452+00:00,201,24066.06,
2026-09-11T20:23:20.626854+00:00,201,34115.44,
2026-09-11T20:23:26.341020+00:00,201,28402.85,
2026-09-11T20:23:14.190703+00:00,201,40554.66,
2026-09-11T20:23:30.719205+00:00,201,24017.47,
2026-09-11T20:23:19.697425+00:00,201,35050.29,
2026-09-11T20:23:21.131608+00:00,201,33615.85,
2026-09-11T20:23:38.486780+00:00,201,16262.10,
2026-09-11T20:23:14.631459+00:00,201,40117.36,
2026-09-11T20:23:20.299831+00:00,201,34447.75,
2026-09-11T20:23:16.136919+00:00,201,38606.52,
2026-09-11T20:23:26.499024+00:00,201,28255.74,
2026-09-11T20:23:04.605606+00:00,201,50150.61,
2026-09-11T20:23:21.159142+00:00,201,33597.36,
2026-09-11T20:23:30.767028+00:00,201,23988.13,
2026-09-11T20:23:21.186678+00:00,201,33574.05,
2026-09-11T20:23:31.086938+00:00,201,23670.64,
2026-09-11T20:23:13.776248+00:00,201,40988.31,
2026-09-11T20:23:14.631459+00:00,201,40128.23,
2026-09-11T20:23:08.646188+00:00,201,46117.87,
2026-09-11T20:23:27.812160+00:00,201,26960.52,
2026-09-11T20:23:14.505032+00:00,201,40256.89,
2026-09-11T20:23:21.216465+00:00,201,33561.62,
2026-09-11T20:23:26.386154+00:00,201,28392.56,
2026-09-11T20:23:04.479534+00:00,201,50298.11,
2026-09-11T20:23:31.116191+00:00,201,23657.77,
2026-09-11T20:23:38.684397+00:00,201,16100.51,
2026-09-11T20:23:13.768485+00:00,201,41016.74,
2026-09-11T20:23:26.395830+00:00,201,28386.04,
2026-09-11T20:23:10.901570+00:00,201,43884.43,
2026-09-11T20:23:27.833382+00:00,201,26960.81,
2026-09-11T20:23:08.374116+00:00,201,46423.70,
2026-09-11T20:23:31.181972+00:00,201,23613.25,
2026-09-11T20:23:27.859079+00:00,201,26950.88,
2026-09-11T20:23:16.045601+00:00,201,38758.46,
2026-09-11T20:23:21.277623+00:00,201,33536.52,
2026-09-11T20:23:26.832277+00:00,201,27982.85,
2026-09-11T20:23:27.880259+00:00,201,26935.99,
2026-09-11T20:23:13.935428+00:00,201,40869.84,
2026-09-11T20:23:21.301245+00:00,201,33512.84,
2026-09-11T20:23:05.188304+00:00,201,49634.35,
2026-09-11T20:23:31.210774+00:00,201,23601.52,
2026-09-11T20:23:14.616357+00:00,201,40206.73,
2026-09-11T20:23:19.277361+00:00,201,35550.00,
2026-09-11T20:23:27.904057+00:00,201,26935.86,
2026-09-11T20:23:04.441895+00:00,201,50400.25,
2026-09-11T20:23:31.610145+00:00,201,23225.26,
2026-09-11T20:23:21.336353+00:00,201,33507.43,
2026-09-11T20:23:26.445989+00:00,201,28400.14,
2026-09-11T20:23:26.878869+00:00,201,27972.19,
2026-09-11T20:23:26.912290+00:00,201,27935.02,
2026-09-11T20:23:19.667853+00:00,201,35187.81,
2026-09-11T20:23:26.464845+00:00,201,28399.61,
2026-09-11T20:23:20.344783+00:00,201,34521.96,
2026-09-11T20:23:21.368099+00:00,201,33500.12,
2026-09-11T20:23:39.014957+00:00,201,15858.33,
2026-09-11T20:23:11.220257+00:00,201,43653.76,
2026-09-11T20:23:14.631459+00:00,201,40241.98,
2026-09-11T20:23:27.943865+00:00,201,26928.63,
2026-09-11T20:23:27.973625+00:00,201,26917.12,
2026-09-11T20:23:26.961291+00:00,201,27928.40,
2026-09-11T20:23:05.694029+00:00,201,49197.73,
2026-09-11T20:23:21.425085+00:00,201,33472.64,
2026-09-11T20:23:07.828074+00:00,201,47066.40,
2026-09-11T20:23:31.767615+00:00,201,23124.37,
2026-09-11T20:23:27.986614+00:00,201,26907.56,
2026-09-11T20:23:20.541212+00:00,201,34366.04,
2026-09-11T20:23:26.989406+00:00,201,27938.61,
2026-09-11T20:23:27.009653+00:00,201,27917.62,
2026-09-11T20:23:28.018964+00:00,201,26916.97,
2026-09-11T20:23:21.502109+00:00,201,33444.26,
2026-09-11T20:23:39.132762+00:00,201,15807.44,
2026-09-11T20:23:19.176727+00:00,201,35779.96,
2026-09-11T20:23:28.034350+00:00,201,26917.42,
2026-09-11T20:23:31.926561+00:00,201,23038.00,
2026-09-11T20:23:25.788565+00:00,201,29187.86,
2026-09-11T20:23:28.071025+00:00,201,26908.20,
2026-09-11T20:23:25.794478+00:00,201,29186.81,
2026-09-11T20:23:14.584403+00:00,201,40398.90,
2026-09-11T20:23:04.391133+00:00,201,50603.83,
2026-09-11T20:23:27.086624+00:00,201,27909.42,
2026-09-11T20:23:11.206072+00:00,201,43791.00,
2026-09-11T20:23:28.095854+00:00,201,26911.11,
2026-09-11T20:23:39.268331+00:00,201,15734.91,
2026-09-11T20:23:31.560545+00:00,201,23440.80,
2026-09-11T20:23:21.642029+00:00,201,33383.34,
2026-09-11T20:23:27.113637+00:00,201,27915.57,
2026-09-11T20:23:25.810468+00:00,201,29238.47,
2026-09-11T20:23:14.591075+00:00,201,40455.90,
2026-09-11T20:23:31.958110+00:00,201,23088.86,
2026-09-11T20:23:20.155375+00:00,201,34902.63,
2026-09-11T20:23:39.385607+00:00,201,15677.86,
2026-09-11T20:23:07.407560+00:00,201,47657.98,
2026-09-11T20:23:13.855453+00:00,201,41216.13,
2026-09-11T20:23:19.192296+00:00,201,35896.07,
2026-09-11T20:23:28.234035+00:00,201,26856.47,
2026-09-11T20:23:16.136919+00:00,201,38960.12,
2026-09-11T20:23:25.830695+00:00,201,29273.44,
2026-09-11T20:23:07.898316+00:00,201,47207.62,
2026-09-11T20:23:13.919393+00:00,201,41176.75,
2026-09-11T20:23:28.286082+00:00,201,26821.17,
2026-09-11T20:23:25.835041+00:00,201,29276.16,
2026-09-11T20:23:17.938898+00:00,201,37186.50,
2026-09-11T20:23:19.524973+00:00,201,35604.39,
2026-09-11T20:23:39.578887+00:00,201,15550.06,
2026-09-11T20:23:28.330783+00:00,201,26794.00,
2026-09-11T20:23:28.365035+00:00,201,26771.13,
2026-09-11T20:23:25.863563+00:00,201,29280.97,
2026-09-11T20:23:28.393849+00:00,201,26742.75,
2026-09-11T20:23:09.185725+00:00,201,45968.84,
2026-09-11T20:23:20.325130+00:00,201,34833.32,
2026-09-11T20:23:25.877343+00:00,201,29280.59,
2026-09-11T20:23:19.855506+00:00,201,35313.05,
2026-09-11T20:23:05.235520+00:00,201,49938.71,
2026-09-11T20:23:28.507959+00:00,201,26658.94,
2026-09-11T20:23:39.764950+00:00,201,15419.34,
2026-09-11T20:23:13.760460+00:00,201,41425.24,
2026-09-11T20:23:25.905652+00:00,201,29287.13,
2026-09-11T20:23:28.613596+00:00,201,26580.85,
2026-09-11T20:23:25.913387+00:00,201,29282.18,
2026-09-11T20:23:25.921937+00:00,201,29277.41,
2026-09-11T20:23:08.725506+00:00,201,46464.24,
2026-09-11T20:23:25.932725+00:00,201,29276.19,
2026-09-11T20:23:35.612736+00:00,201,19595.66,
2026-09-11T20:23:29.897297+00:00,201,25326.88,
2026-09-11T20:23:25.954114+00:00,201,29273.80,
2026-09-11T20:23:25.964516+00:00,201,29264.86,
2026-09-11T20:23:30.119148+00:00,201,25108.17,
2026-09-11T20:23:28.767460+00:00,201,26467.92,
2026-09-11T20:23:25.975379+00:00,201,29266.07,
2026-09-11T20:23:35.627873+00:00,201,19609.58,
2026-09-11T20:23:35.612736+00:00,201,19621.06,
2026-09-11T20:23:35.627873+00:00,201,19612.33,
2026-09-11T20:23:39.992339+00:00,201,15262.45,
2026-09-11T20:23:35.627873+00:00,201,19613.89,
2026-09-11T20:23:28.867626+00:00,201,26385.58,
2026-09-11T20:23:26.011222+00:00,201,29251.73,
2026-09-11T20:23:28.899088+00:00,201,26364.54,
2026-09-11T20:23:26.032646+00:00,201,29235.60,
2026-09-11T20:23:35.646384+00:00,201,19632.12,
2026-09-11T20:23:28.930937+00:00,201,26361.85,
2026-09-11T20:23:28.985673+00:00,201,26307.86,
2026-09-11T20:23:19.464592+00:00,201,35843.12,
2026-09-11T20:23:40.147092+00:00,201,15156.33,
2026-09-11T20:23:16.136919+00:00,201,39160.60,
2026-09-11T20:23:29.105483+00:00,201,26216.28,
2026-09-11T20:23:22.337237+00:00,201,32994.75,
2026-09-11T20:23:04.673155+00:00,201,50672.21,
2026-09-11T20:23:19.260168+00:00,201,36083.06,
2026-09-11T20:23:40.263723+00:00,201,15085.40,
2026-09-11T20:23:05.649834+00:00,201,49702.60,
2026-09-11T20:23:40.304504+00:00,201,15047.63,
2026-09-11T20:23:14.521068+00:00,201,40832.03,
2026-09-11T20:23:09.360400+00:00,201,46006.03,
2026-09-11T20:23:29.708763+00:00,201,25658.43,
2026-09-11T20:23:20.649298+00:00,201,34727.95,
2026-09-11T20:23:29.739200+00:00,201,25635.82,
2026-09-11T20:23:05.285967+00:00,201,50098.69,
2026-09-11T20:23:40.392475+00:00,201,14991.23,
2026-09-11T20:23:11.092582+00:00,201,44289.19,
2026-09-11T20:23:40.447037+00:00,201,14947.04,
2026-09-11T20:23:40.510465+00:00,201,14890.71,
2026-09-11T20:23:40.589848+00:00,201,14815.66,
2026-09-11T20:23:40.685741+00:00,201,14721.61,
2026-09-11T20:23:40.733564+00:00,201,14676.13,
2026-09-11T20:23:40.875419+00:00,201,14542.89,
2026-09-11T20:23:41.018412+00:00,201,14404.33,
2026-09-11T20:23:41.192375+00:00,201,14236.94,
2026-09-11T20:23:41.381480+00:00,201,14058.30,
2026-09-11T20:23:41.334511+00:00,201,14107.48,
2026-09-11T20:23:41.459944+00:00,201,13984.11,
2026-09-11T20:23:41.539792+00:00,201,13910.91,
2026-09-11T20:23:41.601663+00:00,201,13853.59,
2026-09-11T20:23:41.632567+00:00,201,13824.52,
2026-09-11T20:23:41.662944+00:00,201,13798.06,
2026-09-11T20:23:41.693825+00:00,201,13771.10,
2026-09-11T20:23:41.942320+00:00,201,13533.59,
2026-09-11T20:23:41.911253+00:00,201,13568.80,
2026-09-11T20:23:41.879681+00:00,201,13602.72,
2026-09-11T20:23:42.085108+00:00,201,13401.35,
2026-09-11T20:23:42.147316+00:00,201,13341.57,
2026-09-11T20:23:42.116810+00:00,201,13373.96,
2026-09-11T20:23:42.053363+00:00,201,13439.81,
2026-09-11T20:23:42.211160+00:00,201,13286.42,
2026-09-11T20:23:42.179343+00:00,201,13323.03,
2026-09-11T20:23:42.272938+00:00,201,13232.04,
2026-09-11T20:23:42.383130+00:00,201,13126.46,
2026-09-11T20:23:42.494618+00:00,201,13018.78,
2026-09-11T20:23:42.414967+00:00,201,13100.94,
2026-09-11T20:23:42.526145+00:00,201,12994.67,
2026-09-11T20:23:42.557489+00:00,201,12968.13,
2026-09-11T20:23:42.605133+00:00,201,12922.83,
2026-09-11T20:23:42.643837+00:00,201,12880.49,
2026-09-11T20:23:42.684616+00:00,201,12852.24,
2026-09-11T20:23:42.671196+00:00,201,12862.56,
2026-09-11T20:23:32.291721+00:00,201,23241.40,
2026-09-11T20:23:33.642254+00:00,201,21897.13,
2026-09-11T20:23:33.711099+00:00,201,21836.96,
2026-09-11T20:23:33.875863+00:00,201,21665.27,
2026-09-11T20:23:35.375719+00:00,201,20162.34,
2026-09-11T20:23:17.756985+00:00,201,37793.59,
2026-09-11T20:23:09.233203+00:00,201,46310.39,
2026-09-11T20:23:19.929800+00:00,201,35620.70,
2026-09-11T20:23:18.886275+00:00,201,36663.37,
2026-09-11T20:23:10.363708+00:00,201,45186.43,
2026-09-11T20:23:30.345600+00:00,201,25203.81,
2026-09-11T20:23:10.917569+00:00,201,44620.34,
2026-09-11T20:23:08.821111+00:00,201,46727.84,
2026-09-11T20:23:20.521063+00:00,201,35028.06,
2026-09-11T20:23:05.615384+00:00,201,49927.20,
2026-09-11T20:23:05.462169+00:00,201,50085.67,
2026-09-11T20:23:30.378142+00:00,201,25170.35,
2026-09-11T20:23:13.990430+00:00,201,41557.22,
2026-09-11T20:23:20.899995+00:00,201,34648.30,
2026-09-11T20:23:25.422972+00:00,201,30129.51,
2026-09-11T20:23:20.188803+00:00,201,35362.78,
2026-09-11T20:23:18.881978+00:00,201,36669.73,
2026-09-11T20:23:05.125272+00:00,201,50426.56,
2026-09-11T20:23:14.599271+00:00,201,40953.44,
2026-09-11T20:23:20.966430+00:00,201,34577.47,
2026-09-11T20:23:09.122792+00:00,201,46430.12,
2026-09-11T20:23:37.664907+00:00,201,17888.31,
2026-09-11T20:23:30.483245+00:00,201,25067.66,
2026-09-11T20:23:19.501630+00:00,201,36050.70,
2026-09-11T20:23:26.246653+00:00,201,29305.14,
2026-09-11T20:23:20.562701+00:00,201,34991.34,
2026-09-11T20:23:20.927438+00:00,201,34626.48,
2026-09-11T20:23:30.409183+00:00,201,25137.33,
2026-09-11T20:23:14.536865+00:00,201,41006.32,
2026-09-11T20:23:19.828321+00:00,201,35724.87,
2026-09-11T20:23:19.258656+00:00,201,36295.34,
2026-09-11T20:23:08.085979+00:00,201,47468.91,
2026-09-11T20:23:23.544208+00:00,201,32009.53,
2026-09-11T20:23:11.092582+00:00,201,44459.84,
2026-09-11T20:23:11.615098+00:00,201,43940.09,
2026-09-11T20:23:11.457560+00:00,201,44089.24,
2026-09-11T20:23:07.258990+00:00,201,48294.74,
2026-09-11T20:23:26.231551+00:00,201,29320.49,
2026-09-11T20:23:11.251745+00:00,201,44292.35,
2026-09-11T20:23:14.315185+00:00,201,41236.09,
2026-09-11T20:23:14.601436+00:00,201,40954.21,
2026-09-11T20:23:05.210127+00:00,201,50342.52,
2026-09-11T20:23:20.947709+00:00,201,34604.16,
2026-09-11T20:23:14.015645+00:00,201,41534.43,
2026-09-11T20:23:05.336796+00:00,201,50218.68,
2026-09-11T20:23:30.451292+00:00,201,25105.25,
2026-09-11T20:23:13.829965+00:00,201,41718.71,
2026-09-11T20:23:14.097470+00:00,201,41456.92,
2026-09-11T20:23:30.514794+00:00,201,25036.04,
2026-09-11T20:23:11.267496+00:00,201,44283.52,
2026-09-11T20:23:26.246653+00:00,201,29295.61,
2026-09-11T20:23:20.999221+00:00,201,34556.62,
2026-09-11T20:23:05.261870+00:00,201,50294.91,
2026-09-11T20:23:24.202010+00:00,201,31355.77,
2026-09-11T20:23:14.609368+00:00,201,40945.77,
2026-09-11T20:23:30.546443+00:00,201,25000.40,
2026-09-11T20:23:05.146030+00:00,201,50412.03,
2026-09-11T20:23:08.693899+00:00,201,46861.04,
2026-09-11T20:23:26.280531+00:00,201,29275.90,
2026-09-11T20:23:21.024097+00:00,201,34533.77,
2026-09-11T20:23:19.203918+00:00,201,36354.74,
2026-09-11T20:23:08.162963+00:00,201,47395.56,
2026-09-11T20:23:14.612529+00:00,201,40943.65,
2026-09-11T20:23:26.295649+00:00,201,29258.90,
2026-09-11T20:23:38.282729+00:00,201,17276.13,
2026-09-11T20:23:21.048129+00:00,201,34509.65,
2026-09-11T20:23:30.593177+00:00,201,24963.15,
2026-09-11T20:23:19.324391+00:00,201,36230.60,
2026-09-11T20:23:19.723927+00:00,201,35834.43,
2026-09-11T20:23:20.065059+00:00,201,35492.50,
2026-09-11T20:23:08.602700+00:00,201,46953.46,
2026-09-11T20:23:08.286320+00:00,201,47273.96,
2026-09-11T20:23:14.631459+00:00,201,40928.06,
2026-09-11T20:23:26.356832+00:00,201,29203.51,
2026-09-11T20:23:20.582754+00:00,201,34978.02,
2026-09-11T20:23:21.246233+00:00,201,34313.87,
2026-09-11T20:23:26.813853+00:00,201,28747.30,
2026-09-11T20:23:19.297172+00:00,201,36257.23,
2026-09-11T20:23:31.147788+00:00,201,24403.55,
2026-09-11T20:23:14.235871+00:00,201,41316.97,
2026-09-11T20:23:38.854272+00:00,201,16708.92,
2026-09-11T20:23:14.616357+00:00,201,40934.90,
2026-09-11T20:23:14.521068+00:00,201,41036.23,
2026-09-11T20:23:19.638788+00:00,201,35925.30,
2026-09-11T20:23:31.878711+00:00,201,23681.43,
2026-09-11T20:23:21.548826+00:00,201,34012.63,
2026-09-11T20:23:27.068819+00:00,201,28495.98,
2026-09-11T20:23:31.497066+00:00,201,24064.39,
2026-09-11T20:23:21.616773+00:00,201,33948.88,
2026-09-11T20:23:10.604854+00:00,201,44955.86,
2026-09-11T20:23:05.362321+00:00,201,50205.59,
2026-09-11T20:23:14.536865+00:00,201,41018.37,
2026-09-11T20:23:28.173171+00:00,201,27396.05,
2026-09-11T20:23:25.816917+00:00,201,29752.39,
2026-09-11T20:23:28.204371+00:00,201,27365.29,
2026-09-11T20:23:11.251745+00:00,201,44318.40,
2026-09-11T20:23:19.914282+00:00,201,35655.83,
2026-09-11T20:23:25.825672+00:00,201,29743.91,
2026-09-11T20:23:07.370566+00:00,201,48196.48,
2026-09-11T20:23:28.314359+00:00,201,27255.95,
2026-09-11T20:23:25.845590+00:00,201,29721.18,
2026-09-11T20:23:14.015645+00:00,201,41545.07,
2026-09-11T20:23:25.856529+00:00,201,29714.40,
2026-09-11T20:23:19.511916+00:00,201,36059.00,
2026-09-11T20:23:14.067530+00:00,201,41498.21,
2026-09-11T20:23:19.815470+00:00,201,35756.73,
2026-09-11T20:23:39.670141+00:00,201,15898.70,
2026-09-11T20:23:25.871322+00:00,201,29700.56,
2026-09-11T20:23:28.473271+00:00,201,27096.98,
2026-09-11T20:23:25.886945+00:00,201,29685.24,
2026-09-11T20:23:25.895898+00:00,201,29677.02,
2026-09-11T20:23:28.551036+00:00,201,27014.41,
2026-09-11T20:23:39.830412+00:00,201,15739.50,
2026-09-11T20:23:19.711900+00:00,201,35862.82,
2026-09-11T20:23:28.634431+00:00,201,26935.69,
2026-09-11T20:23:28.661124+00:00,201,26909.72,
2026-09-11T20:23:25.939255+00:00,201,29631.28,
2026-09-11T20:23:28.709137+00:00,201,26858.07,
2026-09-11T20:23:25.984290+00:00,201,29588.97,
2026-09-11T20:23:25.995417+00:00,201,29577.22,
2026-09-11T20:23:26.023945+00:00,201,29553.53,
2026-09-11T20:23:11.662824+00:00,201,43909.43,
2026-09-11T20:23:40.067955+00:00,201,15501.44,
2026-09-11T20:23:28.946584+00:00,201,26617.32,
2026-09-11T20:23:35.707434+00:00,201,19869.83,
2026-09-11T20:23:32.544953+00:00,201,23021.84,
2026-09-11T20:23:14.616357+00:00,201,40957.70,
2026-09-11T20:23:29.073916+00:00,201,26502.34,
2026-09-11T20:23:29.168243+00:00,201,26410.73,
2026-09-11T20:23:29.262879+00:00,201,26312.43,
2026-09-11T20:23:05.488913+00:00,201,50088.59,
2026-09-11T20:23:14.605142+00:00,201,40975.65,
2026-09-11T20:23:20.272385+00:00,201,35309.30,
2026-09-11T20:23:05.595373+00:00,201,49985.06,
2026-09-11T20:23:40.351708+00:00,201,15224.72,
2026-09-11T20:23:26.515114+00:00,201,29066.39,
2026-09-11T20:23:29.774307+00:00,201,25806.47,
2026-09-11T20:23:40.780870+00:00,201,14802.64,
2026-09-11T20:23:40.828099+00:00,201,14755.60,
2026-09-11T20:23:40.922810+00:00,201,14661.17,
2026-09-11T20:23:40.970626+00:00,201,14613.51,
2026-09-11T20:23:41.097235+00:00,201,14487.01,
2026-09-11T20:23:41.144693+00:00,201,14439.59,
2026-09-11T20:23:41.065953+00:00,201,14518.68,
2026-09-11T20:23:41.254821+00:00,201,14330.06,
2026-09-11T20:23:41.286436+00:00,201,14298.66,
2026-09-11T20:23:41.412929+00:00,201,14172.24,
2026-09-11T20:23:41.570931+00:00,201,14014.56,
2026-09-11T20:23:41.724683+00:00,201,13861.17,
2026-09-11T20:23:41.786823+00:00,201,13799.22,
2026-09-11T20:23:41.755684+00:00,201,13830.62,
2026-09-11T20:23:41.817399+00:00,201,13769.04,
2026-09-11T20:23:41.847985+00:00,201,13738.65,
2026-09-11T20:23:42.005600+00:00,201,13581.38,
2026-09-11T20:23:42.241711+00:00,201,13345.57,
2026-09-11T20:23:42.624658+00:00,201,12957.63,
2026-09-11T20:23:42.616128+00:00,201,12971.61,
2026-09-11T20:23:42.639268+00:00,201,12946.41,
2026-09-11T20:23:42.653621+00:00,201,12932.47,
2026-09-11T20:23:33.052569+00:00,201,22533.02,
2026-09-11T20:23:32.370751+00:00,201,23216.34,
2026-09-11T20:23:33.891983+00:00,201,21695.80,
2026-09-11T20:23:34.666616+00:00,201,20924.98,
2026-09-11T20:23:34.698196+00:00,201,20886.00,
2026-09-11T20:23:34.739781+00:00,201,20854.66,
2026-09-11T20:23:18.922607+00:00,201,36671.87,
2026-09-11T20:23:21.107519+00:00,201,34488.79,
2026-09-11T20:23:26.360192+00:00,201,29224.42,
2026-09-11T20:23:27.787085+00:00,201,27804.34,
2026-09-11T20:23:26.795502+00:00,201,28800.98,
2026-09-11T20:23:26.411838+00:00,201,29178.90,
2026-09-11T20:23:11.599327+00:00,201,43997.38,
2026-09-11T20:23:26.852430+00:00,201,28743.25,
2026-09-11T20:23:14.616357+00:00,201,40970.04,
2026-09-11T20:23:31.710115+00:00,201,23883.40,
2026-09-11T20:23:14.097470+00:00,201,41491.78,
2026-09-11T20:23:21.390640+00:00,201,34200.43,
2026-09-11T20:23:26.943100+00:00,201,28654.14,
2026-09-11T20:23:31.735968+00:00,201,23853.55,
2026-09-11T20:23:14.591075+00:00,201,41003.88,
2026-09-11T20:23:27.039763+00:00,201,28552.41,
2026-09-11T20:23:25.805090+00:00,201,29794.63,
2026-09-11T20:23:25.800030+00:00,201,29799.65,
2026-09-11T20:23:31.640896+00:00,201,23947.38,
2026-09-11T20:23:25.667200+00:00,201,29931.33,
2026-09-11T20:23:25.818587+00:00,201,29779.04,
2026-09-11T20:23:39.489800+00:00,201,16111.20,
2026-09-11T20:23:19.181647+00:00,201,36419.46,
2026-09-11T20:23:25.839975+00:00,201,29756.97,
2026-09-11T20:23:28.443452+00:00,201,27157.42,
2026-09-11T20:23:28.582250+00:00,201,27013.74,
2026-09-11T20:23:28.677146+00:00,201,26911.69,
2026-09-11T20:23:28.740788+00:00,201,26858.59,
2026-09-11T20:23:39.924966+00:00,201,15676.54,
2026-09-11T20:23:28.819748+00:00,201,26780.44,
2026-09-11T20:23:28.836420+00:00,201,26754.35,
2026-09-11T20:23:35.660420+00:00,201,19934.88,
2026-09-11T20:23:19.172713+00:00,201,36430.64,
2026-09-11T20:23:29.009880+00:00,201,26584.53,
2026-09-11T20:23:29.042664+00:00,201,26555.68,
2026-09-11T20:23:14.109411+00:00,201,41479.85,
2026-09-11T20:23:29.132008+00:00,201,26469.12,
2026-09-11T20:23:08.852717+00:00,201,46738.25,
2026-09-11T20:23:08.772994+00:00,201,46823.39,
2026-09-11T20:23:13.786282+00:00,201,41818.41,
2026-09-11T20:23:40.542225+00:00,201,15062.83,
2026-09-11T20:23:40.637905+00:00,201,14967.43,
2026-09-11T20:23:41.223264+00:00,201,14382.33,
2026-09-11T20:23:41.507945+00:00,201,14097.75,
2026-09-11T20:23:41.974325+00:00,201,13631.43,
2026-09-11T20:23:42.304531+00:00,201,13301.41,
2026-09-11T20:23:42.335712+00:00,201,13270.31,
2026-09-11T20:23:42.660169+00:00,201,12943.72,
2026-09-11T20:23:42.621162+00:00,201,12984.92,
2026-09-11T20:23:33.701661+00:00,201,21906.28,
2026-09-11T20:23:33.622057+00:00,201,21976.87,
2026-09-11T20:23:34.666616+00:00,201,20929.89,
2026-09-11T20:23:26.431357+00:00,201,29177.14,
2026-09-11T20:23:27.922724+00:00,201,27681.67,
2026-09-11T20:23:14.608842+00:00,201,41002.14,
2026-09-11T20:23:31.815348+00:00,201,23782.94,
2026-09-11T20:23:21.454951+00:00,201,34153.16,
2026-09-11T20:23:11.520739+00:00,201,44083.93,
2026-09-11T20:23:28.117461+00:00,201,27489.65,
2026-09-11T20:23:28.142839+00:00,201,27464.41,
2026-09-11T20:23:13.891129+00:00,201,41711.13,
2026-09-11T20:23:19.426733+00:00,201,36180.98,
2026-09-11T20:23:07.764788+00:00,201,47839.37,
2026-09-11T20:23:20.606328+00:00,201,35006.33,
2026-09-11T20:23:05.025041+00:00,201,50587.18,
2026-09-11T20:23:40.211409+00:00,201,15402.41,
2026-09-11T20:23:11.615657+00:00,201,43987.08,
2026-09-11T20:23:40.478808+00:00,201,15134.96,
2026-09-11T20:23:33.669964+00:00,201,21943.05,
2026-09-11T20:23:33.685673+00:00,201,21916.65,
2026-09-11T20:23:33.669964+00:00,201,21945.60,
2026-09-11T20:23:11.289033+00:00,201,44321.45,
2026-09-11T20:23:20.097863+00:00,201,35518.21,
2026-09-11T20:23:11.220257+00:00,201,44387.79,
2026-09-11T20:23:28.253628+00:00,201,27356.62,
2026-09-11T20:23:22.566479+00:00,201,33053.27,
2026-09-11T20:23:28.788162+00:00,201,26824.24,
2026-09-11T20:23:42.462874+00:00,201,13157.42,
2026-09-11T20:23:32.339231+00:00,201,23267.96,
2026-09-11T20:23:33.669964+00:00,201,21941.40,
2026-09-11T20:23:33.654635+00:00,201,21956.70,
2026-09-11T20:23:33.654635+00:00,201,21955.40,
2026-09-11T20:23:33.685673+00:00,201,21922.04,
2026-09-11T20:23:33.685673+00:00,201,21934.16,
2026-09-11T20:23:33.685673+00:00,201,21930.79,
2026-09-11T20:23:21.581873+00:00,201,34039.93,
2026-09-11T20:23:32.418317+00:00,201,23192.94,
2026-09-11T20:23:33.685673+00:00,201,21939.59,
2026-09-11T20:23:33.669964+00:00,201,21948.89,
2026-09-11T20:23:32.393379+00:00,201,23228.51,
2026-09-11T20:23:32.465747+00:00,201,23152.97,
2026-09-11T20:23:33.642254+00:00,201,21980.31,
2026-09-11T20:23:33.654635+00:00,201,21972.27,
2026-09-11T20:23:32.388232+00:00,201,23238.01,
2026-09-11T20:23:32.370751+00:00,201,23259.53,
2026-09-11T20:23:20.051641+00:00,201,35579.33,
2026-09-11T20:23:35.454925+00:00,201,20168.31,
2026-09-11T20:23:07.958017+00:00,201,47670.91,
