timestamp_iso,status_code,latency_ms,error
2026-09-11T00:39:36.039724+00:00,200,73.76,
2026-09-11T00:39:36.112570+00:00,200,11.21,
2026-09-11T00:39:36.102573+00:00,200,25.76,
2026-09-11T00:39:36.122624+00:00,200,11.48,
2026-09-11T00:39:36.128028+00:00,200,10.54,
2026-09-11T00:39:36.134470+00:00,200,11.26,
2026-09-11T00:39:36.138498+00:00,200,12.61,
2026-09-11T00:39:36.147261+00:00,200,11.72,
2026-09-11T00:39:36.150406+00:00,200,11.24,
2026-09-11T00:39:36.138498+00:00,200,27.17,
2026-09-11T00:39:36.159320+00:00,200,11.77,
2026-09-11T00:39:36.162239+00:00,200,11.49,
2026-09-11T00:39:36.166789+00:00,200,11.27,
2026-09-11T00:39:36.170497+00:00,200,11.89,
2026-09-11T00:39:36.172507+00:00,200,13.69,
2026-09-11T00:39:36.177193+00:00,200,14.10,
2026-09-11T00:39:36.181880+00:00,200,12.40,
2026-09-11T00:39:36.187170+00:00,200,14.61,
2026-09-11T00:39:36.190189+00:00,200,12.52,
2026-09-11T00:39:36.190189+00:00,200,11.29,
2026-09-11T00:39:36.202742+00:00,200,11.65,
2026-09-11T00:39:36.205125+00:00,200,11.60,
2026-09-11T00:39:36.207133+00:00,200,12.01,
2026-09-11T00:39:36.187170+00:00,200,31.82,
2026-09-11T00:39:36.214004+00:00,200,11.73,
2026-09-11T00:39:36.215514+00:00,200,11.61,
2026-09-11T00:39:36.218947+00:00,200,11.30,
2026-09-11T00:39:36.220957+00:00,200,11.29,
2026-09-11T00:39:36.224475+00:00,200,12.48,
2026-09-11T00:39:36.224475+00:00,200,12.64,
2026-09-11T00:39:36.229647+00:00,200,12.51,
2026-09-11T00:39:36.232303+00:00,200,13.23,
2026-09-11T00:39:36.233367+00:00,200,15.46,
2026-09-11T00:39:36.238649+00:00,200,12.20,
2026-09-11T00:39:36.242887+00:00,200,10.54,
2026-09-11T00:39:36.240785+00:00,200,14.49,
2026-09-11T00:39:36.245408+00:00,200,11.85,
2026-09-11T00:39:36.247933+00:00,200,12.40,
2026-09-11T00:39:36.247933+00:00,200,12.38,
2026-09-11T00:39:36.251073+00:00,200,12.50,
2026-09-11T00:39:36.251073+00:00,200,12.54,
2026-09-11T00:39:36.261238+00:00,200,11.71,
2026-09-11T00:39:36.263245+00:00,200,11.66,
2026-09-11T00:39:36.263758+00:00,200,11.53,
2026-09-11T00:39:36.267903+00:00,200,12.85,
2026-09-11T00:39:36.257043+00:00,200,25.79,
2026-09-11T00:39:36.270125+00:00,200,12.98,
2026-09-11T00:39:36.274155+00:00,200,13.31,
2026-09-11T00:39:36.276669+00:00,200,16.70,
2026-09-11T00:39:36.282656+00:00,200,14.01,
2026-09-11T00:39:36.280558+00:00,200,17.84,
2026-09-11T00:39:36.284664+00:00,200,16.20,
2026-09-11T00:39:36.276669+00:00,200,24.53,
2026-09-11T00:39:36.292766+00:00,200,14.35,
2026-09-11T00:39:36.296296+00:00,200,15.27,
2026-09-11T00:39:36.296296+00:00,200,17.02,
2026-09-11T00:39:36.300756+00:00,200,14.92,
2026-09-11T00:39:36.287187+00:00,200,31.13,
2026-09-11T00:39:36.302524+00:00,200,17.42,
2026-09-11T00:39:36.308165+00:00,200,15.65,
2026-09-11T00:39:36.310191+00:00,200,15.52,
2026-09-11T00:39:36.318118+00:00,200,16.09,
2026-09-11T00:39:36.310191+00:00,200,21.22,
2026-09-11T00:39:36.318118+00:00,200,19.66,
2026-09-11T00:39:36.324195+00:00,200,19.06,
2026-09-11T00:39:36.325704+00:00,200,18.04,
2026-09-11T00:39:36.310191+00:00,200,30.38,
2026-09-11T00:39:36.325704+00:00,200,20.48,
2026-09-11T00:39:36.335290+00:00,200,17.68,
2026-09-11T00:39:36.335290+00:00,200,19.29,
2026-09-11T00:39:36.343064+00:00,200,18.09,
2026-09-11T00:39:36.339508+00:00,200,23.48,
2026-09-11T00:39:36.344082+00:00,200,19.78,
2026-09-11T00:39:36.346602+00:00,200,21.77,
2026-09-11T00:39:36.352387+00:00,200,17.19,
2026-09-11T00:39:36.355515+00:00,200,16.04,
2026-09-11T00:39:36.348435+00:00,200,24.58,
2026-09-11T00:39:36.358837+00:00,200,18.54,
2026-09-11T00:39:36.363040+00:00,200,19.89,
2026-09-11T00:39:36.363040+00:00,200,19.16,
2026-09-11T00:39:36.363040+00:00,200,20.84,
2026-09-11T00:39:36.363040+00:00,200,20.83,
2026-09-11T00:39:36.374184+00:00,200,23.09,
2026-09-11T00:39:36.372167+00:00,200,30.70,
2026-09-11T00:39:36.379330+00:00,200,26.33,
2026-09-11T00:39:36.374184+00:00,200,34.11,
2026-09-11T00:39:36.390448+00:00,200,28.47,
2026-09-11T00:39:36.389446+00:00,200,35.80,
2026-09-11T00:39:36.396710+00:00,200,32.42,
2026-09-11T00:39:36.403812+00:00,200,34.57,
2026-09-11T00:39:36.379330+00:00,200,59.38,
2026-09-11T00:39:36.379330+00:00,200,71.85,
2026-09-11T00:39:36.410635+00:00,200,47.33,
2026-09-11T00:39:36.418680+00:00,200,43.63,
2026-09-11T00:39:36.429568+00:00,200,41.30,
2026-09-11T00:39:36.438945+00:00,200,36.84,
2026-09-11T00:39:36.425731+00:00,200,64.07,
2026-09-11T00:39:36.457519+00:00,200,33.98,
2026-09-11T00:39:36.462064+00:00,200,36.86,
2026-09-11T00:39:36.470974+00:00,200,32.51,
2026-09-11T00:39:36.477599+00:00,200,30.36,
2026-09-11T00:39:36.430487+00:00,200,85.92,
2026-09-11T00:39:36.489500+00:00,200,29.66,
2026-09-11T00:39:36.491952+00:00,200,31.98,
2026-09-11T00:39:36.455511+00:00,200,75.14,
2026-09-11T00:39:36.499738+00:00,200,32.02,
2026-09-11T00:39:36.507664+00:00,200,31.72,
2026-09-11T00:39:36.473279+00:00,200,68.68,
2026-09-11T00:39:36.516171+00:00,200,33.52,
2026-09-11T00:39:36.519007+00:00,200,32.92,
2026-09-11T00:39:36.523003+00:00,200,34.31,
2026-09-11T00:39:36.530003+00:00,200,34.84,
2026-09-11T00:39:36.532004+00:00,200,40.87,
2026-09-11T00:39:36.539975+00:00,200,42.73,
2026-09-11T00:39:36.541973+00:00,200,46.52,
2026-09-11T00:39:36.443966+00:00,200,145.42,
2026-09-11T00:39:36.402772+00:00,200,188.17,
2026-09-11T00:39:36.557488+00:00,200,37.30,
2026-09-11T00:39:36.565545+00:00,200,33.47,
2026-09-11T00:39:36.572801+00:00,200,32.61,
2026-09-11T00:39:36.582115+00:00,200,33.01,
2026-09-11T00:39:36.552463+00:00,200,71.41,
2026-09-11T00:39:36.587402+00:00,200,41.16,
2026-09-11T00:39:36.599977+00:00,200,30.00,
2026-09-11T00:39:36.593196+00:00,200,45.42,
2026-09-11T00:39:36.615772+00:00,200,31.13,
2026-09-11T00:39:36.617787+00:00,200,36.93,
2026-09-11T00:39:36.620690+00:00,200,37.19,
2026-09-11T00:39:36.628692+00:00,200,36.09,
2026-09-11T00:39:36.635507+00:00,200,38.20,
2026-09-11T00:39:36.646838+00:00,200,33.11,
2026-09-11T00:39:36.643390+00:00,200,36.84,
2026-09-11T00:39:36.656298+00:00,200,34.22,
2026-09-11T00:39:36.660301+00:00,200,32.62,
2026-09-11T00:39:36.672989+00:00,200,26.13,
2026-09-11T00:39:36.587402+00:00,200,111.24,
2026-09-11T00:39:36.679371+00:00,200,27.92,
2026-09-11T00:39:36.550616+00:00,200,164.00,
2026-09-11T00:39:36.693696+00:00,200,26.26,
2026-09-11T00:39:36.681373+00:00,200,43.97,
2026-09-11T00:39:36.699682+00:00,200,29.64,
2026-09-11T00:39:36.525003+00:00,200,210.70,
2026-09-11T00:39:36.702203+00:00,200,29.09,
2026-09-11T00:39:36.713898+00:00,200,27.88,
2026-09-11T00:39:36.713898+00:00,200,27.52,
2026-09-11T00:39:36.725305+00:00,200,25.24,
2026-09-11T00:39:36.727832+00:00,200,26.16,
2026-09-11T00:39:36.690403+00:00,200,70.51,
2026-09-11T00:39:36.731479+00:00,200,29.17,
2026-09-11T00:39:36.731479+00:00,200,29.19,
2026-09-11T00:39:36.739994+00:00,200,26.94,
2026-09-11T00:39:36.739994+00:00,200,27.54,
2026-09-11T00:39:36.593196+00:00,200,183.80,
2026-09-11T00:39:36.755724+00:00,200,27.11,
2026-09-11T00:39:36.759968+00:00,200,31.60,
2026-09-11T00:39:36.763512+00:00,200,28.71,
2026-09-11T00:39:36.765850+00:00,200,28.71,
2026-09-11T00:39:36.701202+00:00,200,100.35,
2026-09-11T00:39:36.774958+00:00,200,28.05,
2026-09-11T00:39:36.778969+00:00,200,29.68,
2026-09-11T00:39:36.782500+00:00,200,29.80,
2026-09-11T00:39:36.574879+00:00,200,243.97,
2026-09-11T00:39:36.794684+00:00,200,25.62,
2026-09-11T00:39:36.790125+00:00,200,28.09,
2026-09-11T00:39:36.790125+00:00,200,30.42,
2026-09-11T00:39:36.798703+00:00,200,31.32,
2026-09-11T00:39:36.768363+00:00,200,64.61,
2026-09-11T00:39:36.802952+00:00,200,32.66,
2026-09-11T00:39:36.809064+00:00,200,32.19,
2026-09-11T00:39:36.812646+00:00,200,35.11,
2026-09-11T00:39:36.820058+00:00,200,35.17,
2026-09-11T00:39:36.818906+00:00,200,37.81,
2026-09-11T00:39:36.755724+00:00,200,111.05,
2026-09-11T00:39:36.835489+00:00,200,33.51,
2026-09-11T00:39:36.502739+00:00,200,376.35,
2026-09-11T00:39:36.664303+00:00,200,219.20,
2026-09-11T00:39:36.848065+00:00,200,38.53,
2026-09-11T00:39:36.848065+00:00,200,47.02,
2026-09-11T00:39:36.866145+00:00,200,32.36,
2026-09-11T00:39:36.868962+00:00,200,33.30,
2026-09-11T00:39:36.833998+00:00,200,74.23,
2026-09-11T00:39:36.879804+00:00,200,29.66,
2026-09-11T00:39:36.884321+00:00,200,32.49,
2026-09-11T00:39:36.840981+00:00,200,84.55,
2026-09-11T00:39:36.902416+00:00,200,29.05,
2026-09-11T00:39:36.832996+00:00,200,107.81,
2026-09-11T00:39:36.855072+00:00,200,95.25,
2026-09-11T00:39:36.917371+00:00,200,35.31,
2026-09-11T00:39:36.899998+00:00,200,60.94,
2026-09-11T00:39:36.886323+00:00,200,76.16,
2026-09-11T00:39:36.930868+00:00,200,47.18,
2026-09-11T00:39:36.803982+00:00,200,180.88,
2026-09-11T00:39:36.822559+00:00,200,167.54,
2026-09-11T00:39:36.939927+00:00,200,59.90,
2026-09-11T00:39:36.950891+00:00,200,52.16,
2026-09-11T00:39:36.952869+00:00,200,55.18,
2026-09-11T00:39:36.960872+00:00,200,55.06,
2026-09-11T00:39:36.821055+00:00,200,202.72,
2026-09-11T00:39:36.978504+00:00,200,48.08,
2026-09-11T00:39:36.907638+00:00,200,132.53,
2026-09-11T00:39:37.006361+00:00,200,38.00,
2026-09-11T00:39:36.590689+00:00,200,460.81,
2026-09-11T00:39:36.925468+00:00,200,127.70,
2026-09-11T00:39:36.987836+00:00,200,68.05,
2026-09-11T00:39:36.895294+00:00,200,170.90,
2026-09-11T00:39:37.004096+00:00,200,64.97,
2026-09-11T00:39:36.909639+00:00,200,170.28,
2026-09-11T00:39:37.044052+00:00,200,35.19,
2026-09-11T00:39:37.051979+00:00,200,37.50,
2026-09-11T00:39:36.750191+00:00,200,346.09,
2026-09-11T00:39:37.002586+00:00,200,94.89,
2026-09-11T00:39:37.039489+00:00,200,70.08,
2026-09-11T00:39:37.077736+00:00,200,38.23,
2026-09-11T00:39:36.900504+00:00,200,219.51,
2026-09-11T00:39:36.664303+00:00,200,460.60,
2026-09-11T00:39:37.024392+00:00,200,105.30,
2026-09-11T00:39:37.068928+00:00,200,64.40,
2026-09-11T00:39:37.096200+00:00,200,38.83,
2026-09-11T00:39:37.104737+00:00,200,36.00,
2026-09-11T00:39:37.110718+00:00,200,35.42,
2026-09-11T00:39:37.119233+00:00,200,37.38,
2026-09-11T00:39:37.129355+00:00,200,34.40,
2026-09-11T00:39:37.016045+00:00,200,155.13,
2026-09-11T00:39:37.054408+00:00,200,120.62,
2026-09-11T00:39:37.087800+00:00,200,93.54,
2026-09-11T00:39:37.127316+00:00,200,58.86,
2026-09-11T00:39:37.056416+00:00,200,132.37,
2026-09-11T00:39:37.163515+00:00,200,29.95,
2026-09-11T00:39:37.148515+00:00,200,54.81,
2026-09-11T00:39:37.170835+00:00,200,33.72,
2026-09-11T00:39:37.024392+00:00,200,186.29,
2026-09-11T00:39:37.140834+00:00,200,74.81,
2026-09-11T00:39:37.185412+00:00,200,43.12,
2026-09-11T00:39:37.194223+00:00,200,43.93,
2026-09-11T00:39:37.203235+00:00,200,35.57,
2026-09-11T00:39:37.119233+00:00,200,119.87,
2026-09-11T00:39:37.146092+00:00,200,101.27,
2026-09-11T00:39:37.096200+00:00,200,152.88,
2026-09-11T00:39:36.708621+00:00,200,546.51,
2026-09-11T00:39:37.229390+00:00,200,34.35,
2026-09-11T00:39:37.238274+00:00,200,39.02,
2026-09-11T00:39:37.247571+00:00,200,34.91,
2026-09-11T00:39:37.134664+00:00,200,150.85,
2026-09-11T00:39:37.254960+00:00,200,36.67,
2026-09-11T00:39:37.077736+00:00,200,218.35,
2026-09-11T00:39:37.243182+00:00,200,62.53,
2026-09-11T00:39:36.943730+00:00,200,363.11,
2026-09-11T00:39:37.240277+00:00,200,75.73,
2026-09-11T00:39:37.251022+00:00,200,69.68,
2026-09-11T00:39:37.182785+00:00,200,141.09,
2026-09-11T00:39:37.190836+00:00,200,134.30,
2026-09-11T00:39:37.194223+00:00,200,135.38,
2026-09-11T00:39:37.296397+00:00,200,34.61,
2026-09-11T00:39:37.156568+00:00,200,177.85,
2026-09-11T00:39:37.305436+00:00,200,36.59,
2026-09-11T00:39:37.315528+00:00,200,31.84,
2026-09-11T00:39:37.000151+00:00,200,356.39,
2026-09-11T00:39:37.052401+00:00,200,308.20,
2026-09-11T00:39:37.216221+00:00,200,154.35,
2026-09-11T00:39:37.288072+00:00,200,84.94,
2026-09-11T00:39:36.856069+00:00,200,523.55,
2026-09-11T00:39:37.333964+00:00,200,50.16,
2026-09-11T00:39:37.349577+00:00,200,33.35,
2026-09-11T00:39:37.360588+00:00,200,34.20,
2026-09-11T00:39:36.962326+00:00,200,436.70,
2026-09-11T00:39:37.288072+00:00,200,110.26,
2026-09-11T00:39:37.374426+00:00,200,36.69,
2026-09-11T00:39:37.333964+00:00,200,71.51,
2026-09-11T00:39:37.346936+00:00,200,74.68,
2026-09-11T00:39:37.390310+00:00,200,37.31,
2026-09-11T00:39:37.134220+00:00,200,299.09,
2026-09-11T00:39:37.398464+00:00,200,43.16,
2026-09-11T00:39:37.379093+00:00,200,67.63,
2026-09-11T00:39:37.331284+00:00,200,121.89,
2026-09-11T00:39:37.263159+00:00,200,193.13,
2026-09-11T00:39:37.174982+00:00,200,282.98,
2026-09-11T00:39:37.426487+00:00,200,36.81,
2026-09-11T00:39:37.431006+00:00,200,38.31,
2026-09-11T00:39:37.282370+00:00,200,200.78,
2026-09-11T00:39:37.323487+00:00,200,162.96,
2026-09-11T00:39:37.213062+00:00,200,275.39,
2026-09-11T00:39:37.333964+00:00,200,162.07,
2026-09-11T00:39:37.305436+00:00,200,200.92,
2026-09-11T00:39:36.982292+00:00,200,529.56,
2026-09-11T00:39:37.431006+00:00,200,82.16,
2026-09-11T00:39:37.442948+00:00,200,69.12,
2026-09-11T00:39:37.488467+00:00,200,36.85,
2026-09-11T00:39:37.284836+00:00,200,247.96,
2026-09-11T00:39:37.410495+00:00,200,125.37,
2026-09-11T00:39:37.410495+00:00,200,132.70,
2026-09-11T00:39:37.506599+00:00,200,42.83,
2026-09-11T00:39:37.385277+00:00,200,172.54,
2026-09-11T00:39:37.379093+00:00,200,179.63,
2026-09-11T00:39:37.323487+00:00,200,241.08,
2026-09-11T00:39:37.527444+00:00,200,35.93,
2026-09-11T00:39:37.497246+00:00,200,80.71,
2026-09-11T00:39:37.512837+00:00,200,65.86,
2026-09-11T00:39:37.546593+00:00,200,38.63,
2026-09-11T00:39:37.419506+00:00,200,172.58,
2026-09-11T00:39:37.559528+00:00,200,36.85,
2026-09-11T00:39:37.527444+00:00,200,68.40,
2026-09-11T00:39:37.535847+00:00,200,69.48,
2026-09-11T00:39:37.317540+00:00,200,287.94,
2026-09-11T00:39:37.577530+00:00,200,35.69,
2026-09-11T00:39:37.400472+00:00,200,218.14,
2026-09-11T00:39:37.562043+00:00,200,63.26,
2026-09-11T00:39:37.593987+00:00,200,33.63,
2026-09-11T00:39:37.596500+00:00,200,35.94,
2026-09-11T00:39:37.572381+00:00,200,65.60,
2026-09-11T00:39:37.602240+00:00,200,37.91,
2026-09-11T00:39:37.565582+00:00,200,79.95,
2026-09-11T00:39:37.523952+00:00,200,129.80,
2026-09-11T00:39:37.060794+00:00,200,591.69,
2026-09-11T00:39:37.277105+00:00,200,383.03,
2026-09-11T00:39:37.626001+00:00,200,38.93,
2026-09-11T00:39:37.581026+00:00,200,85.64,
2026-09-11T00:39:37.628521+00:00,200,38.67,
2026-09-11T00:39:37.637236+00:00,200,44.62,
2026-09-11T00:39:37.641253+00:00,200,40.49,
2026-09-11T00:39:37.646343+00:00,200,40.02,
2026-09-11T00:39:37.549555+00:00,200,147.59,
2026-09-11T00:39:37.565582+00:00,200,128.19,
2026-09-11T00:39:37.512837+00:00,200,189.57,
2026-09-11T00:39:37.666445+00:00,200,41.74,
2026-09-11T00:39:37.666445+00:00,200,45.00,
2026-09-11T00:39:37.440937+00:00,200,271.21,
2026-09-11T00:39:37.463924+00:00,200,255.38,
2026-09-11T00:39:37.471314+00:00,200,252.49,
2026-09-11T00:39:37.442948+00:00,200,274.09,
2026-09-11T00:39:37.620462+00:00,200,107.57,
2026-09-11T00:39:37.696559+00:00,200,40.34,
2026-09-11T00:39:37.366029+00:00,200,378.63,
2026-09-11T00:39:37.658943+00:00,200,94.14,
2026-09-11T00:39:37.593987+00:00,200,164.38,
2026-09-11T00:39:37.666445+00:00,200,91.40,
2026-09-11T00:39:37.719513+00:00,200,41.86,
2026-09-11T00:39:37.656933+00:00,200,112.61,
2026-09-11T00:39:37.474600+00:00,200,292.69,
2026-09-11T00:39:37.702694+00:00,200,76.69,
2026-09-11T00:39:37.442948+00:00,200,325.49,
2026-09-11T00:39:37.741145+00:00,200,42.76,
2026-09-11T00:39:37.654924+00:00,200,137.82,
2026-09-11T00:39:37.753972+00:00,200,38.32,
2026-09-11T00:39:37.753972+00:00,200,40.48,
2026-09-11T00:39:37.620462+00:00,200,186.18,
2026-09-11T00:39:37.770845+00:00,200,40.17,
2026-09-11T00:39:37.608182+00:00,200,204.55,
2026-09-11T00:39:37.394449+00:00,200,420.61,
2026-09-11T00:39:37.485451+00:00,200,342.28,
2026-09-11T00:39:37.790241+00:00,200,38.68,
2026-09-11T00:39:37.790241+00:00,200,41.23,
2026-09-11T00:39:37.766150+00:00,200,78.46,
2026-09-11T00:39:37.761129+00:00,200,84.97,
2026-09-11T00:39:37.204302+00:00,200,643.08,
2026-09-11T00:39:37.804384+00:00,200,42.48,
2026-09-11T00:39:37.731222+00:00,200,123.48,
2026-09-11T00:39:37.728613+00:00,200,135.08,
2026-09-11T00:39:37.797802+00:00,200,70.04,
2026-09-11T00:39:37.827565+00:00,200,40.15,
2026-09-11T00:39:37.830260+00:00,200,39.94,
2026-09-11T00:39:37.772862+00:00,200,93.87,
2026-09-11T00:39:37.613718+00:00,200,278.78,
2026-09-11T00:39:37.685089+00:00,200,214.96,
2026-09-11T00:39:37.851721+00:00,200,50.51,
2026-09-11T00:39:37.685089+00:00,200,223.83,
2026-09-11T00:39:37.863919+00:00,200,52.61,
2026-09-11T00:39:37.512837+00:00,200,402.42,
2026-09-11T00:39:37.863919+00:00,200,52.02,
2026-09-11T00:39:37.239275+00:00,200,693.81,
2026-09-11T00:39:37.753972+00:00,200,179.81,
2026-09-11T00:39:37.848100+00:00,200,91.93,
2026-09-11T00:39:37.724046+00:00,200,217.21,
2026-09-11T00:39:37.442948+00:00,200,484.58,
2026-09-11T00:39:37.772862+00:00,200,163.02,
2026-09-11T00:39:37.581026+00:00,200,361.05,
2026-09-11T00:39:37.481424+00:00,200,470.15,
2026-09-11T00:39:37.891997+00:00,200,63.75,
2026-09-11T00:39:37.696559+00:00,200,259.13,
2026-09-11T00:39:37.916435+00:00,200,42.29,
2026-09-11T00:39:37.916435+00:00,200,44.04,
2026-09-11T00:39:37.831267+00:00,200,138.04,
2026-09-11T00:39:37.628521+00:00,200,341.09,
2026-09-11T00:39:37.945746+00:00,200,38.63,
2026-09-11T00:39:37.905983+00:00,200,78.44,
2026-09-11T00:39:37.810931+00:00,200,183.69,
2026-09-11T00:39:37.901417+00:00,200,99.92,
2026-09-11T00:39:37.933527+00:00,200,70.14,
2026-09-11T00:39:37.772862+00:00,200,237.87,
2026-09-11T00:39:37.737628+00:00,200,278.42,
2026-09-11T00:39:37.957792+00:00,200,64.44,
2026-09-11T00:39:37.978238+00:00,200,38.34,
2026-09-11T00:39:37.991015+00:00,200,44.87,
2026-09-11T00:39:37.846088+00:00,200,199.79,
2026-09-11T00:39:37.937040+00:00,200,108.77,
2026-09-11T00:39:37.666445+00:00,200,388.05,
2026-09-11T00:39:37.955784+00:00,200,104.82,
2026-09-11T00:39:37.712822+00:00,200,350.51,
2026-09-11T00:39:38.022659+00:00,200,45.10,
2026-09-11T00:39:37.863919+00:00,200,203.69,
2026-09-11T00:39:37.991015+00:00,200,77.93,
2026-09-11T00:39:38.043879+00:00,200,45.61,
2026-09-11T00:39:37.941913+00:00,200,154.11,
2026-09-11T00:39:37.712822+00:00,200,386.08,
2026-09-11T00:39:37.799816+00:00,200,315.20,
2026-09-11T00:39:38.030301+00:00,200,87.66,
2026-09-11T00:39:38.072605+00:00,200,50.73,
2026-09-11T00:39:38.079385+00:00,200,45.07,
2026-09-11T00:39:37.863919+00:00,200,258.38,
2026-09-11T00:39:37.814457+00:00,200,327.27,
2026-09-11T00:39:37.937040+00:00,200,204.00,
2026-09-11T00:39:38.099985+00:00,200,46.61,
2026-09-11T00:39:38.015067+00:00,200,144.02,
2026-09-11T00:39:38.048603+00:00,200,112.58,
2026-09-11T00:39:38.122845+00:00,200,50.86,
2026-09-11T00:39:37.978238+00:00,200,190.49,
2026-09-11T00:39:38.024222+00:00,200,155.33,
2026-09-11T00:39:38.124846+00:00,200,56.70,
2026-09-11T00:39:38.143669+00:00,200,47.14,
2026-09-11T00:39:37.863919+00:00,200,321.49,
2026-09-11T00:39:37.848100+00:00,200,351.41,
2026-09-11T00:39:37.925912+00:00,200,270.54,
2026-09-11T00:39:38.097467+00:00,200,111.59,
2026-09-11T00:39:38.159392+00:00,200,53.96,
2026-09-11T00:39:38.160900+00:00,200,56.08,
2026-09-11T00:39:37.951072+00:00,200,272.22,
2026-09-11T00:39:38.174171+00:00,200,52.62,
2026-09-11T00:39:37.916435+00:00,200,306.90,
2026-09-11T00:39:38.125956+00:00,200,111.36,
2026-09-11T00:39:37.817442+00:00,200,422.75,
2026-09-11T00:39:38.039268+00:00,200,208.76,
2026-09-11T00:39:37.959801+00:00,200,288.77,
2026-09-11T00:39:37.680266+00:00,200,572.03,
2026-09-11T00:39:38.181783+00:00,200,94.96,
2026-09-11T00:39:37.976230+00:00,200,304.23,
2026-09-11T00:39:37.863919+00:00,200,417.51,
2026-09-11T00:39:38.225166+00:00,200,61.80,
2026-09-11T00:39:37.991015+00:00,200,290.37,
2026-09-11T00:39:38.237135+00:00,200,64.72,
2026-09-11T00:39:37.901417+00:00,200,398.39,
2026-09-11T00:39:38.245872+00:00,200,61.58,
2026-09-11T00:39:38.005414+00:00,200,300.98,
2026-09-11T00:39:37.704207+00:00,200,622.59,
2026-09-11T00:39:38.276461+00:00,200,66.31,
2026-09-11T00:39:38.203205+00:00,200,148.28,
2026-09-11T00:39:38.227256+00:00,200,128.30,
2026-09-11T00:39:37.969080+00:00,200,389.83,
2026-09-11T00:39:38.287100+00:00,200,75.94,
2026-09-11T00:39:38.115670+00:00,200,248.20,
2026-09-11T00:39:38.302769+00:00,200,62.38,
2026-09-11T00:39:37.974214+00:00,200,406.77,
2026-09-11T00:39:38.092168+00:00,200,290.59,
2026-09-11T00:39:38.128061+00:00,200,256.24,
2026-09-11T00:39:38.144901+00:00,200,250.95,
2026-09-11T00:39:38.081890+00:00,200,319.75,
2026-09-11T00:39:38.351980+00:00,200,53.97,
2026-09-11T00:39:38.191529+00:00,200,226.68,
2026-09-11T00:39:38.285661+00:00,200,139.05,
2026-09-11T00:39:38.252377+00:00,200,175.02,
2026-09-11T00:39:38.213577+00:00,200,217.44,
2026-09-11T00:39:38.247809+00:00,200,194.03,
2026-09-11T00:39:38.302000+00:00,200,142.71,
2026-09-11T00:39:38.307702+00:00,200,148.52,
2026-09-11T00:39:37.925912+00:00,200,531.19,
2026-09-11T00:39:38.068201+00:00,200,391.69,
2026-09-11T00:39:38.190549+00:00,200,273.57,
2026-09-11T00:39:37.710811+00:00,200,756.74,
2026-09-11T00:39:38.424700+00:00,200,49.68,
2026-09-11T00:39:38.430820+00:00,200,44.83,
2026-09-11T00:39:38.319696+00:00,200,166.61,
2026-09-11T00:39:38.229255+00:00,200,265.14,
2026-09-11T00:39:38.062331+00:00,200,446.12,
2026-09-11T00:39:38.361264+00:00,200,149.00,
2026-09-11T00:39:38.469367+00:00,200,46.45,
2026-09-11T00:39:38.435670+00:00,200,82.35,
2026-09-11T00:39:38.444425+00:00,200,86.12,
2026-09-11T00:39:38.381933+00:00,200,149.31,
2026-09-11T00:39:37.325926+00:00,200,1209.94,
2026-09-11T00:39:38.494488+00:00,200,50.69,
2026-09-11T00:39:38.217577+00:00,200,337.14,
2026-09-11T00:39:37.941913+00:00,200,625.31,
2026-09-11T00:39:38.515245+00:00,200,53.56,
2026-09-11T00:39:38.442331+00:00,200,136.33,
2026-09-11T00:39:38.457985+00:00,200,123.12,
2026-09-11T00:39:38.456086+00:00,200,128.49,
2026-09-11T00:39:38.254483+00:00,200,332.71,
2026-09-11T00:39:38.530648+00:00,200,59.78,
2026-09-11T00:39:38.330727+00:00,200,274.44,
2026-09-11T00:39:38.418278+00:00,200,191.09,
2026-09-11T00:39:38.473898+00:00,200,145.98,
2026-09-11T00:39:38.567534+00:00,200,63.45,
2026-09-11T00:39:38.569063+00:00,200,68.53,
2026-09-11T00:39:38.312123+00:00,200,327.44,
2026-09-11T00:39:38.055913+00:00,200,592.13,
2026-09-11T00:39:38.290611+00:00,200,361.36,
2026-09-11T00:39:38.255484+00:00,200,398.25,
2026-09-11T00:39:37.955784+00:00,200,698.84,
2026-09-11T00:39:38.527942+00:00,200,139.86,
2026-09-11T00:39:38.063731+00:00,200,607.70,
2026-09-11T00:39:38.365447+00:00,200,308.97,
2026-09-11T00:39:38.631441+00:00,200,54.33,
2026-09-11T00:39:38.637943+00:00,200,48.84,
2026-09-11T00:39:38.640038+00:00,200,48.83,
2026-09-11T00:39:38.343105+00:00,200,355.15,
2026-09-11T00:39:38.585402+00:00,200,120.24,
2026-09-11T00:39:38.364445+00:00,200,342.63,
2026-09-11T00:39:38.539633+00:00,200,169.82,
2026-09-11T00:39:38.666403+00:00,200,52.58,
2026-09-11T00:39:38.684527+00:00,200,43.76,
2026-09-11T00:39:38.686823+00:00,200,44.91,
2026-09-11T00:39:38.402006+00:00,200,333.34,
2026-09-11T00:39:38.459877+00:00,200,277.42,
2026-09-11T00:39:38.354987+00:00,200,388.19,
2026-09-11T00:39:38.643726+00:00,200,104.44,
2026-09-11T00:39:38.653584+00:00,200,104.67,
2026-09-11T00:39:38.620259+00:00,200,139.96,
2026-09-11T00:39:38.671087+00:00,200,99.57,
2026-09-11T00:39:38.581198+00:00,200,196.05,
2026-09-11T00:39:38.118187+00:00,200,660.53,
2026-09-11T00:39:38.729289+00:00,200,50.59,
2026-09-11T00:39:38.584847+00:00,200,198.12,
2026-09-11T00:39:38.590694+00:00,200,202.78,
2026-09-11T00:39:38.609526+00:00,200,184.98,
2026-09-11T00:39:38.427790+00:00,200,372.98,
2026-09-11T00:39:38.731120+00:00,200,73.25,
2026-09-11T00:39:38.363451+00:00,200,458.68,
2026-09-11T00:39:38.578966+00:00,200,251.15,
2026-09-11T00:39:38.479685+00:00,200,350.66,
2026-09-11T00:39:38.735422+00:00,200,99.13,
2026-09-11T00:39:38.200546+00:00,200,641.44,
2026-09-11T00:39:38.779930+00:00,200,64.97,
2026-09-11T00:39:38.687824+00:00,200,157.99,
2026-09-11T00:39:38.510566+00:00,200,336.79,
2026-09-11T00:39:38.282114+00:00,200,570.25,
2026-09-11T00:39:38.177107+00:00,200,682.79,
2026-09-11T00:39:38.701826+00:00,200,166.49,
2026-09-11T00:39:38.720472+00:00,200,149.60,
2026-09-11T00:39:38.395599+00:00,200,477.47,
2026-09-11T00:39:38.831027+00:00,200,48.37,
2026-09-11T00:39:38.648949+00:00,200,237.09,
2026-09-11T00:39:38.508562+00:00,200,379.66,
2026-09-11T00:39:38.841852+00:00,200,49.88,
2026-09-11T00:39:38.194672+00:00,200,698.79,
2026-09-11T00:39:38.834026+00:00,200,64.79,
2026-09-11T00:39:38.485579+00:00,200,426.03,
2026-09-11T00:39:38.759837+00:00,200,159.06,
2026-09-11T00:39:38.208573+00:00,200,720.68,
2026-09-11T00:39:38.782928+00:00,200,150.77,
2026-09-11T00:39:38.878087+00:00,200,56.05,
2026-09-11T00:39:38.881608+00:00,200,50.86,
2026-09-11T00:39:38.384030+00:00,200,560.69,
2026-09-11T00:39:38.847409+00:00,200,101.66,
2026-09-11T00:39:38.881608+00:00,200,63.99,
2026-09-11T00:39:38.895591+00:00,200,60.43,
2026-09-11T00:39:37.812441+00:00,200,1156.63,
2026-09-11T00:39:38.891064+00:00,200,83.84,
2026-09-11T00:39:38.146942+00:00,200,831.95,
2026-09-11T00:39:38.830028+00:00,200,150.15,
2026-09-11T00:39:38.697181+00:00,200,290.48,
2026-09-11T00:39:38.919215+00:00,200,71.85,
2026-09-11T00:39:38.736829+00:00,200,254.93,
2026-09-11T00:39:38.846401+00:00,200,148.22,
2026-09-11T00:39:38.705913+00:00,200,303.30,
2026-09-11T00:39:38.792832+00:00,200,219.99,
2026-09-11T00:39:38.792832+00:00,200,229.68,
2026-09-11T00:39:38.973355+00:00,200,51.95,
2026-09-11T00:39:38.863757+00:00,200,165.95,
2026-09-11T00:39:38.748517+00:00,200,286.22,
2026-09-11T00:39:38.652584+00:00,200,385.02,
2026-09-11T00:39:38.818038+00:00,200,225.68,
2026-09-11T00:39:38.654587+00:00,200,393.82,
2026-09-11T00:39:38.920211+00:00,200,130.05,
2026-09-11T00:39:38.749515+00:00,200,309.54,
2026-09-11T00:39:38.973355+00:00,200,89.57,
2026-09-11T00:39:38.943822+00:00,200,122.75,
2026-09-11T00:39:38.709944+00:00,200,369.12,
2026-09-11T00:39:38.545150+00:00,200,536.36,
2026-09-11T00:39:38.893071+00:00,200,192.83,
2026-09-11T00:39:39.013069+00:00,200,74.80,
2026-09-11T00:39:38.605171+00:00,200,492.49,
2026-09-11T00:39:38.943822+00:00,200,154.28,
2026-09-11T00:39:38.405969+00:00,200,695.76,
2026-09-11T00:39:38.952197+00:00,200,159.75,
2026-09-11T00:39:38.971773+00:00,200,149.52,
2026-09-11T00:39:39.027561+00:00,200,101.87,
2026-09-11T00:39:39.078615+00:00,200,52.57,
2026-09-11T00:39:38.968320+00:00,200,163.56,
2026-09-11T00:39:39.087467+00:00,200,51.69,
2026-09-11T00:39:39.056835+00:00,200,90.75,
2026-09-11T00:39:38.706590+00:00,200,446.36,
2026-09-11T00:39:39.029565+00:00,200,130.04,
2026-09-11T00:39:39.066410+00:00,200,95.11,
2026-09-11T00:39:38.859228+00:00,200,311.53,
2026-09-11T00:39:38.531649+00:00,200,644.01,
2026-09-11T00:39:38.936150+00:00,200,240.62,
2026-09-11T00:39:39.024332+00:00,200,163.61,
2026-09-11T00:39:39.008519+00:00,200,186.57,
2026-09-11T00:39:38.475907+00:00,200,721.92,
2026-09-11T00:39:38.770791+00:00,200,427.68,
2026-09-11T00:39:38.179774+00:00,200,1023.66,
2026-09-11T00:39:38.373805+00:00,200,841.24,
2026-09-11T00:39:39.031561+00:00,200,188.12,
2026-09-11T00:39:39.069321+00:00,200,151.88,
2026-09-11T00:39:39.146598+00:00,200,80.85,
2026-09-11T00:39:39.175891+00:00,200,57.76,
2026-09-11T00:39:39.187214+00:00,200,53.23,
2026-09-11T00:39:39.048686+00:00,200,193.30,
2026-09-11T00:39:39.101547+00:00,200,141.95,
2026-09-11T00:39:39.035788+00:00,200,210.84,
2026-09-11T00:39:38.864266+00:00,200,381.20,
2026-09-11T00:39:38.380491+00:00,200,882.27,
2026-09-11T00:39:38.989407+00:00,200,279.95,
2026-09-11T00:39:38.776793+00:00,200,497.43,
2026-09-11T00:39:38.982853+00:00,200,292.25,
2026-09-11T00:39:39.131989+00:00,200,155.59,
2026-09-11T00:39:39.242016+00:00,200,51.65,
2026-09-11T00:39:39.203171+00:00,200,91.94,
2026-09-11T00:39:38.989407+00:00,200,312.66,
2026-09-11T00:39:39.114892+00:00,200,188.80,
2026-09-11T00:39:38.517311+00:00,200,795.09,
2026-09-11T00:39:39.128962+00:00,200,184.59,
2026-09-11T00:39:39.233495+00:00,200,96.63,
2026-09-11T00:39:39.219746+00:00,200,112.72,
2026-09-11T00:39:39.276341+00:00,200,56.44,
2026-09-11T00:39:39.148141+00:00,200,189.30,
2026-09-11T00:39:39.294045+00:00,200,51.81,
2026-09-11T00:39:38.912345+00:00,200,436.46,
2026-09-11T00:39:39.151614+00:00,200,203.99,
2026-09-11T00:39:39.215067+00:00,200,143.46,
2026-09-11T00:39:39.080626+00:00,200,289.86,
2026-09-11T00:39:39.227209+00:00,200,151.98,
2026-09-11T00:39:39.336011+00:00,200,48.14,
2026-09-11T00:39:39.159516+00:00,200,227.47,
2026-09-11T00:39:38.801475+00:00,200,589.74,
2026-09-11T00:39:39.343230+00:00,200,53.77,
2026-09-11T00:39:39.254586+00:00,200,149.59,
2026-09-11T00:39:39.247018+00:00,200,164.15,
2026-09-11T00:39:39.096703+00:00,200,317.41,
2026-09-11T00:39:38.926568+00:00,200,492.67,
2026-09-11T00:39:39.082375+00:00,200,345.51,
2026-09-11T00:39:39.377053+00:00,200,54.54,
2026-09-11T00:39:39.377053+00:00,200,49.96,
2026-09-11T00:39:38.743758+00:00,200,699.26,
2026-09-11T00:39:39.099220+00:00,200,344.92,
2026-09-11T00:39:39.274837+00:00,200,175.17,
2026-09-11T00:39:39.287523+00:00,200,164.78,
2026-09-11T00:39:38.778932+00:00,200,681.58,
2026-09-11T00:39:38.464012+00:00,200,1009.85,
2026-09-11T00:39:39.314657+00:00,200,160.48,
2026-09-11T00:39:38.674432+00:00,200,803.32,
2026-09-11T00:39:39.139140+00:00,200,344.48,
2026-09-11T00:39:39.371404+00:00,200,117.20,
2026-09-11T00:39:39.434853+00:00,200,55.05,
2026-09-11T00:39:39.338524+00:00,200,152.81,
2026-09-11T00:39:39.377053+00:00,200,109.07,
2026-09-11T00:39:39.082375+00:00,200,417.02,
2026-09-11T00:39:38.957967+00:00,200,545.56,
2026-09-11T00:39:39.303123+00:00,200,208.77,
2026-09-11T00:39:39.425822+00:00,200,94.38,
2026-09-11T00:39:38.926568+00:00,200,603.74,
2026-09-11T00:39:38.554597+00:00,200,980.24,
2026-09-11T00:39:38.843461+00:00,200,690.99,
2026-09-11T00:39:39.481213+00:00,200,55.78,
2026-09-11T00:39:38.973355+00:00,200,566.35,
2026-09-11T00:39:38.926568+00:00,200,613.33,
2026-09-11T00:39:39.404519+00:00,200,146.76,
2026-09-11T00:39:39.162574+00:00,200,394.57,
2026-09-11T00:39:39.330552+00:00,200,232.51,
2026-09-11T00:39:39.511201+00:00,200,56.51,
2026-09-11T00:39:39.448727+00:00,200,123.12,
2026-09-11T00:39:39.262742+00:00,200,323.44,
2026-09-11T00:39:39.490394+00:00,200,99.97,
2026-09-11T00:39:39.528586+00:00,200,63.33,
2026-09-11T00:39:39.408024+00:00,200,189.98,
2026-09-11T00:39:39.496146+00:00,200,103.80,
2026-09-11T00:39:39.362807+00:00,200,242.03,
2026-09-11T00:39:39.473028+00:00,200,139.20,
2026-09-11T00:39:39.046677+00:00,200,572.34,
2026-09-11T00:39:39.473028+00:00,200,151.42,
2026-09-11T00:39:39.357562+00:00,200,270.69,
2026-09-11T00:39:39.132995+00:00,200,497.99,
2026-09-11T00:39:39.465393+00:00,200,175.10,
2026-09-11T00:39:39.034566+00:00,200,609.11,
2026-09-11T00:39:39.590230+00:00,200,62.42,
2026-09-11T00:39:39.539184+00:00,200,116.85,
2026-09-11T00:39:38.758961+00:00,200,904.07,
2026-09-11T00:39:39.544302+00:00,200,125.36,
2026-09-11T00:39:39.313659+00:00,200,363.44,
2026-09-11T00:39:39.623096+00:00,200,61.66,
2026-09-11T00:39:38.995041+00:00,200,699.54,
2026-09-11T00:39:39.241016+00:00,200,456.48,
2026-09-11T00:39:39.512948+00:00,200,178.58,
2026-09-11T00:39:39.171892+00:00,200,528.23,
2026-09-11T00:39:39.639475+00:00,200,60.46,
2026-09-11T00:39:39.294860+00:00,200,418.31,
2026-09-11T00:39:39.332553+00:00,200,386.60,
2026-09-11T00:39:39.050436+00:00,200,669.77,
2026-09-11T00:39:39.409999+00:00,200,308.87,
2026-09-11T00:39:39.435860+00:00,200,290.47,
2026-09-11T00:39:39.427588+00:00,200,307.07,
2026-09-11T00:39:39.195117+00:00,200,540.59,
2026-09-11T00:39:39.544302+00:00,200,198.40,
2026-09-11T00:39:38.804921+00:00,200,943.50,
2026-09-11T00:39:39.699217+00:00,200,53.94,
2026-09-11T00:39:39.198116+00:00,200,567.10,
2026-09-11T00:39:39.652816+00:00,200,113.48,
2026-09-11T00:39:39.534975+00:00,200,237.48,
2026-09-11T00:39:39.264089+00:00,200,515.11,
2026-09-11T00:39:39.609016+00:00,200,174.39,
2026-09-11T00:39:39.597775+00:00,200,195.75,
2026-09-11T00:39:39.684980+00:00,200,116.08,
2026-09-11T00:39:39.109864+00:00,200,693.91,
2026-09-11T00:39:39.700730+00:00,200,107.12,
2026-09-11T00:39:39.243017+00:00,200,570.25,
2026-09-11T00:39:39.199117+00:00,200,622.20,
2026-09-11T00:39:39.443526+00:00,200,383.71,
2026-09-11T00:39:39.620339+00:00,200,213.67,
2026-09-11T00:39:38.864266+00:00,200,967.48,
2026-09-11T00:39:39.787133+00:00,200,50.27,
2026-09-11T00:39:39.793177+00:00,200,54.45,
2026-09-11T00:39:39.605237+00:00,200,250.92,
2026-09-11T00:39:39.644239+00:00,200,217.81,
2026-09-11T00:39:39.804839+00:00,200,54.60,
2026-09-11T00:39:38.851456+00:00,200,1013.89,
2026-09-11T00:39:39.207299+00:00,200,670.06,
2026-09-11T00:39:39.473028+00:00,200,400.73,
2026-09-11T00:39:39.312657+00:00,200,566.95,
2026-09-11T00:39:39.662911+00:00,200,229.23,
2026-09-11T00:39:39.549902+00:00,200,343.27,
2026-09-11T00:39:39.177312+00:00,200,724.06,
2026-09-11T00:39:39.676837+00:00,200,225.79,
2026-09-11T00:39:39.856186+00:00,200,53.81,
2026-09-11T00:39:39.535552+00:00,200,379.59,
2026-09-11T00:39:39.857772+00:00,200,54.75,
2026-09-11T00:39:39.497776+00:00,200,416.36,
2026-09-11T00:39:39.585029+00:00,200,336.98,
2026-09-11T00:39:39.813103+00:00,200,111.10,
2026-09-11T00:39:39.627279+00:00,200,308.88,
2026-09-11T00:39:37.838602+00:00,200,2095.00,
2026-09-11T00:39:39.358570+00:00,200,585.14,
2026-09-11T00:39:39.719070+00:00,200,235.74,
2026-09-11T00:39:39.414888+00:00,200,540.94,
2026-09-11T00:39:39.696557+00:00,200,260.37,
2026-09-11T00:39:39.559760+00:00,200,397.38,
2026-09-11T00:39:39.512948+00:00,200,463.56,
2026-09-11T00:39:39.569290+00:00,200,409.07,
2026-09-11T00:39:39.391503+00:00,200,589.95,
2026-09-11T00:39:39.937069+00:00,200,49.24,
2026-09-11T00:39:39.433294+00:00,200,564.75,
2026-09-11T00:39:39.721534+00:00,200,278.98,
2026-09-11T00:39:39.557750+00:00,200,449.02,
2026-09-11T00:39:39.804839+00:00,200,206.45,
2026-09-11T00:39:39.746571+00:00,200,273.60,
2026-09-11T00:39:39.310045+00:00,200,716.70,
2026-09-11T00:39:39.719070+00:00,200,308.49,
2026-09-11T00:39:39.734660+00:00,200,300.77,
2026-09-11T00:39:39.911829+00:00,200,124.49,
2026-09-11T00:39:39.458915+00:00,200,582.65,
2026-09-11T00:39:39.920590+00:00,200,126.13,
2026-09-11T00:39:39.991018+00:00,200,52.28,
2026-09-11T00:39:39.873265+00:00,200,174.36,
2026-09-11T00:39:39.676837+00:00,200,390.14,
2026-09-11T00:39:40.007371+00:00,200,63.19,
2026-09-11T00:39:39.818935+00:00,200,258.45,
2026-09-11T00:39:39.699217+00:00,200,381.14,
2026-09-11T00:39:39.744022+00:00,200,343.61,
2026-09-11T00:39:39.857772+00:00,200,227.51,
2026-09-11T00:39:39.873265+00:00,200,220.10,
2026-09-11T00:39:39.802332+00:00,200,299.08,
2026-09-11T00:39:40.049338+00:00,200,54.83,
2026-09-11T00:39:40.049338+00:00,200,58.13,
2026-09-11T00:39:39.953745+00:00,200,159.33,
2026-09-11T00:39:39.765823+00:00,200,352.37,
2026-09-11T00:39:40.064664+00:00,200,53.40,
2026-09-11T00:39:39.907964+00:00,200,212.90,
2026-09-11T00:39:39.973942+00:00,200,144.16,
2026-09-11T00:39:39.597775+00:00,200,532.54,
2026-09-11T00:39:39.873265+00:00,200,260.55,
2026-09-11T00:39:39.897185+00:00,200,240.26,
2026-09-11T00:39:40.088711+00:00,200,56.70,
2026-09-11T00:39:40.096711+00:00,200,55.61,
2026-09-11T00:39:39.873265+00:00,200,277.79,
2026-09-11T00:39:40.027002+00:00,200,136.29,
2026-09-11T00:39:40.111777+00:00,200,54.68,
2026-09-11T00:39:39.832294+00:00,200,341.25,
2026-09-11T00:39:39.890977+00:00,200,289.53,
2026-09-11T00:39:39.937069+00:00,200,262.41,
2026-09-11T00:39:39.734660+00:00,200,465.64,
2026-09-11T00:39:39.778826+00:00,200,425.21,
2026-09-11T00:39:40.008897+00:00,200,201.27,
2026-09-11T00:39:40.053353+00:00,200,160.24,
2026-09-11T00:39:39.505400+00:00,200,715.36,
2026-09-11T00:39:40.158746+00:00,200,57.08,
2026-09-11T00:39:40.115363+00:00,200,107.26,
2026-09-11T00:39:39.957141+00:00,200,268.17,
2026-09-11T00:39:40.097728+00:00,200,130.03,
2026-09-11T00:39:39.571313+00:00,200,667.16,
2026-09-11T00:39:39.450236+00:00,200,796.08,
2026-09-11T00:39:40.014993+00:00,200,232.63,
2026-09-11T00:39:39.890977+00:00,200,359.46,
2026-09-11T00:39:39.672821+00:00,200,590.97,
2026-09-11T00:39:40.036103+00:00,200,226.55,
2026-09-11T00:39:39.219746+00:00,200,1049.03,
2026-09-11T00:39:40.222763+00:00,200,52.68,
2026-09-11T00:39:39.825169+00:00,200,454.98,
2026-09-11T00:39:39.957141+00:00,200,332.22,
2026-09-11T00:39:39.911829+00:00,200,374.46,
2026-09-11T00:39:40.097728+00:00,200,191.63,
2026-09-11T00:39:40.020826+00:00,200,276.51,
2026-09-11T00:39:39.734660+00:00,200,571.48,
2026-09-11T00:39:39.836431+00:00,200,468.66,
2026-09-11T00:39:40.247350+00:00,200,60.20,
2026-09-11T00:39:40.247350+00:00,200,66.04,
2026-09-11T00:39:40.263028+00:00,200,54.26,
2026-09-11T00:39:40.263028+00:00,200,57.17,
2026-09-11T00:39:40.080443+00:00,200,239.82,
2026-09-11T00:39:39.845570+00:00,200,482.87,
2026-09-11T00:39:40.204680+00:00,200,123.34,
2026-09-11T00:39:40.158746+00:00,200,177.45,
2026-09-11T00:39:38.587517+00:00,200,1763.67,
2026-09-11T00:39:40.232315+00:00,200,127.62,
2026-09-11T00:39:40.115363+00:00,200,244.93,
2026-09-11T00:39:40.298209+00:00,200,60.42,
2026-09-11T00:39:39.920590+00:00,200,447.79,
2026-09-11T00:39:39.919578+00:00,200,456.68,
2026-09-11T00:39:40.149731+00:00,200,226.01,
2026-09-11T00:39:40.138322+00:00,200,246.45,
2026-09-11T00:39:40.273824+00:00,200,114.27,
2026-09-11T00:39:40.331252+00:00,200,53.59,
2026-09-11T00:39:40.183603+00:00,200,221.11,
2026-09-11T00:39:39.769845+00:00,200,635.87,
2026-09-11T00:39:40.298209+00:00,200,116.98,
2026-09-11T00:39:40.298209+00:00,200,116.85,
2026-09-11T00:39:40.294377+00:00,200,131.26,
2026-09-11T00:39:39.970406+00:00,200,467.76,
2026-09-11T00:39:40.078432+00:00,200,363.11,
2026-09-11T00:39:39.984156+00:00,200,460.77,
2026-09-11T00:39:40.272307+00:00,200,181.38,
2026-09-11T00:39:39.953745+00:00,200,499.63,
2026-09-11T00:39:40.238665+00:00,200,219.00,
2026-09-11T00:39:40.328173+00:00,200,131.98,
2026-09-11T00:39:40.331252+00:00,200,142.52,
2026-09-11T00:39:40.172546+00:00,200,301.15,
2026-09-11T00:39:40.376859+00:00,200,99.08,
2026-09-11T00:39:40.283760+00:00,200,201.18,
2026-09-11T00:39:39.897185+00:00,200,592.65,
2026-09-11T00:39:40.041663+00:00,200,456.80,
2026-09-11T00:39:39.346875+00:00,200,1153.53,
2026-09-11T00:39:40.443929+00:00,200,48.76,
2026-09-11T00:39:40.370808+00:00,200,143.79,
2026-09-11T00:39:40.247350+00:00,200,267.45,
2026-09-11T00:39:40.219251+00:00,200,301.62,
2026-09-11T00:39:40.022835+00:00,200,503.20,
2026-09-11T00:39:40.298209+00:00,200,242.09,
2026-09-11T00:39:39.836431+00:00,200,710.48,
2026-09-11T00:39:40.432861+00:00,200,110.48,
2026-09-11T00:39:39.973942+00:00,200,586.29,
2026-09-11T00:39:40.391377+00:00,200,174.27,
2026-09-11T00:39:40.036103+00:00,200,533.10,
2026-09-11T00:39:40.455307+00:00,200,120.93,
2026-09-11T00:39:40.455307+00:00,200,121.07,
2026-09-11T00:39:40.412868+00:00,200,166.11,
2026-09-11T00:39:40.473784+00:00,200,122.33,
2026-09-11T00:39:40.224704+00:00,200,377.46,
2026-09-11T00:39:39.732650+00:00,200,879.69,
2026-09-11T00:39:39.712876+00:00,200,900.99,
2026-09-11T00:39:40.064664+00:00,200,549.13,
2026-09-11T00:39:40.192829+00:00,200,430.17,
2026-09-11T00:39:39.828095+00:00,200,806.72,
2026-09-11T00:39:40.353688+00:00,200,276.19,
2026-09-11T00:39:39.763814+00:00,200,873.69,
2026-09-11T00:39:40.409851+00:00,200,241.68,
2026-09-11T00:39:40.491296+00:00,200,161.24,
2026-09-11T00:39:40.156231+00:00,200,500.19,
2026-09-11T00:39:40.591371+00:00,200,63.37,
2026-09-11T00:39:40.347298+00:00,200,311.71,
2026-09-11T00:39:39.657138+00:00,200,1010.04,
2026-09-11T00:39:40.518701+00:00,200,156.27,
2026-09-11T00:39:39.399634+00:00,200,1282.82,
2026-09-11T00:39:38.800554+00:00,200,1883.28,
2026-09-11T00:39:40.108053+00:00,200,587.21,
2026-09-11T00:39:40.315127+00:00,200,374.34,
2026-09-11T00:39:40.633295+00:00,200,65.69,
2026-09-11T00:39:40.503578+00:00,200,204.04,
2026-09-11T00:39:40.645419+00:00,200,56.23,
2026-09-11T00:39:40.376859+00:00,200,327.77,
2026-09-11T00:39:39.271756+00:00,200,1452.51,
2026-09-11T00:39:40.360456+00:00,200,370.78,
2026-09-11T00:39:39.925606+00:00,200,817.87,
2026-09-11T00:39:40.204680+00:00,200,534.27,
2026-09-11T00:39:40.291356+00:00,200,465.90,
2026-09-11T00:39:40.480359+00:00,200,274.49,
2026-09-11T00:39:40.423686+00:00,200,340.13,
2026-09-11T00:39:40.546561+00:00,200,219.84,
2026-09-11T00:39:40.518701+00:00,200,248.02,
2026-09-11T00:39:40.707594+00:00,200,72.06,
2026-09-11T00:39:40.443929+00:00,200,340.43,
2026-09-11T00:39:40.614251+00:00,200,174.97,
2026-09-11T00:39:40.298209+00:00,200,491.69,
2026-09-11T00:39:40.064664+00:00,200,734.77,
2026-09-11T00:39:40.498342+00:00,200,307.34,
2026-09-11T00:39:40.535462+00:00,200,267.65,
2026-09-11T00:39:40.115363+00:00,200,692.05,
2026-09-11T00:39:40.755781+00:00,200,55.88,
2026-09-11T00:39:40.757805+00:00,200,59.48,
2026-09-11T00:39:40.757805+00:00,200,59.61,
2026-09-11T00:39:39.866247+00:00,200,961.58,
2026-09-11T00:39:40.550078+00:00,200,269.31,
2026-09-11T00:39:40.370808+00:00,200,467.37,
2026-09-11T00:39:40.787301+00:00,200,60.59,
2026-09-11T00:39:40.614251+00:00,200,241.46,
2026-09-11T00:39:40.740403+00:00,200,118.98,
2026-09-11T00:39:40.682367+00:00,200,185.49,
2026-09-11T00:39:40.518701+00:00,200,350.21,
2026-09-11T00:39:40.200458+00:00,200,671.73,
2026-09-11T00:39:40.228560+00:00,200,646.83,
2026-09-11T00:39:39.629288+00:00,200,1247.72,
2026-09-11T00:39:40.401717+00:00,200,485.25,
2026-09-11T00:39:40.129450+00:00,200,762.62,
2026-09-11T00:39:40.744351+00:00,200,154.68,
2026-09-11T00:39:40.848115+00:00,200,60.48,
2026-09-11T00:39:40.204680+00:00,200,710.97,
2026-09-11T00:39:40.566003+00:00,200,347.37,
2026-09-11T00:39:40.787301+00:00,200,133.63,
2026-09-11T00:39:40.852628+00:00,200,69.57,
2026-09-11T00:39:40.662304+00:00,200,250.05,
2026-09-11T00:39:39.973942+00:00,200,955.63,
2026-09-11T00:39:40.693451+00:00,200,247.52,
2026-09-11T00:39:40.662304+00:00,200,294.99,
2026-09-11T00:39:40.501988+00:00,200,456.91,
2026-09-11T00:39:40.200458+00:00,200,758.43,
2026-09-11T00:39:40.682367+00:00,200,293.14,
2026-09-11T00:39:40.916348+00:00,200,60.97,
2026-09-11T00:39:40.360456+00:00,200,621.98,
2026-09-11T00:39:40.580350+00:00,200,410.02,
2026-09-11T00:39:40.080443+00:00,200,913.07,
2026-09-11T00:39:40.638708+00:00,200,358.22,
2026-09-11T00:39:40.829889+00:00,200,164.97,
2026-09-11T00:39:40.933893+00:00,200,63.67,
2026-09-11T00:39:40.315127+00:00,200,682.97,
2026-09-11T00:39:40.606812+00:00,200,406.06,
2026-09-11T00:39:40.955122+00:00,200,66.90,
2026-09-11T00:39:40.624673+00:00,200,401.80,
2026-09-11T00:39:40.645419+00:00,200,379.54,
2026-09-11T00:39:40.686387+00:00,200,350.79,
2026-09-11T00:39:40.977127+00:00,200,67.46,
2026-09-11T00:39:40.129450+00:00,200,916.97,
2026-09-11T00:39:38.864266+00:00,200,2183.90,
2026-09-11T00:39:40.916348+00:00,200,138.06,
2026-09-11T00:39:40.645419+00:00,200,409.07,
2026-09-11T00:39:39.752095+00:00,200,1315.64,
2026-09-11T00:39:40.513922+00:00,200,556.59,
2026-09-11T00:39:39.937069+00:00,200,1130.39,
2026-09-11T00:39:40.804882+00:00,200,273.95,
2026-09-11T00:39:41.023356+00:00,200,59.54,
2026-09-11T00:39:40.376351+00:00,200,714.01,
2026-09-11T00:39:40.720818+00:00,200,367.72,
2026-09-11T00:39:39.591109+00:00,200,1496.73,
2026-09-11T00:39:40.798521+00:00,200,315.36,
2026-09-11T00:39:40.872032+00:00,200,244.33,
2026-09-11T00:39:40.442421+00:00,200,675.88,
2026-09-11T00:39:40.872032+00:00,200,246.38,
2026-09-11T00:39:40.376859+00:00,200,742.76,
2026-09-11T00:39:40.884777+00:00,200,244.07,
2026-09-11T00:39:40.872032+00:00,200,265.42,
2026-09-11T00:39:41.091671+00:00,200,54.51,
2026-09-11T00:39:40.346396+00:00,200,808.69,
2026-09-11T00:39:40.804882+00:00,200,349.21,
2026-09-11T00:39:41.026374+00:00,200,133.81,
2026-09-11T00:39:40.999889+00:00,200,174.87,
2026-09-11T00:39:40.602785+00:00,200,573.53,
2026-09-11T00:39:40.810497+00:00,200,368.01,
2026-09-11T00:39:41.035655+00:00,200,147.20,
2026-09-11T00:39:39.690341+00:00,200,1502.34,
2026-09-11T00:39:40.981847+00:00,200,211.26,
2026-09-11T00:39:39.490394+00:00,200,1710.29,
2026-09-11T00:39:40.491296+00:00,200,716.84,
2026-09-11T00:39:40.247350+00:00,200,968.39,
2026-09-11T00:39:40.955122+00:00,200,257.31,
2026-09-11T00:39:40.914635+00:00,200,308.23,
2026-09-11T00:39:41.073851+00:00,200,166.30,
2026-09-11T00:39:40.827880+00:00,200,416.65,
2026-09-11T00:39:40.757805+00:00,200,484.22,
2026-09-11T00:39:40.475311+00:00,200,778.45,
2026-09-11T00:39:40.900663+00:00,200,359.35,
2026-09-11T00:39:40.901263+00:00,200,370.17,
2026-09-11T00:39:40.708594+00:00,200,565.66,
2026-09-11T00:39:41.042016+00:00,200,233.05,
2026-09-11T00:39:40.901263+00:00,200,378.75,
2026-09-11T00:39:39.569290+00:00,200,1722.99,
2026-09-11T00:39:41.154840+00:00,200,144.13,
2026-09-11T00:39:40.808489+00:00,200,503.34,
2026-09-11T00:39:41.118253+00:00,200,193.98,
2026-09-11T00:39:41.139586+00:00,200,180.07,
2026-09-11T00:39:40.991802+00:00,200,353.77,
2026-09-11T00:39:40.943607+00:00,200,406.74,
2026-09-11T00:39:41.113050+00:00,200,240.63,
2026-09-11T00:39:39.999322+00:00,200,1354.91,
2026-09-11T00:39:41.035655+00:00,200,319.98,
2026-09-11T00:39:40.953561+00:00,200,410.06,
2026-09-11T00:39:40.996351+00:00,200,380.86,
2026-09-11T00:39:41.019312+00:00,200,363.79,
2026-09-11T00:39:39.481213+00:00,200,1903.32,
2026-09-11T00:39:40.548570+00:00,200,849.78,
2026-09-11T00:39:41.062280+00:00,200,339.52,
2026-09-11T00:39:40.856770+00:00,200,545.35,
2026-09-11T00:39:41.129891+00:00,200,286.76,
2026-09-11T00:39:41.346659+00:00,200,74.77,
2026-09-11T00:39:41.291829+00:00,200,135.56,
2026-09-11T00:39:41.118253+00:00,200,327.87,
2026-09-11T00:39:40.455307+00:00,200,995.06,
2026-09-11T00:39:41.378159+00:00,200,80.70,
2026-09-11T00:39:39.618833+00:00,200,1843.76,
2026-09-11T00:39:41.173578+00:00,200,314.06,
2026-09-11T00:39:40.633295+00:00,200,865.19,
2026-09-11T00:39:41.191844+00:00,200,311.84,
2026-09-11T00:39:40.757805+00:00,200,744.81,
2026-09-11T00:39:40.924892+00:00,200,588.29,
2026-09-11T00:39:41.154840+00:00,200,360.92,
2026-09-11T00:39:41.052540+00:00,200,465.86,
2026-09-11T00:39:41.244055+00:00,200,277.85,
2026-09-11T00:39:41.224150+00:00,200,300.56,
2026-09-11T00:39:41.420910+00:00,200,106.14,
2026-09-11T00:39:41.391754+00:00,200,144.74,
2026-09-11T00:39:41.240703+00:00,200,316.27,
2026-09-11T00:39:40.584510+00:00,200,973.66,
2026-09-11T00:39:41.327242+00:00,200,241.34,
2026-09-11T00:39:41.354545+00:00,200,217.79,
2026-09-11T00:39:41.403691+00:00,200,173.70,
2026-09-11T00:39:41.116569+00:00,200,466.57,
2026-09-11T00:39:41.003075+00:00,200,581.79,
2026-09-11T00:39:41.351539+00:00,200,245.90,
2026-09-11T00:39:40.773693+00:00,200,821.37,
2026-09-11T00:39:40.427709+00:00,200,1177.27,
2026-09-11T00:39:41.405522+00:00,200,201.03,
2026-09-11T00:39:41.424227+00:00,200,195.74,
2026-09-11T00:39:40.733843+00:00,200,887.44,
2026-09-11T00:39:41.568191+00:00,200,68.30,
2026-09-11T00:39:41.511209+00:00,200,131.58,
2026-09-11T00:39:41.358549+00:00,200,289.31,
2026-09-11T00:39:41.444522+00:00,200,213.96,
2026-09-11T00:39:41.382481+00:00,200,283.82,
2026-09-11T00:39:41.042016+00:00,200,622.97,
2026-09-11T00:39:41.139586+00:00,200,534.09,
2026-09-11T00:39:41.313842+00:00,200,376.63,
2026-09-11T00:39:41.516121+00:00,200,180.49,
2026-09-11T00:39:41.364551+00:00,200,337.46,
2026-09-11T00:39:41.598005+00:00,200,106.08,
2026-09-11T00:39:41.520064+00:00,200,186.71,
2026-09-11T00:39:41.202212+00:00,200,509.00,
2026-09-11T00:39:41.157076+00:00,200,560.82,
2026-09-11T00:39:41.572304+00:00,200,154.82,
2026-09-11T00:39:41.614124+00:00,200,114.08,
2026-09-11T00:39:41.552026+00:00,200,177.84,
2026-09-11T00:39:41.091671+00:00,200,645.09,
2026-09-11T00:39:41.286702+00:00,200,453.55,
2026-09-11T00:39:41.272188+00:00,200,476.76,
2026-09-11T00:39:41.577445+00:00,200,180.31,
2026-09-11T00:39:41.250426+00:00,200,515.47,
2026-09-11T00:39:41.199786+00:00,200,566.51,
2026-09-11T00:39:41.082848+00:00,200,686.47,
2026-09-11T00:39:41.583448+00:00,200,194.27,
2026-09-11T00:39:40.580350+00:00,200,1199.54,
2026-09-11T00:39:41.069326+00:00,200,718.76,
2026-09-11T00:39:40.981847+00:00,200,804.55,
2026-09-11T00:39:41.676808+00:00,200,120.03,
2026-09-11T00:39:41.300342+00:00,200,506.46,
2026-09-11T00:39:41.660505+00:00,200,142.97,
2026-09-11T00:39:41.745629+00:00,200,65.41,
2026-09-11T00:39:41.171046+00:00,200,645.28,
2026-09-11T00:39:41.511209+00:00,200,326.35,
2026-09-11T00:39:40.955122+00:00,200,882.66,
2026-09-11T00:39:41.791147+00:00,200,59.78,
2026-09-11T00:39:40.716799+00:00,200,1142.53,
2026-09-11T00:39:41.207801+00:00,200,653.26,
2026-09-11T00:39:41.259770+00:00,200,603.63,
2026-09-11T00:39:41.801902+00:00,200,57.90,
2026-09-11T00:39:40.863019+00:00,200,1002.67,
2026-09-11T00:39:41.561876+00:00,200,318.50,
2026-09-11T00:39:41.218674+00:00,200,664.60,
2026-09-11T00:39:41.718704+00:00,200,162.32,
2026-09-11T00:39:40.791555+00:00,200,1101.01,
2026-09-11T00:39:41.838711+00:00,200,61.88,
2026-09-11T00:39:41.282572+00:00,200,621.29,
2026-09-11T00:39:41.850992+00:00,200,74.10,
2026-09-11T00:39:41.643850+00:00,200,287.53,
2026-09-11T00:39:41.311658+00:00,200,627.05,
2026-09-11T00:39:41.503171+00:00,200,442.03,
2026-09-11T00:39:41.643850+00:00,200,313.40,
2026-09-11T00:39:41.685257+00:00,200,271.02,
2026-09-11T00:39:41.520064+00:00,200,437.58,
2026-09-11T00:39:41.118253+00:00,200,845.58,
2026-09-11T00:39:41.900562+00:00,200,72.36,
2026-09-11T00:39:41.601004+00:00,200,386.36,
2026-09-11T00:39:41.606006+00:00,200,383.30,
2026-09-11T00:39:41.727141+00:00,200,263.46,
2026-09-11T00:39:41.519243+00:00,200,475.12,
2026-09-11T00:39:40.893087+00:00,200,1101.69,
2026-09-11T00:39:41.892360+00:00,200,127.00,
2026-09-11T00:39:41.960368+00:00,200,66.36,
2026-09-11T00:39:40.999889+00:00,200,1033.54,
2026-09-11T00:39:41.173578+00:00,200,860.91,
2026-09-11T00:39:40.473784+00:00,200,1580.86,
2026-09-11T00:39:41.527097+00:00,200,531.21,
2026-09-11T00:39:41.987170+00:00,200,79.56,
2026-09-11T00:39:41.880143+00:00,200,195.61,
2026-09-11T00:39:40.281196+00:00,200,1794.80,
2026-09-11T00:39:41.764636+00:00,200,314.14,
2026-09-11T00:39:40.820896+00:00,200,1266.12,
2026-09-11T00:39:41.853046+00:00,200,240.45,
2026-09-11T00:39:40.810497+00:00,200,1296.64,
2026-09-11T00:39:41.799900+00:00,200,309.65,
2026-09-11T00:39:40.115363+00:00,200,1988.79,
2026-09-11T00:39:40.529412+00:00,200,1608.68,
2026-09-11T00:39:41.069326+00:00,200,1069.81,
2026-09-11T00:39:42.066788+00:00,200,75.60,
2026-09-11T00:39:41.062280+00:00,200,1081.89,
2026-09-11T00:39:41.882763+00:00,200,269.71,
2026-09-11T00:39:41.501646+00:00,200,660.09,
2026-09-11T00:39:42.051674+00:00,200,113.11,
2026-09-11T00:39:40.741920+00:00,200,1437.18,
2026-09-11T00:39:42.110417+00:00,200,69.99,
2026-09-11T00:39:41.216117+00:00,200,973.49,
2026-09-11T00:39:41.764636+00:00,200,424.95,
2026-09-11T00:39:41.075856+00:00,200,1113.84,
2026-09-11T00:39:40.550078+00:00,200,1634.62,
2026-09-11T00:39:41.173578+00:00,200,1032.09,
2026-09-11T00:39:41.173578+00:00,200,1027.32,
2026-09-11T00:39:41.738746+00:00,200,471.67,
2026-09-11T00:39:41.972766+00:00,200,241.92,
2026-09-11T00:39:41.121623+00:00,200,1105.12,
2026-09-11T00:39:40.315127+00:00,200,1938.53,
2026-09-11T00:39:41.422559+00:00,200,834.71,
2026-09-11T00:39:42.164968+00:00,200,98.98,
2026-09-11T00:39:41.864808+00:00,200,408.89,
2026-09-11T00:39:42.205712+00:00,200,77.89,
2026-09-11T00:39:41.556647+00:00,200,731.59,
2026-09-11T00:39:41.860101+00:00,200,429.79,
2026-09-11T00:39:42.103375+00:00,200,188.16,
2026-09-11T00:39:42.209480+00:00,200,88.76,
2026-09-11T00:39:40.996351+00:00,200,1315.33,
2026-09-11T00:39:42.255625+00:00,200,69.53,
2026-09-11T00:39:40.622663+00:00,200,1705.31,
2026-09-11T00:39:40.645419+00:00,200,1672.44,
2026-09-11T00:39:42.257628+00:00,200,81.17,
2026-09-11T00:39:40.407842+00:00,200,1936.50,
2026-09-11T00:39:41.801902+00:00,200,538.15,
2026-09-11T00:39:42.039517+00:00,200,315.47,
2026-09-11T00:39:41.460866+00:00,200,894.84,
2026-09-11T00:39:42.284091+00:00,200,74.19,
2026-09-11T00:39:41.990173+00:00,200,373.76,
2026-09-11T00:39:40.977127+00:00,200,1401.44,
2026-09-11T00:39:41.865811+00:00,200,529.33,
2026-09-11T00:39:42.071954+00:00,200,320.56,
2026-09-11T00:39:41.057869+00:00,200,1345.25,
2026-09-11T00:39:40.584510+00:00,200,1824.57,
2026-09-11T00:39:42.057631+00:00,200,353.21,
2026-09-11T00:39:40.817759+00:00,200,1595.27,
2026-09-11T00:39:40.662304+00:00,200,1754.82,
2026-09-11T00:39:41.426501+00:00,200,996.69,
2026-09-11T00:39:42.359012+00:00,200,70.30,
2026-09-11T00:39:41.904042+00:00,200,547.55,
2026-09-11T00:39:41.670412+00:00,200,783.02,
2026-09-11T00:39:42.180886+00:00,200,272.56,
2026-09-11T00:39:42.164968+00:00,200,287.29,
2026-09-11T00:39:42.393788+00:00,200,66.46,
2026-09-11T00:39:42.393788+00:00,200,70.66,
2026-09-11T00:39:41.768752+00:00,200,698.25,
2026-09-11T00:39:41.870656+00:00,200,617.27,
2026-09-11T00:39:41.605005+00:00,200,887.36,
2026-09-11T00:39:41.727141+00:00,200,766.69,
2026-09-11T00:39:42.302953+00:00,200,207.09,
2026-09-11T00:39:42.355160+00:00,200,158.59,
2026-09-11T00:39:41.841300+00:00,200,676.19,
2026-09-11T00:39:42.327138+00:00,200,190.08,
2026-09-11T00:39:42.019326+00:00,200,513.45,
2026-09-11T00:39:41.584974+00:00,200,949.39,
2026-09-11T00:39:41.815667+00:00,200,724.74,
2026-09-11T00:39:42.468539+00:00,200,74.72,
2026-09-11T00:39:41.255323+00:00,200,1301.87,
2026-09-11T00:39:41.777792+00:00,200,778.64,
2026-09-11T00:39:42.485164+00:00,200,74.68,
2026-09-11T00:39:40.142339+00:00,200,2422.85,
2026-09-11T00:39:41.444522+00:00,200,1122.56,
2026-09-11T00:39:41.992192+00:00,200,585.27,
2026-09-11T00:39:42.343782+00:00,200,239.87,
2026-09-11T00:39:42.377623+00:00,200,223.66,
2026-09-11T00:39:42.228509+00:00,200,387.05,
2026-09-11T00:39:41.359551+00:00,200,1257.79,
2026-09-11T00:39:39.781029+00:00,200,2838.19,
2026-09-11T00:39:42.103375+00:00,200,517.55,
2026-09-11T00:39:42.077441+00:00,200,553.20,
2026-09-11T00:39:40.693451+00:00,200,1941.02,
2026-09-11T00:39:41.996935+00:00,200,643.84,
2026-09-11T00:39:41.274302+00:00,200,1376.54,
2026-09-11T00:39:42.431500+00:00,200,221.62,
2026-09-11T00:39:42.294230+00:00,200,364.89,
2026-09-11T00:39:42.299773+00:00,200,369.20,
2026-09-11T00:39:42.449933+00:00,200,220.37,
2026-09-11T00:39:41.977289+00:00,200,699.67,
2026-09-11T00:39:41.963920+00:00,200,717.55,
2026-09-11T00:39:41.223443+00:00,200,1468.53,
2026-09-11T00:39:42.310478+00:00,200,386.29,
2026-09-11T00:39:42.530574+00:00,200,177.21,
2026-09-11T00:39:42.639044+00:00,200,73.03,
2026-09-11T00:39:42.404193+00:00,200,325.83,
2026-09-11T00:39:42.035949+00:00,200,696.89,
2026-09-11T00:39:42.453955+00:00,200,280.16,
2026-09-11T00:39:42.661278+00:00,200,78.90,
2026-09-11T00:39:42.568795+00:00,200,176.93,
2026-09-11T00:39:42.561508+00:00,200,194.64,
2026-09-11T00:39:42.288852+00:00,200,475.09,
2026-09-11T00:39:41.918735+00:00,200,847.50,
2026-09-11T00:39:42.150063+00:00,200,618.48,
2026-09-11T00:39:42.691685+00:00,200,79.36,
2026-09-11T00:39:42.137414+00:00,200,640.22,
2026-09-11T00:39:42.710179+00:00,200,79.75,
2026-09-11T00:39:42.192274+00:00,200,604.20,
2026-09-11T00:39:42.418506+00:00,200,378.59,
2026-09-11T00:39:42.727106+00:00,200,71.75,
2026-09-11T00:39:42.410446+00:00,200,393.73,
2026-09-11T00:39:41.924369+00:00,200,894.12,
2026-09-11T00:39:41.945481+00:00,200,887.96,
2026-09-11T00:39:42.081179+00:00,200,753.67,
2026-09-11T00:39:42.551841+00:00,200,297.12,
2026-09-11T00:39:41.812820+00:00,200,1041.08,
2026-09-11T00:39:41.536432+00:00,200,1320.19,
2026-09-11T00:39:42.291249+00:00,200,566.75,
2026-09-11T00:39:42.610979+00:00,200,249.87,
2026-09-11T00:39:40.698537+00:00,200,2166.95,
2026-09-11T00:39:42.152669+00:00,200,718.35,
2026-09-11T00:39:41.958355+00:00,200,913.44,
2026-09-11T00:39:41.089662+00:00,200,1796.55,
2026-09-11T00:39:42.578113+00:00,200,318.82,
2026-09-11T00:39:42.669275+00:00,200,226.95,
2026-09-11T00:39:42.743920+00:00,200,149.67,
2026-09-11T00:39:42.833639+00:00,200,70.51,
2026-09-11T00:39:41.702632+00:00,200,1203.89,
2026-09-11T00:39:42.835064+00:00,200,75.46,
2026-09-11T00:39:41.935451+00:00,200,986.40,
2026-09-11T00:39:42.843526+00:00,200,72.73,
2026-09-11T00:39:41.795901+00:00,200,1138.02,
2026-09-11T00:39:42.743920+00:00,200,190.29,
2026-09-11T00:39:40.142339+00:00,200,2808.45,
2026-09-11T00:39:42.627194+00:00,200,331.23,
2026-09-11T00:39:42.602089+00:00,200,360.70,
2026-09-11T00:39:42.585442+00:00,200,389.22,
2026-09-11T00:39:41.743220+00:00,200,1236.28,
2026-09-11T00:39:41.398141+00:00,200,1582.20,
2026-09-11T00:39:42.694737+00:00,200,282.47,
2026-09-11T00:39:41.355546+00:00,200,1627.67,
2026-09-11T00:39:42.093754+00:00,200,884.16,
2026-09-11T00:39:42.259134+00:00,200,728.16,
2026-09-11T00:39:42.918834+00:00,200,68.92,
2026-09-11T00:39:42.852121+00:00,200,153.94,
2026-09-11T00:39:42.627194+00:00,200,386.37,
2026-09-11T00:39:42.800467+00:00,200,228.12,
2026-09-11T00:39:42.668636+00:00,200,364.38,
2026-09-11T00:39:42.739714+00:00,200,306.54,
2026-09-11T00:39:41.884158+00:00,200,1170.84,
2026-09-11T00:39:42.343782+00:00,200,722.71,
2026-09-11T00:39:42.777788+00:00,200,291.84,
2026-09-11T00:39:42.802184+00:00,200,269.50,
2026-09-11T00:39:42.810143+00:00,200,268.13,
2026-09-11T00:39:42.871292+00:00,200,210.63,
2026-09-11T00:39:41.702035+00:00,200,1389.38,
2026-09-11T00:39:42.085415+00:00,200,1003.86,
2026-09-11T00:39:42.630619+00:00,200,467.86,
2026-09-11T00:39:43.027106+00:00,200,67.91,
2026-09-11T00:39:42.610979+00:00,200,490.53,
2026-09-11T00:39:42.497150+00:00,200,616.52,
2026-09-11T00:39:42.860235+00:00,200,255.57,
2026-09-11T00:39:42.180886+00:00,200,936.32,
2026-09-11T00:39:42.885620+00:00,200,253.97,
2026-09-11T00:39:43.082189+00:00,200,64.48,
2026-09-11T00:39:42.935025+00:00,200,213.22,
2026-09-11T00:39:41.863517+00:00,200,1287.80,
2026-09-11T00:39:40.878351+00:00,200,2284.14,
2026-09-11T00:39:41.619765+00:00,200,1547.75,
2026-09-11T00:39:42.460178+00:00,200,708.21,
2026-09-11T00:39:43.107939+00:00,200,64.72,
2026-09-11T00:39:42.893892+00:00,200,282.34,
2026-09-11T00:39:42.543653+00:00,200,639.65,
2026-09-11T00:39:42.806994+00:00,200,381.22,
2026-09-11T00:39:42.551841+00:00,200,635.64,
2026-09-11T00:39:42.979104+00:00,200,227.05,
2026-09-11T00:39:42.852121+00:00,200,354.62,
2026-09-11T00:39:42.454980+00:00,200,764.25,
2026-09-11T00:39:42.422988+00:00,200,797.71,
2026-09-11T00:39:42.180886+00:00,200,1048.35,
2026-09-11T00:39:42.103375+00:00,200,1126.22,
2026-09-11T00:39:43.002252+00:00,200,225.95,
2026-09-11T00:39:43.166526+00:00,200,70.74,
2026-09-11T00:39:42.142138+00:00,200,1102.49,
2026-09-11T00:39:42.028133+00:00,200,1241.60,
2026-09-11T00:39:42.039517+00:00,200,1224.77,
2026-09-11T00:39:43.168535+00:00,200,108.65,
2026-09-11T00:39:43.119677+00:00,200,159.15,
2026-09-11T00:39:43.205840+00:00,200,75.95,
2026-09-11T00:39:42.677868+00:00,200,604.86,
2026-09-11T00:39:43.218075+00:00,200,74.15,
2026-09-11T00:39:42.768381+00:00,200,530.55,
2026-09-11T00:39:43.221454+00:00,200,83.27,
2026-09-11T00:39:43.170544+00:00,200,144.72,
2026-09-11T00:39:42.957914+00:00,200,370.34,
2026-09-11T00:39:42.358001+00:00,200,980.89,
2026-09-11T00:39:42.161038+00:00,200,1179.16,
2026-09-11T00:39:42.797548+00:00,200,545.18,
2026-09-11T00:39:43.087944+00:00,200,258.68,
2026-09-11T00:39:42.410034+00:00,200,946.03,
2026-09-11T00:39:42.979104+00:00,200,376.53,
2026-09-11T00:39:42.910452+00:00,200,448.12,
2026-09-11T00:39:41.710368+00:00,200,1666.53,
2026-09-11T00:39:43.183670+00:00,200,201.31,
2026-09-11T00:39:43.149299+00:00,200,241.48,
2026-09-11T00:39:42.330164+00:00,200,1067.15,
2026-09-11T00:39:42.979104+00:00,200,419.34,
2026-09-11T00:39:42.727106+00:00,200,675.81,
2026-09-11T00:39:40.924892+00:00,200,2493.28,
2026-09-11T00:39:42.852121+00:00,200,566.58,
2026-09-11T00:39:42.267269+00:00,200,1161.58,
2026-09-11T00:39:43.239492+00:00,200,198.81,
2026-09-11T00:39:42.635215+00:00,200,810.34,
2026-09-11T00:39:42.141139+00:00,200,1310.94,
2026-09-11T00:39:42.517443+00:00,200,936.63,
2026-09-11T00:39:43.069555+00:00,200,385.07,
2026-09-11T00:39:42.934131+00:00,200,526.69,
2026-09-11T00:39:41.635327+00:00,200,1849.76,
2026-09-11T00:39:43.352776+00:00,200,131.44,
2026-09-11T00:39:41.619765+00:00,200,1870.66,
2026-09-11T00:39:42.733188+00:00,200,761.91,
2026-09-11T00:39:42.519466+00:00,200,978.34,
2026-09-11T00:39:43.276749+00:00,200,218.29,
2026-09-11T00:39:41.279315+00:00,200,2232.09,
2026-09-11T00:39:42.513930+00:00,200,997.40,
2026-09-11T00:39:42.535466+00:00,200,984.13,
2026-09-11T00:39:42.273767+00:00,200,1254.97,
2026-09-11T00:39:42.985236+00:00,200,547.34,
2026-09-11T00:39:42.427316+00:00,200,1125.78,
2026-09-11T00:39:43.141998+00:00,200,420.07,
2026-09-11T00:39:43.234043+00:00,200,332.92,
2026-09-11T00:39:41.777792+00:00,200,1792.12,
2026-09-11T00:39:43.380437+00:00,200,181.88,
2026-09-11T00:39:43.111931+00:00,200,456.79,
2026-09-11T00:39:42.568795+00:00,200,1001.27,
2026-09-11T00:39:42.362371+00:00,200,1218.39,
2026-09-11T00:39:43.507296+00:00,200,73.38,
2026-09-11T00:39:43.183670+00:00,200,404.01,
2026-09-11T00:39:43.011082+00:00,200,580.49,
2026-09-11T00:39:43.305296+00:00,200,301.90,
2026-09-11T00:39:41.937937+00:00,200,1681.48,
2026-09-11T00:39:41.456365+00:00,200,2164.31,
2026-09-11T00:39:42.893892+00:00,200,730.75,
2026-09-11T00:39:43.327648+00:00,200,308.17,
2026-09-11T00:39:42.989624+00:00,200,648.39,
2026-09-11T00:39:41.796900+00:00,200,1850.74,
2026-09-11T00:39:43.560595+00:00,200,85.85,
2026-09-11T00:39:42.788023+00:00,200,868.01,
2026-09-11T00:39:43.098289+00:00,200,564.38,
2026-09-11T00:39:43.422861+00:00,200,259.08,
2026-09-11T00:39:43.058202+00:00,200,636.04,
2026-09-11T00:39:43.140993+00:00,200,554.13,
2026-09-11T00:39:43.493171+00:00,200,201.39,
2026-09-11T00:39:41.508164+00:00,200,2193.21,
2026-09-11T00:39:42.539991+00:00,200,1161.58,
2026-09-11T00:39:40.838070+00:00,200,2864.16,
2026-09-11T00:39:43.632765+00:00,200,68.07,
2026-09-11T00:39:43.579246+00:00,200,133.67,
2026-09-11T00:39:43.192924+00:00,200,539.04,
2026-09-11T00:39:42.979104+00:00,200,756.82,
2026-09-11T00:39:43.445182+00:00,200,299.72,
2026-09-11T00:39:43.296694+00:00,200,454.57,
2026-09-11T00:39:41.660505+00:00,200,2097.44,
2026-09-11T00:39:43.553835+00:00,200,218.05,
2026-09-11T00:39:43.276749+00:00,200,496.03,
2026-09-11T00:39:42.321232+00:00,200,1453.38,
2026-09-11T00:39:43.176487+00:00,200,602.62,
2026-09-11T00:39:43.619945+00:00,200,157.91,
2026-09-11T00:39:43.443677+00:00,200,346.44,
2026-09-11T00:39:41.994425+00:00,200,1803.12,
2026-09-11T00:39:43.332716+00:00,200,464.89,
2026-09-11T00:39:43.619945+00:00,200,193.02,
2026-09-11T00:39:43.527689+00:00,200,296.99,
2026-09-11T00:39:42.619339+00:00,200,1213.98,
2026-09-11T00:39:43.209854+00:00,200,624.58,
2026-09-11T00:39:42.551841+00:00,200,1280.51,
2026-09-11T00:39:43.269011+00:00,200,569.86,
2026-09-11T00:39:43.269011+00:00,200,578.82,
2026-09-11T00:39:42.867348+00:00,200,982.94,
2026-09-11T00:39:43.521153+00:00,200,338.82,
2026-09-11T00:39:43.788171+00:00,200,75.06,
2026-09-11T00:39:43.693378+00:00,200,172.57,
2026-09-11T00:39:43.697441+00:00,200,170.13,
2026-09-11T00:39:43.493171+00:00,200,387.40,
2026-09-11T00:39:42.196393+00:00,200,1690.48,
2026-09-11T00:39:42.493767+00:00,200,1400.21,
2026-09-11T00:39:43.225570+00:00,200,670.93,
2026-09-11T00:39:43.493171+00:00,200,404.97,
2026-09-11T00:39:43.428031+00:00,200,480.13,
2026-09-11T00:39:42.902637+00:00,200,1014.57,
2026-09-11T00:39:43.647816+00:00,200,272.61,
2026-09-11T00:39:43.857051+00:00,200,65.55,
2026-09-11T00:39:43.697441+00:00,200,228.36,
2026-09-11T00:39:43.705974+00:00,200,229.21,
2026-09-11T00:39:41.486567+00:00,200,2456.18,
2026-09-11T00:39:42.918834+00:00,200,1027.63,
2026-09-11T00:39:43.890985+00:00,200,68.33,
2026-09-11T00:39:43.239492+00:00,200,716.91,
2026-09-11T00:39:41.738746+00:00,200,2230.07,
2026-09-11T00:39:42.763309+00:00,200,1211.46,
2026-09-11T00:39:41.962382+00:00,200,2018.01,
2026-09-11T00:39:43.812732+00:00,200,169.57,
2026-09-11T00:39:43.027106+00:00,200,955.56,
2026-09-11T00:39:43.080179+00:00,200,911.69,
2026-09-11T00:39:42.645370+00:00,200,1362.52,
2026-09-11T00:39:42.769709+00:00,200,1244.30,
2026-09-11T00:39:43.879369+00:00,200,139.20,
2026-09-11T00:39:43.459697+00:00,200,568.37,
2026-09-11T00:39:43.893493+00:00,200,136.30,
2026-09-11T00:39:43.680142+00:00,200,354.72,
2026-09-11T00:39:42.710179+00:00,200,1323.57,
2026-09-11T00:39:43.069555+00:00,200,978.24,
2026-09-11T00:39:43.897516+00:00,200,152.91,
2026-09-11T00:39:43.682790+00:00,200,371.00,
2026-09-11T00:39:41.707281+00:00,200,2352.07,
2026-09-11T00:39:43.111931+00:00,200,954.56,
2026-09-11T00:39:43.560595+00:00,200,502.48,
2026-09-11T00:39:42.460178+00:00,200,1608.28,
2026-09-11T00:39:43.043591+00:00,200,1034.62,
2026-09-11T00:39:43.946690+00:00,200,150.93,
2026-09-11T00:39:43.486918+00:00,200,611.80,
2026-09-11T00:39:42.454980+00:00,200,1649.30,
2026-09-11T00:39:43.352776+00:00,200,752.74,
2026-09-11T00:39:42.675002+00:00,200,1432.52,
2026-09-11T00:39:43.921977+00:00,200,189.82,
2026-09-11T00:39:43.569695+00:00,200,563.89,
2026-09-11T00:39:43.332716+00:00,200,798.76,
2026-09-11T00:39:43.395978+00:00,200,742.49,
2026-09-11T00:39:43.126041+00:00,200,1017.89,
2026-09-11T00:39:43.793304+00:00,200,340.01,
2026-09-11T00:39:42.211869+00:00,200,1940.23,
2026-09-11T00:39:43.445182+00:00,200,701.60,
2026-09-11T00:39:43.632765+00:00,200,523.53,
2026-09-11T00:39:43.950659+00:00,200,224.94,
2026-09-11T00:39:43.493171+00:00,200,685.62,
2026-09-11T00:39:43.777739+00:00,200,406.37,
2026-09-11T00:39:43.484909+00:00,200,704.54,
2026-09-11T00:39:40.829889+00:00,200,3358.69,
2026-09-11T00:39:43.865926+00:00,200,323.84,
2026-09-11T00:39:43.793304+00:00,200,399.99,
2026-09-11T00:39:43.395978+00:00,200,796.21,
2026-09-11T00:39:44.152828+00:00,200,67.34,
2026-09-11T00:39:44.053469+00:00,200,171.93,
2026-09-11T00:39:43.619945+00:00,200,599.78,
2026-09-11T00:39:44.161197+00:00,200,67.47,
2026-09-11T00:39:43.840577+00:00,200,400.83,
2026-09-11T00:39:43.569695+00:00,200,685.77,
2026-09-11T00:39:42.180886+00:00,200,2071.31,
2026-09-11T00:39:43.918860+00:00,200,346.06,
2026-09-11T00:39:44.070464+00:00,200,194.79,
2026-09-11T00:39:42.937260+00:00,200,1339.03,
2026-09-11T00:39:44.173429+00:00,200,116.55,
2026-09-11T00:39:43.959964+00:00,200,329.87,
2026-09-11T00:39:43.966689+00:00,200,320.91,
2026-09-11T00:39:42.961081+00:00,200,1338.40,
2026-09-11T00:39:43.745598+00:00,200,552.46,
2026-09-11T00:39:43.733652+00:00,200,571.80,
2026-09-11T00:39:44.178590+00:00,200,134.28,
2026-09-11T00:39:44.077600+00:00,200,244.53,
2026-09-11T00:39:44.249991+00:00,200,77.93,
2026-09-11T00:39:43.305296+00:00,200,1024.60,
2026-09-11T00:39:44.255525+00:00,200,77.31,
2026-09-11T00:39:43.693378+00:00,200,648.75,
2026-09-11T00:39:43.332716+00:00,200,1010.47,
2026-09-11T00:39:41.693715+00:00,200,2659.18,
2026-09-11T00:39:42.757026+00:00,200,1612.00,
2026-09-11T00:39:43.777739+00:00,200,595.22,
2026-09-11T00:39:44.045457+00:00,200,335.81,
2026-09-11T00:39:43.141998+00:00,200,1239.71,
2026-09-11T00:39:43.100797+00:00,200,1291.78,
2026-09-11T00:39:43.986426+00:00,200,402.65,
2026-09-11T00:39:44.321776+00:00,200,74.18,
2026-09-11T00:39:43.840577+00:00,200,562.79,
2026-09-11T00:39:44.255525+00:00,200,142.63,
2026-09-11T00:39:44.017479+00:00,200,397.95,
2026-09-11T00:39:44.352993+00:00,200,70.70,
2026-09-11T00:39:43.395978+00:00,200,1017.91,
2026-09-11T00:39:42.893892+00:00,200,1532.93,
2026-09-11T00:39:44.362483+00:00,200,66.66,
2026-09-11T00:39:43.654864+00:00,200,793.86,
2026-09-11T00:39:42.410446+00:00,200,2041.53,
2026-09-11T00:39:44.099226+00:00,200,352.32,
2026-09-11T00:39:43.352776+00:00,200,1099.43,
2026-09-11T00:39:43.904265+00:00,200,564.75,
2026-09-11T00:39:42.677868+00:00,200,1804.66,
2026-09-11T00:39:44.052454+00:00,200,447.00,
2026-09-11T00:39:43.648408+00:00,200,851.58,
2026-09-11T00:39:43.569695+00:00,200,943.46,
2026-09-11T00:39:43.921977+00:00,200,596.96,
2026-09-11T00:39:44.141327+00:00,200,386.52,
2026-09-11T00:39:42.510167+00:00,200,2015.67,
2026-09-11T00:39:44.107237+00:00,200,431.52,
2026-09-11T00:39:43.861909+00:00,200,676.57,
2026-09-11T00:39:44.451658+00:00,200,94.65,
2026-09-11T00:39:42.763309+00:00,200,1802.02,
2026-09-11T00:39:42.873300+00:00,200,1698.77,
2026-09-11T00:39:44.035652+00:00,200,540.44,
2026-09-11T00:39:44.479703+00:00,200,93.52,
2026-09-11T00:39:44.499894+00:00,200,86.31,
2026-09-11T00:39:43.317276+00:00,200,1281.80,
2026-09-11T00:39:43.437764+00:00,200,1171.71,
2026-09-11T00:39:42.976951+00:00,200,1638.18,
2026-09-11T00:39:44.138769+00:00,200,477.11,
2026-09-11T00:39:43.775702+00:00,200,841.83,
2026-09-11T00:39:44.230533+00:00,200,393.91,
2026-09-11T00:39:44.291886+00:00,200,335.36,
2026-09-11T00:39:43.714741+00:00,200,922.22,
2026-09-11T00:39:43.966689+00:00,200,675.04,
2026-09-11T00:39:44.393984+00:00,200,251.50,
2026-09-11T00:39:44.567870+00:00,200,78.80,
2026-09-11T00:39:44.189731+00:00,200,467.27,
2026-09-11T00:39:43.586329+00:00,200,1086.29,
2026-09-11T00:39:43.793304+00:00,200,872.93,
2026-09-11T00:39:42.952107+00:00,200,1734.38,
2026-09-11T00:39:44.598122+00:00,200,90.94,
2026-09-11T00:39:42.215395+00:00,200,2476.71,
2026-09-11T00:39:43.980326+00:00,200,719.36,
2026-09-11T00:39:44.291886+00:00,200,441.92,
2026-09-11T00:39:44.378864+00:00,200,353.07,
2026-09-11T00:39:44.304889+00:00,200,432.46,
2026-09-11T00:39:44.415210+00:00,200,323.98,
2026-09-11T00:39:43.534061+00:00,200,1208.12,
2026-09-11T00:39:44.189731+00:00,200,558.07,
2026-09-11T00:39:44.430667+00:00,200,322.32,
2026-09-11T00:39:43.607216+00:00,200,1149.93,
2026-09-11T00:39:44.554802+00:00,200,219.53,
2026-09-11T00:39:44.255525+00:00,200,521.28,
2026-09-11T00:39:44.499894+00:00,200,282.35,
2026-09-11T00:39:44.161197+00:00,200,625.04,
2026-09-11T00:39:43.840577+00:00,200,949.71,
2026-09-11T00:39:43.745598+00:00,200,1056.88,
2026-09-11T00:39:44.631661+00:00,200,170.11,
2026-09-11T00:39:43.230011+00:00,200,1579.55,
2026-09-11T00:39:43.579246+00:00,200,1248.71,
2026-09-11T00:39:44.220775+00:00,200,610.13,
2026-09-11T00:39:43.982932+00:00,200,866.93,
2026-09-11T00:39:44.610520+00:00,200,240.12,
2026-09-11T00:39:43.828947+00:00,200,1016.56,
2026-09-11T00:39:44.631661+00:00,200,221.67,
2026-09-11T00:39:42.979104+00:00,200,1885.42,
2026-09-11T00:39:43.919462+00:00,200,952.98,
2026-09-11T00:39:44.470336+00:00,200,407.86,
2026-09-11T00:39:43.745598+00:00,200,1140.08,
2026-09-11T00:39:44.144118+00:00,200,754.61,
2026-09-11T00:39:42.906925+00:00,200,1994.92,
2026-09-11T00:39:43.348538+00:00,200,1558.61,
2026-09-11T00:39:44.827015+00:00,200,79.51,
2026-09-11T00:39:43.934659+00:00,200,985.06,
2026-09-11T00:39:44.679303+00:00,200,232.23,
2026-09-11T00:39:44.378864+00:00,200,538.96,
2026-09-11T00:39:44.457672+00:00,200,481.52,
2026-09-11T00:39:44.631661+00:00,200,310.87,
2026-09-11T00:39:44.853189+00:00,200,80.61,
2026-09-11T00:39:44.220775+00:00,200,727.89,
2026-09-11T00:39:44.374197+00:00,200,586.37,
2026-09-11T00:39:44.734007+00:00,200,245.15,
2026-09-11T00:39:44.742789+00:00,200,230.23,
2026-09-11T00:39:44.543455+00:00,200,440.44,
2026-09-11T00:39:44.307463+00:00,200,675.68,
2026-09-11T00:39:43.293040+00:00,200,1698.35,
2026-09-11T00:39:44.193759+00:00,200,819.97,
2026-09-11T00:39:44.415210+00:00,200,596.52,
2026-09-11T00:39:44.330766+00:00,200,690.38,
2026-09-11T00:39:43.376777+00:00,200,1659.45,
2026-09-11T00:39:44.307463+00:00,200,734.89,
2026-09-11T00:39:44.616888+00:00,200,433.22,
2026-09-11T00:39:43.176487+00:00,200,1871.53,
2026-09-11T00:39:43.490667+00:00,200,1574.96,
2026-09-11T00:39:43.871187+00:00,200,1197.81,
2026-09-11T00:39:44.426063+00:00,200,650.81,
2026-09-11T00:39:43.093968+00:00,200,1988.30,
2026-09-11T00:39:44.053469+00:00,200,1024.46,
2026-09-11T00:39:45.011946+00:00,200,76.18,
2026-09-11T00:39:44.679303+00:00,200,406.30,
2026-09-11T00:39:44.299175+00:00,200,806.66,
2026-09-11T00:39:43.053829+00:00,200,2058.46,
2026-09-11T00:39:43.905924+00:00,200,1207.06,
2026-09-11T00:39:44.538919+00:00,200,589.90,
2026-09-11T00:39:43.619945+00:00,200,1508.46,
2026-09-11T00:39:44.679303+00:00,200,454.95,
2026-09-11T00:39:44.193759+00:00,200,952.38,
2026-09-11T00:39:44.917231+00:00,200,229.21,
2026-09-11T00:39:44.453654+00:00,200,702.20,
2026-09-11T00:39:42.368353+00:00,200,2800.97,
2026-09-11T00:39:44.742789+00:00,200,430.23,
2026-09-11T00:39:44.321776+00:00,200,848.29,
2026-09-11T00:39:44.695163+00:00,200,482.53,
2026-09-11T00:39:44.853189+00:00,200,332.64,
2026-09-11T00:39:44.152828+00:00,200,1035.52,
2026-09-11T00:39:44.979463+00:00,200,212.37,
2026-09-11T00:39:44.616888+00:00,200,564.58,
2026-09-11T00:39:44.144118+00:00,200,1061.52,
2026-09-11T00:39:45.126365+00:00,200,79.07,
2026-09-11T00:39:43.237364+00:00,200,1975.43,
2026-09-11T00:39:45.145114+00:00,200,69.49,
2026-09-11T00:39:43.392916+00:00,200,1838.21,
2026-09-11T00:39:44.782846+00:00,200,462.48,
2026-09-11T00:39:44.669269+00:00,200,578.33,
2026-09-11T00:39:44.451658+00:00,200,808.66,
2026-09-11T00:39:44.734519+00:00,200,525.39,
2026-09-11T00:39:44.875080+00:00,200,393.48,
2026-09-11T00:39:44.849679+00:00,200,427.29,
2026-09-11T00:39:43.284843+00:00,200,1995.25,
2026-09-11T00:39:44.884700+00:00,200,394.38,
2026-09-11T00:39:44.940149+00:00,200,339.13,
2026-09-11T00:39:44.334390+00:00,200,947.22,
2026-09-11T00:39:44.579134+00:00,200,717.61,
2026-09-11T00:39:44.015971+00:00,200,1304.20,
2026-09-11T00:39:44.934036+00:00,200,383.88,
2026-09-11T00:39:45.059154+00:00,200,254.95,
2026-09-11T00:39:45.246194+00:00,200,83.91,
2026-09-11T00:39:45.106193+00:00,200,240.49,
2026-09-11T00:39:44.217156+00:00,200,1129.39,
2026-09-11T00:39:45.202163+00:00,200,159.52,
2026-09-11T00:39:44.109774+00:00,200,1260.33,
2026-09-11T00:39:44.805388+00:00,200,563.47,
2026-09-11T00:39:44.616888+00:00,200,750.47,
2026-09-11T00:39:44.868832+00:00,200,508.45,
2026-09-11T00:39:44.017479+00:00,200,1359.95,
2026-09-11T00:39:44.917231+00:00,200,475.05,
2026-09-11T00:39:44.394645+00:00,200,1003.02,
2026-09-11T00:39:44.996162+00:00,200,414.99,
2026-09-11T00:39:45.047865+00:00,200,365.96,
2026-09-11T00:39:44.572426+00:00,200,840.71,
2026-09-11T00:39:43.376777+00:00,200,2041.61,
2026-09-11T00:39:45.347348+00:00,200,82.18,
2026-09-11T00:39:45.211152+00:00,200,221.34,
2026-09-11T00:39:44.045457+00:00,200,1399.00,
2026-09-11T00:39:45.126365+00:00,200,329.03,
2026-09-11T00:39:43.769313+00:00,200,1693.88,
2026-09-11T00:39:44.742789+00:00,200,717.11,
2026-09-11T00:39:44.540931+00:00,200,941.22,
2026-09-11T00:39:43.512493+00:00,200,1981.42,
2026-09-11T00:39:45.043278+00:00,200,452.02,
2026-09-11T00:39:44.734519+00:00,200,763.23,
2026-09-11T00:39:45.263498+00:00,200,243.23,
2026-09-11T00:39:44.940149+00:00,200,570.51,
2026-09-11T00:39:45.082871+00:00,200,439.74,
2026-09-11T00:39:44.794121+00:00,200,740.85,
2026-09-11T00:39:45.390397+00:00,200,158.24,
2026-09-11T00:39:44.669269+00:00,200,879.36,
2026-09-11T00:39:42.871292+00:00,200,2690.23,
2026-09-11T00:39:44.868832+00:00,200,691.96,
2026-09-11T00:39:45.074816+00:00,200,492.00,
2026-09-11T00:39:45.263498+00:00,200,306.86,
2026-09-11T00:39:45.047865+00:00,200,526.92,
2026-09-11T00:39:45.319149+00:00,200,265.05,
2026-09-11T00:39:44.111392+00:00,200,1475.02,
2026-09-11T00:39:43.824404+00:00,200,1767.43,
2026-09-11T00:39:45.469906+00:00,200,126.67,
2026-09-11T00:39:45.531141+00:00,200,84.41,
2026-09-11T00:39:44.805388+00:00,200,817.56,
2026-09-11T00:39:44.074579+00:00,200,1559.68,
2026-09-11T00:39:45.373780+00:00,200,260.98,
2026-09-11T00:39:45.202163+00:00,200,430.51,
2026-09-11T00:39:45.082871+00:00,200,554.61,
2026-09-11T00:39:42.338444+00:00,200,3330.49,
2026-09-11T00:39:45.394308+00:00,200,278.33,
2026-09-11T00:39:44.959609+00:00,200,719.12,
2026-09-11T00:39:45.249435+00:00,200,421.78,
2026-09-11T00:39:44.009573+00:00,200,1679.11,
2026-09-11T00:39:45.192628+00:00,200,510.55,
2026-09-11T00:39:42.491499+00:00,200,3215.91,
2026-09-11T00:39:43.727812+00:00,200,1990.11,
2026-09-11T00:39:45.538315+00:00,200,193.31,
2026-09-11T00:39:44.983059+00:00,200,750.67,
2026-09-11T00:39:45.467899+00:00,200,273.68,
2026-09-11T00:39:45.325965+00:00,200,413.93,
2026-09-11T00:39:41.754771+00:00,200,3988.70,
2026-09-11T00:39:44.734519+00:00,200,1013.09,
2026-09-11T00:39:45.562673+00:00,200,194.35,
2026-09-11T00:39:44.479703+00:00,200,1272.30,
2026-09-11T00:39:45.670555+00:00,200,88.04,
2026-09-11T00:39:41.670412+00:00,200,4102.78,
2026-09-11T00:39:44.093836+00:00,200,1687.47,
2026-09-11T00:39:43.703965+00:00,200,2085.34,
2026-09-11T00:39:44.940149+00:00,200,847.09,
2026-09-11T00:39:43.445182+00:00,200,2345.57,
2026-09-11T00:39:44.293906+00:00,200,1530.53,
2026-09-11T00:39:43.828947+00:00,200,1993.33,
2026-09-11T00:39:45.674070+00:00,200,155.74,
2026-09-11T00:39:45.469906+00:00,200,355.21,
2026-09-11T00:39:45.753570+00:00,200,85.71,
2026-09-11T00:39:45.082871+00:00,200,760.49,
2026-09-11T00:39:44.355003+00:00,200,1499.49,
2026-09-11T00:39:44.981075+00:00,200,878.99,
2026-09-11T00:39:45.626149+00:00,200,238.32,
2026-09-11T00:39:44.029697+00:00,200,1845.11,
2026-09-11T00:39:44.983059+00:00,200,893.45,
2026-09-11T00:39:44.905451+00:00,200,975.46,
2026-09-11T00:39:45.800868+00:00,200,83.23,
2026-09-11T00:39:45.373780+00:00,200,513.91,
2026-09-11T00:39:44.585183+00:00,200,1308.98,
2026-09-11T00:39:42.818568+00:00,200,3081.63,
2026-09-11T00:39:45.016640+00:00,200,888.67,
2026-09-11T00:39:45.112568+00:00,200,802.44,
2026-09-11T00:39:43.957658+00:00,200,1959.07,
2026-09-11T00:39:45.753570+00:00,200,165.96,
2026-09-11T00:39:45.866248+00:00,200,70.92,
2026-09-11T00:39:44.520963+00:00,200,1426.67,
2026-09-11T00:39:45.112568+00:00,200,836.14,
2026-09-11T00:39:44.133942+00:00,200,1818.50,
2026-09-11T00:39:45.591601+00:00,200,375.38,
2026-09-11T00:39:45.546818+00:00,200,437.43,
2026-09-11T00:39:44.105239+00:00,200,1887.22,
2026-09-11T00:39:45.094098+00:00,200,899.25,
2026-09-11T00:39:45.553085+00:00,200,443.10,
2026-09-11T00:39:45.279143+00:00,200,735.13,
2026-09-11T00:39:45.690126+00:00,200,329.44,
2026-09-11T00:39:45.944091+00:00,200,76.06,
2026-09-11T00:39:44.572426+00:00,200,1458.17,
2026-09-11T00:39:45.775835+00:00,200,255.02,
2026-09-11T00:39:43.160284+00:00,200,2884.48,
2026-09-11T00:39:45.411818+00:00,200,630.49,
2026-09-11T00:39:45.185526+00:00,200,866.91,
2026-09-11T00:39:45.185526+00:00,200,872.46,
2026-09-11T00:39:45.737941+00:00,200,328.92,
2026-09-11T00:39:45.912782+00:00,200,155.80,
2026-09-11T00:39:44.955682+00:00,200,1116.83,
2026-09-11T00:39:44.616888+00:00,200,1484.35,
2026-09-11T00:39:45.172328+00:00,200,927.38,
2026-09-11T00:39:45.894619+00:00,200,214.87,
2026-09-11T00:39:46.006868+00:00,200,94.51,
2026-09-11T00:39:45.121333+00:00,200,998.54,
2026-09-11T00:39:44.255525+00:00,200,1861.44,
2026-09-11T00:39:44.299175+00:00,200,1825.36,
2026-09-11T00:39:45.877577+00:00,200,262.80,
2026-09-11T00:39:45.349359+00:00,200,801.32,
2026-09-11T00:39:44.193759+00:00,200,1960.87,
2026-09-11T00:39:45.578694+00:00,200,582.63,
2026-09-11T00:39:46.072792+00:00,200,92.19,
2026-09-11T00:39:45.172328+00:00,200,1003.19,
2026-09-11T00:39:44.894092+00:00,200,1282.79,
2026-09-11T00:39:45.370409+00:00,200,811.58,
2026-09-11T00:39:45.056128+00:00,200,1135.18,
2026-09-11T00:39:43.697441+00:00,200,2518.03,
2026-09-11T00:39:45.744106+00:00,200,473.80,
2026-09-11T00:39:45.994733+00:00,200,230.47,
2026-09-11T00:39:45.287935+00:00,200,945.78,
2026-09-11T00:39:45.444881+00:00,200,798.85,
2026-09-11T00:39:45.936235+00:00,200,309.92,
2026-09-11T00:39:46.155063+00:00,200,90.61,
2026-09-11T00:39:45.858995+00:00,200,397.76,
2026-09-11T00:39:45.800868+00:00,200,476.87,
2026-09-11T00:39:45.706716+00:00,200,592.55,
2026-09-11T00:39:43.569695+00:00,200,2727.50,
2026-09-11T00:39:45.153120+00:00,200,1150.88,
2026-09-11T00:39:45.567820+00:00,200,741.19,
2026-09-11T00:39:43.061856+00:00,200,3244.41,
2026-09-11T00:39:44.656705+00:00,200,1663.68,
2026-09-11T00:39:45.598749+00:00,200,727.43,
2026-09-11T00:39:44.505618+00:00,200,1816.44,
2026-09-11T00:39:45.615832+00:00,200,714.77,
2026-09-11T00:39:44.520963+00:00,200,1817.35,
2026-09-11T00:39:45.323452+00:00,200,1043.06,
2026-09-11T00:39:45.297038+00:00,200,1070.60,
2026-09-11T00:39:44.520963+00:00,200,1851.41,
2026-09-11T00:39:45.994733+00:00,200,385.75,
2026-09-11T00:39:45.137410+00:00,200,1240.76,
2026-09-11T00:39:45.270310+00:00,200,1117.73,
2026-09-11T00:39:46.185591+00:00,200,205.68,
2026-09-11T00:39:44.875080+00:00,200,1534.63,
2026-09-11T00:39:46.185591+00:00,200,222.02,
2026-09-11T00:39:44.645051+00:00,200,1799.51,
2026-09-11T00:39:45.881390+00:00,200,560.26,
2026-09-11T00:39:45.411818+00:00,200,1033.16,
2026-09-11T00:39:46.028374+00:00,200,419.00,
2026-09-11T00:39:46.065252+00:00,200,387.92,
2026-09-11T00:39:45.581777+00:00,200,868.39,
2026-09-11T00:39:43.777739+00:00,200,2674.64,
2026-09-11T00:39:45.703658+00:00,200,758.94,
2026-09-11T00:39:46.101706+00:00,200,359.71,
2026-09-11T00:39:46.022792+00:00,200,453.62,
2026-09-11T00:39:46.395053+00:00,200,89.31,
2026-09-11T00:39:43.982932+00:00,200,2504.73,
2026-09-11T00:39:45.881390+00:00,200,612.80,
2026-09-11T00:39:46.070287+00:00,200,444.98,
2026-09-11T00:39:45.429427+00:00,200,1087.80,
2026-09-11T00:39:45.185526+00:00,200,1346.08,
2026-09-11T00:39:45.744106+00:00,200,786.47,
2026-09-11T00:39:45.875561+00:00,200,680.79,
2026-09-11T00:39:44.794121+00:00,200,1754.34,
2026-09-11T00:39:44.189731+00:00,200,2370.13,
2026-09-11T00:39:43.929425+00:00,200,2629.70,
2026-09-11T00:39:45.573654+00:00,200,990.24,
2026-09-11T00:39:43.593453+00:00,200,2971.77,
2026-09-11T00:39:41.727141+00:00,200,4847.41,
2026-09-11T00:39:44.849679+00:00,200,1731.31,
2026-09-11T00:39:45.406597+00:00,200,1193.63,
2026-09-11T00:39:45.925440+00:00,200,680.40,
2026-09-11T00:39:46.368093+00:00,200,246.27,
2026-09-11T00:39:46.280114+00:00,200,335.67,
2026-09-11T00:39:43.557587+00:00,200,3060.42,
2026-09-11T00:39:45.194147+00:00,200,1424.83,
2026-09-11T00:39:44.679303+00:00,200,1927.61,
2026-09-11T00:39:46.181055+00:00,200,441.87,
2026-09-11T00:39:46.531786+00:00,200,99.49,
2026-09-11T00:39:44.788159+00:00,200,1852.30,
2026-09-11T00:39:46.553969+00:00,200,90.76,
2026-09-11T00:39:46.561597+00:00,200,88.21,
2026-09-11T00:39:45.950726+00:00,200,709.85,
2026-09-11T00:39:45.506554+00:00,200,1177.40,
2026-09-11T00:39:46.407091+00:00,200,286.86,
2026-09-11T00:39:45.179913+00:00,200,1513.42,
2026-09-11T00:39:44.276598+00:00,200,2421.63,
2026-09-11T00:39:44.742789+00:00,200,1948.78,
2026-09-11T00:39:46.614774+00:00,200,97.24,
2026-09-11T00:39:45.918304+00:00,200,807.82,
2026-09-11T00:39:44.378864+00:00,200,2336.14,
2026-09-11T00:39:45.565811+00:00,200,1178.39,
2026-09-11T00:39:46.495371+00:00,200,251.76,
2026-09-11T00:39:45.370409+00:00,200,1386.22,
2026-09-11T00:39:46.477490+00:00,200,279.36,
2026-09-11T00:39:45.744106+00:00,200,1018.93,
2026-09-11T00:39:46.407091+00:00,200,356.25,
2026-09-11T00:39:45.323452+00:00,200,1462.03,
2026-09-11T00:39:46.595955+00:00,200,190.95,
2026-09-11T00:39:46.614774+00:00,200,178.81,
2026-09-11T00:39:44.334390+00:00,200,2467.76,
2026-09-11T00:39:46.375577+00:00,200,425.07,
2026-09-11T00:39:46.458074+00:00,200,350.78,
2026-09-11T00:39:46.300718+00:00,200,525.12,
2026-09-11T00:39:44.911899+00:00,200,1918.40,
2026-09-11T00:39:46.662828+00:00,200,169.50,
2026-09-11T00:39:46.300718+00:00,200,546.89,
2026-09-11T00:39:44.782846+00:00,200,2071.76,
2026-09-11T00:39:45.279143+00:00,200,1577.70,
2026-09-11T00:39:45.991797+00:00,200,882.55,
2026-09-11T00:39:46.308131+00:00,200,568.51,
2026-09-11T00:39:46.054527+00:00,200,827.62,
2026-09-11T00:39:45.598749+00:00,200,1297.19,
2026-09-11T00:39:46.308131+00:00,200,599.76,
2026-09-11T00:39:46.065252+00:00,200,846.18,
2026-09-11T00:39:45.985432+00:00,200,932.13,
2026-09-11T00:39:46.458074+00:00,200,456.34,
2026-09-11T00:39:46.531786+00:00,200,388.95,
2026-09-11T00:39:45.819697+00:00,200,1104.14,
2026-09-11T00:39:45.279143+00:00,200,1654.42,
2026-09-11T00:39:46.327163+00:00,200,617.88,
2026-09-11T00:39:46.614774+00:00,200,334.32,
2026-09-11T00:39:44.645051+00:00,200,2303.82,
2026-09-11T00:39:46.857653+00:00,200,93.11,
2026-09-11T00:39:46.656359+00:00,200,300.01,
2026-09-11T00:39:46.340613+00:00,200,636.25,
2026-09-11T00:39:45.218010+00:00,200,1761.30,
2026-09-11T00:39:44.220775+00:00,200,2755.26,
2026-09-11T00:39:45.634024+00:00,200,1371.96,
2026-09-11T00:39:46.253802+00:00,200,754.10,
2026-09-11T00:39:45.388764+00:00,200,1627.67,
2026-09-11T00:39:46.006868+00:00,200,995.89,
2026-09-11T00:39:46.230413+00:00,200,802.69,
2026-09-11T00:39:44.435673+00:00,200,2610.99,
2026-09-11T00:39:46.243724+00:00,200,803.61,
2026-09-11T00:39:46.830696+00:00,200,224.61,
2026-09-11T00:39:45.357667+00:00,200,1696.44,
2026-09-11T00:39:46.895812+00:00,200,163.29,
2026-09-11T00:39:42.989624+00:00,200,4086.73,
2026-09-11T00:39:46.253802+00:00,200,823.68,
2026-09-11T00:39:47.005119+00:00,200,79.38,
2026-09-11T00:39:46.387358+00:00,200,693.40,
2026-09-11T00:39:46.880867+00:00,200,205.51,
2026-09-11T00:39:47.005119+00:00,200,89.67,
2026-09-11T00:39:43.654864+00:00,200,3448.81,
2026-09-11T00:39:46.632275+00:00,200,487.62,
2026-09-11T00:39:46.977361+00:00,200,154.36,
2026-09-11T00:39:46.212007+00:00,200,924.43,
2026-09-11T00:39:44.742789+00:00,200,2389.94,
2026-09-11T00:39:46.486331+00:00,200,667.96,
2026-09-11T00:39:45.889103+00:00,200,1270.02,
2026-09-11T00:39:46.614774+00:00,200,555.55,
2026-09-11T00:39:46.059472+00:00,200,1118.60,
2026-09-11T00:39:45.789430+00:00,200,1401.36,
2026-09-11T00:39:46.950184+00:00,200,241.46,
2026-09-11T00:39:43.411819+00:00,200,3786.62,
2026-09-11T00:39:45.059154+00:00,200,2146.00,
2026-09-11T00:39:47.118131+00:00,200,93.78,
2026-09-11T00:39:46.688089+00:00,200,526.02,
2026-09-11T00:39:45.506554+00:00,200,1710.36,
2026-09-11T00:39:46.458074+00:00,200,788.16,
2026-09-11T00:39:45.790999+00:00,200,1458.36,
2026-09-11T00:39:45.016640+00:00,200,2231.83,
2026-09-11T00:39:45.641899+00:00,200,1613.31,
2026-09-11T00:39:46.572346+00:00,200,697.16,
2026-09-11T00:39:46.447586+00:00,200,833.79,
2026-09-11T00:39:46.445577+00:00,200,841.41,
2026-09-11T00:39:44.355003+00:00,200,2943.73,
2026-09-11T00:39:46.582900+00:00,200,719.66,
2026-09-11T00:39:44.099226+00:00,200,3211.20,
2026-09-11T00:39:45.452259+00:00,200,1863.67,
2026-09-11T00:39:46.382626+00:00,200,951.76,
2026-09-11T00:39:46.961624+00:00,200,377.56,
2026-09-11T00:39:44.067454+00:00,200,3286.94,
2026-09-11T00:39:43.276749+00:00,200,4084.48,
2026-09-11T00:39:46.560587+00:00,200,816.76,
2026-09-11T00:39:45.753570+00:00,200,1622.45,
2026-09-11T00:39:44.836096+00:00,200,2549.22,
2026-09-11T00:39:46.553969+00:00,200,836.52,
2026-09-11T00:39:45.674070+00:00,200,1722.52,
2026-09-11T00:39:47.023761+00:00,200,370.04,
2026-09-11T00:39:46.358469+00:00,200,1038.70,
2026-09-11T00:39:46.983516+00:00,200,442.07,
2026-09-11T00:39:47.128376+00:00,200,300.85,
2026-09-11T00:39:46.791088+00:00,200,643.97,
2026-09-11T00:39:43.865926+00:00,200,3571.66,
2026-09-11T00:39:46.614774+00:00,200,826.40,
2026-09-11T00:39:46.912931+00:00,200,547.75,
2026-09-11T00:39:47.258696+00:00,200,198.27,
2026-09-11T00:39:46.640593+00:00,200,842.81,
2026-09-11T00:39:46.918846+00:00,200,564.46,
2026-09-11T00:39:47.367830+00:00,200,115.58,
2026-09-11T00:39:47.386212+00:00,200,114.06,
2026-09-11T00:39:47.075470+00:00,200,425.55,
2026-09-11T00:39:45.581777+00:00,200,1927.77,
2026-09-11T00:39:46.473818+00:00,200,1059.45,
2026-09-11T00:39:47.055651+00:00,200,476.69,
2026-09-11T00:39:46.605325+00:00,200,941.89,
2026-09-11T00:39:43.982932+00:00,200,3569.21,
2026-09-11T00:39:46.127996+00:00,200,1431.81,
2026-09-11T00:39:46.151107+00:00,200,1418.09,
2026-09-11T00:39:46.327163+00:00,200,1241.90,
2026-09-11T00:39:45.738949+00:00,200,1830.22,
2026-09-11T00:39:46.486331+00:00,200,1089.14,
2026-09-11T00:39:46.445577+00:00,200,1134.06,
2026-09-11T00:39:46.862513+00:00,200,707.61,
2026-09-11T00:39:47.479174+00:00,200,103.10,
2026-09-11T00:39:46.038611+00:00,200,1537.79,
2026-09-11T00:39:46.832703+00:00,200,783.29,
2026-09-11T00:39:47.211815+00:00,200,403.62,
2026-09-11T00:39:46.758786+00:00,200,854.15,
2026-09-11T00:39:47.247376+00:00,200,372.94,
2026-09-11T00:39:46.450279+00:00,200,1182.98,
2026-09-11T00:39:47.547828+00:00,200,90.35,
2026-09-11T00:39:43.445182+00:00,200,4197.34,
2026-09-11T00:39:46.407091+00:00,200,1253.00,
2026-09-11T00:39:46.756765+00:00,200,913.53,
2026-09-11T00:39:47.296097+00:00,200,375.36,
2026-09-11T00:39:47.281442+00:00,200,401.96,
2026-09-11T00:39:46.695564+00:00,200,992.73,
2026-09-11T00:39:46.647074+00:00,200,1053.13,
2026-09-11T00:39:47.353662+00:00,200,348.66,
2026-09-11T00:39:47.085814+00:00,200,624.36,
2026-09-11T00:39:45.674070+00:00,200,2037.27,
2026-09-11T00:39:46.945641+00:00,200,776.83,
2026-09-11T00:39:47.191974+00:00,200,539.95,
2026-09-11T00:39:47.484672+00:00,200,252.24,
2026-09-11T00:39:47.075470+00:00,200,676.82,
2026-09-11T00:39:47.668250+00:00,200,95.15,
2026-09-11T00:39:47.440751+00:00,200,325.10,
2026-09-11T00:39:44.610520+00:00,200,3156.33,
2026-09-11T00:39:46.375577+00:00,200,1393.50,
2026-09-11T00:39:47.211815+00:00,200,577.33,
2026-09-11T00:39:43.760218+00:00,200,4036.02,
2026-09-11T00:39:47.055651+00:00,200,752.20,
2026-09-11T00:39:46.798931+00:00,200,1020.83,
2026-09-11T00:39:45.832618+00:00,200,1987.06,
2026-09-11T00:39:45.411818+00:00,200,2415.81,
2026-09-11T00:39:46.927367+00:00,200,903.56,
2026-09-11T00:39:47.068294+00:00,200,771.73,
2026-09-11T00:39:45.669123+00:00,200,2185.63,
2026-09-11T00:39:45.994733+00:00,200,1858.74,
2026-09-11T00:39:46.758786+00:00,200,1111.97,
2026-09-11T00:39:47.558737+00:00,200,304.36,
2026-09-11T00:39:47.256152+00:00,200,618.93,
2026-09-11T00:39:45.855486+00:00,200,2023.19,
2026-09-11T00:39:45.467899+00:00,200,2426.41,
2026-09-11T00:39:46.912931+00:00,200,980.33,
2026-09-11T00:39:46.798931+00:00,200,1096.95,
2026-09-11T00:39:47.584221+00:00,200,336.33,
2026-09-11T00:39:45.494405+00:00,200,2431.23,
2026-09-11T00:39:46.742966+00:00,200,1205.00,
2026-09-11T00:39:46.910280+00:00,200,1050.36,
2026-09-11T00:39:46.614774+00:00,200,1346.44,
2026-09-11T00:39:47.719126+00:00,200,255.92,
2026-09-11T00:39:46.927367+00:00,200,1049.48,
2026-09-11T00:39:47.242732+00:00,200,739.11,
2026-09-11T00:39:46.798931+00:00,200,1183.28,
2026-09-11T00:39:45.270310+00:00,200,2731.25,
2026-09-11T00:39:47.383827+00:00,200,626.66,
2026-09-11T00:39:47.211815+00:00,200,792.81,
2026-09-11T00:39:45.727091+00:00,200,2291.50,
2026-09-11T00:39:47.287654+00:00,200,737.11,
2026-09-11T00:39:45.249435+00:00,200,2776.62,
2026-09-11T00:39:47.672934+00:00,200,359.43,
2026-09-11T00:39:47.766887+00:00,200,276.59,
2026-09-11T00:39:47.719126+00:00,200,334.72,
2026-09-11T00:39:46.945641+00:00,200,1115.14,
2026-09-11T00:39:47.872005+00:00,200,201.27,
2026-09-11T00:39:47.396246+00:00,200,688.50,
2026-09-11T00:39:47.969723+00:00,200,110.17,
2026-09-11T00:39:47.085814+00:00,200,1011.55,
2026-09-11T00:39:47.849336+00:00,200,248.11,
2026-09-11T00:39:47.896510+00:00,200,206.23,
2026-09-11T00:39:46.515524+00:00,200,1587.40,
2026-09-11T00:39:47.875491+00:00,200,234.41,
2026-09-11T00:39:46.798931+00:00,200,1319.97,
2026-09-11T00:39:47.577954+00:00,200,551.05,
2026-09-11T00:39:47.969723+00:00,200,160.91,
2026-09-11T00:39:46.767611+00:00,200,1379.52,
2026-09-11T00:39:46.122470+00:00,200,2024.57,
2026-09-11T00:39:46.652102+00:00,200,1526.34,
2026-09-11T00:39:45.169179+00:00,200,3014.17,
2026-09-11T00:39:47.399152+00:00,200,786.57,
2026-09-11T00:39:47.896510+00:00,200,299.04,
2026-09-11T00:39:46.164963+00:00,200,2036.61,
2026-09-11T00:39:45.738949+00:00,200,2466.91,
2026-09-11T00:39:48.113844+00:00,200,90.42,
2026-09-11T00:39:47.685733+00:00,200,517.40,
2026-09-11T00:39:42.652097+00:00,200,5560.51,
2026-09-11T00:39:47.766887+00:00,200,446.92,
2026-09-11T00:39:45.325965+00:00,200,2901.62,
2026-09-11T00:39:45.881390+00:00,200,2353.39,
2026-09-11T00:39:46.680246+00:00,200,1552.54,
2026-09-11T00:39:46.127996+00:00,200,2113.58,
2026-09-11T00:39:48.150166+00:00,200,94.95,
2026-09-11T00:39:47.877498+00:00,200,371.04,
2026-09-11T00:39:48.170191+00:00,200,84.45,
2026-09-11T00:39:48.176304+00:00,200,91.89,
2026-09-11T00:39:47.633008+00:00,200,650.00,
2026-09-11T00:39:47.796489+00:00,200,495.84,
2026-09-11T00:39:47.949237+00:00,200,351.17,
2026-09-11T00:39:47.046016+00:00,200,1258.49,
2026-09-11T00:39:47.805977+00:00,200,499.92,
2026-09-11T00:39:48.197137+00:00,200,105.44,
2026-09-11T00:39:47.085814+00:00,200,1252.48,
2026-09-11T00:39:47.179846+00:00,200,1164.93,
2026-09-11T00:39:46.595440+00:00,200,1759.92,
2026-09-11T00:39:48.024449+00:00,200,327.78,
2026-09-11T00:39:48.256466+00:00,200,91.41,
2026-09-11T00:39:47.415046+00:00,200,947.33,
2026-09-11T00:39:44.805388+00:00,200,3560.95,
2026-09-11T00:39:46.927367+00:00,200,1439.36,
2026-09-11T00:39:47.558737+00:00,200,815.00,
2026-09-11T00:39:46.308131+00:00,200,2059.40,
2026-09-11T00:39:47.496436+00:00,200,889.58,
2026-09-11T00:39:47.710451+00:00,200,678.79,
2026-09-11T00:39:44.917231+00:00,200,3480.06,
2026-09-11T00:39:46.553969+00:00,200,1858.06,
2026-09-11T00:39:47.247376+00:00,200,1170.55,
2026-09-11T00:39:47.541117+00:00,200,894.52,
2026-09-11T00:39:47.840421+00:00,200,599.19,
2026-09-11T00:39:48.345615+00:00,200,98.56,
2026-09-11T00:39:48.040983+00:00,200,404.48,
2026-09-11T00:39:46.099320+00:00,200,2363.84,
2026-09-11T00:39:48.385493+00:00,200,90.06,
2026-09-11T00:39:48.304501+00:00,200,191.68,
2026-09-11T00:39:47.870641+00:00,200,644.04,
2026-09-11T00:39:47.415046+00:00,200,1108.45,
2026-09-11T00:39:47.468227+00:00,200,1074.01,
2026-09-11T00:39:48.009510+00:00,200,534.95,
2026-09-11T00:39:48.224379+00:00,200,319.63,
2026-09-11T00:39:46.746239+00:00,200,1813.32,
2026-09-11T00:39:45.819697+00:00,200,2737.84,
2026-09-11T00:39:45.634024+00:00,200,2938.14,
2026-09-11T00:39:48.176304+00:00,200,406.53,
2026-09-11T00:39:47.558737+00:00,200,1028.88,
2026-09-11T00:39:48.040983+00:00,200,558.16,
2026-09-11T00:39:47.924585+00:00,200,675.80,
2026-09-11T00:39:48.256466+00:00,200,348.04,
2026-09-11T00:39:47.488214+00:00,200,1121.94,
2026-09-11T00:39:48.513918+00:00,200,102.08,
2026-09-11T00:39:48.110992+00:00,200,514.38,
2026-09-11T00:39:45.155129+00:00,200,3474.80,
2026-09-11T00:39:47.005119+00:00,200,1618.36,
2026-09-11T00:39:46.515524+00:00,200,2140.51,
2026-09-11T00:39:48.074420+00:00,200,595.79,
2026-09-11T00:39:47.346557+00:00,200,1330.51,
2026-09-11T00:39:48.096899+00:00,200,576.76,
2026-09-11T00:39:45.499802+00:00,200,3184.88,
2026-09-11T00:39:46.708804+00:00,200,1978.37,
2026-09-11T00:39:47.338655+00:00,200,1355.75,
2026-09-11T00:39:47.643934+00:00,200,1062.59,
2026-09-11T00:39:48.096899+00:00,200,602.76,
2026-09-11T00:39:47.496436+00:00,200,1208.87,
2026-09-11T00:39:44.423501+00:00,200,4291.59,
2026-09-11T00:39:47.736912+00:00,200,997.77,
2026-09-11T00:39:47.196006+00:00,200,1551.51,
2026-09-11T00:39:48.651337+00:00,200,91.58,
2026-09-11T00:39:48.096899+00:00,200,655.56,
2026-09-11T00:39:47.496436+00:00,200,1258.10,
2026-09-11T00:39:47.310109+00:00,200,1456.31,
2026-09-11T00:39:48.399862+00:00,200,379.54,
2026-09-11T00:39:47.111871+00:00,200,1676.74,
2026-09-11T00:39:45.832618+00:00,200,2948.84,
2026-09-11T00:39:47.701617+00:00,200,1108.93,
2026-09-11T00:39:48.009510+00:00,200,804.20,
2026-09-11T00:39:48.541775+00:00,200,287.49,
2026-09-11T00:39:43.828947+00:00,200,5009.31,
2026-09-11T00:39:47.047525+00:00,200,1793.89,
2026-09-11T00:39:48.666948+00:00,200,173.85,
2026-09-11T00:39:46.300718+00:00,200,2554.07,
2026-09-11T00:39:47.460088+00:00,200,1405.22,
2026-09-11T00:39:48.550022+00:00,200,324.11,
2026-09-11T00:39:48.497898+00:00,200,379.08,
2026-09-11T00:39:47.577954+00:00,200,1304.97,
2026-09-11T00:39:47.532309+00:00,200,1354.06,
2026-09-11T00:39:46.977361+00:00,200,1913.85,
2026-09-11T00:39:47.095945+00:00,200,1811.41,
2026-09-11T00:39:48.311500+00:00,200,595.58,
2026-09-11T00:39:48.113844+00:00,200,795.48,
2026-09-11T00:39:45.785886+00:00,200,3136.80,
2026-09-11T00:39:48.825948+00:00,200,96.66,
2026-09-11T00:39:48.530075+00:00,200,398.91,
2026-09-11T00:39:46.183083+00:00,200,2755.81,
2026-09-11T00:39:44.394645+00:00,200,4538.09,
2026-09-11T00:39:48.368478+00:00,200,572.72,
2026-09-11T00:39:46.107659+00:00,200,2839.90,
2026-09-11T00:39:48.439956+00:00,200,533.63,
2026-09-11T00:39:46.243724+00:00,200,2736.32,
2026-09-11T00:39:47.432897+00:00,200,1571.43,
2026-09-11T00:39:48.922325+00:00,200,83.57,
2026-09-11T00:39:48.574262+00:00,200,434.46,
2026-09-11T00:39:46.720350+00:00,200,2284.68,
2026-09-11T00:39:46.720350+00:00,200,2282.73,
2026-09-11T00:39:48.624762+00:00,200,388.81,
2026-09-11T00:39:46.783771+00:00,200,2228.71,
2026-09-11T00:39:48.059559+00:00,200,961.72,
2026-09-11T00:39:47.258696+00:00,200,1766.65,
2026-09-11T00:39:48.197137+00:00,200,846.02,
2026-09-11T00:39:46.561597+00:00,200,2482.43,
2026-09-11T00:39:48.810754+00:00,200,236.57,
2026-09-11T00:39:46.704007+00:00,200,2355.73,
2026-09-11T00:39:48.791486+00:00,200,287.02,
2026-09-11T00:39:47.155585+00:00,200,1917.81,
2026-09-11T00:39:45.832618+00:00,200,3245.97,
2026-09-11T00:39:48.746588+00:00,200,337.65,
2026-09-11T00:39:48.243824+00:00,200,850.75,
2026-09-11T00:39:46.028374+00:00,200,3074.50,
2026-09-11T00:39:48.385493+00:00,200,717.18,
2026-09-11T00:39:48.001660+00:00,200,1116.80,
2026-09-11T00:39:48.148448+00:00,200,976.91,
2026-09-11T00:39:47.584221+00:00,200,1546.33,
2026-09-11T00:39:47.615561+00:00,200,1524.53,
2026-09-11T00:39:48.133091+00:00,200,1019.55,
2026-09-11T00:39:48.974679+00:00,200,188.49,
2026-09-11T00:39:47.399152+00:00,200,1762.65,
2026-09-11T00:39:47.615561+00:00,200,1552.91,
2026-09-11T00:39:49.074347+00:00,200,91.12,
2026-09-11T00:39:48.730461+00:00,200,435.58,
2026-09-11T00:39:46.950184+00:00,200,2232.25,
2026-09-11T00:39:47.334460+00:00,200,1849.68,
2026-09-11T00:39:48.666948+00:00,200,515.01,
2026-09-11T00:39:48.942176+00:00,200,253.04,
2026-09-11T00:39:48.913187+00:00,200,298.85,
2026-09-11T00:39:46.847421+00:00,200,2373.69,
2026-09-11T00:39:49.134080+00:00,200,85.31,
2026-09-11T00:39:46.697083+00:00,200,2532.05,
2026-09-11T00:39:48.190008+00:00,200,1040.12,
2026-09-11T00:39:47.396246+00:00,200,1835.38,
2026-09-11T00:39:47.577954+00:00,200,1655.14,
2026-09-11T00:39:48.239457+00:00,200,1016.09,
2026-09-11T00:39:48.942176+00:00,200,313.83,
2026-09-11T00:39:48.289628+00:00,200,978.24,
2026-09-11T00:39:44.774766+00:00,200,4505.08,
2026-09-11T00:39:48.520442+00:00,200,768.40,
2026-09-11T00:39:45.434355+00:00,200,3859.88,
2026-09-11T00:39:48.873998+00:00,200,423.53,
2026-09-11T00:39:48.887507+00:00,200,419.18,
2026-09-11T00:39:48.599173+00:00,200,716.30,
2026-09-11T00:39:48.057541+00:00,200,1264.41,
2026-09-11T00:39:46.155063+00:00,200,3173.07,
2026-09-11T00:39:47.153075+00:00,200,2181.58,
2026-09-11T00:39:47.828557+00:00,200,1504.37,
2026-09-11T00:39:49.255220+00:00,200,89.85,
2026-09-11T00:39:45.516086+00:00,200,3831.07,
2026-09-11T00:39:48.197137+00:00,200,1162.59,
2026-09-11T00:39:47.183742+00:00,200,2182.52,
2026-09-11T00:39:48.336386+00:00,200,1047.71,
2026-09-11T00:39:48.240480+00:00,200,1149.77,
2026-09-11T00:39:47.615561+00:00,200,1776.69,
2026-09-11T00:39:49.074347+00:00,200,321.37,
2026-09-11T00:39:48.909192+00:00,200,502.02,
2026-09-11T00:39:48.368478+00:00,200,1038.46,
2026-09-11T00:39:46.720350+00:00,200,2690.18,
2026-09-11T00:39:48.942176+00:00,200,482.52,
2026-09-11T00:39:45.027640+00:00,200,4400.25,
2026-09-11T00:39:49.134080+00:00,200,328.20,
2026-09-11T00:39:47.353662+00:00,200,2103.02,
2026-09-11T00:39:46.038611+00:00,200,3424.83,
2026-09-11T00:39:48.059559+00:00,200,1414.49,
2026-09-11T00:39:48.431214+00:00,200,1040.24,
2026-09-11T00:39:49.198753+00:00,200,299.82,
2026-09-11T00:39:48.913187+00:00,200,590.41,
2026-09-11T00:39:49.324960+00:00,200,186.81,
2026-09-11T00:39:45.229800+00:00,200,4290.48,
2026-09-11T00:39:47.849336+00:00,200,1675.02,
2026-09-11T00:39:47.672934+00:00,200,1858.75,
2026-09-11T00:39:47.985587+00:00,200,1556.13,
2026-09-11T00:39:48.541775+00:00,200,1000.74,
2026-09-11T00:39:46.452285+00:00,200,3096.83,
2026-09-11T00:39:49.007278+00:00,200,554.42,
2026-09-11T00:39:47.132421+00:00,200,2443.66,
2026-09-11T00:39:49.268969+00:00,200,308.19,
2026-09-11T00:39:48.698555+00:00,200,870.16,
2026-09-11T00:39:48.843145+00:00,200,737.21,
2026-09-11T00:39:46.918846+00:00,200,2666.54,
2026-09-11T00:39:49.212834+00:00,200,377.59,
2026-09-11T00:39:49.177975+00:00,200,435.55,
2026-09-11T00:39:49.443793+00:00,200,206.86,
2026-09-11T00:39:48.462221+00:00,200,1213.62,
2026-09-11T00:39:46.531786+00:00,200,3141.16,
2026-09-11T00:39:49.144442+00:00,200,528.60,
2026-09-11T00:39:48.714958+00:00,200,971.32,
2026-09-11T00:39:48.753092+00:00,200,927.97,
2026-09-11T00:39:49.333519+00:00,200,364.96,
2026-09-11T00:39:44.394645+00:00,200,5304.56,
2026-09-11T00:39:46.995717+00:00,200,2710.97,
2026-09-11T00:39:49.001761+00:00,200,705.31,
2026-09-11T00:39:49.007278+00:00,200,704.11,
2026-09-11T00:39:47.621713+00:00,200,2098.34,
2026-09-11T00:39:48.605061+00:00,200,1129.18,
2026-09-11T00:39:48.683039+00:00,200,1045.93,
2026-09-11T00:39:49.498531+00:00,200,245.27,
2026-09-11T00:39:49.001761+00:00,200,749.04,
2026-09-11T00:39:49.461449+00:00,200,302.99,
2026-09-11T00:39:48.210276+00:00,200,1567.59,
2026-09-11T00:39:49.112952+00:00,200,662.57,
2026-09-11T00:39:48.633705+00:00,200,1153.13,
2026-09-11T00:39:48.753092+00:00,200,1036.89,
2026-09-11T00:39:44.900832+00:00,200,4896.26,
2026-09-11T00:39:49.516329+00:00,200,283.20,
2026-09-11T00:39:44.035652+00:00,200,5778.54,
2026-09-11T00:39:49.315387+00:00,200,500.84,
2026-09-11T00:39:46.138946+00:00,200,3680.94,
2026-09-11T00:39:49.516329+00:00,200,306.85,
2026-09-11T00:39:49.333519+00:00,200,502.90,
2026-09-11T00:39:48.304501+00:00,200,1536.78,
2026-09-11T00:39:49.223632+00:00,200,627.76,
2026-09-11T00:39:47.296097+00:00,200,2563.05,
2026-09-11T00:39:49.368874+00:00,200,492.40,
2026-09-11T00:39:49.516329+00:00,200,354.00,
2026-09-11T00:39:48.086438+00:00,200,1790.23,
2026-09-11T00:39:48.431214+00:00,200,1456.40,
2026-09-11T00:39:48.810156+00:00,200,1087.67,
2026-09-11T00:39:49.809658+00:00,200,87.47,
2026-09-11T00:39:46.878155+00:00,200,3026.10,
2026-09-11T00:39:48.607195+00:00,200,1312.54,
2026-09-11T00:39:49.043558+00:00,200,883.30,
2026-09-11T00:39:47.432897+00:00,200,2494.90,
2026-09-11T00:39:49.232698+00:00,200,707.35,
2026-09-11T00:39:49.714182+00:00,200,233.74,
2026-09-11T00:39:46.164963+00:00,200,3780.59,
2026-09-11T00:39:49.016810+00:00,200,934.98,
2026-09-11T00:39:46.117918+00:00,200,3855.81,
2026-09-11T00:39:48.601287+00:00,200,1376.97,
2026-09-11T00:39:49.333519+00:00,200,659.09,
2026-09-11T00:39:48.974679+00:00,200,1019.02,
2026-09-11T00:39:49.618653+00:00,200,386.56,
2026-09-11T00:39:45.832618+00:00,200,4171.29,
2026-09-11T00:39:49.461449+00:00,200,544.35,
2026-09-11T00:39:46.113575+00:00,200,3910.14,
2026-09-11T00:39:49.934385+00:00,200,98.83,
2026-09-11T00:39:48.304501+00:00,200,1740.92,
2026-09-11T00:39:48.233908+00:00,200,1817.01,
2026-09-11T00:39:49.855464+00:00,200,201.85,
2026-09-11T00:39:47.135547+00:00,200,2921.77,
2026-09-11T00:39:47.840421+00:00,200,2230.13,
2026-09-11T00:39:49.968290+00:00,200,99.08,
2026-09-11T00:39:48.922325+00:00,200,1152.29,
2026-09-11T00:39:49.352012+00:00,200,734.51,
2026-09-11T00:39:49.461449+00:00,200,617.94,
2026-09-11T00:39:46.878155+00:00,200,3220.89,
2026-09-11T00:39:47.812527+00:00,200,2279.75,
2026-09-11T00:39:46.458074+00:00,200,3661.96,
2026-09-11T00:39:47.558737+00:00,200,2555.47,
2026-09-11T00:39:46.345250+00:00,200,3795.43,
2026-09-11T00:39:47.969723+00:00,200,2159.91,
2026-09-11T00:39:47.211815+00:00,200,2925.88,
2026-09-11T00:39:46.798931+00:00,200,3342.69,
2026-09-11T00:39:49.478049+00:00,200,687.28,
2026-09-11T00:39:48.379459+00:00,200,1799.13,
2026-09-11T00:39:49.540618+00:00,200,647.18,
2026-09-11T00:39:48.658207+00:00,200,1536.20,
2026-09-11T00:39:49.016810+00:00,200,1180.04,
2026-09-11T00:39:47.437789+00:00,200,2772.98,
2026-09-11T00:39:48.858024+00:00,200,1356.88,
2026-09-11T00:39:48.439956+00:00,200,1775.41,
2026-09-11T00:39:49.293873+00:00,200,928.65,
2026-09-11T00:39:49.419707+00:00,200,805.62,
2026-09-11T00:39:50.148145+00:00,200,86.15,
2026-09-11T00:39:49.732624+00:00,200,503.45,
2026-09-11T00:39:48.890074+00:00,200,1373.94,
2026-09-11T00:39:48.138663+00:00,200,2132.38,
2026-09-11T00:39:49.889557+00:00,200,387.14,
2026-09-11T00:39:45.494405+00:00,200,4797.80,
2026-09-11T00:39:49.085436+00:00,200,1209.23,
2026-09-11T00:39:50.209072+00:00,200,97.87,
2026-09-11T00:39:49.368874+00:00,200,946.86,
2026-09-11T00:39:50.218021+00:00,200,120.93,
2026-09-11T00:39:45.896152+00:00,200,4439.03,
2026-09-11T00:39:50.100380+00:00,200,264.05,
2026-09-11T00:39:49.098069+00:00,200,1271.11,
2026-09-11T00:39:47.703629+00:00,200,2679.60,
2026-09-11T00:39:48.746588+00:00,200,1639.75,
2026-09-11T00:39:49.399566+00:00,200,990.98,
2026-09-11T00:39:48.843145+00:00,200,1544.43,
2026-09-11T00:39:48.786264+00:00,200,1614.65,
2026-09-11T00:39:46.275576+00:00,200,4136.48,
2026-09-11T00:39:47.923131+00:00,200,2491.40,
2026-09-11T00:39:45.966191+00:00,200,4452.10,
2026-09-11T00:39:49.160440+00:00,200,1274.03,
2026-09-11T00:39:47.558737+00:00,200,2888.88,
2026-09-11T00:39:48.084491+00:00,200,2372.58,
2026-09-11T00:39:49.404906+00:00,200,1054.22,
2026-09-11T00:39:47.986198+00:00,200,2487.74,
2026-09-11T00:39:49.762143+00:00,200,713.78,
2026-09-11T00:39:50.378432+00:00,200,99.42,
2026-09-11T00:39:48.683039+00:00,200,1805.89,
2026-09-11T00:39:49.950056+00:00,200,542.82,
2026-09-11T00:39:48.243824+00:00,200,2281.52,
2026-09-11T00:39:50.076385+00:00,200,456.07,
2026-09-11T00:39:50.089192+00:00,200,447.47,
2026-09-11T00:39:50.344043+00:00,200,210.03,
2026-09-11T00:39:48.602330+00:00,200,1953.75,
2026-09-11T00:39:48.913187+00:00,200,1638.32,
2026-09-11T00:39:50.378432+00:00,200,170.20,
2026-09-11T00:39:50.218021+00:00,200,337.54,
2026-09-11T00:39:49.855464+00:00,200,725.06,
2026-09-11T00:39:50.499352+00:00,200,95.72,
2026-09-11T00:39:49.864937+00:00,200,734.83,
2026-09-11T00:39:48.762470+00:00,200,1845.66,
2026-09-11T00:39:48.368478+00:00,200,2249.42,
2026-09-11T00:39:49.301942+00:00,200,1319.99,
2026-09-11T00:39:49.992699+00:00,200,635.97,
2026-09-11T00:39:48.251521+00:00,200,2384.90,
2026-09-11T00:39:49.659283+00:00,200,984.45,
2026-09-11T00:39:49.429630+00:00,200,1218.26,
2026-09-11T00:39:48.351548+00:00,200,2308.44,
2026-09-11T00:39:49.701251+00:00,200,961.38,
2026-09-11T00:39:49.899753+00:00,200,769.61,
2026-09-11T00:39:49.081407+00:00,200,1593.21,
2026-09-11T00:39:50.271138+00:00,200,419.01,
2026-09-11T00:39:46.818431+00:00,200,3866.95,
2026-09-11T00:39:50.600919+00:00,200,92.34,
2026-09-11T00:39:50.191606+00:00,200,522.02,
2026-09-11T00:39:49.680661+00:00,200,1036.39,
2026-09-11T00:39:45.950726+00:00,200,4773.73,
2026-09-11T00:39:48.351548+00:00,200,2366.25,
2026-09-11T00:39:47.135547+00:00,200,3601.31,
2026-09-11T00:39:49.920101+00:00,200,838.13,
2026-09-11T00:39:49.258885+00:00,200,1501.78,
2026-09-11T00:39:50.502916+00:00,200,266.75,
2026-09-11T00:39:47.511608+00:00,200,3267.72,
2026-09-11T00:39:48.878632+00:00,200,1910.37,
2026-09-11T00:39:49.809658+00:00,200,975.08,
2026-09-11T00:39:49.050546+00:00,200,1744.16,
2026-09-11T00:39:49.318288+00:00,200,1474.93,
2026-09-11T00:39:50.290950+00:00,200,512.04,
2026-09-11T00:39:49.732624+00:00,200,1096.22,
2026-09-11T00:39:48.197137+00:00,200,2629.04,
2026-09-11T00:39:49.680661+00:00,200,1159.70,
2026-09-11T00:39:49.998874+00:00,200,843.97,
2026-09-11T00:39:47.833828+00:00,200,3023.12,
2026-09-11T00:39:50.521568+00:00,200,336.75,
2026-09-11T00:39:47.547828+00:00,200,3320.65,
2026-09-11T00:39:47.764880+00:00,200,3104.65,
2026-09-11T00:39:50.408004+00:00,200,475.70,
2026-09-11T00:39:49.160440+00:00,200,1725.09,
2026-09-11T00:39:48.714958+00:00,200,2186.76,
2026-09-11T00:39:48.781237+00:00,200,2124.49,
2026-09-11T00:39:49.223632+00:00,200,1681.51,
2026-09-11T00:39:50.290950+00:00,200,620.72,
2026-09-11T00:39:48.297474+00:00,200,2622.87,
2026-09-11T00:39:50.837656+00:00,200,95.10,
2026-09-11T00:39:50.353019+00:00,200,579.74,
2026-09-11T00:39:50.740966+00:00,200,249.14,
2026-09-11T00:39:50.868859+00:00,200,148.43,
2026-09-11T00:39:50.303188+00:00,200,726.02,
2026-09-11T00:39:47.055651+00:00,200,4005.93,
2026-09-11T00:39:47.964193+00:00,200,3117.19,
2026-09-11T00:39:50.439672+00:00,200,645.67,
2026-09-11T00:39:48.213586+00:00,200,2887.75,
2026-09-11T00:39:48.666948+00:00,200,2426.30,
2026-09-11T00:39:49.298416+00:00,200,1809.96,
2026-09-11T00:39:47.784436+00:00,200,3332.46,
2026-09-11T00:39:49.798652+00:00,200,1333.15,
2026-09-11T00:39:49.582927+00:00,200,1562.51,
2026-09-11T00:39:47.321496+00:00,200,3839.01,
2026-09-11T00:39:50.015690+00:00,200,1168.61,
2026-09-11T00:39:50.047078+00:00,200,1147.69,
2026-09-11T00:39:48.698555+00:00,200,2492.25,
2026-09-11T00:39:48.922325+00:00,200,2274.55,
2026-09-11T00:39:48.861888+00:00,200,2338.42,
2026-09-11T00:39:51.067968+00:00,200,143.94,
2026-09-11T00:39:49.732624+00:00,200,1487.91,
2026-09-11T00:39:50.456555+00:00,200,776.80,
2026-09-11T00:39:49.749587+00:00,200,1497.40,
2026-09-11T00:39:50.794217+00:00,200,460.47,
2026-09-11T00:39:48.986489+00:00,200,2268.96,
2026-09-11T00:39:49.429630+00:00,200,1831.24,
2026-09-11T00:39:49.007278+00:00,200,2276.70,
2026-09-11T00:39:50.281113+00:00,200,1008.84,
2026-09-11T00:39:50.180652+00:00,200,1117.44,
2026-09-11T00:39:49.774922+00:00,200,1530.31,
2026-09-11T00:39:49.960340+00:00,200,1351.14,
2026-09-11T00:39:50.619412+00:00,200,691.27,
2026-09-11T00:39:50.047078+00:00,200,1276.14,
2026-09-11T00:39:47.615561+00:00,200,3720.40,
2026-09-11T00:39:49.581906+00:00,200,1764.01,
2026-09-11T00:39:51.017215+00:00,200,331.97,
2026-09-11T00:39:49.547813+00:00,200,1798.25,
2026-09-11T00:39:50.189091+00:00,200,1166.56,
2026-09-11T00:39:50.889573+00:00,200,481.26,
2026-09-11T00:39:50.238230+00:00,200,1145.88,
2026-09-11T00:39:51.089120+00:00,200,297.42,
2026-09-11T00:39:50.209072+00:00,200,1182.79,
2026-09-11T00:39:51.286871+00:00,200,109.91,
2026-09-11T00:39:49.112952+00:00,200,2275.74,
2026-09-11T00:39:49.177975+00:00,200,2230.36,
2026-09-11T00:39:50.931405+00:00,200,485.33,
2026-09-11T00:39:50.794217+00:00,200,628.91,
2026-09-11T00:39:49.902768+00:00,200,1522.17,
2026-09-11T00:39:51.331719+00:00,200,94.45,
2026-09-11T00:39:51.080353+00:00,200,353.67,
2026-09-11T00:39:49.840556+00:00,200,1596.88,
2026-09-11T00:39:50.439672+00:00,200,999.98,
2026-09-11T00:39:49.927301+00:00,200,1520.06,
2026-09-11T00:39:49.947547+00:00,200,1508.20,
2026-09-11T00:39:49.889557+00:00,200,1579.04,
2026-09-11T00:39:50.362669+00:00,200,1115.66,
2026-09-11T00:39:49.587950+00:00,200,1913.93,
2026-09-11T00:39:50.399372+00:00,200,1107.24,
2026-09-11T00:39:50.693043+00:00,200,817.40,
2026-09-11T00:39:49.110709+00:00,200,2413.16,
2026-09-11T00:39:50.665284+00:00,200,874.79,
2026-09-11T00:39:49.557721+00:00,200,1975.11,
2026-09-11T00:39:48.368478+00:00,200,3170.37,
2026-09-11T00:39:50.015690+00:00,200,1530.90,
2026-09-11T00:39:51.438832+00:00,200,120.48,
2026-09-11T00:39:50.628443+00:00,200,938.88,
2026-09-11T00:39:50.555929+00:00,200,1022.52,
2026-09-11T00:39:46.212007+00:00,200,5380.71,
2026-09-11T00:39:51.503661+00:00,200,98.64,
2026-09-11T00:39:48.614614+00:00,200,2989.42,
2026-09-11T00:39:46.332083+00:00,200,5285.63,
2026-09-11T00:39:46.857653+00:00,200,4768.09,
2026-09-11T00:39:50.772890+00:00,200,847.26,
2026-09-11T00:39:51.190821+00:00,200,434.42,
2026-09-11T00:39:50.478770+00:00,200,1152.40,
2026-09-11T00:39:50.125684+00:00,200,1508.44,
2026-09-11T00:39:46.235700+00:00,200,5412.63,
2026-09-11T00:39:49.270973+00:00,200,2372.35,
2026-09-11T00:39:50.209072+00:00,200,1452.72,
2026-09-11T00:39:50.665284+00:00,200,1009.12,
2026-09-11T00:39:51.100400+00:00,200,584.62,
2026-09-11T00:39:48.414660+00:00,200,3269.31,
2026-09-11T00:39:50.790201+00:00,200,901.47,
2026-09-11T00:39:48.478205+00:00,200,3229.25,
2026-09-11T00:39:51.617457+00:00,200,101.87,
2026-09-11T00:39:50.900140+00:00,200,829.93,
2026-09-11T00:39:51.603122+00:00,200,130.39,
2026-09-11T00:39:51.385547+00:00,200,356.04,
2026-09-11T00:39:49.743451+00:00,200,2003.27,
2026-09-11T00:39:51.104778+00:00,200,643.62,
2026-09-11T00:39:47.685733+00:00,200,4065.68,
2026-09-11T00:39:44.990583+00:00,200,6770.80,
2026-09-11T00:39:50.125684+00:00,200,1640.83,
2026-09-11T00:39:49.547813+00:00,200,2221.03,
2026-09-11T00:39:49.411905+00:00,200,2357.74,
2026-09-11T00:39:49.387464+00:00,200,2386.21,
2026-09-11T00:39:51.582707+00:00,200,229.82,
2026-09-11T00:39:50.695055+00:00,200,1129.59,
2026-09-11T00:39:51.200873+00:00,200,632.98,
2026-09-11T00:39:51.121353+00:00,200,704.62,
2026-09-11T00:39:49.525561+00:00,200,2314.31,
2026-09-11T00:39:51.731998+00:00,200,119.75,
2026-09-11T00:39:49.800937+00:00,200,2061.66,
2026-09-11T00:39:51.394603+00:00,200,471.24,
2026-09-11T00:39:48.557597+00:00,200,3339.88,
2026-09-11T00:39:50.413090+00:00,200,1488.10,
2026-09-11T00:39:51.216125+00:00,200,683.37,
2026-09-11T00:39:51.311305+00:00,200,595.46,
2026-09-11T00:39:51.702334+00:00,200,209.19,
2026-09-11T00:39:50.268241+00:00,200,1664.42,
2026-09-11T00:39:49.782243+00:00,200,2149.10,
2026-09-11T00:39:48.368478+00:00,200,3567.80,
2026-09-11T00:39:51.566629+00:00,200,382.80,
2026-09-11T00:39:51.544156+00:00,200,421.67,
2026-09-11T00:39:50.740966+00:00,200,1235.63,
2026-09-11T00:39:48.589054+00:00,200,3417.17,
2026-09-11T00:39:49.575475+00:00,200,2433.61,
2026-09-11T00:39:50.884854+00:00,200,1130.80,
2026-09-11T00:39:49.701251+00:00,200,2318.59,
2026-09-11T00:39:47.762872+00:00,200,4267.34,
2026-09-11T00:39:50.059450+00:00,200,1973.84,
2026-09-11T00:39:48.636435+00:00,200,3399.38,
2026-09-11T00:39:49.508646+00:00,200,2526.51,
2026-09-11T00:39:49.582927+00:00,200,2458.25,
2026-09-11T00:39:50.852748+00:00,200,1177.55,
2026-09-11T00:39:49.192483+00:00,200,2851.83,
2026-09-11T00:39:49.160440+00:00,200,2881.04,
2026-09-11T00:39:48.843145+00:00,200,3211.99,
2026-09-11T00:39:51.741756+00:00,200,331.17,
2026-09-11T00:39:49.822960+00:00,200,2264.76,
2026-09-11T00:39:50.059450+00:00,200,2036.95,
2026-09-11T00:39:51.633824+00:00,200,481.82,
2026-09-11T00:39:48.351548+00:00,200,3775.74,
2026-09-11T00:39:51.813520+00:00,200,324.82,
2026-09-11T00:39:48.220867+00:00,200,3918.25,
2026-09-11T00:39:51.595400+00:00,200,543.90,
2026-09-11T00:39:51.507177+00:00,200,653.64,
2026-09-11T00:39:51.400431+00:00,200,772.60,
2026-09-11T00:39:47.896510+00:00,200,4280.55,
2026-09-11T00:39:50.637151+00:00,200,1547.44,
2026-09-11T00:39:50.476761+00:00,200,1718.01,
2026-09-11T00:39:48.787789+00:00,200,3410.38,
2026-09-11T00:39:49.809658+00:00,200,2386.65,
2026-09-11T00:39:49.782243+00:00,200,2439.49,
2026-09-11T00:39:51.367309+00:00,200,863.45,
2026-09-11T00:39:50.673870+00:00,200,1562.68,
2026-09-11T00:39:51.291340+00:00,200,947.98,
2026-09-11T00:39:49.223632+00:00,200,3016.26,
2026-09-11T00:39:50.418053+00:00,200,1847.20,
2026-09-11T00:39:51.200873+00:00,200,1068.92,
2026-09-11T00:39:51.327726+00:00,200,952.00,
2026-09-11T00:39:51.634838+00:00,200,654.09,
2026-09-11T00:39:51.916613+00:00,200,380.06,
2026-09-11T00:39:51.927768+00:00,200,374.47,
2026-09-11T00:39:52.195949+00:00,200,127.14,
2026-09-11T00:39:48.564672+00:00,200,3766.10,
2026-09-11T00:39:51.342844+00:00,200,983.47,
2026-09-11T00:39:51.869366+00:00,200,466.56,
2026-09-11T00:39:51.627474+00:00,200,724.39,
2026-09-11T00:39:49.998874+00:00,200,2351.25,
2026-09-11T00:39:52.241849+00:00,200,119.95,
2026-09-11T00:39:51.190821+00:00,200,1182.12,
2026-09-11T00:39:52.267136+00:00,200,109.75,
2026-09-11T00:39:51.752253+00:00,200,617.80,
2026-09-11T00:39:51.342844+00:00,200,1029.56,
2026-09-11T00:39:50.161904+00:00,200,2222.49,
2026-09-11T00:39:51.845890+00:00,200,575.25,
2026-09-11T00:39:50.532900+00:00,200,1896.56,
2026-09-11T00:39:48.023419+00:00,200,4417.57,
2026-09-11T00:39:52.011023+00:00,200,438.59,
2026-09-11T00:39:51.538998+00:00,200,920.05,
2026-09-11T00:39:45.928171+00:00,200,6542.50,
2026-09-11T00:39:49.007278+00:00,200,3464.72,
2026-09-11T00:39:51.560856+00:00,200,911.14,
2026-09-11T00:39:47.890979+00:00,200,4586.46,
2026-09-11T00:39:49.794135+00:00,200,2687.17,
2026-09-11T00:39:51.360687+00:00,200,1121.92,
2026-09-11T00:39:50.059450+00:00,200,2414.28,
2026-09-11T00:39:50.139135+00:00,200,2364.34,
2026-09-11T00:39:52.027926+00:00,200,487.10,
2026-09-11T00:39:51.937945+00:00,200,596.71,
2026-09-11T00:39:51.424919+00:00,200,1110.71,
2026-09-11T00:39:51.769412+00:00,200,769.57,
2026-09-11T00:39:50.913141+00:00,200,1633.66,
2026-09-11T00:39:49.461449+00:00,200,3090.22,
2026-09-11T00:39:51.860933+00:00,200,698.66,
2026-09-11T00:39:52.372097+00:00,200,189.24,
2026-09-11T00:39:48.282210+00:00,200,4288.77,
2026-09-11T00:39:51.258637+00:00,200,1321.37,
2026-09-11T00:39:52.195949+00:00,200,397.59,
2026-09-11T00:39:51.627474+00:00,200,970.18,
2026-09-11T00:39:52.127535+00:00,200,479.38,
2026-09-11T00:39:49.575475+00:00,200,3038.62,
2026-09-11T00:39:51.342844+00:00,200,1270.60,
2026-09-11T00:39:49.680661+00:00,200,2940.66,
2026-09-11T00:39:52.535912+00:00,200,99.21,
2026-09-11T00:39:50.218021+00:00,200,2416.83,
2026-09-11T00:39:52.563349+00:00,200,94.47,
2026-09-11T00:39:52.565214+00:00,200,104.09,
2026-09-11T00:39:51.121353+00:00,200,1555.07,
2026-09-11T00:39:49.678911+00:00,200,3003.09,
2026-09-11T00:39:51.522829+00:00,200,1166.51,
2026-09-11T00:39:52.348930+00:00,200,356.09,
2026-09-11T00:39:51.155850+00:00,200,1557.17,
2026-09-11T00:39:51.234061+00:00,200,1492.22,
2026-09-11T00:39:52.140615+00:00,200,587.39,
2026-09-11T00:39:50.764874+00:00,200,1967.83,
2026-09-11T00:39:51.253125+00:00,200,1486.06,
2026-09-11T00:39:52.177615+00:00,200,559.90,
2026-09-11T00:39:51.935939+00:00,200,813.01,
2026-09-11T00:39:49.396248+00:00,200,3357.24,
2026-09-11T00:39:50.086083+00:00,200,2667.07,
2026-09-11T00:39:52.652683+00:00,200,107.67,
2026-09-11T00:39:52.135823+00:00,200,638.88,
2026-09-11T00:39:50.552574+00:00,200,2230.68,
2026-09-11T00:39:49.160440+00:00,200,3624.36,
2026-09-11T00:39:52.160992+00:00,200,639.95,
2026-09-11T00:39:51.424919+00:00,200,1397.66,
2026-09-11T00:39:49.007278+00:00,200,3813.50,
2026-09-11T00:39:50.991933+00:00,200,1844.92,
2026-09-11T00:39:51.746438+00:00,200,1094.73,
2026-09-11T00:39:47.669760+00:00,200,5174.44,
2026-09-11T00:39:51.769412+00:00,200,1079.98,
2026-09-11T00:39:50.725543+00:00,200,2123.82,
2026-09-11T00:39:51.718464+00:00,200,1142.01,
2026-09-11T00:39:52.011023+00:00,200,850.86,
2026-09-11T00:39:51.258637+00:00,200,1622.57,
2026-09-11T00:39:51.422725+00:00,200,1465.57,
2026-09-11T00:39:50.665284+00:00,200,2225.68,
2026-09-11T00:39:47.199909+00:00,200,5699.90,
2026-09-11T00:39:49.698584+00:00,200,3215.40,
2026-09-11T00:39:51.752253+00:00,200,1168.04,
2026-09-11T00:39:52.545726+00:00,200,401.32,
2026-09-11T00:39:52.777293+00:00,200,179.79,
2026-09-11T00:39:52.856728+00:00,200,100.19,
2026-09-11T00:39:51.247797+00:00,200,1717.60,
2026-09-11T00:39:52.444263+00:00,200,525.85,
2026-09-11T00:39:52.631029+00:00,200,352.89,
2026-09-11T00:39:52.730437+00:00,200,256.30,
2026-09-11T00:39:49.112952+00:00,200,3866.95,
2026-09-11T00:39:49.798652+00:00,200,3199.67,
2026-09-11T00:39:52.892617+00:00,200,105.32,
2026-09-11T00:39:51.634838+00:00,200,1373.75,
2026-09-11T00:39:51.767887+00:00,200,1243.03,
2026-09-11T00:39:52.579246+00:00,200,445.38,
2026-09-11T00:39:50.816477+00:00,200,2209.36,
2026-09-11T00:39:51.424919+00:00,200,1614.17,
2026-09-11T00:39:50.837656+00:00,200,2208.38,
2026-09-11T00:39:52.177615+00:00,200,877.35,
2026-09-11T00:39:52.856728+00:00,200,202.08,
2026-09-11T00:39:51.432193+00:00,200,1641.98,
2026-09-11T00:39:49.701251+00:00,200,3378.82,
2026-09-11T00:39:51.910907+00:00,200,1178.01,
2026-09-11T00:39:52.485985+00:00,200,603.27,
2026-09-11T00:39:52.002562+00:00,200,1086.32,
2026-09-11T00:39:50.316570+00:00,200,2781.21,
2026-09-11T00:39:49.333519+00:00,200,3780.75,
2026-09-11T00:39:49.676901+00:00,200,3455.38,
2026-09-11T00:39:51.570660+00:00,200,1563.28,
2026-09-11T00:39:50.328980+00:00,200,2802.05,
2026-09-11T00:39:53.050401+00:00,200,100.87,
2026-09-11T00:39:52.039445+00:00,200,1117.69,
2026-09-11T00:39:50.703009+00:00,200,2467.31,
2026-09-11T00:39:52.269379+00:00,200,906.13,
2026-09-11T00:39:47.833828+00:00,200,5348.78,
2026-09-11T00:39:52.840853+00:00,200,331.80,
2026-09-11T00:39:50.852748+00:00,200,2335.85,
2026-09-11T00:39:52.227638+00:00,200,963.68,
2026-09-11T00:39:53.040897+00:00,200,160.62,
2026-09-11T00:39:53.133324+00:00,200,90.42,
2026-09-11T00:39:50.916762+00:00,200,2305.23,
2026-09-11T00:39:50.566199+00:00,200,2660.86,
2026-09-11T00:39:51.438832+00:00,200,1795.59,
2026-09-11T00:39:52.743474+00:00,200,505.90,
2026-09-11T00:39:52.285984+00:00,200,968.60,
2026-09-11T00:39:53.173010+00:00,200,92.58,
2026-09-11T00:39:51.454521+00:00,200,1835.58,
2026-09-11T00:39:52.278195+00:00,200,1015.98,
2026-09-11T00:39:52.288750+00:00,200,1011.42,
2026-09-11T00:39:49.387464+00:00,200,3918.49,
2026-09-11T00:39:52.882300+00:00,200,433.79,
2026-09-11T00:39:52.612956+00:00,200,702.36,
2026-09-11T00:39:51.689487+00:00,200,1645.37,
2026-09-11T00:39:50.555929+00:00,200,2783.26,
2026-09-11T00:39:53.135337+00:00,200,205.58,
2026-09-11T00:39:53.141338+00:00,200,231.31,
2026-09-11T00:39:52.102552+00:00,200,1271.96,
2026-09-11T00:39:53.002569+00:00,200,373.89,
2026-09-11T00:39:51.965103+00:00,200,1423.17,
2026-09-11T00:39:51.265370+00:00,200,2123.75,
2026-09-11T00:39:49.871894+00:00,200,3527.61,
2026-09-11T00:39:52.718163+00:00,200,681.40,
2026-09-11T00:39:49.048463+00:00,200,4376.72,
2026-09-11T00:39:53.085597+00:00,200,347.50,
2026-09-11T00:39:52.335900+00:00,200,1098.63,
2026-09-11T00:39:52.968257+00:00,200,467.30,
2026-09-11T00:39:50.271138+00:00,200,3170.10,
2026-09-11T00:39:51.752253+00:00,200,1690.66,
2026-09-11T00:39:52.687279+00:00,200,750.16,
2026-09-11T00:39:52.752382+00:00,200,710.08,
2026-09-11T00:39:52.356499+00:00,200,1112.82,
2026-09-11T00:39:52.172040+00:00,200,1303.15,
2026-09-11T00:39:49.839049+00:00,200,3655.23,
2026-09-11T00:39:50.389357+00:00,200,3124.48,
2026-09-11T00:39:51.549916+00:00,200,1970.25,
2026-09-11T00:39:52.840853+00:00,200,678.50,
2026-09-11T00:39:52.092175+00:00,200,1438.60,
2026-09-11T00:39:45.722651+00:00,200,7814.87,
2026-09-11T00:39:50.790201+00:00,200,2747.98,
2026-09-11T00:39:53.421852+00:00,200,125.57,
2026-09-11T00:39:53.404779+00:00,200,171.14,
2026-09-11T00:39:51.675402+00:00,200,1902.23,
2026-09-11T00:39:50.238230+00:00,200,3352.03,
2026-09-11T00:39:51.139304+00:00,200,2454.35,
2026-09-11T00:39:52.840853+00:00,200,757.50,
2026-09-11T00:39:53.094165+00:00,200,519.86,
2026-09-11T00:39:49.054056+00:00,200,4557.07,
2026-09-11T00:39:50.434013+00:00,200,3191.53,
2026-09-11T00:39:53.491115+00:00,200,132.23,
2026-09-11T00:39:52.219286+00:00,200,1403.92,
2026-09-11T00:39:51.686256+00:00,200,1954.80,
2026-09-11T00:39:52.799324+00:00,200,840.57,
2026-09-11T00:39:49.927301+00:00,200,3725.25,
2026-09-11T00:39:52.956292+00:00,200,705.44,
2026-09-11T00:39:53.085597+00:00,200,577.21,
2026-09-11T00:39:50.715045+00:00,200,2962.86,
2026-09-11T00:39:53.202497+00:00,200,491.88,
2026-09-11T00:39:52.319887+00:00,200,1374.27,
2026-09-11T00:39:52.072005+00:00,200,1631.56,
2026-09-11T00:39:52.510939+00:00,200,1196.82,
2026-09-11T00:39:49.998874+00:00,200,3727.09,
2026-09-11T00:39:51.902568+00:00,200,1824.88,
2026-09-11T00:39:53.231417+00:00,200,499.14,
2026-09-11T00:39:52.621700+00:00,200,1119.40,
2026-09-11T00:39:52.998205+00:00,200,763.62,
2026-09-11T00:39:53.538085+00:00,200,228.51,
2026-09-11T00:39:50.490256+00:00,200,3294.40,
2026-09-11T00:39:51.845890+00:00,200,1936.73,
2026-09-11T00:39:51.900848+00:00,200,1904.41,
2026-09-11T00:39:50.715045+00:00,200,3085.75,
2026-09-11T00:39:53.463353+00:00,200,349.48,
2026-09-11T00:39:52.642065+00:00,200,1178.56,
2026-09-11T00:39:51.026050+00:00,200,2795.69,
2026-09-11T00:39:51.691494+00:00,200,2137.90,
2026-09-11T00:39:53.434753+00:00,200,400.80,
2026-09-11T00:39:52.472070+00:00,200,1370.91,
2026-09-11T00:39:50.806892+00:00,200,3050.59,
2026-09-11T00:39:52.612956+00:00,200,1247.76,
2026-09-11T00:39:51.026050+00:00,200,2840.22,
2026-09-11T00:39:53.193696+00:00,200,694.31,
2026-09-11T00:39:53.231417+00:00,200,663.29,
2026-09-11T00:39:51.512449+00:00,200,2392.27,
2026-09-11T00:39:53.803247+00:00,200,103.29,
2026-09-11T00:39:49.383764+00:00,200,4541.75,
2026-09-11T00:39:52.435907+00:00,200,1491.87,
2026-09-11T00:39:51.391080+00:00,200,2540.55,
2026-09-11T00:39:53.703258+00:00,200,226.95,
2026-09-11T00:39:52.904435+00:00,200,1042.13,
2026-09-11T00:39:51.985910+00:00,200,1974.38,
2026-09-11T00:39:52.027926+00:00,200,1930.11,
2026-09-11T00:39:52.782021+00:00,200,1187.49,
2026-09-11T00:39:50.139135+00:00,200,3846.83,
2026-09-11T00:39:53.475275+00:00,200,513.50,
2026-09-11T00:39:51.625472+00:00,200,2366.65,
2026-09-11T00:39:53.693884+00:00,200,319.44,
2026-09-11T00:39:50.585774+00:00,200,3437.04,
2026-09-11T00:39:53.381975+00:00,200,646.77,
2026-09-11T00:39:53.780204+00:00,200,246.89,
2026-09-11T00:39:52.718163+00:00,200,1315.44,
2026-09-11T00:39:53.443307+00:00,200,607.89,
2026-09-11T00:39:53.292852+00:00,200,754.92,
2026-09-11T00:39:51.200873+00:00,200,2848.55,
2026-09-11T00:39:52.052146+00:00,200,2024.44,
2026-09-11T00:39:47.005119+00:00,200,7075.76,
2026-09-11T00:39:53.019126+00:00,200,1067.15,
2026-09-11T00:39:53.176735+00:00,200,925.58,
2026-09-11T00:39:53.618963+00:00,200,487.36,
2026-09-11T00:39:53.603105+00:00,200,515.20,
2026-09-11T00:39:51.825441+00:00,200,2299.92,
2026-09-11T00:39:48.698555+00:00,200,5431.37,
2026-09-11T00:39:53.522932+00:00,200,610.65,
2026-09-11T00:39:53.398482+00:00,200,748.68,
2026-09-11T00:39:54.045885+00:00,200,106.00,
2026-09-11T00:39:50.900140+00:00,200,3256.46,
2026-09-11T00:39:52.428134+00:00,200,1738.54,
2026-09-11T00:39:52.472070+00:00,200,1705.68,
2026-09-11T00:39:53.050401+00:00,200,1121.23,
2026-09-11T00:39:50.086083+00:00,200,4098.57,
2026-09-11T00:39:52.888517+00:00,200,1297.29,
2026-09-11T00:39:47.766887+00:00,200,6420.81,
2026-09-11T00:39:52.027926+00:00,200,2168.36,
2026-09-11T00:39:53.720293+00:00,200,471.15,
2026-09-11T00:39:52.035697+00:00,200,2183.19,
2026-09-11T00:39:52.327632+00:00,200,1904.31,
2026-09-11T00:39:49.934385+00:00,200,4298.89,
2026-09-11T00:39:54.135913+00:00,200,104.39,
2026-09-11T00:39:52.745492+00:00,200,1518.75,
2026-09-11T00:39:52.666542+00:00,200,1603.77,
2026-09-11T00:39:53.859410+00:00,200,423.20,
2026-09-11T00:39:53.642205+00:00,200,649.68,
2026-09-11T00:39:49.213699+00:00,200,5078.40,
2026-09-11T00:39:52.552660+00:00,200,1763.79,
2026-09-11T00:39:53.381975+00:00,200,930.36,
2026-09-11T00:39:45.639356+00:00,200,8686.93,
2026-09-11T00:39:54.060109+00:00,200,270.74,
2026-09-11T00:39:53.920245+00:00,200,408.41,
2026-09-11T00:39:50.555929+00:00,200,3794.64,
2026-09-11T00:39:54.244165+00:00,200,117.11,
2026-09-11T00:39:53.212480+00:00,200,1150.46,
2026-09-11T00:39:52.682296+00:00,200,1695.16,
2026-09-11T00:39:52.777293+00:00,200,1602.60,
2026-09-11T00:39:53.743873+00:00,200,645.08,
2026-09-11T00:39:53.960540+00:00,200,429.55,
2026-09-11T00:39:53.696429+00:00,200,708.93,
2026-09-11T00:39:48.414660+00:00,200,5993.70,
2026-09-11T00:39:52.991547+00:00,200,1433.73,
2026-09-11T00:39:51.100400+00:00,200,3323.66,
2026-09-11T00:39:50.884854+00:00,200,3544.44,
2026-09-11T00:39:53.427596+00:00,200,1008.94,
2026-09-11T00:39:52.035697+00:00,200,2409.08,
2026-09-11T00:39:52.840853+00:00,200,1604.96,
2026-09-11T00:39:53.408164+00:00,200,1078.35,
2026-09-11T00:39:50.725543+00:00,200,3769.36,
2026-09-11T00:39:52.361064+00:00,200,2144.10,
2026-09-11T00:39:48.843145+00:00,200,5663.66,
2026-09-11T00:39:52.433062+00:00,200,2077.12,
2026-09-11T00:39:50.039643+00:00,200,4472.53,
2026-09-11T00:39:51.977128+00:00,200,2536.13,
2026-09-11T00:39:50.589800+00:00,200,3920.79,
2026-09-11T00:39:50.399372+00:00,200,4137.97,
2026-09-11T00:39:53.319311+00:00,200,1227.87,
2026-09-11T00:39:48.451563+00:00,200,6101.18,
2026-09-11T00:39:53.617012+00:00,200,944.65,
2026-09-11T00:39:53.905112+00:00,200,665.71,
2026-09-11T00:39:52.202639+00:00,200,2372.05,
2026-09-11T00:39:50.370327+00:00,200,4225.03,
2026-09-11T00:39:54.096243+00:00,200,500.87,
2026-09-11T00:39:53.538085+00:00,200,1069.45,
2026-09-11T00:39:54.196208+00:00,200,430.52,
2026-09-11T00:39:54.280393+00:00,200,354.80,
2026-09-11T00:39:53.594405+00:00,200,1046.04,
2026-09-11T00:39:53.667586+00:00,200,975.39,
2026-09-11T00:39:50.772890+00:00,200,3871.95,
2026-09-11T00:39:54.438849+00:00,200,208.97,
2026-09-11T00:39:54.332308+00:00,200,334.22,
2026-09-11T00:39:54.565358+00:00,200,109.03,
2026-09-11T00:39:51.696811+00:00,200,2994.90,
2026-09-11T00:39:52.527560+00:00,200,2159.56,
2026-09-11T00:39:53.019126+00:00,200,1670.41,
2026-09-11T00:39:54.161117+00:00,200,530.63,
2026-09-11T00:39:54.327936+00:00,200,390.10,
2026-09-11T00:39:52.235889+00:00,200,2496.70,
2026-09-11T00:39:51.605119+00:00,200,3131.20,
2026-09-11T00:39:53.182462+00:00,200,1558.64,
2026-09-11T00:39:53.508859+00:00,200,1246.88,
2026-09-11T00:39:53.816276+00:00,200,937.88,
2026-09-11T00:39:54.661461+00:00,200,112.56,
2026-09-11T00:39:54.074957+00:00,200,713.72,
2026-09-11T00:39:54.240443+00:00,200,552.61,
2026-09-11T00:39:52.666542+00:00,200,2125.50,
2026-09-11T00:39:54.103725+00:00,200,700.53,
2026-09-11T00:39:52.469160+00:00,200,2344.19,
2026-09-11T00:39:53.728974+00:00,200,1097.70,
2026-09-11T00:39:50.824825+00:00,200,4001.15,
2026-09-11T00:39:54.369707+00:00,200,466.54,
2026-09-11T00:39:47.757990+00:00,200,7090.25,
2026-09-11T00:39:52.595243+00:00,200,2260.64,
2026-09-11T00:39:53.141338+00:00,200,1716.10,
2026-09-11T00:39:50.059450+00:00,200,4804.92,
2026-09-11T00:39:53.379468+00:00,200,1509.98,
2026-09-11T00:39:51.414137+00:00,200,3480.40,
2026-09-11T00:39:48.937478+00:00,200,5971.38,
2026-09-11T00:39:54.292122+00:00,200,625.59,
2026-09-11T00:39:50.139135+00:00,200,4777.91,
2026-09-11T00:39:53.618963+00:00,200,1302.47,
2026-09-11T00:39:48.024449+00:00,200,6911.50,
2026-09-11T00:39:53.984060+00:00,200,955.33,
2026-09-11T00:39:53.839165+00:00,200,1105.75,
2026-09-11T00:39:51.902568+00:00,200,3049.07,
2026-09-11T00:39:51.342844+00:00,200,3604.56,
2026-09-11T00:39:50.629447+00:00,200,4337.01,
2026-09-11T00:39:54.267576+00:00,200,706.29,
2026-09-11T00:39:52.143807+00:00,200,2843.91,
2026-09-11T00:39:53.236602+00:00,200,1756.84,
2026-09-11T00:39:54.693701+00:00,200,317.98,
2026-09-11T00:39:53.626770+00:00,200,1390.71,
2026-09-11T00:39:52.738370+00:00,200,2277.20,
2026-09-11T00:39:54.014032+00:00,200,1007.65,
2026-09-11T00:39:47.652030+00:00,200,7376.47,
2026-09-11T00:39:52.687279+00:00,200,2339.52,
2026-09-11T00:39:50.868859+00:00,200,4168.31,
2026-09-11T00:39:50.931405+00:00,200,4109.05,
2026-09-11T00:39:52.984307+00:00,200,2087.17,
2026-09-11T00:39:49.177975+00:00,200,5913.69,
2026-09-11T00:39:54.161117+00:00,200,936.82,
2026-09-11T00:39:52.840853+00:00,200,2269.32,
2026-09-11T00:39:50.645144+00:00,200,4460.51,
2026-09-11T00:39:54.732425+00:00,200,385.93,
2026-09-11T00:39:52.381943+00:00,200,2749.81,
2026-09-11T00:39:53.823496+00:00,200,1309.76,
2026-09-11T00:39:51.836444+00:00,200,3296.85,
2026-09-11T00:39:51.658959+00:00,200,3479.71,
2026-09-11T00:39:51.835434+00:00,200,3309.69,
2026-09-11T00:39:54.045885+00:00,200,1122.08,
2026-09-11T00:39:54.078465+00:00,200,1090.73,
2026-09-11T00:39:54.679079+00:00,200,502.48,
2026-09-11T00:39:47.170241+00:00,200,8017.11,
2026-09-11T00:39:52.125046+00:00,200,3080.65,
2026-09-11T00:39:53.703258+00:00,200,1503.78,
2026-09-11T00:39:55.106790+00:00,200,110.03,
2026-09-11T00:39:49.968290+00:00,200,5268.39,
2026-09-11T00:39:54.949485+00:00,200,296.59,
2026-09-11T00:39:52.483757+00:00,200,2770.23,
2026-09-11T00:39:53.733781+00:00,200,1526.87,
2026-09-11T00:39:54.035423+00:00,200,1227.50,
2026-09-11T00:39:53.302714+00:00,200,1968.41,
2026-09-11T00:39:51.836444+00:00,200,3451.65,
2026-09-11T00:39:54.791947+00:00,200,504.52,
2026-09-11T00:39:52.573504+00:00,200,2725.61,
2026-09-11T00:39:55.087746+00:00,200,218.35,
2026-09-11T00:39:55.214597+00:00,200,110.78,
2026-09-11T00:39:53.186009+00:00,200,2146.60,
2026-09-11T00:39:54.504165+00:00,200,824.43,
2026-09-11T00:39:49.160440+00:00,200,6183.25,
2026-09-11T00:39:53.284177+00:00,200,2065.01,
2026-09-11T00:39:51.902568+00:00,200,3450.67,
2026-09-11T00:39:53.875633+00:00,200,1473.43,
2026-09-11T00:39:55.009079+00:00,200,348.89,
2026-09-11T00:39:50.637151+00:00,200,4726.52,
2026-09-11T00:39:52.829139+00:00,200,2548.53,
2026-09-11T00:39:54.423087+00:00,200,958.43,
2026-09-11T00:39:52.044261+00:00,200,3367.64,
2026-09-11T00:39:54.843185+00:00,200,581.31,
2026-09-11T00:39:53.073781+00:00,200,2364.82,
2026-09-11T00:39:51.432193+00:00,200,4005.90,
2026-09-11T00:39:52.058418+00:00,200,3391.10,
2026-09-11T00:39:52.477621+00:00,200,2971.70,
2026-09-11T00:39:51.748445+00:00,200,3710.90,
2026-09-11T00:39:53.363477+00:00,200,2087.98,
2026-09-11T00:39:54.856370+00:00,200,608.70,
2026-09-11T00:39:53.936723+00:00,200,1532.26,
2026-09-11T00:39:55.167135+00:00,200,318.52,
2026-09-11T00:39:48.683039+00:00,200,6798.30,
2026-09-11T00:39:54.960210+00:00,200,534.61,
2026-09-11T00:39:55.071800+00:00,200,430.82,
2026-09-11T00:39:54.014032+00:00,200,1483.00,
2026-09-11T00:39:53.780204+00:00,200,1722.75,
2026-09-11T00:39:51.511454+00:00,200,4006.16,
2026-09-11T00:39:53.519647+00:00,200,2003.10,
2026-09-11T00:39:55.204994+00:00,200,317.24,
2026-09-11T00:39:54.341577+00:00,200,1214.70,
2026-09-11T00:39:53.315785+00:00,200,2243.68,
2026-09-11T00:39:51.731998+00:00,200,3831.51,
2026-09-11T00:39:53.827362+00:00,200,1752.70,
2026-09-11T00:39:54.697788+00:00,200,889.20,
2026-09-11T00:39:54.504165+00:00,200,1077.75,
2026-09-11T00:39:53.434753+00:00,200,2166.38,
2026-09-11T00:39:54.929136+00:00,200,663.81,
2026-09-11T00:39:50.098747+00:00,200,5532.39,
2026-09-11T00:39:53.950133+00:00,200,1677.85,
2026-09-11T00:39:53.265921+00:00,200,2372.12,
2026-09-11T00:39:50.534649+00:00,200,5106.52,
2026-09-11T00:39:51.104778+00:00,200,4537.53,
2026-09-11T00:39:51.401669+00:00,200,4246.95,
2026-09-11T00:39:52.984307+00:00,200,2665.05,
2026-09-11T00:39:54.427734+00:00,200,1235.77,
2026-09-11T00:39:54.504165+00:00,200,1157.33,
2026-09-11T00:39:54.157583+00:00,200,1516.49,
2026-09-11T00:39:55.587446+00:00,200,97.78,
2026-09-11T00:39:54.504165+00:00,200,1181.39,
2026-09-11T00:39:55.114168+00:00,200,578.06,
2026-09-11T00:39:53.971863+00:00,200,1740.72,
2026-09-11T00:39:49.525561+00:00,200,6178.21,
2026-09-11T00:39:53.575767+00:00,200,2142.38,
2026-09-11T00:39:54.504165+00:00,200,1245.91,
2026-09-11T00:39:54.882509+00:00,200,869.95,
2026-09-11T00:39:54.922183+00:00,200,837.11,
2026-09-11T00:39:53.960540+00:00,200,1807.20,
2026-09-11T00:39:55.347185+00:00,200,424.76,
2026-09-11T00:39:52.039445+00:00,200,3735.67,
2026-09-11T00:39:55.591483+00:00,200,198.15,
2026-09-11T00:39:52.702160+00:00,200,3088.86,
2026-09-11T00:39:54.646447+00:00,200,1150.89,
2026-09-11T00:39:52.926448+00:00,200,2879.52,
2026-09-11T00:39:55.009079+00:00,200,791.34,
2026-09-11T00:39:55.009079+00:00,200,802.21,
2026-09-11T00:39:53.002569+00:00,200,2815.26,
2026-09-11T00:39:54.438849+00:00,200,1384.23,
2026-09-11T00:39:54.890836+00:00,200,948.49,
2026-09-11T00:39:55.130022+00:00,200,738.12,
2026-09-11T00:39:55.451601+00:00,200,430.51,
2026-09-11T00:39:52.610543+00:00,200,3285.90,
2026-09-11T00:39:50.456555+00:00,200,5443.54,
2026-09-11T00:39:49.257231+00:00,200,6666.39,
2026-09-11T00:39:52.244319+00:00,200,3676.54,
2026-09-11T00:39:53.062756+00:00,200,2863.89,
2026-09-11T00:39:54.186318+00:00,200,1740.92,
2026-09-11T00:39:53.659781+00:00,200,2271.09,
2026-09-11T00:39:49.098069+00:00,200,6837.46,
2026-09-11T00:39:49.718411+00:00,200,6224.89,
2026-09-11T00:39:54.755185+00:00,200,1195.36,
2026-09-11T00:39:55.025694+00:00,200,925.97,
2026-09-11T00:39:54.227663+00:00,200,1734.92,
2026-09-11T00:39:54.120732+00:00,200,1863.97,
2026-09-11T00:39:55.498672+00:00,200,490.47,
2026-09-11T00:39:55.435700+00:00,200,551.81,
2026-09-11T00:39:50.555929+00:00,200,5446.88,
2026-09-11T00:39:54.926784+00:00,200,1080.11,
2026-09-11T00:39:54.390952+00:00,200,1623.09,
2026-09-11T00:39:55.905929+00:00,200,115.03,
2026-09-11T00:39:53.126011+00:00,200,2914.09,
2026-09-11T00:39:54.196208+00:00,200,1845.47,
2026-09-11T00:39:54.867787+00:00,200,1186.20,
2026-09-11T00:39:54.949485+00:00,200,1107.01,
2026-09-11T00:39:53.762857+00:00,200,2310.44,
2026-09-11T00:39:54.161117+00:00,200,1913.62,
2026-09-11T00:39:54.381554+00:00,200,1691.07,
2026-09-11T00:39:53.667586+00:00,200,2417.83,
2026-09-11T00:39:55.633110+00:00,200,457.99,
2026-09-11T00:39:53.993017+00:00,200,2103.64,
2026-09-11T00:39:54.369707+00:00,200,1733.71,
2026-09-11T00:39:55.290165+00:00,200,819.24,
2026-09-11T00:39:55.122269+00:00,200,1001.03,
2026-09-11T00:39:54.643601+00:00,200,1481.05,
2026-09-11T00:39:53.300002+00:00,200,2833.67,
2026-09-11T00:39:56.041910+00:00,200,100.87,
2026-09-11T00:39:54.486455+00:00,200,1667.18,
2026-09-11T00:39:51.950436+00:00,200,4219.43,
2026-09-11T00:39:53.443307+00:00,200,2728.50,
2026-09-11T00:39:55.509390+00:00,200,663.96,
2026-09-11T00:39:51.311305+00:00,200,4869.56,
2026-09-11T00:39:54.929136+00:00,200,1265.28,
2026-09-11T00:39:54.504165+00:00,200,1687.50,
2026-09-11T00:39:55.464329+00:00,200,743.91,
2026-09-11T00:39:54.407633+00:00,200,1807.06,
2026-09-11T00:39:53.335179+00:00,200,2895.89,
2026-09-11T00:39:55.815665+00:00,200,411.45,
2026-09-11T00:39:52.796047+00:00,200,3449.19,
2026-09-11T00:39:55.768177+00:00,200,482.01,
2026-09-11T00:39:54.808540+00:00,200,1446.64,
2026-09-11T00:39:53.094165+00:00,200,3173.10,
2026-09-11T00:39:54.488964+00:00,200,1777.91,
2026-09-11T00:39:56.164204+00:00,200,105.54,
2026-09-11T00:39:54.632420+00:00,200,1645.66,
2026-09-11T00:39:52.824831+00:00,200,3481.55,
2026-09-11T00:39:54.738702+00:00,200,1569.21,
2026-09-11T00:39:53.854973+00:00,200,2460.48,
2026-09-11T00:39:53.002569+00:00,200,3317.46,
2026-09-11T00:39:54.181477+00:00,200,2164.21,
2026-09-11T00:39:54.755185+00:00,200,1609.85,
2026-09-11T00:39:54.235055+00:00,200,2147.63,
2026-09-11T00:39:55.508878+00:00,200,876.09,
2026-09-11T00:39:55.815665+00:00,200,568.13,
2026-09-11T00:39:53.252588+00:00,200,3135.34,
2026-09-11T00:39:52.836999+00:00,200,3559.27,
2026-09-11T00:39:52.718163+00:00,200,3689.59,
2026-09-11T00:39:55.257290+00:00,200,1151.29,
2026-09-11T00:39:53.988996+00:00,200,2426.60,
2026-09-11T00:39:55.522628+00:00,200,911.31,
2026-09-11T00:39:54.798442+00:00,200,1644.20,
2026-09-11T00:39:54.627887+00:00,200,1835.84,
2026-09-11T00:39:54.375223+00:00,200,2086.21,
2026-09-11T00:39:50.600919+00:00,200,5876.23,
2026-09-11T00:39:55.923326+00:00,200,556.16,
2026-09-11T00:39:55.835486+00:00,200,665.78,
2026-09-11T00:39:56.040900+00:00,200,486.45,
2026-09-11T00:39:55.957214+00:00,200,581.49,
2026-09-11T00:39:53.871024+00:00,200,2672.75,
2026-09-11T00:39:55.660234+00:00,200,888.65,
2026-09-11T00:39:54.691073+00:00,200,1871.18,
2026-09-11T00:39:52.752382+00:00,200,3811.17,
2026-09-11T00:39:50.478770+00:00,200,6085.37,
2026-09-11T00:39:50.209072+00:00,200,6379.03,
2026-09-11T00:39:54.360690+00:00,200,2236.00,
2026-09-11T00:39:55.294901+00:00,200,1324.33,
2026-09-11T00:39:54.029846+00:00,200,2600.03,
2026-09-11T00:39:53.601582+00:00,200,3030.25,
2026-09-11T00:39:56.497371+00:00,200,137.50,
2026-09-11T00:39:55.104772+00:00,200,1540.64,
2026-09-11T00:39:54.014032+00:00,200,2635.35,
2026-09-11T00:39:54.697788+00:00,200,1956.71,
2026-09-11T00:39:55.716818+00:00,200,944.72,
2026-09-11T00:39:55.138226+00:00,200,1537.78,
2026-09-11T00:39:55.756568+00:00,200,929.34,
2026-09-11T00:39:53.920245+00:00,200,2769.46,
2026-09-11T00:39:55.009079+00:00,200,1684.18,
2026-09-11T00:39:55.130022+00:00,200,1588.24,
2026-09-11T00:39:55.669083+00:00,200,1054.75,
2026-09-11T00:39:53.737394+00:00,200,2992.27,
2026-09-11T00:39:54.286833+00:00,200,2451.16,
2026-09-11T00:39:55.637139+00:00,200,1104.83,
2026-09-11T00:39:54.827826+00:00,200,1912.99,
2026-09-11T00:39:56.306395+00:00,200,472.91,
2026-09-11T00:39:54.636934+00:00,200,2152.69,
2026-09-11T00:39:53.538085+00:00,200,3261.92,
2026-09-11T00:39:50.690008+00:00,200,6129.66,
2026-09-11T00:39:52.331823+00:00,200,4515.86,
2026-09-11T00:39:52.361064+00:00,200,4491.74,
2026-09-11T00:39:56.243299+00:00,200,618.87,
2026-09-11T00:39:55.990276+00:00,200,880.55,
2026-09-11T00:39:56.171112+00:00,200,705.25,
2026-09-11T00:39:53.947080+00:00,200,2942.11,
2026-09-11T00:39:56.542297+00:00,200,350.54,
2026-09-11T00:39:56.287909+00:00,200,609.22,
2026-09-11T00:39:53.291111+00:00,200,3607.29,
2026-09-11T00:39:55.451601+00:00,200,1445.20,
2026-09-11T00:39:56.791588+00:00,200,138.91,
2026-09-11T00:39:52.535912+00:00,200,4394.25,
2026-09-11T00:39:54.984282+00:00,200,1954.26,
2026-09-11T00:39:55.942097+00:00,200,995.00,
2026-09-11T00:39:56.198830+00:00,200,742.59,
2026-09-11T00:39:56.391092+00:00,200,562.33,
2026-09-11T00:39:56.439559+00:00,200,514.52,
2026-09-11T00:39:56.069141+00:00,200,879.29,
2026-09-11T00:39:52.419251+00:00,200,4567.00,
2026-09-11T00:39:54.539734+00:00,200,2453.68,
2026-09-11T00:39:56.235515+00:00,200,780.36,
2026-09-11T00:39:51.307729+00:00,200,5719.58,
2026-09-11T00:39:52.517841+00:00,200,4512.43,
2026-09-11T00:39:56.895252+00:00,200,135.66,
2026-09-11T00:39:55.304977+00:00,200,1733.16,
2026-09-11T00:39:53.596426+00:00,200,3446.67,
2026-09-11T00:39:55.347185+00:00,200,1694.24,
2026-09-11T00:39:54.427734+00:00,200,2637.90,
2026-09-11T00:39:53.809732+00:00,200,3264.97,
2026-09-11T00:39:55.589469+00:00,200,1502.56,
2026-09-11T00:39:55.983997+00:00,200,1119.95,
2026-09-11T00:39:53.814267+00:00,200,3295.57,
2026-09-11T00:39:56.171112+00:00,200,938.50,
2026-09-11T00:39:53.347730+00:00,200,3759.26,
2026-09-11T00:39:45.411818+00:00,200,11700.17,
2026-09-11T00:39:55.654550+00:00,200,1463.68,
2026-09-11T00:39:54.971223+00:00,200,2145.78,
2026-09-11T00:39:56.990084+00:00,200,142.01,
2026-09-11T00:39:56.355838+00:00,200,772.75,
2026-09-11T00:39:54.549252+00:00,200,2582.51,
2026-09-11T00:39:56.382035+00:00,200,755.11,
2026-09-11T00:39:56.006610+00:00,200,1130.78,
2026-09-11T00:39:55.548344+00:00,200,1589.73,
2026-09-11T00:39:55.797180+00:00,200,1359.75,
2026-09-11T00:39:56.756880+00:00,200,395.32,
2026-09-11T00:39:56.069141+00:00,200,1086.61,
2026-09-11T00:39:56.846378+00:00,200,315.13,
2026-09-11T00:39:55.246236+00:00,200,1941.67,
2026-09-11T00:39:57.044118+00:00,200,147.49,
2026-09-11T00:39:54.353896+00:00,200,2865.50,
2026-09-11T00:39:56.391092+00:00,200,827.31,
2026-09-11T00:39:56.479063+00:00,200,754.30,
2026-09-11T00:39:55.561978+00:00,200,1674.57,
2026-09-11T00:39:56.671923+00:00,200,568.95,
2026-09-11T00:39:56.153149+00:00,200,1098.14,
2026-09-11T00:39:55.926797+00:00,200,1326.56,
2026-09-11T00:39:55.246236+00:00,200,2035.54,
2026-09-11T00:39:57.129747+00:00,200,147.88,
2026-09-11T00:39:55.173670+00:00,200,2111.58,
2026-09-11T00:39:55.689201+00:00,200,1606.32,
2026-09-11T00:39:56.434782+00:00,200,867.51,
2026-09-11T00:39:53.577280+00:00,200,3737.53,
2026-09-11T00:39:56.275129+00:00,200,1056.25,
2026-09-11T00:39:55.756568+00:00,200,1584.98,
2026-09-11T00:39:50.626170+00:00,200,6719.94,
2026-09-11T00:39:56.527161+00:00,200,809.89,
2026-09-11T00:39:55.309546+00:00,200,2038.79,
2026-09-11T00:39:53.228106+00:00,200,4124.51,
2026-09-11T00:39:55.926797+00:00,200,1475.87,
2026-09-11T00:39:55.522628+00:00,200,1882.01,
2026-09-11T00:39:56.056523+00:00,200,1350.62,
2026-09-11T00:39:55.800354+00:00,200,1605.86,
2026-09-11T00:39:57.278557+00:00,200,129.44,
2026-09-11T00:39:50.139135+00:00,200,7277.37,
2026-09-11T00:39:55.204994+00:00,200,2216.33,
2026-09-11T00:39:52.110968+00:00,200,5313.65,
2026-09-11T00:39:55.923326+00:00,200,1523.35,
2026-09-11T00:39:52.452604+00:00,200,4994.76,
2026-09-11T00:39:56.217029+00:00,200,1241.54,
2026-09-11T00:39:56.801532+00:00,200,675.77,
2026-09-11T00:39:55.435700+00:00,200,2036.31,
2026-09-11T00:39:56.562028+00:00,200,927.08,
2026-09-11T00:39:53.680578+00:00,200,3818.46,
2026-09-11T00:39:56.198830+00:00,200,1308.74,
2026-09-11T00:39:55.138226+00:00,200,2377.18,
2026-09-11T00:39:49.232698+00:00,200,8301.82,
2026-09-11T00:39:55.025694+00:00,200,2507.43,
2026-09-11T00:39:55.895116+00:00,200,1659.94,
2026-09-11T00:39:56.895252+00:00,200,670.04,
2026-09-11T00:39:56.261065+00:00,200,1315.28,
2026-09-11T00:39:54.035423+00:00,200,3547.73,
2026-09-11T00:39:56.327446+00:00,200,1270.28,
2026-09-11T00:39:56.464817+00:00,200,1143.80,
2026-09-11T00:39:45.896152+00:00,200,11709.56,
2026-09-11T00:39:52.377188+00:00,200,5250.64,
2026-09-11T00:39:57.509379+00:00,200,130.23,
2026-09-11T00:39:52.595243+00:00,200,5043.66,
2026-09-11T00:39:50.824825+00:00,200,6814.33,
2026-09-11T00:39:55.004905+00:00,200,2649.83,
2026-09-11T00:39:57.541767+00:00,200,128.49,
2026-09-11T00:39:55.678426+00:00,200,2005.01,
2026-09-11T00:39:57.129747+00:00,200,563.27,
2026-09-11T00:39:55.469356+00:00,200,2239.17,
2026-09-11T00:39:57.304190+00:00,200,411.93,
2026-09-11T00:39:55.230331+00:00,200,2479.59,
2026-09-11T00:39:56.937062+00:00,200,792.62,
2026-09-11T00:39:57.104049+00:00,200,645.80,
2026-09-11T00:39:56.086045+00:00,200,1662.56,
2026-09-11T00:39:55.177192+00:00,200,2582.94,
2026-09-11T00:39:56.716382+00:00,200,1048.41,
2026-09-11T00:39:56.735698+00:00,200,1036.98,
2026-09-11T00:39:57.007172+00:00,200,764.44,
2026-09-11T00:39:56.639444+00:00,200,1150.03,
2026-09-11T00:39:54.804672+00:00,200,3013.08,
2026-09-11T00:39:51.643299+00:00,200,6174.57,
2026-09-11T00:39:52.565749+00:00,200,5266.48,
2026-09-11T00:39:54.103725+00:00,200,3739.41,
2026-09-11T00:39:53.468940+00:00,200,4379.62,
2026-09-11T00:39:55.498672+00:00,200,2360.94,
2026-09-11T00:39:54.867787+00:00,200,2996.62,
2026-09-11T00:39:56.818757+00:00,200,1047.52,
2026-09-11T00:39:57.351537+00:00,200,518.13,
2026-09-11T00:39:57.764974+00:00,200,120.10,
2026-09-11T00:39:57.138051+00:00,200,749.57,
2026-09-11T00:39:56.434782+00:00,200,1468.48,
2026-09-11T00:39:57.096452+00:00,200,826.27,
2026-09-11T00:39:57.240245+00:00,200,690.98,
2026-09-11T00:39:51.184350+00:00,200,6765.38,
2026-09-11T00:39:56.369105+00:00,200,1586.33,
2026-09-11T00:39:57.403297+00:00,200,562.20,
2026-09-11T00:39:57.161073+00:00,200,806.53,
2026-09-11T00:39:56.700659+00:00,200,1266.94,
2026-09-11T00:39:57.863611+00:00,200,110.75,
2026-09-11T00:39:56.307500+00:00,200,1667.91,
2026-09-11T00:39:57.770350+00:00,200,217.73,
2026-09-11T00:39:55.505363+00:00,200,2492.75,
2026-09-11T00:39:57.129747+00:00,200,868.78,
2026-09-11T00:39:56.069141+00:00,200,1936.93,
2026-09-11T00:39:53.522932+00:00,200,4496.35,
2026-09-11T00:39:57.446277+00:00,200,599.25,
2026-09-11T00:39:52.975441+00:00,200,5081.51,
2026-09-11T00:39:57.415240+00:00,200,633.82,
2026-09-11T00:39:56.467866+00:00,200,1593.55,
2026-09-11T00:39:55.641486+00:00,200,2435.59,
2026-09-11T00:39:57.114804+00:00,200,968.14,
2026-09-11T00:39:57.541767+00:00,200,530.96,
2026-09-11T00:39:56.464817+00:00,200,1635.00,
2026-09-11T00:39:57.348527+00:00,200,761.26,
2026-09-11T00:39:53.907622+00:00,200,4205.41,
2026-09-11T00:39:55.331149+00:00,200,2790.70,
2026-09-11T00:39:58.013558+00:00,200,122.79,
2026-09-11T00:39:55.380994+00:00,200,2759.41,
2026-09-11T00:39:58.038063+00:00,200,112.53,
2026-09-11T00:39:58.045396+00:00,200,109.52,
2026-09-11T00:39:57.344539+00:00,200,818.84,
2026-09-11T00:39:54.317366+00:00,200,3859.23,
2026-09-11T00:39:58.072761+00:00,200,111.86,
2026-09-11T00:39:53.085597+00:00,200,5108.78,
2026-09-11T00:39:56.063832+00:00,200,2168.59,
2026-09-11T00:39:57.674862+00:00,200,563.55,
2026-09-11T00:39:48.614614+00:00,200,9626.39,
2026-09-11T00:39:57.284721+00:00,200,967.09,
2026-09-11T00:39:56.846378+00:00,200,1399.15,
2026-09-11T00:39:57.284721+00:00,200,971.17,
2026-09-11T00:39:56.180105+00:00,200,2080.31,
2026-09-11T00:39:57.961406+00:00,200,301.93,
2026-09-11T00:39:52.510939+00:00,200,5759.11,
2026-09-11T00:39:55.789227+00:00,200,2488.58,
2026-09-11T00:39:57.656837+00:00,200,628.64,
2026-09-11T00:39:57.405047+00:00,200,886.90,
2026-09-11T00:39:58.083873+00:00,200,219.72,
2026-09-11T00:39:56.086045+00:00,200,2252.60,
2026-09-11T00:39:55.412495+00:00,200,2932.00,
2026-09-11T00:39:56.621258+00:00,200,1729.54,
2026-09-11T00:39:56.230786+00:00,200,2131.27,
2026-09-11T00:39:57.758419+00:00,200,628.67,
2026-09-11T00:39:56.275129+00:00,200,2116.13,
2026-09-11T00:39:53.637641+00:00,200,4752.71,
2026-09-11T00:39:57.018383+00:00,200,1372.25,
2026-09-11T00:39:56.623946+00:00,200,1776.66,
2026-09-11T00:39:55.261995+00:00,200,3149.11,
2026-09-11T00:39:56.875386+00:00,200,1534.45,
2026-09-11T00:39:57.863611+00:00,200,558.40,
2026-09-11T00:39:56.307500+00:00,200,2118.90,
2026-09-11T00:39:56.957947+00:00,200,1488.48,
2026-09-11T00:39:47.727512+00:00,200,10730.09,
2026-09-11T00:39:58.337847+00:00,200,121.81,
2026-09-11T00:39:52.926448+00:00,200,5533.45,
2026-09-11T00:39:54.218617+00:00,200,4266.78,
2026-09-11T00:39:52.914966+00:00,200,5572.93,
2026-09-11T00:39:57.114804+00:00,200,1396.39,
2026-09-11T00:39:56.411852+00:00,200,2113.08,
2026-09-11T00:39:55.490994+00:00,200,3036.21,
2026-09-11T00:39:57.114804+00:00,200,1416.89,
2026-09-11T00:39:56.006610+00:00,200,2528.92,
2026-09-11T00:39:58.178600+00:00,200,370.62,
2026-09-11T00:39:57.150622+00:00,200,1416.82,
2026-09-11T00:39:56.261065+00:00,200,2318.49,
2026-09-11T00:39:55.878542+00:00,200,2706.59,
2026-09-11T00:39:53.157070+00:00,200,5442.84,
2026-09-11T00:39:57.192892+00:00,200,1410.93,
2026-09-11T00:39:57.450964+00:00,200,1153.84,
2026-09-11T00:39:55.752293+00:00,200,2859.51,
2026-09-11T00:39:55.962204+00:00,200,2655.02,
2026-09-11T00:39:56.742576+00:00,200,1886.19,
2026-09-11T00:39:55.273202+00:00,200,3365.10,
2026-09-11T00:39:56.106274+00:00,200,2533.41,
2026-09-11T00:39:54.833511+00:00,200,3819.63,
2026-09-11T00:39:57.814083+00:00,200,838.77,
2026-09-11T00:39:54.912717+00:00,200,3749.00,
2026-09-11T00:39:54.549252+00:00,200,4128.17,
2026-09-11T00:39:56.416052+00:00,200,2278.50,
2026-09-11T00:39:56.348454+00:00,200,2353.73,
2026-09-11T00:39:50.900140+00:00,200,7810.79,
2026-09-11T00:39:58.602151+00:00,200,120.19,
2026-09-11T00:39:58.389861+00:00,200,335.10,
2026-09-11T00:39:56.688405+00:00,200,2049.83,
2026-09-11T00:39:54.405499+00:00,200,4349.81,
2026-09-11T00:39:56.255696+00:00,200,2509.57,
2026-09-11T00:39:58.189074+00:00,200,581.43,
2026-09-11T00:39:57.113319+00:00,200,1664.59,
2026-09-11T00:39:55.811955+00:00,200,2977.18,
2026-09-11T00:39:57.150622+00:00,200,1683.27,
2026-09-11T00:39:54.604351+00:00,200,4241.69,
2026-09-11T00:39:58.233107+00:00,200,618.08,
2026-09-11T00:39:55.706775+00:00,200,3141.03,
2026-09-11T00:39:55.356962+00:00,200,3497.74,
2026-09-11T00:39:58.107634+00:00,200,750.60,
2026-09-11T00:39:56.106274+00:00,200,2756.11,
2026-09-11T00:39:58.719845+00:00,200,147.14,
2026-09-11T00:39:57.967585+00:00,200,901.66,
2026-09-11T00:39:58.107634+00:00,200,761.22,
2026-09-11T00:39:58.719845+00:00,200,162.10,
2026-09-11T00:39:53.447422+00:00,200,5440.52,
2026-09-11T00:39:56.606853+00:00,200,2296.75,
2026-09-11T00:39:57.348527+00:00,200,1559.77,
2026-09-11T00:39:54.770398+00:00,200,4134.19,
2026-09-11T00:39:58.639262+00:00,200,278.95,
2026-09-11T00:39:57.881169+00:00,200,1047.30,
2026-09-11T00:39:55.514347+00:00,200,3441.37,
2026-09-11T00:39:53.002569+00:00,200,5960.84,
2026-09-11T00:39:58.285480+00:00,200,680.15,
2026-09-11T00:39:57.650839+00:00,200,1315.59,
2026-09-11T00:39:58.837239+00:00,200,128.22,
2026-09-11T00:39:58.195714+00:00,200,774.01,
2026-09-11T00:39:57.989436+00:00,200,996.29,
2026-09-11T00:39:56.655308+00:00,200,2347.78,
2026-09-11T00:39:53.157070+00:00,200,5847.65,
2026-09-11T00:39:57.941916+00:00,200,1069.91,
2026-09-11T00:39:56.141356+00:00,200,2885.36,
2026-09-11T00:39:55.331149+00:00,200,3707.51,
2026-09-11T00:39:56.384788+00:00,200,2661.88,
2026-09-11T00:39:58.258252+00:00,200,793.24,
2026-09-11T00:39:54.299624+00:00,200,4798.48,
2026-09-11T00:39:55.942097+00:00,200,3149.36,
2026-09-11T00:39:56.941018+00:00,200,2159.67,
2026-09-11T00:39:56.779623+00:00,200,2342.67,
2026-09-11T00:39:56.637600+00:00,200,2495.58,
2026-09-11T00:39:56.562028+00:00,200,2573.51,
2026-09-11T00:39:58.512282+00:00,200,625.61,
2026-09-11T00:39:56.542297+00:00,200,2593.46,
2026-09-11T00:39:57.607963+00:00,200,1548.05,
2026-09-11T00:39:55.988748+00:00,200,3172.70,
2026-09-11T00:39:58.874066+00:00,200,279.13,
2026-09-11T00:39:49.871894+00:00,200,9303.86,
2026-09-11T00:39:56.682392+00:00,200,2498.18,
2026-09-11T00:39:52.477621+00:00,200,6707.55,
2026-09-11T00:39:54.949485+00:00,200,4243.16,
2026-09-11T00:39:54.583265+00:00,200,4614.25,
2026-09-11T00:39:55.356962+00:00,200,3861.28,
2026-09-11T00:39:57.415240+00:00,200,1807.21,
2026-09-11T00:39:55.435700+00:00,200,3784.87,
2026-09-11T00:39:58.274041+00:00,200,982.70,
2026-09-11T00:39:57.692376+00:00,200,1572.26,
2026-09-11T00:39:59.050792+00:00,200,229.63,
2026-09-11T00:39:57.832045+00:00,200,1468.00,
2026-09-11T00:39:58.407648+00:00,200,906.88,
2026-09-11T00:39:59.196246+00:00,200,125.36,
2026-09-11T00:39:58.763030+00:00,200,566.88,
2026-09-11T00:39:58.417161+00:00,200,913.08,
2026-09-11T00:39:58.006101+00:00,200,1335.44,
2026-09-11T00:39:56.133276+00:00,200,3212.75,
2026-09-11T00:39:57.209561+00:00,200,2133.64,
2026-09-11T00:39:57.472468+00:00,200,1878.91,
2026-09-11T00:39:59.229360+00:00,200,123.74,
2026-09-11T00:39:58.479538+00:00,200,879.93,
2026-09-11T00:39:55.630566+00:00,200,3737.24,
2026-09-11T00:39:56.024058+00:00,200,3351.20,
2026-09-11T00:39:54.319473+00:00,200,5073.26,
2026-09-11T00:39:55.942097+00:00,200,3462.36,
2026-09-11T00:39:54.537723+00:00,200,4878.93,
2026-09-11T00:39:58.107634+00:00,200,1315.37,
2026-09-11T00:39:57.230267+00:00,200,2199.63,
2026-09-11T00:39:58.150162+00:00,200,1293.04,
2026-09-11T00:39:53.339412+00:00,200,6108.93,
2026-09-11T00:39:58.612004+00:00,200,853.36,
2026-09-11T00:39:51.541285+00:00,200,7930.95,
2026-09-11T00:39:55.992281+00:00,200,3482.46,
2026-09-11T00:39:56.861123+00:00,200,2618.74,
2026-09-11T00:39:59.269540+00:00,200,213.67,
2026-09-11T00:39:58.904512+00:00,200,612.00,
2026-09-11T00:39:57.450964+00:00,200,2067.92,
2026-09-11T00:39:48.096899+00:00,200,11433.40,
2026-09-11T00:39:59.097387+00:00,200,448.67,
2026-09-11T00:39:57.601127+00:00,200,1951.52,
2026-09-11T00:39:53.836039+00:00,200,5719.45,
2026-09-11T00:39:58.115079+00:00,200,1446.92,
2026-09-11T00:39:57.493631+00:00,200,2092.98,
2026-09-11T00:39:58.099949+00:00,200,1500.68,
2026-09-11T00:39:59.176029+00:00,200,441.13,
2026-09-11T00:39:58.858082+00:00,200,762.59,
2026-09-11T00:39:58.639262+00:00,200,994.06,
2026-09-11T00:39:59.391558+00:00,200,250.71,
2026-09-11T00:39:57.814083+00:00,200,1829.15,
2026-09-11T00:39:48.878632+00:00,200,10797.49,
2026-09-11T00:39:57.773876+00:00,200,1927.31,
2026-09-11T00:39:57.407563+00:00,200,2319.68,
2026-09-11T00:39:59.331977+00:00,200,401.60,
2026-09-11T00:39:57.589618+00:00,200,2156.52,
2026-09-11T00:39:58.258252+00:00,200,1495.35,
2026-09-11T00:39:57.644829+00:00,200,2125.50,
2026-09-11T00:39:58.247687+00:00,200,1519.43,
2026-09-11T00:39:53.626770+00:00,200,6152.26,
2026-09-11T00:39:58.298108+00:00,200,1510.56,
2026-09-11T00:39:57.648839+00:00,200,2185.57,
2026-09-11T00:39:58.687921+00:00,200,1148.69,
2026-09-11T00:39:55.910387+00:00,200,3929.04,
2026-09-11T00:39:59.211097+00:00,200,634.71,
2026-09-11T00:39:51.652151+00:00,200,8196.68,
2026-09-11T00:39:57.248777+00:00,200,2603.10,
2026-09-11T00:39:57.344539+00:00,200,2515.55,
2026-09-11T00:39:58.912530+00:00,200,966.18,
2026-09-11T00:39:59.003645+00:00,200,884.64,
2026-09-11T00:39:59.208061+00:00,200,689.07,
2026-09-11T00:39:59.017153+00:00,200,886.04,
2026-09-11T00:39:58.242536+00:00,200,1702.49,
2026-09-11T00:39:58.663467+00:00,200,1289.46,
2026-09-11T00:39:56.590294+00:00,200,3378.03,
2026-09-11T00:39:49.871894+00:00,200,10101.94,
2026-09-11T00:39:56.931591+00:00,200,3046.27,
2026-09-11T00:39:57.848843+00:00,200,2135.46,
2026-09-11T00:39:59.844846+00:00,200,168.47,
2026-09-11T00:39:58.290013+00:00,200,1742.50,
2026-09-11T00:39:59.443894+00:00,200,590.41,
2026-09-11T00:39:56.999924+00:00,200,3059.58,
2026-09-11T00:39:57.493631+00:00,200,2568.50,
2026-09-11T00:39:56.623946+00:00,200,3449.57,
2026-09-11T00:39:59.912987+00:00,200,174.48,
2026-09-11T00:39:56.846378+00:00,200,3244.37,
2026-09-11T00:39:58.143073+00:00,200,1957.34,
2026-09-11T00:39:56.941018+00:00,200,3167.36,
2026-09-11T00:39:59.878060+00:00,200,256.38,
2026-09-11T00:39:57.238235+00:00,200,2913.29,
2026-09-11T00:39:53.193696+00:00,200,6962.95,
2026-09-11T00:39:55.605610+00:00,200,4554.48,
2026-09-11T00:39:54.173284+00:00,200,5987.06,
2026-09-11T00:39:59.050792+00:00,200,1119.33,
2026-09-11T00:39:59.491598+00:00,200,683.26,
2026-09-11T00:39:54.186318+00:00,200,6002.18,
2026-09-11T00:39:53.812255+00:00,200,6384.05,
2026-09-11T00:39:57.773876+00:00,200,2418.50,
2026-09-11T00:39:58.063008+00:00,200,2139.34,
2026-09-11T00:39:53.934706+00:00,200,6277.16,
2026-09-11T00:39:57.535583+00:00,200,2709.44,
2026-09-11T00:39:56.931591+00:00,200,3324.91,
2026-09-11T00:39:57.176954+00:00,200,3075.24,
2026-09-11T00:39:55.641486+00:00,200,4627.62,
2026-09-11T00:39:59.618731+00:00,200,665.02,
2026-09-11T00:39:58.528375+00:00,200,1762.68,
2026-09-11T00:39:58.589782+00:00,200,1731.84,
2026-09-11T00:39:59.259231+00:00,200,1072.65,
2026-09-11T00:39:57.415240+00:00,200,2917.67,
2026-09-11T00:39:58.384713+00:00,200,1961.73,
2026-09-11T00:40:00.189389+00:00,200,179.05,
2026-09-11T00:39:59.111089+00:00,200,1254.63,
2026-09-11T00:39:57.256374+00:00,200,3130.60,
2026-09-11T00:39:56.861123+00:00,200,3582.43,
2026-09-11T00:39:55.605610+00:00,200,4847.83,
2026-09-11T00:39:59.554539+00:00,200,901.16,
2026-09-11T00:40:00.005342+00:00,200,456.08,
2026-09-11T00:40:00.030197+00:00,200,427.52,
2026-09-11T00:39:58.874066+00:00,200,1592.02,
2026-09-11T00:39:55.678426+00:00,200,4787.37,
2026-09-11T00:39:57.804191+00:00,200,2673.14,
2026-09-11T00:39:56.592084+00:00,200,3885.67,
2026-09-11T00:39:57.893576+00:00,200,2587.42,
2026-09-11T00:39:58.576646+00:00,200,1950.42,
2026-09-11T00:40:00.014095+00:00,200,515.09,
2026-09-11T00:39:58.965669+00:00,200,1572.93,
2026-09-11T00:40:00.362484+00:00,200,186.20,
2026-09-11T00:39:58.654419+00:00,200,1905.88,
2026-09-11T00:39:51.482891+00:00,200,9103.69,
2026-09-11T00:39:54.120732+00:00,200,6464.12,
2026-09-11T00:39:58.460557+00:00,200,2140.57,
2026-09-11T00:39:54.949485+00:00,200,5665.02,
2026-09-11T00:39:53.427596+00:00,200,7188.67,
2026-09-11T00:40:00.179307+00:00,200,448.30,
2026-09-11T00:39:59.839988+00:00,200,809.23,
2026-09-11T00:39:58.874066+00:00,200,1762.70,
2026-09-11T00:40:00.130311+00:00,200,549.14,
2026-09-11T00:39:53.221895+00:00,200,7463.57,
2026-09-11T00:39:57.297117+00:00,200,3395.28,
2026-09-11T00:39:55.177192+00:00,200,5524.82,
2026-09-11T00:40:00.527181+00:00,200,195.36,
2026-09-11T00:39:52.385497+00:00,200,8349.09,
2026-09-11T00:39:57.442760+00:00,200,3293.42,
2026-09-11T00:39:59.554539+00:00,200,1180.90,
2026-09-11T00:39:57.314602+00:00,200,3436.91,
2026-09-11T00:39:56.384788+00:00,200,4388.36,
2026-09-11T00:39:59.447811+00:00,200,1327.67,
2026-09-11T00:39:52.638065+00:00,200,8139.66,
2026-09-11T00:39:59.817773+00:00,200,970.21,
2026-09-11T00:39:59.128398+00:00,200,1681.83,
2026-09-11T00:39:55.248752+00:00,200,5564.17,
2026-09-11T00:40:00.441489+00:00,200,380.57,
2026-09-11T00:40:00.320410+00:00,200,523.51,
2026-09-11T00:39:59.158062+00:00,200,1692.21,
2026-09-11T00:39:59.897512+00:00,200,972.26,
2026-09-11T00:39:55.641486+00:00,200,5225.07,
2026-09-11T00:39:56.907031+00:00,200,3974.76,
2026-09-11T00:39:52.761273+00:00,200,8133.94,
2026-09-11T00:39:58.247687+00:00,200,2659.31,
2026-09-11T00:39:59.308100+00:00,200,1604.88,
2026-09-11T00:39:58.747207+00:00,200,2179.09,
2026-09-11T00:39:57.863611+00:00,200,3063.73,
2026-09-11T00:39:58.907758+00:00,200,2032.46,
2026-09-11T00:39:59.618731+00:00,200,1327.18,
2026-09-11T00:40:00.457499+00:00,200,490.93,
2026-09-11T00:40:00.060445+00:00,200,896.86,
2026-09-11T00:39:58.858082+00:00,200,2120.81,
2026-09-11T00:39:59.981271+00:00,200,1006.15,
2026-09-11T00:39:59.554539+00:00,200,1425.68,
2026-09-11T00:39:52.294245+00:00,200,8705.77,
2026-09-11T00:39:57.074456+00:00,200,3937.31,
2026-09-11T00:40:00.267609+00:00,200,743.57,
2026-09-11T00:39:57.069881+00:00,200,3948.47,
2026-09-11T00:39:55.998276+00:00,200,5029.10,
2026-09-11T00:39:59.365280+00:00,200,1682.35,
2026-09-11T00:39:59.513641+00:00,200,1534.32,
2026-09-11T00:40:00.933061+00:00,200,118.53,
2026-09-11T00:39:53.651391+00:00,200,7411.43,
2026-09-11T00:40:00.267609+00:00,200,797.23,
2026-09-11T00:39:58.241521+00:00,200,2838.04,
2026-09-11T00:39:58.965669+00:00,200,2122.31,
2026-09-11T00:39:59.365280+00:00,200,1732.93,
2026-09-11T00:40:00.622447+00:00,200,477.85,
2026-09-11T00:39:55.130022+00:00,200,5980.01,
2026-09-11T00:40:00.843287+00:00,200,272.93,
2026-09-11T00:39:59.050792+00:00,200,2068.02,
2026-09-11T00:40:00.457499+00:00,200,689.08,
2026-09-11T00:39:58.858082+00:00,200,2294.54,
2026-09-11T00:39:56.688405+00:00,200,4478.69,
2026-09-11T00:39:58.842859+00:00,200,2325.52,
2026-09-11T00:40:00.156038+00:00,200,1006.04,
2026-09-11T00:39:56.517376+00:00,200,4691.33,
2026-09-11T00:39:58.821110+00:00,200,2389.84,
2026-09-11T00:40:00.945008+00:00,200,272.89,
2026-09-11T00:40:00.980361+00:00,200,240.35,
2026-09-11T00:39:56.086045+00:00,200,5168.38,
2026-09-11T00:39:58.466420+00:00,200,2801.54,
2026-09-11T00:39:57.337129+00:00,200,3963.14,
2026-09-11T00:39:58.719845+00:00,200,2580.66,
2026-09-11T00:39:58.479538+00:00,200,2820.13,
2026-09-11T00:39:59.856020+00:00,200,1454.26,
2026-09-11T00:40:00.283449+00:00,200,1021.78,
2026-09-11T00:39:58.137659+00:00,200,3181.07,
2026-09-11T00:40:00.378261+00:00,200,944.61,
2026-09-11T00:39:58.068143+00:00,200,3268.39,
2026-09-11T00:39:57.145095+00:00,200,4197.15,
2026-09-11T00:39:59.778128+00:00,200,1577.11,
2026-09-11T00:39:58.631786+00:00,200,2733.61,
2026-09-11T00:39:55.370181+00:00,200,6000.22,
2026-09-11T00:39:54.504165+00:00,200,6878.64,
2026-09-11T00:39:55.380994+00:00,200,6020.89,
2026-09-11T00:39:55.087746+00:00,200,6313.46,
2026-09-11T00:39:58.974411+00:00,200,2455.98,
2026-09-11T00:39:58.165287+00:00,200,3273.55,
2026-09-11T00:39:57.973381+00:00,200,3457.29,
2026-09-11T00:40:00.853317+00:00,200,608.25,
2026-09-11T00:39:57.084909+00:00,200,4385.33,
2026-09-11T00:39:58.057229+00:00,200,3424.99,
2026-09-11T00:39:57.833053+00:00,200,3672.86,
2026-09-11T00:39:57.018383+00:00,200,4498.63,
2026-09-11T00:39:56.949050+00:00,200,4574.19,
2026-09-11T00:39:51.449245+00:00,200,10080.32,
2026-09-11T00:40:00.731662+00:00,200,800.06,
2026-09-11T00:39:54.732425+00:00,200,6806.43,
2026-09-11T00:39:59.643440+00:00,200,1899.89,
2026-09-11T00:39:56.958462+00:00,200,4588.90,
2026-09-11T00:39:58.017267+00:00,200,3555.18,
2026-09-11T00:39:59.708840+00:00,200,1866.92,
2026-09-11T00:40:00.948538+00:00,200,637.26,
2026-09-11T00:39:54.646447+00:00,200,6949.39,
2026-09-11T00:39:59.428024+00:00,200,2189.42,
2026-09-11T00:39:50.756854+00:00,200,10870.01,
2026-09-11T00:39:55.752293+00:00,200,5877.99,
2026-09-11T00:39:56.742576+00:00,200,4889.60,
2026-09-11T00:40:01.515123+00:00,200,120.34,
2026-09-11T00:40:00.774919+00:00,200,900.51,
2026-09-11T00:39:55.451601+00:00,200,6224.60,
2026-09-11T00:39:59.649861+00:00,200,2038.76,
2026-09-11T00:40:00.200577+00:00,200,1490.89,
2026-09-11T00:39:59.539434+00:00,200,2146.60,
2026-09-11T00:40:00.648022+00:00,200,1047.71,
2026-09-11T00:40:01.066778+00:00,200,631.90,
2026-09-11T00:39:59.405275+00:00,200,2333.37,
2026-09-11T00:39:59.142994+00:00,200,2606.33,
2026-09-11T00:39:54.438849+00:00,200,7316.81,
2026-09-11T00:40:00.873179+00:00,200,897.18,
2026-09-11T00:39:58.580841+00:00,200,3196.29,
2026-09-11T00:40:01.109802+00:00,200,669.81,
2026-09-11T00:39:59.011390+00:00,200,2772.59,
2026-09-11T00:39:56.941018+00:00,200,4841.24,
2026-09-11T00:39:58.929138+00:00,200,2865.60,
2026-09-11T00:39:59.413478+00:00,200,2392.43,
2026-09-11T00:40:00.189389+00:00,200,1624.26,
2026-09-11T00:39:59.602093+00:00,200,2229.75,
2026-09-11T00:39:57.278557+00:00,200,4548.95,
2026-09-11T00:40:01.171407+00:00,200,662.61,
2026-09-11T00:39:59.459981+00:00,200,2369.28,
2026-09-11T00:39:59.142994+00:00,200,2712.32,
2026-09-11T00:40:00.982042+00:00,200,892.26,
2026-09-11T00:39:57.351537+00:00,200,4523.16,
2026-09-11T00:40:01.079132+00:00,200,810.30,
2026-09-11T00:39:57.921783+00:00,200,4004.35,
2026-09-11T00:39:58.543511+00:00,200,3376.57,
2026-09-11T00:40:00.108776+00:00,200,1827.85,
2026-09-11T00:40:00.790491+00:00,200,1155.39,
2026-09-11T00:40:01.808456+00:00,200,143.02,
2026-09-11T00:40:00.539050+00:00,200,1449.43,
2026-09-11T00:39:54.904975+00:00,200,7083.41,
2026-09-11T00:40:00.457499+00:00,200,1530.78,
2026-09-11T00:39:58.615283+00:00,200,3382.48,
2026-09-11T00:39:49.998874+00:00,200,11993.02,
2026-09-11T00:39:59.488031+00:00,200,2513.25,
2026-09-11T00:39:52.302631+00:00,200,9699.08,
2026-09-11T00:39:58.858082+00:00,200,3142.63,
2026-09-11T00:40:00.745916+00:00,200,1272.58,
2026-09-11T00:40:00.092369+00:00,200,1931.76,
2026-09-11T00:40:01.867057+00:00,200,162.19,
2026-09-11T00:39:55.025694+00:00,200,7023.90,
2026-09-11T00:39:56.206962+00:00,200,5850.68,
2026-09-11T00:40:01.533433+00:00,200,543.82,
2026-09-11T00:40:01.385876+00:00,200,704.21,
2026-09-11T00:39:59.760387+00:00,200,2326.89,
2026-09-11T00:39:57.407563+00:00,200,4694.48,
2026-09-11T00:39:59.671642+00:00,200,2433.12,
2026-09-11T00:40:01.758451+00:00,200,350.98,
2026-09-11T00:39:57.038148+00:00,200,5079.14,
2026-09-11T00:40:01.993755+00:00,200,126.82,
2026-09-11T00:40:00.331409+00:00,200,1805.35,
2026-09-11T00:39:52.044261+00:00,200,10102.81,
2026-09-11T00:39:55.841566+00:00,200,6320.40,
2026-09-11T00:40:01.878669+00:00,200,287.29,
2026-09-11T00:40:01.368897+00:00,200,798.41,
2026-09-11T00:40:01.027938+00:00,200,1145.78,
2026-09-11T00:39:59.696920+00:00,200,2479.54,
2026-09-11T00:40:01.012414+00:00,200,1169.34,
2026-09-11T00:39:55.660234+00:00,200,6528.23,
2026-09-11T00:39:56.725131+00:00,200,5487.25,
2026-09-11T00:39:58.687921+00:00,200,3528.79,
2026-09-11T00:39:59.475635+00:00,200,2754.60,
2026-09-11T00:39:56.527161+00:00,200,5715.37,
2026-09-11T00:39:58.842859+00:00,200,3393.21,
2026-09-11T00:39:59.974181+00:00,200,2275.40,
2026-09-11T00:39:58.258252+00:00,200,3987.93,
2026-09-11T00:39:55.422323+00:00,200,6835.40,
2026-09-11T00:40:00.576695+00:00,200,1702.99,
2026-09-11T00:39:54.141664+00:00,200,8140.56,
2026-09-11T00:39:57.046130+00:00,200,5261.33,
2026-09-11T00:39:57.936044+00:00,200,4374.28,
2026-09-11T00:39:59.760387+00:00,200,2540.93,
2026-09-11T00:39:56.206962+00:00,200,6106.36,
2026-09-11T00:39:59.358525+00:00,200,2966.39,
2026-09-11T00:40:00.672834+00:00,200,1658.53,
2026-09-11T00:39:58.965669+00:00,200,3372.92,
2026-09-11T00:39:54.375223+00:00,200,7964.62,
2026-09-11T00:40:00.489238+00:00,200,1852.54,
2026-09-11T00:40:01.694428+00:00,200,652.65,
2026-09-11T00:39:55.805974+00:00,200,6550.71,
2026-09-11T00:39:54.289459+00:00,200,8074.57,
2026-09-11T00:40:00.814993+00:00,200,1548.80,
2026-09-11T00:40:01.934210+00:00,200,435.66,
2026-09-11T00:39:54.710190+00:00,200,7662.69,
2026-09-11T00:40:01.396957+00:00,200,984.06,
2026-09-11T00:40:00.331409+00:00,200,2047.07,
2026-09-11T00:40:01.210012+00:00,200,1191.04,
2026-09-11T00:40:00.346452+00:00,200,2057.09,
2026-09-11T00:40:00.386074+00:00,200,2018.99,
2026-09-11T00:39:58.355038+00:00,200,4075.27,
2026-09-11T00:40:02.030992+00:00,200,407.48,
2026-09-11T00:39:57.018383+00:00,200,5425.83,
2026-09-11T00:39:55.673349+00:00,200,6791.91,
2026-09-11T00:39:58.353028+00:00,200,4126.44,
2026-09-11T00:40:01.218268+00:00,200,1261.62,
2026-09-11T00:40:00.441489+00:00,200,2030.90,
2026-09-11T00:40:01.758451+00:00,200,725.07,
2026-09-11T00:39:57.941916+00:00,200,4547.77,
2026-09-11T00:40:00.786897+00:00,200,1722.06,
2026-09-11T00:39:55.009079+00:00,200,7501.83,
2026-09-11T00:40:01.694428+00:00,200,819.44,
2026-09-11T00:39:58.974411+00:00,200,3547.51,
2026-09-11T00:40:01.012414+00:00,200,1521.55,
2026-09-11T00:39:57.582613+00:00,200,4977.18,
2026-09-11T00:40:00.586319+00:00,200,1976.87,
2026-09-11T00:39:57.609030+00:00,200,4954.46,
2026-09-11T00:40:02.280081+00:00,200,290.96,
2026-09-11T00:39:58.407648+00:00,200,4184.49,
2026-09-11T00:39:58.750728+00:00,200,3842.38,
2026-09-11T00:40:01.519867+00:00,200,1084.42,
2026-09-11T00:39:55.926797+00:00,200,6682.20,
2026-09-11T00:39:53.085597+00:00,200,9536.57,
2026-09-11T00:40:00.189389+00:00,200,2432.55,
2026-09-11T00:39:59.413478+00:00,200,3215.57,
2026-09-11T00:40:00.622447+00:00,200,2022.47,
2026-09-11T00:39:56.889981+00:00,200,5758.77,
2026-09-11T00:40:00.648022+00:00,200,2009.08,
2026-09-11T00:40:00.082827+00:00,200,2586.63,
2026-09-11T00:40:02.305531+00:00,200,371.78,
2026-09-11T00:40:02.168353+00:00,200,517.16,
2026-09-11T00:40:01.210012+00:00,200,1474.41,
2026-09-11T00:39:59.729459+00:00,200,2963.83,
2026-09-11T00:39:55.488984+00:00,200,7215.11,
2026-09-11T00:39:58.615283+00:00,200,4103.56,
2026-09-11T00:39:58.567054+00:00,200,4161.54,
2026-09-11T00:40:00.772664+00:00,200,1956.46,
2026-09-11T00:39:57.941916+00:00,200,4781.97,
2026-09-11T00:40:01.101732+00:00,200,1631.06,
2026-09-11T00:40:02.330395+00:00,200,410.44,
2026-09-11T00:40:01.784015+00:00,200,961.25,
2026-09-11T00:39:58.445048+00:00,200,4302.33,
2026-09-11T00:40:01.519867+00:00,200,1223.81,
2026-09-11T00:39:59.136314+00:00,200,3625.36,
2026-09-11T00:40:01.837934+00:00,200,926.33,
2026-09-11T00:40:02.024728+00:00,200,764.60,
2026-09-11T00:40:00.208634+00:00,200,2588.71,
2026-09-11T00:40:01.376924+00:00,200,1425.03,
2026-09-11T00:40:02.266955+00:00,200,540.23,
2026-09-11T00:39:57.569570+00:00,200,5249.44,
2026-09-11T00:40:01.998093+00:00,200,830.50,
2026-09-11T00:39:57.627582+00:00,200,5217.29,
2026-09-11T00:40:01.159818+00:00,200,1685.34,
2026-09-11T00:40:01.299225+00:00,200,1551.37,
2026-09-11T00:40:01.048736+00:00,200,1822.04,
2026-09-11T00:39:59.189536+00:00,200,3683.92,
2026-09-11T00:40:00.149874+00:00,200,2722.82,
2026-09-11T00:39:57.881169+00:00,200,5000.80,
2026-09-11T00:40:00.235956+00:00,200,2650.89,
2026-09-11T00:40:02.144438+00:00,200,753.89,
2026-09-11T00:39:55.294901+00:00,200,7608.79,
2026-09-11T00:39:55.577899+00:00,200,7327.41,
2026-09-11T00:40:02.338105+00:00,200,581.05,
2026-09-11T00:40:01.266023+00:00,200,1668.71,
2026-09-11T00:39:55.331149+00:00,200,7611.52,
2026-09-11T00:40:00.881203+00:00,200,2072.31,
2026-09-11T00:39:59.221402+00:00,200,3763.48,
2026-09-11T00:39:57.018383+00:00,200,5968.50,
2026-09-11T00:39:57.586619+00:00,200,5417.81,
2026-09-11T00:40:01.101732+00:00,200,1909.02,
2026-09-11T00:40:02.010466+00:00,200,1021.86,
2026-09-11T00:39:54.455125+00:00,200,8577.09,
2026-09-11T00:40:02.282594+00:00,200,754.68,
2026-09-11T00:40:02.051028+00:00,200,988.01,
2026-09-11T00:40:02.078410+00:00,200,956.25,
2026-09-11T00:40:02.592466+00:00,200,455.18,
2026-09-11T00:40:02.110373+00:00,200,932.27,
2026-09-11T00:40:01.048736+00:00,200,2003.25,
2026-09-11T00:40:02.938278+00:00,200,119.19,
2026-09-11T00:40:02.556903+00:00,200,497.68,
2026-09-11T00:40:01.825383+00:00,200,1245.52,
2026-09-11T00:40:01.694428+00:00,200,1385.15,
2026-09-11T00:40:01.983684+00:00,200,1133.32,
2026-09-11T00:40:01.733690+00:00,200,1387.78,
2026-09-11T00:39:56.123552+00:00,200,7011.91,
2026-09-11T00:39:59.339631+00:00,200,3797.12,
2026-09-11T00:40:01.299225+00:00,200,1859.64,
2026-09-11T00:40:01.685224+00:00,200,1469.77,
2026-09-11T00:39:58.989670+00:00,200,4172.05,
2026-09-11T00:39:59.365280+00:00,200,3806.33,
2026-09-11T00:40:00.681626+00:00,200,2486.86,
2026-09-11T00:40:00.818523+00:00,200,2360.58,
2026-09-11T00:40:02.871770+00:00,200,306.60,
2026-09-11T00:39:58.790284+00:00,200,4396.44,
2026-09-11T00:40:01.220785+00:00,200,1980.86,
2026-09-11T00:40:01.998093+00:00,200,1200.99,
2026-09-11T00:40:00.101196+00:00,200,3113.90,
2026-09-11T00:40:02.516427+00:00,200,703.13,
2026-09-11T00:40:03.119891+00:00,200,112.63,
2026-09-11T00:39:58.233107+00:00,200,5008.88,
2026-09-11T00:40:03.044843+00:00,200,194.70,
2026-09-11T00:40:02.556903+00:00,200,689.13,
2026-09-11T00:40:00.251905+00:00,200,2999.29,
2026-09-11T00:40:02.716418+00:00,200,546.41,
2026-09-11T00:39:55.548344+00:00,200,7726.09,
2026-09-11T00:39:55.768177+00:00,200,7511.93,
2026-09-11T00:40:02.917341+00:00,200,371.39,
2026-09-11T00:39:54.791947+00:00,200,8503.27,
2026-09-11T00:39:55.347185+00:00,200,7950.20,
2026-09-11T00:40:01.430106+00:00,200,1870.70,
2026-09-11T00:39:57.209561+00:00,200,6089.48,
2026-09-11T00:39:59.374814+00:00,200,3942.41,
2026-09-11T00:39:59.138334+00:00,200,4192.20,
2026-09-11T00:40:01.998093+00:00,200,1340.20,
2026-09-11T00:39:54.867787+00:00,200,8476.09,
2026-09-11T00:39:59.954615+00:00,200,3391.73,
2026-09-11T00:40:02.437582+00:00,200,917.48,
2026-09-11T00:40:00.263038+00:00,200,3096.89,
2026-09-11T00:39:59.319944+00:00,200,4046.42,
2026-09-11T00:40:02.742586+00:00,200,633.67,
2026-09-11T00:39:47.960112+00:00,200,15448.06,
2026-09-11T00:40:03.084475+00:00,200,331.34,
2026-09-11T00:39:56.261065+00:00,200,7145.15,
2026-09-11T00:40:02.110373+00:00,200,1300.39,
2026-09-11T00:39:59.349032+00:00,200,4095.71,
2026-09-11T00:39:53.888986+00:00,200,9556.34,
2026-09-11T00:40:00.473453+00:00,200,2967.02,
2026-09-11T00:39:59.048271+00:00,200,4410.64,
2026-09-11T00:40:00.711206+00:00,200,2738.65,
2026-09-11T00:39:58.853517+00:00,200,4611.72,
2026-09-11T00:40:01.610277+00:00,200,1854.91,
2026-09-11T00:40:00.987696+00:00,200,2526.88,
2026-09-11T00:40:02.437582+00:00,200,1089.76,
2026-09-11T00:39:57.863611+00:00,200,5673.80,
2026-09-11T00:40:03.222016+00:00,200,324.25,
2026-09-11T00:40:01.155622+00:00,200,2406.24,
2026-09-11T00:39:52.947488+00:00,200,10616.23,
2026-09-11T00:40:02.996145+00:00,200,569.03,
2026-09-11T00:39:55.045569+00:00,200,8523.66,
2026-09-11T00:40:00.283449+00:00,200,3283.71,
2026-09-11T00:40:02.314396+00:00,200,1271.26,
2026-09-11T00:39:58.165287+00:00,200,5410.92,
2026-09-11T00:40:01.477986+00:00,200,2115.78,
2026-09-11T00:40:03.219100+00:00,200,389.35,
2026-09-11T00:40:00.918890+00:00,200,2694.21,
2026-09-11T00:40:01.075477+00:00,200,2544.08,
2026-09-11T00:40:02.726343+00:00,200,897.72,
2026-09-11T00:40:03.170813+00:00,200,465.10,
2026-09-11T00:40:00.457499+00:00,200,3175.42,
2026-09-11T00:40:01.299225+00:00,200,2357.60,
2026-09-11T00:39:59.844846+00:00,200,3819.53,
2026-09-11T00:39:56.562028+00:00,200,7107.20,
2026-09-11T00:40:03.363862+00:00,200,316.20,
2026-09-11T00:40:02.237784+00:00,200,1448.31,
2026-09-11T00:40:03.204850+00:00,200,487.02,
2026-09-11T00:39:55.435700+00:00,200,8260.73,
2026-09-11T00:40:02.742586+00:00,200,967.62,
2026-09-11T00:39:49.054056+00:00,200,14675.79,
2026-09-11T00:40:02.893034+00:00,200,833.19,
2026-09-11T00:40:02.314396+00:00,200,1428.49,
2026-09-11T00:40:02.678320+00:00,200,1055.20,
2026-09-11T00:40:02.486363+00:00,200,1263.52,
2026-09-11T00:39:51.769412+00:00,200,11982.24,
2026-09-11T00:40:02.059870+00:00,200,1728.21,
2026-09-11T00:40:02.362036+00:00,200,1427.83,
2026-09-11T00:40:03.520278+00:00,200,268.23,
2026-09-11T00:40:01.519867+00:00,200,2274.09,
2026-09-11T00:40:03.684355+00:00,200,122.29,
2026-09-11T00:39:59.158062+00:00,200,4650.82,
2026-09-11T00:39:59.259231+00:00,200,4560.99,
2026-09-11T00:39:58.639262+00:00,200,5196.42,
2026-09-11T00:40:01.825383+00:00,200,2009.68,
2026-09-11T00:39:58.312075+00:00,200,5549.31,
2026-09-11T00:40:01.680709+00:00,200,2189.97,
2026-09-11T00:39:58.895924+00:00,200,4973.50,
2026-09-11T00:40:03.186852+00:00,200,698.14,
2026-09-11T00:40:01.477986+00:00,200,2429.20,
2026-09-11T00:39:59.760387+00:00,200,4149.46,
2026-09-11T00:40:03.684355+00:00,200,222.15,
2026-09-11T00:40:02.263115+00:00,200,1653.88,
2026-09-11T00:40:00.473453+00:00,200,3447.73,
2026-09-11T00:40:02.610908+00:00,200,1318.25,
2026-09-11T00:40:03.173484+00:00,200,763.89,
2026-09-11T00:40:03.200902+00:00,200,746.51,
2026-09-11T00:40:02.678320+00:00,200,1263.88,
2026-09-11T00:39:57.730242+00:00,200,6222.48,
2026-09-11T00:39:58.463573+00:00,200,5495.34,
2026-09-11T00:39:57.407563+00:00,200,6580.43,
2026-09-11T00:39:53.778451+00:00,200,10215.49,
2026-09-11T00:40:03.266425+00:00,200,734.51,
2026-09-11T00:40:02.805537+00:00,200,1201.64,
2026-09-11T00:39:58.479538+00:00,200,5534.21,
2026-09-11T00:40:02.476368+00:00,200,1541.43,
2026-09-11T00:40:03.912074+00:00,200,111.32,
2026-09-11T00:40:03.585448+00:00,200,439.64,
2026-09-11T00:40:03.139004+00:00,200,906.77,
2026-09-11T00:40:00.156038+00:00,200,3886.95,
2026-09-11T00:40:02.910860+00:00,200,1139.57,
2026-09-11T00:40:03.214036+00:00,200,873.56,
2026-09-11T00:39:53.341000+00:00,200,10756.47,
2026-09-11T00:40:02.188857+00:00,200,1916.28,
2026-09-11T00:40:02.156831+00:00,200,1964.13,
2026-09-11T00:40:01.345786+00:00,200,2786.66,
2026-09-11T00:40:02.510901+00:00,200,1630.91,
2026-09-11T00:40:03.621828+00:00,200,542.34,
2026-09-11T00:40:01.159818+00:00,200,3003.61,
2026-09-11T00:40:03.440955+00:00,200,723.24,
2026-09-11T00:40:03.173484+00:00,200,998.12,
2026-09-11T00:39:58.337847+00:00,200,5838.41,
2026-09-11T00:39:55.815665+00:00,200,8370.91,
2026-09-11T00:40:03.611319+00:00,200,591.93,
2026-09-11T00:40:01.220785+00:00,200,2984.70,
2026-09-11T00:40:03.845420+00:00,200,362.34,
2026-09-11T00:39:59.814115+00:00,200,4410.14,
2026-09-11T00:40:03.652882+00:00,200,586.18,
2026-09-11T00:39:59.981271+00:00,200,4263.56,
2026-09-11T00:40:02.156831+00:00,200,2085.16,
2026-09-11T00:39:59.887213+00:00,200,4367.47,
2026-09-11T00:40:01.743004+00:00,200,2518.01,
2026-09-11T00:40:01.629782+00:00,200,2646.43,
2026-09-11T00:40:01.685224+00:00,200,2589.95,
2026-09-11T00:40:00.473453+00:00,200,3806.52,
2026-09-11T00:39:58.661290+00:00,200,5627.20,
2026-09-11T00:40:02.643207+00:00,200,1652.57,
2026-09-11T00:40:02.668941+00:00,200,1630.10,
2026-09-11T00:40:02.476368+00:00,200,1821.60,
2026-09-11T00:40:02.902629+00:00,200,1402.71,
2026-09-11T00:40:03.363862+00:00,200,941.99,
2026-09-11T00:40:02.695367+00:00,200,1608.51,
2026-09-11T00:40:02.909343+00:00,200,1421.87,
2026-09-11T00:39:54.583265+00:00,200,9748.06,
2026-09-11T00:40:03.749173+00:00,200,605.15,
2026-09-11T00:40:03.790817+00:00,200,564.30,
2026-09-11T00:40:03.044843+00:00,200,1346.94,
2026-09-11T00:40:01.944611+00:00,200,2452.82,
2026-09-11T00:40:00.156038+00:00,200,4247.81,
2026-09-11T00:40:03.233507+00:00,200,1184.86,
2026-09-11T00:40:02.171365+00:00,200,2249.18,
2026-09-11T00:40:03.670215+00:00,200,753.54,
2026-09-11T00:40:03.948836+00:00,200,481.76,
2026-09-11T00:39:59.948428+00:00,200,4488.83,
2026-09-11T00:40:00.956577+00:00,200,3499.90,
2026-09-11T00:39:58.521726+00:00,200,5940.87,
2026-09-11T00:40:01.536577+00:00,200,2918.98,
2026-09-11T00:40:02.226659+00:00,200,2247.71,
2026-09-11T00:40:02.678320+00:00,200,1794.31,
2026-09-11T00:40:03.389223+00:00,200,1103.06,
2026-09-11T00:40:02.380240+00:00,200,2121.53,
2026-09-11T00:40:02.237784+00:00,200,2264.42,
2026-09-11T00:40:04.267108+00:00,200,243.80,
2026-09-11T00:39:53.514899+00:00,200,11002.90,
2026-09-11T00:40:01.685224+00:00,200,2841.32,
2026-09-11T00:40:02.257593+00:00,200,2280.05,
2026-09-11T00:40:02.404449+00:00,200,2162.21,
2026-09-11T00:39:59.539434+00:00,200,5018.79,
2026-09-11T00:40:02.871770+00:00,200,1698.36,
2026-09-11T00:40:03.743749+00:00,200,832.05,
2026-09-11T00:40:02.869585+00:00,200,1710.73,
2026-09-11T00:40:03.543609+00:00,200,1042.42,
2026-09-11T00:40:02.742586+00:00,200,1857.38,
2026-09-11T00:39:59.839988+00:00,200,4767.23,
2026-09-11T00:40:04.079256+00:00,200,528.43,
2026-09-11T00:40:02.384267+00:00,200,2239.23,
2026-09-11T00:39:54.596818+00:00,200,10033.43,
2026-09-11T00:40:04.339419+00:00,200,314.82,
2026-09-11T00:39:57.640321+00:00,200,7025.02,
2026-09-11T00:39:58.702570+00:00,200,5978.73,
2026-09-11T00:40:02.343706+00:00,200,2338.97,
2026-09-11T00:39:59.832758+00:00,200,4861.58,
2026-09-11T00:40:03.413966+00:00,200,1280.24,
2026-09-11T00:40:03.409386+00:00,200,1294.88,
2026-09-11T00:40:02.735990+00:00,200,1970.20,
2026-09-11T00:39:59.856020+00:00,200,4856.16,
2026-09-11T00:39:59.513641+00:00,200,5193.06,
2026-09-11T00:40:02.592466+00:00,200,2121.46,
2026-09-11T00:40:01.430106+00:00,200,3318.96,
2026-09-11T00:40:03.285194+00:00,200,1457.74,
2026-09-11T00:40:02.789931+00:00,200,1962.21,
2026-09-11T00:39:56.732764+00:00,200,8032.14,
2026-09-11T00:40:00.601761+00:00,200,4168.81,
2026-09-11T00:40:00.108776+00:00,200,4670.75,
2026-09-11T00:40:04.279097+00:00,200,510.80,
2026-09-11T00:40:01.949861+00:00,200,2837.05,
2026-09-11T00:40:02.742586+00:00,200,2058.32,
2026-09-11T00:39:57.967585+00:00,200,6861.02,
2026-09-11T00:39:54.078465+00:00,200,10743.06,
2026-09-11T00:40:01.869565+00:00,200,2968.43,
2026-09-11T00:40:03.640784+00:00,200,1201.11,
2026-09-11T00:40:03.993295+00:00,200,860.00,
2026-09-11T00:40:03.627888+00:00,200,1229.45,
2026-09-11T00:40:04.275775+00:00,200,587.53,
2026-09-11T00:40:03.812814+00:00,200,1061.35,
2026-09-11T00:39:54.827826+00:00,200,10047.53,
2026-09-11T00:40:02.110373+00:00,200,2779.05,
2026-09-11T00:40:04.043076+00:00,200,868.70,
2026-09-11T00:39:57.192892+00:00,200,7727.16,
2026-09-11T00:40:04.803385+00:00,200,134.26,
2026-09-11T00:40:00.555943+00:00,200,4384.93,
2026-09-11T00:40:03.317923+00:00,200,1635.25,
2026-09-11T00:40:02.222039+00:00,200,2735.11,
2026-09-11T00:39:59.966040+00:00,200,5006.55,
2026-09-11T00:40:01.949861+00:00,200,3031.00,
2026-09-11T00:40:03.612336+00:00,200,1384.62,
2026-09-11T00:39:58.763030+00:00,200,6226.63,
2026-09-11T00:40:04.430224+00:00,200,574.42,
2026-09-11T00:40:04.676935+00:00,200,330.00,
2026-09-11T00:40:03.139599+00:00,200,1877.95,
2026-09-11T00:40:04.391794+00:00,200,618.98,
2026-09-11T00:40:01.636356+00:00,200,3402.27,
2026-09-11T00:40:02.766078+00:00,200,2279.55,
2026-09-11T00:40:04.500821+00:00,200,554.85,
2026-09-11T00:39:52.966541+00:00,200,12092.95,
2026-09-11T00:40:04.798326+00:00,200,262.54,
2026-09-11T00:39:57.722043+00:00,200,7344.75,
2026-09-11T00:40:03.684355+00:00,200,1383.53,
2026-09-11T00:40:00.695172+00:00,200,4377.13,
2026-09-11T00:40:02.678320+00:00,200,2393.15,
2026-09-11T00:40:01.315606+00:00,200,3788.67,
2026-09-11T00:40:01.090164+00:00,200,4021.20,
2026-09-11T00:40:04.013363+00:00,200,1103.83,
2026-09-11T00:40:00.199033+00:00,200,4923.24,
2026-09-11T00:40:02.832115+00:00,200,2299.40,
2026-09-11T00:40:04.313425+00:00,200,837.78,
2026-09-11T00:40:02.457363+00:00,200,2708.70,
2026-09-11T00:39:56.063832+00:00,200,9106.56,
2026-09-11T00:39:58.528375+00:00,200,6649.84,
2026-09-11T00:40:02.726343+00:00,200,2457.05,
2026-09-11T00:40:03.731479+00:00,200,1456.77,
2026-09-11T00:40:01.622175+00:00,200,3572.45,
2026-09-11T00:40:04.695697+00:00,200,502.78,
2026-09-11T00:39:53.894141+00:00,200,11309.12,
2026-09-11T00:40:04.510808+00:00,200,704.01,
2026-09-11T00:40:05.107011+00:00,200,115.21,
2026-09-11T00:40:04.391794+00:00,200,830.24,
2026-09-11T00:40:04.653270+00:00,200,571.52,
2026-09-11T00:40:00.681626+00:00,200,4562.02,
2026-09-11T00:40:04.305724+00:00,200,959.95,
2026-09-11T00:39:52.202639+00:00,200,13061.50,
2026-09-11T00:40:04.249182+00:00,200,1053.32,
2026-09-11T00:39:58.393489+00:00,200,6914.86,
2026-09-11T00:40:04.995460+00:00,200,325.61,
2026-09-11T00:40:04.457300+00:00,200,882.00,
2026-09-11T00:40:01.171407+00:00,200,4164.70,
2026-09-11T00:40:05.110999+00:00,200,234.25,
2026-09-11T00:40:02.171365+00:00,200,3168.73,
2026-09-11T00:40:04.913984+00:00,200,444.62,
2026-09-11T00:39:59.212107+00:00,200,6145.68,
2026-09-11T00:40:02.101786+00:00,200,3263.55,
2026-09-11T00:40:01.315606+00:00,200,4048.39,
2026-09-11T00:40:04.824042+00:00,200,544.11,
2026-09-11T00:40:04.275775+00:00,200,1112.98,
2026-09-11T00:40:02.757849+00:00,200,2634.98,
2026-09-11T00:40:03.044843+00:00,200,2354.14,
2026-09-11T00:40:04.472739+00:00,200,943.06,
2026-09-11T00:40:02.476368+00:00,200,2948.29,
2026-09-11T00:40:02.838891+00:00,200,2594.19,
2026-09-11T00:40:03.011239+00:00,200,2429.44,
2026-09-11T00:40:03.356791+00:00,200,2095.65,
2026-09-11T00:40:03.060356+00:00,200,2410.10,
2026-09-11T00:40:03.466392+00:00,200,2012.57,
2026-09-11T00:39:55.185388+00:00,200,10293.77,
2026-09-11T00:39:58.912530+00:00,200,6580.34,
2026-09-11T00:40:00.745916+00:00,200,4750.39,
2026-09-11T00:40:03.774787+00:00,200,1741.70,
2026-09-11T00:40:02.404449+00:00,200,3114.86,
2026-09-11T00:39:49.680661+00:00,200,15844.28,
2026-09-11T00:40:05.056731+00:00,200,478.14,
2026-09-11T00:40:02.838891+00:00,200,2693.72,
2026-09-11T00:40:03.173484+00:00,200,2365.25,
2026-09-11T00:40:05.312660+00:00,200,232.30,
2026-09-11T00:40:03.044843+00:00,200,2520.24,
2026-09-11T00:39:59.491598+00:00,200,6075.91,
2026-09-11T00:40:03.031897+00:00,200,2545.99,
2026-09-11T00:40:04.666094+00:00,200,932.33,
2026-09-11T00:39:59.180564+00:00,200,6419.15,
2026-09-11T00:40:05.468677+00:00,200,134.63,
2026-09-11T00:40:04.589918+00:00,200,1037.38,
2026-09-11T00:40:03.553246+00:00,200,2084.83,
2026-09-11T00:40:02.796516+00:00,200,2850.42,
2026-09-11T00:40:04.946181+00:00,200,709.43,
2026-09-11T00:40:03.953370+00:00,200,1699.48,
2026-09-11T00:40:02.811232+00:00,200,2841.50,
2026-09-11T00:40:03.346476+00:00,200,2315.83,
2026-09-11T00:40:05.531681+00:00,200,126.60,
2026-09-11T00:40:03.921279+00:00,200,1755.91,
2026-09-11T00:39:59.912987+00:00,200,5777.63,
2026-09-11T00:40:03.948836+00:00,200,1752.80,
2026-09-11T00:39:59.733473+00:00,200,5978.70,
2026-09-11T00:40:04.861918+00:00,200,852.49,
2026-09-11T00:40:03.255017+00:00,200,2464.55,
2026-09-11T00:40:00.926460+00:00,200,4809.40,
2026-09-11T00:40:02.837765+00:00,200,2903.52,
2026-09-11T00:39:59.640279+00:00,200,6112.91,
2026-09-11T00:39:51.295371+00:00,200,14465.63,
2026-09-11T00:40:05.540733+00:00,200,230.73,
2026-09-11T00:40:04.205518+00:00,200,1579.96,
2026-09-11T00:40:04.090829+00:00,200,1708.39,
2026-09-11T00:39:58.407648+00:00,200,7397.83,
2026-09-11T00:40:04.939304+00:00,200,891.78,
2026-09-11T00:40:04.184355+00:00,200,1658.32,
2026-09-11T00:39:55.706775+00:00,200,10130.83,
2026-09-11T00:40:04.704685+00:00,200,1144.92,
2026-09-11T00:40:01.998093+00:00,200,3857.56,
2026-09-11T00:40:04.435986+00:00,200,1424.89,
2026-09-11T00:40:01.011820+00:00,200,4858.58,
2026-09-11T00:40:04.629907+00:00,200,1242.89,
2026-09-11T00:39:59.428024+00:00,200,6439.92,
2026-09-11T00:40:05.750684+00:00,200,122.95,
2026-09-11T00:40:02.853851+00:00,200,3021.79,
2026-09-11T00:40:04.574336+00:00,200,1320.74,
2026-09-11T00:39:59.287006+00:00,200,6611.80,
2026-09-11T00:40:04.513375+00:00,200,1399.98,
2026-09-11T00:40:05.548302+00:00,200,364.81,
2026-09-11T00:40:02.341197+00:00,200,3589.98,
2026-09-11T00:40:04.159240+00:00,200,1810.71,
2026-09-11T00:40:03.033908+00:00,200,2947.58,
2026-09-11T00:40:05.860563+00:00,200,121.20,
2026-09-11T00:40:04.129789+00:00,200,1867.47,
2026-09-11T00:40:02.640182+00:00,200,3363.17,
2026-09-11T00:40:03.872479+00:00,200,2130.85,
2026-09-11T00:40:02.012862+00:00,200,3988.52,
2026-09-11T00:40:04.875924+00:00,200,1141.21,
2026-09-11T00:40:01.257213+00:00,200,4759.73,
2026-09-11T00:39:57.973381+00:00,200,8051.26,
2026-09-11T00:40:04.968402+00:00,200,1050.91,
2026-09-11T00:40:03.154877+00:00,200,2869.09,
2026-09-11T00:39:59.745177+00:00,200,6311.73,
2026-09-11T00:40:01.536577+00:00,200,4524.66,
2026-09-11T00:40:04.440512+00:00,200,1624.16,
2026-09-11T00:40:05.486837+00:00,200,592.66,
2026-09-11T00:39:57.989436+00:00,200,8102.45,
2026-09-11T00:40:04.676935+00:00,200,1412.00,
2026-09-11T00:40:01.993755+00:00,200,4124.33,
2026-09-11T00:40:05.974891+00:00,200,142.67,
2026-09-11T00:40:05.979086+00:00,200,140.28,
2026-09-11T00:40:03.982845+00:00,200,2142.33,
2026-09-11T00:39:49.575475+00:00,200,16563.23,
2026-09-11T00:40:00.552231+00:00,200,5628.34,
2026-09-11T00:39:57.150622+00:00,200,9032.23,
2026-09-11T00:40:03.459624+00:00,200,2744.70,
2026-09-11T00:40:05.722202+00:00,200,492.48,
2026-09-11T00:40:03.812814+00:00,200,2403.54,
2026-09-11T00:40:02.464471+00:00,200,3766.98,
2026-09-11T00:40:01.361834+00:00,200,4881.95,
2026-09-11T00:39:57.750418+00:00,200,8497.87,
2026-09-11T00:40:03.154877+00:00,200,3081.53,
2026-09-11T00:40:03.695880+00:00,200,2550.95,
2026-09-11T00:40:03.718423+00:00,200,2545.78,
2026-09-11T00:40:05.736069+00:00,200,533.77,
2026-09-11T00:40:05.629780+00:00,200,641.38,
2026-09-11T00:40:05.515957+00:00,200,756.63,
2026-09-11T00:40:05.183811+00:00,200,1084.58,
2026-09-11T00:40:05.595679+00:00,200,675.42,
2026-09-11T00:40:03.602122+00:00,200,2666.76,
2026-09-11T00:40:05.935378+00:00,200,366.08,
2026-09-11T00:40:03.450249+00:00,200,2854.81,
2026-09-11T00:40:06.118087+00:00,200,187.49,
2026-09-11T00:40:03.305853+00:00,200,2998.71,
2026-09-11T00:40:04.750269+00:00,200,1558.75,
2026-09-11T00:40:04.837849+00:00,200,1468.75,
2026-09-11T00:40:04.950712+00:00,200,1355.29,
2026-09-11T00:40:02.362036+00:00,200,3952.12,
2026-09-11T00:40:02.647369+00:00,200,3668.11,
2026-09-11T00:40:03.913614+00:00,200,2404.42,
2026-09-11T00:40:01.784015+00:00,200,4537.03,
2026-09-11T00:39:54.786308+00:00,200,11533.03,
2026-09-11T00:40:03.913614+00:00,200,2411.18,
2026-09-11T00:40:05.679852+00:00,200,645.03,
2026-09-11T00:40:02.628057+00:00,200,3698.97,
2026-09-11T00:40:05.056731+00:00,200,1276.97,
2026-09-11T00:40:05.631792+00:00,200,715.77,
2026-09-11T00:40:03.822959+00:00,200,2527.35,
2026-09-11T00:40:01.926788+00:00,200,4428.00,
2026-09-11T00:40:03.466392+00:00,200,2887.25,
2026-09-11T00:40:05.474449+00:00,200,879.35,
2026-09-11T00:39:57.881169+00:00,200,8471.23,
2026-09-11T00:40:03.916638+00:00,200,2442.47,
2026-09-11T00:40:04.744838+00:00,200,1613.45,
2026-09-11T00:40:01.790421+00:00,200,4570.22,
2026-09-11T00:40:02.030992+00:00,200,4338.67,
2026-09-11T00:40:01.536577+00:00,200,4838.69,
2026-09-11T00:40:03.567846+00:00,200,2816.49,
2026-09-11T00:40:03.336336+00:00,200,3054.37,
2026-09-11T00:40:03.543609+00:00,200,2876.58,
2026-09-11T00:40:03.743749+00:00,200,2676.49,
2026-09-11T00:40:05.658946+00:00,200,795.01,
2026-09-11T00:40:04.695697+00:00,200,1767.60,
2026-09-11T00:40:01.461925+00:00,200,5013.27,
2026-09-11T00:40:06.259185+00:00,200,227.00,
2026-09-11T00:40:04.305724+00:00,200,2199.77,
2026-09-11T00:40:04.190977+00:00,200,2321.40,
2026-09-11T00:40:04.950712+00:00,200,1571.83,
2026-09-11T00:40:04.224787+00:00,200,2300.82,
2026-09-11T00:40:02.983085+00:00,200,3549.81,
2026-09-11T00:40:02.599828+00:00,200,3931.28,
2026-09-11T00:40:04.567140+00:00,200,1975.23,
2026-09-11T00:40:05.364432+00:00,200,1181.71,
2026-09-11T00:40:05.338391+00:00,200,1211.97,
2026-09-11T00:40:04.463279+00:00,200,2096.21,
2026-09-11T00:40:05.855053+00:00,200,718.58,
2026-09-11T00:40:04.982990+00:00,200,1597.19,
2026-09-11T00:40:04.519287+00:00,200,2064.37,
2026-09-11T00:40:03.285194+00:00,200,3340.57,
2026-09-11T00:40:04.159240+00:00,200,2474.43,
2026-09-11T00:40:03.596100+00:00,200,3045.08,
2026-09-11T00:40:05.183811+00:00,200,1477.31,
2026-09-11T00:40:06.259185+00:00,200,398.79,
2026-09-11T00:40:02.616530+00:00,200,4054.80,
2026-09-11T00:40:02.139961+00:00,200,4542.95,
2026-09-11T00:40:05.520628+00:00,200,1184.52,
2026-09-11T00:40:02.305531+00:00,200,4399.94,
2026-09-11T00:40:04.022463+00:00,200,2697.03,
2026-09-11T00:40:06.244481+00:00,200,501.77,
2026-09-11T00:40:04.824042+00:00,200,1927.11,
2026-09-11T00:40:03.413966+00:00,200,3347.52,
2026-09-11T00:40:05.056731+00:00,200,1717.57,
2026-09-11T00:39:57.519297+00:00,200,9257.56,
2026-09-11T00:40:05.342007+00:00,200,1437.59,
2026-09-11T00:39:57.129747+00:00,200,9657.36,
2026-09-11T00:40:06.095317+00:00,200,706.17,
2026-09-11T00:40:03.246219+00:00,200,3589.58,
2026-09-11T00:40:06.405410+00:00,200,446.23,
2026-09-11T00:40:01.774408+00:00,200,5080.83,
2026-09-11T00:40:01.109802+00:00,200,5749.05,
2026-09-11T00:40:06.006728+00:00,200,888.83,
2026-09-11T00:40:06.016706+00:00,200,880.02,
2026-09-11T00:40:04.296788+00:00,200,2611.23,
2026-09-11T00:39:58.962266+00:00,200,7952.63,
2026-09-11T00:39:59.586195+00:00,200,7344.27,
2026-09-11T00:40:02.885674+00:00,200,4051.52,
2026-09-11T00:40:02.488912+00:00,200,4435.84,
2026-09-11T00:40:03.664188+00:00,200,3284.29,
2026-09-11T00:40:04.352500+00:00,200,2617.42,
2026-09-11T00:40:04.519287+00:00,200,2448.79,
2026-09-11T00:40:03.154877+00:00,200,3823.54,
2026-09-11T00:39:56.408709+00:00,200,10583.54,
2026-09-11T00:40:04.598275+00:00,200,2393.25,
2026-09-11T00:40:06.023234+00:00,200,990.96,
2026-09-11T00:40:06.705690+00:00,200,329.69,
2026-09-11T00:40:04.670618+00:00,200,2372.17,
2026-09-11T00:40:05.805027+00:00,200,1251.71,
2026-09-11T00:39:55.768177+00:00,200,11294.24,
2026-09-11T00:40:04.112545+00:00,200,2955.49,
2026-09-11T00:39:58.763030+00:00,200,8314.01,
2026-09-11T00:40:01.299225+00:00,200,5798.61,
2026-09-11T00:40:06.528392+00:00,200,586.68,
2026-09-11T00:40:05.166179+00:00,200,1967.16,
2026-09-11T00:40:06.182928+00:00,200,956.53,
2026-09-11T00:40:04.567140+00:00,200,2575.74,
2026-09-11T00:40:05.246378+00:00,200,1906.86,
2026-09-11T00:40:05.844803+00:00,200,1316.78,
2026-09-11T00:40:05.929380+00:00,200,1240.32,
2026-09-11T00:40:06.214108+00:00,200,960.12,
2026-09-11T00:40:05.652169+00:00,200,1546.04,
2026-09-11T00:39:57.107440+00:00,200,10132.01,
2026-09-11T00:40:06.854647+00:00,200,385.99,
2026-09-11T00:40:06.311328+00:00,200,940.80,
2026-09-11T00:40:05.183811+00:00,200,2062.80,
2026-09-11T00:40:04.894218+00:00,200,2384.76,
2026-09-11T00:40:01.059534+00:00,200,6235.84,
2026-09-11T00:40:02.516427+00:00,200,4794.53,
2026-09-11T00:40:06.311328+00:00,200,1003.85,
2026-09-11T00:40:06.142029+00:00,200,1177.37,
2026-09-11T00:40:05.340400+00:00,200,1983.98,
2026-09-11T00:40:05.136757+00:00,200,2190.59,
2026-09-11T00:40:05.698402+00:00,200,1629.12,
2026-09-11T00:39:51.472428+00:00,200,15890.29,
2026-09-11T00:40:01.356582+00:00,200,6009.81,
2026-09-11T00:40:04.298777+00:00,200,3104.59,
2026-09-11T00:40:06.205327+00:00,200,1208.50,
2026-09-11T00:40:04.579557+00:00,200,2835.61,
2026-09-11T00:40:05.658946+00:00,200,1759.30,
2026-09-11T00:40:05.605656+00:00,200,1821.66,
2026-09-11T00:40:07.275500+00:00,200,175.54,
2026-09-11T00:40:02.237784+00:00,200,5228.88,
2026-09-11T00:39:59.459981+00:00,200,8022.16,
2026-09-11T00:40:07.124179+00:00,200,380.86,
2026-09-11T00:40:04.538284+00:00,200,2972.01,
2026-09-11T00:40:00.900915+00:00,200,6625.18,
2026-09-11T00:40:06.085422+00:00,200,1436.73,
2026-09-11T00:40:05.500254+00:00,200,2036.54,
2026-09-11T00:40:07.356818+00:00,200,181.58,
2026-09-11T00:40:05.896665+00:00,200,1651.32,
2026-09-11T00:40:04.013363+00:00,200,3535.27,
2026-09-11T00:40:04.255763+00:00,200,3304.00,
2026-09-11T00:40:04.589918+00:00,200,3016.23,
2026-09-11T00:40:02.110373+00:00,200,5501.04,
2026-09-11T00:39:59.335619+00:00,200,8290.01,
2026-09-11T00:40:05.595679+00:00,200,2054.50,
2026-09-11T00:39:57.493631+00:00,200,10158.34,
2026-09-11T00:40:05.896665+00:00,200,1773.50,
2026-09-11T00:39:52.385940+00:00,200,15289.01,
2026-09-11T00:40:05.056731+00:00,200,2619.27,
2026-09-11T00:40:03.790817+00:00,200,3904.59,
2026-09-11T00:40:04.873915+00:00,200,2856.81,
2026-09-11T00:40:04.126993+00:00,200,3609.28,
2026-09-11T00:40:06.259185+00:00,200,1472.94,
2026-09-11T00:40:06.628083+00:00,200,1115.88,
2026-09-11T00:40:06.449485+00:00,200,1304.97,
2026-09-11T00:40:05.808850+00:00,200,1976.81,
2026-09-11T00:39:59.529104+00:00,200,8266.22,
2026-09-11T00:40:03.885090+00:00,200,3914.88,
2026-09-11T00:40:06.671767+00:00,200,1127.31,
2026-09-11T00:40:05.848558+00:00,200,1959.08,
2026-09-11T00:40:01.000261+00:00,200,6807.77,
2026-09-11T00:40:06.355271+00:00,200,1458.07,
2026-09-11T00:40:07.677165+00:00,200,143.60,
2026-09-11T00:40:03.634335+00:00,200,4196.71,
2026-09-11T00:40:05.990795+00:00,200,1839.78,
2026-09-11T00:40:06.560256+00:00,200,1300.09,
2026-09-11T00:40:03.454277+00:00,200,4432.81,
2026-09-11T00:40:04.141245+00:00,200,3759.60,
2026-09-11T00:40:07.475920+00:00,200,426.89,
2026-09-11T00:40:03.252501+00:00,200,4659.59,
2026-09-11T00:40:06.801513+00:00,200,1127.04,
2026-09-11T00:40:07.766834+00:00,200,165.20,
2026-09-11T00:40:07.784581+00:00,200,168.44,
2026-09-11T00:40:00.588324+00:00,200,7388.50,
2026-09-11T00:40:05.015047+00:00,200,2964.08,
2026-09-11T00:40:02.553882+00:00,200,5464.05,
2026-09-11T00:40:04.756464+00:00,200,3260.13,
2026-09-11T00:40:07.545285+00:00,200,478.45,
2026-09-11T00:40:01.885432+00:00,200,6159.43,
2026-09-11T00:40:07.322912+00:00,200,734.34,
2026-09-11T00:40:07.315163+00:00,200,754.91,
2026-09-11T00:40:02.399542+00:00,200,5678.07,
2026-09-11T00:40:04.286086+00:00,200,3816.15,
2026-09-11T00:40:06.592168+00:00,200,1510.16,
2026-09-11T00:40:03.790817+00:00,200,4303.39,
2026-09-11T00:40:05.357226+00:00,200,2766.35,
2026-09-11T00:40:05.864215+00:00,200,2264.77,
2026-09-11T00:40:07.404642+00:00,200,733.20,
2026-09-11T00:40:06.244481+00:00,200,1910.18,
2026-09-11T00:40:06.118087+00:00,200,2037.90,
2026-09-11T00:40:07.687622+00:00,200,470.64,
2026-09-11T00:40:05.567345+00:00,200,2587.18,
2026-09-11T00:40:05.758316+00:00,200,2426.10,
2026-09-11T00:40:05.120744+00:00,200,3065.13,
2026-09-11T00:40:03.250489+00:00,200,4954.40,
2026-09-11T00:40:02.187346+00:00,200,6068.40,
2026-09-11T00:40:05.913639+00:00,200,2356.92,
2026-09-11T00:40:04.305724+00:00,200,3966.35,
2026-09-11T00:40:06.671767+00:00,200,1597.15,
2026-09-11T00:40:04.837849+00:00,200,3442.66,
2026-09-11T00:39:58.154354+00:00,200,10126.39,
2026-09-11T00:40:07.132647+00:00,200,1152.54,
2026-09-11T00:39:59.351631+00:00,200,8936.85,
2026-09-11T00:40:08.131227+00:00,200,171.14,
2026-09-11T00:40:06.314282+00:00,200,2004.14,
2026-09-11T00:40:03.995815+00:00,200,4320.75,
2026-09-11T00:40:07.656725+00:00,200,672.09,
2026-09-11T00:40:05.540733+00:00,200,2791.78,
2026-09-11T00:40:05.548302+00:00,200,2780.40,
2026-09-11T00:40:05.008778+00:00,200,3331.12,
2026-09-11T00:40:03.135927+00:00,200,5207.16,
2026-09-11T00:40:01.782993+00:00,200,6569.47,
2026-09-11T00:40:06.465180+00:00,200,1898.74,
2026-09-11T00:40:02.091935+00:00,200,6295.72,
2026-09-11T00:40:03.758792+00:00,200,4640.74,
2026-09-11T00:40:05.201209+00:00,200,3199.01,
2026-09-11T00:40:08.253369+00:00,200,165.80,
2026-09-11T00:40:07.735160+00:00,200,690.32,
2026-09-11T00:40:05.658946+00:00,200,2783.02,
2026-09-11T00:40:03.044843+00:00,200,5395.74,
2026-09-11T00:40:06.023234+00:00,200,2432.76,
2026-09-11T00:40:04.288092+00:00,200,4179.94,
2026-09-11T00:40:07.052745+00:00,200,1420.77,
2026-09-11T00:40:04.712377+00:00,200,3784.30,
2026-09-11T00:40:05.531681+00:00,200,2980.21,
2026-09-11T00:40:05.567345+00:00,200,2962.87,
2026-09-11T00:40:06.915026+00:00,200,1624.12,
2026-09-11T00:40:01.810473+00:00,200,6742.36,
2026-09-11T00:40:05.438727+00:00,200,3123.41,
2026-09-11T00:40:07.322912+00:00,200,1249.05,
2026-09-11T00:40:06.628083+00:00,200,1967.44,
2026-09-11T00:40:04.921199+00:00,200,3685.86,
2026-09-11T00:40:06.514361+00:00,200,2094.03,
2026-09-11T00:40:03.446804+00:00,200,5169.24,
2026-09-11T00:40:00.082827+00:00,200,8531.12,
2026-09-11T00:40:06.355271+00:00,200,2263.45,
2026-09-11T00:40:03.038010+00:00,200,5608.15,
2026-09-11T00:39:57.710036+00:00,200,10940.86,
2026-09-11T00:40:07.417726+00:00,200,1259.29,
2026-09-11T00:40:07.798642+00:00,200,890.46,
2026-09-11T00:40:05.913639+00:00,200,2797.68,
2026-09-11T00:40:07.893788+00:00,200,822.22,
2026-09-11T00:40:03.122909+00:00,200,5603.70,
2026-09-11T00:40:02.343706+00:00,200,6393.89,
2026-09-11T00:40:04.616441+00:00,200,4129.84,
2026-09-11T00:40:01.440457+00:00,200,7313.44,
2026-09-11T00:40:06.342056+00:00,200,2418.82,
2026-09-11T00:40:04.995460+00:00,200,3816.91,
2026-09-11T00:40:07.744852+00:00,200,1075.59,
2026-09-11T00:40:02.695367+00:00,200,6134.62,
2026-09-11T00:40:07.484216+00:00,200,1351.49,
2026-09-11T00:40:06.719793+00:00,200,2125.97,
2026-09-11T00:39:54.646447+00:00,200,14197.79,
2026-09-11T00:40:01.536577+00:00,200,7315.48,
2026-09-11T00:40:06.514361+00:00,200,2356.57,
2026-09-11T00:40:05.150162+00:00,200,3736.28,
2026-09-11T00:40:08.716972+00:00,200,171.23,
2026-09-11T00:40:05.201209+00:00,200,3702.13,
2026-09-11T00:40:07.678745+00:00,200,1230.38,
2026-09-11T00:40:01.758451+00:00,200,7183.56,
2026-09-11T00:40:00.386074+00:00,200,8580.05,
2026-09-11T00:40:06.989194+00:00,200,2001.93,
2026-09-11T00:40:08.321406+00:00,200,677.71,
2026-09-11T00:40:08.098561+00:00,200,922.00,
2026-09-11T00:40:07.228285+00:00,200,1798.99,
2026-09-11T00:40:01.576593+00:00,200,7463.41,
2026-09-11T00:40:05.653688+00:00,200,3399.61,
2026-09-11T00:40:08.307236+00:00,200,754.94,
2026-09-11T00:40:05.072610+00:00,200,3999.50,
2026-09-11T00:40:06.182928+00:00,200,2895.32,
2026-09-11T00:40:03.948191+00:00,200,5135.31,
2026-09-11T00:40:06.833359+00:00,200,2249.65,
2026-09-11T00:40:05.880229+00:00,200,3229.91,
2026-09-11T00:40:02.996145+00:00,200,6112.88,
2026-09-11T00:39:59.650914+00:00,200,9478.45,
2026-09-11T00:40:08.339586+00:00,200,794.55,
2026-09-11T00:40:08.985156+00:00,200,157.18,
2026-09-11T00:40:07.974201+00:00,200,1228.88,
2026-09-11T00:40:02.078410+00:00,200,7138.39,
2026-09-11T00:40:08.731777+00:00,200,505.28,
2026-09-11T00:40:02.726343+00:00,200,6524.65,
2026-09-11T00:40:04.706696+00:00,200,4557.21,
2026-09-11T00:40:03.573236+00:00,200,5692.79,
2026-09-11T00:40:05.364432+00:00,200,3904.19,
2026-09-11T00:39:58.402582+00:00,200,10871.24,
2026-09-11T00:40:08.746659+00:00,200,532.73,
2026-09-11T00:40:07.954682+00:00,200,1332.63,
2026-09-11T00:40:06.118087+00:00,200,3172.34,
2026-09-11T00:40:02.488912+00:00,200,6834.16,
2026-09-11T00:40:09.000917+00:00,200,346.94,
2026-09-11T00:40:06.783240+00:00,200,2569.46,
2026-09-11T00:40:05.842796+00:00,200,3516.26,
2026-09-11T00:40:08.060652+00:00,200,1317.38,
2026-09-11T00:40:09.196334+00:00,200,194.42,
2026-09-11T00:40:07.518179+00:00,200,1905.82,
2026-09-11T00:40:06.528392+00:00,200,2900.70,
2026-09-11T00:40:05.422393+00:00,200,4011.39,
2026-09-11T00:40:08.554799+00:00,200,901.75,
2026-09-11T00:40:08.098561+00:00,200,1361.32,
2026-09-11T00:40:04.515385+00:00,200,4963.44,
2026-09-11T00:40:01.624908+00:00,200,7863.63,
2026-09-11T00:40:06.697475+00:00,200,2809.85,
2026-09-11T00:40:09.325026+00:00,200,182.14,
2026-09-11T00:40:06.418366+00:00,200,3104.62,
2026-09-11T00:40:00.618640+00:00,200,8912.02,
2026-09-11T00:40:08.274062+00:00,200,1256.50,
2026-09-11T00:40:06.983155+00:00,200,2576.21,
2026-09-11T00:40:06.324689+00:00,200,3249.78,
2026-09-11T00:40:07.452858+00:00,200,2136.74,
2026-09-11T00:40:09.417179+00:00,200,170.84,
2026-09-11T00:40:06.943438+00:00,200,2652.27,
2026-09-11T00:40:04.780582+00:00,200,4874.32,
2026-09-11T00:40:08.972063+00:00,200,689.07,
2026-09-11T00:40:05.741092+00:00,200,3958.95,
2026-09-11T00:40:08.040344+00:00,200,1661.03,
2026-09-11T00:40:06.657865+00:00,200,3068.58,
2026-09-11T00:40:06.600346+00:00,200,3139.14,
2026-09-11T00:40:06.964204+00:00,200,2787.43,
2026-09-11T00:40:05.215861+00:00,200,4546.37,
2026-09-11T00:40:08.422793+00:00,200,1361.65,
2026-09-11T00:40:06.644192+00:00,200,3166.12,
2026-09-11T00:39:58.603939+00:00,200,11217.30,
2026-09-11T00:40:06.657865+00:00,200,3154.54,
2026-09-11T00:40:06.315296+00:00,200,3532.66,
2026-09-11T00:40:03.837655+00:00,200,6017.50,
2026-09-11T00:40:06.547306+00:00,200,3325.43,
2026-09-11T00:40:07.250810+00:00,200,2621.46,
2026-09-11T00:40:05.038920+00:00,200,4842.87,
2026-09-11T00:40:06.322683+00:00,200,3568.99,
2026-09-11T00:40:00.774919+00:00,200,9128.27,
2026-09-11T00:40:09.700399+00:00,200,205.35,
2026-09-11T00:40:01.587645+00:00,200,8318.09,
2026-09-11T00:40:08.346045+00:00,200,1571.05,
2026-09-11T00:40:04.352500+00:00,200,5594.10,
2026-09-11T00:40:06.187768+00:00,200,3770.15,
2026-09-11T00:40:01.168886+00:00,200,8826.25,
2026-09-11T00:40:04.622754+00:00,200,5394.65,
2026-09-11T00:39:58.258252+00:00,200,11771.39,
2026-09-11T00:40:04.472739+00:00,200,5564.76,
2026-09-11T00:40:09.147371+00:00,200,894.31,
2026-09-11T00:40:06.355271+00:00,200,3677.56,
2026-09-11T00:40:08.194619+00:00,200,1854.14,
2026-09-11T00:40:09.604531+00:00,200,454.05,
2026-09-11T00:40:05.214756+00:00,200,4858.96,
2026-09-11T00:40:07.496683+00:00,200,2579.16,
2026-09-11T00:40:06.250834+00:00,200,3845.14,
2026-09-11T00:40:04.463279+00:00,200,5635.37,
2026-09-11T00:40:02.349665+00:00,200,7763.13,
2026-09-11T00:40:04.043076+00:00,200,6084.68,
2026-09-11T00:40:02.893034+00:00,200,7243.78,
2026-09-11T00:40:06.355271+00:00,200,3810.28,
2026-09-11T00:40:03.921279+00:00,200,6238.45,
2026-09-11T00:40:06.073037+00:00,200,4111.64,
2026-09-11T00:40:09.905573+00:00,200,298.74,
2026-09-11T00:40:06.274954+00:00,200,3952.78,
2026-09-11T00:40:09.588547+00:00,200,642.80,
2026-09-11T00:40:06.342056+00:00,200,3897.09,
2026-09-11T00:40:05.215861+00:00,200,5026.65,
2026-09-11T00:40:06.751993+00:00,200,3506.65,
2026-09-11T00:40:02.568363+00:00,200,7714.94,
2026-09-11T00:40:06.560256+00:00,200,3729.34,
2026-09-11T00:40:02.388139+00:00,200,7915.59,
2026-09-11T00:40:06.576655+00:00,200,3736.00,
2026-09-11T00:40:01.456444+00:00,200,8863.68,
2026-09-11T00:40:05.015047+00:00,200,5326.34,
2026-09-11T00:40:10.162524+00:00,200,183.06,
2026-09-11T00:40:10.228645+00:00,200,149.29,
2026-09-11T00:40:09.847348+00:00,200,532.61,
2026-09-11T00:40:09.905573+00:00,200,486.73,
2026-09-11T00:40:10.234108+00:00,200,197.74,
2026-09-11T00:40:04.331598+00:00,200,6110.03,
2026-09-11T00:40:06.783240+00:00,200,3658.81,
2026-09-11T00:40:06.854647+00:00,200,3600.81,
2026-09-11T00:40:07.528816+00:00,200,2934.62,
2026-09-11T00:40:08.078862+00:00,200,2407.10,
2026-09-11T00:40:06.216804+00:00,200,4278.84,
2026-09-11T00:40:09.033745+00:00,200,1463.99,
2026-09-11T00:39:58.858082+00:00,200,11679.95,
2026-09-11T00:40:00.457499+00:00,200,10089.60,
2026-09-11T00:40:00.695172+00:00,200,9865.19,
2026-09-11T00:40:03.695880+00:00,200,6875.51,
2026-09-11T00:40:10.365489+00:00,200,215.13,
2026-09-11T00:40:06.324689+00:00,200,4269.25,
2026-09-11T00:40:08.274062+00:00,200,2331.92,
2026-09-11T00:39:55.372387+00:00,200,15236.68,
2026-09-11T00:40:10.005645+00:00,200,634.88,
2026-09-11T00:40:05.371287+00:00,200,5293.07,
2026-09-11T00:40:10.048021+00:00,200,620.58,
2026-09-11T00:40:03.733488+00:00,200,6954.32,
2026-09-11T00:40:06.489198+00:00,200,4198.85,
2026-09-11T00:40:08.832376+00:00,200,1865.31,
2026-09-11T00:40:01.409950+00:00,200,9315.56,
2026-09-11T00:40:06.972146+00:00,200,3760.68,
2026-09-11T00:40:10.523931+00:00,200,211.94,
2026-09-11T00:39:56.655308+00:00,200,14111.67,
2026-09-11T00:40:04.719716+00:00,200,6070.80,
2026-09-11T00:39:57.697877+00:00,200,13095.94,
2026-09-11T00:40:08.496813+00:00,200,2320.01,
2026-09-11T00:40:09.949109+00:00,200,878.29,
2026-09-11T00:40:06.386120+00:00,200,4457.01,
2026-09-11T00:39:57.114804+00:00,200,13742.67,
2026-09-11T00:40:05.385461+00:00,200,5489.58,
2026-09-11T00:40:07.909612+00:00,200,2966.63,
2026-09-11T00:40:04.391794+00:00,200,6484.86,
2026-09-11T00:40:06.783240+00:00,200,4119.18,
2026-09-11T00:40:03.413966+00:00,200,7498.03,
2026-09-11T00:40:07.166746+00:00,200,3763.07,
2026-09-11T00:40:08.832376+00:00,200,2101.85,
2026-09-11T00:40:05.297241+00:00,200,5651.86,
2026-09-11T00:39:58.956749+00:00,200,12046.76,
2026-09-11T00:40:00.994986+00:00,200,10012.74,
2026-09-11T00:40:03.333303+00:00,200,7676.98,
2026-09-11T00:40:04.837849+00:00,200,6171.49,
2026-09-11T00:40:06.306810+00:00,200,4716.05,
2026-09-11T00:40:03.038010+00:00,200,7990.81,
2026-09-11T00:40:03.872479+00:00,200,7156.30,
2026-09-11T00:40:07.041060+00:00,200,3994.69,
2026-09-11T00:40:09.082534+00:00,200,1959.08,
2026-09-11T00:40:07.545285+00:00,200,3513.48,
2026-09-11T00:40:08.643523+00:00,200,2438.54,
2026-09-11T00:40:09.255204+00:00,200,1844.03,
2026-09-11T00:40:06.016706+00:00,200,5102.25,
2026-09-11T00:39:58.719845+00:00,200,12404.80,
2026-09-11T00:40:03.858219+00:00,200,7289.96,
2026-09-11T00:40:09.358738+00:00,200,1801.39,
2026-09-11T00:40:10.812229+00:00,200,364.61,
2026-09-11T00:40:05.264303+00:00,200,5930.74,
2026-09-11T00:40:10.723192+00:00,200,483.44,
2026-09-11T00:40:04.049202+00:00,200,7166.72,
2026-09-11T00:40:07.166746+00:00,200,4055.37,
2026-09-11T00:40:07.315163+00:00,200,3922.72,
2026-09-11T00:40:05.452784+00:00,200,5804.51,
2026-09-11T00:40:06.055493+00:00,200,5213.54,
2026-09-11T00:40:08.374607+00:00,200,2905.47,
2026-09-11T00:40:06.315296+00:00,200,4971.69,
2026-09-11T00:40:09.889570+00:00,200,1407.64,
2026-09-11T00:40:09.858650+00:00,200,1448.36,
2026-09-11T00:40:07.196138+00:00,200,4111.84,
2026-09-11T00:40:08.453819+00:00,200,2854.45,
2026-09-11T00:40:04.434243+00:00,200,6888.66,
2026-09-11T00:40:10.983961+00:00,200,339.74,
2026-09-11T00:40:11.157291+00:00,200,168.77,
2026-09-11T00:40:10.100509+00:00,200,1237.54,
2026-09-11T00:40:08.616812+00:00,200,2764.10,
2026-09-11T00:40:06.355271+00:00,200,5028.06,
2026-09-11T00:40:05.692056+00:00,200,5697.03,
2026-09-11T00:40:11.178836+00:00,200,215.43,
2026-09-11T00:40:11.030456+00:00,200,368.93,
2026-09-11T00:40:10.672368+00:00,200,751.04,
2026-09-11T00:40:11.085428+00:00,200,336.12,
2026-09-11T00:40:06.233039+00:00,200,5197.76,
2026-09-11T00:40:08.816648+00:00,200,2643.81,
2026-09-11T00:40:05.409102+00:00,200,6055.03,
2026-09-11T00:40:06.355271+00:00,200,5105.74,
2026-09-11T00:40:10.095340+00:00,200,1379.11,
2026-09-11T00:40:09.809856+00:00,200,1668.32,
2026-09-11T00:40:10.792318+00:00,200,687.30,
2026-09-11T00:40:04.712377+00:00,200,6781.44,
2026-09-11T00:40:07.132647+00:00,200,4379.15,
2026-09-11T00:40:05.304272+00:00,200,6220.46,
2026-09-11T00:40:08.512633+00:00,200,3012.96,
2026-09-11T00:40:09.066887+00:00,200,2464.85,
2026-09-11T00:39:49.289845+00:00,200,22247.95,
2026-09-11T00:40:08.684591+00:00,200,2850.32,
2026-09-11T00:40:07.815624+00:00,200,3742.22,
2026-09-11T00:40:05.119725+00:00,200,6451.62,
2026-09-11T00:40:09.704768+00:00,200,1878.60,
2026-09-11T00:40:10.342479+00:00,200,1246.07,
2026-09-11T00:40:11.219690+00:00,200,371.39,
2026-09-11T00:40:08.890850+00:00,200,2699.01,
2026-09-11T00:40:01.879676+00:00,200,9716.50,
2026-09-11T00:40:10.285355+00:00,200,1327.13,
2026-09-11T00:40:08.708432+00:00,200,2909.53,
2026-09-11T00:40:07.815624+00:00,200,3801.64,
2026-09-11T00:39:59.017153+00:00,200,12598.91,
2026-09-11T00:40:09.273540+00:00,200,2351.19,
2026-09-11T00:40:07.156679+00:00,200,4472.60,
2026-09-11T00:40:02.657465+00:00,200,8972.49,
2026-09-11T00:40:03.553246+00:00,200,8067.58,
2026-09-11T00:39:56.143669+00:00,200,15490.02,
2026-09-11T00:40:09.588547+00:00,200,2060.99,
2026-09-11T00:40:06.060784+00:00,200,5598.18,
2026-09-11T00:40:11.553669+00:00,200,116.15,
2026-09-11T00:40:00.065921+00:00,200,11608.43,
2026-09-11T00:40:09.445303+00:00,200,2229.41,
2026-09-11T00:40:09.477216+00:00,200,2201.13,
2026-09-11T00:40:04.995460+00:00,200,6708.36,
2026-09-11T00:40:05.864215+00:00,200,5846.06,
2026-09-11T00:39:56.895252+00:00,200,14836.12,
2026-09-11T00:40:11.475910+00:00,200,259.27,
2026-09-11T00:40:11.476914+00:00,200,258.06,
2026-09-11T00:40:08.843683+00:00,200,2890.48,
2026-09-11T00:40:08.532389+00:00,200,3221.04,
2026-09-11T00:40:06.751993+00:00,200,4993.47,
2026-09-11T00:40:06.290992+00:00,200,5464.69,
2026-09-11T00:40:10.479472+00:00,200,1308.14,
2026-09-11T00:40:11.518622+00:00,200,277.88,
2026-09-11T00:40:08.164182+00:00,200,3647.50,
2026-09-11T00:40:04.986833+00:00,200,6831.95,
2026-09-11T00:40:11.267631+00:00,200,549.75,
2026-09-11T00:40:04.921199+00:00,200,6901.26,
2026-09-11T00:40:10.305504+00:00,200,1528.19,
2026-09-11T00:40:02.399542+00:00,200,9447.22,
2026-09-11T00:39:59.097387+00:00,200,12758.57,
2026-09-11T00:40:03.282358+00:00,200,8596.78,
2026-09-11T00:40:08.843683+00:00,200,3035.84,
2026-09-11T00:40:08.289876+00:00,200,3603.18,
2026-09-11T00:40:04.756464+00:00,200,7132.73,
2026-09-11T00:40:11.117489+00:00,200,783.81,
2026-09-11T00:40:01.064528+00:00,200,10859.35,
2026-09-11T00:40:04.054288+00:00,200,7870.30,
2026-09-11T00:40:04.424071+00:00,200,7503.41,
2026-09-11T00:40:08.339586+00:00,200,3589.89,
2026-09-11T00:40:02.742586+00:00,200,9194.96,
2026-09-11T00:40:11.811405+00:00,200,127.19,
2026-09-11T00:40:10.602444+00:00,200,1346.11,
2026-09-11T00:40:11.190724+00:00,200,759.82,
2026-09-11T00:40:03.520278+00:00,200,8446.16,
2026-09-11T00:40:08.946807+00:00,200,3027.25,
2026-09-11T00:40:08.015802+00:00,200,3968.31,
2026-09-11T00:40:02.938278+00:00,200,9048.78,
2026-09-11T00:40:11.678289+00:00,200,328.93,
2026-09-11T00:40:09.509098+00:00,200,2501.51,
2026-09-11T00:40:11.889858+00:00,200,126.00,
2026-09-11T00:40:10.309039+00:00,200,1713.95,
2026-09-11T00:40:08.890850+00:00,200,3126.64,
2026-09-11T00:40:06.418366+00:00,200,5611.38,
2026-09-11T00:40:07.344287+00:00,200,4692.77,
2026-09-11T00:40:11.421523+00:00,200,616.08,
2026-09-11T00:40:08.808977+00:00,200,3252.40,
2026-09-11T00:40:08.321406+00:00,200,3735.72,
2026-09-11T00:39:54.141664+00:00,200,17928.20,
2026-09-11T00:40:09.509098+00:00,200,2574.94,
2026-09-11T00:40:07.744852+00:00,200,4346.21,
2026-09-11T00:40:03.789799+00:00,200,8319.54,
2026-09-11T00:40:09.524998+00:00,200,2580.01,
2026-09-11T00:40:03.906553+00:00,200,8209.78,
2026-09-11T00:40:11.020493+00:00,200,1103.54,
2026-09-11T00:40:08.887167+00:00,200,3246.73,
2026-09-11T00:40:07.928522+00:00,200,4219.96,
2026-09-11T00:40:09.739762+00:00,200,2406.36,
2026-09-11T00:40:07.798642+00:00,200,4361.16,
2026-09-11T00:40:08.147357+00:00,200,4022.85,
2026-09-11T00:40:11.676469+00:00,200,507.39,
2026-09-11T00:40:10.043053+00:00,200,2146.91,
2026-09-11T00:39:58.083873+00:00,200,14110.33,
2026-09-11T00:40:05.864215+00:00,200,6324.39,
2026-09-11T00:40:10.048021+00:00,200,2142.41,
2026-09-11T00:40:11.753787+00:00,200,467.64,
2026-09-11T00:40:05.645259+00:00,200,6574.58,
2026-09-11T00:40:04.572327+00:00,200,7659.25,
2026-09-11T00:40:09.574237+00:00,200,2668.94,
2026-09-11T00:40:06.748822+00:00,200,5504.35,
2026-09-11T00:40:12.159557+00:00,200,102.35,
2026-09-11T00:40:06.060784+00:00,200,6229.75,
2026-09-11T00:40:10.043053+00:00,200,2257.53,
2026-09-11T00:40:11.030456+00:00,200,1260.10,
2026-09-11T00:40:10.902566+00:00,200,1413.77,
2026-09-11T00:40:12.219477+00:00,200,97.21,
2026-09-11T00:40:10.043053+00:00,200,2278.15,
2026-09-11T00:40:08.156646+00:00,200,4166.67,
2026-09-11T00:40:06.306810+00:00,200,6021.51,
2026-09-11T00:40:06.894131+00:00,200,5424.22,
2026-09-11T00:40:07.310615+00:00,200,5028.46,
2026-09-11T00:40:11.878360+00:00,200,490.85,
2026-09-11T00:40:12.113929+00:00,200,262.52,
2026-09-11T00:40:05.422393+00:00,200,6953.82,
2026-09-11T00:40:06.925614+00:00,200,5454.63,
2026-09-11T00:40:12.277466+00:00,200,121.61,
2026-09-11T00:40:07.322912+00:00,200,5078.12,
2026-09-11T00:39:56.126084+00:00,200,16294.96,
2026-09-11T00:40:02.949442+00:00,200,9477.62,
2026-09-11T00:40:10.491941+00:00,200,1941.45,
2026-09-11T00:40:09.128644+00:00,200,3311.12,
2026-09-11T00:40:07.250810+00:00,200,5212.74,
2026-09-11T00:39:58.429896+00:00,200,14053.83,
2026-09-11T00:40:08.125191+00:00,200,4359.89,
2026-09-11T00:40:10.950618+00:00,200,1535.19,
2026-09-11T00:40:11.733607+00:00,200,758.35,
2026-09-11T00:40:11.676469+00:00,200,833.42,
2026-09-11T00:40:11.126002+00:00,200,1387.44,
2026-09-11T00:40:11.711732+00:00,200,803.93,
2026-09-11T00:40:09.074824+00:00,200,3452.50,
2026-09-11T00:40:10.162524+00:00,200,2377.05,
2026-09-11T00:40:06.994773+00:00,200,5552.93,
2026-09-11T00:40:10.586497+00:00,200,1958.98,
2026-09-11T00:40:08.643523+00:00,200,3916.05,
2026-09-11T00:40:08.098561+00:00,200,4467.37,
2026-09-11T00:40:11.902124+00:00,200,671.32,
2026-09-11T00:40:10.697341+00:00,200,1886.49,
2026-09-11T00:40:12.018522+00:00,200,571.74,
2026-09-11T00:40:12.187499+00:00,200,401.75,
2026-09-11T00:40:10.127023+00:00,200,2484.96,
2026-09-11T00:40:07.052745+00:00,200,5558.25,
2026-09-11T00:40:05.068536+00:00,200,7557.63,
2026-09-11T00:40:12.394484+00:00,200,246.75,
2026-09-11T00:40:12.418372+00:00,200,226.17,
2026-09-11T00:40:12.508127+00:00,200,149.96,
2026-09-11T00:40:11.790794+00:00,200,873.40,
2026-09-11T00:40:11.818553+00:00,200,859.96,
2026-09-11T00:40:00.932399+00:00,200,11770.12,
2026-09-11T00:40:06.770152+00:00,200,5929.45,
2026-09-11T00:40:06.370429+00:00,200,6331.91,
2026-09-11T00:40:08.040344+00:00,200,4685.51,
2026-09-11T00:40:04.787734+00:00,200,7955.10,
2026-09-11T00:40:10.586497+00:00,200,2169.21,
2026-09-11T00:40:08.274062+00:00,200,4488.74,
2026-09-11T00:40:12.378450+00:00,200,392.51,
2026-09-11T00:40:10.349561+00:00,200,2433.09,
2026-09-11T00:40:06.315296+00:00,200,6472.04,
2026-09-11T00:40:11.009691+00:00,200,1779.19,
2026-09-11T00:40:12.508127+00:00,200,290.45,
2026-09-11T00:40:12.187499+00:00,200,610.61,
2026-09-11T00:40:11.527007+00:00,200,1298.97,
2026-09-11T00:40:09.286862+00:00,200,3538.44,
2026-09-11T00:40:10.136610+00:00,200,2693.55,
2026-09-11T00:40:12.205267+00:00,200,635.00,
2026-09-11T00:40:11.757327+00:00,200,1118.69,
2026-09-11T00:40:09.334109+00:00,200,3563.57,
2026-09-11T00:40:12.072402+00:00,200,827.28,
2026-09-11T00:40:09.524998+00:00,200,3382.94,
2026-09-11T00:40:11.920756+00:00,200,1019.09,
2026-09-11T00:40:03.298271+00:00,200,9650.13,
2026-09-11T00:40:09.072068+00:00,200,3878.92,
2026-09-11T00:40:12.029593+00:00,200,924.39,
2026-09-11T00:40:09.984866+00:00,200,2962.78,
2026-09-11T00:40:11.320241+00:00,200,1634.65,
2026-09-11T00:40:10.888207+00:00,200,2071.10,
2026-09-11T00:40:05.713272+00:00,200,7245.17,
2026-09-11T00:40:08.023442+00:00,200,4952.04,
2026-09-11T00:40:08.074781+00:00,200,4908.21,
2026-09-11T00:40:00.909854+00:00,200,12073.81,
2026-09-11T00:40:09.267060+00:00,200,3725.42,
2026-09-11T00:40:12.875379+00:00,200,127.37,
2026-09-11T00:40:03.995815+00:00,200,9037.07,
2026-09-11T00:40:07.015171+00:00,200,6030.59,
2026-09-11T00:39:54.179724+00:00,200,18886.20,
2026-09-11T00:40:09.655604+00:00,200,3420.78,
2026-09-11T00:40:12.238628+00:00,200,833.81,
2026-09-11T00:40:12.107888+00:00,200,980.79,
2026-09-11T00:40:10.431490+00:00,200,2660.33,
2026-09-11T00:40:11.627197+00:00,200,1480.99,
2026-09-11T00:40:07.957462+00:00,200,5159.27,
2026-09-11T00:40:12.759581+00:00,200,376.71,
2026-09-11T00:40:11.618208+00:00,200,1529.32,
2026-09-11T00:40:07.893788+00:00,200,5259.99,
2026-09-11T00:40:03.585448+00:00,200,9576.80,
2026-09-11T00:40:07.865608+00:00,200,5296.74,
2026-09-11T00:40:04.248175+00:00,200,8947.99,
2026-09-11T00:40:07.883803+00:00,200,5310.39,
2026-09-11T00:40:02.520388+00:00,200,10679.87,
2026-09-11T00:40:09.826484+00:00,200,3382.74,
2026-09-11T00:40:13.057410+00:00,200,151.30,
2026-09-11T00:40:12.251460+00:00,200,970.51,
2026-09-11T00:40:05.342007+00:00,200,7876.74,
2026-09-11T00:40:12.553802+00:00,200,681.08,
2026-09-11T00:40:13.105296+00:00,200,133.65,
2026-09-11T00:40:10.191057+00:00,200,3052.08,
2026-09-11T00:40:06.304150+00:00,200,6961.53,
2026-09-11T00:40:12.187499+00:00,200,1097.39,
2026-09-11T00:40:12.759581+00:00,200,527.57,
2026-09-11T00:40:08.156646+00:00,200,5151.72,
2026-09-11T00:40:08.916081+00:00,200,4398.89,
2026-09-11T00:40:09.524998+00:00,200,3778.46,
2026-09-11T00:40:11.000632+00:00,200,2317.73,
2026-09-11T00:40:13.196671+00:00,200,131.41,
2026-09-11T00:40:11.984738+00:00,200,1367.84,
2026-09-11T00:40:11.204008+00:00,200,2157.41,
2026-09-11T00:40:10.682954+00:00,200,2678.91,
2026-09-11T00:40:06.894131+00:00,200,6471.88,
2026-09-11T00:40:00.030197+00:00,200,13339.65,
2026-09-11T00:40:11.430800+00:00,200,1945.11,
2026-09-11T00:40:12.572937+00:00,200,825.23,
2026-09-11T00:40:07.425277+00:00,200,5974.23,
2026-09-11T00:40:11.538759+00:00,200,1869.94,
2026-09-11T00:40:11.409940+00:00,200,2001.36,
2026-09-11T00:40:12.710872+00:00,200,705.85,
2026-09-11T00:40:12.833445+00:00,200,584.93,
2026-09-11T00:40:12.508127+00:00,200,928.04,
2026-09-11T00:40:06.545057+00:00,200,6910.89,
2026-09-11T00:40:10.550085+00:00,200,2907.28,
2026-09-11T00:40:08.446561+00:00,200,5020.81,
2026-09-11T00:39:57.716041+00:00,200,15756.11,
2026-09-11T00:40:08.748315+00:00,200,4720.40,
2026-09-11T00:40:12.318460+00:00,200,1181.74,
2026-09-11T00:40:12.378450+00:00,200,1121.89,
2026-09-11T00:40:02.990100+00:00,200,10524.57,
2026-09-11T00:40:09.821378+00:00,200,3716.56,
2026-09-11T00:40:07.670756+00:00,200,5871.51,
2026-09-11T00:40:11.998908+00:00,200,1543.00,
2026-09-11T00:40:07.608251+00:00,200,5953.25,
2026-09-11T00:40:05.769811+00:00,200,7825.36,
2026-09-11T00:40:09.423767+00:00,200,4179.47,
2026-09-11T00:40:11.476914+00:00,200,2127.32,
2026-09-11T00:40:13.089495+00:00,200,520.28,
2026-09-11T00:40:12.759581+00:00,200,855.72,
2026-09-11T00:40:11.571859+00:00,200,2051.18,
2026-09-11T00:40:07.104935+00:00,200,6522.28,
2026-09-11T00:40:09.617412+00:00,200,4028.71,
2026-09-11T00:40:09.082534+00:00,200,4558.17,
2026-09-11T00:40:10.461699+00:00,200,3194.28,
2026-09-11T00:40:04.201947+00:00,200,9460.80,
2026-09-11T00:40:09.207942+00:00,200,4464.54,
2026-09-11T00:40:08.763447+00:00,200,4919.58,
2026-09-11T00:40:05.393272+00:00,200,8303.58,
2026-09-11T00:40:02.556903+00:00,200,11143.74,
2026-09-11T00:40:11.627197+00:00,200,2074.89,
2026-09-11T00:40:10.017039+00:00,200,3690.78,
2026-09-11T00:40:12.029593+00:00,200,1688.25,
2026-09-11T00:40:08.676027+00:00,200,5048.69,
2026-09-11T00:40:10.574946+00:00,200,3186.37,
2026-09-11T00:40:07.401668+00:00,200,6362.42,
2026-09-11T00:39:59.106479+00:00,200,14664.99,
2026-09-11T00:40:09.700399+00:00,200,4072.50,
2026-09-11T00:40:10.071883+00:00,200,3722.16,
2026-09-11T00:40:07.162473+00:00,200,6637.56,
2026-09-11T00:40:12.283509+00:00,200,1511.18,
2026-09-11T00:40:11.632583+00:00,200,2178.12,
2026-09-11T00:40:03.512165+00:00,200,10304.66,
2026-09-11T00:40:11.584717+00:00,200,2252.16,
2026-09-11T00:39:54.565358+00:00,200,19264.11,
2026-09-11T00:40:08.532389+00:00,200,5307.63,
2026-09-11T00:40:12.143600+00:00,200,1711.31,
2026-09-11T00:40:12.334730+00:00,200,1520.38,
2026-09-11T00:40:00.731662+00:00,200,13127.14,
2026-09-11T00:40:13.468925+00:00,200,430.20,
2026-09-11T00:40:13.626863+00:00,200,289.70,
2026-09-11T00:40:13.800252+00:00,200,128.75,
2026-09-11T00:40:12.357464+00:00,200,1580.46,
2026-09-11T00:40:13.219699+00:00,200,718.54,
2026-09-11T00:40:09.348429+00:00,200,4595.60,
2026-09-11T00:40:10.321061+00:00,200,3628.21,
2026-09-11T00:40:10.111232+00:00,200,3841.10,
2026-09-11T00:40:09.023055+00:00,200,4936.97,
2026-09-11T00:40:11.933826+00:00,200,2037.14,
2026-09-11T00:40:06.096350+00:00,200,7889.77,
2026-09-11T00:40:12.584117+00:00,200,1399.21,
2026-09-11T00:40:06.324689+00:00,200,7658.51,
2026-09-11T00:39:59.351631+00:00,200,14658.65,
2026-09-11T00:40:11.847018+00:00,200,2165.12,
2026-09-11T00:40:12.330895+00:00,200,1688.37,
2026-09-11T00:40:09.429913+00:00,200,4587.12,
2026-09-11T00:39:51.190821+00:00,200,22835.85,
2026-09-11T00:40:11.920756+00:00,200,2156.66,
2026-09-11T00:40:06.244481+00:00,200,7832.42,
2026-09-11T00:40:04.179385+00:00,200,9909.77,
2026-09-11T00:40:12.429535+00:00,200,1655.78,
2026-09-11T00:40:11.584717+00:00,200,2495.67,
2026-09-11T00:40:05.264303+00:00,200,8846.72,
2026-09-11T00:40:13.046003+00:00,200,1076.62,
2026-09-11T00:40:08.612574+00:00,200,5545.70,
2026-09-11T00:40:09.921172+00:00,200,4234.26,
2026-09-11T00:40:11.933826+00:00,200,2224.61,
2026-09-11T00:40:07.620686+00:00,200,6563.35,
2026-09-11T00:40:09.381778+00:00,200,4805.94,
2026-09-11T00:40:13.299312+00:00,200,892.06,
2026-09-11T00:40:11.061145+00:00,200,3127.48,
2026-09-11T00:40:11.386447+00:00,200,2821.56,
2026-09-11T00:40:12.759581+00:00,200,1449.60,
2026-09-11T00:40:12.324454+00:00,200,1906.62,
2026-09-11T00:40:13.367590+00:00,200,868.69,
2026-09-11T00:40:08.446561+00:00,200,5798.83,
2026-09-11T00:40:08.985156+00:00,200,5267.15,
2026-09-11T00:40:08.465192+00:00,200,5795.48,
2026-09-11T00:40:09.880210+00:00,200,4400.37,
2026-09-11T00:40:10.934387+00:00,200,3348.41,
2026-09-11T00:40:14.120704+00:00,200,168.43,
2026-09-11T00:40:07.023367+00:00,200,7271.42,
2026-09-11T00:40:05.440439+00:00,200,8879.89,
2026-09-11T00:40:07.052745+00:00,200,7270.30,
2026-09-11T00:40:11.624671+00:00,200,2709.21,
2026-09-11T00:40:09.657178+00:00,200,4708.81,
2026-09-11T00:40:11.463087+00:00,200,2906.83,
2026-09-11T00:40:03.982845+00:00,200,10385.38,
2026-09-11T00:40:11.761976+00:00,200,2612.59,
2026-09-11T00:40:13.646710+00:00,200,732.56,
2026-09-11T00:40:13.680438+00:00,200,700.47,
2026-09-11T00:40:07.228285+00:00,200,7141.17,
2026-09-11T00:40:12.394484+00:00,200,1978.87,
2026-09-11T00:40:13.461346+00:00,200,924.41,
2026-09-11T00:40:12.811324+00:00,200,1574.33,
2026-09-11T00:40:05.785939+00:00,200,8602.11,
2026-09-11T00:40:06.023234+00:00,200,8361.61,
2026-09-11T00:40:05.990795+00:00,200,8386.92,
2026-09-11T00:40:05.855053+00:00,200,8533.10,
2026-09-11T00:40:11.902124+00:00,200,2504.71,
2026-09-11T00:40:11.745711+00:00,200,2666.57,
2026-09-11T00:40:03.076170+00:00,200,11337.11,
2026-09-11T00:40:08.194619+00:00,200,6210.58,
2026-09-11T00:40:12.694841+00:00,200,1714.29,
2026-09-11T00:40:09.255204+00:00,200,5155.59,
2026-09-11T00:40:04.851921+00:00,200,9564.45,
2026-09-11T00:40:01.930812+00:00,200,12491.73,
2026-09-11T00:40:09.350799+00:00,200,5071.13,
2026-09-11T00:40:12.959388+00:00,200,1466.51,
2026-09-11T00:40:00.887736+00:00,200,13527.55,
2026-09-11T00:40:11.584717+00:00,200,2830.71,
2026-09-11T00:40:13.237975+00:00,200,1192.32,
2026-09-11T00:40:11.625677+00:00,200,2806.05,
2026-09-11T00:40:08.874562+00:00,200,5552.19,
2026-09-11T00:40:12.145608+00:00,200,2287.27,
2026-09-11T00:40:11.030456+00:00,200,3406.70,
2026-09-11T00:40:09.286862+00:00,200,5144.84,
2026-09-11T00:40:13.216818+00:00,200,1223.06,
2026-09-11T00:40:13.354903+00:00,200,1090.69,
2026-09-11T00:40:09.889570+00:00,200,4559.00,
2026-09-11T00:40:14.306701+00:00,200,181.60,
2026-09-11T00:40:11.827478+00:00,200,2668.14,
2026-09-11T00:40:13.710823+00:00,200,786.57,
2026-09-11T00:40:12.128327+00:00,200,2409.40,
2026-09-11T00:40:05.215861+00:00,200,9326.97,
2026-09-11T00:40:01.825383+00:00,200,12719.62,
2026-09-11T00:40:14.231277+00:00,200,326.40,
2026-09-11T00:40:13.615264+00:00,200,947.78,
2026-09-11T00:40:11.253049+00:00,200,3308.77,
2026-09-11T00:40:14.403342+00:00,200,178.63,
2026-09-11T00:40:08.822568+00:00,200,5783.93,
2026-09-11T00:40:05.990795+00:00,200,8605.88,
2026-09-11T00:40:12.827114+00:00,200,1786.46,
2026-09-11T00:40:08.512633+00:00,200,6106.42,
2026-09-11T00:40:12.786980+00:00,200,1835.95,
2026-09-11T00:40:11.652801+00:00,200,2975.83,
2026-09-11T00:40:04.024475+00:00,200,10628.39,
2026-09-11T00:40:11.157291+00:00,200,3505.83,
2026-09-11T00:40:12.163065+00:00,200,2506.44,
2026-09-11T00:40:12.552278+00:00,200,2131.24,
2026-09-11T00:40:14.542024+00:00,200,152.90,
2026-09-11T00:40:07.293633+00:00,200,7430.75,
2026-09-11T00:40:12.561696+00:00,200,2172.48,
2026-09-11T00:40:14.549993+00:00,200,180.60,
2026-09-11T00:40:10.431490+00:00,200,4319.24,
2026-09-11T00:40:14.421310+00:00,200,358.90,
2026-09-11T00:40:14.236824+00:00,200,555.61,
2026-09-11T00:40:11.459567+00:00,200,3344.31,
2026-09-11T00:40:10.840688+00:00,200,3976.60,
2026-09-11T00:40:12.902405+00:00,200,1931.57,
2026-09-11T00:40:02.323372+00:00,200,12513.87,
2026-09-11T00:40:12.650778+00:00,200,2182.09,
2026-09-11T00:40:12.663190+00:00,200,2183.68,
2026-09-11T00:40:05.304272+00:00,200,9548.40,
2026-09-11T00:40:14.546047+00:00,200,330.89,
2026-09-11T00:40:14.021095+00:00,200,860.57,
2026-09-11T00:40:09.082534+00:00,200,5824.77,
2026-09-11T00:40:13.327428+00:00,200,1589.22,
2026-09-11T00:40:14.757709+00:00,200,181.94,
2026-09-11T00:40:14.786721+00:00,200,160.48,
2026-09-11T00:40:13.406770+00:00,200,1561.26,
2026-09-11T00:40:11.631909+00:00,200,3346.87,
2026-09-11T00:40:06.016706+00:00,200,8966.00,
2026-09-11T00:40:14.435406+00:00,200,557.42,
2026-09-11T00:40:13.991995+00:00,200,1005.80,
2026-09-11T00:40:10.288069+00:00,200,4728.94,
2026-09-11T00:40:05.567345+00:00,200,9469.23,
2026-09-11T00:40:13.414128+00:00,200,1633.27,
2026-09-11T00:40:11.109012+00:00,200,3945.37,
2026-09-11T00:40:14.190597+00:00,200,873.27,
2026-09-11T00:40:08.274062+00:00,200,6810.83,
2026-09-11T00:40:13.137164+00:00,200,1960.58,
2026-09-11T00:40:14.081396+00:00,200,1024.53,
2026-09-11T00:40:07.607236+00:00,200,7513.43,
2026-09-11T00:40:06.503137+00:00,200,8619.74,
2026-09-11T00:40:06.274954+00:00,200,8854.66,
2026-09-11T00:40:12.187499+00:00,200,2939.69,
2026-09-11T00:40:12.994823+00:00,200,2156.61,
2026-09-11T00:40:08.227202+00:00,200,6929.28,
2026-09-11T00:40:13.989371+00:00,200,1187.84,
2026-09-11T00:40:12.378450+00:00,200,2801.06,
2026-09-11T00:40:13.691576+00:00,200,1512.07,
2026-09-11T00:40:13.090763+00:00,200,2124.75,
2026-09-11T00:40:11.663727+00:00,200,3568.90,
2026-09-11T00:40:04.205518+00:00,200,11033.68,
2026-09-11T00:40:06.315296+00:00,200,8972.54,
2026-09-11T00:40:13.154440+00:00,200,2130.56,
2026-09-11T00:40:07.933821+00:00,200,7362.59,
2026-09-11T00:40:12.615757+00:00,200,2701.15,
2026-09-11T00:40:08.616812+00:00,200,6704.56,
2026-09-11T00:40:09.953267+00:00,200,5370.12,
2026-09-11T00:40:12.111000+00:00,200,3232.34,
2026-09-11T00:40:13.371635+00:00,200,1991.31,
2026-09-11T00:40:11.476914+00:00,200,3884.69,
2026-09-11T00:40:13.237975+00:00,200,2136.36,
2026-09-11T00:40:05.713272+00:00,200,9665.24,
2026-09-11T00:40:10.938846+00:00,200,4457.12,
2026-09-11T00:40:01.678703+00:00,200,13735.40,
2026-09-11T00:40:07.830882+00:00,200,7611.08,
2026-09-11T00:40:12.029593+00:00,200,3415.79,
2026-09-11T00:39:57.781630+00:00,200,17660.41,
2026-09-11T00:40:15.311837+00:00,200,151.30,
2026-09-11T00:40:14.489186+00:00,200,975.42,
2026-09-11T00:40:14.378583+00:00,200,1092.39,
2026-09-11T00:40:14.833396+00:00,200,653.45,
2026-09-11T00:40:11.679812+00:00,200,3815.16,
2026-09-11T00:40:14.881847+00:00,200,627.46,
2026-09-11T00:39:56.653299+00:00,200,18872.35,
2026-09-11T00:40:14.833396+00:00,200,693.95,
2026-09-11T00:40:15.021762+00:00,200,520.11,
2026-09-11T00:40:12.442162+00:00,200,3102.78,
2026-09-11T00:40:09.196334+00:00,200,6363.87,
2026-09-11T00:40:05.120744+00:00,200,10456.35,
2026-09-11T00:40:15.196948+00:00,200,376.93,
2026-09-11T00:40:13.849983+00:00,200,1747.09,
2026-09-11T00:40:04.744838+00:00,200,10875.29,
2026-09-11T00:40:11.711732+00:00,200,3922.80,
2026-09-11T00:40:14.421310+00:00,200,1224.18,
2026-09-11T00:40:12.429535+00:00,200,3279.95,
2026-09-11T00:40:13.701257+00:00,200,2015.46,
2026-09-11T00:40:06.894131+00:00,200,8826.65,
2026-09-11T00:40:13.559282+00:00,200,2165.51,
2026-09-11T00:40:10.644966+00:00,200,5088.92,
2026-09-11T00:40:14.848847+00:00,200,887.06,
2026-09-11T00:40:07.496683+00:00,200,8244.29,
2026-09-11T00:40:15.594658+00:00,200,155.07,
2026-09-11T00:40:06.449485+00:00,200,9320.54,
2026-09-11T00:40:14.378583+00:00,200,1400.56,
2026-09-11T00:40:07.367948+00:00,200,8419.81,
2026-09-11T00:40:09.130656+00:00,200,6656.09,
2026-09-11T00:40:15.323401+00:00,200,469.30,
2026-09-11T00:40:15.621799+00:00,200,180.31,
2026-09-11T00:40:14.031007+00:00,200,1791.86,
2026-09-11T00:40:03.310858+00:00,200,12516.37,
2026-09-11T00:40:05.486837+00:00,200,10356.55,
2026-09-11T00:40:05.796162+00:00,200,10066.89,
2026-09-11T00:40:13.046003+00:00,200,2824.53,
2026-09-11T00:40:14.421310+00:00,200,1455.61,
2026-09-11T00:40:14.403342+00:00,200,1479.58,
2026-09-11T00:40:05.468677+00:00,200,10446.75,
2026-09-11T00:40:12.061896+00:00,200,3875.68,
2026-09-11T00:40:12.262376+00:00,200,3683.47,
2026-09-11T00:40:15.280673+00:00,200,680.91,
2026-09-11T00:40:14.986293+00:00,200,995.44,
2026-09-11T00:40:11.612186+00:00,200,4374.92,
2026-09-11T00:40:13.073382+00:00,200,2917.52,
2026-09-11T00:40:11.933826+00:00,200,4085.23,
2026-09-11T00:40:07.538154+00:00,200,8488.26,
2026-09-11T00:40:12.039082+00:00,200,4022.12,
2026-09-11T00:40:11.878360+00:00,200,4192.10,
2026-09-11T00:40:03.285194+00:00,200,12788.16,
2026-09-11T00:40:15.540280+00:00,200,543.27,
2026-09-11T00:40:10.729191+00:00,200,5360.28,
2026-09-11T00:40:11.679812+00:00,200,4411.54,
2026-09-11T00:40:01.124347+00:00,200,14979.52,
2026-09-11T00:40:08.125191+00:00,200,7984.67,
2026-09-11T00:40:13.414128+00:00,200,2735.04,
2026-09-11T00:40:13.846961+00:00,200,2322.37,
2026-09-11T00:40:15.704093+00:00,200,464.77,
2026-09-11T00:40:09.429913+00:00,200,6746.66,
2026-09-11T00:40:10.261339+00:00,200,5920.90,
2026-09-11T00:40:08.614169+00:00,200,7574.28,
2026-09-11T00:40:07.518179+00:00,200,8674.08,
2026-09-11T00:40:07.798642+00:00,200,8413.05,
2026-09-11T00:40:08.609377+00:00,200,7612.18,
2026-09-11T00:40:14.376578+00:00,200,1863.46,
2026-09-11T00:40:07.784581+00:00,200,8481.69,
2026-09-11T00:40:03.044843+00:00,200,13227.82,
2026-09-11T00:40:09.048982+00:00,200,7246.91,
2026-09-11T00:40:14.403342+00:00,200,1897.06,
2026-09-11T00:40:14.328219+00:00,200,1993.45,
2026-09-11T00:40:10.750450+00:00,200,5578.56,
2026-09-11T00:40:11.288645+00:00,200,5038.90,
2026-09-11T00:40:12.827114+00:00,200,3508.45,
2026-09-11T00:40:15.933982+00:00,200,398.82,
2026-09-11T00:40:03.837655+00:00,200,12511.00,
2026-09-11T00:40:13.390918+00:00,200,2957.37,
2026-09-11T00:40:07.243673+00:00,200,9114.39,
2026-09-11T00:40:11.009691+00:00,200,5373.98,
2026-09-11T00:40:14.330253+00:00,200,2066.90,
2026-09-11T00:40:05.072610+00:00,200,11333.01,
2026-09-11T00:40:06.514361+00:00,200,9899.48,
2026-09-11T00:40:16.210748+00:00,200,205.06,
2026-09-11T00:40:14.321045+00:00,200,2125.27,
2026-09-11T00:40:15.943263+00:00,200,512.47,
2026-09-11T00:40:11.309370+00:00,200,5171.96,
2026-09-11T00:40:14.378583+00:00,200,2103.64,
2026-09-11T00:40:12.988818+00:00,200,3582.21,
2026-09-11T00:40:04.750269+00:00,200,11830.89,
2026-09-11T00:40:14.104631+00:00,200,2469.76,
2026-09-11T00:40:08.316347+00:00,200,8272.71,
2026-09-11T00:40:09.117212+00:00,200,7482.45,
2026-09-11T00:40:15.119474+00:00,200,1484.81,
2026-09-11T00:40:11.989917+00:00,200,4624.41,
2026-09-11T00:40:14.562735+00:00,200,2068.23,
2026-09-11T00:40:16.436075+00:00,200,191.55,
2026-09-11T00:40:15.295597+00:00,200,1341.74,
2026-09-11T00:40:10.876714+00:00,200,5770.91,
2026-09-11T00:40:15.981166+00:00,200,676.79,
2026-09-11T00:40:05.228312+00:00,200,11439.80,
2026-09-11T00:40:12.943555+00:00,200,3749.54,
2026-09-11T00:40:12.647089+00:00,200,4048.90,
2026-09-11T00:40:15.497766+00:00,200,1192.10,
2026-09-11T00:40:14.562735+00:00,200,2172.68,
2026-09-11T00:40:10.447648+00:00,200,6291.46,
2026-09-11T00:40:12.726726+00:00,200,4010.11,
2026-09-11T00:40:16.570695+00:00,200,183.64,
2026-09-11T00:40:13.801906+00:00,200,2975.50,
2026-09-11T00:40:13.787004+00:00,200,2983.49,
2026-09-11T00:40:14.120704+00:00,200,2655.71,
2026-09-11T00:40:13.605725+00:00,200,3181.14,
2026-09-11T00:40:07.149436+00:00,200,9635.47,
2026-09-11T00:40:15.121987+00:00,200,1669.02,
2026-09-11T00:40:15.359419+00:00,200,1447.45,
2026-09-11T00:40:09.724610+00:00,200,7091.26,
2026-09-11T00:40:02.110373+00:00,200,14752.82,
2026-09-11T00:40:16.693226+00:00,200,181.49,
2026-09-11T00:40:12.663190+00:00,200,4211.09,
2026-09-11T00:40:12.826115+00:00,200,4056.64,
2026-09-11T00:40:11.463087+00:00,200,5422.47,
2026-09-11T00:40:12.333225+00:00,200,4582.65,
2026-09-11T00:40:14.623197+00:00,200,2310.17,
2026-09-11T00:40:15.704093+00:00,200,1219.61,
2026-09-11T00:40:15.393816+00:00,200,1543.85,
2026-09-11T00:40:16.734531+00:00,200,216.64,
2026-09-11T00:40:14.158900+00:00,200,2801.08,
2026-09-11T00:40:13.760901+00:00,200,3213.88,
2026-09-11T00:39:58.528375+00:00,200,18476.28,
2026-09-11T00:40:12.324454+00:00,200,4707.40,
2026-09-11T00:40:14.387490+00:00,200,2664.71,
2026-09-11T00:40:14.013545+00:00,200,3056.73,
2026-09-11T00:40:15.181769+00:00,200,1894.56,
2026-09-11T00:40:16.400254+00:00,200,678.61,
2026-09-11T00:40:16.859873+00:00,200,221.27,
2026-09-11T00:40:13.367590+00:00,200,3733.32,
2026-09-11T00:40:15.861769+00:00,200,1253.63,
2026-09-11T00:40:13.927631+00:00,200,3214.32,
2026-09-11T00:40:14.914335+00:00,200,2229.45,
2026-09-11T00:40:15.108762+00:00,200,2043.89,
2026-09-11T00:40:09.917634+00:00,200,7250.01,
2026-09-11T00:40:08.573813+00:00,200,8605.37,
2026-09-11T00:40:14.214558+00:00,200,2975.07,
2026-09-11T00:40:14.435978+00:00,200,2762.18,
2026-09-11T00:40:11.584717+00:00,200,5620.49,
2026-09-11T00:40:07.830882+00:00,200,9375.45,
2026-09-11T00:40:13.903051+00:00,200,3317.40,
2026-09-11T00:40:10.380575+00:00,200,6886.46,
2026-09-11T00:40:15.481825+00:00,200,1798.07,
2026-09-11T00:40:12.694841+00:00,200,4592.77,
2026-09-11T00:40:16.581340+00:00,200,720.42,
2026-09-11T00:40:14.489186+00:00,200,2807.31,
2026-09-11T00:40:12.951055+00:00,200,4360.03,
2026-09-11T00:40:17.116564+00:00,200,196.29,
2026-09-11T00:40:11.818553+00:00,200,5505.31,
2026-09-11T00:40:14.657797+00:00,200,2682.74,
2026-09-11T00:40:14.419285+00:00,200,2925.22,
2026-09-11T00:40:14.695829+00:00,200,2653.53,
2026-09-11T00:40:06.274954+00:00,200,11084.54,
2026-09-11T00:40:14.015556+00:00,200,3354.56,
2026-09-11T00:40:16.322341+00:00,200,1058.04,
2026-09-11T00:40:11.077004+00:00,200,6327.04,
2026-09-11T00:40:15.992395+00:00,200,1423.61,
2026-09-11T00:40:16.632360+00:00,200,805.91,
2026-09-11T00:40:13.367590+00:00,200,4085.97,
2026-09-11T00:40:15.148997+00:00,200,2307.14,
2026-09-11T00:40:15.214600+00:00,200,2252.80,
2026-09-11T00:40:15.165722+00:00,200,2325.09,
2026-09-11T00:40:16.697253+00:00,200,796.83,
2026-09-11T00:40:12.531451+00:00,200,4970.77,
2026-09-11T00:39:57.482173+00:00,200,20042.56,
2026-09-11T00:40:04.129789+00:00,200,13397.72,
2026-09-11T00:40:16.402335+00:00,200,1129.92,
2026-09-11T00:40:13.605725+00:00,200,3944.12,
2026-09-11T00:40:13.944552+00:00,200,3624.39,
2026-09-11T00:40:16.022311+00:00,200,1555.32,
2026-09-11T00:40:14.387490+00:00,200,3210.96,
2026-09-11T00:40:08.346045+00:00,200,9264.38,
2026-09-11T00:40:15.800694+00:00,200,1859.83,
2026-09-11T00:40:14.277854+00:00,200,3397.76,
2026-09-11T00:40:04.851921+00:00,200,12837.03,
2026-09-11T00:40:16.668221+00:00,200,1025.06,
2026-09-11T00:40:15.861769+00:00,200,1827.40,
2026-09-11T00:40:14.451160+00:00,200,3238.16,
2026-09-11T00:40:05.864215+00:00,200,11848.45,
2026-09-11T00:40:08.422793+00:00,200,9303.02,
2026-09-11T00:40:14.942576+00:00,200,2792.64,
2026-09-11T00:40:04.236836+00:00,200,13493.19,
2026-09-11T00:40:14.421310+00:00,200,3324.90,
2026-09-11T00:40:06.324689+00:00,200,11427.74,
2026-09-11T00:40:09.876909+00:00,200,7878.87,
2026-09-11T00:40:13.375020+00:00,200,4411.02,
2026-09-11T00:40:04.487275+00:00,200,13301.61,
2026-09-11T00:40:14.384950+00:00,200,3416.08,
2026-09-11T00:40:10.916012+00:00,200,6918.76,
2026-09-11T00:40:12.491658+00:00,200,5344.56,
2026-09-11T00:40:14.990425+00:00,200,2849.01,
2026-09-11T00:40:09.273540+00:00,200,8582.00,
2026-09-11T00:40:14.378583+00:00,200,3487.25,
2026-09-11T00:40:11.733607+00:00,200,6139.61,
2026-09-11T00:40:13.295721+00:00,200,4589.12,
2026-09-11T00:40:17.178038+00:00,200,698.31,
2026-09-11T00:40:11.393952+00:00,200,6505.12,
2026-09-11T00:40:13.723029+00:00,200,4177.89,
2026-09-11T00:40:12.299306+00:00,200,5619.58,
2026-09-11T00:40:16.322341+00:00,200,1596.43,
2026-09-11T00:40:16.658711+00:00,200,1271.52,
2026-09-11T00:40:13.710823+00:00,200,4217.97,
2026-09-11T00:40:14.247526+00:00,200,3715.90,
2026-09-11T00:40:16.313276+00:00,200,1655.52,
2026-09-11T00:40:13.311430+00:00,200,4689.34,
2026-09-11T00:40:07.425277+00:00,200,10585.73,
2026-09-11T00:40:15.381786+00:00,200,2648.90,
2026-09-11T00:40:14.650810+00:00,200,3385.47,
2026-09-11T00:40:17.827737+00:00,200,204.18,
2026-09-11T00:40:13.914392+00:00,200,4123.23,
2026-09-11T00:40:11.386447+00:00,200,6683.26,
2026-09-11T00:40:17.288906+00:00,200,790.40,
2026-09-11T00:40:08.465192+00:00,200,9633.36,
2026-09-11T00:40:16.178757+00:00,200,1937.70,
2026-09-11T00:40:10.081034+00:00,200,8047.77,
2026-09-11T00:40:12.964440+00:00,200,5170.73,
2026-09-11T00:40:12.790399+00:00,200,5347.67,
2026-09-11T00:40:17.263341+00:00,200,875.93,
2026-09-11T00:40:17.017808+00:00,200,1152.32,
2026-09-11T00:40:11.240958+00:00,200,6930.85,
2026-09-11T00:40:13.596790+00:00,200,4583.73,
2026-09-11T00:40:14.625771+00:00,200,3560.79,
2026-09-11T00:40:12.012914+00:00,200,6186.85,
2026-09-11T00:40:13.842942+00:00,200,4374.54,
2026-09-11T00:40:16.168719+00:00,200,2048.79,
2026-09-11T00:40:12.232985+00:00,200,5994.10,
2026-09-11T00:40:05.169434+00:00,200,13091.44,
2026-09-11T00:40:18.063785+00:00,200,206.75,
2026-09-11T00:40:11.957715+00:00,200,6322.03,
2026-09-11T00:40:06.355271+00:00,200,11924.40,
2026-09-11T00:40:06.259185+00:00,200,12019.08,
2026-09-11T00:40:11.489473+00:00,200,6805.53,
2026-09-11T00:40:17.784671+00:00,200,517.51,
2026-09-11T00:40:14.321045+00:00,200,3988.29,
2026-09-11T00:40:16.210748+00:00,200,2089.34,
2026-09-11T00:40:08.178465+00:00,200,10136.15,
2026-09-11T00:40:18.001049+00:00,200,331.76,
2026-09-11T00:40:14.265584+00:00,200,4092.58,
2026-09-11T00:40:13.771469+00:00,200,4594.85,
2026-09-11T00:40:02.188857+00:00,200,16213.85,
2026-09-11T00:40:06.259185+00:00,200,12141.95,
2026-09-11T00:40:15.577218+00:00,200,2863.18,
2026-09-11T00:40:12.947554+00:00,200,5498.03,
2026-09-11T00:40:07.624869+00:00,200,10819.54,
2026-09-11T00:40:17.502646+00:00,200,962.97,
2026-09-11T00:40:16.784372+00:00,200,1709.44,
2026-09-11T00:40:17.222774+00:00,200,1274.92,
2026-09-11T00:40:18.016953+00:00,200,489.87,
2026-09-11T00:40:03.457615+00:00,200,15051.61,
2026-09-11T00:40:04.414457+00:00,200,14100.30,
2026-09-11T00:40:16.784372+00:00,200,1743.25,
2026-09-11T00:40:07.545285+00:00,200,10972.53,
2026-09-11T00:40:14.854797+00:00,200,3692.13,
2026-09-11T00:40:17.795766+00:00,200,770.93,
2026-09-11T00:40:03.344360+00:00,200,15237.76,
2026-09-11T00:40:06.397345+00:00,200,12188.35,
2026-09-11T00:40:12.584117+00:00,200,6002.82,
2026-09-11T00:40:13.078217+00:00,200,5532.76,
2026-09-11T00:40:10.876714+00:00,200,7735.88,
2026-09-11T00:40:15.049560+00:00,200,3570.03,
2026-09-11T00:40:00.156038+00:00,200,18457.87,
2026-09-11T00:40:05.979086+00:00,200,12657.58,
2026-09-11T00:40:17.050369+00:00,200,1589.25,
2026-09-11T00:40:16.336801+00:00,200,2342.20,
2026-09-11T00:40:11.298451+00:00,200,7390.87,
2026-09-11T00:40:17.305061+00:00,200,1399.78,
2026-09-11T00:40:09.763924+00:00,200,8942.01,
2026-09-11T00:40:11.538759+00:00,200,7172.96,
2026-09-11T00:40:18.001049+00:00,200,731.50,
2026-09-11T00:40:15.777116+00:00,200,2975.00,
2026-09-11T00:40:12.584117+00:00,200,6180.40,
2026-09-11T00:40:15.121987+00:00,200,3640.53,
2026-09-11T00:40:17.928640+00:00,200,840.76,
2026-09-11T00:40:13.237975+00:00,200,5550.86,
2026-09-11T00:40:16.784372+00:00,200,2004.72,
2026-09-11T00:40:17.606510+00:00,200,1188.61,
2026-09-11T00:40:15.822003+00:00,200,2992.19,
2026-09-11T00:40:17.322947+00:00,200,1526.13,
2026-09-11T00:40:16.384334+00:00,200,2471.18,
2026-09-11T00:40:13.771469+00:00,200,5087.81,
2026-09-11T00:40:05.040673+00:00,200,13824.37,
2026-09-11T00:40:17.149185+00:00,200,1737.12,
2026-09-11T00:40:15.380278+00:00,200,3514.50,
2026-09-11T00:40:14.610296+00:00,200,4285.65,
2026-09-11T00:39:59.297075+00:00,200,19611.51,
2026-09-11T00:40:10.237645+00:00,200,8673.68,
2026-09-11T00:40:15.861769+00:00,200,3066.41,
2026-09-11T00:40:17.212100+00:00,200,1734.87,
2026-09-11T00:40:16.734531+00:00,200,2227.34,
2026-09-11T00:40:13.311430+00:00,200,5665.76,
2026-09-11T00:40:09.873612+00:00,200,9116.93,
2026-09-11T00:40:12.219477+00:00,200,6767.75,
2026-09-11T00:40:09.101021+00:00,200,9896.52,
2026-09-11T00:40:02.538092+00:00,200,16479.14,
2026-09-11T00:39:54.727895+00:00,200,24309.36,
2026-09-11T00:40:18.175079+00:00,200,879.48,
2026-09-11T00:40:15.121987+00:00,200,3927.44,
2026-09-11T00:40:16.771264+00:00,200,2288.54,
2026-09-11T00:40:13.995744+00:00,200,5073.64,
2026-09-11T00:40:13.941863+00:00,200,5151.24,
2026-09-11T00:40:15.388544+00:00,200,3716.06,
2026-09-11T00:40:18.182399+00:00,200,934.60,
2026-09-11T00:40:07.428986+00:00,200,11706.90,
2026-09-11T00:40:11.584717+00:00,200,7558.46,
2026-09-11T00:40:16.336801+00:00,200,2845.54,
2026-09-11T00:40:15.174165+00:00,200,4041.18,
2026-09-11T00:40:17.283719+00:00,200,1941.85,
2026-09-11T00:40:15.525883+00:00,200,3704.91,
2026-09-11T00:40:08.401125+00:00,200,10831.57,
2026-09-11T00:40:18.098621+00:00,200,1138.22,
2026-09-11T00:40:17.926633+00:00,200,1328.86,
2026-09-11T00:40:10.697341+00:00,200,8561.35,
2026-09-11T00:40:17.483299+00:00,200,1802.19,
2026-09-11T00:40:15.887260+00:00,200,3418.83,
2026-09-11T00:40:17.862909+00:00,200,1450.95,
2026-09-11T00:40:15.960399+00:00,200,3363.63,
2026-09-11T00:40:18.407165+00:00,200,933.02,
2026-09-11T00:40:16.585340+00:00,200,2758.96,
2026-09-11T00:40:14.183113+00:00,200,5168.76,
2026-09-11T00:40:11.966205+00:00,200,7397.26,
2026-09-11T00:40:12.060321+00:00,200,7315.56,
2026-09-11T00:40:16.240516+00:00,200,3145.27,
2026-09-11T00:40:16.879412+00:00,200,2509.70,
2026-09-11T00:40:10.024578+00:00,200,9383.07,
2026-09-11T00:40:16.591344+00:00,200,2831.81,
2026-09-11T00:40:08.387150+00:00,200,11053.78,
2026-09-11T00:40:15.043542+00:00,200,4401.11,
2026-09-11T00:40:10.825763+00:00,200,8622.04,
2026-09-11T00:40:02.626316+00:00,200,16829.17,
2026-09-11T00:40:05.169434+00:00,200,14304.06,
2026-09-11T00:40:14.431850+00:00,200,5043.37,
2026-09-11T00:40:18.507768+00:00,200,969.35,
2026-09-11T00:40:08.716972+00:00,200,10771.58,
2026-09-11T00:40:01.630798+00:00,200,17882.45,
2026-09-11T00:40:19.250725+00:00,200,275.78,
2026-09-11T00:40:15.948307+00:00,200,3581.37,
2026-09-11T00:40:14.403342+00:00,200,5133.58,
2026-09-11T00:40:18.197470+00:00,200,1356.83,
2026-09-11T00:40:18.728126+00:00,200,824.51,
2026-09-11T00:40:18.116123+00:00,200,1448.50,
2026-09-11T00:40:16.764570+00:00,200,2810.62,
2026-09-11T00:40:12.584117+00:00,200,6978.73,
2026-09-11T00:40:17.087168+00:00,200,2492.23,
2026-09-11T00:40:11.000632+00:00,200,8606.66,
2026-09-11T00:40:17.033957+00:00,200,2583.25,
2026-09-11T00:40:08.422793+00:00,200,11195.26,
2026-09-11T00:40:17.205274+00:00,200,2433.38,
2026-09-11T00:40:18.226354+00:00,200,1411.63,
2026-09-11T00:40:13.615264+00:00,200,6031.62,
2026-09-11T00:40:14.498625+00:00,200,5155.37,
2026-09-11T00:40:11.618208+00:00,200,8040.14,
2026-09-11T00:40:16.811468+00:00,200,2853.32,
2026-09-11T00:40:19.378482+00:00,200,281.52,
2026-09-11T00:40:19.006583+00:00,200,687.77,
2026-09-11T00:40:17.337365+00:00,200,2351.80,
2026-09-11T00:40:10.380575+00:00,200,9320.43,
2026-09-11T00:40:17.844333+00:00,200,1868.52,
2026-09-11T00:40:14.384950+00:00,200,5332.93,
2026-09-11T00:40:04.159240+00:00,200,15587.33,
2026-09-11T00:40:17.352454+00:00,200,2394.81,
2026-09-11T00:40:11.733607+00:00,200,8025.26,
2026-09-11T00:40:17.346889+00:00,200,2426.26,
2026-09-11T00:40:18.589741+00:00,200,1204.90,
2026-09-11T00:40:19.224587+00:00,200,583.52,
2026-09-11T00:40:05.068536+00:00,200,14742.14,
2026-09-11T00:40:17.337365+00:00,200,2480.76,
2026-09-11T00:40:17.542714+00:00,200,2272.85,
2026-09-11T00:40:13.947845+00:00,200,5878.02,
2026-09-11T00:40:13.442894+00:00,200,6395.57,
2026-09-11T00:40:18.919235+00:00,200,938.53,
2026-09-11T00:40:02.210376+00:00,200,17658.24,
2026-09-11T00:40:16.879412+00:00,200,2987.91,
2026-09-11T00:40:11.929791+00:00,200,7949.76,
2026-09-11T00:40:11.790794+00:00,200,8087.05,
2026-09-11T00:40:11.520946+00:00,200,8373.49,
2026-09-11T00:40:12.742615+00:00,200,7166.80,
2026-09-11T00:40:14.675850+00:00,200,5245.83,
2026-09-11T00:40:18.644731+00:00,200,1281.44,
2026-09-11T00:40:17.600810+00:00,200,2332.92,
2026-09-11T00:40:18.123664+00:00,200,1823.22,
2026-09-11T00:40:08.337076+00:00,200,11629.11,
2026-09-11T00:40:18.539636+00:00,200,1426.78,
2026-09-11T00:40:19.186539+00:00,200,778.25,
2026-09-11T00:40:09.524998+00:00,200,10460.11,
2026-09-11T00:40:19.059434+00:00,200,936.78,
2026-09-11T00:40:18.460001+00:00,200,1533.57,
2026-09-11T00:40:16.959172+00:00,200,3069.49,
2026-09-11T00:40:18.981614+00:00,200,1049.66,
2026-09-11T00:40:11.151000+00:00,200,8900.30,
2026-09-11T00:40:17.416263+00:00,200,2639.78,
2026-09-11T00:40:18.190738+00:00,200,1874.89,
2026-09-11T00:40:14.621300+00:00,200,5462.36,
2026-09-11T00:40:18.360328+00:00,200,1728.50,
2026-09-11T00:40:19.604905+00:00,200,483.27,
2026-09-11T00:40:17.513745+00:00,200,2583.85,
2026-09-11T00:40:14.265584+00:00,200,5827.80,
2026-09-11T00:40:19.556543+00:00,200,542.96,
2026-09-11T00:40:10.874579+00:00,200,9240.47,
2026-09-11T00:40:18.622356+00:00,200,1498.19,
2026-09-11T00:40:19.472916+00:00,200,653.52,
2026-09-11T00:40:12.678942+00:00,200,7456.34,
2026-09-11T00:40:19.514410+00:00,200,630.43,
2026-09-11T00:40:11.320241+00:00,200,8823.50,
2026-09-11T00:40:10.109222+00:00,200,10050.66,
2026-09-11T00:40:16.875243+00:00,200,3288.13,
2026-09-11T00:40:17.687784+00:00,200,2476.65,
2026-09-11T00:40:18.365611+00:00,200,1816.92,
2026-09-11T00:40:12.537035+00:00,200,7644.49,
2026-09-11T00:40:16.178757+00:00,200,4033.41,
2026-09-11T00:40:13.154440+00:00,200,7061.96,
2026-09-11T00:40:18.342199+00:00,200,1884.09,
2026-09-11T00:40:11.237808+00:00,200,9010.39,
2026-09-11T00:40:19.568625+00:00,200,671.12,
2026-09-11T00:40:12.983792+00:00,200,7276.08,
2026-09-11T00:40:06.355271+00:00,200,13913.75,
2026-09-11T00:40:01.315606+00:00,200,18975.11,
2026-09-11T00:40:15.988177+00:00,200,4311.22,
2026-09-11T00:40:08.023442+00:00,200,12274.42,
2026-09-11T00:40:18.571959+00:00,200,1743.63,
2026-09-11T00:40:15.799021+00:00,200,4523.53,
2026-09-11T00:40:15.439865+00:00,200,4881.07,
2026-09-11T00:40:11.330499+00:00,200,9002.99,
2026-09-11T00:40:20.187371+00:00,200,154.99,
2026-09-11T00:40:07.723112+00:00,200,12624.06,
2026-09-11T00:40:12.979169+00:00,200,7382.16,
2026-09-11T00:40:13.820487+00:00,200,6544.63,
2026-09-11T00:40:13.947845+00:00,200,6428.06,
2026-09-11T00:40:20.090571+00:00,200,307.55,
2026-09-11T00:40:12.315008+00:00,200,8085.89,
2026-09-11T00:40:16.194768+00:00,200,4224.80,
2026-09-11T00:40:17.792704+00:00,200,2632.63,
2026-09-11T00:40:14.011534+00:00,200,6417.48,
2026-09-11T00:39:55.868847+00:00,200,24583.25,
2026-09-11T00:40:15.768128+00:00,200,4683.70,
2026-09-11T00:40:14.722603+00:00,200,5754.88,
2026-09-11T00:40:17.162660+00:00,200,3330.48,
2026-09-11T00:40:17.687784+00:00,200,2807.71,
2026-09-11T00:40:19.859968+00:00,200,643.42,
2026-09-11T00:40:20.090571+00:00,200,418.66,
2026-09-11T00:40:14.088775+00:00,200,6425.96,
2026-09-11T00:40:19.825093+00:00,200,692.43,
2026-09-11T00:40:19.972908+00:00,200,552.95,
2026-09-11T00:40:15.722064+00:00,200,4806.99,
2026-09-11T00:40:15.913624+00:00,200,4631.72,
2026-09-11T00:40:12.845573+00:00,200,7715.71,
2026-09-11T00:40:11.983212+00:00,200,8582.12,
2026-09-11T00:40:20.028182+00:00,200,541.27,
2026-09-11T00:40:13.696696+00:00,200,6877.37,
2026-09-11T00:40:10.455673+00:00,200,10123.53,
2026-09-11T00:40:14.088775+00:00,200,6499.10,
2026-09-11T00:40:18.524224+00:00,200,2064.80,
2026-09-11T00:40:19.378482+00:00,200,1201.76,
2026-09-11T00:40:16.771264+00:00,200,3835.84,
2026-09-11T00:40:17.087168+00:00,200,3534.81,
2026-09-11T00:40:18.491890+00:00,200,2139.58,
2026-09-11T00:40:16.638409+00:00,200,4001.91,
2026-09-11T00:40:11.743455+00:00,200,8902.98,
2026-09-11T00:40:20.517049+00:00,200,132.54,
2026-09-11T00:40:13.605725+00:00,200,7070.26,
2026-09-11T00:40:13.651804+00:00,200,7047.65,
2026-09-11T00:40:20.425591+00:00,200,290.96,
2026-09-11T00:40:13.811381+00:00,200,6921.66,
2026-09-11T00:40:15.449816+00:00,200,5283.91,
2026-09-11T00:40:07.809792+00:00,200,12931.14,
2026-09-11T00:40:18.268964+00:00,200,2474.54,
2026-09-11T00:40:13.500592+00:00,200,7242.38,
2026-09-11T00:40:09.751474+00:00,200,11009.98,
2026-09-11T00:40:12.093641+00:00,200,8673.64,
2026-09-11T00:40:14.421310+00:00,200,6340.85,
2026-09-11T00:40:20.454501+00:00,200,317.98,
2026-09-11T00:40:19.442302+00:00,200,1328.72,
2026-09-11T00:40:18.223664+00:00,200,2567.35,
2026-09-11T00:40:14.562735+00:00,200,6233.72,
2026-09-11T00:40:19.715080+00:00,200,1097.91,
2026-09-11T00:40:14.158900+00:00,200,6658.28,
2026-09-11T00:40:19.946570+00:00,200,874.94,
2026-09-11T00:40:12.985301+00:00,200,7841.43,
2026-09-11T00:40:17.068307+00:00,200,3754.47,
2026-09-11T00:40:19.740816+00:00,200,1090.76,
2026-09-11T00:40:15.768128+00:00,200,5067.39,
2026-09-11T00:40:15.561934+00:00,200,5289.93,
2026-09-11T00:40:18.268964+00:00,200,2599.53,
2026-09-11T00:40:12.429535+00:00,200,8445.86,
2026-09-11T00:40:18.412248+00:00,200,2469.77,
2026-09-11T00:40:20.754575+00:00,200,129.64,
2026-09-11T00:40:10.792318+00:00,200,10107.29,
2026-09-11T00:40:16.352721+00:00,200,4544.42,
2026-09-11T00:40:13.255037+00:00,200,7665.99,
2026-09-11T00:40:19.925136+00:00,200,998.57,
2026-09-11T00:40:20.804395+00:00,200,115.29,
2026-09-11T00:40:20.279591+00:00,200,643.72,
2026-09-11T00:40:07.143730+00:00,200,13795.08,
2026-09-11T00:40:15.234216+00:00,200,5720.21,
2026-09-11T00:40:20.046772+00:00,200,901.98,
2026-09-11T00:40:13.154440+00:00,200,7800.28,
2026-09-11T00:40:14.833396+00:00,200,6133.17,
2026-09-11T00:40:16.859873+00:00,200,4115.74,
2026-09-11T00:40:12.966441+00:00,200,8031.68,
2026-09-11T00:40:16.322341+00:00,200,4678.56,
2026-09-11T00:40:16.336801+00:00,200,4670.70,
2026-09-11T00:40:20.919017+00:00,200,119.35,
2026-09-11T00:40:06.873317+00:00,200,14180.12,
2026-09-11T00:40:19.696808+00:00,200,1359.50,
2026-09-11T00:40:20.925570+00:00,200,135.58,
2026-09-11T00:40:08.321406+00:00,200,12740.88,
2026-09-11T00:40:20.704105+00:00,200,384.63,
2026-09-11T00:40:10.396554+00:00,200,10690.75,
2026-09-11T00:40:17.068307+00:00,200,4024.75,
2026-09-11T00:40:13.660465+00:00,200,7444.74,
2026-09-11T00:40:14.403342+00:00,200,6699.61,
2026-09-11T00:40:13.500592+00:00,200,7620.48,
2026-09-11T00:40:03.937475+00:00,200,17197.31,
2026-09-11T00:40:16.734531+00:00,200,4405.80,
2026-09-11T00:40:20.086865+00:00,200,1069.65,
2026-09-11T00:40:16.557666+00:00,200,4604.28,
2026-09-11T00:40:15.057107+00:00,200,6101.33,
2026-09-11T00:40:20.485344+00:00,200,691.38,
2026-09-11T00:40:14.374570+00:00,200,6813.95,
2026-09-11T00:40:20.090571+00:00,200,1098.75,
2026-09-11T00:40:21.070940+00:00,200,129.45,
2026-09-11T00:40:19.442302+00:00,200,1759.85,
2026-09-11T00:40:17.656273+00:00,200,3558.03,
2026-09-11T00:40:16.352721+00:00,200,4869.08,
2026-09-11T00:40:17.305061+00:00,200,3919.35,
2026-09-11T00:40:19.804353+00:00,200,1426.03,
2026-09-11T00:40:10.502054+00:00,200,10745.95,
2026-09-11T00:40:13.105296+00:00,200,8141.35,
2026-09-11T00:40:19.899075+00:00,200,1364.10,
2026-09-11T00:40:16.634360+00:00,200,4634.55,
2026-09-11T00:40:13.543938+00:00,200,7739.01,
2026-09-11T00:40:18.869584+00:00,200,2419.66,
2026-09-11T00:40:18.517790+00:00,200,2778.80,
2026-09-11T00:40:13.857893+00:00,200,7454.18,
2026-09-11T00:40:14.737593+00:00,200,6583.24,
2026-09-11T00:40:04.360294+00:00,200,16963.07,
2026-09-11T00:40:20.935981+00:00,200,393.00,
2026-09-11T00:40:19.678233+00:00,200,1651.06,
2026-09-11T00:40:18.439797+00:00,200,2937.90,
2026-09-11T00:40:13.461346+00:00,200,7916.60,
2026-09-11T00:40:21.265280+00:00,200,120.75,
2026-09-11T00:40:19.664647+00:00,200,1729.62,
2026-09-11T00:40:17.716672+00:00,200,3693.07,
2026-09-11T00:40:20.714968+00:00,200,700.20,
2026-09-11T00:40:19.442302+00:00,200,1962.19,
2026-09-11T00:40:21.308119+00:00,200,128.38,
2026-09-11T00:40:17.568374+00:00,200,3875.55,
2026-09-11T00:40:21.318328+00:00,200,127.82,
2026-09-11T00:40:17.526406+00:00,200,3944.40,
2026-09-11T00:40:18.885471+00:00,200,2575.51,
2026-09-11T00:40:14.833396+00:00,200,6634.38,
2026-09-11T00:40:18.300625+00:00,200,3176.87,
2026-09-11T00:40:20.325516+00:00,200,1158.93,
2026-09-11T00:40:21.058124+00:00,200,429.03,
2026-09-11T00:40:06.770152+00:00,200,14722.20,
2026-09-11T00:40:14.421310+00:00,200,7103.51,
2026-09-11T00:40:18.444471+00:00,200,3079.93,
2026-09-11T00:40:21.039054+00:00,200,491.97,
2026-09-11T00:40:19.987736+00:00,200,1551.30,
2026-09-11T00:40:01.574452+00:00,200,19975.61,
2026-09-11T00:40:08.401125+00:00,200,13170.67,
2026-09-11T00:40:17.723843+00:00,200,3848.96,
2026-09-11T00:40:11.421523+00:00,200,10153.26,
2026-09-11T00:40:20.538774+00:00,200,1050.72,
2026-09-11T00:40:12.480279+00:00,200,9113.14,
2026-09-11T00:40:16.748748+00:00,200,4862.07,
2026-09-11T00:40:18.775422+00:00,200,2845.81,
2026-09-11T00:40:17.149185+00:00,200,4499.75,
2026-09-11T00:40:19.056920+00:00,200,2602.54,
2026-09-11T00:40:19.756779+00:00,200,1907.80,
2026-09-11T00:40:17.068307+00:00,200,4601.59,
2026-09-11T00:40:21.142855+00:00,200,526.85,
2026-09-11T00:40:19.250725+00:00,200,2418.57,
2026-09-11T00:40:15.293854+00:00,200,6398.44,
2026-09-11T00:40:19.994346+00:00,200,1694.82,
2026-09-11T00:40:21.550411+00:00,200,145.51,
2026-09-11T00:40:12.363585+00:00,200,9330.79,
2026-09-11T00:40:21.265280+00:00,200,440.81,
2026-09-11T00:40:20.316731+00:00,200,1398.41,
2026-09-11T00:40:11.380457+00:00,200,10335.95,
2026-09-11T00:40:20.425591+00:00,200,1303.81,
2026-09-11T00:40:20.248553+00:00,200,1499.79,
2026-09-11T00:40:14.879836+00:00,200,6878.53,
2026-09-11T00:40:20.988571+00:00,200,780.77,
2026-09-11T00:40:17.913766+00:00,200,3855.54,
2026-09-11T00:39:58.405101+00:00,200,23368.27,
2026-09-11T00:40:13.191326+00:00,200,8579.56,
2026-09-11T00:40:16.700008+00:00,200,5081.43,
2026-09-11T00:40:13.970537+00:00,200,7811.34,
2026-09-11T00:40:18.901585+00:00,200,2888.95,
2026-09-11T00:40:19.330100+00:00,200,2464.87,
2026-09-11T00:40:17.903540+00:00,200,3927.76,
2026-09-11T00:40:17.875694+00:00,200,3951.60,
2026-09-11T00:40:19.911212+00:00,200,1935.29,
2026-09-11T00:40:20.074601+00:00,200,1769.34,
2026-09-11T00:40:03.553246+00:00,200,18301.79,
2026-09-11T00:40:14.978415+00:00,200,6887.84,
2026-09-11T00:40:21.182667+00:00,200,699.20,
2026-09-11T00:40:15.828768+00:00,200,6066.16,
2026-09-11T00:40:15.101232+00:00,200,6791.98,
2026-09-11T00:40:15.736124+00:00,200,6170.73,
2026-09-11T00:40:19.953770+00:00,200,1967.02,
2026-09-11T00:40:10.479472+00:00,200,11442.76,
2026-09-11T00:40:20.106495+00:00,200,1830.49,
2026-09-11T00:40:19.442302+00:00,200,2498.63,
2026-09-11T00:40:21.225557+00:00,200,729.33,
2026-09-11T00:40:20.860265+00:00,200,1100.74,
2026-09-11T00:40:07.538154+00:00,200,14447.97,
2026-09-11T00:40:12.618779+00:00,200,9372.37,
2026-09-11T00:40:17.928640+00:00,200,4069.42,
2026-09-11T00:40:14.675850+00:00,200,7319.54,
2026-09-11T00:40:03.361811+00:00,200,18645.37,
2026-09-11T00:40:12.508127+00:00,200,9498.38,
2026-09-11T00:40:18.491890+00:00,200,3523.95,
2026-09-11T00:40:21.748958+00:00,200,290.17,
2026-09-11T00:40:19.442302+00:00,200,2604.38,
2026-09-11T00:40:13.842942+00:00,200,8217.53,
2026-09-11T00:40:21.102992+00:00,200,955.78,
2026-09-11T00:40:20.295677+00:00,200,1768.95,
2026-09-11T00:40:08.906540+00:00,200,13161.55,
2026-09-11T00:40:16.068802+00:00,200,5997.44,
2026-09-11T00:40:20.322292+00:00,200,1755.52,
2026-09-11T00:40:18.084944+00:00,200,3995.49,
2026-09-11T00:40:21.442485+00:00,200,641.09,
2026-09-11T00:40:16.481658+00:00,200,5620.42,
2026-09-11T00:40:21.175200+00:00,200,946.25,
2026-09-11T00:40:15.092698+00:00,200,7042.09,
2026-09-11T00:40:19.173723+00:00,200,2956.97,
2026-09-11T00:40:17.368832+00:00,200,4772.93,
2026-09-11T00:40:12.958386+00:00,200,9202.50,
2026-09-11T00:40:04.609297+00:00,200,17563.50,
2026-09-11T00:40:20.058596+00:00,200,2114.06,
2026-09-11T00:40:06.862622+00:00,200,15321.80,
2026-09-11T00:40:09.461423+00:00,200,12746.96,
2026-09-11T00:40:14.293623+00:00,200,7918.96,
2026-09-11T00:40:16.822889+00:00,200,5405.31,
2026-09-11T00:40:20.793524+00:00,200,1443.28,
2026-09-11T00:40:20.629540+00:00,200,1613.81,
2026-09-11T00:40:22.100602+00:00,200,146.87,
2026-09-11T00:40:20.644538+00:00,200,1609.54,
2026-09-11T00:40:21.613751+00:00,200,641.72,
2026-09-11T00:40:22.127025+00:00,200,144.85,
2026-09-11T00:40:20.725482+00:00,200,1552.98,
2026-09-11T00:40:19.619515+00:00,200,2672.43,
2026-09-11T00:40:17.437904+00:00,200,4858.89,
2026-09-11T00:40:20.247958+00:00,200,2053.96,
2026-09-11T00:40:20.879143+00:00,200,1425.51,
2026-09-11T00:40:13.947845+00:00,200,8358.25,
2026-09-11T00:40:13.202809+00:00,200,9104.93,
2026-09-11T00:40:21.995128+00:00,200,321.59,
2026-09-11T00:40:19.819500+00:00,200,2509.16,
2026-09-11T00:40:12.489028+00:00,200,9850.30,
2026-09-11T00:40:07.798642+00:00,200,14540.97,
2026-09-11T00:40:09.557414+00:00,200,12781.27,
2026-09-11T00:40:07.980677+00:00,200,14365.05,
2026-09-11T00:40:11.279980+00:00,200,11087.80,
2026-09-11T00:40:15.359419+00:00,200,7011.52,
2026-09-11T00:40:13.760901+00:00,200,8619.15,
2026-09-11T00:40:11.327137+00:00,200,11053.02,
2026-09-11T00:40:18.712472+00:00,200,3672.47,
2026-09-11T00:40:18.641556+00:00,200,3748.79,
2026-09-11T00:40:17.859762+00:00,200,4544.53,
2026-09-11T00:40:09.033745+00:00,200,13372.43,
2026-09-11T00:40:19.535608+00:00,200,2865.04,
2026-09-11T00:40:21.339218+00:00,200,1073.97,
2026-09-11T00:40:21.237005+00:00,200,1203.97,
2026-09-11T00:40:20.945575+00:00,200,1494.72,
2026-09-11T00:40:06.514361+00:00,200,15943.40,
2026-09-11T00:40:11.902124+00:00,200,10566.14,
2026-09-11T00:40:20.825648+00:00,200,1658.61,
2026-09-11T00:40:16.343278+00:00,200,6145.08,
2026-09-11T00:40:20.975828+00:00,200,1517.59,
2026-09-11T00:40:21.539176+00:00,200,965.25,
2026-09-11T00:40:13.515881+00:00,200,9009.62,
2026-09-11T00:40:19.524712+00:00,200,2995.78,
2026-09-11T00:40:22.416955+00:00,200,117.85,
2026-09-11T00:40:15.658405+00:00,200,6874.02,
2026-09-11T00:40:22.400955+00:00,200,135.84,
2026-09-11T00:40:21.933758+00:00,200,608.97,
2026-09-11T00:40:21.845525+00:00,200,710.20,
2026-09-11T00:40:20.738586+00:00,200,1822.03,
2026-09-11T00:40:14.593838+00:00,200,8003.43,
2026-09-11T00:40:05.391264+00:00,200,17207.54,
2026-09-11T00:40:09.399597+00:00,200,13202.90,
2026-09-11T00:40:16.242083+00:00,200,6376.75,
2026-09-11T00:40:18.766664+00:00,200,3854.46,
2026-09-11T00:40:16.662224+00:00,200,5985.12,
2026-09-11T00:40:22.525347+00:00,200,125.52,
2026-09-11T00:40:21.297546+00:00,200,1353.87,
2026-09-11T00:40:20.220924+00:00,200,2440.41,
2026-09-11T00:40:19.835257+00:00,200,2838.47,
2026-09-11T00:40:15.545290+00:00,200,7132.73,
2026-09-11T00:40:13.541926+00:00,200,9141.41,
2026-09-11T00:40:18.624456+00:00,200,4066.94,
2026-09-11T00:40:14.387490+00:00,200,8312.72,
2026-09-11T00:40:13.212337+00:00,200,9504.94,
2026-09-11T00:40:17.687784+00:00,200,5033.28,
2026-09-11T00:40:22.596513+00:00,200,134.93,
2026-09-11T00:40:22.596513+00:00,200,134.98,
2026-09-11T00:40:11.527007+00:00,200,11204.44,
2026-09-11T00:40:09.778948+00:00,200,12964.14,
2026-09-11T00:40:19.324492+00:00,200,3423.91,
2026-09-11T00:40:17.193093+00:00,200,5552.25,
2026-09-11T00:40:08.560217+00:00,200,14193.99,
2026-09-11T00:40:10.237645+00:00,200,12514.94,
2026-09-11T00:40:21.689552+00:00,200,1099.97,
2026-09-11T00:40:17.677258+00:00,200,5118.92,
2026-09-11T00:40:12.123963+00:00,200,10687.73,
2026-09-11T00:40:19.854332+00:00,200,2959.93,
2026-09-11T00:40:18.300625+00:00,200,4517.69,
2026-09-11T00:40:21.800544+00:00,200,1023.41,
2026-09-11T00:40:14.609787+00:00,200,8223.64,
2026-09-11T00:40:11.976293+00:00,200,10860.36,
2026-09-11T00:40:18.681994+00:00,200,4173.66,
2026-09-11T00:40:10.586497+00:00,200,12268.09,
2026-09-11T00:40:16.297379+00:00,200,6601.94,
2026-09-11T00:40:22.651088+00:00,200,293.64,
2026-09-11T00:40:18.284628+00:00,200,4660.82,
2026-09-11T00:40:21.156605+00:00,200,1785.88,
2026-09-11T00:40:06.118087+00:00,200,16823.95,
2026-09-11T00:40:21.387140+00:00,200,1560.34,
2026-09-11T00:40:21.245632+00:00,200,1701.30,
2026-09-11T00:40:18.524224+00:00,200,4420.27,
2026-09-11T00:40:14.431850+00:00,200,8522.26,
2026-09-11T00:40:21.257651+00:00,200,1697.16,
2026-09-11T00:40:22.306932+00:00,200,656.28,
2026-09-11T00:40:20.614061+00:00,200,2361.31,
2026-09-11T00:40:22.651088+00:00,200,341.92,
2026-09-11T00:40:08.628246+00:00,200,14369.17,
2026-09-11T00:40:21.893809+00:00,200,1106.14,
2026-09-11T00:40:19.520966+00:00,200,3482.70,
2026-09-11T00:40:20.159856+00:00,200,2841.07,
2026-09-11T00:40:20.376992+00:00,200,2622.00,
2026-09-11T00:40:19.773409+00:00,200,3245.56,
2026-09-11T00:40:16.481658+00:00,200,6539.49,
2026-09-11T00:40:18.854983+00:00,200,4185.09,
2026-09-11T00:40:13.390918+00:00,200,9644.30,
2026-09-11T00:40:18.991048+00:00,200,4052.28,
2026-09-11T00:40:22.464206+00:00,200,592.61,
2026-09-11T00:40:20.993657+00:00,200,2071.31,
2026-09-11T00:40:22.891738+00:00,200,168.76,
2026-09-11T00:40:21.927166+00:00,200,1168.83,
2026-09-11T00:40:21.134471+00:00,200,1976.17,
2026-09-11T00:40:22.670978+00:00,200,438.38,
2026-09-11T00:40:16.178757+00:00,200,6943.10,
2026-09-11T00:40:16.784372+00:00,200,6365.32,
2026-09-11T00:40:20.834069+00:00,200,2320.33,
2026-09-11T00:40:18.944782+00:00,200,4227.37,
2026-09-11T00:40:18.852790+00:00,200,4335.00,
2026-09-11T00:40:12.784968+00:00,200,10406.56,
2026-09-11T00:40:06.934499+00:00,200,16266.06,
2026-09-11T00:40:19.633230+00:00,200,3572.66,
2026-09-11T00:40:10.567525+00:00,200,12645.81,
2026-09-11T00:40:13.264048+00:00,200,9964.62,
2026-09-11T00:40:21.864055+00:00,200,1372.04,
2026-09-11T00:40:21.673457+00:00,200,1567.51,
2026-09-11T00:40:19.282053+00:00,200,3963.08,
2026-09-11T00:40:22.751516+00:00,200,500.21,
2026-09-11T00:40:10.191057+00:00,200,13069.32,
2026-09-11T00:40:19.472916+00:00,200,3787.61,
2026-09-11T00:40:21.529546+00:00,200,1742.53,
2026-09-11T00:40:07.703711+00:00,200,15582.56,
2026-09-11T00:40:14.435978+00:00,200,8862.09,
2026-09-11T00:40:20.592023+00:00,200,2726.80,
2026-09-11T00:40:20.361011+00:00,200,2960.09,
2026-09-11T00:40:23.193291+00:00,200,153.07,
2026-09-11T00:40:13.703274+00:00,200,9663.64,
2026-09-11T00:40:19.091010+00:00,200,4277.07,
2026-09-11T00:40:17.368832+00:00,200,6000.27,
2026-09-11T00:40:21.092843+00:00,200,2296.27,
2026-09-11T00:40:12.081484+00:00,200,11306.65,
2026-09-11T00:40:20.738586+00:00,200,2652.55,
2026-09-11T00:40:12.152667+00:00,200,11253.38,
2026-09-11T00:40:15.343150+00:00,200,8064.82,
2026-09-11T00:40:14.911382+00:00,200,8508.78,
2026-09-11T00:40:20.834069+00:00,200,2609.84,
2026-09-11T00:40:21.376858+00:00,200,2077.39,
2026-09-11T00:40:03.301837+00:00,200,20160.93,
2026-09-11T00:40:22.939639+00:00,200,533.93,
2026-09-11T00:40:22.464206+00:00,200,1021.18,
2026-09-11T00:40:20.622040+00:00,200,2868.47,
2026-09-11T00:40:16.925782+00:00,200,6572.82,
2026-09-11T00:40:20.630549+00:00,200,2874.63,
2026-09-11T00:40:23.208952+00:00,200,300.97,
2026-09-11T00:40:23.384890+00:00,200,130.99,
2026-09-11T00:40:14.775930+00:00,200,8739.72,
2026-09-11T00:40:13.941863+00:00,200,9585.18,
2026-09-11T00:40:20.028182+00:00,200,3501.49,
2026-09-11T00:40:15.640811+00:00,200,7920.83,
2026-09-11T00:40:23.119775+00:00,200,458.26,
2026-09-11T00:40:02.349665+00:00,200,21233.19,
2026-09-11T00:40:13.319836+00:00,200,10266.90,
2026-09-11T00:40:15.577218+00:00,200,8047.07,
2026-09-11T00:40:20.279591+00:00,200,3356.34,
2026-09-11T00:40:23.479436+00:00,200,149.73,
2026-09-11T00:40:17.862909+00:00,200,5774.23,
2026-09-11T00:40:22.543781+00:00,200,1125.71,
2026-09-11T00:40:22.550078+00:00,200,1115.59,
2026-09-11T00:40:22.955427+00:00,200,724.25,
2026-09-11T00:40:17.716672+00:00,200,5975.17,
2026-09-11T00:40:16.099630+00:00,200,7583.34,
2026-09-11T00:40:22.888529+00:00,200,819.53,
2026-09-11T00:40:15.789922+00:00,200,7916.43,
2026-09-11T00:40:12.955389+00:00,200,10759.66,
2026-09-11T00:40:23.610222+00:00,200,145.91,
2026-09-11T00:40:21.650522+00:00,200,2105.09,
2026-09-11T00:40:21.689552+00:00,200,2067.01,
2026-09-11T00:40:21.575899+00:00,200,2192.51,
2026-09-11T00:40:22.530259+00:00,200,1245.02,
2026-09-11T00:40:20.576280+00:00,200,3205.27,
2026-09-11T00:40:18.691091+00:00,200,5094.36,
2026-09-11T00:40:17.963076+00:00,200,5827.09,
2026-09-11T00:40:12.907410+00:00,200,10889.47,
2026-09-11T00:40:23.004955+00:00,200,795.71,
2026-09-11T00:40:19.472916+00:00,200,4375.84,
2026-09-11T00:40:22.246465+00:00,200,1609.94,
2026-09-11T00:40:14.387490+00:00,200,9477.99,
2026-09-11T00:40:18.991048+00:00,200,4881.10,
2026-09-11T00:40:12.922908+00:00,200,10952.18,
2026-09-11T00:40:16.618851+00:00,200,7275.38,
2026-09-11T00:40:22.322442+00:00,200,1575.38,
2026-09-11T00:40:19.568625+00:00,200,4330.60,
2026-09-11T00:40:21.771749+00:00,200,2132.30,
2026-09-11T00:40:19.978828+00:00,200,3940.49,
2026-09-11T00:40:16.150068+00:00,200,7769.34,
2026-09-11T00:40:21.325567+00:00,200,2612.67,
2026-09-11T00:40:21.961927+00:00,200,1998.88,
2026-09-11T00:40:22.495984+00:00,200,1469.59,
2026-09-11T00:40:13.455830+00:00,200,10511.29,
2026-09-11T00:40:21.832536+00:00,200,2140.87,
2026-09-11T00:40:22.734890+00:00,200,1259.65,
2026-09-11T00:40:20.517049+00:00,200,3492.69,
2026-09-11T00:40:22.048654+00:00,200,1977.60,
2026-09-11T00:40:20.496913+00:00,200,3531.94,
2026-09-11T00:40:17.526915+00:00,200,6502.89,
2026-09-11T00:40:13.057410+00:00,200,10979.58,
2026-09-11T00:40:18.491890+00:00,200,5551.78,
2026-09-11T00:39:57.731242+00:00,200,26331.75,
2026-09-11T00:40:21.954280+00:00,200,2118.35,
2026-09-11T00:40:13.219699+00:00,200,10855.59,
2026-09-11T00:40:14.486677+00:00,200,9606.05,
2026-09-11T00:40:21.498005+00:00,200,2597.20,
2026-09-11T00:40:16.935221+00:00,200,7183.72,
2026-09-11T00:40:21.102992+00:00,200,3010.10,
2026-09-11T00:40:23.240643+00:00,200,893.45,
2026-09-11T00:40:23.004955+00:00,200,1134.58,
2026-09-11T00:40:21.486236+00:00,200,2652.85,
2026-09-11T00:40:22.792591+00:00,200,1361.92,
2026-09-11T00:40:21.588812+00:00,200,2573.38,
2026-09-11T00:40:22.734890+00:00,200,1429.69,
2026-09-11T00:40:01.333153+00:00,200,22839.12,
2026-09-11T00:40:01.313599+00:00,200,22875.39,
2026-09-11T00:40:12.061896+00:00,200,12129.11,
2026-09-11T00:40:21.201604+00:00,200,3000.71,
2026-09-11T00:40:22.234416+00:00,200,1973.72,
2026-09-11T00:40:13.964875+00:00,200,10252.09,
2026-09-11T00:40:13.620307+00:00,200,10596.90,
2026-09-11T00:40:22.495984+00:00,200,1714.79,
2026-09-11T00:40:24.093008+00:00,200,132.15,
2026-09-11T00:40:22.366700+00:00,200,1888.36,
2026-09-11T00:40:17.136751+00:00,200,7115.33,
2026-09-11T00:40:23.649264+00:00,200,614.56,
2026-09-11T00:40:22.939639+00:00,200,1319.52,
2026-09-11T00:40:10.788237+00:00,200,13481.86,
2026-09-11T00:40:22.234416+00:00,200,2039.87,
2026-09-11T00:40:15.638215+00:00,200,8647.65,
2026-09-11T00:40:19.234128+00:00,200,5087.37,
2026-09-11T00:40:18.168073+00:00,200,6158.83,
2026-09-11T00:40:22.822991+00:00,200,1516.89,
2026-09-11T00:40:20.459546+00:00,200,3881.71,
2026-09-11T00:40:23.041312+00:00,200,1307.46,
2026-09-11T00:40:16.273371+00:00,200,8082.20,
2026-09-11T00:40:20.581064+00:00,200,3782.12,
2026-09-11T00:40:08.262034+00:00,200,16103.08,
2026-09-11T00:40:13.651804+00:00,200,10726.06,
2026-09-11T00:40:24.255495+00:00,200,129.96,
2026-09-11T00:40:09.822884+00:00,200,14576.14,
2026-09-11T00:40:16.416300+00:00,200,7991.01,
2026-09-11T00:40:22.227741+00:00,200,2196.75,
2026-09-11T00:40:19.107081+00:00,200,5336.57,
2026-09-11T00:40:21.218638+00:00,200,3229.35,
2026-09-11T00:40:18.031322+00:00,200,6428.18,
2026-09-11T00:40:23.528102+00:00,200,927.08,
2026-09-11T00:40:21.805857+00:00,200,2653.57,
2026-09-11T00:40:16.083937+00:00,200,8383.88,
2026-09-11T00:40:23.069082+00:00,200,1400.34,
2026-09-11T00:40:18.325351+00:00,200,6158.54,
2026-09-11T00:40:18.444471+00:00,200,6043.21,
2026-09-11T00:40:21.726625+00:00,200,2766.66,
2026-09-11T00:40:22.151011+00:00,200,2339.91,
2026-09-11T00:40:18.041351+00:00,200,6469.37,
2026-09-11T00:40:22.025941+00:00,200,2512.39,
2026-09-11T00:40:18.615976+00:00,200,5938.87,
2026-09-11T00:40:13.771469+00:00,200,10773.17,
2026-09-11T00:40:16.099630+00:00,200,8462.60,
2026-09-11T00:40:17.312574+00:00,200,7267.06,
2026-09-11T00:40:22.343370+00:00,200,2245.05,
2026-09-11T00:40:05.817556+00:00,200,18765.27,
2026-09-11T00:40:05.658946+00:00,200,18939.70,
2026-09-11T00:40:19.535608+00:00,200,5062.44,
2026-09-11T00:40:18.991048+00:00,200,5621.20,
2026-09-11T00:40:20.131272+00:00,200,4496.54,
2026-09-11T00:40:21.279741+00:00,200,3351.48,
2026-09-11T00:40:24.178203+00:00,200,460.21,
2026-09-11T00:40:18.126751+00:00,200,6510.35,
2026-09-11T00:40:09.239183+00:00,200,15409.47,
2026-09-11T00:40:22.550078+00:00,200,2102.12,
2026-09-11T00:40:21.102992+00:00,200,3545.36,
2026-09-11T00:40:20.517049+00:00,200,4148.38,
2026-09-11T00:40:22.733885+00:00,200,1955.95,
2026-09-11T00:40:20.501012+00:00,200,4188.79,
2026-09-11T00:40:07.084628+00:00,200,17613.31,
2026-09-11T00:40:15.055580+00:00,200,9650.61,
2026-09-11T00:40:24.576908+00:00,200,140.43,
2026-09-11T00:40:18.885471+00:00,200,5828.74,
2026-09-11T00:40:23.180056+00:00,200,1540.65,
2026-09-11T00:40:16.859873+00:00,200,7879.72,
2026-09-11T00:40:22.828976+00:00,200,1912.27,
2026-09-11T00:40:01.585638+00:00,200,23170.52,
2026-09-11T00:40:19.502303+00:00,200,5262.08,
2026-09-11T00:40:22.341361+00:00,200,2448.31,
2026-09-11T00:40:16.022311+00:00,200,8773.65,
2026-09-11T00:40:19.139233+00:00,200,5688.26,
2026-09-11T00:40:14.803827+00:00,200,10033.50,
2026-09-11T00:40:08.858789+00:00,200,15982.39,
2026-09-11T00:40:12.457137+00:00,200,12400.30,
2026-09-11T00:40:22.741010+00:00,200,2119.66,
2026-09-11T00:40:23.753423+00:00,200,1112.96,
2026-09-11T00:40:21.895819+00:00,200,2986.28,
2026-09-11T00:40:22.962912+00:00,200,1942.96,
2026-09-11T00:40:17.827737+00:00,200,7077.64,
2026-09-11T00:40:15.561934+00:00,200,9373.08,
2026-09-11T00:40:23.061985+00:00,200,1883.44,
2026-09-11T00:40:21.771749+00:00,200,3171.98,
2026-09-11T00:40:21.526763+00:00,200,3439.26,
2026-09-11T00:40:19.804353+00:00,200,5166.10,
2026-09-11T00:40:22.647506+00:00,200,2335.35,
2026-09-11T00:40:15.014606+00:00,200,9975.32,
2026-09-11T00:40:17.738253+00:00,200,7262.28,
2026-09-11T00:40:22.132398+00:00,200,2861.08,
2026-09-11T00:40:19.411993+00:00,200,5597.43,
2026-09-11T00:40:22.132398+00:00,200,2892.31,
2026-09-11T00:40:23.151522+00:00,200,1876.56,
2026-09-11T00:40:11.822483+00:00,200,13214.90,
2026-09-11T00:40:24.077658+00:00,200,973.61,
2026-09-11T00:40:23.180056+00:00,200,1875.90,
2026-09-11T00:40:22.686904+00:00,200,2385.79,
2026-09-11T00:40:21.770734+00:00,200,3310.30,
2026-09-11T00:40:18.585474+00:00,200,6504.98,
2026-09-11T00:40:22.939639+00:00,200,2146.64,
2026-09-11T00:40:20.820633+00:00,200,4285.99,
2026-09-11T00:40:23.004955+00:00,200,2104.46,
2026-09-11T00:40:20.356226+00:00,200,4786.98,
2026-09-11T00:40:23.352706+00:00,200,1789.02,
2026-09-11T00:40:19.883057+00:00,200,5274.01,
2026-09-11T00:40:21.825448+00:00,200,3328.36,
2026-09-11T00:40:22.372668+00:00,200,2791.31,
2026-09-11T00:40:19.715080+00:00,200,5471.62,
2026-09-11T00:40:23.915771+00:00,200,1287.95,
2026-09-11T00:40:24.050426+00:00,200,1190.63,
2026-09-11T00:40:21.658147+00:00,200,3601.73,
2026-09-11T00:40:17.964583+00:00,200,7294.57,
2026-09-11T00:40:22.319343+00:00,200,2949.87,
2026-09-11T00:40:20.630549+00:00,200,4632.01,
2026-09-11T00:40:18.775422+00:00,200,6506.69,
2026-09-11T00:40:22.670978+00:00,200,2606.23,
2026-09-11T00:40:23.251071+00:00,200,2043.97,
2026-09-11T00:40:22.803446+00:00,200,2492.76,
2026-09-11T00:40:22.996503+00:00,200,2302.34,
2026-09-11T00:40:24.073304+00:00,200,1245.33,
2026-09-11T00:40:25.188629+00:00,200,134.82,
2026-09-11T00:40:24.338737+00:00,200,988.35,
2026-09-11T00:40:16.099630+00:00,200,9240.61,
2026-09-11T00:40:21.989953+00:00,200,3372.84,
2026-09-11T00:40:25.256947+00:00,200,118.34,
2026-09-11T00:40:20.525580+00:00,200,4876.11,
2026-09-11T00:40:22.813210+00:00,200,2592.95,
2026-09-11T00:40:24.369430+00:00,200,1046.10,
2026-09-11T00:40:24.028360+00:00,200,1387.17,
2026-09-11T00:40:22.400955+00:00,200,3012.75,
2026-09-11T00:40:19.930665+00:00,200,5492.10,
2026-09-11T00:40:14.435978+00:00,200,10994.99,
2026-09-11T00:40:21.039054+00:00,200,4420.54,
2026-09-11T00:40:24.386035+00:00,200,1081.06,
2026-09-11T00:40:23.041312+00:00,200,2426.19,
2026-09-11T00:40:19.633230+00:00,200,5835.89,
2026-09-11T00:40:22.751516+00:00,200,2735.36,
2026-09-11T00:40:23.913907+00:00,200,1578.22,
2026-09-11T00:40:24.828737+00:00,200,670.93,
2026-09-11T00:40:16.093485+00:00,200,9439.58,
2026-09-11T00:40:22.290964+00:00,200,3267.50,
2026-09-11T00:40:22.615448+00:00,200,2955.53,
2026-09-11T00:40:18.691091+00:00,200,6900.19,
2026-09-11T00:40:23.655467+00:00,200,1924.93,
2026-09-11T00:40:17.812733+00:00,200,7784.13,
2026-09-11T00:40:08.684591+00:00,200,16910.06,
2026-09-11T00:40:12.575952+00:00,200,13038.56,
2026-09-11T00:40:25.240300+00:00,200,375.78,
2026-09-11T00:40:22.188932+00:00,200,3433.96,
2026-09-11T00:40:17.753368+00:00,200,7875.37,
2026-09-11T00:40:17.454340+00:00,200,8178.75,
2026-09-11T00:40:19.107081+00:00,200,6529.61,
2026-09-11T00:40:21.668704+00:00,200,3970.64,
2026-09-11T00:40:23.161535+00:00,200,2494.80,
2026-09-11T00:40:14.190597+00:00,200,11498.31,
2026-09-11T00:40:24.010781+00:00,200,1696.48,
2026-09-11T00:40:24.484182+00:00,200,1222.01,
2026-09-11T00:40:22.275180+00:00,200,3433.54,
2026-09-11T00:40:04.218752+00:00,200,21517.48,
2026-09-11T00:40:24.036133+00:00,200,1690.99,
2026-09-11T00:40:22.615448+00:00,200,3126.74,
2026-09-11T00:40:13.146359+00:00,200,12617.87,
2026-09-11T00:40:24.464231+00:00,200,1305.57,
2026-09-11T00:40:18.268964+00:00,200,7517.83,
2026-09-11T00:40:18.507768+00:00,200,7281.49,
2026-09-11T00:40:24.558827+00:00,200,1236.03,
2026-09-11T00:40:24.464231+00:00,200,1326.13,
2026-09-11T00:40:14.817632+00:00,200,10990.46,
2026-09-11T00:40:24.266098+00:00,200,1539.44,
2026-09-11T00:40:20.046772+00:00,200,5762.08,
2026-09-11T00:40:15.402298+00:00,200,10404.30,
2026-09-11T00:40:23.797866+00:00,200,2028.28,
2026-09-11T00:40:22.483168+00:00,200,3374.52,
2026-09-11T00:40:20.770930+00:00,200,5107.17,
2026-09-11T00:40:19.819500+00:00,200,6072.51,
2026-09-11T00:40:22.803446+00:00,200,3121.97,
2026-09-11T00:40:24.784402+00:00,200,1137.54,
2026-09-11T00:40:14.357394+00:00,200,11567.15,
2026-09-11T00:40:25.573588+00:00,200,362.25,
2026-09-11T00:40:18.142574+00:00,200,7798.38,
2026-09-11T00:40:19.556543+00:00,200,6387.28,
2026-09-11T00:40:16.168719+00:00,200,9783.12,
2026-09-11T00:40:23.456493+00:00,200,2494.33,
2026-09-11T00:40:22.290964+00:00,200,3663.51,
2026-09-11T00:40:15.196948+00:00,200,10764.80,
2026-09-11T00:40:20.580054+00:00,200,5389.34,
2026-09-11T00:40:18.966777+00:00,200,7007.32,
2026-09-11T00:40:18.766664+00:00,200,7211.41,
2026-09-11T00:40:16.938810+00:00,200,9067.04,
2026-09-11T00:40:25.378871+00:00,200,635.42,
2026-09-11T00:40:23.775411+00:00,200,2265.45,
2026-09-11T00:40:21.218638+00:00,200,4827.24,
2026-09-11T00:40:25.891827+00:00,200,158.12,
2026-09-11T00:40:15.323401+00:00,200,10751.03,
2026-09-11T00:40:13.414128+00:00,200,12666.04,
2026-09-11T00:40:24.273491+00:00,200,1825.06,
2026-09-11T00:40:19.148930+00:00,200,6974.49,
2026-09-11T00:40:18.300625+00:00,200,7824.84,
2026-09-11T00:40:23.402354+00:00,200,2735.07,
2026-09-11T00:40:24.907604+00:00,200,1232.39,
2026-09-11T00:40:11.393952+00:00,200,14741.13,
2026-09-11T00:40:23.320967+00:00,200,2831.84,
2026-09-11T00:40:20.881167+00:00,200,5279.74,
2026-09-11T00:40:23.352706+00:00,200,2823.01,
2026-09-11T00:40:25.127584+00:00,200,1071.67,
2026-09-11T00:40:26.040870+00:00,200,167.70,
2026-09-11T00:40:20.159856+00:00,200,6060.43,
2026-09-11T00:40:24.398193+00:00,200,1844.39,
2026-09-11T00:40:25.324039+00:00,200,921.31,
2026-09-11T00:40:25.465744+00:00,200,792.88,
2026-09-11T00:40:24.611650+00:00,200,1654.45,
2026-09-11T00:40:25.812153+00:00,200,462.35,
2026-09-11T00:40:24.338737+00:00,200,1941.17,
2026-09-11T00:40:14.435978+00:00,200,11850.10,
2026-09-11T00:40:26.130950+00:00,200,161.14,
2026-09-11T00:40:19.059434+00:00,200,7228.76,
2026-09-11T00:40:23.257186+00:00,200,3039.75,
2026-09-11T00:40:20.425591+00:00,200,5883.76,
2026-09-11T00:40:23.511471+00:00,200,2786.92,
2026-09-11T00:40:16.605342+00:00,200,9721.17,
2026-09-11T00:40:24.115648+00:00,200,2206.70,
2026-09-11T00:40:25.304139+00:00,200,1027.43,
2026-09-11T00:40:26.072088+00:00,200,277.63,
2026-09-11T00:40:21.674886+00:00,200,4674.16,
2026-09-11T00:40:17.401257+00:00,200,8955.94,
2026-09-11T00:40:22.246465+00:00,200,4125.67,
2026-09-11T00:40:24.654819+00:00,200,1724.67,
2026-09-11T00:40:20.945575+00:00,200,5446.51,
2026-09-11T00:40:20.897077+00:00,200,5507.95,
2026-09-11T00:40:20.767768+00:00,200,5656.35,
2026-09-11T00:40:22.483168+00:00,200,3941.76,
2026-09-11T00:40:24.378315+00:00,200,2051.29,
2026-09-11T00:40:26.279815+00:00,200,167.75,
2026-09-11T00:40:25.465744+00:00,200,976.30,
2026-09-11T00:40:19.218418+00:00,200,7241.04,
2026-09-11T00:40:25.764447+00:00,200,687.23,
2026-09-11T00:40:23.760032+00:00,200,2706.24,
2026-09-11T00:40:23.782783+00:00,200,2676.63,
2026-09-11T00:40:24.739206+00:00,200,1749.46,
2026-09-11T00:40:11.309370+00:00,200,15181.29,
2026-09-11T00:40:14.722603+00:00,200,11771.20,
2026-09-11T00:40:22.002053+00:00,200,4507.49,
2026-09-11T00:40:17.101313+00:00,200,9414.88,
2026-09-11T00:40:24.654819+00:00,200,1855.93,
2026-09-11T00:40:23.910386+00:00,200,2614.96,
2026-09-11T00:40:26.373221+00:00,200,164.06,
2026-09-11T00:40:25.750191+00:00,200,786.50,
2026-09-11T00:40:24.218866+00:00,200,2348.26,
2026-09-11T00:40:10.855226+00:00,200,15734.53,
2026-09-11T00:40:12.181736+00:00,200,14415.10,
2026-09-11T00:40:25.524881+00:00,200,1074.20,
2026-09-11T00:40:25.209570+00:00,200,1403.13,
2026-09-11T00:40:18.284628+00:00,200,8330.37,
2026-09-11T00:40:18.932980+00:00,200,7689.61,
2026-09-11T00:40:24.957940+00:00,200,1667.85,
2026-09-11T00:40:20.548016+00:00,200,6113.12,
2026-09-11T00:40:20.924048+00:00,200,5750.42,
2026-09-11T00:40:21.279741+00:00,200,5403.65,
2026-09-11T00:40:23.511471+00:00,200,3195.39,
2026-09-11T00:40:25.700685+00:00,200,999.45,
2026-09-11T00:40:25.590440+00:00,200,1119.39,
2026-09-11T00:40:15.465786+00:00,200,11253.80,
2026-09-11T00:40:07.874100+00:00,200,18854.42,
2026-09-11T00:40:21.945656+00:00,200,4794.11,
2026-09-11T00:40:20.678449+00:00,200,6064.23,
2026-09-11T00:40:05.377431+00:00,200,21367.16,
2026-09-11T00:40:24.576908+00:00,200,2161.14,
2026-09-11T00:40:22.559489+00:00,200,4211.61,
2026-09-11T00:40:26.479350+00:00,200,292.82,
2026-09-11T00:40:16.053044+00:00,200,10732.05,
2026-09-11T00:40:20.263854+00:00,200,6543.23,
2026-09-11T00:40:22.260394+00:00,200,4543.30,
2026-09-11T00:40:26.465967+00:00,200,362.39,
2026-09-11T00:40:23.862066+00:00,200,2996.21,
2026-09-11T00:40:23.069082+00:00,200,3795.30,
2026-09-11T00:40:26.256715+00:00,200,625.81,
2026-09-11T00:40:26.198843+00:00,200,699.36,
2026-09-11T00:40:20.361011+00:00,200,6536.36,
2026-09-11T00:40:16.436075+00:00,200,10455.47,
2026-09-11T00:40:13.705280+00:00,200,13208.65,
2026-09-11T00:40:21.634723+00:00,200,5296.42,
2026-09-11T00:40:26.147363+00:00,200,810.06,
2026-09-11T00:40:24.186608+00:00,200,2774.34,
2026-09-11T00:40:23.001379+00:00,200,3973.20,
2026-09-11T00:40:26.008260+00:00,200,973.71,
2026-09-11T00:40:17.526915+00:00,200,9452.26,
2026-09-11T00:40:15.468407+00:00,200,11523.02,
2026-09-11T00:40:22.400955+00:00,200,4603.43,
2026-09-11T00:40:23.590951+00:00,200,3425.33,
2026-09-11T00:40:23.760032+00:00,200,3273.65,
2026-09-11T00:40:25.019816+00:00,200,2017.36,
2026-09-11T00:40:26.465967+00:00,200,565.89,
2026-09-11T00:40:25.506037+00:00,200,1535.89,
2026-09-11T00:40:26.809287+00:00,200,232.97,
2026-09-11T00:40:22.014606+00:00,200,5044.95,
2026-09-11T00:40:25.337649+00:00,200,1725.06,
2026-09-11T00:40:18.041351+00:00,200,9030.07,
2026-09-11T00:40:16.068802+00:00,200,10997.35,
2026-09-11T00:40:26.982976+00:00,200,135.38,
2026-09-11T00:40:22.246465+00:00,200,4870.14,
2026-09-11T00:40:24.941196+00:00,200,2182.15,
2026-09-11T00:40:12.806159+00:00,200,14331.72,
2026-09-11T00:40:19.617999+00:00,200,7536.08,
2026-09-11T00:40:27.038039+00:00,200,121.93,
2026-09-11T00:40:25.430882+00:00,200,1730.78,
2026-09-11T00:40:18.300625+00:00,200,8869.75,
2026-09-11T00:40:18.790706+00:00,200,8380.90,
2026-09-11T00:40:26.458226+00:00,200,721.34,
2026-09-11T00:40:23.069082+00:00,200,4125.79,
2026-09-11T00:40:18.699923+00:00,200,8498.71,
2026-09-11T00:40:22.939639+00:00,200,4275.89,
2026-09-11T00:40:25.418013+00:00,200,1809.21,
2026-09-11T00:40:20.443437+00:00,200,6807.27,
2026-09-11T00:40:26.632202+00:00,200,634.23,
2026-09-11T00:40:26.958591+00:00,200,314.35,
2026-09-11T00:40:14.951024+00:00,200,12322.38,
2026-09-11T00:40:26.010806+00:00,200,1286.14,
2026-09-11T00:40:26.580597+00:00,200,723.10,
2026-09-11T00:40:20.393090+00:00,200,6918.41,
2026-09-11T00:40:21.910991+00:00,200,5400.81,
2026-09-11T00:40:24.941196+00:00,200,2389.04,
2026-09-11T00:40:22.813210+00:00,200,4532.23,
2026-09-11T00:40:23.018867+00:00,200,4345.13,
2026-09-11T00:40:20.139071+00:00,200,7261.39,
2026-09-11T00:40:21.771749+00:00,200,5639.41,
2026-09-11T00:40:27.000284+00:00,200,418.17,
2026-09-11T00:40:10.768112+00:00,200,16655.59,
2026-09-11T00:40:19.355139+00:00,200,8078.05,
2026-09-11T00:40:24.258117+00:00,200,3179.11,
2026-09-11T00:40:14.207523+00:00,200,13226.97,
2026-09-11T00:40:11.959221+00:00,200,15489.89,
2026-09-11T00:40:23.273185+00:00,200,4189.34,
2026-09-11T00:40:25.073481+00:00,200,2399.62,
2026-09-11T00:40:22.068968+00:00,200,5435.44,
2026-09-11T00:40:24.386035+00:00,200,3122.38,
2026-09-11T00:40:16.980043+00:00,200,10542.51,
2026-09-11T00:40:11.226540+00:00,200,16302.73,
2026-09-11T00:40:17.401257+00:00,200,10128.48,
2026-09-11T00:40:25.829458+00:00,200,1717.27,
2026-09-11T00:40:26.506670+00:00,200,1039.43,
2026-09-11T00:40:27.252604+00:00,200,296.84,
2026-09-11T00:40:19.694106+00:00,200,7868.45,
2026-09-11T00:40:15.751977+00:00,200,11815.07,
2026-09-11T00:40:23.418435+00:00,200,4166.85,
2026-09-11T00:40:22.306932+00:00,200,5286.45,
2026-09-11T00:40:20.187371+00:00,200,7418.48,
2026-09-11T00:40:14.970803+00:00,200,12640.68,
2026-09-11T00:40:19.284062+00:00,200,8333.42,
2026-09-11T00:40:25.732186+00:00,200,1889.80,
2026-09-11T00:40:25.300087+00:00,200,2350.01,
2026-09-11T00:40:25.256947+00:00,200,2412.92,
2026-09-11T00:40:21.588812+00:00,200,6103.27,
2026-09-11T00:40:25.483609+00:00,200,2210.38,
2026-09-11T00:40:19.059434+00:00,200,8635.71,
2026-09-11T00:40:26.141116+00:00,200,1575.73,
2026-09-11T00:40:26.944383+00:00,200,783.80,
2026-09-11T00:40:16.975241+00:00,200,10755.24,
2026-09-11T00:40:27.201731+00:00,200,532.34,
2026-09-11T00:40:26.053832+00:00,200,1699.76,
2026-09-11T00:40:26.542695+00:00,200,1217.93,
2026-09-11T00:40:27.405980+00:00,200,356.58,
2026-09-11T00:40:26.415897+00:00,200,1343.91,
2026-09-11T00:40:20.169655+00:00,200,7604.86,
2026-09-11T00:40:23.968006+00:00,200,3818.73,
2026-09-11T00:40:17.734149+00:00,200,10071.32,
2026-09-11T00:40:27.125257+00:00,200,683.83,
2026-09-11T00:40:19.556543+00:00,200,8255.60,
2026-09-11T00:40:27.230772+00:00,200,618.46,
2026-09-11T00:40:13.846961+00:00,200,14014.97,
2026-09-11T00:40:12.618779+00:00,200,15251.65,
2026-09-11T00:40:27.709743+00:00,200,161.29,
2026-09-11T00:40:24.162959+00:00,200,3725.41,
2026-09-11T00:40:27.731275+00:00,200,157.26,
2026-09-11T00:40:26.296571+00:00,200,1598.53,
2026-09-11T00:40:26.296571+00:00,200,1608.77,
2026-09-11T00:40:24.305434+00:00,200,3619.57,
2026-09-11T00:40:22.178000+00:00,200,5761.23,
2026-09-11T00:40:15.751977+00:00,200,12194.18,
2026-09-11T00:40:22.652793+00:00,200,5303.38,
2026-09-11T00:40:19.012127+00:00,200,8939.45,
2026-09-11T00:40:27.841163+00:00,200,131.68,
2026-09-11T00:40:15.722064+00:00,200,12268.87,
2026-09-11T00:40:25.732186+00:00,200,2261.76,
2026-09-11T00:40:25.929710+00:00,200,2062.13,
2026-09-11T00:40:10.305504+00:00,200,17713.62,
2026-09-11T00:40:13.863442+00:00,200,14155.20,
2026-09-11T00:40:24.558827+00:00,200,3459.28,
2026-09-11T00:40:24.749248+00:00,200,3267.63,
2026-09-11T00:40:21.387140+00:00,200,6633.99,
2026-09-11T00:40:23.511471+00:00,200,4519.66,
2026-09-11T00:40:26.447538+00:00,200,1596.22,
2026-09-11T00:40:26.305845+00:00,200,1734.25,
2026-09-11T00:40:26.200852+00:00,200,1863.19,
2026-09-11T00:40:16.655195+00:00,200,11410.29,
2026-09-11T00:40:23.451034+00:00,200,4633.80,
2026-09-11T00:40:20.770930+00:00,200,7309.52,
2026-09-11T00:40:17.875694+00:00,200,10204.93,
2026-09-11T00:40:27.504670+00:00,200,586.87,
2026-09-11T00:40:24.138493+00:00,200,3953.74,
2026-09-11T00:40:24.701322+00:00,200,3396.54,
2026-09-11T00:40:26.622433+00:00,200,1485.85,
2026-09-11T00:40:07.071716+00:00,200,21041.58,
2026-09-11T00:40:23.622900+00:00,200,4490.55,
2026-09-11T00:40:14.277854+00:00,200,13847.68,
2026-09-11T00:40:23.979212+00:00,200,4197.73,
2026-09-11T00:40:25.081411+00:00,200,3099.18,
2026-09-11T00:40:08.274062+00:00,200,19898.70,
2026-09-11T00:40:24.860936+00:00,200,3332.13,
2026-09-11T00:40:18.885471+00:00,200,9318.98,
2026-09-11T00:40:23.384890+00:00,200,4850.28,
2026-09-11T00:40:00.822152+00:00,200,27427.02,
2026-09-11T00:40:15.497766+00:00,200,12746.34,
2026-09-11T00:40:25.796477+00:00,200,2466.06,
2026-09-11T00:40:27.299251+00:00,200,969.95,
2026-09-11T00:40:24.273491+00:00,200,3988.49,
2026-09-11T00:40:23.456493+00:00,200,4833.07,
2026-09-11T00:40:23.227755+00:00,200,5068.59,
2026-09-11T00:40:15.292056+00:00,200,13016.20,
2026-09-11T00:40:20.700564+00:00,200,7615.75,
2026-09-11T00:40:28.171192+00:00,200,143.58,
2026-09-11T00:40:26.289695+00:00,200,2042.78,
2026-09-11T00:40:23.402354+00:00,200,4937.66,
2026-09-11T00:40:21.166056+00:00,200,7184.97,
2026-09-11T00:40:20.114891+00:00,200,8244.20,
2026-09-11T00:40:22.718925+00:00,200,5647.86,
2026-09-11T00:40:25.288423+00:00,200,3077.59,
2026-09-11T00:40:27.046071+00:00,200,1355.83,
2026-09-11T00:40:24.226458+00:00,200,4182.39,
2026-09-11T00:40:27.430724+00:00,200,982.79,
2026-09-11T00:40:20.106495+00:00,200,8311.20,
2026-09-11T00:40:24.689987+00:00,200,3747.24,
2026-09-11T00:40:28.281750+00:00,200,144.83,
2026-09-11T00:40:22.243532+00:00,200,6203.87,
2026-09-11T00:40:20.327263+00:00,200,8107.27,
2026-09-11T00:40:27.430724+00:00,200,1038.28,
2026-09-11T00:40:22.866888+00:00,200,5640.60,
2026-09-11T00:40:21.469783+00:00,200,7046.01,
2026-09-11T00:40:26.982976+00:00,200,1534.75,
2026-09-11T00:40:25.101145+00:00,200,3413.57,
2026-09-11T00:40:21.472815+00:00,200,7063.98,
2026-09-11T00:40:19.224587+00:00,200,9325.12,
2026-09-11T00:40:23.797866+00:00,200,4761.78,
2026-09-11T00:40:20.897077+00:00,200,7673.56,
2026-09-11T00:40:10.602444+00:00,200,17970.35,
2026-09-11T00:40:25.028942+00:00,200,3575.56,
2026-09-11T00:40:23.672139+00:00,200,4932.25,
2026-09-11T00:40:23.996062+00:00,200,4631.19,
2026-09-11T00:40:21.007722+00:00,200,7636.93,
2026-09-11T00:40:25.398917+00:00,200,3238.57,
2026-09-11T00:40:25.621893+00:00,200,3066.55,
2026-09-11T00:40:24.749248+00:00,200,3937.57,
2026-09-11T00:40:20.301470+00:00,200,8415.80,
2026-09-11T00:40:20.220924+00:00,200,8505.71,
2026-09-11T00:40:23.306927+00:00,200,5436.48,
2026-09-11T00:40:28.266276+00:00,200,477.18,
2026-09-11T00:40:25.939245+00:00,200,2821.22,
2026-09-11T00:40:23.686896+00:00,200,5063.31,
2026-09-11T00:40:23.227755+00:00,200,5550.38,
2026-09-11T00:40:18.717087+00:00,200,10075.12,
2026-09-11T00:40:23.511471+00:00,200,5296.11,
2026-09-11T00:40:24.542872+00:00,200,4268.82,
2026-09-11T00:40:27.460683+00:00,200,1360.78,
2026-09-11T00:40:21.758629+00:00,200,7083.74,
2026-09-11T00:40:17.193093+00:00,200,11670.09,
2026-09-11T00:40:14.667219+00:00,200,14240.63,
2026-09-11T00:40:22.385865+00:00,200,6523.44,
2026-09-11T00:40:21.156605+00:00,200,7763.70,
2026-09-11T00:40:24.138493+00:00,200,4808.59,
2026-09-11T00:40:28.542768+00:00,200,408.35,
2026-09-11T00:40:26.740498+00:00,200,2218.22,
2026-09-11T00:40:23.575800+00:00,200,5384.46,
2026-09-11T00:40:27.175126+00:00,200,1800.88,
2026-09-11T00:40:27.181598+00:00,200,1807.20,
2026-09-11T00:40:21.526763+00:00,200,7477.30,
2026-09-11T00:40:24.860936+00:00,200,4143.63,
2026-09-11T00:40:20.496913+00:00,200,8515.61,
2026-09-11T00:40:22.731159+00:00,200,6290.69,
2026-09-11T00:40:27.101214+00:00,200,1936.80,
2026-09-11T00:40:22.381239+00:00,200,6670.34,
2026-09-11T00:40:21.848694+00:00,200,7202.09,
2026-09-11T00:40:20.114891+00:00,200,8961.26,
2026-09-11T00:40:23.288707+00:00,200,5804.38,
2026-09-11T00:40:13.390918+00:00,200,15694.84,
2026-09-11T00:40:26.871512+00:00,200,2240.32,
2026-09-11T00:40:23.703951+00:00,200,5414.19,
2026-09-11T00:40:27.805221+00:00,200,1318.55,
2026-09-11T00:40:20.788020+00:00,200,8342.07,
2026-09-11T00:40:15.468407+00:00,200,13666.69,
2026-09-11T00:40:26.344127+00:00,200,2852.98,
2026-09-11T00:40:27.352744+00:00,200,1848.20,
2026-09-11T00:40:25.653975+00:00,200,3556.58,
2026-09-11T00:40:24.828737+00:00,200,4384.73,
2026-09-11T00:40:23.564661+00:00,200,5655.65,
2026-09-11T00:40:23.027599+00:00,200,6200.78,
2026-09-11T00:40:21.907977+00:00,200,7338.66,
2026-09-11T00:40:27.430724+00:00,200,1816.40,
2026-09-11T00:40:25.162949+00:00,200,4088.42,
2026-09-11T00:40:24.701322+00:00,200,4555.29,
2026-09-11T00:40:22.068968+00:00,200,7209.65,
2026-09-11T00:40:27.956908+00:00,200,1368.50,
2026-09-11T00:40:19.756779+00:00,200,9566.06,
2026-09-11T00:40:26.728567+00:00,200,2602.51,
2026-09-11T00:40:27.925209+00:00,200,1419.94,
2026-09-11T00:40:28.249634+00:00,200,1105.12,
2026-09-11T00:40:23.368583+00:00,200,6033.59,
2026-09-11T00:40:28.856527+00:00,200,552.53,
2026-09-11T00:40:24.749248+00:00,200,4666.78,
2026-09-11T00:40:29.051150+00:00,200,370.66,
2026-09-11T00:40:26.708014+00:00,200,2726.42,
2026-09-11T00:40:19.994346+00:00,200,9447.13,
2026-09-11T00:40:23.479436+00:00,200,5953.74,
2026-09-11T00:40:26.614339+00:00,200,2871.95,
2026-09-11T00:40:27.299251+00:00,200,2195.03,
2026-09-11T00:40:26.824523+00:00,200,2676.31,
2026-09-11T00:40:26.212026+00:00,200,3294.31,
2026-09-11T00:40:27.999482+00:00,200,1511.06,
2026-09-11T00:40:20.860265+00:00,200,8666.13,
2026-09-11T00:40:28.943704+00:00,200,580.55,
2026-09-11T00:40:25.256947+00:00,200,4274.44,
2026-09-11T00:40:18.610685+00:00,200,10940.65,
2026-09-11T00:40:27.409695+00:00,200,2153.63,
2026-09-11T00:40:29.404455+00:00,200,165.81,
2026-09-11T00:40:29.404455+00:00,200,163.81,
2026-09-11T00:40:18.854983+00:00,200,10719.01,
2026-09-11T00:40:08.607258+00:00,200,20977.02,
2026-09-11T00:40:26.322667+00:00,200,3278.75,
2026-09-11T00:40:26.495308+00:00,200,3111.89,
2026-09-11T00:40:13.309904+00:00,200,16307.76,
2026-09-11T00:40:26.050421+00:00,200,3586.92,
2026-09-11T00:40:17.891727+00:00,200,11746.57,
2026-09-11T00:40:24.591359+00:00,200,5058.33,
2026-09-11T00:40:22.006703+00:00,200,7656.80,
2026-09-11T00:40:22.132398+00:00,200,7527.84,
2026-09-11T00:40:27.697451+00:00,200,1998.68,
2026-09-11T00:40:23.713972+00:00,200,5999.68,
2026-09-11T00:40:25.812153+00:00,200,3907.04,
2026-09-11T00:40:29.566688+00:00,200,150.54,
2026-09-11T00:40:28.785513+00:00,200,942.79,
2026-09-11T00:40:27.754263+00:00,200,1987.98,
2026-09-11T00:40:29.043459+00:00,200,696.41,
2026-09-11T00:40:28.566200+00:00,200,1177.03,
2026-09-11T00:40:22.855275+00:00,200,6908.36,
2026-09-11T00:40:27.815535+00:00,200,1968.01,
2026-09-11T00:40:21.689552+00:00,200,8134.05,
2026-09-11T00:40:23.862066+00:00,200,5963.68,
2026-09-11T00:40:24.648875+00:00,200,5188.83,
2026-09-11T00:40:29.634143+00:00,200,201.26,
2026-09-11T00:40:25.414846+00:00,200,4431.98,
2026-09-11T00:40:22.172444+00:00,200,7678.12,
2026-09-11T00:40:28.039677+00:00,200,1816.97,
2026-09-11T00:40:21.325567+00:00,200,8534.05,
2026-09-11T00:40:25.928178+00:00,200,3941.08,
2026-09-11T00:40:23.098056+00:00,200,6782.87,
2026-09-11T00:40:28.751331+00:00,200,1134.98,
2026-09-11T00:40:23.427927+00:00,200,6461.68,
2026-09-11T00:40:24.400703+00:00,200,5479.37,
2026-09-11T00:40:25.929710+00:00,200,3968.39,
2026-09-11T00:40:28.266276+00:00,200,1637.26,
2026-09-11T00:40:26.415897+00:00,200,3518.34,
2026-09-11T00:40:29.786029+00:00,200,190.68,
2026-09-11T00:40:19.367480+00:00,200,10612.94,
2026-09-11T00:40:17.178038+00:00,200,12811.56,
2026-09-11T00:40:25.272337+00:00,200,4716.83,
2026-09-11T00:40:27.330724+00:00,200,2688.07,
2026-09-11T00:40:11.538759+00:00,200,18488.18,
2026-09-11T00:40:26.415897+00:00,200,3610.61,
2026-09-11T00:40:15.468407+00:00,200,14567.21,
2026-09-11T00:40:23.957126+00:00,200,6107.61,
2026-09-11T00:40:20.825648+00:00,200,9251.11,
2026-09-11T00:40:19.298105+00:00,200,10782.48,
2026-09-11T00:40:29.108165+00:00,200,1003.47,
2026-09-11T00:40:24.635485+00:00,200,5485.23,
2026-09-11T00:40:29.325348+00:00,200,796.49,
2026-09-11T00:40:19.027930+00:00,200,11087.47,
2026-09-11T00:40:24.720531+00:00,200,5425.58,
2026-09-11T00:40:29.331522+00:00,200,823.48,
2026-09-11T00:40:15.736124+00:00,200,14421.73,
2026-09-11T00:40:17.492696+00:00,200,12672.15,
2026-09-11T00:40:06.977280+00:00,200,23194.08,
2026-09-11T00:40:19.568625+00:00,200,10602.01,
2026-09-11T00:40:20.553569+00:00,200,9623.53,
2026-09-11T00:40:26.240675+00:00,200,3943.11,
2026-09-11T00:40:27.869584+00:00,200,2340.54,
2026-09-11T00:40:30.061609+00:00,200,161.03,
2026-09-11T00:40:28.439255+00:00,200,1803.14,
2026-09-11T00:40:29.134197+00:00,200,1120.79,
2026-09-11T00:40:21.993563+00:00,200,8267.33,
2026-09-11T00:40:26.893773+00:00,200,3365.01,
2026-09-11T00:40:22.328792+00:00,200,7938.75,
2026-09-11T00:40:26.590943+00:00,200,3678.25,
2026-09-11T00:40:28.922137+00:00,200,1384.85,
2026-09-11T00:40:24.641027+00:00,200,5670.59,
2026-09-11T00:40:25.955370+00:00,200,4360.05,
2026-09-11T00:40:26.809287+00:00,200,3511.16,
2026-09-11T00:40:27.678059+00:00,200,2665.35,
2026-09-11T00:40:08.156646+00:00,200,22200.41,
2026-09-11T00:40:18.885471+00:00,200,11488.08,
2026-09-11T00:40:26.256715+00:00,200,4131.02,
2026-09-11T00:40:21.086399+00:00,200,9311.45,
2026-09-11T00:40:29.213722+00:00,200,1187.09,
2026-09-11T00:40:20.881167+00:00,200,9522.42,
2026-09-11T00:40:24.928878+00:00,200,5480.42,
2026-09-11T00:40:29.751897+00:00,200,701.01,
2026-09-11T00:40:24.998597+00:00,200,5456.42,
2026-09-11T00:40:28.075045+00:00,200,2379.28,
2026-09-11T00:40:30.321452+00:00,200,147.38,
2026-09-11T00:40:23.174396+00:00,200,7317.09,
2026-09-11T00:40:13.311430+00:00,200,17189.07,
2026-09-11T00:40:29.134197+00:00,200,1361.06,
2026-09-11T00:40:25.745654+00:00,200,4779.38,
2026-09-11T00:40:14.435978+00:00,200,16091.35,
2026-09-11T00:40:25.684987+00:00,200,4861.56,
2026-09-11T00:40:27.530839+00:00,200,3038.03,
2026-09-11T00:40:19.788642+00:00,200,10787.03,
2026-09-11T00:40:25.616433+00:00,200,4967.06,
2026-09-11T00:40:21.710974+00:00,200,8885.17,
2026-09-11T00:40:24.186608+00:00,200,6411.01,
2026-09-11T00:40:29.422708+00:00,200,1197.03,
2026-09-11T00:40:19.330100+00:00,200,11281.92,
2026-09-11T00:40:29.022718+00:00,200,1604.57,
2026-09-11T00:40:22.053826+00:00,200,8573.71,
2026-09-11T00:40:25.272337+00:00,200,5370.52,
2026-09-11T00:40:21.051388+00:00,200,9600.25,
2026-09-11T00:40:30.515133+00:00,200,138.30,
2026-09-11T00:40:29.086214+00:00,200,1575.70,
2026-09-11T00:40:25.875956+00:00,200,4810.52,
2026-09-11T00:40:29.566688+00:00,200,1132.04,
2026-09-11T00:40:26.772985+00:00,200,3924.97,
2026-09-11T00:40:24.879773+00:00,200,5820.75,
2026-09-11T00:40:26.521289+00:00,200,4197.22,
2026-09-11T00:40:27.364407+00:00,200,3365.90,
2026-09-11T00:40:30.311946+00:00,200,417.54,
2026-09-11T00:40:28.439255+00:00,200,2289.07,
2026-09-11T00:40:28.092737+00:00,200,2660.05,
2026-09-11T00:40:05.707745+00:00,200,25056.96,
2026-09-11T00:40:26.930298+00:00,200,3839.22,
2026-09-11T00:40:24.459608+00:00,200,6311.08,
2026-09-11T00:40:21.995128+00:00,200,8785.64,
2026-09-11T00:40:29.815326+00:00,200,969.42,
2026-09-11T00:40:19.922103+00:00,200,10887.72,
2026-09-11T00:40:18.812564+00:00,200,12000.91,
2026-09-11T00:40:26.031146+00:00,200,4828.70,
2026-09-11T00:40:24.422310+00:00,200,6454.15,
2026-09-11T00:40:15.449816+00:00,200,15453.32,
2026-09-11T00:40:23.240643+00:00,200,7671.85,
2026-09-11T00:40:27.935724+00:00,200,2977.53,
2026-09-11T00:40:30.754188+00:00,200,163.46,
2026-09-11T00:40:21.571634+00:00,200,9352.38,
2026-09-11T00:40:27.268442+00:00,200,3678.35,
2026-09-11T00:40:14.921791+00:00,200,16027.81,
2026-09-11T00:40:22.339348+00:00,200,8621.25,
2026-09-11T00:40:28.368916+00:00,200,2587.27,
2026-09-11T00:40:30.805794+00:00,200,169.83,
2026-09-11T00:40:27.967955+00:00,200,3027.65,
2026-09-11T00:40:22.068968+00:00,200,8927.58,
2026-09-11T00:40:24.542872+00:00,200,6467.57,
2026-09-11T00:40:28.839109+00:00,200,2170.90,
2026-09-11T00:40:28.612519+00:00,200,2418.69,
2026-09-11T00:40:29.830756+00:00,200,1214.02,
2026-09-11T00:40:18.126751+00:00,200,12923.28,
2026-09-11T00:40:19.656610+00:00,200,11415.16,
2026-09-11T00:40:27.615168+00:00,200,3475.60,
2026-09-11T00:40:25.483609+00:00,200,5624.18,
2026-09-11T00:40:29.002846+00:00,200,2126.46,
2026-09-11T00:40:14.080380+00:00,200,17056.75,
2026-09-11T00:40:27.553329+00:00,200,3585.52,
2026-09-11T00:40:24.591359+00:00,200,6548.70,
2026-09-11T00:40:27.511073+00:00,200,3641.22,
2026-09-11T00:40:19.662410+00:00,200,11503.87,
2026-09-11T00:40:22.939639+00:00,200,8219.63,
2026-09-11T00:40:30.504116+00:00,200,669.42,
2026-09-11T00:40:28.684144+00:00,200,2497.61,
2026-09-11T00:40:28.584300+00:00,200,2611.50,
2026-09-11T00:40:28.758931+00:00,200,2436.53,
2026-09-11T00:40:13.154440+00:00,200,18046.49,
2026-09-11T00:40:27.884783+00:00,200,3338.85,
2026-09-11T00:40:28.345164+00:00,200,2896.04,
2026-09-11T00:40:25.147843+00:00,200,6104.97,
2026-09-11T00:40:24.860936+00:00,200,6385.61,
2026-09-11T00:40:22.381239+00:00,200,8885.82,
2026-09-11T00:40:25.034430+00:00,200,6241.86,
2026-09-11T00:40:16.906920+00:00,200,14365.69,
2026-09-11T00:40:26.279815+00:00,200,5020.96,
2026-09-11T00:40:14.757709+00:00,200,16577.83,
2026-09-11T00:40:23.374598+00:00,200,7963.90,
2026-09-11T00:40:29.439124+00:00,200,1917.90,
2026-09-11T00:40:27.910749+00:00,200,3473.15,
2026-09-11T00:40:30.468272+00:00,200,930.71,
2026-09-11T00:40:29.596438+00:00,200,1795.42,
2026-09-11T00:40:27.330724+00:00,200,4077.32,
2026-09-11T00:40:23.257186+00:00,200,8157.20,
2026-09-11T00:40:30.165440+00:00,200,1260.97,
2026-09-11T00:40:29.533008+00:00,200,1890.13,
2026-09-11T00:40:24.218866+00:00,200,7210.10,
2026-09-11T00:40:22.037451+00:00,200,9394.77,
2026-09-11T00:40:29.213722+00:00,200,2221.65,
2026-09-11T00:40:29.617771+00:00,200,1835.66,
2026-09-11T00:40:24.210460+00:00,200,7243.22,
2026-09-11T00:40:24.495339+00:00,200,6960.97,
2026-09-11T00:40:22.464206+00:00,200,8987.98,
2026-09-11T00:40:29.863381+00:00,200,1602.53,
2026-09-11T00:40:27.884783+00:00,200,3578.78,
2026-09-11T00:40:19.611717+00:00,200,11868.01,
2026-09-11T00:40:30.695912+00:00,200,823.35,
2026-09-11T00:40:27.130763+00:00,200,4428.22,
2026-09-11T00:40:23.257186+00:00,200,8305.11,
2026-09-11T00:40:23.511471+00:00,200,8051.84,
2026-09-11T00:40:24.152341+00:00,200,7418.40,
2026-09-11T00:40:25.864548+00:00,200,5709.77,
2026-09-11T00:40:25.764447+00:00,200,5816.12,
2026-09-11T00:40:26.161859+00:00,200,5420.65,
2026-09-11T00:40:23.782783+00:00,200,7808.99,
2026-09-11T00:40:12.897403+00:00,200,18696.59,
2026-09-11T00:40:29.009602+00:00,200,2593.62,
2026-09-11T00:40:29.533008+00:00,200,2077.08,
2026-09-11T00:40:27.697451+00:00,200,3917.03,
2026-09-11T00:40:25.812153+00:00,200,5819.11,
2026-09-11T00:40:25.351306+00:00,200,6275.04,
2026-09-11T00:40:27.859977+00:00,200,3787.19,
2026-09-11T00:40:24.828737+00:00,200,6827.98,
2026-09-11T00:40:27.530839+00:00,200,4145.47,
2026-09-11T00:40:30.462605+00:00,200,1224.37,
2026-09-11T00:40:29.446739+00:00,200,2255.95,
2026-09-11T00:40:27.693783+00:00,200,4015.82,
2026-09-11T00:40:22.290964+00:00,200,9409.50,
2026-09-11T00:40:29.546867+00:00,200,2161.30,
2026-09-11T00:40:25.143424+00:00,200,6579.86,
2026-09-11T00:40:23.498663+00:00,200,8240.97,
2026-09-11T00:40:20.594028+00:00,200,11159.60,
2026-09-11T00:40:20.227400+00:00,200,11530.72,
2026-09-11T00:40:14.214558+00:00,200,17553.79,
2026-09-11T00:40:17.606510+00:00,200,14180.50,
2026-09-11T00:40:20.935981+00:00,200,10869.51,
2026-09-11T00:40:24.987520+00:00,200,6822.75,
2026-09-11T00:40:30.455877+00:00,200,1366.08,
2026-09-11T00:40:16.153218+00:00,200,15670.86,
2026-09-11T00:40:27.268442+00:00,200,4552.40,
2026-09-11T00:40:27.584400+00:00,200,4249.26,
2026-09-11T00:40:29.259664+00:00,200,2585.57,
2026-09-11T00:40:30.634554+00:00,200,1220.33,
2026-09-11T00:40:24.748244+00:00,200,7111.61,
2026-09-11T00:40:30.183811+00:00,200,1687.81,
2026-09-11T00:40:31.195604+00:00,200,683.41,
2026-09-11T00:40:31.411177+00:00,200,476.50,
2026-09-11T00:40:26.212026+00:00,200,5672.40,
2026-09-11T00:40:28.412106+00:00,200,3485.81,
2026-09-11T00:40:24.512226+00:00,200,7400.37,
2026-09-11T00:40:30.276787+00:00,200,1639.31,
2026-09-11T00:40:21.445054+00:00,200,10474.61,
2026-09-11T00:40:27.979731+00:00,200,3940.96,
2026-09-11T00:40:27.220867+00:00,200,4705.12,
2026-09-11T00:40:21.402175+00:00,200,10528.56,
2026-09-11T00:40:31.225564+00:00,200,730.59,
2026-09-11T00:40:26.296571+00:00,200,5676.25,
2026-09-11T00:40:16.416300+00:00,200,15566.83,
2026-09-11T00:40:29.443718+00:00,200,2545.63,
2026-09-11T00:40:30.646616+00:00,200,1341.39,
2026-09-11T00:40:24.028360+00:00,200,7971.35,
2026-09-11T00:40:29.277130+00:00,200,2747.17,
2026-09-11T00:40:13.455830+00:00,200,18574.28,
2026-09-11T00:40:20.250572+00:00,200,11771.72,
2026-09-11T00:40:17.302362+00:00,200,14734.83,
2026-09-11T00:40:28.027356+00:00,200,4015.48,
2026-09-11T00:40:27.786517+00:00,200,4271.65,
2026-09-11T00:40:24.654819+00:00,200,7418.58,
2026-09-11T00:40:31.373079+00:00,200,699.91,
2026-09-11T00:40:31.149870+00:00,200,952.45,
2026-09-11T00:40:06.707197+00:00,200,25396.51,
2026-09-11T00:40:29.879110+00:00,200,2226.78,
2026-09-11T00:40:29.009602+00:00,200,3112.60,
2026-09-11T00:40:29.846647+00:00,200,2289.05,
2026-09-11T00:40:27.430724+00:00,200,4712.88,
2026-09-11T00:40:21.402175+00:00,200,10743.56,
2026-09-11T00:40:22.656411+00:00,200,9509.50,
2026-09-11T00:40:20.393090+00:00,200,11773.33,
2026-09-11T00:40:25.056453+00:00,200,7130.92,
2026-09-11T00:40:27.869584+00:00,200,4306.76,
2026-09-11T00:40:28.864725+00:00,200,3325.95,
2026-09-11T00:40:27.060930+00:00,200,5149.79,
2026-09-11T00:40:30.504116+00:00,200,1709.01,
2026-09-11T00:40:26.114539+00:00,200,6100.34,
2026-09-11T00:40:31.595614+00:00,200,625.39,
2026-09-11T00:40:25.939245+00:00,200,6279.53,
2026-09-11T00:40:29.617771+00:00,200,2611.36,
2026-09-11T00:40:18.790706+00:00,200,13437.68,
2026-09-11T00:40:28.791089+00:00,200,3446.86,
2026-09-11T00:40:28.106719+00:00,200,4155.89,
2026-09-11T00:40:30.595034+00:00,200,1693.87,
2026-09-11T00:40:26.914157+00:00,200,5379.57,
2026-09-11T00:40:21.594205+00:00,200,10701.08,
2026-09-11T00:40:28.644694+00:00,200,3671.97,
2026-09-11T00:40:28.758931+00:00,200,3555.81,
2026-09-11T00:40:31.452506+00:00,200,867.05,
2026-09-11T00:40:25.969715+00:00,200,6369.68,
2026-09-11T00:40:31.589464+00:00,200,772.14,
2026-09-11T00:40:25.939245+00:00,200,6420.17,
2026-09-11T00:40:21.420673+00:00,200,10946.86,
2026-09-11T00:40:29.251815+00:00,200,3125.16,
2026-09-11T00:40:25.002626+00:00,200,7364.56,
2026-09-11T00:40:26.384690+00:00,200,6006.16,
2026-09-11T00:40:25.672237+00:00,200,6721.03,
2026-09-11T00:40:21.182667+00:00,200,11224.75,
2026-09-11T00:40:26.567896+00:00,200,5849.93,
2026-09-11T00:40:23.409496+00:00,200,9017.18,
2026-09-11T00:40:32.295007+00:00,200,135.67,
2026-09-11T00:40:30.735193+00:00,200,1700.68,
2026-09-11T00:40:31.230458+00:00,200,1211.00,
2026-09-11T00:40:20.570802+00:00,200,11867.66,
2026-09-11T00:40:25.616433+00:00,200,6836.51,
2026-09-11T00:40:28.018168+00:00,200,4435.37,
2026-09-11T00:40:25.637543+00:00,200,6823.53,
2026-09-11T00:40:24.652429+00:00,200,7832.06,
2026-09-11T00:40:25.398917+00:00,200,7101.93,
2026-09-11T00:40:23.638880+00:00,200,8869.99,
2026-09-11T00:40:30.667045+00:00,200,1843.47,
2026-09-11T00:40:22.751516+00:00,200,9775.68,
2026-09-11T00:40:28.281750+00:00,200,4264.52,
2026-09-11T00:40:26.708014+00:00,200,5849.55,
2026-09-11T00:40:31.413182+00:00,200,1149.73,
2026-09-11T00:40:30.356137+00:00,200,2216.10,
2026-09-11T00:40:24.637496+00:00,200,7951.35,
2026-09-11T00:40:31.914588+00:00,200,690.87,
2026-09-11T00:40:31.753341+00:00,200,857.06,
2026-09-11T00:40:28.368916+00:00,200,4245.93,
2026-09-11T00:40:25.609207+00:00,200,7027.52,
2026-09-11T00:40:25.630777+00:00,200,7016.19,
2026-09-11T00:40:31.914588+00:00,200,737.77,
2026-09-11T00:40:15.786600+00:00,200,16874.00,
2026-09-11T00:40:17.457413+00:00,200,15206.86,
2026-09-11T00:40:24.728895+00:00,200,7938.63,
2026-09-11T00:40:29.846647+00:00,200,2815.84,
2026-09-11T00:40:31.957247+00:00,200,716.98,
2026-09-11T00:40:29.906642+00:00,200,2775.52,
2026-09-11T00:40:26.410275+00:00,200,6301.99,
2026-09-11T00:40:20.376992+00:00,200,12342.30,
2026-09-11T00:40:29.897816+00:00,200,2827.58,
2026-09-11T00:40:27.884783+00:00,200,4843.20,
2026-09-11T00:40:32.295007+00:00,200,439.91,
2026-09-11T00:40:26.538671+00:00,200,6209.18,
2026-09-11T00:40:26.186859+00:00,200,6569.82,
2026-09-11T00:40:21.771749+00:00,200,10997.71,
2026-09-11T00:40:31.913080+00:00,200,875.16,
2026-09-11T00:40:12.299306+00:00,200,20494.74,
2026-09-11T00:40:22.053826+00:00,200,10754.34,
2026-09-11T00:40:22.132398+00:00,200,10685.25,
2026-09-11T00:40:29.596438+00:00,200,3230.96,
2026-09-11T00:40:19.316394+00:00,200,13520.59,
2026-09-11T00:40:17.582214+00:00,200,15286.67,
2026-09-11T00:40:29.213722+00:00,200,3652.55,
2026-09-11T00:40:19.115730+00:00,200,13763.23,
2026-09-11T00:40:28.023815+00:00,200,4863.04,
2026-09-11T00:40:26.740498+00:00,200,6148.19,
2026-09-11T00:40:23.703951+00:00,200,9193.03,
2026-09-11T00:40:32.370047+00:00,200,548.73,
2026-09-11T00:40:31.570507+00:00,200,1350.00,
2026-09-11T00:40:24.266098+00:00,200,8677.15,
2026-09-11T00:40:26.356048+00:00,200,6609.42,
2026-09-11T00:40:26.793889+00:00,200,6187.91,
2026-09-11T00:40:19.871185+00:00,200,13114.87,
2026-09-11T00:40:27.062536+00:00,200,5926.77,
2026-09-11T00:40:23.327856+00:00,200,9662.95,
2026-09-11T00:40:28.645228+00:00,200,4359.08,
2026-09-11T00:40:26.893773+00:00,200,6116.68,
2026-09-11T00:40:21.472815+00:00,200,11545.98,
2026-09-11T00:40:18.593975+00:00,200,14435.61,
2026-09-11T00:40:19.371556+00:00,200,13669.27,
2026-09-11T00:40:31.977054+00:00,200,1070.27,
2026-09-11T00:40:31.421112+00:00,200,1626.22,
2026-09-11T00:40:26.966278+00:00,200,6091.12,
2026-09-11T00:40:30.005647+00:00,200,3056.23,
2026-09-11T00:40:28.300954+00:00,200,4762.04,
2026-09-11T00:40:29.863381+00:00,200,3212.70,
2026-09-11T00:40:24.459608+00:00,200,8616.52,
2026-09-11T00:40:30.610111+00:00,200,2459.73,
2026-09-11T00:40:30.244079+00:00,200,2827.16,
2026-09-11T00:40:27.130763+00:00,200,5954.99,
2026-09-11T00:40:28.018168+00:00,200,5082.22,
2026-09-11T00:40:02.796516+00:00,200,30314.45,
2026-09-11T00:40:25.159930+00:00,200,7968.56,
2026-09-11T00:40:32.206491+00:00,200,920.88,
2026-09-11T00:40:30.321452+00:00,200,2810.86,
2026-09-11T00:40:33.006524+00:00,200,142.74,
2026-09-11T00:40:29.504911+00:00,200,3672.17,
2026-09-11T00:40:28.627145+00:00,200,4556.59,
2026-09-11T00:40:27.315374+00:00,200,5875.86,
2026-09-11T00:40:32.214746+00:00,200,992.40,
2026-09-11T00:40:21.445054+00:00,200,11790.24,
2026-09-11T00:40:28.043215+00:00,200,5197.14,
2026-09-11T00:40:18.226354+00:00,200,15016.33,
2026-09-11T00:40:31.639342+00:00,200,1605.41,
2026-09-11T00:40:16.266762+00:00,200,16976.45,
2026-09-11T00:40:25.288423+00:00,200,7961.32,
2026-09-11T00:40:23.129607+00:00,200,10133.39,
2026-09-11T00:40:23.590951+00:00,200,9691.98,
2026-09-11T00:40:27.154371+00:00,200,6131.19,
2026-09-11T00:40:28.331930+00:00,200,4956.06,
2026-09-11T00:40:22.530259+00:00,200,10757.24,
2026-09-11T00:40:29.417133+00:00,200,3879.16,
2026-09-11T00:40:26.141116+00:00,200,7163.60,
2026-09-11T00:40:30.022284+00:00,200,3280.66,
2026-09-11T00:40:21.198556+00:00,200,12138.10,
2026-09-11T00:40:29.826297+00:00,200,3518.03,
2026-09-11T00:40:30.388761+00:00,200,2958.39,
2026-09-11T00:40:33.237948+00:00,200,130.62,
2026-09-11T00:40:28.018168+00:00,200,5358.58,
2026-09-11T00:40:27.775745+00:00,200,5601.64,
2026-09-11T00:40:12.029593+00:00,200,21363.30,
2026-09-11T00:40:32.787512+00:00,200,619.97,
2026-09-11T00:40:32.791938+00:00,200,614.08,
2026-09-11T00:40:28.516721+00:00,200,4898.30,
2026-09-11T00:40:31.245449+00:00,200,2180.74,
2026-09-11T00:40:24.591359+00:00,200,8844.16,
2026-09-11T00:40:07.642805+00:00,200,25791.68,
2026-09-11T00:40:33.303912+00:00,200,152.49,
2026-09-11T00:40:22.828976+00:00,200,10626.43,
2026-09-11T00:40:28.560426+00:00,200,4898.70,
2026-09-11T00:40:24.484182+00:00,200,8982.09,
2026-09-11T00:40:25.781733+00:00,200,7675.58,
2026-09-11T00:40:30.949151+00:00,200,2526.81,
2026-09-11T00:40:31.821573+00:00,200,1676.65,
2026-09-11T00:40:22.202883+00:00,200,11296.12,
2026-09-11T00:40:22.068968+00:00,200,11427.74,
2026-09-11T00:40:31.721586+00:00,200,1793.32,
2026-09-11T00:40:22.596513+00:00,200,10922.34,
2026-09-11T00:40:30.977316+00:00,200,2546.86,
2026-09-11T00:40:21.658147+00:00,200,11863.89,
2026-09-11T00:40:32.183029+00:00,200,1342.80,
2026-09-11T00:40:31.977054+00:00,200,1565.18,
2026-09-11T00:40:24.036133+00:00,200,9516.30,
2026-09-11T00:40:30.101634+00:00,200,3458.33,
2026-09-11T00:40:31.278056+00:00,200,2293.99,
2026-09-11T00:40:29.123556+00:00,200,4453.46,
2026-09-11T00:40:29.990468+00:00,200,3584.11,
2026-09-11T00:40:33.110551+00:00,200,484.81,
2026-09-11T00:40:33.358168+00:00,200,254.55,
2026-09-11T00:40:31.769636+00:00,200,1855.95,
2026-09-11T00:40:28.737934+00:00,200,4893.32,
2026-09-11T00:40:32.876722+00:00,200,759.52,
2026-09-11T00:40:22.211935+00:00,200,11442.41,
2026-09-11T00:40:30.411623+00:00,200,3254.25,
2026-09-11T00:40:33.548942+00:00,200,126.84,
2026-09-11T00:40:25.288423+00:00,200,8392.06,
2026-09-11T00:40:33.552701+00:00,200,142.02,
2026-09-11T00:40:28.824990+00:00,200,4887.44,
2026-09-11T00:40:31.278056+00:00,200,2443.10,
2026-09-11T00:40:32.284846+00:00,200,1437.63,
2026-09-11T00:40:31.689628+00:00,200,2044.01,
2026-09-11T00:40:21.718020+00:00,200,12030.54,
2026-09-11T00:40:06.547306+00:00,200,27209.08,
2026-09-11T00:40:33.629217+00:00,200,139.32,
2026-09-11T00:40:23.782783+00:00,200,9983.78,
2026-09-11T00:40:30.597549+00:00,200,3169.15,
2026-09-11T00:40:33.624163+00:00,200,159.36,
2026-09-11T00:40:20.028182+00:00,200,13755.73,
2026-09-11T00:40:28.975940+00:00,200,4811.89,
2026-09-11T00:40:26.777286+00:00,200,7030.50,
2026-09-11T00:40:22.973815+00:00,200,10844.73,
2026-09-11T00:40:28.186858+00:00,200,5631.97,
2026-09-11T00:40:30.912106+00:00,200,2921.34,
2026-09-11T00:40:31.405161+00:00,200,2439.56,
2026-09-11T00:40:20.131272+00:00,200,13710.37,
2026-09-11T00:40:27.763778+00:00,200,6085.59,
2026-09-11T00:40:28.106719+00:00,200,5743.65,
2026-09-11T00:40:26.305845+00:00,200,7548.65,
2026-09-11T00:40:28.407364+00:00,200,5457.29,
2026-09-11T00:40:23.151522+00:00,200,10731.91,
2026-09-11T00:40:25.430882+00:00,200,8453.93,
2026-09-11T00:40:33.379288+00:00,200,519.20,
2026-09-11T00:40:32.661343+00:00,200,1255.77,
2026-09-11T00:40:24.363876+00:00,200,9562.04,
2026-09-11T00:40:33.210504+00:00,200,745.11,
2026-09-11T00:40:30.705681+00:00,200,3258.45,
2026-09-11T00:40:30.642196+00:00,200,3323.45,
2026-09-11T00:40:32.225006+00:00,200,1737.70,
2026-09-11T00:40:21.910991+00:00,200,12053.33,
2026-09-11T00:40:29.245180+00:00,200,4733.12,
2026-09-11T00:40:21.771749+00:00,200,12214.95,
2026-09-11T00:40:28.171192+00:00,200,5820.71,
2026-09-11T00:40:30.912106+00:00,200,3079.43,
2026-09-11T00:40:18.039185+00:00,200,15983.02,
2026-09-11T00:40:26.487309+00:00,200,7540.85,
2026-09-11T00:40:17.305061+00:00,200,16722.73,
2026-09-11T00:40:23.852441+00:00,200,10196.75,
2026-09-11T00:40:28.518489+00:00,200,5533.31,
2026-09-11T00:40:30.912106+00:00,200,3169.54,
2026-09-11T00:40:19.647174+00:00,200,14445.16,
2026-09-11T00:40:28.376544+00:00,200,5713.10,
2026-09-11T00:40:32.183029+00:00,200,1908.17,
2026-09-11T00:40:28.400454+00:00,200,5713.90,
2026-09-11T00:40:21.674886+00:00,200,12443.33,
2026-09-11T00:40:32.426179+00:00,200,1702.06,
2026-09-11T00:40:25.056453+00:00,200,9092.60,
2026-09-11T00:40:33.650903+00:00,200,506.12,
2026-09-11T00:40:32.676182+00:00,200,1492.51,
2026-09-11T00:40:33.121848+00:00,200,1060.68,
2026-09-11T00:40:33.045092+00:00,200,1156.80,
2026-09-11T00:40:31.977054+00:00,200,2230.27,
2026-09-11T00:40:27.605632+00:00,200,6608.75,
2026-09-11T00:40:30.483633+00:00,200,3729.75,
2026-09-11T00:40:31.134783+00:00,200,3088.15,
2026-09-11T00:40:27.038039+00:00,200,7190.68,
2026-09-11T00:40:26.487309+00:00,200,7744.80,
2026-09-11T00:40:32.627780+00:00,200,1606.45,
2026-09-11T00:40:31.855749+00:00,200,2387.36,
2026-09-11T00:40:33.237948+00:00,200,1002.39,
2026-09-11T00:40:32.573809+00:00,200,1685.12,
2026-09-11T00:40:23.968006+00:00,200,10295.34,
2026-09-11T00:40:29.879110+00:00,200,4377.97,
2026-09-11T00:40:24.495339+00:00,200,9775.90,
2026-09-11T00:40:14.157390+00:00,200,20118.34,
2026-09-11T00:40:25.418013+00:00,200,8879.92,
2026-09-11T00:40:26.240675+00:00,200,8061.49,
2026-09-11T00:40:34.152365+00:00,200,153.49,
2026-09-11T00:40:29.213722+00:00,200,5102.07,
2026-09-11T00:40:34.182709+00:00,200,167.51,
2026-09-11T00:40:27.869584+00:00,200,6480.46,
2026-09-11T00:40:23.686896+00:00,200,10672.46,
2026-09-11T00:40:27.125257+00:00,200,7249.33,
2026-09-11T00:40:33.723618+00:00,200,654.69,
2026-09-11T00:40:32.406968+00:00,200,1972.74,
2026-09-11T00:40:26.590943+00:00,200,7794.01,
2026-09-11T00:40:26.750182+00:00,200,7646.34,
2026-09-11T00:40:32.082797+00:00,200,2317.94,
2026-09-11T00:40:26.080773+00:00,200,8323.47,
2026-09-11T00:40:33.437512+00:00,200,966.32,
2026-09-11T00:40:21.758629+00:00,200,12672.19,
2026-09-11T00:40:25.630777+00:00,200,8804.84,
2026-09-11T00:40:31.668574+00:00,200,2803.46,
2026-09-11T00:40:29.879110+00:00,200,4603.87,
2026-09-11T00:40:32.969038+00:00,200,1542.32,
2026-09-11T00:40:26.857316+00:00,200,7660.74,
2026-09-11T00:40:33.660012+00:00,200,871.26,
2026-09-11T00:40:31.265080+00:00,200,3275.65,
2026-09-11T00:40:28.556146+00:00,200,5995.08,
2026-09-11T00:40:34.160126+00:00,200,397.29,
2026-09-11T00:40:33.840871+00:00,200,724.14,
2026-09-11T00:40:34.394638+00:00,200,211.86,
2026-09-11T00:40:26.620730+00:00,200,8017.70,
2026-09-11T00:40:30.216263+00:00,200,4432.38,
2026-09-11T00:40:29.578174+00:00,200,5092.48,
2026-09-11T00:40:26.777286+00:00,200,7898.46,
2026-09-11T00:40:32.056539+00:00,200,2619.78,
2026-09-11T00:40:34.270347+00:00,200,423.12,
2026-09-11T00:40:33.037493+00:00,200,1661.66,
2026-09-11T00:40:33.453502+00:00,200,1236.48,
2026-09-11T00:40:28.046473+00:00,200,6658.80,
2026-09-11T00:40:30.404164+00:00,200,4301.41,
2026-09-11T00:40:25.590440+00:00,200,9116.63,
2026-09-11T00:40:27.954331+00:00,200,6754.27,
2026-09-11T00:40:21.469783+00:00,200,13252.65,
2026-09-11T00:40:29.763516+00:00,200,4968.45,
2026-09-11T00:40:26.708014+00:00,200,8025.90,
2026-09-11T00:40:30.377599+00:00,200,4352.85,
2026-09-11T00:40:31.122689+00:00,200,3637.27,
2026-09-11T00:40:33.437512+00:00,200,1328.76,
2026-09-11T00:40:24.328493+00:00,200,10440.30,
2026-09-11T00:40:28.566200+00:00,200,6197.42,
2026-09-11T00:40:33.121848+00:00,200,1645.65,
2026-09-11T00:40:32.739607+00:00,200,2032.81,
2026-09-11T00:40:33.507756+00:00,200,1266.47,
2026-09-11T00:40:23.915771+00:00,200,10860.73,
2026-09-11T00:40:30.959682+00:00,200,3820.86,
2026-09-11T00:40:27.015901+00:00,200,7765.69,
2026-09-11T00:40:26.352042+00:00,200,8432.65,
2026-09-11T00:40:31.167896+00:00,200,3611.19,
2026-09-11T00:40:33.469482+00:00,200,1319.53,
2026-09-11T00:40:34.301596+00:00,200,487.16,
2026-09-11T00:40:22.528488+00:00,200,12264.19,
2026-09-11T00:40:26.893773+00:00,200,7899.31,
2026-09-11T00:40:23.319453+00:00,200,11476.77,
2026-09-11T00:40:29.341416+00:00,200,5448.22,
2026-09-11T00:40:21.498005+00:00,200,13293.65,
2026-09-11T00:40:31.101849+00:00,200,3686.12,
2026-09-11T00:40:32.819462+00:00,200,1985.51,
2026-09-11T00:40:33.406711+00:00,200,1406.90,
2026-09-11T00:40:29.484567+00:00,200,5332.07,
2026-09-11T00:40:31.522361+00:00,200,3301.28,
2026-09-11T00:40:28.313253+00:00,200,6512.07,
2026-09-11T00:40:33.922766+00:00,200,908.91,
2026-09-11T00:40:33.840871+00:00,200,990.13,
2026-09-11T00:40:32.373714+00:00,200,2460.90,
2026-09-11T00:40:32.916975+00:00,200,1934.60,
2026-09-11T00:40:26.857316+00:00,200,7991.67,
2026-09-11T00:40:32.284846+00:00,200,2576.34,
2026-09-11T00:40:28.722031+00:00,200,6149.33,
2026-09-11T00:40:31.341638+00:00,200,3545.36,
2026-09-11T00:40:31.007827+00:00,200,3896.21,
2026-09-11T00:40:20.738586+00:00,200,14172.10,
2026-09-11T00:40:33.898007+00:00,200,1030.53,
2026-09-11T00:40:31.182178+00:00,200,3754.50,
2026-09-11T00:40:19.224587+00:00,200,15710.52,
2026-09-11T00:40:30.816868+00:00,200,4145.54,
2026-09-11T00:40:32.206491+00:00,200,2768.83,
2026-09-11T00:40:33.855993+00:00,200,1145.43,
2026-09-11T00:40:29.499859+00:00,200,5513.94,
2026-09-11T00:40:27.615168+00:00,200,7445.21,
2026-09-11T00:40:29.675349+00:00,200,5408.76,
2026-09-11T00:40:34.119474+00:00,200,960.21,
2026-09-11T00:40:28.825499+00:00,200,6276.94,
2026-09-11T00:40:32.436516+00:00,200,2670.58,
2026-09-11T00:40:22.939639+00:00,200,12174.72,
2026-09-11T00:40:21.884221+00:00,200,13234.35,
2026-09-11T00:40:32.190713+00:00,200,2971.36,
2026-09-11T00:40:23.686896+00:00,200,11472.96,
2026-09-11T00:40:34.678412+00:00,200,497.89,
2026-09-11T00:40:35.009444+00:00,200,186.48,
2026-09-11T00:40:22.053826+00:00,200,13156.02,
2026-09-11T00:40:26.147363+00:00,200,9092.30,
2026-09-11T00:40:32.974272+00:00,200,2300.84,
2026-09-11T00:40:34.702199+00:00,200,577.68,
2026-09-11T00:40:31.801550+00:00,200,3479.93,
2026-09-11T00:40:28.422247+00:00,200,6881.94,
2026-09-11T00:40:31.480352+00:00,200,3825.96,
2026-09-11T00:40:34.905971+00:00,200,409.12,
2026-09-11T00:40:29.990468+00:00,200,5330.59,
2026-09-11T00:40:32.214746+00:00,200,3117.38,
2026-09-11T00:40:34.760950+00:00,200,581.50,
2026-09-11T00:40:31.402104+00:00,200,3953.41,
2026-09-11T00:40:31.642863+00:00,200,3714.87,
2026-09-11T00:40:28.266276+00:00,200,7101.46,
2026-09-11T00:40:24.629000+00:00,200,10744.83,
2026-09-11T00:40:31.945073+00:00,200,3448.20,
2026-09-11T00:40:33.918109+00:00,200,1477.77,
2026-09-11T00:40:17.700718+00:00,200,17698.09,
2026-09-11T00:40:33.337515+00:00,200,2079.22,
2026-09-11T00:40:27.522786+00:00,200,7908.74,
2026-09-11T00:40:17.920818+00:00,200,17513.65,
2026-09-11T00:40:32.883286+00:00,200,2557.36,
2026-09-11T00:40:30.244079+00:00,200,5199.75,
2026-09-11T00:40:29.879110+00:00,200,5601.95,
2026-09-11T00:40:31.616085+00:00,200,3868.01,
2026-09-11T00:40:32.866968+00:00,200,2623.49,
2026-09-11T00:40:29.645486+00:00,200,5856.98,
2026-09-11T00:40:30.223276+00:00,200,5289.92,
2026-09-11T00:40:34.425290+00:00,200,1121.95,
2026-09-11T00:40:34.359878+00:00,200,1197.73,
2026-09-11T00:40:22.996503+00:00,200,12571.33,
2026-09-11T00:40:31.705580+00:00,200,3863.14,
2026-09-11T00:40:34.784815+00:00,200,794.71,
2026-09-11T00:40:33.284470+00:00,200,2342.51,
2026-09-11T00:40:33.237948+00:00,200,2398.41,
2026-09-11T00:40:30.260166+00:00,200,5387.67,
2026-09-11T00:40:34.615326+00:00,200,1044.38,
2026-09-11T00:40:24.542872+00:00,200,11130.50,
2026-09-11T00:40:27.009782+00:00,200,8697.61,
2026-09-11T00:40:30.912106+00:00,200,4790.81,
2026-09-11T00:40:32.670512+00:00,200,3062.02,
2026-09-11T00:40:27.062536+00:00,200,8689.52,
2026-09-11T00:40:25.097378+00:00,200,10680.64,
2026-09-11T00:40:30.262187+00:00,200,5525.15,
2026-09-11T00:40:00.871171+00:00,200,34928.04,
2026-09-11T00:40:31.827111+00:00,200,3985.60,
2026-09-11T00:40:11.330499+00:00,200,24481.71,
2026-09-11T00:40:33.570497+00:00,200,2271.12,
2026-09-11T00:40:33.073585+00:00,200,2794.73,
2026-09-11T00:40:10.650644+00:00,200,25212.51,
2026-09-11T00:40:34.795502+00:00,200,1077.98,
2026-09-11T00:40:33.639536+00:00,200,2243.07,
2026-09-11T00:40:34.848648+00:00,200,1063.42,
2026-09-11T00:40:34.359878+00:00,200,1592.28,
2026-09-11T00:40:32.978572+00:00,200,2998.40,
2026-09-11T00:40:31.508386+00:00,200,4502.61,
2026-09-11T00:40:32.819462+00:00,200,3209.72,
2026-09-11T00:40:31.040000+00:00,200,4996.13,
2026-09-11T00:40:32.548302+00:00,200,3506.58,
2026-09-11T00:40:27.763778+00:00,200,8314.05,
2026-09-11T00:40:32.363144+00:00,200,3751.41,
2026-09-11T00:40:32.436516+00:00,200,3688.32,
2026-09-11T00:40:33.520136+00:00,200,2614.50,
2026-09-11T00:40:32.837270+00:00,200,3310.27,
2026-09-11T00:40:19.371556+00:00,200,16783.30,
2026-09-11T00:40:29.325348+00:00,200,6840.78,
2026-09-11T00:40:34.274876+00:00,200,1899.31,
2026-09-11T00:40:33.501110+00:00,200,2691.50,
2026-09-11T00:40:20.770930+00:00,200,15421.45,
2026-09-11T00:40:29.198325+00:00,200,7022.29,
2026-09-11T00:40:34.679872+00:00,200,1580.10,
2026-09-11T00:40:28.298469+00:00,200,7977.14,
2026-09-11T00:40:21.418167+00:00,200,14878.86,
2026-09-11T00:40:27.569821+00:00,200,8734.36,
2026-09-11T00:40:29.443718+00:00,200,6882.64,
2026-09-11T00:40:33.073585+00:00,200,3254.40,
2026-09-11T00:40:27.268442+00:00,200,9057.06,
2026-09-11T00:40:24.796064+00:00,200,11543.52,
2026-09-11T00:40:34.809549+00:00,200,1531.94,
2026-09-11T00:40:21.689552+00:00,200,14651.11,
2026-09-11T00:40:25.639551+00:00,200,10715.90,
2026-09-11T00:40:35.070385+00:00,200,1294.93,
2026-09-11T00:40:32.978572+00:00,200,3379.67,
2026-09-11T00:40:25.700685+00:00,200,10687.62,
2026-09-11T00:40:21.715002+00:00,200,14705.63,
2026-09-11T00:40:28.664619+00:00,200,7760.39,
2026-09-11T00:40:32.484668+00:00,200,4023.69,
2026-09-11T00:40:33.501110+00:00,200,3010.09,
2026-09-11T00:40:35.117904+00:00,200,1428.38,
2026-09-11T00:40:34.831632+00:00,200,1755.76,
2026-09-11T00:40:31.579091+00:00,200,5017.69,
2026-09-11T00:40:30.085591+00:00,200,6515.96,
2026-09-11T00:40:29.722216+00:00,200,6893.56,
2026-09-11T00:40:30.855113+00:00,200,5759.10,
2026-09-11T00:40:27.647008+00:00,200,8975.12,
2026-09-11T00:40:31.886234+00:00,200,4744.09,
2026-09-11T00:40:34.760950+00:00,200,1873.75,
2026-09-11T00:40:28.606677+00:00,200,8054.93,
2026-09-11T00:40:33.676370+00:00,200,2985.85,
2026-09-11T00:40:27.731275+00:00,200,8936.22,
2026-09-11T00:40:19.664647+00:00,200,17066.59,
2026-09-11T00:40:23.936912+00:00,200,12862.82,
2026-09-11T00:40:35.004158+00:00,200,1814.20,
2026-09-11T00:40:21.118550+00:00,200,15714.65,
2026-09-11T00:40:33.532989+00:00,200,3328.66,
2026-09-11T00:40:34.088417+00:00,200,2794.43,
2026-09-11T00:40:35.562904+00:00,200,1324.65,
2026-09-11T00:40:30.678724+00:00,200,6212.58,
2026-09-11T00:40:34.673404+00:00,200,2229.04,
2026-09-11T00:40:34.556100+00:00,200,2359.52,
2026-09-11T00:40:34.838881+00:00,200,2092.68,
2026-09-11T00:40:29.533008+00:00,200,7393.03,
2026-09-11T00:40:33.965115+00:00,200,2985.74,
2026-09-11T00:40:34.258524+00:00,200,2701.00,
2026-09-11T00:40:35.428164+00:00,200,1539.79,
2026-09-11T00:40:33.073585+00:00,200,3898.48,
2026-09-11T00:40:32.992311+00:00,200,3997.76,
2026-09-11T00:40:33.437512+00:00,200,3556.08,
2026-09-11T00:40:33.820970+00:00,200,3187.28,
2026-09-11T00:40:20.811504+00:00,200,16223.39,
2026-09-11T00:40:25.272337+00:00,200,11788.48,
2026-09-11T00:40:33.057139+00:00,200,4011.93,
2026-09-11T00:40:30.769181+00:00,200,6333.72,
2026-09-11T00:40:33.295242+00:00,200,3825.22,
2026-09-11T00:40:35.553007+00:00,200,1574.67,
2026-09-11T00:40:30.262187+00:00,200,6876.70,
2026-09-11T00:40:34.704291+00:00,200,2446.19,
2026-09-11T00:40:33.739331+00:00,200,3427.21,
2026-09-11T00:40:31.875170+00:00,200,5316.56,
2026-09-11T00:40:33.957600+00:00,200,3238.26,
2026-09-11T00:40:36.732875+00:00,200,470.36,
2026-09-11T00:40:25.342729+00:00,200,11862.97,
2026-09-11T00:40:35.484183+00:00,200,1742.21,
2026-09-11T00:40:32.604535+00:00,200,4641.82,
2026-09-11T00:40:24.369430+00:00,200,12899.35,
2026-09-11T00:40:25.979424+00:00,200,11318.21,
2026-09-11T00:40:33.578713+00:00,200,3738.44,
2026-09-11T00:40:35.515187+00:00,200,1807.41,
2026-09-11T00:40:31.995651+00:00,200,5331.73,
2026-09-11T00:40:34.507360+00:00,200,2830.37,
2026-09-11T00:40:33.882695+00:00,200,3512.35,
2026-09-11T00:40:35.360232+00:00,200,2044.12,
2026-09-11T00:40:21.832536+00:00,200,15585.99,
2026-09-11T00:40:25.087037+00:00,200,12335.07,
2026-09-11T00:40:31.897072+00:00,200,5528.07,
2026-09-11T00:40:33.177778+00:00,200,4261.07,
2026-09-11T00:40:32.310508+00:00,200,5144.38,
2026-09-11T00:40:31.570507+00:00,200,5901.07,
2026-09-11T00:40:28.090730+00:00,200,9411.68,
2026-09-11T00:40:33.303912+00:00,200,4236.67,
2026-09-11T00:40:36.351648+00:00,200,1212.35,
2026-09-11T00:40:37.037967+00:00,200,538.66,
2026-09-11T00:40:13.550002+00:00,200,24033.47,
2026-09-11T00:40:36.358836+00:00,200,1228.44,
2026-09-11T00:40:34.921717+00:00,200,2661.85,
2026-09-11T00:40:31.753341+00:00,200,5857.33,
2026-09-11T00:40:29.566688+00:00,200,8052.29,
2026-09-11T00:40:27.038039+00:00,200,10603.34,
2026-09-11T00:40:35.387995+00:00,200,2253.35,
2026-09-11T00:40:36.803053+00:00,200,862.17,
2026-09-11T00:40:33.781785+00:00,200,3900.78,
2026-09-11T00:40:31.013564+00:00,200,6676.93,
2026-09-11T00:40:27.697451+00:00,200,10003.42,
2026-09-11T00:40:32.503159+00:00,200,5221.70,
2026-09-11T00:40:26.716812+00:00,200,11012.63,
2026-09-11T00:40:24.115648+00:00,200,13637.07,
2026-09-11T00:40:35.916622+00:00,200,1852.85,
2026-09-11T00:40:37.122639+00:00,200,666.05,
2026-09-11T00:40:35.642415+00:00,200,2155.30,
2026-09-11T00:40:36.260133+00:00,200,1571.61,
2026-09-11T00:40:35.596787+00:00,200,2236.46,
2026-09-11T00:40:34.199131+00:00,200,3646.82,
2026-09-11T00:40:32.140123+00:00,200,5717.35,
2026-09-11T00:40:35.500501+00:00,200,2368.10,
2026-09-11T00:40:37.046557+00:00,200,832.13,
2026-09-11T00:40:27.996323+00:00,200,9945.25,
2026-09-11T00:40:32.119626+00:00,200,5829.81,
2026-09-11T00:40:24.447921+00:00,200,13529.04,
2026-09-11T00:40:36.084553+00:00,200,1903.38,
2026-09-11T00:40:33.965115+00:00,200,4032.08,
2026-09-11T00:40:25.796477+00:00,200,12231.50,
2026-09-11T00:40:34.938864+00:00,200,3106.29,
2026-09-11T00:40:37.788449+00:00,200,263.36,
2026-09-11T00:40:21.262264+00:00,200,16801.53,
2026-09-11T00:40:30.302114+00:00,200,7769.45,
2026-09-11T00:40:31.929070+00:00,200,6164.06,
2026-09-11T00:40:32.944060+00:00,200,5153.86,
2026-09-11T00:40:27.600917+00:00,200,10502.14,
2026-09-11T00:40:31.473778+00:00,200,6648.79,
2026-09-11T00:40:36.055502+00:00,200,2093.12,
2026-09-11T00:40:23.638880+00:00,200,14516.28,
2026-09-11T00:40:27.504670+00:00,200,10663.67,
2026-09-11T00:40:32.883286+00:00,200,5299.94,
2026-09-11T00:40:27.181598+00:00,200,11017.06,
2026-09-11T00:40:23.208952+00:00,200,14991.94,
2026-09-11T00:40:37.690435+00:00,200,518.32,
2026-09-11T00:40:26.114539+00:00,200,12091.29,
2026-09-11T00:40:30.785142+00:00,200,7441.40,
2026-09-11T00:40:37.764531+00:00,200,467.86,
2026-09-11T00:40:37.414397+00:00,200,831.24,
2026-09-11T00:40:24.028360+00:00,200,14220.47,
2026-09-11T00:40:34.152365+00:00,200,4104.50,
2026-09-11T00:40:35.813501+00:00,200,2481.01,
2026-09-11T00:40:22.939639+00:00,200,15363.19,
2026-09-11T00:40:24.052799+00:00,200,14259.50,
2026-09-11T00:40:32.326494+00:00,200,6007.68,
2026-09-11T00:40:36.175493+00:00,200,2175.21,
2026-09-11T00:40:33.358168+00:00,200,4994.79,
2026-09-11T00:40:27.539361+00:00,200,10846.75,
2026-09-11T00:40:29.086214+00:00,200,9312.22,
2026-09-11T00:40:34.105320+00:00,200,4292.95,
2026-09-11T00:40:35.374562+00:00,200,3056.53,
2026-09-11T00:40:33.204745+00:00,200,5229.04,
2026-09-11T00:40:27.062536+00:00,200,11371.58,
2026-09-11T00:40:22.068968+00:00,200,16370.23,
2026-09-11T00:40:34.713274+00:00,200,3734.10,
2026-09-11T00:40:31.611057+00:00,200,6879.38,
2026-09-11T00:40:31.792831+00:00,200,6701.37,
2026-09-11T00:40:32.579538+00:00,200,5920.62,
2026-09-11T00:40:21.376858+00:00,200,17180.92,
2026-09-11T00:40:26.322667+00:00,200,12261.44,
2026-09-11T00:40:24.464231+00:00,200,14131.42,
2026-09-11T00:40:37.839821+00:00,200,768.39,
2026-09-11T00:40:35.435864+00:00,200,3183.22,
2026-09-11T00:40:37.207322+00:00,200,1425.47,
2026-09-11T00:40:38.405948+00:00,200,240.73,
2026-09-11T00:40:34.778940+00:00,200,3885.34,
2026-09-11T00:40:30.959682+00:00,200,7705.86,
2026-09-11T00:40:32.230580+00:00,200,6447.95,
2026-09-11T00:40:37.441316+00:00,200,1273.55,
2026-09-11T00:40:36.125764+00:00,200,2608.40,
2026-09-11T00:40:26.893773+00:00,200,11851.22,
2026-09-11T00:40:22.939639+00:00,200,15810.46,
2026-09-11T00:40:34.093434+00:00,200,4671.84,
2026-09-11T00:40:23.041312+00:00,200,15752.41,
2026-09-11T00:40:37.425177+00:00,200,1392.67,
2026-09-11T00:40:36.416374+00:00,200,2407.16,
2026-09-11T00:40:11.030456+00:00,200,27803.20,
2026-09-11T00:40:31.689628+00:00,200,7153.74,
2026-09-11T00:40:11.827478+00:00,200,27019.26,
2026-09-11T00:40:31.674929+00:00,200,7179.81,
2026-09-11T00:40:37.685559+00:00,200,1186.47,
2026-09-11T00:40:36.933026+00:00,200,1942.88,
2026-09-11T00:40:13.468925+00:00,200,25406.45,
2026-09-11T00:40:37.769503+00:00,200,1132.93,
2026-09-11T00:40:25.716488+00:00,200,13201.98,
2026-09-11T00:40:28.502696+00:00,200,10419.70,
2026-09-11T00:40:36.884384+00:00,200,2047.70,
2026-09-11T00:40:26.745288+00:00,200,12195.00,
2026-09-11T00:40:34.864346+00:00,200,4077.28,
2026-09-11T00:40:23.862066+00:00,200,15073.86,
2026-09-11T00:40:34.375762+00:00,200,4585.06,
2026-09-11T00:40:36.191878+00:00,200,2783.55,
2026-09-11T00:40:37.878734+00:00,200,1126.93,
2026-09-11T00:40:37.072676+00:00,200,1938.19,
2026-09-11T00:40:34.088417+00:00,200,4945.74,
2026-09-11T00:40:34.784815+00:00,200,4256.04,
2026-09-11T00:40:32.171410+00:00,200,6883.40,
2026-09-11T00:40:35.951432+00:00,200,3119.28,
2026-09-11T00:40:31.705580+00:00,200,7361.79,
2026-09-11T00:40:31.030892+00:00,200,8050.41,
2026-09-11T00:40:32.926525+00:00,200,6159.11,
2026-09-11T00:40:20.649951+00:00,200,18445.19,
2026-09-11T00:40:33.045092+00:00,200,6043.61,
2026-09-11T00:40:30.734571+00:00,200,8366.13,
2026-09-11T00:40:25.028942+00:00,200,14078.07,
2026-09-11T00:40:36.042285+00:00,200,3068.57,
2026-09-11T00:40:38.943889+00:00,200,197.03,
2026-09-11T00:40:20.139071+00:00,200,18998.60,
2026-09-11T00:40:32.516127+00:00,200,6660.41,
2026-09-11T00:40:29.515141+00:00,200,9701.98,
2026-09-11T00:40:34.728996+00:00,200,4498.22,
2026-09-11T00:40:35.308553+00:00,200,3916.74,
2026-09-11T00:40:38.667028+00:00,200,576.85,
2026-09-11T00:40:30.515133+00:00,200,8765.44,
2026-09-11T00:40:35.878158+00:00,200,3436.69,
2026-09-11T00:40:30.771352+00:00,200,8540.30,
2026-09-11T00:40:32.230580+00:00,200,7106.05,
2026-09-11T00:40:18.582869+00:00,200,20762.95,
2026-09-11T00:40:30.117673+00:00,200,9226.99,
2026-09-11T00:40:30.022284+00:00,200,9388.66,
2026-09-11T00:40:36.642821+00:00,200,2779.70,
2026-09-11T00:40:35.358224+00:00,200,4073.84,
2026-09-11T00:40:30.999087+00:00,200,8431.58,
2026-09-11T00:40:28.464958+00:00,200,10967.08,
2026-09-11T00:40:25.152932+00:00,200,14290.33,
2026-09-11T00:40:25.947311+00:00,200,13502.24,
2026-09-11T00:40:27.181598+00:00,200,12345.82,
2026-09-11T00:40:28.128870+00:00,200,11421.36,
2026-09-11T00:40:32.711137+00:00,200,6849.62,
2026-09-11T00:40:38.431143+00:00,200,1138.13,
2026-09-11T00:40:35.371874+00:00,200,4222.38,
2026-09-11T00:40:37.396930+00:00,200,2205.39,
2026-09-11T00:40:31.421112+00:00,200,8170.94,
2026-09-11T00:40:36.424855+00:00,200,3190.13,
2026-09-11T00:40:14.088775+00:00,200,25521.29,
2026-09-11T00:40:31.563065+00:00,200,8054.23,
2026-09-11T00:40:35.846644+00:00,200,3781.78,
2026-09-11T00:40:34.888789+00:00,200,4743.08,
2026-09-11T00:40:30.388761+00:00,200,9235.64,
2026-09-11T00:40:33.121848+00:00,200,6506.84,
2026-09-11T00:40:34.792978+00:00,200,4850.93,
2026-09-11T00:40:39.418483+00:00,200,234.20,
2026-09-11T00:40:30.504116+00:00,200,9154.36,
2026-09-11T00:40:32.078896+00:00,200,7646.00,
2026-09-11T00:40:29.504911+00:00,200,10230.70,
2026-09-11T00:40:28.439255+00:00,200,11329.50,
2026-09-11T00:40:37.203063+00:00,200,2586.63,
2026-09-11T00:40:32.105503+00:00,200,7690.75,
2026-09-11T00:40:33.392996+00:00,200,6410.99,
2026-09-11T00:40:19.962310+00:00,200,19848.38,
2026-09-11T00:40:19.769274+00:00,200,20051.29,
2026-09-11T00:40:10.206089+00:00,200,29610.24,
2026-09-11T00:40:37.950704+00:00,200,1900.75,
2026-09-11T00:40:38.442849+00:00,200,1410.24,
2026-09-11T00:40:36.590319+00:00,200,3268.88,
2026-09-11T00:40:30.695912+00:00,200,9162.61,
2026-09-11T00:40:28.958671+00:00,200,10916.38,
2026-09-11T00:40:35.412029+00:00,200,4468.67,
2026-09-11T00:40:37.103478+00:00,200,2780.94,
2026-09-11T00:40:38.075932+00:00,200,1821.06,
2026-09-11T00:40:33.696107+00:00,200,6211.26,
2026-09-11T00:40:24.218866+00:00,200,15732.34,
2026-09-11T00:40:25.351306+00:00,200,14608.27,
2026-09-11T00:40:34.941884+00:00,200,5036.62,
2026-09-11T00:40:37.327000+00:00,200,2670.33,
2026-09-11T00:40:39.814628+00:00,200,201.58,
2026-09-11T00:40:37.433757+00:00,200,2584.57,
2026-09-11T00:40:28.943704+00:00,200,11090.31,
2026-09-11T00:40:33.248002+00:00,200,6801.50,
2026-09-11T00:40:20.525580+00:00,200,19542.21,
2026-09-11T00:40:20.738586+00:00,200,19329.10,
2026-09-11T00:40:31.204782+00:00,200,8876.19,
2026-09-11T00:40:22.388831+00:00,200,17723.55,
2026-09-11T00:40:38.335956+00:00,200,1794.45,
2026-09-11T00:40:36.167109+00:00,200,3966.57,
2026-09-11T00:40:37.338327+00:00,200,2805.51,
2026-09-11T00:40:35.722403+00:00,200,4439.89,
2026-09-11T00:40:39.071513+00:00,200,1113.84,
2026-09-11T00:40:38.052614+00:00,200,2136.26,
2026-09-11T00:40:35.348376+00:00,200,4836.76,
2026-09-11T00:40:18.325351+00:00,200,21867.85,
2026-09-11T00:40:35.413511+00:00,200,4791.26,
2026-09-11T00:40:36.637069+00:00,200,3594.30,
2026-09-11T00:40:38.322323+00:00,200,1911.64,
2026-09-11T00:40:30.977316+00:00,200,9256.65,
2026-09-11T00:40:36.349648+00:00,200,3893.30,
2026-09-11T00:40:38.610668+00:00,200,1644.31,
2026-09-11T00:40:23.862066+00:00,200,16387.07,
2026-09-11T00:40:22.440466+00:00,200,17826.47,
2026-09-11T00:40:36.603178+00:00,200,3666.31,
2026-09-11T00:40:30.145614+00:00,200,10129.05,
2026-09-11T00:40:39.005781+00:00,200,1274.04,
2026-09-11T00:40:32.420363+00:00,200,7868.57,
2026-09-11T00:40:29.660539+00:00,200,10626.10,
2026-09-11T00:40:33.965115+00:00,200,6341.50,
2026-09-11T00:40:35.117904+00:00,200,5192.67,
2026-09-11T00:40:35.112319+00:00,200,5202.35,
2026-09-11T00:40:18.754133+00:00,200,21560.62,
2026-09-11T00:40:36.837843+00:00,200,3482.56,
2026-09-11T00:40:39.850844+00:00,200,498.74,
2026-09-11T00:40:39.110051+00:00,200,1250.60,
2026-09-11T00:40:38.347588+00:00,200,2021.22,
2026-09-11T00:40:24.907604+00:00,200,15472.13,
2026-09-11T00:40:32.469908+00:00,200,7920.38,
2026-09-11T00:40:34.776932+00:00,200,5618.28,
2026-09-11T00:40:40.233799+00:00,200,175.38,
2026-09-11T00:40:36.517023+00:00,200,3894.63,
2026-09-11T00:40:35.562904+00:00,200,4849.76,
2026-09-11T00:40:38.963304+00:00,200,1469.91,
2026-09-11T00:40:40.089555+00:00,200,345.19,
2026-09-11T00:40:31.007827+00:00,200,9430.19,
2026-09-11T00:40:34.736789+00:00,200,5707.63,
2026-09-11T00:40:23.467824+00:00,200,16975.34,
2026-09-11T00:40:32.670512+00:00,200,7791.56,
2026-09-11T00:40:33.520136+00:00,200,6940.36,
2026-09-11T00:40:35.292424+00:00,200,5162.80,
2026-09-11T00:40:15.877731+00:00,200,24586.82,
2026-09-11T00:40:28.046473+00:00,200,12430.49,
2026-09-11T00:40:34.262858+00:00,200,6229.91,
2026-09-11T00:40:26.296571+00:00,200,14236.13,
2026-09-11T00:40:34.375762+00:00,200,6165.82,
2026-09-11T00:40:34.873961+00:00,200,5679.17,
2026-09-11T00:40:34.980262+00:00,200,5594.06,
2026-09-11T00:40:31.595614+00:00,200,8980.14,
2026-09-11T00:40:38.932097+00:00,200,1679.02,
2026-09-11T00:40:29.941984+00:00,200,10685.12,
2026-09-11T00:40:33.803561+00:00,200,6826.98,
2026-09-11T00:40:37.474215+00:00,200,3164.00,
2026-09-11T00:40:40.467545+00:00,200,172.76,
2026-09-11T00:40:34.905971+00:00,200,5737.91,
2026-09-11T00:40:37.988241+00:00,200,2664.35,
2026-09-11T00:40:37.730175+00:00,200,2932.46,
2026-09-11T00:40:30.156188+00:00,200,10505.05,
2026-09-11T00:40:29.833261+00:00,200,10864.11,
2026-09-11T00:40:39.455937+00:00,200,1257.02,
2026-09-11T00:40:39.337174+00:00,200,1387.17,
2026-09-11T00:40:34.237984+00:00,200,6491.95,
2026-09-11T00:40:38.260960+00:00,200,2487.81,
2026-09-11T00:40:22.343370+00:00,200,18400.00,
2026-09-11T00:40:38.364212+00:00,200,2391.87,
2026-09-11T00:40:35.198040+00:00,200,5558.13,
2026-09-11T00:40:36.331844+00:00,200,4460.85,
2026-09-11T00:40:37.274998+00:00,200,3531.55,
2026-09-11T00:40:31.101849+00:00,200,9707.30,
2026-09-11T00:40:25.923450+00:00,200,14888.10,
2026-09-11T00:40:38.500763+00:00,200,2323.88,
2026-09-11T00:40:28.106719+00:00,200,12707.89,
2026-09-11T00:40:38.102575+00:00,200,2759.07,
2026-09-11T00:40:38.854602+00:00,200,2014.33,
2026-09-11T00:40:40.701970+00:00,200,169.27,
2026-09-11T00:40:35.812498+00:00,200,5069.75,
2026-09-11T00:40:39.736322+00:00,200,1174.35,
2026-09-11T00:40:39.980201+00:00,200,936.61,
2026-09-11T00:40:35.165456+00:00,200,5773.82,
2026-09-11T00:40:36.276124+00:00,200,4668.69,
2026-09-11T00:40:37.576240+00:00,200,3380.52,
2026-09-11T00:40:36.508803+00:00,200,4457.73,
2026-09-11T00:40:27.030467+00:00,200,13940.81,
2026-09-11T00:40:32.028318+00:00,200,8950.55,
2026-09-11T00:40:39.951404+00:00,200,1031.85,
2026-09-11T00:40:40.039644+00:00,200,950.57,
2026-09-11T00:40:27.157283+00:00,200,13839.48,
2026-09-11T00:40:30.787891+00:00,200,10211.51,
2026-09-11T00:40:38.396667+00:00,200,2617.62,
2026-09-11T00:40:24.443337+00:00,200,16576.60,
2026-09-11T00:40:39.433298+00:00,200,1591.25,
2026-09-11T00:40:33.010036+00:00,200,8023.36,
2026-09-11T00:40:16.051298+00:00,200,25018.25,
2026-09-11T00:40:34.778940+00:00,200,6310.70,
2026-09-11T00:40:39.907260+00:00,200,1184.49,
2026-09-11T00:40:39.602738+00:00,200,1491.21,
2026-09-11T00:40:28.063572+00:00,200,13067.33,
2026-09-11T00:40:33.453502+00:00,200,7676.35,
2026-09-11T00:40:39.072643+00:00,200,2062.59,
2026-09-11T00:40:38.609084+00:00,200,2549.13,
2026-09-11T00:40:38.064327+00:00,200,3100.66,
2026-09-11T00:40:38.737907+00:00,200,2428.94,
2026-09-11T00:40:30.070239+00:00,200,11089.59,
2026-09-11T00:40:32.363144+00:00,200,8817.11,
2026-09-11T00:40:40.599800+00:00,200,595.33,
2026-09-11T00:40:24.202623+00:00,200,17011.35,
2026-09-11T00:40:33.799462+00:00,200,7419.42,
2026-09-11T00:40:34.620685+00:00,200,6608.61,
2026-09-11T00:40:26.666680+00:00,200,14565.00,
2026-09-11T00:40:28.183684+00:00,200,13063.75,
2026-09-11T00:40:34.706766+00:00,200,6551.64,
2026-09-11T00:40:37.999612+00:00,200,3267.62,
2026-09-11T00:40:28.092737+00:00,200,13187.97,
2026-09-11T00:40:36.794052+00:00,200,4510.75,
2026-09-11T00:40:31.914588+00:00,200,9395.86,
2026-09-11T00:40:39.327064+00:00,200,1999.28,
2026-09-11T00:40:32.269425+00:00,200,9061.23,
2026-09-11T00:40:32.238408+00:00,200,9113.00,
2026-09-11T00:40:36.960207+00:00,200,4396.12,
2026-09-11T00:40:36.333844+00:00,200,5026.23,
2026-09-11T00:40:31.801550+00:00,200,9547.94,
2026-09-11T00:40:36.339725+00:00,200,5023.84,
2026-09-11T00:40:36.396622+00:00,200,4973.11,
2026-09-11T00:40:00.527181+00:00,200,40849.73,
2026-09-11T00:40:30.873856+00:00,200,10510.39,
2026-09-11T00:40:29.833261+00:00,200,11572.98,
2026-09-11T00:40:34.521522+00:00,200,6890.68,
2026-09-11T00:40:36.624454+00:00,200,4801.12,
2026-09-11T00:40:29.973862+00:00,200,11443.90,
2026-09-11T00:40:38.173699+00:00,200,3258.49,
2026-09-11T00:40:40.279676+00:00,200,1153.56,
2026-09-11T00:40:41.305177+00:00,200,134.45,
2026-09-11T00:40:31.336109+00:00,200,10100.42,
2026-09-11T00:40:38.975943+00:00,200,2489.83,
2026-09-11T00:40:40.018972+00:00,200,1466.47,
2026-09-11T00:40:30.578564+00:00,200,10909.33,
2026-09-11T00:40:38.218461+00:00,200,3276.76,
2026-09-11T00:40:32.615395+00:00,200,8894.83,
2026-09-11T00:40:32.310508+00:00,200,9222.03,
2026-09-11T00:40:26.458226+00:00,200,15082.94,
2026-09-11T00:40:36.303472+00:00,200,5256.41,
2026-09-11T00:40:39.681635+00:00,200,1884.92,
2026-09-11T00:40:40.185152+00:00,200,1385.72,
2026-09-11T00:40:32.644843+00:00,200,8917.66,
2026-09-11T00:40:40.910195+00:00,200,665.79,
2026-09-11T00:40:32.087807+00:00,200,9474.17,
2026-09-11T00:40:40.381272+00:00,200,1200.22,
2026-09-11T00:40:09.255204+00:00,200,32336.73,
2026-09-11T00:40:33.977072+00:00,200,7622.03,
2026-09-11T00:40:40.824105+00:00,200,786.61,
2026-09-11T00:40:36.989518+00:00,200,4632.05,
2026-09-11T00:40:41.181137+00:00,200,446.77,
2026-09-11T00:40:39.859357+00:00,200,1795.59,
2026-09-11T00:40:32.159116+00:00,200,9507.09,
2026-09-11T00:40:38.246033+00:00,200,3427.37,
2026-09-11T00:40:36.327075+00:00,200,5352.86,
2026-09-11T00:40:37.228569+00:00,200,4452.73,
2026-09-11T00:40:24.131487+00:00,200,17555.72,
2026-09-11T00:40:33.786942+00:00,200,7901.54,
2026-09-11T00:40:31.589464+00:00,200,10112.49,
2026-09-11T00:40:33.901097+00:00,200,7811.53,
2026-09-11T00:40:18.790706+00:00,200,22918.58,
2026-09-11T00:40:37.300881+00:00,200,4435.35,
2026-09-11T00:40:34.784815+00:00,200,6948.07,
2026-09-11T00:40:41.611226+00:00,200,131.68,
2026-09-11T00:40:34.029937+00:00,200,7711.32,
2026-09-11T00:40:33.237948+00:00,200,8525.49,
2026-09-11T00:40:29.578174+00:00,200,12194.39,
2026-09-11T00:40:41.020421+00:00,200,754.79,
2026-09-11T00:40:34.544405+00:00,200,7227.35,
2026-09-11T00:40:41.194695+00:00,200,585.10,
2026-09-11T00:40:40.633039+00:00,200,1157.05,
2026-09-11T00:40:35.308553+00:00,200,6476.49,
2026-09-11T00:40:38.159059+00:00,200,3636.59,
2026-09-11T00:40:40.311671+00:00,200,1494.01,
2026-09-11T00:40:27.157283+00:00,200,14640.48,
2026-09-11T00:40:11.855058+00:00,200,29981.20,
2026-09-11T00:40:02.362036+00:00,200,39477.95,
2026-09-11T00:40:39.096618+00:00,200,2768.06,
2026-09-11T00:40:39.824107+00:00,200,2060.51,
2026-09-11T00:40:35.161824+00:00,200,6725.41,
2026-09-11T00:40:31.149870+00:00,200,10736.89,
2026-09-11T00:40:40.862300+00:00,200,1043.04,
2026-09-11T00:40:40.130065+00:00,200,1788.38,
2026-09-11T00:40:28.985193+00:00,200,12944.49,
2026-09-11T00:40:36.553087+00:00,200,5391.94,
2026-09-11T00:40:31.747996+00:00,200,10203.20,
2026-09-11T00:40:11.618208+00:00,200,30339.25,
2026-09-11T00:40:40.584225+00:00,200,1377.92,
2026-09-11T00:40:40.649752+00:00,200,1335.81,
2026-09-11T00:40:30.771352+00:00,200,11214.62,
2026-09-11T00:40:38.862928+00:00,200,3130.42,
2026-09-11T00:40:34.237984+00:00,200,7763.66,
2026-09-11T00:40:33.770967+00:00,200,8237.73,
2026-09-11T00:40:22.813210+00:00,200,19211.12,
2026-09-11T00:40:41.491032+00:00,200,538.80,
2026-09-11T00:40:20.820633+00:00,200,21214.76,
2026-09-11T00:40:35.562904+00:00,200,6478.62,
2026-09-11T00:40:36.145009+00:00,200,5900.75,
2026-09-11T00:40:35.578912+00:00,200,6471.27,
2026-09-11T00:40:32.511037+00:00,200,9562.26,
2026-09-11T00:40:32.876722+00:00,200,9196.13,
2026-09-11T00:40:28.186858+00:00,200,13894.06,
2026-09-11T00:40:34.760950+00:00,200,7323.68,
2026-09-11T00:40:25.465744+00:00,200,16640.39,
2026-09-11T00:40:39.853349+00:00,200,2274.00,
2026-09-11T00:40:41.360008+00:00,200,787.08,
2026-09-11T00:40:41.627494+00:00,200,542.50,
2026-09-11T00:40:27.805221+00:00,200,14367.14,
2026-09-11T00:40:31.391958+00:00,200,10783.71,
2026-09-11T00:40:38.027533+00:00,200,4176.64,
2026-09-11T00:40:29.134197+00:00,200,13080.49,
2026-09-11T00:40:29.357151+00:00,200,12868.94,
2026-09-11T00:40:23.510466+00:00,200,18723.67,
2026-09-11T00:40:38.875873+00:00,200,3359.46,
2026-09-11T00:40:16.954076+00:00,200,25286.98,
2026-09-11T00:40:38.798655+00:00,200,3448.50,
2026-09-11T00:40:41.774579+00:00,200,477.83,
2026-09-11T00:40:38.765365+00:00,200,3493.66,
2026-09-11T00:40:40.943253+00:00,200,1318.85,
2026-09-11T00:40:40.064450+00:00,200,2214.35,
2026-09-11T00:40:32.028318+00:00,200,10252.98,
2026-09-11T00:40:14.378583+00:00,200,27904.60,
2026-09-11T00:40:42.146962+00:00,200,151.82,
2026-09-11T00:40:34.760950+00:00,200,7527.79,
2026-09-11T00:40:39.727720+00:00,200,2585.90,
2026-09-11T00:40:33.770967+00:00,200,8549.59,
2026-09-11T00:40:37.734430+00:00,200,4591.08,
2026-09-11T00:40:25.002626+00:00,200,17331.61,
2026-09-11T00:40:35.117904+00:00,200,7223.48,
2026-09-11T00:40:41.363353+00:00,200,991.92,
2026-09-11T00:40:33.089023+00:00,200,9265.73,
2026-09-11T00:40:23.672139+00:00,200,18702.85,
2026-09-11T00:40:37.192277+00:00,200,5208.33,
2026-09-11T00:40:34.405191+00:00,200,7989.90,
2026-09-11T00:40:36.421694+00:00,200,6003.50,
2026-09-11T00:40:40.113817+00:00,200,2321.13,
2026-09-11T00:40:38.201523+00:00,200,4240.26,
2026-09-11T00:40:32.373714+00:00,200,10075.36,
2026-09-11T00:40:40.826104+00:00,200,1647.44,
2026-09-11T00:40:24.941196+00:00,200,17523.37,
2026-09-11T00:40:31.468688+00:00,200,11018.73,
2026-09-11T00:40:41.582102+00:00,200,909.54,
2026-09-11T00:40:40.315547+00:00,200,2201.05,
2026-09-11T00:40:41.791730+00:00,200,732.14,
2026-09-11T00:40:41.565798+00:00,200,969.57,
2026-09-11T00:40:31.054652+00:00,200,11485.00,
2026-09-11T00:40:41.280186+00:00,200,1264.21,
2026-09-11T00:40:40.638044+00:00,200,1910.11,
2026-09-11T00:40:34.472204+00:00,200,8077.89,
2026-09-11T00:40:33.284470+00:00,200,9271.01,
2026-09-11T00:40:40.422739+00:00,200,2143.97,
2026-09-11T00:40:39.619388+00:00,200,2954.28,
2026-09-11T00:40:37.502728+00:00,200,5079.53,
2026-09-11T00:40:30.343698+00:00,200,12244.59,
2026-09-11T00:40:34.760950+00:00,200,7827.71,
2026-09-11T00:40:42.099275+00:00,200,516.57,
2026-09-11T00:40:29.054677+00:00,200,13563.37,
2026-09-11T00:40:35.484183+00:00,200,7138.39,
2026-09-11T00:40:32.119626+00:00,200,10509.13,
2026-09-11T00:40:39.233034+00:00,200,3431.24,
2026-09-11T00:40:41.244919+00:00,200,1436.60,
2026-09-11T00:40:31.421112+00:00,200,11263.54,
2026-09-11T00:40:21.575899+00:00,200,21123.88,
2026-09-11T00:40:42.164877+00:00,200,539.24,
2026-09-11T00:40:29.706167+00:00,200,13014.50,
2026-09-11T00:40:26.512384+00:00,200,16219.72,
2026-09-11T00:40:40.395427+00:00,200,2345.38,
2026-09-11T00:40:38.227168+00:00,200,4520.03,
2026-09-11T00:40:39.896801+00:00,200,2860.24,
2026-09-11T00:40:39.876097+00:00,200,2885.35,
2026-09-11T00:40:40.471422+00:00,200,2291.06,
2026-09-11T00:40:33.471507+00:00,200,9288.72,
2026-09-11T00:40:39.140513+00:00,200,3637.92,
2026-09-11T00:40:25.796477+00:00,200,16983.89,
2026-09-11T00:40:41.842756+00:00,200,942.72,
2026-09-11T00:40:42.477277+00:00,200,324.59,
2026-09-11T00:40:42.665094+00:00,200,147.38,
2026-09-11T00:40:21.102992+00:00,200,21717.15,
2026-09-11T00:40:33.248002+00:00,200,9576.05,
2026-09-11T00:40:26.450278+00:00,200,16378.72,
2026-09-11T00:40:24.210460+00:00,200,18637.06,
2026-09-11T00:40:35.276427+00:00,200,7583.10,
2026-09-11T00:40:33.983979+00:00,200,8881.20,
2026-09-11T00:40:40.916530+00:00,200,1962.40,
2026-09-11T00:40:40.319547+00:00,200,2564.98,
2026-09-11T00:40:34.093434+00:00,200,8816.47,
2026-09-11T00:40:38.633545+00:00,200,4283.82,
2026-09-11T00:40:26.683544+00:00,200,16229.44,
2026-09-11T00:40:39.967477+00:00,200,2965.37,
2026-09-11T00:40:41.575737+00:00,200,1366.23,
2026-09-11T00:40:31.421112+00:00,200,11514.81,
2026-09-11T00:40:41.641712+00:00,200,1304.75,
2026-09-11T00:40:35.981438+00:00,200,6975.77,
2026-09-11T00:40:34.633330+00:00,200,8321.10,
2026-09-11T00:40:42.666105+00:00,200,309.14,
2026-09-11T00:40:41.411804+00:00,200,1563.95,
2026-09-11T00:40:36.668370+00:00,200,6312.76,
2026-09-11T00:40:41.985419+00:00,200,998.62,
2026-09-11T00:40:42.849088+00:00,200,144.44,
2026-09-11T00:40:25.209570+00:00,200,17789.82,
2026-09-11T00:40:38.979806+00:00,200,4029.93,
2026-09-11T00:40:40.038611+00:00,200,2975.88,
2026-09-11T00:40:41.136848+00:00,200,1888.29,
2026-09-11T00:40:36.296472+00:00,200,6745.29,
2026-09-11T00:40:41.680049+00:00,200,1392.59,
2026-09-11T00:40:41.601727+00:00,200,1474.11,
2026-09-11T00:40:29.038641+00:00,200,14039.00,
2026-09-11T00:40:31.886234+00:00,200,11196.16,
2026-09-11T00:40:36.661519+00:00,200,6444.11,
2026-09-11T00:40:40.667469+00:00,200,2445.67,
2026-09-11T00:40:30.117673+00:00,200,12993.45,
2026-09-11T00:40:41.352859+00:00,200,1767.56,
2026-09-11T00:40:32.723537+00:00,200,10396.40,
2026-09-11T00:40:40.267466+00:00,200,2861.82,
2026-09-11T00:40:39.770767+00:00,200,3360.79,
2026-09-11T00:40:25.529849+00:00,200,17611.23,
2026-09-11T00:40:20.959553+00:00,200,22180.81,
2026-09-11T00:40:24.982355+00:00,200,18191.29,
2026-09-11T00:40:41.890506+00:00,200,1289.08,
2026-09-11T00:40:33.453502+00:00,200,9729.92,
2026-09-11T00:40:31.073142+00:00,200,12120.50,
2026-09-11T00:40:34.301596+00:00,200,8900.33,
2026-09-11T00:40:32.835247+00:00,200,10378.40,
2026-09-11T00:40:36.901596+00:00,200,6317.92,
2026-09-11T00:40:30.722422+00:00,200,12508.79,
2026-09-11T00:40:32.559777+00:00,200,10686.49,
2026-09-11T00:40:40.499002+00:00,200,2750.85,
2026-09-11T00:40:17.748582+00:00,200,25529.55,
2026-09-11T00:40:33.758926+00:00,200,9522.53,
2026-09-11T00:40:39.640523+00:00,200,3655.05,
2026-09-11T00:40:31.245449+00:00,200,12050.75,
2026-09-11T00:40:28.816737+00:00,200,14483.44,
2026-09-11T00:40:42.377273+00:00,200,926.89,
2026-09-11T00:40:27.539361+00:00,200,15763.26,
2026-09-11T00:40:37.583891+00:00,200,5733.10,
2026-09-11T00:40:27.450789+00:00,200,15881.27,
2026-09-11T00:40:40.409626+00:00,200,2931.00,
2026-09-11T00:40:38.878876+00:00,200,4465.22,
2026-09-11T00:40:06.934499+00:00,200,36417.13,
2026-09-11T00:40:42.913693+00:00,200,463.64,
2026-09-11T00:40:42.233453+00:00,200,1157.31,
2026-09-11T00:40:37.149920+00:00,200,6249.71,
2026-09-11T00:40:38.921861+00:00,200,4491.29,
2026-09-11T00:40:43.041926+00:00,200,380.89,
2026-09-11T00:40:39.616389+00:00,200,3838.09,
2026-09-11T00:40:31.452506+00:00,200,12001.32,
2026-09-11T00:40:42.278950+00:00,200,1190.49,
2026-09-11T00:40:31.705580+00:00,200,11771.52,
2026-09-11T00:40:31.195604+00:00,200,12289.33,
2026-09-11T00:40:41.165037+00:00,200,2326.80,
2026-09-11T00:40:37.408424+00:00,200,6100.15,
2026-09-11T00:40:39.880194+00:00,200,3630.55,
2026-09-11T00:40:23.959957+00:00,200,19559.60,
2026-09-11T00:40:40.349767+00:00,200,3174.18,
2026-09-11T00:40:40.576161+00:00,200,2950.41,
2026-09-11T00:40:39.057039+00:00,200,4474.58,
2026-09-11T00:40:30.626111+00:00,200,12907.57,
2026-09-11T00:40:37.665349+00:00,200,5896.12,
2026-09-11T00:40:28.959957+00:00,200,14604.23,
2026-09-11T00:40:41.706512+00:00,200,1867.64,
2026-09-11T00:40:43.454847+00:00,200,129.53,
2026-09-11T00:40:40.391426+00:00,200,3194.93,
2026-09-11T00:40:42.053512+00:00,200,1539.21,
2026-09-11T00:40:41.736754+00:00,200,1857.87,
2026-09-11T00:40:41.317228+00:00,200,2290.77,
2026-09-11T00:40:32.978572+00:00,200,10638.47,
2026-09-11T00:40:28.356700+00:00,200,15267.80,
2026-09-11T00:40:12.486463+00:00,200,31185.45,
2026-09-11T00:40:41.737754+00:00,200,1938.10,
2026-09-11T00:40:28.432205+00:00,200,15247.73,
2026-09-11T00:40:22.718925+00:00,200,20971.30,
2026-09-11T00:40:38.669162+00:00,200,5027.80,
2026-09-11T00:40:29.738873+00:00,200,13958.56,
2026-09-11T00:40:31.547124+00:00,200,12145.31,
2026-09-11T00:40:28.256829+00:00,200,15458.56,
2026-09-11T00:40:36.011997+00:00,200,7711.69,
2026-09-11T00:40:42.037083+00:00,200,1696.77,
2026-09-11T00:40:36.196674+00:00,200,7568.83,
2026-09-11T00:40:35.706391+00:00,200,8061.60,
2026-09-11T00:40:18.412248+00:00,200,25367.03,
2026-09-11T00:40:40.782523+00:00,200,3010.71,
2026-09-11T00:40:36.938008+00:00,200,6870.43,
2026-09-11T00:40:39.038083+00:00,200,4786.83,
2026-09-11T00:40:34.760950+00:00,200,9058.44,
2026-09-11T00:40:32.676182+00:00,200,11148.60,
2026-09-11T00:40:39.861348+00:00,200,3987.57,
2026-09-11T00:40:09.477216+00:00,200,34373.33,
2026-09-11T00:40:40.237798+00:00,200,3619.39,
2026-09-11T00:40:43.734054+00:00,200,130.07,
2026-09-11T00:40:24.689987+00:00,200,19174.28,
2026-09-11T00:40:28.753343+00:00,200,15119.34,
2026-09-11T00:40:29.738873+00:00,200,14133.28,
2026-09-11T00:40:34.963205+00:00,200,8918.15,
2026-09-11T00:40:41.560349+00:00,200,2325.67,
2026-09-11T00:40:26.401310+00:00,200,17489.67,
2026-09-11T00:40:37.857871+00:00,200,6040.84,
2026-09-11T00:40:38.410946+00:00,200,5501.98,
2026-09-11T00:40:36.147794+00:00,200,7770.69,
2026-09-11T00:40:32.452584+00:00,200,11471.72,
2026-09-11T00:40:39.010372+00:00,200,4920.76,
2026-09-11T00:40:42.286813+00:00,200,1664.08,
2026-09-11T00:40:35.795166+00:00,200,8173.43,
2026-09-11T00:40:41.962090+00:00,200,2014.65,
2026-09-11T00:40:27.560031+00:00,200,16416.40,
2026-09-11T00:40:41.369987+00:00,200,2617.74,
2026-09-11T00:40:40.713423+00:00,200,3283.88,
2026-09-11T00:40:42.346890+00:00,200,1655.10,
2026-09-11T00:40:31.245449+00:00,200,12754.57,
2026-09-11T00:40:41.743140+00:00,200,2300.35,
2026-09-11T00:40:43.205191+00:00,200,851.39,
2026-09-11T00:40:43.912895+00:00,200,155.21,
2026-09-11T00:40:32.637029+00:00,200,11444.94,
2026-09-11T00:40:36.605208+00:00,200,7490.44,
2026-09-11T00:40:36.116307+00:00,200,7991.89,
2026-09-11T00:40:43.951022+00:00,200,162.66,
2026-09-11T00:40:38.434653+00:00,200,5687.99,
2026-09-11T00:40:43.696831+00:00,200,438.11,
2026-09-11T00:40:39.883860+00:00,200,4254.62,
2026-09-11T00:40:43.072870+00:00,200,1083.23,
2026-09-11T00:40:22.686904+00:00,200,21461.97,
2026-09-11T00:40:39.345003+00:00,200,4823.17,
2026-09-11T00:40:40.120432+00:00,200,4058.65,
2026-09-11T00:40:41.050731+00:00,200,3131.64,
2026-09-11T00:40:41.988582+00:00,200,2220.05,
2026-09-11T00:40:40.231094+00:00,200,3980.64,
2026-09-11T00:40:34.047626+00:00,200,10164.40,
2026-09-11T00:40:33.453502+00:00,200,10752.20,
2026-09-11T00:40:43.918805+00:00,200,307.63,
2026-09-11T00:40:30.033628+00:00,200,14192.92,
2026-09-11T00:40:31.880976+00:00,200,12352.42,
2026-09-11T00:40:36.621125+00:00,200,7623.59,
2026-09-11T00:40:41.014091+00:00,200,3240.51,
2026-09-11T00:40:32.391106+00:00,200,11873.56,
2026-09-11T00:40:39.435299+00:00,200,4835.29,
2026-09-11T00:40:20.187371+00:00,200,24092.64,
2026-09-11T00:40:42.403585+00:00,200,1898.97,
2026-09-11T00:40:41.431924+00:00,200,2888.56,
2026-09-11T00:40:29.715169+00:00,200,14617.76,
2026-09-11T00:40:38.871722+00:00,200,5467.23,
2026-09-11T00:40:40.444210+00:00,200,3914.34,
2026-09-11T00:40:34.119474+00:00,200,10237.25,
2026-09-11T00:40:41.666264+00:00,200,2719.56,
2026-09-11T00:40:41.432924+00:00,200,2956.90,
2026-09-11T00:40:33.045092+00:00,200,11353.06,
2026-09-11T00:40:38.682198+00:00,200,5719.52,
2026-09-11T00:40:21.484058+00:00,200,22918.79,
2026-09-11T00:40:29.973862+00:00,200,14440.97,
2026-09-11T00:40:39.594426+00:00,200,4833.58,
2026-09-11T00:40:30.101634+00:00,200,14323.86,
2026-09-11T00:40:43.673099+00:00,200,766.66,
2026-09-11T00:40:26.958591+00:00,200,17484.31,
2026-09-11T00:40:40.956754+00:00,200,3506.68,
2026-09-11T00:40:39.107052+00:00,200,5360.16,
2026-09-11T00:40:41.773426+00:00,200,2700.26,
2026-09-11T00:40:43.924057+00:00,200,557.86,
2026-09-11T00:40:42.204831+00:00,200,2284.69,
2026-09-11T00:40:34.692303+00:00,200,9798.78,
2026-09-11T00:40:39.569298+00:00,200,4955.52,
2026-09-11T00:40:28.722031+00:00,200,15806.05,
2026-09-11T00:40:42.943550+00:00,200,1596.67,
2026-09-11T00:40:42.548889+00:00,200,1993.53,
2026-09-11T00:40:43.189835+00:00,200,1376.96,
2026-09-11T00:40:28.126861+00:00,200,16451.02,
2026-09-11T00:40:20.327263+00:00,200,24248.14,
2026-09-11T00:40:37.142970+00:00,200,7443.85,
2026-09-11T00:40:44.067861+00:00,200,524.20,
2026-09-11T00:40:39.807789+00:00,200,4785.17,
2026-09-11T00:40:44.457295+00:00,200,137.36,
2026-09-11T00:40:40.438672+00:00,200,4161.34,
2026-09-11T00:40:42.594845+00:00,200,2006.72,
2026-09-11T00:40:33.406711+00:00,200,11195.65,
2026-09-11T00:40:34.830110+00:00,200,9814.03,
2026-09-11T00:40:23.893399+00:00,200,20748.03,
2026-09-11T00:40:42.536031+00:00,200,2116.96,
2026-09-11T00:40:42.441737+00:00,200,2245.69,
2026-09-11T00:40:15.850246+00:00,200,28840.22,
2026-09-11T00:40:43.219620+00:00,200,1479.37,
2026-09-11T00:40:24.823552+00:00,200,19883.63,
2026-09-11T00:40:38.510069+00:00,200,6218.09,
2026-09-11T00:40:33.280073+00:00,200,11450.43,
2026-09-11T00:40:29.504911+00:00,200,15237.41,
2026-09-11T00:40:37.819335+00:00,200,6931.61,
2026-09-11T00:40:38.945880+00:00,200,5814.66,
2026-09-11T00:40:39.526825+00:00,200,5243.23,
2026-09-11T00:40:32.564235+00:00,200,12219.86,
2026-09-11T00:40:35.765579+00:00,200,9025.97,
2026-09-11T00:40:34.783794+00:00,200,10011.18,
2026-09-11T00:40:43.113185+00:00,200,1694.06,
2026-09-11T00:40:38.733902+00:00,200,6086.60,
2026-09-11T00:40:32.739607+00:00,200,12082.67,
2026-09-11T00:40:40.999653+00:00,200,3840.87,
2026-09-11T00:40:42.762196+00:00,200,2085.57,
2026-09-11T00:40:35.223070+00:00,200,9643.28,
2026-09-11T00:40:28.322197+00:00,200,16560.68,
2026-09-11T00:40:43.193831+00:00,200,1701.49,
2026-09-11T00:40:14.421310+00:00,200,30481.91,
2026-09-11T00:40:42.822033+00:00,200,2096.26,
2026-09-11T00:40:37.591387+00:00,200,7328.65,
2026-09-11T00:40:35.292424+00:00,200,9625.97,
2026-09-11T00:40:42.169779+00:00,200,2773.02,
2026-09-11T00:40:30.452181+00:00,200,14502.55,
2026-09-11T00:40:44.450086+00:00,200,514.90,
2026-09-11T00:40:44.430339+00:00,200,536.54,
2026-09-11T00:40:42.592844+00:00,200,2380.09,
2026-09-11T00:40:40.262061+00:00,200,4714.26,
2026-09-11T00:40:27.602997+00:00,200,17391.72,
2026-09-11T00:40:44.839811+00:00,200,177.37,
2026-09-11T00:40:41.690000+00:00,200,3332.20,
2026-09-11T00:40:29.127581+00:00,200,15924.26,
2026-09-11T00:40:19.872695+00:00,200,25189.60,
2026-09-11T00:40:41.780349+00:00,200,3297.61,
2026-09-11T00:40:28.202205+00:00,200,16884.06,
2026-09-11T00:40:40.662267+00:00,200,4452.16,
2026-09-11T00:40:41.384815+00:00,200,3733.47,
2026-09-11T00:40:39.636572+00:00,200,5499.32,
2026-09-11T00:40:36.818975+00:00,200,8322.25,
2026-09-11T00:40:36.366206+00:00,200,8799.63,
2026-09-11T00:40:34.856729+00:00,200,10319.55,
2026-09-11T00:40:42.173950+00:00,200,3011.17,
2026-09-11T00:40:25.955370+00:00,200,19231.69,
2026-09-11T00:40:44.268860+00:00,200,933.73,
2026-09-11T00:40:29.846647+00:00,200,15399.36,
2026-09-11T00:40:36.160202+00:00,200,9102.15,
2026-09-11T00:40:24.720531+00:00,200,20581.89,
2026-09-11T00:40:35.277038+00:00,200,10031.75,
2026-09-11T00:40:33.057139+00:00,200,12262.41,
2026-09-11T00:40:42.778819+00:00,200,2559.01,
2026-09-11T00:40:38.490310+00:00,200,6853.49,
2026-09-11T00:40:42.765428+00:00,200,2597.25,
2026-09-11T00:40:35.101931+00:00,200,10268.54,
2026-09-11T00:40:36.980999+00:00,200,8415.37,
2026-09-11T00:40:37.586895+00:00,200,7845.31,
2026-09-11T00:40:32.042680+00:00,200,13387.79,
2026-09-11T00:40:31.700558+00:00,200,13733.85,
2026-09-11T00:40:41.158291+00:00,200,4283.52,
2026-09-11T00:40:41.378385+00:00,200,4065.47,
2026-09-11T00:40:35.674951+00:00,200,9769.09,
2026-09-11T00:40:43.886446+00:00,200,1578.59,
2026-09-11T00:40:34.388921+00:00,200,11081.81,
2026-09-11T00:40:37.175433+00:00,200,8303.83,
2026-09-11T00:40:42.252815+00:00,200,3235.76,
2026-09-11T00:40:22.762707+00:00,200,22728.53,
2026-09-11T00:40:33.965115+00:00,200,11538.08,
2026-09-11T00:40:34.512880+00:00,200,11004.77,
2026-09-11T00:40:40.477886+00:00,200,5042.64,
2026-09-11T00:40:42.725962+00:00,200,2797.95,
2026-09-11T00:40:34.262858+00:00,200,11275.41,
2026-09-11T00:40:43.932684+00:00,200,1620.73,
2026-09-11T00:40:39.041435+00:00,200,6525.50,
2026-09-11T00:40:34.538698+00:00,200,11035.99,
2026-09-11T00:40:38.818366+00:00,200,6772.15,
2026-09-11T00:40:40.242808+00:00,200,5349.87,
2026-09-11T00:40:40.806355+00:00,200,4799.16,
2026-09-11T00:40:42.402080+00:00,200,3205.82,
2026-09-11T00:40:42.681602+00:00,200,2949.09,
2026-09-11T00:40:34.394638+00:00,200,11263.70,
2026-09-11T00:40:44.794671+00:00,200,872.04,
2026-09-11T00:40:21.055611+00:00,200,24618.64,
2026-09-11T00:40:30.167736+00:00,200,15527.87,
2026-09-11T00:40:30.037613+00:00,200,15664.98,
2026-09-11T00:40:35.444773+00:00,200,10271.97,
2026-09-11T00:40:39.614391+00:00,200,6108.62,
2026-09-11T00:40:33.379288+00:00,200,12348.15,
2026-09-11T00:40:43.561295+00:00,200,2177.28,
2026-09-11T00:40:43.014513+00:00,200,2733.23,
2026-09-11T00:40:43.485200+00:00,200,2276.31,
2026-09-11T00:40:39.643539+00:00,200,6122.78,
2026-09-11T00:40:42.321918+00:00,200,3449.02,
2026-09-11T00:40:45.630464+00:00,200,148.06,
2026-09-11T00:40:28.471842+00:00,200,17321.06,
2026-09-11T00:40:26.663673+00:00,200,19146.42,
2026-09-11T00:40:37.643354+00:00,200,8181.21,
2026-09-11T00:40:41.485371+00:00,200,4345.89,
2026-09-11T00:40:43.484199+00:00,200,2381.68,
2026-09-11T00:40:42.088676+00:00,200,3784.06,
2026-09-11T00:40:44.956768+00:00,200,928.80,
2026-09-11T00:40:38.844964+00:00,200,7055.80,
2026-09-11T00:40:41.258872+00:00,200,4644.68,
2026-09-11T00:40:35.396339+00:00,200,10518.47,
2026-09-11T00:40:44.687311+00:00,200,1241.08,
2026-09-11T00:40:42.298606+00:00,200,3631.02,
2026-09-11T00:40:33.723618+00:00,200,12198.83,
2026-09-11T00:40:42.865695+00:00,200,3072.25,
2026-09-11T00:40:24.263581+00:00,200,21684.61,
2026-09-11T00:40:45.793694+00:00,200,156.25,
2026-09-11T00:40:44.748028+00:00,200,1207.98,
2026-09-11T00:40:44.566700+00:00,200,1391.46,
2026-09-11T00:40:34.728996+00:00,200,11237.84,
2026-09-11T00:40:11.298451+00:00,200,34673.34,
2026-09-11T00:40:41.000659+00:00,200,4993.95,
2026-09-11T00:40:41.712515+00:00,200,4285.64,
2026-09-11T00:40:40.552795+00:00,200,5452.28,
2026-09-11T00:40:42.261323+00:00,200,3772.21,
2026-09-11T00:40:45.885355+00:00,200,151.17,
2026-09-11T00:40:42.127003+00:00,200,3928.72,
2026-09-11T00:40:44.403445+00:00,200,1657.73,
2026-09-11T00:40:38.232016+00:00,200,7866.26,
2026-09-11T00:40:39.314407+00:00,200,6787.10,
2026-09-11T00:40:44.791670+00:00,200,1329.34,
2026-09-11T00:40:37.317546+00:00,200,8808.13,
2026-09-11T00:40:45.558685+00:00,200,569.23,
2026-09-11T00:40:40.652751+00:00,200,5479.90,
2026-09-11T00:40:33.770967+00:00,200,12364.97,
2026-09-11T00:40:32.373714+00:00,200,13770.35,
2026-09-11T00:40:41.622078+00:00,200,4536.28,
2026-09-11T00:40:35.943082+00:00,200,10218.73,
2026-09-11T00:40:45.202220+00:00,200,965.51,
2026-09-11T00:40:43.391190+00:00,200,2783.57,
2026-09-11T00:40:43.996825+00:00,200,2188.60,
2026-09-11T00:40:45.095363+00:00,200,1102.50,
2026-09-11T00:40:44.708341+00:00,200,1517.53,
2026-09-11T00:40:40.433326+00:00,200,5808.88,
2026-09-11T00:40:41.266897+00:00,200,4992.18,
2026-09-11T00:40:42.490617+00:00,200,3771.80,
2026-09-11T00:40:45.471666+00:00,200,817.54,
2026-09-11T00:39:59.111089+00:00,200,47178.77,
2026-09-11T00:40:40.967492+00:00,200,5344.79,
2026-09-11T00:40:41.220063+00:00,200,5109.35,
2026-09-11T00:40:32.105503+00:00,200,14226.74,
2026-09-11T00:40:44.966787+00:00,200,1367.54,
2026-09-11T00:40:34.359878+00:00,200,11974.63,
2026-09-11T00:40:44.784391+00:00,200,1561.53,
2026-09-11T00:40:42.959205+00:00,200,3389.55,
2026-09-11T00:40:42.782456+00:00,200,3582.24,
2026-09-11T00:40:16.599344+00:00,200,29768.17,
2026-09-11T00:40:22.670978+00:00,200,23691.51,
2026-09-11T00:40:25.590440+00:00,200,20779.08,
2026-09-11T00:40:42.635282+00:00,200,3745.90,
2026-09-11T00:40:33.027774+00:00,200,13364.29,
2026-09-11T00:40:46.079335+00:00,200,319.74,
2026-09-11T00:40:28.238904+00:00,200,18171.43,
2026-09-11T00:40:41.038666+00:00,200,5399.66,
2026-09-11T00:40:45.659881+00:00,200,789.16,
2026-09-11T00:40:33.057139+00:00,200,13408.39,
2026-09-11T00:40:20.945575+00:00,200,25524.42,
2026-09-11T00:40:30.567207+00:00,200,15914.09,
2026-09-11T00:40:42.043666+00:00,200,4442.97,
2026-09-11T00:40:37.648421+00:00,200,8844.24,
2026-09-11T00:40:45.928055+00:00,200,574.46,
2026-09-11T00:40:39.081509+00:00,200,7423.78,
2026-09-11T00:40:25.101145+00:00,200,21395.04,
2026-09-11T00:40:40.411631+00:00,200,6102.21,
2026-09-11T00:40:43.531617+00:00,200,2987.95,
2026-09-11T00:40:23.893399+00:00,200,22631.10,
2026-09-11T00:40:43.702836+00:00,200,2865.62,
2026-09-11T00:40:42.473048+00:00,200,4100.71,
2026-09-11T00:40:35.277038+00:00,200,11300.34,
2026-09-11T00:40:30.722422+00:00,200,15860.88,
2026-09-11T00:40:39.317405+00:00,200,7277.26,
2026-09-11T00:40:32.661343+00:00,200,13948.84,
2026-09-11T00:40:34.208222+00:00,200,12406.59,
2026-09-11T00:40:46.033889+00:00,200,589.47,
2026-09-11T00:40:43.527037+00:00,200,3098.36,
2026-09-11T00:40:44.917870+00:00,200,1712.36,
2026-09-11T00:40:45.700987+00:00,200,931.57,
2026-09-11T00:40:41.735745+00:00,200,4899.82,
2026-09-11T00:40:33.237948+00:00,200,13407.05,
2026-09-11T00:40:42.228883+00:00,200,4448.30,
2026-09-11T00:40:43.511588+00:00,200,3199.18,
2026-09-11T00:40:40.192476+00:00,200,6532.64,
2026-09-11T00:40:45.520550+00:00,200,1207.77,
2026-09-11T00:40:35.308553+00:00,200,11413.38,
2026-09-11T00:40:43.891297+00:00,200,2855.35,
2026-09-11T00:40:43.304000+00:00,200,3446.49,
2026-09-11T00:40:45.891838+00:00,200,859.19,
2026-09-11T00:40:45.438629+00:00,200,1316.81,
2026-09-11T00:40:34.654814+00:00,200,12102.87,
2026-09-11T00:40:43.766604+00:00,200,2992.60,
2026-09-11T00:40:45.070832+00:00,200,1697.10,
2026-09-11T00:40:46.613433+00:00,200,159.55,
2026-09-11T00:40:35.213424+00:00,200,11558.91,
2026-09-11T00:40:46.502190+00:00,200,303.41,
2026-09-11T00:40:40.966496+00:00,200,5847.14,
2026-09-11T00:40:33.624163+00:00,200,13189.82,
2026-09-11T00:40:43.487200+00:00,200,3330.54,
2026-09-11T00:40:42.355215+00:00,200,4471.24,
2026-09-11T00:40:46.185913+00:00,200,642.36,
2026-09-11T00:40:41.905099+00:00,200,4930.82,
2026-09-11T00:40:44.930005+00:00,200,1927.49,
2026-09-11T00:40:44.333350+00:00,200,2525.75,
2026-09-11T00:40:44.215734+00:00,200,2644.82,
2026-09-11T00:40:25.562911+00:00,200,21310.42,
2026-09-11T00:40:36.615377+00:00,200,10307.64,
2026-09-11T00:40:42.117625+00:00,200,4811.56,
2026-09-11T00:40:42.338556+00:00,200,4597.29,
2026-09-11T00:40:36.306903+00:00,200,10634.28,
2026-09-11T00:40:45.801049+00:00,200,1153.65,
2026-09-11T00:40:31.134783+00:00,200,15818.85,
2026-09-11T00:40:45.872981+00:00,200,1095.13,
2026-09-11T00:40:43.684288+00:00,200,3288.78,
2026-09-11T00:40:33.570497+00:00,200,13400.02,
2026-09-11T00:40:46.345884+00:00,200,633.27,
2026-09-11T00:40:43.781237+00:00,200,3199.54,
2026-09-11T00:40:34.536693+00:00,200,12452.05,
2026-09-11T00:40:42.313481+00:00,200,4706.64,
2026-09-11T00:40:40.288527+00:00,200,6735.07,
2026-09-11T00:40:43.676102+00:00,200,3352.28,
2026-09-11T00:40:43.627159+00:00,200,3404.21,
2026-09-11T00:40:43.423165+00:00,200,3610.90,
2026-09-11T00:40:44.233398+00:00,200,2832.04,
2026-09-11T00:40:42.998982+00:00,200,4084.69,
2026-09-11T00:40:45.194762+00:00,200,1891.19,
2026-09-11T00:40:41.413607+00:00,200,5675.42,
2026-09-11T00:40:37.284279+00:00,200,9813.89,
2026-09-11T00:40:44.226605+00:00,200,2873.36,
2026-09-11T00:40:35.884548+00:00,200,11244.39,
2026-09-11T00:40:44.001875+00:00,200,3142.59,
2026-09-11T00:40:42.401075+00:00,200,4751.75,
2026-09-11T00:40:32.436516+00:00,200,14718.23,
2026-09-11T00:40:46.650105+00:00,200,519.04,
2026-09-11T00:40:42.183177+00:00,200,4987.90,
2026-09-11T00:40:29.341416+00:00,200,17831.37,
2026-09-11T00:40:41.491032+00:00,200,5695.81,
2026-09-11T00:40:46.460616+00:00,200,741.13,
2026-09-11T00:40:39.551618+00:00,200,7654.65,
2026-09-11T00:40:44.909512+00:00,200,2298.81,
2026-09-11T00:40:41.673136+00:00,200,5538.99,
2026-09-11T00:40:34.792978+00:00,200,12425.22,
2026-09-11T00:40:42.885297+00:00,200,4376.81,
2026-09-11T00:40:47.116814+00:00,200,150.03,
2026-09-11T00:40:33.993991+00:00,200,13265.31,
2026-09-11T00:40:38.560247+00:00,200,8717.35,
2026-09-11T00:40:41.795733+00:00,200,5491.22,
2026-09-11T00:40:40.074862+00:00,200,7221.45,
2026-09-11T00:40:41.439545+00:00,200,5863.59,
2026-09-11T00:40:33.597176+00:00,200,13704.30,
2026-09-11T00:40:42.859790+00:00,200,4452.82,
2026-09-11T00:40:46.724944+00:00,200,599.35,
2026-09-11T00:40:43.524036+00:00,200,3802.95,
2026-09-11T00:40:45.723130+00:00,200,1606.77,
2026-09-11T00:40:40.980172+00:00,200,6352.37,
2026-09-11T00:40:36.221472+00:00,200,11116.92,
2026-09-11T00:40:42.984088+00:00,200,4381.93,
2026-09-11T00:40:41.574736+00:00,200,5798.47,
2026-09-11T00:40:43.095210+00:00,200,4289.61,
2026-09-11T00:40:45.052063+00:00,200,2348.29,
2026-09-11T00:40:46.364762+00:00,200,1048.39,
2026-09-11T00:40:29.198325+00:00,200,18242.97,
2026-09-11T00:40:35.642415+00:00,200,11799.20,
2026-09-11T00:40:41.681348+00:00,200,5771.87,
2026-09-11T00:40:27.416568+00:00,200,20040.05,
2026-09-11T00:40:28.518489+00:00,200,18949.20,
2026-09-11T00:40:41.864505+00:00,200,5605.68,
2026-09-11T00:40:47.324158+00:00,200,149.65,
2026-09-11T00:40:32.771186+00:00,200,14707.94,
2026-09-11T00:40:30.410604+00:00,200,17078.06,
2026-09-11T00:40:46.979160+00:00,200,519.07,
2026-09-11T00:40:47.358493+00:00,200,154.62,
2026-09-11T00:40:44.389570+00:00,200,3144.45,
2026-09-11T00:40:40.453267+00:00,200,7102.32,
2026-09-11T00:40:33.182497+00:00,200,14383.92,
2026-09-11T00:40:45.950139+00:00,200,1621.08,
2026-09-11T00:40:34.840647+00:00,200,12735.17,
2026-09-11T00:40:34.708762+00:00,200,12875.02,
2026-09-11T00:40:45.866092+00:00,200,1719.09,
2026-09-11T00:40:43.988083+00:00,200,3609.69,
2026-09-11T00:40:43.848439+00:00,200,3750.63,
2026-09-11T00:40:44.539885+00:00,200,3065.07,
2026-09-11T00:40:46.492624+00:00,200,1126.30,
2026-09-11T00:40:30.212847+00:00,200,17413.93,
2026-09-11T00:40:40.945763+00:00,200,6699.40,
2026-09-11T00:40:36.906199+00:00,200,10741.14,
2026-09-11T00:40:45.444378+00:00,200,2209.96,
2026-09-11T00:40:43.416530+00:00,200,4240.38,
2026-09-11T00:40:33.993991+00:00,200,13666.62,
2026-09-11T00:40:41.092301+00:00,200,6585.58,
2026-09-11T00:40:26.103563+00:00,200,21579.30,
2026-09-11T00:40:43.792649+00:00,200,3921.77,
2026-09-11T00:40:34.795502+00:00,200,12919.84,
2026-09-11T00:40:44.920292+00:00,200,2812.84,
2026-09-11T00:40:45.738621+00:00,200,1999.91,
2026-09-11T00:40:45.088781+00:00,200,2655.75,
2026-09-11T00:40:38.082015+00:00,200,9665.59,
2026-09-11T00:40:30.117673+00:00,200,17646.78,
2026-09-11T00:40:46.677350+00:00,200,1093.76,
2026-09-11T00:40:37.611500+00:00,200,10164.63,
2026-09-11T00:40:47.443878+00:00,200,333.40,
2026-09-11T00:40:43.084335+00:00,200,4701.06,
2026-09-11T00:40:41.808210+00:00,200,5980.87,
2026-09-11T00:40:40.498000+00:00,200,7296.24,
2026-09-11T00:40:44.385318+00:00,200,3443.17,
2026-09-11T00:40:31.452506+00:00,200,16374.25,
2026-09-11T00:40:47.330372+00:00,200,515.84,
2026-09-11T00:40:46.813758+00:00,200,1043.79,
2026-09-11T00:40:42.242510+00:00,200,5633.73,
2026-09-11T00:40:46.777218+00:00,200,1110.71,
2026-09-11T00:40:40.361285+00:00,200,7546.60,
2026-09-11T00:40:47.767886+00:00,200,140.74,
2026-09-11T00:40:46.815949+00:00,200,1099.40,
2026-09-11T00:40:29.689175+00:00,200,18221.38,
2026-09-11T00:40:19.872695+00:00,200,28047.98,
2026-09-11T00:40:32.807614+00:00,200,15130.26,
2026-09-11T00:40:19.698324+00:00,200,28243.33,
2026-09-11T00:40:16.454194+00:00,200,31511.66,
2026-09-11T00:40:42.924893+00:00,200,5050.69,
2026-09-11T00:40:42.435199+00:00,200,5544.42,
2026-09-11T00:40:41.440542+00:00,200,6540.05,
2026-09-11T00:40:41.248490+00:00,200,6746.41,
2026-09-11T00:40:44.213683+00:00,200,3784.38,
2026-09-11T00:40:45.117899+00:00,200,2888.01,
2026-09-11T00:40:14.183113+00:00,200,33828.29,
2026-09-11T00:40:43.830175+00:00,200,4191.87,
2026-09-11T00:40:32.551297+00:00,200,15472.54,
2026-09-11T00:40:34.795502+00:00,200,13243.86,
2026-09-11T00:40:46.330017+00:00,200,1720.05,
2026-09-11T00:40:40.434328+00:00,200,7620.51,
2026-09-11T00:40:44.848079+00:00,200,3234.34,
2026-09-11T00:40:42.299613+00:00,200,5784.48,
2026-09-11T00:40:47.638129+00:00,200,448.71,
2026-09-11T00:40:27.409695+00:00,200,20679.69,
2026-09-11T00:40:44.760230+00:00,200,3333.36,
2026-09-11T00:40:46.132139+00:00,200,1977.85,
2026-09-11T00:40:33.855993+00:00,200,14257.09,
2026-09-11T00:40:29.657329+00:00,200,18461.51,
2026-09-11T00:40:46.483288+00:00,200,1644.90,
2026-09-11T00:40:14.557559+00:00,200,33578.54,
2026-09-11T00:40:33.426947+00:00,200,14732.80,
2026-09-11T00:40:40.791889+00:00,200,7389.26,
2026-09-11T00:40:44.108866+00:00,200,4081.10,
2026-09-11T00:40:46.300652+00:00,200,1891.18,
2026-09-11T00:40:44.092882+00:00,200,4124.35,
2026-09-11T00:40:33.293490+00:00,200,14929.87,
2026-09-11T00:40:44.134758+00:00,200,4095.87,
2026-09-11T00:40:43.077874+00:00,200,5155.44,
2026-09-11T00:40:47.788849+00:00,200,451.71,
2026-09-11T00:40:33.095079+00:00,200,15143.19,
2026-09-11T00:40:44.964785+00:00,200,3286.90,
2026-09-11T00:40:47.644958+00:00,200,608.59,
2026-09-11T00:40:43.875999+00:00,200,4418.00,
2026-09-11T00:40:45.396558+00:00,200,2904.06,
2026-09-11T00:40:44.883998+00:00,200,3422.17,
2026-09-11T00:40:41.093571+00:00,200,7258.27,
2026-09-11T00:40:39.231036+00:00,200,9129.46,
2026-09-11T00:40:40.813535+00:00,200,7549.47,
2026-09-11T00:40:42.976540+00:00,200,5390.31,
2026-09-11T00:40:41.993130+00:00,200,6374.42,
2026-09-11T00:40:43.671969+00:00,200,4701.45,
2026-09-11T00:40:44.524157+00:00,200,3852.33,
2026-09-11T00:40:48.041934+00:00,200,338.70,
2026-09-11T00:40:41.231447+00:00,200,7152.49,
2026-09-11T00:40:34.029937+00:00,200,14358.13,
2026-09-11T00:40:48.224448+00:00,200,170.18,
2026-09-11T00:40:44.644730+00:00,200,3782.63,
2026-09-11T00:40:44.796988+00:00,200,3634.67,
2026-09-11T00:40:44.360417+00:00,200,4073.37,
2026-09-11T00:40:40.610656+00:00,200,7830.27,
2026-09-11T00:40:40.749130+00:00,200,7705.24,
2026-09-11T00:40:14.015556+00:00,200,34439.98,
2026-09-11T00:40:39.097659+00:00,200,9375.32,
2026-09-11T00:40:42.932245+00:00,200,5550.95,
2026-09-11T00:40:46.334576+00:00,200,2158.78,
2026-09-11T00:40:47.876001+00:00,200,621.12,
2026-09-11T00:40:45.593471+00:00,200,2908.38,
2026-09-11T00:40:39.633571+00:00,200,8873.77,
2026-09-11T00:40:48.351863+00:00,200,170.17,
2026-09-11T00:40:42.491614+00:00,200,6047.64,
2026-09-11T00:40:48.387456+00:00,200,164.33,
2026-09-11T00:40:48.230561+00:00,200,328.98,
2026-09-11T00:40:44.163616+00:00,200,4407.41,
2026-09-11T00:40:47.534472+00:00,200,1039.99,
2026-09-11T00:40:44.398935+00:00,200,4183.41,
2026-09-11T00:40:43.105147+00:00,200,5478.34,
2026-09-11T00:40:46.150612+00:00,200,2459.36,
2026-09-11T00:40:43.824873+00:00,200,4796.53,
2026-09-11T00:40:47.153013+00:00,200,1474.22,
2026-09-11T00:40:37.831315+00:00,200,10799.49,
2026-09-11T00:40:47.458551+00:00,200,1176.33,
2026-09-11T00:40:37.626829+00:00,200,11038.16,
2026-09-11T00:40:47.488320+00:00,200,1178.61,
2026-09-11T00:40:45.727135+00:00,200,2941.69,
2026-09-11T00:40:41.884071+00:00,200,6800.83,
2026-09-11T00:40:42.260324+00:00,200,6430.14,
2026-09-11T00:40:40.275674+00:00,200,8421.56,
2026-09-11T00:40:47.277119+00:00,200,1421.99,
2026-09-11T00:40:43.332504+00:00,200,5367.98,
2026-09-11T00:40:44.010697+00:00,200,4702.02,
2026-09-11T00:40:46.734400+00:00,200,2009.22,
2026-09-11T00:40:37.693430+00:00,200,11053.15,
2026-09-11T00:40:41.225011+00:00,200,7528.17,
2026-09-11T00:40:48.583459+00:00,200,170.82,
2026-09-11T00:40:32.171410+00:00,200,16622.59,
2026-09-11T00:40:32.452584+00:00,200,16340.27,
2026-09-11T00:40:24.977310+00:00,200,23835.91,
2026-09-11T00:40:46.616885+00:00,200,2205.38,
2026-09-11T00:40:42.878596+00:00,200,5964.70,
2026-09-11T00:40:36.971564+00:00,200,11873.85,
2026-09-11T00:40:42.574524+00:00,200,6273.46,
2026-09-11T00:40:48.699655+00:00,200,162.64,
2026-09-11T00:40:48.116724+00:00,200,747.84,
2026-09-11T00:40:34.728996+00:00,200,14134.04,
2026-09-11T00:40:39.918454+00:00,200,8953.62,
2026-09-11T00:40:46.835412+00:00,200,2078.31,
2026-09-11T00:40:46.568829+00:00,200,2347.17,
2026-09-11T00:40:37.942845+00:00,200,10976.76,
2026-09-11T00:40:46.755424+00:00,200,2182.84,
2026-09-11T00:40:43.468835+00:00,200,5471.77,
2026-09-11T00:40:43.535615+00:00,200,5423.79,
2026-09-11T00:40:27.191385+00:00,200,21777.29,
2026-09-11T00:40:41.217060+00:00,200,7758.38,
2026-09-11T00:40:40.753128+00:00,200,8231.24,
2026-09-11T00:40:46.860416+00:00,200,2134.62,
2026-09-11T00:40:47.159486+00:00,200,1843.09,
2026-09-11T00:40:44.973217+00:00,200,4037.90,
2026-09-11T00:40:47.032324+00:00,200,1988.31,
2026-09-11T00:40:27.996323+00:00,200,21039.25,
2026-09-11T00:40:14.593838+00:00,200,34444.63,
2026-09-11T00:40:21.007722+00:00,200,28040.89,
2026-09-11T00:40:42.029827+00:00,200,7032.75,
2026-09-11T00:40:31.134783+00:00,200,17929.34,
2026-09-11T00:40:38.715363+00:00,200,10366.44,
2026-09-11T00:40:12.646072+00:00,200,36445.85,
2026-09-11T00:40:38.122764+00:00,200,10971.08,
2026-09-11T00:40:39.094296+00:00,200,10000.77,
2026-09-11T00:40:39.806784+00:00,200,9292.83,
2026-09-11T00:40:31.835739+00:00,200,17268.57,
2026-09-11T00:40:46.957569+00:00,200,2153.09,
2026-09-11T00:40:48.483731+00:00,200,675.26,
2026-09-11T00:40:41.888108+00:00,200,7272.97,
2026-09-11T00:40:35.176310+00:00,200,14012.31,
2026-09-11T00:40:43.301874+00:00,200,5893.07,
2026-09-11T00:40:42.025827+00:00,200,7176.33,
2026-09-11T00:40:45.747015+00:00,200,3456.47,
2026-09-11T00:40:49.081596+00:00,200,124.71,
2026-09-11T00:40:19.411993+00:00,200,29801.58,
2026-09-11T00:40:46.259408+00:00,200,2985.19,
2026-09-11T00:40:46.977164+00:00,200,2287.50,
2026-09-11T00:40:45.077636+00:00,200,4192.44,
2026-09-11T00:40:39.447661+00:00,200,9824.52,
2026-09-11T00:40:41.317988+00:00,200,7956.62,
2026-09-11T00:40:30.873856+00:00,200,18408.21,
2026-09-11T00:40:47.776670+00:00,200,1535.43,
2026-09-11T00:40:25.462964+00:00,200,23851.34,
2026-09-11T00:40:48.862156+00:00,200,454.01,
2026-09-11T00:40:48.293955+00:00,200,1026.40,
2026-09-11T00:40:48.845318+00:00,200,479.22,
2026-09-11T00:40:42.993420+00:00,200,6337.69,
2026-09-11T00:40:42.699821+00:00,200,6654.92,
2026-09-11T00:40:41.723771+00:00,200,7644.17,
2026-09-11T00:40:48.360156+00:00,200,1020.35,
2026-09-11T00:40:39.561889+00:00,200,9838.40,
2026-09-11T00:40:27.761743+00:00,200,21648.32,
2026-09-11T00:40:46.923011+00:00,200,2492.14,
2026-09-11T00:40:47.599410+00:00,200,1817.14,
2026-09-11T00:40:47.914974+00:00,200,1510.97,
2026-09-11T00:40:43.280269+00:00,200,6169.19,
2026-09-11T00:40:46.383768+00:00,200,3070.05,
2026-09-11T00:40:41.914270+00:00,200,7543.32,
2026-09-11T00:40:44.320468+00:00,200,5143.59,
2026-09-11T00:40:32.512069+00:00,200,16969.46,
2026-09-11T00:40:35.798915+00:00,200,13688.81,
2026-09-11T00:40:41.594570+00:00,200,7895.81,
2026-09-11T00:40:28.075045+00:00,200,21404.11,
2026-09-11T00:40:40.209559+00:00,200,9290.50,
2026-09-11T00:40:48.872455+00:00,200,648.66,
2026-09-11T00:40:46.845540+00:00,200,2681.84,
2026-09-11T00:40:41.131322+00:00,200,8426.37,
2026-09-11T00:40:46.005008+00:00,200,3558.12,
2026-09-11T00:40:41.070250+00:00,200,8509.28,
2026-09-11T00:40:27.025448+00:00,200,22562.23,
2026-09-11T00:40:46.750152+00:00,200,2842.36,
2026-09-11T00:40:43.009732+00:00,200,6591.85,
2026-09-11T00:40:41.960086+00:00,200,7649.10,
2026-09-11T00:40:20.564059+00:00,200,29053.78,
2026-09-11T00:40:34.438435+00:00,200,15183.99,
2026-09-11T00:40:46.774222+00:00,200,2867.82,
2026-09-11T00:40:41.934450+00:00,200,7755.46,
2026-09-11T00:40:25.844095+00:00,200,23845.35,
2026-09-11T00:40:46.438843+00:00,200,3260.52,
2026-09-11T00:40:47.793898+00:00,200,1924.88,
2026-09-11T00:40:46.125890+00:00,200,3614.57,
2026-09-11T00:40:47.470781+00:00,200,2274.42,
2026-09-11T00:40:38.192312+00:00,200,11555.82,
2026-09-11T00:40:41.655295+00:00,200,8097.23,
2026-09-11T00:40:34.710273+00:00,200,15047.90,
2026-09-11T00:40:49.608540+00:00,200,154.74,
2026-09-11T00:40:35.080212+00:00,200,14709.67,
2026-09-11T00:40:47.976215+00:00,200,1822.15,
2026-09-11T00:40:43.298874+00:00,200,6503.23,
2026-09-11T00:40:36.924516+00:00,200,12884.44,
2026-09-11T00:40:45.917745+00:00,200,3894.42,
2026-09-11T00:40:43.246895+00:00,200,6574.55,
2026-09-11T00:40:42.545199+00:00,200,7295.09,
2026-09-11T00:40:43.567837+00:00,200,6287.11,
2026-09-11T00:40:45.488639+00:00,200,4383.35,
2026-09-11T00:40:23.782783+00:00,200,26094.01,
2026-09-11T00:40:47.302405+00:00,200,2580.25,
2026-09-11T00:40:47.619514+00:00,200,2275.85,
2026-09-11T00:40:45.901113+00:00,200,3999.99,
2026-09-11T00:40:49.642521+00:00,200,290.59,
2026-09-11T00:40:38.855923+00:00,200,11080.34,
2026-09-11T00:40:47.975215+00:00,200,1966.31,
2026-09-11T00:40:43.129514+00:00,200,6824.22,
2026-09-11T00:40:46.101404+00:00,200,3854.54,
2026-09-11T00:40:31.439117+00:00,200,18514.76,
2026-09-11T00:40:49.010703+00:00,200,953.36,
2026-09-11T00:40:43.311322+00:00,200,6665.65,
2026-09-11T00:40:41.823987+00:00,200,8154.24,
2026-09-11T00:40:44.474136+00:00,200,5526.32,
2026-09-11T00:40:46.967644+00:00,200,3038.03,
2026-09-11T00:40:49.158571+00:00,200,852.61,
2026-09-11T00:40:44.831498+00:00,200,5182.07,
2026-09-11T00:40:48.916941+00:00,200,1111.30,
2026-09-11T00:40:44.807259+00:00,200,5230.64,
2026-09-11T00:40:48.522219+00:00,200,1518.77,
2026-09-11T00:40:48.972199+00:00,200,1071.04,
2026-09-11T00:40:47.656440+00:00,200,2434.18,
2026-09-11T00:40:47.571394+00:00,200,2527.07,
2026-09-11T00:40:44.095882+00:00,200,6029.11,
2026-09-11T00:40:32.140123+00:00,200,17984.07,
2026-09-11T00:40:47.083548+00:00,200,3054.46,
2026-09-11T00:40:32.042680+00:00,200,18090.28,
2026-09-11T00:40:27.321189+00:00,200,22821.19,
2026-09-11T00:40:44.042731+00:00,200,6119.13,
2026-09-11T00:40:42.916948+00:00,200,7259.19,
2026-09-11T00:40:39.190315+00:00,200,10987.57,
2026-09-11T00:40:47.219332+00:00,200,2981.14,
2026-09-11T00:40:33.723618+00:00,200,16490.10,
2026-09-11T00:40:49.269827+00:00,200,954.25,
2026-09-11T00:40:29.251815+00:00,200,20970.87,
2026-09-11T00:40:25.429354+00:00,200,24835.36,
2026-09-11T00:40:26.590943+00:00,200,23667.89,
2026-09-11T00:40:45.400191+00:00,200,4869.96,
2026-09-11T00:40:50.091058+00:00,200,186.70,
2026-09-11T00:40:44.338505+00:00,200,5939.92,
2026-09-11T00:40:40.881704+00:00,200,9398.32,
2026-09-11T00:40:46.168159+00:00,200,4114.54,
2026-09-11T00:40:46.505416+00:00,200,3778.82,
2026-09-11T00:40:49.699146+00:00,200,586.14,
2026-09-11T00:40:28.905902+00:00,200,21379.02,
2026-09-11T00:40:47.945726+00:00,200,2370.13,
2026-09-11T00:40:47.901989+00:00,200,2415.92,
2026-09-11T00:40:39.789537+00:00,200,10529.79,
2026-09-11T00:40:40.133167+00:00,200,10187.28,
2026-09-11T00:40:47.267351+00:00,200,3054.91,
2026-09-11T00:40:50.138593+00:00,200,189.78,
2026-09-11T00:40:49.531665+00:00,200,801.48,
2026-09-11T00:40:45.180028+00:00,200,5157.12,
2026-09-11T00:40:46.098406+00:00,200,4239.92,
2026-09-11T00:40:34.388921+00:00,200,15971.01,
2026-09-11T00:40:46.981553+00:00,200,3395.45,
2026-09-11T00:40:47.744339+00:00,200,2640.34,
2026-09-11T00:40:37.803521+00:00,200,12585.80,
2026-09-11T00:40:47.171319+00:00,200,3227.61,
2026-09-11T00:40:41.745646+00:00,200,8655.88,
2026-09-11T00:40:44.592882+00:00,200,5815.80,
2026-09-11T00:40:44.056305+00:00,200,6365.87,
2026-09-11T00:40:25.578341+00:00,200,24848.45,
2026-09-11T00:40:40.254676+00:00,200,10198.79,
2026-09-11T00:40:22.068968+00:00,200,28396.49,
2026-09-11T00:40:38.148740+00:00,200,12330.93,
2026-09-11T00:40:44.895308+00:00,200,5599.99,
2026-09-11T00:40:38.823868+00:00,200,11677.28,
2026-09-11T00:40:45.373251+00:00,200,5135.82,
2026-09-11T00:40:48.689923+00:00,200,1824.24,
2026-09-11T00:40:43.508592+00:00,200,7007.14,
2026-09-11T00:40:40.015988+00:00,200,10512.85,
2026-09-11T00:40:29.906642+00:00,200,20625.37,
2026-09-11T00:40:48.120724+00:00,200,2430.84,
2026-09-11T00:40:47.098189+00:00,200,3523.54,
2026-09-11T00:40:35.690960+00:00,200,14921.84,
2026-09-11T00:40:48.559641+00:00,200,2076.81,
2026-09-11T00:40:31.871063+00:00,200,18790.79,
2026-09-11T00:40:50.473299+00:00,200,193.44,
2026-09-11T00:40:35.517030+00:00,200,15153.94,
2026-09-11T00:40:30.610111+00:00,200,20051.71,
2026-09-11T00:40:42.827549+00:00,200,7850.78,
2026-09-11T00:40:50.322954+00:00,200,357.66,
2026-09-11T00:40:38.205975+00:00,200,12483.04,
2026-09-11T00:40:43.624162+00:00,200,7067.79,
2026-09-11T00:40:34.214468+00:00,200,16490.71,
2026-09-11T00:40:44.303055+00:00,200,6428.43,
2026-09-11T00:40:36.999774+00:00,200,13765.66,
2026-09-11T00:40:47.948213+00:00,200,2828.08,
2026-09-11T00:40:34.824586+00:00,200,15957.49,
2026-09-11T00:40:47.545826+00:00,200,3258.54,
2026-09-11T00:40:48.665441+00:00,200,2165.73,
2026-09-11T00:40:43.075874+00:00,200,7770.48,
2026-09-11T00:40:47.267351+00:00,200,3583.99,
2026-09-11T00:40:49.401059+00:00,200,1453.71,
2026-09-11T00:40:47.775664+00:00,200,3080.71,
2026-09-11T00:40:46.857416+00:00,200,4002.37,
2026-09-11T00:40:44.903434+00:00,200,5957.88,
2026-09-11T00:40:40.193610+00:00,200,10669.72,
2026-09-11T00:40:46.827894+00:00,200,4037.22,
2026-09-11T00:40:49.619037+00:00,200,1269.61,
2026-09-11T00:40:41.330668+00:00,200,9602.61,
2026-09-11T00:40:24.459608+00:00,200,26476.54,
2026-09-11T00:40:49.579313+00:00,200,1357.68,
2026-09-11T00:40:41.999911+00:00,200,8939.62,
2026-09-11T00:40:46.055367+00:00,200,4894.14,
2026-09-11T00:40:45.716662+00:00,200,5255.25,
2026-09-11T00:40:50.483696+00:00,200,495.17,
2026-09-11T00:40:41.417778+00:00,200,9603.56,
2026-09-11T00:40:42.324966+00:00,200,8705.73,
2026-09-11T00:40:37.706398+00:00,200,13330.11,
2026-09-11T00:40:40.869098+00:00,200,10180.23,
2026-09-11T00:40:35.779904+00:00,200,15273.61,
2026-09-11T00:40:44.244485+00:00,200,6824.76,
2026-09-11T00:40:42.746888+00:00,200,8337.66,
2026-09-11T00:40:50.041019+00:00,200,1070.41,
2026-09-11T00:40:34.405191+00:00,200,16728.51,
2026-09-11T00:40:44.228608+00:00,200,6922.58,
2026-09-11T00:40:38.302944+00:00,200,12856.40,
2026-09-11T00:40:32.644843+00:00,200,18518.18,
2026-09-11T00:40:36.061682+00:00,200,15119.18,
2026-09-11T00:40:49.941911+00:00,200,1241.95,
2026-09-11T00:40:32.336659+00:00,200,18856.05,
2026-09-11T00:40:47.683553+00:00,200,3527.20,
2026-09-11T00:40:25.955370+00:00,200,25257.17,
2026-09-11T00:40:44.600490+00:00,200,6655.45,
2026-09-11T00:40:46.312810+00:00,200,4969.00,
2026-09-11T00:40:31.634794+00:00,200,19653.90,
2026-09-11T00:40:43.400317+00:00,200,7893.77,
2026-09-11T00:40:34.082334+00:00,200,17216.39,
2026-09-11T00:40:31.855749+00:00,200,19442.44,
2026-09-11T00:40:47.015470+00:00,200,4293.81,
2026-09-11T00:40:39.350930+00:00,200,11973.82,
2026-09-11T00:40:51.111771+00:00,200,217.98,
2026-09-11T00:40:24.321379+00:00,200,27017.43,
2026-09-11T00:40:39.805220+00:00,200,11573.07,
2026-09-11T00:40:39.243820+00:00,200,12148.27,
2026-09-11T00:40:47.732681+00:00,200,3666.61,
2026-09-11T00:40:43.376829+00:00,200,8033.01,
2026-09-11T00:40:49.417016+00:00,200,2002.91,
2026-09-11T00:40:45.310509+00:00,200,6139.89,
2026-09-11T00:40:40.070460+00:00,200,11384.47,
2026-09-11T00:40:33.344971+00:00,200,18140.15,
2026-09-11T00:40:45.771672+00:00,200,5721.24,
2026-09-11T00:40:48.367912+00:00,200,3131.41,
2026-09-11T00:40:50.666104+00:00,200,836.71,
2026-09-11T00:40:49.415020+00:00,200,2107.48,
2026-09-11T00:40:42.523906+00:00,200,9009.37,
2026-09-11T00:40:50.663988+00:00,200,872.78,
2026-09-11T00:40:50.221114+00:00,200,1318.57,
2026-09-11T00:40:44.156506+00:00,200,7392.77,
2026-09-11T00:40:45.994582+00:00,200,5561.95,
2026-09-11T00:40:50.501254+00:00,200,1078.47,
2026-09-11T00:40:36.894261+00:00,200,14688.40,
2026-09-11T00:40:28.905902+00:00,200,22703.35,
2026-09-11T00:40:42.485384+00:00,200,9129.79,
2026-09-11T00:40:31.357318+00:00,200,20262.75,
2026-09-11T00:40:46.858416+00:00,200,4779.19,
2026-09-11T00:40:40.887816+00:00,200,10768.89,
2026-09-11T00:40:25.979424+00:00,200,25691.57,
2026-09-11T00:40:49.492932+00:00,200,2194.12,
2026-09-11T00:40:48.383456+00:00,200,3322.83,
2026-09-11T00:40:34.230449+00:00,200,17473.35,
2026-09-11T00:40:27.729756+00:00,200,24021.62,
2026-09-11T00:40:49.095293+00:00,200,2659.87,
2026-09-11T00:40:49.740082+00:00,200,2020.52,
2026-09-11T00:40:50.333546+00:00,200,1442.59,
2026-09-11T00:40:44.591882+00:00,200,7194.20,
2026-09-11T00:40:47.208411+00:00,200,4582.12,
2026-09-11T00:40:45.553669+00:00,200,6257.43,
2026-09-11T00:40:38.458876+00:00,200,13362.23,
2026-09-11T00:40:46.367852+00:00,200,5469.60,
2026-09-11T00:40:47.567395+00:00,200,4287.54,
2026-09-11T00:40:51.194992+00:00,200,678.95,
2026-09-11T00:40:50.177329+00:00,200,1700.15,
2026-09-11T00:40:44.537629+00:00,200,7352.78,
2026-09-11T00:40:43.978798+00:00,200,7923.57,
2026-09-11T00:40:49.622260+00:00,200,2289.75,
2026-09-11T00:40:43.316715+00:00,200,8626.07,
2026-09-11T00:40:45.247461+00:00,200,6709.04,
2026-09-11T00:40:47.412439+00:00,200,4559.21,
2026-09-11T00:40:37.418594+00:00,200,14577.86,
2026-09-11T00:40:45.903114+00:00,200,6095.03,
2026-09-11T00:40:48.570901+00:00,200,3448.17,
2026-09-11T00:40:29.719182+00:00,200,22310.90,
2026-09-11T00:40:44.168973+00:00,200,7894.68,
2026-09-11T00:40:49.367988+00:00,200,2700.66,
2026-09-11T00:40:47.714855+00:00,200,4356.00,
2026-09-11T00:40:48.958739+00:00,200,3137.41,
2026-09-11T00:40:45.343924+00:00,200,6766.15,
2026-09-11T00:40:23.877426+00:00,200,28245.37,
2026-09-11T00:40:43.009732+00:00,200,9119.10,
2026-09-11T00:40:45.479553+00:00,200,6659.47,
2026-09-11T00:40:49.487694+00:00,200,2671.74,
2026-09-11T00:40:38.646267+00:00,200,13520.29,
2026-09-11T00:40:33.010036+00:00,200,19206.50,
2026-09-11T00:40:43.899183+00:00,200,8335.15,
2026-09-11T00:40:37.081963+00:00,200,15176.82,
2026-09-11T00:40:51.533785+00:00,200,727.71,
2026-09-11T00:40:38.465320+00:00,200,13799.00,
2026-09-11T00:40:33.781785+00:00,200,18488.78,
2026-09-11T00:40:51.582761+00:00,200,708.94,
2026-09-11T00:40:51.210743+00:00,200,1087.76,
2026-09-11T00:40:42.812525+00:00,200,9523.76,
2026-09-11T00:40:43.592185+00:00,200,8783.88,
2026-09-11T00:40:50.013617+00:00,200,2374.95,
2026-09-11T00:40:42.695138+00:00,200,9706.76,
2026-09-11T00:40:52.191082+00:00,200,213.43,
2026-09-11T00:40:46.805437+00:00,200,5626.62,
2026-09-11T00:40:37.322996+00:00,200,15128.54,
2026-09-11T00:40:40.392426+00:00,200,12061.38,
2026-09-11T00:40:49.061701+00:00,200,3399.18,
2026-09-11T00:40:48.634584+00:00,200,3830.99,
2026-09-11T00:40:49.855292+00:00,200,2616.16,
2026-09-11T00:40:48.685488+00:00,200,3798.61,
2026-09-11T00:40:43.492117+00:00,200,9023.44,
2026-09-11T00:40:48.626412+00:00,200,3899.64,
2026-09-11T00:40:49.312101+00:00,200,3223.52,
2026-09-11T00:40:48.915943+00:00,200,3631.53,
2026-09-11T00:40:35.813501+00:00,200,16760.25,
2026-09-11T00:40:32.035783+00:00,200,20550.72,
2026-09-11T00:40:39.820627+00:00,200,12768.84,
2026-09-11T00:40:50.888907+00:00,200,1705.72,
2026-09-11T00:40:46.826390+00:00,200,5777.21,
2026-09-11T00:40:45.301184+00:00,200,7321.04,
2026-09-11T00:40:46.380563+00:00,200,6243.42,
2026-09-11T00:40:38.901974+00:00,200,13725.42,
2026-09-11T00:40:38.927508+00:00,200,13704.12,
2026-09-11T00:40:49.324319+00:00,200,3309.14,
2026-09-11T00:40:38.759213+00:00,200,13906.79,
2026-09-11T00:40:51.486728+00:00,200,1207.61,
2026-09-11T00:40:49.763803+00:00,200,2945.83,
2026-09-11T00:40:35.873645+00:00,200,16848.28,
2026-09-11T00:40:48.799253+00:00,200,3942.79,
2026-09-11T00:40:43.828873+00:00,200,8948.78,
2026-09-11T00:40:50.125196+00:00,200,2679.13,
2026-09-11T00:40:49.076571+00:00,200,3730.34,
2026-09-11T00:40:51.190992+00:00,200,1620.32,
2026-09-11T00:40:47.373319+00:00,200,5455.98,
2026-09-11T00:40:33.707545+00:00,200,19140.94,
2026-09-11T00:40:45.938584+00:00,200,6917.34,
2026-09-11T00:40:32.755519+00:00,200,20106.23,
2026-09-11T00:40:41.355831+00:00,200,11519.22,
2026-09-11T00:40:48.867861+00:00,200,4026.93,
2026-09-11T00:40:47.498165+00:00,200,5413.34,
2026-09-11T00:40:43.148952+00:00,200,9774.73,
2026-09-11T00:40:50.028771+00:00,200,2902.86,
2026-09-11T00:40:43.872993+00:00,200,9070.51,
2026-09-11T00:40:48.191706+00:00,200,4755.02,
2026-09-11T00:40:43.124003+00:00,200,9824.45,
2026-09-11T00:40:38.209487+00:00,200,14748.50,
2026-09-11T00:40:51.890148+00:00,200,1082.22,
2026-09-11T00:40:52.806859+00:00,200,196.05,
2026-09-11T00:40:39.605036+00:00,200,13401.72,
2026-09-11T00:40:38.350586+00:00,200,14668.57,
2026-09-11T00:40:43.768600+00:00,200,9261.57,
2026-09-11T00:40:35.244461+00:00,200,17789.13,
2026-09-11T00:40:34.246458+00:00,200,18788.58,
2026-09-11T00:40:47.970568+00:00,200,5073.74,
2026-09-11T00:40:43.296599+00:00,200,9772.46,
2026-09-11T00:40:44.987656+00:00,200,8088.82,
2026-09-11T00:40:51.656705+00:00,200,1428.91,
2026-09-11T00:40:48.975249+00:00,200,4126.04,
2026-09-11T00:40:48.233597+00:00,200,4875.65,
2026-09-11T00:40:29.259664+00:00,200,23861.11,
2026-09-11T00:40:48.057568+00:00,200,5088.83,
2026-09-11T00:40:31.073142+00:00,200,22076.05,
2026-09-11T00:40:52.030400+00:00,200,1131.34,
2026-09-11T00:40:50.287247+00:00,200,2877.89,
2026-09-11T00:40:49.410618+00:00,200,3756.19,
2026-09-11T00:40:40.316547+00:00,200,12852.84,
2026-09-11T00:40:43.705185+00:00,200,9483.40,
2026-09-11T00:40:48.432003+00:00,200,4771.00,
2026-09-11T00:40:48.560639+00:00,200,4644.96,
2026-09-11T00:40:47.647119+00:00,200,5560.31,
2026-09-11T00:40:49.718867+00:00,200,3492.60,
2026-09-11T00:40:39.228629+00:00,200,14009.23,
2026-09-11T00:40:51.410777+00:00,200,1835.29,
2026-09-11T00:40:38.317840+00:00,200,14931.46,
2026-09-11T00:40:51.622376+00:00,200,1650.63,
2026-09-11T00:40:51.455727+00:00,200,1848.25,
2026-09-11T00:40:39.201663+00:00,200,14103.21,
2026-09-11T00:40:47.979216+00:00,200,5341.29,
2026-09-11T00:40:33.192582+00:00,200,20149.13,
2026-09-11T00:40:49.932790+00:00,200,3421.70,
2026-09-11T00:40:15.101232+00:00,200,38256.52,
2026-09-11T00:40:50.385490+00:00,200,3004.87,
2026-09-11T00:40:50.850391+00:00,200,2540.90,
2026-09-11T00:40:38.047618+00:00,200,15347.72,
2026-09-11T00:40:42.457115+00:00,200,10943.28,
2026-09-11T00:40:37.551072+00:00,200,15853.91,
2026-09-11T00:40:18.216171+00:00,200,35189.58,
2026-09-11T00:40:53.237822+00:00,200,182.00,
2026-09-11T00:40:50.804454+00:00,200,2623.27,
2026-09-11T00:40:51.731731+00:00,200,1721.96,
2026-09-11T00:40:50.528326+00:00,200,2925.94,
2026-09-11T00:40:41.805150+00:00,200,11659.79,
2026-09-11T00:40:50.263881+00:00,200,3212.21,
2026-09-11T00:40:53.305815+00:00,200,182.01,
2026-09-11T00:40:42.045794+00:00,200,11452.75,
2026-09-11T00:40:53.342976+00:00,200,185.59,
2026-09-11T00:40:49.882629+00:00,200,3648.61,
2026-09-11T00:40:48.493332+00:00,200,5070.90,
2026-09-11T00:40:32.452584+00:00,200,21108.18,
2026-09-11T00:40:50.950259+00:00,200,2621.59,
2026-09-11T00:40:43.855343+00:00,200,9730.77,
2026-09-11T00:40:44.533620+00:00,200,9073.98,
2026-09-11T00:40:24.161952+00:00,200,29460.14,
2026-09-11T00:40:38.619615+00:00,200,15010.25,
2026-09-11T00:40:17.753368+00:00,200,35880.96,
2026-09-11T00:40:51.790115+00:00,200,1853.01,
2026-09-11T00:40:49.342891+00:00,200,4311.44,
2026-09-11T00:40:50.224444+00:00,200,3440.34,
2026-09-11T00:40:51.377854+00:00,200,2313.35,
2026-09-11T00:40:48.864860+00:00,200,4839.20,
2026-09-11T00:40:41.326547+00:00,200,12393.13,
2026-09-11T00:40:47.177418+00:00,200,6551.03,
2026-09-11T00:40:43.608224+00:00,200,10127.24,
2026-09-11T00:40:53.564121+00:00,200,178.51,
2026-09-11T00:40:53.566180+00:00,200,178.50,
2026-09-11T00:40:44.270861+00:00,200,9479.91,
2026-09-11T00:40:43.179335+00:00,200,10591.87,
2026-09-11T00:40:40.213306+00:00,200,13568.07,
2026-09-11T00:40:42.741231+00:00,200,11044.78,
2026-09-11T00:40:33.520136+00:00,200,20266.27,
2026-09-11T00:40:44.208596+00:00,200,9603.84,
2026-09-11T00:40:31.167896+00:00,200,22647.16,
2026-09-11T00:40:40.755941+00:00,200,13072.84,
2026-09-11T00:40:48.049807+00:00,200,5801.15,
2026-09-11T00:40:42.735399+00:00,200,11136.51,
2026-09-11T00:40:44.113690+00:00,200,9761.23,
2026-09-11T00:40:46.348763+00:00,200,7527.74,
2026-09-11T00:40:49.105160+00:00,200,4790.83,
2026-09-11T00:40:41.951063+00:00,200,11955.42,
2026-09-11T00:40:42.942554+00:00,200,10970.70,
2026-09-11T00:40:48.168782+00:00,200,5749.81,
2026-09-11T00:40:33.344971+00:00,200,20572.22,
2026-09-11T00:40:50.280696+00:00,200,3659.69,
2026-09-11T00:40:48.506653+00:00,200,5442.44,
2026-09-11T00:40:49.456779+00:00,200,4495.50,
2026-09-11T00:40:50.161710+00:00,200,3793.08,
2026-09-11T00:40:42.742237+00:00,200,11224.65,
2026-09-11T00:40:51.750934+00:00,200,2217.32,
2026-09-11T00:40:51.511866+00:00,200,2466.74,
2026-09-11T00:40:49.520338+00:00,200,4464.83,
2026-09-11T00:40:45.262297+00:00,200,8800.43,
2026-09-11T00:40:47.296347+00:00,200,6795.95,
2026-09-11T00:40:51.298812+00:00,200,2796.12,
2026-09-11T00:40:46.936367+00:00,200,7179.55,
2026-09-11T00:40:40.368632+00:00,200,13754.07,
2026-09-11T00:40:50.688983+00:00,200,3440.01,
2026-09-11T00:40:48.373161+00:00,200,5760.70,
2026-09-11T00:40:49.960690+00:00,200,4176.83,
2026-09-11T00:40:53.248466+00:00,200,896.10,
2026-09-11T00:40:38.836331+00:00,200,15311.54,
2026-09-11T00:40:42.582367+00:00,200,11631.85,
2026-09-11T00:40:50.270018+00:00,200,3948.70,
2026-09-11T00:40:40.871591+00:00,200,13361.11,
2026-09-11T00:40:27.472837+00:00,200,26778.35,
2026-09-11T00:40:42.802008+00:00,200,11467.04,
2026-09-11T00:40:52.829477+00:00,200,1472.79,
2026-09-11T00:40:49.976155+00:00,200,4334.78,
2026-09-11T00:40:54.092327+00:00,200,221.21,
2026-09-11T00:40:53.528680+00:00,200,815.59,
2026-09-11T00:40:48.843289+00:00,200,5536.80,
2026-09-11T00:40:40.534182+00:00,200,13870.27,
2026-09-11T00:40:42.541696+00:00,200,11907.06,
2026-09-11T00:40:42.946462+00:00,200,11503.96,
2026-09-11T00:40:45.605187+00:00,200,8850.48,
2026-09-11T00:40:53.940196+00:00,200,523.11,
2026-09-11T00:40:44.439521+00:00,200,10029.77,
2026-09-11T00:40:51.671323+00:00,200,2800.35,
2026-09-11T00:40:47.582739+00:00,200,6912.54,
2026-09-11T00:40:51.150378+00:00,200,3349.36,
2026-09-11T00:40:30.550937+00:00,200,23952.55,
2026-09-11T00:40:50.376187+00:00,200,4130.05,
2026-09-11T00:40:49.871925+00:00,200,4655.48,
2026-09-11T00:40:45.980428+00:00,200,8562.84,
2026-09-11T00:40:46.625198+00:00,200,7945.17,
2026-09-11T00:40:49.878942+00:00,200,4707.43,
2026-09-11T00:40:51.522401+00:00,200,3073.41,
2026-09-11T00:40:48.914059+00:00,200,5711.05,
2026-09-11T00:40:45.432484+00:00,200,9194.72,
2026-09-11T00:40:53.420164+00:00,200,1208.57,
2026-09-11T00:40:33.073585+00:00,200,21553.94,
2026-09-11T00:40:52.855734+00:00,200,1782.88,
2026-09-11T00:40:53.719436+00:00,200,943.34,
2026-09-11T00:40:31.293575+00:00,200,23371.23,
2026-09-11T00:40:54.283895+00:00,200,434.56,
2026-09-11T00:40:41.919371+00:00,200,12801.36,
2026-09-11T00:40:48.253669+00:00,200,6475.65,
2026-09-11T00:40:26.352042+00:00,200,28396.25,
2026-09-11T00:40:44.976215+00:00,200,9777.54,
2026-09-11T00:40:41.789717+00:00,200,12995.67,
2026-09-11T00:40:31.821573+00:00,200,22978.52,
2026-09-11T00:40:28.092737+00:00,200,26699.91,
2026-09-11T00:40:51.503290+00:00,200,3308.57,
2026-09-11T00:40:51.053824+00:00,200,3785.31,
2026-09-11T00:40:47.668139+00:00,200,7176.55,
2026-09-11T00:40:49.784636+00:00,200,5067.39,
2026-09-11T00:40:51.329417+00:00,200,3530.11,
2026-09-11T00:40:50.636629+00:00,200,4234.30,
2026-09-11T00:40:24.338737+00:00,200,30546.83,
2026-09-11T00:40:50.037637+00:00,200,4851.78,
2026-09-11T00:40:44.728005+00:00,200,10164.34,
2026-09-11T00:40:52.264100+00:00,200,2654.76,
2026-09-11T00:40:54.720745+00:00,200,205.85,
2026-09-11T00:40:47.064828+00:00,200,7869.64,
2026-09-11T00:40:30.678724+00:00,200,24263.02,
2026-09-11T00:40:47.845906+00:00,200,7106.78,
2026-09-11T00:40:24.115648+00:00,200,30835.20,
2026-09-11T00:40:53.742457+00:00,200,1215.27,
2026-09-11T00:40:36.863271+00:00,200,18139.55,
2026-09-11T00:40:50.515925+00:00,200,4500.01,
2026-09-11T00:40:52.471077+00:00,200,2556.10,
2026-09-11T00:40:40.188149+00:00,200,14854.49,
2026-09-11T00:40:49.100162+00:00,200,5945.34,
2026-09-11T00:40:54.852048+00:00,200,196.11,
2026-09-11T00:40:52.453443+00:00,200,2601.89,
2026-09-11T00:40:47.784511+00:00,200,7271.85,
2026-09-11T00:40:48.377160+00:00,200,6682.19,
2026-09-11T00:40:52.166204+00:00,200,2894.05,
2026-09-11T00:40:22.388831+00:00,200,32683.03,
2026-09-11T00:40:53.635720+00:00,200,1443.72,
2026-09-11T00:40:52.335857+00:00,200,2748.07,
2026-09-11T00:40:53.642938+00:00,200,1470.46,
2026-09-11T00:40:48.084950+00:00,200,7041.74,
2026-09-11T00:40:21.864055+00:00,200,33274.47,
2026-09-11T00:40:51.857741+00:00,200,3299.14,
2026-09-11T00:40:54.095329+00:00,200,1086.61,
2026-09-11T00:40:53.428267+00:00,200,1755.69,
2026-09-11T00:40:43.579590+00:00,200,11615.87,
2026-09-11T00:40:37.249155+00:00,200,17947.57,
2026-09-11T00:40:38.589502+00:00,200,16610.84,
2026-09-11T00:40:38.941375+00:00,200,16260.68,
2026-09-11T00:40:41.567799+00:00,200,13651.93,
2026-09-11T00:40:47.212411+00:00,200,8023.39,
2026-09-11T00:40:53.035011+00:00,200,2214.58,
2026-09-11T00:40:48.181423+00:00,200,7073.41,
2026-09-11T00:40:54.031824+00:00,200,1243.38,
2026-09-11T00:40:53.272931+00:00,200,2015.50,
2026-09-11T00:40:46.486291+00:00,200,8812.97,
2026-09-11T00:40:54.627692+00:00,200,674.69,
2026-09-11T00:40:49.563934+00:00,200,5747.30,
2026-09-11T00:40:48.381457+00:00,200,6935.75,
2026-09-11T00:40:49.271783+00:00,200,6064.83,
2026-09-11T00:40:46.171119+00:00,200,9171.44,
2026-09-11T00:40:32.028318+00:00,200,23326.39,
2026-09-11T00:40:55.182071+00:00,200,178.20,
2026-09-11T00:40:53.665095+00:00,200,1703.57,
2026-09-11T00:40:36.653687+00:00,200,18721.29,
2026-09-11T00:40:44.401445+00:00,200,11004.47,
2026-09-11T00:40:47.828634+00:00,200,7586.31,
2026-09-11T00:40:53.648516+00:00,200,1774.88,
2026-09-11T00:40:51.874437+00:00,200,3556.50,
2026-09-11T00:40:46.751149+00:00,200,8696.94,
2026-09-11T00:40:33.520136+00:00,200,21923.94,
2026-09-11T00:40:47.033325+00:00,200,8432.46,
2026-09-11T00:40:49.901179+00:00,200,5585.14,
2026-09-11T00:40:51.810790+00:00,200,3686.52,
2026-09-11T00:40:51.325418+00:00,200,4193.42,
2026-09-11T00:40:48.426926+00:00,200,7094.03,
2026-09-11T00:40:33.866327+00:00,200,21657.92,
2026-09-11T00:40:47.907538+00:00,200,7636.13,
2026-09-11T00:40:53.751059+00:00,200,1799.64,
2026-09-11T00:40:51.877438+00:00,200,3677.00,
2026-09-11T00:40:43.214621+00:00,200,12341.95,
2026-09-11T00:40:45.578067+00:00,200,9986.30,
2026-09-11T00:40:35.007790+00:00,200,20564.37,
2026-09-11T00:40:52.064229+00:00,200,3522.14,
2026-09-11T00:40:48.815843+00:00,200,6777.48,
2026-09-11T00:40:55.451632+00:00,200,147.13,
2026-09-11T00:40:46.507531+00:00,200,9104.93,
2026-09-11T00:40:39.629054+00:00,200,15991.13,
2026-09-11T00:40:47.201683+00:00,200,8425.34,
2026-09-11T00:40:53.536871+00:00,200,2112.95,
2026-09-11T00:40:42.077050+00:00,200,13583.03,
2026-09-11T00:40:52.432878+00:00,200,3232.41,
2026-09-11T00:40:48.473201+00:00,200,7208.06,
2026-09-11T00:40:42.924893+00:00,200,12758.76,
2026-09-11T00:40:45.948139+00:00,200,9751.33,
2026-09-11T00:40:51.755668+00:00,200,3951.76,
2026-09-11T00:40:52.096151+00:00,200,3624.81,
2026-09-11T00:40:54.586996+00:00,200,1148.28,
2026-09-11T00:40:54.751251+00:00,200,986.66,
2026-09-11T00:40:49.601765+00:00,200,6148.28,
2026-09-11T00:40:49.264826+00:00,200,6490.17,
2026-09-11T00:40:40.758043+00:00,200,15015.95,
2026-09-11T00:40:47.385552+00:00,200,8396.35,
2026-09-11T00:40:38.095218+00:00,200,17691.85,
2026-09-11T00:40:52.678377+00:00,200,3114.50,
2026-09-11T00:40:50.551329+00:00,200,5259.07,
2026-09-11T00:40:55.659962+00:00,200,159.04,
2026-09-11T00:40:45.493867+00:00,200,10342.35,
2026-09-11T00:40:54.218321+00:00,200,1631.46,
2026-09-11T00:40:53.043498+00:00,200,2823.68,
2026-09-11T00:40:44.254898+00:00,200,11617.60,
2026-09-11T00:40:48.454500+00:00,200,7422.38,
2026-09-11T00:40:47.338911+00:00,200,8545.29,
2026-09-11T00:40:39.100658+00:00,200,16792.69,
2026-09-11T00:40:32.883286+00:00,200,23021.68,
2026-09-11T00:40:47.771856+00:00,200,8152.35,
2026-09-11T00:40:39.431299+00:00,200,16493.78,
2026-09-11T00:40:24.095014+00:00,200,31831.32,
2026-09-11T00:40:44.711341+00:00,200,11233.49,
2026-09-11T00:40:37.008636+00:00,200,18939.57,
2026-09-11T00:40:34.496121+00:00,200,21454.43,
2026-09-11T00:40:50.971970+00:00,200,4979.16,
2026-09-11T00:40:37.460819+00:00,200,18503.06,
2026-09-11T00:40:55.665312+00:00,200,315.22,
2026-09-11T00:40:53.006946+00:00,200,2975.16,
2026-09-11T00:40:49.936302+00:00,200,6057.23,
2026-09-11T00:40:51.761226+00:00,200,4234.39,
2026-09-11T00:40:42.981099+00:00,200,13020.85,
2026-09-11T00:40:48.551984+00:00,200,7452.34,
2026-09-11T00:40:55.045050+00:00,200,977.81,
2026-09-11T00:40:54.615525+00:00,200,1432.98,
2026-09-11T00:40:21.201604+00:00,200,34851.12,
2026-09-11T00:40:48.501187+00:00,200,7585.43,
2026-09-11T00:40:53.606918+00:00,200,2502.35,
2026-09-11T00:40:53.109855+00:00,200,3006.78,
2026-09-11T00:40:53.203344+00:00,200,2918.22,
2026-09-11T00:40:46.630372+00:00,200,9503.08,
2026-09-11T00:40:55.734487+00:00,200,419.00,
2026-09-11T00:40:52.947291+00:00,200,3209.85,
2026-09-11T00:40:38.449588+00:00,200,17709.24,
2026-09-11T00:40:44.632475+00:00,200,11534.38,
2026-09-11T00:40:43.864623+00:00,200,12304.43,
2026-09-11T00:40:26.521289+00:00,200,29648.23,
2026-09-11T00:40:50.283745+00:00,200,5892.58,
2026-09-11T00:40:17.463670+00:00,200,38718.20,
2026-09-11T00:40:55.016260+00:00,200,1177.13,
2026-09-11T00:40:51.556808+00:00,200,4663.22,
2026-09-11T00:40:39.087947+00:00,200,17133.66,
2026-09-11T00:40:48.243973+00:00,200,8012.32,
2026-09-11T00:40:33.840871+00:00,200,22413.49,
2026-09-11T00:40:48.093983+00:00,200,8174.36,
2026-09-11T00:40:49.202184+00:00,200,7067.44,
2026-09-11T00:40:53.844405+00:00,200,2429.17,
2026-09-11T00:40:56.109949+00:00,200,177.48,
2026-09-11T00:40:42.703821+00:00,200,13592.26,
2026-09-11T00:40:37.964427+00:00,200,18333.83,
2026-09-11T00:40:33.837774+00:00,200,22471.04,
2026-09-11T00:40:55.405940+00:00,200,919.85,
2026-09-11T00:40:37.851648+00:00,200,18486.48,
2026-09-11T00:40:51.086591+00:00,200,5256.68,
2026-09-11T00:40:45.766863+00:00,200,10586.05,
2026-09-11T00:40:55.183071+00:00,200,1178.50,
2026-09-11T00:40:53.400309+00:00,200,2971.03,
2026-09-11T00:40:53.967129+00:00,200,2412.62,
2026-09-11T00:40:54.859565+00:00,200,1523.02,
2026-09-11T00:40:51.133669+00:00,200,5270.53,
2026-09-11T00:40:51.820151+00:00,200,4591.52,
2026-09-11T00:40:53.791127+00:00,200,2631.33,
2026-09-11T00:40:47.088757+00:00,200,9349.45,
2026-09-11T00:40:40.462130+00:00,200,15979.95,
2026-09-11T00:40:45.166251+00:00,200,11285.61,
2026-09-11T00:40:34.052126+00:00,200,22415.22,
2026-09-11T00:40:53.390075+00:00,200,3082.56,
2026-09-11T00:40:55.666312+00:00,200,828.16,
2026-09-11T00:40:55.083960+00:00,200,1429.03,
2026-09-11T00:40:43.857483+00:00,200,12660.13,
2026-09-11T00:40:46.757486+00:00,200,9776.82,
2026-09-11T00:40:47.304402+00:00,200,9237.52,
2026-09-11T00:40:51.776452+00:00,200,4768.38,
2026-09-11T00:40:55.126555+00:00,200,1427.95,
2026-09-11T00:40:55.485927+00:00,200,1076.19,
2026-09-11T00:40:55.219313+00:00,200,1348.04,
2026-09-11T00:40:53.465219+00:00,200,3111.45,
2026-09-11T00:40:54.255091+00:00,200,2327.57,
2026-09-11T00:40:43.808348+00:00,200,12792.35,
2026-09-11T00:40:52.590134+00:00,200,4014.30,
2026-09-11T00:40:40.542514+00:00,200,16067.14,
2026-09-11T00:40:44.283665+00:00,200,12328.77,
2026-09-11T00:40:50.321078+00:00,200,6305.65,
2026-09-11T00:40:47.474078+00:00,200,9170.11,
2026-09-11T00:40:51.492658+00:00,200,5161.05,
2026-09-11T00:40:14.990425+00:00,200,41661.99,
2026-09-11T00:40:50.277392+00:00,200,6388.47,
2026-09-11T00:40:46.331570+00:00,200,10345.41,
2026-09-11T00:40:46.594700+00:00,200,10108.75,
2026-09-11T00:40:54.128896+00:00,200,2601.36,
2026-09-11T00:40:54.811534+00:00,200,1928.15,
2026-09-11T00:40:54.630203+00:00,200,2123.80,
2026-09-11T00:40:42.618832+00:00,200,14141.22,
2026-09-11T00:40:44.492395+00:00,200,12273.68,
2026-09-11T00:40:56.153632+00:00,200,620.62,
2026-09-11T00:40:56.533868+00:00,200,247.56,
2026-09-11T00:40:50.936594+00:00,200,5855.14,
2026-09-11T00:40:44.488718+00:00,200,12321.93,
2026-09-11T00:40:55.255327+00:00,200,1558.79,
2026-09-11T00:40:45.829980+00:00,200,10989.40,
2026-09-11T00:40:34.795502+00:00,200,22014.86,
2026-09-11T00:40:54.147295+00:00,200,2680.30,
2026-09-11T00:40:47.454365+00:00,200,9381.93,
2026-09-11T00:40:56.704019+00:00,200,134.03,
2026-09-11T00:40:53.785943+00:00,200,3056.30,
2026-09-11T00:40:45.185456+00:00,200,11658.53,
2026-09-11T00:40:42.424634+00:00,200,14421.89,
2026-09-11T00:40:47.020143+00:00,200,9863.02,
2026-09-11T00:40:56.759922+00:00,200,127.67,
2026-09-11T00:40:50.453083+00:00,200,6441.58,
2026-09-11T00:40:40.809853+00:00,200,16090.32,
2026-09-11T00:40:42.246761+00:00,200,14660.62,
2026-09-11T00:40:53.392078+00:00,200,3519.45,
2026-09-11T00:40:56.791886+00:00,200,156.62,
2026-09-11T00:40:50.978768+00:00,200,5990.94,
2026-09-11T00:40:44.578718+00:00,200,12397.87,
2026-09-11T00:40:50.884559+00:00,200,6107.25,
2026-09-11T00:40:43.723113+00:00,200,13275.95,
2026-09-11T00:40:53.498248+00:00,200,3506.42,
2026-09-11T00:40:56.297562+00:00,200,731.01,
2026-09-11T00:40:51.181618+00:00,200,5853.78,
2026-09-11T00:40:51.049307+00:00,200,5987.54,
2026-09-11T00:40:54.513030+00:00,200,2549.07,
2026-09-11T00:40:54.527673+00:00,200,2540.85,
2026-09-11T00:40:46.279995+00:00,200,10798.76,
2026-09-11T00:40:56.177688+00:00,200,904.83,
2026-09-11T00:40:43.249998+00:00,200,13858.25,
2026-09-11T00:40:28.065181+00:00,200,29045.23,
2026-09-11T00:40:30.947145+00:00,200,26166.75,
2026-09-11T00:40:56.171278+00:00,200,945.44,
2026-09-11T00:40:42.316590+00:00,200,14801.02,
2026-09-11T00:40:47.085550+00:00,200,10054.52,
2026-09-11T00:40:54.494518+00:00,200,2672.41,
2026-09-11T00:40:31.452506+00:00,200,25709.46,
2026-09-11T00:40:48.747119+00:00,200,8431.20,
2026-09-11T00:40:52.494049+00:00,200,4710.37,
2026-09-11T00:40:52.292203+00:00,200,4914.94,
2026-09-11T00:40:55.299174+00:00,200,1916.47,
2026-09-11T00:40:55.207654+00:00,200,2039.37,
2026-09-11T00:40:51.020615+00:00,200,6253.82,
2026-09-11T00:40:51.637742+00:00,200,5640.45,
2026-09-11T00:40:56.644303+00:00,200,650.19,
2026-09-11T00:40:54.450480+00:00,200,2860.33,
2026-09-11T00:40:49.449333+00:00,200,7863.63,
2026-09-11T00:40:45.987524+00:00,200,11328.23,
2026-09-11T00:40:55.915416+00:00,200,1415.50,
2026-09-11T00:40:54.144988+00:00,200,3206.54,
2026-09-11T00:40:49.380196+00:00,200,8001.98,
2026-09-11T00:40:57.036067+00:00,200,356.98,
2026-09-11T00:40:42.556126+00:00,200,14839.93,
2026-09-11T00:40:51.406771+00:00,200,6003.21,
2026-09-11T00:40:52.604098+00:00,200,4811.18,
2026-09-11T00:40:36.196674+00:00,200,21221.85,
2026-09-11T00:40:22.449401+00:00,200,34979.45,
2026-09-11T00:40:37.127646+00:00,200,20305.62,
2026-09-11T00:40:47.196019+00:00,200,10246.25,
2026-09-11T00:40:45.362565+00:00,200,12083.98,
2026-09-11T00:40:52.547364+00:00,200,4900.52,
2026-09-11T00:40:51.499287+00:00,200,5952.67,
2026-09-11T00:40:47.720465+00:00,200,9744.19,
2026-09-11T00:40:35.387995+00:00,200,22086.64,
2026-09-11T00:40:54.455883+00:00,200,3033.68,
2026-09-11T00:40:57.351222+00:00,200,161.68,
2026-09-11T00:40:43.131323+00:00,200,14387.19,
2026-09-11T00:40:55.556750+00:00,200,1970.41,
2026-09-11T00:40:52.622399+00:00,200,4912.25,
2026-09-11T00:40:49.425847+00:00,200,8126.74,
2026-09-11T00:40:52.526607+00:00,200,5057.03,
2026-09-11T00:40:48.433004+00:00,200,9153.76,
2026-09-11T00:40:49.840033+00:00,200,7776.31,
2026-09-11T00:40:34.220940+00:00,200,23397.92,
2026-09-11T00:40:49.002172+00:00,200,8622.60,
2026-09-11T00:40:13.531935+00:00,200,44090.91,
2026-09-11T00:40:50.098341+00:00,200,7536.30,
2026-09-11T00:40:42.281809+00:00,200,15389.69,
2026-09-11T00:40:48.013447+00:00,200,9672.57,
2026-09-11T00:40:53.949357+00:00,200,3744.11,
2026-09-11T00:40:49.868999+00:00,200,7832.20,
2026-09-11T00:40:51.855384+00:00,200,5870.62,
2026-09-11T00:40:44.695836+00:00,200,13059.37,
2026-09-11T00:40:51.836762+00:00,200,5923.25,
2026-09-11T00:40:50.678382+00:00,200,7101.43,
2026-09-11T00:40:46.710083+00:00,200,11077.61,
2026-09-11T00:40:42.218182+00:00,200,15586.14,
2026-09-11T00:40:48.743937+00:00,200,9068.32,
2026-09-11T00:40:40.676349+00:00,200,17151.99,
2026-09-11T00:40:50.853901+00:00,200,6980.30,
2026-09-11T00:40:46.574230+00:00,200,11263.25,
2026-09-11T00:40:33.406711+00:00,200,24435.61,
2026-09-11T00:40:50.408691+00:00,200,7441.77,
2026-09-11T00:40:48.994924+00:00,200,8872.82,
2026-09-11T00:40:52.139151+00:00,200,5731.95,
2026-09-11T00:40:53.075888+00:00,200,4803.72,
2026-09-11T00:40:53.354200+00:00,200,4531.17,
2026-09-11T00:40:41.943657+00:00,200,15945.29,
2026-09-11T00:40:45.434488+00:00,200,12459.06,
2026-09-11T00:40:51.159624+00:00,200,6745.71,
2026-09-11T00:40:44.751028+00:00,200,13159.58,
2026-09-11T00:40:53.211738+00:00,200,4720.57,
2026-09-11T00:40:38.251723+00:00,200,19693.89,
2026-09-11T00:40:55.156775+00:00,200,2808.10,
2026-09-11T00:40:57.834047+00:00,200,156.69,
2026-09-11T00:40:45.824094+00:00,200,12168.55,
2026-09-11T00:40:50.509514+00:00,200,7490.08,
2026-09-11T00:40:55.113908+00:00,200,2896.68,
2026-09-11T00:40:45.337735+00:00,200,12674.19,
2026-09-11T00:40:34.308642+00:00,200,23717.05,
2026-09-11T00:40:56.422329+00:00,200,1629.06,
2026-09-11T00:40:47.467781+00:00,200,10599.46,
2026-09-11T00:40:47.270358+00:00,200,10799.38,
2026-09-11T00:40:55.368263+00:00,200,2710.15,
2026-09-11T00:40:51.288913+00:00,200,6793.03,
2026-09-11T00:40:56.121590+00:00,200,2001.80,
2026-09-11T00:40:56.001696+00:00,200,2129.08,
2026-09-11T00:40:37.543754+00:00,200,20593.19,
2026-09-11T00:40:52.594134+00:00,200,5562.03,
2026-09-11T00:40:42.631284+00:00,200,15526.64,
2026-09-11T00:40:57.616226+00:00,200,545.95,
2026-09-11T00:40:57.991440+00:00,200,193.07,
2026-09-11T00:40:42.073051+00:00,200,16127.79,
2026-09-11T00:40:54.944271+00:00,200,3258.23,
2026-09-11T00:40:34.272860+00:00,200,23935.92,
2026-09-11T00:40:58.044009+00:00,200,190.87,
2026-09-11T00:40:43.340799+00:00,200,14902.70,
2026-09-11T00:40:57.278796+00:00,200,966.80,
2026-09-11T00:40:46.338341+00:00,200,11929.08,
2026-09-11T00:40:34.795502+00:00,200,23472.14,
2026-09-11T00:40:53.121910+00:00,200,5148.42,
2026-09-11T00:40:13.003340+00:00,200,45271.90,
2026-09-11T00:40:33.898007+00:00,200,24383.68,
2026-09-11T00:40:44.178929+00:00,200,14137.90,
2026-09-11T00:40:33.121848+00:00,200,25199.62,
2026-09-11T00:40:54.123380+00:00,200,4219.41,
2026-09-11T00:40:52.972235+00:00,200,5380.63,
2026-09-11T00:40:46.817461+00:00,200,11558.91,
2026-09-11T00:40:50.856873+00:00,200,7521.09,
2026-09-11T00:40:45.022033+00:00,200,13364.31,
2026-09-11T00:40:50.513816+00:00,200,7885.82,
2026-09-11T00:40:47.479079+00:00,200,10922.53,
2026-09-11T00:40:46.161402+00:00,200,12245.04,
2026-09-11T00:40:52.401443+00:00,200,6007.31,
2026-09-11T00:40:56.452871+00:00,200,1958.84,
2026-09-11T00:40:56.116592+00:00,200,2312.62,
2026-09-11T00:40:58.234692+00:00,200,201.23,
2026-09-11T00:40:56.836540+00:00,200,1608.24,
2026-09-11T00:40:51.912304+00:00,200,6539.57,
2026-09-11T00:40:53.358593+00:00,200,5116.04,
2026-09-11T00:40:48.574013+00:00,200,9930.65,
2026-09-11T00:40:55.337074+00:00,200,3177.77,
2026-09-11T00:40:31.570507+00:00,200,26964.13,
2026-09-11T00:40:53.585752+00:00,200,4954.15,
2026-09-11T00:40:52.461055+00:00,200,6084.43,
2026-09-11T00:40:50.433051+00:00,200,8124.45,
2026-09-11T00:40:48.752665+00:00,200,9824.52,
2026-09-11T00:40:57.035067+00:00,200,1547.17,
2026-09-11T00:40:56.219302+00:00,200,2389.40,
2026-09-11T00:40:55.721414+00:00,200,2925.90,
2026-09-11T00:40:43.120821+00:00,200,15528.40,
2026-09-11T00:40:58.162553+00:00,200,494.56,
2026-09-11T00:40:57.583201+00:00,200,1085.01,
2026-09-11T00:40:39.422818+00:00,200,19253.50,
2026-09-11T00:40:47.747094+00:00,200,10931.34,
2026-09-11T00:40:41.693001+00:00,200,16989.90,
2026-09-11T00:40:55.835916+00:00,200,2853.97,
2026-09-11T00:40:46.873959+00:00,200,11841.35,
2026-09-11T00:40:55.994373+00:00,200,2744.53,
2026-09-11T00:40:55.422470+00:00,200,3337.02,
2026-09-11T00:40:56.009034+00:00,200,2764.01,
2026-09-11T00:40:49.453535+00:00,200,9342.32,
2026-09-11T00:40:50.674381+00:00,200,8133.24,
2026-09-11T00:40:57.725912+00:00,200,1091.74,
2026-09-11T00:40:51.303315+00:00,200,7544.42,
2026-09-11T00:40:53.918341+00:00,200,4933.58,
2026-09-11T00:40:47.286468+00:00,200,11566.72,
2026-09-11T00:40:55.196078+00:00,200,3661.29,
2026-09-11T00:40:44.272091+00:00,200,14589.04,
2026-09-11T00:40:42.761192+00:00,200,16107.51,
2026-09-11T00:40:43.355247+00:00,200,15515.12,
2026-09-11T00:40:47.918482+00:00,200,10962.15,
2026-09-11T00:40:45.706357+00:00,200,13177.87,
2026-09-11T00:40:50.622224+00:00,200,8268.47,
2026-09-11T00:40:26.401310+00:00,200,32490.13,
2026-09-11T00:40:57.010848+00:00,200,1888.25,
2026-09-11T00:40:57.553113+00:00,200,1365.67,
2026-09-11T00:40:31.844344+00:00,200,27099.74,
2026-09-11T00:40:44.994888+00:00,200,13965.76,
2026-09-11T00:40:30.658228+00:00,200,28303.83,
2026-09-11T00:40:48.128045+00:00,200,10847.84,
2026-09-11T00:40:52.515124+00:00,200,6472.18,
2026-09-11T00:40:49.557739+00:00,200,9434.51,
2026-09-11T00:40:55.823559+00:00,200,3171.15,
2026-09-11T00:40:34.568403+00:00,200,24438.57,
2026-09-11T00:40:46.158401+00:00,200,12895.33,
2026-09-11T00:40:44.653161+00:00,200,14409.34,
2026-09-11T00:40:57.311433+00:00,200,1754.53,
2026-09-11T00:40:57.029013+00:00,200,2042.84,
2026-09-11T00:40:34.873961+00:00,200,24198.31,
2026-09-11T00:40:56.567440+00:00,200,2513.49,
2026-09-11T00:40:45.955165+00:00,200,13129.81,
2026-09-11T00:40:58.647700+00:00,200,454.86,
2026-09-11T00:40:57.622230+00:00,200,1488.35,
2026-09-11T00:40:50.865523+00:00,200,8247.30,
2026-09-11T00:40:56.063844+00:00,200,3050.68,
2026-09-11T00:40:34.382905+00:00,200,24741.07,
2026-09-11T00:40:58.760165+00:00,200,396.45,
2026-09-11T00:40:53.036011+00:00,200,6121.93,
2026-09-11T00:40:52.233926+00:00,200,6936.41,
2026-09-11T00:40:48.366913+00:00,200,10836.91,
2026-09-11T00:40:52.258966+00:00,200,6960.85,
2026-09-11T00:40:45.205396+00:00,200,14046.94,
2026-09-11T00:40:50.140926+00:00,200,9118.47,
2026-09-11T00:40:48.189704+00:00,200,11075.96,
2026-09-11T00:40:59.129550+00:00,200,148.52,
2026-09-11T00:40:55.819157+00:00,200,3462.58,
2026-09-11T00:40:45.631725+00:00,200,13654.21,
2026-09-11T00:40:52.073459+00:00,200,7215.02,
2026-09-11T00:40:48.300284+00:00,200,10992.88,
2026-09-11T00:40:53.405309+00:00,200,5944.48,
2026-09-11T00:40:33.688415+00:00,200,25665.71,
2026-09-11T00:40:57.870486+00:00,200,1486.51,
2026-09-11T00:40:47.857465+00:00,200,11503.26,
2026-09-11T00:40:53.441820+00:00,200,5928.11,
2026-09-11T00:40:52.109878+00:00,200,7261.35,
2026-09-11T00:40:49.499830+00:00,200,9873.67,
2026-09-11T00:40:56.004696+00:00,200,3384.88,
2026-09-11T00:40:57.169485+00:00,200,2223.11,
2026-09-11T00:40:44.081341+00:00,200,15318.25,
2026-09-11T00:40:56.842121+00:00,200,2570.46,
2026-09-11T00:40:33.143474+00:00,200,26262.91,
2026-09-11T00:40:52.298507+00:00,200,7128.03,
2026-09-11T00:40:49.051065+00:00,200,10378.10,
2026-09-11T00:40:45.114898+00:00,200,14316.02,
2026-09-11T00:40:58.244699+00:00,200,1200.39,
2026-09-11T00:40:55.925668+00:00,200,3525.98,
2026-09-11T00:40:37.977841+00:00,200,21487.70,
2026-09-11T00:40:46.289123+00:00,200,13180.51,
2026-09-11T00:40:45.441378+00:00,200,14033.83,
2026-09-11T00:40:43.968626+00:00,200,15530.13,
2026-09-11T00:40:51.183619+00:00,200,8316.64,
2026-09-11T00:40:52.866093+00:00,200,6636.98,
2026-09-11T00:40:54.870622+00:00,200,4635.76,
2026-09-11T00:40:51.785823+00:00,200,7732.48,
2026-09-11T00:40:50.670620+00:00,200,8854.82,
2026-09-11T00:40:50.730682+00:00,200,8796.67,
2026-09-11T00:40:58.235699+00:00,200,1318.36,
2026-09-11T00:40:57.828264+00:00,200,1740.21,
2026-09-11T00:40:50.049201+00:00,200,9537.86,
2026-09-11T00:40:50.361226+00:00,200,9248.20,
2026-09-11T00:40:56.517870+00:00,200,3107.41,
2026-09-11T00:40:57.628476+00:00,200,1999.50,
2026-09-11T00:40:51.035814+00:00,200,8594.40,
2026-09-11T00:40:49.593023+00:00,200,10046.91,
2026-09-11T00:40:56.739170+00:00,200,2925.20,
2026-09-11T00:40:54.926534+00:00,200,4747.40,
2026-09-11T00:40:45.590473+00:00,200,14087.39,
2026-09-11T00:40:47.738455+00:00,200,11975.83,
2026-09-11T00:40:58.333676+00:00,200,1414.42,
2026-09-11T00:40:34.166774+00:00,200,25599.09,
2026-09-11T00:40:55.518457+00:00,200,4250.73,
2026-09-11T00:40:49.958687+00:00,200,9841.24,
2026-09-11T00:40:46.120997+00:00,200,13683.20,
2026-09-11T00:40:52.957757+00:00,200,6878.56,
2026-09-11T00:40:55.043050+00:00,200,4798.22,
2026-09-11T00:40:49.274994+00:00,200,10571.59,
2026-09-11T00:40:58.012008+00:00,200,1840.84,
2026-09-11T00:40:59.664493+00:00,200,195.49,
2026-09-11T00:40:48.700655+00:00,200,11172.04,
2026-09-11T00:40:49.745082+00:00,200,10141.60,
2026-09-11T00:40:45.973306+00:00,200,13914.58,
2026-09-11T00:40:59.053875+00:00,200,838.57,
2026-09-11T00:40:27.256760+00:00,200,32637.82,
2026-09-11T00:40:48.697112+00:00,200,11203.28,
2026-09-11T00:40:52.895189+00:00,200,7009.20,
2026-09-11T00:40:50.200458+00:00,200,9730.86,
2026-09-11T00:40:44.820687+00:00,200,15113.74,
2026-09-11T00:40:28.331930+00:00,200,31604.51,
2026-09-11T00:40:46.198421+00:00,200,13782.92,
2026-09-11T00:40:42.358354+00:00,200,17628.81,
2026-09-11T00:40:59.800070+00:00,200,190.45,
2026-09-11T00:40:57.755240+00:00,200,2237.55,
2026-09-11T00:40:55.289143+00:00,200,4708.25,
2026-09-11T00:40:54.463727+00:00,200,5555.80,
2026-09-11T00:40:48.998177+00:00,200,11027.91,
2026-09-11T00:40:49.999484+00:00,200,10037.70,
2026-09-11T00:40:53.744459+00:00,200,6304.73,
2026-09-11T00:40:56.901698+00:00,200,3162.11,
2026-09-11T00:40:42.095328+00:00,200,17984.41,
2026-09-11T00:40:55.374558+00:00,200,4708.08,
2026-09-11T00:40:58.772840+00:00,200,1312.42,
2026-09-11T00:40:54.133831+00:00,200,5952.93,
2026-09-11T00:40:46.036887+00:00,200,14068.49,
2026-09-11T00:40:27.782901+00:00,200,32324.42,
2026-09-11T00:40:52.911304+00:00,200,7201.25,
2026-09-11T00:40:26.666680+00:00,200,33444.72,
2026-09-11T00:40:30.153682+00:00,200,29981.66,
2026-09-11T00:40:56.609116+00:00,200,3532.71,
2026-09-11T00:40:55.482929+00:00,200,4662.92,
2026-09-11T00:40:53.069064+00:00,200,7090.65,
2026-09-11T00:40:53.969129+00:00,200,6210.52,
2026-09-11T00:40:56.404215+00:00,200,3800.71,
2026-09-11T00:40:40.976921+00:00,200,19232.91,
2026-09-11T00:40:42.516586+00:00,200,17698.62,
2026-09-11T00:40:41.515601+00:00,200,18726.20,
2026-09-11T00:40:47.583734+00:00,200,12667.28,
2026-09-11T00:40:45.674958+00:00,200,14583.03,
2026-09-11T00:40:54.469493+00:00,200,5791.58,
2026-09-11T00:41:00.105778+00:00,200,157.27,
2026-09-11T00:40:53.692158+00:00,200,6610.92,
2026-09-11T00:40:46.127889+00:00,200,14198.77,
2026-09-11T00:40:44.587034+00:00,200,15780.03,
2026-09-11T00:40:44.594886+00:00,200,15778.72,
2026-09-11T00:40:56.371307+00:00,200,4003.35,
2026-09-11T00:40:49.320079+00:00,200,11067.90,
2026-09-11T00:40:57.760654+00:00,200,2631.99,
2026-09-11T00:40:48.822208+00:00,200,11576.16,
2026-09-11T00:40:58.676297+00:00,200,1725.43,
2026-09-11T00:40:49.244551+00:00,200,11158.76,
2026-09-11T00:40:59.115504+00:00,200,1299.08,
2026-09-11T00:40:53.921341+00:00,200,6499.00,
2026-09-11T00:40:48.085954+00:00,200,12338.48,
2026-09-11T00:40:59.498815+00:00,200,939.59,
2026-09-11T00:40:43.880320+00:00,200,16568.42,
2026-09-11T00:40:42.550893+00:00,200,17909.80,
2026-09-11T00:40:51.613714+00:00,200,8851.80,
2026-09-11T00:40:23.101988+00:00,200,37355.88,
2026-09-11T00:40:59.371330+00:00,200,1107.93,
2026-09-11T00:40:52.783788+00:00,200,7714.22,
2026-09-11T00:40:41.172847+00:00,200,19335.25,
2026-09-11T00:40:57.061597+00:00,200,3448.04,
2026-09-11T00:40:57.464378+00:00,200,3060.51,
2026-09-11T00:40:39.144037+00:00,200,21398.48,
2026-09-11T00:40:58.690595+00:00,200,1857.28,
2026-09-11T00:40:46.924010+00:00,200,13630.14,
2026-09-11T00:40:43.231519+00:00,200,17327.97,
2026-09-11T00:40:48.497145+00:00,200,12066.81,
2026-09-11T00:40:51.942669+00:00,200,8628.55,
2026-09-11T00:40:46.526104+00:00,200,14058.20,
2026-09-11T00:40:58.966560+00:00,200,1618.15,
2026-09-11T00:40:57.811664+00:00,200,2774.32,
2026-09-11T00:40:59.841415+00:00,200,780.31,
2026-09-11T00:40:50.328004+00:00,200,10303.23,
2026-09-11T00:40:53.003194+00:00,200,7630.41,
2026-09-11T00:40:48.801253+00:00,200,11861.38,
2026-09-11T00:40:44.601489+00:00,200,16067.21,
2026-09-11T00:40:46.375372+00:00,200,14315.46,
2026-09-11T00:40:47.312711+00:00,200,13407.39,
2026-09-11T00:40:47.100189+00:00,200,13655.18,
2026-09-11T00:40:42.014133+00:00,200,18743.77,
2026-09-11T00:40:59.308224+00:00,200,1469.68,
2026-09-11T00:40:47.023629+00:00,200,13755.75,
2026-09-11T00:40:59.677892+00:00,200,1113.98,
2026-09-11T00:40:57.451666+00:00,200,3349.00,
2026-09-11T00:40:45.567603+00:00,200,15244.22,
2026-09-11T00:40:52.587894+00:00,200,8236.71,
2026-09-11T00:40:49.527283+00:00,200,11299.13,
2026-09-11T00:40:48.938379+00:00,200,11890.25,
2026-09-11T00:40:56.442396+00:00,200,4415.22,
2026-09-11T00:40:50.398418+00:00,200,10463.69,
2026-09-11T00:40:48.022002+00:00,200,12863.12,
2026-09-11T00:40:30.311946+00:00,200,30574.66,
2026-09-11T00:40:51.450440+00:00,200,9442.84,
2026-09-11T00:40:57.904790+00:00,200,2999.96,
2026-09-11T00:40:57.370526+00:00,200,3536.18,
2026-09-11T00:40:57.890423+00:00,200,3050.76,
2026-09-11T00:40:59.627882+00:00,200,1314.70,
2026-09-11T00:40:56.999732+00:00,200,3947.11,
2026-09-11T00:41:00.204479+00:00,200,748.43,
2026-09-11T00:40:57.642606+00:00,200,3316.57,
2026-09-11T00:40:55.964171+00:00,200,5006.31,
2026-09-11T00:40:49.331503+00:00,200,11662.96,
2026-09-11T00:40:55.399581+00:00,200,5600.77,
2026-09-11T00:41:00.375706+00:00,200,630.92,
2026-09-11T00:40:30.578564+00:00,200,30444.30,
2026-09-11T00:40:56.352630+00:00,200,4680.57,
2026-09-11T00:40:55.200361+00:00,200,5836.22,
2026-09-11T00:40:45.504124+00:00,200,15542.49,
2026-09-11T00:40:43.520880+00:00,200,17532.90,
2026-09-11T00:40:55.497500+00:00,200,5558.92,
2026-09-11T00:40:30.186636+00:00,200,30891.69,
2026-09-11T00:41:00.885318+00:00,200,196.86,
2026-09-11T00:40:49.110710+00:00,200,11985.23,
2026-09-11T00:40:31.579091+00:00,200,29513.21,
2026-09-11T00:40:59.389719+00:00,200,1715.06,
2026-09-11T00:40:40.304695+00:00,200,20821.92,
2026-09-11T00:40:57.886046+00:00,200,3249.45,
2026-09-11T00:40:59.993607+00:00,200,1143.31,
2026-09-11T00:40:59.768043+00:00,200,1370.78,
2026-09-11T00:41:00.086626+00:00,200,1073.75,
2026-09-11T00:40:57.442299+00:00,200,3728.11,
2026-09-11T00:40:53.406797+00:00,200,7768.47,
2026-09-11T00:40:41.837210+00:00,200,19345.78,
2026-09-11T00:40:53.169198+00:00,200,8016.03,
2026-09-11T00:40:59.286038+00:00,200,1931.22,
2026-09-11T00:40:50.401419+00:00,200,10852.10,
2026-09-11T00:40:31.769636+00:00,200,29509.30,
2026-09-11T00:41:00.448931+00:00,200,837.45,
2026-09-11T00:40:48.459384+00:00,200,12842.59,
2026-09-11T00:40:35.658388+00:00,200,25657.91,
2026-09-11T00:40:43.690571+00:00,200,17632.83,
2026-09-11T00:40:15.244847+00:00,200,46090.16,
2026-09-11T00:40:52.070901+00:00,200,9268.10,
2026-09-11T00:40:41.541739+00:00,200,19799.42,
2026-09-11T00:40:55.056878+00:00,200,6286.57,
2026-09-11T00:40:49.214842+00:00,200,12130.16,
2026-09-11T00:40:23.766100+00:00,200,37576.66,
2026-09-11T00:40:53.205697+00:00,200,8153.04,
2026-09-11T00:41:00.100260+00:00,200,1273.67,
2026-09-11T00:40:56.269009+00:00,200,5106.11,
2026-09-11T00:40:55.923668+00:00,200,5453.06,
2026-09-11T00:40:57.284961+00:00,200,4102.34,
2026-09-11T00:40:46.393426+00:00,200,14996.42,
2026-09-11T00:40:56.087254+00:00,200,5314.25,
2026-09-11T00:40:54.344334+00:00,200,7065.25,
2026-09-11T00:40:55.872534+00:00,200,5548.76,
2026-09-11T00:40:57.910158+00:00,200,3512.00,
2026-09-11T00:41:00.791584+00:00,200,659.36,
2026-09-11T00:40:58.975748+00:00,200,2483.53,
2026-09-11T00:40:58.987007+00:00,200,2479.74,
2026-09-11T00:40:57.788447+00:00,200,3704.53,
2026-09-11T00:41:00.367363+00:00,200,1128.08,
2026-09-11T00:40:40.636042+00:00,200,20864.84,
2026-09-11T00:40:56.823261+00:00,200,4682.07,
2026-09-11T00:40:48.397270+00:00,200,13119.48,
2026-09-11T00:40:54.888789+00:00,200,6640.40,
2026-09-11T00:40:49.463979+00:00,200,12085.31,
2026-09-11T00:40:59.445912+00:00,200,2113.35,
2026-09-11T00:40:43.976285+00:00,200,17595.63,
2026-09-11T00:40:44.541884+00:00,200,17042.88,
2026-09-11T00:41:00.142325+00:00,200,1447.83,
2026-09-11T00:40:56.308886+00:00,200,5311.76,
2026-09-11T00:40:57.118277+00:00,200,4509.17,
2026-09-11T00:40:55.360457+00:00,200,6269.63,
2026-09-11T00:40:54.380673+00:00,200,7255.70,
2026-09-11T00:40:54.801940+00:00,200,6839.90,
2026-09-11T00:40:53.571179+00:00,200,8077.07,
2026-09-11T00:41:01.451280+00:00,200,205.16,
2026-09-11T00:40:59.114471+00:00,200,2564.85,
2026-09-11T00:40:51.620143+00:00,200,10081.49,
2026-09-11T00:40:57.512974+00:00,200,4275.41,
2026-09-11T00:40:59.666635+00:00,200,2130.10,
2026-09-11T00:40:50.336551+00:00,200,11466.56,
2026-09-11T00:40:49.953386+00:00,200,11853.10,
2026-09-11T00:40:58.052078+00:00,200,3772.98,
2026-09-11T00:40:50.338858+00:00,200,11495.18,
2026-09-11T00:40:49.811592+00:00,200,12023.13,
2026-09-11T00:40:59.354787+00:00,200,2484.47,
2026-09-11T00:41:01.081142+00:00,200,760.98,
2026-09-11T00:40:45.608627+00:00,200,16244.21,
2026-09-11T00:40:45.454233+00:00,200,16400.50,
2026-09-11T00:40:28.694309+00:00,200,33176.07,
2026-09-11T00:40:30.174165+00:00,200,31705.00,
2026-09-11T00:40:43.331505+00:00,200,18563.82,
2026-09-11T00:40:49.793327+00:00,200,12111.36,
2026-09-11T00:40:22.987403+00:00,200,38914.38,
2026-09-11T00:40:40.290584+00:00,200,21627.41,
2026-09-11T00:40:53.076888+00:00,200,8847.09,
2026-09-11T00:40:56.022594+00:00,200,5914.05,
2026-09-11T00:41:00.586219+00:00,200,1356.82,
2026-09-11T00:41:01.629827+00:00,200,339.04,
2026-09-11T00:40:58.444443+00:00,200,3526.47,
2026-09-11T00:40:52.068905+00:00,200,9906.70,
2026-09-11T00:41:00.210329+00:00,200,1772.26,
2026-09-11T00:40:59.500555+00:00,200,2493.79,
2026-09-11T00:40:54.626692+00:00,200,7370.40,
2026-09-11T00:40:46.929010+00:00,200,15070.47,
2026-09-11T00:40:54.677564+00:00,200,7344.30,
2026-09-11T00:41:01.033117+00:00,200,1000.79,
2026-09-11T00:40:48.712637+00:00,200,13341.02,
2026-09-11T00:40:43.715692+00:00,200,18345.89,
2026-09-11T00:40:35.484183+00:00,200,26594.52,
2026-09-11T00:40:49.354596+00:00,200,12762.67,
2026-09-11T00:40:58.884223+00:00,200,3235.37,
2026-09-11T00:40:55.586592+00:00,200,6544.92,
2026-09-11T00:40:53.453499+00:00,200,8689.02,
2026-09-11T00:40:57.893499+00:00,200,4258.14,
2026-09-11T00:40:46.615727+00:00,200,15544.52,
2026-09-11T00:40:56.599852+00:00,200,5565.34,
2026-09-11T00:40:44.007183+00:00,200,18170.79,
2026-09-11T00:41:01.160774+00:00,200,1044.14,
2026-09-11T00:40:43.858486+00:00,200,18363.35,
2026-09-11T00:40:56.221302+00:00,200,6022.11,
2026-09-11T00:41:02.100773+00:00,200,175.72,
2026-09-11T00:40:55.448631+00:00,200,6833.08,
2026-09-11T00:40:59.887776+00:00,200,2395.23,
2026-09-11T00:41:01.683518+00:00,200,613.68,
2026-09-11T00:40:57.382030+00:00,200,4917.22,
2026-09-11T00:40:44.610544+00:00,200,17701.94,
2026-09-11T00:40:49.820501+00:00,200,12492.71,
2026-09-11T00:41:00.460663+00:00,200,1858.55,
2026-09-11T00:40:56.379263+00:00,200,5942.83,
2026-09-11T00:41:02.151795+00:00,200,191.81,
2026-09-11T00:40:58.268478+00:00,200,4088.06,
2026-09-11T00:40:57.480050+00:00,200,4891.17,
2026-09-11T00:40:51.705799+00:00,200,10673.93,
2026-09-11T00:40:50.859872+00:00,200,11523.17,
2026-09-11T00:41:00.508124+00:00,200,1882.10,
2026-09-11T00:40:50.692095+00:00,200,11711.91,
2026-09-11T00:40:38.753783+00:00,200,23665.84,
2026-09-11T00:40:57.215570+00:00,200,5228.12,
2026-09-11T00:41:00.388616+00:00,200,2088.86,
2026-09-11T00:41:01.175531+00:00,200,1311.14,
2026-09-11T00:40:46.541316+00:00,200,15967.48,
2026-09-11T00:40:46.474044+00:00,200,16046.24,
2026-09-11T00:40:51.294036+00:00,200,11228.20,
2026-09-11T00:41:00.373705+00:00,200,2181.97,
2026-09-11T00:40:44.644730+00:00,200,17927.47,
2026-09-11T00:40:59.252019+00:00,200,3330.46,
2026-09-11T00:40:49.160582+00:00,200,13426.37,
2026-09-11T00:40:52.943983+00:00,200,9668.20,
2026-09-11T00:40:57.004263+00:00,200,5624.04,
2026-09-11T00:40:59.071413+00:00,200,3558.34,
2026-09-11T00:40:38.098573+00:00,200,24543.90,
2026-09-11T00:40:50.680684+00:00,200,11972.73,
2026-09-11T00:40:57.115272+00:00,200,5557.64,
2026-09-11T00:40:48.311769+00:00,200,14365.42,
2026-09-11T00:40:33.983979+00:00,200,28693.27,
2026-09-11T00:40:42.785518+00:00,200,19902.50,
2026-09-11T00:40:49.094293+00:00,200,13609.34,
2026-09-11T00:41:02.508397+00:00,200,196.39,
2026-09-11T00:40:41.576736+00:00,200,21141.72,
2026-09-11T00:40:57.685686+00:00,200,5039.87,
2026-09-11T00:40:22.290964+00:00,200,40438.71,
2026-09-11T00:40:48.251696+00:00,200,14497.52,
2026-09-11T00:40:57.393237+00:00,200,5379.91,
2026-09-11T00:41:00.302867+00:00,200,2488.59,
2026-09-11T00:40:49.077571+00:00,200,13726.49,
2026-09-11T00:40:46.693183+00:00,200,16124.62,
2026-09-11T00:40:44.581031+00:00,200,18248.16,
2026-09-11T00:40:50.422349+00:00,200,12413.28,
2026-09-11T00:41:02.312403+00:00,200,534.49,
2026-09-11T00:40:59.112758+00:00,200,3749.64,
2026-09-11T00:40:58.545622+00:00,200,4323.83,
2026-09-11T00:40:31.167896+00:00,200,31707.24,
2026-09-11T00:40:31.977054+00:00,200,30895.57,
2026-09-11T00:40:50.766116+00:00,200,12132.21,
2026-09-11T00:40:52.742278+00:00,200,10166.20,
2026-09-11T00:41:01.459265+00:00,200,1481.12,
2026-09-11T00:40:39.660745+00:00,200,23290.79,
2026-09-11T00:40:56.887636+00:00,200,6069.45,
2026-09-11T00:40:58.536592+00:00,200,4428.07,
2026-09-11T00:40:41.090564+00:00,200,21885.39,
2026-09-11T00:40:50.583723+00:00,200,12397.91,
2026-09-11T00:40:57.207127+00:00,200,5800.94,
2026-09-11T00:40:39.294549+00:00,200,23723.23,
2026-09-11T00:41:00.326768+00:00,200,2693.95,
2026-09-11T00:40:58.679311+00:00,200,4347.44,
2026-09-11T00:40:51.030664+00:00,200,12019.98,
2026-09-11T00:40:59.836285+00:00,200,3251.59,
2026-09-11T00:41:02.803369+00:00,200,296.21,
2026-09-11T00:40:49.752761+00:00,200,13354.10,
2026-09-11T00:40:55.303182+00:00,200,7816.35,
2026-09-11T00:41:00.621143+00:00,200,2526.36,
2026-09-11T00:40:56.626123+00:00,200,6560.66,
2026-09-11T00:40:52.301508+00:00,200,10886.90,
2026-09-11T00:40:42.828547+00:00,200,20382.82,
2026-09-11T00:40:48.081944+00:00,200,15138.88,
2026-09-11T00:41:02.160087+00:00,200,1064.75,
2026-09-11T00:41:00.478931+00:00,200,2748.18,
2026-09-11T00:41:03.050586+00:00,200,201.67,
2026-09-11T00:40:49.711978+00:00,200,13556.32,
2026-09-11T00:41:01.341607+00:00,200,1937.68,
2026-09-11T00:40:42.974542+00:00,200,20324.24,
2026-09-11T00:40:56.338573+00:00,200,6966.85,
2026-09-11T00:40:54.214186+00:00,200,9095.23,
2026-09-11T00:41:01.942802+00:00,200,1388.99,
2026-09-11T00:40:55.139156+00:00,200,8197.47,
2026-09-11T00:41:00.401861+00:00,200,2963.81,
2026-09-11T00:40:48.919940+00:00,200,14449.83,
2026-09-11T00:41:01.626827+00:00,200,1747.00,
2026-09-11T00:40:59.804071+00:00,200,3585.65,
2026-09-11T00:40:58.890832+00:00,200,4505.40,
2026-09-11T00:41:00.823833+00:00,200,2584.27,
2026-09-11T00:40:55.317723+00:00,200,8099.29,
2026-09-11T00:41:01.346608+00:00,200,2087.23,
2026-09-11T00:40:39.651870+00:00,200,23792.01,
2026-09-11T00:40:46.174685+00:00,200,17271.16,
2026-09-11T00:40:55.572584+00:00,200,7878.90,
2026-09-11T00:41:01.589510+00:00,200,1873.59,
2026-09-11T00:40:57.295122+00:00,200,6171.35,
2026-09-11T00:40:53.771043+00:00,200,9747.43,
2026-09-11T00:41:01.530222+00:00,200,2001.51,
2026-09-11T00:40:57.068469+00:00,200,6468.52,
2026-09-11T00:40:58.847718+00:00,200,4718.79,
2026-09-11T00:40:56.653693+00:00,200,6921.69,
2026-09-11T00:40:43.259889+00:00,200,20320.40,
2026-09-11T00:41:03.186925+00:00,200,408.29,
2026-09-11T00:40:56.843121+00:00,200,6757.67,
2026-09-11T00:40:59.943738+00:00,200,3699.82,
2026-09-11T00:41:00.559202+00:00,200,3091.76,
2026-09-11T00:40:59.553769+00:00,200,4107.39,
2026-09-11T00:40:46.591697+00:00,200,17070.88,
2026-09-11T00:40:52.624504+00:00,200,11045.25,
2026-09-11T00:41:00.136099+00:00,200,3587.82,
2026-09-11T00:40:48.005765+00:00,200,15721.59,
2026-09-11T00:40:50.861873+00:00,200,12871.89,
2026-09-11T00:41:01.095867+00:00,200,2646.36,
2026-09-11T00:40:54.625693+00:00,200,9121.09,
2026-09-11T00:41:02.653069+00:00,200,1095.29,
2026-09-11T00:40:55.342858+00:00,200,8430.59,
2026-09-11T00:41:01.835522+00:00,200,1945.87,
2026-09-11T00:41:00.241440+00:00,200,3542.26,
2026-09-11T00:40:46.449069+00:00,200,17347.61,
2026-09-11T00:40:57.330809+00:00,200,6471.47,
2026-09-11T00:41:02.672622+00:00,200,1153.76,
2026-09-11T00:40:58.202692+00:00,200,5624.86,
2026-09-11T00:40:47.584733+00:00,200,16247.41,
2026-09-11T00:41:03.119195+00:00,200,722.63,
2026-09-11T00:40:50.625764+00:00,200,13225.08,
2026-09-11T00:40:48.240973+00:00,200,15626.36,
2026-09-11T00:40:45.480357+00:00,200,18388.12,
2026-09-11T00:40:56.343363+00:00,200,7538.61,
2026-09-11T00:40:59.714454+00:00,200,4192.07,
2026-09-11T00:40:55.947243+00:00,200,7963.44,
2026-09-11T00:41:00.179962+00:00,200,3733.86,
2026-09-11T00:41:03.733333+00:00,200,182.30,
2026-09-11T00:40:36.521024+00:00,200,27422.85,
2026-09-11T00:41:01.997677+00:00,200,1963.21,
2026-09-11T00:40:25.796477+00:00,200,38158.05,
2026-09-11T00:40:58.944281+00:00,200,5036.29,
2026-09-11T00:40:59.203690+00:00,200,4791.56,
2026-09-11T00:40:59.158080+00:00,200,4845.39,
2026-09-11T00:40:56.581994+00:00,200,7446.47,
2026-09-11T00:41:01.636367+00:00,200,2400.08,
2026-09-11T00:40:58.376045+00:00,200,5677.03,
2026-09-11T00:41:00.577132+00:00,200,3493.88,
2026-09-11T00:41:00.942628+00:00,200,3142.40,
2026-09-11T00:41:01.824222+00:00,200,2280.46,
2026-09-11T00:40:58.210188+00:00,200,5913.67,
2026-09-11T00:41:01.841937+00:00,200,2317.88,
2026-09-11T00:40:57.850842+00:00,200,6328.92,
2026-09-11T00:40:48.137479+00:00,200,16050.35,
2026-09-11T00:40:48.441264+00:00,200,15755.53,
2026-09-11T00:40:59.569021+00:00,200,4652.19,
2026-09-11T00:40:58.184994+00:00,200,6043.68,
2026-09-11T00:40:33.570497+00:00,200,30667.37,
2026-09-11T00:40:50.980597+00:00,200,13267.97,
2026-09-11T00:40:55.737494+00:00,200,8525.45,
2026-09-11T00:41:03.007421+00:00,200,1275.67,
2026-09-11T00:41:02.702832+00:00,200,1582.87,
2026-09-11T00:40:53.955480+00:00,200,10335.08,
2026-09-11T00:40:56.613115+00:00,200,7682.46,
2026-09-11T00:41:04.071288+00:00,200,236.04,
2026-09-11T00:40:54.918862+00:00,200,9400.42,
2026-09-11T00:40:51.687124+00:00,200,12650.79,
2026-09-11T00:40:46.633409+00:00,200,17714.59,
2026-09-11T00:40:59.527941+00:00,200,4822.48,
2026-09-11T00:40:51.548457+00:00,200,12834.37,
2026-09-11T00:40:55.524724+00:00,200,8861.10,
2026-09-11T00:40:53.146163+00:00,200,11243.47,
2026-09-11T00:41:04.179726+00:00,200,233.27,
2026-09-11T00:40:47.677892+00:00,200,16766.65,
2026-09-11T00:40:52.948296+00:00,200,11507.90,
2026-09-11T00:40:58.633981+00:00,200,5827.58,
2026-09-11T00:40:55.079646+00:00,200,9427.39,
2026-09-11T00:40:53.985166+00:00,200,10537.11,
2026-09-11T00:40:45.330287+00:00,200,19197.65,
2026-09-11T00:40:35.880512+00:00,200,28655.25,
2026-09-11T00:40:40.469049+00:00,200,24076.11,
2026-09-11T00:40:55.927668+00:00,200,8636.06,
2026-09-11T00:40:58.342557+00:00,200,6236.33,
2026-09-11T00:40:33.832237+00:00,200,30758.76,
2026-09-11T00:40:57.633935+00:00,200,6980.98,
2026-09-11T00:41:02.403980+00:00,200,2215.83,
2026-09-11T00:40:51.615143+00:00,200,13008.02,
2026-09-11T00:40:47.654280+00:00,200,16987.35,
2026-09-11T00:40:59.474871+00:00,200,5187.53,
2026-09-11T00:41:01.316723+00:00,200,3362.10,
2026-09-11T00:40:54.232984+00:00,200,10517.38,
2026-09-11T00:40:57.701791+00:00,200,7076.09,
2026-09-11T00:40:59.931290+00:00,200,4848.27,
2026-09-11T00:40:58.992294+00:00,200,5793.06,
2026-09-11T00:40:56.677756+00:00,200,8130.98,
2026-09-11T00:41:00.766770+00:00,200,4057.65,
2026-09-11T00:40:47.597229+00:00,200,17232.09,
2026-09-11T00:40:49.895039+00:00,200,14958.44,
2026-09-11T00:40:59.156079+00:00,200,5700.70,
2026-09-11T00:41:03.995413+00:00,200,914.76,
2026-09-11T00:40:47.129189+00:00,200,17796.84,
2026-09-11T00:41:03.327576+00:00,200,1601.03,
2026-09-11T00:40:56.166277+00:00,200,8777.40,
2026-09-11T00:41:02.976035+00:00,200,1976.05,
2026-09-11T00:40:56.992636+00:00,200,7966.67,
2026-09-11T00:40:53.629175+00:00,200,11331.18,
2026-09-11T00:40:33.516947+00:00,200,31455.45,
2026-09-11T00:40:42.757192+00:00,200,22216.54,
2026-09-11T00:41:01.358253+00:00,200,3657.91,
2026-09-11T00:41:02.704832+00:00,200,2318.27,
2026-09-11T00:40:48.091979+00:00,200,16942.88,
2026-09-11T00:40:47.831436+00:00,200,17226.91,
2026-09-11T00:40:57.693321+00:00,200,7407.08,
2026-09-11T00:40:55.750565+00:00,200,9357.08,
2026-09-11T00:40:44.358417+00:00,200,20750.82,
2026-09-11T00:41:01.907858+00:00,200,3203.32,
2026-09-11T00:40:47.400071+00:00,200,17741.66,
2026-09-11T00:41:03.417031+00:00,200,1776.76,
2026-09-11T00:40:59.392790+00:00,200,5808.72,
2026-09-11T00:40:57.764221+00:00,200,7443.81,
2026-09-11T00:40:56.829551+00:00,200,8380.48,
2026-09-11T00:40:57.094492+00:00,200,8116.94,
2026-09-11T00:40:58.918095+00:00,200,6316.54,
2026-09-11T00:41:00.863800+00:00,200,4374.68,
2026-09-11T00:40:59.219413+00:00,200,6025.07,
2026-09-11T00:41:04.123084+00:00,200,1124.83,
2026-09-11T00:40:58.352740+00:00,200,6900.39,
2026-09-11T00:41:01.917691+00:00,200,3352.28,
2026-09-11T00:40:56.774692+00:00,200,8502.16,
2026-09-11T00:40:53.906801+00:00,200,11409.67,
2026-09-11T00:40:45.698989+00:00,200,19650.27,
2026-09-11T00:40:53.172500+00:00,200,12226.16,
2026-09-11T00:40:50.250946+00:00,200,15179.71,
2026-09-11T00:41:03.127514+00:00,200,2309.56,
2026-09-11T00:41:00.019671+00:00,200,5420.90,
2026-09-11T00:40:42.957205+00:00,200,22493.42,
2026-09-11T00:41:03.651112+00:00,200,1815.57,
2026-09-11T00:41:00.079195+00:00,200,5410.85,
2026-09-11T00:40:59.414534+00:00,200,6082.21,
2026-09-11T00:41:02.522215+00:00,200,2986.25,
2026-09-11T00:40:29.078153+00:00,200,36441.35,
2026-09-11T00:40:57.428621+00:00,200,8124.97,
2026-09-11T00:41:00.553782+00:00,200,5006.40,
2026-09-11T00:41:03.227956+00:00,200,2341.56,
2026-09-11T00:40:46.398238+00:00,200,19179.19,
2026-09-11T00:40:30.906381+00:00,200,34673.93,
2026-09-11T00:40:49.978157+00:00,200,15605.26,
2026-09-11T00:40:56.828505+00:00,200,8764.80,
2026-09-11T00:40:49.590023+00:00,200,16027.01,
2026-09-11T00:41:02.555032+00:00,200,3076.70,
2026-09-11T00:40:55.195078+00:00,200,10447.07,
2026-09-11T00:41:01.006302+00:00,200,4667.03,
2026-09-11T00:41:04.053563+00:00,200,1661.33,
2026-09-11T00:41:04.228086+00:00,200,1501.18,
2026-09-11T00:40:54.802940+00:00,200,10943.95,
2026-09-11T00:40:55.793274+00:00,200,9958.01,
2026-09-11T00:41:02.131347+00:00,200,3621.93,
2026-09-11T00:40:55.415276+00:00,200,10364.91,
2026-09-11T00:41:02.791673+00:00,200,2997.29,
2026-09-11T00:40:58.716006+00:00,200,7085.20,
2026-09-11T00:41:01.036622+00:00,200,4773.62,
2026-09-11T00:40:57.489452+00:00,200,8370.07,
2026-09-11T00:40:58.408958+00:00,200,7453.23,
2026-09-11T00:41:01.478072+00:00,200,4398.77,
2026-09-11T00:40:40.724400+00:00,200,25169.60,
2026-09-11T00:40:55.867339+00:00,200,10034.90,
2026-09-11T00:41:01.056168+00:00,200,4879.54,
2026-09-11T00:40:56.362328+00:00,200,9586.52,
2026-09-11T00:41:03.661439+00:00,200,2326.94,
2026-09-11T00:41:00.261284+00:00,200,5739.77,
2026-09-11T00:40:58.242426+00:00,200,7801.12,
2026-09-11T00:41:02.297565+00:00,200,3753.89,
2026-09-11T00:41:01.136352+00:00,200,4933.79,
2026-09-11T00:40:46.369853+00:00,200,19726.47,
2026-09-11T00:40:54.500499+00:00,200,11598.86,
2026-09-11T00:40:55.951545+00:00,200,10152.87,
2026-09-11T00:41:03.395721+00:00,200,2714.38,
2026-09-11T00:41:00.892656+00:00,200,5223.96,
2026-09-11T00:40:48.205337+00:00,200,17938.76,
2026-09-11T00:41:01.343608+00:00,200,4802.46,
2026-09-11T00:41:00.250743+00:00,200,5910.46,
2026-09-11T00:40:45.761451+00:00,200,20414.27,
2026-09-11T00:40:44.122987+00:00,200,22068.47,
2026-09-11T00:41:05.935742+00:00,200,261.22,
2026-09-11T00:40:45.810304+00:00,200,20392.57,
2026-09-11T00:40:56.562543+00:00,200,9667.31,
2026-09-11T00:40:54.887877+00:00,200,11372.18,
2026-09-11T00:40:53.815046+00:00,200,12446.96,
2026-09-11T00:41:01.500971+00:00,200,4775.94,
2026-09-11T00:41:03.466730+00:00,200,2843.34,
2026-09-11T00:40:53.395076+00:00,200,12953.47,
2026-09-11T00:41:01.262250+00:00,200,5104.70,
2026-09-11T00:41:03.841812+00:00,200,2540.09,
2026-09-11T00:41:01.559317+00:00,200,4825.53,
2026-09-11T00:40:54.504113+00:00,200,11885.58,
2026-09-11T00:41:00.119476+00:00,200,6293.74,
2026-09-11T00:40:58.893831+00:00,200,7525.23,
2026-09-11T00:41:01.833521+00:00,200,4597.92,
2026-09-11T00:40:58.131019+00:00,200,8306.04,
2026-09-11T00:40:47.605532+00:00,200,18853.09,
2026-09-11T00:40:55.981997+00:00,200,10478.15,
2026-09-11T00:40:57.845532+00:00,200,8699.73,
2026-09-11T00:41:06.197528+00:00,200,351.21,
2026-09-11T00:40:55.554593+00:00,200,10998.19,
2026-09-11T00:41:02.683358+00:00,200,3871.11,
2026-09-11T00:40:35.086736+00:00,200,31467.41,
2026-09-11T00:40:49.758488+00:00,200,16800.36,
2026-09-11T00:41:03.746499+00:00,200,2821.69,
2026-09-11T00:41:05.111543+00:00,200,1478.94,
2026-09-11T00:41:01.905079+00:00,200,4695.66,
2026-09-11T00:41:03.913449+00:00,200,2714.79,
2026-09-11T00:41:03.832544+00:00,200,2817.23,
2026-09-11T00:40:45.538733+00:00,200,21138.38,
2026-09-11T00:41:01.892859+00:00,200,4805.75,
2026-09-11T00:40:53.454594+00:00,200,13251.50,
2026-09-11T00:40:59.373593+00:00,200,7338.45,
2026-09-11T00:40:57.880303+00:00,200,8836.49,
2026-09-11T00:40:34.220940+00:00,200,32497.16,
2026-09-11T00:40:56.923630+00:00,200,9801.65,
2026-09-11T00:41:00.584219+00:00,200,6148.93,
2026-09-11T00:41:06.548192+00:00,200,202.51,
2026-09-11T00:40:53.476095+00:00,200,13297.84,
2026-09-11T00:41:00.826349+00:00,200,5951.17,
2026-09-11T00:40:54.955206+00:00,200,11832.34,
2026-09-11T00:40:53.895204+00:00,200,12900.60,
2026-09-11T00:40:59.631085+00:00,200,7200.48,
2026-09-11T00:40:55.781289+00:00,200,11108.16,
2026-09-11T00:40:52.589090+00:00,200,14313.82,
2026-09-11T00:40:58.649322+00:00,200,8255.74,
2026-09-11T00:40:55.027501+00:00,200,11880.88,
2026-09-11T00:40:44.867259+00:00,200,22047.25,
2026-09-11T00:40:58.269479+00:00,200,8663.32,
2026-09-11T00:40:50.783750+00:00,200,16182.46,
2026-09-11T00:41:05.496605+00:00,200,1481.62,
2026-09-11T00:41:06.751446+00:00,200,231.56,
2026-09-11T00:41:06.787679+00:00,200,202.70,
2026-09-11T00:40:52.633806+00:00,200,14358.65,
2026-09-11T00:40:48.940904+00:00,200,18062.87,
2026-09-11T00:40:44.482594+00:00,200,22526.60,
2026-09-11T00:40:58.539321+00:00,200,8484.29,
2026-09-11T00:41:05.316104+00:00,200,1727.61,
2026-09-11T00:41:04.360087+00:00,200,2705.44,
2026-09-11T00:41:05.201259+00:00,200,1867.42,
2026-09-11T00:40:44.417643+00:00,200,22661.92,
2026-09-11T00:41:06.889834+00:00,200,203.16,
2026-09-11T00:41:06.260404+00:00,200,839.96,
2026-09-11T00:41:05.800806+00:00,200,1320.96,
2026-09-11T00:40:59.587220+00:00,200,7552.71,
2026-09-11T00:40:44.168973+00:00,200,23006.57,
2026-09-11T00:41:04.318940+00:00,200,2886.05,
2026-09-11T00:41:01.135698+00:00,200,6074.69,
2026-09-11T00:41:04.038439+00:00,200,3190.81,
2026-09-11T00:40:57.274798+00:00,200,10011.60,
2026-09-11T00:40:49.963882+00:00,200,17338.54,
2026-09-11T00:41:05.861805+00:00,200,1447.02,
2026-09-11T00:40:51.579398+00:00,200,15731.16,
2026-09-11T00:41:01.656343+00:00,200,5665.12,
2026-09-11T00:40:56.654694+00:00,200,10682.31,
2026-09-11T00:40:51.902470+00:00,200,15437.92,
2026-09-11T00:41:01.585200+00:00,200,5758.03,
2026-09-11T00:41:06.871571+00:00,200,477.04,
2026-09-11T00:40:58.522893+00:00,200,8828.67,
2026-09-11T00:41:02.318558+00:00,200,5035.06,
2026-09-11T00:40:44.138648+00:00,200,23224.55,
2026-09-11T00:41:03.365687+00:00,200,4068.25,
2026-09-11T00:40:58.868970+00:00,200,8571.01,
2026-09-11T00:41:01.287290+00:00,200,6174.23,
2026-09-11T00:41:00.524908+00:00,200,6947.46,
2026-09-11T00:40:44.769689+00:00,200,22708.08,
2026-09-11T00:41:03.935432+00:00,200,3548.86,
2026-09-11T00:41:00.953477+00:00,200,6551.17,
2026-09-11T00:41:00.188145+00:00,200,7337.34,
2026-09-11T00:40:55.316724+00:00,200,12245.12,
2026-09-11T00:40:56.976613+00:00,200,10598.60,
2026-09-11T00:41:02.243518+00:00,200,5337.57,
2026-09-11T00:40:35.706391+00:00,200,31876.76,
2026-09-11T00:40:55.649677+00:00,200,11958.74,
2026-09-11T00:40:15.534035+00:00,200,52080.41,
2026-09-11T00:41:03.279097+00:00,200,4373.13,
2026-09-11T00:41:04.564371+00:00,200,3180.41,
2026-09-11T00:40:59.023786+00:00,200,8742.54,
2026-09-11T00:40:50.282745+00:00,200,17512.33,
2026-09-11T00:40:37.196515+00:00,200,30604.61,
2026-09-11T00:41:06.514453+00:00,200,1309.33,
2026-09-11T00:40:52.125480+00:00,200,15700.48,
2026-09-11T00:40:55.787322+00:00,200,12046.15,
2026-09-11T00:40:57.078722+00:00,200,10757.12,
2026-09-11T00:41:00.048993+00:00,200,7788.51,
2026-09-11T00:40:59.992609+00:00,200,7855.99,
2026-09-11T00:40:46.262411+00:00,200,21597.94,
2026-09-11T00:41:04.035929+00:00,200,3827.08,
2026-09-11T00:40:50.681832+00:00,200,17185.22,
2026-09-11T00:40:47.169321+00:00,200,20701.49,
2026-09-11T00:40:51.169472+00:00,200,16705.08,
2026-09-11T00:40:54.506221+00:00,200,13371.26,
2026-09-11T00:40:56.820923+00:00,200,11060.82,
2026-09-11T00:40:59.990601+00:00,200,7893.73,
2026-09-11T00:40:49.053065+00:00,200,18833.93,
2026-09-11T00:40:54.662555+00:00,200,13227.60,
2026-09-11T00:41:04.779860+00:00,200,3112.54,
2026-09-11T00:40:51.084797+00:00,200,16809.96,
2026-09-11T00:40:51.345050+00:00,200,16552.32,
2026-09-11T00:40:58.817353+00:00,200,9082.65,
2026-09-11T00:41:00.904757+00:00,200,6997.54,
2026-09-11T00:41:00.085626+00:00,200,7819.05,
2026-09-11T00:40:45.518553+00:00,200,22389.23,
2026-09-11T00:40:55.598684+00:00,200,12310.24,
2026-09-11T00:41:02.964601+00:00,200,4947.05,
2026-09-11T00:41:06.774768+00:00,200,1175.32,
2026-09-11T00:41:07.562163+00:00,200,391.70,
2026-09-11T00:41:00.108558+00:00,200,7867.62,
2026-09-11T00:40:57.964334+00:00,200,10023.97,
2026-09-11T00:41:07.586528+00:00,200,425.45,
2026-09-11T00:41:02.572887+00:00,200,5469.58,
2026-09-11T00:40:46.623203+00:00,200,21429.42,
2026-09-11T00:41:04.104599+00:00,200,3964.00,
2026-09-11T00:41:05.859804+00:00,200,2211.64,
2026-09-11T00:41:02.054040+00:00,200,6020.82,
2026-09-11T00:41:00.719834+00:00,200,7357.36,
2026-09-11T00:40:57.534096+00:00,200,10544.59,
2026-09-11T00:40:59.860739+00:00,200,8221.03,
2026-09-11T00:40:57.779720+00:00,200,10304.32,
2026-09-11T00:40:41.540738+00:00,200,26545.20,
2026-09-11T00:41:06.903545+00:00,200,1185.20,
2026-09-11T00:40:43.575084+00:00,200,24516.66,
2026-09-11T00:41:04.456355+00:00,200,3637.96,
2026-09-11T00:41:03.369685+00:00,200,4727.91,
2026-09-11T00:41:00.037744+00:00,200,8063.81,
2026-09-11T00:41:02.744263+00:00,200,5361.48,
2026-09-11T00:40:51.399856+00:00,200,16710.85,
2026-09-11T00:40:59.357053+00:00,200,8756.36,
2026-09-11T00:40:48.983454+00:00,200,19132.71,
2026-09-11T00:40:46.241211+00:00,200,21877.95,
2026-09-11T00:40:59.507166+00:00,200,8622.16,
2026-09-11T00:40:55.058879+00:00,200,13092.96,
2026-09-11T00:41:02.187875+00:00,200,5981.59,
2026-09-11T00:41:01.373994+00:00,200,6831.24,
2026-09-11T00:41:01.854547+00:00,200,6359.04,
2026-09-11T00:41:07.744775+00:00,200,475.13,
2026-09-11T00:41:00.258220+00:00,200,8117.07,
2026-09-11T00:41:07.460627+00:00,200,923.55,
2026-09-11T00:41:04.749522+00:00,200,3646.00,
2026-09-11T00:41:04.385478+00:00,200,4034.32,
2026-09-11T00:40:49.035630+00:00,200,19390.50,
2026-09-11T00:40:56.553966+00:00,200,11901.90,
2026-09-11T00:40:59.624882+00:00,200,8856.73,
2026-09-11T00:41:01.788224+00:00,200,6738.13,
2026-09-11T00:40:59.277825+00:00,200,9255.38,
2026-09-11T00:41:03.644312+00:00,200,4909.48,
2026-09-11T00:40:54.934913+00:00,200,13650.70,
2026-09-11T00:41:00.861800+00:00,200,7727.15,
2026-09-11T00:41:00.779104+00:00,200,7830.30,
2026-09-11T00:40:18.126751+00:00,200,50512.82,
2026-09-11T00:41:04.718501+00:00,200,3935.68,
2026-09-11T00:40:59.525941+00:00,200,9132.92,
2026-09-11T00:41:03.600997+00:00,200,5060.64,
2026-09-11T00:41:05.208335+00:00,200,3457.88,
2026-09-11T00:41:03.772537+00:00,200,4896.45,
2026-09-11T00:40:56.258316+00:00,200,12414.86,
2026-09-11T00:40:50.285745+00:00,200,18392.51,
2026-09-11T00:40:44.181930+00:00,200,24539.76,
2026-09-11T00:40:46.955412+00:00,200,21787.22,
2026-09-11T00:40:33.637499+00:00,200,35112.72,
2026-09-11T00:40:59.898387+00:00,200,8868.66,
2026-09-11T00:41:06.389771+00:00,200,2381.86,
2026-09-11T00:41:00.970688+00:00,200,7805.76,
2026-09-11T00:40:59.900396+00:00,200,8879.99,
2026-09-11T00:40:56.544334+00:00,200,12241.08,
2026-09-11T00:41:05.876599+00:00,200,2912.62,
2026-09-11T00:41:04.307424+00:00,200,4486.17,
2026-09-11T00:40:55.774715+00:00,200,13022.94,
2026-09-11T00:40:58.830790+00:00,200,9970.35,
2026-09-11T00:40:46.767798+00:00,200,22038.46,
2026-09-11T00:41:03.943821+00:00,200,4867.27,
2026-09-11T00:41:06.309921+00:00,200,2505.74,
2026-09-11T00:40:55.466369+00:00,200,13352.57,
2026-09-11T00:41:02.061950+00:00,200,6762.16,
2026-09-11T00:41:01.975065+00:00,200,6852.83,
2026-09-11T00:40:53.487793+00:00,200,15344.22,
2026-09-11T00:40:49.287358+00:00,200,19548.96,
2026-09-11T00:41:01.517686+00:00,200,7322.20,
2026-09-11T00:40:54.311499+00:00,200,14531.24,
2026-09-11T00:40:59.169975+00:00,200,9676.75,
2026-09-11T00:41:05.617052+00:00,200,3234.17,
2026-09-11T00:40:55.902588+00:00,200,12954.58,
2026-09-11T00:40:27.948028+00:00,200,40910.58,
2026-09-11T00:40:46.513469+00:00,200,22387.66,
2026-09-11T00:40:50.390024+00:00,200,18522.72,
2026-09-11T00:41:03.028674+00:00,200,5914.97,
2026-09-11T00:40:56.176688+00:00,200,12793.49,
2026-09-11T00:41:07.949361+00:00,200,1048.60,
2026-09-11T00:40:52.693195+00:00,200,16373.22,
2026-09-11T00:40:58.401723+00:00,200,10687.83,
2026-09-11T00:40:58.078827+00:00,200,11063.92,
2026-09-11T00:40:50.011422+00:00,200,19159.02,
2026-09-11T00:41:04.461411+00:00,200,4768.29,
2026-09-11T00:40:48.848590+00:00,200,20439.48,
2026-09-11T00:41:03.463463+00:00,200,5848.31,
2026-09-11T00:41:05.466584+00:00,200,3871.04,
2026-09-11T00:41:08.742559+00:00,200,607.64,
2026-09-11T00:40:56.766158+00:00,200,12595.29,
2026-09-11T00:41:07.205324+00:00,200,2181.23,
2026-09-11T00:40:56.907023+00:00,200,12544.78,
2026-09-11T00:40:58.400723+00:00,200,11059.45,
2026-09-11T00:40:58.582192+00:00,200,10882.22,
2026-09-11T00:41:04.829321+00:00,200,4680.84,
2026-09-11T00:40:56.731049+00:00,200,12825.00,
2026-09-11T00:41:08.750259+00:00,200,823.01,
2026-09-11T00:41:02.477556+00:00,200,7129.52,
2026-09-11T00:41:02.221737+00:00,200,7403.44,
2026-09-11T00:40:37.162798+00:00,200,32468.23,
2026-09-11T00:40:48.648759+00:00,200,20986.80,
2026-09-11T00:41:01.377993+00:00,200,8302.66,
2026-09-11T00:41:07.308660+00:00,200,2399.16,
2026-09-11T00:41:03.336380+00:00,200,6451.46,
2026-09-11T00:40:48.734542+00:00,200,21076.60,
2026-09-11T00:41:01.104346+00:00,200,8721.69,
2026-09-11T00:41:02.884477+00:00,200,6949.48,
2026-09-11T00:40:54.724903+00:00,200,15151.18,
2026-09-11T00:41:05.759134+00:00,200,4146.22,
2026-09-11T00:40:59.265460+00:00,200,10689.89,
2026-09-11T00:41:06.395774+00:00,200,3613.19,
2026-09-11T00:40:47.995091+00:00,200,22036.61,
2026-09-11T00:40:41.362004+00:00,200,28817.75,
2026-09-11T00:41:05.729691+00:00,200,4519.65,
2026-09-11T00:41:09.153967+00:00,200,1102.24,
2026-09-11T00:41:00.487329+00:00,200,9791.27,
2026-09-11T00:41:08.666061+00:00,200,1617.09,
2026-09-11T00:41:03.026672+00:00,200,7288.45,
2026-09-11T00:40:45.998585+00:00,200,24327.38,
2026-09-11T00:41:08.785704+00:00,200,1665.42,
2026-09-11T00:41:02.000404+00:00,200,8474.18,
2026-09-11T00:41:03.837544+00:00,200,6674.03,
2026-09-11T00:40:59.610262+00:00,200,10911.09,
2026-09-11T00:40:58.473755+00:00,200,12071.97,
2026-09-11T00:40:54.844740+00:00,200,15733.05,
2026-09-11T00:41:02.509397+00:00,200,8077.96,
2026-09-11T00:41:00.063715+00:00,200,10552.20,
2026-09-11T00:40:54.839468+00:00,200,15805.86,
2026-09-11T00:41:04.623024+00:00,200,6086.33,
2026-09-11T00:41:10.179586+00:00,200,587.15,
2026-09-11T00:41:00.398859+00:00,200,10381.99,
2026-09-11T00:40:59.769045+00:00,200,11045.88,
2026-09-11T00:40:46.061406+00:00,200,24758.61,
2026-09-11T00:41:08.810627+00:00,200,2087.48,
2026-09-11T00:41:00.374705+00:00,200,10535.53,
2026-09-11T00:41:01.882497+00:00,200,9097.76,
2026-09-11T00:40:49.808722+00:00,200,21198.60,
2026-09-11T00:41:08.814869+00:00,200,2291.06,
2026-09-11T00:41:01.279982+00:00,200,9871.10,
2026-09-11T00:41:04.641814+00:00,200,6516.19,
2026-09-11T00:40:44.364741+00:00,200,26837.48,
2026-09-11T00:41:04.614744+00:00,200,6592.16,
2026-09-11T00:41:09.769061+00:00,200,1464.40,
2026-09-11T00:41:09.311511+00:00,200,1952.42,
2026-09-11T00:41:02.116720+00:00,200,9216.48,
2026-09-11T00:41:04.943565+00:00,200,6397.23,
2026-09-11T00:40:47.327157+00:00,200,24071.75,
2026-09-11T00:41:05.673269+00:00,200,5733.00,
2026-09-11T00:41:04.383477+00:00,200,7042.87,
2026-09-11T00:41:08.091449+00:00,200,3354.12,
2026-09-11T00:40:34.237984+00:00,200,37239.06,
2026-09-11T00:40:51.972350+00:00,200,19544.75,
2026-09-11T00:40:46.941562+00:00,200,24636.49,
2026-09-11T00:40:41.778572+00:00,200,29823.30,
2026-09-11T00:40:57.396237+00:00,200,14285.37,
2026-09-11T00:41:01.063318+00:00,200,10645.81,
2026-09-11T00:40:36.917766+00:00,200,34809.89,
2026-09-11T00:40:56.604852+00:00,200,15130.49,
2026-09-11T00:40:55.994373+00:00,200,15758.22,
2026-09-11T00:41:08.998273+00:00,200,2786.57,
2026-09-11T00:41:08.847521+00:00,200,2975.04,
2026-09-11T00:40:59.431179+00:00,200,12445.11,
2026-09-11T00:41:00.800878+00:00,200,11182.81,
2026-09-11T00:41:05.430314+00:00,200,6567.96,
2026-09-11T00:40:51.212743+00:00,200,20797.57,
2026-09-11T00:40:55.893177+00:00,200,16127.85,
2026-09-11T00:40:53.950355+00:00,200,18088.19,
2026-09-11T00:40:55.075649+00:00,200,17023.72,
2026-09-11T00:40:39.555893+00:00,200,32562.01,
2026-09-11T00:41:06.553242+00:00,200,5638.16,
2026-09-11T00:40:58.994814+00:00,200,13208.29,
2026-09-11T00:40:46.773219+00:00,200,25444.50,
2026-09-11T00:40:58.069964+00:00,200,14155.21,
2026-09-11T00:41:01.420608+00:00,200,10872.41,
2026-09-11T00:41:07.803387+00:00,200,4551.84,
2026-09-11T00:40:55.543373+00:00,200,16831.07,
2026-09-11T00:41:04.926205+00:00,200,7457.68,
2026-09-11T00:41:08.089007+00:00,200,4393.42,
2026-09-11T00:41:07.286683+00:00,200,5211.20,
2026-09-11T00:40:47.028627+00:00,200,25474.26,
2026-09-11T00:41:07.337462+00:00,200,5203.43,
2026-09-11T00:41:07.629097+00:00,200,4920.70,
2026-09-11T00:41:09.631421+00:00,200,2948.08,
2026-09-11T00:40:48.669112+00:00,200,23915.55,
2026-09-11T00:40:42.004914+00:00,200,30606.59,
2026-09-11T00:40:57.140414+00:00,200,15481.86,
2026-09-11T00:40:58.960766+00:00,200,13680.76,
2026-09-11T00:40:54.301668+00:00,200,18349.57,
2026-09-11T00:40:59.281026+00:00,200,13424.55,
2026-09-11T00:40:48.754666+00:00,200,24076.26,
2026-09-11T00:41:02.444259+00:00,200,10410.88,
2026-09-11T00:40:49.690448+00:00,200,23172.11,
2026-09-11T00:41:04.153091+00:00,200,8776.81,
2026-09-11T00:40:53.161893+00:00,200,19785.57,
2026-09-11T00:40:57.111057+00:00,200,15843.34,
2026-09-11T00:40:55.883287+00:00,200,17116.68,
2026-09-11T00:41:06.600165+00:00,200,6406.22,
2026-09-11T00:41:05.213345+00:00,200,7824.52,
2026-09-11T00:41:12.118123+00:00,200,933.58,
2026-09-11T00:41:03.826220+00:00,200,9256.98,
2026-09-11T00:41:00.564513+00:00,200,12553.87,
2026-09-11T00:40:52.376538+00:00,200,20788.54,
2026-09-11T00:40:49.489929+00:00,200,23688.25,
2026-09-11T00:40:48.305580+00:00,200,24894.19,
2026-09-11T00:40:59.428908+00:00,200,13833.96,
2026-09-11T00:41:12.830991+00:00,200,454.65,
2026-09-11T00:41:07.106504+00:00,200,6217.05,
2026-09-11T00:41:06.649266+00:00,200,6682.64,
2026-09-11T00:41:00.498797+00:00,200,12848.31,
2026-09-11T00:41:06.677372+00:00,200,6692.48,
2026-09-11T00:40:51.069612+00:00,200,22338.78,
2026-09-11T00:41:10.248942+00:00,200,3175.50,
2026-09-11T00:40:59.349787+00:00,200,14104.25,
2026-09-11T00:41:01.982425+00:00,200,11475.33,
2026-09-11T00:40:41.495032+00:00,200,31987.05,
2026-09-11T00:41:08.766311+00:00,200,4720.19,
2026-09-11T00:40:58.428985+00:00,200,15094.35,
2026-09-11T00:41:05.577657+00:00,200,7964.66,
2026-09-11T00:40:57.945903+00:00,200,15648.42,
2026-09-11T00:41:13.263086+00:00,200,345.43,
2026-09-11T00:40:50.479809+00:00,200,23159.73,
2026-09-11T00:40:20.881167+00:00,200,52773.44,
2026-09-11T00:41:02.829097+00:00,200,10845.06,
2026-09-11T00:41:05.141651+00:00,200,8550.09,
2026-09-11T00:40:58.155987+00:00,200,15618.92,
2026-09-11T00:41:10.008382+00:00,200,3796.11,
2026-09-11T00:41:02.281308+00:00,200,11530.65,
2026-09-11T00:40:58.923774+00:00,200,14890.24,
2026-09-11T00:40:49.483686+00:00,200,24362.71,
2026-09-11T00:40:53.531852+00:00,200,20331.18,
2026-09-11T00:41:02.630427+00:00,200,11243.64,
2026-09-11T00:41:08.375347+00:00,200,5506.89,
2026-09-11T00:41:06.907636+00:00,200,6979.94,
2026-09-11T00:41:00.778103+00:00,200,13114.62,
2026-09-11T00:40:57.949211+00:00,200,15945.69,
2026-09-11T00:40:44.467078+00:00,200,29431.01,
2026-09-11T00:40:51.254955+00:00,200,22643.79,
2026-09-11T00:40:54.471678+00:00,200,19437.03,
2026-09-11T00:41:07.066417+00:00,200,6867.66,
2026-09-11T00:41:10.577563+00:00,200,3371.52,
2026-09-11T00:41:05.948258+00:00,200,8034.10,
2026-09-11T00:40:50.268018+00:00,200,23727.92,
2026-09-11T00:41:04.389701+00:00,200,9630.05,
2026-09-11T00:41:06.589931+00:00,200,7433.60,
2026-09-11T00:41:05.349503+00:00,200,8694.14,
2026-09-11T00:41:05.902710+00:00,200,8158.33,
2026-09-11T00:40:43.174319+00:00,200,30893.98,
2026-09-11T00:40:56.273569+00:00,200,17807.38,
2026-09-11T00:40:49.313945+00:00,200,24826.07,
2026-09-11T00:40:55.310596+00:00,200,18838.46,
2026-09-11T00:40:57.993440+00:00,200,16160.74,
2026-09-11T00:40:55.235835+00:00,200,18931.07,
2026-09-11T00:40:32.389580+00:00,200,41779.28,
2026-09-11T00:40:57.518887+00:00,200,16653.41,
2026-09-11T00:40:58.740439+00:00,200,15437.30,
2026-09-11T00:40:31.995651+00:00,200,42179.92,
2026-09-11T00:40:41.425875+00:00,200,32765.17,
2026-09-11T00:41:12.191225+00:00,200,2004.02,
2026-09-11T00:40:49.798431+00:00,200,24408.66,
2026-09-11T00:40:54.828162+00:00,200,19516.29,
2026-09-11T00:41:08.426286+00:00,200,5944.99,
2026-09-11T00:40:52.890190+00:00,200,21488.26,
2026-09-11T00:41:01.649163+00:00,200,12768.46,
2026-09-11T00:41:12.010809+00:00,200,2408.75,
2026-09-11T00:41:12.549594+00:00,200,1871.56,
2026-09-11T00:40:52.631807+00:00,200,21832.85,
2026-09-11T00:40:30.771352+00:00,200,43697.83,
2026-09-11T00:40:34.020076+00:00,200,40449.11,
2026-09-11T00:41:13.284809+00:00,200,1187.86,
2026-09-11T00:41:02.982433+00:00,200,11495.53,
2026-09-11T00:40:48.582460+00:00,200,25912.00,
2026-09-11T00:40:48.538854+00:00,200,25957.99,
2026-09-11T00:40:53.829088+00:00,200,20680.75,
2026-09-11T00:41:10.265591+00:00,200,4263.52,
2026-09-11T00:40:50.005884+00:00,200,24567.32,
2026-09-11T00:41:13.846333+00:00,200,747.20,
2026-09-11T00:41:03.446190+00:00,200,11155.82,
2026-09-11T00:40:57.415109+00:00,200,17192.30,
2026-09-11T00:41:12.021064+00:00,200,2591.04,
2026-09-11T00:41:07.795022+00:00,200,6820.24,
2026-09-11T00:40:54.728903+00:00,200,19888.99,
2026-09-11T00:41:07.825571+00:00,200,6803.93,
2026-09-11T00:41:10.325605+00:00,200,4310.16,
2026-09-11T00:41:07.120886+00:00,200,7542.02,
2026-09-11T00:41:03.616638+00:00,200,11057.28,
2026-09-11T00:40:40.738077+00:00,200,33940.21,
2026-09-11T00:41:14.417572+00:00,200,312.06,
2026-09-11T00:40:53.728613+00:00,200,21017.54,
2026-09-11T00:41:01.852548+00:00,200,12908.18,
2026-09-11T00:41:02.861909+00:00,200,11915.87,
2026-09-11T00:41:14.148671+00:00,200,672.63,
2026-09-11T00:40:42.235454+00:00,200,32614.56,
2026-09-11T00:41:04.444578+00:00,200,10445.95,
2026-09-11T00:41:07.340348+00:00,200,7555.19,
2026-09-11T00:41:05.569285+00:00,200,9349.65,
2026-09-11T00:40:43.413481+00:00,200,31507.90,
2026-09-11T00:40:53.735646+00:00,200,21188.19,
2026-09-11T00:40:47.740076+00:00,200,27186.39,
2026-09-11T00:40:35.451982+00:00,200,39476.63,
2026-09-11T00:41:05.583886+00:00,200,9347.51,
2026-09-11T00:41:09.826552+00:00,200,5107.43,
2026-09-11T00:41:09.337731+00:00,200,5598.55,
2026-09-11T00:41:13.674833+00:00,200,1263.74,
2026-09-11T00:41:03.727447+00:00,200,11213.03,
2026-09-11T00:41:03.662505+00:00,200,11280.22,
2026-09-11T00:40:55.950547+00:00,200,18994.62,
2026-09-11T00:41:04.535377+00:00,200,10411.96,
2026-09-11T00:41:12.706185+00:00,200,2244.00,
2026-09-11T00:41:07.823375+00:00,200,7128.33,
2026-09-11T00:41:08.946339+00:00,200,6007.31,
2026-09-11T00:41:14.300819+00:00,200,656.26,
2026-09-11T00:41:06.125852+00:00,200,8861.71,
2026-09-11T00:41:02.300006+00:00,200,12720.79,
2026-09-11T00:41:09.606633+00:00,200,5417.38,
2026-09-11T00:41:06.000581+00:00,200,9026.00,
2026-09-11T00:40:58.795652+00:00,200,16233.36,
2026-09-11T00:41:01.374992+00:00,200,13656.90,
2026-09-11T00:41:05.209336+00:00,200,9824.98,
2026-09-11T00:41:09.635512+00:00,200,5401.71,
2026-09-11T00:40:59.846425+00:00,200,15193.06,
2026-09-11T00:41:08.835477+00:00,200,6206.44,
2026-09-11T00:41:11.784803+00:00,200,3260.23,
2026-09-11T00:40:53.166197+00:00,200,21881.67,
2026-09-11T00:41:04.785351+00:00,200,10265.54,
2026-09-11T00:40:50.319077+00:00,200,24733.85,
2026-09-11T00:41:12.579580+00:00,200,2477.15,
2026-09-11T00:40:52.404443+00:00,200,22655.16,
2026-09-11T00:40:50.846606+00:00,200,24215.68,
2026-09-11T00:41:10.587184+00:00,200,4477.72,
2026-09-11T00:41:01.789722+00:00,200,13277.98,
2026-09-11T00:40:56.256306+00:00,200,18815.19,
2026-09-11T00:40:58.879880+00:00,200,16194.56,
2026-09-11T00:40:55.566196+00:00,200,19512.45,
2026-09-11T00:40:57.526675+00:00,200,17553.86,
2026-09-11T00:41:00.670424+00:00,200,14413.76,
2026-09-11T00:41:11.998491+00:00,200,3088.79,
2026-09-11T00:41:02.382354+00:00,200,12726.06,
2026-09-11T00:41:13.165179+00:00,200,1953.57,
2026-09-11T00:41:02.078066+00:00,200,13045.41,
2026-09-11T00:40:51.708956+00:00,200,23429.10,
2026-09-11T00:40:46.747094+00:00,200,28403.46,
2026-09-11T00:40:54.753257+00:00,200,20399.62,
2026-09-11T00:41:08.074377+00:00,200,7080.95,
2026-09-11T00:40:48.024438+00:00,200,27134.82,
2026-09-11T00:40:58.577289+00:00,200,16609.68,
2026-09-11T00:40:55.684549+00:00,200,19508.96,
2026-09-11T00:40:53.245656+00:00,200,22009.68,
2026-09-11T00:40:36.950615+00:00,200,38324.72,
2026-09-11T00:41:04.262503+00:00,200,11015.04,
2026-09-11T00:40:47.629467+00:00,200,27669.14,
2026-09-11T00:40:57.177772+00:00,200,18136.01,
2026-09-11T00:41:08.609676+00:00,200,6770.51,
2026-09-11T00:41:02.380086+00:00,200,13021.75,
2026-09-11T00:40:35.335525+00:00,200,40093.64,
2026-09-11T00:40:52.225613+00:00,200,23219.10,
2026-09-11T00:41:13.995432+00:00,200,1498.17,
2026-09-11T00:40:42.245010+00:00,200,33256.72,
2026-09-11T00:41:11.406735+00:00,200,4130.45,
2026-09-11T00:41:08.721986+00:00,200,6853.55,
2026-09-11T00:41:01.936428+00:00,200,13646.91,
2026-09-11T00:41:13.531587+00:00,200,2078.28,
2026-09-11T00:41:15.193414+00:00,200,425.04,
2026-09-11T00:40:54.404759+00:00,200,21347.56,
2026-09-11T00:40:58.861628+00:00,200,16901.00,
2026-09-11T00:40:55.944328+00:00,200,19826.17,
2026-09-11T00:40:54.397482+00:00,200,21382.95,
2026-09-11T00:41:05.440093+00:00,200,10357.91,
2026-09-11T00:41:05.632189+00:00,200,10183.13,
2026-09-11T00:41:02.305004+00:00,200,13519.60,
2026-09-11T00:41:09.142091+00:00,200,6685.62,
2026-09-11T00:41:02.726882+00:00,200,13123.90,
2026-09-11T00:41:06.161559+00:00,200,9738.79,
2026-09-11T00:41:11.601546+00:00,200,4330.14,
2026-09-11T00:41:15.201839+00:00,200,774.81,
2026-09-11T00:41:04.545832+00:00,200,11438.45,
2026-09-11T00:40:59.483729+00:00,200,16508.98,
2026-09-11T00:41:01.795934+00:00,200,14232.12,
2026-09-11T00:41:09.349234+00:00,200,6752.19,
2026-09-11T00:40:56.346362+00:00,200,19765.97,
2026-09-11T00:41:04.221186+00:00,200,11898.35,
2026-09-11T00:40:38.605926+00:00,200,37568.15,
2026-09-11T00:40:40.175938+00:00,200,36033.18,
2026-09-11T00:41:02.707437+00:00,200,13545.04,
2026-09-11T00:41:06.699119+00:00,200,9564.08,
2026-09-11T00:40:49.188706+00:00,200,27079.80,
2026-09-11T00:41:05.459514+00:00,200,10823.44,
2026-09-11T00:41:00.946636+00:00,200,15366.41,
2026-09-11T00:40:47.925138+00:00,200,28416.32,
2026-09-11T00:41:13.679838+00:00,200,2668.39,
2026-09-11T00:41:14.580268+00:00,200,1772.66,
2026-09-11T00:41:10.979066+00:00,200,5376.08,
2026-09-11T00:40:52.666014+00:00,200,23703.58,
2026-09-11T00:41:08.418963+00:00,200,7953.88,
2026-09-11T00:41:11.727931+00:00,200,4685.21,
2026-09-11T00:40:57.433583+00:00,200,19000.58,
2026-09-11T00:40:34.310150+00:00,200,42129.49,
2026-09-11T00:41:09.955126+00:00,200,6525.33,
2026-09-11T00:40:41.570799+00:00,200,34924.33,
2026-09-11T00:41:08.042863+00:00,200,8461.73,
2026-09-11T00:41:07.354349+00:00,200,9210.13,
2026-09-11T00:40:53.877129+00:00,200,22772.01,
2026-09-11T00:40:50.278392+00:00,200,26402.55,
2026-09-11T00:40:53.622481+00:00,200,23110.13,
2026-09-11T00:41:14.925664+00:00,200,1827.20,
2026-09-11T00:40:53.030861+00:00,200,23773.81,
2026-09-11T00:41:01.152235+00:00,200,15662.81,
2026-09-11T00:40:59.081001+00:00,200,17754.32,
2026-09-11T00:40:45.957277+00:00,200,30895.59,
2026-09-11T00:41:05.235331+00:00,200,11697.00,
2026-09-11T00:40:47.366320+00:00,200,29572.63,
2026-09-11T00:41:00.542441+00:00,200,16400.28,
2026-09-11T00:41:01.409333+00:00,200,15536.14,
2026-09-11T00:41:14.473554+00:00,200,2477.09,
2026-09-11T00:41:06.715873+00:00,200,10251.69,
2026-09-11T00:41:00.402861+00:00,200,16586.36,
2026-09-11T00:41:10.820135+00:00,200,6186.95,
2026-09-11T00:40:56.412001+00:00,200,20609.64,
2026-09-11T00:41:07.363685+00:00,200,9683.77,
2026-09-11T00:41:07.210331+00:00,200,9854.44,
2026-09-11T00:40:55.060878+00:00,200,22025.63,
2026-09-11T00:40:59.062086+00:00,200,18173.49,
2026-09-11T00:41:07.575921+00:00,200,9704.38,
2026-09-11T00:41:13.934999+00:00,200,3385.63,
2026-09-11T00:41:12.502556+00:00,200,4838.14,
2026-09-11T00:41:14.944874+00:00,200,2405.11,
2026-09-11T00:41:06.989871+00:00,200,10376.65,
2026-09-11T00:41:16.942445+00:00,200,487.19,
2026-09-11T00:41:14.618257+00:00,200,2824.55,
2026-09-11T00:41:01.217153+00:00,200,16229.07,
2026-09-11T00:41:03.267821+00:00,200,14210.15,
2026-09-11T00:41:12.293092+00:00,200,5191.63,
2026-09-11T00:41:02.486399+00:00,200,15056.07,
2026-09-11T00:40:59.747801+00:00,200,17803.04,
2026-09-11T00:40:46.759486+00:00,200,30824.63,
2026-09-11T00:41:01.339227+00:00,200,16279.04,
2026-09-11T00:40:32.723537+00:00,200,44902.29,
2026-09-11T00:41:04.579116+00:00,200,13080.00,
2026-09-11T00:40:45.464837+00:00,200,32210.26,
2026-09-11T00:40:43.595186+00:00,200,34124.58,
2026-09-11T00:41:04.286405+00:00,200,13443.45,
2026-09-11T00:41:00.758549+00:00,200,16984.87,
2026-09-11T00:40:59.369336+00:00,200,18392.99,
2026-09-11T00:41:09.810758+00:00,200,7960.87,
2026-09-11T00:41:04.679329+00:00,200,13128.87,
2026-09-11T00:41:07.302290+00:00,200,10509.83,
2026-09-11T00:41:02.611538+00:00,200,15206.94,
2026-09-11T00:40:56.549458+00:00,200,21285.23,
2026-09-11T00:41:06.437502+00:00,200,11415.20,
2026-09-11T00:40:48.133478+00:00,200,29754.32,
2026-09-11T00:41:02.677538+00:00,200,15232.33,
2026-09-11T00:40:57.182119+00:00,200,20748.38,
2026-09-11T00:41:01.572391+00:00,200,16381.04,
2026-09-11T00:41:00.547777+00:00,200,17413.46,
2026-09-11T00:41:08.526401+00:00,200,9444.59,
2026-09-11T00:41:07.433175+00:00,200,10546.38,
2026-09-11T00:40:43.282326+00:00,200,34701.11,
2026-09-11T00:41:08.851191+00:00,200,9147.74,
2026-09-11T00:41:17.550731+00:00,200,464.34,
2026-09-11T00:41:15.741356+00:00,200,2377.90,
2026-09-11T00:40:51.420018+00:00,200,26746.06,
2026-09-11T00:41:07.008541+00:00,200,11196.68,
2026-09-11T00:40:41.135846+00:00,200,37073.40,
2026-09-11T00:41:14.849637+00:00,200,3416.10,
2026-09-11T00:40:31.320028+00:00,200,46952.76,
2026-09-11T00:40:47.980432+00:00,200,30339.09,
2026-09-11T00:41:17.980301+00:00,200,367.31,
2026-09-11T00:40:49.316012+00:00,200,29037.46,
2026-09-11T00:41:13.118255+00:00,200,5256.33,
2026-09-11T00:41:02.957221+00:00,200,15436.90,
2026-09-11T00:41:15.992186+00:00,200,2421.84,
2026-09-11T00:41:05.994570+00:00,200,12432.28,
2026-09-11T00:40:57.624476+00:00,200,20811.19,
2026-09-11T00:41:03.967773+00:00,200,14489.93,
2026-09-11T00:41:02.869781+00:00,200,15594.62,
2026-09-11T00:40:45.778145+00:00,200,32693.55,
2026-09-11T00:41:17.812644+00:00,200,676.54,
2026-09-11T00:41:02.321559+00:00,200,16261.74,
2026-09-11T00:40:56.811032+00:00,200,21778.80,
2026-09-11T00:40:59.853025+00:00,200,18745.93,
2026-09-11T00:41:07.902531+00:00,200,10827.44,
2026-09-11T00:41:00.994003+00:00,200,17747.05,
2026-09-11T00:40:55.117774+00:00,200,23662.04,
2026-09-11T00:41:02.628426+00:00,200,16154.33,
2026-09-11T00:41:18.208838+00:00,200,591.41,
2026-09-11T00:41:01.389549+00:00,200,17414.96,
2026-09-11T00:41:08.094571+00:00,200,10724.35,
2026-09-11T00:41:14.140278+00:00,200,4701.17,
2026-09-11T00:41:02.908377+00:00,200,15942.79,
2026-09-11T00:41:13.200509+00:00,200,5663.03,
2026-09-11T00:40:54.958005+00:00,200,23916.14,
2026-09-11T00:41:03.868711+00:00,200,15030.09,
2026-09-11T00:41:06.554242+00:00,200,12347.10,
2026-09-11T00:41:00.510123+00:00,200,18406.67,
2026-09-11T00:41:00.291677+00:00,200,18650.76,
2026-09-11T00:41:07.867027+00:00,200,11189.79,
2026-09-11T00:41:06.070929+00:00,200,12997.87,
2026-09-11T00:40:53.913326+00:00,200,25161.08,
2026-09-11T00:40:53.165198+00:00,200,25922.24,
2026-09-11T00:41:15.298158+00:00,200,3825.48,
2026-09-11T00:41:08.661744+00:00,200,10468.91,
2026-09-11T00:41:12.610950+00:00,200,6589.24,
2026-09-11T00:41:09.376642+00:00,200,9867.06,
2026-09-11T00:41:02.847138+00:00,200,16412.15,
2026-09-11T00:41:11.207567+00:00,200,8084.76,
2026-09-11T00:41:15.158869+00:00,200,4137.34,
2026-09-11T00:40:50.706724+00:00,200,28653.07,
2026-09-11T00:41:00.669424+00:00,200,18702.61,
2026-09-11T00:41:15.430089+00:00,200,3986.43,
2026-09-11T00:41:14.629648+00:00,200,4794.97,
2026-09-11T00:40:58.668805+00:00,200,20764.32,
2026-09-11T00:41:02.688358+00:00,200,16748.60,
2026-09-11T00:41:03.850552+00:00,200,15612.96,
2026-09-11T00:41:09.787673+00:00,200,9686.07,
2026-09-11T00:41:14.663590+00:00,200,4814.08,
2026-09-11T00:41:14.061287+00:00,200,5489.48,
2026-09-11T00:41:01.839547+00:00,200,17717.83,
2026-09-11T00:40:48.362162+00:00,200,31237.03,
2026-09-11T00:40:59.399822+00:00,200,20208.74,
2026-09-11T00:41:16.945951+00:00,200,2692.87,
2026-09-11T00:41:04.824100+00:00,200,14840.65,
2026-09-11T00:41:05.809498+00:00,200,13897.93,
2026-09-11T00:40:56.969868+00:00,200,22745.31,
2026-09-11T00:41:06.413565+00:00,200,13312.91,
2026-09-11T00:41:03.299065+00:00,200,16450.62,
2026-09-11T00:41:10.910642+00:00,200,8890.71,
2026-09-11T00:40:40.313511+00:00,200,39578.59,
2026-09-11T00:41:04.350169+00:00,200,15568.97,
2026-09-11T00:41:07.874822+00:00,200,12055.92,
2026-09-11T00:40:56.262316+00:00,200,23690.56,
2026-09-11T00:40:56.948796+00:00,200,23006.68,
2026-09-11T00:40:51.392083+00:00,200,28567.64,
2026-09-11T00:41:17.604418+00:00,200,2399.18,
2026-09-11T00:41:18.942590+00:00,200,1064.76,
2026-09-11T00:40:48.110509+00:00,200,31936.86,
2026-09-11T00:40:56.472550+00:00,200,23612.15,
2026-09-11T00:41:08.654531+00:00,200,11459.55,
2026-09-11T00:41:01.344608+00:00,200,18777.48,
2026-09-11T00:41:06.914786+00:00,200,13211.43,
2026-09-11T00:40:57.204991+00:00,200,22968.21,
2026-09-11T00:40:58.505233+00:00,200,21674.99,
2026-09-11T00:41:17.984183+00:00,200,2198.98,
2026-09-11T00:41:03.723931+00:00,200,16461.83,
2026-09-11T00:40:33.284470+00:00,200,46913.92,
2026-09-11T00:41:16.208980+00:00,200,4013.17,
2026-09-11T00:41:06.628255+00:00,200,13595.76,
2026-09-11T00:40:59.503573+00:00,200,20742.37,
2026-09-11T00:40:56.665933+00:00,200,23598.42,
2026-09-11T00:41:14.510013+00:00,200,5787.64,
2026-09-11T00:40:57.671480+00:00,200,22653.79,
2026-09-11T00:41:12.203504+00:00,200,8130.37,
2026-09-11T00:41:04.294764+00:00,200,16045.63,
2026-09-11T00:41:08.011687+00:00,200,12343.98,
2026-09-11T00:41:14.673621+00:00,200,5698.68,
2026-09-11T00:40:40.990559+00:00,200,39384.64,
2026-09-11T00:41:10.450718+00:00,200,9941.31,
2026-09-11T00:40:57.446304+00:00,200,22959.12,
2026-09-11T00:40:50.935594+00:00,200,29484.23,
2026-09-11T00:41:03.595812+00:00,200,16829.63,
2026-09-11T00:40:43.762424+00:00,200,36666.50,
2026-09-11T00:41:05.109541+00:00,200,15346.32,
2026-09-11T00:41:11.398299+00:00,200,9064.67,
2026-09-11T00:40:58.275159+00:00,200,22194.40,
2026-09-11T00:41:08.205341+00:00,200,12273.19,
2026-09-11T00:41:00.464583+00:00,200,20014.69,
2026-09-11T00:41:15.494509+00:00,200,4996.68,
2026-09-11T00:40:55.564065+00:00,200,24948.92,
2026-09-11T00:41:17.852353+00:00,200,2663.28,
2026-09-11T00:41:08.128517+00:00,200,12404.68,
2026-09-11T00:41:05.507945+00:00,200,15040.23,
2026-09-11T00:41:02.749041+00:00,200,17801.78,
2026-09-11T00:41:07.616892+00:00,200,12937.69,
2026-09-11T00:41:13.804534+00:00,200,6760.28,
2026-09-11T00:41:14.179727+00:00,200,6421.00,
2026-09-11T00:41:15.562950+00:00,200,5049.74,
2026-09-11T00:40:40.984260+00:00,200,39653.36,
2026-09-11T00:40:54.570364+00:00,200,26078.82,
2026-09-11T00:41:14.821332+00:00,200,5833.57,
2026-09-11T00:41:13.335012+00:00,200,7357.12,
2026-09-11T00:41:16.044333+00:00,200,4654.78,
2026-09-11T00:41:14.890194+00:00,200,5852.74,
2026-09-11T00:40:47.817961+00:00,200,32944.96,
2026-09-11T00:40:57.167488+00:00,200,23630.74,
2026-09-11T00:41:18.436233+00:00,200,2370.18,
2026-09-11T00:41:13.594290+00:00,200,7233.33,
2026-09-11T00:41:04.240646+00:00,200,16587.89,
2026-09-11T00:41:06.732408+00:00,200,14106.28,
2026-09-11T00:41:06.558444+00:00,200,14283.37,
2026-09-11T00:40:53.260967+00:00,200,27591.92,
2026-09-11T00:41:15.815409+00:00,200,5093.75,
2026-09-11T00:41:01.504969+00:00,200,19407.73,
2026-09-11T00:41:04.777858+00:00,200,16146.99,
2026-09-11T00:41:16.753132+00:00,200,4175.10,
2026-09-11T00:41:06.725175+00:00,200,14208.76,
2026-09-11T00:41:17.429751+00:00,200,3509.78,
2026-09-11T00:40:50.176331+00:00,200,30769.75,
2026-09-11T00:41:01.046537+00:00,200,19918.82,
2026-09-11T00:41:13.873560+00:00,200,7117.28,
2026-09-11T00:41:09.464641+00:00,200,11577.02,
2026-09-11T00:41:05.436762+00:00,200,15611.73,
2026-09-11T00:41:06.796058+00:00,200,14255.65,
2026-09-11T00:41:00.811093+00:00,200,20261.52,
2026-09-11T00:40:57.247648+00:00,200,23863.17,
2026-09-11T00:40:51.998484+00:00,200,29123.87,
2026-09-11T00:40:41.465647+00:00,200,39674.08,
2026-09-11T00:41:06.711638+00:00,200,14466.30,
2026-09-11T00:40:59.258635+00:00,200,21970.66,
2026-09-11T00:40:55.620195+00:00,200,25612.05,
2026-09-11T00:41:20.405903+00:00,200,838.63,
2026-09-11T00:41:03.575059+00:00,200,17689.79,
2026-09-11T00:40:56.541743+00:00,200,24732.31,
2026-09-11T00:40:40.640327+00:00,200,40652.63,
2026-09-11T00:41:07.878378+00:00,200,13421.52,
2026-09-11T00:41:15.278461+00:00,200,6023.39,
2026-09-11T00:41:20.691750+00:00,200,617.85,
2026-09-11T00:41:18.373934+00:00,200,2937.21,
2026-09-11T00:41:12.953691+00:00,200,8366.22,
2026-09-11T00:41:03.227956+00:00,200,18100.57,
2026-09-11T00:41:15.501718+00:00,200,5829.27,
2026-09-11T00:41:03.424122+00:00,200,17932.09,
2026-09-11T00:41:14.528699+00:00,200,6848.53,
2026-09-11T00:41:08.673796+00:00,200,12713.79,
2026-09-11T00:41:16.173647+00:00,200,5214.67,
2026-09-11T00:41:16.648281+00:00,200,4771.51,
2026-09-11T00:40:46.593698+00:00,200,34833.09,
2026-09-11T00:40:47.998255+00:00,200,33437.09,
2026-09-11T00:41:11.151468+00:00,200,10294.12,
2026-09-11T00:41:04.290766+00:00,200,17218.61,
2026-09-11T00:40:56.883117+00:00,200,24628.66,
2026-09-11T00:41:08.678456+00:00,200,12839.10,
2026-09-11T00:40:42.615829+00:00,200,38912.86,
2026-09-11T00:40:59.903534+00:00,200,21626.84,
2026-09-11T00:41:04.413556+00:00,200,17126.98,
2026-09-11T00:41:04.029176+00:00,200,17532.62,
2026-09-11T00:41:21.041749+00:00,200,527.48,
2026-09-11T00:41:13.486953+00:00,200,8087.82,
2026-09-11T00:40:50.316077+00:00,200,31268.77,
2026-09-11T00:41:16.112355+00:00,200,5488.74,
2026-09-11T00:41:20.990607+00:00,200,617.16,
2026-09-11T00:40:56.048786+00:00,200,25567.26,
2026-09-11T00:40:50.533688+00:00,200,31103.44,
2026-09-11T00:41:02.818766+00:00,200,18835.17,
2026-09-11T00:41:20.263861+00:00,200,1434.93,
2026-09-11T00:41:07.175269+00:00,200,14538.49,
2026-09-11T00:40:44.699154+00:00,200,37044.59,
2026-09-11T00:41:19.599890+00:00,200,2153.72,
2026-09-11T00:41:04.474136+00:00,200,17286.62,
2026-09-11T00:41:11.753999+00:00,200,10011.63,
2026-09-11T00:41:05.877715+00:00,200,15888.69,
2026-09-11T00:40:56.847234+00:00,200,24922.05,
2026-09-11T00:41:02.808915+00:00,200,18961.99,
2026-09-11T00:40:56.295889+00:00,200,25476.07,
2026-09-11T00:41:04.283400+00:00,200,17490.35,
2026-09-11T00:41:03.020685+00:00,200,18754.06,
2026-09-11T00:41:18.472021+00:00,200,3304.52,
2026-09-11T00:40:58.868970+00:00,200,22909.75,
2026-09-11T00:40:52.389050+00:00,200,29401.99,
2026-09-11T00:41:21.509326+00:00,200,296.55,
2026-09-11T00:40:56.168282+00:00,200,25645.17,
2026-09-11T00:41:14.344771+00:00,200,7496.09,
2026-09-11T00:41:02.034010+00:00,200,19818.54,
2026-09-11T00:41:08.901424+00:00,200,12956.10,
2026-09-11T00:41:06.718877+00:00,200,15142.04,
2026-09-11T00:41:03.742499+00:00,200,18127.18,
2026-09-11T00:40:56.438485+00:00,200,25461.32,
2026-09-11T00:41:13.894364+00:00,200,8030.66,
2026-09-11T00:41:20.222485+00:00,200,1724.69,
2026-09-11T00:41:09.067093+00:00,200,12921.83,
2026-09-11T00:41:14.953714+00:00,200,7049.88,
2026-09-11T00:41:07.871035+00:00,200,14139.41,
2026-09-11T00:41:08.219979+00:00,200,13799.93,
2026-09-11T00:40:52.260966+00:00,200,29775.30,
2026-09-11T00:40:48.631584+00:00,200,33416.39,
2026-09-11T00:41:01.999401+00:00,200,20050.70,
2026-09-11T00:41:20.374940+00:00,200,1684.13,
2026-09-11T00:41:14.471297+00:00,200,7590.84,
2026-09-11T00:41:11.006999+00:00,200,11066.78,
2026-09-11T00:41:15.824644+00:00,200,6253.77,
2026-09-11T00:40:44.463883+00:00,200,37625.73,
2026-09-11T00:41:21.520015+00:00,200,600.69,
2026-09-11T00:40:43.025546+00:00,200,39151.74,
2026-09-11T00:40:58.609686+00:00,200,23586.44,
2026-09-11T00:41:00.890649+00:00,200,21309.59,
2026-09-11T00:40:50.318078+00:00,200,31886.34,
2026-09-11T00:41:08.532689+00:00,200,13704.80,
2026-09-11T00:41:01.641851+00:00,200,20619.59,
2026-09-11T00:41:14.921391+00:00,200,7370.84,
2026-09-11T00:41:15.053673+00:00,200,7254.65,
2026-09-11T00:40:59.085162+00:00,200,23236.50,
2026-09-11T00:41:01.579313+00:00,200,20744.98,
2026-09-11T00:41:01.101341+00:00,200,21269.91,
2026-09-11T00:41:06.099392+00:00,200,16279.87,
2026-09-11T00:41:08.169493+00:00,200,14220.55,
2026-09-11T00:41:14.191223+00:00,200,8203.43,
2026-09-11T00:41:12.641180+00:00,200,9755.13,
2026-09-11T00:41:18.015393+00:00,200,4387.78,
2026-09-11T00:41:19.953029+00:00,200,2470.69,
2026-09-11T00:41:07.472804+00:00,200,14954.45,
2026-09-11T00:40:57.315251+00:00,200,25125.62,
2026-09-11T00:41:05.560088+00:00,200,16891.79,
2026-09-11T00:41:18.584168+00:00,200,3881.52,
2026-09-11T00:41:04.951909+00:00,200,17525.71,
2026-09-11T00:40:55.680558+00:00,200,26804.94,
2026-09-11T00:41:01.878130+00:00,200,20613.01,
2026-09-11T00:41:19.437260+00:00,200,3079.02,
2026-09-11T00:41:05.023113+00:00,200,17556.88,
2026-09-11T00:41:03.704132+00:00,200,18887.44,
2026-09-11T00:40:53.872467+00:00,200,28733.89,
2026-09-11T00:41:21.861352+00:00,200,751.93,
2026-09-11T00:41:14.419571+00:00,200,8203.09,
2026-09-11T00:41:16.495345+00:00,200,6131.32,
2026-09-11T00:41:03.518847+00:00,200,19116.69,
2026-09-11T00:41:03.783290+00:00,200,18885.09,
2026-09-11T00:41:19.919520+00:00,200,2769.52,
2026-09-11T00:41:14.918393+00:00,200,7777.69,
2026-09-11T00:41:06.384500+00:00,200,16346.49,
2026-09-11T00:40:49.253927+00:00,200,33496.59,
2026-09-11T00:41:15.039877+00:00,200,7744.74,
2026-09-11T00:41:12.622242+00:00,200,10196.08,
2026-09-11T00:41:20.698868+00:00,200,2128.42,
2026-09-11T00:41:21.989462+00:00,200,844.38,
2026-09-11T00:41:07.229236+00:00,200,15622.13,
2026-09-11T00:41:15.056559+00:00,200,7805.59,
2026-09-11T00:41:20.555004+00:00,200,2313.94,
2026-09-11T00:41:11.477333+00:00,200,11408.81,
2026-09-11T00:41:03.566589+00:00,200,19340.96,
2026-09-11T00:41:15.026616+00:00,200,7887.87,
2026-09-11T00:40:54.785085+00:00,200,28177.71,
2026-09-11T00:41:20.945740+00:00,200,2055.78,
2026-09-11T00:40:56.838135+00:00,200,26176.89,
2026-09-11T00:40:55.593596+00:00,200,27426.19,
2026-09-11T00:41:21.275523+00:00,200,1759.18,
2026-09-11T00:41:20.548785+00:00,200,2491.86,
2026-09-11T00:40:48.610174+00:00,200,34436.09,
2026-09-11T00:40:54.718744+00:00,200,28330.95,
2026-09-11T00:41:22.818920+00:00,200,247.26,
2026-09-11T00:40:59.451932+00:00,200,23622.70,
2026-09-11T00:41:22.827472+00:00,200,252.72,
2026-09-11T00:41:01.679650+00:00,200,21416.32,
2026-09-11T00:40:50.789991+00:00,200,32313.95,
2026-09-11T00:41:19.424807+00:00,200,3686.24,
2026-09-11T00:41:16.681742+00:00,200,6456.71,
2026-09-11T00:40:58.808027+00:00,200,24345.60,
2026-09-11T00:41:06.752448+00:00,200,16406.74,
2026-09-11T00:41:13.638880+00:00,200,9526.36,
2026-09-11T00:40:56.753069+00:00,200,26415.11,
2026-09-11T00:41:15.155602+00:00,200,8063.84,
2026-09-11T00:41:04.853176+00:00,200,18383.23,
2026-09-11T00:40:57.859972+00:00,200,25384.29,
2026-09-11T00:41:17.438995+00:00,200,5807.00,
2026-09-11T00:40:46.635409+00:00,200,36623.88,
2026-09-11T00:41:04.960240+00:00,200,18312.11,
2026-09-11T00:41:05.779653+00:00,200,17504.93,
2026-09-11T00:41:07.351352+00:00,200,15937.66,
2026-09-11T00:40:59.981248+00:00,200,23311.57,
2026-09-11T00:41:22.833930+00:00,200,518.21,
2026-09-11T00:41:22.084838+00:00,200,1294.29,
2026-09-11T00:41:05.245002+00:00,200,18142.74,
2026-09-11T00:41:05.058333+00:00,200,18333.72,
2026-09-11T00:40:56.087254+00:00,200,27330.41,
2026-09-11T00:40:27.610270+00:00,200,55833.89,
2026-09-11T00:41:14.469302+00:00,200,9012.32,
2026-09-11T00:41:20.463277+00:00,200,3031.77,
2026-09-11T00:41:21.531550+00:00,200,1975.15,
2026-09-11T00:41:17.998753+00:00,200,5510.30,
2026-09-11T00:41:22.379015+00:00,200,1144.17,
2026-09-11T00:40:50.157708+00:00,200,33400.39,
2026-09-11T00:41:21.231698+00:00,200,2375.86,
2026-09-11T00:41:00.145336+00:00,200,23484.57,
2026-09-11T00:41:11.547180+00:00,200,12088.81,
2026-09-11T00:41:21.601106+00:00,200,2050.08,
2026-09-11T00:41:01.052996+00:00,200,22601.96,
2026-09-11T00:40:44.942881+00:00,200,38722.15,
2026-09-11T00:41:04.580484+00:00,200,19104.67,
2026-09-11T00:41:18.741467+00:00,200,4952.59,
2026-09-11T00:41:16.284089+00:00,200,7433.82,
2026-09-11T00:41:11.341005+00:00,200,12401.22,
2026-09-11T00:41:23.481784+00:00,200,269.78,
2026-09-11T00:41:10.766598+00:00,200,13022.54,
2026-09-11T00:41:04.196909+00:00,200,19596.44,
2026-09-11T00:41:05.592899+00:00,200,18204.07,
2026-09-11T00:41:23.219737+00:00,200,590.37,
2026-09-11T00:40:52.930752+00:00,200,30895.47,
2026-09-11T00:41:22.062156+00:00,200,1769.07,
2026-09-11T00:41:13.692126+00:00,200,10161.92,
2026-09-11T00:41:04.187445+00:00,200,19673.46,
2026-09-11T00:40:32.711137+00:00,200,51152.58,
2026-09-11T00:40:41.767422+00:00,200,42122.72,
2026-09-11T00:41:15.108916+00:00,200,8811.98,
2026-09-11T00:40:58.411989+00:00,200,25527.96,
2026-09-11T00:41:17.674744+00:00,200,6269.66,
2026-09-11T00:41:22.036377+00:00,200,1914.11,
2026-09-11T00:40:48.667521+00:00,200,35296.73,
2026-09-11T00:40:33.693467+00:00,200,50282.88,
2026-09-11T00:41:00.755419+00:00,200,23248.44,
2026-09-11T00:41:00.112560+00:00,200,23904.09,
2026-09-11T00:41:12.383193+00:00,200,11642.99,
2026-09-11T00:40:59.519017+00:00,200,24512.47,
2026-09-11T00:41:22.394579+00:00,200,1639.79,
2026-09-11T00:41:06.051176+00:00,200,17987.73,
2026-09-11T00:41:15.153603+00:00,200,8917.96,
2026-09-11T00:41:22.784351+00:00,200,1289.39,
2026-09-11T00:41:09.707899+00:00,200,14386.98,
2026-09-11T00:41:16.932355+00:00,200,7189.99,
2026-09-11T00:40:56.159044+00:00,200,27993.16,
2026-09-11T00:40:45.017058+00:00,200,39137.45,
2026-09-11T00:41:21.511326+00:00,200,2645.19,
2026-09-11T00:40:47.333542+00:00,200,36826.36,
2026-09-11T00:41:14.933973+00:00,200,9228.65,
2026-09-11T00:41:08.395832+00:00,200,15799.32,
2026-09-11T00:40:51.997035+00:00,200,32200.48,
2026-09-11T00:41:22.323966+00:00,200,1907.91,
2026-09-11T00:41:06.777772+00:00,200,17458.17,
2026-09-11T00:41:20.455997+00:00,200,3793.37,
2026-09-11T00:41:07.494937+00:00,200,16781.29,
2026-09-11T00:40:43.585787+00:00,200,40697.90,
2026-09-11T00:41:23.352174+00:00,200,946.00,
2026-09-11T00:40:48.394882+00:00,200,35905.22,
2026-09-11T00:41:14.677813+00:00,200,9632.43,
2026-09-11T00:41:19.715459+00:00,200,4609.48,
2026-09-11T00:41:19.292475+00:00,200,5036.60,
2026-09-11T00:41:22.441603+00:00,200,1930.18,
2026-09-11T00:41:05.714887+00:00,200,18670.03,
2026-09-11T00:41:00.940630+00:00,200,23457.96,
2026-09-11T00:41:22.176925+00:00,200,2236.22,
2026-09-11T00:41:22.591586+00:00,200,1827.78,
2026-09-11T00:41:24.155236+00:00,200,272.36,
2026-09-11T00:41:13.178624+00:00,200,11272.20,
2026-09-11T00:41:20.425007+00:00,200,4028.30,
2026-09-11T00:41:20.126292+00:00,200,4348.96,
2026-09-11T00:41:03.451145+00:00,200,21057.11,
2026-09-11T00:41:23.558156+00:00,200,980.75,
2026-09-11T00:41:20.762366+00:00,200,3787.99,
2026-09-11T00:41:20.939325+00:00,200,3631.14,
2026-09-11T00:41:22.308235+00:00,200,2272.84,
2026-09-11T00:41:22.914487+00:00,200,1689.00,
2026-09-11T00:41:23.236412+00:00,200,1380.01,
2026-09-11T00:41:14.370959+00:00,200,10249.27,
2026-09-11T00:40:55.002759+00:00,200,29625.45,
2026-09-11T00:41:08.944339+00:00,200,15688.41,
2026-09-11T00:41:20.204332+00:00,200,4474.39,
2026-09-11T00:41:06.044000+00:00,200,18661.63,
2026-09-11T00:41:14.956892+00:00,200,9762.68,
2026-09-11T00:41:15.752204+00:00,200,9017.70,
2026-09-11T00:41:21.813499+00:00,200,2964.92,
2026-09-11T00:41:24.616304+00:00,200,193.10,
2026-09-11T00:41:12.854657+00:00,200,11964.40,
2026-09-11T00:40:55.810070+00:00,200,29012.55,
2026-09-11T00:41:16.724666+00:00,200,8101.72,
2026-09-11T00:41:17.743419+00:00,200,7109.77,
2026-09-11T00:41:19.382177+00:00,200,5480.83,
2026-09-11T00:41:16.446813+00:00,200,8420.46,
2026-09-11T00:41:06.706438+00:00,200,18202.22,
2026-09-11T00:41:20.084394+00:00,200,4834.67,
2026-09-11T00:40:59.065414+00:00,200,25893.17,
2026-09-11T00:41:20.499147+00:00,200,4467.38,
2026-09-11T00:41:24.662553+00:00,200,342.59,
2026-09-11T00:40:53.303480+00:00,200,31703.15,
2026-09-11T00:41:23.049983+00:00,200,1978.57,
2026-09-11T00:41:08.079375+00:00,200,16957.23,
2026-09-11T00:40:48.477724+00:00,200,36572.31,
2026-09-11T00:40:54.638079+00:00,200,30416.67,
2026-09-11T00:41:02.718529+00:00,200,22343.58,
2026-09-11T00:40:56.451870+00:00,200,28618.30,
2026-09-11T00:41:04.857495+00:00,200,20225.74,
2026-09-11T00:41:22.750053+00:00,200,2396.04,
2026-09-11T00:41:01.376993+00:00,200,23792.85,
2026-09-11T00:41:18.918076+00:00,200,6287.88,
2026-09-11T00:41:21.768536+00:00,200,3448.52,
2026-09-11T00:41:00.025952+00:00,200,25199.36,
2026-09-11T00:41:20.122518+00:00,200,5121.28,
2026-09-11T00:40:49.691496+00:00,200,35556.24,
2026-09-11T00:41:14.421572+00:00,200,10831.67,
2026-09-11T00:41:16.895431+00:00,200,8399.03,
2026-09-11T00:41:05.788730+00:00,200,19553.26,
2026-09-11T00:41:25.007149+00:00,200,336.63,
2026-09-11T00:41:15.086830+00:00,200,10274.14,
2026-09-11T00:41:24.284536+00:00,200,1086.68,
2026-09-11T00:41:20.477984+00:00,200,4896.45,
2026-09-11T00:40:45.667079+00:00,200,39710.36,
2026-09-11T00:41:22.465679+00:00,200,2938.58,
2026-09-11T00:41:06.904551+00:00,200,18518.34,
2026-09-11T00:40:59.639488+00:00,200,25800.69,
2026-09-11T00:40:42.830203+00:00,200,42619.64,
2026-09-11T00:40:58.738606+00:00,200,26721.42,
2026-09-11T00:40:50.132596+00:00,200,35401.82,
2026-09-11T00:41:24.232310+00:00,200,1310.62,
2026-09-11T00:41:23.607430+00:00,200,1944.45,
2026-09-11T00:41:10.314598+00:00,200,15248.55,
2026-09-11T00:41:17.341294+00:00,200,8232.77,
2026-09-11T00:41:13.347467+00:00,200,12241.41,
2026-09-11T00:41:03.211453+00:00,200,22402.32,
2026-09-11T00:41:19.068527+00:00,200,6558.01,
2026-09-11T00:40:41.133322+00:00,200,44513.26,
2026-09-11T00:41:14.930672+00:00,200,10729.95,
2026-09-11T00:40:32.611732+00:00,200,53065.19,
2026-09-11T00:41:05.450971+00:00,200,20237.47,
2026-09-11T00:41:01.183366+00:00,200,24517.67,
2026-09-11T00:40:53.952356+00:00,200,31772.90,
2026-09-11T00:41:07.907540+00:00,200,17835.08,
2026-09-11T00:41:23.046599+00:00,200,2725.09,
2026-09-11T00:41:04.527999+00:00,200,21265.82,
2026-09-11T00:41:16.968266+00:00,200,8834.14,
2026-09-11T00:41:13.811843+00:00,200,11996.21,
2026-09-11T00:41:23.751489+00:00,200,2078.61,
2026-09-11T00:41:18.898720+00:00,200,6937.26,
2026-09-11T00:41:23.612557+00:00,200,2226.22,
2026-09-11T00:41:00.214449+00:00,200,25641.73,
2026-09-11T00:41:25.005148+00:00,200,873.20,
2026-09-11T00:40:53.206738+00:00,200,32685.22,
2026-09-11T00:41:24.159038+00:00,200,1747.60,
2026-09-11T00:41:17.086094+00:00,200,8825.54,
2026-09-11T00:41:24.628196+00:00,200,1300.86,
2026-09-11T00:41:15.138024+00:00,200,10797.63,
2026-09-11T00:41:03.433450+00:00,200,22507.98,
2026-09-11T00:41:15.780510+00:00,200,10188.09,
2026-09-11T00:41:03.087420+00:00,200,22902.40,
2026-09-11T00:41:14.166421+00:00,200,11825.96,
2026-09-11T00:41:03.147921+00:00,200,22875.51,
2026-09-11T00:41:13.664788+00:00,200,12362.03,
2026-09-11T00:41:18.347666+00:00,200,7690.93,
2026-09-11T00:41:09.459678+00:00,200,16641.89,
2026-09-11T00:41:09.170938+00:00,200,16934.13,
2026-09-11T00:40:51.536546+00:00,200,34577.20,
2026-09-11T00:41:21.743648+00:00,200,4377.12,
2026-09-11T00:41:08.839786+00:00,200,17288.90,
2026-09-11T00:41:12.929436+00:00,200,13239.65,
2026-09-11T00:41:19.955541+00:00,200,6227.50,
2026-09-11T00:41:24.122897+00:00,200,2066.66,
2026-09-11T00:41:25.294933+00:00,200,903.02,
2026-09-11T00:41:15.083829+00:00,200,11135.99,
2026-09-11T00:41:24.819283+00:00,200,1420.02,
2026-09-11T00:41:25.968011+00:00,200,274.36,
2026-09-11T00:41:12.424439+00:00,200,13841.49,
2026-09-11T00:41:07.043372+00:00,200,19228.61,
2026-09-11T00:41:02.119719+00:00,200,24164.37,
2026-09-11T00:41:23.103200+00:00,200,3226.67,
2026-09-11T00:41:23.444977+00:00,200,2889.55,
2026-09-11T00:41:08.658679+00:00,200,17679.68,
2026-09-11T00:41:14.195224+00:00,200,12173.06,
2026-09-11T00:41:25.169872+00:00,200,1219.15,
2026-09-11T00:41:24.779235+00:00,200,1621.13,
2026-09-11T00:41:23.630010+00:00,200,2787.30,
2026-09-11T00:41:23.289408+00:00,200,3175.74,
2026-09-11T00:41:05.107537+00:00,200,21386.66,
2026-09-11T00:41:23.951108+00:00,200,2548.71,
2026-09-11T00:41:21.776720+00:00,200,4726.11,
2026-09-11T00:41:23.284407+00:00,200,3221.68,
2026-09-11T00:41:19.087204+00:00,200,7433.92,
2026-09-11T00:40:34.705763+00:00,200,51825.21,
2026-09-11T00:41:22.592585+00:00,200,3942.00,
2026-09-11T00:41:12.217969+00:00,200,14322.27,
2026-09-11T00:41:02.587848+00:00,200,23972.52,
2026-09-11T00:41:13.523592+00:00,200,13056.22,
2026-09-11T00:41:05.579800+00:00,200,21003.18,
2026-09-11T00:41:21.139454+00:00,200,5445.64,
2026-09-11T00:41:05.490591+00:00,200,21098.18,
2026-09-11T00:41:25.049321+00:00,200,1544.12,
2026-09-11T00:40:52.923507+00:00,200,33688.63,
2026-09-11T00:41:24.823288+00:00,200,1876.34,
2026-09-11T00:41:07.343132+00:00,200,19367.03,
2026-09-11T00:41:18.489036+00:00,200,8223.43,
2026-09-11T00:41:05.087429+00:00,200,21628.80,
2026-09-11T00:41:10.814886+00:00,200,15924.05,
2026-09-11T00:41:22.515631+00:00,200,4231.83,
2026-09-11T00:40:56.157035+00:00,200,30599.37,
2026-09-11T00:41:26.265962+00:00,200,502.21,
2026-09-11T00:41:02.314223+00:00,200,24461.71,
2026-09-11T00:41:23.793181+00:00,200,3018.24,
2026-09-11T00:41:14.937971+00:00,200,11889.04,
2026-09-11T00:40:47.144826+00:00,200,39698.54,
2026-09-11T00:41:03.332379+00:00,200,23520.67,
2026-09-11T00:41:20.355491+00:00,200,6503.91,
2026-09-11T00:41:08.771310+00:00,200,18093.72,
2026-09-11T00:41:05.553949+00:00,200,21319.20,
2026-09-11T00:41:25.069859+00:00,200,1817.04,
2026-09-11T00:41:24.809563+00:00,200,2085.09,
2026-09-11T00:41:13.368214+00:00,200,13529.63,
2026-09-11T00:40:53.019694+00:00,200,33884.21,
2026-09-11T00:41:24.249142+00:00,200,2668.15,
2026-09-11T00:41:17.729806+00:00,200,9216.33,
2026-09-11T00:41:10.921092+00:00,200,16065.26,
2026-09-11T00:41:07.835977+00:00,200,19160.19,
2026-09-11T00:40:54.952702+00:00,200,32063.65,
2026-09-11T00:41:21.444721+00:00,200,5586.10,
2026-09-11T00:41:12.225389+00:00,200,14836.10,
2026-09-11T00:41:17.235250+00:00,200,9830.04,
2026-09-11T00:41:14.477599+00:00,200,12589.96,
2026-09-11T00:41:15.401775+00:00,200,11667.94,
2026-09-11T00:41:13.006814+00:00,200,14088.18,
2026-09-11T00:41:05.253156+00:00,200,21852.69,
2026-09-11T00:41:17.366440+00:00,200,9749.31,
2026-09-11T00:40:51.308903+00:00,200,35809.92,
2026-09-11T00:41:15.931976+00:00,200,11189.92,
2026-09-11T00:41:15.762118+00:00,200,11375.74,
2026-09-11T00:40:43.583787+00:00,200,43564.01,
2026-09-11T00:41:26.502393+00:00,200,679.84,
2026-09-11T00:40:59.413174+00:00,200,27772.85,
2026-09-11T00:41:13.481913+00:00,200,13744.31,
2026-09-11T00:41:25.206224+00:00,200,2022.62,
2026-09-11T00:41:18.121384+00:00,200,9114.23,
2026-09-11T00:41:00.691119+00:00,200,26547.39,
2026-09-11T00:41:15.061805+00:00,200,12183.02,
2026-09-11T00:41:20.827991+00:00,200,6463.17,
2026-09-11T00:40:40.269474+00:00,200,47052.30,
2026-09-11T00:41:17.442425+00:00,200,9893.71,
2026-09-11T00:40:43.464837+00:00,200,43877.66,
2026-09-11T00:41:11.234005+00:00,200,16110.87,
2026-09-11T00:41:19.259206+00:00,200,8091.99,
2026-09-11T00:41:21.309475+00:00,200,6066.74,
2026-09-11T00:41:08.789846+00:00,200,18602.45,
2026-09-11T00:40:49.195707+00:00,200,38206.47,
2026-09-11T00:40:51.281743+00:00,200,36140.13,
2026-09-11T00:41:08.120072+00:00,200,19318.93,
2026-09-11T00:41:03.444183+00:00,200,24003.25,
2026-09-11T00:41:24.427371+00:00,200,3030.98,
2026-09-11T00:41:07.024282+00:00,200,20452.46,
2026-09-11T00:41:25.460056+00:00,200,2040.94,
2026-09-11T00:41:08.780481+00:00,200,18724.39,
2026-09-11T00:40:58.858117+00:00,200,28649.84,
2026-09-11T00:41:05.276193+00:00,200,22256.53,
2026-09-11T00:41:02.878658+00:00,200,24673.06,
2026-09-11T00:41:17.971009+00:00,200,9588.11,
2026-09-11T00:41:16.412482+00:00,200,11148.25,
2026-09-11T00:41:01.467037+00:00,200,26106.00,
2026-09-11T00:41:17.049749+00:00,200,10527.01,
2026-09-11T00:41:24.276626+00:00,200,3306.22,
2026-09-11T00:41:21.654295+00:00,200,5930.99,
2026-09-11T00:41:04.964586+00:00,200,22643.67,
2026-09-11T00:41:00.571519+00:00,200,27040.33,
2026-09-11T00:41:19.665256+00:00,200,7974.31,
2026-09-11T00:41:27.438570+00:00,200,212.58,
2026-09-11T00:41:21.753330+00:00,200,5931.06,
2026-09-11T00:41:15.899627+00:00,200,11791.93,
2026-09-11T00:40:58.317517+00:00,200,29382.93,
2026-09-11T00:41:17.659204+00:00,200,10088.22,
2026-09-11T00:41:22.343629+00:00,200,5408.31,
2026-09-11T00:41:21.653294+00:00,200,6129.68,
2026-09-11T00:41:03.374013+00:00,200,24419.34,
2026-09-11T00:40:38.215459+00:00,200,49621.95,
2026-09-11T00:41:09.510830+00:00,200,18330.59,
2026-09-11T00:41:03.781155+00:00,200,24062.81,
2026-09-11T00:41:00.420443+00:00,200,27428.19,
2026-09-11T00:41:27.684695+00:00,200,190.44,
2026-09-11T00:41:06.933469+00:00,200,20950.72,
2026-09-11T00:41:24.419030+00:00,200,3478.34,
2026-09-11T00:41:07.881603+00:00,200,20025.84,
2026-09-11T00:41:18.414009+00:00,200,9504.45,
2026-09-11T00:41:18.393946+00:00,200,9526.74,
2026-09-11T00:41:23.034375+00:00,200,4888.84,
2026-09-11T00:41:23.879726+00:00,200,4047.55,
2026-09-11T00:40:59.776998+00:00,200,28177.38,
2026-09-11T00:40:57.312433+00:00,200,30669.47,
2026-09-11T00:41:08.214210+00:00,200,19806.31,
2026-09-11T00:41:27.067979+00:00,200,958.25,
2026-09-11T00:41:25.046383+00:00,200,2988.71,
2026-09-11T00:41:26.756578+00:00,200,1283.06,
2026-09-11T00:40:53.188716+00:00,200,34880.73,
2026-09-11T00:41:05.523258+00:00,200,22566.12,
2026-09-11T00:41:24.194862+00:00,200,3895.38,
2026-09-11T00:41:23.014818+00:00,200,5077.62,
2026-09-11T00:41:01.000392+00:00,200,27100.40,
2026-09-11T00:41:09.575710+00:00,200,18528.38,
2026-09-11T00:41:04.909610+00:00,200,23220.50,
2026-09-11T00:40:53.101518+00:00,200,35048.62,
2026-09-11T00:41:18.429018+00:00,200,9723.50,
2026-09-11T00:41:18.818363+00:00,200,9352.41,
2026-09-11T00:41:24.300094+00:00,200,3877.54,
2026-09-11T00:41:27.954584+00:00,200,244.02,
2026-09-11T00:41:22.705087+00:00,200,5524.02,
2026-09-11T00:41:28.019867+00:00,200,210.64,
2026-09-11T00:41:21.273975+00:00,200,6970.29,
2026-09-11T00:41:14.612063+00:00,200,13640.29,
2026-09-11T00:41:24.250200+00:00,200,4011.28,
2026-09-11T00:41:21.790608+00:00,200,6486.77,
2026-09-11T00:41:01.334396+00:00,200,26958.32,
2026-09-11T00:40:58.200694+00:00,200,30095.28,
2026-09-11T00:41:09.361636+00:00,200,18951.88,
2026-09-11T00:41:20.839253+00:00,200,7476.87,
2026-09-11T00:41:27.015893+00:00,200,1313.09,
2026-09-11T00:40:46.519739+00:00,200,41819.41,
2026-09-11T00:41:19.478465+00:00,200,8863.37,
2026-09-11T00:40:57.932151+00:00,200,30427.02,
2026-09-11T00:41:20.637153+00:00,200,7724.49,
2026-09-11T00:41:10.645197+00:00,200,17720.31,
2026-09-11T00:41:20.934314+00:00,200,7485.89,
2026-09-11T00:41:13.083036+00:00,200,15342.90,
2026-09-11T00:40:52.810860+00:00,200,35636.91,
2026-09-11T00:41:28.230541+00:00,200,230.11,
2026-09-11T00:41:07.894883+00:00,200,20585.41,
2026-09-11T00:41:08.227202+00:00,200,20293.60,
2026-09-11T00:41:05.598904+00:00,200,22925.93,
2026-09-11T00:41:21.814500+00:00,200,6730.59,
2026-09-11T00:41:20.515592+00:00,200,8082.56,
2026-09-11T00:40:58.405956+00:00,200,30193.75,
2026-09-11T00:41:23.693888+00:00,200,4939.10,
2026-09-11T00:41:14.735090+00:00,200,13901.69,
2026-09-11T00:41:27.447082+00:00,200,1203.06,
2026-09-11T00:40:58.515117+00:00,200,30144.06,
2026-09-11T00:41:20.909329+00:00,200,7752.39,
2026-09-11T00:41:00.857289+00:00,200,27823.02,
2026-09-11T00:40:47.887496+00:00,200,40797.39,
2026-09-11T00:41:20.923932+00:00,200,7771.75,
2026-09-11T00:41:04.337957+00:00,200,24389.81,
2026-09-11T00:41:24.632444+00:00,200,4099.72,
2026-09-11T00:41:20.565606+00:00,200,8180.09,
2026-09-11T00:41:15.186934+00:00,200,13570.54,
2026-09-11T00:40:52.405677+00:00,200,36367.15,
2026-09-11T00:41:15.068727+00:00,200,13717.69,
2026-09-11T00:41:13.881958+00:00,200,14931.48,
2026-09-11T00:41:04.839712+00:00,200,23982.90,
2026-09-11T00:41:17.478800+00:00,200,11367.82,
2026-09-11T00:40:59.111759+00:00,200,29761.18,
2026-09-11T00:41:15.902141+00:00,200,12974.65,
2026-09-11T00:41:26.389184+00:00,200,2499.69,
2026-09-11T00:41:21.698974+00:00,200,7206.37,
2026-09-11T00:41:22.613179+00:00,200,6304.02,
2026-09-11T00:41:11.106461+00:00,200,17842.31,
2026-09-11T00:40:54.543302+00:00,200,34422.15,
2026-09-11T00:41:24.325139+00:00,200,4660.57,
2026-09-11T00:41:05.100073+00:00,200,23895.06,
2026-09-11T00:41:07.801388+00:00,200,21213.97,
2026-09-11T00:41:27.662688+00:00,200,1380.69,
2026-09-11T00:41:27.982670+00:00,200,1069.69,
2026-09-11T00:41:12.946927+00:00,200,16164.91,
2026-09-11T00:41:13.949700+00:00,200,15173.78,
2026-09-11T00:40:53.781967+00:00,200,35346.71,
2026-09-11T00:41:23.939504+00:00,200,5193.11,
2026-09-11T00:41:27.507491+00:00,200,1636.57,
2026-09-11T00:41:16.028564+00:00,200,13117.33,
2026-09-11T00:40:34.809549+00:00,200,54351.08,
2026-09-11T00:41:22.862203+00:00,200,6334.77,
2026-09-11T00:41:26.712000+00:00,200,2490.45,
2026-09-11T00:41:23.019782+00:00,200,6212.43,
2026-09-11T00:41:15.575619+00:00,200,13670.69,
2026-09-11T00:41:16.352696+00:00,200,12925.17,
2026-09-11T00:41:08.857196+00:00,200,20493.20,
2026-09-11T00:41:24.389606+00:00,200,4968.68,
2026-09-11T00:40:59.361565+00:00,200,30023.63,
2026-09-11T00:40:53.745458+00:00,200,35649.01,
2026-09-11T00:41:20.852972+00:00,200,8564.98,
2026-09-11T00:41:18.277922+00:00,200,11142.16,
2026-09-11T00:41:07.988155+00:00,200,21434.47,
2026-09-11T00:41:06.202754+00:00,200,23233.74,
2026-09-11T00:41:14.169799+00:00,200,15268.76,
2026-09-11T00:41:14.172306+00:00,200,15268.06,
2026-09-11T00:40:10.682954+00:00,200,78753.54,
2026-09-11T00:41:14.728741+00:00,200,14724.98,
2026-09-11T00:41:07.863042+00:00,200,21603.56,
2026-09-11T00:41:24.706239+00:00,200,4771.59,
2026-09-11T00:41:20.478835+00:00,200,9078.55,
2026-09-11T00:40:51.956711+00:00,200,37620.33,
2026-09-11T00:41:25.725205+00:00,200,3853.98,
2026-09-11T00:41:13.331828+00:00,200,16249.54,
2026-09-11T00:40:56.268003+00:00,200,33344.60,
2026-09-11T00:41:10.256446+00:00,200,19376.89,
2026-09-11T00:41:24.910589+00:00,200,4729.39,
2026-09-11T00:41:06.982667+00:00,200,22663.64,
2026-09-11T00:41:03.911448+00:00,200,25746.82,
2026-09-11T00:40:37.564601+00:00,200,52112.06,
2026-09-11T00:41:27.837701+00:00,200,1840.42,
2026-09-11T00:41:15.031908+00:00,200,14653.70,
2026-09-11T00:40:50.378185+00:00,200,39310.35,
2026-09-11T00:41:13.933999+00:00,200,15790.20,
2026-09-11T00:41:06.264729+00:00,200,23463.71,
2026-09-11T00:41:08.862377+00:00,200,20876.94,
2026-09-11T00:41:26.578970+00:00,200,3187.06,
2026-09-11T00:41:06.110772+00:00,200,23668.12,
2026-09-11T00:41:20.928079+00:00,200,8860.50,
2026-09-11T00:41:26.506392+00:00,200,3285.75,
2026-09-11T00:40:57.409838+00:00,200,32414.88,
2026-09-11T00:41:29.612896+00:00,200,252.34,
2026-09-11T00:41:13.608910+00:00,200,16276.39,
2026-09-11T00:41:26.775328+00:00,200,3148.22,
2026-09-11T00:41:27.336557+00:00,200,2597.26,
2026-09-11T00:41:06.459615+00:00,200,23477.75,
2026-09-11T00:41:13.908916+00:00,200,16035.86,
2026-09-11T00:41:22.485849+00:00,200,7460.39,
2026-09-11T00:41:01.400947+00:00,200,28546.70,
2026-09-11T00:41:29.729002+00:00,200,223.48,
2026-09-11T00:41:04.619401+00:00,200,25346.52,
2026-09-11T00:41:06.145590+00:00,200,23836.80,
2026-09-11T00:41:02.642740+00:00,200,27349.48,
2026-09-11T00:41:12.210707+00:00,200,17837.55,
2026-09-11T00:41:28.292911+00:00,200,1792.65,
2026-09-11T00:41:25.370758+00:00,200,4723.88,
2026-09-11T00:41:21.529043+00:00,200,8567.93,
2026-09-11T00:41:26.864902+00:00,200,3248.35,
2026-09-11T00:41:01.185370+00:00,200,28931.55,
2026-09-11T00:41:14.464904+00:00,200,15658.36,
2026-09-11T00:41:18.783143+00:00,200,11352.26,
2026-09-11T00:40:54.596561+00:00,200,35542.06,
2026-09-11T00:41:01.895857+00:00,200,28262.82,
2026-09-11T00:41:14.935971+00:00,200,15253.29,
2026-09-11T00:41:15.048544+00:00,200,15147.07,
2026-09-11T00:41:00.392521+00:00,200,29805.04,
2026-09-11T00:41:04.275147+00:00,200,25927.71,
2026-09-11T00:41:28.130406+00:00,200,2084.95,
2026-09-11T00:41:26.182567+00:00,200,4037.80,
2026-09-11T00:41:22.811746+00:00,200,7421.94,
2026-09-11T00:40:52.580836+00:00,200,37656.09,
2026-09-11T00:41:16.370118+00:00,200,13902.50,
2026-09-11T00:41:20.179986+00:00,200,10116.01,
2026-09-11T00:41:30.078387+00:00,200,229.88,
2026-09-11T00:41:25.771378+00:00,200,4539.09,
2026-09-11T00:41:07.139877+00:00,200,23175.90,
2026-09-11T00:41:01.548914+00:00,200,28770.91,
2026-09-11T00:41:24.399069+00:00,200,5931.64,
2026-09-11T00:40:52.722509+00:00,200,37613.27,
2026-09-11T00:41:00.828349+00:00,200,29575.91,
2026-09-11T00:41:25.552231+00:00,200,4855.53,
2026-09-11T00:41:20.533346+00:00,200,9900.90,
2026-09-11T00:41:24.550280+00:00,200,5924.89,
2026-09-11T00:40:58.284076+00:00,200,32196.29,
2026-09-11T00:41:29.924380+00:00,200,562.01,
2026-09-11T00:41:22.370745+00:00,200,8119.62,
2026-09-11T00:40:55.980626+00:00,200,34519.98,
2026-09-11T00:41:20.742631+00:00,200,9760.05,
2026-09-11T00:41:26.113578+00:00,200,4404.92,
2026-09-11T00:41:07.860042+00:00,200,22666.21,
2026-09-11T00:41:06.096269+00:00,200,24437.92,
2026-09-11T00:41:05.194219+00:00,200,25394.96,
2026-09-11T00:41:14.019371+00:00,200,16584.45,
2026-09-11T00:41:29.420150+00:00,200,1207.31,
2026-09-11T00:41:10.898770+00:00,200,19743.65,
2026-09-11T00:41:28.949089+00:00,200,1706.99,
2026-09-11T00:41:05.398959+00:00,200,25264.84,
2026-09-11T00:40:58.027016+00:00,200,32655.50,
2026-09-11T00:41:14.615229+00:00,200,16086.30,
2026-09-11T00:41:24.958394+00:00,200,5745.04,
2026-09-11T00:41:23.111448+00:00,200,7619.10,
2026-09-11T00:41:23.378901+00:00,200,7399.70,
2026-09-11T00:41:22.490570+00:00,200,8290.40,
2026-09-11T00:40:49.020558+00:00,200,41767.11,
2026-09-11T00:41:15.080604+00:00,200,15708.08,
2026-09-11T00:41:27.501105+00:00,200,3302.41,
2026-09-11T00:41:17.021589+00:00,200,13797.97,
2026-09-11T00:41:16.267800+00:00,200,14562.95,
2026-09-11T00:41:29.442279+00:00,200,1398.39,
2026-09-11T00:41:29.788990+00:00,200,1063.00,
2026-09-11T00:41:26.811541+00:00,200,4043.92,
2026-09-11T00:41:02.835753+00:00,200,28023.64,
2026-09-11T00:41:29.937741+00:00,200,939.89,
2026-09-11T00:41:13.000574+00:00,200,17898.34,
2026-09-11T00:41:27.229493+00:00,200,3675.65,
2026-09-11T00:41:06.567918+00:00,200,24391.39,
2026-09-11T00:41:29.145932+00:00,200,1820.61,
2026-09-11T00:41:28.295911+00:00,200,2675.73,
2026-09-11T00:41:24.297845+00:00,200,6685.46,
2026-09-11T00:41:17.833998+00:00,200,13156.62,
2026-09-11T00:41:30.778654+00:00,200,220.90,
2026-09-11T00:41:20.469737+00:00,200,10532.41,
2026-09-11T00:41:26.466918+00:00,200,4541.08,
2026-09-11T00:41:06.277209+00:00,200,24735.81,
2026-09-11T00:41:22.635419+00:00,200,8381.13,
2026-09-11T00:40:55.430485+00:00,200,35610.22,
2026-09-11T00:41:02.204859+00:00,200,28848.87,
2026-09-11T00:40:53.084701+00:00,200,37991.73,
2026-09-11T00:41:03.882509+00:00,200,27213.48,
2026-09-11T00:41:20.655563+00:00,200,10452.74,
2026-09-11T00:41:08.069101+00:00,200,23048.81,
2026-09-11T00:40:49.635740+00:00,200,41507.95,
2026-09-11T00:41:26.128260+00:00,200,5018.45,
2026-09-11T00:41:08.828270+00:00,200,22328.13,
2026-09-11T00:41:16.566369+00:00,200,14657.21,
2026-09-11T00:41:26.739008+00:00,200,4510.84,
2026-09-11T00:41:00.960809+00:00,200,30297.96,
2026-09-11T00:41:21.561269+00:00,200,9703.58,
2026-09-11T00:40:52.535796+00:00,200,38733.68,
2026-09-11T00:41:19.200825+00:00,200,12077.90,
2026-09-11T00:41:24.196862+00:00,200,7083.92,
2026-09-11T00:41:28.685411+00:00,200,2616.56,
2026-09-11T00:41:09.875455+00:00,200,21452.52,
2026-09-11T00:41:17.617476+00:00,200,13714.66,
2026-09-11T00:41:30.459699+00:00,200,877.26,
2026-09-11T00:41:26.559577+00:00,200,4805.85,
2026-09-11T00:40:58.378050+00:00,200,33006.96,
2026-09-11T00:41:15.042175+00:00,200,16347.76,
2026-09-11T00:41:11.344004+00:00,200,20064.85,
2026-09-11T00:41:19.959330+00:00,200,11473.63,
2026-09-11T00:41:23.685419+00:00,200,7751.31,
2026-09-11T00:41:29.933740+00:00,200,1508.70,
2026-09-11T00:41:15.976682+00:00,200,15468.81,
2026-09-11T00:41:01.253464+00:00,200,30217.31,
2026-09-11T00:41:18.771786+00:00,200,12703.16,
2026-09-11T00:41:01.968797+00:00,200,29519.13,
2026-09-11T00:41:23.977297+00:00,200,7545.28,
2026-09-11T00:41:23.920944+00:00,200,7615.39,
2026-09-11T00:40:35.632801+00:00,200,55913.87,
2026-09-11T00:41:23.742862+00:00,200,7807.26,
2026-09-11T00:41:27.423071+00:00,200,4139.03,
2026-09-11T00:41:31.144102+00:00,200,436.38,
2026-09-11T00:40:58.082140+00:00,200,33523.49,
2026-09-11T00:41:27.875163+00:00,200,3745.99,
2026-09-11T00:41:06.116445+00:00,200,25514.21,
2026-09-11T00:41:20.009281+00:00,200,11637.15,
2026-09-11T00:41:22.452031+00:00,200,9204.15,
2026-09-11T00:41:26.207209+00:00,200,5464.37,
2026-09-11T00:41:22.850874+00:00,200,8835.17,
2026-09-11T00:41:27.115712+00:00,200,4600.30,
2026-09-11T00:41:08.650894+00:00,200,23079.90,
2026-09-11T00:41:30.831332+00:00,200,927.99,
2026-09-11T00:41:25.857149+00:00,200,5925.29,
2026-09-11T00:40:29.732150+00:00,200,62082.06,
2026-09-11T00:41:16.504683+00:00,200,15315.10,
2026-09-11T00:41:21.852449+00:00,200,9983.31,
2026-09-11T00:40:49.091294+00:00,200,42745.72,
2026-09-11T00:41:19.123637+00:00,200,12726.70,
2026-09-11T00:41:16.404491+00:00,200,15450.32,
2026-09-11T00:41:03.867711+00:00,200,27988.95,
2026-09-11T00:41:25.307513+00:00,200,6558.25,
2026-09-11T00:41:26.400348+00:00,200,5500.70,
2026-09-11T00:41:07.310657+00:00,200,24598.14,
2026-09-11T00:41:03.309420+00:00,200,28610.54,
2026-09-11T00:41:29.557716+00:00,200,2369.87,
2026-09-11T00:41:29.458767+00:00,200,2476.44,
2026-09-11T00:40:52.450931+00:00,200,39490.95,
2026-09-11T00:41:10.616094+00:00,200,21329.18,
2026-09-11T00:41:27.607565+00:00,200,4364.36,
2026-09-11T00:41:15.828644+00:00,200,16158.03,
2026-09-11T00:41:20.965649+00:00,200,11032.51,
2026-09-11T00:41:20.392739+00:00,200,11611.64,
2026-09-11T00:41:14.949710+00:00,200,17062.96,
2026-09-11T00:41:31.813761+00:00,200,201.29,
2026-09-11T00:41:16.348533+00:00,200,15678.29,
2026-09-11T00:41:11.764682+00:00,200,20267.97,
2026-09-11T00:41:31.001961+00:00,200,1047.65,
2026-09-11T00:41:07.441045+00:00,200,24631.23,
2026-09-11T00:41:28.039030+00:00,200,4056.23,
2026-09-11T00:41:14.573605+00:00,200,17526.26,
2026-09-11T00:41:30.503474+00:00,200,1606.86,
2026-09-11T00:40:56.193317+00:00,200,35945.01,
2026-09-11T00:41:13.775629+00:00,200,18365.29,
2026-09-11T00:41:26.101630+00:00,200,6044.18,
2026-09-11T00:41:02.142560+00:00,200,30010.64,
2026-09-11T00:41:30.335712+00:00,200,1826.54,
2026-09-11T00:41:31.998233+00:00,200,175.56,
2026-09-11T00:41:07.608482+00:00,200,24574.46,
2026-09-11T00:41:28.138077+00:00,200,4050.70,
2026-09-11T00:41:14.153560+00:00,200,18040.26,
2026-09-11T00:41:30.820105+00:00,200,1406.84,
2026-09-11T00:41:29.576417+00:00,200,2681.82,
2026-09-11T00:41:30.840640+00:00,200,1439.04,
2026-09-11T00:40:58.851754+00:00,200,33438.68,
2026-09-11T00:41:31.224190+00:00,200,1080.81,
2026-09-11T00:41:21.435249+00:00,200,10874.75,
2026-09-11T00:40:55.707005+00:00,200,36612.46,
2026-09-11T00:40:42.573526+00:00,200,49755.25,
2026-09-11T00:40:50.495132+00:00,200,41853.31,
2026-09-11T00:41:19.892881+00:00,200,12457.40,
2026-09-11T00:41:18.901842+00:00,200,13451.12,
2026-09-11T00:41:27.776869+00:00,200,4580.98,
2026-09-11T00:41:27.533662+00:00,200,4836.72,
2026-09-11T00:41:07.837978+00:00,200,24546.05,
2026-09-11T00:41:14.177727+00:00,200,18217.74,
2026-09-11T00:41:31.277555+00:00,200,1129.25,
2026-09-11T00:41:30.158952+00:00,200,2251.14,
2026-09-11T00:41:29.992215+00:00,200,2464.16,
2026-09-11T00:41:27.918118+00:00,200,4574.81,
2026-09-11T00:41:23.826898+00:00,200,8678.19,
2026-09-11T00:41:13.457924+00:00,200,19053.91,
2026-09-11T00:41:19.682529+00:00,200,12846.69,
2026-09-11T00:41:25.701575+00:00,200,6831.25,
2026-09-11T00:41:32.013052+00:00,200,523.77,
2026-09-11T00:41:24.450460+00:00,200,8091.60,
2026-09-11T00:41:21.774723+00:00,200,10770.05,
2026-09-11T00:41:20.912326+00:00,200,11633.91,
2026-09-11T00:41:21.292661+00:00,200,11255.47,
2026-09-11T00:41:21.778720+00:00,200,10774.28,
2026-09-11T00:41:07.897884+00:00,200,24682.01,
2026-09-11T00:41:08.020062+00:00,200,24561.51,
2026-09-11T00:41:19.243738+00:00,200,13358.17,
2026-09-11T00:40:43.143554+00:00,200,49459.94,
2026-09-11T00:41:06.431467+00:00,200,26177.69,
2026-09-11T00:41:13.815117+00:00,200,18799.28,
2026-09-11T00:41:31.433691+00:00,200,1183.29,
2026-09-11T00:41:32.455615+00:00,200,166.99,
2026-09-11T00:41:31.258095+00:00,200,1366.60,
2026-09-11T00:41:09.555495+00:00,200,23079.99,
2026-09-11T00:41:31.013027+00:00,200,1624.93,
2026-09-11T00:40:55.202361+00:00,200,37519.76,
2026-09-11T00:41:29.043173+00:00,200,3696.57,
2026-09-11T00:41:04.085457+00:00,200,28667.49,
2026-09-11T00:41:25.808607+00:00,200,6945.52,
2026-09-11T00:41:28.846631+00:00,200,3915.79,
2026-09-11T00:40:58.451854+00:00,200,34315.22,
2026-09-11T00:41:06.984172+00:00,200,25785.21,
2026-09-11T00:41:04.959240+00:00,200,27816.87,
2026-09-11T00:41:18.165362+00:00,200,14614.89,
2026-09-11T00:41:07.504400+00:00,200,25279.64,
2026-09-11T00:41:17.542270+00:00,200,15262.82,
2026-09-11T00:41:28.104384+00:00,200,4712.08,
2026-09-11T00:41:20.841604+00:00,200,11992.77,
2026-09-11T00:41:21.377035+00:00,200,11460.85,
2026-09-11T00:41:23.665651+00:00,200,9183.42,
2026-09-11T00:41:21.122747+00:00,200,11760.83,
2026-09-11T00:41:01.923835+00:00,200,30962.24,
2026-09-11T00:41:30.877694+00:00,200,2010.32,
2026-09-11T00:41:02.356922+00:00,200,30533.26,
2026-09-11T00:40:53.350193+00:00,200,39551.40,
2026-09-11T00:41:32.752399+00:00,200,176.24,
2026-09-11T00:41:25.055524+00:00,200,7884.90,
2026-09-11T00:41:24.774109+00:00,200,8172.95,
2026-09-11T00:41:32.753399+00:00,200,200.69,
2026-09-11T00:41:13.542791+00:00,200,19423.51,
2026-09-11T00:41:30.704257+00:00,200,2277.72,
2026-09-11T00:41:21.387432+00:00,200,11609.14,
2026-09-11T00:41:29.579927+00:00,200,3426.37,
2026-09-11T00:41:14.761165+00:00,200,18256.22,
2026-09-11T00:40:53.850838+00:00,200,39172.69,
2026-09-11T00:41:30.048219+00:00,200,2995.30,
2026-09-11T00:41:00.905754+00:00,200,32141.30,
2026-09-11T00:41:08.083683+00:00,200,24980.38,
2026-09-11T00:41:18.800759+00:00,200,14265.69,
2026-09-11T00:41:24.620059+00:00,200,8490.20,
2026-09-11T00:41:19.550848+00:00,200,13561.43,
2026-09-11T00:41:32.928597+00:00,200,212.52,
2026-09-11T00:41:31.865882+00:00,200,1287.45,
2026-09-11T00:41:03.521361+00:00,200,29647.07,
2026-09-11T00:41:08.117063+00:00,200,25056.17,
2026-09-11T00:41:26.219824+00:00,200,6954.64,
2026-09-11T00:41:02.166128+00:00,200,31037.21,
2026-09-11T00:41:21.840647+00:00,200,11370.23,
2026-09-11T00:41:02.419270+00:00,200,30792.73,
2026-09-11T00:41:26.494476+00:00,200,6740.26,
2026-09-11T00:40:55.627432+00:00,200,37613.97,
2026-09-11T00:41:22.019724+00:00,200,11224.08,
2026-09-11T00:41:03.536281+00:00,200,29715.98,
2026-09-11T00:41:10.282597+00:00,200,22990.36,
2026-09-11T00:41:30.272152+00:00,200,3011.23,
2026-09-11T00:41:15.123592+00:00,200,18162.90,
2026-09-11T00:41:23.158580+00:00,200,10141.53,
2026-09-11T00:41:20.245648+00:00,200,13057.25,
2026-09-11T00:41:14.607020+00:00,200,18705.46,
2026-09-11T00:41:09.229249+00:00,200,24085.01,
2026-09-11T00:40:47.908538+00:00,200,45427.12,
2026-09-11T00:41:24.157476+00:00,200,9182.33,
2026-09-11T00:41:25.942820+00:00,200,7407.07,
2026-09-11T00:41:31.836903+00:00,200,1514.23,
2026-09-11T00:41:16.938420+00:00,200,16437.33,
2026-09-11T00:41:32.071767+00:00,200,1307.52,
2026-09-11T00:41:24.031044+00:00,200,9360.79,
2026-09-11T00:41:29.581927+00:00,200,3815.42,
2026-09-11T00:41:11.426258+00:00,200,21991.12,
2026-09-11T00:41:29.394116+00:00,200,4039.77,
2026-09-11T00:41:15.770926+00:00,200,17672.98,
2026-09-11T00:41:15.618332+00:00,200,17827.44,
2026-09-11T00:41:30.490982+00:00,200,2984.03,
2026-09-11T00:41:17.762236+00:00,200,15734.22,
2026-09-11T00:41:18.464106+00:00,200,15047.42,
2026-09-11T00:40:55.612093+00:00,200,37955.95,
2026-09-11T00:41:14.068450+00:00,200,19509.81,
2026-09-11T00:40:51.301812+00:00,200,42286.80,
2026-09-11T00:41:32.162814+00:00,200,1433.36,
2026-09-11T00:41:27.185718+00:00,200,6411.86,
2026-09-11T00:40:39.461929+00:00,200,54136.91,
2026-09-11T00:41:13.982977+00:00,200,19618.25,
2026-09-11T00:41:10.780124+00:00,200,22822.04,
2026-09-11T00:41:20.007245+00:00,200,13596.69,
2026-09-11T00:41:23.635408+00:00,200,9970.10,
2026-09-11T00:41:30.627434+00:00,200,2980.76,
2026-09-11T00:41:11.708622+00:00,200,21900.76,
2026-09-11T00:40:53.703702+00:00,200,39907.82,
2026-09-11T00:41:26.239250+00:00,200,7374.13,
2026-09-11T00:41:24.918831+00:00,200,8695.81,
2026-09-11T00:41:01.971400+00:00,200,31658.81,
2026-09-11T00:41:28.785608+00:00,200,4860.17,
2026-09-11T00:40:59.074694+00:00,200,34577.45,
2026-09-11T00:41:21.946431+00:00,200,11707.28,
2026-09-11T00:41:18.917078+00:00,200,14739.14,
2026-09-11T00:41:25.361508+00:00,200,8296.69,
2026-09-11T00:40:57.418106+00:00,200,36241.66,
2026-09-11T00:41:13.800533+00:00,200,19861.26,
2026-09-11T00:40:49.956687+00:00,200,43716.69,
2026-09-11T00:41:08.589693+00:00,200,25117.99,
2026-09-11T00:40:58.010008+00:00,200,35715.64,
2026-09-11T00:41:31.332535+00:00,200,2417.60,
2026-09-11T00:41:32.939793+00:00,200,815.46,
2026-09-11T00:41:26.120912+00:00,200,7650.16,
2026-09-11T00:41:05.269680+00:00,200,28549.41,
2026-09-11T00:41:17.485149+00:00,200,16370.56,
2026-09-11T00:41:16.101857+00:00,200,17765.86,
2026-09-11T00:40:57.805051+00:00,200,36067.77,
2026-09-11T00:41:20.003988+00:00,200,13873.52,
2026-09-11T00:41:31.985837+00:00,200,1897.16,
2026-09-11T00:41:23.717739+00:00,200,10181.03,
2026-09-11T00:40:46.973162+00:00,200,46935.83,
2026-09-11T00:41:17.279833+00:00,200,16652.21,
2026-09-11T00:41:23.810431+00:00,200,10150.94,
2026-09-11T00:40:56.494345+00:00,200,37471.61,
2026-09-11T00:41:25.440453+00:00,200,8538.42,
2026-09-11T00:41:28.524331+00:00,200,5520.96,
2026-09-11T00:41:17.771895+00:00,200,16278.03,
2026-09-11T00:41:01.082176+00:00,200,32972.52,
2026-09-11T00:41:28.894100+00:00,200,5181.24,
2026-09-11T00:40:21.331370+00:00,200,72748.17,
2026-09-11T00:41:28.198852+00:00,200,5886.92,
2026-09-11T00:41:26.243115+00:00,200,7848.77,
2026-09-11T00:41:28.905484+00:00,200,5197.80,
2026-09-11T00:40:52.465529+00:00,200,41649.28,
2026-09-11T00:41:25.613431+00:00,200,8511.99,
2026-09-11T00:41:30.096506+00:00,200,4058.04,
2026-09-11T00:41:14.199682+00:00,200,19957.50,
2026-09-11T00:41:17.255845+00:00,200,16903.42,
2026-09-11T00:41:16.341588+00:00,200,17826.61,
2026-09-11T00:41:32.581772+00:00,200,1642.56,
2026-09-11T00:41:24.003927+00:00,200,10248.21,
2026-09-11T00:41:18.118383+00:00,200,16173.61,
2026-09-11T00:40:30.404164+00:00,200,63894.93,
2026-09-11T00:41:06.348752+00:00,200,27971.15,
2026-09-11T00:41:22.291852+00:00,200,12053.45,
2026-09-11T00:41:30.730028+00:00,200,3659.87,
2026-09-11T00:41:20.601198+00:00,200,13825.99,
2026-09-11T00:41:31.281079+00:00,200,3196.69,
2026-09-11T00:41:25.660626+00:00,200,8822.53,
2026-09-11T00:41:17.350118+00:00,200,17140.30,
2026-09-11T00:41:27.783672+00:00,200,6715.84,
2026-09-11T00:41:21.568575+00:00,200,12932.76,
2026-09-11T00:41:21.230051+00:00,200,13276.52,
2026-09-11T00:41:23.993842+00:00,200,10531.35,
2026-09-11T00:41:27.746905+00:00,200,6791.58,
2026-09-11T00:41:07.653014+00:00,200,26912.12,
2026-09-11T00:41:18.353894+00:00,200,16224.79,
2026-09-11T00:41:32.601627+00:00,200,1981.11,
2026-09-11T00:40:58.899032+00:00,200,35707.47,
2026-09-11T00:41:32.172738+00:00,200,2450.80,
2026-09-11T00:41:15.036950+00:00,200,19634.39,
2026-09-11T00:41:04.159572+00:00,200,30543.79,
2026-09-11T00:41:20.297600+00:00,200,14422.96,
2026-09-11T00:41:28.361860+00:00,200,6375.55,
2026-09-11T00:41:26.534455+00:00,200,8227.82,
2026-09-11T00:41:24.862514+00:00,200,9915.13,
2026-09-11T00:41:31.016070+00:00,200,3797.85,
2026-09-11T00:41:34.205584+00:00,200,611.02,
2026-09-11T00:41:19.130718+00:00,200,15690.07,
2026-09-11T00:41:20.047135+00:00,200,14777.69,
2026-09-11T00:41:25.816949+00:00,200,9023.59,
2026-09-11T00:41:29.384715+00:00,200,5492.32,
2026-09-11T00:41:08.911789+00:00,200,25967.47,
2026-09-11T00:41:21.857696+00:00,200,13064.72,
2026-09-11T00:41:26.946424+00:00,200,7978.09,
2026-09-11T00:41:02.409340+00:00,200,32520.97,
2026-09-11T00:41:25.374070+00:00,200,9583.17,
2026-09-11T00:41:14.951710+00:00,200,20012.41,
2026-09-11T00:41:07.581483+00:00,200,27404.83,
2026-09-11T00:41:13.424656+00:00,200,21568.62,
2026-09-11T00:41:25.461061+00:00,200,9544.33,
2026-09-11T00:41:24.508384+00:00,200,10536.71,
2026-09-11T00:41:16.252289+00:00,200,18814.60,
2026-09-11T00:41:03.797253+00:00,200,31285.01,
2026-09-11T00:41:02.283350+00:00,200,32805.18,
2026-09-11T00:41:12.540754+00:00,200,22558.79,
2026-09-11T00:40:47.453362+00:00,200,47655.44,
2026-09-11T00:41:25.062169+00:00,200,10069.20,
2026-09-11T00:41:28.092091+00:00,200,7045.46,
2026-09-11T00:41:32.904711+00:00,200,2242.37,
2026-09-11T00:40:44.212114+00:00,200,50954.85,
2026-09-11T00:41:01.803019+00:00,200,33368.55,
2026-09-11T00:41:05.248571+00:00,200,29939.63,
2026-09-11T00:41:13.892365+00:00,200,21298.17,
2026-09-11T00:41:25.189074+00:00,200,10052.75,
2026-09-11T00:41:07.890884+00:00,200,27389.13,
2026-09-11T00:41:30.982753+00:00,200,4309.31,
2026-09-11T00:41:33.212867+00:00,200,2101.13,
2026-09-11T00:41:17.945418+00:00,200,17373.92,
2026-09-11T00:41:29.688928+00:00,200,5706.57,
2026-09-11T00:41:08.071097+00:00,200,27340.27,
2026-09-11T00:41:16.119968+00:00,200,19298.02,
2026-09-11T00:41:26.603230+00:00,200,8819.28,
2026-09-11T00:41:30.961744+00:00,200,4505.19,
2026-09-11T00:41:21.073236+00:00,200,14437.34,
2026-09-11T00:40:58.656154+00:00,200,36856.53,
2026-09-11T00:41:32.804660+00:00,200,2717.19,
2026-09-11T00:41:08.384712+00:00,200,27142.57,
2026-09-11T00:41:02.342831+00:00,200,33235.25,
2026-09-11T00:41:35.292250+00:00,200,322.66,
2026-09-11T00:41:26.995796+00:00,200,8622.30,
2026-09-11T00:41:32.205613+00:00,200,3426.74,
2026-09-11T00:40:59.101797+00:00,200,36548.40,
2026-09-11T00:40:36.370319+00:00,200,59306.61,
2026-09-11T00:41:34.606827+00:00,200,1105.75,
2026-09-11T00:41:02.371251+00:00,200,33383.69,
2026-09-11T00:41:18.265446+00:00,200,17511.83,
2026-09-11T00:41:31.919798+00:00,200,3895.43,
2026-09-11T00:41:21.517014+00:00,200,14313.39,
2026-09-11T00:41:29.438786+00:00,200,6414.97,
2026-09-11T00:41:33.048380+00:00,200,2820.66,
2026-09-11T00:41:31.535758+00:00,200,4340.67,
2026-09-11T00:40:56.286567+00:00,200,39657.19,
2026-09-11T00:41:18.205597+00:00,200,17757.50,
2026-09-11T00:41:27.307600+00:00,200,8661.82,
2026-09-11T00:41:13.188961+00:00,200,22784.35,
2026-09-11T00:40:59.009487+00:00,200,36986.15,
2026-09-11T00:41:30.787389+00:00,200,5255.49,
2026-09-11T00:41:35.172071+00:00,200,879.04,
2026-09-11T00:41:02.940662+00:00,200,33115.79,
2026-09-11T00:41:34.046170+00:00,200,2018.94,
2026-09-11T00:41:07.975445+00:00,200,28104.99,
2026-09-11T00:41:21.110398+00:00,200,14972.39,
2026-09-11T00:41:35.754896+00:00,200,339.96,
2026-09-11T00:40:44.733428+00:00,200,51363.42,
2026-09-11T00:41:33.770759+00:00,200,2335.80,
2026-09-11T00:41:28.244052+00:00,200,7873.15,
2026-09-11T00:41:16.815244+00:00,200,19361.42,
2026-09-11T00:41:23.095867+00:00,200,13093.09,
2026-09-11T00:41:32.799533+00:00,200,3400.87,
2026-09-11T00:41:14.896359+00:00,200,21317.47,
2026-09-11T00:41:24.570805+00:00,200,11695.65,
2026-09-11T00:41:32.182880+00:00,200,4085.63,
2026-09-11T00:41:34.427344+00:00,200,1874.20,
2026-09-11T00:40:53.875121+00:00,200,42455.39,
2026-09-11T00:41:34.506976+00:00,200,1855.96,
2026-09-11T00:41:34.777605+00:00,200,1594.70,
2026-09-11T00:41:33.655473+00:00,200,2734.30,
2026-09-11T00:41:13.899562+00:00,200,22512.27,
2026-09-11T00:41:21.388435+00:00,200,15058.26,
2026-09-11T00:41:29.140933+00:00,200,7309.53,
2026-09-11T00:41:29.944047+00:00,200,6526.49,
2026-09-11T00:41:31.470910+00:00,200,5016.86,
2026-09-11T00:40:59.872607+00:00,200,36644.09,
2026-09-11T00:41:24.015781+00:00,200,12512.59,
2026-09-11T00:41:13.887994+00:00,200,22661.80,
2026-09-11T00:41:22.731016+00:00,200,13845.46,
2026-09-11T00:41:33.661783+00:00,200,2927.95,
2026-09-11T00:41:33.755437+00:00,200,2848.85,
2026-09-11T00:41:33.141143+00:00,200,3522.71,
2026-09-11T00:41:35.411998+00:00,200,1273.78,
2026-09-11T00:41:27.095298+00:00,200,9636.11,
2026-09-11T00:41:29.128149+00:00,200,7643.25,
2026-09-11T00:41:29.778866+00:00,200,7009.21,
2026-09-11T00:41:33.872775+00:00,200,2923.22,
2026-09-11T00:41:27.907649+00:00,200,8906.06,
2026-09-11T00:41:32.886878+00:00,200,3941.68,
2026-09-11T00:41:08.806588+00:00,200,28052.32,
2026-09-11T00:41:30.642102+00:00,200,6258.43,
2026-09-11T00:41:16.563146+00:00,200,20346.02,
2026-09-11T00:41:32.348702+00:00,200,4564.73,
2026-09-11T00:41:27.576832+00:00,200,9370.38,
2026-09-11T00:41:20.324848+00:00,200,16642.70,
2026-09-11T00:41:15.078603+00:00,200,21906.83,
2026-09-11T00:41:33.599445+00:00,200,3415.90,
2026-09-11T00:41:23.797181+00:00,200,13233.79,
2026-09-11T00:41:36.685217+00:00,200,360.42,
2026-09-11T00:41:28.650880+00:00,200,8404.54,
2026-09-11T00:41:25.145913+00:00,200,11924.21,
2026-09-11T00:41:31.409205+00:00,200,5665.32,
2026-09-11T00:41:19.726155+00:00,200,17388.01,
2026-09-11T00:41:30.195211+00:00,200,6939.18,
2026-09-11T00:41:35.319214+00:00,200,1820.61,
2026-09-11T00:41:35.395056+00:00,200,1746.99,
2026-09-11T00:41:27.322062+00:00,200,9831.90,
2026-09-11T00:41:28.359858+00:00,200,8803.62,
2026-09-11T00:41:14.958922+00:00,200,22240.89,
2026-09-11T00:41:00.159238+00:00,200,37072.71,
2026-09-11T00:41:28.661347+00:00,200,8580.67,
2026-09-11T00:41:21.301173+00:00,200,15951.65,
2026-09-11T00:41:32.882776+00:00,200,4373.52,
2026-09-11T00:41:31.819548+00:00,200,5442.15,
2026-09-11T00:41:31.095746+00:00,200,6230.70,
2026-09-11T00:41:31.647122+00:00,200,5728.19,
2026-09-11T00:40:43.930644+00:00,200,53446.26,
2026-09-11T00:41:35.188453+00:00,200,2192.13,
2026-09-11T00:41:25.450209+00:00,200,11941.66,
2026-09-11T00:41:15.045170+00:00,200,22360.40,
2026-09-11T00:41:21.869629+00:00,200,15572.55,
2026-09-11T00:41:11.264485+00:00,200,26182.84,
2026-09-11T00:41:24.603981+00:00,200,12889.22,
2026-09-11T00:41:06.418869+00:00,200,31079.53,
2026-09-11T00:41:35.242214+00:00,200,2271.19,
2026-09-11T00:41:23.509577+00:00,200,14041.15,
2026-09-11T00:41:17.064107+00:00,200,20538.51,
2026-09-11T00:41:03.017686+00:00,200,34640.44,
2026-09-11T00:41:07.883656+00:00,200,29797.06,
2026-09-11T00:41:12.862561+00:00,200,24857.97,
2026-09-11T00:41:30.197215+00:00,200,7536.94,
2026-09-11T00:41:06.544931+00:00,200,31202.66,
2026-09-11T00:41:20.223828+00:00,200,17527.59,
2026-09-11T00:41:25.376747+00:00,200,12390.48,
2026-09-11T00:41:31.782517+00:00,200,6000.50,
2026-09-11T00:41:00.585220+00:00,200,37200.89,
2026-09-11T00:41:30.137898+00:00,200,7649.88,
2026-09-11T00:40:43.183506+00:00,200,54607.00,
2026-09-11T00:41:12.659040+00:00,200,25145.90,
2026-09-11T00:41:28.262587+00:00,200,9568.02,
2026-09-11T00:41:25.935593+00:00,200,11907.20,
2026-09-11T00:41:34.876699+00:00,200,2988.02,
2026-09-11T00:41:29.824410+00:00,200,8089.98,
2026-09-11T00:41:32.049554+00:00,200,5871.84,
2026-09-11T00:40:55.850682+00:00,200,42097.57,
2026-09-11T00:41:03.669590+00:00,200,34291.62,
2026-09-11T00:41:36.516756+00:00,200,1494.01,
2026-09-11T00:41:37.120190+00:00,200,905.92,
2026-09-11T00:41:25.794010+00:00,200,12242.21,
2026-09-11T00:41:12.356005+00:00,200,25683.17,
2026-09-11T00:40:58.267475+00:00,200,39801.95,
2026-09-11T00:41:20.855972+00:00,200,17253.01,
2026-09-11T00:41:11.444935+00:00,200,26702.30,
2026-09-11T00:41:29.123050+00:00,200,9072.38,
2026-09-11T00:41:34.082968+00:00,200,4116.81,
2026-09-11T00:41:23.243797+00:00,200,14961.55,
2026-09-11T00:40:57.868487+00:00,200,40375.54,
2026-09-11T00:40:50.227223+00:00,200,48041.29,
2026-09-11T00:41:35.166495+00:00,200,3103.74,
2026-09-11T00:40:58.066956+00:00,200,40213.20,
2026-09-11T00:41:06.556441+00:00,200,31734.45,
2026-09-11T00:41:33.313011+00:00,200,5031.34,
2026-09-11T00:41:33.174728+00:00,200,5223.19,
2026-09-11T00:41:33.605480+00:00,200,4847.60,
2026-09-11T00:41:26.593956+00:00,200,11866.53,
2026-09-11T00:41:21.608368+00:00,200,16877.86,
2026-09-11T00:41:21.020821+00:00,200,17484.34,
2026-09-11T00:41:35.650772+00:00,200,2859.58,
2026-09-11T00:41:34.671600+00:00,200,3859.83,
2026-09-11T00:41:34.841225+00:00,200,3694.70,
2026-09-11T00:41:21.158483+00:00,200,17382.24,
2026-09-11T00:41:25.341846+00:00,200,13225.36,
2026-09-11T00:41:27.235627+00:00,200,11377.99,
2026-09-11T00:40:52.982781+00:00,200,45646.34,
2026-09-11T00:41:30.485662+00:00,200,8164.33,
2026-09-11T00:41:01.028758+00:00,200,37628.38,
2026-09-11T00:41:28.545041+00:00,200,10158.84,
2026-09-11T00:41:33.796209+00:00,200,4912.34,
2026-09-11T00:41:36.106374+00:00,200,2604.46,
2026-09-11T00:41:15.275461+00:00,200,23441.34,
2026-09-11T00:40:55.699574+00:00,200,43021.47,
2026-09-11T00:41:02.178162+00:00,200,36613.35,
2026-09-11T00:41:16.731890+00:00,200,22076.34,
2026-09-11T00:40:52.803670+00:00,200,46011.31,
2026-09-11T00:41:22.050093+00:00,200,16800.54,
2026-09-11T00:41:29.966089+00:00,200,8889.23,
2026-09-11T00:41:33.351535+00:00,200,5551.85,
2026-09-11T00:40:50.939955+00:00,200,47968.69,
2026-09-11T00:41:23.496886+00:00,200,15424.15,
2026-09-11T00:41:28.727526+00:00,200,10197.49,
2026-09-11T00:40:49.801943+00:00,200,49128.95,
2026-09-11T00:41:23.392771+00:00,200,15585.17,
2026-09-11T00:41:25.253165+00:00,200,13739.94,
2026-09-11T00:41:21.940625+00:00,200,17057.08,
2026-09-11T00:41:23.387505+00:00,200,15638.86,
2026-09-11T00:41:01.422858+00:00,200,37613.01,
2026-09-11T00:41:19.749785+00:00,200,19302.50,
2026-09-11T00:41:27.069979+00:00,200,11997.33,
2026-09-11T00:41:38.791626+00:00,200,286.34,
2026-09-11T00:41:12.651496+00:00,200,26483.28,
2026-09-11T00:41:31.889141+00:00,200,7255.33,
2026-09-11T00:41:19.371241+00:00,200,19799.50,
2026-09-11T00:41:38.908087+00:00,200,286.24,
2026-09-11T00:41:28.876249+00:00,200,10332.10,
2026-09-11T00:41:32.542162+00:00,200,6672.81,
2026-09-11T00:41:32.352597+00:00,200,6867.79,
2026-09-11T00:41:10.001564+00:00,200,29244.88,
2026-09-11T00:41:21.766537+00:00,200,17502.86,
2026-09-11T00:41:22.047622+00:00,200,17223.71,
2026-09-11T00:41:21.713281+00:00,200,17593.31,
2026-09-11T00:41:35.108915+00:00,200,4213.14,
2026-09-11T00:41:00.959802+00:00,200,38367.14,
2026-09-11T00:41:33.043374+00:00,200,6308.05,
2026-09-11T00:41:02.950852+00:00,200,36405.36,
2026-09-11T00:41:24.453461+00:00,200,14906.10,
2026-09-11T00:40:59.892159+00:00,200,39478.18,
2026-09-11T00:41:27.245341+00:00,200,12132.90,
2026-09-11T00:41:14.081131+00:00,200,25341.98,
2026-09-11T00:41:15.071731+00:00,200,24370.00,
2026-09-11T00:41:03.960159+00:00,200,35489.21,
2026-09-11T00:41:32.579260+00:00,200,6877.45,
2026-09-11T00:41:30.434748+00:00,200,9025.54,
2026-09-11T00:41:34.824583+00:00,200,4647.62,
2026-09-11T00:41:08.796885+00:00,200,30682.37,
2026-09-11T00:41:29.884618+00:00,200,9609.59,
2026-09-11T00:41:33.110956+00:00,200,6394.29,
2026-09-11T00:41:32.529596+00:00,200,7014.24,
2026-09-11T00:40:28.959957+00:00,200,70620.70,
2026-09-11T00:41:34.582816+00:00,200,5004.52,
2026-09-11T00:41:17.961066+00:00,200,21645.40,
2026-09-11T00:41:36.771723+00:00,200,2877.03,
2026-09-11T00:41:32.635877+00:00,200,7028.21,
2026-09-11T00:41:33.663288+00:00,200,6014.58,
2026-09-11T00:41:38.011239+00:00,200,1668.65,
2026-09-11T00:41:29.422964+00:00,200,10260.13,
2026-09-11T00:41:00.467613+00:00,200,39244.53,
2026-09-11T00:41:08.105195+00:00,200,31638.81,
2026-09-11T00:41:34.579040+00:00,200,5168.28,
2026-09-11T00:41:26.585151+00:00,200,13163.79,
2026-09-11T00:41:25.836526+00:00,200,13915.50,
2026-09-11T00:41:36.268458+00:00,200,3485.30,
2026-09-11T00:41:25.542866+00:00,200,14213.03,
2026-09-11T00:41:02.773350+00:00,200,36984.44,
2026-09-11T00:41:32.095322+00:00,200,7664.32,
2026-09-11T00:40:59.465574+00:00,200,40298.61,
2026-09-11T00:41:36.487885+00:00,200,3292.71,
2026-09-11T00:41:31.605292+00:00,200,8193.38,
2026-09-11T00:41:33.497009+00:00,200,6318.09,
2026-09-11T00:41:26.957389+00:00,200,12867.53,
2026-09-11T00:41:21.899803+00:00,200,17950.63,
2026-09-11T00:41:17.887367+00:00,200,21993.82,
2026-09-11T00:41:21.773535+00:00,200,18136.34,
2026-09-11T00:41:38.069484+00:00,200,1854.09,
2026-09-11T00:40:54.137831+00:00,200,45795.18,
2026-09-11T00:41:11.516351+00:00,200,28427.17,
2026-09-11T00:41:06.831503+00:00,200,33145.67,
2026-09-11T00:41:38.815322+00:00,200,1188.19,
2026-09-11T00:41:08.585975+00:00,200,31429.55,
2026-09-11T00:41:29.052515+00:00,200,11025.42,
2026-09-11T00:41:15.537056+00:00,200,24573.63,
2026-09-11T00:41:37.788333+00:00,200,2349.44,
2026-09-11T00:41:23.245795+00:00,200,16895.24,
2026-09-11T00:41:35.087906+00:00,200,5070.74,
2026-09-11T00:41:38.603117+00:00,200,1568.30,
2026-09-11T00:41:20.372112+00:00,200,19806.15,
2026-09-11T00:41:30.307789+00:00,200,9906.52,
2026-09-11T00:41:38.968476+00:00,200,1255.50,
2026-09-11T00:41:32.146108+00:00,200,8085.09,
2026-09-11T00:40:52.274478+00:00,200,47977.10,
2026-09-11T00:41:33.000581+00:00,200,7262.47,
2026-09-11T00:41:28.600411+00:00,200,11699.94,
2026-09-11T00:41:33.444100+00:00,200,6863.19,
2026-09-11T00:41:14.746382+00:00,200,25564.26,
2026-09-11T00:41:34.303582+00:00,200,6095.87,
2026-09-11T00:41:17.819403+00:00,200,22610.34,
2026-09-11T00:41:05.211336+00:00,200,35228.50,
2026-09-11T00:41:40.077218+00:00,200,372.75,
2026-09-11T00:41:28.426374+00:00,200,12028.36,
2026-09-11T00:41:38.650431+00:00,200,1820.37,
2026-09-11T00:41:32.407917+00:00,200,8078.72,
2026-09-11T00:41:35.930515+00:00,200,4561.34,
2026-09-11T00:41:30.404082+00:00,200,10092.17,
2026-09-11T00:40:41.426878+00:00,200,59081.34,
2026-09-11T00:41:08.818952+00:00,200,31700.76,
2026-09-11T00:41:10.474727+00:00,200,30062.60,
2026-09-11T00:41:03.581021+00:00,200,36985.72,
2026-09-11T00:40:56.382026+00:00,200,44196.46,
2026-09-11T00:41:06.104394+00:00,200,34512.47,
2026-09-11T00:41:37.734179+00:00,200,2897.61,
2026-09-11T00:41:36.082845+00:00,200,4553.20,
2026-09-11T00:41:21.772541+00:00,200,18903.29,
2026-09-11T00:41:08.776480+00:00,200,31911.52,
2026-09-11T00:40:56.576570+00:00,200,44112.58,
2026-09-11T00:41:23.417800+00:00,200,17277.04,
2026-09-11T00:41:19.639073+00:00,200,21108.79,
2026-09-11T00:41:25.688639+00:00,200,15070.05,
2026-09-11T00:41:32.624499+00:00,200,8157.01,
2026-09-11T00:41:30.295747+00:00,200,10525.54,
2026-09-11T00:41:22.077712+00:00,200,18750.24,
2026-09-11T00:41:26.338607+00:00,200,14495.32,
2026-09-11T00:41:26.418133+00:00,200,14438.95,
2026-09-11T00:40:57.556899+00:00,200,43304.75,
2026-09-11T00:41:29.418151+00:00,200,11452.25,
2026-09-11T00:41:23.651312+00:00,200,17285.94,
2026-09-11T00:41:35.331619+00:00,200,5610.84,
2026-09-11T00:41:38.510552+00:00,200,2467.51,
2026-09-11T00:41:01.138351+00:00,200,39843.17,
2026-09-11T00:40:54.892054+00:00,200,46095.68,
2026-09-11T00:41:38.716524+00:00,200,2280.26,
2026-09-11T00:41:35.617890+00:00,200,5393.50,
2026-09-11T00:41:40.694970+00:00,200,330.35,
2026-09-11T00:41:33.602480+00:00,200,7466.60,
2026-09-11T00:41:39.758209+00:00,200,1314.38,
2026-09-11T00:41:20.113786+00:00,200,20975.66,
2026-09-11T00:41:35.099610+00:00,200,5994.33,
2026-09-11T00:41:32.015054+00:00,200,9085.37,
2026-09-11T00:41:29.952342+00:00,200,11172.39,
2026-09-11T00:40:55.275539+00:00,200,45870.40,
2026-09-11T00:41:28.312928+00:00,200,12852.47,
2026-09-11T00:41:27.292058+00:00,200,13888.29,
2026-09-11T00:41:32.032847+00:00,200,9165.69,
2026-09-11T00:41:11.681715+00:00,200,29533.51,
2026-09-11T00:40:55.550593+00:00,200,45701.43,
2026-09-11T00:41:21.540569+00:00,200,19729.19,
2026-09-11T00:41:24.719926+00:00,200,16563.03,
2026-09-11T00:41:31.442148+00:00,200,9856.92,
2026-09-11T00:41:38.628891+00:00,200,2684.08,
2026-09-11T00:41:32.739948+00:00,200,8593.16,
2026-09-11T00:41:31.384946+00:00,200,9968.80,
2026-09-11T00:41:07.525402+00:00,200,33844.82,
2026-09-11T00:41:39.943893+00:00,200,1434.86,
2026-09-11T00:41:41.068847+00:00,200,332.62,
2026-09-11T00:41:37.140263+00:00,200,4275.86,
2026-09-11T00:41:01.701996+00:00,200,39719.69,
2026-09-11T00:41:26.899246+00:00,200,14531.67,
2026-09-11T00:41:26.747806+00:00,200,14700.31,
2026-09-11T00:40:42.566594+00:00,200,58936.28,
2026-09-11T00:41:40.616630+00:00,200,905.62,
2026-09-11T00:41:33.349402+00:00,200,8177.48,
2026-09-11T00:41:20.551501+00:00,200,21028.49,
2026-09-11T00:41:29.705767+00:00,200,11901.91,
2026-09-11T00:41:34.159003+00:00,200,7477.40,
2026-09-11T00:41:13.407968+00:00,200,28238.09,
2026-09-11T00:41:00.262285+00:00,200,41387.19,
2026-09-11T00:41:29.357808+00:00,200,12295.16,
2026-09-11T00:41:28.261579+00:00,200,13395.97,
2026-09-11T00:41:09.573057+00:00,200,32092.76,
2026-09-11T00:41:17.930618+00:00,200,23788.47,
2026-09-11T00:41:36.362931+00:00,200,5363.26,
2026-09-11T00:41:15.255442+00:00,200,26473.25,
2026-09-11T00:41:32.369187+00:00,200,9364.70,
2026-09-11T00:41:12.840133+00:00,200,28907.43,
2026-09-11T00:41:31.351571+00:00,200,10398.73,
2026-09-11T00:41:11.156978+00:00,200,30623.15,
2026-09-11T00:41:32.603628+00:00,200,9185.21,
2026-09-11T00:41:31.329155+00:00,200,10507.42,
2026-09-11T00:40:57.082195+00:00,200,44774.20,
2026-09-11T00:41:30.959744+00:00,200,10910.81,
2026-09-11T00:41:33.017297+00:00,200,8882.93,
2026-09-11T00:41:29.947047+00:00,200,11959.90,
2026-09-11T00:41:25.941820+00:00,200,15989.91,
2026-09-11T00:41:32.722087+00:00,200,9237.05,
2026-09-11T00:41:27.559654+00:00,200,14435.81,
2026-09-11T00:41:33.600485+00:00,200,8399.82,
2026-09-11T00:41:37.153097+00:00,200,4876.45,
2026-09-11T00:41:23.165474+00:00,200,18880.78,
2026-09-11T00:41:34.054645+00:00,200,8020.91,
2026-09-11T00:41:06.382499+00:00,200,35699.27,
2026-09-11T00:41:10.521056+00:00,200,31579.69,
2026-09-11T00:41:41.783450+00:00,200,329.16,
2026-09-11T00:41:26.520834+00:00,200,15627.88,
2026-09-11T00:41:26.319904+00:00,200,15838.87,
2026-09-11T00:41:30.407830+00:00,200,11799.08,
2026-09-11T00:41:35.973538+00:00,200,6235.96,
2026-09-11T00:41:29.676488+00:00,200,12535.91,
2026-09-11T00:41:37.113839+00:00,200,5140.59,
2026-09-11T00:41:35.869328+00:00,200,6416.18,
2026-09-11T00:41:34.525234+00:00,200,7775.03,
2026-09-11T00:41:39.648210+00:00,200,2657.49,
2026-09-11T00:41:37.232799+00:00,200,5077.92,
2026-09-11T00:41:14.778354+00:00,200,27553.59,
2026-09-11T00:41:36.042484+00:00,200,6293.97,
2026-09-11T00:41:26.612630+00:00,200,15739.33,
2026-09-11T00:41:32.761683+00:00,200,9593.28,
2026-09-11T00:41:21.356092+00:00,200,21001.85,
2026-09-11T00:41:24.867361+00:00,200,17504.10,
2026-09-11T00:40:47.555512+00:00,200,54822.30,
2026-09-11T00:41:25.534506+00:00,200,16882.15,
2026-09-11T00:41:25.911612+00:00,200,16549.89,
2026-09-11T00:41:12.374907+00:00,200,30091.99,
2026-09-11T00:41:39.035272+00:00,200,3435.46,
2026-09-11T00:41:35.963216+00:00,200,6514.61,
2026-09-11T00:41:12.481789+00:00,200,29997.54,
2026-09-11T00:41:22.120694+00:00,200,20439.49,
2026-09-11T00:41:39.753998+00:00,200,2817.13,
2026-09-11T00:41:15.983906+00:00,200,26591.32,
2026-09-11T00:41:34.224505+00:00,200,8353.30,
2026-09-11T00:40:47.444878+00:00,200,55161.83,
2026-09-11T00:41:40.821491+00:00,200,1857.94,
2026-09-11T00:41:27.840992+00:00,200,14847.56,
2026-09-11T00:41:39.528019+00:00,200,3169.38,
2026-09-11T00:41:40.171679+00:00,200,2529.38,
2026-09-11T00:41:40.178051+00:00,200,2554.54,
2026-09-11T00:41:27.391980+00:00,200,15363.75,
2026-09-11T00:41:39.712818+00:00,200,3062.69,
2026-09-11T00:41:30.237034+00:00,200,12541.56,
2026-09-11T00:41:39.025981+00:00,200,3778.22,
2026-09-11T00:41:21.178121+00:00,200,21648.95,
2026-09-11T00:41:34.483826+00:00,200,8349.61,
2026-09-11T00:41:25.343844+00:00,200,17499.43,
2026-09-11T00:41:33.511866+00:00,200,9340.46,
2026-09-11T00:41:34.826624+00:00,200,8063.03,
2026-09-11T00:41:30.085615+00:00,200,12812.98,
2026-09-11T00:41:42.679185+00:00,200,278.49,
2026-09-11T00:41:32.349488+00:00,200,10610.00,
2026-09-11T00:41:35.081882+00:00,200,7879.66,
2026-09-11T00:41:29.956347+00:00,200,13014.18,
2026-09-11T00:41:15.050673+00:00,200,27935.92,
2026-09-11T00:41:26.895524+00:00,200,16101.12,
2026-09-11T00:41:26.169858+00:00,200,16829.77,
2026-09-11T00:41:28.480009+00:00,200,14524.79,
2026-09-11T00:41:29.678486+00:00,200,13341.61,
2026-09-11T00:41:34.703229+00:00,200,8325.47,
2026-09-11T00:41:08.801312+00:00,200,34235.65,
2026-09-11T00:41:20.365561+00:00,200,22693.61,
2026-09-11T00:41:18.863273+00:00,200,24209.11,
2026-09-11T00:41:28.498349+00:00,200,14613.05,
2026-09-11T00:41:31.118204+00:00,200,12011.46,
2026-09-11T00:41:03.106251+00:00,200,40029.07,
2026-09-11T00:41:27.611599+00:00,200,15564.68,
2026-09-11T00:41:26.872782+00:00,200,16332.04,
2026-09-11T00:41:16.217606+00:00,200,26990.03,
2026-09-11T00:41:26.026678+00:00,200,17219.74,
2026-09-11T00:41:37.961902+00:00,200,5295.22,
2026-09-11T00:41:28.026245+00:00,200,15240.94,
2026-09-11T00:41:31.301460+00:00,200,11968.73,
2026-09-11T00:41:23.259357+00:00,200,20017.44,
2026-09-11T00:41:42.262351+00:00,200,1071.20,
2026-09-11T00:40:56.814323+00:00,200,46532.07,
2026-09-11T00:41:36.176238+00:00,200,7183.12,
2026-09-11T00:41:33.335782+00:00,200,10057.29,
2026-09-11T00:41:17.774844+00:00,200,25636.64,
2026-09-11T00:41:21.765249+00:00,200,21656.67,
2026-09-11T00:41:33.235008+00:00,200,10211.35,
2026-09-11T00:41:36.795255+00:00,200,6672.25,
2026-09-11T00:41:34.103402+00:00,200,9369.23,
2026-09-11T00:41:42.701301+00:00,200,796.40,
2026-09-11T00:41:40.015361+00:00,200,3504.94,
2026-09-11T00:41:34.647191+00:00,200,8906.25,
2026-09-11T00:40:51.540127+00:00,200,52016.33,
2026-09-11T00:41:33.445100+00:00,200,10120.10,
2026-09-11T00:41:41.093768+00:00,200,2486.17,
2026-09-11T00:40:58.122704+00:00,200,45465.85,
2026-09-11T00:41:20.649007+00:00,200,22946.73,
2026-09-11T00:41:37.379767+00:00,200,6222.37,
2026-09-11T00:41:42.959517+00:00,200,647.10,
2026-09-11T00:41:28.520388+00:00,200,15093.31,
2026-09-11T00:41:43.333358+00:00,200,292.29,
2026-09-11T00:41:40.987735+00:00,200,2703.55,
2026-09-11T00:41:43.359573+00:00,200,336.61,
2026-09-11T00:41:08.824269+00:00,200,34900.37,
2026-09-11T00:41:37.405636+00:00,200,6330.58,
2026-09-11T00:41:31.476584+00:00,200,12265.58,
2026-09-11T00:41:23.272825+00:00,200,20474.20,
2026-09-11T00:41:17.047461+00:00,200,26704.65,
2026-09-11T00:41:41.931209+00:00,200,1829.00,
2026-09-11T00:41:37.921520+00:00,200,5841.56,
2026-09-11T00:41:38.808316+00:00,200,5087.07,
2026-09-11T00:41:22.389343+00:00,200,21520.32,
2026-09-11T00:41:27.923139+00:00,200,16002.31,
2026-09-11T00:41:14.062794+00:00,200,29869.90,
2026-09-11T00:41:43.691772+00:00,200,252.18,
2026-09-11T00:41:27.692110+00:00,200,16273.01,
2026-09-11T00:41:28.757731+00:00,200,15213.74,
2026-09-11T00:41:42.076112+00:00,200,1897.96,
2026-09-11T00:41:34.156551+00:00,200,9822.46,
2026-09-11T00:40:44.428021+00:00,200,59552.76,
2026-09-11T00:41:37.492575+00:00,200,6497.77,
2026-09-11T00:41:39.322112+00:00,200,4711.23,
2026-09-11T00:41:27.376778+00:00,200,16672.43,
2026-09-11T00:41:08.098056+00:00,200,35969.25,
2026-09-11T00:41:07.356225+00:00,200,36728.45,
2026-09-11T00:41:34.251680+00:00,200,9847.79,
2026-09-11T00:41:33.597273+00:00,200,10507.93,
2026-09-11T00:41:33.113955+00:00,200,10998.49,
2026-09-11T00:41:28.745166+00:00,200,15391.98,
2026-09-11T00:41:23.506196+00:00,200,20632.98,
2026-09-11T00:41:30.214841+00:00,200,13962.93,
2026-09-11T00:41:43.895662+00:00,200,289.13,
2026-09-11T00:41:22.482295+00:00,200,21710.28,
2026-09-11T00:41:39.606089+00:00,200,4589.96,
2026-09-11T00:41:29.583608+00:00,200,14618.34,
2026-09-11T00:41:25.404315+00:00,200,18818.78,
2026-09-11T00:41:27.079680+00:00,200,17163.62,
2026-09-11T00:41:38.026686+00:00,200,6251.91,
2026-09-11T00:41:37.498570+00:00,200,6797.41,
2026-09-11T00:40:59.469573+00:00,200,44848.77,
2026-09-11T00:41:42.996281+00:00,200,1329.42,
2026-09-11T00:41:15.584000+00:00,200,28780.95,
2026-09-11T00:41:24.538609+00:00,200,19839.34,
2026-09-11T00:41:07.848687+00:00,200,36553.61,
2026-09-11T00:40:52.875587+00:00,200,51531.49,
2026-09-11T00:41:35.075866+00:00,200,9343.28,
2026-09-11T00:41:37.014828+00:00,200,7406.81,
2026-09-11T00:41:27.573031+00:00,200,16889.57,
2026-09-11T00:41:34.319773+00:00,200,10149.21,
2026-09-11T00:41:37.242501+00:00,200,7246.46,
2026-09-11T00:41:39.764862+00:00,200,4731.32,
2026-09-11T00:41:14.593412+00:00,200,29926.60,
2026-09-11T00:41:39.649589+00:00,200,4874.86,
2026-09-11T00:41:42.612391+00:00,200,1921.20,
2026-09-11T00:41:41.179989+00:00,200,3359.17,
2026-09-11T00:41:40.508463+00:00,200,4112.10,
2026-09-11T00:41:34.125531+00:00,200,10509.55,
2026-09-11T00:41:38.924981+00:00,200,5713.45,
2026-09-11T00:41:33.023809+00:00,200,11623.85,
2026-09-11T00:41:42.479071+00:00,200,2178.03,
2026-09-11T00:41:39.755997+00:00,200,4931.54,
2026-09-11T00:40:40.143643+00:00,200,64590.22,
2026-09-11T00:40:50.830896+00:00,200,53908.80,
2026-09-11T00:41:09.680433+00:00,200,35070.14,
2026-09-11T00:41:32.504870+00:00,200,12267.12,
2026-09-11T00:41:28.732517+00:00,200,16055.64,
2026-09-11T00:41:39.170699+00:00,200,5628.55,
2026-09-11T00:41:21.805955+00:00,200,23010.10,
2026-09-11T00:41:34.075472+00:00,200,10747.21,
2026-09-11T00:41:38.931448+00:00,200,5896.80,
2026-09-11T00:41:42.827007+00:00,200,2004.36,
2026-09-11T00:41:38.736268+00:00,200,6107.70,
2026-09-11T00:41:16.313156+00:00,200,28539.08,
2026-09-11T00:40:58.137062+00:00,200,46734.27,
2026-09-11T00:41:43.827264+00:00,200,1113.30,
2026-09-11T00:41:39.934500+00:00,200,5029.66,
2026-09-11T00:41:25.907545+00:00,200,19065.44,
2026-09-11T00:41:42.416787+00:00,200,2567.16,
2026-09-11T00:41:33.005582+00:00,200,12015.19,
2026-09-11T00:41:32.099553+00:00,200,12927.19,
2026-09-11T00:41:26.272041+00:00,200,18778.69,
2026-09-11T00:41:39.052000+00:00,200,6012.05,
2026-09-11T00:41:01.387289+00:00,200,43689.63,
2026-09-11T00:41:39.067564+00:00,200,6078.70,
2026-09-11T00:41:43.602260+00:00,200,1551.65,
2026-09-11T00:41:39.543727+00:00,200,5616.49,
2026-09-11T00:41:35.995273+00:00,200,9179.68,
2026-09-11T00:41:39.145558+00:00,200,6039.18,
2026-09-11T00:41:37.441538+00:00,200,7764.87,
2026-09-11T00:41:22.477095+00:00,200,22765.93,
2026-09-11T00:40:52.853634+00:00,200,52422.48,
2026-09-11T00:41:42.688397+00:00,200,2592.60,
2026-09-11T00:41:28.659236+00:00,200,16624.20,
2026-09-11T00:41:23.494887+00:00,200,21801.78,
2026-09-11T00:41:14.206954+00:00,200,31094.22,
2026-09-11T00:41:41.611133+00:00,200,3699.34,
2026-09-11T00:41:17.953249+00:00,200,27375.99,
2026-09-11T00:41:16.803872+00:00,200,28537.31,
2026-09-11T00:41:32.383853+00:00,200,12960.00,
2026-09-11T00:41:40.996610+00:00,200,4371.05,
2026-09-11T00:41:26.190032+00:00,200,19191.70,
2026-09-11T00:40:32.723537+00:00,200,72684.95,
2026-09-11T00:41:43.695892+00:00,200,1759.56,
2026-09-11T00:41:42.461545+00:00,200,3006.92,
2026-09-11T00:41:32.194340+00:00,200,13289.82,
2026-09-11T00:41:23.065830+00:00,200,22424.78,
2026-09-11T00:41:40.537552+00:00,200,4974.75,
2026-09-11T00:41:34.168009+00:00,200,11373.68,
2026-09-11T00:41:28.633210+00:00,200,16938.60,
2026-09-11T00:41:43.588561+00:00,200,1999.80,
2026-09-11T00:41:22.580024+00:00,200,23018.58,
2026-09-11T00:41:42.833353+00:00,200,2787.90,
2026-09-11T00:40:54.116143+00:00,200,51515.87,
2026-09-11T00:41:24.966750+00:00,200,20707.54,
2026-09-11T00:41:36.159181+00:00,200,9527.33,
2026-09-11T00:41:44.603311+00:00,200,1093.64,
2026-09-11T00:41:41.636450+00:00,200,4064.93,
2026-09-11T00:41:30.220689+00:00,200,15483.51,
2026-09-11T00:41:27.226296+00:00,200,18479.70,
2026-09-11T00:41:05.331212+00:00,200,40396.59,
2026-09-11T00:41:11.875803+00:00,200,33900.65,
2026-09-11T00:41:38.109399+00:00,200,7696.36,
2026-09-11T00:41:23.001992+00:00,200,22839.06,
2026-09-11T00:41:41.746915+00:00,200,4097.84,
2026-09-11T00:41:34.539013+00:00,200,11309.01,
2026-09-11T00:41:45.097965+00:00,200,799.12,
2026-09-11T00:41:26.197482+00:00,200,19701.92,
2026-09-11T00:41:42.570817+00:00,200,3331.78,
2026-09-11T00:40:45.524097+00:00,200,60384.52,
2026-09-11T00:41:16.355701+00:00,200,29561.88,
2026-09-11T00:41:33.725492+00:00,200,12194.61,
2026-09-11T00:41:43.932333+00:00,200,1994.88,
2026-09-11T00:41:21.426953+00:00,200,24509.64,
2026-09-11T00:41:38.199984+00:00,200,7804.74,
2026-09-11T00:40:59.934501+00:00,200,46085.07,
2026-09-11T00:41:30.655660+00:00,200,15366.10,
2026-09-11T00:41:32.552534+00:00,200,13474.48,
2026-09-11T00:41:34.049538+00:00,200,11984.12,
2026-09-11T00:41:42.310411+00:00,200,3729.10,
2026-09-11T00:41:06.991936+00:00,200,39117.27,
2026-09-11T00:41:39.933315+00:00,200,6184.66,
2026-09-11T00:41:33.489110+00:00,200,12640.00,
2026-09-11T00:41:43.983042+00:00,200,2151.25,
2026-09-11T00:41:38.531729+00:00,200,7616.13,
2026-09-11T00:41:44.984419+00:00,200,1172.68,
2026-09-11T00:41:25.679791+00:00,200,20479.20,
2026-09-11T00:41:43.467791+00:00,200,2731.04,
2026-09-11T00:41:12.039038+00:00,200,34165.16,
2026-09-11T00:41:25.573754+00:00,200,20669.54,
2026-09-11T00:41:30.663782+00:00,200,15584.54,
2026-09-11T00:41:20.513386+00:00,200,25758.89,
2026-09-11T00:41:36.470757+00:00,200,9804.79,
2026-09-11T00:41:22.238126+00:00,200,24102.14,
2026-09-11T00:41:30.859363+00:00,200,15504.28,
2026-09-11T00:41:46.109782+00:00,200,259.03,
2026-09-11T00:41:32.140834+00:00,200,14238.22,
2026-09-11T00:41:41.728287+00:00,200,4660.43,
2026-09-11T00:41:39.144557+00:00,200,7273.76,
2026-09-11T00:41:24.310633+00:00,200,22122.57,
2026-09-11T00:41:16.990028+00:00,200,29463.98,
2026-09-11T00:41:32.608983+00:00,200,13861.30,
2026-09-11T00:41:22.074053+00:00,200,24406.17,
2026-09-11T00:41:41.522871+00:00,200,4962.75,
2026-09-11T00:40:58.435871+00:00,200,48075.58,
2026-09-11T00:41:33.673190+00:00,200,12866.79,
2026-09-11T00:41:33.855565+00:00,200,12704.57,
2026-09-11T00:41:04.003252+00:00,200,42560.11,
2026-09-11T00:41:34.361835+00:00,200,12209.16,
2026-09-11T00:41:23.074337+00:00,200,23521.30,
2026-09-11T00:41:08.456522+00:00,200,38145.59,
2026-09-11T00:41:39.495020+00:00,200,7113.14,
2026-09-11T00:41:13.453881+00:00,200,33173.69,
2026-09-11T00:41:32.427698+00:00,200,14227.48,
2026-09-11T00:41:07.230238+00:00,200,39435.22,
2026-09-11T00:41:39.814594+00:00,200,6856.17,
2026-09-11T00:41:01.126747+00:00,200,45559.15,
2026-09-11T00:41:28.100383+00:00,200,18604.96,
2026-09-11T00:41:25.929380+00:00,200,20793.40,
2026-09-11T00:41:33.314517+00:00,200,13454.36,
2026-09-11T00:41:42.255213+00:00,200,4522.35,
2026-09-11T00:41:43.421825+00:00,200,3366.28,
2026-09-11T00:41:07.892884+00:00,200,38925.25,
2026-09-11T00:41:41.906749+00:00,200,4914.35,
2026-09-11T00:40:57.447619+00:00,200,49377.25,
2026-09-11T00:41:11.127965+00:00,200,35745.92,
2026-09-11T00:41:38.708196+00:00,200,8168.01,
2026-09-11T00:41:46.021969+00:00,200,874.59,
2026-09-11T00:40:49.748252+00:00,200,57222.77,
2026-09-11T00:41:06.191019+00:00,200,40784.75,
2026-09-11T00:41:05.751041+00:00,200,41227.36,
2026-09-11T00:41:03.389598+00:00,200,43596.16,
2026-09-11T00:41:22.396577+00:00,200,24593.99,
2026-09-11T00:41:35.777835+00:00,200,11225.40,
2026-09-11T00:41:30.094505+00:00,200,16936.70,
2026-09-11T00:41:27.238622+00:00,200,19803.46,
2026-09-11T00:41:32.780557+00:00,200,14290.19,
2026-09-11T00:41:23.854088+00:00,200,23230.91,
2026-09-11T00:41:30.117081+00:00,200,16986.45,
2026-09-11T00:41:27.121824+00:00,200,19984.11,
2026-09-11T00:41:39.262596+00:00,200,7869.16,
2026-09-11T00:41:40.252109+00:00,200,6905.61,
2026-09-11T00:41:34.085002+00:00,200,13075.65,
2026-09-11T00:41:44.469026+00:00,200,2706.00,
2026-09-11T00:41:28.636846+00:00,200,18541.80,
2026-09-11T00:41:45.283429+00:00,200,1939.40,
2026-09-11T00:41:29.166039+00:00,200,18061.11,
2026-09-11T00:40:59.394790+00:00,200,47858.28,
2026-09-11T00:41:30.234399+00:00,200,17046.48,
2026-09-11T00:41:40.861346+00:00,200,6440.35,
2026-09-11T00:41:38.710849+00:00,200,8603.73,
2026-09-11T00:41:27.844092+00:00,200,19474.24,
2026-09-11T00:41:43.751218+00:00,200,3572.04,
2026-09-11T00:41:03.224958+00:00,200,44118.40,
2026-09-11T00:41:20.797771+00:00,200,26556.41,
2026-09-11T00:40:34.784815+00:00,200,72592.16,
2026-09-11T00:41:28.872945+00:00,200,18520.80,
2026-09-11T00:41:46.571023+00:00,200,833.49,
2026-09-11T00:41:33.613798+00:00,200,13818.61,
2026-09-11T00:41:27.560654+00:00,200,19890.40,
2026-09-11T00:41:35.423303+00:00,200,12050.73,
2026-09-11T00:41:37.377766+00:00,200,10104.63,
2026-09-11T00:41:41.071851+00:00,200,6426.30,
2026-09-11T00:41:45.020999+00:00,200,2492.71,
2026-09-11T00:41:31.562949+00:00,200,16002.23,
2026-09-11T00:41:44.957268+00:00,200,2617.61,
2026-09-11T00:41:40.003689+00:00,200,7585.74,
2026-09-11T00:41:42.358362+00:00,200,5243.00,
2026-09-11T00:41:28.277396+00:00,200,19328.06,
2026-09-11T00:41:03.802123+00:00,200,43866.68,
2026-09-11T00:41:05.893714+00:00,200,41783.54,
2026-09-11T00:40:55.876538+00:00,200,51822.27,
2026-09-11T00:41:21.770536+00:00,200,25941.84,
2026-09-11T00:41:33.241288+00:00,200,14477.97,
2026-09-11T00:41:28.090961+00:00,200,19635.12,
2026-09-11T00:41:07.068497+00:00,200,40667.19,
2026-09-11T00:41:27.582888+00:00,200,20156.19,
2026-09-11T00:41:41.900040+00:00,200,5849.58,
2026-09-11T00:41:37.392273+00:00,200,10361.66,
2026-09-11T00:41:31.337036+00:00,200,16426.93,
2026-09-11T00:41:33.966556+00:00,200,13821.85,
2026-09-11T00:41:01.806259+00:00,200,45995.41,
2026-09-11T00:41:34.993335+00:00,200,12841.51,
2026-09-11T00:41:32.954088+00:00,200,14896.48,
2026-09-11T00:41:44.733544+00:00,200,3131.72,
2026-09-11T00:41:19.463963+00:00,200,28413.20,
2026-09-11T00:41:33.433850+00:00,200,14457.52,
2026-09-11T00:40:56.894472+00:00,200,51035.26,
2026-09-11T00:41:27.700267+00:00,200,20234.99,
2026-09-11T00:41:36.081016+00:00,200,11882.11,
2026-09-11T00:41:47.712568+00:00,200,258.94,
2026-09-11T00:40:48.621273+00:00,200,59380.77,
2026-09-11T00:41:37.199811+00:00,200,10820.67,
2026-09-11T00:41:38.161169+00:00,200,9883.69,
2026-09-11T00:41:06.176277+00:00,200,41874.53,
2026-09-11T00:41:42.852230+00:00,200,5213.38,
2026-09-11T00:41:07.478269+00:00,200,40609.83,
2026-09-11T00:41:42.466763+00:00,200,5635.30,
2026-09-11T00:41:26.368002+00:00,200,21766.12,
2026-09-11T00:41:33.629405+00:00,200,14523.13,
2026-09-11T00:41:25.588596+00:00,200,22584.24,
2026-09-11T00:41:40.632019+00:00,200,7549.22,
2026-09-11T00:41:46.418022+00:00,200,1773.92,
2026-09-11T00:40:54.448932+00:00,200,53761.58,
2026-09-11T00:40:43.344035+00:00,200,64887.31,
2026-09-11T00:41:01.621024+00:00,200,46626.33,
2026-09-11T00:41:45.598435+00:00,200,2654.25,
2026-09-11T00:40:22.543781+00:00,200,85710.03,
2026-09-11T00:41:04.928709+00:00,200,43348.96,
2026-09-11T00:41:29.646161+00:00,200,18643.01,
2026-09-11T00:41:46.511249+00:00,200,1789.52,
2026-09-11T00:41:40.204072+00:00,200,8099.90,
2026-09-11T00:41:03.408553+00:00,200,44906.39,
2026-09-11T00:41:39.680012+00:00,200,8642.92,
2026-09-11T00:40:49.167914+00:00,200,59187.11,
2026-09-11T00:40:58.436868+00:00,200,49966.13,
2026-09-11T00:41:19.930961+00:00,200,28483.36,
2026-09-11T00:41:32.395565+00:00,200,16026.68,
2026-09-11T00:41:28.341018+00:00,200,20083.54,
2026-09-11T00:41:48.172900+00:00,200,254.61,
2026-09-11T00:41:35.969537+00:00,200,12469.13,
2026-09-11T00:41:33.659781+00:00,200,14783.54,
2026-09-11T00:41:32.966197+00:00,200,15540.86,
2026-09-11T00:41:41.379227+00:00,200,7161.08,
2026-09-11T00:41:22.195535+00:00,200,26350.36,
2026-09-11T00:41:41.421738+00:00,200,7149.80,
2026-09-11T00:41:15.118516+00:00,200,33498.69,
2026-09-11T00:41:36.117270+00:00,200,12505.14,
2026-09-11T00:41:41.781265+00:00,200,6845.54,
2026-09-11T00:41:46.601452+00:00,200,2061.27,
2026-09-11T00:41:30.113658+00:00,200,18566.22,
2026-09-11T00:41:34.930813+00:00,200,13758.86,
2026-09-11T00:41:13.324483+00:00,200,35367.13,
2026-09-11T00:41:28.252344+00:00,200,20447.00,
2026-09-11T00:41:32.548162+00:00,200,16159.04,
2026-09-11T00:41:34.390078+00:00,200,14320.33,
2026-09-11T00:41:47.605941+00:00,200,1170.27,
2026-09-11T00:41:37.748384+00:00,200,11052.11,
2026-09-11T00:41:42.497589+00:00,200,6323.27,
2026-09-11T00:41:33.819366+00:00,200,15043.01,
2026-09-11T00:41:41.089500+00:00,200,7804.73,
2026-09-11T00:41:31.835903+00:00,200,17062.59,
2026-09-11T00:41:14.378346+00:00,200,34531.76,
2026-09-11T00:40:55.742118+00:00,200,53170.61,
2026-09-11T00:41:47.934813+00:00,200,999.10,
2026-09-11T00:41:41.025572+00:00,200,7912.48,
2026-09-11T00:41:30.123082+00:00,200,18840.11,
2026-09-11T00:41:28.680354+00:00,200,20312.25,
2026-09-11T00:41:19.708149+00:00,200,29346.25,
2026-09-11T00:41:46.198551+00:00,200,2877.89,
2026-09-11T00:41:15.798648+00:00,200,33280.35,
2026-09-11T00:41:48.861810+00:00,200,221.28,
2026-09-11T00:40:53.812153+00:00,200,55291.76,
2026-09-11T00:41:41.725087+00:00,200,7396.73,
2026-09-11T00:41:32.537073+00:00,200,16597.01,
2026-09-11T00:41:47.021920+00:00,200,2125.94,
2026-09-11T00:41:28.822627+00:00,200,20340.63,
2026-09-11T00:40:53.978310+00:00,200,55195.26,
2026-09-11T00:41:39.269585+00:00,200,9923.31,
2026-09-11T00:41:46.539607+00:00,200,2662.35,
2026-09-11T00:41:39.746811+00:00,200,9457.70,
2026-09-11T00:41:36.909744+00:00,200,12309.31,
2026-09-11T00:41:29.657727+00:00,200,19598.94,
2026-09-11T00:41:08.110871+00:00,200,41150.83,
2026-09-11T00:41:44.191884+00:00,200,5078.60,
2026-09-11T00:41:39.881465+00:00,200,9397.58,
2026-09-11T00:41:43.277216+00:00,200,6004.78,
2026-09-11T00:41:38.977825+00:00,200,10325.07,
2026-09-11T00:41:09.386522+00:00,200,39930.52,
2026-09-11T00:40:56.911023+00:00,200,52414.35,
2026-09-11T00:41:18.274923+00:00,200,31079.34,
2026-09-11T00:41:45.840466+00:00,200,3577.00,
2026-09-11T00:41:28.177090+00:00,200,21262.57,
2026-09-11T00:41:01.169580+00:00,200,48284.23,
2026-09-11T00:41:28.772462+00:00,200,20699.27,
2026-09-11T00:41:40.687962+00:00,200,8789.31,
2026-09-11T00:41:47.677535+00:00,200,1812.46,
2026-09-11T00:40:59.425908+00:00,200,50070.45,
2026-09-11T00:41:38.657523+00:00,200,10843.26,
2026-09-11T00:41:08.842787+00:00,200,40691.07,
2026-09-11T00:41:47.383308+00:00,200,2170.27,
2026-09-11T00:41:44.772020+00:00,200,4808.25,
2026-09-11T00:41:11.203265+00:00,200,38412.85,
2026-09-11T00:41:45.341776+00:00,200,4304.79,
2026-09-11T00:41:42.001119+00:00,200,7654.88,
2026-09-11T00:41:11.333616+00:00,200,38334.80,
2026-09-11T00:41:03.305069+00:00,200,46365.31,
2026-09-11T00:41:24.329139+00:00,200,25343.24,
2026-09-11T00:41:42.758374+00:00,200,6937.22,
2026-09-11T00:41:37.786281+00:00,200,11941.41,
2026-09-11T00:41:41.750063+00:00,200,7991.30,
2026-09-11T00:41:46.607453+00:00,200,3135.69,
2026-09-11T00:41:25.647283+00:00,200,24098.93,
2026-09-11T00:41:47.699394+00:00,200,2060.68,
2026-09-11T00:41:30.578498+00:00,200,19216.94,
2026-09-11T00:41:44.495850+00:00,200,5304.36,
2026-09-11T00:41:42.351178+00:00,200,7453.47,
2026-09-11T00:41:32.109865+00:00,200,17696.97,
2026-09-11T00:40:56.324766+00:00,200,53493.96,
2026-09-11T00:41:36.900214+00:00,200,12920.96,
2026-09-11T00:41:49.616402+00:00,200,207.05,
2026-09-11T00:41:18.590369+00:00,200,31239.19,
2026-09-11T00:41:28.763863+00:00,200,21071.07,
2026-09-11T00:41:25.423589+00:00,200,24423.35,
2026-09-11T00:41:43.176100+00:00,200,6682.67,
2026-09-11T00:41:48.626624+00:00,200,1247.20,
2026-09-11T00:41:47.601432+00:00,200,2283.79,
2026-09-11T00:40:57.116277+00:00,200,52783.44,
2026-09-11T00:41:11.577615+00:00,200,38328.98,
2026-09-11T00:41:41.415515+00:00,200,8513.34,
2026-09-11T00:41:28.329393+00:00,200,21604.44,
2026-09-11T00:41:28.152383+00:00,200,21797.37,
2026-09-11T00:41:44.401650+00:00,200,5556.14,
2026-09-11T00:40:54.062643+00:00,200,55912.24,
2026-09-11T00:41:40.758201+00:00,200,9225.66,
2026-09-11T00:41:46.259219+00:00,200,3728.05,
2026-09-11T00:41:33.376629+00:00,200,16616.73,
2026-09-11T00:41:46.776765+00:00,200,3227.42,
2026-09-11T00:41:00.414360+00:00,200,49601.24,
2026-09-11T00:41:08.081633+00:00,200,41939.01,
2026-09-11T00:41:47.178386+00:00,200,2852.91,
2026-09-11T00:40:49.204184+00:00,200,60854.93,
2026-09-11T00:40:50.142925+00:00,200,59920.61,
2026-09-11T00:41:36.686724+00:00,200,13378.78,
2026-09-11T00:40:43.118818+00:00,200,66955.05,
2026-09-11T00:41:39.581808+00:00,200,10494.16,
2026-09-11T00:41:48.258645+00:00,200,1819.43,
2026-09-11T00:41:28.068008+00:00,200,22027.99,
2026-09-11T00:40:45.311507+00:00,200,64797.93,
2026-09-11T00:40:36.663317+00:00,200,73458.13,
2026-09-11T00:41:30.899166+00:00,200,19225.33,
2026-09-11T00:40:45.136470+00:00,200,64990.20,
2026-09-11T00:41:41.789161+00:00,200,8355.57,
2026-09-11T00:41:28.628564+00:00,200,21570.00,
2026-09-11T00:41:45.909399+00:00,200,4292.47,
2026-09-11T00:41:46.665747+00:00,200,3565.40,
2026-09-11T00:41:47.660868+00:00,200,2611.96,
2026-09-11T00:41:41.353099+00:00,200,8938.91,
2026-09-11T00:41:33.568247+00:00,200,16734.73,
2026-09-11T00:41:44.232205+00:00,200,6076.45,
2026-09-11T00:41:11.983843+00:00,200,38348.64,
2026-09-11T00:40:50.933594+00:00,200,59427.30,
2026-09-11T00:41:33.589073+00:00,200,16777.38,
2026-09-11T00:41:33.153367+00:00,200,17228.23,
2026-09-11T00:41:42.986462+00:00,200,7408.00,
2026-09-11T00:41:46.147974+00:00,200,4248.45,
2026-09-11T00:40:58.852755+00:00,200,51544.26,
2026-09-11T00:41:43.037290+00:00,200,7378.63,
2026-09-11T00:41:21.383287+00:00,200,29034.99,
2026-09-11T00:41:46.820933+00:00,200,3612.27,
2026-09-11T00:41:47.802960+00:00,200,2633.15,
2026-09-11T00:41:01.492777+00:00,200,48967.58,
2026-09-11T00:41:31.942353+00:00,200,18522.24,
2026-09-11T00:41:46.134529+00:00,200,4332.27,
2026-09-11T00:41:21.926051+00:00,200,28567.31,
2026-09-11T00:41:31.678651+00:00,200,18837.57,
2026-09-11T00:41:44.196429+00:00,200,6323.88,
2026-09-11T00:41:23.040328+00:00,200,27487.79,
2026-09-11T00:41:28.696199+00:00,200,21833.15,
2026-09-11T00:41:07.100166+00:00,200,43434.40,
2026-09-11T00:41:43.580268+00:00,200,6966.05,
2026-09-11T00:41:46.976494+00:00,200,3572.12,
2026-09-11T00:41:27.884529+00:00,200,22709.54,
2026-09-11T00:41:22.226776+00:00,200,28390.54,
2026-09-11T00:41:39.209160+00:00,200,11420.01,
2026-09-11T00:41:05.642439+00:00,200,45018.41,
2026-09-11T00:41:02.608537+00:00,200,48054.49,
2026-09-11T00:41:36.390116+00:00,200,14278.82,
2026-09-11T00:41:30.475579+00:00,200,20198.90,
2026-09-11T00:41:39.460360+00:00,200,11221.65,
2026-09-11T00:41:36.094340+00:00,200,14589.74,
2026-09-11T00:41:45.899866+00:00,200,4789.99,
2026-09-11T00:41:38.270360+00:00,200,12455.03,
2026-09-11T00:41:47.227220+00:00,200,3504.19,
2026-09-11T00:41:10.511786+00:00,200,40227.31,
2026-09-11T00:41:45.674051+00:00,200,5069.31,
2026-09-11T00:41:39.910360+00:00,200,10834.85,
2026-09-11T00:41:44.339629+00:00,200,6416.53,
2026-09-11T00:41:25.216895+00:00,200,25541.41,
2026-09-11T00:41:43.742852+00:00,200,7025.47,
2026-09-11T00:41:38.398151+00:00,200,12372.20,
2026-09-11T00:41:44.870936+00:00,200,5905.76,
2026-09-11T00:41:44.278217+00:00,200,6501.66,
2026-09-11T00:41:19.433258+00:00,200,31351.75,
2026-09-11T00:40:52.128480+00:00,200,58658.02,
2026-09-11T00:41:02.390813+00:00,200,48402.84,
2026-09-11T00:41:29.685765+00:00,200,21129.40,
2026-09-11T00:41:38.997718+00:00,200,11838.38,
2026-09-11T00:41:49.455559+00:00,200,1404.80,
2026-09-11T00:41:33.392045+00:00,200,17472.31,
2026-09-11T00:41:15.150591+00:00,200,35740.32,
2026-09-11T00:41:31.580006+00:00,200,19348.69,
2026-09-11T00:41:14.928666+00:00,200,36005.50,
2026-09-11T00:41:18.841581+00:00,200,32100.13,
2026-09-11T00:41:49.669668+00:00,200,1273.24,
2026-09-11T00:41:26.283310+00:00,200,24670.78,
2026-09-11T00:41:45.903162+00:00,200,5058.93,
2026-09-11T00:41:48.065786+00:00,200,2899.84,
2026-09-11T00:41:36.213193+00:00,200,14758.27,
2026-09-11T00:41:45.704394+00:00,200,5276.06,
2026-09-11T00:41:30.344289+00:00,200,20652.63,
2026-09-11T00:41:07.004303+00:00,200,43996.60,
2026-09-11T00:41:40.307121+00:00,200,10694.60,
2026-09-11T00:41:29.477347+00:00,200,21524.69,
2026-09-11T00:41:13.051639+00:00,200,37956.21,
2026-09-11T00:41:50.308420+00:00,200,699.69,
2026-09-11T00:41:50.860828+00:00,200,161.88,
2026-09-11T00:41:50.008928+00:00,200,1019.41,
2026-09-11T00:41:48.133994+00:00,200,2905.41,
2026-09-11T00:41:12.584923+00:00,200,38463.86,
2026-09-11T00:41:44.033480+00:00,200,7016.72,
2026-09-11T00:41:43.005290+00:00,200,8049.98,
2026-09-11T00:41:30.209842+00:00,200,20867.40,
2026-09-11T00:41:31.935941+00:00,200,19175.65,
2026-09-11T00:41:26.827722+00:00,200,24287.39,
2026-09-11T00:41:43.287489+00:00,200,7836.00,
2026-09-11T00:40:55.754565+00:00,200,55376.23,
2026-09-11T00:41:50.979656+00:00,200,158.58,
2026-09-11T00:40:51.951489+00:00,200,59206.95,
2026-09-11T00:41:45.806975+00:00,200,5357.48,
2026-09-11T00:41:25.991904+00:00,200,25189.54,
2026-09-11T00:41:30.330361+00:00,200,20864.09,
2026-09-11T00:41:46.388558+00:00,200,4810.46,
2026-09-11T00:41:26.843397+00:00,200,24361.07,
2026-09-11T00:41:30.202515+00:00,200,21047.86,
2026-09-11T00:41:04.808326+00:00,200,46448.05,
2026-09-11T00:41:44.533460+00:00,200,6729.93,
2026-09-11T00:41:25.082547+00:00,200,26183.45,
2026-09-11T00:41:06.367254+00:00,200,44907.99,
2026-09-11T00:41:41.607954+00:00,200,9684.15,
2026-09-11T00:41:21.761246+00:00,200,29534.07,
2026-09-11T00:41:33.652473+00:00,200,17676.62,
2026-09-11T00:41:50.985192+00:00,200,345.92,
2026-09-11T00:41:30.519180+00:00,200,20842.56,
2026-09-11T00:41:48.246684+00:00,200,3116.72,
2026-09-11T00:41:35.191029+00:00,200,16174.57,
2026-09-11T00:41:49.054607+00:00,200,2326.16,
2026-09-11T00:41:21.637456+00:00,200,29758.00,
2026-09-11T00:41:19.473852+00:00,200,31921.80,
2026-09-11T00:41:46.583260+00:00,200,4816.57,
2026-09-11T00:40:36.034582+00:00,200,75380.04,
2026-09-11T00:41:33.252228+00:00,200,18179.29,
2026-09-11T00:41:50.109428+00:00,200,1333.21,
2026-09-11T00:41:45.207062+00:00,200,6237.08,
2026-09-11T00:41:03.981104+00:00,200,47477.59,
2026-09-11T00:41:42.148793+00:00,200,9339.52,
2026-09-11T00:40:55.055752+00:00,200,56447.11,
2026-09-11T00:41:18.600921+00:00,200,32905.80,
2026-09-11T00:41:30.320192+00:00,200,21200.83,
2026-09-11T00:41:31.000458+00:00,200,20528.95,
2026-09-11T00:41:37.070567+00:00,200,14462.09,
2026-09-11T00:41:02.275944+00:00,200,49261.49,
2026-09-11T00:41:28.035031+00:00,200,23530.60,
2026-09-11T00:41:28.916989+00:00,200,22661.24,
2026-09-11T00:41:42.285389+00:00,200,9313.62,
2026-09-11T00:41:27.351173+00:00,200,24259.38,
2026-09-11T00:41:28.228541+00:00,200,23410.02,
2026-09-11T00:41:50.215385+00:00,200,1441.42,
2026-09-11T00:41:36.730648+00:00,200,14927.30,
2026-09-11T00:41:06.458616+00:00,200,45203.25,
2026-09-11T00:41:34.501975+00:00,200,17168.31,
2026-09-11T00:41:26.718002+00:00,200,24960.00,
2026-09-11T00:41:45.026340+00:00,200,6652.34,
2026-09-11T00:41:32.901713+00:00,200,18785.37,
2026-09-11T00:41:40.936562+00:00,200,10759.25,
2026-09-11T00:41:39.682843+00:00,200,12017.32,
2026-09-11T00:41:19.851959+00:00,200,31851.88,
2026-09-11T00:41:49.325909+00:00,200,2385.28,
2026-09-11T00:41:47.301492+00:00,200,4451.27,
2026-09-11T00:41:42.733154+00:00,200,9038.33,
2026-09-11T00:41:44.709639+00:00,200,7061.87,
2026-09-11T00:41:30.991035+00:00,200,20781.30,
2026-09-11T00:41:48.340288+00:00,200,3432.41,
2026-09-11T00:41:43.472792+00:00,200,8300.98,
2026-09-11T00:41:42.889586+00:00,200,8884.66,
2026-09-11T00:40:54.930536+00:00,200,56844.56,
2026-09-11T00:41:32.118355+00:00,200,19656.90,
2026-09-11T00:41:49.104388+00:00,200,2695.73,
2026-09-11T00:41:40.309798+00:00,200,11497.15,
2026-09-11T00:41:20.750936+00:00,200,31057.44,
2026-09-11T00:41:35.513105+00:00,200,16295.21,
2026-09-11T00:41:47.313779+00:00,200,4522.67,
2026-09-11T00:41:08.401163+00:00,200,43437.27,
2026-09-11T00:41:49.727708+00:00,200,2129.84,
2026-09-11T00:41:00.662653+00:00,200,51204.13,
2026-09-11T00:41:09.089943+00:00,200,42804.43,
2026-09-11T00:41:03.828232+00:00,200,48069.76,
2026-09-11T00:41:47.750006+00:00,200,4172.79,
2026-09-11T00:41:44.105168+00:00,200,7869.65,
2026-09-11T00:41:15.313789+00:00,200,36692.74,
2026-09-11T00:41:49.440255+00:00,200,2575.93,
2026-09-11T00:41:50.784181+00:00,200,1249.02,
2026-09-11T00:41:46.787720+00:00,200,5246.13,
2026-09-11T00:41:31.850662+00:00,200,20187.28,
2026-09-11T00:41:45.897029+00:00,200,6151.00,
2026-09-11T00:41:27.551337+00:00,200,24498.38,
2026-09-11T00:41:37.142573+00:00,200,14912.94,
2026-09-11T00:41:50.776979+00:00,200,1281.56,
2026-09-11T00:40:57.587292+00:00,200,54496.66,
2026-09-11T00:41:19.557191+00:00,200,32554.36,
2026-09-11T00:41:30.789390+00:00,200,21330.55,
2026-09-11T00:41:50.756455+00:00,200,1377.50,
2026-09-11T00:41:31.041158+00:00,200,21096.23,
2026-09-11T00:41:32.316115+00:00,200,19851.07,
2026-09-11T00:41:29.132520+00:00,200,23040.13,
2026-09-11T00:40:56.736734+00:00,200,55442.24,
2026-09-11T00:41:35.620889+00:00,200,16559.30,
2026-09-11T00:41:47.876493+00:00,200,4306.65,
2026-09-11T00:41:43.981042+00:00,200,8212.57,
2026-09-11T00:41:45.280984+00:00,200,6912.95,
2026-09-11T00:41:14.946879+00:00,200,37260.87,
2026-09-11T00:41:47.892029+00:00,200,4317.82,
2026-09-11T00:41:15.444449+00:00,200,36771.90,
2026-09-11T00:41:24.038575+00:00,200,28184.21,
2026-09-11T00:41:33.883768+00:00,200,18340.30,
2026-09-11T00:41:42.470816+00:00,200,9753.39,
2026-09-11T00:41:33.283999+00:00,200,18942.14,
2026-09-11T00:41:22.402930+00:00,200,29824.29,
2026-09-11T00:41:47.834781+00:00,200,4393.47,
2026-09-11T00:41:43.925193+00:00,200,8303.16,
2026-09-11T00:41:50.272280+00:00,200,1956.87,
2026-09-11T00:41:36.349325+00:00,200,15881.29,
2026-09-11T00:41:24.853055+00:00,200,27389.09,
2026-09-11T00:41:07.909540+00:00,200,44341.05,
2026-09-11T00:41:44.364671+00:00,200,7898.41,
2026-09-11T00:41:44.823039+00:00,200,7441.19,
2026-09-11T00:41:45.455576+00:00,200,6854.74,
2026-09-11T00:41:19.800772+00:00,200,32547.07,
2026-09-11T00:41:43.135700+00:00,200,9236.43,
2026-09-11T00:41:49.649873+00:00,200,2717.99,
2026-09-11T00:41:32.887878+00:00,200,19495.89,
2026-09-11T00:41:15.850761+00:00,200,36544.06,
2026-09-11T00:41:37.602876+00:00,200,14801.32,
2026-09-11T00:41:45.490737+00:00,200,6914.40,
2026-09-11T00:41:30.972119+00:00,200,21433.55,
2026-09-11T00:41:22.696774+00:00,200,29715.23,
2026-09-11T00:41:44.378268+00:00,200,8043.60,
2026-09-11T00:41:24.581006+00:00,200,27861.53,
2026-09-11T00:41:08.553443+00:00,200,43889.77,
2026-09-11T00:41:09.287746+00:00,200,43179.86,
2026-09-11T00:41:32.981487+00:00,200,19505.24,
2026-09-11T00:41:47.669249+00:00,200,4819.49,
2026-09-11T00:40:59.886774+00:00,200,52604.55,
2026-09-11T00:41:48.191688+00:00,200,4326.52,
2026-09-11T00:41:50.528057+00:00,200,2030.62,
2026-09-11T00:41:44.739546+00:00,200,7823.31,
2026-09-11T00:41:27.476728+00:00,200,25109.23,
2026-09-11T00:41:33.611795+00:00,200,18978.05,
2026-09-11T00:41:40.429011+00:00,200,12168.41,
2026-09-11T00:41:29.639753+00:00,200,22975.04,
2026-09-11T00:41:49.849557+00:00,200,2756.94,
2026-09-11T00:41:26.038532+00:00,200,26591.48,
2026-09-11T00:41:40.491568+00:00,200,12153.91,
2026-09-11T00:41:40.782427+00:00,200,11871.34,
2026-09-11T00:41:22.606064+00:00,200,30055.70,
2026-09-11T00:41:39.306986+00:00,200,13371.03,
2026-09-11T00:40:54.134831+00:00,200,58548.07,
2026-09-11T00:41:00.082623+00:00,200,52609.53,
2026-09-11T00:41:08.831193+00:00,200,43862.52,
2026-09-11T00:41:50.230205+00:00,200,2485.20,
2026-09-11T00:41:32.304430+00:00,200,20412.16,
2026-09-11T00:41:42.101053+00:00,200,10629.18,
2026-09-11T00:41:47.473564+00:00,200,5273.72,
2026-09-11T00:41:35.877342+00:00,200,16884.78,
2026-09-11T00:41:50.435496+00:00,200,2325.85,
2026-09-11T00:41:26.588151+00:00,200,26220.79,
2026-09-11T00:41:46.034474+00:00,200,6795.32,
2026-09-11T00:41:14.043271+00:00,200,38805.34,
2026-09-11T00:41:49.669668+00:00,200,3210.61,
2026-09-11T00:41:37.446678+00:00,200,15441.11,
2026-09-11T00:41:27.458578+00:00,200,25443.67,
2026-09-11T00:41:31.107811+00:00,200,21796.82,
2026-09-11T00:41:48.775382+00:00,200,4136.21,
2026-09-11T00:41:22.260575+00:00,200,30659.51,
2026-09-11T00:41:50.360395+00:00,200,2588.31,
2026-09-11T00:41:29.197062+00:00,200,23763.85,
2026-09-11T00:41:20.629079+00:00,200,32346.73,
2026-09-11T00:41:45.696894+00:00,200,7311.36,
2026-09-11T00:41:19.073760+00:00,200,33943.25,
2026-09-11T00:41:41.402138+00:00,200,11616.31,
2026-09-11T00:41:46.817936+00:00,200,6201.04,
2026-09-11T00:41:49.976512+00:00,200,3032.51,
2026-09-11T00:41:43.446930+00:00,200,9591.70,
2026-09-11T00:41:12.497284+00:00,200,40545.00,
2026-09-11T00:41:36.912742+00:00,200,16131.28,
2026-09-11T00:41:44.453304+00:00,200,8601.62,
2026-09-11T00:41:40.827954+00:00,200,12230.00,
2026-09-11T00:41:32.767095+00:00,200,20297.58,
2026-09-11T00:41:40.159405+00:00,200,12926.66,
2026-09-11T00:41:32.309795+00:00,200,20797.23,
2026-09-11T00:41:26.710003+00:00,200,26427.21,
2026-09-11T00:41:49.901267+00:00,200,3230.88,
2026-09-11T00:40:41.167041+00:00,200,71977.08,
2026-09-11T00:41:31.548196+00:00,200,21596.45,
2026-09-11T00:41:39.246794+00:00,200,13898.38,
2026-09-11T00:41:48.540041+00:00,200,4638.15,
2026-09-11T00:41:40.833284+00:00,200,12371.52,
2026-09-11T00:41:34.957970+00:00,200,18268.43,
2026-09-11T00:41:31.630658+00:00,200,21610.15,
2026-09-11T00:41:40.110441+00:00,200,13162.26,
2026-09-11T00:41:37.865587+00:00,200,15430.47,
2026-09-11T00:41:50.303034+00:00,200,3006.04,
2026-09-11T00:41:49.553532+00:00,200,3763.07,
2026-09-11T00:41:18.873716+00:00,200,34447.90,
2026-09-11T00:41:31.775376+00:00,200,21562.58,
2026-09-11T00:41:32.226759+00:00,200,21112.27,
2026-09-11T00:41:34.154549+00:00,200,19191.25,
2026-09-11T00:40:45.929985+00:00,200,67440.32,
2026-09-11T00:41:32.889878+00:00,200,20484.35,
2026-09-11T00:41:06.261911+00:00,200,47121.15,
2026-09-11T00:41:23.790033+00:00,200,29609.94,
2026-09-11T00:41:45.919955+00:00,200,7500.22,
2026-09-11T00:41:43.246668+00:00,200,10187.96,
2026-09-11T00:41:22.963298+00:00,200,30473.07,
2026-09-11T00:41:48.422168+00:00,200,5015.76,
2026-09-11T00:41:33.172989+00:00,200,20271.21,
2026-09-11T00:41:49.744620+00:00,200,3703.34,
2026-09-11T00:41:48.689704+00:00,200,4784.68,
2026-09-11T00:41:42.306216+00:00,200,11185.80,
2026-09-11T00:41:21.298981+00:00,200,32202.53,
2026-09-11T00:41:42.697608+00:00,200,10811.69,
2026-09-11T00:41:04.248018+00:00,200,49266.68,
2026-09-11T00:41:48.663258+00:00,200,4874.52,
2026-09-11T00:41:47.161830+00:00,200,6382.72,
2026-09-11T00:41:23.831901+00:00,200,29731.49,
2026-09-11T00:41:23.944866+00:00,200,29627.20,
2026-09-11T00:41:29.632711+00:00,200,23949.48,
2026-09-11T00:41:45.310486+00:00,200,8278.67,
2026-09-11T00:41:22.199857+00:00,200,31401.27,
2026-09-11T00:41:14.023566+00:00,200,39592.42,
2026-09-11T00:41:43.973663+00:00,200,9656.74,
2026-09-11T00:40:32.214746+00:00,200,81432.41,
2026-09-11T00:41:34.624734+00:00,200,19031.80,
2026-09-11T00:41:43.971663+00:00,200,9694.80,
2026-09-11T00:40:57.108059+00:00,200,56562.77,
2026-09-11T00:41:08.101195+00:00,200,45572.29,
2026-09-11T00:41:10.477694+00:00,200,43200.16,
2026-09-11T00:41:45.727756+00:00,200,7962.73,
2026-09-11T00:41:48.322089+00:00,200,5394.74,
2026-09-11T00:41:32.835043+00:00,200,20883.52,
2026-09-11T00:41:37.256826+00:00,200,16465.27,
2026-09-11T00:41:43.705441+00:00,200,10022.15,
2026-09-11T00:41:34.564933+00:00,200,19174.15,
2026-09-11T00:41:50.970858+00:00,200,2771.11,
2026-09-11T00:41:25.247938+00:00,200,28497.32,
2026-09-11T00:41:50.628095+00:00,200,3130.04,
2026-09-11T00:41:42.212380+00:00,200,11567.71,
2026-09-11T00:41:34.814483+00:00,200,18970.45,
2026-09-11T00:41:08.077376+00:00,200,45722.57,
2026-09-11T00:41:23.292555+00:00,200,30513.47,
2026-09-11T00:41:24.826112+00:00,200,29025.08,
2026-09-11T00:41:31.716190+00:00,200,22144.30,
2026-09-11T00:41:32.511006+00:00,200,21361.76,
2026-09-11T00:41:50.767300+00:00,200,3106.09,
2026-09-11T00:41:27.849021+00:00,200,26035.20,
2026-09-11T00:41:48.898476+00:00,200,4989.36,
2026-09-11T00:41:37.639943+00:00,200,16251.29,
2026-09-11T00:41:33.899162+00:00,200,20003.17,
2026-09-11T00:41:22.089600+00:00,200,31823.04,
2026-09-11T00:41:36.412144+00:00,200,17503.72,
2026-09-11T00:41:41.269653+00:00,200,12647.09,
2026-09-11T00:41:47.084783+00:00,200,6837.83,
2026-09-11T00:41:22.868686+00:00,200,31054.71,
2026-09-11T00:41:20.419699+00:00,200,33504.24,
2026-09-11T00:41:32.004191+00:00,200,21928.82,
2026-09-11T00:41:24.384607+00:00,200,29593.23,
2026-09-11T00:41:15.362913+00:00,200,38632.84,
2026-09-11T00:41:18.729848+00:00,200,35354.93,
2026-09-11T00:41:41.187421+00:00,200,12909.61,
2026-09-11T00:41:39.663685+00:00,200,14433.84,
2026-09-11T00:41:06.634584+00:00,200,47464.80,
2026-09-11T00:41:31.656450+00:00,200,22453.76,
2026-09-11T00:41:39.759344+00:00,200,14365.53,
2026-09-11T00:41:10.031674+00:00,200,44096.30,
2026-09-11T00:41:25.838525+00:00,200,28292.46,
2026-09-11T00:41:35.676746+00:00,200,18457.85,
2026-09-11T00:41:37.514278+00:00,200,16629.88,
2026-09-11T00:41:32.816173+00:00,200,21333.36,
2026-09-11T00:41:04.590758+00:00,200,49568.01,
2026-09-11T00:41:22.426944+00:00,200,31735.31,
2026-09-11T00:41:40.519681+00:00,200,13646.39,
2026-09-11T00:41:01.994166+00:00,200,52182.49,
2026-09-11T00:41:43.762431+00:00,200,10431.41,
2026-09-11T00:41:46.243726+00:00,200,7982.35,
2026-09-11T00:41:45.686758+00:00,200,8548.54,
2026-09-11T00:41:29.246661+00:00,200,25013.93,
2026-09-11T00:41:07.900531+00:00,200,46386.82,
2026-09-11T00:41:40.747245+00:00,200,13540.10,
2026-09-11T00:41:49.700566+00:00,200,4587.20,
2026-09-11T00:41:20.826992+00:00,200,33487.33,
2026-09-11T00:41:38.721566+00:00,200,15599.70,
2026-09-11T00:41:43.965443+00:00,200,10373.75,
2026-09-11T00:41:43.497886+00:00,200,10842.09,
2026-09-11T00:41:19.296473+00:00,200,35048.90,
2026-09-11T00:41:28.368960+00:00,200,25984.83,
2026-09-11T00:40:37.872957+00:00,200,76502.43,
2026-09-11T00:41:33.352536+00:00,200,21036.37,
2026-09-11T00:41:43.392837+00:00,200,10996.37,
2026-09-11T00:40:52.159807+00:00,200,62232.25,
2026-09-11T00:41:31.389561+00:00,200,23025.20,
2026-09-11T00:41:33.210870+00:00,200,21211.99,
2026-09-11T00:41:40.299978+00:00,200,14134.05,
2026-09-11T00:41:25.742656+00:00,200,28697.96,
2026-09-11T00:41:49.867635+00:00,200,4572.13,
2026-09-11T00:41:23.764527+00:00,200,30686.81,
2026-09-11T00:41:28.995492+00:00,200,25455.81,
2026-09-11T00:41:38.423463+00:00,200,16042.82,
2026-09-11T00:41:26.104632+00:00,200,28368.75,
2026-09-11T00:41:50.118534+00:00,200,4359.21,
2026-09-11T00:41:20.185907+00:00,200,34295.86,
2026-09-11T00:41:41.527152+00:00,200,12962.56,
2026-09-11T00:41:46.367926+00:00,200,8132.93,
2026-09-11T00:41:50.063035+00:00,200,4438.50,
2026-09-11T00:41:41.215502+00:00,200,13304.38,
2026-09-11T00:41:48.050366+00:00,200,6479.46,
2026-09-11T00:41:26.859727+00:00,200,27694.86,
2026-09-11T00:41:35.005627+00:00,200,19579.08,
2026-09-11T00:41:42.578080+00:00,200,12028.64,
2026-09-11T00:41:44.860563+00:00,200,9757.41,
2026-09-11T00:41:38.279770+00:00,200,16359.88,
2026-09-11T00:41:35.279555+00:00,200,19362.20,
2026-09-11T00:41:47.575317+00:00,200,7080.63,
2026-09-11T00:41:27.148076+00:00,200,27510.72,
2026-09-11T00:41:45.483549+00:00,200,9186.04,
2026-09-11T00:41:44.828220+00:00,200,9872.43,
2026-09-11T00:41:40.485279+00:00,200,14222.26,
2026-09-11T00:41:21.330755+00:00,200,33400.49,
2026-09-11T00:41:07.484484+00:00,200,47274.32,
2026-09-11T00:41:08.669761+00:00,200,46098.04,
2026-09-11T00:41:49.794411+00:00,200,4972.34,
2026-09-11T00:41:33.596273+00:00,200,21185.82,
2026-09-11T00:41:46.705477+00:00,200,8079.10,
2026-09-11T00:41:46.043732+00:00,200,8745.10,
2026-09-11T00:41:46.825239+00:00,200,7987.27,
2026-09-11T00:41:48.679815+00:00,200,6138.92,
2026-09-11T00:41:39.441617+00:00,200,15383.90,
2026-09-11T00:40:53.320067+00:00,200,61505.84,
2026-09-11T00:41:49.214884+00:00,200,5612.35,
2026-09-11T00:41:49.122177+00:00,200,5719.01,
2026-09-11T00:41:44.201219+00:00,200,10677.47,
2026-09-11T00:41:41.073844+00:00,200,13811.77,
2026-09-11T00:41:48.044156+00:00,200,6853.88,
2026-09-11T00:41:43.724258+00:00,200,11179.32,
2026-09-11T00:41:48.710333+00:00,200,6197.48,
2026-09-11T00:40:48.055312+00:00,200,66868.14,
2026-09-11T00:41:35.418305+00:00,200,19528.57,
2026-09-11T00:41:23.964091+00:00,200,31043.24,
2026-09-11T00:41:09.625118+00:00,200,45396.69,
2026-09-11T00:41:41.448648+00:00,200,13577.44,
2026-09-11T00:41:39.798618+00:00,200,15235.94,
2026-09-11T00:41:38.195027+00:00,200,16841.40,
2026-09-11T00:41:41.431203+00:00,200,13612.69,
2026-09-11T00:41:22.059154+00:00,200,32991.87,
2026-09-11T00:40:52.628014+00:00,200,62425.94,
2026-09-11T00:41:49.881483+00:00,200,5184.24,
2026-09-11T00:41:49.806179+00:00,200,5288.51,
2026-09-11T00:41:10.709694+00:00,200,44394.65,
2026-09-11T00:41:27.920630+00:00,200,27223.91,
2026-09-11T00:41:35.578767+00:00,200,19571.67,
2026-09-11T00:41:35.522733+00:00,200,19628.67,
2026-09-11T00:41:46.148974+00:00,200,9024.72,
2026-09-11T00:41:11.735260+00:00,200,43442.55,
2026-09-11T00:41:40.783500+00:00,200,14404.95,
2026-09-11T00:41:43.990394+00:00,200,11201.91,
2026-09-11T00:41:35.137455+00:00,200,20062.69,
2026-09-11T00:40:58.139305+00:00,200,57082.88,
2026-09-11T00:41:26.582575+00:00,200,28643.93,
2026-09-11T00:41:48.252472+00:00,200,6975.77,
2026-09-11T00:41:42.114497+00:00,200,13132.79,
2026-09-11T00:41:24.769967+00:00,200,30490.30,
2026-09-11T00:41:46.027163+00:00,200,9236.55,
2026-09-11T00:41:26.852937+00:00,200,28411.53,
2026-09-11T00:41:30.189904+00:00,200,25076.67,
2026-09-11T00:41:42.207178+00:00,200,13089.73,
2026-09-11T00:41:39.824890+00:00,200,15483.40,
2026-09-11T00:41:49.929316+00:00,200,5384.78,
2026-09-11T00:41:37.680822+00:00,200,17652.38,
2026-09-11T00:40:59.205774+00:00,200,56143.86,
2026-09-11T00:41:28.813934+00:00,200,26540.57,
2026-09-11T00:41:45.301219+00:00,200,10053.17,
2026-09-11T00:41:45.329533+00:00,200,10039.53,
2026-09-11T00:41:47.498570+00:00,200,7876.27,
2026-09-11T00:41:41.653100+00:00,200,13757.86,
2026-09-11T00:41:25.892449+00:00,200,29527.03,
2026-09-11T00:41:31.250049+00:00,200,24175.25,
2026-09-11T00:41:48.315367+00:00,200,7112.68,
2026-09-11T00:41:50.071449+00:00,200,5354.38,
2026-09-11T00:40:30.597549+00:00,200,84829.45,
2026-09-11T00:41:41.856688+00:00,200,13581.61,
2026-09-11T00:41:43.448929+00:00,200,11997.05,
2026-09-11T00:41:43.028990+00:00,200,12431.24,
2026-09-11T00:41:47.280369+00:00,200,8190.47,
2026-09-11T00:41:44.964529+00:00,200,10507.10,
2026-09-11T00:40:59.293271+00:00,200,56209.96,
2026-09-11T00:41:48.427577+00:00,200,7088.09,
2026-09-11T00:41:02.582730+00:00,200,52946.65,
2026-09-11T00:41:47.801454+00:00,200,7735.35,
2026-09-11T00:41:45.511696+00:00,200,10031.05,
2026-09-11T00:41:29.278465+00:00,200,26271.11,
2026-09-11T00:41:07.080232+00:00,200,48479.83,
2026-09-11T00:41:15.380163+00:00,200,40183.34,
2026-09-11T00:41:43.736450+00:00,200,11839.10,
2026-09-11T00:41:49.496811+00:00,200,6091.43,
2026-09-11T00:41:49.257673+00:00,200,6348.76,
2026-09-11T00:41:43.596385+00:00,200,12013.36,
2026-09-11T00:41:38.453128+00:00,200,17165.48,
2026-09-11T00:41:39.449964+00:00,200,16183.44,
2026-09-11T00:41:45.355296+00:00,200,10280.28,
2026-09-11T00:41:30.526401+00:00,200,25111.82,
2026-09-11T00:41:50.292737+00:00,200,5346.60,
2026-09-11T00:41:34.960011+00:00,200,20692.65,
2026-09-11T00:41:45.297039+00:00,200,10366.74,
2026-09-11T00:41:17.321202+00:00,200,38344.71,
2026-09-11T00:41:40.137407+00:00,200,15555.74,
2026-09-11T00:41:49.476513+00:00,200,6246.29,
2026-09-11T00:41:43.943791+00:00,200,11791.36,
2026-09-11T00:41:18.319467+00:00,200,37426.40,
2026-09-11T00:41:50.329963+00:00,200,5426.13,
2026-09-11T00:41:28.985774+00:00,200,26774.39,
2026-09-11T00:41:27.402330+00:00,200,28383.55,
2026-09-11T00:41:46.157267+00:00,200,9634.40,
2026-09-11T00:41:35.615378+00:00,200,20177.66,
2026-09-11T00:41:31.900754+00:00,200,23926.01,
2026-09-11T00:41:48.153304+00:00,200,7680.79,
2026-09-11T00:41:32.613983+00:00,200,23222.52,
2026-09-11T00:41:47.930213+00:00,200,7908.50,
2026-09-11T00:41:49.162926+00:00,200,6701.56,
2026-09-11T00:41:42.384831+00:00,200,13521.33,
2026-09-11T00:41:46.369923+00:00,200,9547.09,
2026-09-11T00:41:38.704651+00:00,200,17220.99,
2026-09-11T00:41:07.904530+00:00,200,48025.61,
2026-09-11T00:41:32.357885+00:00,200,23581.01,
2026-09-11T00:41:37.751490+00:00,200,18192.27,
2026-09-11T00:41:30.851966+00:00,200,25103.95,
2026-09-11T00:41:18.804760+00:00,200,37151.77,
2026-09-11T00:41:09.833800+00:00,200,46124.07,
2026-09-11T00:41:42.158357+00:00,200,13805.81,
2026-09-11T00:41:14.923624+00:00,200,41056.72,
2026-09-11T00:41:02.021912+00:00,200,53978.20,
2026-09-11T00:41:49.992411+00:00,200,6015.13,
2026-09-11T00:41:45.804461+00:00,200,10211.55,
2026-09-11T00:41:31.054081+00:00,200,24987.43,
2026-09-11T00:41:32.996169+00:00,200,23053.99,
2026-09-11T00:41:47.565679+00:00,200,8500.75,
2026-09-11T00:41:41.718672+00:00,200,14400.54,
2026-09-11T00:41:44.137618+00:00,200,11999.78,
2026-09-11T00:41:06.978319+00:00,200,49165.18,
2026-09-11T00:41:39.135395+00:00,200,17011.59,
2026-09-11T00:41:45.367883+00:00,200,10782.75,
2026-09-11T00:41:10.546474+00:00,200,45609.00,
2026-09-11T00:41:44.750141+00:00,200,11410.44,
2026-09-11T00:41:14.474597+00:00,200,41695.04,
2026-09-11T00:41:30.780764+00:00,200,25396.59,
2026-09-11T00:41:33.657779+00:00,200,22520.38,
2026-09-11T00:41:46.671082+00:00,200,9512.77,
2026-09-11T00:41:31.671253+00:00,200,24524.66,
2026-09-11T00:41:13.863123+00:00,200,42334.09,
2026-09-11T00:41:43.058411+00:00,200,13142.39,
2026-09-11T00:41:30.803489+00:00,200,25422.54,
2026-09-11T00:41:50.492083+00:00,200,5746.24,
2026-09-11T00:41:44.635586+00:00,200,11604.75,
2026-09-11T00:41:04.662690+00:00,200,51582.21,
2026-09-11T00:41:42.575079+00:00,200,13678.26,
2026-09-11T00:41:29.982608+00:00,200,26274.51,
2026-09-11T00:41:48.438775+00:00,200,7839.61,
2026-09-11T00:41:36.541404+00:00,200,19737.62,
2026-09-11T00:41:47.451293+00:00,200,8848.20,
2026-09-11T00:41:47.519017+00:00,200,8784.94,
2026-09-11T00:41:49.533868+00:00,200,6780.75,
2026-09-11T00:41:49.748607+00:00,200,6559.11,
2026-09-11T00:41:07.320878+00:00,200,49026.56,
2026-09-11T00:41:48.586877+00:00,200,7774.83,
2026-09-11T00:41:29.202430+00:00,200,27159.41,
2026-09-11T00:41:26.465538+00:00,200,29899.70,
2026-09-11T00:41:39.480050+00:00,200,16895.97,
2026-09-11T00:41:50.198546+00:00,200,6188.17,
2026-09-11T00:41:36.528828+00:00,200,19857.95,
2026-09-11T00:41:41.370749+00:00,200,15026.71,
2026-09-11T00:41:18.427016+00:00,200,37978.34,
2026-09-11T00:41:44.463133+00:00,200,11957.86,
2026-09-11T00:41:42.378178+00:00,200,14055.35,
2026-09-11T00:41:33.909200+00:00,200,22544.87,
2026-09-11T00:41:26.821285+00:00,200,29669.88,
2026-09-11T00:41:44.048914+00:00,200,12444.18,
2026-09-11T00:41:40.449897+00:00,200,16047.63,
2026-09-11T00:41:31.211980+00:00,200,25294.51,
2026-09-11T00:41:47.323558+00:00,200,9213.29,
2026-09-11T00:41:07.832930+00:00,200,48706.36,
2026-09-11T00:41:16.263291+00:00,200,40280.54,
2026-09-11T00:41:50.071449+00:00,200,6491.83,
2026-09-11T00:41:20.229159+00:00,200,36347.94,
2026-09-11T00:41:46.248556+00:00,200,10332.54,
2026-09-11T00:41:28.420213+00:00,200,28171.18,
2026-09-11T00:41:47.788019+00:00,200,8808.87,
2026-09-11T00:41:48.413700+00:00,200,8214.83,
2026-09-11T00:41:25.243937+00:00,200,31399.87,
2026-09-11T00:41:36.549448+00:00,200,20101.71,
2026-09-11T00:41:43.129768+00:00,200,13529.25,
2026-09-11T00:41:28.170699+00:00,200,28489.13,
2026-09-11T00:41:24.908587+00:00,200,31785.29,
2026-09-11T00:41:43.613545+00:00,200,13081.68,
2026-09-11T00:41:48.289384+00:00,200,8412.06,
2026-09-11T00:41:50.000258+00:00,200,6703.36,
2026-09-11T00:41:43.910351+00:00,200,12802.27,
2026-09-11T00:41:46.203832+00:00,200,10521.43,
2026-09-11T00:41:38.854997+00:00,200,17876.90,
2026-09-11T00:41:39.780080+00:00,200,16963.20,
2026-09-11T00:41:33.111955+00:00,200,23645.39,
2026-09-11T00:41:18.598789+00:00,200,38181.57,
2026-09-11T00:41:26.531151+00:00,200,30252.75,
2026-09-11T00:41:19.057037+00:00,200,37729.80,
2026-09-11T00:40:45.932416+00:00,200,70860.35,
2026-09-11T00:41:50.202264+00:00,200,6602.72,
2026-09-11T00:41:30.604477+00:00,200,26210.37,
2026-09-11T00:41:32.152981+00:00,200,24685.00,
2026-09-11T00:41:31.076936+00:00,200,25767.48,
2026-09-11T00:41:32.138062+00:00,200,24710.46,
2026-09-11T00:40:52.777554+00:00,200,64093.71,
2026-09-11T00:40:59.567508+00:00,200,57307.92,
2026-09-11T00:41:44.940570+00:00,200,11946.08,
2026-09-11T00:41:48.948675+00:00,200,7952.22,
2026-09-11T00:41:43.411478+00:00,200,13499.02,
2026-09-11T00:41:24.235923+00:00,200,32676.30,
2026-09-11T00:41:45.051426+00:00,200,11869.95,
2026-09-11T00:41:31.972243+00:00,200,24953.96,
2026-09-11T00:41:44.112651+00:00,200,12836.33,
2026-09-11T00:41:26.061131+00:00,200,30899.37,
2026-09-11T00:41:23.860475+00:00,200,33100.91,
2026-09-11T00:41:49.794411+00:00,200,7167.58,
2026-09-11T00:41:40.579036+00:00,200,16391.61,
2026-09-11T00:41:06.143589+00:00,200,50829.11,
2026-09-11T00:41:38.036202+00:00,200,18941.64,
2026-09-11T00:41:36.664177+00:00,200,20316.40,
2026-09-11T00:41:23.523767+00:00,200,33467.34,
2026-09-11T00:41:38.566560+00:00,200,18427.27,
2026-09-11T00:41:27.344825+00:00,200,29655.24,
2026-09-11T00:41:31.909013+00:00,200,25129.19,
2026-09-11T00:40:47.512177+00:00,200,69533.87,
2026-09-11T00:41:43.205189+00:00,200,13843.13,
2026-09-11T00:41:29.454356+00:00,200,27603.60,
2026-09-11T00:40:52.483623+00:00,200,64584.09,
2026-09-11T00:41:50.941806+00:00,200,6133.38,
2026-09-11T00:41:41.198593+00:00,200,15884.48,
2026-09-11T00:41:36.958534+00:00,200,20130.06,
2026-09-11T00:41:30.855717+00:00,200,26235.42,
2026-09-11T00:41:46.985779+00:00,200,10118.15,
2026-09-11T00:41:37.895589+00:00,200,19217.16,
2026-09-11T00:41:48.962893+00:00,200,8157.17,
2026-09-11T00:41:21.311477+00:00,200,35826.83,
2026-09-11T00:41:35.755897+00:00,200,21404.25,
2026-09-11T00:41:49.260968+00:00,200,7904.85,
2026-09-11T00:40:59.997486+00:00,200,57175.02,
2026-09-11T00:41:27.505107+00:00,200,29675.18,
2026-09-11T00:41:50.800771+00:00,200,6391.65,
2026-09-11T00:41:24.094888+00:00,200,33115.49,
2026-09-11T00:40:58.683020+00:00,200,58532.14,
2026-09-11T00:41:48.937732+00:00,200,8280.72,
2026-09-11T00:41:36.603669+00:00,200,20617.14,
2026-09-11T00:41:29.865370+00:00,200,27358.95,
2026-09-11T00:41:22.622688+00:00,200,34605.04,
2026-09-11T00:41:13.897873+00:00,200,43341.62,
2026-09-11T00:41:37.804879+00:00,200,19437.85,
2026-09-11T00:41:28.460741+00:00,200,28787.55,
2026-09-11T00:41:33.066557+00:00,200,24187.46,
2026-09-11T00:41:42.478072+00:00,200,14807.86,
2026-09-11T00:41:29.015949+00:00,200,28277.67,
2026-09-11T00:41:22.668619+00:00,200,34627.31,
2026-09-11T00:41:50.684647+00:00,200,6639.48,
2026-09-11T00:41:47.307500+00:00,200,10026.92,
2026-09-11T00:40:47.206413+00:00,200,70148.36,
2026-09-11T00:41:28.448038+00:00,200,28921.87,
2026-09-11T00:41:41.959508+00:00,200,15421.72,
2026-09-11T00:41:35.526712+00:00,200,21856.52,
2026-09-11T00:41:28.965690+00:00,200,28429.07,
2026-09-11T00:41:00.438211+00:00,200,56969.20,
2026-09-11T00:41:33.868270+00:00,200,23552.95,
2026-09-11T00:41:37.791168+00:00,200,19637.31,
2026-09-11T00:41:48.571230+00:00,200,8857.06,
2026-09-11T00:41:46.559774+00:00,200,10881.87,
2026-09-11T00:41:45.175268+00:00,200,12268.86,
2026-09-11T00:41:34.087002+00:00,200,23378.70,
2026-09-11T00:41:34.985979+00:00,200,22481.60,
2026-09-11T00:41:36.059188+00:00,200,21438.47,
2026-09-11T00:41:25.990551+00:00,200,31513.85,
2026-09-11T00:41:21.048882+00:00,200,36458.31,
2026-09-11T00:41:36.985296+00:00,200,20522.42,
2026-09-11T00:41:08.792884+00:00,200,48726.01,
2026-09-11T00:41:47.726202+00:00,200,9798.34,
2026-09-11T00:41:47.865804+00:00,200,9664.52,
2026-09-11T00:41:40.045758+00:00,200,17486.47,
2026-09-11T00:41:43.554113+00:00,200,13986.28,
2026-09-11T00:41:01.322797+00:00,200,56219.65,
2026-09-11T00:40:32.426179+00:00,200,85130.70,
2026-09-11T00:41:40.224632+00:00,200,17341.71,
2026-09-11T00:41:32.838175+00:00,200,24736.50,
2026-09-11T00:41:12.099275+00:00,200,45479.74,
2026-09-11T00:41:25.626301+00:00,200,31954.13,
2026-09-11T00:41:29.948047+00:00,200,27652.58,
2026-09-11T00:41:36.050855+00:00,200,21550.55,
2026-09-11T00:41:44.787588+00:00,200,12815.47,
2026-09-11T00:41:48.425085+00:00,200,9193.50,
2026-09-11T00:41:37.030966+00:00,200,20589.93,
2026-09-11T00:41:33.932594+00:00,200,23696.07,
2026-09-11T00:41:20.182212+00:00,200,37450.57,
2026-09-11T00:41:36.830100+00:00,200,20825.04,
2026-09-11T00:41:44.972879+00:00,200,12687.51,
2026-09-11T00:41:49.736081+00:00,200,7919.79,
2026-09-11T00:41:07.911539+00:00,200,49755.49,
2026-09-11T00:41:44.647858+00:00,200,13024.79,
2026-09-11T00:41:38.040203+00:00,200,19640.06,
2026-09-11T00:41:16.835923+00:00,200,40891.76,
2026-09-11T00:41:41.646246+00:00,200,16088.24,
2026-09-11T00:41:43.131766+00:00,200,14605.61,
2026-09-11T00:41:42.606202+00:00,200,15137.77,
2026-09-11T00:41:49.895487+00:00,200,7850.40,
2026-09-11T00:41:47.157488+00:00,200,10590.21,
2026-09-11T00:41:37.947858+00:00,200,19817.88,
2026-09-11T00:41:24.074121+00:00,200,33694.54,
2026-09-11T00:41:43.266692+00:00,200,14502.78,
2026-09-11T00:41:35.147297+00:00,200,22627.35,
2026-09-11T00:41:49.302952+00:00,200,8474.66,
2026-09-11T00:41:27.065938+00:00,200,30716.09,
2026-09-11T00:41:32.769094+00:00,200,25015.32,
2026-09-11T00:41:31.087942+00:00,200,26724.54,
2026-09-11T00:41:49.576606+00:00,200,8246.01,
2026-09-11T00:41:30.534071+00:00,200,27299.87,
2026-09-11T00:41:46.769043+00:00,200,11071.60,
2026-09-11T00:41:40.566602+00:00,200,17277.17,
2026-09-11T00:41:50.743727+00:00,200,7100.39,
2026-09-11T00:41:33.707555+00:00,200,24143.63,
2026-09-11T00:41:45.154197+00:00,200,12702.44,
2026-09-11T00:41:28.338814+00:00,200,29522.05,
2026-09-11T00:41:27.106450+00:00,200,30781.17,
2026-09-11T00:41:31.549488+00:00,200,26343.59,
2026-09-11T00:41:44.638586+00:00,200,13279.14,
2026-09-11T00:41:29.766081+00:00,200,28155.73,
2026-09-11T00:41:32.291071+00:00,200,25632.81,
2026-09-11T00:41:50.705921+00:00,200,7219.24,
2026-09-11T00:41:50.395306+00:00,200,7538.76,
2026-09-11T00:41:44.815683+00:00,200,13129.47,
2026-09-11T00:41:24.026044+00:00,200,33929.98,
2026-09-11T00:41:33.302611+00:00,200,24662.10,
2026-09-11T00:41:49.821705+00:00,200,8149.04,
2026-09-11T00:41:36.968053+00:00,200,21008.11,
2026-09-11T00:41:47.002818+00:00,200,10980.55,
2026-09-11T00:41:26.887077+00:00,200,31098.22,
2026-09-11T00:41:30.832334+00:00,200,27160.55,
2026-09-11T00:41:50.607247+00:00,200,7385.22,
2026-09-11T00:41:48.894197+00:00,200,9139.89,
2026-09-11T00:41:50.418102+00:00,200,7627.93,
2026-09-11T00:41:31.147103+00:00,200,26905.42,
2026-09-11T00:41:50.770429+00:00,200,7288.22,
2026-09-11T00:41:05.237996+00:00,200,52824.92,
2026-09-11T00:41:47.971369+00:00,200,10102.96,
2026-09-11T00:41:20.490573+00:00,200,37585.86,
2026-09-11T00:41:45.275978+00:00,200,12806.52,
2026-09-11T00:41:08.052313+00:00,200,50032.51,
2026-09-11T00:41:27.926427+00:00,200,30175.67,
2026-09-11T00:41:25.830162+00:00,200,32276.02,
2026-09-11T00:41:19.608259+00:00,200,38499.00,
2026-09-11T00:41:48.823973+00:00,200,9299.34,
2026-09-11T00:40:54.313502+00:00,200,63811.89,
2026-09-11T00:40:49.206579+00:00,200,68937.20,
2026-09-11T00:41:33.064436+00:00,200,25079.83,
2026-09-11T00:41:46.453277+00:00,200,11691.54,
2026-09-11T00:41:49.472206+00:00,200,8677.58,
2026-09-11T00:41:30.682364+00:00,200,27473.05,
2026-09-11T00:41:26.334603+00:00,200,31855.08,
2026-09-11T00:40:53.153010+00:00,200,65042.46,
2026-09-11T00:41:45.184651+00:00,200,13018.75,
2026-09-11T00:40:46.138553+00:00,200,72075.91,
2026-09-11T00:41:46.018967+00:00,200,12202.11,
2026-09-11T00:41:23.890380+00:00,200,34341.69,
2026-09-11T00:41:48.277684+00:00,200,9954.25,
2026-09-11T00:41:26.023833+00:00,200,32218.57,
2026-09-11T00:41:49.354507+00:00,200,8905.68,
2026-09-11T00:41:16.434113+00:00,200,41828.49,
2026-09-11T00:41:26.699279+00:00,200,31564.36,
2026-09-11T00:41:43.270693+00:00,200,14994.28,
2026-09-11T00:41:29.792209+00:00,200,28477.40,
2026-09-11T00:41:38.504773+00:00,200,19768.13,
2026-09-11T00:41:40.521682+00:00,200,17758.50,
2026-09-11T00:40:56.513432+00:00,200,61769.52,
2026-09-11T00:41:44.242781+00:00,200,14046.14,
2026-09-11T00:41:23.079901+00:00,200,35213.06,
2026-09-11T00:41:49.963526+00:00,200,8331.30,
2026-09-11T00:41:31.269222+00:00,200,27036.98,
2026-09-11T00:41:23.655313+00:00,200,34664.92,
2026-09-11T00:41:44.657122+00:00,200,13668.32,
2026-09-11T00:41:22.946770+00:00,200,35417.00,
2026-09-11T00:41:25.877796+00:00,200,32498.22,
2026-09-11T00:41:42.355176+00:00,200,16024.62,
2026-09-11T00:41:36.576831+00:00,200,21807.89,
2026-09-11T00:41:28.365669+00:00,200,30023.62,
2026-09-11T00:41:43.556113+00:00,200,14842.13,
2026-09-11T00:41:35.131575+00:00,200,23269.88,
2026-09-11T00:41:36.372513+00:00,200,22030.54,
2026-09-11T00:41:49.201720+00:00,200,9214.06,
2026-09-11T00:41:16.480760+00:00,200,41951.86,
2026-09-11T00:41:10.278595+00:00,200,48154.77,
2026-09-11T00:41:09.905466+00:00,200,48539.25,
2026-09-11T00:41:38.858220+00:00,200,19593.51,
2026-09-11T00:41:45.572954+00:00,200,12881.48,
2026-09-11T00:41:27.341825+00:00,200,31113.93,
2026-09-11T00:41:35.830698+00:00,200,22640.75,
2026-09-11T00:41:30.315747+00:00,200,28162.91,
2026-09-11T00:41:22.625889+00:00,200,35858.51,
2026-09-11T00:41:37.842691+00:00,200,20645.94,
2026-09-11T00:41:35.632655+00:00,200,22858.25,
2026-09-11T00:41:44.687509+00:00,200,13806.09,
2026-09-11T00:41:50.815273+00:00,200,7681.20,
2026-09-11T00:41:30.588978+00:00,200,27918.52,
2026-09-11T00:40:39.996859+00:00,200,78532.23,
2026-09-11T00:41:45.706400+00:00,200,12825.87,
2026-09-11T00:41:46.896886+00:00,200,11658.17,
2026-09-11T00:41:15.020276+00:00,200,43550.05,
2026-09-11T00:41:50.836287+00:00,200,7762.79,
2026-09-11T00:41:22.885705+00:00,200,35722.72,
2026-09-11T00:40:46.728938+00:00,200,71894.51,
2026-09-11T00:41:46.272214+00:00,200,12353.48,
2026-09-11T00:41:33.960542+00:00,200,24678.24,
2026-09-11T00:41:08.086383+00:00,200,50555.06,
2026-09-11T00:41:33.234006+00:00,200,25407.62,
2026-09-11T00:41:42.999799+00:00,200,15652.18,
2026-09-11T00:41:06.229587+00:00,200,52435.20,
2026-09-11T00:41:37.246498+00:00,200,21420.02,
2026-09-11T00:41:35.712680+00:00,200,22954.78,
2026-09-11T00:41:39.977035+00:00,200,18696.58,
2026-09-11T00:41:44.406649+00:00,200,14273.28,
2026-09-11T00:41:46.159643+00:00,200,12550.31,
2026-09-11T00:41:08.592137+00:00,200,50121.53,
2026-09-11T00:41:27.585625+00:00,200,31135.73,
2026-09-11T00:41:47.354389+00:00,200,11387.43,
2026-09-11T00:41:40.454020+00:00,200,18304.30,
2026-09-11T00:41:23.153116+00:00,200,35606.57,
2026-09-11T00:40:58.386572+00:00,200,60396.28,
2026-09-11T00:41:42.900077+00:00,200,15884.48,
2026-09-11T00:41:47.417997+00:00,200,11376.13,
2026-09-11T00:41:45.542152+00:00,200,13265.54,
2026-09-11T00:41:44.084608+00:00,200,14734.84,
2026-09-11T00:41:47.393675+00:00,200,11427.57,
2026-09-11T00:41:24.527209+00:00,200,34298.99,
2026-09-11T00:41:24.121899+00:00,200,34722.92,
2026-09-11T00:41:33.654473+00:00,200,25191.26,
2026-09-11T00:41:48.402677+00:00,200,10443.64,
2026-09-11T00:41:50.395306+00:00,200,8456.90,
2026-09-11T00:41:17.639092+00:00,200,41218.54,
2026-09-11T00:41:50.617410+00:00,200,8240.22,
2026-09-11T00:41:50.071449+00:00,200,8784.44,
2026-09-11T00:41:21.265392+00:00,200,37599.18,
2026-09-11T00:41:36.301035+00:00,200,22566.13,
2026-09-11T00:41:32.637878+00:00,200,26237.30,
2026-09-11T00:41:49.976512+00:00,200,8893.91,
2026-09-11T00:41:27.793834+00:00,200,31095.77,
2026-09-11T00:41:48.546221+00:00,200,10354.49,
2026-09-11T00:41:45.461550+00:00,200,13446.74,
2026-09-11T00:41:07.348180+00:00,200,51563.66,
2026-09-11T00:40:46.485288+00:00,200,72432.51,
2026-09-11T00:41:32.279374+00:00,200,26653.65,
2026-09-11T00:41:45.917955+00:00,200,13021.59,
2026-09-11T00:41:34.529888+00:00,200,24416.11,
2026-09-11T00:41:48.210658+00:00,200,10747.77,
2026-09-11T00:41:30.480936+00:00,200,28486.82,
2026-09-11T00:41:05.016855+00:00,200,53954.35,
2026-09-11T00:41:41.101077+00:00,200,17870.99,
2026-09-11T00:40:45.140846+00:00,200,73831.10,
2026-09-11T00:40:50.043018+00:00,200,68931.99,
2026-09-11T00:41:44.184728+00:00,200,14799.92,
2026-09-11T00:41:47.041973+00:00,200,11954.32,
2026-09-11T00:41:37.720386+00:00,200,21286.25,
2026-09-11T00:41:50.962966+00:00,200,8057.35,
2026-09-11T00:41:49.083829+00:00,200,9942.76,
2026-09-11T00:41:39.356043+00:00,200,19679.70,
2026-09-11T00:41:35.853688+00:00,200,23185.92,
2026-09-11T00:41:41.488704+00:00,200,17551.65,
2026-09-11T00:41:41.145801+00:00,200,17901.53,
2026-09-11T00:41:38.306680+00:00,200,20749.43,
2026-09-11T00:41:46.004807+00:00,200,13061.43,
2026-09-11T00:41:20.429008+00:00,200,38640.16,
2026-09-11T00:41:32.188423+00:00,200,26905.93,
2026-09-11T00:40:59.987254+00:00,200,59108.06,
2026-09-11T00:41:05.753040+00:00,200,53351.15,
2026-09-11T00:41:43.207830+00:00,200,15911.79,
2026-09-11T00:40:56.644303+00:00,200,62478.51,
2026-09-11T00:41:42.778125+00:00,200,16362.47,
2026-09-11T00:41:39.923659+00:00,200,19222.01,
2026-09-11T00:41:29.231527+00:00,200,29920.96,
2026-09-11T00:41:37.326747+00:00,200,21829.40,
2026-09-11T00:41:49.317151+00:00,200,9853.03,
2026-09-11T00:41:24.034577+00:00,200,35138.49,
2026-09-11T00:41:40.977917+00:00,200,18215.11,
2026-09-11T00:41:30.500475+00:00,200,28703.78,
2026-09-11T00:41:28.020869+00:00,200,31184.27,
2026-09-11T00:41:50.689731+00:00,200,8517.87,
2026-09-11T00:41:29.435787+00:00,200,29789.76,
2026-09-11T00:41:14.943370+00:00,200,44294.92,
2026-09-11T00:41:48.001493+00:00,200,11237.69,
2026-09-11T00:41:36.096340+00:00,200,23145.57,
2026-09-11T00:41:45.159840+00:00,200,14089.81,
2026-09-11T00:41:38.485639+00:00,200,20764.48,
2026-09-11T00:41:44.621030+00:00,200,14631.79,
2026-09-11T00:40:53.654021+00:00,200,65618.84,
2026-09-11T00:41:36.056867+00:00,200,23232.28,
2026-09-11T00:41:46.039471+00:00,200,13260.71,
2026-09-11T00:41:38.038201+00:00,200,21286.50,
2026-09-11T00:41:50.415698+00:00,200,8909.92,
2026-09-11T00:41:50.080483+00:00,200,9245.13,
2026-09-11T00:41:20.136343+00:00,200,39197.15,
2026-09-11T00:41:32.710774+00:00,200,26628.11,
2026-09-11T00:41:37.782817+00:00,200,21560.43,
2026-09-11T00:41:39.807047+00:00,200,19536.67,
2026-09-11T00:41:22.010313+00:00,200,37338.97,
2026-09-11T00:41:39.369924+00:00,200,19984.76,
2026-09-11T00:41:26.715968+00:00,200,32661.18,
2026-09-11T00:41:38.535055+00:00,200,20845.74,
2026-09-11T00:41:44.222896+00:00,200,15169.73,
2026-09-11T00:41:47.735522+00:00,200,11659.13,
2026-09-11T00:41:41.650052+00:00,200,17746.64,
2026-09-11T00:41:50.725773+00:00,200,8677.00,
2026-09-11T00:41:31.686295+00:00,200,27726.26,
2026-09-11T00:41:49.822705+00:00,200,9615.44,
2026-09-11T00:41:42.030173+00:00,200,17411.97,
2026-09-11T00:41:46.627417+00:00,200,12818.44,
2026-09-11T00:41:46.339795+00:00,200,13107.21,
2026-09-11T00:41:40.675525+00:00,200,18772.88,
2026-09-11T00:41:49.976512+00:00,200,9465.78,
2026-09-11T00:41:34.762793+00:00,200,24693.22,
2026-09-11T00:41:40.470915+00:00,200,19015.71,
2026-09-11T00:41:08.969869+00:00,200,50546.59,
2026-09-11T00:41:50.516233+00:00,200,9002.46,
2026-09-11T00:41:47.851438+00:00,200,11678.35,
2026-09-11T00:41:43.558369+00:00,200,15972.59,
2026-09-11T00:41:23.168721+00:00,200,36369.08,
2026-09-11T00:41:19.416570+00:00,200,40123.39,
2026-09-11T00:41:48.820975+00:00,200,10719.68,
2026-09-11T00:41:35.066756+00:00,200,24476.75,
2026-09-11T00:41:33.609798+00:00,200,25951.01,
2026-09-11T00:41:31.855680+00:00,200,27708.31,
2026-09-11T00:41:18.458079+00:00,200,41112.74,
2026-09-11T00:41:12.004552+00:00,200,47568.77,
2026-09-11T00:41:50.365905+00:00,200,9209.25,
2026-09-11T00:41:29.467041+00:00,200,30110.14,
2026-09-11T00:41:48.909760+00:00,200,10684.66,
2026-09-11T00:41:40.942712+00:00,200,18652.31,
2026-09-11T00:41:03.189260+00:00,200,56418.12,
2026-09-11T00:41:50.126196+00:00,200,9487.83,
2026-09-11T00:41:08.481698+00:00,200,51143.63,
2026-09-11T00:41:26.917844+00:00,200,32710.29,
2026-09-11T00:41:32.514006+00:00,200,27137.24,
2026-09-11T00:41:19.217382+00:00,200,40436.67,
2026-09-11T00:41:44.421865+00:00,200,15235.76,
2026-09-11T00:41:23.175965+00:00,200,36481.78,
2026-09-11T00:41:44.296382+00:00,200,15368.41,
2026-09-11T00:41:49.203717+00:00,200,10466.28,
2026-09-11T00:41:48.020780+00:00,200,11656.38,
2026-09-11T00:41:48.707288+00:00,200,10973.89,
2026-09-11T00:40:54.269375+00:00,200,65421.12,
2026-09-11T00:41:23.329207+00:00,200,36365.34,
2026-09-11T00:41:48.303558+00:00,200,11394.19,
2026-09-11T00:41:49.833705+00:00,200,9863.17,
2026-09-11T00:41:21.241902+00:00,200,38470.57,
2026-09-11T00:41:40.439302+00:00,200,19279.06,
2026-09-11T00:41:32.258329+00:00,200,27477.68,
2026-09-11T00:41:33.646160+00:00,200,26091.38,
2026-09-11T00:41:45.343815+00:00,200,14394.16,
2026-09-11T00:41:34.924240+00:00,200,24822.58,
2026-09-11T00:41:49.454560+00:00,200,10296.97,
2026-09-11T00:40:52.709921+00:00,200,67050.96,
2026-09-11T00:41:27.031780+00:00,200,32745.56,
2026-09-11T00:41:14.941368+00:00,200,44872.30,
2026-09-11T00:41:31.436691+00:00,200,28383.30,
2026-09-11T00:41:42.336405+00:00,200,17485.91,
2026-09-11T00:41:39.457002+00:00,200,20369.17,
2026-09-11T00:41:50.096534+00:00,200,9729.68,
2026-09-11T00:41:14.494335+00:00,200,45338.75,
2026-09-11T00:41:41.579939+00:00,200,18263.23,
2026-09-11T00:41:23.137987+00:00,200,36711.07,
2026-09-11T00:41:41.299686+00:00,200,18555.54,
2026-09-11T00:41:31.759004+00:00,200,28096.26,
2026-09-11T00:41:45.381206+00:00,200,14475.11,
2026-09-11T00:41:29.025790+00:00,200,30834.78,
2026-09-11T00:41:04.971622+00:00,200,54895.75,
2026-09-11T00:41:49.694333+00:00,200,10173.95,
2026-09-11T00:41:22.688831+00:00,200,37194.81,
2026-09-11T00:41:41.995311+00:00,200,17893.18,
2026-09-11T00:41:20.173239+00:00,200,39731.27,
2026-09-11T00:41:33.379700+00:00,200,26551.51,
2026-09-11T00:41:04.973961+00:00,200,54958.36,
2026-09-11T00:41:40.358359+00:00,200,19585.55,
2026-09-11T00:41:37.252825+00:00,200,22696.95,
2026-09-11T00:41:37.831294+00:00,200,22121.21,
2026-09-11T00:41:39.359343+00:00,200,20596.35,
2026-09-11T00:41:41.869784+00:00,200,18086.29,
2026-09-11T00:41:39.377860+00:00,200,20581.68,
2026-09-11T00:40:58.328825+00:00,200,61633.40,
2026-09-11T00:40:58.157041+00:00,200,61819.86,
2026-09-11T00:41:38.147324+00:00,200,21833.56,
2026-09-11T00:41:40.857099+00:00,200,19128.75,
2026-09-11T00:41:43.111532+00:00,200,16885.87,
2026-09-11T00:41:40.902402+00:00,200,19120.24,
2026-09-11T00:41:34.964011+00:00,200,25076.32,
2026-09-11T00:41:26.540778+00:00,200,33503.55,
2026-09-11T00:41:41.952203+00:00,200,18094.59,
2026-09-11T00:41:42.209378+00:00,200,17840.42,
2026-09-11T00:41:49.667652+00:00,200,10382.19,
2026-09-11T00:41:42.112937+00:00,200,17953.08,
2026-09-11T00:41:30.905114+00:00,200,29170.16,
2026-09-11T00:41:34.345444+00:00,200,25736.08,
2026-09-11T00:41:13.037941+00:00,200,47049.26,
2026-09-11T00:41:03.531234+00:00,200,56557.91,
2026-09-11T00:41:48.993037+00:00,200,11103.48,
2026-09-11T00:41:42.842747+00:00,200,17255.98,
2026-09-11T00:40:56.133857+00:00,200,63977.35,
2026-09-11T00:41:47.404025+00:00,200,12712.14,
2026-09-11T00:41:05.746969+00:00,200,54384.10,
2026-09-11T00:41:03.220646+00:00,200,56922.31,
2026-09-11T00:41:23.060436+00:00,200,37091.15,
2026-09-11T00:41:43.006291+00:00,200,17161.03,
2026-09-11T00:41:33.750437+00:00,200,26446.67,
2026-09-11T00:41:43.626212+00:00,200,16572.55,
2026-09-11T00:41:15.034950+00:00,200,45165.63,
2026-09-11T00:41:45.847728+00:00,200,14357.30,
2026-09-11T00:41:47.739029+00:00,200,12466.75,
2026-09-11T00:41:36.451216+00:00,200,23755.01,
2026-09-11T00:41:41.011345+00:00,200,19197.86,
2026-09-11T00:41:50.528057+00:00,200,9684.90,
2026-09-11T00:41:49.951009+00:00,200,10256.66,
2026-09-11T00:41:50.758991+00:00,200,9477.53,
2026-09-11T00:41:49.500471+00:00,200,10745.41,
2026-09-11T00:41:47.071196+00:00,200,13176.55,
2026-09-11T00:41:29.829051+00:00,200,30425.73,
2026-09-11T00:41:50.953753+00:00,200,9302.38,
2026-09-11T00:41:42.046747+00:00,200,18218.77,
2026-09-11T00:41:31.366106+00:00,200,28907.31,
2026-09-11T00:41:30.310829+00:00,200,29987.04,
2026-09-11T00:41:24.152235+00:00,200,36146.21,
2026-09-11T00:41:49.897234+00:00,200,10402.04,
2026-09-11T00:40:59.288038+00:00,200,61015.21,
2026-09-11T00:41:46.731322+00:00,200,13576.57,
2026-09-11T00:40:52.019275+00:00,200,68304.50,
2026-09-11T00:41:45.409589+00:00,200,14914.56,
2026-09-11T00:41:34.090819+00:00,200,26245.24,
2026-09-11T00:41:47.482465+00:00,200,12869.47,
2026-09-11T00:41:31.928607+00:00,200,28430.98,
2026-09-11T00:41:32.546163+00:00,200,27814.46,
2026-09-11T00:41:31.523327+00:00,200,28846.20,
2026-09-11T00:41:47.513663+00:00,200,12863.49,
2026-09-11T00:41:33.243427+00:00,200,27135.02,
2026-09-11T00:41:34.490831+00:00,200,25901.06,
2026-09-11T00:41:32.617239+00:00,200,27775.52,
2026-09-11T00:41:48.300516+00:00,200,12117.91,
2026-09-11T00:41:02.520216+00:00,200,57903.36,
2026-09-11T00:41:27.751381+00:00,200,32675.54,
2026-09-11T00:41:47.753622+00:00,200,12694.19,
2026-09-11T00:41:50.545138+00:00,200,9902.90,
2026-09-11T00:41:47.175277+00:00,200,13278.16,
2026-09-11T00:41:33.417237+00:00,200,27037.07,
2026-09-11T00:41:17.719417+00:00,200,42738.56,
2026-09-11T00:41:28.888738+00:00,200,31570.94,
2026-09-11T00:41:47.764284+00:00,200,12705.39,
2026-09-11T00:41:44.120858+00:00,200,16351.84,
2026-09-11T00:41:45.077261+00:00,200,15397.34,
2026-09-11T00:41:32.623240+00:00,200,27867.99,
2026-09-11T00:41:31.007849+00:00,200,29494.24,
2026-09-11T00:41:35.944448+00:00,200,24563.41,
2026-09-11T00:41:44.488603+00:00,200,16019.58,
2026-09-11T00:41:49.829706+00:00,200,10685.42,
2026-09-11T00:41:18.779804+00:00,200,41737.74,
2026-09-11T00:41:33.167987+00:00,200,27350.97,
2026-09-11T00:41:17.584073+00:00,200,42942.62,
2026-09-11T00:41:50.731388+00:00,200,9804.21,
2026-09-11T00:41:42.774963+00:00,200,17763.57,
2026-09-11T00:41:02.897696+00:00,200,57644.73,
2026-09-11T00:41:33.607795+00:00,200,26941.99,
2026-09-11T00:41:37.658149+00:00,200,22898.50,
2026-09-11T00:41:46.470995+00:00,200,14092.15,
2026-09-11T00:41:50.593140+00:00,200,9976.20,
2026-09-11T00:41:36.446536+00:00,200,24150.84,
2026-09-11T00:41:50.668502+00:00,200,9937.49,
2026-09-11T00:41:47.031543+00:00,200,13576.88,
2026-09-11T00:41:46.480371+00:00,200,14132.25,
2026-09-11T00:41:32.775540+00:00,200,27838.16,
2026-09-11T00:41:44.139619+00:00,200,16483.06,
2026-09-11T00:41:50.392797+00:00,200,10243.38,
2026-09-11T00:41:48.934732+00:00,200,11705.96,
2026-09-11T00:41:15.074602+00:00,200,45588.41,
2026-09-11T00:41:26.768926+00:00,200,33901.33,
2026-09-11T00:41:30.701608+00:00,200,29970.34,
2026-09-11T00:41:45.935738+00:00,200,14745.02,
2026-09-11T00:40:47.262048+00:00,200,73421.53,
2026-09-11T00:41:29.350348+00:00,200,31351.66,
2026-09-11T00:41:21.574839+00:00,200,39142.55,
2026-09-11T00:41:50.660106+00:00,200,10058.39,
2026-09-11T00:41:43.565553+00:00,200,17157.58,
2026-09-11T00:40:32.898530+00:00,200,87825.46,
2026-09-11T00:41:32.026504+00:00,200,28704.59,
2026-09-11T00:41:50.456916+00:00,200,10271.38,
2026-09-11T00:41:25.225282+00:00,200,35523.06,
2026-09-11T00:41:48.617178+00:00,200,12137.69,
2026-09-11T00:41:46.595617+00:00,200,14169.07,
2026-09-11T00:41:42.332132+00:00,200,18435.65,
2026-09-11T00:41:40.496844+00:00,200,20274.33,
2026-09-11T00:41:44.852256+00:00,200,15969.91,
2026-09-11T00:41:46.874041+00:00,200,13949.01,
2026-09-11T00:41:32.494127+00:00,200,28330.62,
2026-09-11T00:41:40.263541+00:00,200,20561.45,
2026-09-11T00:41:37.381766+00:00,200,23450.56,
2026-09-11T00:41:49.271256+00:00,200,11561.77,
2026-09-11T00:41:33.202494+00:00,200,27631.52,
2026-09-11T00:41:50.547146+00:00,200,10307.59,
2026-09-11T00:41:33.578170+00:00,200,27280.65,
2026-09-11T00:41:35.510107+00:00,200,25348.62,
2026-09-11T00:41:46.118045+00:00,200,14744.35,
2026-09-11T00:41:45.246808+00:00,200,15617.77,
2026-09-11T00:41:44.524752+00:00,200,16341.81,
2026-09-11T00:40:56.782003+00:00,200,64089.97,
2026-09-11T00:41:26.499233+00:00,200,34379.41,
2026-09-11T00:41:33.474640+00:00,200,27404.74,
2026-09-11T00:41:21.052022+00:00,200,39829.36,
2026-09-11T00:41:50.945650+00:00,200,9948.09,
2026-09-11T00:41:42.371780+00:00,200,18539.21,
2026-09-11T00:41:44.178467+00:00,200,16743.56,
2026-09-11T00:41:50.456916+00:00,200,10463.31,
2026-09-11T00:41:46.363735+00:00,200,14578.82,
2026-09-11T00:41:36.947419+00:00,200,23996.46,
2026-09-11T00:41:32.532921+00:00,200,28414.72,
2026-09-11T00:41:34.499179+00:00,200,26461.47,
2026-09-11T00:41:31.620863+00:00,200,29346.96,
2026-09-11T00:41:46.378217+00:00,200,14593.93,
2026-09-11T00:41:48.700212+00:00,200,12273.41,
2026-09-11T00:41:39.587466+00:00,200,21389.23,
2026-09-11T00:41:38.920659+00:00,200,22060.48,
2026-09-11T00:41:48.911766+00:00,200,12071.44,
2026-09-11T00:41:49.646872+00:00,200,11339.80,
2026-09-11T00:41:07.766349+00:00,200,53223.05,
2026-09-11T00:40:57.453666+00:00,200,63550.23,
2026-09-11T00:41:37.767531+00:00,200,23237.43,
2026-09-11T00:40:49.440068+00:00,200,71567.32,
2026-09-11T00:41:50.961517+00:00,200,10046.62,
2026-09-11T00:41:49.313883+00:00,200,11708.86,
2026-09-11T00:41:35.313973+00:00,200,25711.56,
2026-09-11T00:41:34.292136+00:00,200,26762.09,
2026-09-11T00:41:49.929316+00:00,200,11129.09,
2026-09-11T00:41:07.953366+00:00,200,53109.92,
2026-09-11T00:41:40.870702+00:00,200,20198.09,
2026-09-11T00:41:49.736081+00:00,200,11340.91,
2026-09-11T00:41:28.150381+00:00,200,32937.22,
2026-09-11T00:41:43.071999+00:00,200,18032.85,
2026-09-11T00:41:48.443127+00:00,200,12670.79,
2026-09-11T00:41:35.215932+00:00,200,25904.80,
2026-09-11T00:41:47.103319+00:00,200,14029.19,
2026-09-11T00:41:36.189096+00:00,200,24945.05,
2026-09-11T00:41:47.131714+00:00,200,14005.98,
2026-09-11T00:41:19.060391+00:00,200,42078.44,
2026-09-11T00:41:42.961506+00:00,200,18191.09,
2026-09-11T00:41:28.598490+00:00,200,32555.57,
2026-09-11T00:41:24.413610+00:00,200,36741.77,
2026-09-11T00:41:44.317956+00:00,200,16841.72,
2026-09-11T00:41:41.313298+00:00,200,19851.51,
2026-09-11T00:41:15.023588+00:00,200,46150.50,
2026-09-11T00:41:45.064043+00:00,200,16114.33,
2026-09-11T00:41:44.099795+00:00,200,17086.91,
2026-09-11T00:41:25.802393+00:00,200,35401.98,
2026-09-11T00:41:31.265096+00:00,200,29946.49,
2026-09-11T00:41:27.536662+00:00,200,33689.41,
2026-09-11T00:41:38.205125+00:00,200,23028.47,
2026-09-11T00:41:21.615639+00:00,200,39627.58,
2026-09-11T00:41:49.219193+00:00,200,12026.67,
2026-09-11T00:41:37.046452+00:00,200,24201.83,
2026-09-11T00:41:42.300079+00:00,200,18950.09,
2026-09-11T00:41:32.545174+00:00,200,28709.79,
2026-09-11T00:41:46.685776+00:00,200,14580.76,
2026-09-11T00:41:41.125039+00:00,200,20143.55,
2026-09-11T00:41:48.088265+00:00,200,13187.23,
2026-09-11T00:41:39.351048+00:00,200,21929.08,
2026-09-11T00:41:44.325168+00:00,200,16973.47,
2026-09-11T00:41:40.688964+00:00,200,20611.61,
2026-09-11T00:41:43.019796+00:00,200,18289.67,
2026-09-11T00:41:01.494769+00:00,200,59816.25,
2026-09-11T00:41:32.619240+00:00,200,28692.87,
2026-09-11T00:41:21.328006+00:00,200,39989.38,
2026-09-11T00:41:32.849193+00:00,200,28476.31,
2026-09-11T00:41:03.099996+00:00,200,58230.09,
2026-09-11T00:41:47.962833+00:00,200,13372.20,
2026-09-11T00:41:07.092982+00:00,200,54267.44,
2026-09-11T00:40:59.881756+00:00,200,61481.41,
2026-09-11T00:40:56.469207+00:00,200,64899.04,
2026-09-11T00:41:49.193224+00:00,200,12184.45,
2026-09-11T00:41:31.487964+00:00,200,29893.49,
2026-09-11T00:41:46.971006+00:00,200,14410.60,
2026-09-11T00:41:38.460268+00:00,200,22925.20,
2026-09-11T00:41:27.182675+00:00,200,34203.70,
2026-09-11T00:41:50.024243+00:00,200,11359.08,
2026-09-11T00:40:55.521191+00:00,200,65871.86,
2026-09-11T00:41:50.122857+00:00,200,11272.03,
2026-09-11T00:41:46.275247+00:00,200,15125.06,
2026-09-11T00:41:38.268354+00:00,200,23135.23,
2026-09-11T00:41:27.137760+00:00,200,34267.97,
2026-09-11T00:41:04.522982+00:00,200,56886.07,
2026-09-11T00:41:25.028186+00:00,200,36382.78,
2026-09-11T00:41:20.612376+00:00,200,40810.35,
2026-09-11T00:41:50.681884+00:00,200,10760.00,
2026-09-11T00:41:24.678156+00:00,200,36763.96,
2026-09-11T00:41:38.903235+00:00,200,22544.21,
2026-09-11T00:41:49.133501+00:00,200,12316.09,
2026-09-11T00:41:37.054942+00:00,200,24399.38,
2026-09-11T00:41:49.794411+00:00,200,11663.82,
2026-09-11T00:41:46.989780+00:00,200,14506.43,
2026-09-11T00:41:25.609431+00:00,200,35890.99,
2026-09-11T00:40:56.187443+00:00,200,65316.48,
2026-09-11T00:41:45.571954+00:00,200,15938.61,
2026-09-11T00:41:47.318050+00:00,200,14196.14,
2026-09-11T00:41:15.058805+00:00,200,46455.39,
2026-09-11T00:41:34.922239+00:00,200,26598.67,
2026-09-11T00:41:49.572278+00:00,200,11953.31,
2026-09-11T00:41:50.879943+00:00,200,10653.89,
2026-09-11T00:41:16.950608+00:00,200,44586.24,
2026-09-11T00:41:21.420684+00:00,200,40120.88,
2026-09-11T00:41:24.070801+00:00,200,37473.31,
2026-09-11T00:41:38.540054+00:00,200,23006.06,
2026-09-11T00:41:50.890434+00:00,200,10670.87,
2026-09-11T00:41:26.329829+00:00,200,35240.00,
2026-09-11T00:41:31.944868+00:00,200,29628.29,
2026-09-11T00:41:45.927368+00:00,200,15648.64,
2026-09-11T00:41:00.424834+00:00,200,61153.44,
2026-09-11T00:41:41.356097+00:00,200,20235.41,
2026-09-11T00:41:50.929133+00:00,200,10670.05,
2026-09-11T00:41:35.045422+00:00,200,26558.83,
2026-09-11T00:41:50.519505+00:00,200,11095.79,
2026-09-11T00:41:46.978497+00:00,200,14643.75,
2026-09-11T00:41:45.468990+00:00,200,16163.02,
2026-09-11T00:41:48.729552+00:00,200,12905.71,
2026-09-11T00:41:29.724092+00:00,200,31915.16,
2026-09-11T00:41:07.887657+00:00,200,53755.35,
2026-09-11T00:41:24.371855+00:00,200,37274.16,
2026-09-11T00:41:05.988064+00:00,200,55664.97,
2026-09-11T00:41:39.220589+00:00,200,22436.65,
2026-09-11T00:41:50.008928+00:00,200,11649.80,
2026-09-11T00:41:44.800227+00:00,200,16871.55,
2026-09-11T00:41:13.024891+00:00,200,48649.38,
2026-09-11T00:41:20.806315+00:00,200,40872.61,
2026-09-11T00:41:40.399638+00:00,200,21293.69,
2026-09-11T00:41:17.446424+00:00,200,44255.29,
2026-09-11T00:41:46.881495+00:00,200,14825.49,
2026-09-11T00:40:47.186995+00:00,200,74520.35,
2026-09-11T00:41:44.843965+00:00,200,16872.92,
2026-09-11T00:41:29.143932+00:00,200,32574.60,
2026-09-11T00:41:30.134900+00:00,200,31584.83,
2026-09-11T00:41:33.397050+00:00,200,28324.69,
2026-09-11T00:41:42.756033+00:00,200,18970.87,
2026-09-11T00:41:17.808132+00:00,200,43926.94,
2026-09-11T00:41:39.215162+00:00,200,22521.86,
2026-09-11T00:41:37.262095+00:00,200,24475.60,
2026-09-11T00:40:57.999725+00:00,200,63739.11,
2026-09-11T00:41:49.278658+00:00,200,12466.45,
2026-09-11T00:41:44.066833+00:00,200,17697.45,
2026-09-11T00:41:37.374739+00:00,200,24393.80,
2026-09-11T00:40:46.412480+00:00,200,75361.85,
2026-09-11T00:41:49.281653+00:00,200,12494.47,
2026-09-11T00:41:47.222906+00:00,200,14568.63,
2026-09-11T00:41:46.128433+00:00,200,15662.99,
2026-09-11T00:41:49.079602+00:00,200,12712.68,
2026-09-11T00:41:02.909377+00:00,200,58883.70,
2026-09-11T00:41:31.445149+00:00,200,30351.41,
2026-09-11T00:41:47.718855+00:00,200,14091.02,
2026-09-11T00:41:27.898083+00:00,200,33912.77,
2026-09-11T00:41:33.877629+00:00,200,27934.72,
2026-09-11T00:41:36.331191+00:00,200,25490.09,
2026-09-11T00:41:16.373630+00:00,200,45451.19,
2026-09-11T00:41:33.921976+00:00,200,27908.76,
2026-09-11T00:41:49.076603+00:00,200,12762.87,
2026-09-11T00:41:50.674499+00:00,200,11175.32,
2026-09-11T00:41:47.106322+00:00,200,14753.31,
2026-09-11T00:41:46.563282+00:00,200,15299.97,
2026-09-11T00:41:26.986646+00:00,200,34880.56,
2026-09-11T00:41:41.658369+00:00,200,20210.65,
2026-09-11T00:41:36.788312+00:00,200,25096.58,
2026-09-11T00:41:23.868904+00:00,200,38018.22,
2026-09-11T00:41:00.631226+00:00,200,61260.03,
2026-09-11T00:40:46.988780+00:00,200,74910.03,
2026-09-11T00:41:50.534077+00:00,200,11365.27,
2026-09-11T00:41:50.433487+00:00,200,11475.02,
2026-09-11T00:41:46.433320+00:00,200,15478.36,
2026-09-11T00:41:48.067030+00:00,200,13847.64,
2026-09-11T00:41:41.251638+00:00,200,20670.39,
2026-09-11T00:41:32.319119+00:00,200,29609.33,
2026-09-11T00:41:25.715760+00:00,200,36232.75,
2026-09-11T00:41:48.181004+00:00,200,13773.78,
2026-09-11T00:41:43.979042+00:00,200,17984.99,
2026-09-11T00:41:39.743813+00:00,200,22221.74,
2026-09-11T00:41:01.302472+00:00,200,60667.29,
2026-09-11T00:41:36.199743+00:00,200,25774.41,
2026-09-11T00:41:25.036524+00:00,200,36946.62,
2026-09-11T00:41:14.635966+00:00,200,47353.74,
2026-09-11T00:41:33.604478+00:00,200,28386.74,
2026-09-11T00:41:36.065185+00:00,200,25932.21,
2026-09-11T00:41:17.909921+00:00,200,44088.17,
2026-09-11T00:41:40.981918+00:00,200,21022.07,
2026-09-11T00:41:27.885528+00:00,200,34124.66,
2026-09-11T00:41:19.525122+00:00,200,42486.21,
2026-09-11T00:41:39.422587+00:00,200,22597.45,
2026-09-11T00:40:55.357448+00:00,200,66665.54,
2026-09-11T00:41:24.162045+00:00,200,37862.86,
2026-09-11T00:41:43.346349+00:00,200,18680.69,
2026-09-11T00:41:35.814602+00:00,200,26229.68,
2026-09-11T00:41:20.333244+00:00,200,41714.57,
2026-09-11T00:41:22.321677+00:00,200,39737.44,
2026-09-11T00:41:48.102439+00:00,200,13975.87,
2026-09-11T00:41:36.858062+00:00,200,25221.85,
2026-09-11T00:41:39.678012+00:00,200,22404.82,
2026-09-11T00:41:45.908146+00:00,200,16183.76,
2026-09-11T00:41:34.720306+00:00,200,27372.51,
2026-09-11T00:41:03.906410+00:00,200,58186.54,
2026-09-11T00:41:21.320225+00:00,200,40775.91,
2026-09-11T00:41:34.821247+00:00,200,27282.69,
2026-09-11T00:40:55.029007+00:00,200,67075.19,
2026-09-11T00:41:29.439786+00:00,200,32680.27,
2026-09-11T00:41:14.988015+00:00,200,47140.52,
2026-09-11T00:41:49.417084+00:00,200,12713.91,
2026-09-11T00:41:47.344221+00:00,200,14793.18,
2026-09-11T00:41:33.339783+00:00,200,28799.16,
2026-09-11T00:41:49.078603+00:00,200,13062.23,
2026-09-11T00:41:22.423890+00:00,200,39728.82,
2026-09-11T00:41:41.836440+00:00,200,20316.36,
2026-09-11T00:40:50.863744+00:00,200,71295.72,
2026-09-11T00:41:31.729604+00:00,200,30442.24,
2026-09-11T00:41:32.016217+00:00,200,30168.04,
2026-09-11T00:41:34.114748+00:00,200,28080.65,
2026-09-11T00:41:45.588594+00:00,200,16607.64,
2026-09-11T00:41:46.655572+00:00,200,15542.95,
2026-09-11T00:41:32.329393+00:00,200,29875.71,
2026-09-11T00:41:37.769537+00:00,200,24439.05,
2026-09-11T00:41:41.165183+00:00,200,21043.88,
2026-09-11T00:41:41.283123+00:00,200,20934.24,
2026-09-11T00:41:27.061612+00:00,200,35157.09,
2026-09-11T00:41:49.833705+00:00,200,12373.01,
2026-09-11T00:41:48.800329+00:00,200,13431.18,
2026-09-11T00:41:37.914356+00:00,200,24317.52,
2026-09-11T00:41:14.601761+00:00,200,47637.87,
2026-09-11T00:41:39.078040+00:00,200,23172.43,
2026-09-11T00:41:50.404589+00:00,200,11848.99,
2026-09-11T00:40:58.557219+00:00,200,63698.58,
2026-09-11T00:41:41.503089+00:00,200,20756.75,
2026-09-11T00:41:37.134261+00:00,200,25128.44,
2026-09-11T00:41:50.786396+00:00,200,11498.38,
2026-09-11T00:41:35.467386+00:00,200,26818.33,
2026-09-11T00:41:42.970900+00:00,200,19315.14,
2026-09-11T00:41:48.428577+00:00,200,13857.34,
2026-09-11T00:41:48.354239+00:00,200,13951.89,
2026-09-11T00:41:30.966341+00:00,200,31347.46,
2026-09-11T00:41:25.563665+00:00,200,36751.50,
2026-09-11T00:41:31.561949+00:00,200,30754.88,
2026-09-11T00:41:03.748787+00:00,200,58572.26,
2026-09-11T00:41:15.609118+00:00,200,46715.16,
2026-09-11T00:41:35.499604+00:00,200,26837.20,
2026-09-11T00:40:50.776344+00:00,200,71564.57,
2026-09-11T00:41:39.271590+00:00,200,23089.05,
2026-09-11T00:41:10.693272+00:00,200,51668.43,
2026-09-11T00:41:44.539461+00:00,200,17823.39,
2026-09-11T00:41:05.034444+00:00,200,57331.30,
2026-09-11T00:41:50.662618+00:00,200,11712.87,
2026-09-11T00:41:42.958450+00:00,200,19423.24,
2026-09-11T00:41:40.141311+00:00,200,22254.23,
2026-09-11T00:41:50.456916+00:00,200,11941.54,
2026-09-11T00:41:11.822141+00:00,200,50580.11,
2026-09-11T00:40:55.048345+00:00,200,67356.43,
2026-09-11T00:41:17.007113+00:00,200,45399.34,
2026-09-11T00:41:38.992721+00:00,200,23424.65,
2026-09-11T00:41:50.144909+00:00,200,12282.24,
2026-09-11T00:41:46.722612+00:00,200,15706.32,
2026-09-11T00:40:41.025207+00:00,200,81410.28,
2026-09-11T00:41:32.783979+00:00,200,29660.89,
2026-09-11T00:41:18.851931+00:00,200,43601.36,
2026-09-11T00:41:48.690754+00:00,200,13762.11,
2026-09-11T00:41:37.163055+00:00,200,25297.88,
2026-09-11T00:41:21.585209+00:00,200,40879.06,
2026-09-11T00:41:44.831220+00:00,200,17635.19,
2026-09-11T00:41:39.194507+00:00,200,23272.37,
2026-09-11T00:41:49.147874+00:00,200,13331.22,
2026-09-11T00:40:55.248820+00:00,200,67234.13,
2026-09-11T00:41:15.065216+00:00,200,47423.08,
2026-09-11T00:41:34.477654+00:00,200,28015.25,
2026-09-11T00:41:34.816482+00:00,200,27678.03,
2026-09-11T00:41:43.256990+00:00,200,19254.28,
2026-09-11T00:41:32.946833+00:00,200,29568.57,
2026-09-11T00:41:39.751998+00:00,200,22764.99,
2026-09-11T00:41:49.174212+00:00,200,13345.16,
2026-09-11T00:40:43.867623+00:00,200,78654.43,
2026-09-11T00:41:45.145995+00:00,200,17378.30,
2026-09-11T00:41:47.953732+00:00,200,14573.27,
2026-09-11T00:41:40.646681+00:00,200,21885.32,
2026-09-11T00:41:22.003903+00:00,200,40533.59,
2026-09-11T00:41:42.561098+00:00,200,19978.17,
2026-09-11T00:41:26.904154+00:00,200,35636.86,
2026-09-11T00:41:33.978967+00:00,200,28572.91,
2026-09-11T00:40:48.217810+00:00,200,74338.49,
2026-09-11T00:41:46.482370+00:00,200,16076.38,
2026-09-11T00:41:39.749603+00:00,200,22814.87,
2026-09-11T00:41:50.779982+00:00,200,11786.83,
2026-09-11T00:41:34.737036+00:00,200,27834.92,
2026-09-11T00:41:40.231328+00:00,200,22346.68,
2026-09-11T00:41:39.371932+00:00,200,23208.67,
2026-09-11T00:41:41.665551+00:00,200,20940.02,
2026-09-11T00:41:48.622218+00:00,200,13984.34,
2026-09-11T00:41:22.907435+00:00,200,39701.36,
2026-09-11T00:41:20.340579+00:00,200,42269.02,
2026-09-11T00:41:45.776454+00:00,200,16842.42,
2026-09-11T00:40:57.837228+00:00,200,64788.31,
2026-09-11T00:41:47.589801+00:00,200,15038.08,
2026-09-11T00:41:47.252833+00:00,200,15379.14,
2026-09-11T00:41:47.431451+00:00,200,15208.55,
2026-09-11T00:41:50.864833+00:00,200,11779.63,
2026-09-11T00:41:38.344572+00:00,200,24300.53,
2026-09-11T00:41:27.639010+00:00,200,35023.22,
2026-09-11T00:41:33.300610+00:00,200,29366.27,
2026-09-11T00:41:27.651422+00:00,200,35026.68,
2026-09-11T00:41:50.063035+00:00,200,12618.28,
2026-09-11T00:41:08.152377+00:00,200,54542.01,
2026-09-11T00:41:37.550299+00:00,200,25150.24,
2026-09-11T00:41:38.612887+00:00,200,24088.40,
2026-09-11T00:41:38.850998+00:00,200,23852.50,
2026-09-11T00:41:33.273318+00:00,200,29433.31,
2026-09-11T00:41:38.243757+00:00,200,24466.77,
2026-09-11T00:41:29.268245+00:00,200,33447.27,
2026-09-11T00:41:49.489847+00:00,200,13230.99,
2026-09-11T00:41:27.188736+00:00,200,35540.18,
2026-09-11T00:41:30.706448+00:00,200,32025.29,
2026-09-11T00:41:24.475160+00:00,200,38260.81,
2026-09-11T00:41:03.915693+00:00,200,58830.55,
2026-09-11T00:41:27.118823+00:00,200,35629.80,
2026-09-11T00:41:15.029617+00:00,200,47733.40,
2026-09-11T00:41:29.111833+00:00,200,33650.96,
2026-09-11T00:41:38.291483+00:00,200,24477.02,
2026-09-11T00:41:31.475581+00:00,200,31297.86,
2026-09-11T00:41:42.804231+00:00,200,19972.01,
2026-09-11T00:41:27.422070+00:00,200,35357.26,
2026-09-11T00:41:50.934167+00:00,200,11845.83,
2026-09-11T00:41:37.074673+00:00,200,25709.38,
2026-09-11T00:41:45.243812+00:00,200,17546.25,
2026-09-11T00:41:50.739183+00:00,200,12055.48,
2026-09-11T00:41:14.497335+00:00,200,48313.49,
2026-09-11T00:41:50.305563+00:00,200,12506.37,
2026-09-11T00:41:48.506754+00:00,200,14306.07,
2026-09-11T00:41:46.485562+00:00,200,16332.00,
2026-09-11T00:41:37.513278+00:00,200,25308.26,
2026-09-11T00:41:33.614795+00:00,200,29216.59,
2026-09-11T00:41:47.160830+00:00,200,15672.58,
2026-09-11T00:41:31.854173+00:00,200,30990.70,
2026-09-11T00:41:44.419865+00:00,200,18426.07,
2026-09-11T00:41:43.518843+00:00,200,19336.73,
2026-09-11T00:41:29.738767+00:00,200,33118.32,
2026-09-11T00:41:50.496177+00:00,200,12363.94,
2026-09-11T00:41:33.286999+00:00,200,29580.03,
2026-09-11T00:41:00.633262+00:00,200,62233.94,
2026-09-11T00:41:36.813138+00:00,200,26058.69,
2026-09-11T00:41:45.844726+00:00,200,17029.92,
2026-09-11T00:41:41.333287+00:00,200,21543.16,
2026-09-11T00:41:39.504827+00:00,200,23381.41,
2026-09-11T00:41:45.701390+00:00,200,17192.01,
2026-09-11T00:41:42.898807+00:00,200,19995.64,
2026-09-11T00:41:50.380972+00:00,200,12513.39,
2026-09-11T00:41:34.879700+00:00,200,28022.20,
2026-09-11T00:41:49.794411+00:00,200,13098.30,
2026-09-11T00:41:39.849982+00:00,200,23054.71,
2026-09-11T00:41:43.760431+00:00,200,19147.22,
2026-09-11T00:41:36.590064+00:00,200,26328.02,
2026-09-11T00:41:48.211658+00:00,200,14711.31,
2026-09-11T00:41:28.088569+00:00,200,34840.31,
2026-09-11T00:41:45.683634+00:00,200,17250.70,
2026-09-11T00:41:43.607259+00:00,200,19334.00,
2026-09-11T00:41:43.746850+00:00,200,19198.02,
2026-09-11T00:40:59.673675+00:00,200,63280.57,
2026-09-11T00:41:39.472197+00:00,200,23492.27,
2026-09-11T00:41:40.214375+00:00,200,22750.66,
2026-09-11T00:41:31.156577+00:00,200,31810.25,
2026-09-11T00:41:46.876487+00:00,200,16096.37,
2026-09-11T00:41:36.828092+00:00,200,26150.17,
2026-09-11T00:41:04.348041+00:00,200,58632.82,
2026-09-11T00:40:46.225666+00:00,200,76756.73,
2026-09-11T00:40:48.812525+00:00,200,74175.85,
2026-09-11T00:41:44.520217+00:00,200,18471.32,
2026-09-11T00:41:48.231421+00:00,200,14764.05,
2026-09-11T00:41:16.853668+00:00,200,46142.10,
2026-09-11T00:41:28.316050+00:00,200,34686.58,
2026-09-11T00:41:04.506400+00:00,200,58502.93,
2026-09-11T00:41:45.621009+00:00,200,17389.14,
2026-09-11T00:41:41.734289+00:00,200,21275.98,
2026-09-11T00:41:19.359240+00:00,200,43658.44,
2026-09-11T00:41:49.949594+00:00,200,13072.25,
2026-09-11T00:41:36.266393+00:00,200,26760.98,
2026-09-11T00:41:06.965860+00:00,200,56063.18,
2026-09-11T00:41:50.793572+00:00,200,12239.65,
2026-09-11T00:41:22.203857+00:00,200,40832.76,
2026-09-11T00:41:50.744725+00:00,200,12297.12,
2026-09-11T00:41:39.326952+00:00,200,23720.12,
2026-09-11T00:41:09.452414+00:00,200,53598.51,
2026-09-11T00:41:42.081624+00:00,200,20970.72,
2026-09-11T00:41:50.055762+00:00,200,12995.37,
2026-09-11T00:41:40.636312+00:00,200,22419.70,
2026-09-11T00:41:32.410087+00:00,200,30647.10,
2026-09-11T00:41:03.252180+00:00,200,59805.27,
2026-09-11T00:41:08.113871+00:00,200,54948.34,
2026-09-11T00:41:45.631367+00:00,200,17431.50,
2026-09-11T00:41:49.819706+00:00,200,13244.55,
