timestamp_iso,status_code,latency_ms,error
2026-09-11T01:46:16.953802+00:00,200,123.54,
2026-09-11T01:46:17.034691+00:00,200,47.47,
2026-09-11T01:46:16.922208+00:00,200,160.88,
2026-09-11T01:46:16.938102+00:00,200,134.38,
2026-09-11T01:46:16.989316+00:00,200,98.19,
2026-09-11T01:46:17.013373+00:00,200,76.08,
2026-09-11T01:46:17.072467+00:00,200,21.74,
2026-09-11T01:46:17.079438+00:00,200,23.72,
2026-09-11T01:46:17.081458+00:00,200,25.93,
2026-09-11T01:46:17.081458+00:00,200,28.18,
2026-09-11T01:46:17.074402+00:00,200,37.11,
2026-09-11T01:46:17.085980+00:00,200,30.29,
2026-09-11T01:46:17.087496+00:00,200,31.88,
2026-09-11T01:46:17.093989+00:00,200,30.23,
2026-09-11T01:46:17.101989+00:00,200,24.32,
2026-09-11T01:46:17.087496+00:00,200,41.22,
2026-09-11T01:46:17.106940+00:00,200,27.28,
2026-09-11T01:46:17.110087+00:00,200,26.88,
2026-09-11T01:46:17.116090+00:00,200,25.99,
2026-09-11T01:46:17.098282+00:00,200,49.27,
2026-09-11T01:46:17.127177+00:00,200,25.12,
2026-09-11T01:46:17.129190+00:00,200,26.67,
2026-09-11T01:46:17.138081+00:00,200,24.31,
2026-09-11T01:46:17.140143+00:00,200,26.22,
2026-09-11T01:46:17.147949+00:00,200,25.00,
2026-09-11T01:46:17.148594+00:00,200,26.36,
2026-09-11T01:46:17.156328+00:00,200,27.30,
2026-09-11T01:46:17.161906+00:00,200,26.10,
2026-09-11T01:46:17.168623+00:00,200,26.13,
2026-09-11T01:46:17.173012+00:00,200,27.10,
2026-09-11T01:46:17.177281+00:00,200,24.32,
2026-09-11T01:46:17.183844+00:00,200,23.72,
2026-09-11T01:46:17.185851+00:00,200,27.63,
2026-09-11T01:46:17.195065+00:00,200,25.83,
2026-09-11T01:46:17.199857+00:00,200,26.53,
2026-09-11T01:46:17.202123+00:00,200,29.05,
2026-09-11T01:46:17.208273+00:00,200,27.62,
2026-09-11T01:46:17.161906+00:00,200,78.08,
2026-09-11T01:46:17.216210+00:00,200,29.62,
2026-09-11T01:46:17.219152+00:00,200,28.43,
2026-09-11T01:46:17.226376+00:00,200,27.91,
2026-09-11T01:46:17.231923+00:00,200,27.93,
2026-09-11T01:46:17.191249+00:00,200,77.46,
2026-09-11T01:46:17.245174+00:00,200,28.60,
2026-09-11T01:46:17.173012+00:00,200,106.06,
2026-09-11T01:46:17.258982+00:00,200,26.22,
2026-09-11T01:46:17.248006+00:00,200,42.00,
2026-09-11T01:46:17.123063+00:00,200,174.18,
2026-09-11T01:46:17.267948+00:00,200,31.10,
2026-09-11T01:46:17.273961+00:00,200,32.98,
2026-09-11T01:46:17.240208+00:00,200,67.13,
2026-09-11T01:46:17.140143+00:00,200,170.56,
2026-09-11T01:46:17.285531+00:00,200,35.58,
2026-09-11T01:46:17.131205+00:00,200,198.60,
2026-09-11T01:46:17.113559+00:00,200,220.29,
2026-09-11T01:46:17.306367+00:00,200,34.08,
2026-09-11T01:46:17.280825+00:00,200,70.26,
2026-09-11T01:46:17.209284+00:00,200,146.47,
2026-09-11T01:46:17.240208+00:00,200,124.80,
2026-09-11T01:46:17.110087+00:00,200,255.22,
2026-09-11T01:46:17.118108+00:00,200,258.86,
2026-09-11T01:46:17.339741+00:00,200,41.74,
2026-09-11T01:46:17.320674+00:00,200,73.01,
2026-09-11T01:46:17.298135+00:00,200,96.33,
2026-09-11T01:46:17.330101+00:00,200,79.16,
2026-09-11T01:46:17.221177+00:00,200,204.22,
2026-09-11T01:46:17.318666+00:00,200,111.56,
2026-09-11T01:46:17.285531+00:00,200,146.69,
2026-09-11T01:46:17.331346+00:00,200,118.14,
2026-09-11T01:46:17.364998+00:00,200,94.04,
2026-09-11T01:46:17.303738+00:00,200,164.94,
2026-09-11T01:46:17.369696+00:00,200,106.69,
2026-09-11T01:46:17.308307+00:00,200,180.60,
2026-09-11T01:46:17.377614+00:00,200,114.04,
2026-09-11T01:46:17.430097+00:00,200,71.89,
2026-09-11T01:46:17.397879+00:00,200,102.64,
2026-09-11T01:46:17.289557+00:00,200,227.78,
2026-09-11T01:46:17.469348+00:00,200,59.94,
2026-09-11T01:46:17.298135+00:00,200,244.06,
2026-09-11T01:46:17.395529+00:00,200,147.46,
2026-09-11T01:46:17.487935+00:00,200,65.03,
2026-09-11T01:46:17.356938+00:00,200,210.52,
2026-09-11T01:46:17.490783+00:00,200,76.96,
2026-09-11T01:46:17.478772+00:00,200,92.31,
2026-09-11T01:46:17.312325+00:00,200,263.02,
2026-09-11T01:46:17.331346+00:00,200,249.35,
2026-09-11T01:46:17.543797+00:00,200,52.50,
2026-09-11T01:46:17.554138+00:00,200,56.86,
2026-09-11T01:46:17.414909+00:00,200,195.21,
2026-09-11T01:46:17.385161+00:00,200,231.43,
2026-09-11T01:46:17.500846+00:00,200,123.06,
2026-09-11T01:46:17.235849+00:00,200,397.34,
2026-09-11T01:46:17.364998+00:00,200,268.70,
2026-09-11T01:46:17.132957+00:00,200,511.30,
2026-09-11T01:46:17.389277+00:00,200,255.30,
2026-09-11T01:46:17.450382+00:00,200,204.40,
2026-09-11T01:46:17.611741+00:00,200,44.23,
2026-09-11T01:46:17.614996+00:00,200,54.35,
2026-09-11T01:46:17.582163+00:00,200,93.50,
2026-09-11T01:46:17.595861+00:00,200,87.20,
2026-09-11T01:46:17.646363+00:00,200,47.85,
2026-09-11T01:46:17.565797+00:00,200,130.46,
2026-09-11T01:46:17.561432+00:00,200,143.13,
2026-09-11T01:46:17.651602+00:00,200,50.76,
2026-09-11T01:46:17.582163+00:00,200,123.26,
2026-09-11T01:46:17.657008+00:00,200,55.41,
2026-09-11T01:46:17.500846+00:00,200,213.01,
2026-09-11T01:46:17.255262+00:00,200,461.67,
2026-09-11T01:46:17.353392+00:00,200,372.32,
2026-09-11T01:46:17.519874+00:00,200,210.07,
2026-09-11T01:46:17.253248+00:00,200,477.06,
2026-09-11T01:46:17.270962+00:00,200,464.44,
2026-09-11T01:46:17.441584+00:00,200,294.75,
2026-09-11T01:46:17.528641+00:00,200,220.68,
2026-09-11T01:46:17.460244+00:00,200,291.28,
2026-09-11T01:46:17.570303+00:00,200,189.14,
2026-09-11T01:46:17.704563+00:00,200,57.22,
2026-09-11T01:46:17.706564+00:00,200,63.34,
2026-09-11T01:46:17.432322+00:00,200,339.47,
2026-09-11T01:46:17.382735+00:00,200,400.70,
2026-09-11T01:46:17.495596+00:00,200,289.03,
2026-09-11T01:46:17.614420+00:00,200,182.26,
2026-09-11T01:46:17.632487+00:00,200,167.86,
2026-09-11T01:46:17.424193+00:00,200,386.66,
2026-09-11T01:46:17.770434+00:00,200,43.78,
2026-09-11T01:46:17.714359+00:00,200,110.36,
2026-09-11T01:46:17.783390+00:00,200,50.37,
2026-09-11T01:46:17.733106+00:00,200,107.03,
2026-09-11T01:46:17.773127+00:00,200,76.57,
2026-09-11T01:46:17.477203+00:00,200,373.71,
2026-09-11T01:46:17.518875+00:00,200,335.11,
2026-09-11T01:46:17.408941+00:00,200,450.27,
2026-09-11T01:46:17.814017+00:00,200,49.63,
2026-09-11T01:46:17.822685+00:00,200,47.85,
2026-09-11T01:46:17.823319+00:00,200,48.14,
2026-09-11T01:46:17.709067+00:00,200,170.75,
2026-09-11T01:46:17.802347+00:00,200,86.14,
2026-09-11T01:46:17.712591+00:00,200,176.97,
2026-09-11T01:46:17.697429+00:00,200,193.65,
2026-09-11T01:46:17.839329+00:00,200,50.30,
2026-09-11T01:46:17.632487+00:00,200,278.66,
2026-09-11T01:46:17.866667+00:00,200,46.45,
2026-09-11T01:46:17.724829+00:00,200,194.56,
2026-09-11T01:46:17.738991+00:00,200,186.63,
2026-09-11T01:46:17.716370+00:00,200,214.29,
2026-09-11T01:46:17.889106+00:00,200,50.27,
2026-09-11T01:46:17.693897+00:00,200,247.14,
2026-09-11T01:46:17.891118+00:00,200,54.08,
2026-09-11T01:46:17.845326+00:00,200,101.99,
2026-09-11T01:46:17.746835+00:00,200,210.80,
2026-09-11T01:46:17.786397+00:00,200,185.37,
2026-09-11T01:46:17.806983+00:00,200,165.39,
2026-09-11T01:46:17.763215+00:00,200,216.77,
2026-09-11T01:46:17.685162+00:00,200,301.67,
2026-09-11T01:46:17.873360+00:00,200,118.18,
2026-09-11T01:46:17.863444+00:00,200,130.69,
2026-09-11T01:46:17.634718+00:00,200,371.45,
2026-09-11T01:46:17.891118+00:00,200,117.54,
2026-09-11T01:46:17.848260+00:00,200,163.02,
2026-09-11T01:46:17.866667+00:00,200,144.13,
2026-09-11T01:46:17.650334+00:00,200,377.18,
2026-09-11T01:46:17.970880+00:00,200,58.72,
2026-09-11T01:46:17.576985+00:00,200,458.66,
2026-09-11T01:46:17.986601+00:00,200,56.21,
2026-09-11T01:46:17.707561+00:00,200,349.66,
2026-09-11T01:46:17.999159+00:00,200,59.77,
2026-09-11T01:46:17.724829+00:00,200,331.76,
2026-09-11T01:46:17.671144+00:00,200,401.11,
2026-09-11T01:46:18.014759+00:00,200,58.13,
2026-09-11T01:46:17.939160+00:00,200,143.81,
2026-09-11T01:46:17.979812+00:00,200,108.15,
2026-09-11T01:46:18.033987+00:00,200,54.30,
2026-09-11T01:46:18.005901+00:00,200,91.26,
2026-09-11T01:46:18.005901+00:00,200,91.62,
2026-09-11T01:46:17.896484+00:00,200,215.68,
2026-09-11T01:46:17.917470+00:00,200,205.53,
2026-09-11T01:46:17.992110+00:00,200,142.55,
2026-09-11T01:46:17.911550+00:00,200,228.18,
2026-09-11T01:46:17.873360+00:00,200,261.69,
2026-09-11T01:46:17.568188+00:00,200,575.19,
2026-09-11T01:46:18.080445+00:00,200,65.32,
2026-09-11T01:46:18.043069+00:00,200,111.07,
2026-09-11T01:46:18.096965+00:00,200,65.44,
2026-09-11T01:46:18.033987+00:00,200,131.47,
2026-09-11T01:46:17.731042+00:00,200,448.05,
2026-09-11T01:46:18.062223+00:00,200,122.28,
2026-09-11T01:46:17.942873+00:00,200,241.02,
2026-09-11T01:46:18.137999+00:00,200,57.30,
2026-09-11T01:46:17.733106+00:00,200,464.45,
2026-09-11T01:46:17.746835+00:00,200,461.53,
2026-09-11T01:46:18.058199+00:00,200,166.61,
2026-09-11T01:46:18.089289+00:00,200,140.55,
2026-09-11T01:46:18.163665+00:00,200,69.14,
2026-09-11T01:46:17.930499+00:00,200,306.29,
2026-09-11T01:46:17.532542+00:00,200,708.21,
2026-09-11T01:46:18.100515+00:00,200,140.57,
2026-09-11T01:46:17.676625+00:00,200,574.25,
2026-09-11T01:46:17.939160+00:00,200,316.47,
2026-09-11T01:46:18.197269+00:00,200,65.14,
2026-09-11T01:46:17.542796+00:00,200,727.83,
2026-09-11T01:46:17.922468+00:00,200,354.05,
2026-09-11T01:46:18.012747+00:00,200,269.02,
2026-09-11T01:46:18.060214+00:00,200,224.30,
2026-09-11T01:46:18.224408+00:00,200,65.28,
2026-09-11T01:46:18.200171+00:00,200,107.52,
2026-09-11T01:46:18.031636+00:00,200,278.36,
2026-09-11T01:46:18.250632+00:00,200,61.90,
2026-09-11T01:46:17.832617+00:00,200,482.15,
2026-09-11T01:46:17.848260+00:00,200,473.64,
2026-09-11T01:46:18.060214+00:00,200,264.93,
2026-09-11T01:46:17.784398+00:00,200,549.05,
2026-09-11T01:46:17.657008+00:00,200,683.91,
2026-09-11T01:46:17.348062+00:00,200,992.34,
2026-09-11T01:46:18.224408+00:00,200,132.58,
2026-09-11T01:46:18.178771+00:00,200,182.89,
2026-09-11T01:46:18.087779+00:00,200,283.66,
2026-09-11T01:46:17.755988+00:00,200,611.23,
2026-09-11T01:46:18.233681+00:00,200,141.83,
2026-09-11T01:46:18.324958+00:00,200,59.44,
2026-09-11T01:46:17.683673+00:00,200,706.89,
2026-09-11T01:46:18.310178+00:00,200,87.48,
2026-09-11T01:46:18.290207+00:00,200,112.64,
2026-09-11T01:46:18.167683+00:00,200,237.95,
2026-09-11T01:46:17.855959+00:00,200,554.08,
2026-09-11T01:46:18.196256+00:00,200,218.49,
2026-09-11T01:46:18.358139+00:00,200,61.10,
2026-09-11T01:46:18.368288+00:00,200,58.19,
2026-09-11T01:46:18.224408+00:00,200,204.36,
2026-09-11T01:46:18.132638+00:00,200,306.30,
2026-09-11T01:46:18.263642+00:00,200,177.70,
2026-09-11T01:46:18.266252+00:00,200,175.67,
2026-09-11T01:46:18.282169+00:00,200,178.68,
2026-09-11T01:46:17.923468+00:00,200,546.63,
2026-09-11T01:46:18.143479+00:00,200,330.30,
2026-09-11T01:46:17.625755+00:00,200,848.82,
2026-09-11T01:46:18.423186+00:00,200,50.56,
2026-09-11T01:46:18.072287+00:00,200,415.61,
2026-09-11T01:46:18.437946+00:00,200,49.91,
2026-09-11T01:46:18.153675+00:00,200,337.31,
2026-09-11T01:46:17.611741+00:00,200,900.92,
2026-09-11T01:46:17.953483+00:00,200,566.49,
2026-09-11T01:46:18.316211+00:00,200,204.96,
2026-09-11T01:46:18.286188+00:00,200,237.59,
2026-09-11T01:46:18.275942+00:00,200,251.48,
2026-09-11T01:46:17.961861+00:00,200,569.44,
2026-09-11T01:46:18.401813+00:00,200,133.11,
2026-09-11T01:46:18.233681+00:00,200,311.80,
2026-09-11T01:46:18.457346+00:00,200,95.38,
2026-09-11T01:46:18.387693+00:00,200,165.99,
2026-09-11T01:46:18.384069+00:00,200,187.57,
2026-09-11T01:46:18.428243+00:00,200,143.69,
2026-09-11T01:46:18.233681+00:00,200,335.03,
2026-09-11T01:46:17.994124+00:00,200,588.51,
2026-09-11T01:46:18.165673+00:00,200,420.55,
2026-09-11T01:46:17.812011+00:00,200,775.23,
2026-09-11T01:46:18.534947+00:00,200,64.37,
2026-09-11T01:46:18.255912+00:00,200,351.27,
2026-09-11T01:46:18.330619+00:00,200,278.01,
2026-09-11T01:46:18.445564+00:00,200,168.46,
2026-09-11T01:46:18.343798+00:00,200,279.57,
2026-09-11T01:46:18.143479+00:00,200,482.19,
2026-09-11T01:46:18.573166+00:00,200,65.85,
2026-09-11T01:46:18.489150+00:00,200,151.99,
2026-09-11T01:46:18.441553+00:00,200,220.02,
2026-09-11T01:46:18.484849+00:00,200,176.76,
2026-09-11T01:46:18.255912+00:00,200,406.43,
2026-09-11T01:46:18.469153+00:00,200,199.97,
2026-09-11T01:46:18.313699+00:00,200,368.86,
2026-09-11T01:46:17.970880+00:00,200,710.78,
2026-09-11T01:46:18.544889+00:00,200,141.28,
2026-09-11T01:46:18.469153+00:00,200,215.71,
2026-09-11T01:46:18.623305+00:00,200,71.40,
2026-09-11T01:46:18.457346+00:00,200,243.44,
2026-09-11T01:46:18.609556+00:00,200,106.98,
2026-09-11T01:46:18.516389+00:00,200,196.88,
2026-09-11T01:46:17.923468+00:00,200,792.58,
2026-09-11T01:46:17.947850+00:00,200,784.83,
2026-09-11T01:46:18.407378+00:00,200,328.55,
2026-09-11T01:46:18.184796+00:00,200,563.78,
2026-09-11T01:46:18.571153+00:00,200,180.69,
2026-09-11T01:46:18.210647+00:00,200,542.44,
2026-09-11T01:46:18.614194+00:00,200,143.56,
2026-09-11T01:46:18.308165+00:00,200,457.07,
2026-09-11T01:46:18.330619+00:00,200,424.44,
2026-09-11T01:46:18.469153+00:00,200,300.16,
2026-09-11T01:46:18.715381+00:00,200,70.24,
2026-09-11T01:46:18.614194+00:00,200,181.60,
2026-09-11T01:46:18.122887+00:00,200,676.44,
2026-09-11T01:46:18.686380+00:00,200,114.29,
2026-09-11T01:46:18.374654+00:00,200,431.86,
2026-09-11T01:46:18.641559+00:00,200,164.43,
2026-09-11T01:46:18.748974+00:00,200,68.22,
2026-09-11T01:46:18.549734+00:00,200,269.99,
2026-09-11T01:46:18.469153+00:00,200,349.75,
2026-09-11T01:46:18.527436+00:00,200,306.56,
2026-09-11T01:46:18.681378+00:00,200,159.13,
2026-09-11T01:46:18.673789+00:00,200,174.34,
2026-09-11T01:46:18.694873+00:00,200,159.42,
2026-09-11T01:46:18.795639+00:00,200,61.32,
2026-09-11T01:46:18.516389+00:00,200,341.49,
2026-09-11T01:46:18.717390+00:00,200,147.18,
2026-09-11T01:46:18.547395+00:00,200,320.93,
2026-09-11T01:46:18.077318+00:00,200,802.88,
2026-09-11T01:46:18.822600+00:00,200,58.64,
2026-09-11T01:46:18.027103+00:00,200,858.40,
2026-09-11T01:46:18.072287+00:00,200,823.16,
2026-09-11T01:46:18.362364+00:00,200,537.78,
2026-09-11T01:46:17.848260+00:00,200,1059.77,
2026-09-11T01:46:18.812240+00:00,200,103.70,
2026-09-11T01:46:18.414510+00:00,200,504.66,
2026-09-11T01:46:18.579207+00:00,200,344.19,
2026-09-11T01:46:18.741815+00:00,200,195.61,
2026-09-11T01:46:18.705406+00:00,200,234.93,
2026-09-11T01:46:18.378977+00:00,200,565.87,
2026-09-11T01:46:18.290207+00:00,200,666.28,
2026-09-11T01:46:18.184796+00:00,200,775.23,
2026-09-11T01:46:18.752371+00:00,200,209.50,
2026-09-11T01:46:18.641559+00:00,200,326.94,
2026-09-11T01:46:18.776812+00:00,200,197.47,
2026-09-11T01:46:18.663798+00:00,200,310.68,
2026-09-11T01:46:17.884448+00:00,200,1096.54,
2026-09-11T01:46:18.684362+00:00,200,305.49,
2026-09-11T01:46:18.925856+00:00,200,71.82,
2026-09-11T01:46:18.752371+00:00,200,252.77,
2026-09-11T01:46:18.840109+00:00,200,178.90,
2026-09-11T01:46:18.418535+00:00,200,603.37,
2026-09-11T01:46:18.957521+00:00,200,70.30,
2026-09-11T01:46:18.958497+00:00,200,69.71,
2026-09-11T01:46:18.707720+00:00,200,326.15,
2026-09-11T01:46:18.575180+00:00,200,460.42,
2026-09-11T01:46:18.233681+00:00,200,799.21,
2026-09-11T01:46:18.973351+00:00,200,73.96,
2026-09-11T01:46:18.800671+00:00,200,255.87,
2026-09-11T01:46:18.316211+00:00,200,743.22,
2026-09-11T01:46:18.555239+00:00,200,515.03,
2026-09-11T01:46:18.405641+00:00,200,666.40,
2026-09-11T01:46:19.010206+00:00,200,70.07,
2026-09-11T01:46:18.863149+00:00,200,230.48,
2026-09-11T01:46:18.832673+00:00,200,264.77,
2026-09-11T01:46:18.863149+00:00,200,237.77,
2026-09-11T01:46:18.663798+00:00,200,451.17,
2026-09-11T01:46:18.878664+00:00,200,237.86,
2026-09-11T01:46:19.035367+00:00,200,93.18,
2026-09-11T01:46:18.586557+00:00,200,546.31,
2026-09-11T01:46:18.861642+00:00,200,285.48,
2026-09-11T01:46:18.657658+00:00,200,487.93,
2026-09-11T01:46:18.330619+00:00,200,822.51,
2026-09-11T01:46:19.062257+00:00,200,96.05,
2026-09-11T01:46:18.112867+00:00,200,1054.16,
2026-09-11T01:46:18.969811+00:00,200,198.34,
2026-09-11T01:46:18.911786+00:00,200,270.46,
2026-09-11T01:46:18.800671+00:00,200,387.55,
2026-09-11T01:46:18.752371+00:00,200,432.35,
2026-09-11T01:46:18.630496+00:00,200,576.13,
2026-09-11T01:46:19.066787+00:00,200,143.71,
2026-09-11T01:46:19.086390+00:00,200,129.62,
2026-09-11T01:46:17.755988+00:00,200,1468.30,
2026-09-11T01:46:18.579207+00:00,200,647.66,
2026-09-11T01:46:19.163926+00:00,200,70.48,
2026-09-11T01:46:19.179760+00:00,200,63.73,
2026-09-11T01:46:18.849031+00:00,200,403.16,
2026-09-11T01:46:19.083873+00:00,200,176.75,
2026-09-11T01:46:19.056497+00:00,200,206.65,
2026-09-11T01:46:18.969811+00:00,200,299.43,
2026-09-11T01:46:19.037115+00:00,200,238.58,
2026-09-11T01:46:18.868123+00:00,200,417.16,
2026-09-11T01:46:19.227871+00:00,200,59.53,
2026-09-11T01:46:17.796189+00:00,200,1500.22,
2026-09-11T01:46:19.149967+00:00,200,149.18,
2026-09-11T01:46:18.997704+00:00,200,306.40,
2026-09-11T01:46:19.128081+00:00,200,177.28,
2026-09-11T01:46:19.123552+00:00,200,186.11,
2026-09-11T01:46:18.752371+00:00,200,559.86,
2026-09-11T01:46:19.258866+00:00,200,70.09,
2026-09-11T01:46:19.276725+00:00,200,64.88,
2026-09-11T01:46:18.915800+00:00,200,431.09,
2026-09-11T01:46:19.169457+00:00,200,185.69,
2026-09-11T01:46:18.939807+00:00,200,418.46,
2026-09-11T01:46:19.027647+00:00,200,339.41,
2026-09-11T01:46:19.245270+00:00,200,125.79,
2026-09-11T01:46:18.489150+00:00,200,889.64,
2026-09-11T01:46:18.855058+00:00,200,530.74,
2026-09-11T01:46:18.522542+00:00,200,863.32,
2026-09-11T01:46:18.391548+00:00,200,1001.16,
2026-09-11T01:46:19.022018+00:00,200,381.70,
2026-09-11T01:46:18.785858+00:00,200,619.80,
2026-09-11T01:46:18.398285+00:00,200,1009.34,
2026-09-11T01:46:19.344391+00:00,200,72.63,
2026-09-11T01:46:19.103496+00:00,200,325.34,
2026-09-11T01:46:18.686380+00:00,200,754.28,
2026-09-11T01:46:19.032937+00:00,200,408.83,
2026-09-11T01:46:18.516389+00:00,200,930.92,
2026-09-11T01:46:19.010206+00:00,200,433.75,
2026-09-11T01:46:18.613189+00:00,200,849.55,
2026-09-11T01:46:19.218004+00:00,200,246.61,
2026-09-11T01:46:18.857629+00:00,200,608.46,
2026-09-11T01:46:19.027647+00:00,200,441.33,
2026-09-11T01:46:18.531555+00:00,200,942.98,
2026-09-11T01:46:19.095651+00:00,200,392.48,
2026-09-11T01:46:18.836084+00:00,200,656.00,
2026-09-11T01:46:18.915800+00:00,200,592.36,
2026-09-11T01:46:19.279143+00:00,200,231.26,
2026-09-11T01:46:18.586048+00:00,200,939.04,
2026-09-11T01:46:19.288072+00:00,200,239.23,
2026-09-11T01:46:19.385279+00:00,200,144.48,
2026-09-11T01:46:18.997704+00:00,200,539.70,
2026-09-11T01:46:19.306444+00:00,200,238.49,
2026-09-11T01:46:19.266062+00:00,200,279.11,
2026-09-11T01:46:18.730067+00:00,200,815.87,
2026-09-11T01:46:18.137999+00:00,200,1416.92,
2026-09-11T01:46:18.937797+00:00,200,625.28,
2026-09-11T01:46:19.304439+00:00,200,262.09,
2026-09-11T01:46:18.878664+00:00,200,688.96,
2026-09-11T01:46:19.452681+00:00,200,122.12,
2026-09-11T01:46:19.286062+00:00,200,306.60,
2026-09-11T01:46:19.139526+00:00,200,453.94,
2026-09-11T01:46:19.245270+00:00,200,354.56,
2026-09-11T01:46:18.887884+00:00,200,713.42,
2026-09-11T01:46:18.752371+00:00,200,851.80,
2026-09-11T01:46:19.423025+00:00,200,190.81,
2026-09-11T01:46:19.069301+00:00,200,547.57,
2026-09-11T01:46:18.800671+00:00,200,825.18,
2026-09-11T01:46:19.475546+00:00,200,154.01,
2026-09-11T01:46:19.442934+00:00,200,192.33,
2026-09-11T01:46:19.570029+00:00,200,68.54,
2026-09-11T01:46:19.258866+00:00,200,389.21,
2026-09-11T01:46:18.973351+00:00,200,679.95,
2026-09-11T01:46:19.298399+00:00,200,360.99,
2026-09-11T01:46:18.897910+00:00,200,765.03,
2026-09-11T01:46:19.592131+00:00,200,84.07,
2026-09-11T01:46:19.607792+00:00,200,74.25,
2026-09-11T01:46:19.526734+00:00,200,165.93,
2026-09-11T01:46:19.030928+00:00,200,664.77,
2026-09-11T01:46:19.502547+00:00,200,203.07,
2026-09-11T01:46:19.547745+00:00,200,164.22,
2026-09-11T01:46:19.182572+00:00,200,541.56,
2026-09-11T01:46:19.333783+00:00,200,393.08,
2026-09-11T01:46:18.372643+00:00,200,1361.94,
2026-09-11T01:46:18.797648+00:00,200,940.68,
2026-09-11T01:46:19.516747+00:00,200,218.81,
2026-09-11T01:46:19.487692+00:00,200,254.01,
2026-09-11T01:46:19.487692+00:00,200,258.74,
2026-09-11T01:46:19.142893+00:00,200,620.76,
2026-09-11T01:46:19.342282+00:00,200,430.94,
2026-09-11T01:46:19.598214+00:00,200,189.30,
2026-09-11T01:46:19.547745+00:00,200,254.89,
2026-09-11T01:46:18.511437+00:00,200,1292.55,
2026-09-11T01:46:19.739992+00:00,200,66.42,
2026-09-11T01:46:19.672147+00:00,200,139.00,
2026-09-11T01:46:19.325699+00:00,200,501.62,
2026-09-11T01:46:18.990151+00:00,200,838.68,
2026-09-11T01:46:19.624499+00:00,200,206.35,
2026-09-11T01:46:18.878664+00:00,200,956.64,
2026-09-11T01:46:19.766390+00:00,200,74.96,
2026-09-11T01:46:19.472923+00:00,200,376.01,
2026-09-11T01:46:19.565392+00:00,200,293.49,
2026-09-11T01:46:19.353807+00:00,200,508.42,
2026-09-11T01:46:19.724278+00:00,200,142.49,
2026-09-11T01:46:19.427207+00:00,200,445.73,
2026-09-11T01:46:19.801886+00:00,200,79.27,
2026-09-11T01:46:19.306444+00:00,200,581.88,
2026-09-11T01:46:19.197628+00:00,200,701.41,
2026-09-11T01:46:19.237246+00:00,200,664.20,
2026-09-11T01:46:18.815557+00:00,200,1087.34,
2026-09-11T01:46:19.642301+00:00,200,269.42,
2026-09-11T01:46:18.824700+00:00,200,1093.34,
2026-09-11T01:46:19.111997+00:00,200,814.74,
2026-09-11T01:46:19.211395+00:00,200,717.40,
2026-09-11T01:46:19.359233+00:00,200,574.67,
2026-09-11T01:46:19.733687+00:00,200,205.32,
2026-09-11T01:46:19.686725+00:00,200,256.36,
2026-09-11T01:46:19.891557+00:00,200,66.81,
2026-09-11T01:46:19.901552+00:00,200,58.21,
2026-09-11T01:46:19.452681+00:00,200,515.53,
2026-09-11T01:46:19.114014+00:00,200,867.49,
2026-09-11T01:46:19.155655+00:00,200,826.50,
2026-09-11T01:46:19.749683+00:00,200,246.68,
2026-09-11T01:46:19.781204+00:00,200,218.08,
2026-09-11T01:46:19.565392+00:00,200,440.82,
2026-09-11T01:46:19.530251+00:00,200,481.33,
2026-09-11T01:46:19.603321+00:00,200,411.34,
2026-09-11T01:46:19.544003+00:00,200,473.05,
2026-09-11T01:46:18.960754+00:00,200,1059.31,
2026-09-11T01:46:19.957723+00:00,200,64.95,
2026-09-11T01:46:19.902059+00:00,200,138.67,
2026-09-11T01:46:19.655291+00:00,200,389.60,
2026-09-11T01:46:19.910886+00:00,200,133.29,
2026-09-11T01:46:19.400997+00:00,200,659.37,
2026-09-11T01:46:19.995109+00:00,200,78.34,
2026-09-11T01:46:19.385279+00:00,200,704.27,
2026-09-11T01:46:19.532971+00:00,200,552.87,
2026-09-11T01:46:19.603321+00:00,200,489.82,
2026-09-11T01:46:19.702390+00:00,200,397.92,
2026-09-11T01:46:19.859608+00:00,200,256.21,
2026-09-11T01:46:19.382594+00:00,200,737.53,
2026-09-11T01:46:19.655291+00:00,200,464.15,
2026-09-11T01:46:18.941554+00:00,200,1180.89,
2026-09-11T01:46:19.444947+00:00,200,682.32,
2026-09-11T01:46:20.038165+00:00,200,90.79,
2026-09-11T01:46:19.719560+00:00,200,435.13,
2026-09-11T01:46:20.006898+00:00,200,152.41,
2026-09-11T01:46:20.065100+00:00,200,98.26,
2026-09-11T01:46:18.311688+00:00,200,1858.99,
2026-09-11T01:46:19.773098+00:00,200,398.97,
2026-09-11T01:46:19.862581+00:00,200,322.78,
2026-09-11T01:46:19.253298+00:00,200,944.97,
2026-09-11T01:46:18.973351+00:00,200,1214.89,
2026-09-11T01:46:19.801886+00:00,200,401.36,
2026-09-11T01:46:19.898606+00:00,200,310.91,
2026-09-11T01:46:19.864333+00:00,200,345.74,
2026-09-11T01:46:19.642301+00:00,200,567.99,
2026-09-11T01:46:19.344391+00:00,200,873.64,
2026-09-11T01:46:20.022902+00:00,200,205.72,
2026-09-11T01:46:19.464472+00:00,200,775.79,
2026-09-11T01:46:19.378038+00:00,200,863.59,
2026-09-11T01:46:19.462722+00:00,200,784.81,
2026-09-11T01:46:20.172649+00:00,200,76.03,
2026-09-11T01:46:19.970071+00:00,200,285.26,
2026-09-11T01:46:19.464472+00:00,200,791.94,
2026-09-11T01:46:18.096965+00:00,200,2162.40,
2026-09-11T01:46:19.939546+00:00,200,320.81,
2026-09-11T01:46:20.195125+00:00,200,80.94,
2026-09-11T01:46:20.207707+00:00,200,72.91,
2026-09-11T01:46:19.923341+00:00,200,365.20,
2026-09-11T01:46:19.801886+00:00,200,496.36,
2026-09-11T01:46:20.156103+00:00,200,148.86,
2026-09-11T01:46:19.532971+00:00,200,783.23,
2026-09-11T01:46:19.400997+00:00,200,919.16,
2026-09-11T01:46:19.592131+00:00,200,738.22,
2026-09-11T01:46:18.719910+00:00,200,1616.64,
2026-09-11T01:46:20.269254+00:00,200,73.34,
2026-09-11T01:46:19.624499+00:00,200,712.88,
2026-09-11T01:46:19.873859+00:00,200,477.21,
2026-09-11T01:46:19.603321+00:00,200,750.47,
2026-09-11T01:46:19.686725+00:00,200,663.68,
2026-09-11T01:46:19.739992+00:00,200,624.15,
2026-09-11T01:46:20.022902+00:00,200,345.11,
2026-09-11T01:46:20.289336+00:00,200,77.88,
2026-09-11T01:46:20.305994+00:00,200,77.30,
2026-09-11T01:46:19.678461+00:00,200,717.23,
2026-09-11T01:46:19.923341+00:00,200,471.40,
2026-09-11T01:46:20.049377+00:00,200,356.75,
2026-09-11T01:46:19.547745+00:00,200,854.54,
2026-09-11T01:46:18.770278+00:00,200,1647.97,
2026-09-11T01:46:20.117752+00:00,200,302.40,
2026-09-11T01:46:20.076354+00:00,200,350.66,
2026-09-11T01:46:20.111717+00:00,200,318.09,
2026-09-11T01:46:19.773098+00:00,200,663.51,
2026-09-11T01:46:19.828787+00:00,200,613.79,
2026-09-11T01:46:20.256092+00:00,200,187.08,
2026-09-11T01:46:19.199266+00:00,200,1243.06,
2026-09-11T01:46:19.322522+00:00,200,1128.47,
2026-09-11T01:46:20.164335+00:00,200,296.59,
2026-09-11T01:46:20.186669+00:00,200,277.02,
2026-09-11T01:46:20.344885+00:00,200,128.28,
2026-09-11T01:46:20.409899+00:00,200,69.23,
2026-09-11T01:46:19.923341+00:00,200,569.14,
2026-09-11T01:46:19.810748+00:00,200,691.10,
2026-09-11T01:46:20.038165+00:00,200,462.32,
2026-09-11T01:46:19.209095+00:00,200,1295.32,
2026-09-11T01:46:18.599542+00:00,200,1912.35,
2026-09-11T01:46:20.259684+00:00,200,264.26,
2026-09-11T01:46:20.459374+00:00,200,64.92,
2026-09-11T01:46:19.882870+00:00,200,645.84,
2026-09-11T01:46:19.390538+00:00,200,1136.83,
2026-09-11T01:46:20.046356+00:00,200,489.35,
2026-09-11T01:46:20.463123+00:00,200,73.53,
2026-09-11T01:46:20.472693+00:00,200,70.69,
2026-09-11T01:46:20.350315+00:00,200,200.44,
2026-09-11T01:46:19.502547+00:00,200,1048.43,
2026-09-11T01:46:20.089108+00:00,200,471.42,
2026-09-11T01:46:20.481066+00:00,200,81.02,
2026-09-11T01:46:20.239335+00:00,200,332.23,
2026-09-11T01:46:19.971682+00:00,200,610.81,
2026-09-11T01:46:20.522732+00:00,200,72.77,
2026-09-11T01:46:20.522732+00:00,200,72.67,
2026-09-11T01:46:19.957723+00:00,200,645.97,
2026-09-11T01:46:19.835762+00:00,200,770.75,
2026-09-11T01:46:20.366917+00:00,200,253.34,
2026-09-11T01:46:19.561740+00:00,200,1063.52,
2026-09-11T01:46:20.374591+00:00,200,255.95,
2026-09-11T01:46:19.366673+00:00,200,1265.53,
2026-09-11T01:46:18.893942+00:00,200,1740.37,
2026-09-11T01:46:20.326670+00:00,200,312.84,
2026-09-11T01:46:20.300902+00:00,200,345.59,
2026-09-11T01:46:19.231467+00:00,200,1421.32,
2026-09-11T01:46:18.434925+00:00,200,2220.77,
2026-09-11T01:46:19.702390+00:00,200,949.23,
2026-09-11T01:46:19.910886+00:00,200,745.80,
2026-09-11T01:46:20.574159+00:00,200,87.50,
2026-09-11T01:46:18.689554+00:00,200,1982.01,
2026-09-11T01:46:20.597705+00:00,200,76.47,
2026-09-11T01:46:20.599969+00:00,200,86.06,
2026-09-11T01:46:20.248108+00:00,200,456.79,
2026-09-11T01:46:20.245006+00:00,200,469.91,
2026-09-11T01:46:19.619754+00:00,200,1098.75,
2026-09-11T01:46:20.339364+00:00,200,381.67,
2026-09-11T01:46:19.132020+00:00,200,1593.66,
2026-09-11T01:46:20.381029+00:00,200,354.88,
2026-09-11T01:46:20.119765+00:00,200,619.87,
2026-09-11T01:46:19.639457+00:00,200,1102.19,
2026-09-11T01:46:18.906428+00:00,200,1844.39,
2026-09-11T01:46:20.463123+00:00,200,289.98,
2026-09-11T01:46:19.923341+00:00,200,827.98,
2026-09-11T01:46:20.441245+00:00,200,316.50,
2026-09-11T01:46:20.501501+00:00,200,262.13,
2026-09-11T01:46:20.369277+00:00,200,396.24,
2026-09-11T01:46:20.407366+00:00,200,359.25,
2026-09-11T01:46:19.812495+00:00,200,961.62,
2026-09-11T01:46:19.739992+00:00,200,1033.12,
2026-09-11T01:46:20.093193+00:00,200,690.68,
2026-09-11T01:46:19.939546+00:00,200,846.73,
2026-09-11T01:46:20.719266+00:00,200,73.60,
2026-09-11T01:46:20.158847+00:00,200,650.37,
2026-09-11T01:46:20.599969+00:00,200,209.17,
2026-09-11T01:46:19.624499+00:00,200,1196.16,
2026-09-11T01:46:19.971682+00:00,200,842.27,
2026-09-11T01:46:20.675672+00:00,200,150.72,
2026-09-11T01:46:19.400997+00:00,200,1430.41,
2026-09-11T01:46:20.775451+00:00,200,69.23,
2026-09-11T01:46:20.785176+00:00,200,61.76,
2026-09-11T01:46:19.440607+00:00,200,1407.51,
2026-09-11T01:46:20.554694+00:00,200,297.26,
2026-09-11T01:46:20.584929+00:00,200,276.52,
2026-09-11T01:46:20.800437+00:00,200,71.96,
2026-09-11T01:46:19.502547+00:00,200,1369.41,
2026-09-11T01:46:20.810488+00:00,200,74.03,
2026-09-11T01:46:20.738998+00:00,200,149.59,
2026-09-11T01:46:20.305994+00:00,200,582.20,
2026-09-11T01:46:18.128117+00:00,200,2773.21,
2026-09-11T01:46:20.569703+00:00,200,334.40,
2026-09-11T01:46:19.290598+00:00,200,1613.84,
2026-09-11T01:46:20.827096+00:00,200,76.92,
2026-09-11T01:46:18.927870+00:00,200,1989.02,
2026-09-11T01:46:20.481066+00:00,200,439.81,
2026-09-11T01:46:20.633297+00:00,200,289.64,
2026-09-11T01:46:20.847220+00:00,200,77.79,
2026-09-11T01:46:20.198970+00:00,200,742.79,
2026-09-11T01:46:20.284116+00:00,200,665.17,
2026-09-11T01:46:20.214325+00:00,200,731.81,
2026-09-11T01:46:20.880193+00:00,200,76.54,
2026-09-11T01:46:20.675672+00:00,200,283.02,
2026-09-11T01:46:20.428466+00:00,200,535.71,
2026-09-11T01:46:20.888670+00:00,200,77.03,
2026-09-11T01:46:20.711859+00:00,200,258.76,
2026-09-11T01:46:17.970880+00:00,200,3000.11,
2026-09-11T01:46:20.275217+00:00,200,700.85,
2026-09-11T01:46:20.444549+00:00,200,545.60,
2026-09-11T01:46:19.369212+00:00,200,1621.71,
2026-09-11T01:46:20.169106+00:00,200,829.67,
2026-09-11T01:46:20.008911+00:00,200,995.59,
2026-09-11T01:46:20.124414+00:00,200,896.55,
2026-09-11T01:46:20.727312+00:00,200,295.62,
2026-09-11T01:46:20.124414+00:00,200,906.18,
2026-09-11T01:46:20.842352+00:00,200,201.81,
2026-09-11T01:46:20.522732+00:00,200,524.47,
2026-09-11T01:46:20.819703+00:00,200,235.33,
2026-09-11T01:46:19.698374+00:00,200,1359.76,
2026-09-11T01:46:20.641237+00:00,200,424.24,
2026-09-11T01:46:20.979542+00:00,200,91.02,
2026-09-11T01:46:21.000753+00:00,200,85.10,
2026-09-11T01:46:20.824728+00:00,200,267.88,
2026-09-11T01:46:20.314305+00:00,200,774.27,
2026-09-11T01:46:19.300411+00:00,200,1795.68,
2026-09-11T01:46:20.681550+00:00,200,417.25,
2026-09-11T01:46:20.956273+00:00,200,164.32,
2026-09-11T01:46:19.835762+00:00,200,1295.64,
2026-09-11T01:46:20.661044+00:00,200,472.56,
2026-09-11T01:46:20.754788+00:00,200,381.64,
2026-09-11T01:46:20.214325+00:00,200,929.51,
2026-09-11T01:46:21.070459+00:00,200,87.17,
2026-09-11T01:46:20.124414+00:00,200,1041.93,
2026-09-11T01:46:21.091134+00:00,200,79.98,
2026-09-11T01:46:20.508818+00:00,200,663.46,
2026-09-11T01:46:19.842631+00:00,200,1337.62,
2026-09-11T01:46:20.017688+00:00,200,1167.80,
2026-09-11T01:46:20.941820+00:00,200,259.98,
2026-09-11T01:46:20.724785+00:00,200,484.45,
2026-09-11T01:46:21.123253+00:00,200,94.04,
2026-09-11T01:46:20.889683+00:00,200,330.72,
2026-09-11T01:46:21.054290+00:00,200,171.03,
2026-09-11T01:46:21.143034+00:00,200,89.96,
2026-09-11T01:46:20.494805+00:00,200,748.30,
2026-09-11T01:46:21.046941+00:00,200,201.37,
2026-09-11T01:46:19.844292+00:00,200,1406.88,
2026-09-11T01:46:20.531033+00:00,200,730.44,
2026-09-11T01:46:19.069301+00:00,200,2200.29,
2026-09-11T01:46:20.910851+00:00,200,360.48,
2026-09-11T01:46:20.970572+00:00,200,316.21,
2026-09-11T01:46:20.650498+00:00,200,638.41,
2026-09-11T01:46:20.744147+00:00,200,557.86,
2026-09-11T01:46:18.491166+00:00,200,2820.80,
2026-09-11T01:46:20.621022+00:00,200,696.70,
2026-09-11T01:46:20.979542+00:00,200,341.85,
2026-09-11T01:46:19.464472+00:00,200,1856.21,
2026-09-11T01:46:21.016886+00:00,200,312.34,
2026-09-11T01:46:18.639550+00:00,200,2701.30,
2026-09-11T01:46:20.562527+00:00,200,780.08,
2026-09-11T01:46:20.764655+00:00,200,579.37,
2026-09-11T01:46:20.396065+00:00,200,952.53,
2026-09-11T01:46:21.261528+00:00,200,88.78,
2026-09-11T01:46:20.900118+00:00,200,450.99,
2026-09-11T01:46:21.285694+00:00,200,79.62,
2026-09-11T01:46:19.850613+00:00,200,1517.39,
2026-09-11T01:46:20.447722+00:00,200,921.05,
2026-09-11T01:46:19.664956+00:00,200,1739.08,
2026-09-11T01:46:20.738998+00:00,200,664.68,
2026-09-11T01:46:21.335758+00:00,200,65.29,
2026-09-11T01:46:21.237051+00:00,200,177.07,
2026-09-11T01:46:19.686725+00:00,200,1731.92,
2026-09-11T01:46:20.420814+00:00,200,1014.97,
2026-09-11T01:46:21.248132+00:00,200,193.06,
2026-09-11T01:46:20.401109+00:00,200,1043.29,
2026-09-11T01:46:20.153426+00:00,200,1292.97,
2026-09-11T01:46:20.826476+00:00,200,622.96,
2026-09-11T01:46:20.764655+00:00,200,686.56,
2026-09-11T01:46:20.785176+00:00,200,667.33,
2026-09-11T01:46:20.239335+00:00,200,1222.29,
2026-09-11T01:46:20.503509+00:00,200,959.54,
2026-09-11T01:46:20.116738+00:00,200,1347.92,
2026-09-11T01:46:20.599969+00:00,200,869.09,
2026-09-11T01:46:21.404743+00:00,200,74.94,
2026-09-11T01:46:21.404743+00:00,200,80.96,
2026-09-11T01:46:20.952751+00:00,200,560.97,
2026-09-11T01:46:19.724278+00:00,200,1788.43,
2026-09-11T01:46:21.441119+00:00,200,82.17,
2026-09-11T01:46:21.004333+00:00,200,528.63,
2026-09-11T01:46:20.093193+00:00,200,1445.82,
2026-09-11T01:46:20.819703+00:00,200,719.87,
2026-09-11T01:46:21.202027+00:00,200,341.84,
2026-09-11T01:46:20.248108+00:00,200,1295.29,
2026-09-11T01:46:21.317865+00:00,200,231.79,
2026-09-11T01:46:19.971682+00:00,200,1566.83,
2026-09-11T01:46:20.849232+00:00,200,714.24,
2026-09-11T01:46:21.495849+00:00,200,77.06,
2026-09-11T01:46:21.435626+00:00,200,142.91,
2026-09-11T01:46:21.515596+00:00,200,71.28,
2026-09-11T01:46:21.335758+00:00,200,249.24,
2026-09-11T01:46:21.448360+00:00,200,143.29,
2026-09-11T01:46:21.548660+00:00,200,66.13,
2026-09-11T01:46:20.785176+00:00,200,829.94,
2026-09-11T01:46:21.058303+00:00,200,561.00,
2026-09-11T01:46:20.431806+00:00,200,1192.54,
2026-09-11T01:46:21.079985+00:00,200,550.10,
2026-09-11T01:46:20.949233+00:00,200,690.10,
2026-09-11T01:46:20.917073+00:00,200,723.57,
2026-09-11T01:46:20.910851+00:00,200,730.60,
2026-09-11T01:46:21.570743+00:00,200,67.74,
2026-09-11T01:46:21.016886+00:00,200,633.84,
2026-09-11T01:46:21.136024+00:00,200,534.79,
2026-09-11T01:46:20.529780+00:00,200,1142.64,
2026-09-11T01:46:21.174630+00:00,200,502.25,
2026-09-11T01:46:20.558471+00:00,200,1129.94,
2026-09-11T01:46:21.354535+00:00,200,342.85,
2026-09-11T01:46:21.270720+00:00,200,431.03,
2026-09-11T01:46:21.123253+00:00,200,583.10,
2026-09-11T01:46:21.344159+00:00,200,377.37,
2026-09-11T01:46:21.458763+00:00,200,261.85,
2026-09-11T01:46:21.647418+00:00,200,76.80,
2026-09-11T01:46:21.404743+00:00,200,327.57,
2026-09-11T01:46:20.956273+00:00,200,773.79,
2026-09-11T01:46:21.195435+00:00,200,549.50,
2026-09-11T01:46:21.240834+00:00,200,503.67,
2026-09-11T01:46:20.223409+00:00,200,1530.76,
2026-09-11T01:46:20.612531+00:00,200,1149.74,
2026-09-11T01:46:20.852752+00:00,200,910.20,
2026-09-11T01:46:20.775451+00:00,200,994.59,
2026-09-11T01:46:20.330989+00:00,200,1452.93,
2026-09-11T01:46:20.673662+00:00,200,1112.19,
2026-09-11T01:46:21.322607+00:00,200,470.11,
2026-09-11T01:46:19.400997+00:00,200,2406.87,
2026-09-11T01:46:21.570743+00:00,200,241.06,
2026-09-11T01:46:20.925542+00:00,200,902.56,
2026-09-11T01:46:20.764655+00:00,200,1075.94,
2026-09-11T01:46:20.639102+00:00,200,1206.58,
2026-09-11T01:46:21.329356+00:00,200,531.51,
2026-09-11T01:46:20.754788+00:00,200,1112.78,
2026-09-11T01:46:21.671678+00:00,200,201.77,
2026-09-11T01:46:21.615678+00:00,200,272.45,
2026-09-11T01:46:21.487761+00:00,200,404.40,
2026-09-11T01:46:21.626202+00:00,200,264.23,
2026-09-11T01:46:20.541788+00:00,200,1349.97,
2026-09-11T01:46:20.991355+00:00,200,905.19,
2026-09-11T01:46:21.473530+00:00,200,442.67,
2026-09-11T01:46:20.428466+00:00,200,1496.42,
2026-09-11T01:46:20.719266+00:00,200,1208.42,
2026-09-11T01:46:21.739580+00:00,200,195.44,
2026-09-11T01:46:21.285694+00:00,200,636.98,
2026-09-11T01:46:20.624368+00:00,200,1320.31,
2026-09-11T01:46:21.458763+00:00,200,497.80,
2026-09-11T01:46:21.744189+00:00,200,220.30,
2026-09-11T01:46:21.411696+00:00,200,549.49,
2026-09-11T01:46:21.225330+00:00,200,744.91,
2026-09-11T01:46:21.207459+00:00,200,761.87,
2026-09-11T01:46:20.956273+00:00,200,1021.29,
2026-09-11T01:46:20.657296+00:00,200,1334.05,
2026-09-11T01:46:19.875605+00:00,200,2121.82,
2026-09-11T01:46:21.273830+00:00,200,724.50,
2026-09-11T01:46:21.585967+00:00,200,413.98,
2026-09-11T01:46:21.585967+00:00,200,413.94,
2026-09-11T01:46:21.932124+00:00,200,72.50,
2026-09-11T01:46:21.701836+00:00,200,317.97,
2026-09-11T01:46:21.214826+00:00,200,805.19,
2026-09-11T01:46:20.815673+00:00,200,1216.11,
2026-09-11T01:46:21.884436+00:00,200,146.32,
2026-09-11T01:46:21.747092+00:00,200,290.19,
2026-09-11T01:46:19.905824+00:00,200,2144.78,
2026-09-11T01:46:21.214826+00:00,200,834.75,
2026-09-11T01:46:21.350519+00:00,200,705.91,
2026-09-11T01:46:21.982350+00:00,200,74.80,
2026-09-11T01:46:20.447722+00:00,200,1608.13,
2026-09-11T01:46:21.720672+00:00,200,342.69,
2026-09-11T01:46:21.707937+00:00,200,371.00,
2026-09-11T01:46:21.916105+00:00,200,164.50,
2026-09-11T01:46:20.198970+00:00,200,1880.06,
2026-09-11T01:46:20.921420+00:00,200,1168.28,
2026-09-11T01:46:21.645415+00:00,200,453.40,
2026-09-11T01:46:22.031579+00:00,200,69.78,
2026-09-11T01:46:20.533192+00:00,200,1572.18,
2026-09-11T01:46:21.814362+00:00,200,303.91,
2026-09-11T01:46:21.790353+00:00,200,328.23,
2026-09-11T01:46:21.133512+00:00,200,989.93,
2026-09-11T01:46:21.541145+00:00,200,589.78,
2026-09-11T01:46:22.060590+00:00,200,80.45,
2026-09-11T01:46:20.506037+00:00,200,1637.17,
2026-09-11T01:46:21.064331+00:00,200,1077.89,
2026-09-11T01:46:21.443126+00:00,200,718.76,
2026-09-11T01:46:21.842739+00:00,200,322.06,
2026-09-11T01:46:20.577962+00:00,200,1588.74,
2026-09-11T01:46:22.035595+00:00,200,132.07,
2026-09-11T01:46:22.007389+00:00,200,168.31,
2026-09-11T01:46:21.378753+00:00,200,803.39,
2026-09-11T01:46:21.541145+00:00,200,646.80,
2026-09-11T01:46:21.842739+00:00,200,347.91,
2026-09-11T01:46:21.647418+00:00,200,542.10,
2026-09-11T01:46:19.193868+00:00,200,3011.74,
2026-09-11T01:46:20.401109+00:00,200,1810.72,
2026-09-11T01:46:20.884209+00:00,200,1333.11,
2026-09-11T01:46:21.924085+00:00,200,295.47,
2026-09-11T01:46:22.051613+00:00,200,176.39,
2026-09-11T01:46:22.098212+00:00,200,142.93,
2026-09-11T01:46:20.873614+00:00,200,1370.32,
2026-09-11T01:46:21.229524+00:00,200,1021.35,
2026-09-11T01:46:22.011477+00:00,200,249.64,
2026-09-11T01:46:21.974109+00:00,200,293.18,
2026-09-11T01:46:20.370287+00:00,200,1899.66,
2026-09-11T01:46:22.208898+00:00,200,60.64,
2026-09-11T01:46:21.411696+00:00,200,874.95,
2026-09-11T01:46:20.655287+00:00,200,1636.73,
2026-09-11T01:46:21.521158+00:00,200,775.66,
2026-09-11T01:46:21.732031+00:00,200,583.26,
2026-09-11T01:46:21.771177+00:00,200,548.66,
2026-09-11T01:46:22.169374+00:00,200,150.54,
2026-09-11T01:46:21.160876+00:00,200,1167.42,
2026-09-11T01:46:19.097665+00:00,200,3231.36,
2026-09-11T01:46:22.198195+00:00,200,133.61,
2026-09-11T01:46:21.534206+00:00,200,801.02,
2026-09-11T01:46:19.939546+00:00,200,2388.38,
2026-09-11T01:46:21.780044+00:00,200,568.00,
2026-09-11T01:46:22.019702+00:00,200,342.23,
2026-09-11T01:46:22.169374+00:00,200,194.00,
2026-09-11T01:46:22.191405+00:00,200,181.71,
2026-09-11T01:46:22.140491+00:00,200,235.67,
2026-09-11T01:46:21.639276+00:00,200,769.68,
2026-09-11T01:46:22.140491+00:00,200,276.25,
2026-09-11T01:46:21.720672+00:00,200,695.23,
2026-09-11T01:46:21.458763+00:00,200,961.23,
2026-09-11T01:46:20.010933+00:00,200,2421.12,
2026-09-11T01:46:22.239084+00:00,200,199.19,
2026-09-11T01:46:22.296069+00:00,200,150.06,
2026-09-11T01:46:21.729523+00:00,200,719.48,
2026-09-11T01:46:18.739807+00:00,200,3729.00,
2026-09-11T01:46:21.541145+00:00,200,928.93,
2026-09-11T01:46:21.639276+00:00,200,841.37,
2026-09-11T01:46:22.106017+00:00,200,379.71,
2026-09-11T01:46:22.068724+00:00,200,421.71,
2026-09-11T01:46:20.990344+00:00,200,1504.58,
2026-09-11T01:46:21.924085+00:00,200,569.37,
2026-09-11T01:46:22.104264+00:00,200,396.99,
2026-09-11T01:46:21.615678+00:00,200,894.80,
2026-09-11T01:46:20.330989+00:00,200,2176.77,
2026-09-11T01:46:22.133328+00:00,200,407.14,
2026-09-11T01:46:21.998864+00:00,200,541.57,
2026-09-11T01:46:21.170087+00:00,200,1374.94,
2026-09-11T01:46:21.023126+00:00,200,1527.57,
2026-09-11T01:46:22.317656+00:00,200,238.98,
2026-09-11T01:46:22.327605+00:00,200,233.46,
2026-09-11T01:46:22.368983+00:00,200,194.53,
2026-09-11T01:46:22.487561+00:00,200,75.41,
2026-09-11T01:46:22.495411+00:00,200,78.07,
2026-09-11T01:46:21.696796+00:00,200,901.39,
2026-09-11T01:46:22.267822+00:00,200,332.26,
2026-09-11T01:46:22.198709+00:00,200,402.19,
2026-09-11T01:46:21.470385+00:00,200,1132.90,
2026-09-11T01:46:21.168072+00:00,200,1443.79,
2026-09-11T01:46:22.540733+00:00,200,77.91,
2026-09-11T01:46:22.409949+00:00,200,209.13,
2026-09-11T01:46:21.443126+00:00,200,1185.83,
2026-09-11T01:46:21.645415+00:00,200,987.80,
2026-09-11T01:46:21.404743+00:00,200,1228.40,
2026-09-11T01:46:21.263543+00:00,200,1383.90,
2026-09-11T01:46:20.346895+00:00,200,2307.81,
2026-09-11T01:46:22.476365+00:00,200,182.71,
2026-09-11T01:46:22.599235+00:00,200,79.90,
2026-09-11T01:46:21.058303+00:00,200,1622.99,
2026-09-11T01:46:20.414325+00:00,200,2266.87,
2026-09-11T01:46:22.051613+00:00,200,631.99,
2026-09-11T01:46:19.748161+00:00,200,2949.56,
2026-09-11T01:46:21.285694+00:00,200,1410.19,
2026-09-11T01:46:22.440476+00:00,200,257.98,
2026-09-11T01:46:22.280132+00:00,200,436.24,
2026-09-11T01:46:22.064613+00:00,200,657.32,
2026-09-11T01:46:21.674498+00:00,200,1047.19,
2026-09-11T01:46:21.307451+00:00,200,1426.49,
2026-09-11T01:46:22.221302+00:00,200,519.80,
2026-09-11T01:46:21.868589+00:00,200,875.38,
2026-09-11T01:46:22.208898+00:00,200,536.15,
2026-09-11T01:46:22.021712+00:00,200,734.93,
2026-09-11T01:46:22.427271+00:00,200,329.69,
2026-09-11T01:46:21.997859+00:00,200,780.02,
2026-09-11T01:46:20.356006+00:00,200,2422.99,
2026-09-11T01:46:21.893312+00:00,200,892.15,
2026-09-11T01:46:22.549589+00:00,200,243.49,
2026-09-11T01:46:21.100688+00:00,200,1692.27,
2026-09-11T01:46:22.169374+00:00,200,620.27,
2026-09-11T01:46:22.724119+00:00,200,78.25,
2026-09-11T01:46:21.895322+00:00,200,917.56,
2026-09-11T01:46:20.778970+00:00,200,2043.14,
2026-09-11T01:46:21.186221+00:00,200,1640.97,
2026-09-11T01:46:21.563704+00:00,200,1278.68,
2026-09-11T01:46:21.669161+00:00,200,1172.97,
2026-09-11T01:46:22.692581+00:00,200,154.34,
2026-09-11T01:46:22.378719+00:00,200,474.74,
2026-09-11T01:46:21.448360+00:00,200,1407.57,
2026-09-11T01:46:22.042619+00:00,200,810.75,
2026-09-11T01:46:22.440476+00:00,200,413.04,
2026-09-11T01:46:22.774100+00:00,200,89.28,
2026-09-11T01:46:22.359474+00:00,200,507.53,
2026-09-11T01:46:22.164129+00:00,200,712.92,
2026-09-11T01:46:21.968793+00:00,200,917.88,
2026-09-11T01:46:22.662490+00:00,200,232.12,
2026-09-11T01:46:22.079264+00:00,200,832.49,
2026-09-11T01:46:21.761855+00:00,200,1156.68,
2026-09-11T01:46:21.842739+00:00,200,1095.94,
2026-09-11T01:46:21.585967+00:00,200,1355.42,
2026-09-11T01:46:21.626202+00:00,200,1316.05,
2026-09-11T01:46:21.812351+00:00,200,1136.35,
2026-09-11T01:46:22.469849+00:00,200,476.53,
2026-09-11T01:46:21.998864+00:00,200,959.43,
2026-09-11T01:46:22.876091+00:00,200,84.33,
2026-09-11T01:46:20.010933+00:00,200,2950.63,
2026-09-11T01:46:22.790088+00:00,200,180.88,
2026-09-11T01:46:22.724119+00:00,200,251.92,
2026-09-11T01:46:22.330329+00:00,200,660.35,
2026-09-11T01:46:22.790088+00:00,200,199.46,
2026-09-11T01:46:22.100233+00:00,200,898.63,
2026-09-11T01:46:22.330329+00:00,200,680.80,
2026-09-11T01:46:21.689749+00:00,200,1338.90,
2026-09-11T01:46:21.932124+00:00,200,1115.42,
2026-09-11T01:46:22.876091+00:00,200,173.97,
2026-09-11T01:46:22.747042+00:00,200,313.00,
2026-09-11T01:46:20.715266+00:00,200,2350.67,
2026-09-11T01:46:22.164129+00:00,200,906.03,
2026-09-11T01:46:22.708467+00:00,200,375.44,
2026-09-11T01:46:20.750249+00:00,200,2336.56,
2026-09-11T01:46:22.738560+00:00,200,353.12,
2026-09-11T01:46:20.910851+00:00,200,2183.15,
2026-09-11T01:46:22.440476+00:00,200,654.96,
2026-09-11T01:46:21.251391+00:00,200,1854.54,
2026-09-11T01:46:21.095658+00:00,200,2011.82,
2026-09-11T01:46:21.097668+00:00,200,2016.71,
2026-09-11T01:46:21.301168+00:00,200,1823.22,
2026-09-11T01:46:20.537118+00:00,200,2594.50,
2026-09-11T01:46:20.130628+00:00,200,3009.38,
2026-09-11T01:46:21.860372+00:00,200,1291.75,
2026-09-11T01:46:21.873683+00:00,200,1279.29,
2026-09-11T01:46:21.366407+00:00,200,1791.00,
2026-09-11T01:46:22.756044+00:00,200,413.68,
2026-09-11T01:46:22.851173+00:00,200,316.84,
2026-09-11T01:46:22.646596+00:00,200,529.87,
2026-09-11T01:46:20.884209+00:00,200,2294.05,
2026-09-11T01:46:22.005643+00:00,200,1174.19,
2026-09-11T01:46:21.157851+00:00,200,2027.60,
2026-09-11T01:46:21.366916+00:00,200,1835.11,
2026-09-11T01:46:21.749099+00:00,200,1459.38,
2026-09-11T01:46:20.074332+00:00,200,3139.87,
2026-09-11T01:46:22.347908+00:00,200,870.23,
2026-09-11T01:46:23.131153+00:00,200,89.84,
2026-09-11T01:46:23.139478+00:00,200,91.99,
2026-09-11T01:46:22.961185+00:00,200,271.05,
2026-09-11T01:46:22.813886+00:00,200,430.89,
2026-09-11T01:46:22.785062+00:00,200,469.68,
2026-09-11T01:46:22.422557+00:00,200,831.81,
2026-09-11T01:46:21.458763+00:00,200,1802.94,
2026-09-11T01:46:22.740890+00:00,200,539.27,
2026-09-11T01:46:22.851173+00:00,200,434.21,
2026-09-11T01:46:22.945549+00:00,200,365.93,
2026-09-11T01:46:22.876091+00:00,200,439.84,
2026-09-11T01:46:22.740890+00:00,200,581.55,
2026-09-11T01:46:23.105564+00:00,200,221.25,
2026-09-11T01:46:23.013134+00:00,200,316.90,
2026-09-11T01:46:22.145907+00:00,200,1189.67,
2026-09-11T01:46:22.629632+00:00,200,724.36,
2026-09-11T01:46:19.574299+00:00,200,3785.43,
2026-09-11T01:46:22.612486+00:00,200,756.70,
2026-09-11T01:46:22.991607+00:00,200,399.62,
2026-09-11T01:46:20.624368+00:00,200,2764.99,
2026-09-11T01:46:20.900118+00:00,200,2496.02,
2026-09-11T01:46:20.635311+00:00,200,2771.53,
2026-09-11T01:46:22.920311+00:00,200,486.81,
2026-09-11T01:46:21.556161+00:00,200,1854.72,
2026-09-11T01:46:22.239084+00:00,200,1172.81,
2026-09-11T01:46:20.275217+00:00,200,3146.60,
2026-09-11T01:46:23.244099+00:00,200,185.14,
2026-09-11T01:46:23.232146+00:00,200,212.50,
2026-09-11T01:46:23.107583+00:00,200,344.26,
2026-09-11T01:46:22.682562+00:00,200,786.60,
2026-09-11T01:46:23.083324+00:00,200,387.39,
2026-09-11T01:46:22.802807+00:00,200,671.88,
2026-09-11T01:46:23.051962+00:00,200,421.98,
2026-09-11T01:46:20.010933+00:00,200,3463.42,
2026-09-11T01:46:22.118654+00:00,200,1362.97,
2026-09-11T01:46:23.126261+00:00,200,364.09,
2026-09-11T01:46:21.964152+00:00,200,1535.10,
2026-09-11T01:46:22.902687+00:00,200,597.17,
2026-09-11T01:46:23.375510+00:00,200,138.00,
2026-09-11T01:46:22.629632+00:00,200,892.61,
2026-09-11T01:46:23.322907+00:00,200,206.29,
2026-09-11T01:46:22.126468+00:00,200,1410.62,
2026-09-11T01:46:21.052281+00:00,200,2495.75,
2026-09-11T01:46:23.078210+00:00,200,474.09,
2026-09-11T01:46:23.339572+00:00,200,216.85,
2026-09-11T01:46:22.859821+00:00,200,700.38,
2026-09-11T01:46:22.781041+00:00,200,797.34,
2026-09-11T01:46:22.487561+00:00,200,1100.71,
2026-09-11T01:46:23.489682+00:00,200,100.06,
2026-09-11T01:46:21.761855+00:00,200,1833.47,
2026-09-11T01:46:22.259634+00:00,200,1340.27,
2026-09-11T01:46:22.950433+00:00,200,654.77,
2026-09-11T01:46:22.646596+00:00,200,959.27,
2026-09-11T01:46:20.956273+00:00,200,2664.14,
2026-09-11T01:46:23.152622+00:00,200,473.95,
2026-09-11T01:46:22.684569+00:00,200,938.66,
2026-09-11T01:46:23.445803+00:00,200,192.66,
2026-09-11T01:46:23.139478+00:00,200,500.88,
2026-09-11T01:46:21.550669+00:00,200,2103.73,
2026-09-11T01:46:22.081273+00:00,200,1573.21,
2026-09-11T01:46:23.330349+00:00,200,330.55,
2026-09-11T01:46:22.060590+00:00,200,1609.60,
2026-09-11T01:46:21.891303+00:00,200,1783.31,
2026-09-11T01:46:23.256918+00:00,200,422.52,
2026-09-11T01:46:21.371568+00:00,200,2320.65,
2026-09-11T01:46:23.091234+00:00,200,604.75,
2026-09-11T01:46:23.059690+00:00,200,639.94,
2026-09-11T01:46:22.330329+00:00,200,1385.52,
2026-09-11T01:46:22.950433+00:00,200,772.72,
2026-09-11T01:46:23.202430+00:00,200,530.96,
2026-09-11T01:46:21.479407+00:00,200,2258.88,
2026-09-11T01:46:22.315647+00:00,200,1423.92,
2026-09-11T01:46:22.851173+00:00,200,889.78,
2026-09-11T01:46:23.667261+00:00,200,80.72,
2026-09-11T01:46:23.523145+00:00,200,225.99,
2026-09-11T01:46:23.172850+00:00,200,581.80,
2026-09-11T01:46:23.690501+00:00,200,72.68,
2026-09-11T01:46:22.943541+00:00,200,824.64,
2026-09-11T01:46:21.513990+00:00,200,2273.23,
2026-09-11T01:46:22.409949+00:00,200,1370.87,
2026-09-11T01:46:23.222874+00:00,200,575.75,
2026-09-11T01:46:22.885715+00:00,200,912.67,
2026-09-11T01:46:23.049001+00:00,200,754.84,
2026-09-11T01:46:21.180187+00:00,200,2641.64,
2026-09-11T01:46:23.456195+00:00,200,367.92,
2026-09-11T01:46:20.917073+00:00,200,2906.77,
2026-09-11T01:46:20.228470+00:00,200,3602.79,
2026-09-11T01:46:20.857899+00:00,200,2970.61,
2026-09-11T01:46:20.655287+00:00,200,3177.78,
2026-09-11T01:46:22.368983+00:00,200,1476.20,
2026-09-11T01:46:22.660478+00:00,200,1194.26,
2026-09-11T01:46:21.893312+00:00,200,1965.22,
2026-09-11T01:46:23.114458+00:00,200,746.81,
2026-09-11T01:46:23.109205+00:00,200,767.49,
2026-09-11T01:46:22.902687+00:00,200,981.94,
2026-09-11T01:46:23.589504+00:00,200,294.60,
2026-09-11T01:46:22.950433+00:00,200,931.10,
2026-09-11T01:46:23.264964+00:00,200,643.24,
2026-09-11T01:46:22.612486+00:00,200,1308.40,
2026-09-11T01:46:22.679049+00:00,200,1254.60,
2026-09-11T01:46:23.716717+00:00,200,214.33,
2026-09-11T01:46:21.932124+00:00,200,2003.88,
2026-09-11T01:46:23.792927+00:00,200,158.86,
2026-09-11T01:46:22.239084+00:00,200,1713.22,
2026-09-11T01:46:23.750065+00:00,200,220.31,
2026-09-11T01:46:23.468547+00:00,200,510.71,
2026-09-11T01:46:20.647731+00:00,200,3337.16,
2026-09-11T01:46:23.692601+00:00,200,298.33,
2026-09-11T01:46:22.993125+00:00,200,991.38,
2026-09-11T01:46:22.565296+00:00,200,1426.73,
2026-09-11T01:46:23.624115+00:00,200,368.90,
2026-09-11T01:46:22.599235+00:00,200,1405.33,
2026-09-11T01:46:23.177686+00:00,200,834.09,
2026-09-11T01:46:23.656257+00:00,200,358.92,
2026-09-11T01:46:22.602668+00:00,200,1421.90,
2026-09-11T01:46:23.359834+00:00,200,670.99,
2026-09-11T01:46:19.046470+00:00,200,4991.92,
2026-09-11T01:46:23.093247+00:00,200,958.49,
2026-09-11T01:46:22.710474+00:00,200,1335.82,
2026-09-11T01:46:23.256129+00:00,200,808.16,
2026-09-11T01:46:23.042977+00:00,200,1020.83,
2026-09-11T01:46:23.658460+00:00,200,409.72,
2026-09-11T01:46:22.803846+00:00,200,1268.36,
2026-09-11T01:46:22.961185+00:00,200,1104.17,
2026-09-11T01:46:23.739430+00:00,200,345.25,
2026-09-11T01:46:23.694113+00:00,200,395.45,
2026-09-11T01:46:23.240565+00:00,200,856.97,
2026-09-11T01:46:23.850840+00:00,200,248.36,
2026-09-11T01:46:23.178950+00:00,200,925.52,
2026-09-11T01:46:23.866482+00:00,200,227.69,
2026-09-11T01:46:23.970027+00:00,200,150.81,
2026-09-11T01:46:21.946082+00:00,200,2186.70,
2026-09-11T01:46:23.950108+00:00,200,183.75,
2026-09-11T01:46:23.214906+00:00,200,921.62,
2026-09-11T01:46:24.060697+00:00,200,83.14,
2026-09-11T01:46:23.831068+00:00,200,316.98,
2026-09-11T01:46:22.950433+00:00,200,1207.28,
2026-09-11T01:46:23.531210+00:00,200,648.67,
2026-09-11T01:46:22.513475+00:00,200,1677.26,
2026-09-11T01:46:21.972100+00:00,200,2228.93,
2026-09-11T01:46:21.327338+00:00,200,2876.32,
2026-09-11T01:46:23.152622+00:00,200,1052.91,
2026-09-11T01:46:21.348459+00:00,200,2861.05,
2026-09-11T01:46:24.096265+00:00,200,116.93,
2026-09-11T01:46:23.750065+00:00,200,470.80,
2026-09-11T01:46:23.600925+00:00,200,627.87,
2026-09-11T01:46:23.312651+00:00,200,919.28,
2026-09-11T01:46:24.121724+00:00,200,129.06,
2026-09-11T01:46:22.513475+00:00,200,1759.31,
2026-09-11T01:46:23.673334+00:00,200,601.29,
2026-09-11T01:46:23.431502+00:00,200,850.21,
2026-09-11T01:46:23.284257+00:00,200,1002.53,
2026-09-11T01:46:23.757761+00:00,200,527.73,
2026-09-11T01:46:23.977897+00:00,200,313.01,
2026-09-11T01:46:23.214906+00:00,200,1088.45,
2026-09-11T01:46:22.268935+00:00,200,2040.27,
2026-09-11T01:46:22.761707+00:00,200,1572.09,
2026-09-11T01:46:23.792927+00:00,200,541.91,
2026-09-11T01:46:22.629632+00:00,200,1713.95,
2026-09-11T01:46:23.658460+00:00,200,699.35,
2026-09-11T01:46:23.506860+00:00,200,851.56,
2026-09-11T01:46:23.028584+00:00,200,1342.85,
2026-09-11T01:46:22.546013+00:00,200,1827.90,
2026-09-11T01:46:23.606595+00:00,200,769.37,
2026-09-11T01:46:23.993714+00:00,200,384.98,
2026-09-11T01:46:23.654248+00:00,200,731.89,
2026-09-11T01:46:22.692581+00:00,200,1701.49,
2026-09-11T01:46:22.811841+00:00,200,1591.25,
2026-09-11T01:46:24.096265+00:00,200,312.78,
2026-09-11T01:46:23.738425+00:00,200,679.32,
2026-09-11T01:46:22.468101+00:00,200,1954.48,
2026-09-11T01:46:22.248675+00:00,200,2179.06,
2026-09-11T01:46:23.406181+00:00,200,1024.13,
2026-09-11T01:46:23.249066+00:00,200,1187.82,
2026-09-11T01:46:19.822634+00:00,200,4620.26,
2026-09-11T01:46:23.406181+00:00,200,1039.64,
2026-09-11T01:46:23.733921+00:00,200,716.34,
2026-09-11T01:46:24.360916+00:00,200,90.28,
2026-09-11T01:46:23.468547+00:00,200,986.55,
2026-09-11T01:46:24.219037+00:00,200,237.20,
2026-09-11T01:46:24.273337+00:00,200,215.58,
2026-09-11T01:46:24.019930+00:00,200,475.98,
2026-09-11T01:46:22.885715+00:00,200,1610.06,
2026-09-11T01:46:22.819495+00:00,200,1684.03,
2026-09-11T01:46:21.720672+00:00,200,2792.04,
2026-09-11T01:46:23.934140+00:00,200,586.61,
2026-09-11T01:46:24.420732+00:00,200,101.14,
2026-09-11T01:46:24.446525+00:00,200,79.08,
2026-09-11T01:46:24.450542+00:00,200,85.21,
2026-09-11T01:46:23.548656+00:00,200,993.41,
2026-09-11T01:46:22.719509+00:00,200,1821.31,
2026-09-11T01:46:23.389833+00:00,200,1166.33,
2026-09-11T01:46:23.499667+00:00,200,1068.73,
2026-09-11T01:46:24.089532+00:00,200,483.94,
2026-09-11T01:46:23.577412+00:00,200,1003.11,
2026-09-11T01:46:23.331225+00:00,200,1250.24,
2026-09-11T01:46:23.552871+00:00,200,1038.93,
2026-09-11T01:46:23.922064+00:00,200,689.39,
2026-09-11T01:46:21.331364+00:00,200,3289.12,
2026-09-11T01:46:23.743542+00:00,200,885.88,
2026-09-11T01:46:22.359474+00:00,200,2278.33,
2026-09-11T01:46:23.986539+00:00,200,660.87,
2026-09-11T01:46:22.840561+00:00,200,1812.19,
2026-09-11T01:46:23.096173+00:00,200,1564.30,
2026-09-11T01:46:23.389833+00:00,200,1268.51,
2026-09-11T01:46:22.840561+00:00,200,1829.65,
2026-09-11T01:46:24.208488+00:00,200,464.38,
2026-09-11T01:46:24.294030+00:00,200,383.93,
2026-09-11T01:46:23.531210+00:00,200,1155.88,
2026-09-11T01:46:22.033587+00:00,200,2689.38,
2026-09-11T01:46:22.504745+00:00,200,2232.82,
2026-09-11T01:46:24.640938+00:00,200,105.10,
2026-09-11T01:46:24.182308+00:00,200,569.89,
2026-09-11T01:46:24.337396+00:00,200,419.29,
2026-09-11T01:46:23.722626+00:00,200,1035.40,
2026-09-11T01:46:24.103084+00:00,200,655.71,
2026-09-11T01:46:22.571583+00:00,200,2188.66,
2026-09-11T01:46:21.754565+00:00,200,3013.31,
2026-09-11T01:46:23.705139+00:00,200,1077.49,
2026-09-11T01:46:22.090208+00:00,200,2705.37,
2026-09-11T01:46:24.303199+00:00,200,500.69,
2026-09-11T01:46:23.426566+00:00,200,1380.17,
2026-09-11T01:46:21.970090+00:00,200,2837.36,
2026-09-11T01:46:24.722921+00:00,200,89.77,
2026-09-11T01:46:24.264888+00:00,200,547.78,
2026-09-11T01:46:23.861195+00:00,200,959.96,
2026-09-11T01:46:21.786581+00:00,200,3037.70,
2026-09-11T01:46:24.452551+00:00,200,370.72,
2026-09-11T01:46:23.472981+00:00,200,1357.96,
2026-09-11T01:46:22.501526+00:00,200,2348.05,
2026-09-11T01:46:22.124449+00:00,200,2748.59,
2026-09-11T01:46:23.882523+00:00,200,997.37,
2026-09-11T01:46:24.541644+00:00,200,345.31,
2026-09-11T01:46:24.339609+00:00,200,555.90,
2026-09-11T01:46:24.046724+00:00,200,851.38,
2026-09-11T01:46:23.866482+00:00,200,1028.44,
2026-09-11T01:46:23.594637+00:00,200,1310.29,
2026-09-11T01:46:23.414631+00:00,200,1499.36,
2026-09-11T01:46:24.452551+00:00,200,463.07,
2026-09-11T01:46:22.202234+00:00,200,2724.60,
2026-09-11T01:46:24.428878+00:00,200,507.93,
2026-09-11T01:46:24.299271+00:00,200,643.11,
2026-09-11T01:46:24.084280+00:00,200,861.11,
2026-09-11T01:46:23.181496+00:00,200,1771.88,
2026-09-11T01:46:23.831068+00:00,200,1129.99,
2026-09-11T01:46:22.317656+00:00,200,2645.56,
2026-09-11T01:46:21.805586+00:00,200,3161.35,
2026-09-11T01:46:23.983975+00:00,200,991.57,
2026-09-11T01:46:22.168360+00:00,200,2814.97,
2026-09-11T01:46:24.200709+00:00,200,788.17,
2026-09-11T01:46:23.179508+00:00,200,1814.48,
2026-09-11T01:46:23.819088+00:00,200,1180.26,
2026-09-11T01:46:24.013590+00:00,200,992.31,
2026-09-11T01:46:23.377517+00:00,200,1632.98,
2026-09-11T01:46:23.472981+00:00,200,1539.17,
2026-09-11T01:46:24.931050+00:00,200,86.24,
2026-09-11T01:46:24.514227+00:00,200,517.50,
2026-09-11T01:46:24.169194+00:00,200,866.48,
2026-09-11T01:46:21.539054+00:00,200,3499.90,
2026-09-11T01:46:23.882523+00:00,200,1179.13,
2026-09-11T01:46:22.602668+00:00,200,2461.86,
2026-09-11T01:46:23.059690+00:00,200,2004.70,
2026-09-11T01:46:24.976592+00:00,200,95.39,
2026-09-11T01:46:23.322907+00:00,200,1755.69,
2026-09-11T01:46:24.215298+00:00,200,878.84,
2026-09-11T01:46:23.819088+00:00,200,1268.85,
2026-09-11T01:46:25.007990+00:00,200,92.38,
2026-09-11T01:46:20.742641+00:00,200,4360.07,
2026-09-11T01:46:22.684569+00:00,200,2421.80,
2026-09-11T01:46:24.621034+00:00,200,490.88,
2026-09-11T01:46:24.075945+00:00,200,1033.39,
2026-09-11T01:46:24.373679+00:00,200,750.04,
2026-09-11T01:46:22.983200+00:00,200,2150.08,
2026-09-11T01:46:24.369888+00:00,200,767.56,
2026-09-11T01:46:22.549589+00:00,200,2581.48,
2026-09-11T01:46:21.093644+00:00,200,4051.90,
2026-09-11T01:46:25.065926+00:00,200,81.57,
2026-09-11T01:46:24.138710+00:00,200,1011.55,
2026-09-11T01:46:24.448534+00:00,200,714.71,
2026-09-11T01:46:25.081187+00:00,200,97.54,
2026-09-11T01:46:22.993125+00:00,200,2188.05,
2026-09-11T01:46:24.756232+00:00,200,435.44,
2026-09-11T01:46:25.013508+00:00,200,182.77,
2026-09-11T01:46:24.691152+00:00,200,524.41,
2026-09-11T01:46:24.230086+00:00,200,989.39,
2026-09-11T01:46:24.914108+00:00,200,308.54,
2026-09-11T01:46:23.624115+00:00,200,1597.56,
2026-09-11T01:46:23.562181+00:00,200,1680.46,
2026-09-11T01:46:24.962317+00:00,200,290.87,
2026-09-11T01:46:24.757246+00:00,200,497.00,
2026-09-11T01:46:24.849560+00:00,200,412.41,
2026-09-11T01:46:23.882523+00:00,200,1380.42,
2026-09-11T01:46:22.961185+00:00,200,2305.30,
2026-09-11T01:46:20.970572+00:00,200,4303.27,
2026-09-11T01:46:23.281199+00:00,200,2002.83,
2026-09-11T01:46:24.136043+00:00,200,1149.55,
2026-09-11T01:46:23.167593+00:00,200,2120.84,
2026-09-11T01:46:20.754788+00:00,200,4537.22,
2026-09-11T01:46:23.489682+00:00,200,1809.17,
2026-09-11T01:46:24.957797+00:00,200,344.72,
2026-09-11T01:46:22.840561+00:00,200,2467.03,
2026-09-11T01:46:24.807027+00:00,200,505.42,
2026-09-11T01:46:24.450542+00:00,200,867.24,
2026-09-11T01:46:25.071603+00:00,200,249.98,
2026-09-11T01:46:24.873030+00:00,200,462.36,
2026-09-11T01:46:23.994720+00:00,200,1354.59,
2026-09-11T01:46:24.060697+00:00,200,1296.40,
2026-09-11T01:46:23.786859+00:00,200,1583.47,
2026-09-11T01:46:24.658327+00:00,200,713.81,
2026-09-11T01:46:23.859622+00:00,200,1520.06,
2026-09-11T01:46:23.315506+00:00,200,2067.90,
2026-09-11T01:46:20.556708+00:00,200,4835.98,
2026-09-11T01:46:24.765581+00:00,200,625.96,
2026-09-11T01:46:24.527392+00:00,200,869.47,
2026-09-11T01:46:23.016190+00:00,200,2381.72,
2026-09-11T01:46:22.427271+00:00,200,2970.37,
2026-09-11T01:46:23.936147+00:00,200,1466.04,
2026-09-11T01:46:20.214325+00:00,200,5207.68,
2026-09-11T01:46:24.046724+00:00,200,1374.53,
2026-09-11T01:46:25.359266+00:00,200,67.71,
2026-09-11T01:46:24.670642+00:00,200,773.60,
2026-09-11T01:46:25.359266+00:00,200,76.41,
2026-09-11T01:46:24.615618+00:00,200,843.17,
2026-09-11T01:46:24.944100+00:00,200,522.01,
2026-09-11T01:46:24.648916+00:00,200,820.87,
2026-09-11T01:46:23.676697+00:00,200,1792.72,
2026-09-11T01:46:25.129152+00:00,200,359.13,
2026-09-11T01:46:23.560163+00:00,200,1929.73,
2026-09-11T01:46:24.820444+00:00,200,674.78,
2026-09-11T01:46:23.478720+00:00,200,2019.02,
2026-09-11T01:46:23.950108+00:00,200,1547.49,
2026-09-11T01:46:24.098776+00:00,200,1409.09,
2026-09-11T01:46:24.887268+00:00,200,624.94,
2026-09-11T01:46:22.120488+00:00,200,3400.55,
2026-09-11T01:46:25.435598+00:00,200,87.94,
2026-09-11T01:46:24.829938+00:00,200,705.61,
2026-09-11T01:46:24.046724+00:00,200,1510.80,
2026-09-11T01:46:22.547076+00:00,200,3019.30,
2026-09-11T01:46:25.312884+00:00,200,249.56,
2026-09-11T01:46:25.489875+00:00,200,73.47,
2026-09-11T01:46:23.632169+00:00,200,1937.49,
2026-09-11T01:46:22.930122+00:00,200,2651.74,
2026-09-11T01:46:24.125695+00:00,200,1454.02,
2026-09-11T01:46:23.206326+00:00,200,2378.07,
2026-09-11T01:46:24.812893+00:00,200,781.29,
2026-09-11T01:46:24.392312+00:00,200,1208.69,
2026-09-11T01:46:24.686274+00:00,200,922.39,
2026-09-11T01:46:25.165737+00:00,200,449.63,
2026-09-11T01:46:25.312884+00:00,200,301.27,
2026-09-11T01:46:25.331347+00:00,200,293.67,
2026-09-11T01:46:25.197137+00:00,200,437.82,
2026-09-11T01:46:23.480731+00:00,200,2160.25,
2026-09-11T01:46:25.378615+00:00,200,264.43,
2026-09-11T01:46:23.397888+00:00,200,2248.29,
2026-09-11T01:46:25.565022+00:00,200,85.70,
2026-09-11T01:46:22.610976+00:00,200,3044.87,
2026-09-11T01:46:24.518249+00:00,200,1155.28,
2026-09-11T01:46:22.692581+00:00,200,2980.55,
2026-09-11T01:46:24.250066+00:00,200,1433.92,
2026-09-11T01:46:24.903119+00:00,200,790.24,
2026-09-11T01:46:22.629632+00:00,200,3059.33,
2026-09-11T01:46:25.261995+00:00,200,446.92,
2026-09-11T01:46:22.159888+00:00,200,3566.88,
2026-09-11T01:46:24.782507+00:00,200,952.48,
2026-09-11T01:46:25.100921+00:00,200,634.98,
2026-09-11T01:46:24.892286+00:00,200,846.19,
2026-09-11T01:46:24.503102+00:00,200,1235.44,
2026-09-11T01:46:24.723931+00:00,200,1027.10,
2026-09-11T01:46:25.011508+00:00,200,743.27,
2026-09-11T01:46:24.641937+00:00,200,1134.83,
2026-09-11T01:46:25.302589+00:00,200,476.65,
2026-09-11T01:46:25.679174+00:00,200,96.62,
2026-09-11T01:46:25.249314+00:00,200,536.03,
2026-09-11T01:46:25.224003+00:00,200,571.03,
2026-09-11T01:46:25.263741+00:00,200,540.43,
2026-09-11T01:46:25.515456+00:00,200,287.89,
2026-09-11T01:46:22.497420+00:00,200,3319.32,
2026-09-11T01:46:23.831068+00:00,200,1986.81,
2026-09-11T01:46:23.803052+00:00,200,2023.47,
2026-09-11T01:46:25.146941+00:00,200,686.06,
2026-09-11T01:46:25.275947+00:00,200,560.12,
2026-09-11T01:46:25.403792+00:00,200,432.90,
2026-09-11T01:46:21.826861+00:00,200,4012.42,
2026-09-11T01:46:25.750081+00:00,200,91.06,
2026-09-11T01:46:23.289508+00:00,200,2555.28,
2026-09-11T01:46:24.586326+00:00,200,1268.06,
2026-09-11T01:46:25.439509+00:00,200,417.24,
2026-09-11T01:46:23.614543+00:00,200,2266.36,
2026-09-11T01:46:24.796563+00:00,200,1088.33,
2026-09-11T01:46:23.156643+00:00,200,2728.99,
2026-09-11T01:46:23.792927+00:00,200,2088.36,
2026-09-11T01:46:25.487929+00:00,200,407.78,
2026-09-11T01:46:25.813587+00:00,200,89.60,
2026-09-11T01:46:23.790750+00:00,200,2117.61,
2026-09-11T01:46:25.497993+00:00,200,428.01,
2026-09-11T01:46:24.287437+00:00,200,1642.01,
2026-09-11T01:46:25.311378+00:00,200,621.39,
2026-09-11T01:46:24.191710+00:00,200,1743.83,
2026-09-11T01:46:24.011579+00:00,200,1928.52,
2026-09-11T01:46:25.445032+00:00,200,497.95,
2026-09-11T01:46:22.035595+00:00,200,3908.79,
2026-09-11T01:46:24.804266+00:00,200,1145.86,
2026-09-11T01:46:25.473634+00:00,200,490.91,
2026-09-11T01:46:22.286614+00:00,200,3691.95,
2026-09-11T01:46:23.903181+00:00,200,2080.14,
2026-09-11T01:46:24.761466+00:00,200,1230.04,
2026-09-11T01:46:25.693324+00:00,200,299.35,
2026-09-11T01:46:20.439354+00:00,200,5555.59,
2026-09-11T01:46:25.131152+00:00,200,868.66,
2026-09-11T01:46:25.182914+00:00,200,815.95,
2026-09-11T01:46:24.813897+00:00,200,1207.60,
2026-09-11T01:46:24.535040+00:00,200,1494.80,
2026-09-11T01:46:25.679174+00:00,200,353.38,
2026-09-11T01:46:22.286614+00:00,200,3748.82,
2026-09-11T01:46:21.982350+00:00,200,4048.49,
2026-09-11T01:46:24.897971+00:00,200,1144.82,
2026-09-11T01:46:24.060697+00:00,200,1994.42,
2026-09-11T01:46:24.138710+00:00,200,1918.75,
2026-09-11T01:46:24.493614+00:00,200,1576.45,
2026-09-11T01:46:24.903119+00:00,200,1171.44,
2026-09-11T01:46:25.003162+00:00,200,1074.82,
2026-09-11T01:46:24.493614+00:00,200,1586.50,
2026-09-11T01:46:22.219288+00:00,200,3876.48,
2026-09-11T01:46:25.305631+00:00,200,792.10,
2026-09-11T01:46:20.849738+00:00,200,5247.91,
2026-09-11T01:46:24.541644+00:00,200,1555.79,
2026-09-11T01:46:25.512430+00:00,200,596.76,
2026-09-11T01:46:24.977634+00:00,200,1148.62,
2026-09-11T01:46:25.780499+00:00,200,348.33,
2026-09-11T01:46:25.101918+00:00,200,1037.99,
2026-09-11T01:46:24.983069+00:00,200,1162.58,
2026-09-11T01:46:25.675721+00:00,200,475.35,
2026-09-11T01:46:25.106354+00:00,200,1040.80,
2026-09-11T01:46:25.299575+00:00,200,853.44,
2026-09-11T01:46:24.167186+00:00,200,2002.01,
2026-09-11T01:46:25.094316+00:00,200,1079.61,
2026-09-11T01:46:22.191405+00:00,200,3991.92,
2026-09-11T01:46:25.146941+00:00,200,1040.35,
2026-09-11T01:46:24.833822+00:00,200,1376.92,
2026-09-11T01:46:23.406181+00:00,200,2803.79,
2026-09-11T01:46:25.826883+00:00,200,387.89,
2026-09-11T01:46:25.625861+00:00,200,598.50,
2026-09-11T01:46:25.359266+00:00,200,858.84,
2026-09-11T01:46:24.415983+00:00,200,1819.73,
2026-09-11T01:46:26.173464+00:00,200,82.07,
2026-09-11T01:46:24.757246+00:00,200,1501.20,
2026-09-11T01:46:25.233202+00:00,200,1027.99,
2026-09-11T01:46:24.824142+00:00,200,1440.80,
2026-09-11T01:46:20.186669+00:00,200,6083.15,
2026-09-11T01:46:26.126831+00:00,200,162.70,
2026-09-11T01:46:23.934140+00:00,200,2361.38,
2026-09-11T01:46:25.636038+00:00,200,660.14,
2026-09-11T01:46:26.202271+00:00,200,98.55,
2026-09-11T01:46:23.819088+00:00,200,2497.21,
2026-09-11T01:46:26.227147+00:00,200,93.07,
2026-09-11T01:46:26.169953+00:00,200,163.88,
2026-09-11T01:46:25.533523+00:00,200,798.55,
2026-09-11T01:46:25.654297+00:00,200,682.98,
2026-09-11T01:46:20.950740+00:00,200,5388.97,
2026-09-11T01:46:25.106354+00:00,200,1232.10,
2026-09-11T01:46:25.565022+00:00,200,775.12,
2026-09-11T01:46:25.408327+00:00,200,943.08,
2026-09-11T01:46:24.203560+00:00,200,2157.49,
2026-09-11T01:46:25.750081+00:00,200,614.92,
2026-09-11T01:46:25.930355+00:00,200,444.33,
2026-09-11T01:46:25.896295+00:00,200,480.08,
2026-09-11T01:46:26.288458+00:00,200,96.10,
2026-09-11T01:46:23.087596+00:00,200,3308.48,
2026-09-11T01:46:25.939707+00:00,200,457.97,
2026-09-11T01:46:25.017382+00:00,200,1390.25,
2026-09-11T01:46:25.623638+00:00,200,786.41,
2026-09-11T01:46:26.310780+00:00,200,103.48,
2026-09-11T01:46:26.331576+00:00,200,91.22,
2026-09-11T01:46:26.079725+00:00,200,360.62,
2026-09-11T01:46:25.384129+00:00,200,1064.65,
2026-09-11T01:46:26.140202+00:00,200,306.71,
2026-09-11T01:46:26.066002+00:00,200,400.37,
2026-09-11T01:46:21.033354+00:00,200,5434.17,
2026-09-11T01:46:26.295728+00:00,200,184.88,
2026-09-11T01:46:25.419747+00:00,200,1062.12,
2026-09-11T01:46:25.908522+00:00,200,581.47,
2026-09-11T01:46:25.448033+00:00,200,1050.01,
2026-09-11T01:46:24.491096+00:00,200,2009.69,
2026-09-11T01:46:26.075719+00:00,200,428.47,
2026-09-11T01:46:25.063916+00:00,200,1442.49,
2026-09-11T01:46:23.849829+00:00,200,2659.29,
2026-09-11T01:46:26.424996+00:00,200,91.45,
2026-09-11T01:46:24.377699+00:00,200,2156.88,
2026-09-11T01:46:26.030371+00:00,200,512.58,
2026-09-11T01:46:25.813587+00:00,200,726.74,
2026-09-11T01:46:24.206231+00:00,200,2339.22,
2026-09-11T01:46:24.791540+00:00,200,1770.79,
2026-09-11T01:46:24.993827+00:00,200,1588.95,
2026-09-11T01:46:22.941532+00:00,200,3651.30,
2026-09-11T01:46:25.565022+00:00,200,1032.30,
2026-09-11T01:46:25.222995+00:00,200,1383.02,
2026-09-11T01:46:25.279707+00:00,200,1326.32,
2026-09-11T01:46:25.778150+00:00,200,831.94,
2026-09-11T01:46:24.403069+00:00,200,2210.66,
2026-09-11T01:46:24.060697+00:00,200,2553.00,
2026-09-11T01:46:25.985749+00:00,200,656.59,
2026-09-11T01:46:25.793975+00:00,200,849.42,
2026-09-11T01:46:25.995053+00:00,200,654.95,
2026-09-11T01:46:26.374401+00:00,200,279.60,
2026-09-11T01:46:23.988547+00:00,200,2665.68,
2026-09-11T01:46:25.309627+00:00,200,1365.08,
2026-09-11T01:46:22.866851+00:00,200,3816.32,
2026-09-11T01:46:26.331576+00:00,200,356.82,
2026-09-11T01:46:26.396526+00:00,200,301.12,
2026-09-11T01:46:24.679480+00:00,200,2026.68,
2026-09-11T01:46:25.729878+00:00,200,996.05,
2026-09-11T01:46:23.506860+00:00,200,3220.79,
2026-09-11T01:46:25.178589+00:00,200,1553.46,
2026-09-11T01:46:25.612660+00:00,200,1128.05,
2026-09-11T01:46:26.339637+00:00,200,408.29,
2026-09-11T01:46:26.479692+00:00,200,273.06,
2026-09-11T01:46:21.954346+00:00,200,4808.41,
2026-09-11T01:46:26.673596+00:00,200,95.18,
2026-09-11T01:46:25.991961+00:00,200,782.91,
2026-09-11T01:46:26.210629+00:00,200,567.49,
2026-09-11T01:46:25.163462+00:00,200,1621.36,
2026-09-11T01:46:23.059690+00:00,200,3722.27,
2026-09-11T01:46:24.021943+00:00,200,2778.42,
2026-09-11T01:46:26.168951+00:00,200,638.81,
2026-09-11T01:46:25.359266+00:00,200,1459.14,
2026-09-11T01:46:25.585141+00:00,200,1241.27,
2026-09-11T01:46:26.046669+00:00,200,784.75,
2026-09-11T01:46:26.747781+00:00,200,87.36,
2026-09-11T01:46:24.232190+00:00,200,2607.04,
2026-09-11T01:46:22.268935+00:00,200,4572.61,
2026-09-11T01:46:24.883118+00:00,200,1965.26,
2026-09-11T01:46:19.155655+00:00,200,7694.07,
2026-09-11T01:46:24.937766+00:00,200,1921.61,
2026-09-11T01:46:25.592872+00:00,200,1267.36,
2026-09-11T01:46:24.290452+00:00,200,2578.82,
2026-09-11T01:46:25.647273+00:00,200,1225.43,
2026-09-11T01:46:25.263741+00:00,200,1608.69,
2026-09-11T01:46:26.077726+00:00,200,803.50,
2026-09-11T01:46:26.506390+00:00,200,398.60,
2026-09-11T01:46:26.407581+00:00,200,507.87,
2026-09-11T01:46:24.503102+00:00,200,2409.62,
2026-09-11T01:46:26.465688+00:00,200,450.60,
2026-09-11T01:46:25.707049+00:00,200,1210.01,
2026-09-11T01:46:26.216140+00:00,200,703.36,
2026-09-11T01:46:26.439735+00:00,200,502.20,
2026-09-11T01:46:24.627447+00:00,200,2315.14,
2026-09-11T01:46:26.297729+00:00,200,657.77,
2026-09-11T01:46:24.557949+00:00,200,2398.22,
2026-09-11T01:46:26.774659+00:00,200,190.06,
2026-09-11T01:46:26.448841+00:00,200,514.23,
2026-09-11T01:46:21.133512+00:00,200,5843.53,
2026-09-11T01:46:24.658327+00:00,200,2318.02,
2026-09-11T01:46:26.448841+00:00,200,532.44,
2026-09-11T01:46:24.365310+00:00,200,2618.87,
2026-09-11T01:46:26.515148+00:00,200,485.23,
2026-09-11T01:46:25.096317+00:00,200,1907.55,
2026-09-11T01:46:25.656302+00:00,200,1349.04,
2026-09-11T01:46:25.875601+00:00,200,1131.44,
2026-09-11T01:46:23.850840+00:00,200,3175.36,
2026-09-11T01:46:24.378784+00:00,200,2652.11,
2026-09-11T01:46:25.081187+00:00,200,1955.04,
2026-09-11T01:46:26.273242+00:00,200,765.89,
2026-09-11T01:46:24.578852+00:00,200,2471.25,
2026-09-11T01:46:25.032549+00:00,200,2026.80,
2026-09-11T01:46:25.939707+00:00,200,1126.23,
2026-09-11T01:46:25.741123+00:00,200,1331.78,
2026-09-11T01:46:24.946607+00:00,200,2130.44,
2026-09-11T01:46:22.330329+00:00,200,4742.15,
2026-09-11T01:46:25.951978+00:00,200,1131.99,
2026-09-11T01:46:25.813587+00:00,200,1279.62,
2026-09-11T01:46:27.017201+00:00,200,97.31,
2026-09-11T01:46:25.395261+00:00,200,1725.89,
2026-09-11T01:46:27.030244+00:00,200,98.94,
2026-09-11T01:46:26.465688+00:00,200,667.98,
2026-09-11T01:46:26.717304+00:00,200,423.87,
2026-09-11T01:46:26.598489+00:00,200,562.02,
2026-09-11T01:46:25.573572+00:00,200,1588.38,
2026-09-11T01:46:25.939707+00:00,200,1219.61,
2026-09-11T01:46:26.979264+00:00,200,188.69,
2026-09-11T01:46:22.542322+00:00,200,4633.35,
2026-09-11T01:46:26.540592+00:00,200,638.64,
2026-09-11T01:46:26.839695+00:00,200,335.07,
2026-09-11T01:46:24.272891+00:00,200,2923.42,
2026-09-11T01:46:25.641992+00:00,200,1558.35,
2026-09-11T01:46:24.741257+00:00,200,2455.75,
2026-09-11T01:46:25.951978+00:00,200,1248.26,
2026-09-11T01:46:26.099152+00:00,200,1109.74,
2026-09-11T01:46:24.281478+00:00,200,2930.51,
2026-09-11T01:46:25.782008+00:00,200,1429.51,
2026-09-11T01:46:27.136125+00:00,200,96.26,
2026-09-11T01:46:20.350315+00:00,200,6901.35,
2026-09-11T01:46:26.108931+00:00,200,1161.35,
2026-09-11T01:46:22.305904+00:00,200,4972.68,
2026-09-11T01:46:25.846773+00:00,200,1436.02,
2026-09-11T01:46:26.770649+00:00,200,517.09,
2026-09-11T01:46:26.299202+00:00,200,993.00,
2026-09-11T01:46:25.106354+00:00,200,2188.02,
2026-09-11T01:46:26.270708+00:00,200,1028.85,
2026-09-11T01:46:26.128840+00:00,200,1185.02,
2026-09-11T01:46:26.855198+00:00,200,464.46,
2026-09-11T01:46:26.533132+00:00,200,791.03,
2026-09-11T01:46:25.875601+00:00,200,1450.38,
2026-09-11T01:46:26.490885+00:00,200,843.72,
2026-09-11T01:46:26.943518+00:00,200,404.28,
2026-09-11T01:46:26.386637+00:00,200,967.53,
2026-09-11T01:46:21.585967+00:00,200,5762.32,
2026-09-11T01:46:26.805519+00:00,200,557.52,
2026-09-11T01:46:25.694350+00:00,200,1691.04,
2026-09-11T01:46:25.813587+00:00,200,1588.15,
2026-09-11T01:46:26.758900+00:00,200,646.38,
2026-09-11T01:46:25.393255+00:00,200,2020.15,
2026-09-11T01:46:25.533523+00:00,200,1886.07,
2026-09-11T01:46:26.916205+00:00,200,517.94,
2026-09-11T01:46:26.344657+00:00,200,1091.26,
2026-09-11T01:46:23.620309+00:00,200,3816.70,
2026-09-11T01:46:26.698031+00:00,200,745.24,
2026-09-11T01:46:26.793961+00:00,200,647.04,
2026-09-11T01:46:25.295558+00:00,200,2154.73,
2026-09-11T01:46:26.643829+00:00,200,808.57,
2026-09-11T01:46:23.421238+00:00,200,4039.35,
2026-09-11T01:46:25.249314+00:00,200,2210.00,
2026-09-11T01:46:22.228434+00:00,200,5244.54,
2026-09-11T01:46:27.403847+00:00,200,96.05,
2026-09-11T01:46:27.033980+00:00,200,466.76,
2026-09-11T01:46:26.792213+00:00,200,711.35,
2026-09-11T01:46:25.608907+00:00,200,1900.76,
2026-09-11T01:46:27.181962+00:00,200,330.37,
2026-09-11T01:46:27.030244+00:00,200,483.93,
2026-09-11T01:46:24.918741+00:00,200,2599.65,
2026-09-11T01:46:27.057806+00:00,200,460.99,
2026-09-11T01:46:22.599235+00:00,200,4926.71,
2026-09-11T01:46:21.889291+00:00,200,5646.76,
2026-09-11T01:46:27.121037+00:00,200,424.02,
2026-09-11T01:46:24.440458+00:00,200,3121.26,
2026-09-11T01:46:26.343656+00:00,200,1230.90,
2026-09-11T01:46:26.183146+00:00,200,1400.27,
2026-09-11T01:46:27.162040+00:00,200,422.05,
2026-09-11T01:46:27.313758+00:00,200,270.89,
2026-09-11T01:46:25.263741+00:00,200,2326.99,
2026-09-11T01:46:24.461922+00:00,200,3144.90,
2026-09-11T01:46:26.692736+00:00,200,917.32,
2026-09-11T01:46:24.591358+00:00,200,3021.44,
2026-09-11T01:46:25.736679+00:00,200,1892.64,
2026-09-11T01:46:27.536374+00:00,200,100.88,
2026-09-11T01:46:27.002600+00:00,200,636.77,
2026-09-11T01:46:23.588127+00:00,200,4059.05,
2026-09-11T01:46:26.784188+00:00,200,866.07,
2026-09-11T01:46:26.131295+00:00,200,1516.45,
2026-09-11T01:46:25.935874+00:00,200,1729.61,
2026-09-11T01:46:26.764590+00:00,200,900.53,
2026-09-11T01:46:25.466542+00:00,200,2206.32,
2026-09-11T01:46:26.001632+00:00,200,1676.19,
2026-09-11T01:46:27.499478+00:00,200,179.84,
2026-09-11T01:46:26.497976+00:00,200,1180.42,
2026-09-11T01:46:27.325303+00:00,200,368.36,
2026-09-11T01:46:27.607944+00:00,200,85.46,
2026-09-11T01:46:26.540592+00:00,200,1171.12,
2026-09-11T01:46:27.424874+00:00,200,287.88,
2026-09-11T01:46:26.095137+00:00,200,1626.73,
2026-09-11T01:46:26.414328+00:00,200,1319.30,
2026-09-11T01:46:26.811265+00:00,200,912.95,
2026-09-11T01:46:27.198659+00:00,200,554.97,
2026-09-11T01:46:27.140841+00:00,200,620.78,
2026-09-11T01:46:26.426502+00:00,200,1338.09,
2026-09-11T01:46:27.665645+00:00,200,101.37,
2026-09-11T01:46:24.125695+00:00,200,3648.68,
2026-09-11T01:46:26.834584+00:00,200,942.41,
2026-09-11T01:46:26.066002+00:00,200,1721.97,
2026-09-11T01:46:27.076555+00:00,200,718.38,
2026-09-11T01:46:26.237349+00:00,200,1561.87,
2026-09-11T01:46:27.437835+00:00,200,367.37,
2026-09-11T01:46:27.691592+00:00,200,141.34,
2026-09-11T01:46:25.643621+00:00,200,2197.72,
2026-09-11T01:46:25.470551+00:00,200,2372.84,
2026-09-11T01:46:27.043233+00:00,200,810.42,
2026-09-11T01:46:25.070602+00:00,200,2787.18,
2026-09-11T01:46:27.763439+00:00,200,95.79,
2026-09-11T01:46:21.698807+00:00,200,6168.33,
2026-09-11T01:46:25.035525+00:00,200,2833.21,
2026-09-11T01:46:27.671673+00:00,200,198.37,
2026-09-11T01:46:24.138710+00:00,200,3728.40,
2026-09-11T01:46:25.711065+00:00,200,2174.71,
2026-09-11T01:46:27.405851+00:00,200,486.47,
2026-09-11T01:46:26.830555+00:00,200,1065.08,
2026-09-11T01:46:25.343504+00:00,200,2553.40,
2026-09-11T01:46:26.855198+00:00,200,1037.29,
2026-09-11T01:46:26.376402+00:00,200,1533.97,
2026-09-11T01:46:26.318712+00:00,200,1606.87,
2026-09-11T01:46:27.017201+00:00,200,908.21,
2026-09-11T01:46:25.565022+00:00,200,2369.82,
2026-09-11T01:46:25.219487+00:00,200,2727.59,
2026-09-11T01:46:21.435626+00:00,200,6517.81,
2026-09-11T01:46:24.225215+00:00,200,3733.60,
2026-09-11T01:46:26.862865+00:00,200,1097.29,
2026-09-11T01:46:27.545177+00:00,200,421.16,
2026-09-11T01:46:27.612382+00:00,200,361.39,
2026-09-11T01:46:27.607944+00:00,200,375.52,
2026-09-11T01:46:22.859821+00:00,200,5123.73,
2026-09-11T01:46:27.344055+00:00,200,637.86,
2026-09-11T01:46:27.167054+00:00,200,828.72,
2026-09-11T01:46:25.424665+00:00,200,2583.38,
2026-09-11T01:46:26.401288+00:00,200,1622.62,
2026-09-11T01:46:27.937316+00:00,200,88.02,
2026-09-11T01:46:27.941329+00:00,200,89.86,
2026-09-11T01:46:27.182971+00:00,200,856.50,
2026-09-11T01:46:26.648262+00:00,200,1396.03,
2026-09-11T01:46:27.957221+00:00,200,91.82,
2026-09-11T01:46:23.757761+00:00,200,4298.55,
2026-09-11T01:46:27.218691+00:00,200,849.44,
2026-09-11T01:46:24.582420+00:00,200,3499.75,
2026-09-11T01:46:27.766951+00:00,200,316.40,
2026-09-11T01:46:24.535040+00:00,200,3553.14,
2026-09-11T01:46:27.798158+00:00,200,291.57,
2026-09-11T01:46:25.898304+00:00,200,2197.88,
2026-09-11T01:46:27.005612+00:00,200,1098.97,
2026-09-11T01:46:23.959813+00:00,200,4147.45,
2026-09-11T01:46:25.131152+00:00,200,2983.30,
2026-09-11T01:46:20.246523+00:00,200,7890.05,
2026-09-11T01:46:27.385978+00:00,200,764.06,
2026-09-11T01:46:27.569519+00:00,200,582.53,
2026-09-11T01:46:24.972907+00:00,200,3186.75,
2026-09-11T01:46:28.060690+00:00,200,104.49,
2026-09-11T01:46:26.726226+00:00,200,1459.34,
2026-09-11T01:46:25.459032+00:00,200,2731.70,
2026-09-11T01:46:27.504375+00:00,200,690.77,
2026-09-11T01:46:26.605939+00:00,200,1596.98,
2026-09-11T01:46:27.286070+00:00,200,921.07,
2026-09-11T01:46:26.034766+00:00,200,2175.94,
2026-09-11T01:46:21.615678+00:00,200,6604.69,
2026-09-11T01:46:27.869972+00:00,200,357.79,
2026-09-11T01:46:27.270528+00:00,200,961.03,
2026-09-11T01:46:23.181150+00:00,200,5059.44,
2026-09-11T01:46:28.137604+00:00,200,108.35,
2026-09-11T01:46:27.208674+00:00,200,1049.44,
2026-09-11T01:46:27.235147+00:00,200,1037.79,
2026-09-11T01:46:27.895360+00:00,200,382.01,
2026-09-11T01:46:25.395261+00:00,200,2888.57,
2026-09-11T01:46:27.846429+00:00,200,432.08,
2026-09-11T01:46:28.104310+00:00,200,187.12,
2026-09-11T01:46:27.174608+00:00,200,1117.43,
2026-09-11T01:46:27.618828+00:00,200,682.85,
2026-09-11T01:46:26.504770+00:00,200,1813.08,
2026-09-11T01:46:27.098019+00:00,200,1234.90,
2026-09-11T01:46:25.875601+00:00,200,2462.85,
2026-09-11T01:46:26.540592+00:00,200,1810.92,
2026-09-11T01:46:25.736679+00:00,200,2621.83,
2026-09-11T01:46:27.787398+00:00,200,572.88,
2026-09-11T01:46:27.507908+00:00,200,865.79,
2026-09-11T01:46:24.741257+00:00,200,3636.05,
2026-09-11T01:46:26.729736+00:00,200,1654.17,
2026-09-11T01:46:26.015683+00:00,200,2372.18,
2026-09-11T01:46:25.502003+00:00,200,2897.78,
2026-09-11T01:46:22.826107+00:00,200,5574.70,
2026-09-11T01:46:26.871718+00:00,200,1530.46,
2026-09-11T01:46:28.153430+00:00,200,268.12,
2026-09-11T01:46:28.317598+00:00,200,116.30,
2026-09-11T01:46:26.497976+00:00,200,1944.82,
2026-09-11T01:46:24.413564+00:00,200,4039.79,
2026-09-11T01:46:28.023871+00:00,200,447.37,
2026-09-11T01:46:22.079264+00:00,200,6407.44,
2026-09-11T01:46:27.644598+00:00,200,842.15,
2026-09-11T01:46:26.366949+00:00,200,2127.87,
2026-09-11T01:46:26.793961+00:00,200,1707.48,
2026-09-11T01:46:26.838584+00:00,200,1666.51,
2026-09-11T01:46:26.877749+00:00,200,1630.14,
2026-09-11T01:46:27.083058+00:00,200,1432.15,
2026-09-11T01:46:26.214635+00:00,200,2318.28,
2026-09-11T01:46:25.840204+00:00,200,2696.68,
2026-09-11T01:46:24.339609+00:00,200,4203.47,
2026-09-11T01:46:26.154502+00:00,200,2395.02,
2026-09-11T01:46:27.754374+00:00,200,799.00,
2026-09-11T01:46:26.506390+00:00,200,2049.03,
2026-09-11T01:46:26.742503+00:00,200,1829.30,
2026-09-11T01:46:28.488201+00:00,200,89.05,
2026-09-11T01:46:26.264638+00:00,200,2325.23,
2026-09-11T01:46:28.383183+00:00,200,219.56,
2026-09-11T01:46:28.508808+00:00,200,97.30,
2026-09-11T01:46:25.343504+00:00,200,3258.39,
2026-09-11T01:46:27.276851+00:00,200,1332.31,
2026-09-11T01:46:27.513406+00:00,200,1096.86,
2026-09-11T01:46:22.565296+00:00,200,6059.08,
2026-09-11T01:46:25.836460+00:00,200,2790.53,
2026-09-11T01:46:21.784068+00:00,200,6846.76,
2026-09-11T01:46:26.609544+00:00,200,2025.90,
2026-09-11T01:46:26.190967+00:00,200,2456.61,
2026-09-11T01:46:27.805926+00:00,200,848.82,
2026-09-11T01:46:26.508760+00:00,200,2157.01,
2026-09-11T01:46:27.212693+00:00,200,1468.14,
2026-09-11T01:46:26.839695+00:00,200,1838.53,
2026-09-11T01:46:27.878123+00:00,200,808.24,
2026-09-11T01:46:26.259636+00:00,200,2433.17,
2026-09-11T01:46:25.841810+00:00,200,2868.05,
2026-09-11T01:46:26.880760+00:00,200,1841.26,
2026-09-11T01:46:27.329826+00:00,200,1400.02,
2026-09-11T01:46:28.210564+00:00,200,526.17,
2026-09-11T01:46:28.234221+00:00,200,506.30,
2026-09-11T01:46:27.957221+00:00,200,776.25,
2026-09-11T01:46:28.349867+00:00,200,399.37,
2026-09-11T01:46:25.996607+00:00,200,2758.63,
2026-09-11T01:46:27.329826+00:00,200,1424.88,
2026-09-11T01:46:26.939959+00:00,200,1815.14,
2026-09-11T01:46:27.584890+00:00,200,1182.62,
2026-09-11T01:46:25.599138+00:00,200,3187.51,
2026-09-11T01:46:27.166049+00:00,200,1622.90,
2026-09-11T01:46:26.635544+00:00,200,2162.81,
2026-09-11T01:46:27.207759+00:00,200,1595.64,
2026-09-11T01:46:25.916779+00:00,200,2889.34,
2026-09-11T01:46:27.679171+00:00,200,1136.32,
2026-09-11T01:46:28.025878+00:00,200,804.21,
2026-09-11T01:46:28.335106+00:00,200,498.09,
2026-09-11T01:46:27.864186+00:00,200,971.49,
2026-09-11T01:46:27.329826+00:00,200,1512.04,
2026-09-11T01:46:27.476923+00:00,200,1381.37,
2026-09-11T01:46:28.231429+00:00,200,636.28,
2026-09-11T01:46:28.503798+00:00,200,365.49,
2026-09-11T01:46:26.906364+00:00,200,1973.46,
2026-09-11T01:46:28.471600+00:00,200,414.81,
2026-09-11T01:46:28.376432+00:00,200,524.92,
2026-09-11T01:46:27.293270+00:00,200,1613.11,
2026-09-11T01:46:27.439850+00:00,200,1465.29,
2026-09-11T01:46:27.842371+00:00,200,1070.33,
2026-09-11T01:46:28.075360+00:00,200,837.82,
2026-09-11T01:46:28.829791+00:00,200,83.28,
2026-09-11T01:46:27.829803+00:00,200,1089.93,
2026-09-11T01:46:26.030889+00:00,200,2895.29,
2026-09-11T01:46:28.279543+00:00,200,661.92,
2026-09-11T01:46:27.957221+00:00,200,982.93,
2026-09-11T01:46:28.401700+00:00,200,542.47,
2026-09-11T01:46:28.051159+00:00,200,908.36,
2026-09-11T01:46:27.582881+00:00,200,1378.81,
2026-09-11T01:46:28.361171+00:00,200,602.20,
2026-09-11T01:46:27.002600+00:00,200,1977.67,
2026-09-11T01:46:26.558423+00:00,200,2419.38,
2026-09-11T01:46:28.379632+00:00,200,603.51,
2026-09-11T01:46:26.140202+00:00,200,2857.27,
2026-09-11T01:46:23.542362+00:00,200,5466.49,
2026-09-11T01:46:25.515456+00:00,200,3492.07,
2026-09-11T01:46:27.511898+00:00,200,1523.87,
2026-09-11T01:46:24.003145+00:00,200,5035.98,
2026-09-11T01:46:28.095018+00:00,200,947.10,
2026-09-11T01:46:28.739402+00:00,200,312.60,
2026-09-11T01:46:28.527325+00:00,200,529.89,
2026-09-11T01:46:27.596250+00:00,200,1470.05,
2026-09-11T01:46:28.039497+00:00,200,1041.40,
2026-09-11T01:46:27.984859+00:00,200,1103.97,
2026-09-11T01:46:26.581552+00:00,200,2526.87,
2026-09-11T01:46:27.665645+00:00,200,1445.95,
2026-09-11T01:46:28.023871+00:00,200,1089.14,
2026-09-11T01:46:28.079021+00:00,200,1042.07,
2026-09-11T01:46:24.387363+00:00,200,4767.77,
2026-09-11T01:46:23.769538+00:00,200,5391.23,
2026-09-11T01:46:28.663679+00:00,200,496.66,
2026-09-11T01:46:26.826015+00:00,200,2342.12,
2026-09-11T01:46:26.655736+00:00,200,2516.45,
2026-09-11T01:46:27.764945+00:00,200,1409.99,
2026-09-11T01:46:25.782008+00:00,200,3390.30,
2026-09-11T01:46:28.634693+00:00,200,544.41,
2026-09-11T01:46:23.624115+00:00,200,5559.04,
2026-09-11T01:46:28.609537+00:00,200,581.85,
2026-09-11T01:46:29.089085+00:00,200,105.31,
2026-09-11T01:46:28.302907+00:00,200,901.95,
2026-09-11T01:46:28.223922+00:00,200,984.33,
2026-09-11T01:46:23.221618+00:00,200,5991.87,
2026-09-11T01:46:25.195125+00:00,200,4041.60,
2026-09-11T01:46:26.097145+00:00,200,3154.05,
2026-09-11T01:46:26.811265+00:00,200,2432.29,
2026-09-11T01:46:28.545498+00:00,200,716.19,
2026-09-11T01:46:28.609537+00:00,200,655.12,
2026-09-11T01:46:28.149301+00:00,200,1149.91,
2026-09-11T01:46:27.885291+00:00,200,1417.31,
2026-09-11T01:46:27.776060+00:00,200,1528.42,
2026-09-11T01:46:28.926782+00:00,200,381.44,
2026-09-11T01:46:28.943932+00:00,200,374.72,
2026-09-11T01:46:25.489875+00:00,200,3839.94,
2026-09-11T01:46:29.223144+00:00,200,111.93,
2026-09-11T01:46:28.450223+00:00,200,888.86,
2026-09-11T01:46:26.465688+00:00,200,2880.20,
2026-09-11T01:46:27.800392+00:00,200,1559.53,
2026-09-11T01:46:27.652595+00:00,200,1708.29,
2026-09-11T01:46:22.409949+00:00,200,6945.68,
2026-09-11T01:46:27.991235+00:00,200,1373.70,
2026-09-11T01:46:26.681965+00:00,200,2685.02,
2026-09-11T01:46:28.321516+00:00,200,1050.58,
2026-09-11T01:46:29.265225+00:00,200,113.39,
2026-09-11T01:46:28.983459+00:00,200,409.29,
2026-09-11T01:46:27.286070+00:00,200,2105.31,
2026-09-11T01:46:25.856851+00:00,200,3558.38,
2026-09-11T01:46:24.105596+00:00,200,5325.11,
2026-09-11T01:46:26.409717+00:00,200,3035.02,
2026-09-11T01:46:27.047402+00:00,200,2395.15,
2026-09-11T01:46:28.964086+00:00,200,490.14,
2026-09-11T01:46:28.962081+00:00,200,496.52,
2026-09-11T01:46:27.895360+00:00,200,1569.77,
2026-09-11T01:46:26.231080+00:00,200,3246.39,
2026-09-11T01:46:26.099152+00:00,200,3385.44,
2026-09-11T01:46:26.152502+00:00,200,3342.78,
2026-09-11T01:46:26.483859+00:00,200,3017.77,
2026-09-11T01:46:25.469551+00:00,200,4035.53,
2026-09-11T01:46:29.390319+00:00,200,115.44,
2026-09-11T01:46:24.576752+00:00,200,4964.39,
2026-09-11T01:46:29.301797+00:00,200,243.64,
2026-09-11T01:46:29.109834+00:00,200,439.27,
2026-09-11T01:46:28.844382+00:00,200,717.49,
2026-09-11T01:46:26.066002+00:00,200,3500.26,
2026-09-11T01:46:27.736406+00:00,200,1839.71,
2026-09-11T01:46:24.524374+00:00,200,5054.54,
2026-09-11T01:46:24.928743+00:00,200,4655.79,
2026-09-11T01:46:29.013388+00:00,200,575.49,
2026-09-11T01:46:28.634693+00:00,200,959.23,
2026-09-11T01:46:28.799311+00:00,200,796.87,
2026-09-11T01:46:28.535077+00:00,200,1063.85,
2026-09-11T01:46:27.115557+00:00,200,2486.72,
2026-09-11T01:46:25.604169+00:00,200,4014.05,
2026-09-11T01:46:28.709883+00:00,200,915.64,
2026-09-11T01:46:21.528946+00:00,200,8100.26,
2026-09-11T01:46:29.140336+00:00,200,495.95,
2026-09-11T01:46:29.539876+00:00,200,114.29,
2026-09-11T01:46:26.242548+00:00,200,3421.84,
2026-09-11T01:46:26.839695+00:00,200,2829.04,
2026-09-11T01:46:29.159676+00:00,200,528.23,
2026-09-11T01:46:28.357129+00:00,200,1338.53,
2026-09-11T01:46:26.252613+00:00,200,3442.97,
2026-09-11T01:46:29.465486+00:00,200,243.16,
2026-09-11T01:46:26.956294+00:00,200,2765.90,
2026-09-11T01:46:28.152375+00:00,200,1578.48,
2026-09-11T01:46:28.400349+00:00,200,1333.86,
2026-09-11T01:46:27.466227+00:00,200,2277.23,
2026-09-11T01:46:29.395500+00:00,200,357.25,
2026-09-11T01:46:29.207310+00:00,200,545.49,
2026-09-11T01:46:27.453626+00:00,200,2299.84,
2026-09-11T01:46:29.298615+00:00,200,462.27,
2026-09-11T01:46:28.679808+00:00,200,1092.77,
2026-09-11T01:46:27.846429+00:00,200,1916.34,
2026-09-11T01:46:29.664665+00:00,200,116.72,
2026-09-11T01:46:25.047326+00:00,200,4745.81,
2026-09-11T01:46:26.353489+00:00,200,3440.69,
2026-09-11T01:46:29.252890+00:00,200,558.10,
2026-09-11T01:46:26.980948+00:00,200,2825.37,
2026-09-11T01:46:29.477589+00:00,200,343.14,
2026-09-11T01:46:27.129222+00:00,200,2698.35,
2026-09-11T01:46:28.185805+00:00,200,1648.23,
2026-09-11T01:46:25.242646+00:00,200,4604.45,
2026-09-11T01:46:28.748355+00:00,200,1099.85,
2026-09-11T01:46:22.330329+00:00,200,7521.53,
2026-09-11T01:46:28.907171+00:00,200,962.73,
2026-09-11T01:46:29.103294+00:00,200,771.98,
2026-09-11T01:46:28.627638+00:00,200,1248.57,
2026-09-11T01:46:28.563423+00:00,200,1318.41,
2026-09-11T01:46:29.265225+00:00,200,626.07,
2026-09-11T01:46:28.553569+00:00,200,1340.63,
2026-09-11T01:46:29.810423+00:00,200,88.17,
2026-09-11T01:46:22.577120+00:00,200,7332.68,
2026-09-11T01:46:28.785278+00:00,200,1126.92,
2026-09-11T01:46:25.508431+00:00,200,4412.96,
2026-09-11T01:46:23.755701+00:00,200,6172.61,
2026-09-11T01:46:28.849088+00:00,200,1084.98,
2026-09-11T01:46:29.364884+00:00,200,576.02,
2026-09-11T01:46:29.843407+00:00,200,97.71,
2026-09-11T01:46:22.402371+00:00,200,7560.95,
2026-09-11T01:46:27.250060+00:00,200,2723.04,
2026-09-11T01:46:29.565084+00:00,200,407.78,
2026-09-11T01:46:29.123731+00:00,200,854.75,
2026-09-11T01:46:26.980948+00:00,200,3005.58,
2026-09-11T01:46:28.122059+00:00,200,1872.14,
2026-09-11T01:46:26.036787+00:00,200,3958.15,
2026-09-11T01:46:26.609544+00:00,200,3389.24,
2026-09-11T01:46:27.912931+00:00,200,2085.59,
2026-09-11T01:46:28.044919+00:00,200,1961.73,
2026-09-11T01:46:29.330604+00:00,200,688.26,
2026-09-11T01:46:27.795158+00:00,200,2225.74,
2026-09-11T01:46:23.988547+00:00,200,6034.51,
2026-09-11T01:46:27.564265+00:00,200,2470.27,
2026-09-11T01:46:28.630788+00:00,200,1407.61,
2026-09-11T01:46:28.617058+00:00,200,1431.22,
2026-09-11T01:46:27.070664+00:00,200,2980.20,
2026-09-11T01:46:25.826883+00:00,200,4222.15,
2026-09-11T01:46:25.504512+00:00,200,4553.27,
2026-09-11T01:46:27.389247+00:00,200,2671.43,
2026-09-11T01:46:25.847575+00:00,200,4213.00,
2026-09-11T01:46:28.887301+00:00,200,1181.26,
2026-09-11T01:46:27.365379+00:00,200,2739.99,
2026-09-11T01:46:28.032085+00:00,200,2072.30,
2026-09-11T01:46:28.291526+00:00,200,1828.78,
2026-09-11T01:46:28.258191+00:00,200,1866.22,
2026-09-11T01:46:27.513406+00:00,200,2628.97,
2026-09-11T01:46:24.825141+00:00,200,5334.21,
2026-09-11T01:46:28.600270+00:00,200,1567.15,
2026-09-11T01:46:29.821190+00:00,200,348.46,
2026-09-11T01:46:28.758778+00:00,200,1419.16,
2026-09-11T01:46:29.753853+00:00,200,444.05,
2026-09-11T01:46:23.357819+00:00,200,6840.05,
2026-09-11T01:46:26.868201+00:00,200,3348.13,
2026-09-11T01:46:26.980948+00:00,200,3248.76,
2026-09-11T01:46:30.034684+00:00,200,197.73,
2026-09-11T01:46:28.803324+00:00,200,1434.98,
2026-09-11T01:46:29.318426+00:00,200,931.38,
2026-09-11T01:46:27.926574+00:00,200,2326.58,
2026-09-11T01:46:29.351532+00:00,200,906.14,
2026-09-11T01:46:29.165325+00:00,200,1091.02,
2026-09-11T01:46:28.273553+00:00,200,1989.07,
2026-09-11T01:46:27.637174+00:00,200,2634.55,
2026-09-11T01:46:25.875601+00:00,200,4392.35,
2026-09-11T01:46:29.305811+00:00,200,994.11,
2026-09-11T01:46:28.934570+00:00,200,1364.83,
2026-09-11T01:46:26.963316+00:00,200,3343.82,
2026-09-11T01:46:29.111839+00:00,200,1208.77,
2026-09-11T01:46:27.864186+00:00,200,2454.13,
2026-09-11T01:46:29.822698+00:00,200,510.53,
2026-09-11T01:46:25.142727+00:00,200,5201.59,
2026-09-11T01:46:25.809870+00:00,200,4550.37,
2026-09-11T01:46:28.757033+00:00,200,1605.07,
2026-09-11T01:46:27.842371+00:00,200,2524.98,
2026-09-11T01:46:25.875601+00:00,200,4509.61,
2026-09-11T01:46:29.181677+00:00,200,1225.25,
2026-09-11T01:46:29.055715+00:00,200,1357.98,
2026-09-11T01:46:26.954289+00:00,200,3461.84,
2026-09-11T01:46:28.283401+00:00,200,2140.67,
2026-09-11T01:46:27.105510+00:00,200,3326.29,
2026-09-11T01:46:27.881490+00:00,200,2557.30,
2026-09-11T01:46:30.315125+00:00,200,120.47,
2026-09-11T01:46:27.714893+00:00,200,2726.20,
2026-09-11T01:46:28.625632+00:00,200,1822.76,
2026-09-11T01:46:29.048869+00:00,200,1414.42,
2026-09-11T01:46:29.894591+00:00,200,583.39,
2026-09-11T01:46:28.529107+00:00,200,1954.48,
2026-09-11T01:46:29.377993+00:00,200,1113.36,
2026-09-11T01:46:25.772544+00:00,200,4731.12,
2026-09-11T01:46:29.348176+00:00,200,1161.98,
2026-09-11T01:46:29.595479+00:00,200,925.31,
2026-09-11T01:46:30.409000+00:00,200,108.91,
2026-09-11T01:46:28.294686+00:00,200,2241.67,
2026-09-11T01:46:29.337148+00:00,200,1204.66,
2026-09-11T01:46:29.148162+00:00,200,1394.69,
2026-09-11T01:46:29.444491+00:00,200,1107.21,
2026-09-11T01:46:23.643347+00:00,200,6913.38,
2026-09-11T01:46:25.730879+00:00,200,4829.41,
2026-09-11T01:46:28.907171+00:00,200,1661.29,
2026-09-11T01:46:30.014892+00:00,200,555.17,
2026-09-11T01:46:30.006594+00:00,200,571.93,
2026-09-11T01:46:28.901042+00:00,200,1690.05,
2026-09-11T01:46:29.193998+00:00,200,1417.84,
2026-09-11T01:46:28.816962+00:00,200,1811.16,
2026-09-11T01:46:27.968810+00:00,200,2655.21,
2026-09-11T01:46:28.647965+00:00,200,1982.62,
2026-09-11T01:46:29.892570+00:00,200,754.72,
2026-09-11T01:46:22.480381+00:00,200,8188.85,
2026-09-11T01:46:28.488201+00:00,200,2181.24,
2026-09-11T01:46:28.159246+00:00,200,2529.31,
2026-09-11T01:46:29.868609+00:00,200,813.75,
2026-09-11T01:46:27.435328+00:00,200,3258.47,
2026-09-11T01:46:30.194116+00:00,200,511.94,
2026-09-11T01:46:29.598850+00:00,200,1111.68,
2026-09-11T01:46:29.181677+00:00,200,1530.41,
2026-09-11T01:46:28.914188+00:00,200,1805.01,
2026-09-11T01:46:28.245647+00:00,200,2493.29,
2026-09-11T01:46:29.339155+00:00,200,1403.17,
2026-09-11T01:46:26.613559+00:00,200,4135.57,
2026-09-11T01:46:30.640357+00:00,200,108.56,
2026-09-11T01:46:27.451619+00:00,200,3312.53,
2026-09-11T01:46:27.846429+00:00,200,2911.22,
2026-09-11T01:46:25.289890+00:00,200,5497.93,
2026-09-11T01:46:28.878963+00:00,200,1922.36,
2026-09-11T01:46:26.914548+00:00,200,3901.99,
2026-09-11T01:46:28.190495+00:00,200,2644.24,
2026-09-11T01:46:26.673596+00:00,200,4165.96,
2026-09-11T01:46:27.654601+00:00,200,3203.75,
2026-09-11T01:46:29.774465+00:00,200,1089.40,
2026-09-11T01:46:28.687239+00:00,200,2182.33,
2026-09-11T01:46:29.963809+00:00,200,915.12,
2026-09-11T01:46:30.360630+00:00,200,524.93,
2026-09-11T01:46:30.440042+00:00,200,446.03,
2026-09-11T01:46:30.756977+00:00,200,128.29,
2026-09-11T01:46:30.448250+00:00,200,445.16,
2026-09-11T01:46:25.408327+00:00,200,5510.21,
2026-09-11T01:46:25.587146+00:00,200,5365.98,
2026-09-11T01:46:28.545498+00:00,200,2418.49,
2026-09-11T01:46:30.257546+00:00,200,707.95,
2026-09-11T01:46:29.973683+00:00,200,993.56,
2026-09-11T01:46:30.442576+00:00,200,527.00,
2026-09-11T01:46:28.679808+00:00,200,2294.55,
2026-09-11T01:46:27.640298+00:00,200,3342.56,
2026-09-11T01:46:26.706296+00:00,200,4279.46,
2026-09-11T01:46:30.709646+00:00,200,277.03,
2026-09-11T01:46:30.864891+00:00,200,128.41,
2026-09-11T01:46:24.030345+00:00,200,6963.08,
2026-09-11T01:46:30.248584+00:00,200,752.94,
2026-09-11T01:46:30.573661+00:00,200,448.69,
2026-09-11T01:46:30.711117+00:00,200,333.88,
2026-09-11T01:46:26.585153+00:00,200,4491.35,
2026-09-11T01:46:28.600270+00:00,200,2474.83,
2026-09-11T01:46:28.880971+00:00,200,2203.86,
2026-09-11T01:46:29.414883+00:00,200,1676.30,
2026-09-11T01:46:29.610901+00:00,200,1489.20,
2026-09-11T01:46:30.949743+00:00,200,154.65,
2026-09-11T01:46:24.569548+00:00,200,6540.08,
2026-09-11T01:46:29.307707+00:00,200,1818.18,
2026-09-11T01:46:28.011182+00:00,200,3115.90,
2026-09-11T01:46:29.623205+00:00,200,1511.37,
2026-09-11T01:46:29.994064+00:00,200,1144.72,
2026-09-11T01:46:27.194626+00:00,200,3948.72,
2026-09-11T01:46:31.022186+00:00,200,124.35,
2026-09-11T01:46:27.908242+00:00,200,3266.00,
2026-09-11T01:46:27.528374+00:00,200,3654.24,
2026-09-11T01:46:29.595479+00:00,200,1588.38,
2026-09-11T01:46:29.017401+00:00,200,2170.01,
2026-09-11T01:46:29.939689+00:00,200,1256.59,
2026-09-11T01:46:29.577362+00:00,200,1659.22,
2026-09-11T01:46:30.216605+00:00,200,1021.70,
2026-09-11T01:46:30.301982+00:00,200,941.59,
2026-09-11T01:46:28.866602+00:00,200,2382.56,
2026-09-11T01:46:28.838348+00:00,200,2417.99,
2026-09-11T01:46:30.556553+00:00,200,701.92,
2026-09-11T01:46:27.047402+00:00,200,4221.56,
2026-09-11T01:46:28.922768+00:00,200,2350.54,
2026-09-11T01:46:30.099338+00:00,200,1177.36,
2026-09-11T01:46:30.034684+00:00,200,1243.41,
2026-09-11T01:46:30.540391+00:00,200,741.62,
2026-09-11T01:46:23.592155+00:00,200,7695.96,
2026-09-11T01:46:29.251877+00:00,200,2048.06,
2026-09-11T01:46:27.174608+00:00,200,4129.25,
2026-09-11T01:46:29.437286+00:00,200,1870.71,
2026-09-11T01:46:30.144274+00:00,200,1182.92,
2026-09-11T01:46:26.065143+00:00,200,5270.25,
2026-09-11T01:46:29.868609+00:00,200,1478.01,
2026-09-11T01:46:31.239762+00:00,200,110.16,
2026-09-11T01:46:30.156577+00:00,200,1194.25,
2026-09-11T01:46:27.419628+00:00,200,3942.45,
2026-09-11T01:46:27.776060+00:00,200,3593.09,
2026-09-11T01:46:30.337843+00:00,200,1049.78,
2026-09-11T01:46:29.822698+00:00,200,1588.87,
2026-09-11T01:46:28.768360+00:00,200,2645.61,
2026-09-11T01:46:29.868609+00:00,200,1539.86,
2026-09-11T01:46:30.815236+00:00,200,611.42,
2026-09-11T01:46:30.890529+00:00,200,542.73,
2026-09-11T01:46:28.653159+00:00,200,2783.19,
2026-09-11T01:46:31.332413+00:00,200,111.83,
2026-09-11T01:46:27.413870+00:00,200,4045.10,
2026-09-11T01:46:29.069315+00:00,200,2391.08,
2026-09-11T01:46:30.731941+00:00,200,725.32,
2026-09-11T01:46:27.164044+00:00,200,4313.84,
2026-09-11T01:46:28.983459+00:00,200,2495.43,
2026-09-11T01:46:29.907866+00:00,200,1578.31,
2026-09-11T01:46:28.402746+00:00,200,3092.35,
2026-09-11T01:46:25.754741+00:00,200,5742.76,
2026-09-11T01:46:29.500370+00:00,200,2008.66,
2026-09-11T01:46:29.894591+00:00,200,1614.96,
2026-09-11T01:46:30.665661+00:00,200,861.09,
2026-09-11T01:46:30.521318+00:00,200,1014.22,
2026-09-11T01:46:27.895360+00:00,200,3649.87,
2026-09-11T01:46:30.415482+00:00,200,1134.23,
2026-09-11T01:46:29.771819+00:00,200,1786.48,
2026-09-11T01:46:30.238525+00:00,200,1326.37,
2026-09-11T01:46:27.094103+00:00,200,4495.95,
2026-09-11T01:46:24.375689+00:00,200,7223.20,
2026-09-11T01:46:28.721355+00:00,200,2881.01,
2026-09-11T01:46:31.075636+00:00,200,542.56,
2026-09-11T01:46:28.491220+00:00,200,3131.48,
2026-09-11T01:46:26.897811+00:00,200,4728.91,
2026-09-11T01:46:27.253078+00:00,200,4379.87,
2026-09-11T01:46:31.532161+00:00,200,102.12,
2026-09-11T01:46:26.917225+00:00,200,4719.86,
2026-09-11T01:46:30.423770+00:00,200,1225.82,
2026-09-11T01:46:28.956368+00:00,200,2702.95,
2026-09-11T01:46:29.162184+00:00,200,2505.12,
2026-09-11T01:46:28.912181+00:00,200,2760.10,
2026-09-11T01:46:29.756731+00:00,200,1912.47,
2026-09-11T01:46:29.565084+00:00,200,2110.42,
2026-09-11T01:46:30.890529+00:00,200,793.85,
2026-09-11T01:46:28.202394+00:00,200,3487.13,
2026-09-11T01:46:23.922064+00:00,200,7767.04,
2026-09-11T01:46:28.491220+00:00,200,3208.40,
2026-09-11T01:46:30.394744+00:00,200,1313.28,
2026-09-11T01:46:30.748516+00:00,200,969.09,
2026-09-11T01:46:31.140434+00:00,200,579.20,
2026-09-11T01:46:29.548199+00:00,200,2185.54,
2026-09-11T01:46:31.102463+00:00,200,645.46,
2026-09-11T01:46:31.199136+00:00,200,560.70,
2026-09-11T01:46:30.981902+00:00,200,783.27,
2026-09-11T01:46:31.667085+00:00,200,106.68,
2026-09-11T01:46:31.199136+00:00,200,591.15,
2026-09-11T01:46:28.742782+00:00,200,3050.94,
2026-09-11T01:46:29.939689+00:00,200,1854.05,
2026-09-11T01:46:30.238525+00:00,200,1572.31,
2026-09-11T01:46:26.918212+00:00,200,4893.88,
2026-09-11T01:46:30.551975+00:00,200,1265.68,
2026-09-11T01:46:28.757033+00:00,200,3065.79,
2026-09-11T01:46:29.524069+00:00,200,2323.27,
2026-09-11T01:46:31.646741+00:00,200,208.19,
2026-09-11T01:46:28.110818+00:00,200,3744.67,
2026-09-11T01:46:31.305878+00:00,200,560.79,
2026-09-11T01:46:27.952859+00:00,200,3915.45,
2026-09-11T01:46:31.276590+00:00,200,596.54,
2026-09-11T01:46:29.173531+00:00,200,2706.52,
2026-09-11T01:46:28.946364+00:00,200,2938.13,
2026-09-11T01:46:30.431723+00:00,200,1449.56,
2026-09-11T01:46:31.788645+00:00,200,99.58,
2026-09-11T01:46:25.856851+00:00,200,6036.44,
2026-09-11T01:46:27.281041+00:00,200,4612.27,
2026-09-11T01:46:31.131699+00:00,200,772.23,
2026-09-11T01:46:31.077150+00:00,200,844.96,
2026-09-11T01:46:29.678787+00:00,200,2257.94,
2026-09-11T01:46:29.628702+00:00,200,2311.82,
2026-09-11T01:46:31.427708+00:00,200,511.97,
2026-09-11T01:46:24.757246+00:00,200,7201.19,
2026-09-11T01:46:29.656563+00:00,200,2309.85,
2026-09-11T01:46:30.398729+00:00,200,1570.05,
2026-09-11T01:46:28.087237+00:00,200,3881.93,
2026-09-11T01:46:28.978948+00:00,200,2997.39,
2026-09-11T01:46:30.440042+00:00,200,1541.35,
2026-09-11T01:46:30.981902+00:00,200,998.10,
2026-09-11T01:46:28.442651+00:00,200,3556.85,
2026-09-11T01:46:30.473633+00:00,200,1528.38,
2026-09-11T01:46:31.710799+00:00,200,307.63,
2026-09-11T01:46:30.188225+00:00,200,1841.31,
2026-09-11T01:46:25.564003+00:00,200,6472.53,
2026-09-11T01:46:31.597237+00:00,200,441.52,
2026-09-11T01:46:24.039542+00:00,200,8008.56,
2026-09-11T01:46:29.822698+00:00,200,2216.31,
2026-09-11T01:46:29.484313+00:00,200,2570.59,
2026-09-11T01:46:30.881115+00:00,200,1186.66,
2026-09-11T01:46:30.860662+00:00,200,1211.13,
2026-09-11T01:46:26.331576+00:00,200,5754.02,
2026-09-11T01:46:30.602698+00:00,200,1492.41,
2026-09-11T01:46:29.370828+00:00,200,2728.13,
2026-09-11T01:46:25.950226+00:00,200,6166.10,
2026-09-11T01:46:31.348205+00:00,200,782.12,
2026-09-11T01:46:30.867420+00:00,200,1264.59,
2026-09-11T01:46:30.343901+00:00,200,1790.04,
2026-09-11T01:46:29.615823+00:00,200,2521.35,
2026-09-11T01:46:31.110013+00:00,200,1030.57,
2026-09-11T01:46:29.356661+00:00,200,2782.43,
2026-09-11T01:46:31.683129+00:00,200,461.29,
2026-09-11T01:46:30.688279+00:00,200,1464.09,
2026-09-11T01:46:30.576741+00:00,200,1578.43,
2026-09-11T01:46:29.752853+00:00,200,2409.10,
2026-09-11T01:46:32.066522+00:00,200,96.07,
2026-09-11T01:46:30.765405+00:00,200,1411.15,
2026-09-11T01:46:28.453228+00:00,200,3732.23,
2026-09-11T01:46:30.063316+00:00,200,2139.05,
2026-09-11T01:46:31.513978+00:00,200,689.91,
2026-09-11T01:46:28.687239+00:00,200,3524.24,
2026-09-11T01:46:30.965389+00:00,200,1255.29,
2026-09-11T01:46:31.269469+00:00,200,956.98,
2026-09-11T01:46:27.695528+00:00,200,4566.36,
2026-09-11T01:46:31.092484+00:00,200,1173.25,
2026-09-11T01:46:30.047473+00:00,200,2221.25,
2026-09-11T01:46:26.943518+00:00,200,5325.48,
2026-09-11T01:46:31.844652+00:00,200,429.47,
2026-09-11T01:46:27.448248+00:00,200,4840.81,
2026-09-11T01:46:27.922227+00:00,200,4368.89,
2026-09-11T01:46:29.034726+00:00,200,3262.14,
2026-09-11T01:46:30.232087+00:00,200,2076.80,
2026-09-11T01:46:31.464059+00:00,200,848.36,
2026-09-11T01:46:30.367912+00:00,200,1962.50,
2026-09-11T01:46:27.433583+00:00,200,4903.71,
2026-09-11T01:46:30.315125+00:00,200,2018.43,
2026-09-11T01:46:30.532546+00:00,200,1805.35,
2026-09-11T01:46:28.491220+00:00,200,3851.94,
2026-09-11T01:46:30.981902+00:00,200,1372.49,
2026-09-11T01:46:31.387602+00:00,200,976.26,
2026-09-11T01:46:32.261242+00:00,200,108.15,
2026-09-11T01:46:28.606407+00:00,200,3768.99,
2026-09-11T01:46:31.683129+00:00,200,704.35,
2026-09-11T01:46:28.852692+00:00,200,3536.80,
2026-09-11T01:46:29.356661+00:00,200,3062.76,
2026-09-11T01:46:31.326961+00:00,200,1102.13,
2026-09-11T01:46:28.421093+00:00,200,4016.53,
2026-09-11T01:46:31.290388+00:00,200,1156.09,
2026-09-11T01:46:30.020197+00:00,200,2425.67,
2026-09-11T01:46:31.739264+00:00,200,705.84,
2026-09-11T01:46:25.675721+00:00,200,6789.79,
2026-09-11T01:46:31.889431+00:00,200,593.39,
2026-09-11T01:46:30.981902+00:00,200,1506.18,
2026-09-11T01:46:28.166582+00:00,200,4323.80,
2026-09-11T01:46:29.265225+00:00,200,3240.46,
2026-09-11T01:46:32.389119+00:00,200,128.06,
2026-09-11T01:46:30.257546+00:00,200,2269.15,
2026-09-11T01:46:26.623087+00:00,200,5916.29,
2026-09-11T01:46:30.280656+00:00,200,2262.10,
2026-09-11T01:46:32.314971+00:00,200,242.27,
2026-09-11T01:46:31.690056+00:00,200,874.40,
2026-09-11T01:46:32.449415+00:00,200,139.02,
2026-09-11T01:46:30.858946+00:00,200,1738.53,
2026-09-11T01:46:30.990479+00:00,200,1620.91,
2026-09-11T01:46:32.160797+00:00,200,458.27,
2026-09-11T01:46:31.283171+00:00,200,1337.77,
2026-09-11T01:46:30.162242+00:00,200,2470.13,
2026-09-11T01:46:31.612905+00:00,200,1026.70,
2026-09-11T01:46:29.641098+00:00,200,3012.20,
2026-09-11T01:46:29.431103+00:00,200,3228.63,
2026-09-11T01:46:31.930240+00:00,200,739.78,
2026-09-11T01:46:31.887420+00:00,200,789.09,
2026-09-11T01:46:32.081752+00:00,200,627.91,
2026-09-11T01:46:30.109334+00:00,200,2603.18,
2026-09-11T01:46:29.748853+00:00,200,2968.50,
2026-09-11T01:46:30.883777+00:00,200,1834.37,
2026-09-11T01:46:31.286991+00:00,200,1450.29,
2026-09-11T01:46:27.722926+00:00,200,5022.54,
2026-09-11T01:46:31.597237+00:00,200,1145.81,
2026-09-11T01:46:31.629176+00:00,200,1119.96,
2026-09-11T01:46:28.785278+00:00,200,3975.30,
2026-09-11T01:46:31.661331+00:00,200,1107.96,
2026-09-11T01:46:30.590353+00:00,200,2191.85,
2026-09-11T01:46:29.994064+00:00,200,2790.80,
2026-09-11T01:46:28.209166+00:00,200,4589.64,
2026-09-11T01:46:31.885410+00:00,200,918.42,
2026-09-11T01:46:29.681895+00:00,200,3123.74,
2026-09-11T01:46:31.629176+00:00,200,1186.12,
2026-09-11T01:46:32.607090+00:00,200,213.99,
2026-09-11T01:46:30.998566+00:00,200,1831.43,
2026-09-11T01:46:31.497744+00:00,200,1342.92,
2026-09-11T01:46:31.812722+00:00,200,1041.51,
2026-09-11T01:46:32.141399+00:00,200,712.55,
2026-09-11T01:46:29.364884+00:00,200,3491.53,
2026-09-11T01:46:30.798546+00:00,200,2067.06,
2026-09-11T01:46:32.131806+00:00,200,743.71,
2026-09-11T01:46:30.125207+00:00,200,2756.53,
2026-09-11T01:46:21.633701+00:00,200,11253.56,
2026-09-11T01:46:24.430888+00:00,200,8462.90,
2026-09-11T01:46:32.092068+00:00,200,806.72,
2026-09-11T01:46:31.767082+00:00,200,1136.26,
2026-09-11T01:46:30.915477+00:00,200,1987.16,
2026-09-11T01:46:26.006658+00:00,200,6928.03,
2026-09-11T01:46:28.577389+00:00,200,4369.83,
2026-09-11T01:46:31.238177+00:00,200,1722.68,
2026-09-11T01:46:32.148264+00:00,200,809.92,
2026-09-11T01:46:23.729920+00:00,200,9261.33,
2026-09-11T01:46:31.257872+00:00,200,1734.58,
2026-09-11T01:46:32.356958+00:00,200,655.18,
2026-09-11T01:46:29.588450+00:00,200,3432.37,
2026-09-11T01:46:30.056011+00:00,200,2968.81,
2026-09-11T01:46:32.454098+00:00,200,575.36,
2026-09-11T01:46:29.708056+00:00,200,3334.03,
2026-09-11T01:46:29.934163+00:00,200,3110.65,
2026-09-11T01:46:24.808389+00:00,200,8254.45,
2026-09-11T01:46:29.581558+00:00,200,3480.24,
2026-09-11T01:46:31.850843+00:00,200,1213.48,
2026-09-11T01:46:32.839795+00:00,200,230.00,
2026-09-11T01:46:31.276590+00:00,200,1805.75,
2026-09-11T01:46:26.036787+00:00,200,7046.52,
2026-09-11T01:46:32.489960+00:00,200,602.09,
2026-09-11T01:46:29.050986+00:00,200,4042.33,
2026-09-11T01:46:32.859850+00:00,200,246.29,
2026-09-11T01:46:31.478356+00:00,200,1629.22,
2026-09-11T01:46:31.867999+00:00,200,1252.63,
2026-09-11T01:46:32.502658+00:00,200,626.14,
2026-09-11T01:46:32.307668+00:00,200,841.46,
2026-09-11T01:46:23.449714+00:00,200,9707.95,
2026-09-11T01:46:30.252273+00:00,200,2916.80,
2026-09-11T01:46:31.109455+00:00,200,2067.23,
2026-09-11T01:46:29.393490+00:00,200,3784.26,
2026-09-11T01:46:33.057711+00:00,200,130.78,
2026-09-11T01:46:32.066522+00:00,200,1135.12,
2026-09-11T01:46:31.629176+00:00,200,1594.75,
2026-09-11T01:46:32.783091+00:00,200,461.39,
2026-09-11T01:46:29.756731+00:00,200,3490.28,
2026-09-11T01:46:32.455103+00:00,200,814.17,
2026-09-11T01:46:32.333699+00:00,200,940.00,
2026-09-11T01:46:32.203072+00:00,200,1082.20,
2026-09-11T01:46:31.889431+00:00,200,1416.70,
2026-09-11T01:46:30.625693+00:00,200,2686.02,
2026-09-11T01:46:33.190507+00:00,200,138.45,
2026-09-11T01:46:24.857567+00:00,200,8478.50,
2026-09-11T01:46:28.912181+00:00,200,4443.33,
2026-09-11T01:46:27.323291+00:00,200,6035.90,
2026-09-11T01:46:32.423662+00:00,200,933.90,
2026-09-11T01:46:30.565337+00:00,200,2801.93,
2026-09-11T01:46:31.427708+00:00,200,1949.40,
2026-09-11T01:46:30.690289+00:00,200,2691.67,
2026-09-11T01:46:29.973683+00:00,200,3406.37,
2026-09-11T01:46:33.267534+00:00,200,119.01,
2026-09-11T01:46:22.774100+00:00,200,10611.98,
2026-09-11T01:46:31.488107+00:00,200,1908.20,
2026-09-11T01:46:29.785237+00:00,200,3610.64,
2026-09-11T01:46:32.566229+00:00,200,835.29,
2026-09-11T01:46:31.978106+00:00,200,1429.65,
2026-09-11T01:46:32.140892+00:00,200,1277.32,
2026-09-11T01:46:33.328717+00:00,200,119.78,
2026-09-11T01:46:27.499478+00:00,200,5957.98,
2026-09-11T01:46:31.411671+00:00,200,2054.82,
2026-09-11T01:46:31.564754+00:00,200,1904.13,
2026-09-11T01:46:29.921641+00:00,200,3557.59,
2026-09-11T01:46:33.246814+00:00,200,254.82,
2026-09-11T01:46:30.199261+00:00,200,3307.05,
2026-09-11T01:46:32.157060+00:00,200,1351.93,
2026-09-11T01:46:27.529375+00:00,200,5999.75,
2026-09-11T01:46:32.745030+00:00,200,785.31,
2026-09-11T01:46:27.650586+00:00,200,5881.30,
2026-09-11T01:46:25.123404+00:00,200,8432.24,
2026-09-11T01:46:33.328717+00:00,200,225.83,
2026-09-11T01:46:27.344055+00:00,200,6208.04,
2026-09-11T01:46:32.523768+00:00,200,1042.68,
2026-09-11T01:46:25.142727+00:00,200,8433.60,
2026-09-11T01:46:29.231642+00:00,200,4348.28,
2026-09-11T01:46:33.496635+00:00,200,105.57,
2026-09-11T01:46:31.723555+00:00,200,1893.01,
2026-09-11T01:46:33.496635+00:00,200,121.95,
2026-09-11T01:46:32.648860+00:00,200,985.40,
2026-09-11T01:46:31.612905+00:00,200,2024.81,
2026-09-11T01:46:30.665661+00:00,200,2978.25,
2026-09-11T01:46:32.937340+00:00,200,711.01,
2026-09-11T01:46:32.841806+00:00,200,813.98,
2026-09-11T01:46:30.748516+00:00,200,2914.40,
2026-09-11T01:46:32.141399+00:00,200,1525.35,
2026-09-11T01:46:33.555410+00:00,200,118.80,
2026-09-11T01:46:33.555410+00:00,200,118.46,
2026-09-11T01:46:31.802715+00:00,200,1872.37,
2026-09-11T01:46:30.549907+00:00,200,3139.62,
2026-09-11T01:46:30.162242+00:00,200,3523.15,
2026-09-11T01:46:31.414400+00:00,200,2286.94,
2026-09-11T01:46:26.360922+00:00,200,7342.38,
2026-09-11T01:46:27.997825+00:00,200,5744.71,
2026-09-11T01:46:32.265752+00:00,200,1487.45,
2026-09-11T01:46:29.719531+00:00,200,4046.46,
2026-09-11T01:46:32.423662+00:00,200,1349.79,
2026-09-11T01:46:30.767411+00:00,200,3032.46,
2026-09-11T01:46:32.673767+00:00,200,1129.18,
2026-09-11T01:46:33.528260+00:00,200,290.38,
2026-09-11T01:46:28.087237+00:00,200,5734.50,
2026-09-11T01:46:32.198261+00:00,200,1627.51,
2026-09-11T01:46:33.023835+00:00,200,798.91,
2026-09-11T01:46:32.176831+00:00,200,1654.47,
2026-09-11T01:46:30.648299+00:00,200,3201.07,
2026-09-11T01:46:30.510491+00:00,200,3345.29,
2026-09-11T01:46:30.806975+00:00,200,3052.04,
2026-09-11T01:46:32.790395+00:00,200,1072.58,
2026-09-11T01:46:32.540333+00:00,200,1329.33,
2026-09-11T01:46:29.201345+00:00,200,4679.10,
2026-09-11T01:46:32.030155+00:00,200,1853.90,
2026-09-11T01:46:30.052780+00:00,200,3840.35,
2026-09-11T01:46:31.930240+00:00,200,1969.95,
2026-09-11T01:46:32.406764+00:00,200,1517.54,
2026-09-11T01:46:33.818534+00:00,200,115.73,
2026-09-11T01:46:32.932013+00:00,200,1003.95,
2026-09-11T01:46:31.368643+00:00,200,2579.61,
2026-09-11T01:46:32.711512+00:00,200,1242.77,
2026-09-11T01:46:31.414400+00:00,200,2553.00,
2026-09-11T01:46:29.744851+00:00,200,4230.90,
2026-09-11T01:46:30.099338+00:00,200,3871.34,
2026-09-11T01:46:30.515084+00:00,200,3470.48,
2026-09-11T01:46:28.720573+00:00,200,5284.09,
2026-09-11T01:46:31.478356+00:00,200,2530.15,
2026-09-11T01:46:26.153502+00:00,200,7864.68,
2026-09-11T01:46:33.108242+00:00,200,919.38,
2026-09-11T01:46:29.209339+00:00,200,4819.27,
2026-09-11T01:46:26.260261+00:00,200,7774.57,
2026-09-11T01:46:30.257546+00:00,200,3775.00,
2026-09-11T01:46:30.741930+00:00,200,3319.38,
2026-09-11T01:46:33.580452+00:00,200,492.21,
2026-09-11T01:46:31.585913+00:00,200,2492.91,
2026-09-11T01:46:30.523288+00:00,200,3569.22,
2026-09-11T01:46:32.882063+00:00,200,1222.67,
2026-09-11T01:46:27.693523+00:00,200,6420.33,
2026-09-11T01:46:24.658327+00:00,200,9455.23,
2026-09-11T01:46:33.361685+00:00,200,759.71,
2026-09-11T01:46:27.630161+00:00,200,6498.92,
2026-09-11T01:46:27.584890+00:00,200,6569.57,
2026-09-11T01:46:29.111839+00:00,200,5042.43,
2026-09-11T01:46:31.507247+00:00,200,2649.25,
2026-09-11T01:46:27.957221+00:00,200,6218.43,
2026-09-11T01:46:29.994064+00:00,200,4181.23,
2026-09-11T01:46:34.061187+00:00,200,130.70,
2026-09-11T01:46:29.776094+00:00,200,4415.17,
2026-09-11T01:46:33.452220+00:00,200,756.64,
2026-09-11T01:46:31.735415+00:00,200,2475.87,
2026-09-11T01:46:31.131699+00:00,200,3079.11,
2026-09-11T01:46:29.480590+00:00,200,4741.27,
2026-09-11T01:46:29.733245+00:00,200,4527.74,
2026-09-11T01:46:31.772107+00:00,200,2490.87,
2026-09-11T01:46:33.807050+00:00,200,460.62,
2026-09-11T01:46:31.459817+00:00,200,2817.57,
2026-09-11T01:46:27.829803+00:00,200,6444.48,
2026-09-11T01:46:28.434368+00:00,200,5847.71,
2026-09-11T01:46:30.458480+00:00,200,3832.10,
2026-09-11T01:46:32.563497+00:00,200,1746.53,
2026-09-11T01:46:28.240509+00:00,200,6081.92,
2026-09-11T01:46:31.921294+00:00,200,2404.44,
2026-09-11T01:46:29.173531+00:00,200,5163.37,
2026-09-11T01:46:33.496635+00:00,200,841.93,
2026-09-11T01:46:33.385351+00:00,200,961.85,
2026-09-11T01:46:28.195801+00:00,200,6158.58,
2026-09-11T01:46:33.879436+00:00,200,480.28,
2026-09-11T01:46:30.490054+00:00,200,3880.18,
2026-09-11T01:46:24.906278+00:00,200,9469.15,
2026-09-11T01:46:32.167722+00:00,200,2214.30,
2026-09-11T01:46:28.079021+00:00,200,6304.35,
2026-09-11T01:46:29.913417+00:00,200,4493.27,
2026-09-11T01:46:33.564434+00:00,200,855.84,
2026-09-11T01:46:32.751028+00:00,200,1714.95,
2026-09-11T01:46:32.323331+00:00,200,2153.06,
2026-09-11T01:46:32.096073+00:00,200,2406.19,
2026-09-11T01:46:33.082100+00:00,200,1424.13,
2026-09-11T01:46:33.086747+00:00,200,1421.77,
2026-09-11T01:46:33.190507+00:00,200,1316.29,
2026-09-11T01:46:33.692498+00:00,200,815.22,
2026-09-11T01:46:29.973683+00:00,200,4554.71,
2026-09-11T01:46:33.244801+00:00,200,1292.33,
2026-09-11T01:46:28.914188+00:00,200,5624.83,
2026-09-11T01:46:29.576005+00:00,200,5012.13,
2026-09-11T01:46:26.640483+00:00,200,7957.23,
2026-09-11T01:46:33.023835+00:00,200,1587.93,
2026-09-11T01:46:33.393816+00:00,200,1222.11,
2026-09-11T01:46:32.540333+00:00,200,2077.22,
2026-09-11T01:46:29.724210+00:00,200,4912.51,
2026-09-11T01:46:33.677148+00:00,200,997.42,
2026-09-11T01:46:33.975781+00:00,200,704.44,
2026-09-11T01:46:33.176449+00:00,200,1505.22,
2026-09-11T01:46:31.670102+00:00,200,3014.98,
2026-09-11T01:46:33.855131+00:00,200,834.75,
2026-09-11T01:46:33.631816+00:00,200,1061.86,
2026-09-11T01:46:33.386360+00:00,200,1309.98,
2026-09-11T01:46:34.159114+00:00,200,546.79,
2026-09-11T01:46:32.940456+00:00,200,1762.39,
2026-09-11T01:46:25.588858+00:00,200,9131.52,
2026-09-11T01:46:32.241201+00:00,200,2485.18,
2026-09-11T01:46:33.306745+00:00,200,1422.59,
2026-09-11T01:46:34.001867+00:00,200,728.31,
2026-09-11T01:46:34.120499+00:00,200,617.54,
2026-09-11T01:46:34.617914+00:00,200,136.88,
2026-09-11T01:46:34.159114+00:00,200,625.11,
2026-09-11T01:46:33.506894+00:00,200,1279.72,
2026-09-11T01:46:28.833808+00:00,200,5971.62,
2026-09-11T01:46:32.815396+00:00,200,1991.10,
2026-09-11T01:46:34.149390+00:00,200,658.23,
2026-09-11T01:46:30.431723+00:00,200,4388.78,
2026-09-11T01:46:31.176135+00:00,200,3652.81,
2026-09-11T01:46:31.717842+00:00,200,3115.62,
2026-09-11T01:46:29.448191+00:00,200,5397.22,
2026-09-11T01:46:25.933867+00:00,200,8922.68,
2026-09-11T01:46:25.038879+00:00,200,9827.79,
2026-09-11T01:46:31.256761+00:00,200,3653.20,
2026-09-11T01:46:31.761955+00:00,200,3147.73,
2026-09-11T01:46:33.818534+00:00,200,1101.78,
2026-09-11T01:46:30.973553+00:00,200,3950.23,
2026-09-11T01:46:33.393816+00:00,200,1534.83,
2026-09-11T01:46:24.674538+00:00,200,10257.53,
2026-09-11T01:46:30.230508+00:00,200,4704.85,
2026-09-11T01:46:31.057523+00:00,200,3877.97,
2026-09-11T01:46:34.128291+00:00,200,808.68,
2026-09-11T01:46:33.041558+00:00,200,1896.01,
2026-09-11T01:46:33.456166+00:00,200,1485.73,
2026-09-11T01:46:32.098073+00:00,200,2842.98,
2026-09-11T01:46:30.406994+00:00,200,4536.00,
2026-09-11T01:46:25.988856+00:00,200,8956.92,
2026-09-11T01:46:29.929159+00:00,200,5017.95,
2026-09-11T01:46:34.333470+00:00,200,610.16,
2026-09-11T01:46:33.753235+00:00,200,1197.38,
2026-09-11T01:46:32.516133+00:00,200,2434.40,
2026-09-11T01:46:31.612905+00:00,200,3326.16,
2026-09-11T01:46:25.826883+00:00,200,9119.26,
2026-09-11T01:46:32.581967+00:00,200,2368.27,
2026-09-11T01:46:34.530000+00:00,200,432.58,
2026-09-11T01:46:33.286177+00:00,200,1683.03,
2026-09-11T01:46:33.939896+00:00,200,1027.14,
2026-09-11T01:46:29.697235+00:00,200,5282.59,
2026-09-11T01:46:33.032111+00:00,200,1945.24,
2026-09-11T01:46:29.504393+00:00,200,5480.52,
2026-09-11T01:46:27.065674+00:00,200,7941.61,
2026-09-11T01:46:34.030614+00:00,200,982.39,
2026-09-11T01:46:33.924378+00:00,200,1116.30,
2026-09-11T01:46:32.615458+00:00,200,2427.17,
2026-09-11T01:46:28.737394+00:00,200,6308.37,
2026-09-11T01:46:30.481566+00:00,200,4566.36,
2026-09-11T01:46:28.980953+00:00,200,6072.18,
2026-09-11T01:46:31.495629+00:00,200,3563.36,
2026-09-11T01:46:33.090401+00:00,200,1979.95,
2026-09-11T01:46:33.742252+00:00,200,1330.46,
2026-09-11T01:46:33.623118+00:00,200,1477.56,
2026-09-11T01:46:30.962438+00:00,200,4144.37,
2026-09-11T01:46:34.598142+00:00,200,513.74,
2026-09-11T01:46:26.101160+00:00,200,9014.32,
2026-09-11T01:46:30.883777+00:00,200,4262.57,
2026-09-11T01:46:32.280365+00:00,200,2881.67,
2026-09-11T01:46:33.848436+00:00,200,1320.34,
2026-09-11T01:46:34.278160+00:00,200,889.98,
2026-09-11T01:46:34.317523+00:00,200,855.19,
2026-09-11T01:46:33.664258+00:00,200,1520.92,
2026-09-11T01:46:31.187653+00:00,200,4000.24,
2026-09-11T01:46:32.698808+00:00,200,2488.68,
2026-09-11T01:46:32.551921+00:00,200,2639.43,
2026-09-11T01:46:34.001867+00:00,200,1196.13,
2026-09-11T01:46:33.638801+00:00,200,1562.05,
2026-09-11T01:46:32.715687+00:00,200,2499.41,
2026-09-11T01:46:29.843407+00:00,200,5389.67,
2026-09-11T01:46:26.976252+00:00,200,8278.09,
2026-09-11T01:46:34.407054+00:00,200,865.94,
2026-09-11T01:46:29.191388+00:00,200,6087.92,
2026-09-11T01:46:33.655097+00:00,200,1633.92,
2026-09-11T01:46:34.033861+00:00,200,1284.93,
2026-09-11T01:46:28.934570+00:00,200,6378.89,
2026-09-11T01:46:31.882526+00:00,200,3442.31,
2026-09-11T01:46:30.831955+00:00,200,4505.03,
2026-09-11T01:46:33.393816+00:00,200,1953.23,
2026-09-11T01:46:32.890193+00:00,200,2469.68,
2026-09-11T01:46:32.135654+00:00,200,3230.47,
2026-09-11T01:46:28.691749+00:00,200,6680.04,
2026-09-11T01:46:32.310848+00:00,200,3067.76,
2026-09-11T01:46:30.020197+00:00,200,5361.26,
2026-09-11T01:46:33.528260+00:00,200,1861.98,
2026-09-11T01:46:28.067562+00:00,200,7329.28,
2026-09-11T01:46:34.960119+00:00,200,475.82,
2026-09-11T01:46:33.690483+00:00,200,1753.03,
2026-09-11T01:46:28.806337+00:00,200,6638.90,
2026-09-11T01:46:32.131806+00:00,200,3320.77,
2026-09-11T01:46:30.315125+00:00,200,5135.33,
2026-09-11T01:46:35.320570+00:00,200,164.94,
2026-09-11T01:46:27.575033+00:00,200,7931.97,
2026-09-11T01:46:33.354771+00:00,200,2153.81,
2026-09-11T01:46:31.962224+00:00,200,3557.12,
2026-09-11T01:46:33.830844+00:00,200,1703.08,
2026-09-11T01:46:34.672658+00:00,200,861.76,
2026-09-11T01:46:31.683129+00:00,200,3873.05,
2026-09-11T01:46:31.978106+00:00,200,3589.68,
2026-09-11T01:46:28.361171+00:00,200,7242.51,
2026-09-11T01:46:32.339993+00:00,200,3264.13,
2026-09-11T01:46:33.864553+00:00,200,1755.63,
2026-09-11T01:46:34.844953+00:00,200,783.49,
2026-09-11T01:46:32.050375+00:00,200,3593.31,
2026-09-11T01:46:32.466163+00:00,200,3178.60,
2026-09-11T01:46:32.597694+00:00,200,3057.40,
2026-09-11T01:46:31.548467+00:00,200,4108.34,
2026-09-11T01:46:32.761881+00:00,200,2907.80,
2026-09-11T01:46:32.799388+00:00,200,2873.96,
2026-09-11T01:46:35.032208+00:00,200,669.21,
2026-09-11T01:46:34.219157+00:00,200,1503.41,
2026-09-11T01:46:24.988973+00:00,200,10738.38,
2026-09-11T01:46:34.508263+00:00,200,1218.40,
2026-09-11T01:46:32.223459+00:00,200,3508.04,
2026-09-11T01:46:35.107775+00:00,200,647.19,
2026-09-11T01:46:32.819653+00:00,200,2961.86,
2026-09-11T01:46:26.593694+00:00,200,9195.76,
2026-09-11T01:46:33.167703+00:00,200,2657.13,
2026-09-11T01:46:27.889837+00:00,200,7948.73,
2026-09-11T01:46:32.632197+00:00,200,3206.40,
2026-09-11T01:46:32.890563+00:00,200,2956.65,
2026-09-11T01:46:31.427708+00:00,200,4419.94,
2026-09-11T01:46:31.867999+00:00,200,3982.68,
2026-09-11T01:46:33.176449+00:00,200,2692.45,
2026-09-11T01:46:34.703117+00:00,200,1168.26,
2026-09-11T01:46:34.212734+00:00,200,1662.86,
2026-09-11T01:46:31.551641+00:00,200,4351.77,
2026-09-11T01:46:32.160797+00:00,200,3743.46,
2026-09-11T01:46:35.760412+00:00,200,164.75,
2026-09-11T01:46:32.957254+00:00,200,2989.61,
2026-09-11T01:46:34.380996+00:00,200,1578.27,
2026-09-11T01:46:26.650838+00:00,200,9334.83,
2026-09-11T01:46:29.546026+00:00,200,6452.23,
2026-09-11T01:46:35.706842+00:00,200,290.69,
2026-09-11T01:46:34.492282+00:00,200,1518.14,
2026-09-11T01:46:30.558519+00:00,200,5462.59,
2026-09-11T01:46:32.657255+00:00,200,3372.36,
2026-09-11T01:46:32.957254+00:00,200,3083.05,
2026-09-11T01:46:34.106414+00:00,200,1942.46,
2026-09-11T01:46:34.383282+00:00,200,1662.49,
2026-09-11T01:46:30.276781+00:00,200,5780.15,
2026-09-11T01:46:31.770597+00:00,200,4290.69,
2026-09-11T01:46:30.673899+00:00,200,5404.34,
2026-09-11T01:46:31.140434+00:00,200,4952.23,
2026-09-11T01:46:33.223924+00:00,200,2876.61,
2026-09-11T01:46:31.867999+00:00,200,4239.13,
2026-09-11T01:46:27.474904+00:00,200,8638.00,
2026-09-11T01:46:35.938695+00:00,200,177.85,
2026-09-11T01:46:35.438316+00:00,200,695.59,
2026-09-11T01:46:34.917689+00:00,200,1212.66,
2026-09-11T01:46:33.818534+00:00,200,2323.46,
2026-09-11T01:46:32.890563+00:00,200,3253.63,
2026-09-11T01:46:29.598850+00:00,200,6566.93,
2026-09-11T01:46:35.165462+00:00,200,1016.07,
2026-09-11T01:46:32.507775+00:00,200,3706.87,
2026-09-11T01:46:29.787798+00:00,200,6431.87,
2026-09-11T01:46:33.770290+00:00,200,2464.86,
2026-09-11T01:46:35.485177+00:00,200,758.63,
2026-09-11T01:46:32.056857+00:00,200,4195.73,
2026-09-11T01:46:34.149390+00:00,200,2109.08,
2026-09-11T01:46:30.969409+00:00,200,5307.47,
2026-09-11T01:46:29.034726+00:00,200,7244.45,
2026-09-11T01:46:33.542123+00:00,200,2753.52,
2026-09-11T01:46:29.008845+00:00,200,7294.17,
2026-09-11T01:46:34.666002+00:00,200,1634.72,
2026-09-11T01:46:33.939896+00:00,200,2375.02,
2026-09-11T01:46:33.093117+00:00,200,3250.90,
2026-09-11T01:46:28.508808+00:00,200,7834.04,
2026-09-11T01:46:32.181652+00:00,200,4175.84,
2026-09-11T01:46:29.456607+00:00,200,6905.76,
2026-09-11T01:46:31.560747+00:00,200,4815.26,
2026-09-11T01:46:35.598810+00:00,200,778.04,
2026-09-11T01:46:30.178415+00:00,200,6208.31,
2026-09-11T01:46:30.967398+00:00,200,5462.72,
2026-09-11T01:46:31.908657+00:00,200,4521.91,
2026-09-11T01:46:26.778169+00:00,200,9655.96,
2026-09-11T01:46:34.427238+00:00,200,2012.24,
2026-09-11T01:46:36.286077+00:00,200,147.43,
2026-09-11T01:46:33.970251+00:00,200,2487.88,
2026-09-11T01:46:32.669693+00:00,200,3797.56,
2026-09-11T01:46:30.915477+00:00,200,5550.41,
2026-09-11T01:46:35.859707+00:00,200,602.87,
2026-09-11T01:46:34.190816+00:00,200,2292.02,
2026-09-11T01:46:30.037707+00:00,200,6447.21,
2026-09-11T01:46:31.850843+00:00,200,4642.76,
2026-09-11T01:46:30.361642+00:00,200,6182.07,
2026-09-11T01:46:35.947653+00:00,200,609.89,
2026-09-11T01:46:35.253019+00:00,200,1338.35,
2026-09-11T01:46:34.681017+00:00,200,1916.44,
2026-09-11T01:46:36.302007+00:00,200,304.77,
2026-09-11T01:46:34.727076+00:00,200,1889.10,
2026-09-11T01:46:35.219331+00:00,200,1417.75,
2026-09-11T01:46:34.980803+00:00,200,1662.84,
2026-09-11T01:46:28.870150+00:00,200,7786.56,
2026-09-11T01:46:34.945684+00:00,200,1715.87,
2026-09-11T01:46:33.158034+00:00,200,3511.40,
2026-09-11T01:46:35.531813+00:00,200,1137.39,
2026-09-11T01:46:31.968641+00:00,200,4718.38,
2026-09-11T01:46:25.993499+00:00,200,10708.37,
2026-09-11T01:46:35.044060+00:00,200,1665.86,
2026-09-11T01:46:35.052866+00:00,200,1656.67,
2026-09-11T01:46:36.540035+00:00,200,178.69,
2026-09-11T01:46:35.348450+00:00,200,1378.08,
2026-09-11T01:46:30.308706+00:00,200,6429.35,
2026-09-11T01:46:31.670102+00:00,200,5067.84,
2026-09-11T01:46:36.587722+00:00,200,153.63,
2026-09-11T01:46:35.440122+00:00,200,1324.10,
2026-09-11T01:46:35.855884+00:00,200,920.73,
2026-09-11T01:46:36.278723+00:00,200,502.39,
2026-09-11T01:46:35.190137+00:00,200,1604.95,
2026-09-11T01:46:25.014587+00:00,200,11786.57,
2026-09-11T01:46:33.638801+00:00,200,3178.88,
2026-09-11T01:46:33.456166+00:00,200,3381.25,
2026-09-11T01:46:34.463356+00:00,200,2381.52,
2026-09-11T01:46:31.414400+00:00,200,5435.29,
2026-09-11T01:46:32.768019+00:00,200,4095.30,
2026-09-11T01:46:32.273434+00:00,200,4594.11,
2026-09-11T01:46:31.993831+00:00,200,4874.61,
2026-09-11T01:46:35.640184+00:00,200,1240.45,
2026-09-11T01:46:34.788369+00:00,200,2127.71,
2026-09-11T01:46:35.855884+00:00,200,1067.38,
2026-09-11T01:46:25.645266+00:00,200,11305.91,
2026-09-11T01:46:35.320570+00:00,200,1634.92,
2026-09-11T01:46:30.271464+00:00,200,6701.08,
2026-09-11T01:46:33.015456+00:00,200,3954.27,
2026-09-11T01:46:31.564754+00:00,200,5410.84,
2026-09-11T01:46:34.539044+00:00,200,2436.45,
2026-09-11T01:46:36.249329+00:00,200,740.06,
2026-09-11T01:46:34.353578+00:00,200,2648.07,
2026-09-11T01:46:35.032208+00:00,200,2016.24,
2026-09-11T01:46:36.461258+00:00,200,592.53,
2026-09-11T01:46:29.494075+00:00,200,7567.75,
2026-09-11T01:46:36.887996+00:00,200,161.58,
2026-09-11T01:46:36.065854+00:00,200,991.55,
2026-09-11T01:46:34.980803+00:00,200,2090.34,
2026-09-11T01:46:35.571830+00:00,200,1510.10,
2026-09-11T01:46:33.818534+00:00,200,3260.57,
2026-09-11T01:46:35.671583+00:00,200,1425.37,
2026-09-11T01:46:35.506849+00:00,200,1596.43,
2026-09-11T01:46:27.198659+00:00,200,9906.88,
2026-09-11T01:46:33.417927+00:00,200,3693.12,
2026-09-11T01:46:28.572984+00:00,200,8549.52,
2026-09-11T01:46:33.361685+00:00,200,3763.33,
2026-09-11T01:46:33.799384+00:00,200,3335.24,
2026-09-11T01:46:33.879436+00:00,200,3252.49,
2026-09-11T01:46:33.631816+00:00,200,3509.56,
2026-09-11T01:46:27.451619+00:00,200,9713.70,
2026-09-11T01:46:34.810926+00:00,200,2384.91,
2026-09-11T01:46:34.260015+00:00,200,2945.86,
2026-09-11T01:46:33.666280+00:00,200,3544.62,
2026-09-11T01:46:34.539044+00:00,200,2681.11,
2026-09-11T01:46:35.052866+00:00,200,2188.41,
2026-09-11T01:46:30.054301+00:00,200,7192.82,
2026-09-11T01:46:34.980803+00:00,200,2269.43,
2026-09-11T01:46:34.512953+00:00,200,2779.17,
2026-09-11T01:46:34.713193+00:00,200,2591.64,
2026-09-11T01:46:36.083640+00:00,200,1235.14,
2026-09-11T01:46:36.255004+00:00,200,1061.62,
2026-09-11T01:46:34.938582+00:00,200,2404.89,
2026-09-11T01:46:35.156797+00:00,200,2190.67,
2026-09-11T01:46:34.684991+00:00,200,2664.91,
2026-09-11T01:46:36.381755+00:00,200,977.70,
2026-09-11T01:46:29.994064+00:00,200,7382.53,
2026-09-11T01:46:34.783606+00:00,200,2598.04,
2026-09-11T01:46:32.811481+00:00,200,4576.31,
2026-09-11T01:46:32.203072+00:00,200,5199.43,
2026-09-11T01:46:34.917689+00:00,200,2475.07,
2026-09-11T01:46:23.819088+00:00,200,13588.80,
2026-09-11T01:46:29.810423+00:00,200,7624.56,
2026-09-11T01:46:33.686062+00:00,200,3754.46,
2026-09-11T01:46:32.901172+00:00,200,4587.86,
2026-09-11T01:46:26.731407+00:00,200,10776.85,
2026-09-11T01:46:31.646741+00:00,200,5880.75,
2026-09-11T01:46:35.052866+00:00,200,2484.16,
2026-09-11T01:46:34.483513+00:00,200,3059.65,
2026-09-11T01:46:34.729171+00:00,200,2828.53,
2026-09-11T01:46:36.634594+00:00,200,915.90,
2026-09-11T01:46:27.679171+00:00,200,9892.69,
2026-09-11T01:46:34.913427+00:00,200,2663.97,
2026-09-11T01:46:32.799388+00:00,200,4781.53,
2026-09-11T01:46:24.751214+00:00,200,12838.00,
2026-09-11T01:46:35.373799+00:00,200,2212.15,
2026-09-11T01:46:33.403200+00:00,200,4199.10,
2026-09-11T01:46:26.385143+00:00,200,11233.36,
2026-09-11T01:46:36.049055+00:00,200,1589.23,
2026-09-11T01:46:36.737196+00:00,200,911.57,
2026-09-11T01:46:35.726324+00:00,200,1932.71,
2026-09-11T01:46:35.761414+00:00,200,1901.29,
2026-09-11T01:46:31.299819+00:00,200,6369.14,
2026-09-11T01:46:37.063049+00:00,200,611.97,
2026-09-11T01:46:33.673955+00:00,200,4009.71,
2026-09-11T01:46:27.344055+00:00,200,10348.29,
2026-09-11T01:46:36.054267+00:00,200,1644.52,
2026-09-11T01:46:31.107936+00:00,200,6598.61,
2026-09-11T01:46:36.484208+00:00,200,1240.71,
2026-09-11T01:46:32.855825+00:00,200,4883.57,
2026-09-11T01:46:35.874833+00:00,200,1876.34,
2026-09-11T01:46:33.892188+00:00,200,3862.82,
2026-09-11T01:46:28.285195+00:00,200,9479.97,
2026-09-11T01:46:36.657523+00:00,200,1116.69,
2026-09-11T01:46:30.721521+00:00,200,7055.40,
2026-09-11T01:46:34.254826+00:00,200,3538.53,
2026-09-11T01:46:34.081277+00:00,200,3712.61,
2026-09-11T01:46:28.393116+00:00,200,9449.48,
2026-09-11T01:46:34.178478+00:00,200,3667.81,
2026-09-11T01:46:37.385025+00:00,200,471.66,
2026-09-11T01:46:28.358169+00:00,200,9571.58,
2026-09-11T01:46:34.310806+00:00,200,3629.14,
2026-09-11T01:46:29.927980+00:00,200,8022.45,
2026-09-11T01:46:36.349641+00:00,200,1614.83,
2026-09-11T01:46:37.415422+00:00,200,554.38,
2026-09-11T01:46:36.587722+00:00,200,1378.57,
2026-09-11T01:46:34.109248+00:00,200,3863.70,
2026-09-11T01:46:36.936174+00:00,200,1034.64,
2026-09-11T01:46:34.950602+00:00,200,3043.82,
2026-09-11T01:46:29.787798+00:00,200,8209.11,
2026-09-11T01:46:28.584914+00:00,200,9457.62,
2026-09-11T01:46:33.770290+00:00,200,4280.74,
2026-09-11T01:46:33.472822+00:00,200,4577.54,
2026-09-11T01:46:31.157093+00:00,200,6906.79,
2026-09-11T01:46:37.080728+00:00,200,984.69,
2026-09-11T01:46:36.587722+00:00,200,1481.54,
2026-09-11T01:46:36.049055+00:00,200,2037.12,
2026-09-11T01:46:37.795641+00:00,200,295.38,
2026-09-11T01:46:36.952015+00:00,200,1134.97,
2026-09-11T01:46:34.734639+00:00,200,3363.31,
2026-09-11T01:46:35.523451+00:00,200,2601.12,
2026-09-11T01:46:36.784439+00:00,200,1350.25,
2026-09-11T01:46:36.434158+00:00,200,1718.30,
2026-09-11T01:46:33.041558+00:00,200,5121.49,
2026-09-11T01:46:33.465453+00:00,200,4701.04,
2026-09-11T01:46:35.457573+00:00,200,2711.52,
2026-09-11T01:46:30.719012+00:00,200,7459.26,
2026-09-11T01:46:36.666619+00:00,200,1521.79,
2026-09-11T01:46:31.810698+00:00,200,6391.57,
2026-09-11T01:46:37.873751+00:00,200,325.38,
2026-09-11T01:46:34.938582+00:00,200,3320.91,
2026-09-11T01:46:34.530000+00:00,200,3740.08,
2026-09-11T01:46:35.165462+00:00,200,3127.60,
2026-09-11T01:46:34.021286+00:00,200,4279.54,
2026-09-11T01:46:30.565337+00:00,200,7750.41,
2026-09-11T01:46:37.301461+00:00,200,1031.86,
2026-09-11T01:46:27.140841+00:00,200,11208.79,
2026-09-11T01:46:33.465453+00:00,200,4905.45,
2026-09-11T01:46:35.044060+00:00,200,3334.78,
2026-09-11T01:46:27.299475+00:00,200,11084.27,
2026-09-11T01:46:35.815023+00:00,200,2567.24,
2026-09-11T01:46:34.357706+00:00,200,4035.25,
2026-09-11T01:46:35.726324+00:00,200,2696.18,
2026-09-11T01:46:37.316632+00:00,200,1108.64,
2026-09-11T01:46:37.080728+00:00,200,1346.82,
2026-09-11T01:46:34.953776+00:00,200,3494.17,
2026-09-11T01:46:37.189417+00:00,200,1256.07,
2026-09-11T01:46:31.364225+00:00,200,7106.00,
2026-09-11T01:46:35.615449+00:00,200,2855.26,
2026-09-11T01:46:35.282303+00:00,200,3196.47,
2026-09-11T01:46:29.556996+00:00,200,8942.53,
2026-09-11T01:46:36.202403+00:00,200,2310.69,
2026-09-11T01:46:27.295278+00:00,200,11222.45,
2026-09-11T01:46:35.531813+00:00,200,2990.47,
2026-09-11T01:46:36.560349+00:00,200,1976.58,
2026-09-11T01:46:37.213282+00:00,200,1324.86,
2026-09-11T01:46:31.332413+00:00,200,7219.51,
2026-09-11T01:46:38.165329+00:00,200,390.79,
2026-09-11T01:46:36.333800+00:00,200,2228.54,
2026-09-11T01:46:32.047346+00:00,200,6531.09,
2026-09-11T01:46:36.661210+00:00,200,1942.62,
2026-09-11T01:46:36.112764+00:00,200,2493.92,
2026-09-11T01:46:36.138647+00:00,200,2479.56,
2026-09-11T01:46:35.632127+00:00,200,3012.55,
2026-09-11T01:46:36.662805+00:00,200,1999.68,
2026-09-11T01:46:36.096984+00:00,200,2572.89,
2026-09-11T01:46:34.813434+00:00,200,3871.31,
2026-09-11T01:46:31.520937+00:00,200,7177.13,
2026-09-11T01:46:33.673955+00:00,200,5025.50,
2026-09-11T01:46:26.320711+00:00,200,12410.26,
2026-09-11T01:46:35.988689+00:00,200,2746.51,
2026-09-11T01:46:37.491371+00:00,200,1253.53,
2026-09-11T01:46:31.941056+00:00,200,6823.20,
2026-09-11T01:46:30.840329+00:00,200,7923.51,
2026-09-11T01:46:26.349657+00:00,200,12422.95,
2026-09-11T01:46:34.373616+00:00,200,4405.27,
2026-09-11T01:46:38.173614+00:00,200,615.30,
2026-09-11T01:46:31.045387+00:00,200,7761.06,
2026-09-11T01:46:38.641470+00:00,200,192.42,
2026-09-11T01:46:32.648860+00:00,200,6188.87,
2026-09-11T01:46:31.082352+00:00,200,7767.02,
2026-09-11T01:46:37.291036+00:00,200,1571.32,
2026-09-11T01:46:38.724334+00:00,200,156.67,
2026-09-11T01:46:36.003839+00:00,200,2887.29,
2026-09-11T01:46:32.881713+00:00,200,6021.53,
2026-09-11T01:46:36.952015+00:00,200,1957.45,
2026-09-11T01:46:34.112531+00:00,200,4802.40,
2026-09-11T01:46:29.868609+00:00,200,9044.81,
2026-09-11T01:46:32.266762+00:00,200,6667.57,
2026-09-11T01:46:35.453182+00:00,200,3492.99,
2026-09-11T01:46:37.580749+00:00,200,1369.60,
2026-09-11T01:46:32.976273+00:00,200,5982.97,
2026-09-11T01:46:36.215062+00:00,200,2747.77,
2026-09-11T01:46:34.308797+00:00,200,4655.66,
2026-09-11T01:46:37.095031+00:00,200,1863.22,
2026-09-11T01:46:38.046335+00:00,200,927.64,
2026-09-11T01:46:30.625693+00:00,200,8360.67,
2026-09-11T01:46:27.513406+00:00,200,11476.26,
2026-09-11T01:46:32.114040+00:00,200,6889.63,
2026-09-11T01:46:32.356958+00:00,200,6644.19,
2026-09-11T01:46:33.149028+00:00,200,5871.45,
2026-09-11T01:46:26.550184+00:00,200,12497.63,
2026-09-11T01:46:28.754521+00:00,200,10295.22,
2026-09-11T01:46:36.674271+00:00,200,2394.38,
2026-09-11T01:46:36.304669+00:00,200,2790.94,
2026-09-11T01:46:31.971154+00:00,200,7132.15,
2026-09-11T01:46:33.386360+00:00,200,5724.80,
2026-09-11T01:46:31.788645+00:00,200,7322.62,
2026-09-11T01:46:38.349871+00:00,200,776.50,
2026-09-11T01:46:32.901172+00:00,200,6231.88,
2026-09-11T01:46:35.257687+00:00,200,3895.88,
2026-09-11T01:46:38.523648+00:00,200,635.61,
2026-09-11T01:46:31.847198+00:00,200,7337.76,
2026-09-11T01:46:32.395124+00:00,200,6801.69,
2026-09-11T01:46:36.179917+00:00,200,3011.28,
2026-09-11T01:46:36.365620+00:00,200,2829.43,
2026-09-11T01:46:32.017481+00:00,200,7192.73,
2026-09-11T01:46:36.705174+00:00,200,2504.48,
2026-09-11T01:46:38.875423+00:00,200,370.62,
2026-09-11T01:46:35.571830+00:00,200,3705.32,
2026-09-11T01:46:34.828665+00:00,200,4461.91,
2026-09-11T01:46:37.385025+00:00,200,1907.01,
2026-09-11T01:46:34.361672+00:00,200,4948.08,
2026-09-11T01:46:38.157923+00:00,200,1171.82,
2026-09-11T01:46:38.755086+00:00,200,597.32,
2026-09-11T01:46:37.364143+00:00,200,1990.12,
2026-09-11T01:46:34.677921+00:00,200,4680.20,
2026-09-11T01:46:38.258217+00:00,200,1105.81,
2026-09-11T01:46:34.938582+00:00,200,4430.95,
2026-09-11T01:46:35.440122+00:00,200,3944.51,
2026-09-11T01:46:36.428974+00:00,200,2971.29,
2026-09-11T01:46:31.446454+00:00,200,7973.18,
2026-09-11T01:46:39.250727+00:00,200,173.47,
2026-09-11T01:46:38.837573+00:00,200,588.66,
2026-09-11T01:46:34.933671+00:00,200,4504.92,
2026-09-11T01:46:34.864592+00:00,200,4578.09,
2026-09-11T01:46:39.129485+00:00,200,325.02,
2026-09-11T01:46:34.729171+00:00,200,4733.64,
2026-09-11T01:46:33.864553+00:00,200,5599.60,
2026-09-11T01:46:33.403200+00:00,200,6068.75,
2026-09-11T01:46:34.260015+00:00,200,5211.00,
2026-09-11T01:46:37.349160+00:00,200,2138.55,
2026-09-11T01:46:35.623795+00:00,200,3876.65,
2026-09-11T01:46:35.699163+00:00,200,3829.49,
2026-09-11T01:46:36.358338+00:00,200,3173.18,
2026-09-11T01:46:38.764080+00:00,200,784.39,
2026-09-11T01:46:28.195801+00:00,200,11355.49,
2026-09-11T01:46:37.600982+00:00,200,1977.33,
2026-09-11T01:46:36.223476+00:00,200,3373.81,
2026-09-11T01:46:38.307008+00:00,200,1305.59,
2026-09-11T01:46:38.093712+00:00,200,1530.40,
2026-09-11T01:46:34.496190+00:00,200,5128.78,
2026-09-11T01:46:33.907242+00:00,200,5728.28,
2026-09-11T01:46:35.326635+00:00,200,4313.27,
2026-09-11T01:46:37.529844+00:00,200,2120.20,
2026-09-11T01:46:36.415222+00:00,200,3240.93,
2026-09-11T01:46:33.954205+00:00,200,5713.88,
2026-09-11T01:46:39.527390+00:00,200,144.04,
2026-09-11T01:46:37.950493+00:00,200,1741.49,
2026-09-11T01:46:35.896972+00:00,200,3791.73,
2026-09-11T01:46:27.716901+00:00,200,11988.51,
2026-09-11T01:46:32.715687+00:00,200,7004.62,
2026-09-11T01:46:31.184648+00:00,200,8589.94,
2026-09-11T01:46:36.781926+00:00,200,2999.48,
2026-09-11T01:46:37.431248+00:00,200,2354.86,
2026-09-11T01:46:39.629724+00:00,200,159.10,
2026-09-11T01:46:28.553569+00:00,200,11245.57,
2026-09-11T01:46:34.945684+00:00,200,4873.75,
2026-09-11T01:46:36.793468+00:00,200,3043.80,
2026-09-11T01:46:34.190816+00:00,200,5662.07,
2026-09-11T01:46:38.766568+00:00,200,1081.06,
2026-09-11T01:46:38.424106+00:00,200,1444.03,
2026-09-11T01:46:34.945684+00:00,200,4925.68,
2026-09-11T01:46:33.870823+00:00,200,6006.45,
2026-09-11T01:46:38.949503+00:00,200,932.14,
2026-09-11T01:46:32.114040+00:00,200,7763.72,
2026-09-11T01:46:29.868609+00:00,200,10024.31,
2026-09-11T01:46:38.607266+00:00,200,1308.90,
2026-09-11T01:46:36.845342+00:00,200,3070.21,
2026-09-11T01:46:34.324489+00:00,200,5598.64,
2026-09-11T01:46:33.299172+00:00,200,6643.49,
2026-09-11T01:46:38.955452+00:00,200,1000.71,
2026-09-11T01:46:32.990479+00:00,200,6972.89,
2026-09-11T01:46:39.575369+00:00,200,407.68,
2026-09-11T01:46:38.432055+00:00,200,1556.95,
2026-09-11T01:46:33.057711+00:00,200,6938.60,
2026-09-11T01:46:33.121842+00:00,200,6884.18,
2026-09-11T01:46:29.356661+00:00,200,10652.46,
2026-09-11T01:46:35.391642+00:00,200,4630.95,
2026-09-11T01:46:29.452699+00:00,200,10576.88,
2026-09-11T01:46:32.616084+00:00,200,7416.43,
2026-09-11T01:46:38.442080+00:00,200,1597.87,
2026-09-11T01:46:38.987402+00:00,200,1058.71,
2026-09-11T01:46:38.955452+00:00,200,1092.93,
2026-09-11T01:46:37.727856+00:00,200,2321.56,
2026-09-11T01:46:34.061187+00:00,200,6007.07,
2026-09-11T01:46:33.989868+00:00,200,6081.79,
2026-09-11T01:46:37.020321+00:00,200,3057.00,
2026-09-11T01:46:35.896972+00:00,200,4177.33,
2026-09-11T01:46:36.128418+00:00,200,3962.44,
2026-09-11T01:46:35.556858+00:00,200,4543.63,
2026-09-11T01:46:38.766568+00:00,200,1361.29,
2026-09-11T01:46:39.690373+00:00,200,449.15,
2026-09-11T01:46:33.818534+00:00,200,6324.91,
2026-09-11T01:46:34.938582+00:00,200,5215.90,
2026-09-11T01:46:36.603422+00:00,200,3554.51,
2026-09-11T01:46:39.575369+00:00,200,586.19,
2026-09-11T01:46:37.063671+00:00,200,3091.92,
2026-09-11T01:46:39.006976+00:00,200,1173.66,
2026-09-11T01:46:37.379479+00:00,200,2805.51,
2026-09-11T01:46:34.906241+00:00,200,5297.51,
2026-09-11T01:46:38.923442+00:00,200,1287.53,
2026-09-11T01:46:40.097337+00:00,200,118.80,
2026-09-11T01:46:36.315094+00:00,200,3910.83,
2026-09-11T01:46:34.917689+00:00,200,5303.16,
2026-09-11T01:46:35.008113+00:00,200,5226.42,
2026-09-11T01:46:37.401079+00:00,200,2833.68,
2026-09-11T01:46:27.210684+00:00,200,13028.67,
2026-09-11T01:46:39.021875+00:00,200,1226.21,
2026-09-11T01:46:40.131418+00:00,200,119.47,
2026-09-11T01:46:35.653599+00:00,200,4603.33,
2026-09-11T01:46:38.576265+00:00,200,1681.57,
2026-09-11T01:46:39.354365+00:00,200,911.39,
2026-09-11T01:46:37.759985+00:00,200,2516.45,
2026-09-11T01:46:40.181546+00:00,200,113.70,
2026-09-11T01:46:39.629724+00:00,200,683.51,
2026-09-11T01:46:38.128413+00:00,200,2187.70,
2026-09-11T01:46:40.101891+00:00,200,231.77,
2026-09-11T01:46:39.766231+00:00,200,564.70,
2026-09-11T01:46:38.794602+00:00,200,1547.89,
2026-09-11T01:46:36.731682+00:00,200,3612.90,
2026-09-11T01:46:33.560265+00:00,200,6787.15,
2026-09-11T01:46:34.856586+00:00,200,5501.47,
2026-09-11T01:46:38.062824+00:00,200,2301.82,
2026-09-11T01:46:40.138871+00:00,200,229.79,
2026-09-11T01:46:32.356958+00:00,200,8017.66,
2026-09-11T01:46:33.071060+00:00,200,7310.42,
2026-09-11T01:46:32.486824+00:00,200,7914.50,
2026-09-11T01:46:38.987402+00:00,200,1411.03,
2026-09-11T01:46:32.451423+00:00,200,7970.90,
2026-09-11T01:46:38.165329+00:00,200,2256.54,
2026-09-11T01:46:34.795940+00:00,200,5639.61,
2026-09-11T01:46:40.313374+00:00,200,125.44,
2026-09-11T01:46:39.351570+00:00,200,1089.38,
2026-09-11T01:46:35.843105+00:00,200,4597.88,
2026-09-11T01:46:31.123552+00:00,200,9333.22,
2026-09-11T01:46:31.889431+00:00,200,8574.18,
2026-09-11T01:46:37.749766+00:00,200,2718.73,
2026-09-11T01:46:39.459811+00:00,200,1016.34,
2026-09-11T01:46:39.404749+00:00,200,1087.63,
2026-09-11T01:46:40.138871+00:00,200,362.41,
2026-09-11T01:46:34.033861+00:00,200,6474.46,
2026-09-11T01:46:37.220902+00:00,200,3295.06,
2026-09-11T01:46:37.002490+00:00,200,3519.56,
2026-09-11T01:46:37.127468+00:00,200,3387.76,
2026-09-11T01:46:32.992963+00:00,200,7543.54,
2026-09-11T01:46:34.952186+00:00,200,5591.14,
2026-09-11T01:46:40.060796+00:00,200,490.23,
2026-09-11T01:46:37.240291+00:00,200,3313.46,
2026-09-11T01:46:34.980803+00:00,200,5571.55,
2026-09-11T01:46:39.217694+00:00,200,1340.24,
2026-09-11T01:46:36.114771+00:00,200,4441.91,
2026-09-11T01:46:32.757029+00:00,200,7830.59,
2026-09-11T01:46:35.107775+00:00,200,5494.03,
2026-09-11T01:46:39.354365+00:00,200,1248.40,
2026-09-11T01:46:35.236049+00:00,200,5383.72,
2026-09-11T01:46:39.464314+00:00,200,1157.79,
2026-09-11T01:46:36.843334+00:00,200,3784.69,
2026-09-11T01:46:38.192876+00:00,200,2454.29,
2026-09-11T01:46:31.252265+00:00,200,9402.74,
2026-09-11T01:46:38.077930+00:00,200,2579.75,
2026-09-11T01:46:37.673943+00:00,200,2982.75,
2026-09-11T01:46:40.020829+00:00,200,636.71,
2026-09-11T01:46:39.156024+00:00,200,1511.37,
2026-09-11T01:46:33.638801+00:00,200,7023.83,
2026-09-11T01:46:32.648860+00:00,200,8026.97,
2026-09-11T01:46:37.854807+00:00,200,2828.83,
2026-09-11T01:46:37.349160+00:00,200,3348.65,
2026-09-11T01:46:40.585047+00:00,200,117.78,
2026-09-11T01:46:37.442371+00:00,200,3274.19,
2026-09-11T01:46:39.668987+00:00,200,1057.62,
2026-09-11T01:46:34.586389+00:00,200,6153.43,
2026-09-11T01:46:40.510607+00:00,200,236.58,
2026-09-11T01:46:35.644307+00:00,200,5104.07,
2026-09-11T01:46:36.970029+00:00,200,3780.01,
2026-09-11T01:46:36.138647+00:00,200,4612.92,
2026-09-11T01:46:34.696893+00:00,200,6070.49,
2026-09-11T01:46:33.375963+00:00,200,7396.13,
2026-09-11T01:46:40.377348+00:00,200,397.17,
2026-09-11T01:46:32.873698+00:00,200,7915.99,
2026-09-11T01:46:40.345852+00:00,200,436.43,
2026-09-11T01:46:40.202453+00:00,200,589.03,
2026-09-11T01:46:30.120282+00:00,200,10680.85,
2026-09-11T01:46:29.181677+00:00,200,11630.12,
2026-09-11T01:46:35.190137+00:00,200,5626.63,
2026-09-11T01:46:36.857577+00:00,200,3955.14,
2026-09-11T01:46:38.590366+00:00,200,2251.79,
2026-09-11T01:46:39.782934+00:00,200,1062.02,
2026-09-11T01:46:37.791244+00:00,200,3057.23,
2026-09-11T01:46:39.986547+00:00,200,888.30,
2026-09-11T01:46:37.208281+00:00,200,3668.34,
2026-09-11T01:46:37.648870+00:00,200,3236.80,
2026-09-11T01:46:40.188238+00:00,200,700.27,
2026-09-11T01:46:32.832183+00:00,200,8057.82,
2026-09-11T01:46:36.461258+00:00,200,4425.55,
2026-09-11T01:46:34.017846+00:00,200,6890.20,
2026-09-11T01:46:38.743368+00:00,200,2164.55,
2026-09-11T01:46:33.098751+00:00,200,7804.53,
2026-09-11T01:46:40.494950+00:00,200,418.14,
2026-09-11T01:46:34.260015+00:00,200,6660.35,
2026-09-11T01:46:38.805368+00:00,200,2121.44,
2026-09-11T01:46:36.764706+00:00,200,4170.91,
2026-09-11T01:46:35.365530+00:00,200,5573.13,
2026-09-11T01:46:37.934489+00:00,200,3010.41,
2026-09-11T01:46:40.268791+00:00,200,693.35,
2026-09-11T01:46:35.656488+00:00,200,5308.31,
2026-09-11T01:46:39.891744+00:00,200,1082.36,
2026-09-11T01:46:37.163315+00:00,200,3821.69,
2026-09-11T01:46:28.273924+00:00,200,12721.34,
2026-09-11T01:46:36.875641+00:00,200,4119.18,
2026-09-11T01:46:36.358338+00:00,200,4644.98,
2026-09-11T01:46:32.333699+00:00,200,8680.36,
2026-09-11T01:46:37.063671+00:00,200,3949.86,
2026-09-11T01:46:39.918853+00:00,200,1102.91,
2026-09-11T01:46:40.936554+00:00,200,92.87,
2026-09-11T01:46:40.020829+00:00,200,1033.49,
2026-09-11T01:46:38.987402+00:00,200,2068.01,
2026-09-11T01:46:32.303097+00:00,200,8762.17,
2026-09-11T01:46:28.105819+00:00,200,12960.25,
2026-09-11T01:46:40.813425+00:00,200,254.58,
2026-09-11T01:46:29.165325+00:00,200,11909.99,
2026-09-11T01:46:39.639592+00:00,200,1449.13,
2026-09-11T01:46:38.517070+00:00,200,2577.53,
2026-09-11T01:46:34.834228+00:00,200,6281.15,
2026-09-11T01:46:40.999685+00:00,200,117.17,
2026-09-11T01:46:39.939341+00:00,200,1215.60,
2026-09-11T01:46:29.507931+00:00,200,11661.66,
2026-09-11T01:46:39.050815+00:00,200,2135.03,
2026-09-11T01:46:36.460691+00:00,200,4728.50,
2026-09-11T01:46:40.680695+00:00,200,511.54,
2026-09-11T01:46:34.207200+00:00,200,7005.33,
2026-09-11T01:46:31.332413+00:00,200,9880.26,
2026-09-11T01:46:29.307707+00:00,200,11918.66,
2026-09-11T01:46:22.549589+00:00,200,18678.60,
2026-09-11T01:46:28.728377+00:00,200,12522.98,
2026-09-11T01:46:37.585273+00:00,200,3682.89,
2026-09-11T01:46:38.766568+00:00,200,2512.23,
2026-09-11T01:46:36.737196+00:00,200,4545.55,
2026-09-11T01:46:34.806814+00:00,200,6486.31,
2026-09-11T01:46:28.229172+00:00,200,13071.90,
2026-09-11T01:46:31.894561+00:00,200,9408.96,
2026-09-11T01:46:37.491371+00:00,200,3813.02,
2026-09-11T01:46:36.240803+00:00,200,5086.34,
2026-09-11T01:46:40.716240+00:00,200,631.67,
2026-09-11T01:46:37.807229+00:00,200,3547.61,
2026-09-11T01:46:40.365084+00:00,200,1000.76,
2026-09-11T01:46:36.715720+00:00,200,4670.69,
2026-09-11T01:46:38.375722+00:00,200,3014.99,
2026-09-11T01:46:39.797647+00:00,200,1592.49,
2026-09-11T01:46:40.286374+00:00,200,1109.51,
2026-09-11T01:46:41.012976+00:00,200,388.21,
2026-09-11T01:46:37.291036+00:00,200,4133.08,
2026-09-11T01:46:39.782934+00:00,200,1636.62,
2026-09-11T01:46:34.605380+00:00,200,6839.06,
2026-09-11T01:46:28.997541+00:00,200,12462.59,
2026-09-11T01:46:35.113863+00:00,200,6346.73,
2026-09-11T01:46:41.326806+00:00,200,133.53,
2026-09-11T01:46:39.845161+00:00,200,1609.97,
2026-09-11T01:46:34.088671+00:00,200,7387.39,
2026-09-11T01:46:40.791302+00:00,200,693.06,
2026-09-11T01:46:30.692396+00:00,200,10792.34,
2026-09-11T01:46:36.793468+00:00,200,4697.27,
2026-09-11T01:46:40.067706+00:00,200,1431.08,
2026-09-11T01:46:35.675605+00:00,200,5832.23,
2026-09-11T01:46:39.818802+00:00,200,1698.17,
2026-09-11T01:46:28.407184+00:00,200,13115.99,
2026-09-11T01:46:40.956872+00:00,200,568.68,
2026-09-11T01:46:40.469988+00:00,200,1068.94,
2026-09-11T01:46:31.725572+00:00,200,9831.35,
2026-09-11T01:46:39.690373+00:00,200,1866.55,
2026-09-11T01:46:37.616928+00:00,200,3962.53,
2026-09-11T01:46:37.087975+00:00,200,4502.71,
2026-09-11T01:46:34.178478+00:00,200,7414.21,
2026-09-11T01:46:37.701192+00:00,200,3896.25,
2026-09-11T01:46:40.440883+00:00,200,1161.04,
2026-09-11T01:46:40.456586+00:00,200,1158.67,
2026-09-11T01:46:36.857577+00:00,200,4751.94,
2026-09-11T01:46:33.616808+00:00,200,8020.79,
2026-09-11T01:46:38.116919+00:00,200,3522.71,
2026-09-11T01:46:32.294190+00:00,200,9377.80,
2026-09-11T01:46:33.358677+00:00,200,8320.06,
2026-09-11T01:46:41.191306+00:00,200,485.55,
2026-09-11T01:46:25.217460+00:00,200,16502.04,
2026-09-11T01:46:37.701192+00:00,200,4026.38,
2026-09-11T01:46:27.993741+00:00,200,13744.69,
2026-09-11T01:46:41.389472+00:00,200,353.25,
2026-09-11T01:46:34.878805+00:00,200,6871.29,
2026-09-11T01:46:41.423863+00:00,200,335.58,
2026-09-11T01:46:41.636578+00:00,200,126.19,
2026-09-11T01:46:40.433459+00:00,200,1352.75,
2026-09-11T01:46:40.210885+00:00,200,1579.44,
2026-09-11T01:46:38.917900+00:00,200,2876.61,
2026-09-11T01:46:39.367330+00:00,200,2432.15,
2026-09-11T01:46:29.654614+00:00,200,12149.08,
2026-09-11T01:46:32.707361+00:00,200,9103.88,
2026-09-11T01:46:36.983959+00:00,200,4827.69,
2026-09-11T01:46:40.078875+00:00,200,1749.56,
2026-09-11T01:46:39.431771+00:00,200,2392.42,
2026-09-11T01:46:40.813425+00:00,200,1031.50,
2026-09-11T01:46:38.732995+00:00,200,3114.45,
2026-09-11T01:46:38.699212+00:00,200,3159.59,
2026-09-11T01:46:39.527390+00:00,200,2330.21,
2026-09-11T01:46:37.349160+00:00,200,4536.24,
2026-09-11T01:46:38.818046+00:00,200,3075.10,
2026-09-11T01:46:36.054267+00:00,200,5840.32,
2026-09-11T01:46:37.727856+00:00,200,4171.57,
2026-09-11T01:46:40.082586+00:00,200,1832.51,
2026-09-11T01:46:35.789423+00:00,200,6133.26,
2026-09-11T01:46:34.933671+00:00,200,7003.40,
2026-09-11T01:46:40.154834+00:00,200,1782.11,
2026-09-11T01:46:33.609484+00:00,200,8347.04,
2026-09-11T01:46:37.316632+00:00,200,4635.49,
2026-09-11T01:46:41.829963+00:00,200,134.13,
2026-09-11T01:46:36.025538+00:00,200,5943.82,
2026-09-11T01:46:31.985792+00:00,200,9988.12,
2026-09-11T01:46:24.333879+00:00,200,17661.96,
2026-09-11T01:46:36.163136+00:00,200,5832.88,
2026-09-11T01:46:40.541140+00:00,200,1455.77,
2026-09-11T01:46:40.450822+00:00,200,1556.27,
2026-09-11T01:46:40.631875+00:00,200,1390.31,
2026-09-11T01:46:37.553476+00:00,200,4473.32,
2026-09-11T01:46:38.498927+00:00,200,3541.64,
2026-09-11T01:46:31.978106+00:00,200,10079.37,
2026-09-11T01:46:40.949762+00:00,200,1114.06,
2026-09-11T01:46:40.223376+00:00,200,1867.92,
2026-09-11T01:46:40.345852+00:00,200,1747.46,
2026-09-11T01:46:35.356785+00:00,200,6737.00,
2026-09-11T01:46:34.615089+00:00,200,7486.52,
2026-09-11T01:46:34.285722+00:00,200,7812.35,
2026-09-11T01:46:31.182652+00:00,200,10930.68,
2026-09-11T01:46:32.131806+00:00,200,9986.17,
2026-09-11T01:46:41.394181+00:00,200,724.60,
2026-09-11T01:46:40.334224+00:00,200,1794.48,
2026-09-11T01:46:32.869075+00:00,200,9282.10,
2026-09-11T01:46:37.141502+00:00,200,5008.37,
2026-09-11T01:46:41.213713+00:00,200,949.51,
2026-09-11T01:46:41.423863+00:00,200,759.77,
2026-09-11T01:46:42.058149+00:00,200,129.05,
2026-09-11T01:46:40.775380+00:00,200,1418.13,
2026-09-11T01:46:37.063671+00:00,200,5141.48,
2026-09-11T01:46:40.369508+00:00,200,1836.18,
2026-09-11T01:46:29.081710+00:00,200,13130.87,
2026-09-11T01:46:37.749766+00:00,200,4457.95,
2026-09-11T01:46:35.734294+00:00,200,6482.07,
2026-09-11T01:46:37.918559+00:00,200,4290.87,
2026-09-11T01:46:35.506849+00:00,200,6722.74,
2026-09-11T01:46:39.385817+00:00,200,2844.25,
2026-09-11T01:46:37.841685+00:00,200,4402.90,
2026-09-11T01:46:40.044269+00:00,200,2216.06,
2026-09-11T01:46:41.242105+00:00,200,1024.30,
2026-09-11T01:46:39.294191+00:00,200,2974.10,
2026-09-11T01:46:41.834166+00:00,200,442.75,
2026-09-11T01:46:27.968810+00:00,200,14324.63,
2026-09-11T01:46:38.473675+00:00,200,3835.74,
2026-09-11T01:46:37.537648+00:00,200,4788.66,
2026-09-11T01:46:41.638599+00:00,200,697.34,
2026-09-11T01:46:40.680695+00:00,200,1673.14,
2026-09-11T01:46:31.818739+00:00,200,10539.10,
2026-09-11T01:46:41.182324+00:00,200,1183.56,
2026-09-11T01:46:40.800267+00:00,200,1576.13,
2026-09-11T01:46:39.050815+00:00,200,3335.88,
2026-09-11T01:46:37.506036+00:00,200,4892.67,
2026-09-11T01:46:42.144181+00:00,200,258.70,
2026-09-11T01:46:38.955452+00:00,200,3451.75,
2026-09-11T01:46:39.097584+00:00,200,3317.43,
2026-09-11T01:46:37.110462+00:00,200,5315.90,
2026-09-11T01:46:34.414741+00:00,200,8013.12,
2026-09-11T01:46:41.123848+00:00,200,1306.37,
2026-09-11T01:46:39.149958+00:00,200,3285.21,
2026-09-11T01:46:42.311900+00:00,200,127.17,
2026-09-11T01:46:42.091631+00:00,200,386.22,
2026-09-11T01:46:41.883414+00:00,200,600.82,
2026-09-11T01:46:42.341456+00:00,200,144.55,
2026-09-11T01:46:40.696503+00:00,200,1789.99,
2026-09-11T01:46:40.520412+00:00,200,1974.02,
2026-09-11T01:46:40.623833+00:00,200,1888.25,
2026-09-11T01:46:35.838286+00:00,200,6692.30,
2026-09-11T01:46:40.743477+00:00,200,1784.64,
2026-09-11T01:46:35.391642+00:00,200,7148.29,
2026-09-11T01:46:42.307560+00:00,200,235.89,
2026-09-11T01:46:41.266883+00:00,200,1277.96,
2026-09-11T01:46:35.922620+00:00,200,6648.36,
2026-09-11T01:46:39.473357+00:00,200,3104.12,
2026-09-11T01:46:39.876290+00:00,200,2702.64,
2026-09-11T01:46:35.365530+00:00,200,7217.66,
2026-09-11T01:46:32.290107+00:00,200,10300.71,
2026-09-11T01:46:40.642879+00:00,200,1950.13,
2026-09-11T01:46:42.091631+00:00,200,501.64,
2026-09-11T01:46:40.753587+00:00,200,1848.56,
2026-09-11T01:46:35.827453+00:00,200,6780.84,
2026-09-11T01:46:41.958193+00:00,200,652.51,
2026-09-11T01:46:39.664243+00:00,200,2951.19,
2026-09-11T01:46:33.093117+00:00,200,9533.64,
2026-09-11T01:46:42.531900+00:00,200,99.32,
2026-09-11T01:46:38.548681+00:00,200,4094.48,
2026-09-11T01:46:40.813425+00:00,200,1832.74,
2026-09-11T01:46:27.732955+00:00,200,14929.46,
2026-09-11T01:46:40.398315+00:00,200,2266.61,
2026-09-11T01:46:40.512620+00:00,200,2155.58,
2026-09-11T01:46:36.845342+00:00,200,5828.97,
2026-09-11T01:46:42.580325+00:00,200,101.71,
2026-09-11T01:46:36.105241+00:00,200,6584.51,
2026-09-11T01:46:30.069271+00:00,200,12635.22,
2026-09-11T01:46:31.273075+00:00,200,11432.22,
2026-09-11T01:46:37.950493+00:00,200,4762.59,
2026-09-11T01:46:37.656512+00:00,200,5065.42,
2026-09-11T01:46:37.966393+00:00,200,4757.69,
2026-09-11T01:46:40.433459+00:00,200,2313.43,
2026-09-11T01:46:42.493828+00:00,200,260.22,
2026-09-11T01:46:38.450378+00:00,200,4308.96,
2026-09-11T01:46:41.798180+00:00,200,969.39,
2026-09-11T01:46:42.045421+00:00,200,727.50,
2026-09-11T01:46:37.569483+00:00,200,5206.44,
2026-09-11T01:46:41.538839+00:00,200,1246.02,
2026-09-11T01:46:38.695705+00:00,200,4090.79,
2026-09-11T01:46:42.485424+00:00,200,310.41,
2026-09-11T01:46:38.971402+00:00,200,3835.28,
2026-09-11T01:46:37.616928+00:00,200,5198.94,
2026-09-11T01:46:40.912734+00:00,200,1907.96,
2026-09-11T01:46:31.250268+00:00,200,11577.70,
2026-09-11T01:46:42.597412+00:00,200,242.12,
2026-09-11T01:46:40.999685+00:00,200,1839.76,
2026-09-11T01:46:40.877824+00:00,200,1979.56,
2026-09-11T01:46:42.159290+00:00,200,713.51,
2026-09-11T01:46:40.227549+00:00,200,2659.87,
2026-09-11T01:46:38.658768+00:00,200,4226.13,
2026-09-11T01:46:36.493774+00:00,200,6388.00,
2026-09-11T01:46:31.459196+00:00,200,11434.62,
2026-09-11T01:46:42.538861+00:00,200,345.43,
2026-09-11T01:46:40.067706+00:00,200,2831.33,
2026-09-11T01:46:35.279444+00:00,200,7635.17,
2026-09-11T01:46:36.106749+00:00,200,6808.33,
2026-09-11T01:46:41.386840+00:00,200,1540.36,
2026-09-11T01:46:39.523088+00:00,200,3410.03,
2026-09-11T01:46:42.199959+00:00,200,732.07,
2026-09-11T01:46:42.748840+00:00,200,199.74,
2026-09-11T01:46:40.210885+00:00,200,2757.72,
2026-09-11T01:46:39.956020+00:00,200,3021.53,
2026-09-11T01:46:42.601776+00:00,200,386.80,
2026-09-11T01:46:34.799687+00:00,200,8202.39,
2026-09-11T01:46:38.340755+00:00,200,4680.30,
2026-09-11T01:46:40.716240+00:00,200,2310.75,
2026-09-11T01:46:40.974854+00:00,200,2054.50,
2026-09-11T01:46:42.905762+00:00,200,132.47,
2026-09-11T01:46:36.434158+00:00,200,6607.06,
2026-09-11T01:46:33.198798+00:00,200,9853.41,
2026-09-11T01:46:39.421887+00:00,200,3630.88,
2026-09-11T01:46:40.925406+00:00,200,2131.56,
2026-09-11T01:46:34.972612+00:00,200,8092.37,
2026-09-11T01:46:42.275011+00:00,200,794.73,
2026-09-11T01:46:41.024316+00:00,200,2060.54,
2026-09-11T01:46:35.997485+00:00,200,7086.50,
2026-09-11T01:46:39.336146+00:00,200,3753.48,
2026-09-11T01:46:39.486682+00:00,200,3655.14,
2026-09-11T01:46:35.190137+00:00,200,7954.58,
2026-09-11T01:46:34.370717+00:00,200,8779.15,
2026-09-11T01:46:43.023930+00:00,200,142.01,
2026-09-11T01:46:36.149552+00:00,200,7020.03,
2026-09-11T01:46:39.543445+00:00,200,3626.30,
2026-09-11T01:46:41.065139+00:00,200,2111.70,
2026-09-11T01:46:35.340103+00:00,200,7852.03,
2026-09-11T01:46:38.923442+00:00,200,4267.33,
2026-09-11T01:46:38.424106+00:00,200,4777.71,
2026-09-11T01:46:38.062824+00:00,200,5144.16,
2026-09-11T01:46:41.095067+00:00,200,2122.11,
2026-09-11T01:46:40.230189+00:00,200,3001.67,
2026-09-11T01:46:41.793178+00:00,200,1447.09,
2026-09-11T01:46:41.296619+00:00,200,1950.73,
2026-09-11T01:46:34.684991+00:00,200,8569.42,
2026-09-11T01:46:42.590559+00:00,200,669.40,
2026-09-11T01:46:43.147607+00:00,200,116.78,
2026-09-11T01:46:41.675687+00:00,200,1586.82,
2026-09-11T01:46:37.407107+00:00,200,5862.30,
2026-09-11T01:46:31.303860+00:00,200,11995.51,
2026-09-11T01:46:41.158265+00:00,200,2144.13,
2026-09-11T01:46:40.345852+00:00,200,2967.52,
2026-09-11T01:46:42.008156+00:00,200,1327.16,
2026-09-11T01:46:37.841685+00:00,200,5518.53,
2026-09-11T01:46:35.780231+00:00,200,7593.50,
2026-09-11T01:46:43.207068+00:00,200,173.32,
2026-09-11T01:46:39.956020+00:00,200,3416.23,
2026-09-11T01:46:42.705817+00:00,200,694.99,
2026-09-11T01:46:42.493828+00:00,200,914.74,
2026-09-11T01:46:43.298845+00:00,200,112.07,
2026-09-11T01:46:35.143144+00:00,200,8267.28,
2026-09-11T01:46:36.698227+00:00,200,6715.05,
2026-09-11T01:46:36.920065+00:00,200,6496.68,
2026-09-11T01:46:35.070798+00:00,200,8362.50,
2026-09-11T01:46:38.201860+00:00,200,5232.59,
2026-09-11T01:46:32.733487+00:00,200,10698.30,
2026-09-11T01:46:43.336667+00:00,200,100.06,
2026-09-11T01:46:37.665200+00:00,200,5774.02,
2026-09-11T01:46:38.424106+00:00,200,5015.28,
2026-09-11T01:46:41.392637+00:00,200,2069.90,
2026-09-11T01:46:41.901868+00:00,200,1569.40,
2026-09-11T01:46:38.081084+00:00,200,5387.55,
2026-09-11T01:46:40.440883+00:00,200,3048.03,
2026-09-11T01:46:33.528260+00:00,200,9972.11,
2026-09-11T01:46:39.347009+00:00,200,4158.03,
2026-09-11T01:46:40.002558+00:00,200,3508.39,
2026-09-11T01:46:39.639592+00:00,200,3869.42,
2026-09-11T01:46:38.000970+00:00,200,5519.36,
2026-09-11T01:46:35.391642+00:00,200,8135.81,
2026-09-11T01:46:35.198828+00:00,200,8340.55,
2026-09-11T01:46:36.686935+00:00,200,6854.71,
2026-09-11T01:46:43.127831+00:00,200,419.90,
2026-09-11T01:46:36.875641+00:00,200,6674.32,
2026-09-11T01:46:42.980384+00:00,200,584.04,
2026-09-11T01:46:42.876125+00:00,200,693.97,
2026-09-11T01:46:29.994064+00:00,200,13585.29,
2026-09-11T01:46:42.914338+00:00,200,676.29,
2026-09-11T01:46:34.969544+00:00,200,8636.95,
2026-09-11T01:46:42.715559+00:00,200,900.66,
2026-09-11T01:46:41.719453+00:00,200,1908.45,
2026-09-11T01:46:41.616826+00:00,200,2009.94,
2026-09-11T01:46:43.525933+00:00,200,116.14,
2026-09-11T01:46:41.525090+00:00,200,2128.25,
2026-09-11T01:46:40.020829+00:00,200,3625.73,
2026-09-11T01:46:34.209213+00:00,200,9453.86,
2026-09-11T01:46:42.888959+00:00,200,783.61,
2026-09-11T01:46:36.485958+00:00,200,7200.42,
2026-09-11T01:46:41.296619+00:00,200,2392.04,
2026-09-11T01:46:39.303733+00:00,200,4380.97,
2026-09-11T01:46:39.067170+00:00,200,4632.21,
2026-09-11T01:46:25.285865+00:00,200,18436.03,
2026-09-11T01:46:43.317587+00:00,200,411.84,
2026-09-11T01:46:40.415069+00:00,200,3313.39,
2026-09-11T01:46:43.516842+00:00,200,220.15,
2026-09-11T01:46:41.967128+00:00,200,1776.99,
2026-09-11T01:46:37.759985+00:00,200,5978.99,
2026-09-11T01:46:42.391521+00:00,200,1363.66,
2026-09-11T01:46:43.302131+00:00,200,455.06,
2026-09-11T01:46:42.436448+00:00,200,1327.63,
2026-09-11T01:46:37.696162+00:00,200,6082.51,
2026-09-11T01:46:38.273653+00:00,200,5512.33,
2026-09-11T01:46:41.790660+00:00,200,2009.22,
2026-09-11T01:46:42.587844+00:00,200,1214.78,
2026-09-11T01:46:37.437277+00:00,200,6366.05,
2026-09-11T01:46:43.427038+00:00,200,386.99,
2026-09-11T01:46:41.918147+00:00,200,1901.12,
2026-09-11T01:46:36.777912+00:00,200,7058.13,
2026-09-11T01:46:36.428974+00:00,200,7409.35,
2026-09-11T01:46:25.182914+00:00,200,18662.55,
2026-09-11T01:46:38.971402+00:00,200,4885.50,
2026-09-11T01:46:30.506970+00:00,200,13354.99,
2026-09-11T01:46:37.966393+00:00,200,5895.24,
2026-09-11T01:46:42.418037+00:00,200,1451.11,
2026-09-11T01:46:38.357005+00:00,200,5539.54,
2026-09-11T01:46:41.277715+00:00,200,2630.98,
2026-09-11T01:46:41.398824+00:00,200,2514.45,
2026-09-11T01:46:43.192485+00:00,200,732.38,
2026-09-11T01:46:36.434158+00:00,200,7484.64,
2026-09-11T01:46:42.977051+00:00,200,951.76,
2026-09-11T01:46:43.812676+00:00,200,107.65,
2026-09-11T01:46:42.267719+00:00,200,1668.23,
2026-09-11T01:46:37.151961+00:00,200,6795.06,
2026-09-11T01:46:43.240256+00:00,200,702.49,
2026-09-11T01:46:42.377628+00:00,200,1574.86,
2026-09-11T01:46:34.755138+00:00,200,9202.19,
2026-09-11T01:46:43.580637+00:00,200,400.06,
2026-09-11T01:46:31.459817+00:00,200,12535.91,
2026-09-11T01:46:41.683123+00:00,200,2312.54,
2026-09-11T01:46:41.848801+00:00,200,2161.29,
2026-09-11T01:46:38.382383+00:00,200,5632.48,
2026-09-11T01:46:35.997485+00:00,200,8022.74,
2026-09-11T01:46:35.013745+00:00,200,9007.72,
2026-09-11T01:46:41.457257+00:00,200,2581.52,
2026-09-11T01:46:43.928075+00:00,200,116.42,
2026-09-11T01:46:35.098076+00:00,200,8949.94,
2026-09-11T01:46:42.125296+00:00,200,1926.88,
2026-09-11T01:46:43.936921+00:00,200,121.74,
2026-09-11T01:46:40.902149+00:00,200,3168.29,
2026-09-11T01:46:41.733048+00:00,200,2341.33,
2026-09-11T01:46:38.466067+00:00,200,5606.56,
2026-09-11T01:46:30.150583+00:00,200,13928.58,
2026-09-11T01:46:39.197565+00:00,200,4889.57,
2026-09-11T01:46:41.228144+00:00,200,2888.17,
2026-09-11T01:46:41.585141+00:00,200,2536.07,
2026-09-11T01:46:41.482279+00:00,200,2642.84,
2026-09-11T01:46:43.990314+00:00,200,132.17,
2026-09-11T01:46:43.442340+00:00,200,684.90,
2026-09-11T01:46:38.498927+00:00,200,5630.43,
2026-09-11T01:46:42.064804+00:00,200,2083.33,
2026-09-11T01:46:38.485802+00:00,200,5668.04,
2026-09-11T01:46:43.951236+00:00,200,236.30,
2026-09-11T01:46:31.788645+00:00,200,12391.03,
2026-09-11T01:46:41.915627+00:00,200,2278.38,
2026-09-11T01:46:40.983308+00:00,200,3213.08,
2026-09-11T01:46:41.033636+00:00,200,3193.69,
2026-09-11T01:46:43.590142+00:00,200,643.58,
2026-09-11T01:46:43.649704+00:00,200,585.76,
2026-09-11T01:46:38.149176+00:00,200,6092.62,
2026-09-11T01:46:43.212174+00:00,200,1052.61,
2026-09-11T01:46:34.703117+00:00,200,9560.55,
2026-09-11T01:46:42.150178+00:00,200,2129.10,
2026-09-11T01:46:40.665521+00:00,200,3618.02,
2026-09-11T01:46:41.299383+00:00,200,2994.57,
2026-09-11T01:46:37.141502+00:00,200,7162.92,
2026-09-11T01:46:39.835823+00:00,200,4473.34,
2026-09-11T01:46:34.956932+00:00,200,9365.09,
2026-09-11T01:46:38.053574+00:00,200,6289.05,
2026-09-11T01:46:41.057438+00:00,200,3291.47,
2026-09-11T01:46:33.701239+00:00,200,10661.05,
2026-09-11T01:46:39.211159+00:00,200,5155.33,
2026-09-11T01:46:41.850663+00:00,200,2518.44,
2026-09-11T01:46:35.724023+00:00,200,8646.38,
2026-09-11T01:46:42.399888+00:00,200,1986.88,
2026-09-11T01:46:40.848885+00:00,200,3539.97,
2026-09-11T01:46:42.887453+00:00,200,1511.94,
2026-09-11T01:46:40.323448+00:00,200,4085.02,
2026-09-11T01:46:41.643974+00:00,200,2766.00,
2026-09-11T01:46:43.007236+00:00,200,1409.23,
2026-09-11T01:46:40.604939+00:00,200,3822.47,
2026-09-11T01:46:38.673678+00:00,200,5772.50,
2026-09-11T01:46:41.448789+00:00,200,3006.23,
2026-09-11T01:46:33.975781+00:00,200,10479.34,
2026-09-11T01:46:36.240803+00:00,200,8219.05,
2026-09-11T01:46:44.316645+00:00,200,146.32,
2026-09-11T01:46:44.361095+00:00,200,117.73,
2026-09-11T01:46:42.413509+00:00,200,2077.06,
2026-09-11T01:46:44.215618+00:00,200,287.91,
2026-09-11T01:46:42.336023+00:00,200,2171.92,
2026-09-11T01:46:42.754496+00:00,200,1756.03,
2026-09-11T01:46:40.560459+00:00,200,3954.60,
2026-09-11T01:46:42.973964+00:00,200,1546.56,
2026-09-11T01:46:42.155783+00:00,200,2368.88,
2026-09-11T01:46:35.881098+00:00,200,8647.46,
2026-09-11T01:46:43.488952+00:00,200,1057.23,
2026-09-11T01:46:42.538861+00:00,200,2008.57,
2026-09-11T01:46:42.608221+00:00,200,1944.60,
2026-09-11T01:46:37.055248+00:00,200,7507.10,
2026-09-11T01:46:39.543445+00:00,200,5018.19,
2026-09-11T01:46:43.735221+00:00,200,853.54,
2026-09-11T01:46:44.136043+00:00,200,457.74,
2026-09-11T01:46:44.365668+00:00,200,231.01,
2026-09-11T01:46:29.057720+00:00,200,15591.58,
2026-09-11T01:46:43.240256+00:00,200,1425.37,
2026-09-11T01:46:42.628574+00:00,200,2038.24,
2026-09-11T01:46:31.946158+00:00,200,12725.04,
2026-09-11T01:46:43.616795+00:00,200,1065.41,
2026-09-11T01:46:43.224896+00:00,200,1456.25,
2026-09-11T01:46:44.348947+00:00,200,343.29,
2026-09-11T01:46:44.121457+00:00,200,579.49,
2026-09-11T01:46:36.493774+00:00,200,8205.38,
2026-09-11T01:46:42.267719+00:00,200,2441.70,
2026-09-11T01:46:44.371729+00:00,200,348.50,
2026-09-11T01:46:43.750282+00:00,200,967.96,
2026-09-11T01:46:36.634594+00:00,200,8095.63,
2026-09-11T01:46:41.992332+00:00,200,2751.13,
2026-09-11T01:46:43.867612+00:00,200,894.07,
2026-09-11T01:46:31.993831+00:00,200,12767.91,
2026-09-11T01:46:38.206938+00:00,200,6568.75,
2026-09-11T01:46:43.628281+00:00,200,1157.48,
2026-09-11T01:46:43.722180+00:00,200,1075.30,
2026-09-11T01:46:35.957691+00:00,200,8839.92,
2026-09-11T01:46:40.791302+00:00,200,4019.10,
2026-09-11T01:46:32.851918+00:00,200,11962.94,
2026-09-11T01:46:40.945248+00:00,200,3877.20,
2026-09-11T01:46:42.788459+00:00,200,2042.21,
2026-09-11T01:46:40.995345+00:00,200,3838.98,
2026-09-11T01:46:38.907439+00:00,200,5922.59,
2026-09-11T01:46:43.410859+00:00,200,1427.63,
2026-09-11T01:46:39.861099+00:00,200,4970.73,
2026-09-11T01:46:40.154834+00:00,200,4684.70,
2026-09-11T01:46:28.806337+00:00,200,16044.67,
2026-09-11T01:46:43.600418+00:00,200,1262.66,
2026-09-11T01:46:31.246527+00:00,200,13622.06,
2026-09-11T01:46:33.375963+00:00,200,11505.91,
2026-09-11T01:46:41.065139+00:00,200,3819.76,
2026-09-11T01:46:41.809710+00:00,200,3094.13,
2026-09-11T01:46:37.240291+00:00,200,7662.36,
2026-09-11T01:46:42.107156+00:00,200,2827.59,
2026-09-11T01:46:44.128500+00:00,200,817.03,
2026-09-11T01:46:42.774768+00:00,200,2181.63,
2026-09-11T01:46:37.364143+00:00,200,7592.98,
2026-09-11T01:46:44.701014+00:00,200,267.94,
2026-09-11T01:46:44.648946+00:00,200,324.85,
2026-09-11T01:46:36.737196+00:00,200,8232.44,
2026-09-11T01:46:42.704808+00:00,200,2300.83,
2026-09-11T01:46:33.068465+00:00,200,11938.88,
2026-09-11T01:46:41.763340+00:00,200,3249.90,
2026-09-11T01:46:43.438003+00:00,200,1577.81,
2026-09-11T01:46:29.852096+00:00,200,15169.27,
2026-09-11T01:46:44.190777+00:00,200,841.60,
2026-09-11T01:46:33.580452+00:00,200,11445.44,
2026-09-11T01:46:35.113863+00:00,200,9919.76,
2026-09-11T01:46:43.958839+00:00,200,1095.43,
2026-09-11T01:46:44.934975+00:00,200,121.89,
2026-09-11T01:46:36.033189+00:00,200,9045.18,
2026-09-11T01:46:44.969420+00:00,200,150.87,
2026-09-11T01:46:43.463264+00:00,200,1660.72,
2026-09-11T01:46:35.882659+00:00,200,9246.67,
2026-09-11T01:46:38.875423+00:00,200,6254.28,
2026-09-11T01:46:41.365619+00:00,200,3778.90,
2026-09-11T01:46:41.516750+00:00,200,3637.11,
2026-09-11T01:46:44.705013+00:00,200,453.39,
2026-09-11T01:46:37.775388+00:00,200,7393.86,
2026-09-11T01:46:44.332827+00:00,200,842.33,
2026-09-11T01:46:42.557129+00:00,200,2639.27,
2026-09-11T01:46:42.573684+00:00,200,2628.03,
2026-09-11T01:46:43.912539+00:00,200,1283.35,
2026-09-11T01:46:32.266762+00:00,200,12941.79,
2026-09-11T01:46:37.982507+00:00,200,7229.65,
2026-09-11T01:46:33.142564+00:00,200,12083.50,
2026-09-11T01:46:44.388019+00:00,200,863.42,
2026-09-11T01:46:42.108524+00:00,200,3142.77,
2026-09-11T01:46:43.833256+00:00,200,1423.94,
2026-09-11T01:46:43.740256+00:00,200,1534.23,
2026-09-11T01:46:41.800556+00:00,200,3476.95,
2026-09-11T01:46:44.079259+00:00,200,1204.14,
2026-09-11T01:46:40.888336+00:00,200,4407.80,
2026-09-11T01:46:44.797454+00:00,200,523.61,
2026-09-11T01:46:38.382383+00:00,200,6938.35,
2026-09-11T01:46:38.062824+00:00,200,7260.38,
2026-09-11T01:46:40.424928+00:00,200,4918.49,
2026-09-11T01:46:43.606414+00:00,200,1740.48,
2026-09-11T01:46:32.210900+00:00,200,13152.68,
2026-09-11T01:46:40.541140+00:00,200,4828.35,
2026-09-11T01:46:39.909493+00:00,200,5496.09,
2026-09-11T01:46:45.083651+00:00,200,326.67,
2026-09-11T01:46:38.273653+00:00,200,7161.32,
2026-09-11T01:46:41.834166+00:00,200,3605.00,
2026-09-11T01:46:30.715336+00:00,200,14722.33,
2026-09-11T01:46:40.918759+00:00,200,4520.23,
2026-09-11T01:46:44.525655+00:00,200,915.31,
2026-09-11T01:46:38.145874+00:00,200,7308.04,
2026-09-11T01:46:44.518658+00:00,200,937.51,
2026-09-11T01:46:43.555367+00:00,200,1904.60,
2026-09-11T01:46:33.341585+00:00,200,12114.66,
2026-09-11T01:46:38.939388+00:00,200,6526.57,
2026-09-11T01:46:38.099330+00:00,200,7368.82,
2026-09-11T01:46:42.817833+00:00,200,2652.35,
2026-09-11T01:46:39.418065+00:00,200,6056.92,
2026-09-11T01:46:31.597237+00:00,200,13898.64,
2026-09-11T01:46:41.023801+00:00,200,4488.14,
2026-09-11T01:46:43.863601+00:00,200,1649.28,
2026-09-11T01:46:43.151833+00:00,200,2366.25,
2026-09-11T01:46:43.763230+00:00,200,1759.27,
2026-09-11T01:46:45.029140+00:00,200,494.32,
2026-09-11T01:46:42.324950+00:00,200,3211.30,
2026-09-11T01:46:44.415642+00:00,200,1127.84,
2026-09-11T01:46:45.404915+00:00,200,171.17,
2026-09-11T01:46:30.790274+00:00,200,14790.86,
2026-09-11T01:46:34.496190+00:00,200,11087.07,
2026-09-11T01:46:42.840599+00:00,200,2766.61,
2026-09-11T01:46:44.244459+00:00,200,1382.23,
2026-09-11T01:46:36.718231+00:00,200,8922.96,
2026-09-11T01:46:30.063316+00:00,200,15592.82,
2026-09-11T01:46:42.509827+00:00,200,3155.49,
2026-09-11T01:46:37.982507+00:00,200,7691.74,
2026-09-11T01:46:34.617914+00:00,200,11059.99,
2026-09-11T01:46:42.585327+00:00,200,3102.16,
2026-09-11T01:46:45.534920+00:00,200,152.12,
2026-09-11T01:46:36.718231+00:00,200,8979.78,
2026-09-11T01:46:41.667148+00:00,200,4048.76,
2026-09-11T01:46:42.707297+00:00,200,3015.77,
2026-09-11T01:46:44.520657+00:00,200,1217.63,
2026-09-11T01:46:42.350926+00:00,200,3385.79,
2026-09-11T01:46:43.990314+00:00,200,1747.97,
2026-09-11T01:46:44.490653+00:00,200,1258.54,
2026-09-11T01:46:44.977444+00:00,200,774.60,
2026-09-11T01:46:44.073739+00:00,200,1681.05,
2026-09-11T01:46:41.962235+00:00,200,3800.17,
2026-09-11T01:46:44.391249+00:00,200,1392.38,
2026-09-11T01:46:39.421887+00:00,200,6371.37,
2026-09-11T01:46:43.897421+00:00,200,1911.04,
2026-09-11T01:46:40.002558+00:00,200,5805.49,
2026-09-11T01:46:41.286723+00:00,200,4534.74,
2026-09-11T01:46:39.835823+00:00,200,5999.54,
2026-09-11T01:46:37.127468+00:00,200,8717.80,
2026-09-11T01:46:41.605034+00:00,200,4250.82,
2026-09-11T01:46:43.324998+00:00,200,2537.17,
2026-09-11T01:46:45.174560+00:00,200,687.52,
2026-09-11T01:46:40.665521+00:00,200,5203.32,
2026-09-11T01:46:44.407500+00:00,200,1466.88,
2026-09-11T01:46:40.553685+00:00,200,5337.72,
2026-09-11T01:46:42.538861+00:00,200,3362.73,
2026-09-11T01:46:44.665669+00:00,200,1243.77,
2026-09-11T01:46:45.132903+00:00,200,778.90,
2026-09-11T01:46:44.490653+00:00,200,1424.50,
2026-09-11T01:46:40.983308+00:00,200,4935.06,
2026-09-11T01:46:41.447720+00:00,200,4485.97,
2026-09-11T01:46:45.782754+00:00,200,153.03,
2026-09-11T01:46:43.928075+00:00,200,2013.91,
2026-09-11T01:46:43.806851+00:00,200,2173.44,
2026-09-11T01:46:45.857765+00:00,200,140.25,
2026-09-11T01:46:45.325502+00:00,200,678.88,
2026-09-11T01:46:44.077753+00:00,200,1934.90,
2026-09-11T01:46:43.845620+00:00,200,2179.14,
2026-09-11T01:46:41.532423+00:00,200,4497.98,
2026-09-11T01:46:32.616084+00:00,200,13413.71,
2026-09-11T01:46:44.638184+00:00,200,1400.36,
2026-09-11T01:46:33.993699+00:00,200,12055.08,
2026-09-11T01:46:39.159838+00:00,200,6893.49,
2026-09-11T01:46:45.916727+00:00,200,141.35,
2026-09-11T01:46:43.089501+00:00,200,2971.10,
2026-09-11T01:46:34.739913+00:00,200,11328.09,
2026-09-11T01:46:45.055034+00:00,200,1015.30,
2026-09-11T01:46:40.461533+00:00,200,5611.89,
2026-09-11T01:46:43.999692+00:00,200,2076.09,
2026-09-11T01:46:41.345815+00:00,200,4783.68,
2026-09-11T01:46:43.630278+00:00,200,2511.61,
2026-09-11T01:46:41.591143+00:00,200,4551.53,
2026-09-11T01:46:29.987252+00:00,200,16178.87,
2026-09-11T01:46:42.667418+00:00,200,3504.91,
2026-09-11T01:46:41.800556+00:00,200,4370.15,
2026-09-11T01:46:39.117788+00:00,200,7055.73,
2026-09-11T01:46:44.590636+00:00,200,1595.71,
2026-09-11T01:46:42.784439+00:00,200,3412.20,
2026-09-11T01:46:32.487706+00:00,200,13713.83,
2026-09-11T01:46:41.762338+00:00,200,4453.97,
2026-09-11T01:46:31.352696+00:00,200,14865.07,
2026-09-11T01:46:45.407752+00:00,200,810.01,
2026-09-11T01:46:41.741127+00:00,200,4517.10,
2026-09-11T01:46:42.023978+00:00,200,4236.89,
2026-09-11T01:46:44.723118+00:00,200,1555.35,
2026-09-11T01:46:42.207302+00:00,200,4072.82,
2026-09-11T01:46:44.590636+00:00,200,1687.61,
2026-09-11T01:46:30.625693+00:00,200,15659.44,
2026-09-11T01:46:41.543825+00:00,200,4746.19,
2026-09-11T01:46:43.265679+00:00,200,3030.30,
2026-09-11T01:46:40.236048+00:00,200,6068.72,
2026-09-11T01:46:40.398315+00:00,200,5916.07,
2026-09-11T01:46:42.649742+00:00,200,3680.80,
2026-09-11T01:46:37.220902+00:00,200,9118.87,
2026-09-11T01:46:42.611419+00:00,200,3737.19,
2026-09-11T01:46:45.196609+00:00,200,1153.51,
2026-09-11T01:46:41.063039+00:00,200,5287.60,
2026-09-11T01:46:44.274162+00:00,200,2087.44,
2026-09-11T01:46:37.553476+00:00,200,8808.84,
2026-09-11T01:46:43.542988+00:00,200,2837.87,
2026-09-11T01:46:40.281510+00:00,200,6109.56,
2026-09-11T01:46:38.532005+00:00,200,7884.47,
2026-09-11T01:46:45.540683+00:00,200,889.07,
2026-09-11T01:46:43.727912+00:00,200,2717.15,
2026-09-11T01:46:45.449403+00:00,200,1017.07,
2026-09-11T01:46:44.368215+00:00,200,2106.53,
2026-09-11T01:46:41.974839+00:00,200,4496.31,
2026-09-11T01:46:43.800719+00:00,200,2682.13,
2026-09-11T01:46:33.316287+00:00,200,13168.01,
2026-09-11T01:46:41.486532+00:00,200,5012.67,
2026-09-11T01:46:37.966393+00:00,200,8536.71,
2026-09-11T01:46:39.781923+00:00,200,6739.82,
2026-09-11T01:46:45.333741+00:00,200,1188.70,
2026-09-11T01:46:38.565299+00:00,200,7954.69,
2026-09-11T01:46:41.349813+00:00,200,5183.17,
2026-09-11T01:46:46.137371+00:00,200,407.10,
2026-09-11T01:46:41.237578+00:00,200,5341.42,
2026-09-11T01:46:40.050241+00:00,200,6525.14,
2026-09-11T01:46:43.032427+00:00,200,3557.94,
2026-09-11T01:46:43.415191+00:00,200,3177.83,
2026-09-11T01:46:42.890705+00:00,200,3730.63,
2026-09-11T01:46:46.003369+00:00,200,627.83,
2026-09-11T01:46:44.295655+00:00,200,2352.71,
2026-09-11T01:46:30.482935+00:00,200,16167.63,
2026-09-11T01:46:38.837573+00:00,200,7818.45,
2026-09-11T01:46:44.807197+00:00,200,1854.13,
2026-09-11T01:46:45.432827+00:00,200,1242.20,
2026-09-11T01:46:46.257152+00:00,200,436.78,
2026-09-11T01:46:41.749392+00:00,200,4956.23,
2026-09-11T01:46:44.550698+00:00,200,2161.54,
2026-09-11T01:46:39.473357+00:00,200,7238.97,
2026-09-11T01:46:45.157745+00:00,200,1564.20,
2026-09-11T01:46:40.791302+00:00,200,5931.59,
2026-09-11T01:46:45.847998+00:00,200,892.03,
2026-09-11T01:46:36.974925+00:00,200,9766.60,
2026-09-11T01:46:44.542345+00:00,200,2205.26,
2026-09-11T01:46:40.239863+00:00,200,6513.91,
2026-09-11T01:46:41.933186+00:00,200,4827.60,
2026-09-11T01:46:46.328255+00:00,200,442.42,
2026-09-11T01:46:46.614270+00:00,200,163.17,
2026-09-11T01:46:34.278160+00:00,200,12517.23,
2026-09-11T01:46:44.321643+00:00,200,2493.38,
2026-09-11T01:46:45.591891+00:00,200,1245.93,
2026-09-11T01:46:35.440122+00:00,200,11400.14,
2026-09-11T01:46:43.500797+00:00,200,3347.40,
2026-09-11T01:46:43.667541+00:00,200,3182.17,
2026-09-11T01:46:44.046037+00:00,200,2814.80,
2026-09-11T01:46:43.427038+00:00,200,3430.44,
2026-09-11T01:46:43.750282+00:00,200,3126.23,
2026-09-11T01:46:44.232557+00:00,200,2652.43,
2026-09-11T01:46:46.543192+00:00,200,355.47,
2026-09-11T01:46:43.921157+00:00,200,2987.63,
2026-09-11T01:46:40.509599+00:00,200,6410.12,
2026-09-11T01:46:43.055835+00:00,200,3871.13,
2026-09-11T01:46:46.626475+00:00,200,309.66,
2026-09-11T01:46:44.768132+00:00,200,2198.55,
2026-09-11T01:46:37.633729+00:00,200,9330.25,
2026-09-11T01:46:44.547348+00:00,200,2427.43,
2026-09-11T01:46:46.199200+00:00,200,778.80,
2026-09-11T01:46:46.522133+00:00,200,458.57,
2026-09-11T01:46:45.740728+00:00,200,1255.45,
2026-09-11T01:46:27.679171+00:00,200,19316.15,
2026-09-11T01:46:36.152381+00:00,200,10851.21,
2026-09-11T01:46:41.937826+00:00,200,5091.20,
2026-09-11T01:46:35.181786+00:00,200,11847.48,
2026-09-11T01:46:46.251643+00:00,200,790.49,
2026-09-11T01:46:45.407752+00:00,200,1634.97,
2026-09-11T01:46:43.059536+00:00,200,3992.00,
2026-09-11T01:46:32.030155+00:00,200,15027.40,
2026-09-11T01:46:39.097584+00:00,200,7984.76,
2026-09-11T01:46:31.123552+00:00,200,15967.51,
2026-09-11T01:46:46.704263+00:00,200,396.42,
2026-09-11T01:46:41.682113+00:00,200,5428.63,
2026-09-11T01:46:44.126492+00:00,200,2984.78,
2026-09-11T01:46:45.006550+00:00,200,2148.89,
2026-09-11T01:46:41.463814+00:00,200,5699.91,
2026-09-11T01:46:45.608007+00:00,200,1562.82,
2026-09-11T01:46:46.342485+00:00,200,827.12,
2026-09-11T01:46:40.067706+00:00,200,7116.26,
2026-09-11T01:46:42.689407+00:00,200,4514.28,
2026-09-11T01:46:46.831147+00:00,200,361.66,
2026-09-11T01:46:45.798207+00:00,200,1411.22,
2026-09-11T01:46:45.642582+00:00,200,1572.23,
2026-09-11T01:46:42.217009+00:00,200,5026.99,
2026-09-11T01:46:43.632784+00:00,200,3606.91,
2026-09-11T01:46:40.313374+00:00,200,6938.00,
2026-09-11T01:46:40.615857+00:00,200,6649.65,
2026-09-11T01:46:46.061018+00:00,200,1216.08,
2026-09-11T01:46:46.848424+00:00,200,424.63,
2026-09-11T01:46:45.141009+00:00,200,2145.73,
2026-09-11T01:46:43.083741+00:00,200,4209.55,
2026-09-11T01:46:45.807769+00:00,200,1495.42,
2026-09-11T01:46:41.883414+00:00,200,5423.77,
2026-09-11T01:46:46.848424+00:00,200,475.22,
2026-09-11T01:46:44.736410+00:00,200,2602.16,
2026-09-11T01:46:45.457890+00:00,200,1889.61,
2026-09-11T01:46:47.204403+00:00,200,149.30,
2026-09-11T01:46:45.503448+00:00,200,1856.61,
2026-09-11T01:46:40.754231+00:00,200,6631.76,
2026-09-11T01:46:47.232498+00:00,200,165.22,
2026-09-11T01:46:45.341083+00:00,200,2063.49,
2026-09-11T01:46:43.949230+00:00,200,3465.63,
2026-09-11T01:46:38.598699+00:00,200,8814.62,
2026-09-11T01:46:44.047050+00:00,200,3382.23,
2026-09-11T01:46:37.122244+00:00,200,10318.62,
2026-09-11T01:46:35.205728+00:00,200,12238.43,
2026-09-11T01:46:39.861099+00:00,200,7600.94,
2026-09-11T01:46:40.813425+00:00,200,6659.62,
2026-09-11T01:46:43.743771+00:00,200,3731.69,
2026-09-11T01:46:46.368646+00:00,200,1119.88,
2026-09-11T01:46:40.743477+00:00,200,6749.79,
2026-09-11T01:46:40.892897+00:00,200,6607.12,
2026-09-11T01:46:43.649704+00:00,200,3866.21,
2026-09-11T01:46:42.762343+00:00,200,4769.02,
2026-09-11T01:46:46.905598+00:00,200,642.24,
2026-09-11T01:46:39.177382+00:00,200,8383.30,
2026-09-11T01:46:45.432827+00:00,200,2136.56,
2026-09-11T01:46:42.208307+00:00,200,5378.87,
2026-09-11T01:46:45.741084+00:00,200,1855.96,
2026-09-11T01:46:47.465824+00:00,200,143.82,
2026-09-11T01:46:33.939896+00:00,200,13670.53,
2026-09-11T01:46:45.341083+00:00,200,2278.39,
2026-09-11T01:46:40.760889+00:00,200,6865.25,
2026-09-11T01:46:44.813320+00:00,200,2822.19,
2026-09-11T01:46:43.061584+00:00,200,4583.03,
2026-09-11T01:46:46.460015+00:00,200,1185.77,
2026-09-11T01:46:44.869587+00:00,200,2790.67,
2026-09-11T01:46:47.527211+00:00,200,144.54,
2026-09-11T01:46:34.917689+00:00,200,12761.60,
2026-09-11T01:46:39.117788+00:00,200,8578.79,
2026-09-11T01:46:43.385992+00:00,200,4335.14,
2026-09-11T01:46:40.334224+00:00,200,7394.92,
2026-09-11T01:46:43.029690+00:00,200,4711.18,
2026-09-11T01:46:47.475076+00:00,200,275.43,
2026-09-11T01:46:46.739833+00:00,200,1011.14,
2026-09-11T01:46:32.375147+00:00,200,15398.89,
2026-09-11T01:46:45.691012+00:00,200,2084.37,
2026-09-11T01:46:46.501702+00:00,200,1269.15,
2026-09-11T01:46:44.225799+00:00,200,3555.46,
2026-09-11T01:46:47.267748+00:00,200,520.61,
2026-09-11T01:46:46.861632+00:00,200,943.32,
2026-09-11T01:46:45.157745+00:00,200,2656.18,
2026-09-11T01:46:41.597661+00:00,200,6233.32,
2026-09-11T01:46:46.772284+00:00,200,1060.67,
2026-09-11T01:46:44.342307+00:00,200,3525.24,
2026-09-11T01:46:44.975436+00:00,200,2897.34,
2026-09-11T01:46:27.741071+00:00,200,20139.05,
2026-09-11T01:46:41.362858+00:00,200,6530.15,
2026-09-11T01:46:44.565662+00:00,200,3330.10,
2026-09-11T01:46:44.015408+00:00,200,3888.71,
2026-09-11T01:46:43.504814+00:00,200,4414.76,
2026-09-11T01:46:46.162953+00:00,200,1759.50,
2026-09-11T01:46:46.307551+00:00,200,1632.18,
2026-09-11T01:46:43.822508+00:00,200,4118.82,
2026-09-11T01:46:47.351850+00:00,200,590.41,
2026-09-11T01:46:44.524659+00:00,200,3423.25,
2026-09-11T01:46:43.504814+00:00,200,4449.26,
2026-09-11T01:46:38.902636+00:00,200,9071.82,
2026-09-11T01:46:43.420217+00:00,200,4558.70,
2026-09-11T01:46:33.703426+00:00,200,14278.15,
2026-09-11T01:46:45.516132+00:00,200,2466.65,
2026-09-11T01:46:46.739833+00:00,200,1266.75,
2026-09-11T01:46:45.014578+00:00,200,3004.71,
2026-09-11T01:46:46.883091+00:00,200,1137.62,
2026-09-11T01:46:39.503420+00:00,200,8536.29,
2026-09-11T01:46:44.682317+00:00,200,3366.88,
2026-09-11T01:46:43.071711+00:00,200,4986.66,
2026-09-11T01:46:45.749605+00:00,200,2309.06,
2026-09-11T01:46:44.777132+00:00,200,3290.14,
2026-09-11T01:46:42.091631+00:00,200,5993.65,
2026-09-11T01:46:39.464314+00:00,200,8622.35,
2026-09-11T01:46:42.208307+00:00,200,5896.40,
2026-09-11T01:46:45.816026+00:00,200,2291.86,
2026-09-11T01:46:45.275108+00:00,200,2842.69,
2026-09-11T01:46:43.442340+00:00,200,4671.17,
2026-09-11T01:46:47.833236+00:00,200,296.43,
2026-09-11T01:46:46.050910+00:00,200,2077.73,
2026-09-11T01:46:42.183203+00:00,200,5965.24,
2026-09-11T01:46:41.858649+00:00,200,6301.83,
2026-09-11T01:46:43.521862+00:00,200,4643.16,
2026-09-11T01:46:42.493828+00:00,200,5666.10,
2026-09-11T01:46:47.886127+00:00,200,288.18,
2026-09-11T01:46:34.211229+00:00,200,13998.04,
2026-09-11T01:46:38.316821+00:00,200,9892.58,
2026-09-11T01:46:48.076188+00:00,200,132.12,
2026-09-11T01:46:46.686860+00:00,200,1534.99,
2026-09-11T01:46:33.855131+00:00,200,14391.92,
2026-09-11T01:46:45.320059+00:00,200,2933.69,
2026-09-11T01:46:43.401103+00:00,200,4858.78,
2026-09-11T01:46:45.508261+00:00,200,2766.05,
2026-09-11T01:46:46.963318+00:00,200,1318.66,
2026-09-11T01:46:40.181546+00:00,200,8158.20,
2026-09-11T01:46:45.939399+00:00,200,2411.29,
2026-09-11T01:46:41.182324+00:00,200,7166.15,
2026-09-11T01:46:43.981039+00:00,200,4390.23,
2026-09-11T01:46:47.599572+00:00,200,785.68,
2026-09-11T01:46:40.585047+00:00,200,7804.11,
2026-09-11T01:46:44.851896+00:00,200,3544.85,
2026-09-11T01:46:42.767578+00:00,200,5630.61,
2026-09-11T01:46:40.334224+00:00,200,8084.98,
2026-09-11T01:46:45.749605+00:00,200,2674.99,
2026-09-11T01:46:40.956872+00:00,200,7467.85,
2026-09-11T01:46:47.675108+00:00,200,772.89,
2026-09-11T01:46:47.998332+00:00,200,447.00,
2026-09-11T01:46:41.092444+00:00,200,7365.30,
2026-09-11T01:46:43.039607+00:00,200,5430.85,
2026-09-11T01:46:39.048791+00:00,200,9423.39,
2026-09-11T01:46:47.574196+00:00,200,904.22,
2026-09-11T01:46:36.255004+00:00,200,12222.05,
2026-09-11T01:46:44.688123+00:00,200,3813.14,
2026-09-11T01:46:41.231245+00:00,200,7300.24,
2026-09-11T01:46:46.099025+00:00,200,2445.92,
2026-09-11T01:46:45.707807+00:00,200,2849.58,
2026-09-11T01:46:45.210861+00:00,200,3351.10,
2026-09-11T01:46:42.369048+00:00,200,6201.52,
2026-09-11T01:46:47.275036+00:00,200,1304.86,
2026-09-11T01:46:33.274847+00:00,200,15307.14,
2026-09-11T01:46:47.920017+00:00,200,666.59,
2026-09-11T01:46:40.760889+00:00,200,7813.66,
2026-09-11T01:46:35.506849+00:00,200,13085.98,
2026-09-11T01:46:47.427167+00:00,200,1176.75,
2026-09-11T01:46:44.182430+00:00,200,4422.11,
2026-09-11T01:46:43.360475+00:00,200,5254.35,
2026-09-11T01:46:47.477594+00:00,200,1156.92,
2026-09-11T01:46:41.973821+00:00,200,6683.36,
2026-09-11T01:46:48.279761+00:00,200,386.61,
2026-09-11T01:46:40.539630+00:00,200,8153.93,
2026-09-11T01:46:41.407148+00:00,200,7290.28,
2026-09-11T01:46:46.126083+00:00,200,2588.63,
2026-09-11T01:46:43.905489+00:00,200,4807.74,
2026-09-11T01:46:43.072712+00:00,200,5667.69,
2026-09-11T01:46:45.250573+00:00,200,3490.89,
2026-09-11T01:46:40.652941+00:00,200,8089.60,
2026-09-11T01:46:46.654380+00:00,200,2099.29,
2026-09-11T01:46:41.593144+00:00,200,7182.15,
2026-09-11T01:46:26.966891+00:00,200,21812.95,
2026-09-11T01:46:34.333470+00:00,200,14438.22,
2026-09-11T01:46:47.293796+00:00,200,1502.69,
2026-09-11T01:46:47.499081+00:00,200,1293.75,
2026-09-11T01:46:29.695228+00:00,200,19118.14,
2026-09-11T01:46:45.275108+00:00,200,3544.23,
2026-09-11T01:46:46.848424+00:00,200,1987.41,
2026-09-11T01:46:47.981184+00:00,200,857.84,
2026-09-11T01:46:41.503849+00:00,200,7347.63,
2026-09-11T01:46:42.794158+00:00,200,6069.51,
2026-09-11T01:46:40.848885+00:00,200,8030.56,
2026-09-11T01:46:45.508261+00:00,200,3382.97,
2026-09-11T01:46:48.715251+00:00,200,179.85,
2026-09-11T01:46:40.886329+00:00,200,8027.46,
2026-09-11T01:46:32.368119+00:00,200,16549.09,
2026-09-11T01:46:43.074095+00:00,200,5856.55,
2026-09-11T01:46:39.722328+00:00,200,9234.42,
2026-09-11T01:46:42.671419+00:00,200,6290.82,
2026-09-11T01:46:48.833603+00:00,200,144.43,
2026-09-11T01:46:48.211543+00:00,200,769.48,
2026-09-11T01:46:44.059292+00:00,200,4927.47,
2026-09-11T01:46:29.701942+00:00,200,19301.10,
2026-09-11T01:46:45.367127+00:00,200,3635.70,
2026-09-11T01:46:24.409042+00:00,200,24606.83,
2026-09-11T01:46:47.351850+00:00,200,1665.27,
2026-09-11T01:46:48.186852+00:00,200,833.35,
2026-09-11T01:46:35.323472+00:00,200,13714.98,
2026-09-11T01:46:46.273748+00:00,200,2765.72,
2026-09-11T01:46:38.617610+00:00,200,10460.19,
2026-09-11T01:46:48.959049+00:00,200,127.64,
2026-09-11T01:46:43.469883+00:00,200,5627.87,
2026-09-11T01:46:48.282658+00:00,200,822.23,
2026-09-11T01:46:45.442630+00:00,200,3678.59,
2026-09-11T01:46:36.315094+00:00,200,12823.32,
2026-09-11T01:46:38.859731+00:00,200,10273.95,
2026-09-11T01:46:43.871633+00:00,200,5272.00,
2026-09-11T01:46:47.182392+00:00,200,1961.07,
2026-09-11T01:46:40.760889+00:00,200,8378.47,
2026-09-11T01:46:35.381799+00:00,200,13772.62,
2026-09-11T01:46:47.357492+00:00,200,1814.74,
2026-09-11T01:46:45.291083+00:00,200,3887.48,
2026-09-11T01:46:46.644849+00:00,200,2548.38,
2026-09-11T01:46:46.973351+00:00,200,2220.18,
2026-09-11T01:46:39.431771+00:00,200,9763.79,
2026-09-11T01:46:45.457890+00:00,200,3758.84,
2026-09-11T01:46:49.065885+00:00,200,154.03,
2026-09-11T01:46:48.588752+00:00,200,627.26,
2026-09-11T01:46:44.951693+00:00,200,4277.31,
2026-09-11T01:46:32.431651+00:00,200,16799.87,
2026-09-11T01:46:47.805592+00:00,200,1436.96,
2026-09-11T01:46:44.785941+00:00,200,4476.01,
2026-09-11T01:46:30.063316+00:00,200,19198.20,
2026-09-11T01:46:45.901947+00:00,200,3378.45,
2026-09-11T01:46:47.869818+00:00,200,1413.37,
2026-09-11T01:46:48.899180+00:00,200,408.15,
2026-09-11T01:46:42.192124+00:00,200,7117.81,
2026-09-11T01:46:48.371745+00:00,200,973.80,
2026-09-11T01:46:44.720020+00:00,200,4639.71,
2026-09-11T01:46:26.749790+00:00,200,22616.48,
2026-09-11T01:46:47.351850+00:00,200,2021.82,
2026-09-11T01:46:45.482807+00:00,200,3890.24,
2026-09-11T01:46:44.410207+00:00,200,4980.11,
2026-09-11T01:46:26.919211+00:00,200,22479.58,
2026-09-11T01:46:39.705392+00:00,200,9697.38,
2026-09-11T01:46:47.774619+00:00,200,1631.00,
2026-09-11T01:46:34.639785+00:00,200,14764.73,
2026-09-11T01:46:41.168089+00:00,200,8252.45,
2026-09-11T01:46:39.986547+00:00,200,9475.04,
2026-09-11T01:46:45.466250+00:00,200,3999.48,
2026-09-11T01:46:48.665082+00:00,200,812.46,
2026-09-11T01:46:45.658086+00:00,200,3820.39,
2026-09-11T01:46:47.933512+00:00,200,1544.66,
2026-09-11T01:46:49.009039+00:00,200,476.31,
2026-09-11T01:46:43.266884+00:00,200,6218.54,
2026-09-11T01:46:45.057350+00:00,200,4449.83,
2026-09-11T01:46:46.654380+00:00,200,2856.66,
2026-09-11T01:46:47.691686+00:00,200,1819.95,
2026-09-11T01:46:45.979414+00:00,200,3551.57,
2026-09-11T01:46:47.055302+00:00,200,2481.50,
2026-09-11T01:46:45.449403+00:00,200,4091.05,
2026-09-11T01:46:40.492440+00:00,200,9054.86,
2026-09-11T01:46:38.390721+00:00,200,11176.57,
2026-09-11T01:46:43.259375+00:00,200,6315.56,
2026-09-11T01:46:25.401277+00:00,200,24181.92,
2026-09-11T01:46:43.540982+00:00,200,6050.41,
2026-09-11T01:46:42.091631+00:00,200,7503.20,
2026-09-11T01:46:39.766231+00:00,200,9838.59,
2026-09-11T01:46:46.973351+00:00,200,2647.14,
2026-09-11T01:46:45.291083+00:00,200,4343.77,
2026-09-11T01:46:44.785941+00:00,200,4867.89,
2026-09-11T01:46:42.882150+00:00,200,6776.91,
2026-09-11T01:46:47.036577+00:00,200,2610.89,
2026-09-11T01:46:45.124040+00:00,200,4552.99,
2026-09-11T01:46:41.012976+00:00,200,8666.22,
2026-09-11T01:46:46.480002+00:00,200,3205.59,
2026-09-11T01:46:34.508263+00:00,200,15195.94,
2026-09-11T01:46:39.861099+00:00,200,9850.55,
2026-09-11T01:46:46.050910+00:00,200,3666.10,
2026-09-11T01:46:49.001199+00:00,200,723.38,
2026-09-11T01:46:48.636156+00:00,200,1099.88,
2026-09-11T01:46:49.235850+00:00,200,499.34,
2026-09-11T01:46:44.946628+00:00,200,4795.98,
2026-09-11T01:46:34.278160+00:00,200,15469.62,
2026-09-11T01:46:42.232204+00:00,200,7525.84,
2026-09-11T01:46:49.607316+00:00,200,146.05,
2026-09-11T01:46:39.607981+00:00,200,10160.07,
2026-09-11T01:46:46.162953+00:00,200,3604.15,
2026-09-11T01:46:39.112098+00:00,200,10669.56,
2026-09-11T01:46:46.085759+00:00,200,3735.05,
2026-09-11T01:46:46.472340+00:00,200,3351.48,
2026-09-11T01:46:42.840599+00:00,200,6999.14,
2026-09-11T01:46:47.944609+00:00,200,1907.31,
2026-09-11T01:46:35.598810+00:00,200,14260.16,
2026-09-11T01:46:49.016886+00:00,200,850.67,
2026-09-11T01:46:44.869587+00:00,200,5006.45,
2026-09-11T01:46:32.025817+00:00,200,17854.72,
2026-09-11T01:46:35.173869+00:00,200,14711.68,
2026-09-11T01:46:40.696503+00:00,200,9186.34,
2026-09-11T01:46:45.141009+00:00,200,4751.51,
2026-09-11T01:46:40.665521+00:00,200,9234.49,
2026-09-11T01:46:43.743771+00:00,200,6161.58,
2026-09-11T01:46:42.100783+00:00,200,7812.26,
2026-09-11T01:46:42.481529+00:00,200,7437.56,
2026-09-11T01:46:47.109641+00:00,200,2804.70,
2026-09-11T01:46:46.035094+00:00,200,3900.62,
2026-09-11T01:46:48.034342+00:00,200,1903.39,
2026-09-11T01:46:47.174103+00:00,200,2773.59,
2026-09-11T01:46:46.289134+00:00,200,3675.80,
2026-09-11T01:46:48.587005+00:00,200,1411.72,
2026-09-11T01:46:44.761507+00:00,200,5238.29,
2026-09-11T01:46:45.855312+00:00,200,4147.10,
2026-09-11T01:46:48.107358+00:00,200,1928.25,
2026-09-11T01:46:49.782603+00:00,200,265.17,
2026-09-11T01:46:41.865463+00:00,200,8184.56,
2026-09-11T01:46:48.557209+00:00,200,1493.32,
2026-09-11T01:46:43.040598+00:00,200,7011.05,
2026-09-11T01:46:44.507330+00:00,200,5552.51,
2026-09-11T01:46:48.864178+00:00,200,1207.92,
2026-09-11T01:46:46.759953+00:00,200,3314.90,
2026-09-11T01:46:43.376995+00:00,200,6728.42,
2026-09-11T01:46:49.533591+00:00,200,577.62,
2026-09-11T01:46:46.693623+00:00,200,3424.21,
2026-09-11T01:46:43.838550+00:00,200,6285.17,
2026-09-11T01:46:49.192196+00:00,200,934.98,
2026-09-11T01:46:44.935973+00:00,200,5204.26,
2026-09-11T01:46:46.590696+00:00,200,3553.72,
2026-09-11T01:46:48.715251+00:00,200,1433.89,
2026-09-11T01:46:46.527241+00:00,200,3627.05,
2026-09-11T01:46:45.832922+00:00,200,4322.60,
2026-09-11T01:46:39.639592+00:00,200,10528.52,
2026-09-11T01:46:48.982520+00:00,200,1221.16,
2026-09-11T01:46:44.110376+00:00,200,6093.75,
2026-09-11T01:46:45.699717+00:00,200,4520.56,
2026-09-11T01:46:38.378314+00:00,200,11845.62,
2026-09-11T01:46:42.438449+00:00,200,7792.43,
2026-09-11T01:46:46.439281+00:00,200,3787.84,
2026-09-11T01:46:49.367265+00:00,200,862.68,
2026-09-11T01:46:46.995054+00:00,200,3243.15,
2026-09-11T01:46:48.100846+00:00,200,2160.62,
2026-09-11T01:46:37.673943+00:00,200,12619.31,
2026-09-11T01:46:45.816026+00:00,200,4476.65,
2026-09-11T01:46:31.690056+00:00,200,18618.09,
2026-09-11T01:46:44.479979+00:00,200,5846.94,
2026-09-11T01:46:30.299276+00:00,200,20032.06,
2026-09-11T01:46:44.089695+00:00,200,6255.36,
2026-09-11T01:46:47.973484+00:00,200,2379.79,
2026-09-11T01:46:49.952232+00:00,200,411.67,
2026-09-11T01:46:48.604719+00:00,200,1756.67,
2026-09-11T01:46:49.478959+00:00,200,900.28,
2026-09-11T01:46:48.340831+00:00,200,2049.45,
2026-09-11T01:46:36.277218+00:00,200,14117.70,
2026-09-11T01:46:49.001199+00:00,200,1389.89,
2026-09-11T01:46:42.777846+00:00,200,7626.23,
2026-09-11T01:46:45.201542+00:00,200,5230.35,
2026-09-11T01:46:47.086251+00:00,200,3357.71,
2026-09-11T01:46:49.483490+00:00,200,972.88,
2026-09-11T01:46:47.785625+00:00,200,2673.68,
2026-09-11T01:46:46.919064+00:00,200,3558.77,
2026-09-11T01:46:41.473857+00:00,200,9013.25,
2026-09-11T01:46:41.949844+00:00,200,8548.04,
2026-09-11T01:46:49.635731+00:00,200,876.33,
2026-09-11T01:46:48.775281+00:00,200,1750.02,
2026-09-11T01:46:45.282818+00:00,200,5245.58,
2026-09-11T01:46:47.477594+00:00,200,3062.72,
2026-09-11T01:46:48.699328+00:00,200,1846.16,
2026-09-11T01:46:37.095031+00:00,200,13468.26,
2026-09-11T01:46:43.905489+00:00,200,6660.04,
2026-09-11T01:46:46.803106+00:00,200,3768.13,
2026-09-11T01:46:40.154834+00:00,200,10422.78,
2026-09-11T01:46:46.390152+00:00,200,4216.84,
2026-09-11T01:46:48.062636+00:00,200,2546.98,
2026-09-11T01:46:46.412603+00:00,200,4204.43,
2026-09-11T01:46:49.015875+00:00,200,1607.06,
2026-09-11T01:46:42.948991+00:00,200,7686.70,
2026-09-11T01:46:48.482766+00:00,200,2169.90,
2026-09-11T01:46:47.740802+00:00,200,2913.63,
2026-09-11T01:46:46.909613+00:00,200,3746.97,
2026-09-11T01:46:48.044503+00:00,200,2606.48,
2026-09-11T01:46:32.041200+00:00,200,18622.15,
2026-09-11T01:46:47.942991+00:00,200,2721.60,
2026-09-11T01:46:44.451827+00:00,200,6213.39,
2026-09-11T01:46:37.656512+00:00,200,13018.45,
2026-09-11T01:46:43.863601+00:00,200,6820.52,
2026-09-11T01:46:46.067117+00:00,200,4631.20,
2026-09-11T01:46:36.825529+00:00,200,13884.87,
2026-09-11T01:46:49.483490+00:00,200,1226.66,
2026-09-11T01:46:45.627008+00:00,200,5094.59,
2026-09-11T01:46:45.201542+00:00,200,5525.27,
2026-09-11T01:46:50.040321+00:00,200,688.99,
2026-09-11T01:46:50.615979+00:00,200,126.63,
2026-09-11T01:46:46.372361+00:00,200,4384.94,
2026-09-11T01:46:34.347598+00:00,200,16423.58,
2026-09-11T01:46:49.689490+00:00,200,1119.97,
2026-09-11T01:46:43.564510+00:00,200,7256.96,
2026-09-11T01:46:40.661904+00:00,200,10162.12,
2026-09-11T01:46:47.616194+00:00,200,3218.17,
2026-09-11T01:46:50.701507+00:00,200,140.09,
2026-09-11T01:46:45.721021+00:00,200,5121.94,
2026-09-11T01:46:49.794924+00:00,200,1047.52,
2026-09-11T01:46:37.564958+00:00,200,13279.82,
2026-09-11T01:46:49.897692+00:00,200,955.16,
2026-09-11T01:46:50.270656+00:00,200,584.58,
2026-09-11T01:46:42.827718+00:00,200,8033.98,
2026-09-11T01:46:43.858067+00:00,200,7008.87,
2026-09-11T01:46:44.431776+00:00,200,6451.65,
2026-09-11T01:46:49.197733+00:00,200,1703.18,
2026-09-11T01:46:50.199260+00:00,200,702.12,
2026-09-11T01:46:40.892897+00:00,200,10025.95,
2026-09-11T01:46:44.832090+00:00,200,6086.49,
2026-09-11T01:46:44.887688+00:00,200,6051.62,
2026-09-11T01:46:50.806426+00:00,200,136.12,
2026-09-11T01:46:47.691686+00:00,200,3250.84,
2026-09-11T01:46:37.541341+00:00,200,13426.81,
2026-09-11T01:46:50.841917+00:00,200,137.28,
2026-09-11T01:46:46.739833+00:00,200,4241.41,
2026-09-11T01:46:40.266221+00:00,200,10733.00,
2026-09-11T01:46:34.112531+00:00,200,16888.50,
2026-09-11T01:46:47.029913+00:00,200,3974.31,
2026-09-11T01:46:34.078745+00:00,200,16926.56,
2026-09-11T01:46:42.193745+00:00,200,8838.49,
2026-09-11T01:46:50.507618+00:00,200,530.80,
2026-09-11T01:46:47.805592+00:00,200,3230.62,
2026-09-11T01:46:45.029140+00:00,200,6011.67,
2026-09-11T01:46:49.099162+00:00,200,1954.89,
2026-09-11T01:46:49.283758+00:00,200,1774.48,
2026-09-11T01:46:40.840237+00:00,200,10223.94,
2026-09-11T01:46:49.583699+00:00,200,1487.44,
2026-09-11T01:46:42.007139+00:00,200,9066.23,
2026-09-11T01:46:47.152430+00:00,200,3921.40,
2026-09-11T01:46:49.742657+00:00,200,1347.32,
2026-09-11T01:46:42.439957+00:00,200,8651.08,
2026-09-11T01:46:44.825711+00:00,200,6264.50,
2026-09-11T01:46:44.674810+00:00,200,6420.38,
2026-09-11T01:46:46.361144+00:00,200,4750.70,
2026-09-11T01:46:49.478959+00:00,200,1634.59,
2026-09-11T01:46:47.779626+00:00,200,3340.37,
2026-09-11T01:46:29.963809+00:00,200,21157.37,
2026-09-11T01:46:49.283758+00:00,200,1848.78,
2026-09-11T01:46:43.402104+00:00,200,7752.66,
2026-09-11T01:46:47.546751+00:00,200,3609.70,
2026-09-11T01:46:44.565662+00:00,200,6604.12,
2026-09-11T01:46:44.845155+00:00,200,6329.85,
2026-09-11T01:46:49.216259+00:00,200,1976.07,
2026-09-11T01:46:47.399462+00:00,200,3821.72,
2026-09-11T01:46:30.990479+00:00,200,20243.29,
2026-09-11T01:46:47.874998+00:00,200,3363.28,
2026-09-11T01:46:50.502204+00:00,200,750.81,
2026-09-11T01:46:46.522133+00:00,200,4730.22,
2026-09-11T01:46:42.228813+00:00,200,9028.21,
2026-09-11T01:46:49.241374+00:00,200,2013.37,
2026-09-11T01:46:47.440862+00:00,200,3836.54,
2026-09-11T01:46:43.557992+00:00,200,7725.60,
2026-09-11T01:46:50.401346+00:00,200,884.89,
2026-09-11T01:46:45.231143+00:00,200,6059.42,
2026-09-11T01:46:43.696213+00:00,200,7606.99,
2026-09-11T01:46:50.131256+00:00,200,1181.33,
2026-09-11T01:46:47.869818+00:00,200,3445.14,
2026-09-11T01:46:51.169905+00:00,200,147.49,
2026-09-11T01:46:43.216757+00:00,200,8106.38,
2026-09-11T01:46:43.415191+00:00,200,7911.33,
2026-09-11T01:46:48.796797+00:00,200,2540.34,
2026-09-11T01:46:47.634536+00:00,200,3708.34,
2026-09-11T01:46:49.307677+00:00,200,2049.62,
2026-09-11T01:46:51.225427+00:00,200,145.77,
2026-09-11T01:46:51.236447+00:00,200,145.00,
2026-09-11T01:46:49.375224+00:00,200,2006.81,
2026-09-11T01:46:49.546225+00:00,200,1848.20,
2026-09-11T01:46:48.044503+00:00,200,3338.22,
2026-09-11T01:46:45.895980+00:00,200,5504.16,
2026-09-11T01:46:43.570860+00:00,200,7846.72,
2026-09-11T01:46:48.107358+00:00,200,3301.31,
2026-09-11T01:46:48.202995+00:00,200,3215.50,
2026-09-11T01:46:46.026110+00:00,200,5395.91,
2026-09-11T01:46:45.938395+00:00,200,5498.60,
2026-09-11T01:46:42.924471+00:00,200,8512.42,
2026-09-11T01:46:50.524285+00:00,200,925.32,
2026-09-11T01:46:48.557209+00:00,200,2897.20,
2026-09-11T01:46:48.158927+00:00,200,3300.05,
2026-09-11T01:46:50.391846+00:00,200,1082.11,
2026-09-11T01:46:39.004426+00:00,200,12495.12,
2026-09-11T01:46:47.207981+00:00,200,4296.89,
2026-09-11T01:46:47.036577+00:00,200,4469.14,
2026-09-11T01:46:46.973351+00:00,200,4534.28,
2026-09-11T01:46:51.382363+00:00,200,149.72,
2026-09-11T01:46:46.783948+00:00,200,4756.48,
2026-09-11T01:46:45.674437+00:00,200,5869.28,
2026-09-11T01:46:42.938562+00:00,200,8626.75,
2026-09-11T01:46:47.382496+00:00,200,4186.81,
2026-09-11T01:46:43.802724+00:00,200,7803.53,
2026-09-11T01:46:41.561841+00:00,200,10057.23,
2026-09-11T01:46:50.851946+00:00,200,779.45,
2026-09-11T01:46:36.461258+00:00,200,15169.28,
2026-09-11T01:46:44.832090+00:00,200,6804.66,
2026-09-11T01:46:43.547009+00:00,200,8099.44,
2026-09-11T01:46:40.723855+00:00,200,10923.83,
2026-09-11T01:46:44.907151+00:00,200,6749.80,
2026-09-11T01:46:50.163137+00:00,200,1516.72,
2026-09-11T01:46:43.686411+00:00,200,7994.45,
2026-09-11T01:46:44.552701+00:00,200,7129.38,
2026-09-11T01:46:37.055248+00:00,200,14627.75,
2026-09-11T01:46:47.109641+00:00,200,4586.08,
2026-09-11T01:46:40.242884+00:00,200,11462.13,
2026-09-11T01:46:40.553685+00:00,200,11173.12,
2026-09-11T01:46:43.181997+00:00,200,8552.18,
2026-09-11T01:46:49.661533+00:00,200,2110.29,
2026-09-11T01:46:46.342485+00:00,200,5426.18,
2026-09-11T01:46:40.249609+00:00,200,11522.11,
2026-09-11T01:46:40.677942+00:00,200,11104.99,
2026-09-11T01:46:50.665985+00:00,200,1122.92,
2026-09-11T01:46:50.109233+00:00,200,1681.29,
2026-09-11T01:46:47.715833+00:00,200,4077.39,
2026-09-11T01:46:44.391249+00:00,200,7412.60,
2026-09-11T01:46:48.254573+00:00,200,3565.18,
2026-09-11T01:46:47.973484+00:00,200,3858.02,
2026-09-11T01:46:48.557209+00:00,200,3264.06,
2026-09-11T01:46:38.896603+00:00,200,12947.25,
2026-09-11T01:46:48.107358+00:00,200,3741.16,
2026-09-11T01:46:41.065139+00:00,200,10786.09,
2026-09-11T01:46:50.582580+00:00,200,1274.64,
2026-09-11T01:46:47.750321+00:00,200,4118.07,
2026-09-11T01:46:48.800222+00:00,200,3070.17,
2026-09-11T01:46:41.499615+00:00,200,10377.67,
2026-09-11T01:46:50.914854+00:00,200,962.44,
2026-09-11T01:46:47.306283+00:00,200,4583.67,
2026-09-11T01:46:47.102046+00:00,200,4826.11,
2026-09-11T01:46:40.902149+00:00,200,11023.34,
2026-09-11T01:46:50.540946+00:00,200,1395.56,
2026-09-11T01:46:47.532626+00:00,200,4412.17,
2026-09-11T01:46:50.240848+00:00,200,1704.30,
2026-09-11T01:46:45.757701+00:00,200,6194.89,
2026-09-11T01:46:48.430297+00:00,200,3531.27,
2026-09-11T01:46:46.919064+00:00,200,5046.05,
2026-09-11T01:46:48.426767+00:00,200,3541.52,
2026-09-11T01:46:47.634536+00:00,200,4347.94,
2026-09-11T01:46:51.116346+00:00,200,872.75,
2026-09-11T01:46:50.358800+00:00,200,1638.43,
2026-09-11T01:46:50.710735+00:00,200,1289.52,
2026-09-11T01:46:49.040874+00:00,200,2966.06,
2026-09-11T01:46:39.876290+00:00,200,12138.77,
2026-09-11T01:46:45.442630+00:00,200,6581.30,
2026-09-11T01:46:50.556178+00:00,200,1481.47,
2026-09-11T01:46:47.901551+00:00,200,4128.71,
2026-09-11T01:46:41.511605+00:00,200,10535.04,
2026-09-11T01:46:51.330916+00:00,200,720.15,
2026-09-11T01:46:49.908895+00:00,200,2155.35,
2026-09-11T01:46:33.011735+00:00,200,19062.94,
2026-09-11T01:46:51.173578+00:00,200,912.66,
2026-09-11T01:46:50.308336+00:00,200,1782.79,
2026-09-11T01:46:44.735413+00:00,200,7366.53,
2026-09-11T01:46:50.324240+00:00,200,1776.37,
2026-09-11T01:46:43.178996+00:00,200,8928.84,
2026-09-11T01:46:50.899187+00:00,200,1213.18,
2026-09-11T01:46:46.845657+00:00,200,5281.35,
2026-09-11T01:46:40.261098+00:00,200,11873.82,
2026-09-11T01:46:46.472340+00:00,200,5668.02,
2026-09-11T01:46:50.941111+00:00,200,1209.53,
2026-09-11T01:46:44.232557+00:00,200,7930.77,
2026-09-11T01:46:51.385879+00:00,200,773.10,
2026-09-11T01:46:46.178950+00:00,200,5981.43,
2026-09-11T01:46:47.886127+00:00,200,4294.85,
2026-09-11T01:46:43.471904+00:00,200,8722.36,
2026-09-11T01:46:48.145582+00:00,200,4048.93,
2026-09-11T01:46:37.585273+00:00,200,14610.89,
2026-09-11T01:46:44.797454+00:00,200,7412.12,
2026-09-11T01:46:44.142592+00:00,200,8070.53,
2026-09-11T01:46:40.345852+00:00,200,11874.18,
2026-09-11T01:46:41.457257+00:00,200,10769.00,
2026-09-11T01:46:50.674291+00:00,200,1561.68,
2026-09-11T01:46:42.727507+00:00,200,9522.50,
2026-09-11T01:46:44.588958+00:00,200,7680.10,
2026-09-11T01:46:46.628191+00:00,200,5638.75,
2026-09-11T01:46:48.587005+00:00,200,3715.61,
2026-09-11T01:46:40.623833+00:00,200,11690.39,
2026-09-11T01:46:43.427038+00:00,200,8886.70,
2026-09-11T01:46:43.165556+00:00,200,9174.12,
2026-09-11T01:46:51.248323+00:00,200,1094.58,
2026-09-11T01:46:51.385879+00:00,200,975.45,
2026-09-11T01:46:40.902149+00:00,200,11463.91,
2026-09-11T01:46:51.541110+00:00,200,841.87,
2026-09-11T01:46:51.068868+00:00,200,1315.23,
2026-09-11T01:46:46.257152+00:00,200,6119.67,
2026-09-11T01:46:51.578343+00:00,200,814.25,
2026-09-11T01:46:52.134924+00:00,200,258.98,
2026-09-11T01:46:50.383804+00:00,200,2016.46,
2026-09-11T01:46:38.092704+00:00,200,14316.23,
2026-09-11T01:46:46.220641+00:00,200,6193.47,
2026-09-11T01:46:48.086534+00:00,200,4336.28,
2026-09-11T01:46:50.769232+00:00,200,1676.00,
2026-09-11T01:46:51.046984+00:00,200,1422.78,
2026-09-11T01:46:51.773389+00:00,200,702.12,
2026-09-11T01:46:49.344756+00:00,200,3142.46,
2026-09-11T01:46:51.190870+00:00,200,1295.47,
2026-09-11T01:46:51.987313+00:00,200,506.74,
2026-09-11T01:46:50.657689+00:00,200,1834.93,
2026-09-11T01:46:50.662256+00:00,200,1887.05,
2026-09-11T01:46:48.357362+00:00,200,4197.48,
2026-09-11T01:46:49.627451+00:00,200,2942.60,
2026-09-11T01:46:48.877364+00:00,200,3693.13,
2026-09-11T01:46:42.810618+00:00,200,9774.51,
2026-09-11T01:46:45.357708+00:00,200,7230.56,
2026-09-11T01:46:33.764212+00:00,200,18842.68,
2026-09-11T01:46:47.204403+00:00,200,5412.78,
2026-09-11T01:46:47.641374+00:00,200,4978.88,
2026-09-11T01:46:44.094987+00:00,200,8533.54,
2026-09-11T01:46:32.790395+00:00,200,19845.51,
2026-09-11T01:46:51.987313+00:00,200,656.22,
2026-09-11T01:46:46.480002+00:00,200,6169.55,
2026-09-11T01:46:48.355352+00:00,200,4303.73,
2026-09-11T01:46:39.705392+00:00,200,12949.44,
2026-09-11T01:46:51.289726+00:00,200,1385.58,
2026-09-11T01:46:38.532005+00:00,200,14140.77,
2026-09-11T01:46:51.082737+00:00,200,1593.03,
2026-09-11T01:46:40.034334+00:00,200,12647.71,
2026-09-11T01:46:45.440724+00:00,200,7245.29,
2026-09-11T01:46:51.876364+00:00,200,811.02,
2026-09-11T01:46:49.358151+00:00,200,3341.81,
2026-09-11T01:46:49.399242+00:00,200,3315.44,
2026-09-11T01:46:49.177020+00:00,200,3539.69,
2026-09-11T01:46:50.109233+00:00,200,2601.89,
2026-09-11T01:46:52.616355+00:00,200,130.28,
2026-09-11T01:46:51.837325+00:00,200,930.62,
2026-09-11T01:46:49.580701+00:00,200,3191.66,
2026-09-11T01:46:51.606962+00:00,200,1171.92,
2026-09-11T01:46:44.458552+00:00,200,8319.88,
2026-09-11T01:46:50.914854+00:00,200,1863.41,
2026-09-11T01:46:47.750321+00:00,200,5032.40,
2026-09-11T01:46:48.150613+00:00,200,4693.93,
2026-09-11T01:46:52.001110+00:00,200,846.83,
2026-09-11T01:46:42.265319+00:00,200,10589.56,
2026-09-11T01:46:46.003369+00:00,200,6846.42,
2026-09-11T01:46:50.565955+00:00,200,2295.60,
2026-09-11T01:46:49.458250+00:00,200,3403.88,
2026-09-11T01:46:49.568528+00:00,200,3301.07,
2026-09-11T01:46:48.499170+00:00,200,4377.84,
2026-09-11T01:46:36.365620+00:00,200,16507.62,
2026-09-11T01:46:49.216259+00:00,200,3676.05,
2026-09-11T01:46:46.511229+00:00,200,6382.02,
2026-09-11T01:46:47.414436+00:00,200,5492.02,
2026-09-11T01:46:52.188439+00:00,200,729.78,
2026-09-11T01:46:51.696085+00:00,200,1228.42,
2026-09-11T01:46:36.974925+00:00,200,15951.38,
2026-09-11T01:46:45.525841+00:00,200,7412.91,
2026-09-11T01:46:46.321188+00:00,200,6629.08,
2026-09-11T01:46:50.743471+00:00,200,2214.62,
2026-09-11T01:46:49.848926+00:00,200,3151.16,
2026-09-11T01:46:51.425659+00:00,200,1584.93,
2026-09-11T01:46:42.840599+00:00,200,10177.61,
2026-09-11T01:46:50.457580+00:00,200,2563.71,
2026-09-11T01:46:49.739429+00:00,200,3287.27,
2026-09-11T01:46:49.947470+00:00,200,3085.36,
2026-09-11T01:46:42.988731+00:00,200,10050.34,
2026-09-11T01:46:51.002363+00:00,200,2037.15,
2026-09-11T01:46:51.277663+00:00,200,1771.23,
2026-09-11T01:46:36.615554+00:00,200,16444.02,
2026-09-11T01:46:44.973430+00:00,200,8087.65,
2026-09-11T01:46:47.282454+00:00,200,5781.90,
2026-09-11T01:46:52.374834+00:00,200,696.63,
2026-09-11T01:46:41.733758+00:00,200,11338.46,
2026-09-11T01:46:50.607588+00:00,200,2472.34,
2026-09-11T01:46:43.688845+00:00,200,9390.96,
2026-09-11T01:46:44.398981+00:00,200,8693.56,
2026-09-11T01:46:44.451827+00:00,200,8645.81,
2026-09-11T01:46:49.509845+00:00,200,3593.30,
2026-09-11T01:46:50.823140+00:00,200,2306.04,
2026-09-11T01:46:52.017484+00:00,200,1106.19,
2026-09-11T01:46:52.104054+00:00,200,1028.95,
2026-09-11T01:46:47.166463+00:00,200,5991.10,
2026-09-11T01:46:51.869066+00:00,200,1308.46,
2026-09-11T01:46:45.225633+00:00,200,7957.88,
2026-09-11T01:46:46.926597+00:00,200,6258.99,
2026-09-11T01:46:50.859516+00:00,200,2333.75,
2026-09-11T01:46:50.607588+00:00,200,2595.89,
2026-09-11T01:46:52.871324+00:00,200,341.95,
2026-09-11T01:46:50.632525+00:00,200,2581.68,
2026-09-11T01:46:44.710013+00:00,200,8518.14,
2026-09-11T01:46:49.888818+00:00,200,3348.58,
2026-09-11T01:46:47.036577+00:00,200,6196.05,
2026-09-11T01:46:52.570367+00:00,200,680.52,
2026-09-11T01:46:51.169905+00:00,200,2093.48,
2026-09-11T01:46:44.037832+00:00,200,9243.47,
2026-09-11T01:46:41.999209+00:00,200,11288.16,
2026-09-11T01:46:48.186852+00:00,200,5090.24,
2026-09-11T01:46:46.035094+00:00,200,7261.24,
2026-09-11T01:46:45.224065+00:00,200,8077.64,
2026-09-11T01:46:46.973351+00:00,200,6342.80,
2026-09-11T01:46:44.511138+00:00,200,8835.61,
2026-09-11T01:46:38.293074+00:00,200,15068.28,
2026-09-11T01:46:49.150194+00:00,200,4217.69,
2026-09-11T01:46:43.368688+00:00,200,10010.98,
2026-09-11T01:46:51.357214+00:00,200,2023.85,
2026-09-11T01:46:42.748840+00:00,200,10642.28,
2026-09-11T01:46:49.524755+00:00,200,3875.27,
2026-09-11T01:46:51.678321+00:00,200,1727.37,
2026-09-11T01:46:45.591891+00:00,200,7817.62,
2026-09-11T01:46:31.955144+00:00,200,21460.04,
2026-09-11T01:46:53.100320+00:00,200,331.66,
2026-09-11T01:46:33.907242+00:00,200,19529.45,
2026-09-11T01:46:43.688845+00:00,200,9750.17,
2026-09-11T01:46:45.918725+00:00,200,7522.34,
2026-09-11T01:46:52.675252+00:00,200,770.72,
2026-09-11T01:46:49.879464+00:00,200,3572.63,
2026-09-11T01:46:52.271280+00:00,200,1206.13,
2026-09-11T01:46:41.594143+00:00,200,11887.74,
2026-09-11T01:46:53.345897+00:00,200,144.06,
2026-09-11T01:46:50.766014+00:00,200,2726.97,
2026-09-11T01:46:51.307040+00:00,200,2186.22,
2026-09-11T01:46:50.140761+00:00,200,3371.30,
2026-09-11T01:46:52.844334+00:00,200,668.66,
2026-09-11T01:46:45.341083+00:00,200,8186.82,
2026-09-11T01:46:50.235976+00:00,200,3301.85,
2026-09-11T01:46:48.545915+00:00,200,4997.40,
2026-09-11T01:46:50.841917+00:00,200,2726.59,
2026-09-11T01:46:42.120708+00:00,200,11450.76,
2026-09-11T01:46:47.790888+00:00,200,5781.03,
2026-09-11T01:46:38.206938+00:00,200,15363.48,
2026-09-11T01:46:37.957382+00:00,200,15624.52,
2026-09-11T01:46:51.385879+00:00,200,2193.09,
2026-09-11T01:46:42.246443+00:00,200,11355.80,
2026-09-11T01:46:50.444639+00:00,200,3155.87,
2026-09-11T01:46:34.696893+00:00,200,18907.42,
2026-09-11T01:46:52.653188+00:00,200,957.66,
2026-09-11T01:46:45.521973+00:00,200,8102.84,
2026-09-11T01:46:46.713583+00:00,200,6915.26,
2026-09-11T01:46:43.999692+00:00,200,9658.50,
2026-09-11T01:46:52.406196+00:00,200,1265.43,
2026-09-11T01:46:53.132268+00:00,200,545.15,
2026-09-11T01:46:52.193097+00:00,200,1484.79,
2026-09-11T01:46:51.965375+00:00,200,1722.64,
2026-09-11T01:46:51.248323+00:00,200,2457.93,
2026-09-11T01:46:45.652952+00:00,200,8063.90,
2026-09-11T01:46:49.258911+00:00,200,4458.55,
2026-09-11T01:46:50.231358+00:00,200,3491.25,
2026-09-11T01:46:53.585847+00:00,200,139.32,
2026-09-11T01:46:45.908168+00:00,200,7836.42,
2026-09-11T01:46:50.154027+00:00,200,3596.64,
2026-09-11T01:46:48.251534+00:00,200,5505.98,
2026-09-11T01:46:45.874904+00:00,200,7892.59,
2026-09-11T01:46:52.104054+00:00,200,1680.81,
2026-09-11T01:46:38.667036+00:00,200,15118.16,
2026-09-11T01:46:51.094871+00:00,200,2697.55,
2026-09-11T01:46:50.293234+00:00,200,3501.48,
2026-09-11T01:46:46.218629+00:00,200,7577.94,
2026-09-11T01:46:53.241997+00:00,200,555.51,
2026-09-11T01:46:44.274785+00:00,200,9524.85,
2026-09-11T01:46:52.109237+00:00,200,1693.17,
2026-09-11T01:46:43.790805+00:00,200,10037.92,
2026-09-11T01:46:52.858627+00:00,200,997.31,
2026-09-11T01:46:49.233585+00:00,200,4625.75,
2026-09-11T01:46:48.392417+00:00,200,5471.02,
2026-09-11T01:46:49.822971+00:00,200,4038.57,
2026-09-11T01:46:49.841927+00:00,200,4030.31,
2026-09-11T01:46:52.408859+00:00,200,1465.40,
2026-09-11T01:46:47.743370+00:00,200,6142.25,
2026-09-11T01:46:37.250837+00:00,200,16655.26,
2026-09-11T01:46:51.423653+00:00,200,2492.24,
2026-09-11T01:46:53.788264+00:00,200,132.27,
2026-09-11T01:46:48.917256+00:00,200,5013.26,
2026-09-11T01:46:51.002363+00:00,200,2936.60,
2026-09-11T01:46:51.370608+00:00,200,2568.86,
2026-09-11T01:46:53.264448+00:00,200,688.62,
2026-09-11T01:46:46.137371+00:00,200,7818.73,
2026-09-11T01:46:51.773389+00:00,200,2178.05,
2026-09-11T01:46:46.337947+00:00,200,7630.89,
2026-09-11T01:46:49.224258+00:00,200,4759.43,
2026-09-11T01:46:50.715949+00:00,200,3268.33,
2026-09-11T01:46:50.649292+00:00,200,3338.80,
2026-09-11T01:46:50.444639+00:00,200,3553.33,
2026-09-11T01:46:42.362849+00:00,200,11639.20,
2026-09-11T01:46:44.022069+00:00,200,9982.39,
2026-09-11T01:46:42.822599+00:00,200,11194.05,
2026-09-11T01:46:53.750052+00:00,200,267.31,
2026-09-11T01:46:53.194639+00:00,200,826.89,
2026-09-11T01:46:47.566235+00:00,200,6458.05,
2026-09-11T01:46:46.178950+00:00,200,7850.46,
2026-09-11T01:46:53.906147+00:00,200,130.75,
2026-09-11T01:46:42.659922+00:00,200,11393.32,
2026-09-11T01:46:47.691686+00:00,200,6371.96,
2026-09-11T01:46:46.569567+00:00,200,7515.05,
2026-09-11T01:46:45.544692+00:00,200,8540.91,
2026-09-11T01:46:45.466250+00:00,200,8644.79,
2026-09-11T01:46:35.181786+00:00,200,18929.10,
2026-09-11T01:46:50.293234+00:00,200,3818.63,
2026-09-11T01:46:52.507752+00:00,200,1635.65,
2026-09-11T01:46:46.196678+00:00,200,7960.34,
2026-09-11T01:46:49.865252+00:00,200,4288.06,
2026-09-11T01:46:53.499052+00:00,200,663.45,
2026-09-11T01:46:39.290600+00:00,200,14873.15,
2026-09-11T01:46:53.722177+00:00,200,445.00,
2026-09-11T01:46:46.794227+00:00,200,7379.82,
2026-09-11T01:46:53.600085+00:00,200,571.67,
2026-09-11T01:46:49.897389+00:00,200,4282.39,
2026-09-11T01:46:34.955355+00:00,200,19231.67,
2026-09-11T01:46:44.458552+00:00,200,9732.89,
2026-09-11T01:46:52.906893+00:00,200,1312.99,
2026-09-11T01:46:49.596571+00:00,200,4626.98,
2026-09-11T01:46:49.888818+00:00,200,4352.69,
2026-09-11T01:46:49.350616+00:00,200,4893.35,
2026-09-11T01:46:42.487425+00:00,200,11765.43,
2026-09-11T01:46:51.330916+00:00,200,2925.99,
2026-09-11T01:46:41.257165+00:00,200,13004.86,
2026-09-11T01:46:52.077013+00:00,200,2187.00,
2026-09-11T01:46:48.486768+00:00,200,5778.27,
2026-09-11T01:46:49.309689+00:00,200,4958.03,
2026-09-11T01:46:44.845155+00:00,200,9440.74,
2026-09-11T01:46:51.890072+00:00,200,2413.74,
2026-09-11T01:46:50.474280+00:00,200,3852.06,
2026-09-11T01:46:53.610799+00:00,200,723.96,
2026-09-11T01:46:50.615979+00:00,200,3715.68,
2026-09-11T01:46:51.140851+00:00,200,3187.25,
2026-09-11T01:46:52.387461+00:00,200,1980.01,
2026-09-11T01:46:50.715949+00:00,200,3675.90,
2026-09-11T01:46:51.890072+00:00,200,2510.34,
2026-09-11T01:46:48.479769+00:00,200,5921.79,
2026-09-11T01:46:51.322340+00:00,200,3083.19,
2026-09-11T01:46:39.464314+00:00,200,14944.93,
2026-09-11T01:46:39.197565+00:00,200,15231.26,
2026-09-11T01:46:52.611516+00:00,200,1834.44,
2026-09-11T01:46:37.719559+00:00,200,16726.30,
2026-09-11T01:46:49.736429+00:00,200,4716.77,
2026-09-11T01:46:42.924471+00:00,200,11557.10,
2026-09-11T01:46:40.848885+00:00,200,13629.77,
2026-09-11T01:46:53.768551+00:00,200,718.29,
2026-09-11T01:46:43.204067+00:00,200,11284.61,
2026-09-11T01:46:50.104218+00:00,200,4389.42,
2026-09-11T01:46:46.162953+00:00,200,8326.09,
2026-09-11T01:46:47.029913+00:00,200,7474.98,
2026-09-11T01:46:48.764845+00:00,200,5749.78,
2026-09-11T01:46:40.553685+00:00,200,13963.45,
2026-09-11T01:46:44.832090+00:00,200,9703.61,
2026-09-11T01:46:53.406995+00:00,200,1146.91,
2026-09-11T01:46:52.064469+00:00,200,2495.02,
2026-09-11T01:46:44.813320+00:00,200,9737.94,
2026-09-11T01:46:49.645908+00:00,200,4912.69,
2026-09-11T01:46:52.685629+00:00,200,1887.94,
2026-09-11T01:46:42.217009+00:00,200,12359.24,
2026-09-11T01:46:53.067324+00:00,200,1512.51,
2026-09-11T01:46:54.063864+00:00,200,534.53,
2026-09-11T01:46:45.871464+00:00,200,8730.15,
2026-09-11T01:46:44.047050+00:00,200,10553.66,
2026-09-11T01:46:39.671651+00:00,200,14938.70,
2026-09-11T01:46:54.481340+00:00,200,136.35,
2026-09-11T01:46:43.649704+00:00,200,10972.92,
2026-09-11T01:46:41.819173+00:00,200,12821.52,
2026-09-11T01:46:47.998332+00:00,200,6637.09,
2026-09-11T01:46:50.724317+00:00,200,3938.64,
2026-09-11T01:46:49.367265+00:00,200,5296.93,
2026-09-11T01:46:47.166463+00:00,200,7500.78,
2026-09-11T01:46:53.513793+00:00,200,1161.07,
2026-09-11T01:46:44.071732+00:00,200,10610.01,
2026-09-11T01:46:45.004545+00:00,200,9679.36,
2026-09-11T01:46:53.413757+00:00,200,1281.35,
2026-09-11T01:46:52.383098+00:00,200,2337.49,
2026-09-11T01:46:53.874232+00:00,200,837.40,
2026-09-11T01:46:48.639683+00:00,200,6084.41,
2026-09-11T01:46:51.109322+00:00,200,3619.58,
2026-09-11T01:46:53.129749+00:00,200,1602.49,
2026-09-11T01:46:54.604305+00:00,200,131.15,
2026-09-11T01:46:50.207605+00:00,200,4535.22,
2026-09-11T01:46:50.712251+00:00,200,4045.03,
2026-09-11T01:46:39.923388+00:00,200,14835.48,
2026-09-11T01:46:53.626307+00:00,200,1137.41,
2026-09-11T01:46:43.025276+00:00,200,11750.72,
2026-09-11T01:46:49.773261+00:00,200,5003.51,
2026-09-11T01:46:53.412460+00:00,200,1375.62,
2026-09-11T01:46:51.863055+00:00,200,2937.90,
2026-09-11T01:46:50.904209+00:00,200,3898.79,
2026-09-11T01:46:53.722177+00:00,200,1083.52,
2026-09-11T01:46:47.838005+00:00,200,6975.95,
2026-09-11T01:46:42.662922+00:00,200,12163.42,
2026-09-11T01:46:54.253016+00:00,200,561.48,
2026-09-11T01:46:52.174939+00:00,200,2661.04,
2026-09-11T01:46:54.722592+00:00,200,133.45,
2026-09-11T01:46:51.565053+00:00,200,3300.17,
2026-09-11T01:46:46.035094+00:00,200,8825.79,
2026-09-11T01:46:43.750282+00:00,200,11138.73,
2026-09-11T01:46:42.531900+00:00,200,12368.27,
2026-09-11T01:46:51.805356+00:00,200,3085.51,
2026-09-11T01:46:52.149798+00:00,200,2769.32,
2026-09-11T01:46:54.803625+00:00,200,125.03,
2026-09-11T01:46:48.976711+00:00,200,5949.65,
2026-09-11T01:46:51.729519+00:00,200,3205.86,
2026-09-11T01:46:48.782531+00:00,200,6163.58,
2026-09-11T01:46:53.288855+00:00,200,1663.99,
2026-09-11T01:46:50.665985+00:00,200,4284.99,
2026-09-11T01:46:48.828368+00:00,200,6129.59,
2026-09-11T01:46:45.166152+00:00,200,9790.06,
2026-09-11T01:46:52.928915+00:00,200,2035.98,
2026-09-11T01:46:50.140761+00:00,200,4827.97,
2026-09-11T01:46:46.718149+00:00,200,8262.12,
2026-09-11T01:46:52.038115+00:00,200,2949.81,
2026-09-11T01:46:51.631108+00:00,200,3379.27,
2026-09-11T01:46:53.830258+00:00,200,1184.44,
2026-09-11T01:46:49.949339+00:00,200,5070.99,
2026-09-11T01:46:50.207605+00:00,200,4829.88,
2026-09-11T01:46:52.486488+00:00,200,2559.10,
2026-09-11T01:46:53.445220+00:00,200,1605.68,
2026-09-11T01:46:53.660891+00:00,200,1391.54,
2026-09-11T01:46:48.538333+00:00,200,6516.19,
2026-09-11T01:46:54.115928+00:00,200,948.49,
2026-09-11T01:46:51.965375+00:00,200,3109.38,
2026-09-11T01:46:41.083068+00:00,200,13998.73,
2026-09-11T01:46:45.025614+00:00,200,10072.20,
2026-09-11T01:46:52.124681+00:00,200,2974.34,
2026-09-11T01:46:42.427216+00:00,200,12686.64,
2026-09-11T01:46:40.599888+00:00,200,14519.64,
2026-09-11T01:46:49.658533+00:00,200,5466.73,
2026-09-11T01:46:54.733910+00:00,200,403.86,
2026-09-11T01:46:47.957014+00:00,200,7197.73,
2026-09-11T01:46:54.284706+00:00,200,879.45,
2026-09-11T01:46:50.370712+00:00,200,4806.65,
2026-09-11T01:46:49.183146+00:00,200,6003.30,
2026-09-11T01:46:47.335466+00:00,200,7853.17,
2026-09-11T01:46:50.732625+00:00,200,4465.89,
2026-09-11T01:46:38.556958+00:00,200,16653.16,
2026-09-11T01:46:50.324240+00:00,200,4890.35,
2026-09-11T01:46:47.410399+00:00,200,7810.53,
2026-09-11T01:46:52.320171+00:00,200,2903.78,
2026-09-11T01:46:44.131524+00:00,200,11105.09,
2026-09-11T01:46:53.355973+00:00,200,1886.60,
2026-09-11T01:46:54.498225+00:00,200,750.03,
2026-09-11T01:46:47.933512+00:00,200,7323.76,
2026-09-11T01:46:51.307040+00:00,200,3965.76,
2026-09-11T01:46:53.916707+00:00,200,1381.84,
2026-09-11T01:46:49.819414+00:00,200,5494.10,
2026-09-11T01:46:53.955006+00:00,200,1359.64,
2026-09-11T01:46:53.400993+00:00,200,1920.99,
2026-09-11T01:46:50.999603+00:00,200,4326.56,
2026-09-11T01:46:46.067117+00:00,200,9263.49,
2026-09-11T01:46:49.108577+00:00,200,6241.35,
2026-09-11T01:46:49.138456+00:00,200,6218.42,
2026-09-11T01:46:52.340163+00:00,200,3028.45,
2026-09-11T01:46:48.816886+00:00,200,6547.33,
2026-09-11T01:46:47.527211+00:00,200,7841.74,
2026-09-11T01:46:52.045081+00:00,200,3340.50,
2026-09-11T01:46:49.141330+00:00,200,6243.67,
2026-09-11T01:46:53.724831+00:00,200,1664.25,
2026-09-11T01:46:48.392417+00:00,200,7002.25,
2026-09-11T01:46:54.674573+00:00,200,733.44,
2026-09-11T01:46:55.280570+00:00,200,127.96,
2026-09-11T01:46:52.468989+00:00,200,2978.48,
2026-09-11T01:46:37.680466+00:00,200,17781.85,
2026-09-11T01:46:53.856753+00:00,200,1613.23,
2026-09-11T01:46:39.097584+00:00,200,16386.68,
2026-09-11T01:46:45.250573+00:00,200,10234.81,
2026-09-11T01:46:54.682615+00:00,200,816.03,
2026-09-11T01:46:53.600085+00:00,200,1897.32,
2026-09-11T01:46:49.699361+00:00,200,5798.12,
2026-09-11T01:46:51.680333+00:00,200,3824.59,
2026-09-11T01:46:46.273748+00:00,200,9240.37,
2026-09-11T01:46:54.582674+00:00,200,957.05,
2026-09-11T01:46:55.426175+00:00,200,128.78,
2026-09-11T01:46:44.747123+00:00,200,10812.11,
2026-09-11T01:46:55.238581+00:00,200,327.71,
2026-09-11T01:46:51.833253+00:00,200,3735.61,
2026-09-11T01:46:51.844726+00:00,200,3731.06,
2026-09-11T01:46:53.669866+00:00,200,1911.63,
2026-09-11T01:46:49.759681+00:00,200,5824.00,
2026-09-11T01:46:54.430792+00:00,200,1162.37,
2026-09-11T01:46:42.023978+00:00,200,13567.76,
2026-09-11T01:46:54.617598+00:00,200,980.51,
2026-09-11T01:46:38.507050+00:00,200,17096.85,
2026-09-11T01:46:52.392226+00:00,200,3231.55,
2026-09-11T01:46:52.683590+00:00,200,2959.73,
2026-09-11T01:46:47.036577+00:00,200,8606.36,
2026-09-11T01:46:51.060701+00:00,200,4599.40,
2026-09-11T01:46:54.643123+00:00,200,1022.82,
2026-09-11T01:46:52.853117+00:00,200,2817.28,
2026-09-11T01:46:54.482799+00:00,200,1192.27,
2026-09-11T01:46:54.026413+00:00,200,1650.42,
2026-09-11T01:46:53.855745+00:00,200,1840.02,
2026-09-11T01:46:48.219084+00:00,200,7472.83,
2026-09-11T01:46:54.957608+00:00,200,740.28,
2026-09-11T01:46:51.460849+00:00,200,4254.77,
2026-09-11T01:46:54.032687+00:00,200,1687.73,
2026-09-11T01:46:45.988623+00:00,200,9735.62,
2026-09-11T01:46:49.915936+00:00,200,5824.23,
2026-09-11T01:46:45.765726+00:00,200,9980.79,
2026-09-11T01:46:42.433448+00:00,200,13327.85,
2026-09-11T01:46:44.020060+00:00,200,11741.29,
2026-09-11T01:46:53.213173+00:00,200,2567.19,
2026-09-11T01:46:50.340927+00:00,200,5460.85,
2026-09-11T01:46:49.913411+00:00,200,5903.47,
2026-09-11T01:46:39.956020+00:00,200,15865.70,
2026-09-11T01:46:49.141330+00:00,200,6693.59,
2026-09-11T01:46:52.552039+00:00,200,3289.91,
2026-09-11T01:46:47.299797+00:00,200,8549.23,
2026-09-11T01:46:48.892867+00:00,200,6956.83,
2026-09-11T01:46:54.486883+00:00,200,1369.82,
2026-09-11T01:46:50.869653+00:00,200,4984.63,
2026-09-11T01:46:55.761393+00:00,200,116.65,
2026-09-11T01:46:44.887688+00:00,200,10994.60,
2026-09-11T01:46:54.080369+00:00,200,1808.99,
2026-09-11T01:46:53.566094+00:00,200,2331.75,
2026-09-11T01:46:54.253016+00:00,200,1646.45,
2026-09-11T01:46:54.186842+00:00,200,1741.61,
2026-09-11T01:46:54.445758+00:00,200,1501.46,
2026-09-11T01:46:52.771740+00:00,200,3182.61,
2026-09-11T01:46:53.032353+00:00,200,2920.38,
2026-09-11T01:46:54.666176+00:00,200,1307.03,
2026-09-11T01:46:43.488952+00:00,200,12493.26,
2026-09-11T01:46:53.317972+00:00,200,2677.98,
2026-09-11T01:46:51.417637+00:00,200,4597.88,
2026-09-11T01:46:55.316677+00:00,200,706.71,
2026-09-11T01:46:55.075365+00:00,200,951.77,
2026-09-11T01:46:49.547271+00:00,200,6483.88,
2026-09-11T01:46:54.901358+00:00,200,1133.95,
2026-09-11T01:46:49.467831+00:00,200,6570.33,
2026-09-11T01:46:53.032353+00:00,200,3017.14,
2026-09-11T01:46:53.154070+00:00,200,2890.01,
2026-09-11T01:46:55.101781+00:00,200,954.93,
2026-09-11T01:46:33.578432+00:00,200,22487.50,
2026-09-11T01:46:47.616194+00:00,200,8458.09,
2026-09-11T01:46:49.907657+00:00,200,6180.97,
2026-09-11T01:46:49.674291+00:00,200,6434.87,
2026-09-11T01:46:39.211159+00:00,200,16905.56,
2026-09-11T01:46:50.826839+00:00,200,5295.99,
2026-09-11T01:46:55.990841+00:00,200,133.62,
2026-09-11T01:46:52.775471+00:00,200,3364.56,
2026-09-11T01:46:54.934230+00:00,200,1232.93,
2026-09-11T01:46:44.283558+00:00,200,11884.66,
2026-09-11T01:46:54.827228+00:00,200,1342.91,
2026-09-11T01:46:50.234920+00:00,200,5962.72,
2026-09-11T01:46:49.407518+00:00,200,6790.78,
2026-09-11T01:46:54.332978+00:00,200,1873.44,
2026-09-11T01:46:45.736045+00:00,200,10483.29,
2026-09-11T01:46:48.449242+00:00,200,7778.79,
2026-09-11T01:46:56.087373+00:00,200,142.35,
2026-09-11T01:46:40.727364+00:00,200,15492.35,
2026-09-11T01:46:48.756689+00:00,200,7493.29,
2026-09-11T01:46:50.565955+00:00,200,5701.40,
2026-09-11T01:46:39.273601+00:00,200,17006.05,
2026-09-11T01:46:53.199385+00:00,200,3081.70,
2026-09-11T01:46:56.135233+00:00,200,152.35,
2026-09-11T01:46:45.149988+00:00,200,11150.08,
2026-09-11T01:46:45.091172+00:00,200,11223.08,
2026-09-11T01:46:47.311828+00:00,200,9017.77,
2026-09-11T01:46:51.733071+00:00,200,4598.61,
2026-09-11T01:46:52.958894+00:00,200,3380.48,
2026-09-11T01:46:47.243301+00:00,200,9095.10,
2026-09-11T01:46:43.958839+00:00,200,12394.81,
2026-09-11T01:46:42.384054+00:00,200,13997.60,
2026-09-11T01:46:51.789316+00:00,200,4606.30,
2026-09-11T01:46:46.361144+00:00,200,10043.66,
2026-09-11T01:46:42.017931+00:00,200,14387.85,
2026-09-11T01:46:50.002774+00:00,200,6421.33,
2026-09-11T01:46:54.542086+00:00,200,1888.07,
2026-09-11T01:46:55.356555+00:00,200,1073.63,
2026-09-11T01:46:47.427167+00:00,200,9016.63,
2026-09-11T01:46:55.324700+00:00,200,1124.03,
2026-09-11T01:46:49.757660+00:00,200,6701.36,
2026-09-11T01:46:53.988151+00:00,200,2473.87,
2026-09-11T01:46:55.136301+00:00,200,1337.27,
2026-09-11T01:46:53.418349+00:00,200,3066.83,
2026-09-11T01:46:41.961727+00:00,200,14548.65,
2026-09-11T01:46:44.502771+00:00,200,12013.05,
2026-09-11T01:46:52.039122+00:00,200,4478.41,
2026-09-11T01:46:50.859516+00:00,200,5660.03,
2026-09-11T01:46:55.324700+00:00,200,1198.55,
2026-09-11T01:46:55.781270+00:00,200,776.80,
2026-09-11T01:46:54.173730+00:00,200,2385.81,
2026-09-11T01:46:54.002747+00:00,200,2559.91,
2026-09-11T01:46:52.303192+00:00,200,4274.48,
2026-09-11T01:46:47.335466+00:00,200,9248.30,
2026-09-11T01:46:55.191737+00:00,200,1397.20,
2026-09-11T01:46:51.631108+00:00,200,4954.64,
2026-09-11T01:46:46.739833+00:00,200,9854.80,
2026-09-11T01:46:48.930448+00:00,200,7675.77,
2026-09-11T01:46:49.208553+00:00,200,7449.26,
2026-09-11T01:46:54.803625+00:00,200,1860.56,
2026-09-11T01:46:54.253016+00:00,200,2422.74,
2026-09-11T01:46:33.931788+00:00,200,22782.82,
2026-09-11T01:46:52.165969+00:00,200,4569.08,
2026-09-11T01:46:52.557038+00:00,200,4194.76,
2026-09-11T01:46:39.876290+00:00,200,16887.80,
2026-09-11T01:46:50.853695+00:00,200,5912.59,
2026-09-11T01:46:54.334827+00:00,200,2443.05,
2026-09-11T01:46:51.684362+00:00,200,5089.69,
2026-09-11T01:46:43.142502+00:00,200,13655.20,
2026-09-11T01:46:40.101891+00:00,200,16683.82,
2026-09-11T01:46:54.173730+00:00,200,2671.68,
2026-09-11T01:46:53.474477+00:00,200,3410.48,
2026-09-11T01:46:45.029140+00:00,200,11876.03,
2026-09-11T01:46:53.032353+00:00,200,3882.60,
2026-09-11T01:46:56.650184+00:00,200,268.49,
2026-09-11T01:46:45.933085+00:00,200,11002.54,
2026-09-11T01:46:49.968314+00:00,200,6974.57,
2026-09-11T01:46:45.807769+00:00,200,11140.66,
2026-09-11T01:46:51.646343+00:00,200,5313.14,
2026-09-11T01:46:35.843105+00:00,200,21125.61,
2026-09-11T01:46:54.577671+00:00,200,2415.70,
2026-09-11T01:46:54.163715+00:00,200,2833.32,
2026-09-11T01:46:43.947225+00:00,200,13081.01,
2026-09-11T01:46:38.945461+00:00,200,18094.77,
2026-09-11T01:46:42.676241+00:00,200,14378.14,
2026-09-11T01:46:45.908168+00:00,200,11160.50,
2026-09-11T01:46:55.950687+00:00,200,1126.81,
2026-09-11T01:46:53.591091+00:00,200,3505.65,
2026-09-11T01:46:50.140761+00:00,200,6967.21,
2026-09-11T01:46:54.557859+00:00,200,2575.80,
2026-09-11T01:46:55.385744+00:00,200,1753.90,
2026-09-11T01:46:53.719690+00:00,200,3421.74,
2026-09-11T01:46:50.109233+00:00,200,7022.66,
2026-09-11T01:46:54.856240+00:00,200,2320.33,
2026-09-11T01:46:48.262693+00:00,200,8915.82,
2026-09-11T01:46:57.025065+00:00,200,164.93,
2026-09-11T01:46:52.595769+00:00,200,4609.47,
2026-09-11T01:46:53.632996+00:00,200,3599.09,
2026-09-11T01:46:42.917753+00:00,200,14346.20,
2026-09-11T01:46:55.882271+00:00,200,1391.74,
2026-09-11T01:46:55.743414+00:00,200,1547.29,
2026-09-11T01:46:50.941111+00:00,200,6347.33,
2026-09-11T01:46:48.028551+00:00,200,9267.27,
2026-09-11T01:46:51.876364+00:00,200,5439.76,
2026-09-11T01:46:24.969291+00:00,200,32353.12,
2026-09-11T01:46:55.372690+00:00,200,1946.54,
2026-09-11T01:46:48.839024+00:00,200,8488.87,
2026-09-11T01:46:54.762737+00:00,200,2567.15,
2026-09-11T01:46:50.432959+00:00,200,6898.80,
2026-09-11T01:46:45.260722+00:00,200,12090.22,
2026-09-11T01:46:56.993270+00:00,200,361.62,
2026-09-11T01:46:51.049394+00:00,200,6327.48,
2026-09-11T01:46:56.516265+00:00,200,863.75,
2026-09-11T01:46:54.116651+00:00,200,3266.24,
2026-09-11T01:46:57.228611+00:00,200,171.35,
2026-09-11T01:46:52.201928+00:00,200,5211.13,
2026-09-11T01:46:53.511279+00:00,200,3930.55,
2026-09-11T01:46:50.001775+00:00,200,7458.30,
2026-09-11T01:46:57.316640+00:00,200,141.67,
2026-09-11T01:46:51.618566+00:00,200,5845.64,
2026-09-11T01:46:52.212704+00:00,200,5256.15,
2026-09-11T01:46:57.316640+00:00,200,160.74,
2026-09-11T01:46:44.440622+00:00,200,13061.48,
2026-09-11T01:46:55.813504+00:00,200,1685.95,
2026-09-11T01:46:57.041686+00:00,200,470.26,
2026-09-11T01:46:51.053313+00:00,200,6464.26,
2026-09-11T01:46:49.634731+00:00,200,7900.75,
2026-09-11T01:46:56.144735+00:00,200,1393.92,
2026-09-11T01:46:57.000871+00:00,200,541.14,
2026-09-11T01:46:46.273748+00:00,200,11273.05,
2026-09-11T01:46:51.002363+00:00,200,6559.19,
2026-09-11T01:46:55.813504+00:00,200,1748.58,
2026-09-11T01:46:46.216611+00:00,200,11351.61,
2026-09-11T01:46:53.791134+00:00,200,3785.12,
2026-09-11T01:46:54.574142+00:00,200,3017.35,
2026-09-11T01:46:57.435554+00:00,200,167.89,
2026-09-11T01:46:55.593033+00:00,200,2023.82,
2026-09-11T01:46:53.544405+00:00,200,4115.06,
2026-09-11T01:46:31.812722+00:00,200,25846.03,
2026-09-11T01:46:52.394227+00:00,200,5272.30,
2026-09-11T01:46:54.063864+00:00,200,3607.45,
2026-09-11T01:46:53.444219+00:00,200,4242.14,
2026-09-11T01:46:50.657689+00:00,200,7034.91,
2026-09-11T01:46:53.674447+00:00,200,4029.30,
2026-09-11T01:46:48.428290+00:00,200,9292.06,
2026-09-11T01:46:33.126279+00:00,200,24597.66,
2026-09-11T01:46:55.796998+00:00,200,1926.04,
2026-09-11T01:46:54.803248+00:00,200,2931.02,
2026-09-11T01:46:53.474477+00:00,200,4256.16,
2026-09-11T01:46:46.586046+00:00,200,11147.66,
2026-09-11T01:46:53.045758+00:00,200,4695.08,
2026-09-11T01:46:51.077404+00:00,200,6667.29,
2026-09-11T01:46:54.722592+00:00,200,3022.74,
2026-09-11T01:46:56.594638+00:00,200,1156.72,
2026-09-11T01:46:53.091209+00:00,200,4664.48,
2026-09-11T01:46:54.827228+00:00,200,2939.17,
2026-09-11T01:46:56.198634+00:00,200,1580.89,
2026-09-11T01:46:56.046220+00:00,200,1769.43,
2026-09-11T01:46:56.277002+00:00,200,1547.34,
2026-09-11T01:46:56.008810+00:00,200,1836.14,
2026-09-11T01:46:52.700130+00:00,200,5170.92,
2026-09-11T01:46:51.773389+00:00,200,6118.76,
2026-09-11T01:46:53.931766+00:00,200,3976.86,
2026-09-11T01:46:55.928625+00:00,200,1984.75,
2026-09-11T01:46:42.729512+00:00,200,15184.68,
2026-09-11T01:46:52.949928+00:00,200,4986.58,
2026-09-11T01:46:45.466250+00:00,200,12470.28,
2026-09-11T01:46:57.075099+00:00,200,860.31,
2026-09-11T01:46:57.779552+00:00,200,164.02,
2026-09-11T01:46:55.192745+00:00,200,2758.72,
2026-09-11T01:46:45.749605+00:00,200,12211.32,
2026-09-11T01:46:40.002558+00:00,200,17956.37,
2026-09-11T01:46:50.983159+00:00,200,6985.05,
2026-09-11T01:46:57.821632+00:00,200,166.04,
2026-09-11T01:46:55.678603+00:00,200,2315.31,
2026-09-11T01:46:53.746125+00:00,200,4249.69,
2026-09-11T01:46:47.775626+00:00,200,10228.29,
2026-09-11T01:46:55.038203+00:00,200,2964.50,
2026-09-11T01:46:48.851731+00:00,200,9174.95,
2026-09-11T01:46:56.602020+00:00,200,1430.82,
2026-09-11T01:46:55.483517+00:00,200,2564.91,
2026-09-11T01:46:50.330554+00:00,200,7735.65,
2026-09-11T01:46:51.533200+00:00,200,6555.75,
2026-09-11T01:46:56.008810+00:00,200,2067.58,
2026-09-11T01:46:57.605072+00:00,200,487.96,
2026-09-11T01:46:40.902149+00:00,200,17209.50,
2026-09-11T01:46:56.055243+00:00,200,2071.09,
2026-09-11T01:46:55.677597+00:00,200,2455.28,
2026-09-11T01:46:56.887958+00:00,200,1251.92,
2026-09-11T01:46:57.069532+00:00,200,1076.28,
2026-09-11T01:46:51.519224+00:00,200,6636.00,
2026-09-11T01:46:48.731202+00:00,200,9416.31,
2026-09-11T01:46:54.514716+00:00,200,3655.40,
2026-09-11T01:46:43.087490+00:00,200,15087.35,
2026-09-11T01:46:54.613717+00:00,200,3574.75,
2026-09-11T01:46:54.002747+00:00,200,4190.78,
2026-09-11T01:46:55.650721+00:00,200,2547.39,
2026-09-11T01:46:45.682977+00:00,200,12515.31,
2026-09-11T01:46:48.900592+00:00,200,9307.26,
2026-09-11T01:46:48.158927+00:00,200,10082.52,
2026-09-11T01:46:43.278356+00:00,200,14983.75,
2026-09-11T01:46:48.749338+00:00,200,9516.36,
2026-09-11T01:46:53.287855+00:00,200,4982.26,
2026-09-11T01:46:56.408998+00:00,200,1868.51,
2026-09-11T01:46:53.104004+00:00,200,5186.91,
2026-09-11T01:46:57.410609+00:00,200,878.27,
2026-09-11T01:46:56.166620+00:00,200,2128.69,
2026-09-11T01:46:47.657926+00:00,200,10647.49,
2026-09-11T01:46:47.216249+00:00,200,11095.19,
2026-09-11T01:46:57.717218+00:00,200,595.53,
2026-09-11T01:46:55.036197+00:00,200,3281.88,
2026-09-11T01:46:54.735916+00:00,200,3588.46,
2026-09-11T01:46:55.120331+00:00,200,3203.24,
2026-09-11T01:46:53.940563+00:00,200,4390.11,
2026-09-11T01:46:49.416808+00:00,200,8936.41,
2026-09-11T01:46:45.882737+00:00,200,12490.11,
2026-09-11T01:46:49.881593+00:00,200,8497.37,
2026-09-11T01:46:56.943265+00:00,200,1437.34,
2026-09-11T01:46:49.021353+00:00,200,9376.63,
2026-09-11T01:46:49.138456+00:00,200,9267.12,
2026-09-11T01:46:57.734339+00:00,200,688.97,
2026-09-11T01:46:56.089381+00:00,200,2336.71,
2026-09-11T01:46:40.476199+00:00,200,17950.88,
2026-09-11T01:46:52.353569+00:00,200,6075.66,
2026-09-11T01:46:57.821632+00:00,200,615.37,
2026-09-11T01:46:43.926513+00:00,200,14520.90,
2026-09-11T01:46:58.312774+00:00,200,137.76,
2026-09-11T01:46:56.522204+00:00,200,1939.05,
2026-09-11T01:46:49.749299+00:00,200,8741.15,
2026-09-11T01:46:38.046335+00:00,200,20441.61,
2026-09-11T01:46:55.241584+00:00,200,3255.88,
2026-09-11T01:46:55.903394+00:00,200,2596.95,
2026-09-11T01:46:55.058841+00:00,200,3448.28,
2026-09-11T01:46:51.847740+00:00,200,6664.84,
2026-09-11T01:46:36.017494+00:00,200,22503.69,
2026-09-11T01:46:57.942653+00:00,200,580.04,
2026-09-11T01:46:41.903444+00:00,200,16623.95,
2026-09-11T01:46:55.205054+00:00,200,3329.84,
2026-09-11T01:46:56.291220+00:00,200,2267.01,
2026-09-11T01:46:51.550308+00:00,200,7038.11,
2026-09-11T01:46:55.844490+00:00,200,2739.55,
2026-09-11T01:46:52.017484+00:00,200,6587.29,
2026-09-11T01:46:51.042984+00:00,200,7583.78,
2026-09-11T01:46:41.895445+00:00,200,16734.38,
2026-09-11T01:46:58.486629+00:00,200,143.69,
2026-09-11T01:46:55.598175+00:00,200,3039.39,
2026-09-11T01:46:46.995054+00:00,200,11648.38,
2026-09-11T01:46:57.936099+00:00,200,709.65,
2026-09-11T01:46:52.450170+00:00,200,6203.65,
2026-09-11T01:46:31.534801+00:00,200,27120.97,
2026-09-11T01:46:56.511709+00:00,200,2151.82,
2026-09-11T01:46:55.038203+00:00,200,3623.43,
2026-09-11T01:46:49.509845+00:00,200,9163.21,
2026-09-11T01:46:56.351065+00:00,200,2328.81,
2026-09-11T01:46:53.492793+00:00,200,5195.06,
2026-09-11T01:46:54.746949+00:00,200,3946.72,
2026-09-11T01:46:51.461851+00:00,200,7253.45,
2026-09-11T01:46:44.142592+00:00,200,14573.25,
2026-09-11T01:46:52.047873+00:00,200,6672.56,
2026-09-11T01:46:56.213577+00:00,200,2518.48,
2026-09-11T01:46:39.594139+00:00,200,19136.17,
2026-09-11T01:46:51.290726+00:00,200,7464.54,
2026-09-11T01:46:54.665614+00:00,200,4094.63,
2026-09-11T01:46:57.940643+00:00,200,832.37,
2026-09-11T01:46:42.597412+00:00,200,16186.73,
2026-09-11T01:46:36.974925+00:00,200,21804.55,
2026-09-11T01:46:55.214518+00:00,200,3565.24,
2026-09-11T01:46:54.221077+00:00,200,4571.79,
2026-09-11T01:46:51.631108+00:00,200,7164.22,
2026-09-11T01:46:54.242506+00:00,200,4561.35,
2026-09-11T01:46:58.066086+00:00,200,729.03,
2026-09-11T01:46:55.866003+00:00,200,2980.15,
2026-09-11T01:46:52.775471+00:00,200,6088.29,
2026-09-11T01:46:52.894971+00:00,200,5974.83,
2026-09-11T01:46:53.438109+00:00,200,5465.25,
2026-09-11T01:46:55.580673+00:00,200,3321.41,
2026-09-11T01:46:54.957608+00:00,200,3968.48,
2026-09-11T01:46:54.973672+00:00,200,3961.53,
2026-09-11T01:46:52.861761+00:00,200,6077.35,
2026-09-11T01:46:54.341697+00:00,200,4602.72,
2026-09-11T01:46:53.045758+00:00,200,5893.56,
2026-09-11T01:46:48.259652+00:00,200,10712.65,
2026-09-11T01:46:52.491483+00:00,200,6482.55,
2026-09-11T01:46:55.746557+00:00,200,3237.16,
2026-09-11T01:46:42.193745+00:00,200,16793.65,
2026-09-11T01:46:45.942946+00:00,200,13048.26,
2026-09-11T01:46:53.451980+00:00,200,5553.81,
2026-09-11T01:46:54.598781+00:00,200,4410.77,
2026-09-11T01:46:57.495064+00:00,200,1514.57,
2026-09-11T01:46:49.846926+00:00,200,9182.66,
2026-09-11T01:46:58.404454+00:00,200,640.47,
2026-09-11T01:46:41.173924+00:00,200,17877.15,
2026-09-11T01:46:55.580673+00:00,200,3502.94,
2026-09-11T01:46:55.248424+00:00,200,3843.00,
2026-09-11T01:46:54.920823+00:00,200,4187.60,
2026-09-11T01:46:41.498353+00:00,200,17614.16,
2026-09-11T01:46:55.697657+00:00,200,3424.69,
2026-09-11T01:46:55.715844+00:00,200,3410.31,
2026-09-11T01:46:58.681865+00:00,200,467.44,
2026-09-11T01:46:46.577386+00:00,200,12570.10,
2026-09-11T01:46:52.316812+00:00,200,6837.97,
2026-09-11T01:46:54.017262+00:00,200,5133.40,
2026-09-11T01:46:52.487479+00:00,200,6683.68,
2026-09-11T01:46:57.140784+00:00,200,2034.72,
2026-09-11T01:46:59.019066+00:00,200,166.74,
2026-09-11T01:46:55.038203+00:00,200,4138.00,
2026-09-11T01:46:54.401469+00:00,200,4788.74,
2026-09-11T01:46:57.963105+00:00,200,1233.26,
2026-09-11T01:46:55.553251+00:00,200,3648.46,
2026-09-11T01:46:45.721021+00:00,200,13482.10,
2026-09-11T01:46:56.908400+00:00,200,2304.95,
2026-09-11T01:46:57.135371+00:00,200,2082.49,
2026-09-11T01:46:52.939265+00:00,200,6308.33,
2026-09-11T01:46:51.070908+00:00,200,8181.13,
2026-09-11T01:46:59.083032+00:00,200,164.54,
2026-09-11T01:46:57.194412+00:00,200,2063.23,
2026-09-11T01:46:46.019390+00:00,200,13245.97,
2026-09-11T01:46:52.304192+00:00,200,6973.08,
2026-09-11T01:46:50.662256+00:00,200,8624.14,
2026-09-11T01:46:58.082092+00:00,200,1199.38,
2026-09-11T01:46:51.789316+00:00,200,7518.22,
2026-09-11T01:46:55.666981+00:00,200,3648.67,
2026-09-11T01:46:54.731882+00:00,200,4596.21,
2026-09-11T01:46:57.325045+00:00,200,2007.92,
2026-09-11T01:46:55.186341+00:00,200,4149.84,
2026-09-11T01:46:51.949473+00:00,200,7377.63,
2026-09-11T01:46:46.861632+00:00,200,12486.48,
2026-09-11T01:46:53.177381+00:00,200,6184.54,
2026-09-11T01:46:47.628464+00:00,200,11737.40,
2026-09-11T01:46:54.778447+00:00,200,4593.97,
2026-09-11T01:46:49.592050+00:00,200,9796.02,
2026-09-11T01:46:57.325045+00:00,200,2077.22,
2026-09-11T01:46:57.403117+00:00,200,2013.02,
2026-09-11T01:46:55.499633+00:00,200,3922.63,
2026-09-11T01:46:53.013261+00:00,200,6422.60,
2026-09-11T01:46:54.670183+00:00,200,4773.02,
2026-09-11T01:46:53.803564+00:00,200,5685.14,
2026-09-11T01:46:54.955607+00:00,200,4550.25,
2026-09-11T01:46:39.909493+00:00,200,19590.18,
2026-09-11T01:46:53.682753+00:00,200,5838.94,
2026-09-11T01:46:57.460645+00:00,200,2077.27,
2026-09-11T01:46:47.275036+00:00,200,12268.10,
2026-09-11T01:46:58.322447+00:00,200,1224.61,
2026-09-11T01:46:53.001248+00:00,200,6547.15,
2026-09-11T01:46:52.413861+00:00,200,7147.29,
2026-09-11T01:46:57.657428+00:00,200,1898.41,
2026-09-11T01:46:51.949473+00:00,200,7607.71,
2026-09-11T01:46:52.493484+00:00,200,7077.38,
2026-09-11T01:46:57.706875+00:00,200,1886.20,
2026-09-11T01:46:57.349990+00:00,200,2251.99,
2026-09-11T01:46:46.137371+00:00,200,13470.24,
2026-09-11T01:46:50.941111+00:00,200,8669.66,
2026-09-11T01:46:59.019066+00:00,200,598.55,
2026-09-11T01:46:44.142592+00:00,200,15473.53,
2026-09-11T01:46:47.582473+00:00,200,12044.27,
2026-09-11T01:46:53.083846+00:00,200,6551.53,
2026-09-11T01:46:49.717116+00:00,200,9923.33,
2026-09-11T01:46:44.951693+00:00,200,14688.30,
2026-09-11T01:46:46.273748+00:00,200,13368.84,
2026-09-11T01:46:47.607476+00:00,200,12041.20,
2026-09-11T01:46:50.003776+00:00,200,9666.24,
2026-09-11T01:46:51.451077+00:00,200,8224.80,
2026-09-11T01:46:58.312774+00:00,200,1363.01,
2026-09-11T01:46:56.404995+00:00,200,3303.17,
2026-09-11T01:46:54.143549+00:00,200,5568.29,
2026-09-11T01:46:31.381250+00:00,200,28338.25,
2026-09-11T01:46:58.136146+00:00,200,1583.19,
2026-09-11T01:46:55.973967+00:00,200,3761.86,
2026-09-11T01:46:57.135371+00:00,200,2627.38,
2026-09-11T01:46:47.440862+00:00,200,12329.08,
2026-09-11T01:46:56.975105+00:00,200,2807.83,
2026-09-11T01:46:56.304519+00:00,200,3496.77,
2026-09-11T01:46:57.291952+00:00,200,2527.88,
2026-09-11T01:46:49.724353+00:00,200,10099.09,
2026-09-11T01:46:55.120331+00:00,200,4713.65,
2026-09-11T01:46:57.535569+00:00,200,2308.77,
2026-09-11T01:46:55.562909+00:00,200,4273.92,
2026-09-11T01:46:58.676660+00:00,200,1189.28,
2026-09-11T01:46:43.261374+00:00,200,16607.32,
2026-09-11T01:46:49.938633+00:00,200,9948.11,
2026-09-11T01:46:45.671064+00:00,200,14216.32,
2026-09-11T01:46:51.307040+00:00,200,8593.34,
2026-09-11T01:46:57.263679+00:00,200,2639.88,
2026-09-11T01:46:51.833253+00:00,200,8074.67,
2026-09-11T01:46:51.133776+00:00,200,8780.30,
2026-09-11T01:46:48.167008+00:00,200,11747.94,
2026-09-11T01:46:39.197565+00:00,200,20719.34,
2026-09-11T01:46:58.557676+00:00,200,1364.28,
2026-09-11T01:46:54.217052+00:00,200,5713.68,
2026-09-11T01:46:59.816569+00:00,200,117.06,
2026-09-11T01:46:58.972009+00:00,200,969.72,
2026-09-11T01:46:50.224212+00:00,200,9744.96,
2026-09-11T01:46:59.499747+00:00,200,481.57,
2026-09-11T01:46:51.847740+00:00,200,8136.80,
2026-09-11T01:46:59.486974+00:00,200,502.98,
2026-09-11T01:46:58.436566+00:00,200,1569.79,
2026-09-11T01:46:57.989069+00:00,200,2024.25,
2026-09-11T01:46:46.342485+00:00,200,13689.70,
2026-09-11T01:46:50.682674+00:00,200,9360.67,
2026-09-11T01:46:45.475141+00:00,200,14588.68,
2026-09-11T01:46:59.937992+00:00,200,141.78,
2026-09-11T01:46:54.218558+00:00,200,5866.44,
2026-09-11T01:46:54.557859+00:00,200,5530.73,
2026-09-11T01:46:52.585501+00:00,200,7506.87,
2026-09-11T01:46:46.813771+00:00,200,13279.26,
2026-09-11T01:46:54.017262+00:00,200,6082.56,
2026-09-11T01:46:58.470215+00:00,200,1638.09,
2026-09-11T01:46:46.726589+00:00,200,13382.07,
2026-09-11T01:46:56.023702+00:00,200,4086.88,
2026-09-11T01:46:52.140331+00:00,200,7991.09,
2026-09-11T01:46:52.888732+00:00,200,7247.94,
2026-09-11T01:46:54.253016+00:00,200,5887.41,
2026-09-11T01:46:56.557501+00:00,200,3609.77,
2026-09-11T01:46:56.224953+00:00,200,3942.84,
2026-09-11T01:46:58.169075+00:00,200,2003.12,
2026-09-11T01:46:47.257485+00:00,200,12922.39,
2026-09-11T01:46:53.217965+00:00,200,6970.44,
2026-09-11T01:46:57.951193+00:00,200,2240.02,
2026-09-11T01:46:55.356555+00:00,200,4831.90,
2026-09-11T01:46:55.502466+00:00,200,4701.97,
2026-09-11T01:46:51.506140+00:00,200,8707.89,
2026-09-11T01:46:59.383154+00:00,200,836.72,
2026-09-11T01:46:55.947159+00:00,200,4288.30,
2026-09-11T01:46:53.574409+00:00,200,6712.39,
2026-09-11T01:46:53.566094+00:00,200,6726.76,
2026-09-11T01:46:57.275091+00:00,200,3025.56,
2026-09-11T01:46:57.877795+00:00,200,2425.29,
2026-09-11T01:46:59.083032+00:00,200,1229.84,
2026-09-11T01:46:55.136301+00:00,200,5194.76,
2026-09-11T01:46:44.693013+00:00,200,15653.37,
2026-09-11T01:46:51.869066+00:00,200,8484.31,
2026-09-11T01:46:59.566930+00:00,200,797.89,
2026-09-11T01:46:53.716172+00:00,200,6651.87,
2026-09-11T01:46:42.924471+00:00,200,17443.80,
2026-09-11T01:46:59.900306+00:00,200,476.24,
2026-09-11T01:46:56.900081+00:00,200,3495.13,
2026-09-11T01:46:56.231146+00:00,200,4168.78,
2026-09-11T01:46:55.908372+00:00,200,4501.89,
2026-09-11T01:46:58.789400+00:00,200,1625.48,
2026-09-11T01:46:57.463659+00:00,200,2958.47,
2026-09-11T01:46:59.801718+00:00,200,630.64,
2026-09-11T01:46:57.749971+00:00,200,2678.21,
2026-09-11T01:47:00.039020+00:00,200,436.90,
2026-09-11T01:46:56.683407+00:00,200,3799.61,
2026-09-11T01:46:54.601294+00:00,200,5908.58,
2026-09-11T01:46:37.095031+00:00,200,23406.24,
2026-09-11T01:46:49.408528+00:00,200,11122.97,
2026-09-11T01:46:59.441434+00:00,200,1097.78,
2026-09-11T01:46:57.749971+00:00,200,2793.62,
2026-09-11T01:46:37.575932+00:00,200,22976.72,
2026-09-11T01:46:58.423446+00:00,200,2131.20,
2026-09-11T01:46:54.161703+00:00,200,6399.16,
2026-09-11T01:46:41.557080+00:00,200,19009.36,
2026-09-11T01:46:53.791134+00:00,200,6782.20,
2026-09-11T01:46:54.451146+00:00,200,6136.77,
2026-09-11T01:46:59.719538+00:00,200,897.77,
2026-09-11T01:46:50.061701+00:00,200,10561.01,
2026-09-11T01:46:55.643419+00:00,200,4987.72,
2026-09-11T01:46:55.261829+00:00,200,5368.76,
2026-09-11T01:46:57.511543+00:00,200,3135.00,
2026-09-11T01:47:00.473885+00:00,200,190.00,
2026-09-11T01:47:00.499964+00:00,200,204.88,
2026-09-11T01:46:52.155819+00:00,200,8594.65,
2026-09-11T01:46:58.653048+00:00,200,2095.99,
2026-09-11T01:46:40.936554+00:00,200,19824.06,
2026-09-11T01:46:49.041883+00:00,200,11720.33,
2026-09-11T01:46:52.726531+00:00,200,8049.20,
2026-09-11T01:46:55.624396+00:00,200,5163.21,
2026-09-11T01:46:56.307886+00:00,200,4479.12,
2026-09-11T01:46:57.451138+00:00,200,3337.02,
2026-09-11T01:46:56.803585+00:00,200,3996.99,
2026-09-11T01:47:00.165988+00:00,200,643.24,
2026-09-11T01:46:50.099971+00:00,200,10751.96,
2026-09-11T01:46:47.249185+00:00,200,13608.69,
2026-09-11T01:46:52.661503+00:00,200,8201.50,
2026-09-11T01:46:47.490855+00:00,200,13375.88,
2026-09-11T01:46:58.486629+00:00,200,2389.06,
2026-09-11T01:46:51.656905+00:00,200,9242.35,
2026-09-11T01:46:56.560848+00:00,200,4356.57,
2026-09-11T01:46:44.257289+00:00,200,16667.84,
2026-09-11T01:46:56.416993+00:00,200,4513.02,
2026-09-11T01:46:49.997992+00:00,200,10974.52,
2026-09-11T01:46:58.194023+00:00,200,2819.70,
2026-09-11T01:46:53.983515+00:00,200,7040.14,
2026-09-11T01:46:59.864349+00:00,200,1159.67,
2026-09-11T01:46:47.109641+00:00,200,13931.05,
2026-09-11T01:47:00.358210+00:00,200,679.39,
2026-09-11T01:46:54.334827+00:00,200,6719.63,
2026-09-11T01:46:56.008810+00:00,200,5071.36,
2026-09-11T01:46:55.733269+00:00,200,5366.74,
2026-09-11T01:46:57.944660+00:00,200,3158.84,
2026-09-11T01:46:25.924640+00:00,200,35180.24,
2026-09-11T01:46:51.283738+00:00,200,9837.06,
2026-09-11T01:46:58.987502+00:00,200,2134.52,
2026-09-11T01:46:40.536228+00:00,200,20592.48,
2026-09-11T01:46:57.508404+00:00,200,3625.10,
2026-09-11T01:46:58.510757+00:00,200,2625.57,
2026-09-11T01:46:59.210934+00:00,200,1926.98,
2026-09-11T01:46:54.367612+00:00,200,6782.49,
2026-09-11T01:46:51.248323+00:00,200,9906.33,
2026-09-11T01:46:59.544555+00:00,200,1624.72,
2026-09-11T01:46:40.154834+00:00,200,21025.94,
2026-09-11T01:46:51.346971+00:00,200,9840.95,
2026-09-11T01:46:50.540946+00:00,200,10647.83,
2026-09-11T01:46:53.577664+00:00,200,7640.20,
2026-09-11T01:46:52.616355+00:00,200,8597.00,
2026-09-11T01:46:56.516265+00:00,200,4726.76,
2026-09-11T01:46:57.669068+00:00,200,3578.35,
2026-09-11T01:46:50.565955+00:00,200,10685.91,
2026-09-11T01:46:51.082737+00:00,200,10176.01,
2026-09-11T01:46:52.688630+00:00,200,8588.73,
2026-09-11T01:46:43.802724+00:00,200,17489.32,
2026-09-11T01:46:51.933562+00:00,200,9355.18,
2026-09-11T01:46:48.689757+00:00,200,12603.65,
2026-09-11T01:46:50.154027+00:00,200,11158.32,
2026-09-11T01:46:56.994830+00:00,200,4329.80,
2026-09-11T01:46:55.538480+00:00,200,5816.38,
2026-09-11T01:46:54.163715+00:00,200,7196.49,
2026-09-11T01:46:36.843334+00:00,200,24523.08,
2026-09-11T01:46:59.178312+00:00,200,2201.66,
2026-09-11T01:47:00.098968+00:00,200,1291.46,
2026-09-11T01:46:58.780392+00:00,200,2611.60,
2026-09-11T01:46:53.381323+00:00,200,8019.83,
2026-09-11T01:46:53.791134+00:00,200,7615.87,
2026-09-11T01:46:41.307589+00:00,200,20106.21,
2026-09-11T01:46:53.839707+00:00,200,7578.98,
2026-09-11T01:46:58.630544+00:00,200,2800.23,
2026-09-11T01:46:48.742091+00:00,200,12695.88,
2026-09-11T01:46:54.762737+00:00,200,6666.80,
2026-09-11T01:46:56.207010+00:00,200,5236.57,
2026-09-11T01:46:54.494227+00:00,200,6955.09,
2026-09-11T01:46:50.262382+00:00,200,11191.99,
2026-09-11T01:46:35.274429+00:00,200,26186.72,
2026-09-11T01:46:51.156909+00:00,200,10322.42,
2026-09-11T01:47:00.308627+00:00,200,1175.08,
2026-09-11T01:46:57.058414+00:00,200,4433.46,
2026-09-11T01:46:50.065709+00:00,200,11429.73,
2026-09-11T01:46:56.277002+00:00,200,5232.94,
2026-09-11T01:46:53.045758+00:00,200,8456.38,
2026-09-11T01:46:56.061277+00:00,200,5456.84,
2026-09-11T01:46:56.216220+00:00,200,5309.20,
2026-09-11T01:47:01.165258+00:00,200,369.10,
2026-09-11T01:46:53.001248+00:00,200,8530.07,
2026-09-11T01:46:54.819179+00:00,200,6718.85,
2026-09-11T01:46:58.636994+00:00,200,2914.19,
2026-09-11T01:46:59.337488+00:00,200,2227.12,
2026-09-11T01:46:58.972009+00:00,200,2600.80,
2026-09-11T01:46:57.993090+00:00,200,3592.23,
2026-09-11T01:46:49.078606+00:00,200,12534.49,
2026-09-11T01:46:57.893087+00:00,200,3729.96,
2026-09-11T01:46:47.093153+00:00,200,14536.62,
2026-09-11T01:46:50.980512+00:00,200,10653.06,
2026-09-11T01:47:01.025469+00:00,200,618.56,
2026-09-11T01:46:59.283089+00:00,200,2361.40,
2026-09-11T01:46:54.400283+00:00,200,7261.82,
2026-09-11T01:46:59.784662+00:00,200,1901.74,
2026-09-11T01:47:00.315697+00:00,200,1381.70,
2026-09-11T01:47:01.292523+00:00,200,406.35,
2026-09-11T01:46:59.616409+00:00,200,2092.13,
2026-09-11T01:46:58.801792+00:00,200,2921.86,
2026-09-11T01:46:53.154070+00:00,200,8567.26,
2026-09-11T01:46:41.466373+00:00,200,20280.52,
2026-09-11T01:46:55.498125+00:00,200,6253.56,
2026-09-11T01:46:50.649292+00:00,200,11101.20,
2026-09-11T01:46:40.249609+00:00,200,21501.39,
2026-09-11T01:47:01.388422+00:00,200,375.61,
2026-09-11T01:47:01.630966+00:00,200,146.12,
2026-09-11T01:46:56.736422+00:00,200,5071.28,
2026-09-11T01:46:52.632075+00:00,200,9178.56,
2026-09-11T01:46:46.422184+00:00,200,15396.10,
2026-09-11T01:47:01.686639+00:00,200,148.73,
2026-09-11T01:46:50.358800+00:00,200,11482.27,
2026-09-11T01:46:54.253016+00:00,200,7589.74,
2026-09-11T01:46:57.856090+00:00,200,3999.39,
2026-09-11T01:46:56.758547+00:00,200,5099.24,
2026-09-11T01:46:49.403655+00:00,200,12456.26,
2026-09-11T01:47:01.309448+00:00,200,552.75,
2026-09-11T01:46:57.146244+00:00,200,4724.51,
2026-09-11T01:46:54.116651+00:00,200,7756.26,
2026-09-11T01:46:47.927526+00:00,200,13984.32,
2026-09-11T01:46:52.868328+00:00,200,9059.87,
2026-09-11T01:46:51.283738+00:00,200,10648.75,
2026-09-11T01:46:59.900306+00:00,200,2042.53,
2026-09-11T01:46:59.558180+00:00,200,2396.36,
2026-09-11T01:47:00.378532+00:00,200,1589.06,
2026-09-11T01:46:54.408472+00:00,200,7561.67,
2026-09-11T01:46:58.621307+00:00,200,3348.40,
2026-09-11T01:46:32.348320+00:00,200,29629.42,
2026-09-11T01:46:46.995054+00:00,200,14982.73,
2026-09-11T01:46:43.170824+00:00,200,18817.30,
2026-09-11T01:46:56.441904+00:00,200,5547.80,
2026-09-11T01:46:40.524113+00:00,200,21469.36,
2026-09-11T01:46:58.149132+00:00,200,3840.80,
2026-09-11T01:46:48.392417+00:00,200,13601.64,
2026-09-11T01:47:00.111590+00:00,200,1894.29,
2026-09-11T01:46:54.556177+00:00,200,7458.91,
2026-09-11T01:46:49.711533+00:00,200,12305.65,
2026-09-11T01:46:51.933562+00:00,200,10085.58,
2026-09-11T01:46:59.558180+00:00,200,2494.26,
2026-09-11T01:46:58.541723+00:00,200,3540.57,
2026-09-11T01:46:57.325045+00:00,200,4767.38,
2026-09-11T01:46:46.531031+00:00,200,15581.52,
2026-09-11T01:46:56.605861+00:00,200,5514.13,
2026-09-11T01:47:01.230966+00:00,200,907.89,
2026-09-11T01:47:01.388422+00:00,200,753.53,
2026-09-11T01:46:54.945646+00:00,200,7207.00,
2026-09-11T01:47:01.388422+00:00,200,765.96,
2026-09-11T01:46:39.367330+00:00,200,22804.60,
2026-09-11T01:47:00.092354+00:00,200,2092.31,
2026-09-11T01:47:01.735280+00:00,200,465.23,
2026-09-11T01:46:54.554177+00:00,200,7667.11,
2026-09-11T01:46:58.018774+00:00,200,4199.67,
2026-09-11T01:46:47.828723+00:00,200,14405.21,
2026-09-11T01:46:58.641024+00:00,200,3591.49,
2026-09-11T01:46:55.696087+00:00,200,6552.42,
2026-09-11T01:46:49.687490+00:00,200,12567.38,
2026-09-11T01:46:58.256093+00:00,200,4011.23,
2026-09-11T01:46:56.410990+00:00,200,5881.58,
2026-09-11T01:47:00.936018+00:00,200,1362.10,
2026-09-11T01:46:58.446796+00:00,200,3847.69,
2026-09-11T01:46:52.918968+00:00,200,9392.00,
2026-09-11T01:47:01.639928+00:00,200,675.79,
2026-09-11T01:46:41.733758+00:00,200,20594.34,
2026-09-11T01:47:01.623924+00:00,200,714.50,
2026-09-11T01:47:00.959850+00:00,200,1416.97,
2026-09-11T01:47:01.639928+00:00,200,732.99,
2026-09-11T01:47:00.722354+00:00,200,1658.49,
2026-09-11T01:46:51.570117+00:00,200,10813.35,
2026-09-11T01:47:00.758630+00:00,200,1632.93,
2026-09-11T01:46:52.102303+00:00,200,10301.59,
2026-09-11T01:46:43.379991+00:00,200,19032.27,
2026-09-11T01:46:52.349583+00:00,200,10074.89,
2026-09-11T01:46:58.494117+00:00,200,3943.19,
2026-09-11T01:46:58.770288+00:00,200,3688.96,
2026-09-11T01:46:57.589059+00:00,200,4878.54,
2026-09-11T01:46:49.265918+00:00,200,13210.07,
2026-09-11T01:46:51.323847+00:00,200,11170.63,
2026-09-11T01:46:51.943706+00:00,200,10558.90,
2026-09-11T01:47:00.092354+00:00,200,2420.52,
2026-09-11T01:46:53.600085+00:00,200,8913.24,
2026-09-11T01:46:53.372783+00:00,200,9150.15,
2026-09-11T01:46:51.082737+00:00,200,11436.84,
2026-09-11T01:46:59.202501+00:00,200,3328.70,
2026-09-11T01:46:54.957608+00:00,200,7589.77,
2026-09-11T01:47:01.261223+00:00,200,1282.74,
2026-09-11T01:46:53.865453+00:00,200,8687.91,
2026-09-11T01:47:01.702621+00:00,200,860.21,
2026-09-11T01:46:51.773389+00:00,200,10794.41,
2026-09-11T01:46:58.736906+00:00,200,3838.24,
2026-09-11T01:46:49.087317+00:00,200,13497.10,
2026-09-11T01:46:44.193356+00:00,200,18404.86,
2026-09-11T01:47:00.931997+00:00,200,1674.77,
2026-09-11T01:46:56.429170+00:00,200,6183.32,
2026-09-11T01:46:56.850215+00:00,200,5800.32,
2026-09-11T01:47:01.412210+00:00,200,1243.12,
2026-09-11T01:46:52.775471+00:00,200,9882.04,
2026-09-11T01:46:49.175232+00:00,200,13503.04,
2026-09-11T01:46:50.391846+00:00,200,12283.71,
2026-09-11T01:46:58.510757+00:00,200,4203.90,
2026-09-11T01:46:57.175042+00:00,200,5550.82,
2026-09-11T01:46:55.408355+00:00,200,7322.90,
2026-09-11T01:46:52.853117+00:00,200,9883.79,
2026-09-11T01:46:58.048314+00:00,200,4707.34,
2026-09-11T01:46:55.087010+00:00,200,7672.43,
2026-09-11T01:46:59.985337+00:00,200,2777.57,
2026-09-11T01:46:56.488611+00:00,200,6282.35,
2026-09-11T01:47:01.909294+00:00,200,867.91,
2026-09-11T01:46:58.082092+00:00,200,4695.49,
2026-09-11T01:47:01.861616+00:00,200,944.69,
2026-09-11T01:46:57.738662+00:00,200,5085.68,
2026-09-11T01:46:59.155590+00:00,200,3679.99,
2026-09-11T01:46:52.269488+00:00,200,10570.28,
2026-09-11T01:46:50.051852+00:00,200,12789.49,
2026-09-11T01:46:51.116346+00:00,200,11722.45,
2026-09-11T01:47:00.775165+00:00,200,2072.50,
2026-09-11T01:46:46.305070+00:00,200,16586.29,
2026-09-11T01:46:36.027548+00:00,200,26862.90,
2026-09-11T01:47:00.485817+00:00,200,2409.91,
2026-09-11T01:46:53.536594+00:00,200,9364.29,
2026-09-11T01:47:01.759476+00:00,200,1150.14,
2026-09-11T01:47:00.378532+00:00,200,2533.18,
2026-09-11T01:47:02.375454+00:00,200,558.73,
2026-09-11T01:46:59.943889+00:00,200,3002.48,
2026-09-11T01:46:56.916679+00:00,200,6034.99,
2026-09-11T01:46:58.709106+00:00,200,4256.37,
2026-09-11T01:46:46.577386+00:00,200,16399.65,
2026-09-11T01:46:52.832546+00:00,200,10154.21,
2026-09-11T01:46:53.955006+00:00,200,9032.70,
2026-09-11T01:46:55.447654+00:00,200,7562.44,
2026-09-11T01:47:02.460831+00:00,200,561.89,
2026-09-11T01:46:55.324700+00:00,200,7692.66,
2026-09-11T01:46:55.053972+00:00,200,7985.04,
2026-09-11T01:46:52.086415+00:00,200,10954.40,
2026-09-11T01:46:53.060959+00:00,200,9983.66,
2026-09-11T01:46:53.533384+00:00,200,9534.23,
2026-09-11T01:47:01.419945+00:00,200,1642.47,
2026-09-11T01:46:42.602285+00:00,200,20481.15,
2026-09-11T01:46:58.863218+00:00,200,4236.74,
2026-09-11T01:46:56.950235+00:00,200,6164.51,
2026-09-11T01:46:58.924442+00:00,200,4206.93,
2026-09-11T01:46:58.312774+00:00,200,4837.56,
2026-09-11T01:46:57.537581+00:00,200,5619.01,
2026-09-11T01:46:58.720096+00:00,200,4431.41,
2026-09-11T01:46:59.624748+00:00,200,3541.57,
2026-09-11T01:47:01.257649+00:00,200,1910.96,
2026-09-11T01:47:01.941139+00:00,200,1222.87,
2026-09-11T01:47:01.340424+00:00,200,1828.78,
2026-09-11T01:47:02.756051+00:00,200,465.59,
2026-09-11T01:46:54.253016+00:00,200,8959.24,
2026-09-11T01:46:55.844490+00:00,200,7376.90,
2026-09-11T01:46:48.127810+00:00,200,15107.51,
2026-09-11T01:47:01.719186+00:00,200,1520.27,
2026-09-11T01:47:01.455612+00:00,200,1793.06,
2026-09-11T01:46:55.877635+00:00,200,7371.81,
2026-09-11T01:47:01.975257+00:00,200,1308.80,
2026-09-11T01:46:47.957014+00:00,200,15326.23,
2026-09-11T01:47:00.134482+00:00,200,3156.96,
2026-09-11T01:47:00.791916+00:00,200,2525.84,
2026-09-11T01:46:58.010565+00:00,200,5316.57,
2026-09-11T01:46:59.605444+00:00,200,3744.20,
2026-09-11T01:46:56.766999+00:00,200,6599.44,
2026-09-11T01:46:35.072807+00:00,200,28296.82,
2026-09-11T01:46:59.912653+00:00,200,3460.55,
2026-09-11T01:46:52.925635+00:00,200,10452.54,
2026-09-11T01:47:01.975257+00:00,200,1392.98,
2026-09-11T01:46:50.459337+00:00,200,12981.17,
2026-09-11T01:46:57.542550+00:00,200,5897.52,
2026-09-11T01:46:57.657428+00:00,200,5784.45,
2026-09-11T01:46:58.386540+00:00,200,5053.70,
2026-09-11T01:46:56.457979+00:00,200,6993.97,
2026-09-11T01:46:54.032687+00:00,200,9428.11,
2026-09-11T01:46:48.983532+00:00,200,14499.08,
2026-09-11T01:46:36.365620+00:00,200,27111.94,
2026-09-11T01:47:02.427700+00:00,200,1063.68,
2026-09-11T01:47:01.866883+00:00,200,1620.50,
2026-09-11T01:46:54.048263+00:00,200,9456.33,
2026-09-11T01:46:48.135486+00:00,200,15385.21,
2026-09-11T01:46:59.178312+00:00,200,4342.97,
2026-09-11T01:46:51.520791+00:00,200,12016.91,
2026-09-11T01:46:54.610712+00:00,200,8959.06,
2026-09-11T01:46:57.995493+00:00,200,5589.01,
2026-09-11T01:46:56.122180+00:00,200,7470.72,
2026-09-11T01:47:00.432647+00:00,200,3175.04,
2026-09-11T01:46:52.229858+00:00,200,11391.87,
2026-09-11T01:47:01.866883+00:00,200,1751.21,
2026-09-11T01:47:03.239385+00:00,200,382.76,
2026-09-11T01:46:58.636994+00:00,200,4999.58,
2026-09-11T01:46:48.384012+00:00,200,15257.42,
2026-09-11T01:47:00.245226+00:00,200,3401.53,
2026-09-11T01:46:51.736086+00:00,200,11925.61,
2026-09-11T01:47:02.249945+00:00,200,1426.29,
2026-09-11T01:46:48.062636+00:00,200,15625.11,
2026-09-11T01:46:43.174994+00:00,200,20519.91,
2026-09-11T01:46:55.778256+00:00,200,7920.00,
2026-09-11T01:46:59.616409+00:00,200,4087.38,
2026-09-11T01:47:02.083597+00:00,200,1642.00,
2026-09-11T01:46:52.165463+00:00,200,11562.24,
2026-09-11T01:47:02.882939+00:00,200,837.86,
2026-09-11T01:46:49.149186+00:00,200,14584.60,
2026-09-11T01:47:01.975257+00:00,200,1752.02,
2026-09-11T01:47:02.717775+00:00,200,1025.01,
2026-09-11T01:46:57.637082+00:00,200,6098.85,
2026-09-11T01:47:03.139493+00:00,200,608.28,
2026-09-11T01:46:40.234497+00:00,200,23523.04,
2026-09-11T01:46:43.264884+00:00,200,20497.34,
2026-09-11T01:46:47.734410+00:00,200,16050.98,
2026-09-11T01:46:46.472340+00:00,200,17309.82,
2026-09-11T01:46:57.737854+00:00,200,6050.61,
2026-09-11T01:46:59.216396+00:00,200,4575.33,
2026-09-11T01:46:51.646343+00:00,200,12160.08,
2026-09-11T01:46:53.077206+00:00,200,10734.49,
2026-09-11T01:46:56.106010+00:00,200,7701.06,
2026-09-11T01:46:46.672777+00:00,200,17154.56,
2026-09-11T01:47:03.693504+00:00,200,144.36,
2026-09-11T01:46:52.250525+00:00,200,11598.17,
2026-09-11T01:46:53.782268+00:00,200,10085.76,
2026-09-11T01:47:00.235793+00:00,200,3656.15,
2026-09-11T01:47:02.179305+00:00,200,1712.07,
2026-09-11T01:47:02.666967+00:00,200,1240.60,
2026-09-11T01:47:03.225887+00:00,200,692.41,
2026-09-11T01:46:52.741045+00:00,200,11182.95,
2026-09-11T01:46:53.542398+00:00,200,10398.69,
2026-09-11T01:46:59.837995+00:00,200,4114.36,
2026-09-11T01:46:54.868652+00:00,200,9093.22,
2026-09-11T01:46:59.499747+00:00,200,4460.15,
2026-09-11T01:47:03.067238+00:00,200,906.35,
2026-09-11T01:46:46.495527+00:00,200,17486.75,
2026-09-11T01:46:55.201675+00:00,200,8791.24,
2026-09-11T01:46:57.657428+00:00,200,6341.01,
2026-09-11T01:46:57.605072+00:00,200,6401.22,
2026-09-11T01:46:59.900306+00:00,200,4136.41,
2026-09-11T01:47:00.070996+00:00,200,3956.98,
2026-09-11T01:47:00.420086+00:00,200,3627.17,
2026-09-11T01:47:03.782898+00:00,200,273.28,
2026-09-11T01:46:50.049865+00:00,200,14014.13,
2026-09-11T01:46:58.113827+00:00,200,5960.71,
2026-09-11T01:47:03.629648+00:00,200,471.38,
2026-09-11T01:47:01.217641+00:00,200,2887.63,
2026-09-11T01:46:41.065139+00:00,200,23033.46,
2026-09-11T01:47:03.787283+00:00,200,322.16,
2026-09-11T01:47:01.484028+00:00,200,2626.73,
2026-09-11T01:47:03.830534+00:00,200,280.50,
2026-09-11T01:46:51.421649+00:00,200,12709.83,
2026-09-11T01:46:54.865021+00:00,200,9270.64,
2026-09-11T01:46:58.368232+00:00,200,5761.83,
2026-09-11T01:47:00.206997+00:00,200,3938.01,
2026-09-11T01:46:53.184000+00:00,200,10968.26,
2026-09-11T01:47:02.238439+00:00,200,1916.23,
2026-09-11T01:46:40.044269+00:00,200,24125.76,
2026-09-11T01:47:03.457793+00:00,200,714.74,
2026-09-11T01:46:41.123848+00:00,200,23051.97,
2026-09-11T01:47:00.626720+00:00,200,3558.52,
2026-09-11T01:46:59.837995+00:00,200,4356.05,
2026-09-11T01:46:59.832350+00:00,200,4368.04,
2026-09-11T01:47:00.054984+00:00,200,4175.33,
2026-09-11T01:47:03.283484+00:00,200,965.15,
2026-09-11T01:47:02.840305+00:00,200,1428.65,
2026-09-11T01:46:52.874328+00:00,200,11417.66,
2026-09-11T01:46:59.119629+00:00,200,5187.74,
2026-09-11T01:46:54.253016+00:00,200,10051.05,
2026-09-11T01:46:58.789400+00:00,200,5535.30,
2026-09-11T01:47:03.927850+00:00,200,396.62,
2026-09-11T01:46:55.352801+00:00,200,8978.40,
2026-09-11T01:46:42.435450+00:00,200,21900.85,
2026-09-11T01:46:58.339692+00:00,200,5998.03,
2026-09-11T01:46:59.148574+00:00,200,5201.70,
2026-09-11T01:47:00.784856+00:00,200,3573.16,
2026-09-11T01:47:01.613163+00:00,200,2758.90,
2026-09-11T01:46:58.980360+00:00,200,5404.51,
2026-09-11T01:47:04.240483+00:00,200,152.45,
2026-09-11T01:47:01.817535+00:00,200,2595.51,
2026-09-11T01:46:54.873163+00:00,200,9540.67,
2026-09-11T01:47:02.674891+00:00,200,1748.26,
2026-09-11T01:47:02.841381+00:00,200,1593.36,
2026-09-11T01:46:58.632550+00:00,200,5809.69,
2026-09-11T01:46:49.773261+00:00,200,14675.85,
2026-09-11T01:46:46.963318+00:00,200,17490.63,
2026-09-11T01:47:04.307404+00:00,200,157.90,
2026-09-11T01:46:54.626695+00:00,200,9863.93,
2026-09-11T01:46:58.653048+00:00,200,5835.78,
2026-09-11T01:46:57.384037+00:00,200,7112.25,
2026-09-11T01:46:58.803568+00:00,200,5696.82,
2026-09-11T01:46:57.267236+00:00,200,7239.31,
2026-09-11T01:47:00.098968+00:00,200,4412.38,
2026-09-11T01:46:54.683619+00:00,200,9834.54,
2026-09-11T01:47:01.134733+00:00,200,3409.93,
2026-09-11T01:46:54.743939+00:00,200,9807.47,
2026-09-11T01:46:52.496429+00:00,200,12066.46,
2026-09-11T01:47:00.562995+00:00,200,3999.03,
2026-09-11T01:47:01.150484+00:00,200,3411.31,
2026-09-11T01:46:58.641024+00:00,200,5932.30,
2026-09-11T01:47:01.988402+00:00,200,2637.64,
2026-09-11T01:47:04.485087+00:00,200,138.24,
2026-09-11T01:46:52.239354+00:00,200,12397.19,
2026-09-11T01:47:04.477364+00:00,200,178.03,
2026-09-11T01:46:59.051622+00:00,200,5610.14,
2026-09-11T01:46:58.494117+00:00,200,6180.41,
2026-09-11T01:46:57.567319+00:00,200,7121.90,
2026-09-11T01:47:04.241796+00:00,200,443.75,
2026-09-11T01:46:59.019066+00:00,200,5671.83,
2026-09-11T01:46:51.072908+00:00,200,13631.37,
2026-09-11T01:46:49.915936+00:00,200,14800.50,
2026-09-11T01:47:03.956170+00:00,200,778.92,
2026-09-11T01:47:02.674891+00:00,200,2082.97,
2026-09-11T01:46:58.526026+00:00,200,6235.29,
2026-09-11T01:47:03.686701+00:00,200,1079.48,
2026-09-11T01:46:48.012791+00:00,200,16755.55,
2026-09-11T01:47:01.498486+00:00,200,3284.02,
2026-09-11T01:46:53.953302+00:00,200,10831.14,
2026-09-11T01:46:51.789316+00:00,200,12993.25,
2026-09-11T01:47:00.858267+00:00,200,3929.23,
2026-09-11T01:46:54.671182+00:00,200,10129.26,
2026-09-11T01:47:04.619628+00:00,200,184.89,
2026-09-11T01:47:02.224983+00:00,200,2585.20,
2026-09-11T01:47:03.041578+00:00,200,1790.22,
2026-09-11T01:47:01.957070+00:00,200,2887.14,
2026-09-11T01:46:41.616826+00:00,200,23250.25,
2026-09-11T01:46:55.214518+00:00,200,9678.41,
2026-09-11T01:46:54.307256+00:00,200,10585.70,
2026-09-11T01:46:48.044503+00:00,200,16852.26,
2026-09-11T01:47:00.800901+00:00,200,4109.88,
2026-09-11T01:47:00.852712+00:00,200,4078.14,
2026-09-11T01:47:03.329482+00:00,200,1609.05,
2026-09-11T01:46:59.168045+00:00,200,5779.53,
2026-09-11T01:47:03.120488+00:00,200,1838.69,
2026-09-11T01:46:55.720940+00:00,200,9255.61,
2026-09-11T01:46:55.761393+00:00,200,9223.56,
2026-09-11T01:46:54.641615+00:00,200,10350.02,
2026-09-11T01:46:46.926597+00:00,200,18079.18,
2026-09-11T01:46:58.899152+00:00,200,6115.15,
2026-09-11T01:46:48.583460+00:00,200,16444.65,
2026-09-11T01:47:02.275387+00:00,200,2768.50,
2026-09-11T01:46:42.120708+00:00,200,22933.20,
2026-09-11T01:46:55.081366+00:00,200,9976.99,
2026-09-11T01:47:02.997389+00:00,200,2066.24,
2026-09-11T01:47:03.693504+00:00,200,1367.41,
2026-09-11T01:46:55.038203+00:00,200,10018.23,
2026-09-11T01:47:04.937356+00:00,200,149.25,
2026-09-11T01:47:03.070471+00:00,200,2022.91,
2026-09-11T01:46:58.256093+00:00,200,6835.72,
2026-09-11T01:47:01.515368+00:00,200,3586.88,
2026-09-11T01:47:04.497103+00:00,200,599.31,
2026-09-11T01:46:43.224896+00:00,200,21883.32,
2026-09-11T01:46:55.356555+00:00,200,9772.92,
2026-09-11T01:47:04.999841+00:00,200,127.08,
2026-09-11T01:47:03.024438+00:00,200,2114.07,
2026-09-11T01:47:02.143203+00:00,200,3000.74,
2026-09-11T01:46:55.670242+00:00,200,9489.09,
2026-09-11T01:46:59.675681+00:00,200,5491.03,
2026-09-11T01:46:54.453422+00:00,200,10724.82,
2026-09-11T01:46:43.411177+00:00,200,21771.09,
2026-09-11T01:47:03.513525+00:00,200,1669.34,
2026-09-11T01:46:58.748499+00:00,200,6438.24,
2026-09-11T01:47:02.387048+00:00,200,2816.12,
2026-09-11T01:46:52.224215+00:00,200,13012.97,
2026-09-11T01:46:56.122180+00:00,200,9116.16,
2026-09-11T01:46:59.119629+00:00,200,6117.11,
2026-09-11T01:47:04.391214+00:00,200,850.95,
2026-09-11T01:46:59.637952+00:00,200,5609.78,
2026-09-11T01:47:04.259572+00:00,200,1000.02,
2026-09-11T01:46:33.249810+00:00,200,32025.11,
2026-09-11T01:47:03.158500+00:00,200,2124.01,
2026-09-11T01:46:53.999934+00:00,200,11303.82,
2026-09-11T01:46:46.199200+00:00,200,19111.24,
2026-09-11T01:47:03.891684+00:00,200,1436.25,
2026-09-11T01:46:52.384460+00:00,200,12949.53,
2026-09-11T01:46:58.987502+00:00,200,6349.24,
2026-09-11T01:46:45.020597+00:00,200,20322.06,
2026-09-11T01:47:04.135771+00:00,200,1228.53,
2026-09-11T01:47:03.339347+00:00,200,2028.44,
2026-09-11T01:47:03.293313+00:00,200,2087.92,
2026-09-11T01:46:57.910547+00:00,200,7472.33,
2026-09-11T01:47:05.237396+00:00,200,157.86,
2026-09-11T01:47:02.200424+00:00,200,3229.81,
2026-09-11T01:47:04.171919+00:00,200,1258.79,
2026-09-11T01:46:59.675681+00:00,200,5767.94,
2026-09-11T01:47:05.121876+00:00,200,328.97,
2026-09-11T01:46:57.702855+00:00,200,7750.94,
2026-09-11T01:47:05.011971+00:00,200,449.56,
2026-09-11T01:47:01.845933+00:00,200,3643.41,
2026-09-11T01:46:52.658199+00:00,200,12863.19,
2026-09-11T01:46:59.648351+00:00,200,5875.02,
2026-09-11T01:47:02.499894+00:00,200,3025.42,
2026-09-11T01:46:54.000942+00:00,200,11536.63,
2026-09-11T01:46:53.600085+00:00,200,11947.22,
2026-09-11T01:47:01.287297+00:00,200,4260.49,
2026-09-11T01:47:01.750509+00:00,200,3816.38,
2026-09-11T01:46:38.847381+00:00,200,26752.52,
2026-09-11T01:46:55.014179+00:00,200,10592.83,
2026-09-11T01:47:04.630340+00:00,200,989.61,
2026-09-11T01:46:55.097266+00:00,200,10543.89,
2026-09-11T01:46:55.409864+00:00,200,10238.28,
2026-09-11T01:46:54.762737+00:00,200,10886.15,
2026-09-11T01:46:58.863218+00:00,200,6815.97,
2026-09-11T01:46:57.283292+00:00,200,8414.50,
2026-09-11T01:46:58.194023+00:00,200,7509.69,
2026-09-11T01:47:05.516771+00:00,200,189.44,
2026-09-11T01:46:56.039703+00:00,200,9679.27,
2026-09-11T01:46:56.333474+00:00,200,9410.57,
2026-09-11T01:47:01.877440+00:00,200,3865.60,
2026-09-11T01:47:03.151630+00:00,200,2598.56,
2026-09-11T01:46:44.908898+00:00,200,20848.76,
2026-09-11T01:46:59.353405+00:00,200,6435.39,
2026-09-11T01:46:47.497544+00:00,200,18302.05,
2026-09-11T01:46:44.305745+00:00,200,21501.59,
2026-09-11T01:46:59.112915+00:00,200,6705.96,
2026-09-11T01:47:05.642295+00:00,200,179.50,
2026-09-11T01:46:54.983945+00:00,200,10846.25,
2026-09-11T01:46:53.301182+00:00,200,12538.24,
2026-09-11T01:46:55.284249+00:00,200,10579.56,
2026-09-11T01:47:04.373549+00:00,200,1492.81,
2026-09-11T01:47:04.732683+00:00,200,1132.62,
2026-09-11T01:46:56.449844+00:00,200,9449.82,
2026-09-11T01:47:00.578786+00:00,200,5335.32,
2026-09-11T01:46:55.007730+00:00,200,10920.96,
2026-09-11T01:47:04.100639+00:00,200,1825.11,
2026-09-11T01:47:04.904220+00:00,200,1033.90,
2026-09-11T01:46:52.775471+00:00,200,13159.63,
2026-09-11T01:46:52.769229+00:00,200,13179.45,
2026-09-11T01:47:02.847618+00:00,200,3104.78,
2026-09-11T01:46:58.707583+00:00,200,7277.31,
2026-09-11T01:46:55.214518+00:00,200,10816.51,
2026-09-11T01:47:01.189638+00:00,200,4863.99,
2026-09-11T01:47:05.310157+00:00,200,745.56,
2026-09-11T01:46:57.200141+00:00,200,8854.09,
2026-09-11T01:47:01.103115+00:00,200,4957.57,
2026-09-11T01:47:04.909726+00:00,200,1176.38,
2026-09-11T01:47:00.432647+00:00,200,5662.81,
2026-09-11T01:46:48.214497+00:00,200,17885.81,
2026-09-11T01:47:03.022419+00:00,200,3085.95,
2026-09-11T01:47:01.388422+00:00,200,4723.48,
2026-09-11T01:46:58.176877+00:00,200,7947.32,
2026-09-11T01:46:58.066086+00:00,200,8099.03,
2026-09-11T01:46:41.784153+00:00,200,24386.74,
2026-09-11T01:47:01.055398+00:00,200,5119.47,
2026-09-11T01:47:01.045171+00:00,200,5136.16,
2026-09-11T01:47:04.086077+00:00,200,2131.64,
2026-09-11T01:46:58.290666+00:00,200,7943.91,
2026-09-11T01:46:43.778774+00:00,200,22486.18,
2026-09-11T01:46:56.339985+00:00,200,9936.24,
2026-09-11T01:46:56.266621+00:00,200,10013.78,
2026-09-11T01:46:58.129631+00:00,200,8165.44,
2026-09-11T01:47:06.084898+00:00,200,216.96,
2026-09-11T01:47:00.959850+00:00,200,5350.64,
2026-09-11T01:47:01.829899+00:00,200,4489.18,
2026-09-11T01:47:02.008514+00:00,200,4321.29,
2026-09-11T01:47:05.601515+00:00,200,732.55,
2026-09-11T01:46:59.374747+00:00,200,6973.60,
2026-09-11T01:47:04.289300+00:00,200,2063.37,
2026-09-11T01:46:51.241311+00:00,200,15116.68,
2026-09-11T01:47:00.758630+00:00,200,5595.28,
2026-09-11T01:47:04.182294+00:00,200,2179.56,
2026-09-11T01:47:04.178242+00:00,200,2192.70,
2026-09-11T01:47:05.442046+00:00,200,928.30,
2026-09-11T01:46:46.428700+00:00,200,19962.33,
2026-09-11T01:46:52.252525+00:00,200,14145.24,
2026-09-11T01:47:01.023461+00:00,200,5392.59,
2026-09-11T01:46:56.046220+00:00,200,10406.81,
2026-09-11T01:47:04.784241+00:00,200,1677.12,
2026-09-11T01:47:02.903486+00:00,200,3553.66,
2026-09-11T01:47:04.115195+00:00,200,2358.69,
2026-09-11T01:47:00.552760+00:00,200,5926.90,
2026-09-11T01:46:58.690039+00:00,200,7802.36,
2026-09-11T01:47:04.158379+00:00,200,2356.50,
2026-09-11T01:47:02.731059+00:00,200,3787.45,
2026-09-11T01:47:01.537104+00:00,200,4983.48,
2026-09-11T01:46:50.969767+00:00,200,15562.45,
2026-09-11T01:47:04.417716+00:00,200,2111.86,
2026-09-11T01:47:05.032396+00:00,200,1498.46,
2026-09-11T01:46:57.685121+00:00,200,8869.37,
2026-09-11T01:47:02.666967+00:00,200,3890.24,
2026-09-11T01:47:02.116259+00:00,200,4440.20,
2026-09-11T01:46:45.012569+00:00,200,21558.07,
2026-09-11T01:46:57.746456+00:00,200,8827.06,
2026-09-11T01:46:59.438597+00:00,200,7156.17,
2026-09-11T01:46:56.234997+00:00,200,10367.86,
2026-09-11T01:47:03.982859+00:00,200,2622.84,
2026-09-11T01:46:53.380325+00:00,200,13231.70,
2026-09-11T01:46:53.894540+00:00,200,12720.09,
2026-09-11T01:47:04.307404+00:00,200,2321.20,
2026-09-11T01:47:04.762320+00:00,200,1871.34,
2026-09-11T01:46:51.684362+00:00,200,14972.79,
2026-09-11T01:47:00.007575+00:00,200,6668.51,
2026-09-11T01:46:54.157712+00:00,200,12540.49,
2026-09-11T01:47:06.517212+00:00,200,186.80,
2026-09-11T01:46:56.474619+00:00,200,10237.58,
2026-09-11T01:46:56.935533+00:00,200,9790.89,
2026-09-11T01:46:39.623906+00:00,200,27124.80,
2026-09-11T01:46:53.482732+00:00,200,13279.87,
2026-09-11T01:46:44.268438+00:00,200,22502.20,
2026-09-11T01:47:00.546894+00:00,200,6226.88,
2026-09-11T01:46:48.652027+00:00,200,18133.29,
2026-09-11T01:47:02.903486+00:00,200,3887.54,
2026-09-11T01:46:56.443912+00:00,200,10357.35,
2026-09-11T01:46:59.416930+00:00,200,7387.14,
2026-09-11T01:46:54.399447+00:00,200,12408.80,
2026-09-11T01:47:00.224399+00:00,200,6598.38,
2026-09-11T01:47:03.168896+00:00,200,3660.43,
2026-09-11T01:47:03.168896+00:00,200,3666.65,
2026-09-11T01:46:44.051699+00:00,200,22801.69,
2026-09-11T01:46:54.952608+00:00,200,11907.27,
2026-09-11T01:47:05.194556+00:00,200,1675.51,
2026-09-11T01:47:04.784241+00:00,200,2097.40,
2026-09-11T01:46:59.278093+00:00,200,7614.22,
2026-09-11T01:47:00.315697+00:00,200,6574.12,
2026-09-11T01:47:03.750935+00:00,200,3156.95,
2026-09-11T01:47:06.750651+00:00,200,175.58,
2026-09-11T01:46:43.696213+00:00,200,23225.53,
2026-09-11T01:46:55.314671+00:00,200,11634.24,
2026-09-11T01:47:02.474887+00:00,200,4483.25,
2026-09-11T01:47:01.957070+00:00,200,4992.85,
2026-09-11T01:47:03.211843+00:00,200,3744.87,
2026-09-11T01:46:58.577442+00:00,200,8384.57,
2026-09-11T01:46:50.058098+00:00,200,16929.18,
2026-09-11T01:46:51.031433+00:00,200,15957.96,
2026-09-11T01:46:56.324659+00:00,200,10679.75,
2026-09-11T01:47:06.857554+00:00,200,174.85,
2026-09-11T01:47:06.126497+00:00,200,921.45,
2026-09-11T01:46:54.016256+00:00,200,13042.60,
2026-09-11T01:47:00.512313+00:00,200,6558.37,
2026-09-11T01:47:01.706461+00:00,200,5374.04,
2026-09-11T01:46:52.573533+00:00,200,14531.61,
2026-09-11T01:46:59.405024+00:00,200,7704.01,
2026-09-11T01:47:06.929102+00:00,200,181.06,
2026-09-11T01:46:51.682352+00:00,200,15432.08,
2026-09-11T01:47:05.243243+00:00,200,1882.30,
2026-09-11T01:46:54.080369+00:00,200,13051.74,
2026-09-11T01:47:00.087036+00:00,200,7055.46,
2026-09-11T01:47:02.491548+00:00,200,4663.07,
2026-09-11T01:46:59.784360+00:00,200,7385.44,
2026-09-11T01:46:54.111778+00:00,200,13068.64,
2026-09-11T01:46:42.890705+00:00,200,24290.28,
2026-09-11T01:47:02.836544+00:00,200,4356.77,
2026-09-11T01:47:00.646191+00:00,200,6546.08,
2026-09-11T01:46:59.204016+00:00,200,7995.38,
2026-09-11T01:46:55.490100+00:00,200,11729.55,
2026-09-11T01:46:58.368232+00:00,200,8844.89,
2026-09-11T01:47:00.552760+00:00,200,6672.93,
2026-09-11T01:47:05.095796+00:00,200,2175.41,
2026-09-11T01:47:00.087036+00:00,200,7204.14,
2026-09-11T01:46:58.653048+00:00,200,8628.30,
2026-09-11T01:46:53.080296+00:00,200,14215.30,
2026-09-11T01:46:50.040321+00:00,200,17264.93,
2026-09-11T01:46:54.683619+00:00,200,12626.50,
2026-09-11T01:46:48.808539+00:00,200,18513.59,
2026-09-11T01:47:06.333989+00:00,200,995.93,
2026-09-11T01:47:03.379313+00:00,200,3954.75,
2026-09-11T01:47:06.893940+00:00,200,441.35,
2026-09-11T01:47:05.863701+00:00,200,1480.83,
2026-09-11T01:46:58.780392+00:00,200,8572.44,
2026-09-11T01:47:05.392276+00:00,200,1966.44,
2026-09-11T01:47:07.026026+00:00,200,347.67,
2026-09-11T01:47:02.976827+00:00,200,4415.80,
2026-09-11T01:47:03.359990+00:00,200,4035.38,
2026-09-11T01:47:06.767554+00:00,200,682.51,
2026-09-11T01:47:01.580766+00:00,200,5870.83,
2026-09-11T01:47:04.141952+00:00,200,3321.00,
2026-09-11T01:47:04.561933+00:00,200,2920.79,
2026-09-11T01:47:00.137992+00:00,200,7355.38,
2026-09-11T01:47:04.698293+00:00,200,2792.37,
2026-09-11T01:47:02.598321+00:00,200,4909.92,
2026-09-11T01:46:57.576774+00:00,200,9938.77,
2026-09-11T01:47:01.217641+00:00,200,6306.42,
2026-09-11T01:46:42.618198+00:00,200,24934.02,
2026-09-11T01:47:00.414190+00:00,200,7137.58,
2026-09-11T01:47:01.709935+00:00,200,5852.80,
2026-09-11T01:47:05.047867+00:00,200,2514.02,
2026-09-11T01:47:05.015885+00:00,200,2560.88,
2026-09-11T01:46:59.633109+00:00,200,7949.67,
2026-09-11T01:47:01.412210+00:00,200,6171.59,
2026-09-11T01:47:01.798473+00:00,200,5785.36,
2026-09-11T01:47:04.100639+00:00,200,3486.70,
2026-09-11T01:47:01.975257+00:00,200,5616.35,
2026-09-11T01:47:05.178541+00:00,200,2442.23,
2026-09-11T01:46:54.901358+00:00,200,12734.18,
2026-09-11T01:46:56.718646+00:00,200,10943.55,
2026-09-11T01:47:06.455510+00:00,200,1220.14,
2026-09-11T01:47:06.947779+00:00,200,736.76,
2026-09-11T01:46:42.291520+00:00,200,25412.60,
2026-09-11T01:47:04.689268+00:00,200,3044.62,
2026-09-11T01:46:48.604719+00:00,200,19126.88,
2026-09-11T01:47:06.346832+00:00,200,1392.27,
2026-09-11T01:47:02.806869+00:00,200,4982.54,
2026-09-11T01:47:05.095796+00:00,200,2700.31,
2026-09-11T01:47:01.238454+00:00,200,6558.95,
2026-09-11T01:46:58.290666+00:00,200,9510.54,
2026-09-11T01:47:04.100639+00:00,200,3695.10,
2026-09-11T01:47:03.174313+00:00,200,4643.11,
2026-09-11T01:46:53.067324+00:00,200,14750.80,
2026-09-11T01:47:03.243916+00:00,200,4612.99,
2026-09-11T01:46:53.715273+00:00,200,14144.99,
2026-09-11T01:46:53.228257+00:00,200,14640.25,
2026-09-11T01:47:07.699200+00:00,200,166.38,
2026-09-11T01:46:48.588752+00:00,200,19288.03,
2026-09-11T01:47:05.700091+00:00,200,2170.85,
2026-09-11T01:47:05.934273+00:00,200,1954.59,
2026-09-11T01:46:53.874232+00:00,200,14024.20,
2026-09-11T01:46:56.266621+00:00,200,11633.91,
2026-09-11T01:47:05.178541+00:00,200,2737.00,
2026-09-11T01:47:06.325291+00:00,200,1611.15,
2026-09-11T01:46:51.929049+00:00,200,16025.74,
2026-09-11T01:46:58.446796+00:00,200,9513.30,
2026-09-11T01:46:51.437445+00:00,200,16531.75,
2026-09-11T01:47:06.767554+00:00,200,1204.46,
2026-09-11T01:46:46.878255+00:00,200,21156.92,
2026-09-11T01:46:59.441434+00:00,200,8604.49,
2026-09-11T01:47:05.063740+00:00,200,2996.25,
2026-09-11T01:47:01.340424+00:00,200,6727.63,
2026-09-11T01:47:02.603708+00:00,200,5470.68,
2026-09-11T01:47:00.213962+00:00,200,7887.08,
2026-09-11T01:46:53.955006+00:00,200,14155.99,
2026-09-11T01:46:50.843922+00:00,200,17280.82,
2026-09-11T01:47:01.324390+00:00,200,6812.89,
2026-09-11T01:46:59.937992+00:00,200,8208.18,
2026-09-11T01:47:07.969129+00:00,200,183.93,
2026-09-11T01:47:02.738738+00:00,200,5432.07,
2026-09-11T01:46:57.518538+00:00,200,10660.95,
2026-09-11T01:46:52.719599+00:00,200,15461.21,
2026-09-11T01:46:52.047873+00:00,200,16154.64,
2026-09-11T01:47:02.324913+00:00,200,5886.63,
2026-09-11T01:47:03.461107+00:00,200,4752.61,
2026-09-11T01:47:02.783857+00:00,200,5435.45,
2026-09-11T01:47:07.843477+00:00,200,381.27,
2026-09-11T01:47:04.698293+00:00,200,3527.68,
2026-09-11T01:46:57.403117+00:00,200,10834.26,
2026-09-11T01:47:08.070511+00:00,200,167.11,
2026-09-11T01:47:06.602546+00:00,200,1662.21,
2026-09-11T01:47:02.561441+00:00,200,5713.05,
2026-09-11T01:47:03.989629+00:00,200,4298.26,
2026-09-11T01:47:03.577325+00:00,200,4719.17,
2026-09-11T01:47:06.223826+00:00,200,2092.07,
2026-09-11T01:47:08.125787+00:00,200,192.66,
2026-09-11T01:47:06.968258+00:00,200,1365.94,
2026-09-11T01:46:59.666490+00:00,200,8675.33,
2026-09-11T01:46:57.463659+00:00,200,10881.91,
2026-09-11T01:47:04.813797+00:00,200,3536.29,
2026-09-11T01:47:04.446056+00:00,200,3903.20,
2026-09-11T01:46:56.197595+00:00,200,12159.23,
2026-09-11T01:47:04.561933+00:00,200,3840.74,
2026-09-11T01:47:07.554113+00:00,200,855.49,
2026-09-11T01:46:52.201928+00:00,200,16219.41,
2026-09-11T01:46:58.368232+00:00,200,10061.78,
2026-09-11T01:47:01.994015+00:00,200,6468.16,
2026-09-11T01:47:08.129331+00:00,200,357.32,
2026-09-11T01:47:05.869888+00:00,200,2625.48,
2026-09-11T01:46:48.107358+00:00,200,20391.45,
2026-09-11T01:46:49.499503+00:00,200,19005.32,
2026-09-11T01:47:00.870513+00:00,200,7647.94,
2026-09-11T01:47:05.527454+00:00,200,2991.20,
2026-09-11T01:46:55.451909+00:00,200,13077.58,
2026-09-11T01:47:04.508685+00:00,200,4034.42,
2026-09-11T01:47:06.058933+00:00,200,2488.31,
2026-09-11T01:47:03.518324+00:00,200,5030.66,
2026-09-11T01:47:00.626720+00:00,200,7921.22,
2026-09-11T01:47:00.108564+00:00,200,8457.38,
2026-09-11T01:47:04.337195+00:00,200,4233.53,
2026-09-11T01:47:04.619628+00:00,200,3967.51,
2026-09-11T01:46:59.210934+00:00,200,9397.02,
2026-09-11T01:47:01.478418+00:00,200,7134.18,
2026-09-11T01:47:02.658330+00:00,200,5967.59,
2026-09-11T01:46:53.391738+00:00,200,15257.07,
2026-09-11T01:47:07.161663+00:00,200,1512.96,
2026-09-11T01:47:06.095118+00:00,200,2583.85,
2026-09-11T01:47:01.014877+00:00,200,7674.04,
2026-09-11T01:47:02.935458+00:00,200,5758.98,
2026-09-11T01:46:54.894685+00:00,200,13806.58,
2026-09-11T01:46:51.631108+00:00,200,17072.50,
2026-09-11T01:47:08.541870+00:00,200,164.53,
2026-09-11T01:47:08.549175+00:00,200,164.64,
2026-09-11T01:47:01.412210+00:00,200,7303.14,
2026-09-11T01:47:02.151183+00:00,200,6592.62,
2026-09-11T01:46:58.308216+00:00,200,10453.45,
2026-09-11T01:47:03.750935+00:00,200,5011.58,
2026-09-11T01:47:05.243243+00:00,200,3548.44,
2026-09-11T01:47:04.689268+00:00,200,4104.88,
2026-09-11T01:46:58.939831+00:00,200,9875.07,
2026-09-11T01:46:54.920823+00:00,200,13921.75,
2026-09-11T01:47:07.860642+00:00,200,986.79,
2026-09-11T01:47:03.592047+00:00,200,5257.88,
2026-09-11T01:47:04.400898+00:00,200,4444.72,
2026-09-11T01:47:03.639440+00:00,200,5216.52,
2026-09-11T01:46:58.510757+00:00,200,10363.64,
2026-09-11T01:47:03.664152+00:00,200,5229.67,
2026-09-11T01:46:52.714216+00:00,200,16188.81,
2026-09-11T01:46:57.342230+00:00,200,11577.38,
2026-09-11T01:47:04.813797+00:00,200,4117.99,
2026-09-11T01:47:03.370756+00:00,200,5561.87,
2026-09-11T01:46:59.612681+00:00,200,9335.49,
2026-09-11T01:47:00.658205+00:00,200,8300.11,
2026-09-11T01:46:59.826203+00:00,200,9159.50,
2026-09-11T01:46:53.295984+00:00,200,15692.52,
2026-09-11T01:47:03.637426+00:00,200,5370.76,
2026-09-11T01:47:06.676022+00:00,200,2333.69,
2026-09-11T01:47:03.895935+00:00,200,5120.77,
2026-09-11T01:47:04.321996+00:00,200,4703.41,
2026-09-11T01:47:03.450394+00:00,200,5604.02,
2026-09-11T01:47:08.241618+00:00,200,828.44,
2026-09-11T01:47:06.951736+00:00,200,2125.03,
2026-09-11T01:47:05.361762+00:00,200,3748.78,
2026-09-11T01:47:05.608412+00:00,200,3513.84,
2026-09-11T01:47:03.317849+00:00,200,5806.45,
2026-09-11T01:46:54.237075+00:00,200,14887.69,
2026-09-11T01:47:08.086496+00:00,200,1032.88,
2026-09-11T01:47:06.492719+00:00,200,2648.91,
2026-09-11T01:47:05.760422+00:00,200,3418.90,
2026-09-11T01:46:48.531240+00:00,200,20650.98,
2026-09-11T01:46:58.848979+00:00,200,10380.37,
2026-09-11T01:47:05.709665+00:00,200,3521.55,
2026-09-11T01:47:03.283484+00:00,200,5947.54,
2026-09-11T01:47:04.321996+00:00,200,4916.54,
2026-09-11T01:47:09.034869+00:00,200,222.83,
2026-09-11T01:47:06.785354+00:00,200,2478.07,
2026-09-11T01:46:56.106010+00:00,200,13162.07,
2026-09-11T01:46:54.406466+00:00,200,14877.00,
2026-09-11T01:47:05.943218+00:00,200,3354.27,
2026-09-11T01:47:05.550199+00:00,200,3762.55,
2026-09-11T01:47:05.114917+00:00,200,4206.96,
2026-09-11T01:47:02.116259+00:00,200,7210.41,
2026-09-11T01:47:08.566917+00:00,200,782.14,
2026-09-11T01:47:05.129944+00:00,200,4231.23,
2026-09-11T01:46:52.555039+00:00,200,16823.87,
2026-09-11T01:47:06.168396+00:00,200,3217.50,
2026-09-11T01:46:59.558180+00:00,200,9839.48,
2026-09-11T01:47:07.329119+00:00,200,2063.58,
2026-09-11T01:46:59.196013+00:00,200,10213.52,
2026-09-11T01:46:59.358109+00:00,200,10048.94,
2026-09-11T01:47:05.047867+00:00,200,4356.68,
2026-09-11T01:47:08.559008+00:00,200,850.33,
2026-09-11T01:46:46.289134+00:00,200,23127.42,
2026-09-11T01:46:59.641483+00:00,200,9780.83,
2026-09-11T01:47:05.624003+00:00,200,3807.13,
2026-09-11T01:47:06.539476+00:00,200,2920.56,
2026-09-11T01:47:04.011058+00:00,200,5459.51,
2026-09-11T01:46:56.607968+00:00,200,12878.84,
2026-09-11T01:46:48.469290+00:00,200,21017.50,
2026-09-11T01:47:03.355395+00:00,200,6154.53,
2026-09-11T01:47:03.989629+00:00,200,5521.18,
2026-09-11T01:46:48.583460+00:00,200,20942.03,
2026-09-11T01:46:30.609692+00:00,200,38918.19,
2026-09-11T01:46:59.178312+00:00,200,10349.10,
2026-09-11T01:46:59.566930+00:00,200,9974.35,
2026-09-11T01:47:02.959072+00:00,200,6578.41,
2026-09-11T01:47:03.730030+00:00,200,5818.00,
2026-09-11T01:47:05.800174+00:00,200,3754.09,
2026-09-11T01:47:01.573823+00:00,200,8005.65,
2026-09-11T01:47:02.526231+00:00,200,7053.99,
2026-09-11T01:46:59.383154+00:00,200,10206.94,
2026-09-11T01:46:55.908372+00:00,200,13685.17,
2026-09-11T01:47:09.258718+00:00,200,336.84,
2026-09-11T01:46:58.939831+00:00,200,10675.29,
2026-09-11T01:47:04.571697+00:00,200,5052.44,
2026-09-11T01:47:00.151986+00:00,200,9472.10,
2026-09-11T01:47:05.243243+00:00,200,4397.65,
2026-09-11T01:47:06.612095+00:00,200,3035.45,
2026-09-11T01:47:04.197762+00:00,200,5448.84,
2026-09-11T01:47:05.101225+00:00,200,4600.90,
2026-09-11T01:47:08.641904+00:00,200,1056.94,
2026-09-11T01:46:50.374573+00:00,200,19328.40,
2026-09-11T01:46:58.207877+00:00,200,11510.96,
2026-09-11T01:47:04.652264+00:00,200,5063.54,
2026-09-11T01:46:42.633279+00:00,200,27098.39,
2026-09-11T01:47:04.951285+00:00,200,4802.83,
2026-09-11T01:47:03.537509+00:00,200,6220.62,
2026-09-11T01:47:04.035709+00:00,200,5721.94,
2026-09-11T01:47:00.758630+00:00,200,8997.33,
2026-09-11T01:47:00.358210+00:00,200,9404.74,
2026-09-11T01:47:07.281254+00:00,200,2482.96,
2026-09-11T01:47:03.228115+00:00,200,6559.56,
2026-09-11T01:46:55.866003+00:00,200,13937.80,
2026-09-11T01:47:04.388106+00:00,200,5424.36,
2026-09-11T01:47:08.894021+00:00,200,923.13,
2026-09-11T01:47:01.748756+00:00,200,8081.41,
2026-09-11T01:47:06.475594+00:00,200,3354.76,
2026-09-11T01:47:05.719298+00:00,200,4120.42,
2026-09-11T01:46:59.499747+00:00,200,10358.39,
2026-09-11T01:46:57.565552+00:00,200,12306.22,
2026-09-11T01:46:59.283089+00:00,200,10587.50,
2026-09-11T01:47:04.551677+00:00,200,5340.20,
2026-09-11T01:47:05.063740+00:00,200,4833.01,
2026-09-11T01:47:09.579464+00:00,200,327.21,
2026-09-11T01:46:50.824193+00:00,200,19088.50,
2026-09-11T01:47:09.754424+00:00,200,159.74,
2026-09-11T01:47:07.904394+00:00,200,2015.83,
2026-09-11T01:46:50.839911+00:00,200,19087.37,
2026-09-11T01:46:59.733151+00:00,200,10209.43,
2026-09-11T01:47:04.508685+00:00,200,5434.27,
2026-09-11T01:46:55.113521+00:00,200,14843.41,
2026-09-11T01:47:05.450057+00:00,200,4506.13,
2026-09-11T01:47:01.845933+00:00,200,8123.65,
2026-09-11T01:46:53.109358+00:00,200,16898.28,
2026-09-11T01:46:59.249790+00:00,200,10761.96,
2026-09-11T01:47:03.570439+00:00,200,6446.03,
2026-09-11T01:47:03.746648+00:00,200,6281.17,
2026-09-11T01:47:08.341901+00:00,200,1693.24,
2026-09-11T01:47:07.102136+00:00,200,2939.89,
2026-09-11T01:46:57.940643+00:00,200,12135.03,
2026-09-11T01:47:04.698293+00:00,200,5387.82,
2026-09-11T01:47:07.556645+00:00,200,2542.13,
2026-09-11T01:46:58.149132+00:00,200,11959.23,
2026-09-11T01:47:07.785677+00:00,200,2337.83,
2026-09-11T01:47:09.055539+00:00,200,1077.50,
2026-09-11T01:47:09.842332+00:00,200,293.56,
2026-09-11T01:46:49.292475+00:00,200,20847.87,
2026-09-11T01:47:05.934273+00:00,200,4220.97,
2026-09-11T01:47:03.691981+00:00,200,6468.26,
2026-09-11T01:47:07.175556+00:00,200,2985.07,
2026-09-11T01:47:05.746716+00:00,200,4431.33,
2026-09-11T01:47:07.457601+00:00,200,2728.87,
2026-09-11T01:47:08.512762+00:00,200,1684.75,
2026-09-11T01:46:45.576417+00:00,200,24627.86,
2026-09-11T01:47:08.416877+00:00,200,1789.80,
2026-09-11T01:47:08.683967+00:00,200,1528.93,
2026-09-11T01:47:10.077015+00:00,200,147.80,
2026-09-11T01:47:07.143477+00:00,200,3084.41,
2026-09-11T01:47:04.508685+00:00,200,5717.68,
2026-09-11T01:47:08.461974+00:00,200,1775.46,
2026-09-11T01:47:06.927092+00:00,200,3328.57,
2026-09-11T01:46:57.375465+00:00,200,12901.33,
2026-09-11T01:47:04.040142+00:00,200,6243.72,
2026-09-11T01:47:01.168278+00:00,200,9123.26,
2026-09-11T01:47:02.216969+00:00,200,8076.00,
2026-09-11T01:47:06.109687+00:00,200,4207.47,
2026-09-11T01:47:03.810882+00:00,200,6516.27,
2026-09-11T01:47:05.458352+00:00,200,4865.12,
2026-09-11T01:47:03.727006+00:00,200,6603.87,
2026-09-11T01:46:56.035365+00:00,200,14324.33,
2026-09-11T01:47:06.613219+00:00,200,3745.85,
2026-09-11T01:46:46.050910+00:00,200,24314.60,
2026-09-11T01:47:00.189956+00:00,200,10186.39,
2026-09-11T01:47:03.623875+00:00,200,6785.62,
2026-09-11T01:47:07.224578+00:00,200,3186.20,
2026-09-11T01:47:03.294694+00:00,200,7141.93,
2026-09-11T01:46:54.720583+00:00,200,15731.79,
2026-09-11T01:47:06.058933+00:00,200,4406.19,
2026-09-11T01:47:01.798473+00:00,200,8660.10,
2026-09-11T01:47:03.972268+00:00,200,6503.46,
2026-09-11T01:47:03.742822+00:00,200,6741.58,
2026-09-11T01:47:09.599167+00:00,200,894.21,
2026-09-11T01:47:10.328345+00:00,200,169.73,
2026-09-11T01:47:09.953449+00:00,200,559.18,
2026-09-11T01:47:00.858267+00:00,200,9658.10,
2026-09-11T01:47:04.922062+00:00,200,5597.34,
2026-09-11T01:46:56.524566+00:00,200,14009.45,
2026-09-11T01:47:03.079391+00:00,200,7453.27,
2026-09-11T01:46:46.654380+00:00,200,23880.71,
2026-09-11T01:46:54.300813+00:00,200,16239.54,
2026-09-11T01:46:57.463659+00:00,200,13084.11,
2026-09-11T01:47:09.110747+00:00,200,1436.58,
2026-09-11T01:47:03.482322+00:00,200,7105.92,
2026-09-11T01:46:53.860273+00:00,200,16729.95,
2026-09-11T01:47:07.739872+00:00,200,2856.23,
2026-09-11T01:46:54.746949+00:00,200,15843.57,
2026-09-11T01:47:06.532950+00:00,200,4078.78,
2026-09-11T01:47:00.913057+00:00,200,9701.70,
2026-09-11T01:47:07.726131+00:00,200,2918.55,
2026-09-11T01:47:06.801511+00:00,200,3850.39,
2026-09-11T01:47:06.367891+00:00,200,4289.16,
2026-09-11T01:47:06.173916+00:00,200,4485.32,
2026-09-11T01:46:56.166620+00:00,200,14497.31,
2026-09-11T01:46:57.483148+00:00,200,13192.47,
2026-09-11T01:46:53.920719+00:00,200,16756.17,
2026-09-11T01:46:52.951725+00:00,200,17740.86,
2026-09-11T01:47:01.845933+00:00,200,8842.82,
2026-09-11T01:47:04.492767+00:00,200,6211.86,
2026-09-11T01:47:00.325434+00:00,200,10377.46,
2026-09-11T01:46:54.566661+00:00,200,16156.32,
2026-09-11T01:47:01.501244+00:00,200,9224.37,
2026-09-11T01:46:59.241457+00:00,200,11479.41,
2026-09-11T01:46:45.115046+00:00,200,25620.52,
2026-09-11T01:47:03.814202+00:00,200,6938.46,
2026-09-11T01:47:07.518793+00:00,200,3240.89,
2026-09-11T01:47:09.600170+00:00,200,1182.08,
2026-09-11T01:47:02.179305+00:00,200,8609.52,
2026-09-11T01:46:56.457979+00:00,200,14367.98,
2026-09-11T01:47:07.269153+00:00,200,3560.86,
2026-09-11T01:47:10.361443+00:00,200,475.97,
2026-09-11T01:47:09.034869+00:00,200,1799.29,
2026-09-11T01:46:52.667937+00:00,200,18176.87,
2026-09-11T01:46:59.624748+00:00,200,11217.35,
2026-09-11T01:47:06.550450+00:00,200,4297.09,
2026-09-11T01:47:03.792840+00:00,200,7070.62,
2026-09-11T01:47:08.849305+00:00,200,2022.66,
2026-09-11T01:46:44.665669+00:00,200,26222.32,
2026-09-11T01:46:42.890705+00:00,200,27997.85,
2026-09-11T01:47:09.705467+00:00,200,1206.23,
2026-09-11T01:46:57.738662+00:00,200,13178.32,
2026-09-11T01:47:10.772388+00:00,200,157.60,
2026-09-11T01:46:59.918419+00:00,200,11037.15,
2026-09-11T01:47:02.236429+00:00,200,8725.75,
2026-09-11T01:46:49.688491+00:00,200,21276.44,
2026-09-11T01:46:59.675681+00:00,200,11292.75,
2026-09-11T01:47:01.134733+00:00,200,9851.44,
2026-09-11T01:47:03.492095+00:00,200,7496.60,
2026-09-11T01:46:52.193097+00:00,200,18802.15,
2026-09-11T01:47:10.044709+00:00,200,956.31,
2026-09-11T01:47:09.959179+00:00,200,1043.37,
2026-09-11T01:47:01.767518+00:00,200,9234.38,
2026-09-11T01:46:59.886174+00:00,200,11121.14,
2026-09-11T01:47:08.709068+00:00,200,2305.51,
2026-09-11T01:47:01.957070+00:00,200,9082.81,
2026-09-11T01:46:58.322447+00:00,200,12733.52,
2026-09-11T01:46:58.242705+00:00,200,12818.13,
2026-09-11T01:47:02.163421+00:00,200,8913.37,
2026-09-11T01:47:04.047694+00:00,200,7043.69,
2026-09-11T01:47:00.172318+00:00,200,10918.66,
2026-09-11T01:47:02.467771+00:00,200,8634.95,
2026-09-11T01:47:03.810882+00:00,200,7297.99,
2026-09-11T01:46:52.677902+00:00,200,18438.47,
2026-09-11T01:47:04.985750+00:00,200,6154.05,
2026-09-11T01:46:58.097227+00:00,200,13038.28,
2026-09-11T01:47:04.446056+00:00,200,6702.28,
2026-09-11T01:46:53.013261+00:00,200,18145.58,
2026-09-11T01:47:07.193232+00:00,200,3982.44,
2026-09-11T01:46:52.371352+00:00,200,18805.44,
2026-09-11T01:47:08.768299+00:00,200,2416.89,
2026-09-11T01:46:59.723555+00:00,200,11474.94,
2026-09-11T01:47:08.116586+00:00,200,3088.29,
2026-09-11T01:47:06.058933+00:00,200,5142.89,
2026-09-11T01:47:09.368533+00:00,200,1842.96,
2026-09-11T01:47:10.278057+00:00,200,970.22,
2026-09-11T01:47:11.098357+00:00,200,151.35,
2026-09-11T01:47:05.129944+00:00,200,6125.36,
2026-09-11T01:47:11.104419+00:00,200,169.26,
2026-09-11T01:46:47.164056+00:00,200,24115.27,
2026-09-11T01:47:00.012124+00:00,200,11273.52,
2026-09-11T01:47:03.249946+00:00,200,8050.23,
2026-09-11T01:47:05.904533+00:00,200,5398.54,
2026-09-11T01:46:59.310113+00:00,200,12009.46,
2026-09-11T01:47:01.639928+00:00,200,9681.56,
2026-09-11T01:47:09.129902+00:00,200,2203.61,
2026-09-11T01:47:11.204917+00:00,200,158.61,
2026-09-11T01:47:05.238989+00:00,200,6136.16,
2026-09-11T01:47:04.197762+00:00,200,7204.78,
2026-09-11T01:46:57.175042+00:00,200,14240.46,
2026-09-11T01:46:53.970320+00:00,200,17448.45,
2026-09-11T01:46:51.465851+00:00,200,19964.74,
2026-09-11T01:47:05.700091+00:00,200,5733.17,
2026-09-11T01:47:10.331345+00:00,200,1110.34,
2026-09-11T01:47:09.757935+00:00,200,1714.14,
2026-09-11T01:46:55.660872+00:00,200,15814.70,
2026-09-11T01:46:38.690312+00:00,200,32793.86,
2026-09-11T01:47:11.325586+00:00,200,160.14,
2026-09-11T01:47:11.248607+00:00,200,250.81,
2026-09-11T01:47:08.166529+00:00,200,3330.71,
2026-09-11T01:47:00.392852+00:00,200,11127.58,
2026-09-11T01:47:10.819996+00:00,200,700.89,
2026-09-11T01:47:02.242735+00:00,200,9305.45,
2026-09-11T01:47:06.392884+00:00,200,5163.31,
2026-09-11T01:47:05.326057+00:00,200,6258.47,
2026-09-11T01:47:02.842988+00:00,200,8741.53,
2026-09-11T01:47:10.478903+00:00,200,1115.10,
2026-09-11T01:47:04.762320+00:00,200,6830.51,
2026-09-11T01:47:09.944720+00:00,200,1658.89,
2026-09-11T01:46:58.936783+00:00,200,12666.44,
2026-09-11T01:47:05.450057+00:00,200,6172.30,
2026-09-11T01:46:47.590877+00:00,200,24034.58,
2026-09-11T01:47:05.266795+00:00,200,6361.62,
2026-09-11T01:46:48.950983+00:00,200,22675.75,
2026-09-11T01:46:53.439115+00:00,200,18226.83,
2026-09-11T01:47:02.766680+00:00,200,8905.01,
2026-09-11T01:47:06.508839+00:00,200,5164.65,
2026-09-11T01:47:08.550221+00:00,200,3134.94,
2026-09-11T01:46:48.909471+00:00,200,22845.72,
2026-09-11T01:46:47.981184+00:00,200,23781.04,
2026-09-11T01:46:46.754565+00:00,200,25015.25,
2026-09-11T01:47:04.957443+00:00,200,6822.05,
2026-09-11T01:47:09.273588+00:00,200,2521.06,
2026-09-11T01:46:58.605356+00:00,200,13200.02,
2026-09-11T01:47:11.666422+00:00,200,145.28,
2026-09-11T01:47:03.787283+00:00,200,8031.29,
2026-09-11T01:47:11.040158+00:00,200,784.18,
2026-09-11T01:46:51.226427+00:00,200,20607.49,
2026-09-11T01:47:00.749376+00:00,200,11101.31,
2026-09-11T01:47:10.026548+00:00,200,1826.28,
2026-09-11T01:47:06.101841+00:00,200,5762.59,
2026-09-11T01:47:02.300018+00:00,200,9570.72,
2026-09-11T01:47:06.211085+00:00,200,5666.64,
2026-09-11T01:46:48.450184+00:00,200,23449.12,
2026-09-11T01:47:11.758738+00:00,200,161.95,
2026-09-11T01:46:53.240920+00:00,200,18683.02,
2026-09-11T01:47:10.451833+00:00,200,1475.81,
2026-09-11T01:47:06.543474+00:00,200,5392.96,
2026-09-11T01:46:55.991859+00:00,200,15947.49,
2026-09-11T01:47:11.626849+00:00,200,313.82,
2026-09-11T01:47:08.700219+00:00,200,3242.89,
2026-09-11T01:47:02.568884+00:00,200,9379.31,
2026-09-11T01:46:55.842483+00:00,200,16118.67,
2026-09-11T01:47:01.994015+00:00,200,9971.30,
2026-09-11T01:47:08.048142+00:00,200,3923.78,
2026-09-11T01:46:55.388512+00:00,200,16580.58,
2026-09-11T01:46:57.864198+00:00,200,14109.68,
2026-09-11T01:47:11.115961+00:00,200,893.72,
2026-09-11T01:47:08.625223+00:00,200,3391.57,
2026-09-11T01:46:59.968968+00:00,200,12050.04,
2026-09-11T01:47:03.956170+00:00,200,8063.84,
2026-09-11T01:46:59.517202+00:00,200,12510.59,
2026-09-11T01:47:10.866659+00:00,200,1186.50,
2026-09-11T01:47:09.384608+00:00,200,2664.16,
2026-09-11T01:47:10.788034+00:00,200,1289.75,
2026-09-11T01:47:04.273360+00:00,200,7812.53,
2026-09-11T01:46:56.683407+00:00,200,15411.58,
2026-09-11T01:46:59.927962+00:00,200,12166.62,
2026-09-11T01:47:07.296388+00:00,200,4788.08,
2026-09-11T01:46:56.388649+00:00,200,15710.63,
2026-09-11T01:47:04.056537+00:00,200,8041.92,
2026-09-11T01:47:03.723768+00:00,200,8375.77,
2026-09-11T01:47:09.759343+00:00,200,2343.39,
2026-09-11T01:47:07.090134+00:00,200,5018.47,
2026-09-11T01:47:08.070511+00:00,200,4038.28,
2026-09-11T01:46:51.307040+00:00,200,20815.69,
2026-09-11T01:46:48.469290+00:00,200,23673.38,
2026-09-11T01:47:07.566636+00:00,200,4590.28,
2026-09-11T01:47:04.762320+00:00,200,7417.93,
2026-09-11T01:47:06.361450+00:00,200,5845.51,
2026-09-11T01:47:11.003763+00:00,200,1216.39,
2026-09-11T01:47:08.849305+00:00,200,3369.85,
2026-09-11T01:46:50.998597+00:00,200,21234.63,
2026-09-11T01:47:12.052890+00:00,200,185.26,
2026-09-11T01:47:06.859563+00:00,200,5387.25,
2026-09-11T01:47:05.129944+00:00,200,7112.63,
2026-09-11T01:46:59.083032+00:00,200,13172.83,
2026-09-11T01:47:03.439555+00:00,200,8813.56,
2026-09-11T01:46:58.169075+00:00,200,14092.74,
2026-09-11T01:46:51.710519+00:00,200,20554.51,
2026-09-11T01:46:59.275337+00:00,200,12988.59,
2026-09-11T01:46:55.236469+00:00,200,17030.90,
2026-09-11T01:47:02.366557+00:00,200,9900.88,
2026-09-11T01:46:58.748499+00:00,200,13509.88,
2026-09-11T01:47:05.805139+00:00,200,6463.64,
2026-09-11T01:47:06.322194+00:00,200,5966.70,
2026-09-11T01:47:03.830534+00:00,200,8454.84,
2026-09-11T01:47:10.465645+00:00,200,1830.58,
2026-09-11T01:47:11.511929+00:00,200,787.02,
2026-09-11T01:46:55.320689+00:00,200,16983.44,
2026-09-11T01:47:06.618357+00:00,200,5689.60,
2026-09-11T01:46:54.500279+00:00,200,17837.65,
2026-09-11T01:47:03.439555+00:00,200,8900.75,
2026-09-11T01:46:48.350220+00:00,200,23994.46,
2026-09-11T01:47:12.187646+00:00,200,171.95,
2026-09-11T01:47:10.484041+00:00,200,1877.50,
2026-09-11T01:46:59.554410+00:00,200,12812.33,
2026-09-11T01:47:10.208590+00:00,200,2169.42,
2026-09-11T01:46:58.426881+00:00,200,13954.15,
2026-09-11T01:47:02.552969+00:00,200,9835.91,
2026-09-11T01:47:11.419503+00:00,200,977.27,
2026-09-11T01:47:09.619648+00:00,200,2798.20,
2026-09-11T01:47:04.858953+00:00,200,7556.45,
2026-09-11T01:46:57.910547+00:00,200,14527.96,
2026-09-11T01:47:03.529768+00:00,200,8920.97,
2026-09-11T01:47:07.075178+00:00,200,5384.19,
2026-09-11T01:47:06.052493+00:00,200,6416.43,
2026-09-11T01:47:10.329344+00:00,200,2145.66,
2026-09-11T01:47:01.250828+00:00,200,11239.15,
2026-09-11T01:47:07.602388+00:00,200,4924.22,
2026-09-11T01:46:50.940110+00:00,200,21600.31,
2026-09-11T01:46:52.398579+00:00,200,20162.33,
2026-09-11T01:47:08.741925+00:00,200,3822.51,
2026-09-11T01:47:10.156133+00:00,200,2466.97,
2026-09-11T01:47:02.378151+00:00,200,10290.76,
2026-09-11T01:47:12.262231+00:00,200,417.47,
2026-09-11T01:47:04.832205+00:00,200,7845.83,
2026-09-11T01:46:54.722592+00:00,200,17969.51,
2026-09-11T01:47:05.369089+00:00,200,7325.60,
2026-09-11T01:47:06.817506+00:00,200,5873.87,
2026-09-11T01:47:03.041578+00:00,200,9658.28,
2026-09-11T01:47:11.523653+00:00,200,1193.20,
2026-09-11T01:47:09.533692+00:00,200,3186.48,
2026-09-11T01:47:00.791916+00:00,200,11935.58,
2026-09-11T01:47:10.230229+00:00,200,2508.32,
2026-09-11T01:47:09.837336+00:00,200,2908.42,
2026-09-11T01:47:07.325511+00:00,200,5438.74,
2026-09-11T01:47:06.709220+00:00,200,6101.45,
2026-09-11T01:46:51.248323+00:00,200,21569.14,
2026-09-11T01:47:12.623717+00:00,200,230.93,
2026-09-11T01:47:09.273588+00:00,200,3585.86,
2026-09-11T01:47:06.608908+00:00,200,6269.48,
2026-09-11T01:46:59.007845+00:00,200,13878.02,
2026-09-11T01:47:10.839949+00:00,200,2069.24,
2026-09-11T01:47:09.071112+00:00,200,3853.43,
2026-09-11T01:47:12.725327+00:00,200,202.01,
2026-09-11T01:47:09.702467+00:00,200,3226.85,
2026-09-11T01:47:02.298522+00:00,200,10637.81,
2026-09-11T01:47:12.270262+00:00,200,673.51,
2026-09-11T01:47:09.008708+00:00,200,3945.64,
2026-09-11T01:46:53.127236+00:00,200,19866.36,
2026-09-11T01:46:44.861187+00:00,200,28149.87,
2026-09-11T01:47:08.984309+00:00,200,4028.15,
2026-09-11T01:47:08.491945+00:00,200,4523.51,
2026-09-11T01:47:10.724590+00:00,200,2297.22,
2026-09-11T01:47:11.167422+00:00,200,1859.77,
2026-09-11T01:47:06.883522+00:00,200,6165.49,
2026-09-11T01:46:53.660891+00:00,200,19400.18,
2026-09-11T01:47:01.453603+00:00,200,11611.18,
2026-09-11T01:46:59.837995+00:00,200,13229.71,
2026-09-11T01:47:10.528465+00:00,200,2568.78,
2026-09-11T01:47:03.180398+00:00,200,9953.71,
2026-09-11T01:46:56.775306+00:00,200,16364.46,
2026-09-11T01:47:10.601674+00:00,200,2551.22,
2026-09-11T01:46:40.652941+00:00,200,32527.74,
2026-09-11T01:47:09.778354+00:00,200,3408.24,
2026-09-11T01:46:46.704263+00:00,200,26478.13,
2026-09-11T01:47:11.467073+00:00,200,1731.53,
2026-09-11T01:47:10.740709+00:00,200,2496.04,
2026-09-11T01:47:09.141033+00:00,200,4106.52,
2026-09-11T01:47:12.268256+00:00,200,987.20,
2026-09-11T01:47:08.341901+00:00,200,4916.44,
2026-09-11T01:47:01.438618+00:00,200,11831.79,
2026-09-11T01:47:06.960010+00:00,200,6343.72,
2026-09-11T01:46:56.508756+00:00,200,16808.15,
2026-09-11T01:47:06.052493+00:00,200,7269.91,
2026-09-11T01:47:08.935728+00:00,200,4390.32,
2026-09-11T01:47:13.133593+00:00,200,214.79,
2026-09-11T01:46:58.236237+00:00,200,15121.88,
2026-09-11T01:46:53.001248+00:00,200,20361.87,
2026-09-11T01:47:13.121720+00:00,200,243.73,
2026-09-11T01:47:09.482748+00:00,200,3880.57,
2026-09-11T01:47:07.169689+00:00,200,6207.27,
2026-09-11T01:47:08.667142+00:00,200,4707.66,
2026-09-11T01:46:50.499270+00:00,200,22894.42,
2026-09-11T01:46:57.763688+00:00,200,15638.19,
2026-09-11T01:46:59.537837+00:00,200,13880.79,
2026-09-11T01:47:06.135477+00:00,200,7294.97,
2026-09-11T01:47:08.262213+00:00,200,5176.22,
2026-09-11T01:47:04.067298+00:00,200,9394.25,
2026-09-11T01:47:02.007499+00:00,200,11470.05,
2026-09-11T01:47:11.864240+00:00,200,1619.58,
2026-09-11T01:47:12.159256+00:00,200,1353.22,
2026-09-11T01:47:04.219499+00:00,200,9325.76,
2026-09-11T01:46:55.557273+00:00,200,17995.74,
2026-09-11T01:47:10.650223+00:00,200,2903.07,
2026-09-11T01:47:06.283922+00:00,200,7273.31,
2026-09-11T01:47:04.321996+00:00,200,9243.34,
2026-09-11T01:47:10.512627+00:00,200,3070.08,
2026-09-11T01:47:05.491522+00:00,200,8131.18,
2026-09-11T01:47:12.061920+00:00,200,1582.30,
2026-09-11T01:47:10.921846+00:00,200,2725.29,
2026-09-11T01:46:47.415799+00:00,200,26230.83,
2026-09-11T01:46:52.612516+00:00,200,21041.32,
2026-09-11T01:46:59.592022+00:00,200,14062.14,
2026-09-11T01:47:11.027150+00:00,200,2634.78,
2026-09-11T01:46:56.925334+00:00,200,16741.42,
2026-09-11T01:46:54.787975+00:00,200,18886.65,
2026-09-11T01:47:11.873706+00:00,200,1861.10,
2026-09-11T01:46:56.324659+00:00,200,17412.24,
2026-09-11T01:47:00.712836+00:00,200,13036.18,
2026-09-11T01:46:58.149132+00:00,200,15600.45,
2026-09-11T01:47:12.020908+00:00,200,1746.43,
2026-09-11T01:47:07.582023+00:00,200,6218.92,
2026-09-11T01:47:09.403272+00:00,200,4403.95,
2026-09-11T01:47:10.094853+00:00,200,3724.79,
2026-09-11T01:47:12.361887+00:00,200,1462.51,
2026-09-11T01:47:10.016491+00:00,200,3834.16,
2026-09-11T01:47:08.217412+00:00,200,5632.93,
2026-09-11T01:47:04.762320+00:00,200,9114.72,
2026-09-11T01:47:13.293912+00:00,200,576.44,
2026-09-11T01:47:10.548973+00:00,200,3365.37,
2026-09-11T01:47:11.941642+00:00,200,1974.23,
2026-09-11T01:47:13.380417+00:00,200,540.25,
2026-09-11T01:46:57.968359+00:00,200,15956.62,
2026-09-11T01:47:13.236878+00:00,200,703.05,
2026-09-11T01:47:12.092131+00:00,200,1846.52,
2026-09-11T01:47:03.180398+00:00,200,10802.66,
2026-09-11T01:47:10.971975+00:00,200,3018.63,
2026-09-11T01:47:09.914663+00:00,200,4083.92,
2026-09-11T01:46:53.791134+00:00,200,20204.70,
2026-09-11T01:47:06.801511+00:00,200,7209.62,
2026-09-11T01:47:05.952750+00:00,200,8078.61,
2026-09-11T01:47:12.994579+00:00,200,1038.42,
2026-09-11T01:46:49.403655+00:00,200,24645.08,
2026-09-11T01:46:59.654933+00:00,200,14419.95,
2026-09-11T01:46:56.758547+00:00,200,17331.80,
2026-09-11T01:46:52.086415+00:00,200,22019.15,
2026-09-11T01:46:31.703246+00:00,200,42409.40,
2026-09-11T01:47:10.664064+00:00,200,3455.69,
2026-09-11T01:46:58.899152+00:00,200,15250.41,
2026-09-11T01:47:12.378520+00:00,200,1810.47,
2026-09-11T01:47:06.776530+00:00,200,7419.25,
2026-09-11T01:47:00.206997+00:00,200,13992.79,
2026-09-11T01:47:08.279533+00:00,200,5927.47,
2026-09-11T01:47:13.615078+00:00,200,589.15,
2026-09-11T01:47:03.607893+00:00,200,10607.02,
2026-09-11T01:46:58.577442+00:00,200,15650.76,
2026-09-11T01:46:38.016745+00:00,200,36232.77,
2026-09-11T01:47:11.936659+00:00,200,2322.03,
2026-09-11T01:47:07.726131+00:00,200,6552.71,
2026-09-11T01:47:11.142367+00:00,200,3149.86,
2026-09-11T01:46:56.341730+00:00,200,17961.41,
2026-09-11T01:47:11.088593+00:00,200,3219.17,
2026-09-11T01:47:07.329119+00:00,200,6975.43,
2026-09-11T01:47:13.357994+00:00,200,955.42,
2026-09-11T01:47:12.852739+00:00,200,1498.50,
2026-09-11T01:47:12.678206+00:00,200,1674.74,
2026-09-11T01:47:07.001051+00:00,200,7355.25,
2026-09-11T01:47:10.594199+00:00,200,3776.12,
2026-09-11T01:47:10.888803+00:00,200,3500.36,
2026-09-11T01:47:07.726131+00:00,200,6660.23,
2026-09-11T01:47:06.300617+00:00,200,8106.06,
2026-09-11T01:47:08.700219+00:00,200,5709.67,
2026-09-11T01:46:55.014179+00:00,200,19415.26,
2026-09-11T01:47:09.018050+00:00,200,5429.16,
2026-09-11T01:47:11.419503+00:00,200,3030.01,
2026-09-11T01:47:00.796402+00:00,200,13673.67,
2026-09-11T01:46:55.388512+00:00,200,19090.23,
2026-09-11T01:47:10.724590+00:00,200,3770.25,
2026-09-11T01:46:52.219705+00:00,200,22332.30,
2026-09-11T01:47:06.947779+00:00,200,7617.96,
2026-09-11T01:47:09.708468+00:00,200,4860.83,
2026-09-11T01:47:01.845933+00:00,200,12737.85,
2026-09-11T01:47:00.552760+00:00,200,14027.29,
2026-09-11T01:47:11.602947+00:00,200,2988.01,
2026-09-11T01:47:07.869140+00:00,200,6721.26,
2026-09-11T01:47:13.357994+00:00,200,1268.82,
2026-09-11T01:47:01.630966+00:00,200,13044.52,
2026-09-11T01:47:01.658515+00:00,200,13026.82,
2026-09-11T01:46:55.959022+00:00,200,18742.78,
2026-09-11T01:47:11.140415+00:00,200,3583.85,
2026-09-11T01:47:02.328003+00:00,200,12398.88,
2026-09-11T01:47:12.852739+00:00,200,1874.26,
2026-09-11T01:46:56.775306+00:00,200,17953.36,
2026-09-11T01:46:56.071306+00:00,200,18662.61,
2026-09-11T01:47:08.957129+00:00,200,5784.72,
2026-09-11T01:46:51.932561+00:00,200,22843.21,
2026-09-11T01:47:09.893028+00:00,200,4902.58,
2026-09-11T01:47:09.469707+00:00,200,5333.53,
2026-09-11T01:47:05.692887+00:00,200,9138.72,
2026-09-11T01:47:02.513707+00:00,200,12330.16,
2026-09-11T01:46:54.819179+00:00,200,20021.51,
2026-09-11T01:46:54.510715+00:00,200,20339.78,
2026-09-11T01:47:10.750040+00:00,200,4105.67,
2026-09-11T01:47:08.166529+00:00,200,6720.71,
2026-09-11T01:47:01.138407+00:00,200,13754.91,
2026-09-11T01:47:13.644117+00:00,200,1256.37,
2026-09-11T01:46:55.502466+00:00,200,19405.62,
2026-09-11T01:47:02.016359+00:00,200,12901.10,
2026-09-11T01:47:14.676634+00:00,200,242.43,
2026-09-11T01:46:59.886174+00:00,200,15036.17,
2026-09-11T01:47:03.849108+00:00,200,11088.14,
2026-09-11T01:47:13.010435+00:00,200,1965.86,
2026-09-11T01:47:09.427028+00:00,200,5557.04,
2026-09-11T01:47:10.839949+00:00,200,4147.75,
2026-09-11T01:47:14.775576+00:00,200,222.24,
2026-09-11T01:47:12.343823+00:00,200,2672.65,
2026-09-11T01:47:12.107010+00:00,200,2923.85,
2026-09-11T01:47:07.281254+00:00,200,7751.31,
2026-09-11T01:46:48.604719+00:00,200,26453.07,
2026-09-11T01:46:51.501376+00:00,200,23572.20,
2026-09-11T01:47:00.392852+00:00,200,14681.77,
2026-09-11T01:47:02.614058+00:00,200,12468.99,
2026-09-11T01:47:14.889883+00:00,200,193.89,
2026-09-11T01:46:57.142675+00:00,200,17990.94,
2026-09-11T01:47:04.891842+00:00,200,10237.44,
2026-09-11T01:47:08.062202+00:00,200,7089.70,
2026-09-11T01:46:41.114236+00:00,200,34041.87,
2026-09-11T01:47:03.009334+00:00,200,12155.55,
2026-09-11T01:47:09.903453+00:00,200,5278.99,
2026-09-11T01:46:53.474477+00:00,200,21729.47,
2026-09-11T01:47:03.369749+00:00,200,11844.18,
2026-09-11T01:46:53.806582+00:00,200,21413.62,
2026-09-11T01:47:11.304445+00:00,200,3920.13,
2026-09-11T01:47:04.652264+00:00,200,10571.62,
2026-09-11T01:47:13.739344+00:00,200,1506.35,
2026-09-11T01:46:54.173730+00:00,200,21087.95,
2026-09-11T01:47:04.957443+00:00,200,10305.93,
2026-09-11T01:46:58.803568+00:00,200,16460.46,
2026-09-11T01:46:57.526886+00:00,200,17742.32,
2026-09-11T01:47:07.914772+00:00,200,7378.42,
2026-09-11T01:47:01.686639+00:00,200,13611.04,
2026-09-11T01:47:12.146605+00:00,200,3163.96,
2026-09-11T01:47:05.275489+00:00,200,10055.49,
2026-09-11T01:47:08.485495+00:00,200,6894.62,
2026-09-11T01:46:45.865705+00:00,200,29530.92,
2026-09-11T01:47:10.551539+00:00,200,4858.52,
2026-09-11T01:46:57.717218+00:00,200,17687.05,
2026-09-11T01:47:05.181499+00:00,200,10249.89,
2026-09-11T01:46:55.835193+00:00,200,19636.19,
2026-09-11T01:47:10.414741+00:00,200,5069.68,
2026-09-11T01:47:08.797568+00:00,200,6697.38,
2026-09-11T01:47:12.266243+00:00,200,3237.16,
2026-09-11T01:47:11.499184+00:00,200,4008.73,
2026-09-11T01:46:49.543070+00:00,200,26026.36,
2026-09-11T01:47:08.675252+00:00,200,6891.10,
2026-09-11T01:47:00.172318+00:00,200,15397.64,
2026-09-11T01:47:13.915507+00:00,200,1656.78,
2026-09-11T01:47:05.759707+00:00,200,9824.10,
2026-09-11T01:46:53.365511+00:00,200,22226.92,
2026-09-11T01:47:04.040142+00:00,200,11558.51,
2026-09-11T01:47:07.802647+00:00,200,7812.60,
2026-09-11T01:47:09.482748+00:00,200,6164.26,
2026-09-11T01:47:10.409722+00:00,200,5243.18,
2026-09-11T01:47:14.105790+00:00,200,1545.52,
2026-09-11T01:47:13.032794+00:00,200,2624.14,
2026-09-11T01:47:13.946255+00:00,200,1715.84,
2026-09-11T01:47:15.464234+00:00,200,197.82,
2026-09-11T01:47:04.417716+00:00,200,11260.38,
2026-09-11T01:47:07.392281+00:00,200,8292.71,
2026-09-11T01:47:12.298213+00:00,200,3417.94,
2026-09-11T01:46:55.517440+00:00,200,20205.31,
2026-09-11T01:47:05.425617+00:00,200,10305.49,
2026-09-11T01:47:04.100639+00:00,200,11664.27,
2026-09-11T01:47:14.702182+00:00,200,1068.03,
2026-09-11T01:47:15.568142+00:00,200,205.52,
2026-09-11T01:47:14.258841+00:00,200,1538.94,
2026-09-11T01:47:07.582023+00:00,200,8231.38,
2026-09-11T01:47:10.089365+00:00,200,5766.27,
2026-09-11T01:46:56.249984+00:00,200,19616.30,
2026-09-11T01:47:05.181499+00:00,200,10685.42,
2026-09-11T01:46:53.950300+00:00,200,21931.11,
2026-09-11T01:46:58.275636+00:00,200,17605.47,
2026-09-11T01:46:58.256093+00:00,200,17615.44,
2026-09-11T01:47:02.546937+00:00,200,13369.82,
2026-09-11T01:47:07.502763+00:00,200,8405.35,
2026-09-11T01:47:15.723969+00:00,200,208.51,
2026-09-11T01:47:13.915507+00:00,200,2016.71,
2026-09-11T01:47:04.056537+00:00,200,11884.64,
2026-09-11T01:46:36.915965+00:00,200,39041.78,
2026-09-11T01:47:11.475409+00:00,200,4484.82,
2026-09-11T01:47:08.613214+00:00,200,7363.43,
2026-09-11T01:47:03.600571+00:00,200,12372.13,
2026-09-11T01:47:05.750181+00:00,200,10243.56,
2026-09-11T01:47:02.441614+00:00,200,13563.47,
2026-09-11T01:47:14.233501+00:00,200,1791.64,
2026-09-11T01:46:55.293204+00:00,200,20729.47,
2026-09-11T01:47:14.738870+00:00,200,1290.94,
2026-09-11T01:47:12.122599+00:00,200,3922.68,
2026-09-11T01:47:09.403272+00:00,200,6652.12,
2026-09-11T01:47:11.214324+00:00,200,4868.58,
2026-09-11T01:46:54.189601+00:00,200,21891.36,
2026-09-11T01:47:04.832205+00:00,200,11250.35,
2026-09-11T01:47:10.107491+00:00,200,6000.80,
2026-09-11T01:46:59.975524+00:00,200,16133.61,
2026-09-11T01:47:02.517671+00:00,200,13602.24,
2026-09-11T01:46:57.685121+00:00,200,18448.11,
2026-09-11T01:47:15.915321+00:00,200,239.56,
2026-09-11T01:47:10.835932+00:00,200,5359.81,
2026-09-11T01:47:13.373677+00:00,200,2830.25,
2026-09-11T01:47:09.796896+00:00,200,6465.25,
2026-09-11T01:47:03.746648+00:00,200,12527.14,
2026-09-11T01:47:12.418311+00:00,200,3857.65,
2026-09-11T01:47:10.351862+00:00,200,5928.47,
2026-09-11T01:47:05.425617+00:00,200,10857.46,
2026-09-11T01:47:10.959372+00:00,200,5334.25,
2026-09-11T01:47:10.218804+00:00,200,6081.64,
2026-09-11T01:47:08.205414+00:00,200,8097.07,
2026-09-11T01:47:04.635299+00:00,200,11685.61,
2026-09-11T01:47:04.321996+00:00,200,12008.61,
2026-09-11T01:47:02.056501+00:00,200,14296.51,
2026-09-11T01:47:10.885804+00:00,200,5477.99,
2026-09-11T01:47:13.475940+00:00,200,2893.86,
2026-09-11T01:46:32.750028+00:00,200,43629.26,
2026-09-11T01:47:09.529497+00:00,200,6852.40,
2026-09-11T01:46:55.621396+00:00,200,20770.80,
2026-09-11T01:46:58.148628+00:00,200,18248.08,
2026-09-11T01:47:07.020492+00:00,200,9380.87,
2026-09-11T01:47:10.839949+00:00,200,5568.05,
2026-09-11T01:47:15.572197+00:00,200,844.58,
2026-09-11T01:46:53.013261+00:00,200,23424.54,
2026-09-11T01:47:07.973763+00:00,200,8480.70,
2026-09-11T01:47:10.901508+00:00,200,5609.27,
2026-09-11T01:47:14.105790+00:00,200,2433.03,
2026-09-11T01:47:09.233549+00:00,200,7331.93,
2026-09-11T01:46:51.945716+00:00,200,24622.07,
2026-09-11T01:46:50.065709+00:00,200,26494.90,
2026-09-11T01:47:11.405540+00:00,200,5179.17,
2026-09-11T01:47:07.676588+00:00,200,8903.60,
2026-09-11T01:47:10.316938+00:00,200,6277.39,
2026-09-11T01:47:09.134408+00:00,200,7461.80,
2026-09-11T01:47:15.127502+00:00,200,1463.39,
2026-09-11T01:46:55.157951+00:00,200,21447.27,
2026-09-11T01:47:14.984044+00:00,200,1623.72,
2026-09-11T01:46:59.333576+00:00,200,17281.12,
2026-09-11T01:47:10.232336+00:00,200,6396.77,
2026-09-11T01:47:14.727112+00:00,200,1905.21,
2026-09-11T01:47:09.731002+00:00,200,6916.90,
2026-09-11T01:47:03.909417+00:00,200,12744.72,
2026-09-11T01:46:57.325045+00:00,200,19334.97,
2026-09-11T01:47:07.146899+00:00,200,9543.49,
2026-09-11T01:47:09.647284+00:00,200,7047.23,
2026-09-11T01:47:16.445270+00:00,200,246.12,
2026-09-11T01:47:10.492383+00:00,200,6253.39,
2026-09-11T01:47:14.292202+00:00,200,2458.69,
2026-09-11T01:47:16.512278+00:00,200,254.54,
2026-09-11T01:47:04.141952+00:00,200,12624.07,
2026-09-11T01:47:14.727112+00:00,200,2106.12,
2026-09-11T01:47:07.329119+00:00,200,9512.70,
2026-09-11T01:46:58.113827+00:00,200,18720.15,
2026-09-11T01:47:15.222827+00:00,200,1631.39,
2026-09-11T01:47:10.476902+00:00,200,6380.75,
2026-09-11T01:47:14.889883+00:00,200,1962.63,
2026-09-11T01:47:09.010069+00:00,200,7887.14,
2026-09-11T01:46:57.208417+00:00,200,19718.38,
2026-09-11T01:47:11.920728+00:00,200,5007.30,
2026-09-11T01:47:00.420086+00:00,200,16513.93,
2026-09-11T01:46:55.891864+00:00,200,21049.78,
2026-09-11T01:47:13.469428+00:00,200,3477.69,
2026-09-11T01:47:11.544296+00:00,200,5409.92,
2026-09-11T01:46:50.524285+00:00,200,26432.48,
2026-09-11T01:47:12.743483+00:00,200,4223.96,
2026-09-11T01:46:53.289854+00:00,200,23689.07,
2026-09-11T01:47:12.073703+00:00,200,4923.78,
2026-09-11T01:47:14.308163+00:00,200,2700.48,
2026-09-11T01:47:04.417716+00:00,200,12594.23,
2026-09-11T01:47:00.181948+00:00,200,16845.61,
2026-09-11T01:47:06.834750+00:00,200,10217.37,
2026-09-11T01:47:10.700553+00:00,200,6354.84,
2026-09-11T01:47:10.037712+00:00,200,7027.85,
2026-09-11T01:47:11.375248+00:00,200,5695.22,
2026-09-11T01:47:13.320547+00:00,200,3781.69,
2026-09-11T01:47:06.033944+00:00,200,11078.37,
2026-09-11T01:47:16.920378+00:00,200,188.96,
2026-09-11T01:47:07.070339+00:00,200,10076.57,
2026-09-11T01:47:07.386263+00:00,200,9763.30,
2026-09-11T01:47:12.678206+00:00,200,4475.60,
2026-09-11T01:46:55.675344+00:00,200,21482.12,
2026-09-11T01:46:51.789316+00:00,200,25361.03,
2026-09-11T01:47:14.292202+00:00,200,2875.22,
2026-09-11T01:47:07.576129+00:00,200,9590.41,
2026-09-11T01:47:00.496417+00:00,200,16674.15,
2026-09-11T01:47:07.933288+00:00,200,9250.42,
2026-09-11T01:47:16.984090+00:00,200,200.39,
2026-09-11T01:47:06.367891+00:00,200,10849.45,
2026-09-11T01:47:07.914772+00:00,200,9308.99,
2026-09-11T01:47:08.887435+00:00,200,8357.21,
2026-09-11T01:46:58.404454+00:00,200,18853.56,
2026-09-11T01:47:01.438618+00:00,200,15828.04,
2026-09-11T01:47:02.163421+00:00,200,15109.52,
2026-09-11T01:47:02.138937+00:00,200,15172.83,
2026-09-11T01:46:55.724381+00:00,200,21595.63,
2026-09-11T01:47:15.306414+00:00,200,2023.92,
2026-09-11T01:47:15.881259+00:00,200,1498.07,
2026-09-11T01:47:13.357994+00:00,200,4045.57,
2026-09-11T01:47:14.926223+00:00,200,2488.98,
2026-09-11T01:47:09.652752+00:00,200,7766.65,
2026-09-11T01:47:14.920393+00:00,200,2505.45,
2026-09-11T01:47:13.410426+00:00,200,4024.05,
2026-09-11T01:47:09.229520+00:00,200,8234.14,
2026-09-11T01:47:01.105262+00:00,200,16360.85,
2026-09-11T01:47:01.447944+00:00,200,16042.15,
2026-09-11T01:47:11.951912+00:00,200,5538.56,
2026-09-11T01:47:01.925757+00:00,200,15572.10,
2026-09-11T01:47:11.408711+00:00,200,6103.09,
2026-09-11T01:46:59.708160+00:00,200,17811.77,
2026-09-11T01:47:15.968316+00:00,200,1554.45,
2026-09-11T01:47:15.260609+00:00,200,2306.34,
2026-09-11T01:46:40.876086+00:00,200,36701.14,
2026-09-11T01:47:13.755197+00:00,200,3824.88,
2026-09-11T01:47:11.220996+00:00,200,6360.88,
2026-09-11T01:47:09.240590+00:00,200,8365.50,
2026-09-11T01:47:09.315164+00:00,200,8305.55,
2026-09-11T01:47:05.190983+00:00,200,12439.10,
2026-09-11T01:46:55.467715+00:00,200,22162.96,
2026-09-11T01:47:17.008042+00:00,200,627.85,
2026-09-11T01:47:16.003802+00:00,200,1639.93,
2026-09-11T01:47:05.333783+00:00,200,12318.33,
2026-09-11T01:46:54.518466+00:00,200,23144.33,
2026-09-11T01:47:06.390941+00:00,200,11274.72,
2026-09-11T01:47:13.152197+00:00,200,4518.52,
2026-09-11T01:46:57.734339+00:00,200,19964.90,
2026-09-11T01:47:15.270437+00:00,200,2426.96,
2026-09-11T01:46:44.829252+00:00,200,32871.65,
2026-09-11T01:46:59.337488+00:00,200,18385.49,
2026-09-11T01:47:06.960010+00:00,200,10766.55,
2026-09-11T01:47:00.879105+00:00,200,16855.47,
2026-09-11T01:46:52.683174+00:00,200,25097.45,
2026-09-11T01:47:06.458936+00:00,200,11325.01,
2026-09-11T01:47:14.858216+00:00,200,2956.98,
2026-09-11T01:47:05.659976+00:00,200,12160.27,
2026-09-11T01:47:07.269153+00:00,200,10559.54,
2026-09-11T01:47:05.826229+00:00,200,12031.68,
2026-09-11T01:47:13.185761+00:00,200,4668.22,
2026-09-11T01:47:13.010435+00:00,200,4854.27,
2026-09-11T01:47:14.304143+00:00,200,3566.99,
2026-09-11T01:47:15.260609+00:00,200,2611.02,
2026-09-11T01:47:09.427028+00:00,200,8454.79,
2026-09-11T01:47:14.577099+00:00,200,3314.54,
2026-09-11T01:47:09.912665+00:00,200,7981.43,
2026-09-11T01:47:08.210772+00:00,200,9685.11,
2026-09-11T01:47:15.295709+00:00,200,2602.75,
2026-09-11T01:46:59.107716+00:00,200,18793.07,
2026-09-11T01:47:13.653183+00:00,200,4252.50,
2026-09-11T01:47:02.990620+00:00,200,14921.96,
2026-09-11T01:47:17.725713+00:00,200,198.08,
2026-09-11T01:46:59.257087+00:00,200,18727.91,
2026-09-11T01:46:52.096371+00:00,200,25885.75,
2026-09-11T01:47:03.247936+00:00,200,14770.14,
2026-09-11T01:47:10.237891+00:00,200,7790.51,
2026-09-11T01:47:00.292635+00:00,200,17742.37,
2026-09-11T01:47:06.258973+00:00,200,11779.46,
2026-09-11T01:47:02.895333+00:00,200,15169.86,
2026-09-11T01:47:10.839949+00:00,200,7242.18,
2026-09-11T01:47:12.085341+00:00,200,6006.33,
2026-09-11T01:47:04.847873+00:00,200,13246.46,
2026-09-11T01:47:11.485053+00:00,200,6627.26,
2026-09-11T01:47:13.675838+00:00,200,4449.70,
2026-09-11T01:47:16.079990+00:00,200,2060.04,
2026-09-11T01:47:04.356490+00:00,200,13787.74,
2026-09-11T01:47:16.687687+00:00,200,1456.25,
2026-09-11T01:47:12.092131+00:00,200,6053.88,
2026-09-11T01:47:08.336341+00:00,200,9820.27,
2026-09-11T01:47:07.662423+00:00,200,10495.16,
2026-09-11T01:47:12.761102+00:00,200,5407.51,
2026-09-11T01:47:11.442127+00:00,200,6734.58,
2026-09-11T01:47:01.925757+00:00,200,16256.92,
2026-09-11T01:47:02.895333+00:00,200,15301.64,
2026-09-11T01:47:17.467434+00:00,200,742.39,
2026-09-11T01:47:00.109572+00:00,200,18104.02,
2026-09-11T01:46:49.466345+00:00,200,28759.88,
2026-09-11T01:47:09.905859+00:00,200,8360.32,
2026-09-11T01:47:16.381782+00:00,200,1879.37,
2026-09-11T01:47:05.742240+00:00,200,12534.96,
2026-09-11T01:47:17.518808+00:00,200,775.57,
2026-09-11T01:47:15.586301+00:00,200,2701.46,
2026-09-11T01:47:03.909417+00:00,200,14393.12,
2026-09-11T01:47:14.905098+00:00,200,3404.66,
2026-09-11T01:47:07.175556+00:00,200,11136.83,
2026-09-11T01:47:07.818352+00:00,200,10503.13,
2026-09-11T01:46:52.894971+00:00,200,25427.25,
2026-09-11T01:47:16.032700+00:00,200,2309.23,
2026-09-11T01:47:12.296020+00:00,200,6053.29,
2026-09-11T01:46:59.727834+00:00,200,18640.43,
2026-09-11T01:47:11.281210+00:00,200,7096.08,
2026-09-11T01:47:16.365787+00:00,200,2011.41,
2026-09-11T01:47:08.433569+00:00,200,9962.11,
2026-09-11T01:47:01.530731+00:00,200,16869.61,
2026-09-11T01:47:11.968568+00:00,200,6433.35,
2026-09-11T01:47:17.984164+00:00,200,424.58,
2026-09-11T01:47:15.507959+00:00,200,2904.67,
2026-09-11T01:47:18.265014+00:00,200,167.99,
2026-09-11T01:47:09.110747+00:00,200,9324.30,
2026-09-11T01:47:01.277115+00:00,200,17184.05,
2026-09-11T01:47:08.566917+00:00,200,9895.96,
2026-09-11T01:47:10.116361+00:00,200,8358.20,
2026-09-11T01:47:15.268930+00:00,200,3214.49,
2026-09-11T01:47:18.340632+00:00,200,149.04,
2026-09-11T01:47:16.841307+00:00,200,1656.04,
2026-09-11T01:47:01.438618+00:00,200,17086.80,
2026-09-11T01:47:14.154585+00:00,200,4381.41,
2026-09-11T01:47:04.151830+00:00,200,14389.05,
2026-09-11T01:47:12.431965+00:00,200,6109.33,
2026-09-11T01:47:08.903326+00:00,200,9648.10,
2026-09-11T01:47:06.373234+00:00,200,12187.00,
2026-09-11T01:47:02.339175+00:00,200,16224.34,
2026-09-11T01:47:17.094724+00:00,200,1460.97,
2026-09-11T01:47:07.582023+00:00,200,10990.48,
2026-09-11T01:47:14.449484+00:00,200,4134.13,
2026-09-11T01:47:14.688596+00:00,200,3922.11,
2026-09-11T01:47:11.800768+00:00,200,6815.67,
2026-09-11T01:47:14.352193+00:00,200,4271.83,
2026-09-11T01:47:12.217308+00:00,200,6428.16,
2026-09-11T01:47:05.063740+00:00,200,13579.32,
2026-09-11T01:46:58.290666+00:00,200,20386.91,
2026-09-11T01:46:59.148574+00:00,200,19539.32,
2026-09-11T01:46:58.290666+00:00,200,20395.26,
2026-09-11T01:46:55.828725+00:00,200,22875.29,
2026-09-11T01:47:16.111441+00:00,200,2614.11,
2026-09-11T01:47:11.818660+00:00,200,6924.37,
2026-09-11T01:47:15.339796+00:00,200,3402.69,
2026-09-11T01:47:04.571697+00:00,200,14179.35,
2026-09-11T01:47:16.920378+00:00,200,1837.26,
2026-09-11T01:47:09.770424+00:00,200,9002.50,
2026-09-11T01:47:11.679383+00:00,200,7099.26,
2026-09-11T01:47:16.301796+00:00,200,2474.00,
2026-09-11T01:47:02.056501+00:00,200,16728.19,
2026-09-11T01:47:13.185761+00:00,200,5606.18,
2026-09-11T01:47:16.857282+00:00,200,1986.28,
2026-09-11T01:47:01.191158+00:00,200,17685.70,
2026-09-11T01:46:55.844490+00:00,200,23031.96,
2026-09-11T01:46:48.432981+00:00,200,30464.52,
2026-09-11T01:46:58.200218+00:00,200,20701.61,
2026-09-11T01:47:10.518933+00:00,200,8387.31,
2026-09-11T01:47:09.871882+00:00,200,9036.47,
2026-09-11T01:47:16.633782+00:00,200,2282.73,
2026-09-11T01:46:51.109322+00:00,200,27812.61,
2026-09-11T01:47:06.567219+00:00,200,12368.97,
2026-09-11T01:47:09.829861+00:00,200,9117.13,
2026-09-11T01:47:18.213713+00:00,200,742.51,
2026-09-11T01:47:04.100639+00:00,200,14866.76,
2026-09-11T01:47:05.934273+00:00,200,13046.90,
2026-09-11T01:47:15.867384+00:00,200,3129.57,
2026-09-11T01:47:02.759936+00:00,200,16239.76,
2026-09-11T01:46:51.987313+00:00,200,27022.42,
2026-09-11T01:46:49.574692+00:00,200,29443.08,
2026-09-11T01:47:15.953572+00:00,200,3059.81,
2026-09-11T01:47:12.502717+00:00,200,6515.85,
2026-09-11T01:47:09.352601+00:00,200,9659.04,
2026-09-11T01:47:03.113891+00:00,200,15926.78,
2026-09-11T01:47:17.642441+00:00,200,1399.12,
2026-09-11T01:46:50.051324+00:00,200,28999.89,
2026-09-11T01:46:58.018774+00:00,200,21035.92,
2026-09-11T01:47:04.784241+00:00,200,14279.54,
2026-09-11T01:47:16.141154+00:00,200,2932.09,
2026-09-11T01:47:16.106831+00:00,200,2977.49,
2026-09-11T01:47:06.458936+00:00,200,12633.67,
2026-09-11T01:46:53.251255+00:00,200,25850.47,
2026-09-11T01:47:07.621241+00:00,200,11480.37,
2026-09-11T01:47:13.741670+00:00,200,5369.73,
2026-09-11T01:47:15.412255+00:00,200,3714.03,
2026-09-11T01:47:05.567278+00:00,200,13590.17,
2026-09-11T01:46:58.010053+00:00,200,21163.78,
2026-09-11T01:46:59.047234+00:00,200,20141.99,
2026-09-11T01:47:10.592660+00:00,200,8600.18,
2026-09-11T01:47:00.646191+00:00,200,18586.78,
2026-09-11T01:47:14.199337+00:00,200,5035.50,
2026-09-11T01:47:17.886208+00:00,200,1362.60,
2026-09-11T01:47:18.966160+00:00,200,304.31,
2026-09-11T01:47:17.859073+00:00,200,1420.93,
2026-09-11T01:47:14.844704+00:00,200,4446.80,
2026-09-11T01:47:14.088295+00:00,200,5200.01,
2026-09-11T01:47:01.516927+00:00,200,17802.87,
2026-09-11T01:47:09.653752+00:00,200,9677.06,
2026-09-11T01:47:10.470473+00:00,200,8864.71,
2026-09-11T01:46:49.235850+00:00,200,30099.02,
2026-09-11T01:47:17.592432+00:00,200,1765.03,
2026-09-11T01:47:07.392281+00:00,200,11979.48,
2026-09-11T01:47:15.175243+00:00,200,4205.49,
2026-09-11T01:46:57.732327+00:00,200,21658.12,
2026-09-11T01:47:15.052991+00:00,200,4345.87,
2026-09-11T01:47:15.380940+00:00,200,4033.91,
2026-09-11T01:47:02.724979+00:00,200,16694.17,
2026-09-11T01:47:19.074670+00:00,200,369.83,
2026-09-11T01:47:16.968203+00:00,200,2485.56,
2026-09-11T01:47:00.866970+00:00,200,18592.29,
2026-09-11T01:46:59.168045+00:00,200,20286.99,
2026-09-11T01:47:06.517212+00:00,200,12975.24,
2026-09-11T01:47:02.783857+00:00,200,16717.50,
2026-09-11T01:47:10.656514+00:00,200,8854.33,
2026-09-11T01:47:13.553576+00:00,200,5961.54,
2026-09-11T01:47:14.199337+00:00,200,5320.62,
2026-09-11T01:47:08.708755+00:00,200,10837.14,
2026-09-11T01:46:59.912653+00:00,200,19634.94,
2026-09-11T01:47:09.533692+00:00,200,10051.44,
2026-09-11T01:47:18.877622+00:00,200,724.00,
2026-09-11T01:47:10.597438+00:00,200,9014.57,
2026-09-11T01:47:16.381782+00:00,200,3222.01,
2026-09-11T01:47:11.533962+00:00,200,8085.73,
2026-09-11T01:47:09.552059+00:00,200,10074.60,
2026-09-11T01:47:03.940593+00:00,200,15693.39,
2026-09-11T01:47:16.254270+00:00,200,3375.16,
2026-09-11T01:47:18.705310+00:00,200,935.27,
2026-09-11T01:47:16.563465+00:00,200,3097.93,
2026-09-11T01:47:13.501370+00:00,200,6154.61,
2026-09-11T01:47:00.578786+00:00,200,19095.78,
2026-09-11T01:47:16.153960+00:00,200,3520.82,
2026-09-11T01:47:15.000060+00:00,200,4681.47,
2026-09-11T01:47:14.584344+00:00,200,5098.88,
2026-09-11T01:47:09.550054+00:00,200,10138.98,
2026-09-11T01:47:04.714373+00:00,200,14995.56,
2026-09-11T01:47:19.162969+00:00,200,560.09,
2026-09-11T01:47:11.198411+00:00,200,8553.00,
2026-09-11T01:46:45.576417+00:00,200,34194.40,
2026-09-11T01:47:07.347058+00:00,200,12420.58,
2026-09-11T01:47:18.755756+00:00,200,1030.46,
2026-09-11T01:47:10.724590+00:00,200,9066.09,
2026-09-11T01:47:17.154687+00:00,200,2643.80,
2026-09-11T01:47:10.536973+00:00,200,9285.76,
2026-09-11T01:47:01.149466+00:00,200,18679.02,
2026-09-11T01:47:18.036113+00:00,200,1792.91,
2026-09-11T01:47:01.767518+00:00,200,18062.57,
2026-09-11T01:47:07.378729+00:00,200,12475.63,
2026-09-11T01:47:14.654640+00:00,200,5218.82,
2026-09-11T01:46:59.325092+00:00,200,20548.62,
2026-09-11T01:46:59.366475+00:00,200,20528.19,
2026-09-11T01:46:53.691092+00:00,200,26217.10,
2026-09-11T01:47:19.237522+00:00,200,679.61,
2026-09-11T01:47:11.851076+00:00,200,8077.07,
2026-09-11T01:46:58.510757+00:00,200,21413.42,
2026-09-11T01:47:16.942290+00:00,200,2993.15,
2026-09-11T01:47:05.533387+00:00,200,14404.76,
2026-09-11T01:47:08.865308+00:00,200,11085.88,
2026-09-11T01:47:18.076255+00:00,200,1885.70,
2026-09-11T01:47:13.389784+00:00,200,6570.37,
2026-09-11T01:47:14.040367+00:00,200,5919.93,
2026-09-11T01:46:50.490989+00:00,200,29491.32,
2026-09-11T01:47:10.853586+00:00,200,9145.53,
2026-09-11T01:47:19.830191+00:00,200,177.23,
2026-09-11T01:47:17.322043+00:00,200,2719.71,
2026-09-11T01:47:18.608521+00:00,200,1434.99,
2026-09-11T01:47:14.584344+00:00,200,5455.82,
2026-09-11T01:47:14.922401+00:00,200,5134.01,
2026-09-11T01:47:11.148665+00:00,200,8918.94,
2026-09-11T01:47:12.874880+00:00,200,7193.46,
2026-09-11T01:47:01.759476+00:00,200,18329.33,
2026-09-11T01:47:17.409393+00:00,200,2679.98,
2026-09-11T01:47:14.008986+00:00,200,6110.42,
2026-09-11T01:47:17.054509+00:00,200,3090.51,
2026-09-11T01:46:56.166620+00:00,200,23984.09,
2026-09-11T01:47:19.444537+00:00,200,713.33,
2026-09-11T01:47:11.061457+00:00,200,9109.68,
2026-09-11T01:46:56.750043+00:00,200,23426.40,
2026-09-11T01:47:16.762166+00:00,200,3414.92,
2026-09-11T01:47:09.350029+00:00,200,10861.48,
2026-09-11T01:47:17.811600+00:00,200,2403.83,
2026-09-11T01:47:03.508011+00:00,200,16710.81,
2026-09-11T01:47:14.899334+00:00,200,5322.00,
2026-09-11T01:47:18.785700+00:00,200,1455.18,
2026-09-11T01:47:20.068609+00:00,200,180.11,
2026-09-11T01:47:16.381782+00:00,200,3869.37,
2026-09-11T01:47:01.365404+00:00,200,18907.50,
2026-09-11T01:46:52.654195+00:00,200,27633.67,
2026-09-11T01:47:15.865377+00:00,200,4429.27,
2026-09-11T01:46:55.594784+00:00,200,24705.20,
2026-09-11T01:47:16.666842+00:00,200,3637.94,
2026-09-11T01:47:13.246900+00:00,200,7075.45,
2026-09-11T01:47:14.283819+00:00,200,6041.90,
2026-09-11T01:47:00.292635+00:00,200,20043.85,
2026-09-11T01:47:12.092131+00:00,200,8270.03,
2026-09-11T01:47:00.616470+00:00,200,19762.92,
2026-09-11T01:47:11.175814+00:00,200,9214.47,
2026-09-11T01:47:04.373549+00:00,200,16019.16,
2026-09-11T01:47:19.840642+00:00,200,573.69,
2026-09-11T01:47:03.865460+00:00,200,16553.99,
2026-09-11T01:47:15.920446+00:00,200,4507.87,
2026-09-11T01:47:05.831232+00:00,200,14604.79,
2026-09-11T01:47:16.480780+00:00,200,3960.24,
2026-09-11T01:47:01.523797+00:00,200,18922.54,
2026-09-11T01:47:14.743365+00:00,200,5710.61,
2026-09-11T01:47:12.926374+00:00,200,7530.18,
2026-09-11T01:47:15.572197+00:00,200,4883.30,
2026-09-11T01:47:08.516900+00:00,200,11961.36,
2026-09-11T01:47:16.129225+00:00,200,4368.70,
2026-09-11T01:47:13.488025+00:00,200,7011.55,
2026-09-11T01:47:17.503659+00:00,200,3003.02,
2026-09-11T01:46:52.447000+00:00,200,28083.91,
2026-09-11T01:47:17.668754+00:00,200,2890.88,
2026-09-11T01:47:08.592199+00:00,200,11969.47,
2026-09-11T01:47:10.168850+00:00,200,10401.42,
2026-09-11T01:47:15.812079+00:00,200,4754.69,
2026-09-11T01:47:09.640204+00:00,200,10937.78,
2026-09-11T01:47:15.572197+00:00,200,5041.23,
2026-09-11T01:46:50.383804+00:00,200,30237.72,
2026-09-11T01:47:18.999847+00:00,200,1635.42,
2026-09-11T01:47:18.000766+00:00,200,2635.77,
2026-09-11T01:47:10.616829+00:00,200,10034.99,
2026-09-11T01:47:09.179129+00:00,200,11499.60,
2026-09-11T01:47:07.881578+00:00,200,12805.97,
2026-09-11T01:47:11.091598+00:00,200,9608.38,
2026-09-11T01:46:51.987313+00:00,200,28710.93,
2026-09-11T01:47:19.829191+00:00,200,880.40,
2026-09-11T01:46:55.974972+00:00,200,24746.48,
2026-09-11T01:47:18.485747+00:00,200,2233.61,
2026-09-11T01:47:10.612829+00:00,200,10130.63,
2026-09-11T01:47:03.041578+00:00,200,17707.33,
2026-09-11T01:47:10.134810+00:00,200,10617.64,
2026-09-11T01:47:17.830128+00:00,200,2939.38,
2026-09-11T01:47:16.968203+00:00,200,3801.08,
2026-09-11T01:47:19.127791+00:00,200,1708.35,
2026-09-11T01:47:09.542582+00:00,200,11301.34,
2026-09-11T01:47:19.853640+00:00,200,995.09,
2026-09-11T01:47:18.467947+00:00,200,2396.08,
2026-09-11T01:46:49.483490+00:00,200,31379.53,
2026-09-11T01:47:02.847618+00:00,200,18021.08,
2026-09-11T01:47:15.761306+00:00,200,5096.80,
2026-09-11T01:47:12.252197+00:00,200,8629.49,
2026-09-11T01:47:09.181840+00:00,200,11721.68,
2026-09-11T01:46:51.109322+00:00,200,29793.65,
2026-09-11T01:47:11.667109+00:00,200,9242.51,
2026-09-11T01:47:19.635887+00:00,200,1290.44,
2026-09-11T01:47:19.998331+00:00,200,934.94,
2026-09-11T01:47:08.291913+00:00,200,12658.75,
2026-09-11T01:47:07.360543+00:00,200,13598.59,
2026-09-11T01:47:15.968316+00:00,200,4982.75,
2026-09-11T01:47:19.793492+00:00,200,1174.83,
2026-09-11T01:47:18.277247+00:00,200,2698.55,
2026-09-11T01:47:14.367329+00:00,200,6627.75,
2026-09-11T01:47:05.383428+00:00,200,15617.16,
2026-09-11T01:47:19.319059+00:00,200,1687.21,
2026-09-11T01:47:13.138227+00:00,200,7865.73,
2026-09-11T01:46:39.273601+00:00,200,41741.85,
2026-09-11T01:47:06.883976+00:00,200,14163.31,
2026-09-11T01:47:10.639772+00:00,200,10426.90,
2026-09-11T01:47:00.197987+00:00,200,20903.63,
2026-09-11T01:47:20.091063+00:00,200,1018.73,
2026-09-11T01:47:19.038271+00:00,200,2092.58,
2026-09-11T01:47:17.779629+00:00,200,3355.36,
2026-09-11T01:46:57.050016+00:00,200,24088.42,
2026-09-11T01:47:08.062202+00:00,200,13088.84,
2026-09-11T01:47:08.294512+00:00,200,12861.99,
2026-09-11T01:47:05.275489+00:00,200,15891.70,
2026-09-11T01:47:19.665836+00:00,200,1504.58,
2026-09-11T01:47:01.994015+00:00,200,19172.49,
2026-09-11T01:47:12.584764+00:00,200,8594.30,
2026-09-11T01:47:19.455008+00:00,200,1737.89,
2026-09-11T01:47:08.625223+00:00,200,12572.32,
2026-09-11T01:47:14.592677+00:00,200,6609.03,
2026-09-11T01:47:19.532553+00:00,200,1673.97,
2026-09-11T01:47:19.934641+00:00,200,1322.03,
2026-09-11T01:47:09.719549+00:00,200,11546.67,
2026-09-11T01:46:56.577183+00:00,200,24690.53,
2026-09-11T01:47:03.977671+00:00,200,17292.22,
2026-09-11T01:47:14.794234+00:00,200,6486.89,
2026-09-11T01:47:18.543199+00:00,200,2746.81,
2026-09-11T01:47:04.561933+00:00,200,16736.84,
2026-09-11T01:47:11.767846+00:00,200,9559.75,
2026-09-11T01:47:17.062774+00:00,200,4265.88,
2026-09-11T01:47:20.650886+00:00,200,695.09,
2026-09-11T01:47:12.693734+00:00,200,8673.52,
2026-09-11T01:47:16.286738+00:00,200,5090.14,
2026-09-11T01:47:12.453782+00:00,200,8926.24,
2026-09-11T01:47:17.518808+00:00,200,3872.74,
2026-09-11T01:47:19.013675+00:00,200,2388.66,
2026-09-11T01:47:13.941870+00:00,200,7467.35,
2026-09-11T01:46:57.972608+00:00,200,23459.20,
2026-09-11T01:47:07.110559+00:00,200,14324.18,
2026-09-11T01:47:05.015885+00:00,200,16434.75,
2026-09-11T01:47:01.755436+00:00,200,19710.19,
2026-09-11T01:47:12.813697+00:00,200,8655.20,
2026-09-11T01:47:20.496578+00:00,200,974.18,
2026-09-11T01:47:00.414190+00:00,200,21056.65,
2026-09-11T01:47:02.550958+00:00,200,18925.36,
2026-09-11T01:47:00.039020+00:00,200,21444.96,
2026-09-11T01:47:17.198805+00:00,200,4296.65,
2026-09-11T01:47:21.328200+00:00,200,167.09,
2026-09-11T01:47:15.580869+00:00,200,5930.47,
2026-09-11T01:47:17.115622+00:00,200,4420.80,
2026-09-11T01:47:08.984309+00:00,200,12565.83,
2026-09-11T01:46:56.960433+00:00,200,24602.25,
2026-09-11T01:47:19.943092+00:00,200,1630.22,
2026-09-11T01:47:14.024622+00:00,200,7549.95,
2026-09-11T01:47:07.582023+00:00,200,14005.65,
2026-09-11T01:47:11.355480+00:00,200,10259.80,
2026-09-11T01:47:11.775389+00:00,200,9839.56,
2026-09-11T01:47:20.751798+00:00,200,873.53,
2026-09-11T01:47:19.785990+00:00,200,1842.89,
2026-09-11T01:47:18.907902+00:00,200,2729.66,
2026-09-11T01:47:15.085459+00:00,200,6564.61,
2026-09-11T01:47:08.416877+00:00,200,13241.52,
2026-09-11T01:47:14.936364+00:00,200,6729.25,
2026-09-11T01:47:17.625749+00:00,200,4048.15,
2026-09-11T01:47:04.497103+00:00,200,17219.09,
2026-09-11T01:47:04.968291+00:00,200,16755.85,
2026-09-11T01:47:20.036434+00:00,200,1698.24,
2026-09-11T01:47:12.092131+00:00,200,9650.48,
2026-09-11T01:46:58.924442+00:00,200,22826.97,
2026-09-11T01:47:15.946026+00:00,200,5816.23,
2026-09-11T01:47:10.210036+00:00,200,11559.17,
2026-09-11T01:47:14.492757+00:00,200,7292.47,
2026-09-11T01:47:20.507527+00:00,200,1307.40,
2026-09-11T01:47:12.693734+00:00,200,9126.10,
2026-09-11T01:47:20.459198+00:00,200,1387.68,
2026-09-11T01:47:18.155132+00:00,200,3695.09,
2026-09-11T01:47:09.273588+00:00,200,12572.29,
2026-09-11T01:46:58.720096+00:00,200,23136.18,
2026-09-11T01:47:02.552969+00:00,200,19334.38,
2026-09-11T01:47:10.611832+00:00,200,11297.96,
2026-09-11T01:47:20.870446+00:00,200,1045.05,
2026-09-11T01:47:21.732477+00:00,200,214.29,
2026-09-11T01:47:11.177216+00:00,200,10772.35,
2026-09-11T01:47:14.584344+00:00,200,7370.30,
2026-09-11T01:47:20.157794+00:00,200,1799.41,
2026-09-11T01:47:00.349996+00:00,200,21620.45,
2026-09-11T01:47:08.217412+00:00,200,13761.31,
2026-09-11T01:47:13.026550+00:00,200,8959.96,
2026-09-11T01:47:20.288385+00:00,200,1708.39,
2026-09-11T01:47:14.123326+00:00,200,7888.48,
2026-09-11T01:47:17.918781+00:00,200,4096.45,
2026-09-11T01:47:21.823061+00:00,200,195.71,
2026-09-11T01:47:11.258674+00:00,200,10810.55,
2026-09-11T01:47:21.906420+00:00,200,167.88,
2026-09-11T01:47:03.584805+00:00,200,18500.39,
2026-09-11T01:47:20.743354+00:00,200,1363.94,
2026-09-11T01:47:20.567541+00:00,200,1538.19,
2026-09-11T01:47:17.699950+00:00,200,4413.00,
2026-09-11T01:47:13.925011+00:00,200,8220.99,
2026-09-11T01:47:12.238563+00:00,200,9909.73,
2026-09-11T01:47:13.581258+00:00,200,8573.91,
2026-09-11T01:47:15.793341+00:00,200,6368.53,
2026-09-11T01:47:05.300102+00:00,200,16889.62,
2026-09-11T01:46:56.667302+00:00,200,25528.83,
2026-09-11T01:47:09.333126+00:00,200,12880.77,
2026-09-11T01:47:17.244749+00:00,200,4980.99,
2026-09-11T01:47:04.417716+00:00,200,17791.67,
2026-09-11T01:47:19.013675+00:00,200,3211.28,
2026-09-11T01:47:16.355816+00:00,200,5867.75,
2026-09-11T01:47:15.652929+00:00,200,6586.51,
2026-09-11T01:47:18.409712+00:00,200,3832.76,
2026-09-11T01:47:17.154687+00:00,200,5097.89,
2026-09-11T01:47:20.321723+00:00,200,1934.77,
2026-09-11T01:47:13.349288+00:00,200,8913.84,
2026-09-11T01:47:13.851765+00:00,200,8413.46,
2026-09-11T01:47:17.376344+00:00,200,4915.09,
2026-09-11T01:47:04.347391+00:00,200,17952.03,
2026-09-11T01:47:20.567541+00:00,200,1737.62,
2026-09-11T01:47:12.662478+00:00,200,9644.36,
2026-09-11T01:47:01.292523+00:00,200,21030.82,
2026-09-11T01:47:21.715568+00:00,200,626.06,
2026-09-11T01:47:12.268256+00:00,200,10079.55,
2026-09-11T01:47:14.072405+00:00,200,8308.97,
2026-09-11T01:47:19.640886+00:00,200,2747.94,
2026-09-11T01:47:06.558830+00:00,200,15839.94,
2026-09-11T01:47:06.326267+00:00,200,16077.86,
2026-09-11T01:46:52.723445+00:00,200,29691.42,
2026-09-11T01:47:05.833240+00:00,200,16590.97,
2026-09-11T01:47:20.300388+00:00,200,2152.86,
2026-09-11T01:47:00.543894+00:00,200,21915.80,
2026-09-11T01:47:14.731283+00:00,200,7741.78,
2026-09-11T01:47:18.617055+00:00,200,3862.65,
2026-09-11T01:47:16.317804+00:00,200,6158.76,
2026-09-11T01:47:15.881259+00:00,200,6630.04,
2026-09-11T01:47:12.950828+00:00,200,9588.37,
2026-09-11T01:47:01.119422+00:00,200,21424.49,
2026-09-11T01:47:12.537016+00:00,200,10023.65,
2026-09-11T01:47:08.939882+00:00,200,13636.76,
2026-09-11T01:47:04.497103+00:00,200,18096.22,
2026-09-11T01:46:41.303809+00:00,200,41298.82,
2026-09-11T01:47:10.692138+00:00,200,11924.56,
2026-09-11T01:47:02.483260+00:00,200,20150.05,
2026-09-11T01:47:21.432498+00:00,200,1214.42,
2026-09-11T01:47:18.908902+00:00,200,3736.98,
2026-09-11T01:46:56.588750+00:00,200,26071.54,
2026-09-11T01:47:08.967810+00:00,200,13703.44,
2026-09-11T01:47:18.982154+00:00,200,3690.25,
2026-09-11T01:47:21.196469+00:00,200,1474.02,
2026-09-11T01:47:08.768299+00:00,200,13909.24,
2026-09-11T01:47:22.338202+00:00,200,344.52,
2026-09-11T01:47:19.545315+00:00,200,3154.23,
2026-09-11T01:46:54.926637+00:00,200,27772.72,
2026-09-11T01:47:20.530253+00:00,200,2194.76,
2026-09-11T01:47:17.165610+00:00,200,5595.78,
2026-09-11T01:47:21.132840+00:00,200,1643.30,
2026-09-11T01:47:21.401179+00:00,200,1377.85,
2026-09-11T01:47:20.843384+00:00,200,1937.75,
2026-09-11T01:47:17.667179+00:00,200,5121.59,
2026-09-11T01:47:21.294259+00:00,200,1496.58,
2026-09-11T01:47:15.650271+00:00,200,7165.14,
2026-09-11T01:47:13.427732+00:00,200,9420.57,
2026-09-11T01:47:07.217695+00:00,200,15634.01,
2026-09-11T01:47:18.793427+00:00,200,4074.45,
2026-09-11T01:47:17.169130+00:00,200,5698.48,
2026-09-11T01:47:18.905902+00:00,200,3978.07,
2026-09-11T01:47:05.101225+00:00,200,17790.77,
2026-09-11T01:47:17.702504+00:00,200,5209.15,
2026-09-11T01:47:16.053716+00:00,200,6860.17,
2026-09-11T01:47:10.664064+00:00,200,12249.81,
2026-09-11T01:46:44.197370+00:00,200,38741.80,
2026-09-11T01:47:12.262231+00:00,200,10686.73,
2026-09-11T01:47:15.245523+00:00,200,7715.74,
2026-09-11T01:47:11.333266+00:00,200,11634.64,
2026-09-11T01:47:14.310173+00:00,200,8680.94,
2026-09-11T01:46:59.710507+00:00,200,23281.70,
2026-09-11T01:47:07.951850+00:00,200,15041.93,
2026-09-11T01:46:48.689757+00:00,200,34329.49,
2026-09-11T01:47:15.015950+00:00,200,8006.48,
2026-09-11T01:47:07.206747+00:00,200,15821.72,
2026-09-11T01:47:05.650117+00:00,200,17384.16,
2026-09-11T01:47:00.810480+00:00,200,22233.41,
2026-09-11T01:46:49.865252+00:00,200,33182.71,
2026-09-11T01:47:14.362086+00:00,200,8690.76,
2026-09-11T01:47:20.218653+00:00,200,2866.82,
2026-09-11T01:47:17.027891+00:00,200,6073.23,
2026-09-11T01:47:13.395507+00:00,200,9705.71,
2026-09-11T01:47:12.902001+00:00,200,10230.05,
2026-09-11T01:47:08.316899+00:00,200,14831.67,
2026-09-11T01:47:01.564646+00:00,200,21588.25,
2026-09-11T01:47:20.693626+00:00,200,2462.57,
2026-09-11T01:47:10.377365+00:00,200,12783.02,
2026-09-11T01:47:12.824315+00:00,200,10339.45,
2026-09-11T01:47:20.328852+00:00,200,2835.73,
2026-09-11T01:47:17.576814+00:00,200,5592.31,
2026-09-11T01:47:09.384608+00:00,200,13786.63,
2026-09-11T01:47:22.984717+00:00,200,183.77,
2026-09-11T01:47:22.349706+00:00,200,854.97,
2026-09-11T01:47:15.337788+00:00,200,7883.44,
2026-09-11T01:47:05.079785+00:00,200,18147.02,
2026-09-11T01:47:11.968568+00:00,200,11313.56,
2026-09-11T01:47:00.531242+00:00,200,22763.33,
2026-09-11T01:47:19.550570+00:00,200,3748.61,
2026-09-11T01:47:01.540800+00:00,200,21770.37,
2026-09-11T01:47:21.562985+00:00,200,1749.35,
2026-09-11T01:47:22.996495+00:00,200,319.41,
2026-09-11T01:47:21.196469+00:00,200,2119.55,
2026-09-11T01:46:53.299170+00:00,200,30024.98,
2026-09-11T01:47:07.195747+00:00,200,16138.81,
2026-09-11T01:47:12.092131+00:00,200,11262.04,
2026-09-11T01:47:08.792818+00:00,200,14575.13,
2026-09-11T01:47:10.985637+00:00,200,12413.66,
2026-09-11T01:46:42.653842+00:00,200,40750.68,
2026-09-11T01:47:08.709068+00:00,200,14707.72,
2026-09-11T01:47:21.733479+00:00,200,1721.09,
2026-09-11T01:47:21.168078+00:00,200,2289.91,
2026-09-11T01:47:04.132077+00:00,200,19332.25,
2026-09-11T01:47:23.293394+00:00,200,180.72,
2026-09-11T01:47:15.946026+00:00,200,7531.41,
2026-09-11T01:47:13.404803+00:00,200,10077.05,
2026-09-11T01:47:11.430118+00:00,200,12084.61,
2026-09-11T01:47:07.125396+00:00,200,16378.64,
2026-09-11T01:47:21.969531+00:00,200,1547.61,
2026-09-11T01:47:14.978385+00:00,200,8544.63,
2026-09-11T01:47:20.634253+00:00,200,2906.61,
2026-09-11T01:47:18.170751+00:00,200,5372.83,
2026-09-11T01:47:03.670779+00:00,200,19875.24,
2026-09-11T01:47:08.491945+00:00,200,15079.70,
2026-09-11T01:47:08.408607+00:00,200,15172.69,
2026-09-11T01:46:51.435436+00:00,200,32151.97,
2026-09-11T01:46:59.864349+00:00,200,23724.54,
2026-09-11T01:47:18.960137+00:00,200,4630.41,
2026-09-11T01:47:10.965188+00:00,200,12631.45,
2026-09-11T01:46:40.408862+00:00,200,43200.68,
2026-09-11T01:47:19.388872+00:00,200,4224.81,
2026-09-11T01:47:20.925852+00:00,200,2703.20,
2026-09-11T01:47:19.013675+00:00,200,4612.19,
2026-09-11T01:47:21.494217+00:00,200,2176.81,
2026-09-11T01:47:21.614949+00:00,200,2064.94,
2026-09-11T01:47:13.998117+00:00,200,9685.18,
2026-09-11T01:47:01.925757+00:00,200,21756.19,
2026-09-11T01:47:12.266243+00:00,200,11427.90,
2026-09-11T01:46:59.006494+00:00,200,24697.02,
2026-09-11T01:47:18.483739+00:00,200,5245.40,
2026-09-11T01:47:22.387291+00:00,200,1364.10,
2026-09-11T01:47:19.085056+00:00,200,4689.41,
2026-09-11T01:47:03.461107+00:00,200,20316.04,
2026-09-11T01:47:09.927045+00:00,200,13878.27,
2026-09-11T01:47:21.788980+00:00,200,2035.29,
2026-09-11T01:47:16.286738+00:00,200,7536.25,
2026-09-11T01:47:02.025137+00:00,200,21808.35,
2026-09-11T01:47:22.147328+00:00,200,1688.13,
2026-09-11T01:47:17.720053+00:00,200,6116.25,
2026-09-11T01:47:18.209828+00:00,200,5649.43,
2026-09-11T01:47:21.290555+00:00,200,2584.25,
2026-09-11T01:47:23.671997+00:00,200,206.39,
2026-09-11T01:47:18.544784+00:00,200,5338.46,
2026-09-11T01:47:12.439037+00:00,200,11456.49,
2026-09-11T01:47:03.734545+00:00,200,20167.64,
2026-09-11T01:47:11.626849+00:00,200,12279.43,
2026-09-11T01:47:18.288698+00:00,200,5619.45,
2026-09-11T01:46:51.769871+00:00,200,32169.08,
2026-09-11T01:47:14.625576+00:00,200,9323.85,
2026-09-11T01:47:09.294128+00:00,200,14655.83,
2026-09-11T01:47:01.119422+00:00,200,22837.07,
2026-09-11T01:47:13.866034+00:00,200,10094.16,
2026-09-11T01:47:21.391908+00:00,200,2579.26,
2026-09-11T01:47:06.292325+00:00,200,17696.08,
2026-09-11T01:47:20.901196+00:00,200,3101.33,
2026-09-11T01:46:53.204688+00:00,200,30799.91,
2026-09-11T01:47:13.058028+00:00,200,10946.52,
2026-09-11T01:47:19.637885+00:00,200,4387.30,
2026-09-11T01:47:12.298213+00:00,200,11725.72,
2026-09-11T01:47:18.877622+00:00,200,5151.51,
2026-09-11T01:47:14.024622+00:00,200,10022.12,
2026-09-11T01:47:05.143315+00:00,200,18929.22,
2026-09-11T01:47:23.614133+00:00,200,469.54,
2026-09-11T01:47:12.712742+00:00,200,11372.30,
2026-09-11T01:47:10.534359+00:00,200,13566.07,
2026-09-11T01:47:12.217308+00:00,200,11873.05,
2026-09-11T01:47:16.571217+00:00,200,7528.36,
2026-09-11T01:47:19.394372+00:00,200,4713.93,
2026-09-11T01:47:06.275659+00:00,200,17839.60,
2026-09-11T01:47:21.071719+00:00,200,3043.75,
2026-09-11T01:46:24.314584+00:00,200,59827.33,
2026-09-11T01:47:12.246090+00:00,200,11907.34,
2026-09-11T01:46:42.399888+00:00,200,41752.39,
2026-09-11T01:47:23.994044+00:00,200,179.93,
2026-09-11T01:47:18.146669+00:00,200,6031.16,
2026-09-11T01:47:19.751976+00:00,200,4432.37,
2026-09-11T01:47:19.723317+00:00,200,4469.10,
2026-09-11T01:47:17.617390+00:00,200,6587.35,
2026-09-11T01:47:21.004486+00:00,200,3204.38,
2026-09-11T01:47:14.408913+00:00,200,9809.29,
2026-09-11T01:47:21.359580+00:00,200,2859.45,
2026-09-11T01:47:16.942290+00:00,200,7279.49,
2026-09-11T01:47:22.401016+00:00,200,1835.65,
2026-09-11T01:46:59.886174+00:00,200,24362.74,
2026-09-11T01:47:09.597172+00:00,200,14664.58,
2026-09-11T01:47:11.920728+00:00,200,12348.92,
2026-09-11T01:47:20.095503+00:00,200,4177.60,
2026-09-11T01:47:22.107000+00:00,200,2177.76,
2026-09-11T01:46:58.431086+00:00,200,25860.05,
2026-09-11T01:46:59.249790+00:00,200,25037.73,
2026-09-11T01:47:24.153303+00:00,200,144.93,
2026-09-11T01:47:05.783888+00:00,200,18544.55,
2026-09-11T01:47:18.622662+00:00,200,5720.85,
2026-09-11T01:47:07.108548+00:00,200,17243.80,
2026-09-11T01:47:20.238652+00:00,200,4112.57,
2026-09-11T01:47:15.652929+00:00,200,8703.06,
2026-09-11T01:47:24.198920+00:00,200,165.21,
2026-09-11T01:46:55.562909+00:00,200,28826.01,
2026-09-11T01:47:08.821886+00:00,200,15580.14,
2026-09-11T01:47:21.826375+00:00,200,2582.24,
2026-09-11T01:47:24.246861+00:00,200,161.51,
2026-09-11T01:47:16.687687+00:00,200,7729.15,
2026-09-11T01:47:24.138088+00:00,200,285.43,
2026-09-11T01:47:23.151209+00:00,200,1279.72,
2026-09-11T01:47:16.563465+00:00,200,7889.33,
2026-09-11T01:47:15.032002+00:00,200,9441.79,
2026-09-11T01:47:21.246667+00:00,200,3231.37,
2026-09-11T01:47:14.722821+00:00,200,9756.13,
2026-09-11T01:47:15.681796+00:00,200,8801.42,
2026-09-11T01:47:18.193732+00:00,200,6292.19,
2026-09-11T01:47:14.987249+00:00,200,9497.90,
2026-09-11T01:47:17.858071+00:00,200,6646.30,
2026-09-11T01:47:10.673773+00:00,200,13831.08,
2026-09-11T01:47:07.793519+00:00,200,16728.66,
2026-09-11T01:47:06.385863+00:00,200,18146.00,
2026-09-11T01:47:20.263015+00:00,200,4275.93,
2026-09-11T01:47:17.872654+00:00,200,6673.02,
2026-09-11T01:47:06.662222+00:00,200,17888.37,
2026-09-11T01:47:23.950035+00:00,200,601.14,
2026-09-11T01:47:12.924361+00:00,200,11639.85,
2026-09-11T01:47:22.806542+00:00,200,1765.82,
2026-09-11T01:47:16.551616+00:00,200,8048.88,
2026-09-11T01:47:07.640033+00:00,200,16964.28,
2026-09-11T01:47:18.389085+00:00,200,6217.48,
2026-09-11T01:47:21.461608+00:00,200,3168.15,
2026-09-11T01:47:24.457874+00:00,200,176.34,
2026-09-11T01:47:23.196406+00:00,200,1454.31,
2026-09-11T01:47:19.158962+00:00,200,5527.13,
2026-09-11T01:47:24.006207+00:00,200,680.59,
2026-09-11T01:47:07.344550+00:00,200,17360.31,
2026-09-11T01:47:21.274609+00:00,200,3435.41,
2026-09-11T01:47:19.908513+00:00,200,4820.76,
2026-09-11T01:47:10.997730+00:00,200,13737.33,
2026-09-11T01:47:09.920520+00:00,200,14837.38,
2026-09-11T01:47:20.295561+00:00,200,4463.54,
2026-09-11T01:47:18.180094+00:00,200,6578.65,
2026-09-11T01:47:10.782983+00:00,200,13984.79,
2026-09-11T01:47:19.101147+00:00,200,5671.25,
2026-09-11T01:47:14.475652+00:00,200,10301.86,
2026-09-11T01:47:20.256021+00:00,200,4529.23,
2026-09-11T01:46:48.457514+00:00,200,36341.30,
2026-09-11T01:47:22.260500+00:00,200,2550.50,
2026-09-11T01:47:14.826544+00:00,200,9986.64,
2026-09-11T01:47:15.984402+00:00,200,8842.76,
2026-09-11T01:46:59.137277+00:00,200,25695.18,
2026-09-11T01:47:20.709261+00:00,200,4133.44,
2026-09-11T01:47:23.592709+00:00,200,1263.22,
2026-09-11T01:46:55.356555+00:00,200,29500.73,
2026-09-11T01:47:22.635548+00:00,200,2243.81,
2026-09-11T01:47:21.401179+00:00,200,3483.03,
2026-09-11T01:46:53.988151+00:00,200,30915.83,
2026-09-11T01:47:16.571217+00:00,200,8325.22,
2026-09-11T01:47:00.368439+00:00,200,24559.07,
2026-09-11T01:47:22.415353+00:00,200,2518.22,
2026-09-11T01:47:15.152825+00:00,200,9778.57,
2026-09-11T01:47:03.750935+00:00,200,21175.39,
2026-09-11T01:47:01.098981+00:00,200,23851.98,
2026-09-11T01:47:17.568708+00:00,200,7396.99,
2026-09-11T01:47:02.780879+00:00,200,22203.80,
2026-09-11T01:47:17.509472+00:00,200,7492.41,
2026-09-11T01:46:55.473606+00:00,200,29541.95,
2026-09-11T01:47:20.720898+00:00,200,4296.67,
2026-09-11T01:47:19.876666+00:00,200,5152.10,
2026-09-11T01:47:08.516900+00:00,200,16516.20,
2026-09-11T01:47:21.660022+00:00,200,3381.24,
2026-09-11T01:47:21.596260+00:00,200,3455.77,
2026-09-11T01:46:59.422985+00:00,200,25648.97,
2026-09-11T01:47:21.976323+00:00,200,3112.99,
2026-09-11T01:47:21.464120+00:00,200,3644.69,
2026-09-11T01:47:24.968480+00:00,200,153.49,
2026-09-11T01:47:24.074450+00:00,200,1060.45,
2026-09-11T01:47:14.105790+00:00,200,11028.68,
2026-09-11T01:47:07.582023+00:00,200,17556.73,
2026-09-11T01:46:59.148574+00:00,200,25995.37,
2026-09-11T01:47:24.480259+00:00,200,667.86,
2026-09-11T01:47:15.085459+00:00,200,10079.75,
2026-09-11T01:47:07.525606+00:00,200,17640.65,
2026-09-11T01:47:07.802647+00:00,200,17382.08,
2026-09-11T01:46:57.291952+00:00,200,27927.43,
2026-09-11T01:47:17.818469+00:00,200,7399.02,
2026-09-11T01:47:03.622861+00:00,200,21611.07,
2026-09-11T01:47:02.408230+00:00,200,22823.82,
2026-09-11T01:47:06.470171+00:00,200,18766.52,
2026-09-11T01:47:24.335422+00:00,200,924.30,
2026-09-11T01:47:18.432301+00:00,200,6826.58,
2026-09-11T01:47:07.873448+00:00,200,17405.27,
2026-09-11T01:47:08.921535+00:00,200,16363.48,
2026-09-11T01:47:12.737100+00:00,200,12548.84,
2026-09-11T01:47:18.544784+00:00,200,6755.04,
2026-09-11T01:47:12.685698+00:00,200,12635.07,
2026-09-11T01:46:59.616409+00:00,200,25718.66,
2026-09-11T01:47:07.897274+00:00,200,17446.01,
2026-09-11T01:47:17.054509+00:00,200,8291.68,
2026-09-11T01:47:22.309718+00:00,200,3044.11,
2026-09-11T01:47:19.382510+00:00,200,5998.51,
2026-09-11T01:47:23.201567+00:00,200,2204.79,
2026-09-11T01:47:10.133627+00:00,200,15279.51,
2026-09-11T01:47:19.192827+00:00,200,6224.15,
2026-09-11T01:47:10.710480+00:00,200,14707.31,
2026-09-11T01:47:11.742909+00:00,200,13697.65,
2026-09-11T01:47:24.833850+00:00,200,606.75,
2026-09-11T01:47:00.169306+00:00,200,25284.78,
2026-09-11T01:47:25.280893+00:00,200,174.92,
2026-09-11T01:47:19.951295+00:00,200,5515.06,
2026-09-11T01:47:00.124822+00:00,200,25340.32,
2026-09-11T01:47:22.384494+00:00,200,3098.18,
2026-09-11T01:46:54.987459+00:00,200,30524.80,
2026-09-11T01:47:17.426199+00:00,200,8097.87,
2026-09-11T01:47:07.217695+00:00,200,18304.84,
2026-09-11T01:47:24.286127+00:00,200,1250.08,
2026-09-11T01:47:25.280893+00:00,200,262.87,
2026-09-11T01:47:22.011273+00:00,200,3540.36,
2026-09-11T01:47:19.320057+00:00,200,6233.78,
2026-09-11T01:47:22.201442+00:00,200,3363.92,
2026-09-11T01:47:07.329119+00:00,200,18279.60,
2026-09-11T01:47:18.155132+00:00,200,7480.08,
2026-09-11T01:46:47.901551+00:00,200,37742.38,
2026-09-11T01:47:08.842182+00:00,200,16807.87,
2026-09-11T01:47:22.546057+00:00,200,3130.51,
2026-09-11T01:47:12.388544+00:00,200,13290.81,
2026-09-11T01:47:20.616823+00:00,200,5076.49,
2026-09-11T01:47:24.910511+00:00,200,783.48,
2026-09-11T01:47:16.206322+00:00,200,9486.92,
2026-09-11T01:47:25.004429+00:00,200,693.50,
2026-09-11T01:47:23.634456+00:00,200,2074.99,
2026-09-11T01:47:07.851890+00:00,200,17863.67,
2026-09-11T01:47:20.210579+00:00,200,5512.05,
2026-09-11T01:47:19.280491+00:00,200,6448.59,
2026-09-11T01:47:12.469567+00:00,200,13259.79,
2026-09-11T01:47:21.259694+00:00,200,4489.86,
2026-09-11T01:47:02.300018+00:00,200,23474.74,
2026-09-11T01:47:17.169130+00:00,200,8615.38,
2026-09-11T01:47:20.977080+00:00,200,4819.44,
2026-09-11T01:47:12.382530+00:00,200,13415.18,
2026-09-11T01:47:06.236118+00:00,200,19567.16,
2026-09-11T01:47:16.854358+00:00,200,8950.85,
2026-09-11T01:47:18.947294+00:00,200,6864.65,
2026-09-11T01:47:20.623573+00:00,200,5193.32,
2026-09-11T01:47:24.869468+00:00,200,957.52,
2026-09-11T01:47:15.652929+00:00,200,10193.11,
2026-09-11T01:47:01.292523+00:00,200,24553.79,
2026-09-11T01:47:05.822229+00:00,200,20046.26,
2026-09-11T01:47:18.997838+00:00,200,6871.79,
2026-09-11T01:47:24.081018+00:00,200,1818.90,
2026-09-11T01:47:24.353441+00:00,200,1563.61,
2026-09-11T01:47:19.872661+00:00,200,6053.96,
2026-09-11T01:47:21.495965+00:00,200,4444.71,
2026-09-11T01:47:19.416205+00:00,200,6538.58,
2026-09-11T01:46:56.023702+00:00,200,29927.13,
2026-09-11T01:47:22.647944+00:00,200,3311.39,
2026-09-11T01:47:25.215461+00:00,200,748.86,
2026-09-11T01:47:17.663162+00:00,200,8325.62,
2026-09-11T01:47:23.541104+00:00,200,2456.91,
2026-09-11T01:47:21.378329+00:00,200,4632.65,
2026-09-11T01:47:08.406173+00:00,200,17611.48,
2026-09-11T01:47:16.841307+00:00,200,9177.71,
2026-09-11T01:47:25.853720+00:00,200,174.87,
2026-09-11T01:47:22.122787+00:00,200,3914.95,
2026-09-11T01:47:25.863884+00:00,200,173.22,
2026-09-11T01:47:25.853720+00:00,200,193.91,
2026-09-11T01:47:19.336938+00:00,200,6728.70,
2026-09-11T01:47:24.929602+00:00,200,1143.32,
2026-09-11T01:47:14.443921+00:00,200,11631.19,
2026-09-11T01:47:24.417170+00:00,200,1658.64,
2026-09-11T01:47:23.476814+00:00,200,2621.57,
2026-09-11T01:47:16.206322+00:00,200,9898.56,
2026-09-11T01:47:02.587436+00:00,200,23524.50,
2026-09-11T01:47:24.469398+00:00,200,1638.79,
2026-09-11T01:47:24.009966+00:00,200,2101.37,
2026-09-11T01:47:20.751798+00:00,200,5379.63,
2026-09-11T01:47:11.185150+00:00,200,14978.19,
2026-09-11T01:46:57.563544+00:00,200,28637.21,
2026-09-11T01:47:11.078912+00:00,200,15131.25,
2026-09-11T01:47:19.111845+00:00,200,7101.63,
2026-09-11T01:47:15.162410+00:00,200,11061.71,
2026-09-11T01:47:03.660133+00:00,200,22572.61,
2026-09-11T01:47:10.284053+00:00,200,15952.94,
2026-09-11T01:47:18.533883+00:00,200,7704.70,
2026-09-11T01:47:10.224321+00:00,200,16019.09,
2026-09-11T01:47:16.587273+00:00,200,9649.48,
2026-09-11T01:47:23.138620+00:00,200,3112.72,
2026-09-11T01:47:23.859905+00:00,200,2401.32,
2026-09-11T01:47:20.414761+00:00,200,5853.54,
2026-09-11T01:46:57.116714+00:00,200,29165.85,
2026-09-11T01:47:10.368203+00:00,200,15951.85,
2026-09-11T01:47:21.858193+00:00,200,4477.28,
2026-09-11T01:47:05.166930+00:00,200,21204.04,
2026-09-11T01:47:24.294909+00:00,200,2077.67,
2026-09-11T01:47:09.122008+00:00,200,17258.92,
2026-09-11T01:47:05.378294+00:00,200,21008.57,
2026-09-11T01:47:08.950255+00:00,200,17447.81,
2026-09-11T01:47:25.131132+00:00,200,1265.63,
2026-09-11T01:47:20.872446+00:00,200,5534.81,
2026-09-11T01:47:03.222348+00:00,200,23191.34,
2026-09-11T01:47:07.455592+00:00,200,18970.31,
2026-09-11T01:47:15.665977+00:00,200,10764.59,
2026-09-11T01:46:59.758171+00:00,200,26680.37,
2026-09-11T01:47:25.257955+00:00,200,1193.85,
2026-09-11T01:46:58.526026+00:00,200,27931.34,
2026-09-11T01:47:17.143872+00:00,200,9323.74,
2026-09-11T01:47:20.445756+00:00,200,6040.92,
2026-09-11T01:47:11.968568+00:00,200,14518.08,
2026-09-11T01:46:43.632784+00:00,200,42855.63,
2026-09-11T01:47:10.704572+00:00,200,15808.60,
2026-09-11T01:47:22.683243+00:00,200,3831.78,
2026-09-11T01:47:10.038711+00:00,200,16484.30,
2026-09-11T01:47:18.593689+00:00,200,7958.09,
2026-09-11T01:47:08.152003+00:00,200,18444.45,
2026-09-11T01:47:02.911344+00:00,200,23687.39,
2026-09-11T01:47:25.030196+00:00,200,1580.19,
2026-09-11T01:47:23.261552+00:00,200,3373.39,
2026-09-11T01:47:20.959635+00:00,200,5678.51,
2026-09-11T01:47:24.345439+00:00,200,2303.66,
2026-09-11T01:47:22.653065+00:00,200,3993.05,
2026-09-11T01:46:53.872232+00:00,200,32784.75,
2026-09-11T01:47:20.173108+00:00,200,6487.03,
2026-09-11T01:47:24.754488+00:00,200,1902.84,
2026-09-11T01:47:23.161476+00:00,200,3511.53,
2026-09-11T01:47:10.673773+00:00,200,15999.45,
2026-09-11T01:47:08.149990+00:00,200,18533.51,
2026-09-11T01:47:11.851076+00:00,200,14837.37,
2026-09-11T01:47:21.854368+00:00,200,4840.06,
2026-09-11T01:47:12.422323+00:00,200,14293.85,
2026-09-11T01:47:08.350213+00:00,200,18385.40,
2026-09-11T01:47:07.662423+00:00,200,19077.62,
2026-09-11T01:47:12.943650+00:00,200,13807.54,
2026-09-11T01:46:45.674437+00:00,200,41080.36,
2026-09-11T01:46:58.873667+00:00,200,27903.11,
2026-09-11T01:47:24.727053+00:00,200,2054.09,
2026-09-11T01:47:26.283789+00:00,200,510.51,
2026-09-11T01:47:12.010016+00:00,200,14789.19,
2026-09-11T01:47:11.864240+00:00,200,14945.64,
2026-09-11T01:46:52.426548+00:00,200,34397.67,
2026-09-11T01:47:24.754488+00:00,200,2071.88,
2026-09-11T01:47:26.635775+00:00,200,197.91,
2026-09-11T01:46:56.570720+00:00,200,30273.42,
2026-09-11T01:47:26.494108+00:00,200,350.67,
2026-09-11T01:47:22.702219+00:00,200,4165.35,
2026-09-11T01:47:16.024130+00:00,200,10861.49,
2026-09-11T01:47:12.264237+00:00,200,14631.65,
2026-09-11T01:47:22.783823+00:00,200,4119.63,
2026-09-11T01:46:58.732760+00:00,200,28174.38,
2026-09-11T01:47:22.966539+00:00,200,3951.46,
2026-09-11T01:47:13.316675+00:00,200,13602.49,
2026-09-11T01:47:14.408913+00:00,200,12506.47,
2026-09-11T01:47:18.459765+00:00,200,8464.00,
2026-09-11T01:47:25.479788+00:00,200,1460.00,
2026-09-11T01:47:24.263473+00:00,200,2693.50,
2026-09-11T01:47:02.517671+00:00,200,24464.69,
2026-09-11T01:47:25.638901+00:00,200,1350.62,
2026-09-11T01:47:03.849108+00:00,200,23147.12,
2026-09-11T01:46:42.859460+00:00,200,44149.91,
2026-09-11T01:47:24.929602+00:00,200,2083.75,
2026-09-11T01:47:16.762166+00:00,200,10253.10,
2026-09-11T01:47:23.792702+00:00,200,3241.37,
2026-09-11T01:47:02.581738+00:00,200,24461.27,
2026-09-11T01:47:02.015020+00:00,200,25034.19,
2026-09-11T01:47:17.062774+00:00,200,10007.46,
2026-09-11T01:47:09.708468+00:00,200,17371.74,
2026-09-11T01:47:13.939861+00:00,200,13159.81,
2026-09-11T01:47:17.078790+00:00,200,10014.99,
2026-09-11T01:47:20.181699+00:00,200,6928.58,
2026-09-11T01:47:24.230745+00:00,200,2884.95,
2026-09-11T01:47:20.835907+00:00,200,6296.29,
2026-09-11T01:47:11.604454+00:00,200,15530.98,
2026-09-11T01:47:24.226988+00:00,200,2918.84,
2026-09-11T01:46:54.926637+00:00,200,32221.57,
2026-09-11T01:46:59.991637+00:00,200,27162.74,
2026-09-11T01:47:02.111928+00:00,200,25049.03,
2026-09-11T01:47:17.529043+00:00,200,9643.42,
2026-09-11T01:47:25.698967+00:00,200,1483.77,
2026-09-11T01:47:25.055353+00:00,200,2151.27,
2026-09-11T01:47:11.920728+00:00,200,15293.53,
2026-09-11T01:47:13.058028+00:00,200,14155.52,
2026-09-11T01:47:07.873448+00:00,200,19348.61,
2026-09-11T01:47:21.196469+00:00,200,6025.96,
2026-09-11T01:47:18.559899+00:00,200,8665.18,
2026-09-11T01:47:23.492685+00:00,200,3739.37,
2026-09-11T01:47:20.933098+00:00,200,6303.65,
2026-09-11T01:47:26.502914+00:00,200,743.98,
2026-09-11T01:47:25.723551+00:00,200,1551.15,
2026-09-11T01:47:26.130607+00:00,200,1164.45,
2026-09-11T01:47:27.130533+00:00,200,176.92,
2026-09-11T01:47:25.416404+00:00,200,1907.50,
2026-09-11T01:47:18.400468+00:00,200,8928.42,
2026-09-11T01:47:22.309718+00:00,200,5017.61,
2026-09-11T01:47:19.477364+00:00,200,7866.13,
2026-09-11T01:47:27.040999+00:00,200,308.29,
2026-09-11T01:47:24.548954+00:00,200,2806.14,
2026-09-11T01:47:19.013675+00:00,200,8358.75,
2026-09-11T01:47:25.813873+00:00,200,1578.08,
2026-09-11T01:46:49.742657+00:00,200,37655.03,
2026-09-11T01:47:21.004486+00:00,200,6409.41,
2026-09-11T01:47:23.956768+00:00,200,3469.04,
2026-09-11T01:46:51.058172+00:00,200,36370.58,
2026-09-11T01:47:00.345121+00:00,200,27094.99,
2026-09-11T01:47:23.476814+00:00,200,3962.56,
2026-09-11T01:46:49.391866+00:00,200,38060.92,
2026-09-11T01:47:27.319822+00:00,200,138.10,
2026-09-11T01:47:08.608557+00:00,200,18858.59,
2026-09-11T01:47:16.085282+00:00,200,11385.63,
2026-09-11T01:47:26.237211+00:00,200,1266.98,
2026-09-11T01:47:27.351784+00:00,200,157.51,
2026-09-11T01:47:00.049941+00:00,200,27477.88,
2026-09-11T01:47:20.559235+00:00,200,6967.30,
2026-09-11T01:46:52.638587+00:00,200,34905.40,
2026-09-11T01:47:26.369953+00:00,200,1190.39,
2026-09-11T01:47:26.964279+00:00,200,613.56,
2026-09-11T01:47:14.850704+00:00,200,12728.54,
2026-09-11T01:47:11.300027+00:00,200,16280.98,
2026-09-11T01:47:24.041815+00:00,200,3528.47,
2026-09-11T01:47:12.334610+00:00,200,15248.26,
2026-09-11T01:46:40.379837+00:00,200,47218.87,
2026-09-11T01:47:20.177124+00:00,200,7424.07,
2026-09-11T01:47:19.716257+00:00,200,7894.96,
2026-09-11T01:47:21.679925+00:00,200,5940.04,
2026-09-11T01:47:20.057568+00:00,200,7571.31,
2026-09-11T01:47:17.932744+00:00,200,9713.63,
2026-09-11T01:47:23.028109+00:00,200,4625.86,
2026-09-11T01:47:10.186858+00:00,200,17478.67,
2026-09-11T01:47:11.930066+00:00,200,15745.01,
2026-09-11T01:47:22.258491+00:00,200,5435.83,
2026-09-11T01:47:25.257955+00:00,200,2440.74,
2026-09-11T01:47:26.676597+00:00,200,1036.38,
2026-09-11T01:47:04.168737+00:00,200,23552.96,
2026-09-11T01:47:24.599373+00:00,200,3125.62,
2026-09-11T01:47:11.018534+00:00,200,16711.17,
2026-09-11T01:47:05.310157+00:00,200,22419.05,
2026-09-11T01:47:23.773436+00:00,200,3977.21,
2026-09-11T01:47:21.969531+00:00,200,5790.15,
2026-09-11T01:47:13.019349+00:00,200,14753.94,
2026-09-11T01:47:25.694110+00:00,200,2090.43,
2026-09-11T01:47:13.203850+00:00,200,14586.87,
2026-09-11T01:47:17.219198+00:00,200,10602.56,
2026-09-11T01:47:13.019349+00:00,200,14804.31,
2026-09-11T01:47:22.724985+00:00,200,5104.70,
2026-09-11T01:46:50.168042+00:00,200,37675.21,
2026-09-11T01:47:19.296609+00:00,200,8549.29,
2026-09-11T01:46:51.385879+00:00,200,36465.71,
2026-09-11T01:47:20.559235+00:00,200,7293.45,
2026-09-11T01:47:22.196240+00:00,200,5739.81,
2026-09-11T01:47:26.652705+00:00,200,1318.48,
2026-09-11T01:47:19.685482+00:00,200,8286.15,
2026-09-11T01:47:26.442870+00:00,200,1534.51,
2026-09-11T01:47:20.551203+00:00,200,7435.69,
2026-09-11T01:47:26.452319+00:00,200,1535.21,
2026-09-11T01:47:20.894105+00:00,200,7094.31,
2026-09-11T01:47:23.309690+00:00,200,4691.73,
2026-09-11T01:47:09.726487+00:00,200,18284.88,
2026-09-11T01:46:58.939831+00:00,200,29097.35,
2026-09-11T01:47:21.311530+00:00,200,6734.07,
2026-09-11T01:47:18.288698+00:00,200,9754.62,
2026-09-11T01:47:12.001774+00:00,200,16053.24,
2026-09-11T01:47:26.117298+00:00,200,1941.48,
2026-09-11T01:47:07.802647+00:00,200,20274.77,
2026-09-11T01:47:15.606544+00:00,200,12474.18,
2026-09-11T01:47:17.734054+00:00,200,10355.70,
2026-09-11T01:47:27.040999+00:00,200,1045.92,
2026-09-11T01:47:15.410514+00:00,200,12711.52,
2026-09-11T01:47:21.848845+00:00,200,6274.26,
2026-09-11T01:46:53.234627+00:00,200,34904.15,
2026-09-11T01:47:24.685159+00:00,200,3470.09,
2026-09-11T01:47:27.595267+00:00,200,592.09,
2026-09-11T01:47:26.001520+00:00,200,2197.42,
2026-09-11T01:47:26.940251+00:00,200,1259.99,
2026-09-11T01:47:27.779220+00:00,200,417.04,
2026-09-11T01:46:59.325092+00:00,200,28883.15,
2026-09-11T01:47:05.433259+00:00,200,22797.68,
2026-09-11T01:46:57.375465+00:00,200,30855.14,
2026-09-11T01:47:12.143581+00:00,200,16099.91,
2026-09-11T01:47:20.950938+00:00,200,7298.40,
2026-09-11T01:47:08.700219+00:00,200,19568.46,
2026-09-11T01:47:25.766909+00:00,200,2504.93,
2026-09-11T01:47:22.778427+00:00,200,5515.41,
2026-09-11T01:47:19.855641+00:00,200,8444.96,
2026-09-11T01:47:05.378294+00:00,200,22934.56,
2026-09-11T01:47:19.896804+00:00,200,8431.28,
2026-09-11T01:47:17.576814+00:00,200,10757.62,
2026-09-11T01:47:22.476352+00:00,200,5864.35,
2026-09-11T01:47:14.187991+00:00,200,14160.09,
2026-09-11T01:47:00.899991+00:00,200,27478.66,
2026-09-11T01:47:24.769887+00:00,200,3599.80,
2026-09-11T01:47:17.376344+00:00,200,11010.61,
2026-09-11T01:47:27.431306+00:00,200,957.67,
2026-09-11T01:46:58.446796+00:00,200,29947.16,
2026-09-11T01:47:22.155352+00:00,200,6269.24,
2026-09-11T01:46:43.442340+00:00,200,45000.50,
2026-09-11T01:47:05.684507+00:00,200,22758.23,
2026-09-11T01:47:20.868450+00:00,200,7579.58,
2026-09-11T01:47:23.567769+00:00,200,4880.35,
2026-09-11T01:47:26.333612+00:00,200,2128.21,
2026-09-11T01:47:19.678716+00:00,200,8788.36,
2026-09-11T01:47:09.762894+00:00,200,18710.48,
2026-09-11T01:47:16.032700+00:00,200,12464.16,
2026-09-11T01:47:01.028987+00:00,200,27466.41,
2026-09-11T01:47:16.085282+00:00,200,12431.89,
2026-09-11T01:47:05.971695+00:00,200,22550.97,
2026-09-11T01:47:05.160082+00:00,200,23363.97,
2026-09-11T01:47:12.396570+00:00,200,16160.56,
2026-09-11T01:47:21.645709+00:00,200,6919.90,
2026-09-11T01:47:23.085059+00:00,200,5492.66,
2026-09-11T01:47:09.913662+00:00,200,18665.88,
2026-09-11T01:47:25.004429+00:00,200,3575.16,
2026-09-11T01:47:25.676068+00:00,200,2920.27,
2026-09-11T01:47:21.132840+00:00,200,7470.76,
2026-09-11T01:47:24.105894+00:00,200,4519.63,
2026-09-11T01:47:06.567219+00:00,200,22075.41,
2026-09-11T01:47:27.664254+00:00,200,987.36,
2026-09-11T01:47:22.861020+00:00,200,5787.68,
2026-09-11T01:47:18.686635+00:00,200,9979.66,
2026-09-11T01:47:16.054967+00:00,200,12619.29,
2026-09-11T01:47:23.587585+00:00,200,5094.57,
2026-09-11T01:47:28.264732+00:00,200,448.10,
2026-09-11T01:47:28.383598+00:00,200,331.44,
2026-09-11T01:47:19.173138+00:00,200,9547.42,
2026-09-11T01:47:10.160735+00:00,200,18566.33,
2026-09-11T01:47:17.268247+00:00,200,11460.26,
2026-09-11T01:47:18.025007+00:00,200,10704.66,
2026-09-11T01:47:10.963189+00:00,200,17771.67,
2026-09-11T01:47:23.552753+00:00,200,5205.99,
2026-09-11T01:47:19.586602+00:00,200,9178.52,
2026-09-11T01:47:13.585885+00:00,200,15195.09,
2026-09-11T01:47:27.226809+00:00,200,1558.80,
2026-09-11T01:47:19.051294+00:00,200,9761.50,
2026-09-11T01:47:24.393481+00:00,200,4420.50,
2026-09-11T01:47:15.928728+00:00,200,12904.82,
2026-09-11T01:47:23.521918+00:00,200,5318.08,
2026-09-11T01:47:26.378554+00:00,200,2464.53,
2026-09-11T01:47:28.701329+00:00,200,142.80,
2026-09-11T01:47:28.701329+00:00,200,143.86,
2026-09-11T01:47:17.285431+00:00,200,11591.14,
2026-09-11T01:47:17.484062+00:00,200,11400.03,
2026-09-11T01:47:13.357994+00:00,200,15531.02,
2026-09-11T01:47:05.250413+00:00,200,23652.77,
2026-09-11T01:47:10.011222+00:00,200,18901.10,
2026-09-11T01:47:25.109990+00:00,200,3819.59,
2026-09-11T01:47:16.563465+00:00,200,12371.72,
2026-09-11T01:47:03.039557+00:00,200,25904.64,
2026-09-11T01:47:18.745216+00:00,200,10203.78,
2026-09-11T01:47:09.865577+00:00,200,19088.76,
2026-09-11T01:47:28.272662+00:00,200,701.66,
2026-09-11T01:47:27.499575+00:00,200,1476.07,
2026-09-11T01:47:25.408148+00:00,200,3581.55,
2026-09-11T01:47:20.389581+00:00,200,8607.92,
2026-09-11T01:46:57.827094+00:00,200,31170.93,
2026-09-11T01:47:25.305215+00:00,200,3694.30,
2026-09-11T01:47:23.626080+00:00,200,5381.21,
2026-09-11T01:47:27.394447+00:00,200,1613.43,
2026-09-11T01:47:28.212354+00:00,200,812.30,
2026-09-11T01:47:01.356385+00:00,200,27682.89,
2026-09-11T01:47:12.020908+00:00,200,17031.38,
2026-09-11T01:47:15.254336+00:00,200,13809.50,
2026-09-11T01:47:18.393103+00:00,200,10679.76,
2026-09-11T01:47:19.334638+00:00,200,9747.73,
2026-09-11T01:47:02.526231+00:00,200,26568.15,
2026-09-11T01:46:54.442762+00:00,200,34657.15,
2026-09-11T01:47:04.985750+00:00,200,24116.13,
2026-09-11T01:47:25.902388+00:00,200,3209.53,
2026-09-11T01:47:22.698480+00:00,200,6423.78,
2026-09-11T01:47:21.953196+00:00,200,7190.32,
2026-09-11T01:47:08.275247+00:00,200,20882.98,
2026-09-11T01:47:21.179141+00:00,200,7986.96,
2026-09-11T01:47:20.914669+00:00,200,8254.51,
2026-09-11T01:47:19.292158+00:00,200,9879.95,
2026-09-11T01:47:18.143998+00:00,200,11042.84,
2026-09-11T01:47:13.659894+00:00,200,15553.93,
2026-09-11T01:47:24.663497+00:00,200,4548.34,
2026-09-11T01:47:28.922221+00:00,200,321.32,
2026-09-11T01:47:28.375555+00:00,200,866.72,
2026-09-11T01:47:21.536402+00:00,200,7719.85,
2026-09-11T01:47:17.121173+00:00,200,12137.12,
2026-09-11T01:47:22.917754+00:00,200,6363.61,
2026-09-11T01:47:22.791533+00:00,200,6495.28,
2026-09-11T01:47:19.917431+00:00,200,9389.09,
2026-09-11T01:47:16.889087+00:00,200,12438.81,
2026-09-11T01:47:24.375917+00:00,200,4962.09,
2026-09-11T01:47:27.308519+00:00,200,2033.64,
2026-09-11T01:47:25.337341+00:00,200,4020.73,
2026-09-11T01:47:21.946434+00:00,200,7439.51,
2026-09-11T01:47:29.207281+00:00,200,176.25,
2026-09-11T01:47:03.103392+00:00,200,26303.05,
2026-09-11T01:46:59.769464+00:00,200,29641.15,
2026-09-11T01:47:29.243399+00:00,200,172.23,
2026-09-11T01:47:20.700889+00:00,200,8760.32,
2026-09-11T01:47:28.680717+00:00,200,784.40,
2026-09-11T01:47:09.266148+00:00,200,20206.70,
2026-09-11T01:47:12.334610+00:00,200,17160.18,
2026-09-11T01:47:03.492095+00:00,200,26011.87,
2026-09-11T01:47:24.929602+00:00,200,4574.30,
2026-09-11T01:47:20.007397+00:00,200,9517.53,
2026-09-11T01:47:05.500050+00:00,200,24034.44,
2026-09-11T01:47:27.226809+00:00,200,2307.48,
2026-09-11T01:47:16.355816+00:00,200,13189.44,
2026-09-11T01:47:26.635775+00:00,200,2912.81,
2026-09-11T01:47:22.600335+00:00,200,6957.16,
2026-09-11T01:47:26.290994+00:00,200,3277.32,
2026-09-11T01:47:16.841307+00:00,200,12730.42,
2026-09-11T01:47:20.220653+00:00,200,9367.52,
2026-09-11T01:47:27.371169+00:00,200,2225.43,
2026-09-11T01:47:28.651984+00:00,200,949.25,
2026-09-11T01:47:09.416531+00:00,200,20189.71,
2026-09-11T01:47:16.920378+00:00,200,12717.02,
2026-09-11T01:47:03.705618+00:00,200,25950.40,
2026-09-11T01:47:29.460310+00:00,200,202.65,
2026-09-11T01:47:24.833850+00:00,200,4843.40,
2026-09-11T01:47:28.080228+00:00,200,1599.35,
2026-09-11T01:47:29.334888+00:00,200,352.99,
2026-09-11T01:47:14.483892+00:00,200,15211.42,
2026-09-11T01:47:22.850181+00:00,200,6850.21,
2026-09-11T01:47:25.549541+00:00,200,4188.95,
2026-09-11T01:47:26.256775+00:00,200,3505.52,
2026-09-11T01:47:25.853720+00:00,200,3923.20,
2026-09-11T01:47:24.552563+00:00,200,5242.43,
2026-09-11T01:47:20.145248+00:00,200,9652.98,
2026-09-11T01:47:26.751710+00:00,200,3064.12,
2026-09-11T01:47:15.492160+00:00,200,14323.69,
2026-09-11T01:47:16.647358+00:00,200,13191.43,
2026-09-11T01:47:07.962018+00:00,200,21893.44,
2026-09-11T01:47:13.755197+00:00,200,16106.49,
2026-09-11T01:47:28.080228+00:00,200,1780.48,
2026-09-11T01:47:20.500954+00:00,200,9396.05,
2026-09-11T01:47:22.675761+00:00,200,7228.53,
2026-09-11T01:47:27.489732+00:00,200,2421.29,
2026-09-11T01:47:11.057794+00:00,200,18858.37,
2026-09-11T01:47:29.740459+00:00,200,177.41,
2026-09-11T01:47:14.551684+00:00,200,15372.55,
2026-09-11T01:47:29.765596+00:00,200,174.12,
2026-09-11T01:47:06.875818+00:00,200,23067.67,
2026-09-11T01:47:18.340632+00:00,200,11618.38,
2026-09-11T01:47:10.197150+00:00,200,19784.16,
2026-09-11T01:47:24.564737+00:00,200,5422.00,
2026-09-11T01:47:27.731774+00:00,200,2267.49,
2026-09-11T01:47:25.709370+00:00,200,4294.53,
2026-09-11T01:47:26.895479+00:00,200,3122.04,
2026-09-11T01:47:28.522748+00:00,200,1508.96,
2026-09-11T01:46:59.268586+00:00,200,30770.11,
2026-09-11T01:47:10.760516+00:00,200,19283.80,
2026-09-11T01:46:58.803568+00:00,200,31252.59,
2026-09-11T01:47:25.911190+00:00,200,4154.93,
2026-09-11T01:47:11.550990+00:00,200,18533.94,
2026-09-11T01:47:21.901691+00:00,200,8197.81,
2026-09-11T01:47:28.048967+00:00,200,2049.88,
2026-09-11T01:47:27.130533+00:00,200,2980.13,
2026-09-11T01:47:22.223825+00:00,200,7904.14,
2026-09-11T01:47:18.764185+00:00,200,11366.75,
2026-09-11T01:47:25.531324+00:00,200,4605.23,
2026-09-11T01:47:27.986012+00:00,200,2158.31,
2026-09-11T01:47:06.166740+00:00,200,24031.77,
2026-09-11T01:47:12.564917+00:00,200,17635.40,
2026-09-11T01:47:16.024130+00:00,200,14186.47,
2026-09-11T01:47:10.990639+00:00,200,19237.93,
2026-09-11T01:47:27.394447+00:00,200,2837.58,
2026-09-11T01:47:25.085978+00:00,200,5142.73,
2026-09-11T01:47:21.625876+00:00,200,8616.27,
2026-09-11T01:47:29.245406+00:00,200,1003.25,
2026-09-11T01:47:20.306166+00:00,200,9948.26,
2026-09-11T01:47:23.567769+00:00,200,6695.82,
2026-09-11T01:47:24.929602+00:00,200,5340.77,
2026-09-11T01:47:23.953056+00:00,200,6331.47,
2026-09-11T01:47:27.709039+00:00,200,2601.95,
2026-09-11T01:47:07.316049+00:00,200,22999.87,
2026-09-11T01:47:02.901445+00:00,200,27426.00,
2026-09-11T01:47:09.125381+00:00,200,21209.13,
2026-09-11T01:47:25.121488+00:00,200,5264.43,
2026-09-11T01:47:29.754206+00:00,200,658.56,
2026-09-11T01:47:18.146669+00:00,200,12278.75,
2026-09-11T01:47:22.451400+00:00,200,7989.07,
2026-09-11T01:47:22.069649+00:00,200,8374.78,
2026-09-11T01:47:28.625897+00:00,200,1824.15,
2026-09-11T01:47:24.817597+00:00,200,5644.48,
2026-09-11T01:47:28.938225+00:00,200,1521.68,
2026-09-11T01:47:30.314556+00:00,200,158.73,
2026-09-11T01:47:01.518511+00:00,200,28963.18,
2026-09-11T01:47:25.756297+00:00,200,4726.60,
2026-09-11T01:47:22.011273+00:00,200,8475.74,
2026-09-11T01:47:26.035923+00:00,200,4462.23,
2026-09-11T01:47:22.937908+00:00,200,7563.75,
2026-09-11T01:47:18.437380+00:00,200,12086.78,
2026-09-11T01:47:26.264161+00:00,200,4266.17,
2026-09-11T01:47:22.961148+00:00,200,7578.54,
2026-09-11T01:47:24.485369+00:00,200,6060.37,
2026-09-11T01:47:24.531262+00:00,200,6027.96,
2026-09-11T01:47:13.168080+00:00,200,17382.31,
2026-09-11T01:47:23.154975+00:00,200,7409.86,
2026-09-11T01:47:25.926118+00:00,200,4646.10,
2026-09-11T01:47:21.583674+00:00,200,8997.06,
2026-09-11T01:47:18.322190+00:00,200,12276.00,
2026-09-11T01:47:30.416324+00:00,200,174.08,
2026-09-11T01:47:10.442968+00:00,200,20160.56,
2026-09-11T01:47:26.991140+00:00,200,3620.84,
2026-09-11T01:46:42.240499+00:00,200,48377.36,
2026-09-11T01:47:15.736398+00:00,200,14884.91,
2026-09-11T01:47:26.571752+00:00,200,4076.68,
2026-09-11T01:47:29.974787+00:00,200,710.10,
2026-09-11T01:47:17.896496+00:00,200,12801.45,
2026-09-11T01:47:19.189022+00:00,200,11524.58,
2026-09-11T01:47:25.354858+00:00,200,5374.77,
2026-09-11T01:47:16.587273+00:00,200,14158.41,
2026-09-11T01:47:11.273556+00:00,200,19478.83,
2026-09-11T01:47:28.828234+00:00,200,1919.22,
2026-09-11T01:47:19.241746+00:00,200,11526.74,
2026-09-11T01:47:25.131132+00:00,200,5640.64,
2026-09-11T01:47:10.819996+00:00,200,19959.14,
2026-09-11T01:47:24.952564+00:00,200,5852.10,
2026-09-11T01:47:14.801173+00:00,200,16027.68,
2026-09-11T01:47:30.234704+00:00,200,619.65,
2026-09-11T01:47:24.706652+00:00,200,6148.47,
2026-09-11T01:47:29.794256+00:00,200,1073.31,
2026-09-11T01:47:25.408148+00:00,200,5478.52,
2026-09-11T01:47:27.226809+00:00,200,3661.39,
2026-09-11T01:47:22.949163+00:00,200,7945.42,
2026-09-11T01:47:21.756626+00:00,200,9148.61,
2026-09-11T01:47:25.369091+00:00,200,5531.28,
2026-09-11T01:47:11.438128+00:00,200,19477.59,
2026-09-11T01:47:25.939766+00:00,200,5000.63,
2026-09-11T01:47:17.443328+00:00,200,13505.29,
2026-09-11T01:47:26.049190+00:00,200,4918.37,
2026-09-11T01:47:26.635775+00:00,200,4343.30,
2026-09-11T01:47:25.215461+00:00,200,5788.78,
2026-09-11T01:47:15.063783+00:00,200,15940.68,
2026-09-11T01:47:02.083597+00:00,200,28934.47,
2026-09-11T01:47:18.318839+00:00,200,12724.24,
2026-09-11T01:47:23.163994+00:00,200,7880.00,
2026-09-11T01:47:10.014734+00:00,200,21061.29,
2026-09-11T01:47:22.562113+00:00,200,8515.76,
2026-09-11T01:47:11.824141+00:00,200,19260.93,
2026-09-11T01:47:20.675925+00:00,200,10410.77,
2026-09-11T01:47:26.240896+00:00,200,4851.02,
2026-09-11T01:46:51.512020+00:00,200,39594.30,
2026-09-11T01:47:23.014867+00:00,200,8083.39,
2026-09-11T01:47:30.242030+00:00,200,866.10,
2026-09-11T01:47:15.681796+00:00,200,15423.97,
2026-09-11T01:47:19.668174+00:00,200,11447.89,
2026-09-11T01:47:30.950876+00:00,200,177.09,
2026-09-11T01:47:06.700788+00:00,200,24429.12,
2026-09-11T01:47:19.503694+00:00,200,11636.80,
2026-09-11T01:47:29.038434+00:00,200,2114.60,
2026-09-11T01:47:06.634210+00:00,200,24536.69,
2026-09-11T01:47:22.018038+00:00,200,9160.68,
2026-09-11T01:47:20.768320+00:00,200,10428.17,
2026-09-11T01:47:28.765334+00:00,200,2438.58,
2026-09-11T01:47:31.044183+00:00,200,164.13,
2026-09-11T01:47:21.573403+00:00,200,9645.36,
2026-09-11T01:47:29.159764+00:00,200,2076.11,
2026-09-11T01:47:12.298213+00:00,200,18941.10,
2026-09-11T01:47:16.627758+00:00,200,14632.36,
2026-09-11T01:47:13.293912+00:00,200,17964.70,
2026-09-11T01:47:31.133451+00:00,200,141.11,
2026-09-11T01:47:27.589244+00:00,200,3690.08,
2026-09-11T01:47:02.770965+00:00,200,28518.35,
2026-09-11T01:47:23.875248+00:00,200,7424.77,
2026-09-11T01:47:02.391621+00:00,200,28938.81,
2026-09-11T01:47:16.190294+00:00,200,15135.72,
2026-09-11T01:47:20.863279+00:00,200,10470.29,
2026-09-11T01:47:27.211289+00:00,200,4117.95,
2026-09-11T01:47:11.764037+00:00,200,19571.15,
2026-09-11T01:47:21.432498+00:00,200,9917.11,
2026-09-11T01:47:18.348349+00:00,200,13017.16,
2026-09-11T01:47:23.043508+00:00,200,8325.42,
2026-09-11T01:47:30.886924+00:00,200,485.73,
2026-09-11T01:47:30.690793+00:00,200,691.98,
2026-09-11T01:47:25.563864+00:00,200,5829.05,
2026-09-11T01:47:16.696372+00:00,200,14704.61,
2026-09-11T01:47:27.422580+00:00,200,3975.27,
2026-09-11T01:47:24.501280+00:00,200,6910.44,
2026-09-11T01:47:16.603123+00:00,200,14827.95,
2026-09-11T01:47:26.027561+00:00,200,5436.15,
2026-09-11T01:47:14.319642+00:00,200,17148.52,
2026-09-11T01:47:29.005783+00:00,200,2467.00,
2026-09-11T01:46:47.646152+00:00,200,43854.12,
2026-09-11T01:47:23.170469+00:00,200,8349.52,
2026-09-11T01:47:15.208805+00:00,200,16312.94,
2026-09-11T01:47:19.603484+00:00,200,11929.88,
2026-09-11T01:47:13.325899+00:00,200,18231.34,
2026-09-11T01:46:55.704879+00:00,200,35876.65,
2026-09-11T01:47:29.910510+00:00,200,1661.20,
2026-09-11T01:46:32.220129+00:00,200,59367.03,
2026-09-11T01:47:17.030906+00:00,200,14555.52,
2026-09-11T01:47:28.796259+00:00,200,2798.81,
2026-09-11T01:47:17.929731+00:00,200,13667.98,
2026-09-11T01:47:12.018889+00:00,200,19580.82,
2026-09-11T01:47:09.518617+00:00,200,22084.83,
2026-09-11T01:46:53.432802+00:00,200,38188.10,
2026-09-11T01:47:13.557255+00:00,200,18081.30,
2026-09-11T01:47:27.526255+00:00,200,4153.57,
2026-09-11T01:46:59.991637+00:00,200,31689.49,
2026-09-11T01:47:26.777484+00:00,200,4919.92,
2026-09-11T01:47:25.956500+00:00,200,5752.14,
2026-09-11T01:47:22.510836+00:00,200,9218.74,
2026-09-11T01:47:11.467073+00:00,200,20269.56,
2026-09-11T01:47:16.857282+00:00,200,14905.49,
2026-09-11T01:47:16.832753+00:00,200,14929.26,
2026-09-11T01:47:22.861020+00:00,200,8917.32,
2026-09-11T01:47:19.549568+00:00,200,12234.12,
2026-09-11T01:47:20.153287+00:00,200,11646.22,
2026-09-11T01:47:30.566350+00:00,200,1245.01,
2026-09-11T01:47:18.277247+00:00,200,13540.12,
2026-09-11T01:47:28.672983+00:00,200,3148.63,
2026-09-11T01:46:44.683526+00:00,200,47140.84,
2026-09-11T01:47:28.593723+00:00,200,3249.07,
2026-09-11T01:47:31.198629+00:00,200,641.79,
2026-09-11T01:47:20.484510+00:00,200,11399.31,
2026-09-11T01:47:23.345373+00:00,200,8569.04,
2026-09-11T01:47:02.830613+00:00,200,29096.87,
2026-09-11T01:47:13.262432+00:00,200,18677.67,
2026-09-11T01:47:09.817094+00:00,200,22125.65,
2026-09-11T01:47:26.435861+00:00,200,5528.50,
2026-09-11T01:47:28.446235+00:00,200,3520.86,
2026-09-11T01:46:44.445155+00:00,200,47532.51,
2026-09-11T01:47:12.288756+00:00,200,19691.69,
2026-09-11T01:47:26.105498+00:00,200,5883.09,
2026-09-11T01:47:08.541870+00:00,200,23458.12,
2026-09-11T01:47:30.562796+00:00,200,1448.65,
2026-09-11T01:47:26.869046+00:00,200,5156.42,
2026-09-11T01:47:30.210130+00:00,200,1816.18,
2026-09-11T01:47:16.397892+00:00,200,15633.82,
2026-09-11T01:47:23.831698+00:00,200,8207.56,
2026-09-11T01:47:30.384831+00:00,200,1667.65,
2026-09-11T01:46:50.218710+00:00,200,41843.11,
2026-09-11T01:47:28.896096+00:00,200,3175.23,
2026-09-11T01:47:02.291608+00:00,200,29796.88,
2026-09-11T01:47:15.478072+00:00,200,16638.54,
2026-09-11T01:47:17.697940+00:00,200,14444.67,
2026-09-11T01:47:07.475619+00:00,200,24665.65,
2026-09-11T01:47:29.693631+00:00,200,2492.96,
2026-09-11T01:46:58.356910+00:00,200,33831.88,
2026-09-11T01:47:18.776740+00:00,200,13417.63,
2026-09-11T01:47:29.412397+00:00,200,2788.51,
2026-09-11T01:47:28.295313+00:00,200,3922.18,
2026-09-11T01:47:17.581987+00:00,200,14653.31,
2026-09-11T01:47:13.986026+00:00,200,18268.40,
2026-09-11T01:47:25.442342+00:00,200,6815.95,
2026-09-11T01:47:08.350213+00:00,200,23919.64,
2026-09-11T01:47:26.924297+00:00,200,5350.37,
2026-09-11T01:47:21.629391+00:00,200,10683.31,
2026-09-11T01:47:31.918047+00:00,200,403.42,
2026-09-11T01:47:15.162410+00:00,200,17172.80,
2026-09-11T01:47:25.676068+00:00,200,6673.02,
2026-09-11T01:47:18.288698+00:00,200,14061.30,
2026-09-11T01:47:30.249369+00:00,200,2107.27,
2026-09-11T01:47:12.092131+00:00,200,20272.86,
2026-09-11T01:47:30.469430+00:00,200,1917.39,
2026-09-11T01:47:13.851765+00:00,200,18541.81,
2026-09-11T01:47:23.721646+00:00,200,8678.40,
2026-09-11T01:47:28.197521+00:00,200,4222.33,
2026-09-11T01:47:31.719108+00:00,200,711.75,
2026-09-11T01:47:18.894125+00:00,200,13557.03,
2026-09-11T01:47:27.019242+00:00,200,5440.26,
2026-09-11T01:47:03.729016+00:00,200,28752.15,
2026-09-11T01:47:25.447929+00:00,200,7041.51,
2026-09-11T01:47:21.350269+00:00,200,11141.98,
2026-09-11T01:47:28.238652+00:00,200,4263.31,
2026-09-11T01:47:13.567886+00:00,200,18943.87,
2026-09-11T01:47:25.455092+00:00,200,7082.56,
2026-09-11T01:47:18.101185+00:00,200,14447.94,
2026-09-11T01:47:10.256745+00:00,200,22301.60,
2026-09-11T01:47:23.048421+00:00,200,9511.58,
2026-09-11T01:47:10.543973+00:00,200,22029.22,
2026-09-11T01:47:21.645709+00:00,200,10926.37,
2026-09-11T01:47:12.217308+00:00,200,20385.12,
2026-09-11T01:47:26.686270+00:00,200,5917.62,
2026-09-11T01:47:27.075456+00:00,200,5527.25,
2026-09-11T01:47:25.465740+00:00,200,7173.47,
2026-09-11T01:47:24.769887+00:00,200,7879.27,
2026-09-11T01:47:23.898079+00:00,200,8760.31,
2026-09-11T01:47:21.168078+00:00,200,11496.50,
2026-09-11T01:47:13.058028+00:00,200,19608.63,
2026-09-11T01:47:19.626798+00:00,200,13048.38,
2026-09-11T01:47:26.926305+00:00,200,5758.17,
2026-09-11T01:47:31.371746+00:00,200,1318.76,
2026-09-11T01:47:20.053473+00:00,200,12646.36,
2026-09-11T01:47:31.577512+00:00,200,1121.30,
2026-09-11T01:47:04.151830+00:00,200,28583.81,
2026-09-11T01:47:24.501280+00:00,200,8241.65,
2026-09-11T01:47:31.367092+00:00,200,1388.29,
2026-09-11T01:47:27.764300+00:00,200,5019.17,
2026-09-11T01:47:05.873952+00:00,200,26938.64,
2026-09-11T01:47:13.536800+00:00,200,19276.31,
2026-09-11T01:47:31.155899+00:00,200,1664.87,
2026-09-11T01:47:23.972093+00:00,200,8865.50,
2026-09-11T01:47:23.587585+00:00,200,9251.55,
2026-09-11T01:47:31.212183+00:00,200,1636.75,
2026-09-11T01:47:20.454476+00:00,200,12416.46,
2026-09-11T01:46:44.590636+00:00,200,48281.55,
2026-09-11T01:47:19.685482+00:00,200,13208.06,
2026-09-11T01:47:29.270754+00:00,200,3622.08,
2026-09-11T01:47:24.810262+00:00,200,8104.29,
2026-09-11T01:47:26.902525+00:00,200,6019.66,
2026-09-11T01:47:22.996495+00:00,200,9950.63,
2026-09-11T01:47:23.907409+00:00,200,9053.74,
2026-09-11T01:47:22.251368+00:00,200,10713.79,
2026-09-11T01:47:12.489249+00:00,200,20479.59,
2026-09-11T01:47:14.024622+00:00,200,18942.28,
2026-09-11T01:47:29.334888+00:00,200,3645.79,
2026-09-11T01:47:32.601894+00:00,200,395.58,
2026-09-11T01:47:29.795234+00:00,200,3201.90,
2026-09-11T01:47:25.723551+00:00,200,7302.46,
2026-09-11T01:47:29.619330+00:00,200,3413.61,
2026-09-11T01:47:09.403272+00:00,200,23625.95,
2026-09-11T01:47:02.417222+00:00,200,30631.56,
2026-09-11T01:47:27.464222+00:00,200,5597.49,
2026-09-11T01:47:30.856861+00:00,200,2217.71,
2026-09-11T01:47:26.595069+00:00,200,6482.38,
2026-09-11T01:47:13.437889+00:00,200,19646.52,
2026-09-11T01:47:21.957215+00:00,200,11177.71,
2026-09-11T01:47:23.645486+00:00,200,9503.82,
2026-09-11T01:47:27.843169+00:00,200,5316.19,
2026-09-11T01:47:28.970473+00:00,200,4197.55,
2026-09-11T01:47:29.941134+00:00,200,3241.71,
2026-09-11T01:47:27.859307+00:00,200,5325.56,
2026-09-11T01:47:24.112756+00:00,200,9091.80,
2026-09-11T01:47:25.512079+00:00,200,7698.62,
2026-09-11T01:47:26.394923+00:00,200,6833.14,
2026-09-11T01:47:24.263473+00:00,200,8974.80,
2026-09-11T01:47:09.595168+00:00,200,23658.89,
2026-09-11T01:47:19.675900+00:00,200,13589.16,
2026-09-11T01:47:27.526255+00:00,200,5736.85,
2026-09-11T01:47:10.221312+00:00,200,23046.93,
2026-09-11T01:47:24.183150+00:00,200,9077.42,
2026-09-11T01:47:29.097931+00:00,200,4171.39,
2026-09-11T01:47:28.197521+00:00,200,5097.23,
2026-09-11T01:47:31.075221+00:00,200,2238.84,
2026-09-11T01:47:31.967717+00:00,200,1357.47,
2026-09-11T01:47:32.235924+00:00,200,1085.03,
2026-09-11T01:47:31.235842+00:00,200,2093.31,
2026-09-11T01:47:09.839335+00:00,200,23500.09,
2026-09-11T01:47:31.807217+00:00,200,1525.10,
2026-09-11T01:47:32.235924+00:00,200,1128.19,
2026-09-11T01:47:20.115697+00:00,200,13252.24,
2026-09-11T01:47:23.293394+00:00,200,10103.48,
2026-09-11T01:47:28.399843+00:00,200,4998.60,
2026-09-11T01:47:30.099656+00:00,200,3307.93,
2026-09-11T01:47:33.264889+00:00,200,154.59,
2026-09-11T01:47:23.947244+00:00,200,9473.11,
2026-09-11T01:47:31.461047+00:00,200,1957.88,
2026-09-11T01:47:12.728881+00:00,200,20695.61,
2026-09-11T01:47:23.063962+00:00,200,10361.19,
2026-09-11T01:47:19.963972+00:00,200,13464.96,
2026-09-11T01:47:19.013675+00:00,200,14450.58,
2026-09-11T01:47:30.028085+00:00,200,3445.38,
2026-09-11T01:47:29.064878+00:00,200,4406.75,
2026-09-11T01:47:33.160822+00:00,200,354.47,
2026-09-11T01:47:03.370756+00:00,200,30157.30,
2026-09-11T01:47:26.229834+00:00,200,7325.28,
2026-09-11T01:47:20.640276+00:00,200,12927.63,
2026-09-11T01:47:04.794284+00:00,200,28777.18,
2026-09-11T01:47:21.179141+00:00,200,12399.81,
2026-09-11T01:47:28.558301+00:00,200,5024.33,
2026-09-11T01:47:23.752822+00:00,200,9839.12,
2026-09-11T01:47:18.411719+00:00,200,15181.39,
2026-09-11T01:47:13.649131+00:00,200,19979.46,
2026-09-11T01:46:34.938582+00:00,200,58708.65,
2026-09-11T01:47:28.001767+00:00,200,5641.19,
2026-09-11T01:47:24.526412+00:00,200,9145.85,
2026-09-11T01:47:31.478428+00:00,200,2196.25,
2026-09-11T01:47:24.401131+00:00,200,9281.03,
2026-09-11T01:47:32.143273+00:00,200,1541.28,
2026-09-11T01:47:30.804024+00:00,200,2893.63,
2026-09-11T01:47:17.853557+00:00,200,15852.58,
2026-09-11T01:47:30.975737+00:00,200,2745.89,
2026-09-11T01:47:27.820757+00:00,200,5909.22,
2026-09-11T01:47:31.533068+00:00,200,2204.97,
2026-09-11T01:47:29.254952+00:00,200,4484.17,
2026-09-11T01:47:33.554918+00:00,200,205.59,
2026-09-11T01:47:26.484975+00:00,200,7279.02,
2026-09-11T01:47:06.458936+00:00,200,27309.44,
2026-09-11T01:47:08.166529+00:00,200,25608.49,
2026-09-11T01:47:31.101704+00:00,200,2685.00,
2026-09-11T01:47:27.772467+00:00,200,6028.40,
2026-09-11T01:47:29.501395+00:00,200,4322.01,
2026-09-11T01:47:21.514170+00:00,200,12328.60,
2026-09-11T01:46:56.798582+00:00,200,37050.17,
2026-09-11T01:47:32.999409+00:00,200,900.44,
2026-09-11T01:47:30.450848+00:00,200,3447.73,
2026-09-11T01:47:32.031503+00:00,200,1889.56,
2026-09-11T01:47:27.628112+00:00,200,6297.66,
2026-09-11T01:47:30.557606+00:00,200,3375.98,
2026-09-11T01:47:28.996851+00:00,200,4948.76,
2026-09-11T01:47:19.612768+00:00,200,14335.43,
2026-09-11T01:47:13.094905+00:00,200,20859.11,
2026-09-11T01:47:07.818352+00:00,200,26137.20,
2026-09-11T01:47:12.206208+00:00,200,21758.72,
2026-09-11T01:47:31.981634+00:00,200,1991.72,
2026-09-11T01:47:29.384923+00:00,200,4599.68,
2026-09-11T01:47:28.435183+00:00,200,5546.42,
2026-09-11T01:47:25.040239+00:00,200,8975.89,
2026-09-11T01:47:23.297187+00:00,200,10726.38,
2026-09-11T01:47:33.211116+00:00,200,816.63,
2026-09-11T01:47:01.549087+00:00,200,32484.50,
2026-09-11T01:47:29.260977+00:00,200,4783.14,
2026-09-11T01:47:19.919214+00:00,200,14130.35,
2026-09-11T01:47:17.987060+00:00,200,16066.32,
2026-09-11T01:47:31.204640+00:00,200,2868.89,
2026-09-11T01:47:32.862893+00:00,200,1216.76,
2026-09-11T01:47:33.032797+00:00,200,1052.20,
2026-09-11T01:47:26.660017+00:00,200,7425.41,
2026-09-11T01:47:27.040999+00:00,200,7054.62,
2026-09-11T01:46:58.322447+00:00,200,35803.50,
2026-09-11T01:47:22.405245+00:00,200,11759.64,
2026-09-11T01:47:32.903195+00:00,200,1283.16,
2026-09-11T01:47:32.468600+00:00,200,1725.87,
2026-09-11T01:47:24.763355+00:00,200,9429.71,
2026-09-11T01:47:26.369953+00:00,200,7828.95,
2026-09-11T01:47:15.507959+00:00,200,18692.62,
2026-09-11T01:47:11.873706+00:00,200,22334.52,
2026-09-11T01:47:32.219342+00:00,200,1997.20,
2026-09-11T01:47:18.638693+00:00,200,15587.94,
2026-09-11T01:47:28.136158+00:00,200,6103.97,
2026-09-11T01:47:34.078618+00:00,200,169.60,
2026-09-11T01:47:28.064533+00:00,200,6171.52,
2026-09-11T01:46:45.993358+00:00,200,48256.80,
2026-09-11T01:47:26.669827+00:00,200,7595.55,
2026-09-11T01:47:28.522748+00:00,200,5773.76,
2026-09-11T01:47:30.479567+00:00,200,3814.86,
2026-09-11T01:47:32.352955+00:00,200,1946.71,
2026-09-11T01:47:30.258105+00:00,200,4040.39,
2026-09-11T01:47:15.045453+00:00,200,19264.69,
2026-09-11T01:47:06.793264+00:00,200,27535.72,
2026-09-11T01:46:42.789459+00:00,200,51548.27,
2026-09-11T01:47:29.875038+00:00,200,4473.65,
2026-09-11T01:47:27.971899+00:00,200,6390.74,
2026-09-11T01:47:15.396230+00:00,200,18971.29,
2026-09-11T01:47:05.985536+00:00,200,28392.61,
2026-09-11T01:47:17.779629+00:00,200,16608.55,
2026-09-11T01:47:19.823189+00:00,200,14591.53,
2026-09-11T01:47:09.974287+00:00,200,24457.37,
2026-09-11T01:47:12.453782+00:00,200,21972.95,
2026-09-11T01:47:25.233093+00:00,200,9216.26,
2026-09-11T01:47:23.104788+00:00,200,11349.51,
2026-09-11T01:47:29.685251+00:00,200,4767.93,
2026-09-11T01:47:10.362393+00:00,200,24097.34,
2026-09-11T01:47:04.455116+00:00,200,30007.86,
2026-09-11T01:47:28.599745+00:00,200,5868.98,
2026-09-11T01:47:25.527863+00:00,200,8941.67,
2026-09-11T01:47:29.555991+00:00,200,4930.77,
2026-09-11T01:47:27.099768+00:00,200,7392.45,
2026-09-11T01:47:28.954162+00:00,200,5538.92,
2026-09-11T01:47:26.404564+00:00,200,8102.12,
2026-09-11T01:47:27.779220+00:00,200,6728.75,
2026-09-11T01:47:24.627874+00:00,200,9884.71,
2026-09-11T01:47:15.928728+00:00,200,18593.47,
2026-09-11T01:47:33.535505+00:00,200,1010.18,
2026-09-11T01:47:15.081695+00:00,200,19469.95,
2026-09-11T01:47:24.421704+00:00,200,10121.96,
2026-09-11T01:47:22.084683+00:00,200,12479.06,
2026-09-11T01:47:22.596274+00:00,200,11988.02,
2026-09-11T01:47:31.596543+00:00,200,2990.67,
2026-09-11T01:47:33.323102+00:00,200,1277.93,
2026-09-11T01:47:27.685980+00:00,200,6929.31,
2026-09-11T01:47:23.318034+00:00,200,11294.14,
2026-09-11T01:47:25.805595+00:00,200,8834.54,
2026-09-11T01:47:18.638693+00:00,200,15994.15,
2026-09-11T01:47:18.734449+00:00,200,15917.46,
2026-09-11T01:47:14.847705+00:00,200,19823.17,
2026-09-11T01:47:22.144079+00:00,200,12534.02,
2026-09-11T01:47:33.268889+00:00,200,1416.90,
2026-09-11T01:47:32.753178+00:00,200,1941.33,
2026-09-11T01:47:21.815387+00:00,200,12885.17,
2026-09-11T01:47:23.818104+00:00,200,10882.52,
2026-09-11T01:47:34.551746+00:00,200,161.56,
2026-09-11T01:47:11.622576+00:00,200,23097.46,
2026-09-11T01:47:31.092505+00:00,200,3637.46,
2026-09-11T01:47:31.065985+00:00,200,3678.07,
2026-09-11T01:47:30.523651+00:00,200,4228.86,
2026-09-11T01:47:32.005801+00:00,200,2748.37,
2026-09-11T01:47:33.760529+00:00,200,1030.50,
2026-09-11T01:47:05.063740+00:00,200,29733.85,
2026-09-11T01:47:24.353441+00:00,200,10461.65,
2026-09-11T01:47:32.451561+00:00,200,2367.11,
2026-09-11T01:47:27.653521+00:00,200,7167.88,
2026-09-11T01:47:20.072604+00:00,200,14752.11,
2026-09-11T01:47:12.232976+00:00,200,22592.18,
2026-09-11T01:47:28.985991+00:00,200,5841.59,
2026-09-11T01:47:31.933940+00:00,200,2886.74,
2026-09-11T01:47:31.127202+00:00,200,3703.10,
2026-09-11T01:47:33.142481+00:00,200,1690.07,
2026-09-11T01:47:28.903242+00:00,200,5958.36,
2026-09-11T01:47:26.073088+00:00,200,8808.06,
2026-09-11T01:47:31.827585+00:00,200,3073.55,
2026-09-11T01:47:15.208805+00:00,200,19698.21,
2026-09-11T01:47:28.312152+00:00,200,6614.12,
2026-09-11T01:47:18.170751+00:00,200,16772.34,
2026-09-11T01:47:13.653183+00:00,200,21291.82,
2026-09-11T01:47:32.630538+00:00,200,2336.00,
2026-09-11T01:47:28.576531+00:00,200,6399.36,
2026-09-11T01:47:28.334268+00:00,200,6640.38,
2026-09-11T01:47:18.112757+00:00,200,16877.48,
2026-09-11T01:47:29.181628+00:00,200,5826.91,
2026-09-11T01:47:32.668216+00:00,200,2347.32,
2026-09-11T01:47:33.231223+00:00,200,1792.47,
2026-09-11T01:47:29.412397+00:00,200,5613.24,
2026-09-11T01:47:29.903998+00:00,200,5125.94,
2026-09-11T01:47:33.848030+00:00,200,1190.52,
2026-09-11T01:47:29.811929+00:00,200,5228.71,
2026-09-11T01:47:19.961972+00:00,200,15095.56,
2026-09-11T01:47:23.517855+00:00,200,11548.86,
2026-09-11T01:47:18.845307+00:00,200,16235.80,
2026-09-11T01:47:33.672933+00:00,200,1415.67,
2026-09-11T01:47:25.233093+00:00,200,9859.08,
2026-09-11T01:47:29.947507+00:00,200,5162.85,
2026-09-11T01:47:32.394060+00:00,200,2721.87,
2026-09-11T01:47:31.639203+00:00,200,3502.15,
2026-09-11T01:47:34.210032+00:00,200,947.24,
2026-09-11T01:47:03.439555+00:00,200,31720.25,
2026-09-11T01:47:31.294764+00:00,200,3867.98,
2026-09-11T01:47:25.307225+00:00,200,9864.26,
2026-09-11T01:46:48.775281+00:00,200,46407.45,
2026-09-11T01:47:26.407589+00:00,200,8786.25,
2026-09-11T01:47:12.031460+00:00,200,23163.51,
2026-09-11T01:47:07.676588+00:00,200,27532.87,
2026-09-11T01:47:27.973472+00:00,200,7237.05,
2026-09-11T01:47:17.897504+00:00,200,17317.68,
2026-09-11T01:47:28.569841+00:00,200,6648.19,
2026-09-11T01:47:13.485520+00:00,200,21740.60,
2026-09-11T01:47:19.330836+00:00,200,15915.74,
2026-09-11T01:47:26.834564+00:00,200,8422.24,
2026-09-11T01:47:19.062724+00:00,200,16200.21,
2026-09-11T01:47:32.366057+00:00,200,2909.12,
2026-09-11T01:47:18.124676+00:00,200,17155.26,
2026-09-11T01:47:12.954358+00:00,200,22337.66,
2026-09-11T01:47:18.155132+00:00,200,17159.61,
2026-09-11T01:47:12.358865+00:00,200,22974.04,
2026-09-11T01:47:26.214835+00:00,200,9123.25,
2026-09-11T01:47:33.345460+00:00,200,1995.87,
2026-09-11T01:47:31.883229+00:00,200,3459.22,
2026-09-11T01:47:30.990893+00:00,200,4357.78,
2026-09-11T01:47:22.226494+00:00,200,13126.40,
2026-09-11T01:47:35.179351+00:00,200,173.42,
2026-09-11T01:47:01.861616+00:00,200,33512.32,
2026-09-11T01:47:33.804163+00:00,200,1577.94,
2026-09-11T01:47:34.487844+00:00,200,898.06,
2026-09-11T01:47:22.653065+00:00,200,12742.01,
2026-09-11T01:47:25.638901+00:00,200,9760.07,
2026-09-11T01:47:32.269155+00:00,200,3154.67,
2026-09-11T01:47:34.705922+00:00,200,728.57,
2026-09-11T01:47:10.962182+00:00,200,24500.42,
2026-09-11T01:47:17.459516+00:00,200,18003.38,
2026-09-11T01:47:25.698967+00:00,200,9768.11,
2026-09-11T01:47:17.667179+00:00,200,17809.15,
2026-09-11T01:47:24.112756+00:00,200,11366.14,
2026-09-11T01:47:21.369509+00:00,200,14116.90,
2026-09-11T01:47:06.545480+00:00,200,28945.22,
2026-09-11T01:47:26.012312+00:00,200,9479.68,
2026-09-11T01:47:35.315042+00:00,200,188.34,
2026-09-11T01:47:32.252753+00:00,200,3258.34,
2026-09-11T01:47:35.189074+00:00,200,355.24,
2026-09-11T01:47:27.339258+00:00,200,8245.42,
2026-09-11T01:47:11.588431+00:00,200,24006.00,
2026-09-11T01:47:33.083335+00:00,200,2537.10,
2026-09-11T01:47:35.460288+00:00,200,164.14,
2026-09-11T01:47:17.870641+00:00,200,17756.92,
2026-09-11T01:47:22.430246+00:00,200,13200.38,
2026-09-11T01:47:18.686635+00:00,200,16955.53,
2026-09-11T01:47:24.878838+00:00,200,10754.08,
2026-09-11T01:47:32.693550+00:00,200,2954.61,
2026-09-11T01:47:23.701046+00:00,200,11951.81,
2026-09-11T01:47:26.693843+00:00,200,8968.28,
2026-09-11T01:47:18.955934+00:00,200,16708.40,
2026-09-11T01:46:57.749971+00:00,200,37944.66,
2026-09-11T01:47:29.676927+00:00,200,6019.41,
2026-09-11T01:47:10.656514+00:00,200,25045.55,
2026-09-11T01:47:18.559899+00:00,200,17149.64,
2026-09-11T01:47:33.416467+00:00,200,2291.06,
2026-09-11T01:47:14.437131+00:00,200,21283.52,
2026-09-11T01:47:31.402499+00:00,200,4330.25,
2026-09-11T01:47:29.543574+00:00,200,6188.32,
2026-09-11T01:47:25.723551+00:00,200,10014.32,
2026-09-11T01:47:27.595267+00:00,200,8167.85,
2026-09-11T01:46:55.562909+00:00,200,40203.35,
2026-09-11T01:47:00.620497+00:00,200,35157.33,
2026-09-11T01:47:04.666347+00:00,200,31111.96,
2026-09-11T01:47:35.463267+00:00,200,336.96,
2026-09-11T01:47:35.620620+00:00,200,198.32,
2026-09-11T01:47:24.246861+00:00,200,11568.83,
2026-09-11T01:47:27.542103+00:00,200,8311.63,
2026-09-11T01:47:32.560704+00:00,200,3298.74,
2026-09-11T01:46:51.473793+00:00,200,44398.52,
2026-09-11T01:47:33.400491+00:00,200,2480.39,
2026-09-11T01:47:29.114310+00:00,200,6767.46,
2026-09-11T01:47:17.654933+00:00,200,18254.81,
2026-09-11T01:47:13.664944+00:00,200,22247.35,
2026-09-11T01:47:34.236099+00:00,200,1679.99,
2026-09-11T01:47:04.356490+00:00,200,31566.06,
2026-09-11T01:47:31.703011+00:00,200,4246.17,
2026-09-11T01:47:12.528051+00:00,200,23426.08,
2026-09-11T01:47:29.165147+00:00,200,6809.77,
2026-09-11T01:47:29.289780+00:00,200,6690.96,
2026-09-11T01:47:34.413532+00:00,200,1569.53,
2026-09-11T01:47:28.796259+00:00,200,7192.17,
2026-09-11T01:47:27.718667+00:00,200,8270.30,
2026-09-11T01:47:31.623271+00:00,200,4372.42,
2026-09-11T01:47:09.628389+00:00,200,26370.71,
2026-09-11T01:47:12.260222+00:00,200,23750.39,
2026-09-11T01:47:24.727053+00:00,200,11295.11,
2026-09-11T01:46:55.562909+00:00,200,40469.01,
2026-09-11T01:47:34.132232+00:00,200,1926.23,
2026-09-11T01:47:35.695608+00:00,200,366.71,
2026-09-11T01:47:22.109007+00:00,200,13958.97,
2026-09-11T01:47:27.294955+00:00,200,8780.09,
2026-09-11T01:47:35.426684+00:00,200,657.47,
2026-09-11T01:47:12.092131+00:00,200,23988.91,
2026-09-11T01:47:11.001233+00:00,200,25101.17,
2026-09-11T01:47:32.035901+00:00,200,4082.56,
2026-09-11T01:47:23.879247+00:00,200,12241.59,
2026-09-11T01:47:24.906482+00:00,200,11231.33,
2026-09-11T01:47:13.254129+00:00,200,22893.92,
2026-09-11T01:47:35.827386+00:00,200,321.91,
2026-09-11T01:47:22.884312+00:00,200,13287.49,
2026-09-11T01:47:31.308119+00:00,200,4872.59,
2026-09-11T01:47:35.626658+00:00,200,572.51,
2026-09-11T01:47:25.004429+00:00,200,11186.68,
2026-09-11T01:47:21.464120+00:00,200,14732.27,
2026-09-11T01:47:21.767933+00:00,200,14442.31,
2026-09-11T01:47:28.227980+00:00,200,7987.33,
2026-09-11T01:47:31.807217+00:00,200,4440.93,
2026-09-11T01:47:35.574088+00:00,200,680.44,
2026-09-11T01:47:24.228996+00:00,200,12038.68,
2026-09-11T01:47:26.843484+00:00,200,9438.57,
2026-09-11T01:47:24.698015+00:00,200,11603.12,
2026-09-11T01:47:27.162662+00:00,200,9146.75,
2026-09-11T01:47:16.762166+00:00,200,19549.38,
2026-09-11T01:47:32.923804+00:00,200,3400.79,
2026-09-11T01:47:24.103147+00:00,200,12223.21,
2026-09-11T01:47:21.619392+00:00,200,14734.57,
2026-09-11T01:47:33.400491+00:00,200,2961.61,
2026-09-11T01:47:31.683904+00:00,200,4691.33,
2026-09-11T01:47:17.167619+00:00,200,19208.17,
2026-09-11T01:47:23.176807+00:00,200,13210.31,
2026-09-11T01:47:28.844199+00:00,200,7533.70,
2026-09-11T01:47:31.335579+00:00,200,5061.58,
2026-09-11T01:47:15.428298+00:00,200,20965.89,
2026-09-11T01:47:28.001767+00:00,200,8400.33,
2026-09-11T01:47:30.016174+00:00,200,6408.24,
2026-09-11T01:47:35.014072+00:00,200,1423.77,
2026-09-11T01:47:32.269155+00:00,200,4166.64,
2026-09-11T01:47:06.300617+00:00,200,30157.97,
2026-09-11T01:46:58.003984+00:00,200,38481.57,
2026-09-11T01:47:31.198629+00:00,200,5295.67,
2026-09-11T01:47:36.080888+00:00,200,410.77,
2026-09-11T01:47:36.353911+00:00,200,146.60,
2026-09-11T01:47:32.388150+00:00,200,4115.37,
2026-09-11T01:47:33.416467+00:00,200,3085.44,
2026-09-11T01:47:26.426734+00:00,200,10089.43,
2026-09-11T01:47:29.910510+00:00,200,6609.08,
2026-09-11T01:47:19.098149+00:00,200,17436.82,
2026-09-11T01:47:07.991447+00:00,200,28562.63,
2026-09-11T01:47:32.784881+00:00,200,3817.89,
2026-09-11T01:47:29.143913+00:00,200,7483.94,
2026-09-11T01:47:33.978802+00:00,200,2655.56,
2026-09-11T01:47:34.276683+00:00,200,2356.87,
2026-09-11T01:47:32.535278+00:00,200,4104.77,
2026-09-11T01:47:29.853799+00:00,200,6795.84,
2026-09-11T01:47:32.336375+00:00,200,4321.07,
2026-09-11T01:47:26.889752+00:00,200,9777.56,
2026-09-11T01:47:27.450121+00:00,200,9216.84,
2026-09-11T01:47:08.849305+00:00,200,27848.38,
2026-09-11T01:47:36.202700+00:00,200,514.93,
2026-09-11T01:47:18.400468+00:00,200,18321.87,
2026-09-11T01:47:11.492286+00:00,200,25238.11,
2026-09-11T01:47:30.284444+00:00,200,6446.44,
2026-09-11T01:47:28.064533+00:00,200,8678.81,
2026-09-11T01:47:12.361887+00:00,200,24392.47,
2026-09-11T01:47:11.110965+00:00,200,25647.44,
2026-09-11T01:47:20.413762+00:00,200,16347.12,
2026-09-11T01:47:12.298213+00:00,200,24466.34,
2026-09-11T01:47:17.893035+00:00,200,18892.52,
2026-09-11T01:47:31.252550+00:00,200,5546.42,
2026-09-11T01:47:09.416531+00:00,200,27400.90,
2026-09-11T01:47:28.874733+00:00,200,7968.04,
2026-09-11T01:47:25.455092+00:00,200,11385.69,
2026-09-11T01:47:28.529213+00:00,200,8339.30,
2026-09-11T01:47:28.576531+00:00,200,8318.39,
2026-09-11T01:47:17.169130+00:00,200,19732.01,
2026-09-11T01:47:31.756053+00:00,200,5158.04,
2026-09-11T01:47:35.023487+00:00,200,1901.24,
2026-09-11T01:47:29.207281+00:00,200,7703.95,
2026-09-11T01:47:28.890531+00:00,200,8057.29,
2026-09-11T01:47:22.760898+00:00,200,14194.41,
2026-09-11T01:47:32.811208+00:00,200,4146.89,
2026-09-11T01:47:11.279211+00:00,200,25697.91,
2026-09-11T01:47:10.297012+00:00,200,26686.61,
2026-09-11T01:47:27.193252+00:00,200,9795.88,
2026-09-11T01:47:29.165147+00:00,200,7837.78,
2026-09-11T01:47:34.610041+00:00,200,2395.32,
2026-09-11T01:47:07.281254+00:00,200,29721.80,
2026-09-11T01:47:07.054253+00:00,200,29962.33,
2026-09-11T01:47:24.219070+00:00,200,12802.53,
2026-09-11T01:47:34.087616+00:00,200,2941.20,
2026-09-11T01:47:36.866267+00:00,200,162.31,
2026-09-11T01:47:34.208523+00:00,200,2842.81,
2026-09-11T01:47:18.045207+00:00,200,19013.10,
2026-09-11T01:47:26.595069+00:00,200,10467.46,
2026-09-11T01:47:31.673389+00:00,200,5398.30,
2026-09-11T01:47:02.399932+00:00,200,34676.89,
2026-09-11T01:47:14.250524+00:00,200,22833.80,
2026-09-11T01:47:34.671196+00:00,200,2420.06,
2026-09-11T01:47:35.029879+00:00,200,2069.69,
2026-09-11T01:47:32.476978+00:00,200,4621.26,
2026-09-11T01:47:36.167511+00:00,200,940.30,
2026-09-11T01:47:06.684254+00:00,200,30428.42,
2026-09-11T01:47:23.461692+00:00,200,13660.88,
2026-09-11T01:47:27.431306+00:00,200,9699.77,
2026-09-11T01:47:11.561895+00:00,200,25587.44,
2026-09-11T01:47:23.941761+00:00,200,13221.05,
2026-09-11T01:47:27.958452+00:00,200,9205.33,
2026-09-11T01:47:12.693734+00:00,200,24485.74,
2026-09-11T01:47:33.087645+00:00,200,4123.26,
2026-09-11T01:47:23.514642+00:00,200,13698.94,
2026-09-11T01:47:28.906258+00:00,200,8330.20,
2026-09-11T01:47:19.681302+00:00,200,17574.03,
2026-09-11T01:47:28.048967+00:00,200,9225.53,
2026-09-11T01:47:10.546972+00:00,200,26729.85,
2026-09-11T01:47:31.101704+00:00,200,6188.40,
2026-09-11T01:47:32.872599+00:00,200,4442.04,
2026-09-11T01:47:26.792899+00:00,200,10552.12,
2026-09-11T01:47:34.243099+00:00,200,3109.34,
2026-09-11T01:47:23.232993+00:00,200,14141.31,
2026-09-11T01:47:25.163399+00:00,200,12249.48,
2026-09-11T01:47:27.114549+00:00,200,10318.29,
2026-09-11T01:47:31.591759+00:00,200,5851.90,
2026-09-11T01:47:19.511658+00:00,200,17931.43,
2026-09-11T01:47:36.080888+00:00,200,1364.04,
2026-09-11T01:47:20.349038+00:00,200,17104.69,
2026-09-11T01:47:11.943647+00:00,200,25519.69,
2026-09-11T01:47:16.397892+00:00,200,21053.24,
2026-09-11T01:47:35.033793+00:00,200,2432.62,
2026-09-11T01:47:26.757049+00:00,200,10759.30,
2026-09-11T01:47:36.447971+00:00,200,1079.36,
2026-09-11T01:47:31.101704+00:00,200,6429.92,
2026-09-11T01:47:28.759740+00:00,200,8795.08,
2026-09-11T01:47:16.587273+00:00,200,20966.20,
2026-09-11T01:47:37.352397+00:00,200,211.43,
2026-09-11T01:47:14.187991+00:00,200,23384.51,
2026-09-11T01:47:30.615372+00:00,200,7000.53,
2026-09-11T01:47:22.280386+00:00,200,15338.65,
2026-09-11T01:47:20.996956+00:00,200,16627.99,
2026-09-11T01:47:34.685865+00:00,200,2950.12,
2026-09-11T01:47:25.521320+00:00,200,12115.12,
2026-09-11T01:47:14.567251+00:00,200,23070.82,
2026-09-11T01:47:33.209407+00:00,200,4435.67,
2026-09-11T01:47:13.818553+00:00,200,23845.07,
2026-09-11T01:47:20.480970+00:00,200,17206.41,
2026-09-11T01:47:12.554663+00:00,200,25130.99,
2026-09-11T01:47:27.275993+00:00,200,10415.05,
2026-09-11T01:47:31.335579+00:00,200,6368.32,
2026-09-11T01:47:26.849257+00:00,200,10857.64,
2026-09-11T01:47:36.631619+00:00,200,1077.74,
2026-09-11T01:47:25.121488+00:00,200,12593.48,
2026-09-11T01:47:35.026488+00:00,200,2708.82,
2026-09-11T01:47:31.402499+00:00,200,6327.46,
2026-09-11T01:47:09.235567+00:00,200,28508.60,
2026-09-11T01:47:27.979224+00:00,200,9782.78,
2026-09-11T01:47:32.744897+00:00,200,5030.90,
2026-09-11T01:47:36.631619+00:00,200,1152.03,
2026-09-11T01:47:32.487780+00:00,200,5322.63,
2026-09-11T01:47:25.809613+00:00,200,12027.37,
2026-09-11T01:47:35.743332+00:00,200,2108.28,
2026-09-11T01:47:11.809231+00:00,200,26055.22,
2026-09-11T01:47:25.781984+00:00,200,12083.46,
2026-09-11T01:47:35.860079+00:00,200,2003.90,
2026-09-11T01:47:37.008915+00:00,200,893.75,
2026-09-11T01:47:10.289055+00:00,200,27624.47,
2026-09-11T01:47:20.333728+00:00,200,17588.22,
2026-09-11T01:47:35.981833+00:00,200,1940.94,
2026-09-11T01:47:30.099656+00:00,200,7830.56,
2026-09-11T01:47:25.321300+00:00,200,12615.73,
2026-09-11T01:47:35.078299+00:00,200,2857.63,
2026-09-11T01:47:18.225273+00:00,200,19725.40,
2026-09-11T01:47:20.620574+00:00,200,17335.54,
2026-09-11T01:47:29.597631+00:00,200,8358.84,
2026-09-11T01:47:32.707196+00:00,200,5283.88,
2026-09-11T01:47:23.413243+00:00,200,14584.06,
2026-09-11T01:47:37.376339+00:00,200,636.89,
2026-09-11T01:47:31.330559+00:00,200,6683.43,
2026-09-11T01:47:26.979792+00:00,200,11075.77,
2026-09-11T01:47:35.593306+00:00,200,2471.62,
2026-09-11T01:47:24.727053+00:00,200,13351.57,
2026-09-11T01:47:05.818717+00:00,200,32269.94,
2026-09-11T01:47:37.885470+00:00,200,207.00,
2026-09-11T01:47:16.954434+00:00,200,21145.68,
2026-09-11T01:47:27.510234+00:00,200,10588.61,
2026-09-11T01:47:20.379579+00:00,200,17738.86,
2026-09-11T01:47:35.491272+00:00,200,2660.37,
2026-09-11T01:47:28.462202+00:00,200,9709.09,
2026-09-11T01:47:26.734560+00:00,200,11438.19,
2026-09-11T01:47:19.969511+00:00,200,18215.89,
2026-09-11T01:47:24.929602+00:00,200,13255.37,
2026-09-11T01:47:37.552241+00:00,200,656.37,
2026-09-11T01:47:33.269394+00:00,200,4969.02,
2026-09-11T01:47:19.276217+00:00,200,18971.89,
2026-09-11T01:47:34.372450+00:00,200,3872.22,
2026-09-11T01:47:34.268354+00:00,200,3984.62,
2026-09-11T01:47:35.937833+00:00,200,2323.16,
2026-09-11T01:47:11.631510+00:00,200,26636.55,
2026-09-11T01:47:34.636073+00:00,200,3653.98,
2026-09-11T01:47:24.198920+00:00,200,14085.97,
2026-09-11T01:47:25.870561+00:00,200,12433.94,
2026-09-11T01:47:35.799556+00:00,200,2506.24,
2026-09-11T01:47:28.992017+00:00,200,9312.94,
2026-09-11T01:46:57.558560+00:00,200,40772.59,
2026-09-11T01:47:35.659962+00:00,200,2676.19,
2026-09-11T01:47:32.487780+00:00,200,5853.55,
2026-09-11T01:47:35.141025+00:00,200,3207.41,
2026-09-11T01:47:29.685251+00:00,200,8665.34,
2026-09-11T01:47:36.065132+00:00,200,2319.03,
2026-09-11T01:47:36.846902+00:00,200,1545.59,
2026-09-11T01:47:21.256660+00:00,200,17144.78,
2026-09-11T01:47:12.926374+00:00,200,25486.37,
2026-09-11T01:47:22.296352+00:00,200,16124.40,
2026-09-11T01:47:27.226809+00:00,200,11216.38,
2026-09-11T01:47:36.148888+00:00,200,2305.71,
2026-09-11T01:47:25.971960+00:00,200,12507.90,
2026-09-11T01:47:08.233549+00:00,200,30264.50,
2026-09-11T01:46:58.731007+00:00,200,39777.64,
2026-09-11T01:47:18.142988+00:00,200,20376.83,
2026-09-11T01:47:35.626658+00:00,200,2901.00,
2026-09-11T01:47:22.046023+00:00,200,16495.17,
2026-09-11T01:47:31.467104+00:00,200,7082.51,
2026-09-11T01:47:26.908475+00:00,200,11634.65,
2026-09-11T01:47:32.202691+00:00,200,6360.60,
2026-09-11T01:47:34.494235+00:00,200,4076.21,
2026-09-11T01:47:10.144101+00:00,200,28453.23,
2026-09-11T01:47:33.899795+00:00,200,4716.77,
2026-09-11T01:47:27.573994+00:00,200,11050.21,
2026-09-11T01:47:31.008790+00:00,200,7638.64,
2026-09-11T01:47:32.360898+00:00,200,6296.05,
2026-09-11T01:47:13.850254+00:00,200,24809.44,
2026-09-11T01:47:27.146270+00:00,200,11526.48,
2026-09-11T01:47:34.514722+00:00,200,4173.66,
2026-09-11T01:47:38.478470+00:00,200,212.33,
2026-09-11T01:46:49.116902+00:00,200,49575.05,
2026-09-11T01:47:37.454786+00:00,200,1292.80,
2026-09-11T01:47:33.299783+00:00,200,5449.05,
2026-09-11T01:47:35.712388+00:00,200,3052.52,
2026-09-11T01:47:36.252234+00:00,200,2516.01,
2026-09-11T01:47:30.134682+00:00,200,8640.25,
2026-09-11T01:47:13.768915+00:00,200,25010.79,
2026-09-11T01:47:24.533795+00:00,200,14242.96,
2026-09-11T01:47:37.012569+00:00,200,1774.19,
2026-09-11T01:47:22.869946+00:00,200,15917.90,
2026-09-11T01:47:29.054219+00:00,200,9736.85,
2026-09-11T01:47:38.597545+00:00,200,194.73,
2026-09-11T01:47:25.028191+00:00,200,13767.12,
2026-09-11T01:47:37.618906+00:00,200,1172.81,
2026-09-11T01:47:33.611766+00:00,200,5239.59,
2026-09-11T01:46:54.387258+00:00,200,44469.07,
2026-09-11T01:47:35.407035+00:00,200,3456.45,
2026-09-11T01:47:13.988785+00:00,200,24876.63,
2026-09-11T01:47:35.426684+00:00,200,3459.04,
2026-09-11T01:47:29.017701+00:00,200,9864.66,
2026-09-11T01:47:30.432193+00:00,200,8462.41,
2026-09-11T01:47:11.006772+00:00,200,27908.71,
2026-09-11T01:47:21.380339+00:00,200,17545.02,
2026-09-11T01:47:36.729461+00:00,200,2205.97,
2026-09-11T01:47:30.021477+00:00,200,8922.90,
2026-09-11T01:47:33.416467+00:00,200,5554.37,
2026-09-11T01:47:08.134622+00:00,200,30837.85,
2026-09-11T01:47:35.654152+00:00,200,3344.59,
2026-09-11T01:47:26.193619+00:00,200,12810.43,
2026-09-11T01:47:11.809231+00:00,200,27216.74,
2026-09-11T01:47:30.768056+00:00,200,8269.91,
2026-09-11T01:47:29.666994+00:00,200,9384.37,
2026-09-11T01:47:18.940114+00:00,200,20128.37,
2026-09-11T01:47:28.334268+00:00,200,10732.55,
2026-09-11T01:47:33.480057+00:00,200,5615.18,
2026-09-11T01:47:35.087965+00:00,200,4025.14,
2026-09-11T01:47:35.228258+00:00,200,3891.72,
2026-09-11T01:47:34.701516+00:00,200,4427.37,
2026-09-11T01:47:06.594554+00:00,200,32544.83,
2026-09-11T01:47:38.974873+00:00,200,187.39,
2026-09-11T01:47:27.100735+00:00,200,12064.14,
2026-09-11T01:47:32.185991+00:00,200,6995.20,
2026-09-11T01:47:39.033599+00:00,200,159.69,
2026-09-11T01:47:29.345249+00:00,200,9854.64,
2026-09-11T01:47:27.351784+00:00,200,11852.96,
2026-09-11T01:47:33.026290+00:00,200,6187.50,
2026-09-11T01:47:31.075221+00:00,200,8140.81,
2026-09-11T01:47:32.676499+00:00,200,6539.38,
2026-09-11T01:47:25.188462+00:00,200,14035.93,
2026-09-11T01:47:33.946874+00:00,200,5288.08,
2026-09-11T01:47:06.116743+00:00,200,33125.77,
2026-09-11T01:47:28.284791+00:00,200,10974.84,
2026-09-11T01:46:58.426881+00:00,200,40836.35,
2026-09-11T01:47:37.351396+00:00,200,1949.32,
2026-09-11T01:47:18.467947+00:00,200,20850.33,
2026-09-11T01:47:30.469430+00:00,200,8850.76,
2026-09-11T01:47:23.461692+00:00,200,15875.06,
2026-09-11T01:47:27.003206+00:00,200,12338.20,
2026-09-11T01:47:20.685340+00:00,200,18665.11,
2026-09-11T01:47:25.337341+00:00,200,14010.64,
2026-09-11T01:47:31.552137+00:00,200,7798.03,
2026-09-11T01:47:35.257444+00:00,200,4110.42,
2026-09-11T01:47:27.689665+00:00,200,11689.24,
2026-09-11T01:47:26.212824+00:00,200,13170.89,
2026-09-11T01:47:02.383515+00:00,200,37007.77,
2026-09-11T01:47:28.113880+00:00,200,11282.74,
2026-09-11T01:47:37.164154+00:00,200,2249.18,
2026-09-11T01:47:31.330559+00:00,200,8088.97,
2026-09-11T01:47:28.191750+00:00,200,11248.24,
2026-09-11T01:47:08.341901+00:00,200,31115.26,
2026-09-11T01:47:31.975567+00:00,200,7502.28,
2026-09-11T01:47:17.901565+00:00,200,21582.47,
2026-09-11T01:47:35.351627+00:00,200,4137.67,
2026-09-11T01:47:34.920254+00:00,200,4584.12,
2026-09-11T01:47:39.350638+00:00,200,163.87,
2026-09-11T01:47:31.276048+00:00,200,8252.96,
2026-09-11T01:47:35.171512+00:00,200,4399.93,
2026-09-11T01:47:23.392667+00:00,200,16187.35,
2026-09-11T01:47:31.140568+00:00,200,8464.20,
2026-09-11T01:47:39.045997+00:00,200,559.26,
2026-09-11T01:47:11.321014+00:00,200,28303.76,
2026-09-11T01:47:07.502763+00:00,200,32119.83,
2026-09-11T01:47:37.920543+00:00,200,1734.56,
2026-09-11T01:47:16.339782+00:00,200,23322.50,
2026-09-11T01:46:55.388512+00:00,200,44309.89,
2026-09-11T01:47:28.729965+00:00,200,10991.53,
2026-09-11T01:47:32.837872+00:00,200,6895.55,
2026-09-11T01:47:37.079800+00:00,200,2663.68,
2026-09-11T01:47:28.498238+00:00,200,11261.98,
2026-09-11T01:47:38.743894+00:00,200,1025.13,
2026-09-11T01:47:25.654835+00:00,200,14116.96,
2026-09-11T01:47:32.084913+00:00,200,7697.30,
2026-09-11T01:46:48.957551+00:00,200,50830.00,
2026-09-11T01:47:25.549541+00:00,200,14249.90,
2026-09-11T01:47:15.761306+00:00,200,24035.50,
2026-09-11T01:47:37.660483+00:00,200,2168.32,
2026-09-11T01:47:20.181699+00:00,200,19652.33,
2026-09-11T01:47:19.987094+00:00,200,19856.98,
2026-09-11T01:47:38.146081+00:00,200,1698.00,
2026-09-11T01:47:29.886157+00:00,200,9965.40,
2026-09-11T01:47:24.353441+00:00,200,15505.04,
2026-09-11T01:47:26.164267+00:00,200,13728.73,
2026-09-11T01:47:24.286127+00:00,200,15626.43,
2026-09-11T01:47:23.878246+00:00,200,16053.78,
2026-09-11T01:47:33.697588+00:00,200,6250.34,
2026-09-11T01:47:31.777052+00:00,200,8208.52,
2026-09-11T01:47:33.074810+00:00,200,6919.48,
2026-09-11T01:47:38.093788+00:00,200,1899.27,
2026-09-11T01:47:38.119028+00:00,200,1877.89,
2026-09-11T01:47:31.084497+00:00,200,8928.57,
2026-09-11T01:47:28.643232+00:00,200,11366.70,
2026-09-11T01:47:30.084925+00:00,200,9952.86,
2026-09-11T01:47:18.400468+00:00,200,21633.97,
2026-09-11T01:47:09.554065+00:00,200,30488.80,
2026-09-11T01:47:23.549058+00:00,200,16503.78,
2026-09-11T01:47:21.101284+00:00,200,18950.15,
2026-09-11T01:47:34.705922+00:00,200,5349.00,
2026-09-11T01:46:57.349990+00:00,200,42715.52,
2026-09-11T01:47:24.170653+00:00,200,15895.58,
2026-09-11T01:47:39.330841+00:00,200,745.78,
2026-09-11T01:47:38.504262+00:00,200,1617.99,
2026-09-11T01:47:33.265888+00:00,200,6863.09,
2026-09-11T01:47:31.086006+00:00,200,9041.33,
2026-09-11T01:47:38.579155+00:00,200,1550.78,
2026-09-11T01:47:21.480049+00:00,200,18654.61,
2026-09-11T01:47:35.649509+00:00,200,4531.42,
2026-09-11T01:47:04.891842+00:00,200,35297.26,
2026-09-11T01:47:36.975601+00:00,200,3225.04,
2026-09-11T01:47:33.347458+00:00,200,6856.10,
2026-09-11T01:47:02.308300+00:00,200,37899.51,
2026-09-11T01:47:37.050964+00:00,200,3162.41,
2026-09-11T01:47:36.272838+00:00,200,3976.62,
2026-09-11T01:47:36.180860+00:00,200,4097.68,
2026-09-11T01:46:50.607588+00:00,200,49668.54,
2026-09-11T01:47:21.436636+00:00,200,18855.07,
2026-09-11T01:47:38.398412+00:00,200,1908.29,
2026-09-11T01:47:31.765188+00:00,200,8555.71,
2026-09-11T01:47:13.866034+00:00,200,26443.88,
2026-09-11T01:47:06.827622+00:00,200,33494.12,
2026-09-11T01:47:15.953572+00:00,200,24365.58,
2026-09-11T01:47:35.479411+00:00,200,4872.76,
2026-09-11T01:46:58.688521+00:00,200,41667.44,
2026-09-11T01:47:29.983194+00:00,200,10390.89,
2026-09-11T01:47:37.005475+00:00,200,3373.01,
2026-09-11T01:47:29.944652+00:00,200,10442.72,
2026-09-11T01:47:22.474532+00:00,200,17917.52,
2026-09-11T01:47:40.202844+00:00,200,190.24,
2026-09-11T01:47:36.314734+00:00,200,4085.96,
2026-09-11T01:47:38.535162+00:00,200,1880.61,
2026-09-11T01:47:08.550221+00:00,200,31873.02,
2026-09-11T01:47:24.009966+00:00,200,16464.36,
2026-09-11T01:47:33.416467+00:00,200,7065.33,
2026-09-11T01:47:37.530819+00:00,200,2968.55,
2026-09-11T01:47:27.727689+00:00,200,12798.38,
2026-09-11T01:47:26.987122+00:00,200,13548.59,
2026-09-11T01:47:34.962642+00:00,200,5596.33,
2026-09-11T01:47:40.353673+00:00,200,209.78,
2026-09-11T01:47:35.493600+00:00,200,5070.92,
2026-09-11T01:47:28.812196+00:00,200,11761.51,
2026-09-11T01:47:30.210130+00:00,200,10373.82,
2026-09-11T01:47:25.723551+00:00,200,14902.49,
2026-09-11T01:47:21.259694+00:00,200,19356.19,
2026-09-11T01:47:33.056080+00:00,200,7583.69,
2026-09-11T01:46:58.653048+00:00,200,41998.36,
2026-09-11T01:46:50.869653+00:00,200,49776.05,
2026-09-11T01:47:06.793264+00:00,200,33868.85,
2026-09-11T01:47:17.008042+00:00,200,23672.27,
2026-09-11T01:47:33.737745+00:00,200,6952.24,
2026-09-11T01:47:32.185991+00:00,200,8519.93,
2026-09-11T01:47:31.552137+00:00,200,9159.24,
2026-09-11T01:47:36.786207+00:00,200,3931.85,
2026-09-11T01:47:30.692802+00:00,200,10026.72,
2026-09-11T01:47:27.935690+00:00,200,12785.14,
2026-09-11T01:47:23.801097+00:00,200,16919.97,
2026-09-11T01:47:28.064533+00:00,200,12662.44,
2026-09-11T01:47:35.712388+00:00,200,5021.23,
2026-09-11T01:47:09.808511+00:00,200,30928.04,
2026-09-11T01:47:38.119028+00:00,200,2644.38,
2026-09-11T01:47:39.371970+00:00,200,1393.26,
2026-09-11T01:47:36.142855+00:00,200,4624.61,
2026-09-11T01:47:34.097740+00:00,200,6679.25,
2026-09-11T01:47:31.842811+00:00,200,8939.03,
2026-09-11T01:47:32.573819+00:00,200,8210.78,
2026-09-11T01:47:10.911707+00:00,200,29883.24,
2026-09-11T01:47:24.111945+00:00,200,16692.80,
2026-09-11T01:47:17.275753+00:00,200,23535.11,
2026-09-11T01:47:35.166340+00:00,200,5647.15,
2026-09-11T01:47:35.114231+00:00,200,5711.14,
2026-09-11T01:47:39.699742+00:00,200,1130.83,
2026-09-11T01:47:39.661417+00:00,200,1193.98,
2026-09-11T01:47:31.101704+00:00,200,9765.43,
2026-09-11T01:47:26.777484+00:00,200,14102.80,
2026-09-11T01:47:37.443907+00:00,200,3463.10,
2026-09-11T01:47:31.395985+00:00,200,9539.48,
2026-09-11T01:47:22.213866+00:00,200,18741.33,
2026-09-11T01:47:23.122582+00:00,200,17834.96,
2026-09-11T01:47:24.978649+00:00,200,15981.45,
2026-09-11T01:47:39.093258+00:00,200,1871.55,
2026-09-11T01:47:18.877622+00:00,200,22083.42,
2026-09-11T01:47:21.018789+00:00,200,19980.21,
2026-09-11T01:47:34.584998+00:00,200,6414.27,
2026-09-11T01:47:32.551748+00:00,200,8465.54,
2026-09-11T01:47:13.646618+00:00,200,27375.68,
2026-09-11T01:47:16.269646+00:00,200,24779.71,
2026-09-11T01:47:20.751798+00:00,200,20300.87,
2026-09-11T01:47:40.874868+00:00,200,189.41,
2026-09-11T01:47:36.896313+00:00,200,4170.89,
2026-09-11T01:47:35.278838+00:00,200,5794.68,
2026-09-11T01:47:28.334268+00:00,200,12761.11,
2026-09-11T01:47:34.510887+00:00,200,6588.79,
2026-09-11T01:47:38.172718+00:00,200,2936.59,
2026-09-11T01:47:40.932343+00:00,200,191.12,
2026-09-11T01:47:06.817506+00:00,200,34341.67,
2026-09-11T01:47:07.110559+00:00,200,34059.94,
2026-09-11T01:47:26.652705+00:00,200,14520.39,
2026-09-11T01:47:10.497721+00:00,200,30689.25,
2026-09-11T01:47:39.124870+00:00,200,2101.17,
2026-09-11T01:47:34.553749+00:00,200,6673.49,
2026-09-11T01:47:27.019242+00:00,200,14224.43,
2026-09-11T01:47:31.418613+00:00,200,9818.01,
2026-09-11T01:47:33.963111+00:00,200,7291.13,
2026-09-11T01:47:23.318034+00:00,200,17937.91,
2026-09-11T01:47:34.801330+00:00,200,6458.99,
2026-09-11T01:47:22.584207+00:00,200,18677.79,
2026-09-11T01:47:30.040653+00:00,200,11231.72,
2026-09-11T01:47:37.702279+00:00,200,3573.77,
2026-09-11T01:47:30.539867+00:00,200,10749.21,
2026-09-11T01:47:17.868627+00:00,200,23436.70,
2026-09-11T01:47:17.334087+00:00,200,23986.60,
2026-09-11T01:47:37.951965+00:00,200,3376.10,
2026-09-11T01:47:22.226494+00:00,200,19123.23,
2026-09-11T01:47:37.810550+00:00,200,3569.19,
2026-09-11T01:47:17.312692+00:00,200,24084.69,
2026-09-11T01:47:34.726899+00:00,200,6668.57,
2026-09-11T01:47:40.612399+00:00,200,787.40,
2026-09-11T01:47:16.936271+00:00,200,24472.08,
2026-09-11T01:47:37.863375+00:00,200,3547.83,
2026-09-11T01:47:40.763422+00:00,200,653.24,
2026-09-11T01:47:32.710617+00:00,200,8713.68,
2026-09-11T01:47:30.751470+00:00,200,10674.33,
2026-09-11T01:47:38.972267+00:00,200,2466.91,
2026-09-11T01:47:21.464120+00:00,200,19979.14,
2026-09-11T01:47:30.868221+00:00,200,10596.77,
2026-09-11T01:47:37.868858+00:00,200,3621.11,
2026-09-11T01:47:22.671742+00:00,200,18827.06,
2026-09-11T01:47:30.966926+00:00,200,10553.19,
2026-09-11T01:47:29.227269+00:00,200,12293.38,
2026-09-11T01:47:32.985211+00:00,200,8541.17,
2026-09-11T01:47:32.418518+00:00,200,9114.72,
2026-09-11T01:47:21.887993+00:00,200,19664.19,
2026-09-11T01:47:18.926514+00:00,200,22644.81,
2026-09-11T01:47:32.394060+00:00,200,9179.91,
2026-09-11T01:47:30.500130+00:00,200,11084.20,
2026-09-11T01:46:54.163715+00:00,200,47426.88,
2026-09-11T01:47:36.753893+00:00,200,4847.99,
2026-09-11T01:47:23.884250+00:00,200,17728.16,
2026-09-11T01:47:41.382325+00:00,200,234.61,
2026-09-11T01:47:33.271906+00:00,200,8378.52,
2026-09-11T01:47:08.308554+00:00,200,33363.77,
2026-09-11T01:47:31.596543+00:00,200,10083.22,
2026-09-11T01:47:36.651359+00:00,200,5045.21,
2026-09-11T01:47:34.929897+00:00,200,6768.52,
2026-09-11T01:47:37.099979+00:00,200,4628.22,
2026-09-11T01:47:16.587273+00:00,200,25139.44,
2026-09-11T01:47:39.730708+00:00,200,2001.37,
2026-09-11T01:47:25.612592+00:00,200,16137.31,
2026-09-11T01:47:38.239320+00:00,200,3521.45,
2026-09-11T01:47:39.260398+00:00,200,2511.33,
2026-09-11T01:47:31.981634+00:00,200,9798.63,
2026-09-11T01:47:28.320173+00:00,200,13459.36,
2026-09-11T01:47:21.986722+00:00,200,19823.30,
2026-09-11T01:47:37.123583+00:00,200,4698.38,
2026-09-11T01:47:40.567954+00:00,200,1260.05,
2026-09-11T01:47:39.314805+00:00,200,2543.50,
2026-09-11T01:46:55.157951+00:00,200,46708.90,
2026-09-11T01:47:28.929979+00:00,200,12945.99,
2026-09-11T01:47:33.766314+00:00,200,8120.88,
2026-09-11T01:47:38.236095+00:00,200,3654.65,
2026-09-11T01:47:20.843384+00:00,200,21047.71,
2026-09-11T01:47:28.599745+00:00,200,13309.20,
2026-09-11T01:47:39.738148+00:00,200,2179.38,
2026-09-11T01:47:40.652706+00:00,200,1286.36,
2026-09-11T01:47:39.775454+00:00,200,2163.70,
2026-09-11T01:47:29.524341+00:00,200,12422.53,
2026-09-11T01:47:33.652842+00:00,200,8299.20,
2026-09-11T01:47:09.461554+00:00,200,32497.56,
2026-09-11T01:47:39.785219+00:00,200,2174.19,
2026-09-11T01:47:22.615985+00:00,200,19362.89,
2026-09-11T01:47:41.601951+00:00,200,378.35,
2026-09-11T01:47:26.099110+00:00,200,15884.93,
2026-09-11T01:47:36.330820+00:00,200,5659.46,
2026-09-11T01:47:07.487212+00:00,200,34540.62,
2026-09-11T01:47:26.908475+00:00,200,15121.63,
2026-09-11T01:47:25.998032+00:00,200,16049.45,
2026-09-11T01:47:41.679752+00:00,200,380.28,
2026-09-11T01:47:32.576535+00:00,200,9489.62,
2026-09-11T01:47:21.083496+00:00,200,20979.09,
2026-09-11T01:47:39.600658+00:00,200,2478.22,
2026-09-11T01:47:33.592018+00:00,200,8511.47,
2026-09-11T01:47:19.085056+00:00,200,23035.34,
2026-09-11T01:47:33.416467+00:00,200,8715.44,
2026-09-11T01:47:38.632735+00:00,200,3522.12,
2026-09-11T01:47:32.510202+00:00,200,9666.01,
2026-09-11T01:47:09.781352+00:00,200,32411.89,
2026-09-11T01:47:40.636323+00:00,200,1554.30,
2026-09-11T01:47:34.640811+00:00,200,7576.54,
2026-09-11T01:47:34.979471+00:00,200,7243.49,
2026-09-11T01:46:59.566930+00:00,200,42660.71,
2026-09-11T01:47:22.243063+00:00,200,19994.94,
2026-09-11T01:47:29.874001+00:00,200,12381.66,
2026-09-11T01:47:32.843261+00:00,200,9413.70,
2026-09-11T01:47:40.954946+00:00,200,1304.55,
2026-09-11T01:47:37.208289+00:00,200,5077.53,
2026-09-11T01:47:31.703011+00:00,200,10589.10,
2026-09-11T01:47:25.543850+00:00,200,16763.78,
2026-09-11T01:47:37.314251+00:00,200,5005.27,
2026-09-11T01:47:35.274526+00:00,200,7050.94,
2026-09-11T01:47:40.557367+00:00,200,1769.59,
2026-09-11T01:47:18.776740+00:00,200,23574.99,
2026-09-11T01:47:24.183150+00:00,200,18177.49,
2026-09-11T01:47:35.377400+00:00,200,6986.41,
2026-09-11T01:47:01.817535+00:00,200,40544.56,
2026-09-11T01:47:35.990180+00:00,200,6380.41,
2026-09-11T01:47:22.679552+00:00,200,19703.41,
2026-09-11T01:47:22.166273+00:00,200,20221.40,
2026-09-11T01:47:35.720546+00:00,200,6676.53,
2026-09-11T01:47:38.518471+00:00,200,3883.32,
2026-09-11T01:47:38.998203+00:00,200,3394.89,
2026-09-11T01:47:37.033635+00:00,200,5402.90,
2026-09-11T01:47:26.415292+00:00,200,16031.33,
2026-09-11T01:47:40.013259+00:00,200,2434.37,
2026-09-11T01:47:29.898007+00:00,200,12556.48,
2026-09-11T01:47:41.912450+00:00,200,551.37,
2026-09-11T01:47:39.219668+00:00,200,3253.33,
2026-09-11T01:47:32.072137+00:00,200,10407.69,
2026-09-11T01:47:16.416926+00:00,200,26077.13,
2026-09-11T01:47:24.025899+00:00,200,18517.71,
2026-09-11T01:47:36.505885+00:00,200,6042.05,
2026-09-11T01:47:11.363479+00:00,200,31197.79,
2026-09-11T01:47:30.432193+00:00,200,12120.48,
2026-09-11T01:47:41.044161+00:00,200,1509.44,
2026-09-11T01:47:22.908770+00:00,200,19662.63,
2026-09-11T01:47:17.174751+00:00,200,25410.04,
2026-09-11T01:47:38.250249+00:00,200,4352.39,
2026-09-11T01:47:37.573632+00:00,200,5033.22,
2026-09-11T01:47:39.785219+00:00,200,2824.62,
2026-09-11T01:47:41.251789+00:00,200,1360.31,
2026-09-11T01:47:26.073088+00:00,200,16552.19,
2026-09-11T01:47:40.055069+00:00,200,2582.36,
2026-09-11T01:47:26.023399+00:00,200,16629.46,
2026-09-11T01:47:34.565280+00:00,200,8101.63,
2026-09-11T01:47:28.512226+00:00,200,14151.58,
2026-09-11T01:47:32.252753+00:00,200,10430.72,
2026-09-11T01:47:21.737855+00:00,200,20950.05,
2026-09-11T01:47:26.240896+00:00,200,16450.55,
2026-09-11T01:47:17.734054+00:00,200,24982.25,
2026-09-11T01:47:34.053821+00:00,200,8678.68,
2026-09-11T01:47:32.601894+00:00,200,10135.83,
2026-09-11T01:47:24.687167+00:00,200,18064.83,
2026-09-11T01:47:40.307067+00:00,200,2447.13,
2026-09-11T01:47:40.385449+00:00,200,2384.21,
2026-09-11T01:47:08.225197+00:00,200,34545.20,
2026-09-11T01:47:24.155748+00:00,200,18628.79,
2026-09-11T01:46:52.001110+00:00,200,50823.81,
2026-09-11T01:47:33.980805+00:00,200,8847.54,
2026-09-11T01:47:34.338073+00:00,200,8510.37,
2026-09-11T01:47:41.251789+00:00,200,1596.17,
2026-09-11T01:47:15.226812+00:00,200,27655.16,
2026-09-11T01:47:25.781984+00:00,200,17116.20,
2026-09-11T01:47:30.043638+00:00,200,12879.44,
2026-09-11T01:47:09.482748+00:00,200,33444.29,
2026-09-11T01:47:33.215116+00:00,200,9736.26,
2026-09-11T01:47:41.936135+00:00,200,1016.92,
2026-09-11T01:47:36.666980+00:00,200,6291.14,
2026-09-11T01:47:28.154600+00:00,200,14812.07,
2026-09-11T01:47:09.432722+00:00,200,33537.05,
2026-09-11T01:47:39.794209+00:00,200,3167.51,
2026-09-11T01:47:36.012724+00:00,200,6959.45,
2026-09-11T01:47:31.395985+00:00,200,11571.83,
2026-09-11T01:47:24.087287+00:00,200,18886.28,
2026-09-11T01:47:29.811929+00:00,200,13157.75,
2026-09-11T01:47:21.168078+00:00,200,21807.59,
2026-09-11T01:47:35.697961+00:00,200,7279.86,
2026-09-11T01:47:34.825394+00:00,200,8148.77,
2026-09-11T01:47:39.026010+00:00,200,3954.47,
2026-09-11T01:47:40.194898+00:00,200,2789.69,
2026-09-11T01:47:34.079613+00:00,200,8906.45,
2026-09-11T01:47:08.842182+00:00,200,34140.27,
2026-09-11T01:47:33.069808+00:00,200,9919.04,
2026-09-11T01:47:41.820025+00:00,200,1168.95,
2026-09-11T01:47:32.435323+00:00,200,10550.47,
2026-09-11T01:47:38.010728+00:00,200,4980.99,
2026-09-11T01:46:50.843922+00:00,200,52156.61,
2026-09-11T01:47:35.646883+00:00,200,7357.89,
2026-09-11T01:47:39.391407+00:00,200,3631.50,
2026-09-11T01:47:22.908770+00:00,200,20110.51,
2026-09-11T01:47:26.079397+00:00,200,16947.82,
2026-09-11T01:47:27.245258+00:00,200,15782.39,
2026-09-11T01:47:08.506895+00:00,200,34524.68,
2026-09-11T01:47:35.659962+00:00,200,7367.60,
2026-09-11T01:47:37.277036+00:00,200,5758.43,
2026-09-11T01:47:35.393354+00:00,200,7653.95,
2026-09-11T01:47:21.000970+00:00,200,22061.63,
2026-09-11T01:47:18.739068+00:00,200,24333.21,
2026-09-11T01:47:33.172423+00:00,200,9953.43,
2026-09-11T01:47:18.531444+00:00,200,24612.33,
2026-09-11T01:47:31.907563+00:00,200,11236.42,
2026-09-11T01:47:35.501681+00:00,200,7649.96,
2026-09-11T01:47:17.492397+00:00,200,25658.35,
2026-09-11T01:47:39.156784+00:00,200,4001.56,
2026-09-11T01:47:36.817350+00:00,200,6362.95,
2026-09-11T01:47:18.529435+00:00,200,24656.94,
2026-09-11T01:47:39.479786+00:00,200,3720.52,
2026-09-11T01:47:33.516051+00:00,200,9726.83,
2026-09-11T01:47:34.308426+00:00,200,8951.78,
2026-09-11T01:47:41.871870+00:00,200,1390.87,
2026-09-11T01:47:36.950992+00:00,200,6319.66,
2026-09-11T01:47:06.726659+00:00,200,36561.77,
2026-09-11T01:47:32.651466+00:00,200,10661.44,
2026-09-11T01:47:18.068186+00:00,200,25294.26,
2026-09-11T01:46:59.316499+00:00,200,44053.77,
2026-09-11T01:47:38.941340+00:00,200,4429.11,
2026-09-11T01:47:40.574188+00:00,200,2805.09,
2026-09-11T01:47:29.061520+00:00,200,14340.33,
2026-09-11T01:47:28.780372+00:00,200,14639.97,
2026-09-11T01:47:41.418720+00:00,200,2008.38,
2026-09-11T01:47:27.573994+00:00,200,15864.06,
2026-09-11T01:47:24.794780+00:00,200,18655.34,
2026-09-11T01:47:36.757598+00:00,200,6737.97,
2026-09-11T01:47:32.668216+00:00,200,10838.90,
2026-09-11T01:47:35.351627+00:00,200,8162.60,
2026-09-11T01:47:33.579904+00:00,200,9946.23,
2026-09-11T01:47:35.235938+00:00,200,8286.10,
2026-09-11T01:47:30.786940+00:00,200,12760.48,
2026-09-11T01:47:28.729965+00:00,200,14821.77,
2026-09-11T01:47:16.662191+00:00,200,26907.30,
2026-09-11T01:47:39.710795+00:00,200,3892.05,
2026-09-11T01:47:30.603462+00:00,200,13020.61,
2026-09-11T01:47:28.464871+00:00,200,15167.64,
2026-09-11T01:47:25.787857+00:00,200,17847.55,
2026-09-11T01:47:33.283039+00:00,200,10365.61,
2026-09-11T01:47:05.923686+00:00,200,37746.26,
2026-09-11T01:47:27.843169+00:00,200,15855.30,
2026-09-11T01:47:33.704564+00:00,200,10016.67,
2026-09-11T01:47:40.876874+00:00,200,2872.94,
2026-09-11T01:47:37.815897+00:00,200,5948.26,
2026-09-11T01:47:12.294273+00:00,200,31477.59,
2026-09-11T01:47:24.546432+00:00,200,19237.52,
2026-09-11T01:47:35.327396+00:00,200,8468.73,
2026-09-11T01:47:13.212207+00:00,200,30616.29,
2026-09-11T01:47:32.543219+00:00,200,11295.34,
2026-09-11T01:47:43.061587+00:00,200,789.58,
2026-09-11T01:47:43.615693+00:00,200,239.52,
2026-09-11T01:47:31.596543+00:00,200,12264.09,
2026-09-11T01:47:38.786028+00:00,200,5086.23,
2026-09-11T01:47:26.515069+00:00,200,17410.45,
2026-09-11T01:47:42.854125+00:00,200,1070.38,
2026-09-11T01:47:36.212476+00:00,200,7745.19,
2026-09-11T01:47:34.617394+00:00,200,9345.14,
2026-09-11T01:47:21.464120+00:00,200,22495.28,
2026-09-11T01:47:29.611066+00:00,200,14383.33,
2026-09-11T01:47:37.149037+00:00,200,6863.09,
2026-09-11T01:47:39.832116+00:00,200,4186.28,
2026-09-11T01:47:19.618344+00:00,200,24406.79,
2026-09-11T01:47:32.609855+00:00,200,11436.44,
2026-09-11T01:47:32.960874+00:00,200,11103.28,
2026-09-11T01:47:42.358483+00:00,200,1717.42,
2026-09-11T01:47:35.468298+00:00,200,8616.80,
2026-09-11T01:47:33.310511+00:00,200,10815.78,
2026-09-11T01:47:38.793451+00:00,200,5337.05,
2026-09-11T01:47:32.932219+00:00,200,11209.95,
2026-09-11T01:47:43.498213+00:00,200,649.50,
2026-09-11T01:47:38.748964+00:00,200,5407.70,
2026-09-11T01:47:29.910510+00:00,200,14242.66,
2026-09-11T01:47:33.830324+00:00,200,10353.98,
2026-09-11T01:47:30.786940+00:00,200,13410.56,
2026-09-11T01:47:27.702363+00:00,200,16502.33,
2026-09-11T01:47:40.282237+00:00,200,3940.89,
2026-09-11T01:47:36.267493+00:00,200,7967.72,
2026-09-11T01:47:11.287386+00:00,200,32961.24,
2026-09-11T01:47:21.993074+00:00,200,22265.89,
2026-09-11T01:47:38.652149+00:00,200,5612.86,
2026-09-11T01:47:31.249567+00:00,200,13056.36,
2026-09-11T01:47:31.364563+00:00,200,12942.52,
2026-09-11T01:47:38.902475+00:00,200,5429.26,
2026-09-11T01:47:19.013675+00:00,200,25359.08,
2026-09-11T01:46:56.382970+00:00,200,48006.58,
2026-09-11T01:47:32.513850+00:00,200,11892.22,
2026-09-11T01:47:36.786207+00:00,200,7644.42,
2026-09-11T01:47:32.976907+00:00,200,11456.97,
2026-09-11T01:47:37.274036+00:00,200,7200.09,
2026-09-11T01:47:35.654152+00:00,200,8832.01,
2026-09-11T01:47:28.001767+00:00,200,16536.06,
2026-09-11T01:47:26.240896+00:00,200,18291.18,
2026-09-11T01:47:43.622348+00:00,200,925.15,
2026-09-11T01:47:30.908440+00:00,200,13654.64,
2026-09-11T01:47:35.291997+00:00,200,9284.31,
2026-09-11T01:47:36.848407+00:00,200,7730.93,
2026-09-11T01:47:40.318674+00:00,200,4281.56,
2026-09-11T01:47:20.393578+00:00,200,24211.86,
2026-09-11T01:47:36.442361+00:00,200,8180.65,
2026-09-11T01:47:42.933086+00:00,200,1705.75,
2026-09-11T01:47:38.304311+00:00,200,6352.00,
2026-09-11T01:47:09.977075+00:00,200,34702.33,
2026-09-11T01:47:24.599373+00:00,200,20081.84,
2026-09-11T01:47:41.575699+00:00,200,3125.12,
2026-09-11T01:47:37.240339+00:00,200,7464.96,
2026-09-11T01:47:34.362988+00:00,200,10363.73,
2026-09-11T01:47:40.536241+00:00,200,4202.99,
2026-09-11T01:47:32.917305+00:00,200,11855.12,
2026-09-11T01:47:37.712054+00:00,200,7063.01,
2026-09-11T01:47:26.511509+00:00,200,18341.14,
2026-09-11T01:47:22.576778+00:00,200,22280.60,
2026-09-11T01:47:20.777216+00:00,200,24093.25,
2026-09-11T01:47:39.251325+00:00,200,5634.11,
2026-09-11T01:47:41.092209+00:00,200,3800.07,
2026-09-11T01:47:34.644365+00:00,200,10257.15,
2026-09-11T01:47:22.481426+00:00,200,22423.58,
2026-09-11T01:47:37.735501+00:00,200,7177.20,
2026-09-11T01:47:32.344452+00:00,200,12566.74,
2026-09-11T01:47:29.501395+00:00,200,15501.00,
2026-09-11T01:47:40.584894+00:00,200,4427.20,
2026-09-11T01:47:37.708332+00:00,200,7322.90,
2026-09-11T01:47:42.203685+00:00,200,2825.57,
2026-09-11T01:47:42.362253+00:00,200,2674.27,
2026-09-11T01:47:32.394060+00:00,200,12659.45,
2026-09-11T01:47:33.935585+00:00,200,11135.82,
2026-09-11T01:47:12.107010+00:00,200,32966.41,
2026-09-11T01:47:40.960431+00:00,200,4131.33,
2026-09-11T01:47:41.177138+00:00,200,3918.50,
2026-09-11T01:47:44.855264+00:00,200,246.63,
2026-09-11T01:47:30.886924+00:00,200,14217.73,
2026-09-11T01:47:38.174223+00:00,200,6957.46,
2026-09-11T01:47:18.821982+00:00,200,26331.07,
2026-09-11T01:47:20.969544+00:00,200,24198.27,
2026-09-11T01:47:37.935504+00:00,200,7269.69,
2026-09-11T01:47:44.623052+00:00,200,593.88,
2026-09-11T01:47:25.040239+00:00,200,20177.00,
2026-09-11T01:47:34.084615+00:00,200,11161.38,
2026-09-11T01:47:24.988774+00:00,200,20270.20,
2026-09-11T01:47:34.186639+00:00,200,11085.88,
2026-09-11T01:47:11.968568+00:00,200,33333.80,
2026-09-11T01:47:36.426243+00:00,200,8894.09,
2026-09-11T01:47:42.957158+00:00,200,2386.87,
2026-09-11T01:47:27.573994+00:00,200,17778.77,
2026-09-11T01:47:41.187307+00:00,200,4176.98,
2026-09-11T01:47:37.065534+00:00,200,8354.46,
2026-09-11T01:47:21.191787+00:00,200,24232.22,
2026-09-11T01:47:28.498238+00:00,200,16943.25,
2026-09-11T01:47:38.281997+00:00,200,7155.86,
2026-09-11T01:47:40.409288+00:00,200,5031.58,
2026-09-11T01:47:42.092854+00:00,200,3383.26,
2026-09-11T01:47:35.334985+00:00,200,10153.48,
2026-09-11T01:47:39.762467+00:00,200,5753.52,
2026-09-11T01:47:09.075103+00:00,200,36440.01,
2026-09-11T01:47:21.464120+00:00,200,24054.70,
2026-09-11T01:47:40.714046+00:00,200,4821.28,
2026-09-11T01:47:15.761306+00:00,200,29778.16,
2026-09-11T01:47:06.986240+00:00,200,38583.85,
2026-09-11T01:47:41.571480+00:00,200,4017.72,
2026-09-11T01:47:23.681423+00:00,200,21955.91,
2026-09-11T01:47:21.949035+00:00,200,23696.68,
2026-09-11T01:47:31.027245+00:00,200,14624.63,
2026-09-11T01:47:19.358410+00:00,200,26309.25,
2026-09-11T01:47:39.832116+00:00,200,5850.65,
2026-09-11T01:47:44.188605+00:00,200,1488.57,
2026-09-11T01:47:34.487844+00:00,200,11205.72,
2026-09-11T01:47:35.334985+00:00,200,10369.79,
2026-09-11T01:47:09.518617+00:00,200,36185.46,
2026-09-11T01:47:44.128165+00:00,200,1587.91,
2026-09-11T01:47:42.965047+00:00,200,2760.29,
2026-09-11T01:47:31.042171+00:00,200,14700.92,
2026-09-11T01:47:36.272838+00:00,200,9475.96,
2026-09-11T01:47:45.521427+00:00,200,249.91,
2026-09-11T01:47:29.819726+00:00,200,15959.30,
2026-09-11T01:47:30.233640+00:00,200,15577.24,
2026-09-11T01:47:25.190469+00:00,200,20660.36,
2026-09-11T01:47:42.924936+00:00,200,2955.13,
2026-09-11T01:47:42.973796+00:00,200,2903.69,
2026-09-11T01:47:36.599707+00:00,200,9290.39,
2026-09-11T01:47:21.157065+00:00,200,24749.46,
2026-09-11T01:47:31.950547+00:00,200,13974.25,
2026-09-11T01:47:45.194099+00:00,200,743.06,
2026-09-11T01:47:24.580656+00:00,200,21371.29,
2026-09-11T01:47:25.243918+00:00,200,20723.34,
2026-09-11T01:47:42.188434+00:00,200,3806.19,
2026-09-11T01:47:28.613083+00:00,200,17388.38,
2026-09-11T01:47:40.377778+00:00,200,5629.77,
2026-09-11T01:47:45.777926+00:00,200,230.22,
2026-09-11T01:46:57.589059+00:00,200,48438.02,
2026-09-11T01:47:39.891601+00:00,200,6161.49,
2026-09-11T01:47:15.652929+00:00,200,30402.09,
2026-09-11T01:47:34.525269+00:00,200,11536.99,
2026-09-11T01:47:01.182028+00:00,200,44914.70,
2026-09-11T01:47:14.356212+00:00,200,31759.51,
2026-09-11T01:47:33.416467+00:00,200,12698.41,
2026-09-11T01:47:38.304311+00:00,200,7828.30,
2026-09-11T01:47:35.117750+00:00,200,11015.14,
2026-09-11T01:47:44.886521+00:00,200,1256.63,
2026-09-11T01:47:37.256431+00:00,200,8897.94,
2026-09-11T01:47:45.170404+00:00,200,1020.54,
2026-09-11T01:47:40.520707+00:00,200,5708.03,
2026-09-11T01:47:15.145120+00:00,200,31089.14,
2026-09-11T01:47:45.768545+00:00,200,480.44,
2026-09-11T01:47:35.735007+00:00,200,10524.79,
2026-09-11T01:47:20.961643+00:00,200,25314.82,
2026-09-11T01:47:40.828042+00:00,200,5462.14,
2026-09-11T01:47:42.986483+00:00,200,3316.42,
2026-09-11T01:47:39.600658+00:00,200,6713.68,
2026-09-11T01:47:26.785722+00:00,200,19539.70,
2026-09-11T01:47:30.321080+00:00,200,16026.82,
2026-09-11T01:47:40.276718+00:00,200,6074.67,
2026-09-11T01:47:02.949947+00:00,200,43419.28,
2026-09-11T01:47:34.780587+00:00,200,11594.30,
2026-09-11T01:46:42.682316+00:00,200,63722.84,
2026-09-11T01:47:44.678518+00:00,200,1741.30,
2026-09-11T01:47:42.727269+00:00,200,3702.13,
2026-09-11T01:47:42.822134+00:00,200,3632.34,
2026-09-11T01:47:38.274412+00:00,200,8185.09,
2026-09-11T01:47:23.692704+00:00,200,22771.79,
2026-09-11T01:47:16.365787+00:00,200,30101.23,
2026-09-11T01:47:33.842895+00:00,200,12682.96,
2026-09-11T01:47:41.992367+00:00,200,4539.62,
2026-09-11T01:47:42.287753+00:00,200,4253.30,
2026-09-11T01:47:34.584002+00:00,200,11964.03,
2026-09-11T01:47:37.208289+00:00,200,9351.94,
2026-09-11T01:47:38.502242+00:00,200,8067.45,
2026-09-11T01:47:18.576921+00:00,200,28003.50,
2026-09-11T01:47:45.982223+00:00,200,612.10,
2026-09-11T01:47:37.688954+00:00,200,8910.85,
2026-09-11T01:47:44.656004+00:00,200,1956.88,
2026-09-11T01:47:14.199337+00:00,200,32434.06,
2026-09-11T01:47:31.418613+00:00,200,15219.62,
2026-09-11T01:47:40.409288+00:00,200,6249.46,
2026-09-11T01:47:35.100727+00:00,200,11576.02,
2026-09-11T01:47:34.717498+00:00,200,11975.63,
2026-09-11T01:47:29.000867+00:00,200,17702.27,
2026-09-11T01:47:08.353620+00:00,200,38352.92,
2026-09-11T01:47:37.496729+00:00,200,9228.35,
2026-09-11T01:47:29.080973+00:00,200,17634.02,
2026-09-11T01:47:39.219668+00:00,200,7534.38,
2026-09-11T01:47:33.628526+00:00,200,13147.87,
2026-09-11T01:47:09.214680+00:00,200,37565.58,
2026-09-11T01:47:24.421704+00:00,200,22384.51,
2026-09-11T01:47:35.726714+00:00,200,11092.41,
2026-09-11T01:47:02.943270+00:00,200,43875.32,
2026-09-11T01:47:14.000126+00:00,200,32832.53,
2026-09-11T01:47:36.718275+00:00,200,10155.01,
2026-09-11T01:47:44.638471+00:00,200,2243.33,
2026-09-11T01:47:25.325470+00:00,200,21569.03,
2026-09-11T01:47:45.028894+00:00,200,1905.10,
2026-09-11T01:47:02.717775+00:00,200,44255.69,
2026-09-11T01:47:43.061587+00:00,200,3908.06,
2026-09-11T01:47:34.197858+00:00,200,12789.09,
2026-09-11T01:47:37.920543+00:00,200,9073.34,
2026-09-11T01:47:40.318674+00:00,200,6689.99,
2026-09-11T01:47:27.422580+00:00,200,19644.84,
2026-09-11T01:47:37.438522+00:00,200,9632.51,
2026-09-11T01:47:32.040705+00:00,200,15062.38,
2026-09-11T01:47:46.864850+00:00,200,233.91,
2026-09-11T01:47:39.988319+00:00,200,7120.00,
2026-09-11T01:47:40.714046+00:00,200,6406.18,
2026-09-11T01:47:46.924444+00:00,200,236.71,
2026-09-11T01:47:40.129654+00:00,200,7037.62,
2026-09-11T01:47:33.647832+00:00,200,13529.43,
2026-09-11T01:47:23.726480+00:00,200,23450.01,
2026-09-11T01:47:43.633901+00:00,200,3547.40,
2026-09-11T01:47:43.958859+00:00,200,3224.50,
2026-09-11T01:47:35.156881+00:00,200,12035.65,
2026-09-11T01:47:16.111441+00:00,200,31093.74,
2026-09-11T01:47:36.898060+00:00,200,10315.76,
2026-09-11T01:47:38.776816+00:00,200,8454.01,
2026-09-11T01:47:43.789734+00:00,200,3452.22,
2026-09-11T01:47:42.203685+00:00,200,5058.73,
2026-09-11T01:47:41.072194+00:00,200,6217.27,
2026-09-11T01:47:32.065373+00:00,200,15240.03,
2026-09-11T01:47:37.956062+00:00,200,9352.55,
2026-09-11T01:47:44.835493+00:00,200,2477.74,
2026-09-11T01:47:42.050524+00:00,200,5290.79,
2026-09-11T01:47:43.925087+00:00,200,3425.05,
2026-09-11T01:47:19.071667+00:00,200,28298.13,
2026-09-11T01:47:19.044318+00:00,200,28338.76,
2026-09-11T01:47:47.098969+00:00,200,293.80,
2026-09-11T01:47:39.122353+00:00,200,8280.24,
2026-09-11T01:47:18.769128+00:00,200,28632.80,
2026-09-11T01:47:45.638497+00:00,200,1777.15,
2026-09-11T01:46:57.908539+00:00,200,49550.63,
2026-09-11T01:47:30.147373+00:00,200,17344.94,
2026-09-11T01:47:47.162009+00:00,200,332.35,
2026-09-11T01:47:36.731469+00:00,200,10799.21,
2026-09-11T01:47:17.143872+00:00,200,30399.94,
2026-09-11T01:47:46.615117+00:00,200,946.72,
2026-09-11T01:47:20.905446+00:00,200,26669.15,
2026-09-11T01:47:43.179383+00:00,200,4406.36,
2026-09-11T01:47:36.212476+00:00,200,11379.04,
2026-09-11T01:47:16.269646+00:00,200,31334.33,
2026-09-11T01:47:25.956500+00:00,200,21683.52,
2026-09-11T01:47:41.343685+00:00,200,6297.46,
2026-09-11T01:47:41.982053+00:00,200,5686.57,
2026-09-11T01:47:39.934217+00:00,200,7764.04,
2026-09-11T01:47:34.984472+00:00,200,12732.58,
2026-09-11T01:47:14.215458+00:00,200,33492.12,
2026-09-11T01:47:05.546880+00:00,200,42202.91,
2026-09-11T01:47:45.551367+00:00,200,2228.97,
2026-09-11T01:47:47.527974+00:00,200,254.42,
2026-09-11T01:47:37.468756+00:00,200,10337.75,
2026-09-11T01:47:41.893767+00:00,200,5937.52,
2026-09-11T01:47:21.335403+00:00,200,26500.47,
2026-09-11T01:47:41.564239+00:00,200,6279.15,
2026-09-11T01:47:27.727689+00:00,200,20134.60,
2026-09-11T01:47:45.066464+00:00,200,2810.72,
2026-09-11T01:47:34.199858+00:00,200,13706.51,
2026-09-11T01:47:43.453829+00:00,200,4486.01,
2026-09-11T01:47:42.330161+00:00,200,5609.53,
2026-09-11T01:47:33.134878+00:00,200,14818.99,
2026-09-11T01:47:30.194082+00:00,200,17780.53,
2026-09-11T01:47:36.747866+00:00,200,11238.48,
2026-09-11T01:47:40.708536+00:00,200,7294.34,
2026-09-11T01:47:28.454687+00:00,200,19566.50,
2026-09-11T01:47:35.913134+00:00,200,12120.87,
2026-09-11T01:47:41.650280+00:00,200,6390.83,
2026-09-11T01:47:37.735501+00:00,200,10319.56,
2026-09-11T01:47:37.296023+00:00,200,10765.61,
2026-09-11T01:47:28.938225+00:00,200,19119.37,
2026-09-11T01:47:35.548890+00:00,200,12555.56,
2026-09-11T01:47:43.166633+00:00,200,4940.41,
2026-09-11T01:47:46.734462+00:00,200,1362.87,
2026-09-11T01:47:35.094423+00:00,200,13048.26,
2026-09-11T01:47:36.394333+00:00,200,11775.71,
2026-09-11T01:47:33.910371+00:00,200,14265.23,
2026-09-11T01:47:40.909949+00:00,200,7276.52,
2026-09-11T01:47:00.569084+00:00,200,47625.52,
2026-09-11T01:47:18.473961+00:00,200,29758.38,
2026-09-11T01:47:29.601203+00:00,200,18637.87,
2026-09-11T01:47:39.655390+00:00,200,8604.80,
2026-09-11T01:47:14.392326+00:00,200,33868.96,
2026-09-11T01:47:34.677930+00:00,200,13596.17,
2026-09-11T01:47:47.786147+00:00,200,497.20,
2026-09-11T01:47:37.743819+00:00,200,10553.50,
2026-09-11T01:47:34.893577+00:00,200,13402.34,
2026-09-11T01:47:19.456514+00:00,200,28850.33,
2026-09-11T01:47:42.124663+00:00,200,6178.48,
2026-09-11T01:47:39.854165+00:00,200,8462.82,
2026-09-11T01:47:10.722067+00:00,200,37610.25,
2026-09-11T01:47:42.786047+00:00,200,5555.76,
2026-09-11T01:47:41.810429+00:00,200,6533.17,
2026-09-11T01:47:38.035740+00:00,200,10316.90,
2026-09-11T01:47:35.810660+00:00,200,12539.55,
2026-09-11T01:47:19.984801+00:00,200,28376.31,
2026-09-11T01:47:36.029138+00:00,200,12378.19,
2026-09-11T01:47:42.542874+00:00,200,5881.48,
2026-09-11T01:47:35.915132+00:00,200,12519.46,
2026-09-11T01:47:27.110749+00:00,200,21334.06,
2026-09-11T01:47:41.240904+00:00,200,7220.07,
2026-09-11T01:47:43.408062+00:00,200,5056.80,
2026-09-11T01:47:46.098650+00:00,200,2383.64,
2026-09-11T01:47:34.139233+00:00,200,14353.43,
2026-09-11T01:47:38.093788+00:00,200,10426.50,
2026-09-11T01:47:21.101284+00:00,200,27427.77,
2026-09-11T01:47:34.968272+00:00,200,13572.47,
2026-09-11T01:47:30.914054+00:00,200,17648.93,
2026-09-11T01:47:40.202844+00:00,200,8356.08,
2026-09-11T01:47:31.115473+00:00,200,17462.67,
2026-09-11T01:47:42.749061+00:00,200,5824.50,
2026-09-11T01:47:20.961643+00:00,200,27626.50,
2026-09-11T01:47:18.668497+00:00,200,29926.34,
2026-09-11T01:47:03.919338+00:00,200,44676.33,
2026-09-11T01:47:36.631619+00:00,200,11979.23,
2026-09-11T01:47:29.380398+00:00,200,19252.49,
2026-09-11T01:47:42.743125+00:00,200,5897.01,
2026-09-11T01:47:47.837754+00:00,200,803.91,
2026-09-11T01:47:19.403482+00:00,200,29243.60,
2026-09-11T01:47:30.573309+00:00,200,18085.59,
2026-09-11T01:47:29.106232+00:00,200,19564.19,
2026-09-11T01:47:41.222225+00:00,200,7445.62,
2026-09-11T01:47:43.509539+00:00,200,5171.51,
2026-09-11T01:47:30.751470+00:00,200,17937.79,
2026-09-11T01:47:44.155946+00:00,200,4594.21,
2026-09-11T01:47:48.360973+00:00,200,410.26,
2026-09-11T01:47:01.119422+00:00,200,47647.56,
2026-09-11T01:47:39.526622+00:00,200,9245.63,
2026-09-11T01:47:44.604183+00:00,200,4184.63,
2026-09-11T01:47:38.660201+00:00,200,10136.62,
2026-09-11T01:47:42.566032+00:00,200,6238.70,
2026-09-11T01:47:38.998203+00:00,200,9809.23,
2026-09-11T01:47:43.842056+00:00,200,4981.90,
2026-09-11T01:47:07.487212+00:00,200,41354.69,
2026-09-11T01:47:30.621294+00:00,200,18230.37,
2026-09-11T01:47:29.080973+00:00,200,19773.66,
2026-09-11T01:47:47.098969+00:00,200,1759.78,
2026-09-11T01:47:35.708384+00:00,200,13164.07,
2026-09-11T01:47:38.343465+00:00,200,10558.17,
2026-09-11T01:47:46.115937+00:00,200,2814.12,
2026-09-11T01:47:45.095258+00:00,200,3842.16,
2026-09-11T01:47:22.352020+00:00,200,26598.13,
2026-09-11T01:47:15.853268+00:00,200,33111.68,
2026-09-11T01:47:39.447100+00:00,200,9522.53,
2026-09-11T01:47:16.607267+00:00,200,32364.55,
2026-09-11T01:47:26.041157+00:00,200,22968.89,
2026-09-11T01:47:37.863375+00:00,200,11153.08,
2026-09-11T01:47:43.780273+00:00,200,5238.74,
2026-09-11T01:47:36.489917+00:00,200,12529.52,
2026-09-11T01:47:09.323564+00:00,200,39708.47,
2026-09-11T01:47:37.910533+00:00,200,11127.16,
2026-09-11T01:47:24.869468+00:00,200,24177.60,
2026-09-11T01:47:45.304907+00:00,200,3742.02,
2026-09-11T01:47:40.996788+00:00,200,8063.55,
2026-09-11T01:47:25.595455+00:00,200,23469.14,
2026-09-11T01:47:28.998859+00:00,200,20078.30,
2026-09-11T01:47:46.464941+00:00,200,2607.68,
2026-09-11T01:47:32.119834+00:00,200,16965.40,
2026-09-11T01:47:39.536608+00:00,200,9555.08,
2026-09-11T01:47:19.495150+00:00,200,29611.24,
2026-09-11T01:47:30.384831+00:00,200,18722.05,
2026-09-11T01:47:40.087944+00:00,200,9028.83,
2026-09-11T01:47:41.947366+00:00,200,7173.67,
2026-09-11T01:47:39.184039+00:00,200,9946.46,
2026-09-11T01:47:22.854194+00:00,200,26348.96,
2026-09-11T01:47:41.697957+00:00,200,7506.95,
2026-09-11T01:47:47.397946+00:00,200,1826.49,
2026-09-11T01:47:29.777371+00:00,200,19456.77,
2026-09-11T01:47:36.379123+00:00,200,12860.81,
2026-09-11T01:47:31.686922+00:00,200,17573.60,
2026-09-11T01:47:38.343465+00:00,200,10917.50,
2026-09-11T01:47:30.469430+00:00,200,18815.34,
2026-09-11T01:47:39.201831+00:00,200,10089.61,
2026-09-11T01:47:42.973796+00:00,200,6349.71,
2026-09-11T01:47:37.058664+00:00,200,12275.29,
2026-09-11T01:47:22.781817+00:00,200,26560.61,
2026-09-11T01:47:39.314805+00:00,200,10020.99,
2026-09-11T01:47:40.385449+00:00,200,8956.83,
2026-09-11T01:47:45.702491+00:00,200,3677.85,
2026-09-11T01:47:41.936135+00:00,200,7453.31,
2026-09-11T01:47:43.522314+00:00,200,5871.00,
2026-09-11T01:47:30.865686+00:00,200,18535.64,
2026-09-11T01:47:44.579171+00:00,200,4825.54,
2026-09-11T01:47:31.167544+00:00,200,18233.57,
2026-09-11T01:47:35.726714+00:00,200,13674.93,
2026-09-11T01:47:49.247716+00:00,200,164.58,
2026-09-11T01:47:34.810063+00:00,200,14590.32,
2026-09-11T01:47:16.666842+00:00,200,32766.89,
2026-09-11T01:47:34.651642+00:00,200,14815.33,
2026-09-11T01:47:37.718849+00:00,200,11752.18,
2026-09-11T01:47:32.966874+00:00,200,16517.41,
2026-09-11T01:47:35.379027+00:00,200,14112.36,
2026-09-11T01:47:41.871870+00:00,200,7624.80,
2026-09-11T01:47:16.269646+00:00,200,33240.36,
2026-09-11T01:47:17.784089+00:00,200,31772.70,
2026-09-11T01:47:45.130002+00:00,200,4432.70,
2026-09-11T01:47:37.083800+00:00,200,12492.03,
2026-09-11T01:47:34.027499+00:00,200,15557.57,
2026-09-11T01:47:41.584708+00:00,200,8012.16,
2026-09-11T01:47:19.246040+00:00,200,30353.82,
2026-09-11T01:47:34.044302+00:00,200,15559.62,
2026-09-11T01:47:19.511658+00:00,200,30092.45,
2026-09-11T01:47:20.693626+00:00,200,28908.99,
2026-09-11T01:47:41.728167+00:00,200,7889.41,
2026-09-11T01:47:49.459268+00:00,200,169.59,
2026-09-11T01:47:40.061034+00:00,200,9570.23,
2026-09-11T01:47:33.182942+00:00,200,16496.85,
2026-09-11T01:47:44.768825+00:00,200,4908.55,
2026-09-11T01:47:42.986483+00:00,200,6701.87,
2026-09-11T01:47:35.990180+00:00,200,13699.34,
2026-09-11T01:47:39.585676+00:00,200,10114.78,
2026-09-11T01:47:01.084795+00:00,200,48621.33,
2026-09-11T01:47:40.811992+00:00,200,8918.85,
2026-09-11T01:47:26.792899+00:00,200,22952.68,
2026-09-11T01:47:44.427436+00:00,200,5340.63,
2026-09-11T01:47:18.495565+00:00,200,31267.64,
2026-09-11T01:47:02.245778+00:00,200,47555.70,
2026-09-11T01:47:27.643768+00:00,200,22183.35,
2026-09-11T01:47:37.099979+00:00,200,12765.10,
2026-09-11T01:47:49.635812+00:00,200,235.76,
2026-09-11T01:47:40.303662+00:00,200,9572.24,
2026-09-11T01:47:14.199337+00:00,200,35686.08,
2026-09-11T01:47:28.399843+00:00,200,21487.92,
2026-09-11T01:47:39.488716+00:00,200,10410.90,
2026-09-11T01:47:36.045072+00:00,200,13867.27,
2026-09-11T01:47:47.563008+00:00,200,2361.08,
2026-09-11T01:47:43.249801+00:00,200,6664.67,
2026-09-11T01:47:29.585828+00:00,200,20342.91,
2026-09-11T01:47:43.187566+00:00,200,6762.26,
2026-09-11T01:47:48.774389+00:00,200,1190.03,
2026-09-11T01:47:05.333783+00:00,200,44632.40,
2026-09-11T01:47:42.040514+00:00,200,7928.67,
2026-09-11T01:47:07.865634+00:00,200,42113.84,
2026-09-11T01:47:30.242030+00:00,200,19776.41,
2026-09-11T01:47:44.502150+00:00,200,5520.99,
2026-09-11T01:47:36.484397+00:00,200,13557.64,
2026-09-11T01:47:33.731344+00:00,200,16326.57,
2026-09-11T01:47:38.386756+00:00,200,11673.15,
2026-09-11T01:47:26.908475+00:00,200,23152.76,
2026-09-11T01:47:15.856819+00:00,200,34215.80,
2026-09-11T01:47:42.695619+00:00,200,7391.86,
2026-09-11T01:47:26.144550+00:00,200,23963.32,
2026-09-11T01:47:37.902152+00:00,200,12205.86,
2026-09-11T01:47:45.352724+00:00,200,4771.00,
2026-09-11T01:47:37.994028+00:00,200,12141.48,
2026-09-11T01:47:23.609384+00:00,200,26542.22,
2026-09-11T01:47:48.185971+00:00,200,1971.44,
2026-09-11T01:47:46.766431+00:00,200,3385.13,
2026-09-11T01:47:37.460444+00:00,200,12704.78,
2026-09-11T01:47:19.421296+00:00,200,30754.06,
2026-09-11T01:47:27.308519+00:00,200,22876.26,
2026-09-11T01:47:44.328571+00:00,200,5871.73,
2026-09-11T01:47:30.084925+00:00,200,20136.70,
2026-09-11T01:47:50.057440+00:00,200,190.48,
2026-09-11T01:47:13.269996+00:00,200,36994.37,
2026-09-11T01:47:42.649321+00:00,200,7612.19,
2026-09-11T01:47:40.630407+00:00,200,9645.53,
2026-09-11T01:47:48.823623+00:00,200,1460.91,
2026-09-11T01:47:42.362253+00:00,200,7934.38,
2026-09-11T01:47:46.461437+00:00,200,3845.07,
2026-09-11T01:47:38.786028+00:00,200,11537.44,
2026-09-11T01:47:29.493694+00:00,200,20836.52,
2026-09-11T01:47:40.493752+00:00,200,9846.93,
2026-09-11T01:46:58.589526+00:00,200,51749.34,
2026-09-11T01:47:20.575907+00:00,200,29771.17,
2026-09-11T01:47:01.534959+00:00,200,48828.69,
2026-09-11T01:47:09.586045+00:00,200,40793.27,
2026-09-11T01:47:34.301992+00:00,200,16077.61,
2026-09-11T01:47:28.227980+00:00,200,22146.40,
2026-09-11T01:47:30.500130+00:00,200,19885.64,
2026-09-11T01:47:39.742722+00:00,200,10651.83,
2026-09-11T01:47:40.061034+00:00,200,10337.87,
2026-09-11T01:47:35.626658+00:00,200,14773.30,
2026-09-11T01:47:50.189018+00:00,200,228.90,
2026-09-11T01:47:38.610184+00:00,200,11819.78,
2026-09-11T01:47:21.503612+00:00,200,28971.45,
2026-09-11T01:47:45.718157+00:00,200,4789.18,
2026-09-11T01:47:27.376728+00:00,200,23180.20,
2026-09-11T01:47:09.805507+00:00,200,40765.11,
2026-09-11T01:47:25.131132+00:00,200,25444.93,
2026-09-11T01:47:25.455092+00:00,200,25138.08,
2026-09-11T01:47:16.301796+00:00,200,34309.37,
2026-09-11T01:47:24.421704+00:00,200,26191.05,
2026-09-11T01:47:19.234905+00:00,200,31393.11,
2026-09-11T01:47:22.110680+00:00,200,28519.78,
2026-09-11T01:47:32.151523+00:00,200,18491.49,
2026-09-11T01:47:42.564954+00:00,200,8111.70,
2026-09-11T01:47:48.444462+00:00,200,2234.74,
2026-09-11T01:47:35.156881+00:00,200,15536.19,
2026-09-11T01:47:28.857493+00:00,200,21836.45,
2026-09-11T01:47:49.333139+00:00,200,1363.28,
2026-09-11T01:47:29.165147+00:00,200,21530.23,
2026-09-11T01:47:32.651466+00:00,200,18055.45,
2026-09-11T01:47:24.485369+00:00,200,26213.95,
2026-09-11T01:46:54.143549+00:00,200,56572.30,
2026-09-11T01:47:36.757598+00:00,200,13982.43,
2026-09-11T01:47:50.552984+00:00,200,191.49,
2026-09-11T01:47:36.374926+00:00,200,14374.98,
2026-09-11T01:47:43.360578+00:00,200,7388.38,
2026-09-11T01:47:38.359444+00:00,200,12408.23,
2026-09-11T01:47:30.070807+00:00,200,20711.56,
2026-09-11T01:47:22.299115+00:00,200,28497.68,
2026-09-11T01:47:46.401385+00:00,200,4437.15,
2026-09-11T01:47:40.383254+00:00,200,10459.80,
2026-09-11T01:47:22.537337+00:00,200,28306.65,
2026-09-11T01:47:50.107649+00:00,200,741.33,
2026-09-11T01:47:28.033674+00:00,200,22815.91,
2026-09-11T01:47:36.720954+00:00,200,14137.96,
2026-09-11T01:47:46.721879+00:00,200,4135.12,
2026-09-11T01:47:31.330559+00:00,200,19538.04,
2026-09-11T01:47:38.416238+00:00,200,12472.56,
2026-09-11T01:47:50.728734+00:00,200,185.15,
2026-09-11T01:47:35.166340+00:00,200,15754.68,
2026-09-11T01:47:36.462409+00:00,200,14469.95,
2026-09-11T01:47:23.829689+00:00,200,27110.08,
2026-09-11T01:47:31.267609+00:00,200,19674.39,
2026-09-11T01:47:22.193098+00:00,200,28768.83,
2026-09-11T01:47:49.681637+00:00,200,1294.49,
2026-09-11T01:47:26.240896+00:00,200,24752.71,
2026-09-11T01:47:44.394604+00:00,200,6601.91,
2026-09-11T01:47:42.442773+00:00,200,8561.19,
2026-09-11T01:47:44.392527+00:00,200,6631.12,
2026-09-11T01:47:47.162009+00:00,200,3855.14,
2026-09-11T01:47:42.251559+00:00,200,8823.77,
2026-09-11T01:47:49.236717+00:00,200,1845.03,
2026-09-11T01:47:30.696236+00:00,200,20389.88,
2026-09-11T01:47:49.421232+00:00,200,1671.85,
2026-09-11T01:47:43.029204+00:00,200,8059.53,
2026-09-11T01:47:26.676597+00:00,200,24414.85,
2026-09-11T01:47:43.281365+00:00,200,7817.90,
2026-09-11T01:47:28.464871+00:00,200,22650.77,
2026-09-11T01:47:25.829596+00:00,200,25297.19,
2026-09-11T01:47:47.855181+00:00,200,3287.91,
2026-09-11T01:47:42.679655+00:00,200,8466.71,
2026-09-11T01:47:20.456963+00:00,200,30690.46,
2026-09-11T01:47:01.105262+00:00,200,50078.59,
2026-09-11T01:47:43.789734+00:00,200,7399.25,
2026-09-11T01:47:34.337020+00:00,200,16863.74,
2026-09-11T01:47:40.783030+00:00,200,10419.46,
2026-09-11T01:47:31.577512+00:00,200,19633.28,
2026-09-11T01:47:37.618906+00:00,200,13603.43,
2026-09-11T01:47:29.106232+00:00,200,22124.28,
2026-09-11T01:47:42.602349+00:00,200,8626.63,
2026-09-11T01:47:38.250249+00:00,200,12992.70,
2026-09-11T01:47:48.461855+00:00,200,2790.03,
2026-09-11T01:47:27.431306+00:00,200,23824.41,
2026-09-11T01:47:01.039483+00:00,200,50249.37,
2026-09-11T01:47:37.635484+00:00,200,13665.93,
2026-09-11T01:47:34.367989+00:00,200,16936.59,
2026-09-11T01:47:49.624914+00:00,200,1682.95,
2026-09-11T01:47:19.390873+00:00,200,31933.36,
2026-09-11T01:47:40.150117+00:00,200,11174.76,
2026-09-11T01:47:44.738361+00:00,200,6609.97,
2026-09-11T01:46:54.957608+00:00,200,56384.35,
2026-09-11T01:47:24.480259+00:00,200,26877.68,
2026-09-11T01:47:39.997389+00:00,200,11375.01,
2026-09-11T01:47:37.015599+00:00,200,14364.67,
2026-09-11T01:47:51.233114+00:00,200,159.76,
2026-09-11T01:47:30.575930+00:00,200,20888.75,
2026-09-11T01:47:42.879030+00:00,200,8590.09,
2026-09-11T01:47:30.533835+00:00,200,20939.43,
2026-09-11T01:47:00.279831+00:00,200,51201.00,
2026-09-11T01:47:49.965605+00:00,200,1530.08,
2026-09-11T01:47:50.292303+00:00,200,1205.49,
2026-09-11T01:47:20.417763+00:00,200,31096.30,
2026-09-11T01:47:30.147373+00:00,200,21377.21,
2026-09-11T01:47:45.246568+00:00,200,6279.67,
2026-09-11T01:47:38.093788+00:00,200,13442.44,
2026-09-11T01:47:42.437245+00:00,200,9107.10,
2026-09-11T01:47:44.911370+00:00,200,6630.95,
2026-09-11T01:47:49.390741+00:00,200,2194.74,
2026-09-11T01:47:23.418912+00:00,200,28171.44,
2026-09-11T01:47:15.208805+00:00,200,36385.86,
2026-09-11T01:47:40.793773+00:00,200,10814.52,
2026-09-11T01:47:18.009151+00:00,200,33600.53,
2026-09-11T01:47:47.882334+00:00,200,3744.43,
2026-09-11T01:47:25.280893+00:00,200,26346.88,
2026-09-11T01:47:40.394129+00:00,200,11243.87,
2026-09-11T01:47:38.509290+00:00,200,13136.54,
2026-09-11T01:47:42.901303+00:00,200,8757.04,
2026-09-11T01:47:43.872021+00:00,200,7789.27,
2026-09-11T01:47:47.497526+00:00,200,4168.70,
2026-09-11T01:47:33.004490+00:00,200,18691.82,
2026-09-11T01:47:32.661917+00:00,200,19036.61,
2026-09-11T01:47:34.449595+00:00,200,17262.07,
2026-09-11T01:47:37.568720+00:00,200,14166.16,
2026-09-11T01:47:50.380629+00:00,200,1364.55,
2026-09-11T01:47:37.686094+00:00,200,14065.77,
2026-09-11T01:47:42.602349+00:00,200,9158.45,
2026-09-11T01:47:41.977881+00:00,200,9792.97,
2026-09-11T01:47:50.398967+00:00,200,1395.16,
2026-09-11T01:47:51.600001+00:00,200,205.84,
2026-09-11T01:47:31.933940+00:00,200,19871.33,
2026-09-11T01:47:36.394333+00:00,200,15427.63,
2026-09-11T01:47:42.749061+00:00,200,9075.05,
2026-09-11T01:47:31.777052+00:00,200,20055.05,
2026-09-11T01:47:41.251789+00:00,200,10580.40,
2026-09-11T01:47:49.585510+00:00,200,2286.68,
2026-09-11T01:47:34.056846+00:00,200,17835.15,
2026-09-11T01:47:19.800828+00:00,200,32092.72,
2026-09-11T01:47:34.881930+00:00,200,17013.40,
2026-09-11T01:47:26.452319+00:00,200,25438.81,
2026-09-11T01:47:36.678760+00:00,200,15219.71,
2026-09-11T01:47:34.354832+00:00,200,17544.90,
2026-09-11T01:47:33.835869+00:00,200,18066.10,
2026-09-11T01:47:45.570495+00:00,200,6332.38,
2026-09-11T01:47:50.110230+00:00,200,1794.53,
2026-09-11T01:47:39.198162+00:00,200,12708.32,
2026-09-11T01:47:29.958326+00:00,200,21947.64,
2026-09-11T01:47:37.789327+00:00,200,14120.09,
2026-09-11T01:47:51.073234+00:00,200,831.52,
2026-09-11T01:47:51.340157+00:00,200,558.03,
2026-09-11T01:47:48.103358+00:00,200,3811.06,
2026-09-11T01:47:42.616752+00:00,200,9306.73,
2026-09-11T01:47:42.387606+00:00,200,9541.09,
2026-09-11T01:47:40.811992+00:00,200,11121.96,
2026-09-11T01:47:49.813693+00:00,200,2129.08,
2026-09-11T01:47:23.776005+00:00,200,28180.00,
2026-09-11T01:47:47.010431+00:00,200,4986.67,
2026-09-11T01:47:40.726324+00:00,200,11279.22,
2026-09-11T01:47:50.844169+00:00,200,1171.77,
2026-09-11T01:47:48.808144+00:00,200,3213.98,
2026-09-11T01:47:13.751447+00:00,200,38291.80,
2026-09-11T01:47:45.271345+00:00,200,6774.02,
2026-09-11T01:47:45.845919+00:00,200,6207.02,
2026-09-11T01:47:26.356447+00:00,200,25715.54,
2026-09-11T01:47:49.263442+00:00,200,2814.44,
2026-09-11T01:47:31.588536+00:00,200,20495.93,
2026-09-11T01:47:28.680717+00:00,200,23407.42,
2026-09-11T01:47:34.299518+00:00,200,17792.21,
2026-09-11T01:47:27.564318+00:00,200,24525.94,
2026-09-11T01:47:43.146547+00:00,200,8975.60,
2026-09-11T01:47:49.260843+00:00,200,2897.45,
2026-09-11T01:47:46.131753+00:00,200,6042.78,
2026-09-11T01:47:35.058424+00:00,200,17115.09,
2026-09-11T01:47:35.885513+00:00,200,16314.59,
2026-09-11T01:47:11.147665+00:00,200,41066.15,
2026-09-11T01:47:31.950547+00:00,200,20258.39,
2026-09-11T01:47:47.248993+00:00,200,4980.14,
2026-09-11T01:47:46.702401+00:00,200,5534.46,
2026-09-11T01:47:34.985071+00:00,200,17282.21,
2026-09-11T01:47:33.955596+00:00,200,18334.39,
2026-09-11T01:47:41.164691+00:00,200,11131.04,
2026-09-11T01:47:46.544206+00:00,200,5762.74,
2026-09-11T01:47:44.021763+00:00,200,8293.76,
2026-09-11T01:47:48.931209+00:00,200,3393.75,
2026-09-11T01:47:05.948738+00:00,200,46380.62,
2026-09-11T01:47:31.522377+00:00,200,20817.44,
2026-09-11T01:47:18.745216+00:00,200,33602.39,
2026-09-11T01:47:51.311219+00:00,200,1038.72,
2026-09-11T01:47:51.213947+00:00,200,1144.97,
2026-09-11T01:47:08.758984+00:00,200,43627.22,
2026-09-11T01:47:44.599539+00:00,200,7813.38,
2026-09-11T01:47:41.769246+00:00,200,10652.90,
2026-09-11T01:47:27.073446+00:00,200,25354.51,
2026-09-11T01:47:07.786687+00:00,200,44656.26,
2026-09-11T01:47:48.436094+00:00,200,4009.47,
2026-09-11T01:47:50.419162+00:00,200,2048.72,
2026-09-11T01:47:26.114793+00:00,200,26362.07,
2026-09-11T01:47:43.522314+00:00,200,8949.13,
2026-09-11T01:47:49.019635+00:00,200,3475.35,
2026-09-11T01:47:40.030719+00:00,200,12471.91,
2026-09-11T01:47:27.148950+00:00,200,25356.65,
2026-09-11T01:47:30.479567+00:00,200,22032.43,
2026-09-11T01:47:34.825394+00:00,200,17695.23,
2026-09-11T01:47:26.012312+00:00,200,26518.01,
2026-09-11T01:47:04.545538+00:00,200,47987.18,
2026-09-11T01:47:50.028945+00:00,200,2512.95,
2026-09-11T01:47:49.949724+00:00,200,2595.50,
2026-09-11T01:47:36.898060+00:00,200,15651.67,
2026-09-11T01:46:54.834976+00:00,200,57730.31,
2026-09-11T01:47:35.360614+00:00,200,17212.57,
2026-09-11T01:47:24.599373+00:00,200,27982.21,
2026-09-11T01:47:48.103358+00:00,200,4527.97,
2026-09-11T01:47:48.353472+00:00,200,4287.38,
2026-09-11T01:47:45.089339+00:00,200,7551.34,
2026-09-11T01:47:42.555912+00:00,200,10125.30,
2026-09-11T01:47:52.349258+00:00,200,346.42,
2026-09-11T01:47:50.330386+00:00,200,2364.08,
2026-09-11T01:47:28.828234+00:00,200,23884.04,
2026-09-11T01:47:29.468039+00:00,200,23275.54,
2026-09-11T01:47:39.156784+00:00,200,13585.11,
2026-09-11T01:47:44.488219+00:00,200,8274.43,
2026-09-11T01:47:49.412955+00:00,200,3352.45,
2026-09-11T01:47:51.609217+00:00,200,1157.42,
2026-09-11T01:47:18.267524+00:00,200,34507.42,
2026-09-11T01:47:48.294784+00:00,200,4484.98,
2026-09-11T01:47:38.855182+00:00,200,13927.34,
2026-09-11T01:47:39.629057+00:00,200,13174.07,
2026-09-11T01:47:49.872969+00:00,200,2942.42,
2026-09-11T01:47:29.685251+00:00,200,23128.13,
2026-09-11T01:47:51.625884+00:00,200,1202.79,
2026-09-11T01:47:47.719004+00:00,200,5115.73,
2026-09-11T01:47:32.643163+00:00,200,20203.23,
2026-09-11T01:47:39.849645+00:00,200,13008.93,
2026-09-11T01:47:37.224336+00:00,200,15635.82,
2026-09-11T01:47:34.469469+00:00,200,18423.93,
2026-09-11T01:47:35.856947+00:00,200,17042.87,
2026-09-11T01:47:24.105894+00:00,200,28802.41,
2026-09-11T01:47:50.993476+00:00,200,1924.43,
2026-09-11T01:47:52.747734+00:00,200,176.15,
2026-09-11T01:47:42.398762+00:00,200,10523.71,
2026-09-11T01:47:23.903387+00:00,200,29029.65,
2026-09-11T01:47:42.623640+00:00,200,10312.99,
2026-09-11T01:47:30.546541+00:00,200,22391.21,
2026-09-11T01:47:33.683285+00:00,200,19285.44,
2026-09-11T01:46:51.370608+00:00,200,61600.99,
2026-09-11T01:47:44.683047+00:00,200,8295.63,
2026-09-11T01:47:50.636543+00:00,200,2378.41,
2026-09-11T01:47:41.827007+00:00,200,11209.05,
2026-09-11T01:47:48.342696+00:00,200,4704.27,
2026-09-11T01:47:42.256672+00:00,200,10794.14,
2026-09-11T01:47:52.686067+00:00,200,382.59,
2026-09-11T01:47:23.835459+00:00,200,29234.53,
2026-09-11T01:47:24.469398+00:00,200,28612.67,
2026-09-11T01:47:17.635753+00:00,200,35452.16,
2026-09-11T01:47:40.996788+00:00,200,12102.94,
2026-09-11T01:47:49.886787+00:00,200,3221.25,
2026-09-11T01:47:49.402497+00:00,200,3709.03,
2026-09-11T01:47:50.339421+00:00,200,2809.15,
2026-09-11T01:47:50.929845+00:00,200,2229.23,
2026-09-11T01:47:48.431831+00:00,200,4730.06,
2026-09-11T01:47:41.303574+00:00,200,11863.40,
2026-09-11T01:47:50.085886+00:00,200,3085.67,
2026-09-11T01:47:09.877317+00:00,200,43312.20,
2026-09-11T01:47:26.435861+00:00,200,26763.86,
2026-09-11T01:47:49.427234+00:00,200,3771.99,
2026-09-11T01:47:53.038568+00:00,200,184.58,
2026-09-11T01:47:33.398987+00:00,200,19837.49,
2026-09-11T01:47:33.787356+00:00,200,19452.46,
2026-09-11T01:47:35.477184+00:00,200,17775.88,
2026-09-11T01:47:19.626798+00:00,200,33626.74,
2026-09-11T01:47:45.035013+00:00,200,8227.43,
2026-09-11T01:47:42.146843+00:00,200,11127.40,
2026-09-11T01:47:41.418720+00:00,200,11861.33,
2026-09-11T01:47:51.340157+00:00,200,1963.15,
2026-09-11T01:47:36.718275+00:00,200,16601.49,
2026-09-11T01:47:50.260738+00:00,200,3056.08,
2026-09-11T01:47:50.644135+00:00,200,2674.89,
2026-09-11T01:47:19.930642+00:00,200,33404.09,
2026-09-11T01:47:17.259038+00:00,200,36077.88,
2026-09-11T01:47:48.672257+00:00,200,4692.60,
2026-09-11T01:47:06.754051+00:00,200,46624.14,
2026-09-11T01:47:36.505885+00:00,200,16866.33,
2026-09-11T01:47:46.353387+00:00,200,7041.20,
2026-09-11T01:47:46.007330+00:00,200,7391.10,
2026-09-11T01:47:52.169267+00:00,200,1224.21,
2026-09-11T01:47:52.827822+00:00,200,575.73,
2026-09-11T01:47:11.945652+00:00,200,41468.92,
2026-09-11T01:47:28.293275+00:00,200,25138.55,
2026-09-11T01:47:46.275536+00:00,200,7174.15,
2026-09-11T01:47:39.061825+00:00,200,14406.63,
2026-09-11T01:47:40.180513+00:00,200,13311.18,
2026-09-11T01:47:10.540972+00:00,200,42964.67,
2026-09-11T01:47:35.042429+00:00,200,18476.84,
2026-09-11T01:47:43.027437+00:00,200,10516.39,
2026-09-11T01:47:19.776496+00:00,200,33779.71,
2026-09-11T01:47:29.550701+00:00,200,24013.56,
2026-09-11T01:47:42.965047+00:00,200,10628.33,
2026-09-11T01:47:44.702543+00:00,200,8924.48,
2026-09-11T01:47:45.686645+00:00,200,7950.99,
2026-09-11T01:47:07.058946+00:00,200,46587.68,
2026-09-11T01:47:44.202098+00:00,200,9444.09,
2026-09-11T01:47:52.074342+00:00,200,1592.10,
2026-09-11T01:47:09.957447+00:00,200,43730.72,
2026-09-11T01:47:49.018716+00:00,200,4675.10,
2026-09-11T01:47:42.986483+00:00,200,10706.94,
2026-09-11T01:47:33.243855+00:00,200,20463.12,
2026-09-11T01:47:30.326669+00:00,200,23385.97,
2026-09-11T01:47:42.571729+00:00,200,11146.73,
2026-09-11T01:47:39.045997+00:00,200,14671.84,
2026-09-11T01:47:37.033635+00:00,200,16689.41,
2026-09-11T01:47:49.024083+00:00,200,4702.31,
2026-09-11T01:47:41.411983+00:00,200,12316.57,
2026-09-11T01:47:48.061682+00:00,200,5698.04,
2026-09-11T01:47:41.960641+00:00,200,11804.12,
2026-09-11T01:47:15.665977+00:00,200,38103.50,
2026-09-11T01:47:48.527773+00:00,200,5266.57,
2026-09-11T01:47:36.655399+00:00,200,17160.64,
2026-09-11T01:47:47.978965+00:00,200,5845.74,
2026-09-11T01:47:31.807217+00:00,200,22005.43,
2026-09-11T01:47:12.475149+00:00,200,41353.86,
2026-09-11T01:47:45.481715+00:00,200,8346.78,
2026-09-11T01:47:48.938544+00:00,200,4906.42,
2026-09-11T01:47:37.460444+00:00,200,16462.44,
2026-09-11T01:47:34.457195+00:00,200,19472.36,
2026-09-11T01:47:39.225201+00:00,200,14714.55,
2026-09-11T01:47:51.302274+00:00,200,2646.70,
2026-09-11T01:47:48.002315+00:00,200,5964.88,
2026-09-11T01:47:46.829731+00:00,200,7149.83,
2026-09-11T01:47:03.160509+00:00,200,50838.05,
2026-09-11T01:47:18.903902+00:00,200,35119.55,
2026-09-11T01:47:04.891842+00:00,200,49135.62,
2026-09-11T01:47:44.232993+00:00,200,9823.64,
2026-09-11T01:47:44.381080+00:00,200,9692.56,
2026-09-11T01:47:53.594988+00:00,200,480.72,
2026-09-11T01:47:48.427712+00:00,200,5679.57,
2026-09-11T01:47:52.819549+00:00,200,1313.95,
2026-09-11T01:47:52.296002+00:00,200,1840.70,
2026-09-11T01:47:49.043809+00:00,200,5098.89,
2026-09-11T01:47:51.857392+00:00,200,2289.13,
2026-09-11T01:47:10.155135+00:00,200,43999.77,
2026-09-11T01:47:43.029204+00:00,200,11133.74,
2026-09-11T01:47:53.236027+00:00,200,936.06,
2026-09-11T01:47:41.251789+00:00,200,12930.49,
2026-09-11T01:47:53.744284+00:00,200,439.80,
2026-09-11T01:47:52.014915+00:00,200,2188.05,
2026-09-11T01:47:34.457195+00:00,200,19757.87,
2026-09-11T01:47:14.391373+00:00,200,39832.37,
2026-09-11T01:47:51.073234+00:00,200,3180.83,
2026-09-11T01:47:46.369073+00:00,200,7929.34,
2026-09-11T01:47:40.460404+00:00,200,13846.50,
2026-09-11T01:47:45.415530+00:00,200,8889.65,
2026-09-11T01:47:25.638901+00:00,200,28680.11,
2026-09-11T01:47:26.856541+00:00,200,27489.19,
2026-09-11T01:47:24.553574+00:00,200,29816.58,
2026-09-11T01:47:38.912066+00:00,200,15470.76,
2026-09-11T01:47:46.807385+00:00,200,7588.77,
2026-09-11T01:47:50.245035+00:00,200,4151.14,
2026-09-11T01:47:53.491277+00:00,200,923.41,
2026-09-11T01:47:49.352014+00:00,200,5072.03,
2026-09-11T01:47:44.300901+00:00,200,10118.00,
2026-09-11T01:47:50.961807+00:00,200,3467.57,
2026-09-11T01:47:34.437434+00:00,200,19997.84,
2026-09-11T01:47:51.904685+00:00,200,2556.64,
2026-09-11T01:47:48.869878+00:00,200,5612.73,
2026-09-11T01:47:37.332927+00:00,200,17153.12,
2026-09-11T01:47:49.394742+00:00,200,5095.56,
2026-09-11T01:47:52.938191+00:00,200,1558.02,
2026-09-11T01:46:53.750052+00:00,200,60743.51,
2026-09-11T01:47:42.981123+00:00,200,11518.76,
2026-09-11T01:47:50.835818+00:00,200,3670.87,
2026-09-11T01:47:41.411983+00:00,200,13120.37,
2026-09-11T01:47:32.826549+00:00,200,21717.41,
2026-09-11T01:47:24.480259+00:00,200,30080.84,
2026-09-11T01:47:34.470975+00:00,200,20097.40,
2026-09-11T01:47:47.715672+00:00,200,6857.38,
2026-09-11T01:47:28.334268+00:00,200,26248.59,
2026-09-11T01:47:48.021830+00:00,200,6563.26,
2026-09-11T01:47:31.498127+00:00,200,23087.92,
2026-09-11T01:47:09.498871+00:00,200,45095.08,
2026-09-11T01:47:51.248443+00:00,200,3375.88,
2026-09-11T01:47:33.578325+00:00,200,21057.45,
2026-09-11T01:47:53.450449+00:00,200,1188.51,
2026-09-11T01:47:44.903062+00:00,200,9751.41,
2026-09-11T01:47:23.014867+00:00,200,31642.62,
2026-09-11T01:47:30.729817+00:00,200,23952.58,
2026-09-11T01:47:52.481476+00:00,200,2201.64,
2026-09-11T01:47:53.499663+00:00,200,1192.30,
2026-09-11T01:47:38.202478+00:00,200,16494.24,
2026-09-11T01:47:47.414449+00:00,200,7288.37,
2026-09-11T01:47:48.319061+00:00,200,6399.27,
2026-09-11T01:47:54.535445+00:00,200,182.53,
2026-09-11T01:47:34.810063+00:00,200,19901.84,
2026-09-11T01:47:45.352724+00:00,200,9386.14,
2026-09-11T01:47:24.100496+00:00,200,30665.64,
2026-09-11T01:47:40.970579+00:00,200,13798.86,
2026-09-11T01:47:51.904685+00:00,200,2876.97,
2026-09-11T01:47:36.489917+00:00,200,18297.15,
2026-09-11T01:47:50.975408+00:00,200,3844.93,
2026-09-11T01:47:51.625884+00:00,200,3216.25,
2026-09-11T01:47:37.935504+00:00,200,16925.86,
2026-09-11T01:47:45.513977+00:00,200,9349.16,
2026-09-11T01:47:54.340899+00:00,200,525.64,
2026-09-11T01:47:28.733172+00:00,200,26147.43,
2026-09-11T01:47:46.136235+00:00,200,8750.40,
2026-09-11T01:47:42.061155+00:00,200,12834.14,
2026-09-11T01:47:34.454171+00:00,200,20499.26,
2026-09-11T01:47:34.259162+00:00,200,20706.08,
2026-09-11T01:47:35.207631+00:00,200,19774.68,
2026-09-11T01:47:38.925686+00:00,200,16075.02,
2026-09-11T01:47:07.125396+00:00,200,47914.91,
2026-09-11T01:47:36.413659+00:00,200,18632.99,
2026-09-11T01:47:10.293502+00:00,200,44778.46,
2026-09-11T01:47:27.009332+00:00,200,28069.07,
2026-09-11T01:47:52.893142+00:00,200,2199.77,
2026-09-11T01:47:44.060642+00:00,200,11032.92,
2026-09-11T01:47:34.022639+00:00,200,21109.08,
2026-09-11T01:47:35.801702+00:00,200,19336.61,
2026-09-11T01:47:53.345994+00:00,200,1822.11,
2026-09-11T01:47:46.766431+00:00,200,8396.47,
2026-09-11T01:47:36.099285+00:00,200,19122.11,
2026-09-11T01:47:49.009792+00:00,200,6246.89,
2026-09-11T01:47:44.091510+00:00,200,11166.39,
2026-09-11T01:47:12.887114+00:00,200,42381.70,
2026-09-11T01:47:45.167537+00:00,200,10113.09,
2026-09-11T01:46:54.489112+00:00,200,60843.84,
2026-09-11T01:47:33.339015+00:00,200,22010.63,
2026-09-11T01:47:49.576057+00:00,200,5775.74,
2026-09-11T01:47:43.958859+00:00,200,11394.04,
2026-09-11T01:47:51.182190+00:00,200,4181.77,
2026-09-11T01:47:55.168574+00:00,200,202.42,
2026-09-11T01:47:50.227095+00:00,200,5147.19,
2026-09-11T01:47:43.643346+00:00,200,11736.57,
2026-09-11T01:47:51.200302+00:00,200,4184.41,
2026-09-11T01:47:39.620206+00:00,200,15789.21,
2026-09-11T01:47:46.751003+00:00,200,8663.45,
2026-09-11T01:47:27.328996+00:00,200,28092.77,
2026-09-11T01:47:43.360578+00:00,200,12062.91,
2026-09-11T01:47:28.844199+00:00,200,26619.86,
2026-09-11T01:47:47.204543+00:00,200,8268.97,
2026-09-11T01:47:49.597399+00:00,200,5891.92,
2026-09-11T01:47:10.178128+00:00,200,45340.56,
2026-09-11T01:47:55.128201+00:00,200,424.50,
2026-09-11T01:47:23.339866+00:00,200,32219.26,
2026-09-11T01:47:36.190212+00:00,200,19376.53,
2026-09-11T01:47:54.071615+00:00,200,1520.13,
2026-09-11T01:47:48.236098+00:00,200,7377.25,
2026-09-11T01:47:30.713824+00:00,200,24912.12,
2026-09-11T01:47:50.570220+00:00,200,5070.72,
2026-09-11T01:47:23.100772+00:00,200,32540.67,
2026-09-11T01:47:43.852713+00:00,200,11812.62,
2026-09-11T01:47:20.817558+00:00,200,34844.87,
2026-09-11T01:47:45.055381+00:00,200,10619.34,
2026-09-11T01:47:47.752663+00:00,200,7944.95,
2026-09-11T01:47:45.447446+00:00,200,10250.81,
2026-09-11T01:47:52.924280+00:00,200,2802.52,
2026-09-11T01:47:16.454173+00:00,200,39280.32,
2026-09-11T01:47:51.920728+00:00,200,3812.13,
2026-09-11T01:47:42.774956+00:00,200,12968.37,
2026-09-11T01:47:54.275735+00:00,200,1473.69,
2026-09-11T01:47:48.595953+00:00,200,7159.12,
2026-09-11T01:47:52.090912+00:00,200,3682.69,
2026-09-11T01:47:54.368636+00:00,200,1438.21,
2026-09-11T01:47:53.690895+00:00,200,2134.76,
2026-09-11T01:47:52.028337+00:00,200,3817.49,
2026-09-11T01:47:37.085661+00:00,200,18756.92,
2026-09-11T01:47:31.795189+00:00,200,24094.93,
2026-09-11T01:47:26.613454+00:00,200,29325.54,
2026-09-11T01:47:53.648158+00:00,200,2296.43,
2026-09-11T01:47:35.362193+00:00,200,20589.45,
2026-09-11T01:47:20.720898+00:00,200,35246.44,
2026-09-11T01:47:52.898885+00:00,200,3077.31,
2026-09-11T01:47:45.963667+00:00,200,10013.67,
2026-09-11T01:47:37.760622+00:00,200,18223.67,
2026-09-11T01:47:28.419734+00:00,200,27593.82,
2026-09-11T01:47:51.302274+00:00,200,4730.45,
2026-09-11T01:47:53.307098+00:00,200,2748.17,
2026-09-11T01:47:26.810815+00:00,200,29287.75,
2026-09-11T01:47:45.447446+00:00,200,10659.58,
2026-09-11T01:46:46.071822+00:00,200,70040.61,
2026-09-11T01:47:50.039263+00:00,200,6077.09,
2026-09-11T01:47:37.175116+00:00,200,18963.53,
2026-09-11T01:47:30.776508+00:00,200,25358.66,
2026-09-11T01:47:39.113522+00:00,200,17035.25,
2026-09-11T01:47:54.136065+00:00,200,2014.24,
2026-09-11T01:47:51.936696+00:00,200,4229.86,
2026-09-11T01:47:37.641990+00:00,200,18540.05,
2026-09-11T01:47:51.534613+00:00,200,4657.10,
2026-09-11T01:47:42.376838+00:00,200,13817.80,
2026-09-11T01:47:41.811467+00:00,200,14387.73,
2026-09-11T01:47:32.557185+00:00,200,23643.78,
2026-09-11T01:47:30.130665+00:00,200,26074.87,
2026-09-11T01:47:54.484040+00:00,200,1749.62,
2026-09-11T01:47:21.911887+00:00,200,34332.61,
2026-09-11T01:47:54.183190+00:00,200,2065.42,
2026-09-11T01:47:41.487387+00:00,200,14788.02,
2026-09-11T01:47:41.297879+00:00,200,15013.02,
2026-09-11T01:47:46.052958+00:00,200,10269.46,
2026-09-11T01:47:46.983445+00:00,200,9356.11,
2026-09-11T01:47:34.908353+00:00,200,21438.42,
2026-09-11T01:47:50.610767+00:00,200,5749.31,
2026-09-11T01:47:51.372226+00:00,200,5023.95,
2026-09-11T01:47:03.810882+00:00,200,52590.45,
2026-09-11T01:47:54.151810+00:00,200,2297.52,
2026-09-11T01:47:39.124870+00:00,200,17350.57,
2026-09-11T01:47:51.016789+00:00,200,5479.44,
2026-09-11T01:47:25.465740+00:00,200,31048.38,
2026-09-11T01:47:31.176408+00:00,200,25343.52,
2026-09-11T01:47:54.136065+00:00,200,2392.82,
2026-09-11T01:47:49.679627+00:00,200,6881.36,
2026-09-11T01:47:53.720012+00:00,200,2846.74,
2026-09-11T01:47:50.502142+00:00,200,6089.22,
2026-09-11T01:47:53.089356+00:00,200,3505.60,
2026-09-11T01:47:46.147435+00:00,200,10448.86,
2026-09-11T01:47:53.087348+00:00,200,3519.99,
2026-09-11T01:47:49.485408+00:00,200,7148.90,
2026-09-11T01:47:48.577824+00:00,200,8061.98,
2026-09-11T01:47:51.299299+00:00,200,5346.49,
2026-09-11T01:47:50.887599+00:00,200,5778.81,
2026-09-11T01:47:47.292262+00:00,200,9378.80,
2026-09-11T01:47:21.035769+00:00,200,35656.00,
2026-09-11T01:47:38.851177+00:00,200,17845.69,
2026-09-11T01:47:56.452823+00:00,200,252.61,
2026-09-11T01:47:41.473419+00:00,200,15253.76,
2026-09-11T01:47:31.615713+00:00,200,25123.95,
2026-09-11T01:47:36.212476+00:00,200,20531.63,
2026-09-11T01:47:43.860267+00:00,200,12885.85,
2026-09-11T01:47:55.377694+00:00,200,1376.20,
2026-09-11T01:47:48.169477+00:00,200,8595.00,
2026-09-11T01:47:33.070808+00:00,200,23700.81,
2026-09-11T01:47:20.429992+00:00,200,36345.69,
2026-09-11T01:47:53.105418+00:00,200,3673.08,
2026-09-11T01:47:54.573802+00:00,200,2246.66,
2026-09-11T01:47:29.910510+00:00,200,26967.48,
2026-09-11T01:47:55.597043+00:00,200,1288.43,
2026-09-11T01:47:34.243099+00:00,200,22643.55,
2026-09-11T01:47:45.209506+00:00,200,11679.29,
2026-09-11T01:47:48.307162+00:00,200,8608.17,
2026-09-11T01:47:43.269682+00:00,200,13654.26,
2026-09-11T01:47:48.135975+00:00,200,8794.13,
2026-09-11T01:47:13.827407+00:00,200,43109.56,
2026-09-11T01:47:35.029879+00:00,200,21912.86,
2026-09-11T01:47:50.323298+00:00,200,6688.66,
2026-09-11T01:47:52.755173+00:00,200,4256.42,
2026-09-11T01:47:34.389500+00:00,200,22640.55,
2026-09-11T01:47:50.794120+00:00,200,6243.95,
2026-09-11T01:47:41.444730+00:00,200,15596.61,
2026-09-11T01:47:39.409419+00:00,200,17642.50,
2026-09-11T01:47:51.012273+00:00,200,6048.44,
2026-09-11T01:47:48.410723+00:00,200,8656.34,
2026-09-11T01:47:43.669552+00:00,200,13402.31,
2026-09-11T01:47:27.113541+00:00,200,29963.46,
2026-09-11T01:47:42.124663+00:00,200,14973.18,
2026-09-11T01:47:41.863537+00:00,200,15256.27,
2026-09-11T01:47:55.942835+00:00,200,1186.41,
2026-09-11T01:47:42.905397+00:00,200,14239.22,
2026-09-11T01:47:52.085386+00:00,200,5072.10,
2026-09-11T01:47:54.215265+00:00,200,2936.85,
2026-09-11T01:47:54.665237+00:00,200,2515.45,
2026-09-11T01:47:41.786741+00:00,200,15408.76,
2026-09-11T01:47:46.638906+00:00,200,10574.30,
2026-09-11T01:46:47.795880+00:00,200,69433.03,
2026-09-11T01:47:52.947677+00:00,200,4316.94,
2026-09-11T01:47:53.563819+00:00,200,3706.89,
2026-09-11T01:47:56.135991+00:00,200,1135.92,
2026-09-11T01:47:54.022892+00:00,200,3256.67,
2026-09-11T01:47:41.553194+00:00,200,15746.40,
2026-09-11T01:47:51.200302+00:00,200,6104.87,
2026-09-11T01:47:49.597399+00:00,200,7713.66,
2026-09-11T01:47:53.397543+00:00,200,3943.87,
2026-09-11T01:47:49.556144+00:00,200,7799.47,
2026-09-11T01:47:56.887367+00:00,200,500.34,
2026-09-11T01:46:52.898192+00:00,200,64515.62,
2026-09-11T01:47:57.149636+00:00,200,264.06,
2026-09-11T01:47:36.080888+00:00,200,21338.40,
2026-09-11T01:47:49.927138+00:00,200,7496.39,
2026-09-11T01:47:57.227333+00:00,200,239.02,
2026-09-11T01:47:55.078070+00:00,200,2394.03,
2026-09-11T01:47:31.524513+00:00,200,25959.71,
2026-09-11T01:47:45.320655+00:00,200,12165.36,
2026-09-11T01:47:52.868046+00:00,200,4619.41,
2026-09-11T01:47:23.309690+00:00,200,34178.43,
2026-09-11T01:47:42.591124+00:00,200,14899.61,
2026-09-11T01:47:52.157425+00:00,200,5334.16,
2026-09-11T01:47:47.501512+00:00,200,9992.76,
2026-09-11T01:47:35.388809+00:00,200,22105.50,
2026-09-11T01:47:12.361887+00:00,200,45129.36,
2026-09-11T01:47:38.860888+00:00,200,18631.23,
2026-09-11T01:47:37.449726+00:00,200,20049.17,
2026-09-11T01:47:51.468218+00:00,200,6027.11,
2026-09-11T01:47:15.715603+00:00,200,41786.44,
2026-09-11T01:47:42.602349+00:00,200,14898.97,
2026-09-11T01:47:40.061034+00:00,200,17436.35,
2026-09-11T01:47:46.348337+00:00,200,11159.05,
2026-09-11T01:47:51.544217+00:00,200,5965.41,
2026-09-11T01:47:47.903733+00:00,200,9604.96,
2026-09-11T01:47:55.421636+00:00,200,2090.53,
2026-09-11T01:47:19.709626+00:00,200,37805.32,
2026-09-11T01:47:52.718139+00:00,200,4795.51,
2026-09-11T01:47:54.489661+00:00,200,3026.47,
2026-09-11T01:47:27.226809+00:00,200,30292.58,
2026-09-11T01:47:51.255029+00:00,200,6264.26,
2026-09-11T01:47:51.829847+00:00,200,5691.50,
2026-09-11T01:47:44.300901+00:00,200,13219.25,
2026-09-11T01:47:30.278004+00:00,200,27265.75,
2026-09-11T01:47:27.803030+00:00,200,29741.82,
2026-09-11T01:47:22.270456+00:00,200,35280.31,
2026-09-11T01:47:30.111443+00:00,200,27443.12,
2026-09-11T01:47:46.322109+00:00,200,11239.37,
2026-09-11T01:47:54.104162+00:00,200,3459.80,
2026-09-11T01:47:28.238652+00:00,200,29329.71,
2026-09-11T01:47:21.047799+00:00,200,36527.95,
2026-09-11T01:47:32.193170+00:00,200,25379.82,
2026-09-11T01:47:28.719796+00:00,200,28860.35,
2026-09-11T01:47:47.369400+00:00,200,10213.67,
2026-09-11T01:47:14.835643+00:00,200,42749.54,
2026-09-11T01:47:53.720012+00:00,200,3864.28,
2026-09-11T01:47:20.126990+00:00,200,37461.63,
2026-09-11T01:47:26.209646+00:00,200,31381.93,
2026-09-11T01:47:29.465174+00:00,200,28128.48,
2026-09-11T01:47:15.083451+00:00,200,42517.90,
2026-09-11T01:47:40.714046+00:00,200,16964.41,
2026-09-11T01:47:33.583044+00:00,200,24113.59,
2026-09-11T01:47:10.940186+00:00,200,46776.38,
2026-09-11T01:47:56.144730+00:00,200,1570.50,
2026-09-11T01:47:41.887438+00:00,200,15878.03,
2026-09-11T01:47:24.363104+00:00,200,33423.81,
2026-09-11T01:47:16.752378+00:00,200,41053.54,
2026-09-11T01:47:47.183332+00:00,200,10658.12,
2026-09-11T01:47:46.512727+00:00,200,11330.28,
2026-09-11T01:47:42.256672+00:00,200,15614.62,
2026-09-11T01:47:56.963733+00:00,200,939.43,
2026-09-11T01:47:22.501358+00:00,200,35407.85,
2026-09-11T01:47:52.386625+00:00,200,5528.71,
2026-09-11T01:47:41.281753+00:00,200,16636.26,
2026-09-11T01:47:36.379123+00:00,200,21545.46,
2026-09-11T01:47:27.827129+00:00,200,30110.85,
2026-09-11T01:47:52.870055+00:00,200,5088.55,
2026-09-11T01:47:41.222225+00:00,200,16741.79,
2026-09-11T01:47:51.372226+00:00,200,6621.06,
2026-09-11T01:47:24.799790+00:00,200,33229.05,
2026-09-11T01:47:24.294909+00:00,200,33732.50,
2026-09-11T01:47:28.653731+00:00,200,29385.64,
2026-09-11T01:47:38.568563+00:00,200,19475.39,
2026-09-11T01:47:40.379796+00:00,200,17669.02,
2026-09-11T01:47:54.421216+00:00,200,3618.42,
2026-09-11T01:47:18.090811+00:00,200,39971.16,
2026-09-11T01:47:20.367573+00:00,200,37711.10,
2026-09-11T01:47:54.136065+00:00,200,3956.95,
2026-09-11T01:47:21.132840+00:00,200,36963.25,
2026-09-11T01:47:54.500109+00:00,200,3614.66,
2026-09-11T01:47:37.739779+00:00,200,20407.69,
2026-09-11T01:47:55.808033+00:00,200,2354.07,
2026-09-11T01:47:52.540108+00:00,200,5625.40,
2026-09-11T01:47:51.090415+00:00,200,7074.23,
2026-09-11T01:47:57.905558+00:00,200,274.09,
2026-09-11T01:47:31.738729+00:00,200,26462.87,
2026-09-11T01:47:46.983445+00:00,200,11229.74,
2026-09-11T01:47:57.673976+00:00,200,547.40,
2026-09-11T01:47:43.535569+00:00,200,14750.40,
2026-09-11T01:47:49.290999+00:00,200,9028.67,
2026-09-11T01:47:48.029958+00:00,200,10324.30,
2026-09-11T01:47:46.453316+00:00,200,11906.08,
2026-09-11T01:47:55.556088+00:00,200,2834.12,
2026-09-11T01:47:56.237527+00:00,200,2160.90,
2026-09-11T01:47:21.762493+00:00,200,36640.90,
2026-09-11T01:47:54.681967+00:00,200,3745.97,
2026-09-11T01:47:58.148877+00:00,200,287.35,
2026-09-11T01:47:54.475200+00:00,200,3958.83,
2026-09-11T01:47:57.445436+00:00,200,1003.96,
2026-09-11T01:47:52.784598+00:00,200,5721.03,
2026-09-11T01:47:01.592440+00:00,200,56920.20,
2026-09-11T01:47:44.043519+00:00,200,14474.10,
2026-09-11T01:47:44.249079+00:00,200,14343.08,
2026-09-11T01:47:58.353952+00:00,200,262.97,
2026-09-11T01:47:31.371746+00:00,200,27249.27,
2026-09-11T01:47:51.904685+00:00,200,6731.63,
2026-09-11T01:47:11.205923+00:00,200,47455.20,
2026-09-11T01:47:48.277934+00:00,200,10380.15,
2026-09-11T01:47:44.857276+00:00,200,13817.36,
2026-09-11T01:47:38.746952+00:00,200,19946.24,
2026-09-11T01:47:41.464805+00:00,200,17240.81,
2026-09-11T01:47:58.504674+00:00,200,224.78,
2026-09-11T01:47:48.776389+00:00,200,9964.30,
2026-09-11T01:47:52.233643+00:00,200,6511.61,
2026-09-11T01:47:05.895908+00:00,200,52855.48,
2026-09-11T01:47:33.772031+00:00,200,24994.88,
2026-09-11T01:47:35.974364+00:00,200,22795.97,
2026-09-11T01:47:36.118641+00:00,200,22655.98,
2026-09-11T01:47:57.176984+00:00,200,1606.22,
2026-09-11T01:47:41.526830+00:00,200,17275.36,
2026-09-11T01:47:53.109155+00:00,200,5695.29,
2026-09-11T01:47:48.871395+00:00,200,9940.28,
2026-09-11T01:47:51.372226+00:00,200,7472.84,
2026-09-11T01:47:58.586445+00:00,200,267.99,
2026-09-11T01:47:58.630940+00:00,200,236.53,
2026-09-11T01:47:05.341784+00:00,200,53548.60,
2026-09-11T01:47:31.371746+00:00,200,27536.37,
2026-09-11T01:47:53.419229+00:00,200,5510.12,
2026-09-11T01:47:15.306414+00:00,200,43639.87,
2026-09-11T01:47:44.469315+00:00,200,14481.53,
2026-09-11T01:47:50.157249+00:00,200,8796.28,
2026-09-11T01:47:43.757373+00:00,200,15203.33,
2026-09-11T01:47:13.559264+00:00,200,45457.75,
2026-09-11T01:47:37.410530+00:00,200,21608.73,
2026-09-11T01:47:49.860323+00:00,200,9177.41,
2026-09-11T01:47:28.735180+00:00,200,30340.01,
2026-09-11T01:47:55.637686+00:00,200,3440.99,
2026-09-11T01:47:52.032556+00:00,200,7043.80,
2026-09-11T01:47:55.328200+00:00,200,3772.98,
2026-09-11T01:47:18.321182+00:00,200,40789.32,
2026-09-11T01:47:47.098969+00:00,200,12029.41,
2026-09-11T01:47:53.427593+00:00,200,5714.11,
2026-09-11T01:47:50.260738+00:00,200,8894.64,
2026-09-11T01:47:46.638906+00:00,200,12530.73,
2026-09-11T01:47:39.299038+00:00,200,19897.58,
2026-09-11T01:47:52.442668+00:00,200,6757.84,
2026-09-11T01:47:48.202701+00:00,200,10997.92,
2026-09-11T01:47:48.756148+00:00,200,10460.45,
2026-09-11T01:47:48.561358+00:00,200,10668.25,
2026-09-11T01:47:07.459332+00:00,200,51788.05,
2026-09-11T01:47:23.581306+00:00,200,35671.58,
2026-09-11T01:47:57.763897+00:00,200,1491.86,
2026-09-11T01:47:02.959072+00:00,200,56300.32,
2026-09-11T01:47:11.800768+00:00,200,47477.80,
2026-09-11T01:47:21.854368+00:00,200,37435.98,
2026-09-11T01:47:48.672257+00:00,200,10622.57,
2026-09-11T01:47:44.287034+00:00,200,15024.02,
2026-09-11T01:47:46.638906+00:00,200,12682.31,
2026-09-11T01:47:35.981833+00:00,200,23362.32,
2026-09-11T01:47:05.522781+00:00,200,53837.87,
2026-09-11T01:47:51.248443+00:00,200,8136.67,
2026-09-11T01:47:43.312841+00:00,200,16083.34,
2026-09-11T01:47:40.852715+00:00,200,18558.14,
2026-09-11T01:47:36.973005+00:00,200,22460.91,
2026-09-11T01:47:58.317373+00:00,200,1144.30,
2026-09-11T01:47:50.380629+00:00,200,9089.17,
2026-09-11T01:47:47.177672+00:00,200,12315.81,
2026-09-11T01:47:56.120526+00:00,200,3400.60,
2026-09-11T01:47:52.917889+00:00,200,6663.94,
2026-09-11T01:47:50.419162+00:00,200,9180.54,
2026-09-11T01:47:51.988720+00:00,200,7603.17,
2026-09-11T01:47:37.961054+00:00,200,21659.15,
2026-09-11T01:47:33.925827+00:00,200,25703.71,
2026-09-11T01:47:54.489661+00:00,200,5184.84,
2026-09-11T01:47:44.566498+00:00,200,15136.47,
2026-09-11T01:47:07.449021+00:00,200,52270.60,
2026-09-11T01:47:51.952646+00:00,200,7800.68,
2026-09-11T01:47:30.595889+00:00,200,29174.41,
2026-09-11T01:47:23.922387+00:00,200,35863.10,
2026-09-11T01:47:44.537171+00:00,200,15258.57,
2026-09-11T01:47:58.036424+00:00,200,1755.20,
2026-09-11T01:47:50.151257+00:00,200,9658.64,
2026-09-11T01:47:54.327233+00:00,200,5488.70,
2026-09-11T01:47:49.828761+00:00,200,10042.93,
2026-09-11T01:47:43.441775+00:00,200,16435.30,
2026-09-11T01:47:46.303958+00:00,200,13579.43,
2026-09-11T01:47:45.097786+00:00,200,14787.69,
2026-09-11T01:47:51.795218+00:00,200,8217.37,
2026-09-11T01:47:24.769887+00:00,200,35248.50,
2026-09-11T01:47:37.112032+00:00,200,22939.90,
2026-09-11T01:47:39.421641+00:00,200,20636.88,
2026-09-11T01:47:56.349708+00:00,200,3722.38,
2026-09-11T01:47:34.209523+00:00,200,25896.18,
2026-09-11T01:47:55.269747+00:00,200,4841.63,
2026-09-11T01:47:47.973200+00:00,200,12167.07,
2026-09-11T01:47:51.324221+00:00,200,8820.23,
2026-09-11T01:47:36.009916+00:00,200,24137.39,
2026-09-11T01:47:49.971081+00:00,200,10198.37,
2026-09-11T01:47:43.029204+00:00,200,17140.81,
2026-09-11T01:47:53.166553+00:00,200,7023.16,
2026-09-11T01:47:48.511099+00:00,200,11679.62,
2026-09-11T01:47:38.337428+00:00,200,21865.04,
2026-09-11T01:47:48.665967+00:00,200,11544.19,
2026-09-11T01:47:54.421216+00:00,200,5786.82,
2026-09-11T01:47:47.177672+00:00,200,13039.36,
2026-09-11T01:47:15.881259+00:00,200,44366.74,
2026-09-11T01:47:57.490128+00:00,200,2777.45,
2026-09-11T01:47:58.863456+00:00,200,1417.88,
2026-09-11T01:47:42.679655+00:00,200,17613.32,
2026-09-11T01:47:36.505885+00:00,200,23784.08,
2026-09-11T01:47:35.291997+00:00,200,25019.86,
2026-09-11T01:47:51.904685+00:00,200,8448.43,
2026-09-11T01:47:40.763422+00:00,200,19747.92,
2026-09-11T01:47:42.321459+00:00,200,18222.24,
2026-09-11T01:47:12.868453+00:00,200,47684.08,
2026-09-11T01:47:21.638367+00:00,200,38920.68,
2026-09-11T01:47:38.184541+00:00,200,22397.61,
2026-09-11T01:47:51.524807+00:00,200,9067.64,
2026-09-11T01:47:34.301992+00:00,200,26312.93,
2026-09-11T01:47:37.694031+00:00,200,22934.96,
2026-09-11T01:47:51.104998+00:00,200,9535.90,
2026-09-11T01:47:49.397252+00:00,200,11262.64,
2026-09-11T01:47:36.948979+00:00,200,23734.51,
2026-09-11T01:47:14.567251+00:00,200,46120.06,
2026-09-11T01:47:51.888693+00:00,200,8804.81,
2026-09-11T01:47:36.618560+00:00,200,24081.31,
2026-09-11T01:47:56.419401+00:00,200,4305.32,
2026-09-11T01:47:54.040057+00:00,200,6687.91,
2026-09-11T01:47:53.399053+00:00,200,7363.16,
2026-09-11T01:47:25.233093+00:00,200,35527.54,
2026-09-11T01:47:34.240099+00:00,200,26552.62,
2026-09-11T01:47:39.997389+00:00,200,20838.65,
2026-09-11T01:47:21.259694+00:00,200,39592.34,
2026-09-11T01:47:54.406576+00:00,200,6449.77,
2026-09-11T01:47:27.415168+00:00,200,33453.68,
2026-09-11T01:47:25.797869+00:00,200,35088.65,
2026-09-11T01:47:52.347251+00:00,200,8568.01,
2026-09-11T01:47:24.763355+00:00,200,36164.34,
2026-09-11T01:47:45.702491+00:00,200,15220.24,
2026-09-11T01:47:42.679655+00:00,200,18249.18,
2026-09-11T01:47:26.111543+00:00,200,34844.85,
2026-09-11T01:47:58.430423+00:00,200,2525.61,
2026-09-11T01:47:48.261536+00:00,200,12703.14,
2026-09-11T01:47:46.262250+00:00,200,14711.02,
2026-09-11T01:47:54.620525+00:00,200,6395.99,
2026-09-11T01:47:32.736056+00:00,200,28291.65,
2026-09-11T01:47:42.383593+00:00,200,18690.64,
2026-09-11T01:47:46.059121+00:00,200,15024.72,
2026-09-11T01:47:22.726031+00:00,200,38385.59,
2026-09-11T01:47:38.427218+00:00,200,22690.95,
2026-09-11T01:47:55.513160+00:00,200,5609.38,
2026-09-11T01:48:00.451105+00:00,200,688.10,
2026-09-11T01:47:46.592727+00:00,200,14570.55,
2026-09-11T01:47:53.827616+00:00,200,7364.24,
2026-09-11T01:47:50.019258+00:00,200,11193.34,
2026-09-11T01:47:33.254588+00:00,200,27968.03,
2026-09-11T01:48:00.929651+00:00,200,310.14,
2026-09-11T01:47:57.121656+00:00,200,4121.54,
2026-09-11T01:47:53.935915+00:00,200,7314.97,
2026-09-11T01:47:50.135913+00:00,200,11122.26,
2026-09-11T01:47:31.577512+00:00,200,29680.24,
2026-09-11T01:47:33.477013+00:00,200,27790.19,
2026-09-11T01:47:39.568798+00:00,200,21699.68,
2026-09-11T01:47:34.938221+00:00,200,26347.86,
2026-09-11T01:47:52.310132+00:00,200,8985.06,
2026-09-11T01:47:41.771555+00:00,200,19547.71,
2026-09-11T01:47:34.421380+00:00,200,26924.21,
2026-09-11T01:47:23.363806+00:00,200,37985.74,
2026-09-11T01:47:56.242648+00:00,200,5101.60,
2026-09-11T01:47:52.204210+00:00,200,9159.77,
2026-09-11T01:47:35.207631+00:00,200,26171.74,
2026-09-11T01:47:58.752983+00:00,200,2658.19,
2026-09-11T01:47:44.575676+00:00,200,16858.74,
2026-09-11T01:47:50.696175+00:00,200,10756.34,
2026-09-11T01:47:51.496011+00:00,200,9971.68,
2026-09-11T01:47:30.450848+00:00,200,31138.62,
2026-09-11T01:47:34.035906+00:00,200,27563.50,
2026-09-11T01:48:00.498492+00:00,200,1135.50,
2026-09-11T01:47:57.722835+00:00,200,3941.13,
2026-09-11T01:47:56.276809+00:00,200,5418.24,
2026-09-11T01:47:41.277219+00:00,200,20442.50,
2026-09-11T01:47:58.092256+00:00,200,3631.72,
2026-09-11T01:47:56.590615+00:00,200,5138.07,
2026-09-11T01:47:59.605738+00:00,200,2137.69,
2026-09-11T01:47:52.814545+00:00,200,8939.35,
2026-09-11T01:47:52.648559+00:00,200,9143.31,
2026-09-11T01:47:53.642030+00:00,200,8160.15,
2026-09-11T01:47:46.463176+00:00,200,15365.14,
2026-09-11T01:47:54.693259+00:00,200,7142.97,
2026-09-11T01:47:49.706759+00:00,200,12143.15,
2026-09-11T01:47:54.055804+00:00,200,7802.26,
2026-09-11T01:47:42.470862+00:00,200,19444.76,
2026-09-11T01:47:42.986483+00:00,200,18946.08,
2026-09-11T01:47:52.755173+00:00,200,9173.98,
2026-09-11T01:47:06.415278+00:00,200,55524.37,
2026-09-11T01:47:50.060778+00:00,200,11887.45,
2026-09-11T01:47:45.003661+00:00,200,16978.14,
2026-09-11T01:47:45.893030+00:00,200,16113.01,
2026-09-11T01:47:57.556949+00:00,200,4442.50,
2026-09-11T01:47:52.507082+00:00,200,9515.29,
2026-09-11T01:47:41.887438+00:00,200,20142.95,
2026-09-11T01:47:12.774671+00:00,200,49283.72,
2026-09-11T01:47:56.135991+00:00,200,5939.83,
2026-09-11T01:47:14.470784+00:00,200,47623.36,
2026-09-11T01:47:59.578273+00:00,200,2512.87,
2026-09-11T01:47:57.491142+00:00,200,4608.69,
2026-09-11T01:47:55.894385+00:00,200,6239.01,
2026-09-11T01:47:46.432951+00:00,200,15752.43,
2026-09-11T01:47:30.129659+00:00,200,32063.15,
2026-09-11T01:47:20.238652+00:00,200,41967.07,
2026-09-11T01:47:51.646260+00:00,200,10608.62,
2026-09-11T01:47:51.177159+00:00,200,11089.98,
2026-09-11T01:46:39.399468+00:00,200,82874.35,
2026-09-11T01:47:59.133356+00:00,200,3153.99,
2026-09-11T01:47:26.484975+00:00,200,35813.78,
2026-09-11T01:47:58.047461+00:00,200,4310.68,
2026-09-11T01:47:53.160386+00:00,200,9214.27,
2026-09-11T01:47:42.986483+00:00,200,19387.45,
2026-09-11T01:47:28.384500+00:00,200,34012.89,
2026-09-11T01:47:42.442773+00:00,200,19966.34,
2026-09-11T01:47:51.763999+00:00,200,10673.95,
2026-09-11T01:48:01.241405+00:00,200,1222.15,
2026-09-11T01:47:40.826029+00:00,200,21641.85,
2026-09-11T01:47:47.127068+00:00,200,15378.21,
2026-09-11T01:47:48.144006+00:00,200,14363.67,
2026-09-11T01:48:02.187608+00:00,200,337.49,
2026-09-11T01:47:54.306669+00:00,200,8247.17,
2026-09-11T01:47:40.013259+00:00,200,22542.21,
2026-09-11T01:47:55.665874+00:00,200,6899.01,
2026-09-11T01:47:19.779504+00:00,200,42791.64,
2026-09-11T01:47:23.048421+00:00,200,39536.20,
2026-09-11T01:47:30.539867+00:00,200,32101.82,
2026-09-11T01:47:18.369227+00:00,200,44278.98,
2026-09-11T01:47:53.365104+00:00,200,9298.53,
2026-09-11T01:47:28.814207+00:00,200,33857.99,
2026-09-11T01:47:59.472761+00:00,200,3213.18,
2026-09-11T01:47:51.904685+00:00,200,10790.38,
2026-09-11T01:47:49.597399+00:00,200,13101.68,
2026-09-11T01:47:17.223359+00:00,200,45489.11,
2026-09-11T01:47:36.052124+00:00,200,26685.44,
2026-09-11T01:47:22.229622+00:00,200,40520.49,
2026-09-11T01:47:57.509156+00:00,200,5254.91,
2026-09-11T01:48:01.363020+00:00,200,1414.99,
2026-09-11T01:47:30.920235+00:00,200,31852.41,
2026-09-11T01:47:50.910833+00:00,200,11893.70,
2026-09-11T01:47:36.437114+00:00,200,26400.52,
2026-09-11T01:47:37.956062+00:00,200,24888.50,
2026-09-11T01:47:11.593895+00:00,200,51270.57,
2026-09-11T01:46:49.116902+00:00,200,73749.80,
2026-09-11T01:47:48.536143+00:00,200,14353.06,
2026-09-11T01:47:55.278083+00:00,200,7619.15,
2026-09-11T01:47:53.182648+00:00,200,9724.52,
2026-09-11T01:47:30.479567+00:00,200,32448.47,
2026-09-11T01:47:59.744988+00:00,200,3205.45,
2026-09-11T01:47:56.314368+00:00,200,6644.04,
2026-09-11T01:47:54.421216+00:00,200,8540.02,
2026-09-11T01:47:44.188605+00:00,200,18781.09,
2026-09-11T01:48:00.963076+00:00,200,2041.03,
2026-09-11T01:47:32.040705+00:00,200,30982.11,
2026-09-11T01:47:56.192263+00:00,200,6829.88,
2026-09-11T01:48:01.745365+00:00,200,1299.74,
2026-09-11T01:47:51.146780+00:00,200,11902.62,
2026-09-11T01:48:01.754716+00:00,200,1297.85,
2026-09-11T01:47:29.837595+00:00,200,33215.70,
2026-09-11T01:47:47.162009+00:00,200,15893.42,
2026-09-11T01:47:41.951882+00:00,200,21122.35,
2026-09-11T01:47:52.212635+00:00,200,10864.01,
2026-09-11T01:47:45.758993+00:00,200,17345.02,
2026-09-11T01:47:56.594461+00:00,200,6523.63,
2026-09-11T01:47:55.046679+00:00,200,8072.50,
2026-09-11T01:47:54.493432+00:00,200,8626.09,
2026-09-11T01:47:28.929979+00:00,200,34197.67,
2026-09-11T01:47:52.938191+00:00,200,10205.75,
2026-09-11T01:47:28.445220+00:00,200,34728.85,
2026-09-11T01:47:47.712721+00:00,200,15485.28,
2026-09-11T01:47:57.461373+00:00,200,5726.16,
2026-09-11T01:47:48.336225+00:00,200,14894.38,
2026-09-11T01:46:55.611486+00:00,200,67628.49,
2026-09-11T01:47:41.218751+00:00,200,22027.04,
2026-09-11T01:47:36.489917+00:00,200,26780.68,
2026-09-11T01:47:14.987249+00:00,200,48300.22,
2026-09-11T01:47:45.113546+00:00,200,18185.87,
2026-09-11T01:47:41.092209+00:00,200,22207.73,
2026-09-11T01:47:50.844169+00:00,200,12469.84,
2026-09-11T01:47:45.367950+00:00,200,17949.07,
2026-09-11T01:47:27.747177+00:00,200,35613.59,
2026-09-11T01:48:00.681556+00:00,200,2688.02,
2026-09-11T01:47:57.623285+00:00,200,5763.48,
2026-09-11T01:47:50.199187+00:00,200,13201.72,
2026-09-11T01:47:51.515674+00:00,200,11891.68,
2026-09-11T01:47:36.374926+00:00,200,27038.80,
2026-09-11T01:47:41.719109+00:00,200,21703.03,
2026-09-11T01:47:54.633122+00:00,200,8812.94,
2026-09-11T01:47:38.354314+00:00,200,25100.75,
2026-09-11T01:48:02.761509+00:00,200,722.68,
2026-09-11T01:47:57.573037+00:00,200,5915.77,
2026-09-11T01:47:03.482322+00:00,200,60012.97,
2026-09-11T01:47:33.184904+00:00,200,30336.03,
2026-09-11T01:47:56.398520+00:00,200,7126.79,
2026-09-11T01:47:22.459699+00:00,200,41077.03,
2026-09-11T01:47:59.267123+00:00,200,4280.52,
2026-09-11T01:47:52.448189+00:00,200,11108.88,
2026-09-11T01:47:12.092131+00:00,200,51463.27,
2026-09-11T01:47:28.197521+00:00,200,35369.84,
2026-09-11T01:47:50.869164+00:00,200,12698.50,
2026-09-11T01:47:56.197442+00:00,200,7376.00,
2026-09-11T01:47:51.826796+00:00,200,11764.98,
2026-09-11T01:48:02.670107+00:00,200,924.07,
2026-09-11T01:47:53.664741+00:00,200,9943.58,
2026-09-11T01:47:29.005783+00:00,200,34609.59,
2026-09-11T01:47:33.323102+00:00,200,30314.15,
2026-09-11T01:47:39.191865+00:00,200,24472.92,
2026-09-11T01:47:49.056173+00:00,200,14608.21,
2026-09-11T01:47:51.661959+00:00,200,12015.36,
2026-09-11T01:47:56.536150+00:00,200,7147.79,
2026-09-11T01:48:03.490537+00:00,200,207.59,
2026-09-11T01:47:49.098381+00:00,200,14638.16,
2026-09-11T01:47:36.913868+00:00,200,26822.19,
2026-09-11T01:47:42.178103+00:00,200,21583.74,
2026-09-11T01:47:42.493894+00:00,200,21276.25,
2026-09-11T01:47:38.529135+00:00,200,25243.76,
2026-09-11T01:47:42.981123+00:00,200,20817.10,
2026-09-11T01:47:37.582994+00:00,200,26226.06,
2026-09-11T01:47:41.395842+00:00,200,22417.39,
2026-09-11T01:47:53.198512+00:00,200,10626.39,
2026-09-11T01:47:56.775535+00:00,200,7061.11,
2026-09-11T01:47:11.584621+00:00,200,52254.14,
2026-09-11T01:47:50.694165+00:00,200,13152.92,
2026-09-11T01:47:50.059441+00:00,200,13798.41,
2026-09-11T01:47:45.877352+00:00,200,17985.14,
2026-09-11T01:47:48.594444+00:00,200,15275.13,
2026-09-11T01:48:00.562367+00:00,200,3302.85,
2026-09-11T01:47:54.951448+00:00,200,8922.70,
2026-09-11T01:47:51.701201+00:00,200,12187.18,
2026-09-11T01:47:47.574553+00:00,200,16330.88,
2026-09-11T01:47:35.257444+00:00,200,28675.50,
2026-09-11T01:47:49.697436+00:00,200,14255.03,
2026-09-11T01:47:48.639226+00:00,200,15329.14,
2026-09-11T01:48:03.800140+00:00,200,181.84,
2026-09-11T01:47:39.436349+00:00,200,24547.85,
2026-09-11T01:47:56.346179+00:00,200,7644.55,
2026-09-11T01:47:50.869164+00:00,200,13124.98,
2026-09-11T01:48:03.188190+00:00,200,807.12,
2026-09-11T01:48:00.966506+00:00,200,3032.53,
2026-09-11T01:47:43.648663+00:00,200,20369.61,
2026-09-11T01:48:03.236355+00:00,200,788.86,
2026-09-11T01:47:27.542103+00:00,200,36481.12,
2026-09-11T01:48:02.836808+00:00,200,1233.47,
2026-09-11T01:47:49.077512+00:00,200,14995.80,
2026-09-11T01:47:51.872183+00:00,200,12210.92,
2026-09-11T01:47:59.030136+00:00,200,5060.71,
2026-09-11T01:47:57.958961+00:00,200,6140.01,
2026-09-11T01:47:42.414786+00:00,200,21701.20,
2026-09-11T01:47:22.430246+00:00,200,41696.28,
2026-09-11T01:47:56.144730+00:00,200,7972.42,
2026-09-11T01:47:54.774502+00:00,200,9344.76,
2026-09-11T01:47:41.539561+00:00,200,22598.78,
2026-09-11T01:47:09.401267+00:00,200,54748.62,
2026-09-11T01:48:03.949805+00:00,200,198.83,
2026-09-11T01:47:55.773523+00:00,200,8397.89,
2026-09-11T01:47:40.766898+00:00,200,23426.22,
2026-09-11T01:47:59.494709+00:00,200,4722.50,
2026-09-11T01:48:02.907538+00:00,200,1312.57,
2026-09-11T01:47:59.331095+00:00,200,4898.32,
2026-09-11T01:48:04.032080+00:00,200,199.48,
2026-09-11T01:47:56.235940+00:00,200,8006.07,
2026-09-11T01:47:56.197442+00:00,200,8037.05,
2026-09-11T01:47:50.394210+00:00,200,13868.17,
2026-09-11T01:47:36.950992+00:00,200,27338.98,
2026-09-11T01:47:29.552711+00:00,200,34754.59,
2026-09-11T01:47:59.334858+00:00,200,4971.86,
2026-09-11T01:47:51.751139+00:00,200,12566.66,
2026-09-11T01:47:33.532930+00:00,200,30793.06,
2026-09-11T01:47:40.714046+00:00,200,23655.34,
2026-09-11T01:47:39.077783+00:00,200,25297.08,
2026-09-11T01:47:58.079517+00:00,200,6314.94,
2026-09-11T01:47:50.272563+00:00,200,14141.30,
2026-09-11T01:47:35.990180+00:00,200,28424.37,
2026-09-11T01:48:00.312219+00:00,200,4142.59,
2026-09-11T01:48:04.017640+00:00,200,449.95,
2026-09-11T01:47:52.183796+00:00,200,12290.58,
2026-09-11T01:47:44.768825+00:00,200,19711.11,
2026-09-11T01:47:56.567738+00:00,200,7923.63,
2026-09-11T01:47:49.490934+00:00,200,15009.20,
2026-09-11T01:47:51.892680+00:00,200,12629.08,
2026-09-11T01:48:03.022836+00:00,200,1501.23,
2026-09-11T01:47:38.779533+00:00,200,25761.90,
2026-09-11T01:47:55.139481+00:00,200,9406.56,
2026-09-11T01:47:59.196384+00:00,200,5366.35,
2026-09-11T01:47:57.414172+00:00,200,7162.06,
2026-09-11T01:47:47.986666+00:00,200,16591.11,
2026-09-11T01:47:35.218298+00:00,200,29361.46,
2026-09-11T01:47:52.511038+00:00,200,12072.45,
2026-09-11T01:47:57.192796+00:00,200,7399.09,
2026-09-11T01:47:17.601101+00:00,200,46991.62,
2026-09-11T01:47:40.776951+00:00,200,23831.72,
2026-09-11T01:48:02.612467+00:00,200,2005.55,
2026-09-11T01:47:58.645925+00:00,200,5965.15,
2026-09-11T01:47:42.330161+00:00,200,22289.74,
2026-09-11T01:47:13.042286+00:00,200,51585.54,
2026-09-11T01:47:38.786028+00:00,200,25885.18,
2026-09-11T01:47:40.394129+00:00,200,24277.92,
2026-09-11T01:47:57.591454+00:00,200,7096.41,
2026-09-11T01:47:54.857674+00:00,200,9834.93,
2026-09-11T01:47:40.726324+00:00,200,23961.88,
2026-09-11T01:47:50.993476+00:00,200,13744.56,
2026-09-11T01:47:32.998409+00:00,200,31749.22,
2026-09-11T01:47:58.328145+00:00,200,6424.11,
2026-09-11T01:48:03.520766+00:00,200,1267.04,
2026-09-11T01:47:45.149453+00:00,200,19653.98,
2026-09-11T01:47:55.559072+00:00,200,9256.68,
2026-09-11T01:47:36.585876+00:00,200,28239.12,
2026-09-11T01:47:48.486138+00:00,200,16355.40,
2026-09-11T01:47:32.969897+00:00,200,31880.10,
2026-09-11T01:48:02.464824+00:00,200,2398.90,
2026-09-11T01:47:39.870182+00:00,200,25007.74,
2026-09-11T01:47:58.942720+00:00,200,5944.28,
2026-09-11T01:47:42.979356+00:00,200,21926.85,
2026-09-11T01:47:51.468218+00:00,200,13440.19,
2026-09-11T01:47:54.878527+00:00,200,10037.10,
2026-09-11T01:48:00.980077+00:00,200,3972.26,
2026-09-11T01:47:53.411260+00:00,200,11549.02,
2026-09-11T01:48:03.303531+00:00,200,1654.16,
2026-09-11T01:47:37.777898+00:00,200,27210.88,
2026-09-11T01:48:01.948797+00:00,200,3047.31,
2026-09-11T01:47:56.936551+00:00,200,8060.68,
2026-09-11T01:47:50.617359+00:00,200,14388.55,
2026-09-11T01:47:56.477754+00:00,200,8529.83,
2026-09-11T01:47:54.071615+00:00,200,10934.63,
2026-09-11T01:47:49.346872+00:00,200,15680.82,
2026-09-11T01:47:38.786028+00:00,200,26247.18,
2026-09-11T01:48:03.747738+00:00,200,1296.72,
2026-09-11T01:47:38.886087+00:00,200,26189.21,
2026-09-11T01:47:18.375445+00:00,200,46710.26,
2026-09-11T01:47:47.547082+00:00,200,17551.16,
2026-09-11T01:48:03.114914+00:00,200,2004.87,
2026-09-11T01:47:43.029204+00:00,200,22119.60,
2026-09-11T01:47:43.751774+00:00,200,21404.17,
2026-09-11T01:47:52.528812+00:00,200,12635.99,
2026-09-11T01:47:57.540968+00:00,200,7632.17,
2026-09-11T01:47:39.140722+00:00,200,26062.82,
2026-09-11T01:47:59.702996+00:00,200,5508.23,
2026-09-11T01:47:52.310132+00:00,200,12887.85,
2026-09-11T01:47:47.225595+00:00,200,17985.27,
2026-09-11T01:47:47.937410+00:00,200,17300.99,
2026-09-11T01:48:01.720870+00:00,200,3531.81,
2026-09-11T01:47:57.509156+00:00,200,7772.77,
2026-09-11T01:47:11.248607+00:00,200,54046.55,
2026-09-11T01:47:59.244337+00:00,200,6040.72,
2026-09-11T01:47:27.249270+00:00,200,38055.41,
2026-09-11T01:47:53.261199+00:00,200,12054.30,
2026-09-11T01:47:54.454514+00:00,200,10857.68,
2026-09-11T01:47:55.472928+00:00,200,9867.46,
2026-09-11T01:47:45.798564+00:00,200,19534.37,
2026-09-11T01:47:38.760171+00:00,200,26579.50,
2026-09-11T01:47:57.509156+00:00,200,7840.86,
2026-09-11T01:48:04.777933+00:00,200,572.32,
2026-09-11T01:48:05.161040+00:00,200,207.36,
2026-09-11T01:48:03.980656+00:00,200,1400.84,
2026-09-11T01:48:04.378623+00:00,200,1025.84,
2026-09-11T01:47:36.660146+00:00,200,28750.82,
2026-09-11T01:47:33.947872+00:00,200,31502.42,
2026-09-11T01:47:30.646466+00:00,200,34875.44,
2026-09-11T01:47:59.596466+00:00,200,5937.32,
2026-09-11T01:48:03.740683+00:00,200,1801.96,
2026-09-11T01:47:57.509156+00:00,200,8045.04,
2026-09-11T01:48:00.732797+00:00,200,4834.91,
2026-09-11T01:47:47.304957+00:00,200,18269.78,
2026-09-11T01:47:43.029204+00:00,200,22553.60,
2026-09-11T01:47:55.842812+00:00,200,9745.45,
2026-09-11T01:47:58.956793+00:00,200,6651.06,
2026-09-11T01:47:55.620019+00:00,200,9991.77,
2026-09-11T01:47:42.473877+00:00,200,23156.58,
2026-09-11T01:47:44.012014+00:00,200,21627.95,
2026-09-11T01:48:04.811596+00:00,200,829.71,
2026-09-11T01:47:37.015599+00:00,200,28659.77,
2026-09-11T01:47:36.553864+00:00,200,29138.81,
2026-09-11T01:48:01.845834+00:00,200,3852.06,
2026-09-11T01:48:05.123274+00:00,200,594.38,
2026-09-11T01:47:58.008902+00:00,200,7720.93,
2026-09-11T01:47:57.277449+00:00,200,8471.10,
2026-09-11T01:47:38.281997+00:00,200,27490.30,
2026-09-11T01:48:02.978771+00:00,200,2819.48,
2026-09-11T01:47:53.827616+00:00,200,11981.92,
2026-09-11T01:48:03.041653+00:00,200,2779.95,
2026-09-11T01:48:03.700251+00:00,200,2127.74,
2026-09-11T01:47:37.162147+00:00,200,28669.09,
2026-09-11T01:47:23.835459+00:00,200,41998.62,
2026-09-11T01:47:41.778478+00:00,200,24069.60,
2026-09-11T01:47:38.187462+00:00,200,27664.39,
2026-09-11T01:47:34.296514+00:00,200,31559.43,
2026-09-11T01:47:42.489761+00:00,200,23374.77,
2026-09-11T01:47:16.747121+00:00,200,49135.26,
2026-09-11T01:47:57.414687+00:00,200,8470.29,
2026-09-11T01:47:56.511436+00:00,200,9395.32,
2026-09-11T01:47:40.041880+00:00,200,25889.22,
2026-09-11T01:48:05.209741+00:00,200,725.38,
2026-09-11T01:47:58.449708+00:00,200,7491.98,
2026-09-11T01:47:56.615340+00:00,200,9328.74,
2026-09-11T01:47:55.169759+00:00,200,10774.66,
2026-09-11T01:47:40.964193+00:00,200,24995.80,
2026-09-11T01:47:38.552252+00:00,200,27429.85,
2026-09-11T01:47:56.519886+00:00,200,9479.29,
2026-09-11T01:48:05.606304+00:00,200,401.20,
2026-09-11T01:47:01.388422+00:00,200,64658.82,
2026-09-11T01:47:54.151810+00:00,200,11908.07,
2026-09-11T01:47:58.910389+00:00,200,7147.01,
2026-09-11T01:47:53.378057+00:00,200,12698.09,
2026-09-11T01:48:05.887158+00:00,200,202.80,
2026-09-11T01:47:50.860831+00:00,200,15265.07,
2026-09-11T01:47:45.340549+00:00,200,20803.71,
2026-09-11T01:47:46.842523+00:00,200,19314.69,
2026-09-11T01:47:52.699934+00:00,200,13474.83,
2026-09-11T01:47:45.656522+00:00,200,20531.58,
2026-09-11T01:47:55.749829+00:00,200,10442.37,
2026-09-11T01:47:48.036651+00:00,200,18162.16,
2026-09-11T01:47:29.533540+00:00,200,36670.62,
2026-09-11T01:48:03.574985+00:00,200,2633.74,
2026-09-11T01:48:05.998961+00:00,200,209.21,
2026-09-11T01:47:55.827689+00:00,200,10388.96,
2026-09-11T01:47:52.511038+00:00,200,13735.57,
2026-09-11T01:48:06.054052+00:00,200,195.71,
2026-09-11T01:47:53.323206+00:00,200,12931.22,
2026-09-11T01:48:01.071335+00:00,200,5211.55,
2026-09-11T01:47:33.400491+00:00,200,32880.68,
2026-09-11T01:47:53.503809+00:00,200,12810.45,
2026-09-11T01:47:57.493148+00:00,200,8823.36,
2026-09-11T01:47:36.314734+00:00,200,29994.38,
2026-09-11T01:47:34.051811+00:00,200,32273.51,
2026-09-11T01:47:57.509156+00:00,200,8819.21,
2026-09-11T01:47:49.214274+00:00,200,17139.49,
2026-09-11T01:48:04.667573+00:00,200,1681.29,
2026-09-11T01:48:02.686568+00:00,200,3686.25,
2026-09-11T01:47:35.226376+00:00,200,31174.60,
2026-09-11T01:48:04.546959+00:00,200,1858.08,
2026-09-11T01:47:41.251789+00:00,200,25152.57,
2026-09-11T01:47:46.975931+00:00,200,19445.49,
2026-09-11T01:47:56.178491+00:00,200,10254.08,
2026-09-11T01:47:40.964193+00:00,200,25498.91,
2026-09-11T01:47:49.642600+00:00,200,16835.57,
2026-09-11T01:47:58.430423+00:00,200,8047.59,
2026-09-11T01:47:54.167552+00:00,200,12353.28,
2026-09-11T01:47:56.928183+00:00,200,9619.37,
2026-09-11T01:47:52.077361+00:00,200,14478.93,
2026-09-11T01:47:58.729594+00:00,200,7847.73,
2026-09-11T01:47:37.635484+00:00,200,28957.64,
2026-09-11T01:47:27.620578+00:00,200,38980.73,
2026-09-11T01:47:57.940930+00:00,200,8660.23,
2026-09-11T01:47:48.965883+00:00,200,17635.76,
2026-09-11T01:47:51.660504+00:00,200,14944.95,
2026-09-11T01:47:47.066913+00:00,200,19535.55,
2026-09-11T01:47:41.594233+00:00,200,25013.91,
2026-09-11T01:48:02.588685+00:00,200,4020.28,
2026-09-11T01:48:01.931278+00:00,200,4677.25,
2026-09-11T01:47:52.564362+00:00,200,14045.57,
2026-09-11T01:47:23.467724+00:00,200,43140.49,
2026-09-11T01:47:49.982181+00:00,200,16633.62,
2026-09-11T01:47:32.160235+00:00,200,34454.20,
2026-09-11T01:47:34.563273+00:00,200,32054.66,
2026-09-11T01:48:05.288438+00:00,200,1331.58,
2026-09-11T01:47:35.875956+00:00,200,30752.57,
2026-09-11T01:47:58.527417+00:00,200,8121.59,
2026-09-11T01:47:26.908475+00:00,200,39734.22,
2026-09-11T01:47:13.805569+00:00,200,52855.81,
2026-09-11T01:48:06.401421+00:00,200,271.66,
2026-09-11T01:48:05.903381+00:00,200,773.03,
2026-09-11T01:47:46.559940+00:00,200,20131.05,
2026-09-11T01:47:31.130167+00:00,200,35574.10,
2026-09-11T01:47:47.275987+00:00,200,19498.19,
2026-09-11T01:48:03.420576+00:00,200,3364.51,
2026-09-11T01:47:36.699475+00:00,200,30089.22,
2026-09-11T01:47:30.410258+00:00,200,36424.19,
2026-09-11T01:47:57.303434+00:00,200,9543.91,
2026-09-11T01:47:57.959625+00:00,200,8884.13,
2026-09-11T01:47:59.230940+00:00,200,7622.54,
2026-09-11T01:48:01.340654+00:00,200,5510.60,
2026-09-11T01:47:43.573503+00:00,200,23296.67,
2026-09-11T01:47:46.240749+00:00,200,20664.62,
2026-09-11T01:47:39.479786+00:00,200,27424.29,
2026-09-11T01:47:45.528451+00:00,200,21374.23,
2026-09-11T01:47:56.669520+00:00,200,10247.80,
2026-09-11T01:47:54.584843+00:00,200,12340.30,
2026-09-11T01:47:25.148510+00:00,200,41785.82,
2026-09-11T01:47:28.844199+00:00,200,38087.60,
2026-09-11T01:48:05.671142+00:00,200,1274.78,
2026-09-11T01:47:30.199884+00:00,200,36760.72,
2026-09-11T01:47:11.689524+00:00,200,55274.94,
2026-09-11T01:47:51.125791+00:00,200,15896.98,
2026-09-11T01:47:48.477846+00:00,200,18552.45,
2026-09-11T01:47:57.246960+00:00,200,9808.39,
2026-09-11T01:47:49.730106+00:00,200,17347.35,
2026-09-11T01:47:31.276048+00:00,200,35792.12,
2026-09-11T01:47:42.663862+00:00,200,24433.46,
2026-09-11T01:47:51.324221+00:00,200,15786.62,
2026-09-11T01:48:06.803132+00:00,200,299.82,
2026-09-11T01:48:01.340654+00:00,200,5778.60,
2026-09-11T01:47:07.193739+00:00,200,59935.45,
2026-09-11T01:48:00.012371+00:00,200,7120.39,
2026-09-11T01:47:47.594451+00:00,200,19537.45,
2026-09-11T01:47:32.014009+00:00,200,35134.17,
2026-09-11T01:47:06.697749+00:00,200,60474.37,
2026-09-11T01:48:01.261054+00:00,200,5918.21,
2026-09-11T01:47:57.717991+00:00,200,9487.94,
2026-09-11T01:47:47.019442+00:00,200,20221.19,
2026-09-11T01:47:55.238609+00:00,200,12026.73,
2026-09-11T01:47:50.962807+00:00,200,16309.53,
2026-09-11T01:47:24.004195+00:00,200,43272.21,
2026-09-11T01:48:01.659358+00:00,200,5621.21,
2026-09-11T01:47:47.209469+00:00,200,20086.51,
2026-09-11T01:47:47.306963+00:00,200,19988.08,
2026-09-11T01:47:57.137004+00:00,200,10193.89,
2026-09-11T01:47:41.383848+00:00,200,25953.03,
2026-09-11T01:48:05.881244+00:00,200,1457.45,
2026-09-11T01:47:37.652151+00:00,200,29693.24,
2026-09-11T01:48:03.352852+00:00,200,4003.95,
2026-09-11T01:47:46.316463+00:00,200,21044.98,
2026-09-11T01:47:26.523624+00:00,200,40853.77,
2026-09-11T01:47:54.975679+00:00,200,12403.65,
2026-09-11T01:48:02.959575+00:00,200,4423.66,
2026-09-11T01:48:03.905955+00:00,200,3485.13,
2026-09-11T01:47:47.066913+00:00,200,20320.96,
2026-09-11T01:47:08.225197+00:00,200,59203.33,
2026-09-11T01:47:49.506795+00:00,200,17911.31,
2026-09-11T01:47:53.794319+00:00,200,13640.33,
2026-09-11T01:47:59.241830+00:00,200,8229.97,
2026-09-11T01:47:54.633122+00:00,200,12850.65,
2026-09-11T01:47:47.836667+00:00,200,19681.46,
2026-09-11T01:47:52.370000+00:00,200,15179.44,
2026-09-11T01:47:56.337742+00:00,200,11258.60,
2026-09-11T01:47:48.311496+00:00,200,19285.45,
2026-09-11T01:48:00.851282+00:00,200,6752.77,
2026-09-11T01:47:50.702442+00:00,200,16905.99,
2026-09-11T01:47:57.066508+00:00,200,10546.12,
2026-09-11T01:47:38.333842+00:00,200,29328.44,
2026-09-11T01:48:02.078034+00:00,200,5594.75,
2026-09-11T01:48:01.951314+00:00,200,5723.82,
2026-09-11T01:47:51.468218+00:00,200,16227.70,
2026-09-11T01:47:57.521666+00:00,200,10179.89,
2026-09-11T01:48:07.432811+00:00,200,274.72,
2026-09-11T01:47:48.796097+00:00,200,18919.79,
2026-09-11T01:48:04.901328+00:00,200,2846.29,
2026-09-11T01:47:55.569844+00:00,200,12194.04,
2026-09-11T01:47:32.059970+00:00,200,35727.29,
2026-09-11T01:48:07.044406+00:00,200,734.77,
2026-09-11T01:48:03.738675+00:00,200,4053.41,
2026-09-11T01:48:04.604085+00:00,200,3195.14,
2026-09-11T01:48:07.600494+00:00,200,243.41,
2026-09-11T01:47:44.138562+00:00,200,23710.56,
2026-09-11T01:47:29.403544+00:00,200,38470.49,
2026-09-11T01:48:03.846563+00:00,200,4050.31,
2026-09-11T01:48:06.307527+00:00,200,1591.48,
2026-09-11T01:48:07.700565+00:00,200,237.41,
2026-09-11T01:47:50.077976+00:00,200,17864.34,
2026-09-11T01:47:58.362930+00:00,200,9583.41,
2026-09-11T01:47:24.833850+00:00,200,43115.81,
2026-09-11T01:47:42.713567+00:00,200,25259.46,
2026-09-11T01:47:52.766041+00:00,200,15221.37,
2026-09-11T01:47:37.133507+00:00,200,30866.88,
2026-09-11T01:48:06.771247+00:00,200,1244.52,
2026-09-11T01:47:33.728345+00:00,200,34316.79,
2026-09-11T01:47:28.398330+00:00,200,39656.08,
2026-09-11T01:47:16.286738+00:00,200,51759.41,
2026-09-11T01:48:01.836018+00:00,200,6247.43,
2026-09-11T01:47:39.330841+00:00,200,28750.27,
2026-09-11T01:47:45.209506+00:00,200,22875.35,
2026-09-11T01:47:43.021882+00:00,200,25088.50,
2026-09-11T01:47:18.559899+00:00,200,49561.44,
2026-09-11T01:47:34.505799+00:00,200,33667.26,
2026-09-11T01:47:56.894508+00:00,200,11297.72,
2026-09-11T01:47:49.402497+00:00,200,18800.31,
2026-09-11T01:48:03.051728+00:00,200,5158.13,
2026-09-11T01:48:01.413002+00:00,200,6802.28,
2026-09-11T01:48:07.928836+00:00,200,289.75,
2026-09-11T01:47:40.139691+00:00,200,28089.90,
2026-09-11T01:48:01.254686+00:00,200,6990.73,
2026-09-11T01:47:42.997635+00:00,200,25248.59,
2026-09-11T01:47:26.469689+00:00,200,41791.32,
2026-09-11T01:47:37.644000+00:00,200,30641.38,
2026-09-11T01:48:03.388138+00:00,200,4900.64,
2026-09-11T01:47:37.986789+00:00,200,30339.86,
2026-09-11T01:48:02.704745+00:00,200,5636.36,
2026-09-11T01:46:59.912653+00:00,200,68432.13,
2026-09-11T01:47:36.844897+00:00,200,31527.32,
2026-09-11T01:47:51.542621+00:00,200,16832.63,
2026-09-11T01:47:46.147435+00:00,200,22246.39,
2026-09-11T01:48:02.213059+00:00,200,6187.73,
2026-09-11T01:47:40.250112+00:00,200,28156.80,
2026-09-11T01:47:46.670798+00:00,200,21746.81,
2026-09-11T01:47:51.936696+00:00,200,16497.32,
2026-09-11T01:47:46.086131+00:00,200,22349.91,
2026-09-11T01:47:45.436412+00:00,200,23025.25,
2026-09-11T01:47:44.128165+00:00,200,24345.93,
2026-09-11T01:47:24.170653+00:00,200,44335.05,
2026-09-11T01:47:56.065485+00:00,200,12454.29,
2026-09-11T01:48:03.197389+00:00,200,5350.38,
2026-09-11T01:47:57.215692+00:00,200,11344.19,
2026-09-11T01:47:32.869167+00:00,200,35693.07,
2026-09-11T01:47:49.342523+00:00,200,19242.15,
2026-09-11T01:48:05.298493+00:00,200,3288.75,
2026-09-11T01:48:03.985651+00:00,200,4599.59,
2026-09-11T01:48:04.207597+00:00,200,4395.39,
2026-09-11T01:47:38.886087+00:00,200,29746.71,
2026-09-11T01:47:42.124663+00:00,200,26523.16,
2026-09-11T01:47:58.166609+00:00,200,10507.18,
2026-09-11T01:48:08.429292+00:00,200,256.43,
2026-09-11T01:47:27.820757+00:00,200,40873.77,
2026-09-11T01:47:53.822229+00:00,200,14875.51,
2026-09-11T01:47:42.045242+00:00,200,26664.40,
2026-09-11T01:47:49.899101+00:00,200,18832.04,
2026-09-11T01:48:04.692967+00:00,200,4086.80,
2026-09-11T01:48:08.016462+00:00,200,771.66,
2026-09-11T01:48:04.255182+00:00,200,4531.79,
2026-09-11T01:48:00.220474+00:00,200,8609.93,
2026-09-11T01:47:47.585600+00:00,200,21246.23,
2026-09-11T01:47:40.557367+00:00,200,28290.24,
2026-09-11T01:48:01.720870+00:00,200,7153.58,
2026-09-11T01:48:07.512284+00:00,200,1377.48,
2026-09-11T01:47:35.634971+00:00,200,33268.37,
2026-09-11T01:47:50.157249+00:00,200,18760.13,
2026-09-11T01:47:58.047461+00:00,200,10875.43,
2026-09-11T01:48:04.622309+00:00,200,4339.81,
2026-09-11T01:47:35.916477+00:00,200,33074.06,
2026-09-11T01:48:03.559780+00:00,200,5428.08,
2026-09-11T01:48:01.590546+00:00,200,7406.35,
2026-09-11T01:47:22.076429+00:00,200,46923.70,
2026-09-11T01:48:07.703902+00:00,200,1297.03,
2026-09-11T01:48:08.793266+00:00,200,237.19,
2026-09-11T01:48:02.003549+00:00,200,7028.13,
2026-09-11T01:48:08.777618+00:00,200,275.13,
2026-09-11T01:47:51.805905+00:00,200,17284.59,
2026-09-11T01:47:43.360578+00:00,200,25731.13,
2026-09-11T01:47:54.127660+00:00,200,14974.61,
2026-09-11T01:47:41.044161+00:00,200,28055.85,
2026-09-11T01:47:52.858216+00:00,200,16266.51,
2026-09-11T01:47:50.363693+00:00,200,18778.27,
2026-09-11T01:47:32.311186+00:00,200,36830.75,
2026-09-11T01:47:57.342232+00:00,200,11802.88,
2026-09-11T01:47:53.103410+00:00,200,16043.82,
2026-09-11T01:48:01.026417+00:00,200,8139.74,
2026-09-11T01:47:39.260398+00:00,200,29912.44,
2026-09-11T01:47:56.242648+00:00,200,12944.10,
2026-09-11T01:47:43.551600+00:00,200,25676.20,
2026-09-11T01:48:06.401421+00:00,200,2825.86,
2026-09-11T01:48:00.143883+00:00,200,9112.11,
2026-09-11T01:47:29.569192+00:00,200,39682.89,
2026-09-11T01:48:05.075682+00:00,200,4187.08,
2026-09-11T01:47:40.318674+00:00,200,28944.03,
2026-09-11T01:48:08.171494+00:00,200,1117.61,
2026-09-11T01:48:07.945526+00:00,200,1355.34,
2026-09-11T01:48:09.077104+00:00,200,221.68,
2026-09-11T01:48:06.961396+00:00,200,2370.21,
2026-09-11T01:47:43.221096+00:00,200,26116.92,
2026-09-11T01:47:54.899853+00:00,200,14445.83,
2026-09-11T01:47:38.668840+00:00,200,30706.55,
2026-09-11T01:47:54.799750+00:00,200,14598.65,
2026-09-11T01:47:41.728167+00:00,200,27671.39,
2026-09-11T01:47:51.356209+00:00,200,18053.01,
2026-09-11T01:47:48.360973+00:00,200,21065.29,
2026-09-11T01:47:20.047471+00:00,200,49426.42,
2026-09-11T01:47:41.958644+00:00,200,27537.38,
2026-09-11T01:47:48.569536+00:00,200,20939.69,
2026-09-11T01:48:06.312471+00:00,200,3198.55,
2026-09-11T01:47:40.276718+00:00,200,29264.87,
2026-09-11T01:47:37.839210+00:00,200,31720.98,
2026-09-11T01:47:15.586301+00:00,200,53986.18,
2026-09-11T01:47:43.046341+00:00,200,26544.37,
2026-09-11T01:47:57.795645+00:00,200,11789.22,
2026-09-11T01:48:09.325865+00:00,200,264.96,
2026-09-11T01:47:48.294784+00:00,200,21311.93,
2026-09-11T01:48:02.411444+00:00,200,7205.86,
2026-09-11T01:48:06.612283+00:00,200,3015.19,
2026-09-11T01:47:50.348490+00:00,200,19282.59,
2026-09-11T01:47:31.189165+00:00,200,38451.85,
2026-09-11T01:47:41.521503+00:00,200,28149.19,
2026-09-11T01:48:00.694705+00:00,200,8989.94,
2026-09-11T01:48:06.431729+00:00,200,3261.75,
2026-09-11T01:47:39.794209+00:00,200,29910.38,
2026-09-11T01:47:06.625826+00:00,200,63090.66,
2026-09-11T01:48:08.045586+00:00,200,1687.21,
2026-09-11T01:47:30.854340+00:00,200,38894.14,
2026-09-11T01:47:59.133356+00:00,200,10612.21,
2026-09-11T01:48:08.286581+00:00,200,1476.16,
2026-09-11T01:47:48.965883+00:00,200,20801.41,
2026-09-11T01:47:41.411983+00:00,200,28362.47,
2026-09-11T01:47:48.646629+00:00,200,21135.67,
2026-09-11T01:48:07.769630+00:00,200,2024.71,
2026-09-11T01:47:49.401834+00:00,200,20394.56,
2026-09-11T01:47:53.240546+00:00,200,16588.43,
2026-09-11T01:47:11.679383+00:00,200,58159.01,
2026-09-11T01:47:08.032985+00:00,200,61806.87,
2026-09-11T01:48:05.133852+00:00,200,4712.10,
2026-09-11T01:47:57.149636+00:00,200,12714.35,
2026-09-11T01:47:35.510001+00:00,200,34361.41,
2026-09-11T01:48:03.638501+00:00,200,6248.06,
2026-09-11T01:47:58.162215+00:00,200,11746.67,
2026-09-11T01:47:52.126139+00:00,200,17821.70,
2026-09-11T01:47:50.594122+00:00,200,19358.03,
2026-09-11T01:47:43.125051+00:00,200,26840.81,
2026-09-11T01:48:06.069939+00:00,200,3914.94,
2026-09-11T01:47:38.696258+00:00,200,31306.96,
2026-09-11T01:47:36.307096+00:00,200,33721.48,
2026-09-11T01:47:13.805569+00:00,200,56221.51,
2026-09-11T01:47:59.798088+00:00,200,10238.41,
2026-09-11T01:47:34.218193+00:00,200,35829.23,
2026-09-11T01:47:52.269203+00:00,200,17787.01,
2026-09-11T01:47:31.012820+00:00,200,39054.69,
2026-09-11T01:48:05.288438+00:00,200,4828.72,
2026-09-11T01:47:34.457195+00:00,200,35679.21,
2026-09-11T01:48:05.000608+00:00,200,5135.24,
2026-09-11T01:48:06.620616+00:00,200,3533.23,
2026-09-11T01:47:35.189074+00:00,200,34971.22,
2026-09-11T01:47:27.986012+00:00,200,42179.91,
2026-09-11T01:48:06.612283+00:00,200,3560.48,
2026-09-11T01:47:56.703375+00:00,200,13470.51,
2026-09-11T01:48:09.947898+00:00,200,254.42,
2026-09-11T01:47:55.953615+00:00,200,14243.32,
2026-09-11T01:47:43.021882+00:00,200,27242.30,
2026-09-11T01:47:51.087751+00:00,200,19208.06,
2026-09-11T01:47:53.244292+00:00,200,17045.00,
2026-09-11T01:47:25.549541+00:00,200,44755.48,
2026-09-11T01:47:44.080851+00:00,200,26234.20,
2026-09-11T01:48:07.327294+00:00,200,3004.05,
2026-09-11T01:48:08.777618+00:00,200,1555.99,
2026-09-11T01:48:02.570403+00:00,200,7771.88,
2026-09-11T01:48:02.245015+00:00,200,8124.03,
2026-09-11T01:48:06.599199+00:00,200,3788.04,
2026-09-11T01:47:52.642139+00:00,200,17770.66,
2026-09-11T01:47:03.956170+00:00,200,66457.08,
2026-09-11T01:47:45.642989+00:00,200,24784.94,
2026-09-11T01:47:51.701201+00:00,200,18732.43,
2026-09-11T01:47:45.028894+00:00,200,25417.13,
2026-09-11T01:47:40.763422+00:00,200,29693.32,
2026-09-11T01:47:48.633020+00:00,200,21833.86,
2026-09-11T01:47:56.561135+00:00,200,13911.37,
2026-09-11T01:47:23.587585+00:00,200,46893.51,
2026-09-11T01:48:10.259916+00:00,200,235.47,
2026-09-11T01:47:44.402124+00:00,200,26104.68,
2026-09-11T01:47:27.573994+00:00,200,42938.29,
2026-09-11T01:48:04.523162+00:00,200,6024.31,
2026-09-11T01:48:06.354248+00:00,200,4229.71,
2026-09-11T01:48:08.347325+00:00,200,2234.15,
2026-09-11T01:47:19.771818+00:00,200,50819.16,
2026-09-11T01:48:09.750492+00:00,200,847.88,
2026-09-11T01:48:07.148340+00:00,200,3462.58,
2026-09-11T01:48:07.178236+00:00,200,3455.02,
2026-09-11T01:47:06.908633+00:00,200,63729.88,
2026-09-11T01:48:06.612283+00:00,200,4026.69,
2026-09-11T01:47:51.894387+00:00,200,18757.80,
2026-09-11T01:47:55.346489+00:00,200,15330.16,
2026-09-11T01:47:56.018163+00:00,200,14669.80,
2026-09-11T01:48:06.069939+00:00,200,4618.08,
2026-09-11T01:47:58.022020+00:00,200,12670.52,
2026-09-11T01:47:55.256094+00:00,200,15448.45,
2026-09-11T01:48:09.750492+00:00,200,967.52,
2026-09-11T01:47:54.406576+00:00,200,16323.00,
2026-09-11T01:47:33.687603+00:00,200,37063.05,
2026-09-11T01:47:58.415028+00:00,200,12333.43,
2026-09-11T01:47:57.493148+00:00,200,13263.43,
2026-09-11T01:47:42.965047+00:00,200,27838.10,
2026-09-11T01:47:54.310432+00:00,200,16508.78,
2026-09-11T01:48:03.574985+00:00,200,7266.33,
2026-09-11T01:47:45.991510+00:00,200,24850.05,
2026-09-11T01:47:34.825394+00:00,200,36027.39,
2026-09-11T01:47:51.146780+00:00,200,19722.34,
2026-09-11T01:47:47.752340+00:00,200,23137.07,
2026-09-11T01:48:09.720730+00:00,200,1159.00,
2026-09-11T01:47:23.309690+00:00,200,47611.46,
2026-09-11T01:47:41.123479+00:00,200,29841.21,
2026-09-11T01:47:39.394024+00:00,200,31598.18,
2026-09-11T01:48:05.637276+00:00,200,5356.48,
2026-09-11T01:48:05.962005+00:00,200,5051.19,
2026-09-11T01:47:38.389688+00:00,200,32646.34,
2026-09-11T01:47:47.306963+00:00,200,23725.85,
2026-09-11T01:47:53.780415+00:00,200,17263.24,
2026-09-11T01:47:47.212181+00:00,200,23849.54,
2026-09-11T01:47:48.053696+00:00,200,23029.98,
2026-09-11T01:46:55.176373+00:00,200,75915.44,
2026-09-11T01:48:07.787115+00:00,200,3316.71,
2026-09-11T01:47:57.050443+00:00,200,14064.89,
2026-09-11T01:47:44.020184+00:00,200,27107.08,
2026-09-11T01:47:57.277449+00:00,200,13853.53,
2026-09-11T01:48:06.851409+00:00,200,4282.33,
2026-09-11T01:47:49.028378+00:00,200,22109.17,
2026-09-11T01:47:40.481674+00:00,200,30669.63,
2026-09-11T01:47:53.969825+00:00,200,17203.35,
2026-09-11T01:47:58.174893+00:00,200,12996.99,
2026-09-11T01:47:54.421216+00:00,200,16775.13,
2026-09-11T01:47:58.693019+00:00,200,12509.27,
2026-09-11T01:47:51.625884+00:00,200,19612.91,
2026-09-11T01:47:35.769287+00:00,200,35476.55,
2026-09-11T01:48:07.004798+00:00,200,4243.31,
2026-09-11T01:48:04.700291+00:00,200,6554.18,
2026-09-11T01:47:52.779645+00:00,200,18488.46,
2026-09-11T01:48:09.032943+00:00,200,2242.75,
2026-09-11T01:48:04.356134+00:00,200,6970.44,
2026-09-11T01:48:01.314347+00:00,200,10024.42,
2026-09-11T01:48:08.574081+00:00,200,2761.18,
2026-09-11T01:48:07.715152+00:00,200,3635.38,
2026-09-11T01:47:23.451390+00:00,200,47914.56,
2026-09-11T01:48:05.032973+00:00,200,6356.42,
2026-09-11T01:48:08.408721+00:00,200,3012.86,
2026-09-11T01:47:53.266216+00:00,200,18156.51,
2026-09-11T01:47:36.978194+00:00,200,34443.79,
2026-09-11T01:47:47.937410+00:00,200,23502.06,
2026-09-11T01:47:42.997635+00:00,200,28462.10,
2026-09-11T01:47:59.244337+00:00,200,12230.19,
2026-09-11T01:47:43.427572+00:00,200,28068.47,
2026-09-11T01:47:39.854165+00:00,200,31647.41,
2026-09-11T01:48:09.740397+00:00,200,1774.27,
2026-09-11T01:48:07.271742+00:00,200,4280.90,
2026-09-11T01:47:46.023022+00:00,200,25540.58,
2026-09-11T01:47:36.137611+00:00,200,35438.44,
2026-09-11T01:48:03.927618+00:00,200,7663.88,
2026-09-11T01:47:38.250249+00:00,200,33358.24,
2026-09-11T01:48:03.838612+00:00,200,7770.13,
2026-09-11T01:47:49.088765+00:00,200,22529.52,
2026-09-11T01:48:11.395878+00:00,200,260.45,
2026-09-11T01:47:57.483699+00:00,200,14191.03,
2026-09-11T01:48:09.185455+00:00,200,2487.59,
2026-09-11T01:47:31.825337+00:00,200,39865.42,
2026-09-11T01:47:38.418512+00:00,200,33278.76,
2026-09-11T01:47:48.956020+00:00,200,22754.60,
2026-09-11T01:48:05.568425+00:00,200,6163.06,
2026-09-11T01:48:00.687988+00:00,200,11044.19,
2026-09-11T01:47:47.336736+00:00,200,24424.96,
2026-09-11T01:47:53.023483+00:00,200,18749.09,
2026-09-11T01:48:11.522446+00:00,200,255.14,
2026-09-11T01:47:59.282476+00:00,200,12517.63,
2026-09-11T01:48:04.622309+00:00,200,7179.71,
2026-09-11T01:47:31.899707+00:00,200,39915.30,
2026-09-11T01:47:24.878838+00:00,200,46940.27,
2026-09-11T01:47:17.901565+00:00,200,53919.51,
2026-09-11T01:47:49.061974+00:00,200,22762.44,
2026-09-11T01:48:03.197389+00:00,200,8650.80,
2026-09-11T01:47:46.306269+00:00,200,25551.37,
2026-09-11T01:47:33.685274+00:00,200,38178.27,
2026-09-11T01:48:06.628583+00:00,200,5237.81,
2026-09-11T01:47:50.694165+00:00,200,21184.12,
2026-09-11T01:47:51.920728+00:00,200,19952.17,
2026-09-11T01:47:51.829847+00:00,200,20062.87,
2026-09-11T01:47:20.435989+00:00,200,51486.43,
2026-09-11T01:47:32.684886+00:00,200,39263.78,
2026-09-11T01:48:05.936646+00:00,200,6019.20,
2026-09-11T01:47:57.540968+00:00,200,14426.54,
2026-09-11T01:47:36.489917+00:00,200,35481.37,
2026-09-11T01:47:35.435004+00:00,200,36541.07,
2026-09-11T01:47:51.485996+00:00,200,20528.71,
2026-09-11T01:48:08.460834+00:00,200,3552.37,
2026-09-11T01:48:06.181592+00:00,200,5855.23,
2026-09-11T01:48:03.453596+00:00,200,8596.23,
2026-09-11T01:47:39.405902+00:00,200,32652.77,
2026-09-11T01:48:05.000608+00:00,200,7071.35,
2026-09-11T01:48:02.191632+00:00,200,9905.14,
2026-09-11T01:47:56.887367+00:00,200,15216.87,
2026-09-11T01:48:04.910055+00:00,200,7201.52,
2026-09-11T01:48:03.969629+00:00,200,8153.43,
2026-09-11T01:48:02.564393+00:00,200,9560.64,
2026-09-11T01:48:06.595372+00:00,200,5538.17,
2026-09-11T01:47:49.348872+00:00,200,22794.25,
2026-09-11T01:47:42.749061+00:00,200,29412.17,
2026-09-11T01:48:09.244582+00:00,200,2912.57,
2026-09-11T01:48:01.121379+00:00,200,11055.35,
2026-09-11T01:47:33.367142+00:00,200,38821.45,
2026-09-11T01:48:00.103369+00:00,200,12091.52,
2026-09-11T01:47:30.608775+00:00,200,41589.62,
2026-09-11T01:47:53.844299+00:00,200,18363.30,
2026-09-11T01:47:42.221428+00:00,200,30003.33,
2026-09-11T01:48:00.953984+00:00,200,11280.58,
2026-09-11T01:47:30.829296+00:00,200,41407.42,
2026-09-11T01:47:31.842811+00:00,200,40408.24,
2026-09-11T01:47:56.190515+00:00,200,16073.26,
2026-09-11T01:48:03.366176+00:00,200,8902.52,
2026-09-11T01:48:10.039643+00:00,200,2243.14,
2026-09-11T01:47:58.746645+00:00,200,13544.53,
2026-09-11T01:48:05.383596+00:00,200,6918.21,
2026-09-11T01:48:06.693508+00:00,200,5638.58,
2026-09-11T01:48:07.134480+00:00,200,5228.66,
2026-09-11T01:47:59.403436+00:00,200,12976.98,
2026-09-11T01:47:48.062531+00:00,200,24347.53,
2026-09-11T01:48:04.207597+00:00,200,8195.95,
2026-09-11T01:48:06.525765+00:00,200,5901.44,
2026-09-11T01:47:53.577565+00:00,200,18848.29,
2026-09-11T01:48:06.927995+00:00,200,5503.37,
2026-09-11T01:47:56.767007+00:00,200,15681.95,
2026-09-11T01:48:07.102435+00:00,200,5357.81,
2026-09-11T01:48:05.398513+00:00,200,7072.02,
2026-09-11T01:47:23.219233+00:00,200,49265.57,
2026-09-11T01:47:47.461499+00:00,200,25052.59,
2026-09-11T01:47:40.685715+00:00,200,31835.67,
2026-09-11T01:47:34.426635+00:00,200,38092.75,
2026-09-11T01:48:11.484067+00:00,200,1049.09,
2026-09-11T01:48:10.588769+00:00,200,1958.09,
2026-09-11T01:48:04.224028+00:00,200,8322.50,
2026-09-11T01:48:04.633662+00:00,200,7932.85,
2026-09-11T01:48:01.261054+00:00,200,11300.32,
2026-09-11T01:47:53.928304+00:00,200,18650.52,
2026-09-11T01:48:00.937053+00:00,200,11665.09,
2026-09-11T01:48:03.288352+00:00,200,9320.06,
2026-09-11T01:47:49.896101+00:00,200,22714.75,
2026-09-11T01:47:59.887378+00:00,200,12735.00,
2026-09-11T01:47:50.094483+00:00,200,22527.69,
2026-09-11T01:47:59.103155+00:00,200,13521.34,
2026-09-11T01:48:06.557238+00:00,200,6083.95,
2026-09-11T01:47:51.894387+00:00,200,20769.81,
2026-09-11T01:47:41.325391+00:00,200,31350.06,
2026-09-11T01:48:04.765423+00:00,200,7909.67,
2026-09-11T01:47:41.108241+00:00,200,31596.05,
2026-09-11T01:47:29.468039+00:00,200,43237.71,
2026-09-11T01:47:57.293021+00:00,200,15421.97,
2026-09-11T01:48:04.146133+00:00,200,8575.36,
2026-09-11T01:48:09.720730+00:00,200,3005.02,
2026-09-11T01:47:22.791533+00:00,200,49950.10,
2026-09-11T01:48:07.386890+00:00,200,5360.73,
2026-09-11T01:48:10.458869+00:00,200,2295.80,
2026-09-11T01:48:00.045054+00:00,200,12716.32,
2026-09-11T01:47:51.625884+00:00,200,21135.36,
2026-09-11T01:48:12.325508+00:00,200,450.32,
2026-09-11T01:48:04.116261+00:00,200,8675.82,
2026-09-11T01:48:02.088033+00:00,200,10751.93,
2026-09-11T01:47:40.652706+00:00,200,32193.32,
2026-09-11T01:47:44.946652+00:00,200,27918.17,
2026-09-11T01:48:10.030715+00:00,200,2842.97,
2026-09-11T01:48:02.367180+00:00,200,10545.52,
2026-09-11T01:47:55.421636+00:00,200,17502.77,
2026-09-11T01:48:12.747373+00:00,200,187.97,
2026-09-11T01:47:52.975842+00:00,200,19968.54,
2026-09-11T01:47:49.912172+00:00,200,23043.95,
2026-09-11T01:48:08.251462+00:00,200,4738.24,
2026-09-11T01:47:06.558447+00:00,200,66448.26,
2026-09-11T01:48:02.900471+00:00,200,10117.06,
2026-09-11T01:46:55.522653+00:00,200,77496.18,
2026-09-11T01:48:06.479803+00:00,200,6544.30,
2026-09-11T01:47:53.535915+00:00,200,19505.66,
2026-09-11T01:47:42.981123+00:00,200,30074.02,
2026-09-11T01:47:53.999443+00:00,200,19057.67,
2026-09-11T01:48:04.846544+00:00,200,8213.54,
2026-09-11T01:47:40.129654+00:00,200,32944.74,
2026-09-11T01:48:12.164762+00:00,200,917.90,
2026-09-11T01:48:03.071441+00:00,200,10013.43,
2026-09-11T01:47:33.323102+00:00,200,39782.83,
2026-09-11T01:48:02.805918+00:00,200,10318.58,
2026-09-11T01:48:08.830369+00:00,200,4326.68,
2026-09-11T01:48:02.739387+00:00,200,10418.33,
2026-09-11T01:48:08.207407+00:00,200,4968.80,
2026-09-11T01:47:55.346489+00:00,200,17841.52,
2026-09-11T01:48:04.417204+00:00,200,8776.35,
2026-09-11T01:47:42.061155+00:00,200,31132.20,
2026-09-11T01:47:15.761306+00:00,200,57452.87,
2026-09-11T01:48:03.905955+00:00,200,9326.99,
2026-09-11T01:48:07.240327+00:00,200,5996.46,
2026-09-11T01:48:04.204335+00:00,200,9035.97,
2026-09-11T01:47:50.473170+00:00,200,22773.16,
2026-09-11T01:47:51.904685+00:00,200,21349.91,
2026-09-11T01:48:02.957998+00:00,200,10322.77,
2026-09-11T01:48:06.147278+00:00,200,7143.02,
2026-09-11T01:48:04.128622+00:00,200,9163.23,
2026-09-11T01:47:52.017268+00:00,200,21285.00,
2026-09-11T01:48:01.351892+00:00,200,11970.41,
2026-09-11T01:47:29.306018+00:00,200,44040.73,
2026-09-11T01:47:40.685715+00:00,200,32662.24,
2026-09-11T01:48:13.152595+00:00,200,199.58,
2026-09-11T01:47:49.117062+00:00,200,24257.23,
2026-09-11T01:47:39.213159+00:00,200,34163.92,
2026-09-11T01:48:04.952599+00:00,200,8432.44,
2026-09-11T01:47:51.266305+00:00,200,22125.34,
2026-09-11T01:48:12.230262+00:00,200,1169.79,
2026-09-11T01:47:51.028438+00:00,200,22401.20,
2026-09-11T01:47:49.878374+00:00,200,23563.53,
2026-09-11T01:47:48.850282+00:00,200,24604.07,
2026-09-11T01:48:12.237641+00:00,200,1219.62,
2026-09-11T01:48:11.332404+00:00,200,2136.13,
2026-09-11T01:47:26.384979+00:00,200,47090.30,
2026-09-11T01:48:03.610687+00:00,200,9879.39,
2026-09-11T01:47:51.239438+00:00,200,22280.54,
2026-09-11T01:48:08.730193+00:00,200,4793.27,
2026-09-11T01:47:01.456621+00:00,200,72073.53,
2026-09-11T01:47:31.260603+00:00,200,42277.68,
2026-09-11T01:47:34.744538+00:00,200,38804.86,
2026-09-11T01:47:42.822134+00:00,200,30724.57,
2026-09-11T01:48:04.461767+00:00,200,9093.05,
2026-09-11T01:47:55.070866+00:00,200,18507.30,
2026-09-11T01:47:47.667659+00:00,200,25917.31,
2026-09-11T01:48:01.597053+00:00,200,11996.56,
2026-09-11T01:48:00.251689+00:00,200,13354.01,
2026-09-11T01:47:57.066508+00:00,200,16570.62,
2026-09-11T01:47:48.332194+00:00,200,25325.87,
2026-09-11T01:48:06.604336+00:00,200,7052.13,
2026-09-11T01:47:48.790427+00:00,200,24889.13,
2026-09-11T01:48:07.120560+00:00,200,6564.91,
2026-09-11T01:48:09.138514+00:00,200,4546.40,
2026-09-11T01:47:57.790585+00:00,200,15908.60,
2026-09-11T01:48:03.121673+00:00,200,10577.61,
2026-09-11T01:48:11.137346+00:00,200,2583.80,
2026-09-11T01:48:05.846748+00:00,200,7878.92,
2026-09-11T01:47:44.894710+00:00,200,28833.46,
2026-09-11T01:47:34.750563+00:00,200,38983.57,
2026-09-11T01:48:06.649249+00:00,200,7094.92,
2026-09-11T01:47:40.726324+00:00,200,33020.80,
2026-09-11T01:47:35.772251+00:00,200,38044.92,
2026-09-11T01:48:03.619153+00:00,200,10212.01,
2026-09-11T01:48:13.656887+00:00,200,181.24,
2026-09-11T01:47:57.034665+00:00,200,16819.00,
2026-09-11T01:47:40.804819+00:00,200,33091.17,
2026-09-11T01:48:11.565589+00:00,200,2344.40,
2026-09-11T01:48:10.165981+00:00,200,3748.42,
2026-09-11T01:48:09.545794+00:00,200,4374.65,
2026-09-11T01:48:04.530355+00:00,200,9400.61,
2026-09-11T01:48:09.358199+00:00,200,4578.19,
2026-09-11T01:47:46.821961+00:00,200,27122.44,
2026-09-11T01:47:55.078070+00:00,200,18880.42,
2026-09-11T01:47:25.067481+00:00,200,48893.86,
2026-09-11T01:47:37.447716+00:00,200,36541.27,
2026-09-11T01:48:08.688477+00:00,200,5310.05,
2026-09-11T01:47:36.202700+00:00,200,37804.16,
2026-09-11T01:47:59.800096+00:00,200,14212.41,
2026-09-11T01:48:08.680102+00:00,200,5347.29,
2026-09-11T01:48:13.828444+00:00,200,197.51,
2026-09-11T01:48:13.686478+00:00,200,373.25,
2026-09-11T01:47:57.493148+00:00,200,16571.46,
2026-09-11T01:47:38.934982+00:00,200,35133.74,
2026-09-11T01:47:52.742644+00:00,200,21331.79,
2026-09-11T01:47:50.753418+00:00,200,23319.18,
2026-09-11T01:48:11.895762+00:00,200,2183.19,
2026-09-11T01:47:52.908003+00:00,200,21172.51,
2026-09-11T01:48:04.137537+00:00,200,9958.49,
2026-09-11T01:48:02.844845+00:00,200,11258.21,
2026-09-11T01:47:42.478557+00:00,200,31636.53,
2026-09-11T01:47:53.189227+00:00,200,20945.72,
2026-09-11T01:47:46.814059+00:00,200,27321.65,
2026-09-11T01:47:52.468987+00:00,200,21681.08,
2026-09-11T01:47:57.256462+00:00,200,16908.85,
2026-09-11T01:48:03.497788+00:00,200,10687.87,
2026-09-11T01:47:46.528452+00:00,200,27679.82,
2026-09-11T01:48:03.133168+00:00,200,11080.04,
2026-09-11T01:48:06.912423+00:00,200,7308.67,
2026-09-11T01:47:49.414953+00:00,200,24815.10,
2026-09-11T01:48:07.271742+00:00,200,6959.88,
2026-09-11T01:48:14.050502+00:00,200,198.95,
2026-09-11T01:48:11.007233+00:00,200,3242.21,
2026-09-11T01:48:05.881244+00:00,200,8387.74,
2026-09-11T01:47:57.066508+00:00,200,17216.21,
2026-09-11T01:48:05.624209+00:00,200,8676.99,
2026-09-11T01:47:58.036424+00:00,200,16266.58,
2026-09-11T01:47:54.568120+00:00,200,19767.10,
2026-09-11T01:47:59.022891+00:00,200,15353.01,
2026-09-11T01:47:49.747590+00:00,200,24640.78,
2026-09-11T01:47:49.695430+00:00,200,24701.08,
2026-09-11T01:48:10.057780+00:00,200,4352.31,
2026-09-11T01:48:11.800635+00:00,200,2613.13,
2026-09-11T01:47:57.588948+00:00,200,16830.08,
2026-09-11T01:48:02.051229+00:00,200,12368.95,
2026-09-11T01:48:07.359702+00:00,200,7068.91,
2026-09-11T01:48:05.304527+00:00,200,9124.99,
2026-09-11T01:48:07.102435+00:00,200,7344.94,
2026-09-11T01:48:13.837331+00:00,200,614.14,
2026-09-11T01:48:06.577457+00:00,200,7893.20,
2026-09-11T01:47:54.506755+00:00,200,19961.47,
2026-09-11T01:48:09.232014+00:00,200,5258.65,
2026-09-11T01:48:13.372105+00:00,200,1136.50,
2026-09-11T01:48:02.003549+00:00,200,12503.07,
2026-09-11T01:47:58.891546+00:00,200,15633.65,
2026-09-11T01:47:58.390480+00:00,200,16158.80,
2026-09-11T01:48:07.598483+00:00,200,6952.57,
2026-09-11T01:47:30.901689+00:00,200,43680.01,
2026-09-11T01:47:43.146547+00:00,200,31449.57,
2026-09-11T01:48:01.695262+00:00,200,12926.02,
2026-09-11T01:48:11.611001+00:00,200,3017.45,
2026-09-11T01:48:08.188329+00:00,200,6443.86,
2026-09-11T01:48:01.704716+00:00,200,12954.67,
2026-09-11T01:47:39.209284+00:00,200,35470.97,
2026-09-11T01:48:00.869746+00:00,200,13811.81,
2026-09-11T01:48:06.468648+00:00,200,8217.15,
2026-09-11T01:48:07.026104+00:00,200,7657.51,
2026-09-11T01:47:24.650909+00:00,200,50062.12,
2026-09-11T01:48:09.850574+00:00,200,4877.96,
2026-09-11T01:47:46.538633+00:00,200,28206.98,
2026-09-11T01:47:58.975069+00:00,200,15777.99,
2026-09-11T01:48:12.377711+00:00,200,2376.61,
2026-09-11T01:47:53.323206+00:00,200,21433.67,
2026-09-11T01:47:53.146099+00:00,200,21636.67,
2026-09-11T01:47:18.304707+00:00,200,56501.89,
2026-09-11T01:47:52.832848+00:00,200,22029.08,
2026-09-11T01:47:59.622091+00:00,200,15244.60,
2026-09-11T01:47:42.298439+00:00,200,32582.83,
2026-09-11T01:47:42.398762+00:00,200,32493.90,
2026-09-11T01:48:06.209976+00:00,200,8691.33,
2026-09-11T01:48:12.455378+00:00,200,2446.17,
2026-09-11T01:48:04.961714+00:00,200,10010.25,
2026-09-11T01:48:08.574081+00:00,200,6402.26,
2026-09-11T01:47:43.392946+00:00,200,31595.14,
2026-09-11T01:48:05.778379+00:00,200,9249.19,
2026-09-11T01:48:00.111426+00:00,200,14920.32,
2026-09-11T01:47:38.543847+00:00,200,36482.96,
2026-09-11T01:48:13.372105+00:00,200,1672.42,
2026-09-11T01:48:14.813765+00:00,200,236.19,
2026-09-11T01:48:06.312471+00:00,200,8743.13,
2026-09-11T01:47:51.693156+00:00,200,23380.14,
2026-09-11T01:47:59.069397+00:00,200,16031.02,
2026-09-11T01:48:07.086783+00:00,200,8027.18,
2026-09-11T01:47:16.954434+00:00,200,58163.24,
2026-09-11T01:47:57.874140+00:00,200,17254.13,
2026-09-11T01:47:52.421169+00:00,200,22718.99,
2026-09-11T01:48:02.025565+00:00,200,13122.31,
2026-09-11T01:48:01.829719+00:00,200,13343.70,
2026-09-11T01:47:55.595037+00:00,200,19592.21,
2026-09-11T01:47:46.291117+00:00,200,28896.17,
2026-09-11T01:47:43.854756+00:00,200,31348.01,
2026-09-11T01:47:34.766654+00:00,200,40453.58,
2026-09-11T01:48:05.795366+00:00,200,9429.50,
2026-09-11T01:48:09.688899+00:00,200,5542.17,
2026-09-11T01:47:40.039872+00:00,200,35216.47,
2026-09-11T01:47:52.326184+00:00,200,22931.12,
2026-09-11T01:47:41.525213+00:00,200,33754.63,
2026-09-11T01:47:44.694233+00:00,200,30591.05,
2026-09-11T01:48:09.879923+00:00,200,5412.69,
2026-09-11T01:47:19.620364+00:00,200,55687.23,
2026-09-11T01:47:35.207631+00:00,200,40099.40,
2026-09-11T01:47:44.894710+00:00,200,30467.85,
2026-09-11T01:48:10.165981+00:00,200,5197.81,
2026-09-11T01:48:00.756021+00:00,200,14609.31,
2026-09-11T01:47:50.747768+00:00,200,24631.67,
2026-09-11T01:48:11.820238+00:00,200,3577.31,
2026-09-11T01:48:13.175713+00:00,200,2246.16,
2026-09-11T01:47:50.860831+00:00,200,24566.67,
2026-09-11T01:48:10.434563+00:00,200,5007.43,
2026-09-11T01:48:11.038167+00:00,200,4408.51,
2026-09-11T01:48:15.257603+00:00,200,193.27,
2026-09-11T01:47:54.787811+00:00,200,20669.75,
2026-09-11T01:48:09.339965+00:00,200,6121.49,
2026-09-11T01:48:03.559780+00:00,200,11911.89,
2026-09-11T01:47:57.940930+00:00,200,17535.67,
2026-09-11T01:47:58.766396+00:00,200,16711.15,
2026-09-11T01:47:52.926288+00:00,200,22560.49,
2026-09-11T01:48:04.996980+00:00,200,10511.57,
2026-09-11T01:48:08.214433+00:00,200,7294.33,
2026-09-11T01:48:04.597659+00:00,200,10913.94,
2026-09-11T01:48:12.990234+00:00,200,2558.53,
2026-09-11T01:48:03.114914+00:00,200,12439.35,
2026-09-11T01:47:46.883376+00:00,200,28705.16,
2026-09-11T01:47:52.848968+00:00,200,22744.17,
2026-09-11T01:48:11.618389+00:00,200,4009.79,
2026-09-11T01:47:55.842812+00:00,200,19788.11,
2026-09-11T01:48:04.171544+00:00,200,11482.72,
2026-09-11T01:48:10.445788+00:00,200,5209.26,
2026-09-11T01:47:57.573037+00:00,200,18079.59,
2026-09-11T01:47:52.718139+00:00,200,22936.01,
2026-09-11T01:47:46.689114+00:00,200,28965.69,
2026-09-11T01:47:51.618911+00:00,200,24057.99,
2026-09-11T01:48:11.970280+00:00,200,3711.33,
2026-09-11T01:47:50.167228+00:00,200,25515.11,
2026-09-11T01:47:46.592727+00:00,200,29104.13,
2026-09-11T01:48:08.548984+00:00,200,7169.95,
2026-09-11T01:47:41.395842+00:00,200,34322.72,
2026-09-11T01:48:07.845226+00:00,200,7900.86,
2026-09-11T01:47:08.197375+00:00,200,67551.48,
2026-09-11T01:48:10.124561+00:00,200,5644.94,
2026-09-11T01:47:39.838379+00:00,200,35939.64,
2026-09-11T01:48:14.357361+00:00,200,1429.74,
2026-09-11T01:47:30.886924+00:00,200,44899.09,
2026-09-11T01:47:43.821973+00:00,200,31960.83,
2026-09-11T01:47:58.785997+00:00,200,17029.35,
2026-09-11T01:48:15.617986+00:00,200,214.84,
2026-09-11T01:47:49.061974+00:00,200,26804.64,
2026-09-11T01:48:03.431838+00:00,200,12436.96,
2026-09-11T01:48:13.663167+00:00,200,2231.67,
2026-09-11T01:48:11.879016+00:00,200,4025.55,
2026-09-11T01:48:08.403696+00:00,200,7504.98,
2026-09-11T01:47:56.502742+00:00,200,19407.12,
2026-09-11T01:47:45.877352+00:00,200,30030.43,
2026-09-11T01:47:16.607267+00:00,200,59310.80,
2026-09-11T01:47:33.906567+00:00,200,42038.62,
2026-09-11T01:47:09.623650+00:00,200,66325.84,
2026-09-11T01:48:08.787427+00:00,200,7160.87,
2026-09-11T01:48:13.022342+00:00,200,2933.92,
2026-09-11T01:47:25.934161+00:00,200,50088.73,
2026-09-11T01:47:40.051461+00:00,200,35970.82,
2026-09-11T01:47:37.535570+00:00,200,38494.79,
2026-09-11T01:48:03.279801+00:00,200,12757.09,
2026-09-11T01:48:11.438757+00:00,200,4601.24,
2026-09-11T01:48:05.332635+00:00,200,10699.92,
2026-09-11T01:48:06.247213+00:00,200,9798.13,
2026-09-11T01:47:39.913308+00:00,200,36130.03,
2026-09-11T01:48:06.086570+00:00,200,9953.69,
2026-09-11T01:48:03.858833+00:00,200,12186.11,
2026-09-11T01:48:01.801560+00:00,200,14250.79,
2026-09-11T01:47:31.339631+00:00,200,44703.58,
2026-09-11T01:47:32.786319+00:00,200,43267.55,
2026-09-11T01:47:49.286951+00:00,200,26768.75,
2026-09-11T01:48:15.256093+00:00,200,805.09,
2026-09-11T01:48:02.661459+00:00,200,13411.57,
2026-09-11T01:48:04.692967+00:00,200,11389.95,
2026-09-11T01:48:15.841860+00:00,200,250.69,
2026-09-11T01:47:38.982414+00:00,200,37120.89,
2026-09-11T01:48:10.307454+00:00,200,5800.82,
2026-09-11T01:46:57.096939+00:00,200,79019.00,
2026-09-11T01:47:17.625749+00:00,200,58492.80,
2026-09-11T01:47:57.493148+00:00,200,18663.11,
2026-09-11T01:47:53.753231+00:00,200,22415.84,
2026-09-11T01:48:14.727302+00:00,200,1449.02,
2026-09-11T01:48:00.836998+00:00,200,15341.12,
2026-09-11T01:48:09.842539+00:00,200,6362.43,
2026-09-11T01:47:58.741279+00:00,200,17476.67,
2026-09-11T01:48:12.023213+00:00,200,4194.78,
2026-09-11T01:48:04.988726+00:00,200,11254.91,
2026-09-11T01:47:59.898648+00:00,200,16368.33,
2026-09-11T01:47:40.996788+00:00,200,35270.12,
2026-09-11T01:48:12.117468+00:00,200,4165.19,
2026-09-11T01:47:28.113880+00:00,200,48172.42,
2026-09-11T01:48:15.817623+00:00,200,506.69,
2026-09-11T01:48:07.987176+00:00,200,8351.50,
2026-09-11T01:48:03.319309+00:00,200,13025.55,
2026-09-11T01:47:54.708505+00:00,200,21643.55,
2026-09-11T01:47:51.701201+00:00,200,24668.99,
2026-09-11T01:47:51.104998+00:00,200,25270.39,
2026-09-11T01:47:40.623127+00:00,200,35756.14,
2026-09-11T01:48:00.146699+00:00,200,16242.64,
2026-09-11T01:47:57.303434+00:00,200,19100.84,
2026-09-11T01:48:13.938887+00:00,200,2487.78,
2026-09-11T01:47:22.783823+00:00,200,53659.31,
2026-09-11T01:48:06.417570+00:00,200,10057.47,
2026-09-11T01:48:08.113691+00:00,200,8386.69,
2026-09-11T01:48:12.253544+00:00,200,4255.82,
2026-09-11T01:48:09.692567+00:00,200,6826.76,
2026-09-11T01:48:11.462457+00:00,200,5115.44,
2026-09-11T01:47:59.353659+00:00,200,17248.49,
2026-09-11T01:48:15.275417+00:00,200,1330.99,
2026-09-11T01:47:27.177592+00:00,200,49440.45,
2026-09-11T01:47:57.591454+00:00,200,19039.33,
2026-09-11T01:48:02.463110+00:00,200,14178.72,
2026-09-11T01:48:04.193965+00:00,200,12481.40,
2026-09-11T01:47:45.948276+00:00,200,30730.05,
2026-09-11T01:47:38.902475+00:00,200,37791.90,
2026-09-11T01:48:07.787115+00:00,200,8919.35,
2026-09-11T01:48:00.299208+00:00,200,16419.82,
2026-09-11T01:48:11.970280+00:00,200,4754.45,
2026-09-11T01:47:45.463158+00:00,200,31259.21,
2026-09-11T01:48:15.568270+00:00,200,1177.82,
2026-09-11T01:47:36.150897+00:00,200,40605.94,
2026-09-11T01:48:13.292364+00:00,200,3471.00,
2026-09-11T01:48:03.238368+00:00,200,13525.86,
2026-09-11T01:47:55.744404+00:00,200,21029.65,
2026-09-11T01:48:16.521274+00:00,200,256.86,
2026-09-11T01:47:10.412740+00:00,200,66375.46,
2026-09-11T01:47:58.770141+00:00,200,18015.89,
2026-09-11T01:48:01.379683+00:00,200,15430.12,
2026-09-11T01:48:08.563884+00:00,200,8297.91,
2026-09-11T01:48:14.987073+00:00,200,1899.45,
2026-09-11T01:48:14.870930+00:00,200,2030.40,
2026-09-11T01:48:11.242974+00:00,200,5650.42,
2026-09-11T01:47:52.248018+00:00,200,24665.37,
2026-09-11T01:48:05.027746+00:00,200,11896.06,
2026-09-11T01:48:10.386933+00:00,200,6561.19,
2026-09-11T01:48:09.936951+00:00,200,7017.20,
2026-09-11T01:48:10.431424+00:00,200,6544.01,
2026-09-11T01:48:12.486902+00:00,200,4498.92,
2026-09-11T01:47:38.304311+00:00,200,38683.75,
2026-09-11T01:47:42.235262+00:00,200,34756.97,
2026-09-11T01:47:43.964079+00:00,200,33030.93,
2026-09-11T01:48:07.287190+00:00,200,9719.87,
2026-09-11T01:48:09.791746+00:00,200,7237.49,
2026-09-11T01:48:12.607913+00:00,200,4439.69,
2026-09-11T01:47:50.844169+00:00,200,26210.98,
2026-09-11T01:47:57.931762+00:00,200,19175.13,
2026-09-11T01:47:49.040812+00:00,200,28071.17,
2026-09-11T01:48:09.622073+00:00,200,7506.06,
2026-09-11T01:48:12.259956+00:00,200,4888.16,
2026-09-11T01:48:10.926865+00:00,200,6240.91,
2026-09-11T01:48:10.705034+00:00,200,6476.19,
2026-09-11T01:48:06.264073+00:00,200,10916.03,
2026-09-11T01:47:35.501681+00:00,200,41684.26,
2026-09-11T01:47:30.004729+00:00,200,47197.26,
2026-09-11T01:48:06.207967+00:00,200,11000.39,
2026-09-11T01:48:06.247213+00:00,200,10965.84,
2026-09-11T01:47:59.015979+00:00,200,18205.38,
2026-09-11T01:48:04.317205+00:00,200,12915.09,
2026-09-11T01:48:12.103547+00:00,200,5138.63,
2026-09-11T01:47:39.353820+00:00,200,37896.75,
2026-09-11T01:48:08.688477+00:00,200,8557.13,
2026-09-11T01:48:03.367181+00:00,200,13894.76,
2026-09-11T01:47:49.597399+00:00,200,27659.30,
2026-09-11T01:48:10.637056+00:00,200,6638.61,
2026-09-11T01:48:05.521172+00:00,200,11757.40,
2026-09-11T01:47:28.080228+00:00,200,49209.58,
2026-09-11T01:48:03.099232+00:00,200,14204.90,
2026-09-11T01:47:55.417710+00:00,200,21895.06,
2026-09-11T01:48:01.720870+00:00,200,15633.58,
2026-09-11T01:48:13.954690+00:00,200,3401.89,
2026-09-11T01:47:15.135655+00:00,200,62239.67,
2026-09-11T01:48:07.362701+00:00,200,10018.13,
2026-09-11T01:48:10.958400+00:00,200,6451.31,
2026-09-11T01:47:49.132265+00:00,200,28328.76,
2026-09-11T01:47:25.797869+00:00,200,51663.26,
2026-09-11T01:47:26.551176+00:00,200,50937.89,
2026-09-11T01:47:53.020473+00:00,200,24474.69,
2026-09-11T01:48:15.774787+00:00,200,1712.02,
2026-09-11T01:48:12.704895+00:00,200,4834.89,
2026-09-11T01:47:33.469444+00:00,200,44110.34,
2026-09-11T01:47:50.709273+00:00,200,26878.07,
2026-09-11T01:48:11.687468+00:00,200,5899.07,
2026-09-11T01:48:09.834867+00:00,200,7770.31,
2026-09-11T01:48:10.736986+00:00,200,6872.54,
2026-09-11T01:48:13.110538+00:00,200,4522.44,
2026-09-11T01:47:27.747177+00:00,200,49885.71,
2026-09-11T01:47:38.826863+00:00,200,38811.79,
2026-09-11T01:48:00.302037+00:00,200,17339.35,
2026-09-11T01:48:12.532297+00:00,200,5134.18,
2026-09-11T01:47:35.777474+00:00,200,41904.50,
2026-09-11T01:48:02.098545+00:00,200,15600.68,
2026-09-11T01:48:00.546386+00:00,200,17146.21,
2026-09-11T01:47:29.569192+00:00,200,48141.02,
2026-09-11T01:48:07.606819+00:00,200,10123.72,
2026-09-11T01:48:10.886438+00:00,200,6848.21,
2026-09-11T01:48:08.263412+00:00,200,9481.35,
2026-09-11T01:48:01.935231+00:00,200,15811.17,
2026-09-11T01:48:15.631720+00:00,200,2118.00,
2026-09-11T01:47:58.095931+00:00,200,19666.40,
2026-09-11T01:48:11.842611+00:00,200,5925.11,
2026-09-11T01:48:10.150169+00:00,200,7663.74,
2026-09-11T01:48:00.582374+00:00,200,17238.34,
2026-09-11T01:47:17.409393+00:00,200,60420.29,
2026-09-11T01:48:16.884870+00:00,200,949.73,
2026-09-11T01:48:12.377711+00:00,200,5467.18,
2026-09-11T01:48:17.579413+00:00,200,270.83,
2026-09-11T01:47:53.631179+00:00,200,24233.60,
2026-09-11T01:48:03.900419+00:00,200,13978.47,
2026-09-11T01:47:45.948276+00:00,200,31931.42,
2026-09-11T01:48:05.316616+00:00,200,12575.56,
2026-09-11T01:47:54.884557+00:00,200,23042.14,
2026-09-11T01:47:22.686260+00:00,200,55255.83,
2026-09-11T01:48:06.604336+00:00,200,11355.16,
2026-09-11T01:48:16.107329+00:00,200,1860.91,
2026-09-11T01:47:58.614742+00:00,200,19352.77,
2026-09-11T01:47:41.323121+00:00,200,36665.50,
2026-09-11T01:48:06.851409+00:00,200,11139.90,
2026-09-11T01:48:05.448619+00:00,200,12542.45,
2026-09-11T01:48:04.746742+00:00,200,13260.59,
2026-09-11T01:48:02.095830+00:00,200,15938.97,
2026-09-11T01:47:45.082532+00:00,200,32969.51,
2026-09-11T01:47:53.687925+00:00,200,24373.08,
2026-09-11T01:48:06.917960+00:00,200,11149.59,
2026-09-11T01:47:33.593908+00:00,200,44483.15,
2026-09-11T01:47:41.170721+00:00,200,36919.57,
2026-09-11T01:47:32.318725+00:00,200,45780.87,
2026-09-11T01:48:04.133512+00:00,200,13973.63,
2026-09-11T01:48:13.904537+00:00,200,4219.11,
2026-09-11T01:47:58.047461+00:00,200,20120.88,
2026-09-11T01:48:12.160688+00:00,200,6028.58,
2026-09-11T01:48:10.377946+00:00,200,7827.50,
2026-09-11T01:47:36.526205+00:00,200,41688.92,
2026-09-11T01:48:03.832575+00:00,200,14399.71,
2026-09-11T01:48:16.217218+00:00,200,2036.35,
2026-09-11T01:48:08.078982+00:00,200,10178.24,
2026-09-11T01:47:56.703375+00:00,200,21558.84,
2026-09-11T01:47:59.158838+00:00,200,19123.42,
2026-09-11T01:48:09.870722+00:00,200,8418.00,
2026-09-11T01:48:11.454631+00:00,200,6844.36,
2026-09-11T01:48:02.303079+00:00,200,16001.59,
2026-09-11T01:47:43.996656+00:00,200,34338.90,
2026-09-11T01:47:52.095470+00:00,200,26235.25,
2026-09-11T01:48:11.653554+00:00,200,6694.65,
2026-09-11T01:47:59.413450+00:00,200,18945.72,
2026-09-11T01:47:26.644224+00:00,200,51715.89,
2026-09-11T01:48:14.691734+00:00,200,3668.88,
2026-09-11T01:47:45.463158+00:00,200,32900.25,
2026-09-11T01:48:06.199102+00:00,200,12178.72,
2026-09-11T01:48:03.398724+00:00,200,14982.09,
2026-09-11T01:48:12.132389+00:00,200,6297.33,
2026-09-11T01:48:15.954242+00:00,200,2477.35,
2026-09-11T01:48:11.804139+00:00,200,6632.24,
2026-09-11T01:47:48.231651+00:00,200,30210.00,
2026-09-11T01:47:51.779524+00:00,200,26675.62,
2026-09-11T01:48:06.165617+00:00,200,12282.36,
2026-09-11T01:48:14.018341+00:00,200,4435.97,
2026-09-11T01:48:13.392326+00:00,200,5078.40,
2026-09-11T01:47:57.050443+00:00,200,21412.39,
2026-09-11T01:47:43.234419+00:00,200,35239.97,
2026-09-11T01:48:09.451009+00:00,200,9033.34,
2026-09-11T01:48:06.481942+00:00,200,12020.74,
2026-09-11T01:48:09.101356+00:00,200,9413.26,
2026-09-11T01:46:50.778255+00:00,200,87769.16,
2026-09-11T01:48:05.098184+00:00,200,13462.87,
2026-09-11T01:48:18.372719+00:00,200,202.16,
2026-09-11T01:48:15.912265+00:00,200,2680.73,
2026-09-11T01:48:12.862164+00:00,200,5732.24,
2026-09-11T01:47:59.879272+00:00,200,18758.99,
2026-09-11T01:47:50.330386+00:00,200,28320.36,
2026-09-11T01:48:11.242974+00:00,200,7414.90,
2026-09-11T01:48:14.416879+00:00,200,4237.09,
2026-09-11T01:47:51.894387+00:00,200,26800.58,
2026-09-11T01:48:13.278694+00:00,200,5443.10,
2026-09-11T01:47:20.046473+00:00,200,58680.09,
2026-09-11T01:47:23.028109+00:00,200,55698.57,
2026-09-11T01:47:54.820001+00:00,200,23914.88,
2026-09-11T01:48:13.080054+00:00,200,5658.81,
2026-09-11T01:46:56.449844+00:00,200,82290.26,
2026-09-11T01:47:58.812417+00:00,200,19932.68,
2026-09-11T01:47:53.222911+00:00,200,25524.81,
2026-09-11T01:47:41.750940+00:00,200,37025.08,
2026-09-11T01:47:52.405723+00:00,200,26376.40,
2026-09-11T01:48:07.240327+00:00,200,11552.29,
2026-09-11T01:47:42.221428+00:00,200,36579.25,
2026-09-11T01:48:11.956755+00:00,200,6850.05,
2026-09-11T01:47:36.997280+00:00,200,41817.85,
2026-09-11T01:48:14.199911+00:00,200,4635.16,
2026-09-11T01:48:15.857884+00:00,200,2979.81,
2026-09-11T01:48:18.163794+00:00,200,689.37,
2026-09-11T01:48:12.164762+00:00,200,6684.45,
2026-09-11T01:48:14.069778+00:00,200,4825.31,
2026-09-11T01:48:15.394287+00:00,200,3522.45,
2026-09-11T01:48:11.426941+00:00,200,7505.64,
2026-09-11T01:47:59.774012+00:00,200,19166.65,
2026-09-11T01:47:49.110063+00:00,200,29849.38,
2026-09-11T01:47:26.820172+00:00,200,52139.44,
2026-09-11T01:48:13.037783+00:00,200,5942.62,
2026-09-11T01:47:52.290973+00:00,200,26703.12,
2026-09-11T01:48:02.711445+00:00,200,16287.68,
2026-09-11T01:47:44.138562+00:00,200,34867.80,
2026-09-11T01:48:16.772240+00:00,200,2247.69,
2026-09-11T01:48:06.281131+00:00,200,12739.73,
2026-09-11T01:47:51.894387+00:00,200,27128.07,
2026-09-11T01:48:11.201434+00:00,200,7854.27,
2026-09-11T01:48:06.965278+00:00,200,12095.33,
2026-09-11T01:47:53.164803+00:00,200,25958.92,
2026-09-11T01:47:27.605285+00:00,200,51513.96,
2026-09-11T01:48:18.882783+00:00,200,233.87,
2026-09-11T01:48:17.745460+00:00,200,1400.35,
2026-09-11T01:48:17.189300+00:00,200,1961.26,
2026-09-11T01:48:15.548275+00:00,200,3609.72,
2026-09-11T01:48:12.909447+00:00,200,6246.23,
2026-09-11T01:47:53.967843+00:00,200,25217.38,
2026-09-11T01:48:10.817873+00:00,200,8364.27,
2026-09-11T01:48:09.778621+00:00,200,9462.64,
2026-09-11T01:47:54.569446+00:00,200,24679.91,
2026-09-11T01:47:59.875737+00:00,200,19374.63,
2026-09-11T01:47:44.870466+00:00,200,34382.16,
2026-09-11T01:47:06.363459+00:00,200,72907.07,
2026-09-11T01:48:02.290434+00:00,200,16985.70,
2026-09-11T01:47:43.139491+00:00,200,36136.06,
2026-09-11T01:48:14.083438+00:00,200,5206.09,
2026-09-11T01:47:51.292267+00:00,200,28010.69,
2026-09-11T01:47:29.165147+00:00,200,50144.14,
2026-09-11T01:47:55.503240+00:00,200,23816.56,
2026-09-11T01:48:19.142133+00:00,200,187.95,
2026-09-11T01:48:15.919416+00:00,200,3422.59,
2026-09-11T01:47:29.644623+00:00,200,49698.84,
2026-09-11T01:48:16.522305+00:00,200,2825.92,
2026-09-11T01:48:11.863678+00:00,200,7513.94,
2026-09-11T01:48:19.184314+00:00,200,216.49,
2026-09-11T01:47:14.383904+00:00,200,65022.61,
2026-09-11T01:47:48.357994+00:00,200,31074.48,
2026-09-11T01:48:14.453901+00:00,200,4985.54,
2026-09-11T01:47:49.459268+00:00,200,29979.95,
2026-09-11T01:48:14.247425+00:00,200,5206.84,
2026-09-11T01:48:08.895056+00:00,200,10571.63,
2026-09-11T01:47:48.979723+00:00,200,30522.66,
2026-09-11T01:48:10.693111+00:00,200,8809.79,
2026-09-11T01:47:36.913868+00:00,200,42587.49,
2026-09-11T01:48:09.827201+00:00,200,9705.50,
2026-09-11T01:48:11.565589+00:00,200,7966.94,
2026-09-11T01:48:16.053449+00:00,200,3505.35,
2026-09-11T01:48:04.556107+00:00,200,14998.34,
2026-09-11T01:48:08.698906+00:00,200,10866.75,
2026-09-11T01:48:07.334765+00:00,200,12234.44,
2026-09-11T01:48:06.312471+00:00,200,13259.48,
2026-09-11T01:47:41.610928+00:00,200,37989.09,
2026-09-11T01:48:04.116261+00:00,200,15487.87,
2026-09-11T01:48:10.068962+00:00,200,9540.07,
2026-09-11T01:48:05.791188+00:00,200,13828.67,
2026-09-11T01:47:54.104162+00:00,200,25515.85,
2026-09-11T01:48:05.157425+00:00,200,14476.75,
2026-09-11T01:48:13.719945+00:00,200,5918.48,
2026-09-11T01:48:16.698183+00:00,200,2951.45,
2026-09-11T01:48:07.382881+00:00,200,12287.15,
2026-09-11T01:48:17.628907+00:00,200,2064.45,
2026-09-11T01:47:38.057836+00:00,200,41671.88,
2026-09-11T01:47:33.761306+00:00,200,45978.72,
2026-09-11T01:48:16.727454+00:00,200,3016.42,
2026-09-11T01:48:09.505585+00:00,200,10259.34,
2026-09-11T01:48:13.989205+00:00,200,5782.36,
2026-09-11T01:48:04.736487+00:00,200,15041.87,
2026-09-11T01:48:08.371936+00:00,200,11420.15,
2026-09-11T01:48:16.023618+00:00,200,3773.37,
2026-09-11T01:47:51.578338+00:00,200,28217.26,
2026-09-11T01:48:14.513154+00:00,200,5296.57,
2026-09-11T01:48:19.598372+00:00,200,207.63,
2026-09-11T01:48:17.253901+00:00,200,2577.71,
2026-09-11T01:48:05.705976+00:00,200,14167.08,
2026-09-11T01:47:57.018368+00:00,200,22867.76,
2026-09-11T01:47:27.450121+00:00,200,52436.64,
2026-09-11T01:47:35.490273+00:00,200,44401.92,
2026-09-11T01:47:45.683868+00:00,200,34212.35,
2026-09-11T01:47:57.158458+00:00,200,22739.82,
2026-09-11T01:48:18.641628+00:00,200,1258.35,
2026-09-11T01:48:11.066542+00:00,200,8836.75,
2026-09-11T01:48:14.505313+00:00,200,5469.05,
2026-09-11T01:48:06.787029+00:00,200,13203.05,
2026-09-11T01:48:00.914222+00:00,200,19094.46,
2026-09-11T01:48:15.660173+00:00,200,4354.64,
2026-09-11T01:47:55.370821+00:00,200,24643.08,
2026-09-11T01:48:10.443780+00:00,200,9574.39,
2026-09-11T01:48:01.220733+00:00,200,18803.73,
2026-09-11T01:48:13.583512+00:00,200,6462.14,
2026-09-11T01:48:19.833417+00:00,200,220.72,
2026-09-11T01:48:13.441902+00:00,200,6614.55,
2026-09-11T01:48:09.341472+00:00,200,10725.94,
2026-09-11T01:48:13.595232+00:00,200,6502.77,
2026-09-11T01:48:15.584274+00:00,200,4534.53,
2026-09-11T01:48:15.584274+00:00,200,4532.90,
2026-09-11T01:48:15.774787+00:00,200,4354.76,
2026-09-11T01:47:22.323891+00:00,200,57829.34,
2026-09-11T01:47:50.435822+00:00,200,29718.01,
2026-09-11T01:48:15.442970+00:00,200,4715.83,
2026-09-11T01:48:14.139699+00:00,200,6034.16,
2026-09-11T01:48:07.548551+00:00,200,12665.74,
2026-09-11T01:48:16.640371+00:00,200,3579.52,
2026-09-11T01:48:12.275957+00:00,200,7962.41,
2026-09-11T01:48:00.882785+00:00,200,19361.42,
2026-09-11T01:47:53.694995+00:00,200,26560.31,
2026-09-11T01:48:15.125062+00:00,200,5137.51,
2026-09-11T01:48:12.053806+00:00,200,8206.83,
2026-09-11T01:48:13.294373+00:00,200,6996.69,
2026-09-11T01:47:35.949811+00:00,200,44362.87,
2026-09-11T01:47:25.690539+00:00,200,54645.73,
2026-09-11T01:47:34.750563+00:00,200,45590.20,
2026-09-11T01:48:10.210032+00:00,200,10135.08,
2026-09-11T01:48:08.400675+00:00,200,11948.26,
2026-09-11T01:47:58.047461+00:00,200,22304.87,
2026-09-11T01:47:49.904101+00:00,200,30459.63,
2026-09-11T01:48:18.364927+00:00,200,2000.79,
2026-09-11T01:47:52.092918+00:00,200,28296.76,
2026-09-11T01:47:50.673814+00:00,200,29741.92,
2026-09-11T01:47:54.215265+00:00,200,26215.89,
2026-09-11T01:47:56.322610+00:00,200,24116.31,
2026-09-11T01:48:13.360749+00:00,200,7085.90,
2026-09-11T01:47:41.494907+00:00,200,38954.30,
2026-09-11T01:48:17.378509+00:00,200,3090.39,
2026-09-11T01:48:10.586557+00:00,200,9894.46,
2026-09-11T01:48:20.257725+00:00,200,264.44,
2026-09-11T01:48:12.676422+00:00,200,7845.50,
2026-09-11T01:48:14.212734+00:00,200,6365.79,
2026-09-11T01:47:53.727649+00:00,200,26879.17,
2026-09-11T01:48:02.888297+00:00,200,17751.37,
2026-09-11T01:47:37.081798+00:00,200,43567.86,
2026-09-11T01:48:00.914222+00:00,200,19738.66,
2026-09-11T01:48:16.900873+00:00,200,3771.76,
2026-09-11T01:47:34.938221+00:00,200,45729.57,
2026-09-11T01:48:09.629740+00:00,200,11063.43,
2026-09-11T01:48:20.429958+00:00,200,267.81,
2026-09-11T01:48:15.231456+00:00,200,5493.72,
2026-09-11T01:48:08.460834+00:00,200,12264.65,
2026-09-11T01:47:46.384724+00:00,200,34360.38,
2026-09-11T01:47:45.267333+00:00,200,35492.39,
2026-09-11T01:48:02.522694+00:00,200,18236.93,
2026-09-11T01:48:03.590042+00:00,200,17187.13,
2026-09-11T01:48:17.112242+00:00,200,3690.22,
2026-09-11T01:48:11.819541+00:00,200,9011.95,
2026-09-11T01:47:55.694841+00:00,200,25149.60,
2026-09-11T01:48:16.622734+00:00,200,4229.77,
2026-09-11T01:48:05.612181+00:00,200,15249.40,
2026-09-11T01:47:55.042657+00:00,200,25833.23,
2026-09-11T01:48:09.138514+00:00,200,11749.96,
2026-09-11T01:47:24.230745+00:00,200,56656.81,
2026-09-11T01:48:14.529142+00:00,200,6392.35,
2026-09-11T01:48:17.022293+00:00,200,3896.75,
2026-09-11T01:48:17.710185+00:00,200,3229.38,
2026-09-11T01:48:16.712308+00:00,200,4229.59,
2026-09-11T01:48:11.340370+00:00,200,9612.03,
2026-09-11T01:48:20.438203+00:00,200,532.72,
2026-09-11T01:47:54.377961+00:00,200,26616.11,
2026-09-11T01:47:51.090415+00:00,200,29924.41,
2026-09-11T01:47:40.199854+00:00,200,40823.07,
2026-09-11T01:48:19.712735+00:00,200,1336.17,
2026-09-11T01:48:10.747142+00:00,200,10312.88,
2026-09-11T01:48:19.698464+00:00,200,1380.71,
2026-09-11T01:48:03.022836+00:00,200,18072.59,
2026-09-11T01:47:27.612217+00:00,200,53490.86,
2026-09-11T01:48:20.525097+00:00,200,581.20,
2026-09-11T01:47:33.955596+00:00,200,47173.23,
2026-09-11T01:48:20.014256+00:00,200,1122.87,
2026-09-11T01:47:27.148950+00:00,200,54027.75,
2026-09-11T01:47:20.876450+00:00,200,60299.58,
2026-09-11T01:48:18.068129+00:00,200,3132.47,
2026-09-11T01:48:13.972475+00:00,200,7250.45,
2026-09-11T01:48:17.418852+00:00,200,3841.98,
2026-09-11T01:47:46.559940+00:00,200,34694.28,
2026-09-11T01:47:58.216800+00:00,200,23049.28,
2026-09-11T01:48:13.702241+00:00,200,7576.09,
2026-09-11T01:48:17.995663+00:00,200,3293.76,
2026-09-11T01:48:11.340370+00:00,200,9941.12,
2026-09-11T01:47:52.564362+00:00,200,28751.36,
2026-09-11T01:47:42.188434+00:00,200,39124.83,
2026-09-11T01:47:44.911370+00:00,200,36406.58,
2026-09-11T01:48:17.050141+00:00,200,4318.49,
2026-09-11T01:47:55.494863+00:00,200,25882.44,
2026-09-11T01:48:14.465649+00:00,200,6910.79,
2026-09-11T01:48:04.491147+00:00,200,16902.88,
2026-09-11T01:48:16.041861+00:00,200,5350.69,
2026-09-11T01:48:16.324406+00:00,200,5076.38,
2026-09-11T01:47:45.991510+00:00,200,35433.37,
2026-09-11T01:47:53.554784+00:00,200,27877.17,
2026-09-11T01:47:53.532893+00:00,200,27913.04,
2026-09-11T01:48:17.728998+00:00,200,3784.19,
2026-09-11T01:48:15.477112+00:00,200,6045.76,
2026-09-11T01:48:14.971348+00:00,200,6569.94,
2026-09-11T01:47:58.294907+00:00,200,23246.54,
2026-09-11T01:48:21.178701+00:00,200,376.72,
2026-09-11T01:47:26.064124+00:00,200,55495.09,
2026-09-11T01:48:07.287190+00:00,200,14280.03,
2026-09-11T01:48:19.251288+00:00,200,2329.18,
2026-09-11T01:48:00.195390+00:00,200,21403.91,
2026-09-11T01:48:19.888565+00:00,200,1712.90,
2026-09-11T01:48:19.810264+00:00,200,1819.39,
2026-09-11T01:48:19.411726+00:00,200,2231.20,
2026-09-11T01:48:18.277667+00:00,200,3369.51,
2026-09-11T01:48:12.013569+00:00,200,9662.70,
2026-09-11T01:48:08.087184+00:00,200,13604.18,
2026-09-11T01:48:03.827439+00:00,200,17874.61,
2026-09-11T01:48:19.755101+00:00,200,1940.51,
2026-09-11T01:48:18.253095+00:00,200,3482.24,
2026-09-11T01:48:15.742701+00:00,200,6022.24,
2026-09-11T01:48:21.518476+00:00,200,253.65,
2026-09-11T01:48:20.760456+00:00,200,1016.22,
2026-09-11T01:48:06.551813+00:00,200,15230.69,
2026-09-11T01:48:03.590042+00:00,200,18193.29,
2026-09-11T01:47:06.358940+00:00,200,75446.93,
2026-09-11T01:47:58.825379+00:00,200,22990.22,
2026-09-11T01:48:21.629320+00:00,200,212.66,
2026-09-11T01:48:06.929742+00:00,200,14914.25,
2026-09-11T01:48:09.705622+00:00,200,12141.75,
2026-09-11T01:48:17.681019+00:00,200,4173.37,
2026-09-11T01:48:01.171245+00:00,200,20737.65,
2026-09-11T01:47:56.928183+00:00,200,25001.60,
2026-09-11T01:48:03.531319+00:00,200,18408.34,
2026-09-11T01:48:09.054523+00:00,200,12895.56,
2026-09-11T01:47:42.955420+00:00,200,38998.52,
2026-09-11T01:46:56.582955+00:00,200,85373.01,
2026-09-11T01:48:19.021233+00:00,200,2951.71,
2026-09-11T01:48:01.589474+00:00,200,20393.08,
2026-09-11T01:48:04.417204+00:00,200,17569.24,
2026-09-11T01:48:03.858833+00:00,200,18117.79,
2026-09-11T01:48:20.216844+00:00,200,1773.15,
2026-09-11T01:48:19.061267+00:00,200,2943.27,
2026-09-11T01:47:47.098969+00:00,200,34896.89,
2026-09-11T01:48:15.380289+00:00,200,6632.28,
2026-09-11T01:48:19.282619+00:00,200,2743.85,
2026-09-11T01:47:33.987187+00:00,200,48059.13,
2026-09-11T01:48:13.005527+00:00,200,9053.29,
2026-09-11T01:47:21.664042+00:00,200,60414.60,
2026-09-11T01:47:56.725850+00:00,200,25358.91,
2026-09-11T01:48:11.970280+00:00,200,10148.33,
2026-09-11T01:48:09.086009+00:00,200,13042.37,
2026-09-11T01:48:11.956245+00:00,200,10188.57,
2026-09-11T01:48:11.163578+00:00,200,10998.50,
2026-09-11T01:48:12.704895+00:00,200,9509.56,
2026-09-11T01:47:53.951274+00:00,200,28265.84,
2026-09-11T01:48:20.363160+00:00,200,1877.95,
2026-09-11T01:48:12.013569+00:00,200,10229.65,
2026-09-11T01:48:15.498704+00:00,200,6752.94,
2026-09-11T01:48:01.979335+00:00,200,20286.84,
2026-09-11T01:48:00.053267+00:00,200,22213.38,
2026-09-11T01:48:08.613463+00:00,200,13668.26,
2026-09-11T01:47:43.964079+00:00,200,38309.77,
2026-09-11T01:48:04.449614+00:00,200,17841.38,
2026-09-11T01:48:18.946141+00:00,200,3349.56,
2026-09-11T01:48:16.676600+00:00,200,5643.43,
2026-09-11T01:48:10.481795+00:00,200,11841.59,
2026-09-11T01:47:49.635812+00:00,200,32690.43,
2026-09-11T01:48:19.973453+00:00,200,2378.43,
2026-09-11T01:48:13.744966+00:00,200,8636.63,
2026-09-11T01:48:07.623496+00:00,200,14785.53,
2026-09-11T01:47:58.770141+00:00,200,23644.01,
2026-09-11T01:48:17.973074+00:00,200,4445.23,
2026-09-11T01:48:18.263683+00:00,200,4159.64,
2026-09-11T01:48:17.307561+00:00,200,5154.02,
2026-09-11T01:47:45.924948+00:00,200,36551.11,
2026-09-11T01:48:20.587019+00:00,200,1909.14,
2026-09-11T01:47:41.728167+00:00,200,40789.53,
2026-09-11T01:48:11.765133+00:00,200,10771.66,
2026-09-11T01:48:14.231693+00:00,200,8307.02,
2026-09-11T01:47:38.202478+00:00,200,44349.39,
2026-09-11T01:48:05.562455+00:00,200,17020.34,
2026-09-11T01:48:05.587836+00:00,200,16995.84,
2026-09-11T01:48:21.154653+00:00,200,1442.63,
2026-09-11T01:48:08.846810+00:00,200,13755.88,
2026-09-11T01:47:39.380664+00:00,200,43237.01,
2026-09-11T01:47:22.653065+00:00,200,60005.55,
2026-09-11T01:47:58.511693+00:00,200,24150.24,
2026-09-11T01:48:13.543978+00:00,200,9143.26,
2026-09-11T01:48:22.463010+00:00,200,236.77,
2026-09-11T01:48:21.807527+00:00,200,904.13,
2026-09-11T01:48:10.641776+00:00,200,12103.79,
2026-09-11T01:48:07.495063+00:00,200,15273.03,
2026-09-11T01:48:04.224028+00:00,200,18550.64,
2026-09-11T01:47:10.123984+00:00,200,72668.44,
2026-09-11T01:47:47.809102+00:00,200,34986.57,
2026-09-11T01:47:57.160996+00:00,200,25638.35,
2026-09-11T01:48:04.684262+00:00,200,18137.34,
2026-09-11T01:47:36.310212+00:00,200,46515.19,
2026-09-11T01:48:22.605967+00:00,200,225.76,
2026-09-11T01:48:10.625405+00:00,200,12217.88,
2026-09-11T01:47:35.343294+00:00,200,47505.55,
2026-09-11T01:48:16.971678+00:00,200,5894.75,
2026-09-11T01:48:11.354884+00:00,200,11514.51,
2026-09-11T01:47:59.670139+00:00,200,23211.79,
2026-09-11T01:48:08.245961+00:00,200,14645.00,
2026-09-11T01:47:48.269828+00:00,200,34616.12,
2026-09-11T01:47:48.482127+00:00,200,34423.87,
2026-09-11T01:48:21.108946+00:00,200,1809.82,
2026-09-11T01:48:14.895875+00:00,200,8022.29,
2026-09-11T01:48:19.993239+00:00,200,2930.70,
2026-09-11T01:48:07.879080+00:00,200,15056.18,
2026-09-11T01:48:21.063998+00:00,200,1872.42,
2026-09-11T01:48:03.041653+00:00,200,19909.84,
2026-09-11T01:48:22.320200+00:00,200,663.61,
2026-09-11T01:47:33.568352+00:00,200,49431.62,
2026-09-11T01:48:22.247219+00:00,200,777.59,
2026-09-11T01:48:16.041861+00:00,200,6990.84,
2026-09-11T01:48:04.588109+00:00,200,18449.86,
2026-09-11T01:48:20.010505+00:00,200,3037.70,
2026-09-11T01:48:20.673917+00:00,200,2385.34,
2026-09-11T01:48:14.113839+00:00,200,8950.59,
2026-09-11T01:48:20.480442+00:00,200,2590.72,
2026-09-11T01:48:21.180898+00:00,200,1911.69,
2026-09-11T01:48:12.847007+00:00,200,10248.88,
2026-09-11T01:48:21.545771+00:00,200,1569.56,
2026-09-11T01:48:20.973432+00:00,200,2143.45,
2026-09-11T01:48:07.421108+00:00,200,15715.80,
2026-09-11T01:48:22.780741+00:00,200,370.18,
2026-09-11T01:48:04.393137+00:00,200,18761.47,
2026-09-11T01:48:11.131940+00:00,200,12029.09,
2026-09-11T01:48:04.497595+00:00,200,18656.52,
2026-09-11T01:48:11.920826+00:00,200,11243.39,
2026-09-11T01:48:09.492202+00:00,200,13675.16,
2026-09-11T01:48:17.763351+00:00,200,5427.65,
2026-09-11T01:47:46.491178+00:00,200,36699.97,
2026-09-11T01:47:53.382877+00:00,200,29818.62,
2026-09-11T01:47:50.039263+00:00,200,33203.59,
2026-09-11T01:48:11.679144+00:00,200,11585.54,
2026-09-11T01:47:50.702442+00:00,200,32579.16,
2026-09-11T01:48:05.971631+00:00,200,17328.58,
2026-09-11T01:47:40.662279+00:00,200,42641.26,
2026-09-11T01:48:09.593417+00:00,200,13714.42,
2026-09-11T01:48:11.007233+00:00,200,12296.56,
2026-09-11T01:47:43.567569+00:00,200,39744.66,
2026-09-11T01:48:22.749048+00:00,200,578.73,
2026-09-11T01:48:18.372719+00:00,200,4967.41,
2026-09-11T01:48:18.059715+00:00,200,5292.75,
2026-09-11T01:47:41.685884+00:00,200,41677.58,
2026-09-11T01:48:22.780741+00:00,200,589.01,
2026-09-11T01:48:06.388197+00:00,200,16988.66,
2026-09-11T01:47:53.039577+00:00,200,30337.50,
2026-09-11T01:47:32.897102+00:00,200,50520.22,
2026-09-11T01:48:22.791709+00:00,200,641.31,
2026-09-11T01:48:13.204378+00:00,200,10239.32,
2026-09-11T01:47:37.516449+00:00,200,45936.75,
2026-09-11T01:48:10.497979+00:00,200,12954.74,
2026-09-11T01:47:49.222855+00:00,200,34267.12,
2026-09-11T01:47:36.362884+00:00,200,47142.27,
2026-09-11T01:48:00.836998+00:00,200,22680.15,
2026-09-11T01:47:59.085321+00:00,200,24443.41,
2026-09-11T01:48:01.939812+00:00,200,21600.91,
2026-09-11T01:48:09.954771+00:00,200,13603.80,
2026-09-11T01:47:51.661959+00:00,200,31999.68,
2026-09-11T01:48:11.820238+00:00,200,11846.01,
2026-09-11T01:47:56.180975+00:00,200,27492.17,
2026-09-11T01:48:13.052986+00:00,200,10617.05,
2026-09-11T01:47:55.753169+00:00,200,27930.57,
2026-09-11T01:48:17.336082+00:00,200,6369.71,
2026-09-11T01:47:52.090912+00:00,200,31661.00,
2026-09-11T01:48:05.150134+00:00,200,18611.03,
2026-09-11T01:47:54.756196+00:00,200,29000.35,
2026-09-11T01:47:29.038434+00:00,200,54735.04,
2026-09-11T01:48:22.997938+00:00,200,780.65,
2026-09-11T01:48:23.488240+00:00,200,299.90,
2026-09-11T01:48:16.583550+00:00,200,7214.61,
2026-09-11T01:48:00.546386+00:00,200,23251.89,
2026-09-11T01:47:53.244292+00:00,200,30565.96,
2026-09-11T01:48:18.587683+00:00,200,5267.49,
2026-09-11T01:47:54.175546+00:00,200,29692.00,
2026-09-11T01:47:58.398534+00:00,200,25480.80,
2026-09-11T01:48:16.987491+00:00,200,6900.12,
2026-09-11T01:48:04.318715+00:00,200,19563.26,
2026-09-11T01:47:49.402497+00:00,200,34500.66,
2026-09-11T01:48:15.904756+00:00,200,8011.62,
2026-09-11T01:47:58.799900+00:00,200,25122.35,
2026-09-11T01:48:08.054111+00:00,200,15883.56,
2026-09-11T01:48:16.500063+00:00,200,7448.99,
2026-09-11T01:47:54.656572+00:00,200,29294.70,
2026-09-11T01:47:48.906442+00:00,200,35047.38,
2026-09-11T01:48:00.615313+00:00,200,23340.45,
2026-09-11T01:48:11.150932+00:00,200,12816.58,
2026-09-11T01:48:15.442970+00:00,200,8540.30,
2026-09-11T01:48:10.165981+00:00,200,13823.60,
2026-09-11T01:48:10.291474+00:00,200,13710.49,
2026-09-11T01:48:14.384842+00:00,200,9635.35,
2026-09-11T01:47:58.518908+00:00,200,25521.90,
2026-09-11T01:48:14.065760+00:00,200,9982.04,
2026-09-11T01:48:16.430004+00:00,200,7637.79,
2026-09-11T01:48:16.245375+00:00,200,7832.86,
2026-09-11T01:47:52.526803+00:00,200,31557.30,
2026-09-11T01:48:18.793725+00:00,200,5317.52,
2026-09-11T01:47:23.149197+00:00,200,60973.77,
2026-09-11T01:47:38.643476+00:00,200,45485.65,
2026-09-11T01:47:25.369091+00:00,200,58765.24,
2026-09-11T01:48:19.771050+00:00,200,4381.27,
2026-09-11T01:47:40.129654+00:00,200,44041.23,
2026-09-11T01:48:23.981393+00:00,200,185.39,
2026-09-11T01:48:10.307454+00:00,200,13857.97,
2026-09-11T01:48:01.077832+00:00,200,23093.47,
2026-09-11T01:48:11.102345+00:00,200,13081.26,
2026-09-11T01:48:20.152773+00:00,200,4050.41,
2026-09-11T01:47:19.103147+00:00,200,65104.30,
2026-09-11T01:48:16.057776+00:00,200,8182.47,
2026-09-11T01:48:19.399247+00:00,200,4840.32,
2026-09-11T01:48:02.553121+00:00,200,21690.12,
2026-09-11T01:48:21.857647+00:00,200,2394.66,
2026-09-11T01:47:56.744525+00:00,200,27524.27,
2026-09-11T01:48:17.835717+00:00,200,6433.59,
2026-09-11T01:48:13.076594+00:00,200,11204.03,
2026-09-11T01:48:21.852276+00:00,200,2441.32,
2026-09-11T01:47:28.464871+00:00,200,55838.35,
2026-09-11T01:48:17.987311+00:00,200,6343.67,
2026-09-11T01:47:52.411938+00:00,200,31936.25,
2026-09-11T01:48:14.229684+00:00,200,10124.43,
2026-09-11T01:47:44.265062+00:00,200,40114.34,
2026-09-11T01:48:18.096445+00:00,200,6286.93,
2026-09-11T01:48:08.881565+00:00,200,15509.91,
2026-09-11T01:48:06.399040+00:00,200,17996.47,
2026-09-11T01:47:08.692243+00:00,200,75708.14,
2026-09-11T01:48:02.820125+00:00,200,21594.99,
2026-09-11T01:48:20.941958+00:00,200,3476.51,
2026-09-11T01:48:12.624444+00:00,200,11795.93,
2026-09-11T01:47:55.735049+00:00,200,28692.30,
2026-09-11T01:48:20.125105+00:00,200,4298.38,
2026-09-11T01:48:15.275417+00:00,200,9157.81,
2026-09-11T01:47:30.333206+00:00,200,54110.12,
2026-09-11T01:48:19.570511+00:00,200,4896.23,
2026-09-11T01:47:04.762320+00:00,200,79693.87,
2026-09-11T01:48:21.602337+00:00,200,2879.54,
2026-09-11T01:48:09.629740+00:00,200,14865.05,
2026-09-11T01:48:05.085081+00:00,200,19411.69,
2026-09-11T01:48:24.279009+00:00,200,210.61,
2026-09-11T01:48:12.718321+00:00,200,11784.19,
2026-09-11T01:47:44.726988+00:00,200,39796.21,
2026-09-11T01:47:56.598576+00:00,200,27936.26,
2026-09-11T01:48:19.309510+00:00,200,5239.64,
2026-09-11T01:47:17.417375+00:00,200,67136.32,
2026-09-11T01:48:15.711142+00:00,200,8837.45,
2026-09-11T01:48:05.645475+00:00,200,18922.83,
2026-09-11T01:48:15.703279+00:00,200,8872.30,
2026-09-11T01:47:17.891601+00:00,200,66699.54,
2026-09-11T01:48:18.351155+00:00,200,6247.23,
2026-09-11T01:48:06.903884+00:00,200,17697.22,
2026-09-11T01:47:41.060235+00:00,200,43554.80,
2026-09-11T01:48:17.747470+00:00,200,6887.14,
2026-09-11T01:48:15.653423+00:00,200,8978.50,
2026-09-11T01:48:18.166319+00:00,200,6465.85,
2026-09-11T01:48:13.480296+00:00,200,11176.17,
2026-09-11T01:48:05.862113+00:00,200,18819.55,
2026-09-11T01:47:51.213947+00:00,200,33485.37,
2026-09-11T01:48:16.703894+00:00,200,8001.81,
2026-09-11T01:48:21.768338+00:00,200,2953.17,
2026-09-11T01:48:20.437200+00:00,200,4289.97,
2026-09-11T01:48:15.306655+00:00,200,9434.57,
2026-09-11T01:48:23.024275+00:00,200,1717.93,
2026-09-11T01:47:49.326122+00:00,200,35433.87,
2026-09-11T01:48:14.010855+00:00,200,10749.72,
2026-09-11T01:48:07.207092+00:00,200,17570.25,
2026-09-11T01:47:24.033234+00:00,200,60745.40,
2026-09-11T01:47:52.789531+00:00,200,31992.91,
2026-09-11T01:48:24.618883+00:00,200,169.38,
2026-09-11T01:47:59.185240+00:00,200,25611.84,
2026-09-11T01:48:24.605797+00:00,200,194.86,
2026-09-11T01:48:11.038167+00:00,200,13766.06,
2026-09-11T01:48:15.029641+00:00,200,9789.52,
2026-09-11T01:48:06.372483+00:00,200,18449.75,
2026-09-11T01:48:20.046311+00:00,200,4778.09,
2026-09-11T01:48:14.304805+00:00,200,10535.60,
2026-09-11T01:48:18.366935+00:00,200,6478.25,
2026-09-11T01:48:08.979690+00:00,200,15878.69,
2026-09-11T01:47:49.556144+00:00,200,35306.78,
2026-09-11T01:48:18.740002+00:00,200,6125.91,
2026-09-11T01:48:21.679155+00:00,200,3215.21,
2026-09-11T01:48:16.756980+00:00,200,8140.83,
2026-09-11T01:48:22.887096+00:00,200,2022.90,
2026-09-11T01:47:49.772149+00:00,200,35149.95,
2026-09-11T01:48:12.718321+00:00,200,12206.16,
2026-09-11T01:48:07.673488+00:00,200,17269.49,
2026-09-11T01:47:59.780857+00:00,200,25163.81,
2026-09-11T01:48:07.441727+00:00,200,17522.40,
2026-09-11T01:48:09.593417+00:00,200,15387.48,
2026-09-11T01:47:44.075586+00:00,200,40912.52,
2026-09-11T01:48:17.621847+00:00,200,7382.49,
2026-09-11T01:47:43.125051+00:00,200,41882.90,
2026-09-11T01:47:35.022490+00:00,200,49998.58,
2026-09-11T01:48:24.083275+00:00,200,949.49,
2026-09-11T01:48:04.963723+00:00,200,20083.42,
2026-09-11T01:47:48.283902+00:00,200,36790.88,
2026-09-11T01:48:23.751945+00:00,200,1346.07,
2026-09-11T01:48:21.982145+00:00,200,3108.53,
2026-09-11T01:48:13.347091+00:00,200,11753.55,
2026-09-11T01:47:48.586556+00:00,200,36523.53,
2026-09-11T01:48:09.908825+00:00,200,15214.22,
2026-09-11T01:48:07.473239+00:00,200,17654.26,
2026-09-11T01:48:05.288438+00:00,200,19852.21,
2026-09-11T01:47:34.167684+00:00,200,51002.97,
2026-09-11T01:48:21.709863+00:00,200,3468.13,
2026-09-11T01:48:05.374087+00:00,200,19826.69,
2026-09-11T01:48:23.820913+00:00,200,1384.58,
2026-09-11T01:48:08.033711+00:00,200,17176.44,
2026-09-11T01:47:57.034665+00:00,200,28170.81,
2026-09-11T01:47:54.708505+00:00,200,30495.71,
2026-09-11T01:48:04.480850+00:00,200,20751.64,
2026-09-11T01:48:14.281275+00:00,200,10959.46,
2026-09-11T01:48:18.809440+00:00,200,6434.07,
2026-09-11T01:48:02.078034+00:00,200,23185.50,
2026-09-11T01:48:03.755271+00:00,200,21503.92,
2026-09-11T01:48:19.739359+00:00,200,5556.09,
2026-09-11T01:48:06.620616+00:00,200,18683.80,
2026-09-11T01:48:10.529399+00:00,200,14771.67,
2026-09-11T01:48:23.938556+00:00,200,1375.54,
2026-09-11T01:47:50.157249+00:00,200,35169.88,
2026-09-11T01:47:13.913932+00:00,200,71451.97,
2026-09-11T01:48:09.662601+00:00,200,15704.76,
2026-09-11T01:47:18.690240+00:00,200,66686.31,
2026-09-11T01:48:16.807744+00:00,200,8588.52,
2026-09-11T01:47:34.857606+00:00,200,50539.52,
2026-09-11T01:47:24.614352+00:00,200,60788.29,
2026-09-11T01:47:57.573037+00:00,200,27833.91,
2026-09-11T01:48:15.945874+00:00,200,9473.85,
2026-09-11T01:48:18.327409+00:00,200,7108.37,
2026-09-11T01:48:09.175695+00:00,200,16272.44,
2026-09-11T01:48:25.287027+00:00,200,193.98,
2026-09-11T01:48:11.848823+00:00,200,13664.33,
2026-09-11T01:48:14.544821+00:00,200,10969.73,
2026-09-11T01:47:46.190328+00:00,200,39331.98,
2026-09-11T01:48:23.705970+00:00,200,1817.84,
2026-09-11T01:47:50.737309+00:00,200,34792.16,
2026-09-11T01:47:38.660201+00:00,200,46889.99,
2026-09-11T01:47:32.020640+00:00,200,53551.93,
2026-09-11T01:47:27.986012+00:00,200,57599.56,
2026-09-11T01:47:18.213713+00:00,200,67373.24,
2026-09-11T01:47:33.469444+00:00,200,52122.81,
2026-09-11T01:47:02.649963+00:00,200,82964.34,
2026-09-11T01:48:12.302395+00:00,200,13314.99,
2026-09-11T01:47:59.198968+00:00,200,26418.32,
2026-09-11T01:48:06.599199+00:00,200,19035.75,
2026-09-11T01:48:01.363020+00:00,200,24276.71,
2026-09-11T01:48:16.784953+00:00,200,8853.30,
2026-09-11T01:47:54.505046+00:00,200,31153.69,
2026-09-11T01:48:18.992027+00:00,200,6679.80,
2026-09-11T01:48:15.062450+00:00,200,10616.88,
2026-09-11T01:47:49.490934+00:00,200,36215.46,
2026-09-11T01:47:54.582838+00:00,200,31147.08,
2026-09-11T01:48:19.341145+00:00,200,6396.49,
2026-09-11T01:47:42.663862+00:00,200,43075.08,
2026-09-11T01:48:16.641888+00:00,200,9107.79,
2026-09-11T01:48:23.368867+00:00,200,2380.04,
2026-09-11T01:48:14.782830+00:00,200,10970.64,
2026-09-11T01:47:23.514642+00:00,200,62246.42,
2026-09-11T01:48:24.230570+00:00,200,1526.65,
2026-09-11T01:48:03.547892+00:00,200,22255.79,
2026-09-11T01:48:08.636592+00:00,200,17173.11,
2026-09-11T01:48:18.358396+00:00,200,7453.88,
2026-09-11T01:48:00.140349+00:00,200,25676.62,
2026-09-11T01:48:17.610112+00:00,200,8212.62,
2026-09-11T01:47:37.416260+00:00,200,48410.65,
2026-09-11T01:48:11.038167+00:00,200,14788.16,
2026-09-11T01:47:57.272102+00:00,200,28565.06,
2026-09-11T01:48:17.971068+00:00,200,7879.15,
2026-09-11T01:48:15.310671+00:00,200,10548.08,
2026-09-11T01:48:14.289361+00:00,200,11573.83,
2026-09-11T01:48:07.331395+00:00,200,18553.66,
2026-09-11T01:47:56.753287+00:00,200,29131.33,
2026-09-11T01:47:49.286951+00:00,200,36606.07,
2026-09-11T01:48:18.477301+00:00,200,7410.55,
2026-09-11T01:48:08.712309+00:00,200,17188.74,
2026-09-11T01:48:24.178497+00:00,200,1766.16,
2026-09-11T01:48:14.631588+00:00,200,11316.25,
2026-09-11T01:47:52.006884+00:00,200,33966.05,
2026-09-11T01:48:11.354884+00:00,200,14608.21,
2026-09-11T01:48:21.381470+00:00,200,4601.66,
2026-09-11T01:48:12.768853+00:00,200,13218.20,
2026-09-11T01:47:33.794354+00:00,200,52205.58,
2026-09-11T01:48:19.040898+00:00,200,6961.71,
2026-09-11T01:48:13.528351+00:00,200,12473.22,
2026-09-11T01:47:23.401014+00:00,200,62612.57,
2026-09-11T01:48:18.034077+00:00,200,8002.48,
2026-09-11T01:48:07.102435+00:00,200,18947.85,
2026-09-11T01:47:47.456240+00:00,200,38612.34,
2026-09-11T01:48:19.009656+00:00,200,7067.85,
2026-09-11T01:47:53.644314+00:00,200,32445.97,
2026-09-11T01:47:39.997389+00:00,200,46088.48,
2026-09-11T01:47:52.967295+00:00,200,33143.94,
2026-09-11T01:47:36.913868+00:00,200,49201.17,
2026-09-11T01:48:22.563266+00:00,200,3572.58,
2026-09-11T01:48:25.602741+00:00,200,528.81,
2026-09-11T01:47:52.629509+00:00,200,33515.48,
2026-09-11T01:48:05.359080+00:00,200,20799.99,
2026-09-11T01:47:55.865595+00:00,200,30303.80,
2026-09-11T01:48:25.399891+00:00,200,791.96,
2026-09-11T01:47:48.646629+00:00,200,37550.77,
2026-09-11T01:47:11.613997+00:00,200,74591.13,
2026-09-11T01:48:05.348377+00:00,200,20856.19,
2026-09-11T01:48:14.165818+00:00,200,12040.89,
2026-09-11T01:48:03.270555+00:00,200,22955.76,
2026-09-11T01:48:06.933841+00:00,200,19296.32,
2026-09-11T01:48:07.726772+00:00,200,18517.95,
2026-09-11T01:47:52.326184+00:00,200,33918.15,
2026-09-11T01:48:16.369943+00:00,200,9887.49,
2026-09-11T01:47:57.591454+00:00,200,28686.28,
2026-09-11T01:48:17.056196+00:00,200,9225.92,
2026-09-11T01:47:45.050692+00:00,200,41231.13,
2026-09-11T01:48:00.357372+00:00,200,25928.61,
2026-09-11T01:47:54.869423+00:00,200,31417.44,
2026-09-11T01:48:21.378308+00:00,200,4913.73,
2026-09-11T01:48:26.003075+00:00,200,300.59,
2026-09-11T01:48:23.915448+00:00,200,2413.85,
2026-09-11T01:48:14.687289+00:00,200,11652.57,
2026-09-11T01:48:23.272377+00:00,200,3073.45,
2026-09-11T01:48:09.262515+00:00,200,17092.78,
2026-09-11T01:47:52.639625+00:00,200,33730.53,
2026-09-11T01:47:54.206286+00:00,200,32181.01,
2026-09-11T01:47:12.702650+00:00,200,73699.40,
2026-09-11T01:47:58.808046+00:00,200,27602.58,
2026-09-11T01:48:08.967478+00:00,200,17463.78,
2026-09-11T01:48:05.255660+00:00,200,21183.83,
2026-09-11T01:48:15.373635+00:00,200,11074.28,
2026-09-11T01:48:06.181592+00:00,200,20261.91,
2026-09-11T01:47:16.381782+00:00,200,70087.07,
2026-09-11T01:48:13.017499+00:00,200,13460.46,
2026-09-11T01:48:07.386890+00:00,200,19093.62,
2026-09-11T01:47:57.523435+00:00,200,28968.68,
2026-09-11T01:48:12.138059+00:00,200,14350.51,
2026-09-11T01:48:13.686478+00:00,200,12798.45,
2026-09-11T01:48:26.318969+00:00,200,171.24,
2026-09-11T01:48:14.087457+00:00,200,12408.55,
2026-09-11T01:48:13.954690+00:00,200,12548.70,
2026-09-11T01:48:03.668125+00:00,200,22837.77,
2026-09-11T01:48:21.950370+00:00,200,4581.43,
2026-09-11T01:48:03.985651+00:00,200,22567.64,
2026-09-11T01:48:10.345447+00:00,200,16217.87,
2026-09-11T01:47:46.721879+00:00,200,39845.17,
2026-09-11T01:47:50.167228+00:00,200,36407.98,
2026-09-11T01:48:06.054052+00:00,200,20536.92,
2026-09-11T01:48:10.989957+00:00,200,15615.85,
2026-09-11T01:48:24.402750+00:00,200,2215.06,
2026-09-11T01:48:22.924128+00:00,200,3709.05,
2026-09-11T01:48:06.007785+00:00,200,20645.61,
2026-09-11T01:48:18.855383+00:00,200,7814.49,
2026-09-11T01:47:23.692704+00:00,200,63021.02,
2026-09-11T01:48:25.416880+00:00,200,1300.57,
2026-09-11T01:48:23.950666+00:00,200,2778.34,
2026-09-11T01:48:20.745212+00:00,200,5986.69,
2026-09-11T01:46:53.790774+00:00,200,92947.03,
2026-09-11T01:48:23.824476+00:00,200,2916.09,
2026-09-11T01:48:13.194932+00:00,200,13547.96,
2026-09-11T01:48:15.766736+00:00,200,10988.26,
2026-09-11T01:47:46.235976+00:00,200,40527.38,
2026-09-11T01:48:00.708802+00:00,200,26055.14,
2026-09-11T01:48:04.058026+00:00,200,22711.85,
2026-09-11T01:48:25.836770+00:00,200,974.99,
2026-09-11T01:48:26.016830+00:00,200,852.59,
2026-09-11T01:48:02.019934+00:00,200,24861.01,
2026-09-11T01:48:26.536243+00:00,200,368.50,
2026-09-11T01:48:20.960060+00:00,200,5959.15,
2026-09-11T01:48:22.059336+00:00,200,4865.66,
2026-09-11T01:48:20.695731+00:00,200,6259.32,
2026-09-11T01:47:24.283610+00:00,200,62673.21,
2026-09-11T01:48:05.243353+00:00,200,21723.24,
2026-09-11T01:48:25.710724+00:00,200,1280.61,
2026-09-11T01:48:17.812732+00:00,200,9179.12,
2026-09-11T01:47:43.680088+00:00,200,43328.20,
2026-09-11T01:48:14.006572+00:00,200,13009.81,
2026-09-11T01:48:13.125969+00:00,200,13900.71,
2026-09-11T01:47:50.860831+00:00,200,36167.55,
2026-09-11T01:47:56.694470+00:00,200,30336.88,
2026-09-11T01:48:15.029641+00:00,200,12014.63,
2026-09-11T01:47:48.519401+00:00,200,38528.07,
2026-09-11T01:48:10.511622+00:00,200,16549.97,
2026-09-11T01:47:40.678407+00:00,200,46393.10,
2026-09-11T01:48:04.976018+00:00,200,22099.32,
2026-09-11T01:48:21.323289+00:00,200,5760.66,
2026-09-11T01:48:17.942070+00:00,200,9174.66,
2026-09-11T01:48:07.269145+00:00,200,19867.53,
2026-09-11T01:48:22.878406+00:00,200,4258.65,
2026-09-11T01:48:13.686478+00:00,200,13479.78,
2026-09-11T01:47:56.197442+00:00,200,30976.70,
2026-09-11T01:48:05.374087+00:00,200,21818.95,
2026-09-11T01:48:09.086009+00:00,200,18107.86,
2026-09-11T01:48:05.543072+00:00,200,21661.49,
2026-09-11T01:48:22.868679+00:00,200,4339.21,
2026-09-11T01:47:27.331003+00:00,200,59884.01,
2026-09-11T01:48:22.049097+00:00,200,5174.03,
2026-09-11T01:48:19.025244+00:00,200,8198.70,
2026-09-11T01:47:41.019207+00:00,200,46217.15,
2026-09-11T01:48:17.750980+00:00,200,9485.38,
2026-09-11T01:47:43.392946+00:00,200,43838.02,
2026-09-11T01:48:21.262124+00:00,200,6000.15,
2026-09-11T01:47:46.670798+00:00,200,40606.12,
2026-09-11T01:47:57.493148+00:00,200,29800.64,
2026-09-11T01:48:00.320937+00:00,200,26979.35,
2026-09-11T01:47:24.405986+00:00,200,62909.78,
2026-09-11T01:48:06.612283+00:00,200,20709.56,
2026-09-11T01:48:12.195637+00:00,200,15130.74,
2026-09-11T01:48:17.587324+00:00,200,9746.83,
2026-09-11T01:48:20.941958+00:00,200,6394.56,
2026-09-11T01:48:19.432056+00:00,200,7900.74,
2026-09-11T01:48:16.900873+00:00,200,10453.53,
2026-09-11T01:48:22.700626+00:00,200,4660.75,
2026-09-11T01:48:08.347325+00:00,200,19022.18,
2026-09-11T01:48:18.962136+00:00,200,8408.84,
2026-09-11T01:48:06.323311+00:00,200,21048.12,
2026-09-11T01:48:23.101160+00:00,200,4279.10,
2026-09-11T01:48:10.714128+00:00,200,16690.28,
2026-09-11T01:48:04.572153+00:00,200,22844.69,
2026-09-11T01:48:10.259916+00:00,200,17188.92,
2026-09-11T01:48:19.507448+00:00,200,7970.74,
2026-09-11T01:48:24.606779+00:00,200,2879.50,
2026-09-11T01:48:09.762249+00:00,200,17738.45,
2026-09-11T01:48:16.382949+00:00,200,11146.57,
2026-09-11T01:47:20.222657+00:00,200,67324.23,
2026-09-11T01:48:27.321203+00:00,200,229.98,
2026-09-11T01:48:22.848658+00:00,200,4758.36,
2026-09-11T01:48:09.471828+00:00,200,18136.41,
2026-09-11T01:48:09.138514+00:00,200,18473.03,
2026-09-11T01:47:23.163994+00:00,200,64458.98,
2026-09-11T01:48:13.756200+00:00,200,13880.61,
2026-09-11T01:48:06.612283+00:00,200,21040.86,
2026-09-11T01:48:20.343832+00:00,200,7314.71,
2026-09-11T01:48:03.454104+00:00,200,24210.89,
2026-09-11T01:47:25.719783+00:00,200,61952.96,
2026-09-11T01:47:59.215298+00:00,200,28470.14,
2026-09-11T01:48:23.754209+00:00,200,3931.68,
2026-09-11T01:48:08.588625+00:00,200,19119.34,
2026-09-11T01:48:03.874652+00:00,200,23843.48,
2026-09-11T01:47:43.187566+00:00,200,44534.31,
2026-09-11T01:48:12.187870+00:00,200,15551.34,
2026-09-11T01:48:10.291474+00:00,200,17457.70,
2026-09-11T01:48:18.522106+00:00,200,9247.14,
2026-09-11T01:47:41.986578+00:00,200,45803.84,
2026-09-11T01:48:25.126541+00:00,200,2666.16,
2026-09-11T01:48:01.193244+00:00,200,26608.95,
2026-09-11T01:48:25.812241+00:00,200,2004.74,
2026-09-11T01:48:27.606711+00:00,200,244.15,
2026-09-11T01:48:23.162357+00:00,200,4711.49,
2026-09-11T01:48:10.855258+00:00,200,17041.66,
2026-09-11T01:48:16.054897+00:00,200,11851.24,
2026-09-11T01:47:36.118641+00:00,200,51799.66,
2026-09-11T01:47:49.701449+00:00,200,38222.69,
2026-09-11T01:48:09.001451+00:00,200,18933.72,
2026-09-11T01:48:19.045570+00:00,200,8881.67,
2026-09-11T01:47:54.033521+00:00,200,33907.17,
2026-09-11T01:48:04.873038+00:00,200,23075.26,
2026-09-11T01:48:17.367811+00:00,200,10590.35,
2026-09-11T01:48:09.659390+00:00,200,18301.83,
2026-09-11T01:47:44.728243+00:00,200,43251.18,
2026-09-11T01:48:16.447602+00:00,200,11547.13,
2026-09-11T01:48:23.352960+00:00,200,4630.73,
2026-09-11T01:48:17.492294+00:00,200,10515.84,
2026-09-11T01:48:21.290471+00:00,200,6722.42,
2026-09-11T01:48:12.181838+00:00,200,15834.55,
2026-09-11T01:47:52.496964+00:00,200,35549.31,
2026-09-11T01:48:04.857204+00:00,200,23190.67,
2026-09-11T01:48:24.697481+00:00,200,3370.02,
2026-09-11T01:48:23.304154+00:00,200,4775.11,
2026-09-11T01:48:27.407987+00:00,200,677.70,
2026-09-11T01:48:21.522477+00:00,200,6567.12,
2026-09-11T01:48:04.297620+00:00,200,23803.18,
2026-09-11T01:48:08.121221+00:00,200,19997.47,
2026-09-11T01:48:11.240454+00:00,200,16923.57,
2026-09-11T01:48:17.737719+00:00,200,10434.56,
2026-09-11T01:48:24.855962+00:00,200,3329.72,
2026-09-11T01:47:55.160131+00:00,200,33030.72,
2026-09-11T01:47:30.275994+00:00,200,57923.65,
2026-09-11T01:48:24.396736+00:00,200,3819.84,
2026-09-11T01:47:10.894315+00:00,200,77327.38,
2026-09-11T01:48:18.661389+00:00,200,9578.15,
2026-09-11T01:48:23.194902+00:00,200,5042.40,
2026-09-11T01:48:24.909721+00:00,200,3346.06,
2026-09-11T01:48:14.882661+00:00,200,13397.08,
2026-09-11T01:47:50.677473+00:00,200,37602.49,
2026-09-11T01:47:32.328069+00:00,200,55989.65,
2026-09-11T01:48:15.186418+00:00,200,13150.66,
2026-09-11T01:48:17.201970+00:00,200,11138.73,
2026-09-11T01:48:13.543978+00:00,200,14814.60,
2026-09-11T01:47:39.922705+00:00,200,48440.88,
2026-09-11T01:48:10.513630+00:00,200,17863.69,
2026-09-11T01:47:42.274184+00:00,200,46136.18,
2026-09-11T01:48:24.294531+00:00,200,4135.46,
2026-09-11T01:48:26.712741+00:00,200,1716.97,
2026-09-11T01:48:20.216844+00:00,200,8217.33,
2026-09-11T01:48:20.055018+00:00,200,8382.15,
2026-09-11T01:48:09.872730+00:00,200,18568.63,
2026-09-11T01:48:16.179503+00:00,200,12279.82,
2026-09-11T01:48:27.718193+00:00,200,754.69,
2026-09-11T01:48:22.891120+00:00,200,5589.83,
2026-09-11T01:48:00.792639+00:00,200,27723.57,
2026-09-11T01:48:12.259956+00:00,200,16259.43,
2026-09-11T01:48:05.000608+00:00,200,23526.05,
2026-09-11T01:48:19.791134+00:00,200,8763.76,
2026-09-11T01:48:15.459931+00:00,200,13109.47,
2026-09-11T01:47:53.714226+00:00,200,34860.23,
2026-09-11T01:48:03.398724+00:00,200,25179.04,
2026-09-11T01:48:14.129774+00:00,200,14457.86,
2026-09-11T01:47:18.084962+00:00,200,70507.80,
2026-09-11T01:48:24.263875+00:00,200,4334.77,
2026-09-11T01:47:21.749536+00:00,200,66866.50,
2026-09-11T01:48:11.199419+00:00,200,17423.09,
2026-09-11T01:48:08.919953+00:00,200,19707.33,
2026-09-11T01:48:17.587324+00:00,200,11051.18,
2026-09-11T01:48:24.385982+00:00,200,4257.17,
2026-09-11T01:48:06.149873+00:00,200,22522.83,
2026-09-11T01:48:10.165981+00:00,200,18509.81,
2026-09-11T01:48:26.318969+00:00,200,2358.05,
2026-09-11T01:48:28.312776+00:00,200,388.67,
2026-09-11T01:47:14.738870+00:00,200,73968.41,
2026-09-11T01:48:18.327409+00:00,200,10375.07,
2026-09-11T01:47:25.163399+00:00,200,63548.29,
2026-09-11T01:48:15.663688+00:00,200,13044.04,
2026-09-11T01:48:05.213268+00:00,200,23512.43,
2026-09-11T01:48:08.513419+00:00,200,20210.42,
2026-09-11T01:48:25.072765+00:00,200,3691.68,
2026-09-11T01:48:26.240457+00:00,200,2542.00,
2026-09-11T01:48:15.479122+00:00,200,13313.70,
2026-09-11T01:47:47.403451+00:00,200,41414.77,
2026-09-11T01:48:06.943869+00:00,200,21877.36,
2026-09-11T01:48:08.510403+00:00,200,20337.61,
2026-09-11T01:48:25.100983+00:00,200,3755.11,
2026-09-11T01:48:24.782463+00:00,200,4068.89,
2026-09-11T01:48:11.695751+00:00,200,17175.95,
2026-09-11T01:47:54.314531+00:00,200,34579.80,
2026-09-11T01:48:16.412352+00:00,200,12519.06,
2026-09-11T01:48:27.371680+00:00,200,1553.18,
2026-09-11T01:48:13.859507+00:00,200,15088.77,
2026-09-11T01:48:13.372105+00:00,200,15586.96,
2026-09-11T01:48:28.118162+00:00,200,852.12,
2026-09-11T01:48:24.423711+00:00,200,4550.98,
2026-09-11T01:47:24.170653+00:00,200,64804.50,
2026-09-11T01:48:21.398629+00:00,200,7589.13,
2026-09-11T01:48:21.348972+00:00,200,7655.27,
2026-09-11T01:48:24.664784+00:00,200,4343.82,
2026-09-11T01:48:24.468556+00:00,200,4549.74,
2026-09-11T01:48:27.260432+00:00,200,1760.07,
2026-09-11T01:48:16.070788+00:00,200,12994.06,
2026-09-11T01:48:26.738279+00:00,200,2339.06,
2026-09-11T01:47:39.762467+00:00,200,49319.10,
2026-09-11T01:48:24.434234+00:00,200,4658.14,
2026-09-11T01:47:43.722015+00:00,200,45422.42,
2026-09-11T01:48:12.422369+00:00,200,16774.52,
2026-09-11T01:47:53.071272+00:00,200,36131.77,
2026-09-11T01:47:57.905558+00:00,200,31301.19,
2026-09-11T01:48:17.862318+00:00,200,11355.69,
2026-09-11T01:47:34.349832+00:00,200,54878.33,
2026-09-11T01:48:15.300282+00:00,200,13934.89,
2026-09-11T01:48:23.114877+00:00,200,6157.06,
2026-09-11T01:48:24.809297+00:00,200,4475.73,
2026-09-11T01:48:22.010638+00:00,200,7278.97,
2026-09-11T01:48:26.554781+00:00,200,2765.61,
2026-09-11T01:48:10.323442+00:00,200,18995.94,
2026-09-11T01:48:28.765618+00:00,200,571.09,
2026-09-11T01:48:09.228981+00:00,200,20113.19,
2026-09-11T01:48:25.433842+00:00,200,3927.23,
2026-09-11T01:47:54.854680+00:00,200,34511.67,
2026-09-11T01:47:45.574780+00:00,200,43801.49,
2026-09-11T01:47:36.072213+00:00,200,53323.68,
2026-09-11T01:48:26.917879+00:00,200,2514.78,
2026-09-11T01:47:57.066508+00:00,200,32378.20,
2026-09-11T01:48:26.208497+00:00,200,3236.50,
2026-09-11T01:48:05.807827+00:00,200,23641.96,
2026-09-11T01:48:28.589083+00:00,200,863.84,
2026-09-11T01:48:04.449614+00:00,200,24998.50,
2026-09-11T01:47:32.459899+00:00,200,56999.46,
2026-09-11T01:48:07.378882+00:00,200,22091.11,
2026-09-11T01:47:30.941684+00:00,200,58535.42,
2026-09-11T01:48:17.520555+00:00,200,11968.07,
2026-09-11T01:48:10.408809+00:00,200,19096.63,
2026-09-11T01:48:22.080207+00:00,200,7433.62,
2026-09-11T01:48:18.050320+00:00,200,11490.23,
2026-09-11T01:48:18.452695+00:00,200,11103.15,
2026-09-11T01:48:07.970637+00:00,200,21598.29,
2026-09-11T01:48:27.323210+00:00,200,2254.94,
2026-09-11T01:48:22.280499+00:00,200,7300.09,
2026-09-11T01:48:26.287536+00:00,200,3294.43,
2026-09-11T01:48:18.851446+00:00,200,10735.57,
2026-09-11T01:48:01.913037+00:00,200,27680.05,
2026-09-11T01:47:53.811794+00:00,200,35791.12,
2026-09-11T01:48:25.110750+00:00,200,4512.38,
2026-09-11T01:48:19.155634+00:00,200,10473.85,
2026-09-11T01:47:54.702733+00:00,200,34947.32,
2026-09-11T01:47:40.837492+00:00,200,48819.26,
2026-09-11T01:47:54.708505+00:00,200,34962.69,
2026-09-11T01:48:17.831699+00:00,200,11864.39,
2026-09-11T01:48:24.740291+00:00,200,4963.04,
2026-09-11T01:48:14.081428+00:00,200,15634.74,
2026-09-11T01:48:21.058454+00:00,200,8661.53,
2026-09-11T01:47:48.689829+00:00,200,41049.19,
2026-09-11T01:48:20.014256+00:00,200,9743.85,
2026-09-11T01:48:22.765747+00:00,200,6994.80,
2026-09-11T01:48:14.525614+00:00,200,15248.65,
2026-09-11T01:48:10.588769+00:00,200,19192.03,
2026-09-11T01:48:00.028357+00:00,200,29762.28,
2026-09-11T01:48:23.300147+00:00,200,6504.62,
2026-09-11T01:48:21.701956+00:00,200,8104.98,
2026-09-11T01:48:27.365265+00:00,200,2439.86,
2026-09-11T01:48:15.203406+00:00,200,14622.14,
2026-09-11T01:48:26.382532+00:00,200,3453.94,
2026-09-11T01:48:14.782830+00:00,200,15081.23,
2026-09-11T01:48:24.418588+00:00,200,5458.23,
2026-09-11T01:48:20.677173+00:00,200,9212.85,
2026-09-11T01:48:28.899643+00:00,200,1003.72,
2026-09-11T01:48:21.578737+00:00,200,8330.40,
2026-09-11T01:48:25.237686+00:00,200,4706.03,
2026-09-11T01:48:18.456077+00:00,200,11487.52,
2026-09-11T01:48:08.909754+00:00,200,21036.77,
2026-09-11T01:47:54.774502+00:00,200,35178.29,
2026-09-11T01:48:24.898840+00:00,200,5063.07,
2026-09-11T01:48:02.873365+00:00,200,27092.80,
2026-09-11T01:48:20.418112+00:00,200,9567.43,
2026-09-11T01:48:21.643832+00:00,200,8346.99,
2026-09-11T01:48:25.205838+00:00,200,4788.23,
2026-09-11T01:48:25.238740+00:00,200,4811.61,
2026-09-11T01:48:18.092429+00:00,200,11971.32,
2026-09-11T01:48:25.265745+00:00,200,4807.40,
2026-09-11T01:48:17.232850+00:00,200,12847.45,
2026-09-11T01:48:28.852158+00:00,200,1227.32,
2026-09-11T01:48:12.909447+00:00,200,17165.92,
2026-09-11T01:48:27.788147+00:00,200,2299.34,
2026-09-11T01:48:18.930100+00:00,200,11170.94,
2026-09-11T01:47:41.894711+00:00,200,48221.75,
2026-09-11T01:48:06.903884+00:00,200,23247.34,
2026-09-11T01:48:16.391221+00:00,200,13783.85,
2026-09-11T01:48:01.294993+00:00,200,28910.93,
2026-09-11T01:48:29.212916+00:00,200,1025.14,
2026-09-11T01:48:01.118786+00:00,200,29123.40,
2026-09-11T01:48:20.853114+00:00,200,9395.55,
2026-09-11T01:47:37.852490+00:00,200,52403.42,
2026-09-11T01:47:26.232473+00:00,200,64046.51,
2026-09-11T01:48:19.634256+00:00,200,10652.50,
2026-09-11T01:48:05.203847+00:00,200,25086.70,
2026-09-11T01:48:07.895465+00:00,200,22400.30,
2026-09-11T01:48:29.005561+00:00,200,1296.78,
2026-09-11T01:48:21.317910+00:00,200,8993.08,
2026-09-11T01:48:21.782782+00:00,200,8533.48,
2026-09-11T01:48:26.731993+00:00,200,3589.03,
2026-09-11T01:48:09.301512+00:00,200,21030.67,
2026-09-11T01:48:08.330254+00:00,200,22008.34,
2026-09-11T01:47:37.560550+00:00,200,52780.32,
2026-09-11T01:47:53.323206+00:00,200,37023.98,
2026-09-11T01:47:49.203919+00:00,200,41153.22,
2026-09-11T01:48:11.137346+00:00,200,19227.62,
2026-09-11T01:48:09.387578+00:00,200,20972.35,
2026-09-11T01:47:40.123843+00:00,200,50262.70,
2026-09-11T01:48:28.147578+00:00,200,2249.94,
2026-09-11T01:48:27.218189+00:00,200,3176.86,
2026-09-11T01:48:00.267637+00:00,200,30179.12,
2026-09-11T01:48:13.400655+00:00,200,17060.56,
2026-09-11T01:48:26.404876+00:00,200,4069.06,
2026-09-11T01:48:30.278340+00:00,200,233.92,
2026-09-11T01:48:13.194932+00:00,200,17326.19,
2026-09-11T01:47:06.986240+00:00,200,83533.19,
2026-09-11T01:48:16.811660+00:00,200,13740.73,
2026-09-11T01:47:47.345611+00:00,200,43209.42,
2026-09-11T01:48:24.747791+00:00,200,5835.63,
2026-09-11T01:48:13.152595+00:00,200,17430.07,
2026-09-11T01:48:08.231276+00:00,200,22369.83,
2026-09-11T01:48:28.055616+00:00,200,2546.93,
2026-09-11T01:48:24.816394+00:00,200,5786.55,
2026-09-11T01:48:10.030715+00:00,200,20590.88,
2026-09-11T01:47:50.944796+00:00,200,39708.49,
2026-09-11T01:47:42.965047+00:00,200,47688.70,
2026-09-11T01:47:55.094798+00:00,200,35572.51,
2026-09-11T01:48:29.355766+00:00,200,1311.20,
2026-09-11T01:48:21.049452+00:00,200,9638.24,
2026-09-11T01:48:21.439004+00:00,200,9275.59,
2026-09-11T01:48:06.604336+00:00,200,24115.03,
2026-09-11T01:48:16.365941+00:00,200,14358.99,
2026-09-11T01:48:21.623688+00:00,200,9102.71,
2026-09-11T01:47:39.380664+00:00,200,51344.34,
2026-09-11T01:48:26.771085+00:00,200,3963.95,
2026-09-11T01:48:16.041861+00:00,200,14693.45,
2026-09-11T01:48:28.702669+00:00,200,2048.89,
2026-09-11T01:47:40.202844+00:00,200,50553.60,
2026-09-11T01:48:04.614724+00:00,200,26150.43,
2026-09-11T01:47:46.924444+00:00,200,43865.72,
2026-09-11T01:47:51.747119+00:00,200,39064.22,
2026-09-11T01:48:00.172515+00:00,200,30667.43,
2026-09-11T01:47:41.068179+00:00,200,49793.30,
2026-09-11T01:48:28.446856+00:00,200,2421.23,
2026-09-11T01:48:30.043676+00:00,200,843.70,
2026-09-11T01:48:30.660954+00:00,200,238.02,
2026-09-11T01:48:16.274465+00:00,200,14668.69,
2026-09-11T01:47:39.498605+00:00,200,51442.07,
2026-09-11T01:47:11.833915+00:00,200,79135.61,
2026-09-11T01:47:34.810063+00:00,200,56152.53,
2026-09-11T01:48:07.954866+00:00,200,23028.75,
2026-09-11T01:48:22.595795+00:00,200,8389.82,
2026-09-11T01:48:17.249500+00:00,200,13739.13,
2026-09-11T01:47:43.308813+00:00,200,47685.02,
2026-09-11T01:48:28.428939+00:00,200,2564.98,
2026-09-11T01:48:15.685913+00:00,200,15369.13,
2026-09-11T01:48:27.333947+00:00,200,3729.83,
2026-09-11T01:48:02.997691+00:00,200,28103.56,
2026-09-11T01:48:08.668924+00:00,200,22465.91,
2026-09-11T01:47:41.641060+00:00,200,49512.11,
2026-09-11T01:47:22.239576+00:00,200,68918.74,
2026-09-11T01:47:54.203264+00:00,200,36957.68,
2026-09-11T01:48:29.902882+00:00,200,1260.47,
2026-09-11T01:48:24.936372+00:00,200,6222.83,
2026-09-11T01:48:21.950370+00:00,200,9226.04,
2026-09-11T01:48:25.238740+00:00,200,5944.52,
2026-09-11T01:48:30.660954+00:00,200,541.56,
2026-09-11T01:48:29.575354+00:00,200,1643.98,
2026-09-11T01:47:29.106232+00:00,200,62119.18,
2026-09-11T01:48:27.485830+00:00,200,3757.52,
2026-09-11T01:48:24.153327+00:00,200,7108.93,
2026-09-11T01:48:05.945830+00:00,200,25314.05,
2026-09-11T01:48:26.240457+00:00,200,5022.35,
2026-09-11T01:48:28.396079+00:00,200,2909.94,
2026-09-11T01:47:27.843169+00:00,200,63472.04,
2026-09-11T01:47:09.352601+00:00,200,81970.21,
2026-09-11T01:47:34.605462+00:00,200,56739.64,
2026-09-11T01:48:13.459093+00:00,200,17896.28,
2026-09-11T01:48:15.790762+00:00,200,15591.80,
2026-09-11T01:48:23.520839+00:00,200,7881.71,
2026-09-11T01:47:53.286613+00:00,200,38126.07,
2026-09-11T01:48:31.105091+00:00,200,316.41,
2026-09-11T01:47:58.111418+00:00,200,33320.79,
2026-09-11T01:48:24.497794+00:00,200,6940.18,
2026-09-11T01:48:24.201978+00:00,200,7243.41,
2026-09-11T01:48:12.862164+00:00,200,18591.21,
2026-09-11T01:47:49.128071+00:00,200,42331.03,
2026-09-11T01:48:11.595632+00:00,200,19866.19,
2026-09-11T01:48:12.431544+00:00,200,19042.51,
2026-09-11T01:48:02.275889+00:00,200,29205.72,
2026-09-11T01:48:17.928974+00:00,200,13573.00,
2026-09-11T01:47:42.037986+00:00,200,49536.62,
2026-09-11T01:47:57.540968+00:00,200,34058.96,
2026-09-11T01:47:55.637686+00:00,200,36006.01,
2026-09-11T01:47:54.695184+00:00,200,36950.67,
2026-09-11T01:47:29.368055+00:00,200,62305.72,
2026-09-11T01:48:12.449762+00:00,200,19243.34,
2026-09-11T01:48:28.221742+00:00,200,3486.88,
2026-09-11T01:48:25.970769+00:00,200,5741.80,
2026-09-11T01:47:53.835990+00:00,200,37886.33,
2026-09-11T01:48:04.239146+00:00,200,27484.47,
2026-09-11T01:48:18.118734+00:00,200,13605.94,
2026-09-11T01:48:31.498274+00:00,200,299.35,
2026-09-11T01:48:24.640556+00:00,200,7182.92,
2026-09-11T01:48:29.824909+00:00,200,2061.29,
2026-09-11T01:48:29.486875+00:00,200,2400.66,
2026-09-11T01:48:18.253095+00:00,200,13642.48,
2026-09-11T01:47:33.674931+00:00,200,58233.55,
2026-09-11T01:48:15.660173+00:00,200,16294.57,
2026-09-11T01:47:48.778573+00:00,200,43246.20,
2026-09-11T01:47:54.584843+00:00,200,37453.32,
2026-09-11T01:48:27.115570+00:00,200,4936.88,
2026-09-11T01:47:53.314862+00:00,200,38738.20,
2026-09-11T01:48:14.990370+00:00,200,17071.16,
2026-09-11T01:48:19.446675+00:00,200,12623.35,
2026-09-11T01:48:28.512927+00:00,200,3578.22,
2026-09-11T01:47:59.720063+00:00,200,32376.96,
2026-09-11T01:48:23.948656+00:00,200,8190.54,
2026-09-11T01:48:31.165548+00:00,200,982.63,
2026-09-11T01:48:02.503088+00:00,200,29656.96,
2026-09-11T01:48:23.981393+00:00,200,8192.73,
2026-09-11T01:48:30.720318+00:00,200,1455.73,
2026-09-11T01:47:52.477462+00:00,200,39719.61,
2026-09-11T01:48:30.594061+00:00,200,1602.68,
2026-09-11T01:48:31.952311+00:00,200,281.12,
2026-09-11T01:48:27.991562+00:00,200,4247.88,
2026-09-11T01:48:12.512739+00:00,200,19750.30,
2026-09-11T01:48:13.432403+00:00,200,18845.22,
2026-09-11T01:48:30.811623+00:00,200,1469.34,
2026-09-11T01:48:23.080393+00:00,200,9207.57,
2026-09-11T01:48:22.538849+00:00,200,9778.65,
2026-09-11T01:48:14.751394+00:00,200,17573.16,
2026-09-11T01:48:15.219460+00:00,200,17118.32,
2026-09-11T01:48:19.373225+00:00,200,12974.03,
2026-09-11T01:47:33.149863+00:00,200,59202.99,
2026-09-11T01:48:26.082168+00:00,200,6281.22,
2026-09-11T01:48:11.777654+00:00,200,20614.43,
2026-09-11T01:48:29.091616+00:00,200,3305.65,
2026-09-11T01:48:27.175332+00:00,200,5239.99,
2026-09-11T01:48:13.238704+00:00,200,19184.89,
2026-09-11T01:48:17.959298+00:00,200,14477.90,
2026-09-11T01:48:32.139673+00:00,200,335.18,
2026-09-11T01:48:00.756021+00:00,200,31715.03,
2026-09-11T01:48:18.261661+00:00,200,14225.42,
2026-09-11T01:48:26.068436+00:00,200,6418.09,
2026-09-11T01:48:13.735342+00:00,200,18800.66,
2026-09-11T01:48:23.416615+00:00,200,9174.99,
2026-09-11T01:47:55.704665+00:00,200,36895.80,
2026-09-11T01:48:24.770389+00:00,200,7828.58,
2026-09-11T01:48:24.171015+00:00,200,8440.80,
2026-09-11T01:48:26.433177+00:00,200,6183.33,
2026-09-11T01:48:25.617237+00:00,200,7005.32,
2026-09-11T01:48:20.699923+00:00,200,11926.21,
2026-09-11T01:48:25.587971+00:00,200,7055.83,
2026-09-11T01:48:12.842396+00:00,200,19813.30,
2026-09-11T01:47:51.894387+00:00,200,40754.31,
2026-09-11T01:48:25.081411+00:00,200,7568.19,
2026-09-11T01:48:02.748868+00:00,200,29908.89,
2026-09-11T01:48:02.939755+00:00,200,29725.02,
2026-09-11T01:48:24.830423+00:00,200,7853.16,
2026-09-11T01:48:06.332772+00:00,200,26356.87,
2026-09-11T01:47:58.645925+00:00,200,34047.87,
2026-09-11T01:48:28.004784+00:00,200,4716.89,
2026-09-11T01:48:27.479103+00:00,200,5248.59,
2026-09-11T01:48:26.282771+00:00,200,6461.60,
2026-09-11T01:47:46.418892+00:00,200,46329.91,
2026-09-11T01:47:55.985536+00:00,200,36779.99,
2026-09-11T01:48:18.819097+00:00,200,13971.84,
2026-09-11T01:48:24.816394+00:00,200,7996.59,
2026-09-11T01:48:13.670492+00:00,200,19154.12,
2026-09-11T01:48:19.888565+00:00,200,12978.62,
2026-09-11T01:48:16.057776+00:00,200,16837.57,
2026-09-11T01:47:39.353820+00:00,200,53550.53,
2026-09-11T01:48:25.313850+00:00,200,7599.74,
2026-09-11T01:48:15.726778+00:00,200,17186.79,
2026-09-11T01:48:19.629154+00:00,200,13305.50,
2026-09-11T01:48:08.995192+00:00,200,23965.96,
2026-09-11T01:47:50.510847+00:00,200,42455.01,
2026-09-11T01:47:57.573037+00:00,200,35394.62,
2026-09-11T01:48:24.175537+00:00,200,8806.18,
2026-09-11T01:48:13.218926+00:00,200,19777.72,
2026-09-11T01:47:59.301367+00:00,200,33703.52,
2026-09-11T01:48:30.451057+00:00,200,2558.78,
2026-09-11T01:48:15.284744+00:00,200,17750.89,
2026-09-11T01:47:26.826957+00:00,200,66225.33,
2026-09-11T01:48:03.664037+00:00,200,29396.23,
2026-09-11T01:48:30.884036+00:00,200,2176.07,
2026-09-11T01:48:30.658436+00:00,200,2414.64,
2026-09-11T01:48:32.833953+00:00,200,241.21,
2026-09-11T01:48:31.463187+00:00,200,1653.95,
2026-09-11T01:47:38.085622+00:00,200,55052.86,
2026-09-11T01:47:57.493148+00:00,200,35642.94,
2026-09-11T01:48:23.314117+00:00,200,9853.38,
2026-09-11T01:47:42.973796+00:00,200,50196.61,
2026-09-11T01:47:11.947656+00:00,200,81261.81,
2026-09-11T01:48:15.344866+00:00,200,17892.55,
2026-09-11T01:48:30.896125+00:00,200,2342.09,
2026-09-11T01:48:31.022736+00:00,200,2231.94,
2026-09-11T01:48:22.704501+00:00,200,10552.76,
2026-09-11T01:48:12.560416+00:00,200,20707.45,
2026-09-11T01:48:03.684175+00:00,200,29594.17,
2026-09-11T01:48:26.964513+00:00,200,6333.98,
2026-09-11T01:48:04.582382+00:00,200,28718.87,
2026-09-11T01:48:10.688981+00:00,200,22624.71,
2026-09-11T01:48:28.102260+00:00,200,5216.03,
2026-09-11T01:47:54.961944+00:00,200,38358.29,
2026-09-11T01:48:32.197997+00:00,200,1131.37,
2026-09-11T01:48:29.333072+00:00,200,4012.23,
2026-09-11T01:48:33.140110+00:00,200,216.45,
2026-09-11T01:48:24.549200+00:00,200,8819.53,
2026-09-11T01:48:03.485259+00:00,200,29903.15,
2026-09-11T01:47:53.204131+00:00,200,40196.18,
2026-09-11T01:48:24.757311+00:00,200,8658.50,
2026-09-11T01:48:29.631504+00:00,200,3787.95,
2026-09-11T01:47:55.970455+00:00,200,37468.93,
2026-09-11T01:48:33.118255+00:00,200,338.91,
2026-09-11T01:48:12.545636+00:00,200,20910.86,
2026-09-11T01:48:22.868679+00:00,200,10594.78,
2026-09-11T01:47:50.584154+00:00,200,42903.46,
2026-09-11T01:48:32.206802+00:00,200,1284.28,
2026-09-11T01:48:02.553121+00:00,200,30955.48,
2026-09-11T01:48:32.684910+00:00,200,834.04,
2026-09-11T01:48:29.508429+00:00,200,4009.91,
2026-09-11T01:48:04.302655+00:00,200,29216.59,
2026-09-11T01:47:35.793382+00:00,200,57740.93,
2026-09-11T01:48:14.657867+00:00,200,18895.56,
2026-09-11T01:47:38.779533+00:00,200,54781.50,
2026-09-11T01:47:44.252490+00:00,200,49313.28,
2026-09-11T01:47:46.583121+00:00,200,46997.27,
2026-09-11T01:47:39.226770+00:00,200,54359.87,
2026-09-11T01:48:25.671261+00:00,200,7940.08,
2026-09-11T01:48:29.697466+00:00,200,3915.63,
2026-09-11T01:48:13.922910+00:00,200,19688.18,
2026-09-11T01:48:16.079804+00:00,200,17540.45,
2026-09-11T01:48:31.568823+00:00,200,2057.77,
2026-09-11T01:47:58.931945+00:00,200,34704.49,
2026-09-11T01:48:16.127808+00:00,200,17520.29,
2026-09-11T01:48:11.178188+00:00,200,22470.93,
2026-09-11T01:47:46.009339+00:00,200,47650.30,
2026-09-11T01:48:26.638468+00:00,200,7027.82,
2026-09-11T01:48:15.442970+00:00,200,18268.08,
2026-09-11T01:47:40.061034+00:00,200,53691.03,
2026-09-11T01:48:33.431418+00:00,200,328.53,
2026-09-11T01:48:24.878178+00:00,200,8891.02,
2026-09-11T01:48:28.055616+00:00,200,5728.31,
2026-09-11T01:48:16.025626+00:00,200,17756.75,
2026-09-11T01:47:23.367760+00:00,200,70445.93,
2026-09-11T01:48:28.455073+00:00,200,5360.82,
2026-09-11T01:48:13.518965+00:00,200,20305.46,
2026-09-11T01:48:10.418156+00:00,200,23421.82,
2026-09-11T01:47:54.600644+00:00,200,39261.16,
2026-09-11T01:47:38.010728+00:00,200,55860.05,
2026-09-11T01:48:32.172978+00:00,200,1721.70,
2026-09-11T01:47:38.085622+00:00,200,55815.73,
2026-09-11T01:47:27.034972+00:00,200,66886.23,
2026-09-11T01:48:30.594061+00:00,200,3323.95,
2026-09-11T01:48:23.065187+00:00,200,10885.38,
2026-09-11T01:47:37.028647+00:00,200,56935.06,
2026-09-11T01:47:47.646067+00:00,200,46328.12,
2026-09-11T01:47:52.534403+00:00,200,41445.29,
2026-09-11T01:47:34.700519+00:00,200,59283.54,
2026-09-11T01:48:05.712152+00:00,200,28273.38,
2026-09-11T01:48:32.375157+00:00,200,1617.68,
2026-09-11T01:48:23.032808+00:00,200,10966.07,
2026-09-11T01:48:02.201759+00:00,200,31803.54,
2026-09-11T01:48:33.009026+00:00,200,1003.68,
2026-09-11T01:48:27.361817+00:00,200,6663.10,
2026-09-11T01:47:54.683979+00:00,200,39389.59,
2026-09-11T01:48:01.639037+00:00,200,32446.17,
2026-09-11T01:47:39.934217+00:00,200,54174.62,
2026-09-11T01:48:15.653423+00:00,200,18462.06,
2026-09-11T01:47:28.979462+00:00,200,65142.34,
2026-09-11T01:48:30.356503+00:00,200,3769.34,
2026-09-11T01:48:24.779409+00:00,200,9369.64,
2026-09-11T01:48:16.756980+00:00,200,17390.92,
2026-09-11T01:48:14.056841+00:00,200,20095.25,
2026-09-11T01:47:52.803322+00:00,200,41376.84,
2026-09-11T01:47:28.208041+00:00,200,65976.97,
2026-09-11T01:48:19.534298+00:00,200,14678.31,
2026-09-11T01:48:10.817873+00:00,200,23402.19,
2026-09-11T01:47:40.495772+00:00,200,53733.95,
2026-09-11T01:48:33.605953+00:00,200,627.90,
2026-09-11T01:48:28.340169+00:00,200,5903.32,
2026-09-11T01:48:07.120560+00:00,200,27171.20,
2026-09-11T01:48:04.826227+00:00,200,29472.65,
2026-09-11T01:48:24.434234+00:00,200,9864.31,
2026-09-11T01:48:13.737399+00:00,200,20574.23,
2026-09-11T01:47:23.170469+00:00,200,71157.62,
2026-09-11T01:48:00.966506+00:00,200,33379.84,
2026-09-11T01:47:26.739397+00:00,200,67617.91,
2026-09-11T01:48:19.432056+00:00,200,14931.59,
2026-09-11T01:48:33.164003+00:00,200,1221.20,
2026-09-11T01:48:30.262027+00:00,200,4128.50,
2026-09-11T01:48:13.750991+00:00,200,20640.88,
2026-09-11T01:47:44.623052+00:00,200,49773.01,
2026-09-11T01:48:24.388725+00:00,200,10012.61,
2026-09-11T01:48:26.050267+00:00,200,8360.50,
2026-09-11T01:47:48.851776+00:00,200,45566.17,
2026-09-11T01:48:28.649637+00:00,200,5781.59,
2026-09-11T01:48:22.422640+00:00,200,12031.20,
2026-09-11T01:48:18.740002+00:00,200,15708.21,
2026-09-11T01:48:16.678991+00:00,200,17777.66,
2026-09-11T01:48:25.819597+00:00,200,8651.44,
2026-09-11T01:48:33.764268+00:00,200,757.24,
2026-09-11T01:48:16.205545+00:00,200,18333.79,
2026-09-11T01:48:31.383033+00:00,200,3159.11,
2026-09-11T01:48:27.111996+00:00,200,7455.42,
2026-09-11T01:47:51.444842+00:00,200,43131.40,
2026-09-11T01:48:24.529734+00:00,200,10052.88,
2026-09-11T01:48:33.140110+00:00,200,1462.38,
2026-09-11T01:48:15.052936+00:00,200,19568.36,
2026-09-11T01:48:20.863144+00:00,200,13787.79,
2026-09-11T01:48:26.988646+00:00,200,7673.33,
2026-09-11T01:48:26.476753+00:00,200,8193.18,
2026-09-11T01:48:17.767370+00:00,200,16907.80,
2026-09-11T01:47:59.139389+00:00,200,35532.65,
2026-09-11T01:48:30.373746+00:00,200,4307.54,
2026-09-11T01:48:13.911624+00:00,200,20793.74,
2026-09-11T01:48:16.916713+00:00,200,17808.16,
2026-09-11T01:48:28.708194+00:00,200,6033.13,
2026-09-11T01:48:19.570511+00:00,200,15183.83,
2026-09-11T01:48:17.612504+00:00,200,17163.38,
2026-09-11T01:48:28.188196+00:00,200,6592.42,
2026-09-11T01:48:21.772008+00:00,200,13011.99,
2026-09-11T01:48:25.891786+00:00,200,8898.98,
2026-09-11T01:48:08.429292+00:00,200,26361.87,
2026-09-11T01:47:55.937763+00:00,200,38865.59,
2026-09-11T01:48:12.676422+00:00,200,22137.63,
2026-09-11T01:48:07.174102+00:00,200,27646.95,
2026-09-11T01:47:59.286337+00:00,200,35532.82,
2026-09-11T01:48:23.386915+00:00,200,11436.11,
2026-09-11T01:47:52.169267+00:00,200,42650.53,
2026-09-11T01:48:21.368669+00:00,200,13493.28,
2026-09-11T01:47:45.692448+00:00,200,49168.82,
2026-09-11T01:48:29.957105+00:00,200,4907.67,
2026-09-11T01:47:46.400754+00:00,200,48481.68,
2026-09-11T01:47:55.977004+00:00,200,38912.02,
2026-09-11T01:48:32.479524+00:00,200,2414.71,
2026-09-11T01:48:34.337929+00:00,200,565.17,
2026-09-11T01:48:25.031769+00:00,200,9882.06,
2026-09-11T01:47:42.103244+00:00,200,52826.95,
2026-09-11T01:48:04.274044+00:00,200,30659.01,
2026-09-11T01:48:27.872144+00:00,200,7112.00,
2026-09-11T01:48:34.609266+00:00,200,382.37,
2026-09-11T01:48:14.133797+00:00,200,20874.09,
2026-09-11T01:47:42.769058+00:00,200,52273.68,
2026-09-11T01:48:19.457210+00:00,200,15593.56,
2026-09-11T01:48:28.683656+00:00,200,6372.35,
2026-09-11T01:47:52.310132+00:00,200,42740.41,
2026-09-11T01:48:20.070737+00:00,200,15001.07,
2026-09-11T01:47:59.317098+00:00,200,35784.58,
2026-09-11T01:48:31.721816+00:00,200,3375.88,
2026-09-11T01:48:03.836593+00:00,200,31273.07,
2026-09-11T01:48:14.406185+00:00,200,20711.18,
2026-09-11T01:48:19.462942+00:00,200,15692.85,
2026-09-11T01:47:41.610928+00:00,200,53540.30,
2026-09-11T01:48:26.496416+00:00,200,8664.62,
2026-09-11T01:48:13.052986+00:00,200,22136.44,
2026-09-11T01:48:22.273209+00:00,200,12924.10,
2026-09-11T01:48:14.971348+00:00,200,20235.89,
2026-09-11T01:48:34.974191+00:00,200,235.54,
2026-09-11T01:47:59.103155+00:00,200,36125.61,
2026-09-11T01:48:06.134056+00:00,200,29103.11,
2026-09-11T01:48:07.344618+00:00,200,27891.55,
2026-09-11T01:48:24.816394+00:00,200,10418.95,
2026-09-11T01:47:53.166553+00:00,200,42080.68,
2026-09-11T01:48:35.047788+00:00,200,209.82,
2026-09-11T01:48:26.762731+00:00,200,8509.94,
2026-09-11T01:48:30.244066+00:00,200,5036.59,
2026-09-11T01:47:45.893030+00:00,200,49412.44,
2026-09-11T01:47:38.691878+00:00,200,56636.45,
2026-09-11T01:48:12.655363+00:00,200,22666.79,
2026-09-11T01:48:03.520766+00:00,200,31818.73,
2026-09-11T01:48:28.618970+00:00,200,6735.70,
2026-09-11T01:48:09.412658+00:00,200,25953.72,
2026-09-11T01:47:34.024641+00:00,200,61352.64,
2026-09-11T01:48:25.810232+00:00,200,9574.57,
2026-09-11T01:48:28.432960+00:00,200,6957.13,
2026-09-11T01:47:50.777484+00:00,200,44610.62,
2026-09-11T01:48:27.371680+00:00,200,8040.97,
2026-09-11T01:48:27.251494+00:00,200,8183.97,
2026-09-11T01:48:28.948641+00:00,200,6490.10,
2026-09-11T01:48:26.062330+00:00,200,9381.34,
2026-09-11T01:48:26.255779+00:00,200,9206.35,
2026-09-11T01:48:12.356726+00:00,200,23113.83,
2026-09-11T01:48:27.545029+00:00,200,7935.69,
2026-09-11T01:48:14.497495+00:00,200,20989.20,
2026-09-11T01:48:24.555231+00:00,200,10938.41,
2026-09-11T01:48:17.448633+00:00,200,18035.44,
2026-09-11T01:48:30.246063+00:00,200,5244.39,
2026-09-11T01:47:48.261536+00:00,200,47273.81,
2026-09-11T01:48:24.921074+00:00,200,10613.82,
2026-09-11T01:48:10.029203+00:00,200,25516.94,
2026-09-11T01:48:19.466144+00:00,200,16086.42,
2026-09-11T01:47:26.319103+00:00,200,69266.24,
2026-09-11T01:48:23.804261+00:00,200,11786.33,
2026-09-11T01:47:26.660017+00:00,200,68940.79,
2026-09-11T01:48:27.207417+00:00,200,8400.47,
2026-09-11T01:47:55.790334+00:00,200,39840.75,
2026-09-11T01:48:25.157880+00:00,200,10465.89,
2026-09-11T01:48:28.437634+00:00,200,7219.43,
2026-09-11T01:47:51.763999+00:00,200,43896.86,
2026-09-11T01:48:24.171015+00:00,200,11503.19,
2026-09-11T01:48:14.180875+00:00,200,21490.79,
2026-09-11T01:48:15.227750+00:00,200,20459.70,
2026-09-11T01:48:32.341729+00:00,200,3404.76,
2026-09-11T01:47:38.561443+00:00,200,57198.07,
2026-09-11T01:48:03.022836+00:00,200,32757.59,
2026-09-11T01:48:29.942158+00:00,200,5845.75,
2026-09-11T01:47:48.800105+00:00,200,46995.66,
2026-09-11T01:48:32.157284+00:00,200,3644.40,
2026-09-11T01:48:31.316371+00:00,200,4496.40,
2026-09-11T01:48:28.360050+00:00,200,7457.63,
2026-09-11T01:47:58.614742+00:00,200,37233.38,
2026-09-11T01:48:33.355176+00:00,200,2509.85,
2026-09-11T01:48:28.188196+00:00,200,7690.29,
2026-09-11T01:48:12.411574+00:00,200,23475.85,
2026-09-11T01:47:26.713211+00:00,200,69208.77,
2026-09-11T01:48:32.905276+00:00,200,3041.14,
2026-09-11T01:48:29.445672+00:00,200,6515.85,
2026-09-11T01:48:27.299325+00:00,200,8668.31,
2026-09-11T01:48:18.434369+00:00,200,17535.42,
2026-09-11T01:48:13.307261+00:00,200,22686.31,
2026-09-11T01:48:27.800933+00:00,200,8209.81,
2026-09-11T01:48:08.087184+00:00,200,27924.32,
2026-09-11T01:48:33.329295+00:00,200,2711.78,
2026-09-11T01:47:30.228342+00:00,200,65817.79,
2026-09-11T01:48:17.853885+00:00,200,18205.86,
2026-09-11T01:48:25.098978+00:00,200,10990.42,
2026-09-11T01:48:26.340993+00:00,200,9752.07,
2026-09-11T01:48:28.380424+00:00,200,7718.00,
2026-09-11T01:48:21.982145+00:00,200,14123.45,
2026-09-11T01:48:25.368267+00:00,200,10759.03,
2026-09-11T01:48:11.502883+00:00,200,24634.40,
2026-09-11T01:48:25.762248+00:00,200,10373.42,
2026-09-11T01:47:42.973796+00:00,200,53171.67,
2026-09-11T01:48:15.109416+00:00,200,21043.13,
2026-09-11T01:47:50.305580+00:00,200,45855.81,
2026-09-11T01:48:29.761493+00:00,200,6407.51,
2026-09-11T01:48:35.481852+00:00,200,723.31,
2026-09-11T01:48:26.366772+00:00,200,9838.21,
2026-09-11T01:48:33.345707+00:00,200,2892.94,
2026-09-11T01:48:25.575166+00:00,200,10668.03,
2026-09-11T01:48:18.008471+00:00,200,18277.02,
2026-09-11T01:48:07.748480+00:00,200,28538.83,
2026-09-11T01:48:28.550607+00:00,200,7741.70,
2026-09-11T01:48:28.614014+00:00,200,7682.20,
2026-09-11T01:48:33.042137+00:00,200,3267.24,
2026-09-11T01:48:20.365166+00:00,200,15951.79,
2026-09-11T01:48:21.844307+00:00,200,14474.79,
2026-09-11T01:48:33.779943+00:00,200,2536.76,
2026-09-11T01:48:23.048934+00:00,200,13278.20,
2026-09-11T01:48:31.481083+00:00,200,4845.74,
2026-09-11T01:48:18.723039+00:00,200,17606.36,
2026-09-11T01:48:31.157470+00:00,200,5182.16,
2026-09-11T01:48:15.442970+00:00,200,20902.96,
2026-09-11T01:48:15.483798+00:00,200,20876.52,
2026-09-11T01:48:09.850574+00:00,200,26522.41,
2026-09-11T01:48:17.961308+00:00,200,18445.43,
2026-09-11T01:48:10.721958+00:00,200,25686.90,
2026-09-11T01:48:12.084889+00:00,200,24341.24,
2026-09-11T01:48:21.132028+00:00,200,15315.01,
2026-09-11T01:48:12.049816+00:00,200,24401.48,
2026-09-11T01:48:25.891786+00:00,200,10559.75,
2026-09-11T01:48:07.077735+00:00,200,29383.60,
2026-09-11T01:48:35.854971+00:00,200,621.10,
2026-09-11T01:47:48.658968+00:00,200,47828.21,
2026-09-11T01:48:12.639880+00:00,200,23855.35,
2026-09-11T01:48:18.735991+00:00,200,17776.75,
2026-09-11T01:48:31.316371+00:00,200,5206.56,
2026-09-11T01:48:16.754167+00:00,200,19775.51,
2026-09-11T01:48:24.558297+00:00,200,11977.72,
2026-09-11T01:48:34.221650+00:00,200,2318.53,
2026-09-11T01:48:35.880306+00:00,200,673.02,
2026-09-11T01:48:25.476621+00:00,200,11107.33,
2026-09-11T01:48:22.902656+00:00,200,13708.69,
2026-09-11T01:48:34.535648+00:00,200,2101.27,
2026-09-11T01:47:40.536241+00:00,200,56109.95,
2026-09-11T01:48:32.922439+00:00,200,3740.31,
2026-09-11T01:48:11.266889+00:00,200,25403.68,
2026-09-11T01:48:34.180202+00:00,200,2510.39,
2026-09-11T01:47:48.619908+00:00,200,48082.17,
2026-09-11T01:47:25.951502+00:00,200,70776.36,
2026-09-11T01:47:49.964098+00:00,200,46769.92,
2026-09-11T01:48:35.051806+00:00,200,1684.42,
2026-09-11T01:48:27.204194+00:00,200,9531.41,
2026-09-11T01:48:01.016088+00:00,200,35729.69,
2026-09-11T01:48:17.878908+00:00,200,18879.44,
2026-09-11T01:48:34.659161+00:00,200,2113.37,
2026-09-11T01:48:20.606241+00:00,200,16185.31,
2026-09-11T01:48:24.633571+00:00,200,12186.50,
2026-09-11T01:48:20.046311+00:00,200,16775.21,
2026-09-11T01:48:34.086028+00:00,200,2747.85,
2026-09-11T01:48:36.640514+00:00,200,203.87,
2026-09-11T01:47:51.119182+00:00,200,45745.88,
2026-09-11T01:48:29.811097+00:00,200,7067.45,
2026-09-11T01:48:11.116154+00:00,200,25756.46,
2026-09-11T01:48:12.117468+00:00,200,24800.30,
2026-09-11T01:47:57.483699+00:00,200,39438.11,
2026-09-11T01:48:07.825550+00:00,200,29110.23,
2026-09-11T01:47:50.760798+00:00,200,46178.65,
2026-09-11T01:48:33.904144+00:00,200,3059.14,
2026-09-11T01:48:13.595232+00:00,200,23370.94,
2026-09-11T01:48:02.919822+00:00,200,34046.77,
2026-09-11T01:48:27.818127+00:00,200,9172.30,
2026-09-11T01:48:07.120560+00:00,200,29867.47,
2026-09-11T01:48:34.010778+00:00,200,2986.71,
2026-09-11T01:48:03.846563+00:00,200,33147.78,
2026-09-11T01:47:19.462576+00:00,200,77544.95,
2026-09-11T01:48:23.956023+00:00,200,13065.89,
2026-09-11T01:48:36.818857+00:00,200,205.83,
2026-09-11T01:48:20.291372+00:00,200,16741.97,
2026-09-11T01:48:10.693111+00:00,200,26344.96,
2026-09-11T01:48:33.304064+00:00,200,3729.49,
2026-09-11T01:48:35.947399+00:00,200,1110.33,
2026-09-11T01:48:34.577201+00:00,200,2482.70,
2026-09-11T01:48:11.290885+00:00,200,25776.33,
2026-09-11T01:48:36.866878+00:00,200,207.57,
2026-09-11T01:48:19.535304+00:00,200,17558.66,
2026-09-11T01:47:53.282590+00:00,200,43846.72,
2026-09-11T01:48:15.050938+00:00,200,22097.93,
2026-09-11T01:48:27.735976+00:00,200,9462.30,
2026-09-11T01:47:39.649366+00:00,200,57566.86,
2026-09-11T01:48:04.239146+00:00,200,32991.58,
2026-09-11T01:48:15.945365+00:00,200,21305.58,
2026-09-11T01:48:06.847892+00:00,200,30402.77,
2026-09-11T01:47:34.196858+00:00,200,63063.25,
2026-09-11T01:48:18.229818+00:00,200,19032.52,
2026-09-11T01:48:29.204950+00:00,200,8060.06,
2026-09-11T01:47:31.485091+00:00,200,65784.71,
2026-09-11T01:48:06.125436+00:00,200,31150.90,
2026-09-11T01:48:25.262726+00:00,200,12019.97,
2026-09-11T01:48:35.220954+00:00,200,2063.64,
2026-09-11T01:48:05.832369+00:00,200,31452.42,
2026-09-11T01:48:29.302237+00:00,200,7986.93,
2026-09-11T01:47:41.023230+00:00,200,56304.97,
2026-09-11T01:48:28.677993+00:00,200,8705.64,
2026-09-11T01:48:23.537854+00:00,200,13862.45,
2026-09-11T01:48:13.999425+00:00,200,23406.92,
2026-09-11T01:48:00.629692+00:00,200,36788.14,
2026-09-11T01:48:35.106498+00:00,200,2340.82,
2026-09-11T01:48:28.957593+00:00,200,8529.10,
2026-09-11T01:48:16.900873+00:00,200,20590.25,
2026-09-11T01:47:49.104391+00:00,200,48398.52,
2026-09-11T01:48:33.195139+00:00,200,4312.13,
2026-09-11T01:48:08.574081+00:00,200,28938.66,
2026-09-11T01:47:06.173916+00:00,200,91360.31,
2026-09-11T01:48:37.040770+00:00,200,514.37,
2026-09-11T01:48:27.323210+00:00,200,10239.01,
2026-09-11T01:48:24.279009+00:00,200,13291.71,
2026-09-11T01:48:24.068045+00:00,200,13516.66,
2026-09-11T01:48:20.232680+00:00,200,17369.64,
2026-09-11T01:48:23.191739+00:00,200,14439.15,
2026-09-11T01:48:28.338156+00:00,200,9300.06,
2026-09-11T01:48:34.385415+00:00,200,3257.40,
2026-09-11T01:48:24.865151+00:00,200,12798.90,
2026-09-11T01:48:12.577424+00:00,200,25084.20,
2026-09-11T01:48:27.802943+00:00,200,9879.36,
2026-09-11T01:48:27.171576+00:00,200,10514.57,
2026-09-11T01:48:26.128723+00:00,200,11554.00,
2026-09-11T01:48:29.369729+00:00,200,8314.53,
2026-09-11T01:48:10.465865+00:00,200,27227.09,
2026-09-11T01:48:03.241127+00:00,200,34453.85,
2026-09-11T01:48:22.961326+00:00,200,14746.27,
2026-09-11T01:48:22.269408+00:00,200,15448.99,
2026-09-11T01:48:24.590581+00:00,200,13133.82,
2026-09-11T01:47:28.664753+00:00,200,69062.25,
2026-09-11T01:48:27.962749+00:00,200,9775.22,
2026-09-11T01:48:00.287475+00:00,200,37452.91,
2026-09-11T01:48:01.241405+00:00,200,36530.41,
2026-09-11T01:47:58.032634+00:00,200,39745.11,
2026-09-11T01:48:33.240189+00:00,200,4541.96,
2026-09-11T01:48:27.636488+00:00,200,10155.19,
2026-09-11T01:48:36.098388+00:00,200,1699.53,
2026-09-11T01:48:19.331549+00:00,200,18476.24,
2026-09-11T01:48:32.977212+00:00,200,4834.24,
2026-09-11T01:48:12.909447+00:00,200,24908.52,
2026-09-11T01:48:05.831831+00:00,200,31999.88,
2026-09-11T01:48:09.284147+00:00,200,28562.34,
2026-09-11T01:48:24.112018+00:00,200,13751.66,
2026-09-11T01:48:11.340370+00:00,200,26531.57,
2026-09-11T01:48:23.779572+00:00,200,14104.86,
2026-09-11T01:48:29.091616+00:00,200,8838.27,
2026-09-11T01:48:02.438372+00:00,200,35503.95,
2026-09-11T01:48:33.401132+00:00,200,4548.37,
2026-09-11T01:48:35.338330+00:00,200,2616.45,
2026-09-11T01:48:35.674437+00:00,200,2291.02,
2026-09-11T01:48:30.985466+00:00,200,6993.49,
2026-09-11T01:48:28.482537+00:00,200,9518.86,
2026-09-11T01:48:07.787115+00:00,200,30213.22,
2026-09-11T01:47:46.060729+00:00,200,51942.01,
2026-09-11T01:48:02.778127+00:00,200,35262.76,
2026-09-11T01:48:08.249449+00:00,200,29816.68,
2026-09-11T01:48:31.574358+00:00,200,6499.76,
2026-09-11T01:48:07.377067+00:00,200,30721.19,
2026-09-11T01:48:14.211178+00:00,200,23892.47,
2026-09-11T01:48:03.321554+00:00,200,34790.67,
2026-09-11T01:48:37.024725+00:00,200,1105.16,
2026-09-11T01:47:58.230638+00:00,200,39920.57,
2026-09-11T01:48:32.655259+00:00,200,5523.27,
2026-09-11T01:48:32.696368+00:00,200,5493.10,
2026-09-11T01:47:23.676039+00:00,200,74518.90,
2026-09-11T01:48:31.649257+00:00,200,6549.61,
2026-09-11T01:48:37.470734+00:00,200,727.29,
2026-09-11T01:48:30.931152+00:00,200,7272.09,
2026-09-11T01:48:30.291568+00:00,200,7913.11,
2026-09-11T01:48:09.301512+00:00,200,28900.80,
2026-09-11T01:48:30.397992+00:00,200,7808.86,
2026-09-11T01:48:26.227251+00:00,200,11999.96,
2026-09-11T01:48:17.243205+00:00,200,20986.45,
2026-09-11T01:48:38.001131+00:00,200,230.30,
2026-09-11T01:48:25.510553+00:00,200,12730.16,
2026-09-11T01:47:11.007773+00:00,200,87240.95,
2026-09-11T01:47:17.443328+00:00,200,80811.06,
2026-09-11T01:48:35.597908+00:00,200,2660.11,
2026-09-11T01:48:37.851088+00:00,200,420.54,
2026-09-11T01:48:34.766838+00:00,200,3519.41,
2026-09-11T01:48:35.922148+00:00,200,2381.09,
2026-09-11T01:48:36.640514+00:00,200,1692.92,
2026-09-11T01:47:34.545407+00:00,200,63797.68,
2026-09-11T01:48:28.242656+00:00,200,10102.95,
2026-09-11T01:47:44.545968+00:00,200,53799.73,
2026-09-11T01:47:57.925735+00:00,200,40429.90,
2026-09-11T01:48:25.941290+00:00,200,12421.01,
2026-09-11T01:48:28.820173+00:00,200,9573.92,
2026-09-11T01:48:14.473588+00:00,200,23939.56,
2026-09-11T01:48:23.163885+00:00,200,15260.40,
2026-09-11T01:47:57.540968+00:00,200,40872.13,
2026-09-11T01:48:26.617521+00:00,200,11814.37,
2026-09-11T01:48:33.064129+00:00,200,5369.75,
2026-09-11T01:47:58.858429+00:00,200,39589.84,
2026-09-11T01:48:27.175332+00:00,200,11295.86,
2026-09-11T01:48:36.208083+00:00,200,2304.69,
2026-09-11T01:48:31.830726+00:00,200,6702.57,
2026-09-11T01:48:36.328339+00:00,200,2200.44,
2026-09-11T01:48:31.721816+00:00,200,6825.72,
2026-09-11T01:48:28.932645+00:00,200,9623.21,
2026-09-11T01:48:30.586292+00:00,200,7992.43,
2026-09-11T01:48:27.420969+00:00,200,11170.87,
2026-09-11T01:48:23.795884+00:00,200,14803.47,
2026-09-11T01:48:18.468118+00:00,200,20131.28,
2026-09-11T01:48:25.742243+00:00,200,12867.89,
2026-09-11T01:48:35.188078+00:00,200,3434.43,
2026-09-11T01:48:06.671093+00:00,200,31973.04,
2026-09-11T01:48:36.127501+00:00,200,2526.78,
2026-09-11T01:47:56.637271+00:00,200,42021.82,
2026-09-11T01:48:38.413527+00:00,200,253.05,
2026-09-11T01:47:44.181066+00:00,200,54492.39,
2026-09-11T01:48:05.705976+00:00,200,32983.39,
2026-09-11T01:48:32.264697+00:00,200,6429.55,
2026-09-11T01:48:09.561434+00:00,200,29153.45,
2026-09-11T01:48:29.662801+00:00,200,9067.06,
2026-09-11T01:48:19.620714+00:00,200,19124.51,
2026-09-11T01:47:46.993368+00:00,200,51767.63,
2026-09-11T01:48:27.740003+00:00,200,11026.52,
2026-09-11T01:48:18.301006+00:00,200,20474.88,
2026-09-11T01:48:21.081116+00:00,200,17703.30,
2026-09-11T01:48:28.804226+00:00,200,9974.72,
2026-09-11T01:48:09.003915+00:00,200,29796.86,
2026-09-11T01:48:32.727329+00:00,200,6076.86,
2026-09-11T01:48:28.360050+00:00,200,10479.36,
2026-09-11T01:48:27.062090+00:00,200,11791.86,
2026-09-11T01:48:31.896735+00:00,200,6982.42,
2026-09-11T01:48:25.983372+00:00,200,12946.80,
2026-09-11T01:48:18.303014+00:00,200,20626.72,
2026-09-11T01:48:27.323210+00:00,200,11615.22,
2026-09-11T01:48:36.241258+00:00,200,2703.45,
2026-09-11T01:48:19.801727+00:00,200,19177.03,
2026-09-11T01:48:26.034627+00:00,200,12968.84,
2026-09-11T01:47:23.965408+00:00,200,75056.70,
2026-09-11T01:48:33.487879+00:00,200,5538.05,
2026-09-11T01:47:48.978714+00:00,200,50055.58,
2026-09-11T01:48:30.849031+00:00,200,8207.17,
2026-09-11T01:48:30.303739+00:00,200,8774.80,
2026-09-11T01:48:24.070055+00:00,200,15010.94,
2026-09-11T01:48:29.228261+00:00,200,9866.27,
2026-09-11T01:48:07.271742+00:00,200,31855.39,
2026-09-11T01:47:34.825394+00:00,200,64323.86,
2026-09-11T01:48:21.842261+00:00,200,17320.11,
2026-09-11T01:47:57.493148+00:00,200,41670.56,
2026-09-11T01:48:34.474215+00:00,200,4705.89,
2026-09-11T01:48:10.047212+00:00,200,29132.56,
2026-09-11T01:48:05.213268+00:00,200,33994.61,
2026-09-11T01:48:35.997164+00:00,200,3210.38,
2026-09-11T01:48:18.277667+00:00,200,20933.83,
2026-09-11T01:47:05.550199+00:00,200,93666.14,
2026-09-11T01:48:16.339430+00:00,200,22893.94,
2026-09-11T01:48:36.013289+00:00,200,3244.54,
2026-09-11T01:48:27.896716+00:00,200,11368.14,
2026-09-11T01:47:45.259313+00:00,200,54025.06,
2026-09-11T01:48:26.445886+00:00,200,12851.11,
2026-09-11T01:48:35.456859+00:00,200,3844.29,
2026-09-11T01:48:36.317764+00:00,200,3014.30,
2026-09-11T01:48:37.631150+00:00,200,1717.37,
2026-09-11T01:48:37.580768+00:00,200,1767.99,
2026-09-11T01:47:47.299173+00:00,200,52054.11,
2026-09-11T01:47:52.782645+00:00,200,46577.95,
2026-09-11T01:48:13.323359+00:00,200,26041.57,
2026-09-11T01:48:12.198897+00:00,200,27176.54,
2026-09-11T01:47:43.509539+00:00,200,55866.20,
2026-09-11T01:48:22.585361+00:00,200,16801.84,
2026-09-11T01:48:37.063781+00:00,200,2328.89,
2026-09-11T01:47:52.217284+00:00,200,47195.46,
2026-09-11T01:48:06.709533+00:00,200,32777.04,
2026-09-11T01:48:36.735869+00:00,200,2779.16,
2026-09-11T01:47:53.473124+00:00,200,46049.82,
2026-09-11T01:48:27.241522+00:00,200,12294.01,
2026-09-11T01:48:35.109590+00:00,200,4431.63,
2026-09-11T01:47:58.174893+00:00,200,41374.57,
2026-09-11T01:48:39.332722+00:00,200,246.51,
2026-09-11T01:48:30.594061+00:00,200,8988.41,
2026-09-11T01:48:02.320446+00:00,200,37258.98,
2026-09-11T01:48:33.304064+00:00,200,6279.87,
2026-09-11T01:48:30.170522+00:00,200,9420.05,
2026-09-11T01:48:22.163466+00:00,200,17444.32,
2026-09-11T01:48:20.171613+00:00,200,19441.08,
2026-09-11T01:48:36.360229+00:00,200,3270.85,
2026-09-11T01:48:24.418588+00:00,200,15274.17,
2026-09-11T01:48:25.352514+00:00,200,14343.28,
2026-09-11T01:48:29.085110+00:00,200,10626.05,
2026-09-11T01:48:34.891001+00:00,200,4828.51,
2026-09-11T01:48:18.861410+00:00,200,20879.32,
2026-09-11T01:48:29.953085+00:00,200,9800.70,
2026-09-11T01:48:32.655259+00:00,200,7098.97,
2026-09-11T01:48:15.364159+00:00,200,24393.44,
2026-09-11T01:48:05.729249+00:00,200,34036.82,
2026-09-11T01:48:25.640077+00:00,200,14134.99,
2026-09-11T01:48:16.989191+00:00,200,22790.60,
2026-09-11T01:48:19.979465+00:00,200,19804.07,
2026-09-11T01:48:02.401119+00:00,200,37389.43,
2026-09-11T01:48:17.217291+00:00,200,22580.18,
2026-09-11T01:47:58.430423+00:00,200,41382.68,
2026-09-11T01:48:30.625743+00:00,200,9205.73,
2026-09-11T01:48:13.448962+00:00,200,26411.51,
2026-09-11T01:48:17.878908+00:00,200,21983.65,
2026-09-11T01:47:50.403367+00:00,200,49467.22,
2026-09-11T01:48:27.931806+00:00,200,11946.16,
2026-09-11T01:48:18.583665+00:00,200,21305.71,
2026-09-11T01:48:12.625509+00:00,200,27277.67,
2026-09-11T01:48:32.746750+00:00,200,7175.36,
2026-09-11T01:48:34.453173+00:00,200,5487.53,
2026-09-11T01:48:36.477316+00:00,200,3466.63,
2026-09-11T01:48:10.850806+00:00,200,29119.52,
2026-09-11T01:48:36.098388+00:00,200,3876.55,
2026-09-11T01:48:36.056115+00:00,200,3924.58,
2026-09-11T01:48:17.637209+00:00,200,22386.57,
2026-09-11T01:48:13.236565+00:00,200,26828.21,
2026-09-11T01:48:20.438203+00:00,200,19627.34,
2026-09-11T01:48:28.719084+00:00,200,11357.38,
2026-09-11T01:48:25.394228+00:00,200,14697.84,
2026-09-11T01:48:27.716184+00:00,200,12383.64,
2026-09-11T01:48:35.668603+00:00,200,4448.99,
2026-09-11T01:48:20.887414+00:00,200,19232.37,
2026-09-11T01:48:24.978270+00:00,200,15157.75,
2026-09-11T01:48:28.018144+00:00,200,12124.35,
2026-09-11T01:48:25.491791+00:00,200,14675.91,
2026-09-11T01:48:27.193423+00:00,200,12986.51,
2026-09-11T01:47:49.205919+00:00,200,50980.01,
2026-09-11T01:48:24.263875+00:00,200,15923.02,
2026-09-11T01:48:12.941275+00:00,200,27243.64,
2026-09-11T01:48:23.041164+00:00,200,17205.86,
2026-09-11T01:47:07.552105+00:00,200,92700.23,
2026-09-11T01:48:14.275762+00:00,200,25984.60,
2026-09-11T01:48:16.088129+00:00,200,24182.06,
2026-09-11T01:48:16.291080+00:00,200,24033.91,
2026-09-11T01:48:34.782881+00:00,200,5549.55,
2026-09-11T01:48:19.186324+00:00,200,21151.96,
2026-09-11T01:48:14.450821+00:00,200,25897.34,
2026-09-11T01:47:53.039577+00:00,200,47303.69,
2026-09-11T01:48:31.688703+00:00,200,8663.16,
2026-09-11T01:47:43.757373+00:00,200,56611.47,
2026-09-11T01:48:13.246680+00:00,200,27125.99,
2026-09-11T01:48:38.431207+00:00,200,1954.49,
2026-09-11T01:48:38.555529+00:00,200,1831.45,
2026-09-11T01:47:35.885513+00:00,200,64512.24,
2026-09-11T01:48:26.283777+00:00,200,14123.53,
2026-09-11T01:48:28.063227+00:00,200,12344.12,
2026-09-11T01:48:29.030833+00:00,200,11393.63,
2026-09-11T01:48:37.503555+00:00,200,2921.44,
2026-09-11T01:48:18.327409+00:00,200,22095.54,
2026-09-11T01:48:19.270953+00:00,200,21172.78,
2026-09-11T01:48:20.802430+00:00,200,19660.35,
2026-09-11T01:48:00.189262+00:00,200,40277.02,
2026-09-11T01:47:56.116492+00:00,200,44390.44,
2026-09-11T01:48:27.606711+00:00,200,12903.56,
2026-09-11T01:48:04.366202+00:00,200,36139.61,
2026-09-11T01:48:14.438446+00:00,200,26073.18,
2026-09-11T01:48:13.246680+00:00,200,27325.34,
2026-09-11T01:48:18.597749+00:00,200,22003.42,
2026-09-11T01:48:09.405264+00:00,200,31216.25,
2026-09-11T01:48:38.226379+00:00,200,2394.58,
2026-09-11T01:48:38.260602+00:00,200,2404.34,
2026-09-11T01:48:25.423708+00:00,200,15261.68,
2026-09-11T01:48:32.663988+00:00,200,8027.04,
2026-09-11T01:48:35.966642+00:00,200,4734.31,
2026-09-11T01:48:09.771110+00:00,200,30938.25,
2026-09-11T01:48:01.271397+00:00,200,39449.45,
2026-09-11T01:48:29.614089+00:00,200,11121.87,
2026-09-11T01:48:27.549043+00:00,200,13188.91,
2026-09-11T01:48:25.891786+00:00,200,14865.20,
2026-09-11T01:48:29.902882+00:00,200,10859.07,
2026-09-11T01:47:55.361604+00:00,200,45406.94,
2026-09-11T01:48:14.748015+00:00,200,26034.17,
2026-09-11T01:48:35.685186+00:00,200,5100.62,
2026-09-11T01:48:36.524875+00:00,200,4267.13,
2026-09-11T01:47:35.947259+00:00,200,64854.70,
2026-09-11T01:48:39.250295+00:00,200,1545.47,
2026-09-11T01:48:40.621833+00:00,200,206.27,
2026-09-11T01:48:37.727109+00:00,200,3094.37,
2026-09-11T01:48:25.189975+00:00,200,15664.90,
2026-09-11T01:48:25.842239+00:00,200,15027.61,
2026-09-11T01:48:05.059708+00:00,200,35856.19,
2026-09-11T01:48:35.005002+00:00,200,5929.71,
2026-09-11T01:48:38.169686+00:00,200,2764.63,
2026-09-11T01:48:24.077718+00:00,200,16936.75,
2026-09-11T01:48:40.502813+00:00,200,509.34,
2026-09-11T01:47:06.889919+00:00,200,94137.15,
2026-09-11T01:48:17.501598+00:00,200,23529.63,
2026-09-11T01:47:39.235434+00:00,200,61801.57,
2026-09-11T01:48:30.064099+00:00,200,10982.45,
2026-09-11T01:48:34.736050+00:00,200,6316.93,
2026-09-11T01:48:29.320267+00:00,200,11749.03,
2026-09-11T01:48:40.020610+00:00,200,1058.03,
2026-09-11T01:48:38.042142+00:00,200,3042.25,
2026-09-11T01:48:28.638559+00:00,200,12452.77,
2026-09-11T01:48:15.210331+00:00,200,25894.61,
2026-09-11T01:48:38.237965+00:00,200,2875.45,
2026-09-11T01:48:39.832370+00:00,200,1325.31,
2026-09-11T01:47:54.866674+00:00,200,46295.50,
2026-09-11T01:48:27.672105+00:00,200,13505.19,
2026-09-11T01:48:36.838113+00:00,200,4347.32,
2026-09-11T01:48:32.913533+00:00,200,8289.28,
2026-09-11T01:48:21.230397+00:00,200,19978.96,
2026-09-11T01:48:36.428807+00:00,200,4811.83,
2026-09-11T01:48:12.512739+00:00,200,28771.26,
2026-09-11T01:47:45.528451+00:00,200,55765.81,
2026-09-11T01:48:36.138383+00:00,200,5159.97,
2026-09-11T01:48:22.328780+00:00,200,18987.44,
2026-09-11T01:48:10.609452+00:00,200,30712.63,
2026-09-11T01:48:20.018068+00:00,200,21305.83,
2026-09-11T01:48:37.024725+00:00,200,4286.74,
2026-09-11T01:48:22.424640+00:00,200,18907.95,
2026-09-11T01:47:41.973847+00:00,200,59366.15,
2026-09-11T01:48:25.999796+00:00,200,15376.14,
2026-09-11T01:48:34.929317+00:00,200,6481.92,
2026-09-11T01:47:56.820776+00:00,200,44599.47,
2026-09-11T01:47:45.581602+00:00,200,55834.04,
2026-09-11T01:48:28.630089+00:00,200,12796.09,
2026-09-11T01:47:57.691466+00:00,200,43767.01,
2026-09-11T01:48:39.491995+00:00,200,1980.49,
2026-09-11T01:48:37.698079+00:00,200,3775.47,
2026-09-11T01:48:35.377743+00:00,200,6104.67,
2026-09-11T01:48:25.047531+00:00,200,16450.34,
2026-09-11T01:48:37.695062+00:00,200,3805.73,
2026-09-11T01:48:22.435994+00:00,200,19069.94,
2026-09-11T01:48:25.746290+00:00,200,15759.49,
2026-09-11T01:48:06.604336+00:00,200,34931.47,
2026-09-11T01:48:30.523924+00:00,200,11029.74,
2026-09-11T01:48:21.982145+00:00,200,19592.58,
2026-09-11T01:47:51.090415+00:00,200,50496.05,
2026-09-11T01:48:13.017499+00:00,200,28581.31,
2026-09-11T01:48:38.201836+00:00,200,3415.06,
2026-09-11T01:48:38.253509+00:00,200,3397.79,
2026-09-11T01:48:17.628907+00:00,200,24021.63,
2026-09-11T01:48:41.362767+00:00,200,284.97,
2026-09-11T01:48:38.610171+00:00,200,3076.95,
2026-09-11T01:48:20.341824+00:00,200,21373.60,
2026-09-11T01:48:39.615921+00:00,200,2107.51,
2026-09-11T01:48:16.345431+00:00,200,25385.88,
2026-09-11T01:48:22.086204+00:00,200,19666.16,
2026-09-11T01:48:29.543434+00:00,200,12202.97,
2026-09-11T01:48:13.891375+00:00,200,27869.56,
2026-09-11T01:48:36.264209+00:00,200,5529.30,
2026-09-11T01:48:24.595602+00:00,200,17211.66,
2026-09-11T01:48:21.584874+00:00,200,20226.85,
2026-09-11T01:48:11.420926+00:00,200,30391.26,
2026-09-11T01:48:22.125903+00:00,200,19691.25,
2026-09-11T01:48:23.368867+00:00,200,18456.66,
2026-09-11T01:48:30.309516+00:00,200,11548.88,
2026-09-11T01:48:23.554232+00:00,200,18302.04,
2026-09-11T01:48:39.711177+00:00,200,2186.77,
2026-09-11T01:47:59.198968+00:00,200,42704.50,
2026-09-11T01:48:04.748761+00:00,200,37195.29,
2026-09-11T01:48:23.144489+00:00,200,18799.04,
2026-09-11T01:48:06.604336+00:00,200,35354.80,
2026-09-11T01:48:23.887526+00:00,200,18074.81,
2026-09-11T01:48:11.675050+00:00,200,30294.64,
2026-09-11T01:48:04.318715+00:00,200,37653.37,
2026-09-11T01:48:37.057756+00:00,200,4923.25,
2026-09-11T01:48:19.810776+00:00,200,22181.46,
2026-09-11T01:48:26.199777+00:00,200,15833.01,
2026-09-11T01:47:50.130356+00:00,200,51925.53,
2026-09-11T01:48:36.874473+00:00,200,5179.57,
2026-09-11T01:48:33.510934+00:00,200,8540.60,
2026-09-11T01:48:21.788929+00:00,200,20272.93,
2026-09-11T01:48:19.123694+00:00,200,22951.12,
2026-09-11T01:48:27.621496+00:00,200,14486.69,
2026-09-11T01:48:27.500571+00:00,200,14610.99,
2026-09-11T01:48:34.417376+00:00,200,7713.56,
2026-09-11T01:48:36.613419+00:00,200,5527.18,
2026-09-11T01:47:49.797768+00:00,200,52339.36,
2026-09-11T01:48:22.545014+00:00,200,19626.29,
2026-09-11T01:48:20.522280+00:00,200,21663.29,
2026-09-11T01:47:57.483699+00:00,200,44716.71,
2026-09-11T01:48:34.018961+00:00,200,8227.54,
2026-09-11T01:47:56.663883+00:00,200,45591.83,
2026-09-11T01:48:34.236080+00:00,200,8035.87,
2026-09-11T01:48:29.793529+00:00,200,12481.44,
2026-09-11T01:48:08.054111+00:00,200,34229.90,
2026-09-11T01:48:17.855103+00:00,200,24440.11,
2026-09-11T01:48:11.704585+00:00,200,30589.70,
2026-09-11T01:48:05.576216+00:00,200,36783.13,
2026-09-11T01:48:20.438203+00:00,200,21916.61,
2026-09-11T01:48:39.346120+00:00,200,3025.28,
2026-09-11T01:47:52.569689+00:00,200,49824.84,
2026-09-11T01:48:08.214433+00:00,200,34181.24,
2026-09-11T01:48:27.333947+00:00,200,15064.77,
2026-09-11T01:48:40.075637+00:00,200,2326.49,
2026-09-11T01:48:32.963090+00:00,200,9444.99,
2026-09-11T01:48:41.029660+00:00,200,1381.90,
2026-09-11T01:48:11.879016+00:00,200,30544.57,
2026-09-11T01:48:18.436400+00:00,200,24009.23,
2026-09-11T01:48:16.175504+00:00,200,26281.45,
2026-09-11T01:48:34.385415+00:00,200,8068.72,
2026-09-11T01:47:55.694841+00:00,200,46776.86,
2026-09-11T01:48:42.258265+00:00,200,215.40,
2026-09-11T01:48:40.092724+00:00,200,2399.42,
2026-09-11T01:48:29.957105+00:00,200,12541.90,
2026-09-11T01:48:15.945874+00:00,200,26570.02,
2026-09-11T01:48:05.409511+00:00,200,37133.84,
2026-09-11T01:48:29.445672+00:00,200,13096.01,
2026-09-11T01:48:10.148435+00:00,200,32406.88,
2026-09-11T01:48:07.080777+00:00,200,35505.50,
2026-09-11T01:47:21.151043+00:00,200,81452.12,
2026-09-11T01:48:40.760068+00:00,200,1836.39,
2026-09-11T01:48:36.771786+00:00,200,5833.83,
2026-09-11T01:48:42.356488+00:00,200,253.72,
2026-09-11T01:48:15.910262+00:00,200,26734.73,
2026-09-11T01:48:33.522427+00:00,200,9130.97,
2026-09-11T01:47:30.000706+00:00,200,72658.05,
2026-09-11T01:48:39.759102+00:00,200,2899.46,
2026-09-11T01:48:19.647640+00:00,200,23053.75,
2026-09-11T01:48:26.496416+00:00,200,16202.03,
2026-09-11T01:47:49.718807+00:00,200,53021.43,
2026-09-11T01:48:13.190839+00:00,200,29566.88,
2026-09-11T01:47:12.935721+00:00,200,89828.58,
2026-09-11T01:48:05.825935+00:00,200,36963.82,
2026-09-11T01:48:34.602549+00:00,200,8203.14,
2026-09-11T01:48:06.851409+00:00,200,35948.65,
2026-09-11T01:48:23.665943+00:00,200,19156.19,
2026-09-11T01:48:25.446064+00:00,200,17389.76,
2026-09-11T01:47:55.669777+00:00,200,47204.22,
2026-09-11T01:48:24.516151+00:00,200,18356.90,
2026-09-11T01:48:21.776008+00:00,200,21111.10,
2026-09-11T01:48:42.657578+00:00,200,234.81,
2026-09-11T01:48:42.644981+00:00,200,268.87,
2026-09-11T01:48:22.935339+00:00,200,19996.55,
2026-09-11T01:48:37.771753+00:00,200,5163.07,
2026-09-11T01:47:57.525201+00:00,200,45415.68,
2026-09-11T01:47:11.598423+00:00,200,91347.85,
2026-09-11T01:48:14.384842+00:00,200,28561.91,
2026-09-11T01:48:26.487848+00:00,200,16470.01,
2026-09-11T01:48:33.779943+00:00,200,9186.79,
2026-09-11T01:48:19.272961+00:00,200,23696.26,
2026-09-11T01:48:29.445672+00:00,200,13533.42,
2026-09-11T01:48:05.332635+00:00,200,37638.92,
2026-09-11T01:48:12.786017+00:00,200,30214.92,
2026-09-11T01:48:30.755234+00:00,200,12240.55,
2026-09-11T01:48:11.084468+00:00,200,31959.28,
2026-09-11T01:48:40.824057+00:00,200,2231.76,
2026-09-11T01:48:25.523724+00:00,200,17551.48,
2026-09-11T01:48:11.813809+00:00,200,31273.75,
2026-09-11T01:48:09.182452+00:00,200,33907.55,
2026-09-11T01:48:42.796377+00:00,200,288.86,
2026-09-11T01:48:37.400945+00:00,200,5691.63,
2026-09-11T01:48:27.031598+00:00,200,16092.61,
2026-09-11T01:48:39.870151+00:00,200,3248.11,
2026-09-11T01:47:57.715979+00:00,200,45418.81,
2026-09-11T01:48:11.923630+00:00,200,31214.50,
2026-09-11T01:48:30.546428+00:00,200,12618.79,
2026-09-11T01:48:12.750388+00:00,200,30421.61,
2026-09-11T01:47:37.935090+00:00,200,65239.59,
2026-09-11T01:48:20.921779+00:00,200,22262.00,
2026-09-11T01:48:25.984372+00:00,200,17208.31,
2026-09-11T01:47:53.982122+00:00,200,49213.18,
2026-09-11T01:48:25.016802+00:00,200,18225.10,
2026-09-11T01:48:19.888565+00:00,200,23354.69,
2026-09-11T01:48:18.204136+00:00,200,25060.12,
2026-09-11T01:48:26.003075+00:00,200,17262.94,
2026-09-11T01:48:29.682519+00:00,200,13603.26,
2026-09-11T01:48:17.120696+00:00,200,26186.31,
2026-09-11T01:48:41.175044+00:00,200,2156.85,
2026-09-11T01:48:42.384060+00:00,200,945.96,
2026-09-11T01:48:35.253675+00:00,200,8091.39,
2026-09-11T01:48:32.763553+00:00,200,10602.73,
2026-09-11T01:48:03.664037+00:00,200,39706.55,
2026-09-11T01:48:41.506235+00:00,200,1869.49,
2026-09-11T01:48:37.170134+00:00,200,6213.03,
2026-09-11T01:47:49.968177+00:00,200,53422.62,
2026-09-11T01:48:12.979488+00:00,200,30414.25,
2026-09-11T01:48:27.072208+00:00,200,16330.45,
2026-09-11T01:48:17.149230+00:00,200,26258.95,
2026-09-11T01:48:43.160274+00:00,200,249.47,
2026-09-11T01:48:20.760456+00:00,200,22688.61,
2026-09-11T01:48:07.937135+00:00,200,35510.92,
2026-09-11T01:48:21.966348+00:00,200,21492.35,
2026-09-11T01:48:16.298356+00:00,200,27169.72,
2026-09-11T01:48:18.650212+00:00,200,24816.36,
2026-09-11T01:47:55.942835+00:00,200,47532.93,
2026-09-11T01:48:21.103430+00:00,200,22393.90,
2026-09-11T01:48:22.923128+00:00,200,20584.66,
2026-09-11T01:48:18.388653+00:00,200,25153.69,
2026-09-11T01:47:04.778273+00:00,200,98771.28,
2026-09-11T01:48:37.268034+00:00,200,6291.47,
2026-09-11T01:47:36.521828+00:00,200,67070.81,
2026-09-11T01:48:33.896647+00:00,200,9726.52,
2026-09-11T01:48:21.918716+00:00,200,21702.96,
2026-09-11T01:48:24.564329+00:00,200,19063.42,
2026-09-11T01:48:36.961438+00:00,200,6684.60,
2026-09-11T01:48:24.782463+00:00,200,18866.52,
2026-09-11T01:48:42.201489+00:00,200,1455.94,
2026-09-11T01:48:38.343614+00:00,200,5328.43,
2026-09-11T01:48:37.952502+00:00,200,5749.96,
2026-09-11T01:48:18.946141+00:00,200,24751.97,
2026-09-11T01:48:16.114855+00:00,200,27597.31,
2026-09-11T01:48:22.216760+00:00,200,21505.33,
2026-09-11T01:48:40.792174+00:00,200,2939.77,
2026-09-11T01:48:15.112931+00:00,200,28629.03,
2026-09-11T01:48:02.367180+00:00,200,41376.07,
2026-09-11T01:48:25.941290+00:00,200,17813.01,
2026-09-11T01:48:25.555625+00:00,200,18224.26,
2026-09-11T01:48:40.343933+00:00,200,3449.81,
2026-09-11T01:48:38.655051+00:00,200,5141.30,
2026-09-11T01:48:26.704381+00:00,200,17111.82,
2026-09-11T01:48:32.448054+00:00,200,11385.95,
2026-09-11T01:48:40.904228+00:00,200,2933.30,
2026-09-11T01:48:36.737386+00:00,200,7162.69,
2026-09-11T01:47:48.732339+00:00,200,55174.54,
2026-09-11T01:48:00.546386+00:00,200,43372.26,
2026-09-11T01:48:14.705363+00:00,200,29231.41,
2026-09-11T01:48:29.445672+00:00,200,14508.13,
2026-09-11T01:48:17.699156+00:00,200,26264.00,
2026-09-11T01:48:31.231223+00:00,200,12735.75,
2026-09-11T01:48:43.747705+00:00,200,220.79,
2026-09-11T01:48:12.103547+00:00,200,31875.81,
2026-09-11T01:48:35.197170+00:00,200,8796.39,
2026-09-11T01:48:25.571421+00:00,200,18420.91,
2026-09-11T01:48:19.246125+00:00,200,24757.90,
2026-09-11T01:48:31.649257+00:00,200,12382.04,
2026-09-11T01:48:34.766838+00:00,200,9265.08,
2026-09-11T01:48:32.605291+00:00,200,11469.05,
2026-09-11T01:48:22.839967+00:00,200,21239.55,
2026-09-11T01:47:29.384923+00:00,200,74693.48,
2026-09-11T01:48:38.849134+00:00,200,5237.22,
2026-09-11T01:48:32.264697+00:00,200,11831.43,
2026-09-11T01:48:37.198216+00:00,200,6938.19,
2026-09-11T01:47:50.923458+00:00,200,53221.21,
2026-09-11T01:48:19.598372+00:00,200,24538.98,
2026-09-11T01:48:21.934501+00:00,200,22249.30,
2026-09-11T01:48:31.956631+00:00,200,12252.60,
2026-09-11T01:48:17.007634+00:00,200,27197.12,
2026-09-11T01:48:42.277605+00:00,200,1939.42,
2026-09-11T01:48:13.471058+00:00,200,30747.63,
2026-09-11T01:48:12.230262+00:00,200,31999.16,
2026-09-11T01:48:20.645717+00:00,200,23590.99,
2026-09-11T01:48:25.305605+00:00,200,18934.08,
2026-09-11T01:47:57.905558+00:00,200,46326.23,
2026-09-11T01:48:23.304154+00:00,200,20938.98,
2026-09-11T01:48:38.653198+00:00,200,5616.40,
2026-09-11T01:48:36.557379+00:00,200,7715.15,
2026-09-11T01:47:53.394274+00:00,200,50892.98,
2026-09-11T01:48:24.402750+00:00,200,19891.51,
2026-09-11T01:48:20.316267+00:00,200,23996.06,
2026-09-11T01:48:13.473067+00:00,200,30851.76,
2026-09-11T01:48:26.654755+00:00,200,17696.44,
2026-09-11T01:48:26.492537+00:00,200,17886.37,
2026-09-11T01:48:23.144489+00:00,200,21236.76,
2026-09-11T01:48:20.845766+00:00,200,23551.58,
2026-09-11T01:47:55.090227+00:00,200,49329.88,
2026-09-11T01:48:33.240189+00:00,200,11217.53,
2026-09-11T01:48:32.423879+00:00,200,12062.24,
2026-09-11T01:48:03.804160+00:00,200,40683.26,
2026-09-11T01:48:28.689427+00:00,200,15803.49,
2026-09-11T01:47:24.848051+00:00,200,79660.27,
2026-09-11T01:47:45.791124+00:00,200,58735.17,
2026-09-11T01:48:27.455604+00:00,200,17072.49,
2026-09-11T01:48:19.771050+00:00,200,24754.54,
2026-09-11T01:48:38.226379+00:00,200,6319.64,
2026-09-11T01:48:25.189975+00:00,200,19352.97,
2026-09-11T01:48:26.717518+00:00,200,17853.39,
2026-09-11T01:48:16.399530+00:00,200,28179.44,
2026-09-11T01:48:36.555369+00:00,200,8047.48,
2026-09-11T01:47:48.062531+00:00,200,56546.98,
2026-09-11T01:48:33.979897+00:00,200,10642.82,
2026-09-11T01:48:17.276171+00:00,200,27368.14,
2026-09-11T01:47:56.639282+00:00,200,48007.30,
2026-09-11T01:48:17.496599+00:00,200,27169.77,
2026-09-11T01:48:42.907250+00:00,200,1754.10,
2026-09-11T01:48:36.344308+00:00,200,8322.81,
2026-09-11T01:47:29.539472+00:00,200,75130.19,
2026-09-11T01:48:19.634256+00:00,200,25044.67,
2026-09-11T01:48:07.895465+00:00,200,36854.04,
2026-09-11T01:48:39.159169+00:00,200,5593.21,
2026-09-11T01:48:37.660185+00:00,200,7091.23,
2026-09-11T01:48:35.871412+00:00,200,8890.62,
2026-09-11T01:48:07.023574+00:00,200,37743.49,
2026-09-11T01:48:14.671307+00:00,200,30104.75,
2026-09-11T01:48:33.233483+00:00,200,11563.41,
2026-09-11T01:48:23.450562+00:00,200,21364.85,
2026-09-11T01:48:38.201836+00:00,200,6632.12,
2026-09-11T01:48:18.102676+00:00,200,26736.96,
2026-09-11T01:47:59.069397+00:00,200,45780.21,
2026-09-11T01:48:09.040610+00:00,200,35860.72,
2026-09-11T01:48:28.971582+00:00,200,15941.33,
2026-09-11T01:48:17.300614+00:00,200,27637.73,
2026-09-11T01:47:58.198616+00:00,200,46751.04,
2026-09-11T01:48:09.984437+00:00,200,34974.59,
2026-09-11T01:48:22.303209+00:00,200,22662.12,
2026-09-11T01:48:27.223970+00:00,200,17762.63,
2026-09-11T01:48:32.390340+00:00,200,12603.68,
2026-09-11T01:47:30.333206+00:00,200,74668.77,
2026-09-11T01:48:18.476086+00:00,200,26545.02,
2026-09-11T01:48:33.622293+00:00,200,11397.18,
2026-09-11T01:48:41.956276+00:00,200,3088.99,
2026-09-11T01:48:30.546428+00:00,200,14556.69,
2026-09-11T01:48:38.001131+00:00,200,7115.69,
2026-09-11T01:48:23.532807+00:00,200,21596.09,
2026-09-11T01:48:32.316790+00:00,200,12831.33,
2026-09-11T01:48:42.971723+00:00,200,2176.59,
2026-09-11T01:48:36.324794+00:00,200,8839.46,
2026-09-11T01:48:36.866878+00:00,200,8321.74,
2026-09-11T01:48:05.448619+00:00,200,39741.38,
2026-09-11T01:48:00.724481+00:00,200,44474.15,
2026-09-11T01:47:58.856922+00:00,200,46347.72,
2026-09-11T01:48:22.285306+00:00,200,22947.97,
2026-09-11T01:48:42.551664+00:00,200,2701.77,
2026-09-11T01:48:35.386364+00:00,200,9869.75,
2026-09-11T01:48:38.973302+00:00,200,6295.70,
2026-09-11T01:48:20.125105+00:00,200,25154.69,
2026-09-11T01:47:53.727649+00:00,200,51551.41,
2026-09-11T01:48:31.446819+00:00,200,13868.49,
2026-09-11T01:48:13.828444+00:00,200,31501.12,
2026-09-11T01:48:06.213491+00:00,200,39127.99,
2026-09-11T01:48:14.212734+00:00,200,31135.46,
2026-09-11T01:48:37.000368+00:00,200,8361.38,
2026-09-11T01:48:34.302119+00:00,200,11067.42,
2026-09-11T01:48:43.195941+00:00,200,2176.40,
2026-09-11T01:48:39.600087+00:00,200,5769.43,
2026-09-11T01:47:58.942720+00:00,200,46459.68,
2026-09-11T01:48:40.179037+00:00,200,5293.45,
2026-09-11T01:48:17.420625+00:00,200,28048.90,
2026-09-11T01:48:09.593417+00:00,200,35894.00,
2026-09-11T01:48:22.891120+00:00,200,22625.04,
2026-09-11T01:48:37.612642+00:00,200,7898.70,
2026-09-11T01:47:27.843169+00:00,200,77676.64,
2026-09-11T01:48:44.663644+00:00,200,872.00,
2026-09-11T01:48:02.969902+00:00,200,42570.37,
2026-09-11T01:48:32.149417+00:00,200,13404.54,
2026-09-11T01:48:41.972310+00:00,200,3587.58,
2026-09-11T01:47:59.432616+00:00,200,46157.15,
2026-09-11T01:48:28.171542+00:00,200,17423.66,
2026-09-11T01:48:13.294373+00:00,200,32317.71,
2026-09-11T01:48:41.964588+00:00,200,3645.17,
2026-09-11T01:48:33.979897+00:00,200,11647.52,
2026-09-11T01:48:22.136879+00:00,200,23499.68,
2026-09-11T01:48:21.950370+00:00,200,23682.08,
2026-09-11T01:48:40.776598+00:00,200,4874.97,
2026-09-11T01:48:22.937340+00:00,200,22723.43,
2026-09-11T01:48:24.957382+00:00,200,20714.08,
2026-09-11T01:47:55.370821+00:00,200,50313.15,
2026-09-11T01:48:43.340544+00:00,200,2362.83,
2026-09-11T01:48:41.763747+00:00,200,3944.24,
2026-09-11T01:48:40.171138+00:00,200,5549.13,
2026-09-11T01:48:07.662157+00:00,200,38068.14,
2026-09-11T01:48:24.145009+00:00,200,21608.48,
2026-09-11T01:48:43.265239+00:00,200,2506.37,
2026-09-11T01:48:25.858237+00:00,200,19923.74,
2026-09-11T01:47:56.749077+00:00,200,49045.80,
2026-09-11T01:48:19.872779+00:00,200,25924.59,
2026-09-11T01:48:39.127628+00:00,200,6687.07,
2026-09-11T01:48:25.874864+00:00,200,19941.16,
2026-09-11T01:47:42.981123+00:00,200,62844.64,
2026-09-11T01:48:21.815170+00:00,200,24016.18,
2026-09-11T01:48:12.097513+00:00,200,33740.54,
2026-09-11T01:48:33.994405+00:00,200,11858.42,
2026-09-11T01:48:29.341624+00:00,200,16523.80,
2026-09-11T01:48:25.205838+00:00,200,20664.42,
2026-09-11T01:48:22.820682+00:00,200,23063.76,
2026-09-11T01:48:42.031401+00:00,200,3926.15,
2026-09-11T01:48:17.267497+00:00,200,28718.89,
2026-09-11T01:48:27.618338+00:00,200,18412.69,
2026-09-11T01:48:31.798466+00:00,200,14244.56,
2026-09-11T01:48:31.905234+00:00,200,14152.83,
2026-09-11T01:47:56.911184+00:00,200,49149.75,
2026-09-11T01:48:29.445672+00:00,200,16624.88,
2026-09-11T01:48:30.742382+00:00,200,15343.59,
2026-09-11T01:48:13.347091+00:00,200,32737.42,
2026-09-11T01:48:41.204867+00:00,200,4892.87,
2026-09-11T01:48:25.987726+00:00,200,20115.64,
2026-09-11T01:48:15.129195+00:00,200,30988.79,
2026-09-11T01:48:12.413082+00:00,200,33715.21,
2026-09-11T01:47:51.731697+00:00,200,54408.20,
2026-09-11T01:47:55.356822+00:00,200,50795.25,
2026-09-11T01:48:03.171502+00:00,200,42984.51,
2026-09-11T01:48:41.481525+00:00,200,4681.96,
2026-09-11T01:48:10.910870+00:00,200,35250.58,
2026-09-11T01:48:10.886438+00:00,200,35298.20,
2026-09-11T01:48:33.764268+00:00,200,12425.41,
2026-09-11T01:48:32.485046+00:00,200,13709.03,
2026-09-11T01:48:31.446819+00:00,200,14763.38,
2026-09-11T01:48:41.410091+00:00,200,4815.55,
2026-09-11T01:47:59.629564+00:00,200,46640.29,
2026-09-11T01:48:26.729885+00:00,200,19541.98,
2026-09-11T01:48:46.032371+00:00,200,240.64,
2026-09-11T01:48:38.763823+00:00,200,7523.85,
2026-09-11T01:47:59.461287+00:00,200,46845.81,
2026-09-11T01:47:40.723677+00:00,200,65590.71,
2026-09-11T01:48:32.094085+00:00,200,14240.31,
2026-09-11T01:48:36.838113+00:00,200,9493.71,
2026-09-11T01:48:16.734654+00:00,200,29615.61,
2026-09-11T01:48:17.640800+00:00,200,28742.39,
2026-09-11T01:48:43.959446+00:00,200,2431.32,
2026-09-11T01:47:52.928297+00:00,200,53467.67,
2026-09-11T01:48:43.382482+00:00,200,3039.44,
2026-09-11T01:48:45.369207+00:00,200,1092.28,
2026-09-11T01:48:31.602541+00:00,200,14862.58,
2026-09-11T01:47:52.032556+00:00,200,54459.10,
2026-09-11T01:47:53.765251+00:00,200,52749.87,
2026-09-11T01:48:19.812781+00:00,200,26716.91,
2026-09-11T01:48:23.962543+00:00,200,22606.56,
2026-09-11T01:48:31.305180+00:00,200,15271.95,
2026-09-11T01:48:36.818857+00:00,200,9767.27,
2026-09-11T01:48:37.724014+00:00,200,8872.35,
2026-09-11T01:48:34.531518+00:00,200,12075.82,
2026-09-11T01:48:31.141315+00:00,200,15468.96,
2026-09-11T01:48:09.425049+00:00,200,37207.43,
2026-09-11T01:48:41.426105+00:00,200,5206.95,
2026-09-11T01:47:46.123988+00:00,200,60528.82,
2026-09-11T01:48:44.449200+00:00,200,2212.32,
2026-09-11T01:48:39.377752+00:00,200,7280.96,
2026-09-11T01:48:35.905371+00:00,200,10776.78,
2026-09-11T01:47:45.718157+00:00,200,60962.45,
2026-09-11T01:48:20.664989+00:00,200,26032.47,
2026-09-11T01:48:33.448025+00:00,200,13252.27,
2026-09-11T01:48:27.663224+00:00,200,19047.86,
2026-09-11T01:48:36.439837+00:00,200,10266.04,
2026-09-11T01:48:36.043815+00:00,200,10683.74,
2026-09-11T01:48:40.792174+00:00,200,5927.36,
2026-09-11T01:48:44.208879+00:00,200,2560.50,
2026-09-11T01:48:26.352907+00:00,200,20424.26,
2026-09-11T01:48:18.847408+00:00,200,27944.49,
2026-09-11T01:48:21.950370+00:00,200,24841.03,
2026-09-11T01:48:21.200157+00:00,200,25610.43,
2026-09-11T01:48:26.946105+00:00,200,19880.00,
2026-09-11T01:48:42.497570+00:00,200,4356.90,
2026-09-11T01:48:39.810624+00:00,200,7049.37,
2026-09-11T01:48:20.525097+00:00,200,26341.43,
2026-09-11T01:48:11.116154+00:00,200,35762.35,
2026-09-11T01:48:25.906228+00:00,200,20979.43,
2026-09-11T01:48:32.336064+00:00,200,14585.63,
2026-09-11T01:48:43.732037+00:00,200,3203.49,
2026-09-11T01:47:34.825394+00:00,200,72121.53,
2026-09-11T01:48:23.787905+00:00,200,23167.63,
2026-09-11T01:48:16.784953+00:00,200,30174.59,
2026-09-11T01:48:36.201491+00:00,200,10760.11,
2026-09-11T01:48:13.453318+00:00,200,33524.16,
2026-09-11T01:48:34.936139+00:00,200,12048.16,
2026-09-11T01:48:41.956276+00:00,200,5026.52,
2026-09-11T01:48:01.113001+00:00,200,45874.82,
2026-09-11T01:48:36.439837+00:00,200,10542.31,
2026-09-11T01:48:43.540867+00:00,200,3492.97,
2026-09-11T01:48:43.394941+00:00,200,3654.87,
2026-09-11T01:48:00.694705+00:00,200,46360.64,
2026-09-11T01:48:39.593419+00:00,200,7465.00,
2026-09-11T01:48:06.069939+00:00,200,40989.32,
2026-09-11T01:47:56.326625+00:00,200,50742.37,
2026-09-11T01:48:37.273557+00:00,200,9837.68,
2026-09-11T01:47:36.325845+00:00,200,70824.41,
2026-09-11T01:48:28.527140+00:00,200,18626.64,
2026-09-11T01:48:21.887584+00:00,200,25287.05,
2026-09-11T01:48:25.374856+00:00,200,21805.03,
2026-09-11T01:48:15.774787+00:00,200,31396.02,
2026-09-11T01:48:33.994405+00:00,200,13192.71,
2026-09-11T01:48:02.781207+00:00,200,44416.05,
2026-09-11T01:48:40.871768+00:00,200,6364.57,
2026-09-11T01:48:42.073709+00:00,200,5190.03,
2026-09-11T01:48:36.945760+00:00,200,10325.99,
2026-09-11T01:48:41.713841+00:00,200,5597.98,
2026-09-11T01:47:42.949113+00:00,200,64387.46,
2026-09-11T01:48:42.796377+00:00,200,4532.94,
2026-09-11T01:48:20.838356+00:00,200,26506.92,
2026-09-11T01:48:12.768853+00:00,200,34579.84,
2026-09-11T01:48:47.105716+00:00,200,247.98,
2026-09-11T01:48:35.988188+00:00,200,11369.75,
2026-09-11T01:48:30.088973+00:00,200,17275.34,
2026-09-11T01:47:57.573037+00:00,200,49798.42,
2026-09-11T01:48:23.450562+00:00,200,23924.07,
2026-09-11T01:48:44.208879+00:00,200,3175.01,
2026-09-11T01:48:47.149929+00:00,200,239.83,
2026-09-11T01:47:59.756341+00:00,200,47633.49,
2026-09-11T01:48:23.921437+00:00,200,23472.13,
2026-09-11T01:47:55.257607+00:00,200,52149.58,
2026-09-11T01:47:51.388241+00:00,200,56020.51,
2026-09-11T01:47:49.597399+00:00,200,57808.59,
2026-09-11T01:48:32.738720+00:00,200,14675.66,
2026-09-11T01:48:26.506953+00:00,200,20935.51,
2026-09-11T01:48:33.859958+00:00,200,13586.53,
2026-09-11T01:47:53.404813+00:00,200,54074.61,
2026-09-11T01:48:13.518965+00:00,200,33962.26,
2026-09-11T01:48:28.852158+00:00,200,18642.28,
2026-09-11T01:48:03.763832+00:00,200,43749.60,
2026-09-11T01:48:44.923725+00:00,200,2601.66,
2026-09-11T01:48:05.691533+00:00,200,41836.31,
2026-09-11T01:48:39.072397+00:00,200,8454.38,
2026-09-11T01:48:38.551706+00:00,200,9004.38,
2026-09-11T01:47:59.387052+00:00,200,48196.94,
2026-09-11T01:48:21.265792+00:00,200,26342.25,
2026-09-11T01:48:22.692617+00:00,200,24928.42,
2026-09-11T01:48:44.238634+00:00,200,3412.02,
2026-09-11T01:47:15.586301+00:00,200,92067.34,
2026-09-11T01:48:18.771782+00:00,200,28894.13,
2026-09-11T01:48:33.510934+00:00,200,14159.96,
2026-09-11T01:48:16.041861+00:00,200,31638.31,
2026-09-11T01:48:46.274952+00:00,200,1398.94,
2026-09-11T01:48:42.400047+00:00,200,5309.86,
2026-09-11T01:48:42.296554+00:00,200,5425.25,
2026-09-11T01:48:29.866926+00:00,200,17879.65,
2026-09-11T01:48:41.495118+00:00,200,6252.34,
2026-09-11T01:48:46.773206+00:00,200,979.90,
2026-09-11T01:48:44.663644+00:00,200,3106.82,
2026-09-11T01:48:40.414891+00:00,200,7385.80,
2026-09-11T01:48:32.655259+00:00,200,15144.70,
2026-09-11T01:48:41.473591+00:00,200,6364.63,
2026-09-11T01:48:24.727286+00:00,200,23115.93,
2026-09-11T01:47:47.564009+00:00,200,60294.18,
2026-09-11T01:48:47.582766+00:00,200,277.40,
2026-09-11T01:48:43.192003+00:00,200,4677.36,
2026-09-11T01:48:33.929036+00:00,200,13944.14,
2026-09-11T01:48:27.279457+00:00,200,20594.22,
2026-09-11T01:48:27.921657+00:00,200,19959.24,
2026-09-11T01:48:28.593697+00:00,200,19290.37,
2026-09-11T01:48:30.356503+00:00,200,17524.12,
2026-09-11T01:48:40.238682+00:00,200,7694.70,
2026-09-11T01:48:35.966642+00:00,200,11986.65,
2026-09-11T01:48:37.127951+00:00,200,10834.60,
2026-09-11T01:48:43.304071+00:00,200,4654.74,
2026-09-11T01:48:45.179429+00:00,200,2800.43,
2026-09-11T01:48:07.937135+00:00,200,40055.65,
2026-09-11T01:48:36.961438+00:00,200,11030.99,
2026-09-11T01:48:31.455065+00:00,200,16565.75,
2026-09-11T01:48:29.461734+00:00,200,18574.98,
2026-09-11T01:48:28.527140+00:00,200,19521.63,
2026-09-11T01:48:41.540966+00:00,200,6544.19,
2026-09-11T01:48:42.764537+00:00,200,5371.10,
2026-09-11T01:47:52.540108+00:00,200,55602.79,
2026-09-11T01:48:46.847603+00:00,200,1322.81,
2026-09-11T01:48:45.674410+00:00,200,2525.15,
2026-09-11T01:48:28.046665+00:00,200,20172.08,
2026-09-11T01:48:37.063781+00:00,200,11177.47,
2026-09-11T01:48:48.024216+00:00,200,224.04,
2026-09-11T01:48:41.188640+00:00,200,7066.53,
2026-09-11T01:47:42.050524+00:00,200,66197.70,
2026-09-11T01:48:46.056625+00:00,200,2197.01,
2026-09-11T01:48:25.645173+00:00,200,22626.80,
2026-09-11T01:47:38.793451+00:00,200,69485.89,
2026-09-11T01:47:56.894820+00:00,200,51386.08,
2026-09-11T01:48:17.067611+00:00,200,31223.94,
2026-09-11T01:48:42.167224+00:00,200,6129.98,
2026-09-11T01:48:39.743130+00:00,200,8560.64,
2026-09-11T01:47:41.395842+00:00,200,66933.79,
2026-09-11T01:48:20.343832+00:00,200,28000.60,
2026-09-11T01:48:36.413075+00:00,200,11938.62,
2026-09-11T01:48:45.973458+00:00,200,2375.65,
2026-09-11T01:48:43.589003+00:00,200,4773.86,
2026-09-11T01:48:08.460834+00:00,200,39916.64,
2026-09-11T01:48:35.199179+00:00,200,13193.91,
2026-09-11T01:48:43.986606+00:00,200,4414.63,
2026-09-11T01:47:34.487844+00:00,200,73919.89,
2026-09-11T01:48:26.762731+00:00,200,21661.87,
2026-09-11T01:48:26.440885+00:00,200,21996.07,
2026-09-11T01:48:37.391037+00:00,200,11079.03,
2026-09-11T01:48:44.238634+00:00,200,4229.19,
2026-09-11T01:48:37.882817+00:00,200,10601.19,
2026-09-11T01:48:40.375591+00:00,200,8110.20,
2026-09-11T01:48:47.272981+00:00,200,1217.20,
2026-09-11T01:48:26.754454+00:00,200,21751.11,
2026-09-11T01:47:29.693631+00:00,200,78811.56,
2026-09-11T01:48:24.481948+00:00,200,24048.20,
2026-09-11T01:48:46.208810+00:00,200,2337.56,
2026-09-11T01:48:36.534710+00:00,200,12020.88,
2026-09-11T01:48:37.533788+00:00,200,11031.46,
2026-09-11T01:48:45.202862+00:00,200,3374.21,
2026-09-11T01:47:26.717896+00:00,200,81874.21,
2026-09-11T01:48:18.223181+00:00,200,30377.73,
2026-09-11T01:48:25.321015+00:00,200,23286.27,
2026-09-11T01:48:38.772410+00:00,200,9842.57,
2026-09-11T01:48:30.475721+00:00,200,18140.61,
2026-09-11T01:48:38.196281+00:00,200,10443.29,
2026-09-11T01:48:13.238704+00:00,200,35410.79,
2026-09-11T01:48:40.251975+00:00,200,8415.43,
2026-09-11T01:48:46.036930+00:00,200,2630.97,
2026-09-11T01:48:40.375591+00:00,200,8311.42,
2026-09-11T01:48:47.607707+00:00,200,1084.36,
2026-09-11T01:48:36.328339+00:00,200,12368.12,
2026-09-11T01:48:46.078326+00:00,200,2622.85,
2026-09-11T01:48:20.240862+00:00,200,28471.26,
2026-09-11T01:47:54.864676+00:00,200,53862.87,
2026-09-11T01:48:38.535060+00:00,200,10215.47,
2026-09-11T01:47:51.141737+00:00,200,57608.26,
2026-09-11T01:48:32.935641+00:00,200,15841.83,
2026-09-11T01:48:40.123576+00:00,200,8665.02,
2026-09-11T01:48:42.591158+00:00,200,6190.33,
2026-09-11T01:48:30.720318+00:00,200,18077.26,
2026-09-11T01:48:07.803675+00:00,200,41012.18,
2026-09-11T01:48:26.670586+00:00,200,22164.23,
2026-09-11T01:47:50.721958+00:00,200,58120.81,
2026-09-11T01:48:27.938489+00:00,200,20909.99,
2026-09-11T01:48:35.305259+00:00,200,13551.20,
2026-09-11T01:48:35.238418+00:00,200,13639.58,
2026-09-11T01:48:42.058197+00:00,200,6823.70,
2026-09-11T01:48:47.480054+00:00,200,1419.48,
2026-09-11T01:48:31.705573+00:00,200,17229.18,
2026-09-11T01:48:28.712803+00:00,200,20237.21,
2026-09-11T01:48:46.576573+00:00,200,2394.71,
2026-09-11T01:48:48.786579+00:00,200,189.87,
2026-09-11T01:48:37.024725+00:00,200,11958.75,
2026-09-11T01:48:30.514538+00:00,200,18471.33,
2026-09-11T01:48:07.677733+00:00,200,41324.17,
2026-09-11T01:48:21.400629+00:00,200,27603.17,
2026-09-11T01:48:36.669202+00:00,200,12333.81,
2026-09-11T01:48:48.383300+00:00,200,623.22,
2026-09-11T01:48:23.670905+00:00,200,25335.86,
2026-09-11T01:48:39.870151+00:00,200,9139.21,
2026-09-11T01:48:41.161182+00:00,200,7865.64,
2026-09-11T01:48:38.664210+00:00,200,10401.01,
2026-09-11T01:48:35.393880+00:00,200,13684.76,
2026-09-11T01:48:27.227713+00:00,200,21868.78,
2026-09-11T01:47:58.693019+00:00,200,50419.00,
2026-09-11T01:48:47.931443+00:00,200,1202.04,
2026-09-11T01:48:41.417496+00:00,200,7739.39,
2026-09-11T01:48:19.888565+00:00,200,29278.56,
2026-09-11T01:48:35.589754+00:00,200,13578.51,
2026-09-11T01:48:40.154159+00:00,200,9019.94,
2026-09-11T01:48:13.084532+00:00,200,36094.04,
2026-09-11T01:48:46.592372+00:00,200,2597.28,
2026-09-11T01:48:33.812529+00:00,200,15394.09,
2026-09-11T01:48:47.038101+00:00,200,2180.76,
2026-09-11T01:47:59.596466+00:00,200,49634.24,
2026-09-11T01:48:47.379147+00:00,200,1878.69,
2026-09-11T01:48:19.325465+00:00,200,29942.60,
2026-09-11T01:48:12.626571+00:00,200,36642.78,
2026-09-11T01:48:42.143784+00:00,200,7136.38,
2026-09-11T01:48:15.459931+00:00,200,33841.19,
2026-09-11T01:47:42.551367+00:00,200,66764.64,
2026-09-11T01:48:26.398632+00:00,200,22916.98,
2026-09-11T01:48:09.262515+00:00,200,40074.37,
2026-09-11T01:48:20.057527+00:00,200,29286.12,
2026-09-11T01:48:38.541096+00:00,200,10811.79,
2026-09-11T01:48:45.607404+00:00,200,3763.73,
2026-09-11T01:48:38.863387+00:00,200,10514.62,
2026-09-11T01:48:44.222925+00:00,200,5171.09,
2026-09-11T01:48:39.695925+00:00,200,9707.66,
2026-09-11T01:48:16.184504+00:00,200,33223.67,
2026-09-11T01:48:45.817277+00:00,200,3607.94,
2026-09-11T01:48:28.872778+00:00,200,20585.21,
2026-09-11T01:48:19.234921+00:00,200,30218.98,
2026-09-11T01:48:44.190964+00:00,200,5288.64,
2026-09-11T01:48:28.919358+00:00,200,20593.37,
2026-09-11T01:48:01.216355+00:00,200,48317.37,
2026-09-11T01:48:36.439837+00:00,200,13107.96,
2026-09-11T01:48:32.621826+00:00,200,16929.95,
2026-09-11T01:48:46.386425+00:00,200,3159.72,
2026-09-11T01:48:41.398546+00:00,200,8162.43,
2026-09-11T01:48:26.192710+00:00,200,23405.07,
2026-09-11T01:48:46.592372+00:00,200,3020.59,
2026-09-11T01:47:51.894387+00:00,200,57734.41,
2026-09-11T01:48:32.982486+00:00,200,16654.93,
2026-09-11T01:48:35.411951+00:00,200,14232.21,
2026-09-11T01:48:27.931806+00:00,200,21715.29,
2026-09-11T01:48:34.760714+00:00,200,14900.28,
2026-09-11T01:48:33.005709+00:00,200,16665.73,
2026-09-11T01:48:24.230570+00:00,200,25437.88,
2026-09-11T01:48:08.210986+00:00,200,41487.51,
2026-09-11T01:48:42.782990+00:00,200,6917.52,
2026-09-11T01:48:02.861454+00:00,200,46859.28,
2026-09-11T01:48:40.323619+00:00,200,9412.97,
2026-09-11T01:48:42.752567+00:00,200,7012.66,
2026-09-11T01:48:03.142904+00:00,200,46638.37,
2026-09-11T01:48:40.350118+00:00,200,9429.52,
2026-09-11T01:48:28.584982+00:00,200,21200.88,
2026-09-11T01:48:37.262945+00:00,200,12530.61,
2026-09-11T01:48:07.548551+00:00,200,42256.69,
2026-09-11T01:48:42.400047+00:00,200,7417.89,
2026-09-11T01:48:44.304710+00:00,200,5522.44,
2026-09-11T01:48:28.712803+00:00,200,21151.87,
2026-09-11T01:48:17.178102+00:00,200,32695.78,
2026-09-11T01:48:42.975312+00:00,200,6907.43,
2026-09-11T01:48:34.150635+00:00,200,15744.95,
2026-09-11T01:48:49.696948+00:00,200,229.32,
2026-09-11T01:48:13.913632+00:00,200,36021.79,
2026-09-11T01:48:37.251684+00:00,200,12704.13,
2026-09-11T01:48:39.170952+00:00,200,10786.43,
2026-09-11T01:48:37.596657+00:00,200,12373.83,
2026-09-11T01:48:32.300036+00:00,200,17680.33,
2026-09-11T01:47:52.058008+00:00,200,57925.44,
2026-09-11T01:47:54.998050+00:00,200,55025.82,
2026-09-11T01:48:18.547209+00:00,200,31507.16,
2026-09-11T01:47:22.894134+00:00,200,87166.34,
2026-09-11T01:48:16.614069+00:00,200,33461.65,
2026-09-11T01:47:28.048967+00:00,200,82022.09,
2026-09-11T01:48:27.855067+00:00,200,22231.32,
2026-09-11T01:48:05.936646+00:00,200,44157.69,
2026-09-11T01:47:34.825394+00:00,200,75277.67,
2026-09-11T01:48:28.982393+00:00,200,21128.98,
2026-09-11T01:48:26.797662+00:00,200,23326.10,
2026-09-11T01:48:36.921496+00:00,200,13202.03,
2026-09-11T01:48:36.692890+00:00,200,13423.73,
2026-09-11T01:47:42.318438+00:00,200,67833.98,
2026-09-11T01:48:19.566869+00:00,200,30592.85,
2026-09-11T01:48:37.406043+00:00,200,12754.00,
2026-09-11T01:47:52.421169+00:00,200,57744.05,
2026-09-11T01:48:37.819237+00:00,200,12355.45,
2026-09-11T01:48:40.414891+00:00,200,9759.04,
2026-09-11T01:48:46.466236+00:00,200,3743.14,
2026-09-11T01:48:39.298801+00:00,200,10922.42,
2026-09-11T01:48:28.642586+00:00,200,21593.29,
2026-09-11T01:48:29.076154+00:00,200,21214.96,
2026-09-11T01:48:36.375250+00:00,200,13942.91,
2026-09-11T01:48:33.605953+00:00,200,16721.63,
2026-09-11T01:47:39.314805+00:00,200,71038.48,
2026-09-11T01:48:37.978610+00:00,200,12382.46,
2026-09-11T01:48:37.771753+00:00,200,12589.43,
2026-09-11T01:48:49.353198+00:00,200,1039.65,
2026-09-11T01:48:48.474307+00:00,200,1928.94,
2026-09-11T01:48:47.889864+00:00,200,2515.38,
2026-09-11T01:48:23.674946+00:00,200,26757.45,
2026-09-11T01:48:19.512502+00:00,200,30924.43,
2026-09-11T01:48:14.592752+00:00,200,35846.60,
2026-09-11T01:48:28.888816+00:00,200,21607.67,
2026-09-11T01:48:30.970475+00:00,200,19536.86,
2026-09-11T01:48:30.295854+00:00,200,20220.21,
2026-09-11T01:48:50.294752+00:00,200,240.09,
2026-09-11T01:48:32.061815+00:00,200,18478.82,
2026-09-11T01:48:48.791107+00:00,200,1747.32,
2026-09-11T01:48:23.432406+00:00,200,27129.42,
2026-09-11T01:48:23.352960+00:00,200,27223.21,
2026-09-11T01:48:45.123531+00:00,200,5455.58,
2026-09-11T01:48:49.404373+00:00,200,1223.06,
2026-09-11T01:48:22.613000+00:00,200,28028.71,
2026-09-11T01:48:10.465865+00:00,200,40190.54,
2026-09-11T01:48:14.895875+00:00,200,35790.33,
2026-09-11T01:48:48.141705+00:00,200,2575.86,
2026-09-11T01:48:44.822607+00:00,200,5915.59,
2026-09-11T01:48:24.674657+00:00,200,26070.66,
2026-09-11T01:48:45.038708+00:00,200,5716.50,
2026-09-11T01:48:10.656878+00:00,200,40100.09,
2026-09-11T01:48:46.611950+00:00,200,4155.00,
2026-09-11T01:48:22.936341+00:00,200,27834.13,
2026-09-11T01:48:22.241204+00:00,200,28532.75,
2026-09-11T01:47:15.428298+00:00,200,95351.59,
2026-09-11T01:48:48.546769+00:00,200,2235.82,
2026-09-11T01:48:16.164128+00:00,200,34642.64,
2026-09-11T01:48:16.509910+00:00,200,34313.92,
2026-09-11T01:48:42.822515+00:00,200,8056.77,
2026-09-11T01:48:28.407709+00:00,200,22471.72,
2026-09-11T01:48:48.260034+00:00,200,2627.65,
2026-09-11T01:48:20.154077+00:00,200,30805.18,
2026-09-11T01:48:33.055024+00:00,200,17921.39,
2026-09-11T01:47:51.595252+00:00,200,59390.02,
2026-09-11T01:48:49.278835+00:00,200,1714.69,
2026-09-11T01:48:23.762587+00:00,200,27239.13,
2026-09-11T01:48:30.115151+00:00,200,20909.07,
2026-09-11T01:48:43.840454+00:00,200,7195.36,
2026-09-11T01:48:45.539132+00:00,200,5531.55,
2026-09-11T01:48:35.151032+00:00,200,15918.06,
2026-09-11T01:48:05.853795+00:00,200,45248.78,
2026-09-11T01:48:49.499760+00:00,200,1616.21,
2026-09-11T01:47:47.660640+00:00,200,63468.91,
2026-09-11T01:47:53.720012+00:00,200,57412.78,
2026-09-11T01:48:17.448633+00:00,200,33678.60,
2026-09-11T01:48:37.096308+00:00,200,14048.47,
2026-09-11T01:48:44.624469+00:00,200,6519.39,
2026-09-11T01:48:50.153645+00:00,200,1013.92,
2026-09-11T01:48:49.595113+00:00,200,1567.13,
2026-09-11T01:48:46.861378+00:00,200,4339.25,
2026-09-11T01:48:29.199286+00:00,200,22013.81,
2026-09-11T01:48:45.770358+00:00,200,5452.94,
2026-09-11T01:47:50.245035+00:00,200,60995.61,
2026-09-11T01:48:24.705211+00:00,200,26536.71,
2026-09-11T01:48:24.893701+00:00,200,26359.77,
2026-09-11T01:48:38.425157+00:00,200,12831.54,
2026-09-11T01:48:42.447982+00:00,200,8816.59,
2026-09-11T01:48:33.528726+00:00,200,17762.60,
2026-09-11T01:48:30.325598+00:00,200,21020.92,
2026-09-11T01:48:44.647037+00:00,200,6709.38,
2026-09-11T01:48:36.144617+00:00,200,15224.38,
2026-09-11T01:48:29.290030+00:00,200,22118.14,
2026-09-11T01:48:28.566687+00:00,200,22839.94,
2026-09-11T01:48:40.429005+00:00,200,10981.15,
2026-09-11T01:48:25.885725+00:00,200,25531.26,
2026-09-11T01:48:27.046006+00:00,200,24375.89,
2026-09-11T01:48:40.139133+00:00,200,11291.07,
2026-09-11T01:48:44.755860+00:00,200,6674.66,
2026-09-11T01:48:39.949043+00:00,200,11484.76,
2026-09-11T01:48:29.369729+00:00,200,22058.45,
2026-09-11T01:48:28.978618+00:00,200,22462.75,
2026-09-11T01:48:43.160274+00:00,200,8276.22,
2026-09-11T01:48:23.024275+00:00,200,28439.95,
2026-09-11T01:48:39.965153+00:00,200,11500.84,
2026-09-11T01:48:48.985776+00:00,200,2493.62,
2026-09-11T01:47:14.918385+00:00,200,96571.37,
2026-09-11T01:47:49.474806+00:00,200,62010.81,
2026-09-11T01:48:36.411067+00:00,200,15115.41,
2026-09-11T01:48:21.025349+00:00,200,30502.93,
2026-09-11T01:48:26.119193+00:00,200,25412.88,
2026-09-11T01:48:38.304482+00:00,200,13240.92,
2026-09-11T01:48:13.913632+00:00,200,37644.60,
2026-09-11T01:48:44.789105+00:00,200,6788.44,
2026-09-11T01:47:45.658277+00:00,200,65952.67,
2026-09-11T01:48:04.461767+00:00,200,47152.56,
2026-09-11T01:48:25.291310+00:00,200,26338.75,
2026-09-11T01:48:24.636085+00:00,200,27010.95,
2026-09-11T01:47:48.577824+00:00,200,63081.92,
2026-09-11T01:48:44.522960+00:00,200,7143.24,
2026-09-11T01:48:44.814082+00:00,200,6873.23,
2026-09-11T01:48:45.639387+00:00,200,6096.99,
2026-09-11T01:48:10.768698+00:00,200,40992.54,
2026-09-11T01:48:03.527795+00:00,200,48249.59,
2026-09-11T01:47:40.353673+00:00,200,71430.08,
2026-09-11T01:48:28.982393+00:00,200,22815.48,
2026-09-11T01:48:31.061437+00:00,200,20736.17,
2026-09-11T01:48:15.711142+00:00,200,36083.91,
2026-09-11T01:48:47.441994+00:00,200,4364.67,
2026-09-11T01:48:46.103884+00:00,200,5720.70,
2026-09-11T01:48:48.686137+00:00,200,3147.86,
2026-09-11T01:47:47.383507+00:00,200,64460.48,
2026-09-11T01:48:47.351804+00:00,200,4493.31,
2026-09-11T01:48:34.535648+00:00,200,17312.32,
2026-09-11T01:48:48.691029+00:00,200,3173.68,
2026-09-11T01:48:25.638069+00:00,200,26234.28,
2026-09-11T01:48:46.678718+00:00,200,5194.12,
2026-09-11T01:48:15.152513+00:00,200,36729.87,
2026-09-11T01:48:29.019416+00:00,200,22883.21,
2026-09-11T01:48:47.836652+00:00,200,4065.65,
2026-09-11T01:48:39.735039+00:00,200,12169.71,
2026-09-11T01:48:42.701366+00:00,200,9218.80,
2026-09-11T01:48:30.946106+00:00,200,21006.56,
2026-09-11T01:48:31.242104+00:00,200,20743.49,
2026-09-11T01:48:20.647377+00:00,200,31350.30,
2026-09-11T01:48:42.056392+00:00,200,9958.63,
2026-09-11T01:47:51.829847+00:00,200,60179.74,
2026-09-11T01:48:15.029641+00:00,200,36993.41,
2026-09-11T01:48:27.654907+00:00,200,24379.59,
2026-09-11T01:48:51.215440+00:00,200,846.07,
2026-09-11T01:48:46.307158+00:00,200,5758.86,
2026-09-11T01:48:41.722371+00:00,200,10368.89,
2026-09-11T01:48:40.327155+00:00,200,11775.27,
2026-09-11T01:48:43.712566+00:00,200,8398.52,
2026-09-11T01:48:33.605953+00:00,200,18507.13,
2026-09-11T01:48:40.375591+00:00,200,11738.84,
2026-09-11T01:48:33.605953+00:00,200,18517.01,
2026-09-11T01:48:21.002502+00:00,200,31165.31,
2026-09-11T01:47:54.389576+00:00,200,57778.54,
2026-09-11T01:48:24.921074+00:00,200,27276.74,
2026-09-11T01:47:58.719106+00:00,200,53523.04,
2026-09-11T01:48:35.286422+00:00,200,16972.20,
2026-09-11T01:48:51.985086+00:00,200,274.17,
2026-09-11T01:48:43.906090+00:00,200,8362.05,
2026-09-11T01:48:40.469194+00:00,200,11818.14,
2026-09-11T01:47:37.114039+00:00,200,75187.77,
2026-09-11T01:48:44.000415+00:00,200,8298.67,
2026-09-11T01:48:14.416879+00:00,200,37878.51,
2026-09-11T01:48:38.267218+00:00,200,14039.65,
2026-09-11T01:48:52.059707+00:00,200,250.78,
2026-09-11T01:48:41.045542+00:00,200,11283.81,
2026-09-11T01:48:43.643957+00:00,200,8777.13,
2026-09-11T01:48:26.569182+00:00,200,25863.64,
2026-09-11T01:48:41.283034+00:00,200,11144.97,
2026-09-11T01:48:39.595428+00:00,200,12852.40,
2026-09-11T01:48:48.135973+00:00,200,4330.02,
2026-09-11T01:48:43.779078+00:00,200,8687.71,
2026-09-11T01:48:49.781626+00:00,200,2702.73,
2026-09-11T01:48:49.547247+00:00,200,2931.28,
2026-09-11T01:48:45.513107+00:00,200,6984.91,
2026-09-11T01:48:46.151955+00:00,200,6356.42,
2026-09-11T01:48:42.583623+00:00,200,9959.13,
2026-09-11T01:48:50.739070+00:00,200,1821.38,
2026-09-11T01:48:22.795710+00:00,200,29786.54,
2026-09-11T01:48:40.350118+00:00,200,12233.80,
2026-09-11T01:48:33.948512+00:00,200,18645.05,
2026-09-11T01:48:36.352380+00:00,200,16245.30,
2026-09-11T01:48:48.578498+00:00,200,4022.60,
2026-09-11T01:48:31.405173+00:00,200,21192.73,
2026-09-11T01:48:49.312766+00:00,200,3300.94,
2026-09-11T01:48:33.015931+00:00,200,19610.12,
2026-09-11T01:48:01.261054+00:00,200,51367.38,
2026-09-11T01:48:28.088254+00:00,200,24555.73,
2026-09-11T01:48:51.985086+00:00,200,671.43,
2026-09-11T01:48:41.331092+00:00,200,11346.94,
2026-09-11T01:48:38.471071+00:00,200,14240.41,
2026-09-11T01:48:33.322456+00:00,200,19396.06,
2026-09-11T01:48:30.803621+00:00,200,21921.89,
2026-09-11T01:47:51.952646+00:00,200,60802.18,
2026-09-11T01:48:24.201978+00:00,200,28557.74,
2026-09-11T01:48:26.954510+00:00,200,25816.04,
2026-09-11T01:48:38.448311+00:00,200,14322.96,
2026-09-11T01:48:32.605291+00:00,200,20188.30,
2026-09-11T01:48:04.806562+00:00,200,47991.19,
2026-09-11T01:48:44.957057+00:00,200,7846.17,
2026-09-11T01:48:00.212872+00:00,200,52612.90,
2026-09-11T01:48:40.187176+00:00,200,12653.39,
2026-09-11T01:48:51.995606+00:00,200,872.87,
2026-09-11T01:48:37.231436+00:00,200,15649.45,
2026-09-11T01:47:46.198132+00:00,200,66720.81,
2026-09-11T01:48:38.471071+00:00,200,14453.76,
2026-09-11T01:48:38.351372+00:00,200,14578.01,
2026-09-11T01:48:19.123694+00:00,200,33816.90,
2026-09-11T01:48:41.495118+00:00,200,11451.93,
2026-09-11T01:48:51.904320+00:00,200,1063.54,
2026-09-11T01:47:48.672257+00:00,200,64303.93,
2026-09-11T01:48:38.201836+00:00,200,14772.29,
2026-09-11T01:48:43.415520+00:00,200,9561.45,
2026-09-11T01:48:08.336305+00:00,200,44652.48,
2026-09-11T01:48:45.782621+00:00,200,7234.32,
2026-09-11T01:48:51.821324+00:00,200,1186.79,
2026-09-11T01:48:33.556382+00:00,200,19483.58,
2026-09-11T01:48:20.929106+00:00,200,32123.76,
2026-09-11T01:48:09.768161+00:00,200,43286.76,
2026-09-11T01:48:42.249523+00:00,200,10831.19,
2026-09-11T01:48:50.070875+00:00,200,3018.43,
2026-09-11T01:47:36.062620+00:00,200,77038.51,
2026-09-11T01:48:19.551117+00:00,200,33584.27,
2026-09-11T01:48:39.005731+00:00,200,14144.01,
2026-09-11T01:48:26.176596+00:00,200,26988.99,
2026-09-11T01:48:49.059355+00:00,200,4102.79,
2026-09-11T01:48:48.586017+00:00,200,4587.72,
2026-09-11T01:48:06.354248+00:00,200,46829.94,
2026-09-11T01:48:26.157514+00:00,200,27030.99,
2026-09-11T01:48:48.386772+00:00,200,4791.49,
2026-09-11T01:48:50.177756+00:00,200,3018.68,
2026-09-11T01:48:30.356503+00:00,200,22841.72,
2026-09-11T01:48:22.297207+00:00,200,30941.12,
2026-09-11T01:48:44.547961+00:00,200,8694.87,
2026-09-11T01:47:24.411646+00:00,200,88843.26,
2026-09-11T01:48:40.712560+00:00,200,12546.10,
2026-09-11T01:48:40.712560+00:00,200,12591.24,
2026-09-11T01:48:34.675447+00:00,200,18662.79,
2026-09-11T01:48:47.690714+00:00,200,5652.73,
2026-09-11T01:48:45.149371+00:00,200,8202.65,
2026-09-11T01:48:49.337673+00:00,200,4015.49,
2026-09-11T01:48:43.756558+00:00,200,9601.46,
2026-09-11T01:48:41.956276+00:00,200,11406.63,
2026-09-11T01:48:34.302119+00:00,200,19090.94,
2026-09-11T01:47:50.747768+00:00,200,62654.42,
2026-09-11T01:48:21.292984+00:00,200,32137.43,
2026-09-11T01:48:36.298093+00:00,200,17147.78,
2026-09-11T01:48:51.648496+00:00,200,1800.04,
2026-09-11T01:47:51.526391+00:00,200,61932.64,
2026-09-11T01:48:46.338813+00:00,200,7118.45,
2026-09-11T01:48:15.428256+00:00,200,38069.07,
2026-09-11T01:48:37.948485+00:00,200,15552.98,
2026-09-11T01:48:45.705567+00:00,200,7813.67,
2026-09-11T01:48:19.211656+00:00,200,34312.18,
2026-09-11T01:48:53.337525+00:00,200,195.38,
2026-09-11T01:48:52.557125+00:00,200,977.57,
2026-09-11T01:48:12.047872+00:00,200,41491.86,
2026-09-11T01:48:21.982145+00:00,200,31582.65,
2026-09-11T01:48:53.343558+00:00,200,227.86,
2026-09-11T01:48:39.139466+00:00,200,14453.76,
2026-09-11T01:48:44.797454+00:00,200,8803.58,
2026-09-11T01:48:05.846748+00:00,200,47777.33,
2026-09-11T01:48:48.953002+00:00,200,4687.14,
2026-09-11T01:48:32.352129+00:00,200,21292.83,
2026-09-11T01:48:27.905035+00:00,200,25741.14,
2026-09-11T01:48:24.045887+00:00,200,29616.61,
2026-09-11T01:48:18.785611+00:00,200,34898.76,
2026-09-11T01:48:50.626173+00:00,200,3057.35,
2026-09-11T01:48:39.417095+00:00,200,14289.42,
2026-09-11T01:48:40.776598+00:00,200,12942.50,
2026-09-11T01:48:18.431212+00:00,200,35303.75,
2026-09-11T01:48:07.430805+00:00,200,46310.19,
2026-09-11T01:48:45.537125+00:00,200,8218.52,
2026-09-11T01:48:53.343558+00:00,200,434.23,
2026-09-11T01:48:45.350078+00:00,200,8440.17,
2026-09-11T01:48:31.721816+00:00,200,22068.59,
2026-09-11T01:48:27.997652+00:00,200,25801.02,
2026-09-11T01:48:24.497794+00:00,200,29314.75,
2026-09-11T01:48:40.808067+00:00,200,13006.51,
2026-09-11T01:47:54.561117+00:00,200,59268.02,
2026-09-11T01:48:19.888565+00:00,200,33963.49,
2026-09-11T01:47:27.175584+00:00,200,86689.95,
2026-09-11T01:48:53.630048+00:00,200,241.98,
2026-09-11T01:48:49.006846+00:00,200,4867.96,
2026-09-11T01:48:34.703340+00:00,200,19179.15,
2026-09-11T01:48:22.829548+00:00,200,31070.43,
2026-09-11T01:48:45.798354+00:00,200,8110.06,
2026-09-11T01:48:20.735264+00:00,200,33195.88,
2026-09-11T01:48:28.087208+00:00,200,25858.42,
2026-09-11T01:48:35.237366+00:00,200,18750.36,
2026-09-11T01:48:30.705098+00:00,200,23284.10,
2026-09-11T01:48:02.132754+00:00,200,51875.43,
2026-09-11T01:48:47.989483+00:00,200,6027.78,
2026-09-11T01:48:33.579587+00:00,200,20447.85,
2026-09-11T01:48:38.780701+00:00,200,15255.31,
2026-09-11T01:47:51.904685+00:00,200,62129.98,
2026-09-11T01:48:28.574431+00:00,200,25482.70,
2026-09-11T01:48:40.760068+00:00,200,13321.19,
2026-09-11T01:47:50.386566+00:00,200,63706.02,
2026-09-11T01:48:53.343558+00:00,200,759.19,
2026-09-11T01:48:39.516022+00:00,200,14612.63,
2026-09-11T01:48:15.506918+00:00,200,38634.52,
2026-09-11T01:48:44.936920+00:00,200,9215.45,
2026-09-11T01:48:52.091517+00:00,200,2062.65,
2026-09-11T01:48:23.339445+00:00,200,30816.73,
2026-09-11T01:48:37.804434+00:00,200,16376.65,
2026-09-11T01:48:36.406322+00:00,200,17785.30,
2026-09-11T01:48:34.308428+00:00,200,19891.91,
2026-09-11T01:48:39.425392+00:00,200,14795.85,
2026-09-11T01:48:26.490517+00:00,200,27743.29,
2026-09-11T01:48:05.537119+00:00,200,48709.31,
2026-09-11T01:48:09.278281+00:00,200,44992.54,
2026-09-11T01:48:49.459223+00:00,200,4812.74,
2026-09-11T01:48:35.631968+00:00,200,18642.67,
2026-09-11T01:48:21.708861+00:00,200,32580.96,
2026-09-11T01:48:54.089440+00:00,200,201.45,
2026-09-11T01:48:50.070875+00:00,200,4219.15,
2026-09-11T01:48:51.008679+00:00,200,3307.87,
2026-09-11T01:48:53.639585+00:00,200,685.17,
2026-09-11T01:48:47.959686+00:00,200,6371.20,
2026-09-11T01:48:27.881010+00:00,200,26470.66,
2026-09-11T01:48:18.076910+00:00,200,36290.16,
2026-09-11T01:48:09.376689+00:00,200,44991.22,
2026-09-11T01:48:19.142133+00:00,200,35225.15,
2026-09-11T01:48:44.764409+00:00,200,9619.20,
2026-09-11T01:48:37.014530+00:00,200,17367.52,
2026-09-11T01:48:34.671394+00:00,200,19722.32,
2026-09-11T01:48:12.068887+00:00,200,42337.95,
2026-09-11T01:48:30.341365+00:00,200,24083.35,
2026-09-11T01:48:51.619998+00:00,200,2809.00,
2026-09-11T01:48:21.432723+00:00,200,33003.84,
2026-09-11T01:48:17.352097+00:00,200,37137.10,
2026-09-11T01:48:45.001106+00:00,200,9500.46,
2026-09-11T01:48:43.906090+00:00,200,10622.57,
2026-09-11T01:48:52.137068+00:00,200,2402.83,
2026-09-11T01:48:53.137535+00:00,200,1406.64,
2026-09-11T01:48:35.805544+00:00,200,18746.01,
2026-09-11T01:48:15.075624+00:00,200,39492.90,
2026-09-11T01:48:53.647508+00:00,200,928.06,
2026-09-11T01:48:35.274412+00:00,200,19317.37,
2026-09-11T01:48:37.545823+00:00,200,17048.63,
2026-09-11T01:48:49.675258+00:00,200,4931.93,
2026-09-11T01:48:46.460596+00:00,200,8147.89,
2026-09-11T01:48:20.343832+00:00,200,34284.35,
2026-09-11T01:48:47.480054+00:00,200,7159.87,
2026-09-11T01:48:45.631869+00:00,200,9024.28,
2026-09-11T01:48:53.981909+00:00,200,676.60,
2026-09-11T01:48:37.326607+00:00,200,17363.12,
2026-09-11T01:47:30.747724+00:00,200,83947.09,
2026-09-11T01:48:36.238638+00:00,200,18463.56,
2026-09-11T01:48:54.187635+00:00,200,510.67,
2026-09-11T01:48:30.343378+00:00,200,24377.12,
2026-09-11T01:48:43.251864+00:00,200,11503.53,
2026-09-11T01:48:33.355176+00:00,200,21403.63,
2026-09-11T01:47:26.077386+00:00,200,88710.27,
2026-09-11T01:48:29.622589+00:00,200,25202.34,
2026-09-11T01:48:22.408958+00:00,200,32433.73,
2026-09-11T01:48:27.031598+00:00,200,27819.75,
2026-09-11T01:48:28.782515+00:00,200,26077.92,
2026-09-11T01:48:34.150635+00:00,200,20725.14,
2026-09-11T01:48:38.026275+00:00,200,16870.25,
2026-09-11T01:48:21.599646+00:00,200,33323.04,
2026-09-11T01:48:34.882020+00:00,200,20043.51,
2026-09-11T01:48:14.257798+00:00,200,40665.99,
2026-09-11T01:48:46.125766+00:00,200,8824.53,
2026-09-11T01:48:30.751213+00:00,200,24204.92,
2026-09-11T01:48:29.745427+00:00,200,25224.29,
2026-09-11T01:48:14.755798+00:00,200,40218.27,
2026-09-11T01:47:58.910389+00:00,200,56085.64,
2026-09-11T01:48:11.242974+00:00,200,43751.24,
2026-09-11T01:47:58.674505+00:00,200,56334.58,
2026-09-11T01:48:32.400984+00:00,200,22616.53,
2026-09-11T01:48:53.998748+00:00,200,1028.86,
2026-09-11T01:48:49.663445+00:00,200,5366.03,
2026-09-11T01:48:42.470589+00:00,200,12567.06,
2026-09-11T01:48:29.804559+00:00,200,25277.20,
2026-09-11T01:47:55.977004+00:00,200,59116.46,
2026-09-11T01:48:46.084108+00:00,200,9024.90,
2026-09-11T01:48:34.337929+00:00,200,20762.84,
2026-09-11T01:48:53.664238+00:00,200,1451.23,
2026-09-11T01:48:18.726344+00:00,200,36393.04,
2026-09-11T01:48:12.798405+00:00,200,42325.39,
2026-09-11T01:48:18.835126+00:00,200,36315.09,
2026-09-11T01:48:35.674437+00:00,200,19498.84,
2026-09-11T01:48:38.098634+00:00,200,17082.42,
2026-09-11T01:48:30.991500+00:00,200,24205.40,
2026-09-11T01:48:41.758303+00:00,200,13447.88,
2026-09-11T01:48:45.328071+00:00,200,9893.41,
2026-09-11T01:48:35.099707+00:00,200,20130.76,
2026-09-11T01:48:34.122619+00:00,200,21130.04,
2026-09-11T01:47:24.627874+00:00,200,90620.89,
2026-09-11T01:48:43.540867+00:00,200,11738.85,
2026-09-11T01:48:38.343614+00:00,200,16955.01,
2026-09-11T01:48:37.727109+00:00,200,17604.72,
2026-09-11T01:48:46.582733+00:00,200,8752.25,
2026-09-11T01:48:04.919174+00:00,200,50429.80,
2026-09-11T01:48:47.345770+00:00,200,8007.11,
2026-09-11T01:48:25.826296+00:00,200,29532.63,
2026-09-11T01:48:44.270405+00:00,200,11106.73,
2026-09-11T01:48:53.503098+00:00,200,1875.72,
2026-09-11T01:48:48.721886+00:00,200,6654.85,
2026-09-11T01:48:44.080753+00:00,200,11317.58,
2026-09-11T01:47:53.323206+00:00,200,62101.20,
2026-09-11T01:48:26.287536+00:00,200,29151.14,
2026-09-11T01:48:49.876905+00:00,200,5564.99,
2026-09-11T01:48:51.539083+00:00,200,3926.21,
2026-09-11T01:48:48.879765+00:00,200,6620.58,
2026-09-11T01:48:53.931290+00:00,200,1581.40,
2026-09-11T01:48:26.352907+00:00,200,29161.73,
2026-09-11T01:48:37.862528+00:00,200,17654.04,
2026-09-11T01:48:51.788691+00:00,200,3776.65,
2026-09-11T01:48:42.058197+00:00,200,13529.61,
2026-09-11T01:48:52.456371+00:00,200,3139.44,
2026-09-11T01:48:37.718990+00:00,200,17895.64,
2026-09-11T01:48:32.054261+00:00,200,23561.58,
2026-09-11T01:48:42.606592+00:00,200,13004.09,
2026-09-11T01:48:49.159564+00:00,200,6491.92,
2026-09-11T01:48:34.513100+00:00,200,21142.79,
2026-09-11T01:48:50.714888+00:00,200,4944.50,
2026-09-11T01:48:29.575354+00:00,200,26080.74,
2026-09-11T01:48:33.992398+00:00,200,21687.35,
2026-09-11T01:48:35.377743+00:00,200,20301.99,
2026-09-11T01:48:49.420101+00:00,200,6259.02,
2026-09-11T01:48:03.858833+00:00,200,51840.41,
2026-09-11T01:48:29.272068+00:00,200,26445.78,
2026-09-11T01:48:03.569227+00:00,200,52183.76,
2026-09-11T01:48:44.080753+00:00,200,11669.44,
2026-09-11T01:48:53.586932+00:00,200,2176.20,
2026-09-11T01:48:49.109765+00:00,200,6654.94,
2026-09-11T01:48:53.681432+00:00,200,2105.87,
2026-09-11T01:48:53.248098+00:00,200,2549.06,
2026-09-11T01:48:53.739797+00:00,200,2060.30,
2026-09-11T01:48:15.815616+00:00,200,39989.27,
2026-09-11T01:48:09.244582+00:00,200,46570.17,
2026-09-11T01:48:54.056485+00:00,200,1780.88,
2026-09-11T01:48:43.082092+00:00,200,12751.21,
2026-09-11T01:48:43.135444+00:00,200,12711.68,
2026-09-11T01:48:37.739762+00:00,200,18118.16,
2026-09-11T01:48:21.737446+00:00,200,34134.14,
2026-09-11T01:47:52.235653+00:00,200,63637.74,
2026-09-11T01:48:30.726918+00:00,200,25158.23,
2026-09-11T01:48:55.290004+00:00,200,601.77,
2026-09-11T01:47:40.218734+00:00,200,75693.24,
2026-09-11T01:48:51.410915+00:00,200,4523.83,
2026-09-11T01:48:36.582014+00:00,200,19384.25,
2026-09-11T01:48:52.631075+00:00,200,3363.10,
2026-09-11T01:47:54.261892+00:00,200,61734.88,
2026-09-11T01:47:54.991795+00:00,200,61030.96,
2026-09-11T01:48:35.071963+00:00,200,20952.97,
2026-09-11T01:48:24.740291+00:00,200,31326.11,
2026-09-11T01:48:41.473591+00:00,200,14598.85,
2026-09-11T01:48:40.683540+00:00,200,15401.27,
2026-09-11T01:48:47.525822+00:00,200,8559.82,
2026-09-11T01:48:18.930100+00:00,200,37186.07,
2026-09-11T01:48:53.826682+00:00,200,2298.34,
2026-09-11T01:48:45.464890+00:00,200,10670.83,
2026-09-11T01:48:10.863871+00:00,200,45279.80,
2026-09-11T01:48:46.847603+00:00,200,9297.96,
2026-09-11T01:48:23.239960+00:00,200,32923.77,
2026-09-11T01:48:54.414650+00:00,200,1749.00,
2026-09-11T01:48:10.989957+00:00,200,45186.89,
2026-09-11T01:48:27.371680+00:00,200,28811.23,
2026-09-11T01:48:29.232499+00:00,200,26989.45,
2026-09-11T01:48:33.938954+00:00,200,22293.78,
2026-09-11T01:48:55.111008+00:00,200,1138.95,
2026-09-11T01:48:24.384981+00:00,200,31875.51,
2026-09-11T01:47:35.855937+00:00,200,80414.29,
2026-09-11T01:48:45.257828+00:00,200,11012.04,
2026-09-11T01:47:44.155946+00:00,200,72126.35,
2026-09-11T01:48:49.547247+00:00,200,6738.01,
2026-09-11T01:48:50.497627+00:00,200,5796.45,
2026-09-11T01:48:52.506418+00:00,200,3802.52,
2026-09-11T01:48:38.693884+00:00,200,17647.31,
2026-09-11T01:48:44.613660+00:00,200,11760.93,
2026-09-11T01:48:46.263267+00:00,200,10115.71,
2026-09-11T01:48:11.854713+00:00,200,44568.08,
2026-09-11T01:48:50.981861+00:00,200,5471.33,
2026-09-11T01:48:54.781609+00:00,200,1673.78,
2026-09-11T01:48:54.686387+00:00,200,1779.39,
2026-09-11T01:47:56.511436+00:00,200,59958.89,
2026-09-11T01:48:26.469548+00:00,200,30014.35,
2026-09-11T01:48:52.599231+00:00,200,3886.66,
2026-09-11T01:48:50.049178+00:00,200,6433.75,
2026-09-11T01:48:45.340038+00:00,200,11149.85,
2026-09-11T01:48:46.377329+00:00,200,10120.41,
2026-09-11T01:48:49.169964+00:00,200,7346.89,
2026-09-11T01:48:38.433748+00:00,200,18090.68,
2026-09-11T01:48:52.963087+00:00,200,3591.17,
2026-09-11T01:47:38.453358+00:00,200,78113.82,
2026-09-11T01:48:43.461600+00:00,200,13121.88,
2026-09-11T01:48:43.655147+00:00,200,12949.97,
2026-09-11T01:47:48.805146+00:00,200,67805.16,
2026-09-11T01:48:53.200455+00:00,200,3399.31,
2026-09-11T01:48:35.789316+00:00,200,20824.83,
2026-09-11T01:48:52.012967+00:00,200,4601.90,
2026-09-11T01:48:38.563830+00:00,200,18058.27,
2026-09-11T01:48:42.874969+00:00,200,13762.89,
2026-09-11T01:48:38.931277+00:00,200,17730.69,
2026-09-11T01:48:48.721886+00:00,200,7942.20,
2026-09-11T01:48:48.557819+00:00,200,8120.89,
2026-09-11T01:48:28.282308+00:00,200,28427.52,
2026-09-11T01:48:02.486382+00:00,200,54241.13,
2026-09-11T01:48:49.372744+00:00,200,7391.05,
2026-09-11T01:47:49.048810+00:00,200,67736.93,
2026-09-11T01:48:48.196815+00:00,200,8599.82,
2026-09-11T01:48:56.364314+00:00,200,460.52,
2026-09-11T01:48:24.986669+00:00,200,31860.67,
2026-09-11T01:48:41.855763+00:00,200,14999.29,
2026-09-11T01:48:44.838542+00:00,200,12044.35,
2026-09-11T01:48:56.664322+00:00,200,219.73,
2026-09-11T01:48:19.797154+00:00,200,37112.92,
2026-09-11T01:48:26.068436+00:00,200,30839.71,
2026-09-11T01:47:50.580153+00:00,200,66354.13,
2026-09-11T01:48:27.692254+00:00,200,29262.10,
2026-09-11T01:48:11.214121+00:00,200,45781.12,
2026-09-11T01:48:48.295608+00:00,200,8698.51,
2026-09-11T01:48:46.157718+00:00,200,10848.43,
2026-09-11T01:48:55.111008+00:00,200,1905.45,
2026-09-11T01:48:24.434234+00:00,200,32597.74,
2026-09-11T01:48:44.573175+00:00,200,12473.54,
2026-09-11T01:48:18.799256+00:00,200,38254.79,
2026-09-11T01:48:30.720318+00:00,200,26346.70,
2026-09-11T01:48:01.292986+00:00,200,55804.61,
2026-09-11T01:48:27.207417+00:00,200,29886.87,
2026-09-11T01:48:26.611753+00:00,200,30494.05,
2026-09-11T01:48:48.708851+00:00,200,8400.26,
2026-09-11T01:48:02.503088+00:00,200,54646.14,
2026-09-11T01:48:47.072601+00:00,200,10086.20,
2026-09-11T01:48:45.599998+00:00,200,11569.15,
2026-09-11T01:48:21.560920+00:00,200,35619.26,
2026-09-11T01:48:45.531797+00:00,200,11687.23,
2026-09-11T01:48:33.714364+00:00,200,23509.67,
2026-09-11T01:48:49.740086+00:00,200,7500.39,
2026-09-11T01:48:32.279076+00:00,200,24991.98,
2026-09-11T01:48:48.975235+00:00,200,8295.01,
2026-09-11T01:48:56.341433+00:00,200,953.37,
2026-09-11T01:48:25.177479+00:00,200,32122.06,
2026-09-11T01:48:39.692205+00:00,200,17623.49,
2026-09-11T01:48:15.886781+00:00,200,41439.46,
2026-09-11T01:48:46.678718+00:00,200,10665.88,
2026-09-11T01:48:37.644712+00:00,200,19707.17,
2026-09-11T01:47:25.988657+00:00,200,91384.08,
2026-09-11T01:48:50.990137+00:00,200,6382.28,
2026-09-11T01:48:54.093662+00:00,200,3298.72,
2026-09-11T01:48:55.178841+00:00,200,2225.19,
2026-09-11T01:48:10.844029+00:00,200,46587.45,
2026-09-11T01:48:21.140546+00:00,200,36297.46,
2026-09-11T01:48:57.273088+00:00,200,176.70,
2026-09-11T01:48:50.519358+00:00,200,6938.51,
2026-09-11T01:48:49.738089+00:00,200,7728.08,
2026-09-11T01:48:46.660542+00:00,200,10812.29,
2026-09-11T01:48:15.186418+00:00,200,42305.55,
2026-09-11T01:48:46.893333+00:00,200,10616.82,
2026-09-11T01:48:55.935554+00:00,200,1582.13,
2026-09-11T01:48:20.110584+00:00,200,37396.12,
2026-09-11T01:48:23.175960+00:00,200,34337.23,
2026-09-11T01:47:55.386445+00:00,200,62139.69,
2026-09-11T01:48:35.123387+00:00,200,22412.41,
2026-09-11T01:48:05.936646+00:00,200,51601.34,
2026-09-11T01:48:24.374173+00:00,200,33173.41,
2026-09-11T01:48:46.121243+00:00,200,11465.99,
2026-09-11T01:48:45.831958+00:00,200,11777.83,
2026-09-11T01:48:37.804434+00:00,200,19808.51,
2026-09-11T01:48:56.173953+00:00,200,1440.20,
2026-09-11T01:48:44.388370+00:00,200,13234.88,
2026-09-11T01:48:54.504179+00:00,200,3139.43,
2026-09-11T01:48:43.498601+00:00,200,14159.97,
2026-09-11T01:47:55.435699+00:00,200,62238.06,
2026-09-11T01:48:50.535785+00:00,200,7145.24,
2026-09-11T01:48:21.910441+00:00,200,35771.35,
2026-09-11T01:48:19.377292+00:00,200,38318.56,
2026-09-11T01:48:17.705184+00:00,200,39995.22,
2026-09-11T01:48:12.291094+00:00,200,45412.11,
2026-09-11T01:48:33.748453+00:00,200,23953.37,
2026-09-11T01:48:18.993866+00:00,200,38742.18,
2026-09-11T01:48:53.573011+00:00,200,4166.39,
2026-09-11T01:48:56.558684+00:00,200,1211.97,
2026-09-11T01:48:30.688086+00:00,200,27085.17,
2026-09-11T01:48:29.355766+00:00,200,28433.54,
2026-09-11T01:48:57.588609+00:00,200,221.42,
2026-09-11T01:48:39.591409+00:00,200,18234.41,
2026-09-11T01:48:32.276558+00:00,200,25578.67,
2026-09-11T01:47:50.342957+00:00,200,67512.67,
2026-09-11T01:48:40.729430+00:00,200,17147.51,
2026-09-11T01:48:52.537419+00:00,200,5378.83,
2026-09-11T01:48:50.772345+00:00,200,7149.40,
2026-09-11T01:48:32.835494+00:00,200,25106.71,
2026-09-11T01:48:45.413898+00:00,200,12531.41,
2026-09-11T01:48:53.931290+00:00,200,4020.46,
2026-09-11T01:48:38.248491+00:00,200,19714.14,
2026-09-11T01:47:48.169477+00:00,200,69795.78,
2026-09-11T01:48:04.604085+00:00,200,53396.00,
2026-09-11T01:48:48.424873+00:00,200,9587.42,
2026-09-11T01:48:31.693997+00:00,200,26332.09,
2026-09-11T01:48:24.030449+00:00,200,33995.82,
2026-09-11T01:48:54.564949+00:00,200,3501.47,
2026-09-11T01:48:24.466529+00:00,200,33644.66,
2026-09-11T01:48:28.473316+00:00,200,29641.39,
2026-09-11T01:48:54.119578+00:00,200,3994.90,
2026-09-11T01:48:47.151443+00:00,200,10979.63,
2026-09-11T01:48:45.821294+00:00,200,12321.53,
2026-09-11T01:48:34.424906+00:00,200,23732.44,
2026-09-11T01:47:47.830790+00:00,200,70329.15,
2026-09-11T01:48:14.671307+00:00,200,43488.82,
2026-09-11T01:47:48.873100+00:00,200,69328.06,
2026-09-11T01:48:36.138383+00:00,200,22061.45,
2026-09-11T01:48:46.300459+00:00,200,11906.28,
2026-09-11T01:48:06.288132+00:00,200,51928.48,
2026-09-11T01:48:54.382777+00:00,200,3829.13,
2026-09-11T01:48:36.188965+00:00,200,22039.66,
2026-09-11T01:48:37.867049+00:00,200,20366.92,
2026-09-11T01:48:51.660986+00:00,200,6582.47,
2026-09-11T01:48:37.000368+00:00,200,21274.02,
2026-09-11T01:48:35.255684+00:00,200,23026.15,
2026-09-11T01:48:58.044061+00:00,200,232.97,
2026-09-11T01:48:58.107740+00:00,200,201.25,
2026-09-11T01:47:39.509257+00:00,200,78812.67,
2026-09-11T01:48:24.483457+00:00,200,33833.47,
2026-09-11T01:47:47.644009+00:00,200,70708.09,
2026-09-11T01:48:02.695270+00:00,200,55666.57,
2026-09-11T01:48:51.439638+00:00,200,6938.18,
2026-09-11T01:48:44.470236+00:00,200,13927.67,
2026-09-11T01:48:34.825130+00:00,200,23583.36,
2026-09-11T01:47:41.265643+00:00,200,77139.03,
2026-09-11T01:48:23.895940+00:00,200,34522.43,
2026-09-11T01:48:57.768779+00:00,200,654.31,
2026-09-11T01:48:49.643227+00:00,200,8781.13,
2026-09-11T01:48:31.153872+00:00,200,27294.70,
2026-09-11T01:48:43.113674+00:00,200,15352.42,
2026-09-11T01:48:32.649367+00:00,200,25848.64,
2026-09-11T01:48:21.658458+00:00,200,36846.57,
2026-09-11T01:48:35.151032+00:00,200,23349.87,
2026-09-11T01:48:30.118150+00:00,200,28403.15,
2026-09-11T01:48:58.313643+00:00,200,217.77,
2026-09-11T01:48:29.338073+00:00,200,29203.80,
2026-09-11T01:48:37.316016+00:00,200,21238.08,
2026-09-11T01:47:57.493148+00:00,200,61075.37,
2026-09-11T01:47:50.799537+00:00,200,67779.61,
2026-09-11T01:48:04.525174+00:00,200,54057.93,
2026-09-11T01:48:45.750897+00:00,200,12834.87,
2026-09-11T01:48:34.688058+00:00,200,23924.50,
2026-09-11T01:48:54.126000+00:00,200,4497.11,
2026-09-11T01:48:39.600087+00:00,200,19042.98,
2026-09-11T01:48:51.774956+00:00,200,6884.46,
2026-09-11T01:48:58.422686+00:00,200,286.11,
2026-09-11T01:48:24.564329+00:00,200,34144.42,
2026-09-11T01:47:48.197303+00:00,200,70532.19,
2026-09-11T01:48:23.262439+00:00,200,35478.58,
2026-09-11T01:48:56.990362+00:00,200,1757.83,
2026-09-11T01:48:20.724761+00:00,200,38039.41,
2026-09-11T01:48:53.731259+00:00,200,5030.44,
2026-09-11T01:48:41.091760+00:00,200,17681.55,
2026-09-11T01:48:18.460089+00:00,200,40313.62,
2026-09-11T01:48:48.349944+00:00,200,10440.45,
2026-09-11T01:48:58.425115+00:00,200,387.29,
2026-09-11T01:48:25.733386+00:00,200,33081.90,
2026-09-11T01:48:47.194311+00:00,200,11640.93,
2026-09-11T01:48:57.927996+00:00,200,923.91,
2026-09-11T01:48:43.624882+00:00,200,15241.56,
2026-09-11T01:48:57.804211+00:00,200,1060.76,
2026-09-11T01:48:41.294572+00:00,200,17581.33,
2026-09-11T01:48:38.102365+00:00,200,20779.00,
2026-09-11T01:48:43.340544+00:00,200,15570.01,
2026-09-11T01:48:56.268954+00:00,200,2649.98,
2026-09-11T01:48:58.711903+00:00,200,212.40,
2026-09-11T01:48:44.208879+00:00,200,14709.26,
2026-09-11T01:48:44.911427+00:00,200,14030.24,
2026-09-11T01:48:54.662025+00:00,200,4306.10,
2026-09-11T01:48:58.279714+00:00,200,695.64,
2026-09-11T01:48:33.847872+00:00,200,25139.44,
2026-09-11T01:48:57.419879+00:00,200,1584.30,
2026-09-11T01:47:42.394743+00:00,200,76635.34,
2026-09-11T01:48:31.340257+00:00,200,27695.44,
2026-09-11T01:48:01.817177+00:00,200,57230.46,
2026-09-11T01:48:48.959282+00:00,200,10091.56,
2026-09-11T01:48:19.155634+00:00,200,39909.64,
2026-09-11T01:48:55.239075+00:00,200,3848.96,
2026-09-11T01:48:55.173787+00:00,200,3919.66,
2026-09-11T01:48:46.497363+00:00,200,12596.45,
2026-09-11T01:48:57.371909+00:00,200,1741.79,
2026-09-11T01:48:49.468065+00:00,200,9662.70,
2026-09-11T01:48:24.221704+00:00,200,34941.13,
2026-09-11T01:48:26.082168+00:00,200,33078.29,
2026-09-11T01:48:37.236529+00:00,200,21961.31,
2026-09-11T01:48:47.789358+00:00,200,11408.34,
2026-09-11T01:48:51.475730+00:00,200,7731.36,
2026-09-11T01:48:34.896854+00:00,200,24317.97,
2026-09-11T01:48:46.939269+00:00,200,12282.24,
2026-09-11T01:48:08.374844+00:00,200,50852.84,
2026-09-11T01:48:48.278117+00:00,200,10975.73,
2026-09-11T01:48:39.534062+00:00,200,19743.00,
2026-09-11T01:48:07.334765+00:00,200,51949.92,
2026-09-11T01:48:19.123694+00:00,200,40170.35,
2026-09-11T01:48:46.867314+00:00,200,12453.84,
2026-09-11T01:48:17.537937+00:00,200,41792.05,
2026-09-11T01:48:37.944969+00:00,200,21394.84,
2026-09-11T01:47:39.457943+00:00,200,79884.17,
2026-09-11T01:48:33.637597+00:00,200,25724.58,
2026-09-11T01:48:25.517154+00:00,200,33851.35,
2026-09-11T01:48:48.515462+00:00,200,10868.63,
2026-09-11T01:48:29.575354+00:00,200,29821.73,
2026-09-11T01:48:13.578242+00:00,200,45843.37,
2026-09-11T01:48:54.266998+00:00,200,5144.35,
2026-09-11T01:48:49.722843+00:00,200,9721.42,
2026-09-11T01:48:55.760895+00:00,200,3685.01,
2026-09-11T01:48:50.449629+00:00,200,9011.61,
2026-09-11T01:48:48.835345+00:00,200,10624.33,
2026-09-11T01:48:44.755507+00:00,200,14721.76,
2026-09-11T01:47:32.944145+00:00,200,86541.91,
2026-09-11T01:48:53.359542+00:00,200,6140.28,
2026-09-11T01:48:50.088349+00:00,200,9430.52,
2026-09-11T01:48:22.699627+00:00,200,36833.45,
2026-09-11T01:48:59.321055+00:00,200,215.59,
2026-09-11T01:48:41.156601+00:00,200,18385.95,
2026-09-11T01:48:42.669474+00:00,200,16866.79,
2026-09-11T01:48:29.214927+00:00,200,30354.07,
2026-09-11T01:48:41.659366+00:00,200,17922.30,
2026-09-11T01:47:36.766332+00:00,200,82838.61,
2026-09-11T01:48:46.673695+00:00,200,12932.87,
2026-09-11T01:48:45.047590+00:00,200,14575.29,
2026-09-11T01:47:44.235622+00:00,200,75410.45,
2026-09-11T01:48:43.271678+00:00,200,16382.24,
2026-09-11T01:48:39.952865+00:00,200,19726.08,
2026-09-11T01:48:49.312766+00:00,200,10391.60,
2026-09-11T01:48:36.727565+00:00,200,22986.15,
2026-09-11T01:48:25.446064+00:00,200,34326.74,
2026-09-11T01:48:22.061857+00:00,200,37717.92,
2026-09-11T01:48:32.588814+00:00,200,27202.55,
2026-09-11T01:48:55.079509+00:00,200,4721.04,
2026-09-11T01:48:56.731717+00:00,200,3073.80,
2026-09-11T01:48:54.590821+00:00,200,5217.35,
2026-09-11T01:48:21.692979+00:00,200,38123.79,
2026-09-11T01:48:10.343438+00:00,200,49495.78,
2026-09-11T01:48:56.443418+00:00,200,3395.65,
2026-09-11T01:48:58.204738+00:00,200,1636.93,
2026-09-11T01:48:17.311575+00:00,200,42561.04,
2026-09-11T01:48:47.178483+00:00,200,12714.64,
2026-09-11T01:48:49.101746+00:00,200,10803.59,
2026-09-11T01:48:52.759298+00:00,200,7158.00,
2026-09-11T01:48:47.876097+00:00,200,12081.61,
2026-09-11T01:48:07.167212+00:00,200,52795.72,
2026-09-11T01:48:03.980656+00:00,200,55991.82,
2026-09-11T01:48:22.666334+00:00,200,37338.16,
2026-09-11T01:48:23.424640+00:00,200,36582.89,
2026-09-11T01:48:58.819594+00:00,200,1215.18,
2026-09-11T01:48:50.402016+00:00,200,9629.56,
2026-09-11T01:47:54.633122+00:00,200,65404.59,
2026-09-11T01:47:52.332149+00:00,200,67702.14,
2026-09-11T01:48:05.048217+00:00,200,55030.45,
2026-09-11T01:48:55.252480+00:00,200,4825.07,
2026-09-11T01:48:51.559959+00:00,200,8528.32,
2026-09-11T01:48:50.672364+00:00,200,9470.30,
2026-09-11T01:47:57.461373+00:00,200,62695.59,
2026-09-11T01:48:14.755798+00:00,200,45414.38,
2026-09-11T01:48:28.254890+00:00,200,31926.38,
2026-09-11T01:48:56.221668+00:00,200,3964.23,
2026-09-11T01:48:55.338005+00:00,200,4853.11,
2026-09-11T01:48:14.608575+00:00,200,45590.24,
2026-09-11T01:48:15.886781+00:00,200,44315.98,
2026-09-11T01:48:29.774672+00:00,200,30446.05,
2026-09-11T01:49:00.006144+00:00,200,248.00,
2026-09-11T01:48:58.877219+00:00,200,1379.69,
2026-09-11T01:48:58.528581+00:00,200,1728.87,
2026-09-11T01:48:18.189523+00:00,200,42079.82,
2026-09-11T01:48:41.749102+00:00,200,18552.88,
2026-09-11T01:48:10.202271+00:00,200,50109.44,
2026-09-11T01:48:25.801331+00:00,200,34523.18,
2026-09-11T01:48:50.098311+00:00,200,10230.53,
2026-09-11T01:48:59.838996+00:00,200,511.31,
2026-09-11T01:48:42.141785+00:00,200,18214.19,
2026-09-11T01:48:54.282987+00:00,200,6075.72,
2026-09-11T01:48:43.717645+00:00,200,16650.44,
2026-09-11T01:47:35.989559+00:00,200,84401.92,
2026-09-11T01:48:44.286191+00:00,200,16117.51,
2026-09-11T01:48:00.061783+00:00,200,60345.74,
2026-09-11T01:48:54.314977+00:00,200,6099.32,
2026-09-11T01:48:35.805544+00:00,200,24616.96,
2026-09-11T01:48:34.003962+00:00,200,26429.60,
2026-09-11T01:48:06.211984+00:00,200,54228.85,
2026-09-11T01:48:34.567187+00:00,200,25882.93,
2026-09-11T01:48:45.464890+00:00,200,14999.82,
2026-09-11T01:49:00.257398+00:00,200,217.51,
2026-09-11T01:48:41.735726+00:00,200,18745.61,
2026-09-11T01:48:39.615921+00:00,200,20906.24,
2026-09-11T01:49:00.072908+00:00,200,445.71,
2026-09-11T01:48:36.089387+00:00,200,24459.88,
2026-09-11T01:47:19.936138+00:00,200,100622.02,
2026-09-11T01:48:21.263165+00:00,200,39302.17,
2026-09-11T01:48:39.091521+00:00,200,21478.28,
2026-09-11T01:48:38.597315+00:00,200,21983.15,
2026-09-11T01:48:47.747638+00:00,200,12864.66,
2026-09-11T01:48:51.918718+00:00,200,8702.77,
2026-09-11T01:48:59.747812+00:00,200,897.90,
2026-09-11T01:48:23.114877+00:00,200,37552.11,
2026-09-11T01:48:43.557180+00:00,200,17122.09,
2026-09-11T01:48:58.790634+00:00,200,1895.29,
2026-09-11T01:48:53.623079+00:00,200,7063.86,
2026-09-11T01:48:53.774189+00:00,200,6921.13,
2026-09-11T01:48:24.757311+00:00,200,35951.51,
2026-09-11T01:48:21.433722+00:00,200,39282.13,
2026-09-11T01:47:56.690667+00:00,200,64027.52,
2026-09-11T01:47:25.416404+00:00,200,95322.34,
2026-09-11T01:49:00.552181+00:00,200,190.66,
2026-09-11T01:48:51.114893+00:00,200,9641.17,
2026-09-11T01:48:28.964580+00:00,200,31806.22,
2026-09-11T01:48:51.137454+00:00,200,9658.68,
2026-09-11T01:48:41.808755+00:00,200,18994.38,
2026-09-11T01:48:58.153147+00:00,200,2650.06,
2026-09-11T01:48:47.658832+00:00,200,13154.38,
2026-09-11T01:48:10.632026+00:00,200,50202.77,
2026-09-11T01:48:27.954438+00:00,200,32896.11,
2026-09-11T01:48:20.248130+00:00,200,40631.29,
2026-09-11T01:48:07.613243+00:00,200,53267.82,
2026-09-11T01:48:22.488093+00:00,200,38423.65,
2026-09-11T01:48:08.287735+00:00,200,52626.54,
2026-09-11T01:48:36.317764+00:00,200,24604.88,
2026-09-11T01:48:49.817194+00:00,200,11113.14,
2026-09-11T01:48:33.304064+00:00,200,27648.53,
2026-09-11T01:48:42.657578+00:00,200,18299.98,
2026-09-11T01:48:49.785651+00:00,200,11189.67,
2026-09-11T01:48:44.238634+00:00,200,16748.85,
2026-09-11T01:48:11.854713+00:00,200,49155.60,
2026-09-11T01:48:56.661362+00:00,200,4375.92,
2026-09-11T01:48:33.657291+00:00,200,27377.34,
2026-09-11T01:48:40.407205+00:00,200,20660.39,
2026-09-11T01:48:49.353607+00:00,200,11728.99,
2026-09-11T01:48:58.830273+00:00,200,2261.49,
2026-09-11T01:47:59.244337+00:00,200,61850.49,
2026-09-11T01:48:08.559864+00:00,200,52560.87,
2026-09-11T01:48:49.659710+00:00,200,11470.50,
2026-09-11T01:48:48.831743+00:00,200,12299.13,
2026-09-11T01:48:34.782881+00:00,200,26348.14,
2026-09-11T01:48:38.372177+00:00,200,22770.18,
2026-09-11T01:48:37.519238+00:00,200,23636.01,
2026-09-11T01:48:59.015752+00:00,200,2145.38,
2026-09-11T01:48:51.868372+00:00,200,9296.06,
2026-09-11T01:49:00.474745+00:00,200,713.35,
2026-09-11T01:48:33.280418+00:00,200,27951.24,
2026-09-11T01:48:35.433691+00:00,200,25803.80,
2026-09-11T01:48:38.110211+00:00,200,23149.54,
2026-09-11T01:48:29.761493+00:00,200,31514.56,
2026-09-11T01:48:59.466582+00:00,200,1860.82,
2026-09-11T01:48:54.366959+00:00,200,7015.39,
2026-09-11T01:48:28.196471+00:00,200,33187.16,
2026-09-11T01:49:00.524366+00:00,200,865.16,
2026-09-11T01:48:25.618748+00:00,200,35772.04,
2026-09-11T01:48:40.139133+00:00,200,21261.21,
2026-09-11T01:47:40.783030+00:00,200,80622.45,
2026-09-11T01:47:45.686645+00:00,200,75736.37,
2026-09-11T01:48:48.816206+00:00,200,12614.03,
2026-09-11T01:48:20.103060+00:00,200,41331.20,
2026-09-11T01:48:50.755658+00:00,200,10688.45,
2026-09-11T01:48:52.279181+00:00,200,9171.89,
2026-09-11T01:48:56.931716+00:00,200,4558.81,
2026-09-11T01:48:22.820682+00:00,200,38689.93,
2026-09-11T01:48:15.980293+00:00,200,45559.47,
2026-09-11T01:48:59.916888+00:00,200,1631.59,
2026-09-11T01:48:23.163885+00:00,200,38390.18,
2026-09-11T01:48:58.407395+00:00,200,3163.33,
2026-09-11T01:48:17.221304+00:00,200,44355.22,
2026-09-11T01:48:30.753228+00:00,200,30840.67,
2026-09-11T01:48:58.865231+00:00,200,2729.64,
2026-09-11T01:48:57.728268+00:00,200,3874.62,
2026-09-11T01:49:01.381573+00:00,200,225.06,
2026-09-11T01:48:56.914423+00:00,200,4691.47,
2026-09-11T01:48:57.014452+00:00,200,4599.19,
2026-09-11T01:48:29.840124+00:00,200,31796.18,
2026-09-11T01:48:15.428256+00:00,200,46258.65,
2026-09-11T01:48:57.879563+00:00,200,3816.76,
2026-09-11T01:48:39.063452+00:00,200,22659.85,
2026-09-11T01:48:41.320035+00:00,200,20402.55,
2026-09-11T01:47:38.266249+00:00,200,83459.63,
2026-09-11T01:48:50.972686+00:00,200,10757.77,
2026-09-11T01:48:00.582374+00:00,200,61148.68,
2026-09-11T01:48:57.546842+00:00,200,4206.22,
2026-09-11T01:48:48.975235+00:00,200,12785.76,
2026-09-11T01:48:07.854292+00:00,200,53913.77,
2026-09-11T01:48:51.350809+00:00,200,10419.91,
2026-09-11T01:48:59.773244+00:00,200,2007.82,
2026-09-11T01:48:29.835112+00:00,200,31983.89,
2026-09-11T01:48:41.294572+00:00,200,20532.17,
2026-09-11T01:48:54.590821+00:00,200,7250.99,
2026-09-11T01:48:55.586279+00:00,200,6281.57,
2026-09-11T01:48:52.315159+00:00,200,9568.35,
2026-09-11T01:48:41.315203+00:00,200,20595.38,
2026-09-11T01:48:44.421705+00:00,200,17518.56,
2026-09-11T01:48:44.231097+00:00,200,17713.03,
2026-09-11T01:48:17.207668+00:00,200,44773.56,
2026-09-11T01:48:31.444726+00:00,200,30563.26,
2026-09-11T01:47:54.750334+00:00,200,67305.96,
2026-09-11T01:48:34.322940+00:00,200,27729.28,
2026-09-11T01:48:13.605300+00:00,200,48457.45,
2026-09-11T01:48:51.624180+00:00,200,10449.54,
2026-09-11T01:49:01.722575+00:00,200,382.54,
2026-09-11T01:48:54.382777+00:00,200,7749.42,
2026-09-11T01:48:54.282987+00:00,200,7856.76,
2026-09-11T01:48:51.098538+00:00,200,11060.69,
2026-09-11T01:48:57.618520+00:00,200,4550.43,
2026-09-11T01:48:45.236014+00:00,200,16947.16,
2026-09-11T01:48:43.724406+00:00,200,18464.27,
2026-09-11T01:48:56.014965+00:00,200,6164.60,
2026-09-11T01:48:25.205838+00:00,200,36982.08,
2026-09-11T01:48:46.942316+00:00,200,15253.92,
2026-09-11T01:48:26.812138+00:00,200,35398.26,
2026-09-11T01:48:59.163144+00:00,200,3061.84,
2026-09-11T01:48:55.991489+00:00,200,6235.74,
2026-09-11T01:49:01.425073+00:00,200,799.91,
2026-09-11T01:48:35.783204+00:00,200,26475.27,
2026-09-11T01:47:57.573037+00:00,200,64687.18,
2026-09-11T01:48:12.545636+00:00,200,49732.46,
2026-09-11T01:48:14.416879+00:00,200,47907.70,
2026-09-11T01:48:25.746290+00:00,200,36581.58,
2026-09-11T01:48:35.334864+00:00,200,27024.61,
2026-09-11T01:47:56.097418+00:00,200,66261.58,
2026-09-11T01:48:47.234306+00:00,200,15126.94,
2026-09-11T01:48:59.778890+00:00,200,2587.86,
2026-09-11T01:48:43.921475+00:00,200,18489.77,
2026-09-11T01:48:57.945536+00:00,200,4475.43,
2026-09-11T01:48:59.568790+00:00,200,2857.60,
2026-09-11T01:48:16.719158+00:00,200,45710.54,
2026-09-11T01:49:02.223842+00:00,200,224.71,
2026-09-11T01:48:39.202692+00:00,200,23252.06,
2026-09-11T01:48:57.857518+00:00,200,4607.77,
2026-09-11T01:48:48.178227+00:00,200,14305.38,
2026-09-11T01:49:00.719195+00:00,200,1785.68,
2026-09-11T01:48:47.839993+00:00,200,14681.92,
2026-09-11T01:48:57.152270+00:00,200,5385.66,
2026-09-11T01:49:02.111443+00:00,200,474.04,
2026-09-11T01:48:56.145259+00:00,200,6441.55,
2026-09-11T01:48:55.512644+00:00,200,7086.95,
2026-09-11T01:48:38.138720+00:00,200,24463.18,
2026-09-11T01:48:36.686790+00:00,200,25930.35,
2026-09-11T01:48:41.579323+00:00,200,21043.02,
2026-09-11T01:46:52.775471+00:00,200,129844.87,
2026-09-11T01:48:52.091517+00:00,200,10534.37,
2026-09-11T01:48:57.538495+00:00,200,5090.64,
2026-09-11T01:48:54.652496+00:00,200,7981.65,
2026-09-11T01:48:23.304154+00:00,200,39340.54,
2026-09-11T01:48:21.541924+00:00,200,41111.43,
2026-09-11T01:47:46.892411+00:00,200,75771.33,
2026-09-11T01:48:59.794974+00:00,200,2885.92,
2026-09-11T01:48:47.386980+00:00,200,15297.79,
2026-09-11T01:49:01.492728+00:00,200,1199.31,
2026-09-11T01:48:05.332635+00:00,200,57375.32,
2026-09-11T01:48:58.942135+00:00,200,3819.79,
2026-09-11T01:48:45.275135+00:00,200,17500.97,
2026-09-11T01:48:57.677212+00:00,200,5100.78,
2026-09-11T01:48:40.265160+00:00,200,22524.18,
2026-09-11T01:48:52.677867+00:00,200,10116.91,
2026-09-11T01:48:57.387917+00:00,200,5414.39,
2026-09-11T01:48:15.908266+00:00,200,46906.43,
2026-09-11T01:48:59.543616+00:00,200,3301.01,
2026-09-11T01:48:24.865151+00:00,200,38000.64,
2026-09-11T01:48:04.128622+00:00,200,58758.22,
2026-09-11T01:48:03.099232+00:00,200,59787.94,
2026-09-11T01:48:08.935821+00:00,200,53974.83,
2026-09-11T01:48:55.824472+00:00,200,7090.64,
2026-09-11T01:48:50.998912+00:00,200,11953.85,
2026-09-11T01:47:43.479801+00:00,200,79480.08,
2026-09-11T01:48:05.986689+00:00,200,56988.52,
2026-09-11T01:48:27.755467+00:00,200,35221.28,
2026-09-11T01:48:50.070875+00:00,200,12896.86,
2026-09-11T01:48:30.400003+00:00,200,32588.59,
2026-09-11T01:48:55.640365+00:00,200,7344.77,
2026-09-11T01:48:43.959446+00:00,200,19043.12,
2026-09-11T01:48:22.918377+00:00,200,40107.57,
2026-09-11T01:48:40.059983+00:00,200,23005.41,
2026-09-11T01:48:56.061939+00:00,200,7017.00,
2026-09-11T01:48:34.609266+00:00,200,28479.56,
2026-09-11T01:48:47.615512+00:00,200,15472.40,
2026-09-11T01:48:06.949625+00:00,200,56191.21,
2026-09-11T01:49:02.906457+00:00,200,244.21,
2026-09-11T01:48:39.218651+00:00,200,23979.04,
2026-09-11T01:48:20.264879+00:00,200,42943.44,
2026-09-11T01:48:57.213305+00:00,200,6004.21,
2026-09-11T01:49:01.326527+00:00,200,1913.55,
2026-09-11T01:48:57.159822+00:00,200,6094.90,
2026-09-11T01:48:47.496331+00:00,200,15756.39,
2026-09-11T01:48:59.548631+00:00,200,3732.73,
2026-09-11T01:48:21.277434+00:00,200,42015.58,
2026-09-11T01:47:57.414687+00:00,200,65876.95,
2026-09-11T01:48:16.050813+00:00,200,47275.85,
2026-09-11T01:48:48.374840+00:00,200,14957.14,
2026-09-11T01:48:43.409608+00:00,200,19950.83,
2026-09-11T01:49:03.123023+00:00,200,240.98,
2026-09-11T01:49:00.680840+00:00,200,2694.11,
2026-09-11T01:48:29.575354+00:00,200,33804.26,
2026-09-11T01:48:30.991500+00:00,200,32386.33,
2026-09-11T01:48:57.535476+00:00,200,5850.60,
2026-09-11T01:48:54.027060+00:00,200,9363.09,
2026-09-11T01:48:39.855160+00:00,200,23525.99,
2026-09-11T01:48:42.105561+00:00,200,21344.94,
2026-09-11T01:48:50.386136+00:00,200,13069.44,
2026-09-11T01:48:28.230092+00:00,200,35231.76,
2026-09-11T01:49:00.081429+00:00,200,3393.84,
2026-09-11T01:49:01.331545+00:00,200,2148.48,
2026-09-11T01:47:57.483699+00:00,200,65994.96,
2026-09-11T01:48:36.005527+00:00,200,27472.48,
2026-09-11T01:48:58.766670+00:00,200,4724.05,
2026-09-11T01:48:57.514936+00:00,200,5973.53,
2026-09-11T01:48:32.998804+00:00,200,30502.29,
2026-09-11T01:48:45.887600+00:00,200,17617.88,
2026-09-11T01:48:12.713292+00:00,200,50813.36,
2026-09-11T01:47:57.363890+00:00,200,66183.15,
2026-09-11T01:48:17.000191+00:00,200,46565.03,
2026-09-11T01:48:38.138720+00:00,200,25429.71,
2026-09-11T01:48:30.325598+00:00,200,33244.62,
2026-09-11T01:48:56.459339+00:00,200,7109.93,
2026-09-11T01:49:00.437729+00:00,200,3158.27,
2026-09-11T01:48:12.560416+00:00,200,51037.02,
2026-09-11T01:48:48.613943+00:00,200,14983.33,
2026-09-11T01:48:47.053552+00:00,200,16552.11,
2026-09-11T01:48:58.729490+00:00,200,4886.87,
2026-09-11T01:48:49.706443+00:00,200,13925.97,
2026-09-11T01:48:20.940420+00:00,200,42710.65,
2026-09-11T01:48:47.715641+00:00,200,15952.08,
2026-09-11T01:48:35.627698+00:00,200,28049.03,
2026-09-11T01:48:34.823121+00:00,200,28882.38,
2026-09-11T01:47:50.377482+00:00,200,73334.34,
2026-09-11T01:48:26.925727+00:00,200,36799.33,
2026-09-11T01:49:00.350287+00:00,200,3399.31,
2026-09-11T01:48:41.017631+00:00,200,22737.06,
2026-09-11T01:48:35.276419+00:00,200,28478.74,
2026-09-11T01:48:25.374856+00:00,200,38386.99,
2026-09-11T01:48:42.470589+00:00,200,21291.13,
2026-09-11T01:48:49.627270+00:00,200,14137.27,
2026-09-11T01:48:23.262439+00:00,200,40501.67,
2026-09-11T01:48:16.088129+00:00,200,47674.22,
2026-09-11T01:48:33.622293+00:00,200,30145.86,
2026-09-11T01:48:38.597315+00:00,200,25183.35,
2026-09-11T01:48:55.026500+00:00,200,8758.65,
2026-09-11T01:48:59.570797+00:00,200,4218.89,
2026-09-11T01:47:57.493148+00:00,200,66306.45,
2026-09-11T01:48:54.478096+00:00,200,9330.21,
2026-09-11T01:49:02.623719+00:00,200,1206.31,
2026-09-11T01:48:43.744171+00:00,200,20114.10,
2026-09-11T01:48:20.887414+00:00,200,42978.37,
2026-09-11T01:49:03.700112+00:00,200,220.32,
2026-09-11T01:48:29.539563+00:00,200,34395.75,
2026-09-11T01:48:51.072407+00:00,200,12876.72,
2026-09-11T01:48:38.004149+00:00,200,25950.12,
2026-09-11T01:48:06.205197+00:00,200,57759.91,
2026-09-11T01:48:55.458698+00:00,200,8524.15,
2026-09-11T01:48:50.431570+00:00,200,13576.80,
2026-09-11T01:48:44.491470+00:00,200,19526.28,
2026-09-11T01:48:12.941275+00:00,200,51075.68,
2026-09-11T01:48:21.019356+00:00,200,43009.67,
2026-09-11T01:48:15.552311+00:00,200,48473.28,
2026-09-11T01:48:25.307871+00:00,200,38727.25,
2026-09-11T01:48:42.606592+00:00,200,21431.60,
2026-09-11T01:48:08.139476+00:00,200,55900.12,
2026-09-11T01:49:00.769880+00:00,200,3328.45,
2026-09-11T01:48:29.703881+00:00,200,34415.00,
2026-09-11T01:48:55.873970+00:00,200,8237.84,
2026-09-11T01:49:00.416576+00:00,200,3712.08,
2026-09-11T01:48:27.302606+00:00,200,36834.59,
2026-09-11T01:48:41.808755+00:00,200,22333.40,
2026-09-11T01:49:00.366562+00:00,200,3798.80,
2026-09-11T01:48:49.188795+00:00,200,14982.82,
2026-09-11T01:48:16.223405+00:00,200,47957.04,
2026-09-11T01:48:53.458448+00:00,200,10729.40,
2026-09-11T01:49:02.972999+00:00,200,1221.00,
2026-09-11T01:48:48.691029+00:00,200,15509.54,
2026-09-11T01:47:27.674947+00:00,200,96558.97,
2026-09-11T01:48:49.312766+00:00,200,14944.96,
2026-09-11T01:49:00.554929+00:00,200,3711.27,
2026-09-11T01:49:04.060001+00:00,200,220.46,
2026-09-11T01:49:01.389592+00:00,200,2900.67,
2026-09-11T01:48:56.797618+00:00,200,7498.03,
2026-09-11T01:48:31.174713+00:00,200,33129.56,
2026-09-11T01:48:45.957411+00:00,200,18365.32,
2026-09-11T01:48:44.512752+00:00,200,19813.73,
2026-09-11T01:48:38.744529+00:00,200,25594.29,
2026-09-11T01:48:48.748976+00:00,200,15617.44,
2026-09-11T01:47:55.219770+00:00,200,69153.58,
2026-09-11T01:48:51.195154+00:00,200,13188.75,
2026-09-11T01:49:02.916997+00:00,200,1475.36,
2026-09-11T01:48:12.842396+00:00,200,51559.84,
2026-09-11T01:49:04.196204+00:00,200,217.03,
2026-09-11T01:47:37.099979+00:00,200,87315.25,
2026-09-11T01:48:29.144274+00:00,200,35295.07,
2026-09-11T01:48:16.097173+00:00,200,48345.06,
2026-09-11T01:48:57.688852+00:00,200,6756.10,
2026-09-11T01:48:50.660342+00:00,200,13794.36,
2026-09-11T01:48:48.508270+00:00,200,15964.42,
2026-09-11T01:48:15.689936+00:00,200,48805.36,
2026-09-11T01:49:02.810775+00:00,200,1691.12,
2026-09-11T01:48:25.816939+00:00,200,38695.57,
2026-09-11T01:48:04.001753+00:00,200,60507.77,
2026-09-11T01:48:56.077963+00:00,200,8456.59,
2026-09-11T01:48:31.269721+00:00,200,33288.07,
2026-09-11T01:48:51.273266+00:00,200,13286.36,
2026-09-11T01:48:59.095102+00:00,200,5467.70,
2026-09-11T01:48:36.664996+00:00,200,27938.55,
2026-09-11T01:49:00.688980+00:00,200,3918.27,
2026-09-11T01:48:22.382788+00:00,200,42229.56,
2026-09-11T01:48:31.260706+00:00,200,33370.60,
2026-09-11T01:48:46.769196+00:00,200,17897.17,
2026-09-11T01:49:00.647052+00:00,200,4021.34,
2026-09-11T01:48:58.399273+00:00,200,6276.70,
2026-09-11T01:48:54.282987+00:00,200,10393.51,
2026-09-11T01:48:48.312541+00:00,200,16373.29,
2026-09-11T01:48:33.957986+00:00,200,30725.04,
2026-09-11T01:47:30.603462+00:00,200,94094.95,
2026-09-11T01:49:03.952276+00:00,200,749.20,
2026-09-11T01:48:53.359542+00:00,200,11351.01,
2026-09-11T01:48:56.205989+00:00,200,8536.51,
2026-09-11T01:48:24.124244+00:00,200,40624.92,
2026-09-11T01:48:18.926347+00:00,200,45828.46,
2026-09-11T01:48:51.423888+00:00,200,13324.41,
2026-09-11T01:48:57.616514+00:00,200,7149.17,
2026-09-11T01:49:01.555378+00:00,200,3255.03,
2026-09-11T01:49:01.722575+00:00,200,3089.62,
2026-09-11T01:48:51.821324+00:00,200,12999.62,
2026-09-11T01:48:50.355062+00:00,200,14470.12,
2026-09-11T01:49:00.838066+00:00,200,3995.29,
2026-09-11T01:48:06.486008+00:00,200,58368.13,
2026-09-11T01:49:02.964434+00:00,200,1901.47,
2026-09-11T01:49:01.068550+00:00,200,3805.45,
2026-09-11T01:49:00.621258+00:00,200,4255.34,
2026-09-11T01:48:08.986900+00:00,200,55887.42,
2026-09-11T01:48:29.982615+00:00,200,34905.61,
2026-09-11T01:48:49.956451+00:00,200,14955.19,
2026-09-11T01:48:55.554005+00:00,200,9365.00,
2026-09-11T01:48:55.601525+00:00,200,9363.58,
2026-09-11T01:49:00.761854+00:00,200,4221.27,
2026-09-11T01:48:12.626571+00:00,200,52359.04,
2026-09-11T01:48:22.583359+00:00,200,42418.65,
2026-09-11T01:48:45.727907+00:00,200,19299.16,
2026-09-11T01:48:30.046203+00:00,200,34983.16,
2026-09-11T01:48:26.471743+00:00,200,38612.11,
2026-09-11T01:49:03.487742+00:00,200,1596.09,
2026-09-11T01:47:51.499675+00:00,200,73594.08,
2026-09-11T01:48:50.805933+00:00,200,14316.16,
2026-09-11T01:47:42.822134+00:00,200,82321.68,
2026-09-11T01:48:46.719956+00:00,200,18427.21,
2026-09-11T01:48:48.450843+00:00,200,16728.03,
2026-09-11T01:48:13.559857+00:00,200,51626.01,
2026-09-11T01:48:52.569013+00:00,200,12609.31,
2026-09-11T01:48:56.847675+00:00,200,8350.24,
2026-09-11T01:48:40.263152+00:00,200,24939.58,
2026-09-11T01:48:40.423127+00:00,200,24784.80,
2026-09-11T01:49:01.246744+00:00,200,3973.86,
2026-09-11T01:48:47.240195+00:00,200,17988.57,
2026-09-11T01:48:14.551645+00:00,200,50710.16,
2026-09-11T01:49:02.524535+00:00,200,2765.82,
2026-09-11T01:48:02.257845+00:00,200,63034.60,
2026-09-11T01:48:30.080404+00:00,200,35234.18,
2026-09-11T01:48:30.838781+00:00,200,34482.30,
2026-09-11T01:48:51.498861+00:00,200,13842.17,
2026-09-11T01:48:56.232103+00:00,200,9116.04,
2026-09-11T01:49:02.956881+00:00,200,2391.46,
2026-09-11T01:48:57.049686+00:00,200,8305.24,
2026-09-11T01:47:27.464222+00:00,200,97891.10,
2026-09-11T01:48:42.447982+00:00,200,22902.05,
2026-09-11T01:48:54.850021+00:00,200,10510.91,
2026-09-11T01:49:02.361178+00:00,200,3017.95,
2026-09-11T01:48:38.580543+00:00,200,26808.78,
2026-09-11T01:48:56.077963+00:00,200,9312.75,
2026-09-11T01:48:56.459339+00:00,200,8930.72,
2026-09-11T01:48:58.853652+00:00,200,6575.05,
2026-09-11T01:48:40.375591+00:00,200,25047.70,
2026-09-11T01:49:04.297842+00:00,200,1134.96,
2026-09-11T01:48:57.663614+00:00,200,7789.46,
2026-09-11T01:48:34.577201+00:00,200,30880.62,
2026-09-11T01:48:46.909714+00:00,200,18549.72,
2026-09-11T01:48:50.102350+00:00,200,15390.70,
2026-09-11T01:49:05.261266+00:00,200,253.79,
2026-09-11T01:48:53.816479+00:00,200,11714.16,
2026-09-11T01:49:03.788117+00:00,200,1745.95,
2026-09-11T01:48:41.628018+00:00,200,23917.95,
2026-09-11T01:48:42.940299+00:00,200,22622.88,
2026-09-11T01:48:04.572153+00:00,200,61000.75,
2026-09-11T01:49:03.605735+00:00,200,1979.24,
2026-09-11T01:48:52.166047+00:00,200,13470.81,
2026-09-11T01:48:59.146518+00:00,200,6512.29,
2026-09-11T01:48:45.814354+00:00,200,19846.88,
2026-09-11T01:48:12.932420+00:00,200,52740.59,
2026-09-11T01:49:01.408960+00:00,200,4263.52,
2026-09-11T01:48:45.369207+00:00,200,20314.75,
2026-09-11T01:48:57.049686+00:00,200,8633.25,
2026-09-11T01:48:43.160274+00:00,200,22540.84,
2026-09-11T01:48:50.571051+00:00,200,15154.63,
2026-09-11T01:48:33.528726+00:00,200,32199.97,
2026-09-11T01:48:45.233368+00:00,200,20496.94,
2026-09-11T01:49:03.977918+00:00,200,1783.79,
2026-09-11T01:48:48.260034+00:00,200,17494.66,
2026-09-11T01:48:37.962562+00:00,200,27809.02,
2026-09-11T01:48:34.233338+00:00,200,31544.43,
2026-09-11T01:48:32.922439+00:00,200,32861.22,
2026-09-11T01:49:04.608040+00:00,200,1183.05,
2026-09-11T01:49:02.887243+00:00,200,2971.34,
2026-09-11T01:48:36.490472+00:00,200,29366.98,
2026-09-11T01:48:16.605245+00:00,200,49265.00,
2026-09-11T01:48:26.885931+00:00,200,38989.74,
2026-09-11T01:48:56.614328+00:00,200,9303.07,
2026-09-11T01:48:55.888323+00:00,200,10054.79,
2026-09-11T01:48:53.519610+00:00,200,12440.00,
2026-09-11T01:49:01.740726+00:00,200,4226.45,
2026-09-11T01:48:31.405173+00:00,200,34568.86,
2026-09-11T01:48:47.805571+00:00,200,18183.72,
2026-09-11T01:48:54.237375+00:00,200,11755.40,
2026-09-11T01:48:18.684443+00:00,200,47386.66,
2026-09-11T01:48:47.686700+00:00,200,18400.63,
2026-09-11T01:48:52.036776+00:00,200,14055.46,
2026-09-11T01:48:39.790665+00:00,200,26306.45,
2026-09-11T01:48:49.002350+00:00,200,17100.14,
2026-09-11T01:48:55.164782+00:00,200,10954.56,
2026-09-11T01:49:05.862005+00:00,200,299.85,
2026-09-11T01:48:40.946857+00:00,200,25241.28,
2026-09-11T01:48:41.082326+00:00,200,25107.92,
2026-09-11T01:49:04.971574+00:00,200,1223.19,
2026-09-11T01:48:58.924535+00:00,200,7280.68,
2026-09-11T01:48:26.208497+00:00,200,39997.99,
2026-09-11T01:48:41.511052+00:00,200,24710.46,
2026-09-11T01:48:46.976086+00:00,200,19250.02,
2026-09-11T01:48:40.439021+00:00,200,25802.60,
2026-09-11T01:48:46.333029+00:00,200,19929.34,
2026-09-11T01:48:29.005561+00:00,200,37297.58,
2026-09-11T01:48:59.199584+00:00,200,7153.65,
2026-09-11T01:48:22.325778+00:00,200,44081.06,
2026-09-11T01:47:46.583121+00:00,200,79824.34,
2026-09-11T01:48:24.452420+00:00,200,41968.83,
2026-09-11T01:48:46.942316+00:00,200,19469.53,
2026-09-11T01:48:06.865983+00:00,200,59565.67,
2026-09-11T01:48:54.686387+00:00,200,11748.52,
2026-09-11T01:49:04.234297+00:00,200,2236.87,
2026-09-11T01:48:27.663224+00:00,200,38818.94,
2026-09-11T01:48:47.722244+00:00,200,18762.31,
2026-09-11T01:48:41.320035+00:00,200,25205.61,
2026-09-11T01:49:01.679259+00:00,200,4853.99,
2026-09-11T01:48:46.704860+00:00,200,19825.90,
2026-09-11T01:48:37.287089+00:00,200,29264.96,
2026-09-11T01:49:03.762906+00:00,200,2795.64,
2026-09-11T01:48:56.783019+00:00,200,9797.99,
2026-09-11T01:48:56.153930+00:00,200,10463.09,
2026-09-11T01:48:57.010195+00:00,200,9610.28,
2026-09-11T01:48:35.437258+00:00,200,31198.57,
2026-09-11T01:49:02.063196+00:00,200,4583.37,
2026-09-11T01:48:23.877780+00:00,200,42788.26,
2026-09-11T01:48:47.664369+00:00,200,19024.86,
2026-09-11T01:48:57.224184+00:00,200,9473.15,
2026-09-11T01:48:27.238003+00:00,200,39465.37,
2026-09-11T01:48:34.826794+00:00,200,31875.95,
2026-09-11T01:48:42.485131+00:00,200,24244.68,
2026-09-11T01:48:56.307438+00:00,200,10430.54,
2026-09-11T01:48:47.351804+00:00,200,19395.56,
2026-09-11T01:47:56.777795+00:00,200,69987.46,
2026-09-11T01:48:36.718353+00:00,200,30076.50,
2026-09-11T01:49:05.122947+00:00,200,1684.40,
2026-09-11T01:48:50.465715+00:00,200,16336.94,
2026-09-11T01:48:02.358613+00:00,200,64453.80,
2026-09-11T01:48:39.332722+00:00,200,27484.10,
2026-09-11T01:47:29.306018+00:00,200,97534.86,
2026-09-11T01:48:47.177459+00:00,200,19666.76,
2026-09-11T01:48:45.598361+00:00,200,21247.14,
2026-09-11T01:48:57.169293+00:00,200,9724.10,
2026-09-11T01:48:54.352630+00:00,200,12545.23,
2026-09-11T01:48:15.660173+00:00,200,51254.94,
2026-09-11T01:48:46.787661+00:00,200,20139.91,
2026-09-11T01:48:57.622254+00:00,200,9310.03,
2026-09-11T01:48:55.372583+00:00,200,11586.97,
2026-09-11T01:48:37.251684+00:00,200,29727.39,
2026-09-11T01:49:02.170016+00:00,200,4836.65,
2026-09-11T01:49:04.759558+00:00,200,2263.40,
2026-09-11T01:49:01.731852+00:00,200,5305.69,
2026-09-11T01:48:51.489473+00:00,200,15557.53,
2026-09-11T01:47:28.725861+00:00,200,98324.04,
2026-09-11T01:49:00.259411+00:00,200,6805.40,
2026-09-11T01:49:00.313982+00:00,200,6762.84,
2026-09-11T01:48:34.455182+00:00,200,32629.06,
2026-09-11T01:48:41.950200+00:00,200,25138.93,
2026-09-11T01:47:59.814288+00:00,200,67282.02,
2026-09-11T01:48:22.795710+00:00,200,44306.33,
2026-09-11T01:48:46.188147+00:00,200,20939.50,
2026-09-11T01:48:35.354362+00:00,200,31779.64,
2026-09-11T01:49:06.892793+00:00,200,249.80,
2026-09-11T01:49:02.233149+00:00,200,4970.61,
2026-09-11T01:48:58.107740+00:00,200,9091.32,
2026-09-11T01:48:57.673071+00:00,200,9535.07,
2026-09-11T01:48:56.990362+00:00,200,10235.66,
2026-09-11T01:49:04.323279+00:00,200,2920.34,
2026-09-11T01:48:49.563231+00:00,200,17678.05,
2026-09-11T01:48:40.337555+00:00,200,26925.77,
2026-09-11T01:49:05.359810+00:00,200,1919.60,
2026-09-11T01:48:53.523126+00:00,200,13757.03,
2026-09-11T01:48:43.848637+00:00,200,23450.47,
2026-09-11T01:48:52.924555+00:00,200,14389.29,
2026-09-11T01:49:03.952276+00:00,200,3353.20,
2026-09-11T01:48:56.165284+00:00,200,11159.79,
2026-09-11T01:48:49.524791+00:00,200,17803.72,
2026-09-11T01:48:45.360860+00:00,200,22021.46,
2026-09-11T01:49:02.893153+00:00,200,4496.17,
2026-09-11T01:48:34.098459+00:00,200,33291.87,
2026-09-11T01:48:58.883234+00:00,200,8511.11,
2026-09-11T01:48:42.994203+00:00,200,24399.63,
2026-09-11T01:48:40.829509+00:00,200,26574.42,
2026-09-11T01:48:48.196815+00:00,200,19209.78,
2026-09-11T01:47:49.931141+00:00,200,77511.47,
2026-09-11T01:48:34.244091+00:00,200,33222.16,
2026-09-11T01:48:47.525822+00:00,200,19969.97,
2026-09-11T01:47:18.576921+00:00,200,108950.42,
2026-09-11T01:48:50.882494+00:00,200,16661.23,
2026-09-11T01:49:04.394057+00:00,200,3193.67,
2026-09-11T01:47:51.544745+00:00,200,76051.46,
2026-09-11T01:48:12.203406+00:00,200,55396.96,
2026-09-11T01:47:52.489267+00:00,200,75122.55,
2026-09-11T01:48:32.485046+00:00,200,35132.91,
2026-09-11T01:48:22.349714+00:00,200,45283.77,
2026-09-11T01:48:56.606004+00:00,200,11025.82,
2026-09-11T01:48:50.780661+00:00,200,16858.70,
2026-09-11T01:48:49.923965+00:00,200,17724.63,
2026-09-11T01:48:45.705567+00:00,200,21958.07,
2026-09-11T01:48:52.772886+00:00,200,14898.89,
2026-09-11T01:48:56.284889+00:00,200,11385.99,
2026-09-11T01:48:31.264199+00:00,200,36430.43,
2026-09-11T01:48:38.964744+00:00,200,28756.06,
2026-09-11T01:48:38.798161+00:00,200,28961.68,
2026-09-11T01:48:32.326207+00:00,200,35442.27,
2026-09-11T01:48:48.402748+00:00,200,19357.46,
2026-09-11T01:47:48.595953+00:00,200,79189.82,
2026-09-11T01:48:34.688058+00:00,200,33115.42,
2026-09-11T01:48:40.502813+00:00,200,27289.51,
2026-09-11T01:48:10.761094+00:00,200,57061.63,
2026-09-11T01:48:46.959616+00:00,200,20873.88,
2026-09-11T01:48:47.367808+00:00,200,20473.78,
2026-09-11T01:49:02.233149+00:00,200,5614.64,
2026-09-11T01:48:12.476904+00:00,200,55379.46,
2026-09-11T01:48:33.059237+00:00,200,34805.57,
2026-09-11T01:49:06.162560+00:00,200,1733.98,
2026-09-11T01:48:55.083200+00:00,200,12817.14,
2026-09-11T01:48:52.979047+00:00,200,14945.60,
2026-09-11T01:48:18.740002+00:00,200,49196.71,
2026-09-11T01:49:06.471154+00:00,200,1483.77,
2026-09-11T01:48:56.380443+00:00,200,11586.53,
2026-09-11T01:48:58.812152+00:00,200,9160.16,
2026-09-11T01:49:06.369822+00:00,200,1609.70,
2026-09-11T01:48:24.005543+00:00,200,43983.69,
2026-09-11T01:48:49.407761+00:00,200,18585.94,
2026-09-11T01:48:43.973482+00:00,200,24056.26,
2026-09-11T01:48:37.374335+00:00,200,30657.32,
2026-09-11T01:47:05.619981+00:00,200,122425.66,
2026-09-11T01:48:40.739834+00:00,200,27307.40,
2026-09-11T01:48:57.344506+00:00,200,10735.86,
2026-09-11T01:48:57.482961+00:00,200,10616.57,
2026-09-11T01:48:57.466897+00:00,200,10656.69,
2026-09-11T01:49:07.897547+00:00,200,252.73,
2026-09-11T01:48:45.151369+00:00,200,23007.95,
2026-09-11T01:48:58.625968+00:00,200,9535.14,
2026-09-11T01:48:27.339226+00:00,200,40827.61,
2026-09-11T01:48:51.392654+00:00,200,16779.12,
2026-09-11T01:48:54.686387+00:00,200,13494.47,
2026-09-11T01:49:00.392967+00:00,200,7805.86,
2026-09-11T01:49:01.906871+00:00,200,6295.86,
2026-09-11T01:48:30.170522+00:00,200,38035.69,
2026-09-11T01:48:44.640358+00:00,200,23587.89,
2026-09-11T01:49:06.444460+00:00,200,1797.79,
2026-09-11T01:49:07.490035+00:00,200,761.35,
2026-09-11T01:48:48.508270+00:00,200,19747.11,
2026-09-11T01:49:08.031586+00:00,200,240.21,
2026-09-11T01:48:55.347481+00:00,200,12936.68,
2026-09-11T01:48:43.176023+00:00,200,25111.06,
2026-09-11T01:48:43.278212+00:00,200,25019.22,
2026-09-11T01:47:40.318674+00:00,200,87989.68,
2026-09-11T01:48:43.477960+00:00,200,24846.92,
2026-09-11T01:48:56.568194+00:00,200,11757.44,
2026-09-11T01:49:05.529522+00:00,200,2800.51,
2026-09-11T01:48:51.868372+00:00,200,16472.65,
2026-09-11T01:49:04.984146+00:00,200,3410.52,
2026-09-11T01:48:18.995903+00:00,200,49395.79,
2026-09-11T01:48:35.465859+00:00,200,32960.82,
2026-09-11T01:49:01.408960+00:00,200,7022.15,
2026-09-11T01:49:01.607987+00:00,200,6864.14,
2026-09-11T01:49:00.883318+00:00,200,7624.71,
2026-09-11T01:48:54.699960+00:00,200,13817.89,
2026-09-11T01:48:43.113674+00:00,200,25405.22,
2026-09-11T01:48:36.153413+00:00,200,32400.70,
2026-09-11T01:48:37.936337+00:00,200,30626.55,
2026-09-11T01:49:05.301678+00:00,200,3262.33,
2026-09-11T01:49:00.806730+00:00,200,7772.74,
2026-09-11T01:47:57.573037+00:00,200,71018.55,
2026-09-11T01:48:38.798161+00:00,200,29824.53,
2026-09-11T01:48:37.557184+00:00,200,31076.27,
2026-09-11T01:48:17.662253+00:00,200,50974.19,
2026-09-11T01:48:49.928553+00:00,200,18720.21,
2026-09-11T01:48:36.786945+00:00,200,31855.13,
2026-09-11T01:48:18.422732+00:00,200,50238.22,
2026-09-11T01:49:02.530552+00:00,200,6136.46,
2026-09-11T01:49:00.958288+00:00,200,7709.88,
2026-09-11T01:49:08.435766+00:00,200,232.64,
2026-09-11T01:48:59.397969+00:00,200,9275.16,
2026-09-11T01:48:28.318420+00:00,200,40368.50,
2026-09-11T01:48:47.044175+00:00,200,21647.79,
2026-09-11T01:49:07.205977+00:00,200,1496.40,
2026-09-11T01:48:56.622638+00:00,200,12100.35,
2026-09-11T01:48:33.590454+00:00,200,35157.29,
2026-09-11T01:48:27.197163+00:00,200,41560.69,
2026-09-11T01:48:32.634432+00:00,200,36138.58,
2026-09-11T01:49:05.451739+00:00,200,3329.60,
2026-09-11T01:48:58.282687+00:00,200,10510.44,
2026-09-11T01:48:17.162193+00:00,200,51672.16,
2026-09-11T01:49:04.929310+00:00,200,3950.79,
2026-09-11T01:48:58.022574+00:00,200,10858.69,
2026-09-11T01:48:55.252480+00:00,200,13638.80,
2026-09-11T01:49:07.205209+00:00,200,1690.76,
2026-09-11T01:48:12.534304+00:00,200,56370.81,
2026-09-11T01:48:43.082092+00:00,200,25856.47,
2026-09-11T01:48:37.692403+00:00,200,31260.55,
2026-09-11T01:49:03.758896+00:00,200,5203.42,
2026-09-11T01:47:56.771027+00:00,200,72200.02,
2026-09-11T01:48:04.064642+00:00,200,64905.47,
2026-09-11T01:48:46.056625+00:00,200,22933.18,
2026-09-11T01:48:47.956327+00:00,200,21038.72,
2026-09-11T01:48:55.380436+00:00,200,13618.57,
2026-09-11T01:48:29.220439+00:00,200,39780.58,
2026-09-11T01:48:53.681432+00:00,200,15323.37,
2026-09-11T01:48:54.605113+00:00,200,14416.56,
2026-09-11T01:48:46.386425+00:00,200,22678.05,
2026-09-11T01:48:52.999041+00:00,200,16083.74,
2026-09-11T01:48:41.045542+00:00,200,28049.10,
2026-09-11T01:48:40.602808+00:00,200,28498.55,
2026-09-11T01:49:03.312932+00:00,200,5834.38,
2026-09-11T01:48:43.082092+00:00,200,26062.85,
2026-09-11T01:47:47.781277+00:00,200,81373.33,
2026-09-11T01:48:46.687361+00:00,200,22478.03,
2026-09-11T01:48:16.610765+00:00,200,52595.03,
2026-09-11T01:48:41.655038+00:00,200,27560.02,
2026-09-11T01:49:08.962556+00:00,200,259.67,
2026-09-11T01:48:36.297077+00:00,200,32934.21,
2026-09-11T01:48:54.874019+00:00,200,14366.31,
2026-09-11T01:49:00.255379+00:00,200,8991.97,
2026-09-11T01:49:01.234301+00:00,200,8022.76,
2026-09-11T01:48:54.620983+00:00,200,14637.46,
2026-09-11T01:48:36.786945+00:00,200,32478.60,
2026-09-11T01:49:03.355627+00:00,200,5904.09,
2026-09-11T01:48:58.328332+00:00,200,10972.96,
2026-09-11T01:48:54.198964+00:00,200,15104.99,
2026-09-11T01:48:54.235349+00:00,200,15073.51,
2026-09-11T01:49:09.056626+00:00,200,253.61,
2026-09-11T01:48:24.962767+00:00,200,44355.14,
2026-09-11T01:48:58.708891+00:00,200,10640.04,
2026-09-11T01:48:45.831958+00:00,200,23527.29,
2026-09-11T01:48:40.458250+00:00,200,28923.73,
2026-09-11T01:48:52.176705+00:00,200,17227.73,
2026-09-11T01:49:06.645714+00:00,200,2769.66,
2026-09-11T01:48:54.526210+00:00,200,14895.45,
2026-09-11T01:49:05.727490+00:00,200,3716.61,
2026-09-11T01:48:39.361869+00:00,200,30086.62,
2026-09-11T01:48:56.252940+00:00,200,13196.17,
2026-09-11T01:48:15.751543+00:00,200,53709.74,
2026-09-11T01:48:40.729430+00:00,200,28730.12,
2026-09-11T01:48:16.267344+00:00,200,53213.18,
2026-09-11T01:48:47.989483+00:00,200,21499.94,
2026-09-11T01:48:19.726070+00:00,200,49801.95,
2026-09-11T01:49:05.190887+00:00,200,4345.82,
2026-09-11T01:49:09.065031+00:00,200,513.94,
2026-09-11T01:48:50.402016+00:00,200,19194.37,
2026-09-11T01:48:56.474994+00:00,200,13121.79,
2026-09-11T01:48:19.888565+00:00,200,49706.03,
2026-09-11T01:48:53.184685+00:00,200,16414.16,
2026-09-11T01:49:09.337718+00:00,200,277.43,
2026-09-11T01:49:08.520077+00:00,200,1106.43,
2026-09-11T01:49:06.811226+00:00,200,2842.40,
2026-09-11T01:49:00.742587+00:00,200,8914.40,
2026-09-11T01:48:39.202692+00:00,200,30448.89,
2026-09-11T01:48:09.124216+00:00,200,60536.79,
2026-09-11T01:48:57.710844+00:00,200,11953.68,
2026-09-11T01:48:03.297511+00:00,200,66367.81,
2026-09-11T01:49:04.331307+00:00,200,5335.03,
2026-09-11T01:47:38.066254+00:00,200,91623.88,
2026-09-11T01:47:54.340899+00:00,200,75351.07,
2026-09-11T01:47:33.921827+00:00,200,95804.66,
2026-09-11T01:49:05.638564+00:00,200,4109.50,
2026-09-11T01:48:53.037525+00:00,200,16728.29,
2026-09-11T01:48:35.053131+00:00,200,34725.71,
2026-09-11T01:49:04.676401+00:00,200,5119.47,
2026-09-11T01:48:44.032471+00:00,200,25766.59,
2026-09-11T01:48:58.006827+00:00,200,11798.90,
2026-09-11T01:49:05.029426+00:00,200,4804.49,
2026-09-11T01:49:07.769645+00:00,200,2072.07,
2026-09-11T01:49:07.588438+00:00,200,2256.73,
2026-09-11T01:48:36.286972+00:00,200,33579.10,
2026-09-11T01:48:55.601525+00:00,200,14270.67,
2026-09-11T01:48:35.199179+00:00,200,34699.60,
2026-09-11T01:48:22.416017+00:00,200,47491.73,
2026-09-11T01:48:51.660986+00:00,200,18297.37,
2026-09-11T01:48:45.275135+00:00,200,24696.69,
2026-09-11T01:48:44.747820+00:00,200,25235.59,
2026-09-11T01:48:49.420101+00:00,200,20598.03,
2026-09-11T01:48:48.771454+00:00,200,21257.06,
2026-09-11T01:48:05.316616+00:00,200,64740.28,
2026-09-11T01:48:57.641579+00:00,200,12422.82,
2026-09-11T01:48:25.151864+00:00,200,44916.77,
2026-09-11T01:48:39.349566+00:00,200,30730.76,
2026-09-11T01:48:59.653469+00:00,200,10455.20,
2026-09-11T01:48:43.002040+00:00,200,27118.15,
2026-09-11T01:49:09.152191+00:00,200,990.50,
2026-09-11T01:48:55.569918+00:00,200,14569.13,
2026-09-11T01:48:57.403899+00:00,200,12750.95,
2026-09-11T01:48:37.446045+00:00,200,32722.00,
2026-09-11T01:48:39.759102+00:00,200,30413.34,
2026-09-11T01:48:19.669985+00:00,200,50522.50,
2026-09-11T01:48:57.498824+00:00,200,12703.73,
2026-09-11T01:48:29.477830+00:00,200,40751.35,
2026-09-11T01:49:07.049692+00:00,200,3194.07,
2026-09-11T01:48:09.514580+00:00,200,60738.40,
2026-09-11T01:49:09.154199+00:00,200,1099.80,
2026-09-11T01:49:03.241184+00:00,200,7020.16,
2026-09-11T01:48:36.646575+00:00,200,33620.36,
2026-09-11T01:48:49.165725+00:00,200,21135.38,
2026-09-11T01:48:52.852556+00:00,200,17460.03,
2026-09-11T01:49:07.115974+00:00,200,3210.29,
2026-09-11T01:48:55.001013+00:00,200,15324.48,
2026-09-11T01:48:55.320297+00:00,200,15015.43,
2026-09-11T01:48:29.284371+00:00,200,41066.80,
2026-09-11T01:48:46.959616+00:00,200,23388.11,
2026-09-11T01:48:19.488057+00:00,200,50870.81,
2026-09-11T01:47:40.916476+00:00,200,89467.81,
2026-09-11T01:48:54.842335+00:00,200,15555.32,
2026-09-11T01:48:47.511701+00:00,200,22895.75,
2026-09-11T01:49:04.720799+00:00,200,5695.93,
2026-09-11T01:48:56.241064+00:00,200,14254.19,
2026-09-11T01:49:10.304482+00:00,200,215.66,
2026-09-11T01:48:51.676655+00:00,200,18856.33,
2026-09-11T01:48:47.684694+00:00,200,22874.72,
2026-09-11T01:48:05.629255+00:00,200,64937.67,
2026-09-11T01:49:08.629620+00:00,200,1948.59,
2026-09-11T01:48:47.386980+00:00,200,23196.54,
2026-09-11T01:48:42.400047+00:00,200,28185.49,
2026-09-11T01:48:43.986606+00:00,200,26607.46,
2026-09-11T01:49:10.388692+00:00,200,215.45,
2026-09-11T01:48:58.022574+00:00,200,12616.27,
2026-09-11T01:48:30.071322+00:00,200,40580.74,
2026-09-11T01:48:54.425801+00:00,200,16228.65,
2026-09-11T01:48:03.051728+00:00,200,67616.43,
2026-09-11T01:48:47.053552+00:00,200,23629.01,
2026-09-11T01:48:34.995296+00:00,200,35699.78,
2026-09-11T01:49:03.370527+00:00,200,7329.85,
2026-09-11T01:47:59.045134+00:00,200,71662.92,
2026-09-11T01:48:54.298983+00:00,200,16419.42,
2026-09-11T01:48:58.351779+00:00,200,12378.98,
2026-09-11T01:48:33.071750+00:00,200,37664.28,
2026-09-11T01:48:31.435060+00:00,200,39309.25,
2026-09-11T01:49:06.560718+00:00,200,4185.89,
2026-09-11T01:48:44.131129+00:00,200,26612.22,
2026-09-11T01:49:09.106662+00:00,200,1657.28,
2026-09-11T01:48:16.039839+00:00,200,54745.26,
2026-09-11T01:49:07.006446+00:00,200,3787.41,
2026-09-11T01:48:38.688946+00:00,200,32126.14,
2026-09-11T01:49:04.810411+00:00,200,6031.06,
2026-09-11T01:48:52.424989+00:00,200,18415.39,
2026-09-11T01:48:43.059468+00:00,200,27787.46,
2026-09-11T01:48:33.558520+00:00,200,37298.26,
2026-09-11T01:49:09.110420+00:00,200,1763.80,
2026-09-11T01:47:55.678108+00:00,200,75207.35,
2026-09-11T01:48:50.639518+00:00,200,20248.04,
2026-09-11T01:48:26.596095+00:00,200,44309.27,
2026-09-11T01:49:03.605735+00:00,200,7315.71,
2026-09-11T01:48:59.975822+00:00,200,10967.35,
2026-09-11T01:48:04.904942+00:00,200,66055.77,
2026-09-11T01:48:33.208404+00:00,200,37759.07,
2026-09-11T01:48:52.963087+00:00,200,18001.04,
2026-09-11T01:49:08.181629+00:00,200,2816.28,
2026-09-11T01:48:38.763823+00:00,200,32249.07,
2026-09-11T01:48:41.648613+00:00,200,29372.13,
2026-09-11T01:49:07.198176+00:00,200,3865.95,
2026-09-11T01:48:44.254300+00:00,200,26808.04,
2026-09-11T01:48:56.284889+00:00,200,14807.15,
2026-09-11T01:49:02.690201+00:00,200,8459.19,
2026-09-11T01:49:00.354039+00:00,200,10806.19,
2026-09-11T01:48:48.985776+00:00,200,22185.07,
2026-09-11T01:48:59.241537+00:00,200,11935.34,
2026-09-11T01:48:57.525834+00:00,200,13679.28,
2026-09-11T01:48:38.287820+00:00,200,32972.23,
2026-09-11T01:48:43.799888+00:00,200,27462.31,
2026-09-11T01:48:55.001013+00:00,200,16261.00,
2026-09-11T01:48:31.455065+00:00,200,39832.56,
2026-09-11T01:49:10.182259+00:00,200,1110.35,
2026-09-11T01:49:06.741398+00:00,200,4560.30,
2026-09-11T01:49:01.425073+00:00,200,9882.28,
2026-09-11T01:48:41.417496+00:00,200,29894.16,
2026-09-11T01:49:01.496739+00:00,200,9837.01,
2026-09-11T01:48:54.827199+00:00,200,16518.88,
2026-09-11T01:48:59.170926+00:00,200,12178.32,
2026-09-11T01:49:00.304924+00:00,200,11088.07,
2026-09-11T01:48:42.985975+00:00,200,28414.68,
2026-09-11T01:48:03.071441+00:00,200,68331.25,
2026-09-11T01:48:49.535178+00:00,200,21906.04,
2026-09-11T01:48:31.188457+00:00,200,40273.61,
2026-09-11T01:48:58.578473+00:00,200,12899.86,
2026-09-11T01:48:30.246063+00:00,200,41239.48,
2026-09-11T01:48:57.440274+00:00,200,14051.42,
2026-09-11T01:48:42.582479+00:00,200,28929.52,
2026-09-11T01:48:42.930601+00:00,200,28621.65,
2026-09-11T01:47:11.904741+00:00,200,119701.10,
2026-09-11T01:49:11.150404+00:00,200,478.93,
2026-09-11T01:48:46.808861+00:00,200,24832.20,
2026-09-11T01:49:03.571514+00:00,200,8074.20,
2026-09-11T01:48:39.026588+00:00,200,32637.21,
2026-09-11T01:48:47.884479+00:00,200,23789.47,
2026-09-11T01:48:48.484977+00:00,200,23205.16,
2026-09-11T01:48:17.849078+00:00,200,53864.71,
2026-09-11T01:48:54.331476+00:00,200,17410.41,
2026-09-11T01:48:23.504224+00:00,200,48243.94,
2026-09-11T01:49:11.477776+00:00,200,287.02,
2026-09-11T01:48:24.683860+00:00,200,47089.18,
2026-09-11T01:48:56.474994+00:00,200,15308.49,
2026-09-11T01:48:09.164957+00:00,200,62627.37,
2026-09-11T01:48:32.792751+00:00,200,39025.17,
2026-09-11T01:48:58.900155+00:00,200,12929.87,
2026-09-11T01:49:11.544538+00:00,200,291.89,
2026-09-11T01:49:01.596272+00:00,200,10243.27,
2026-09-11T01:49:07.303146+00:00,200,4555.66,
2026-09-11T01:48:42.740354+00:00,200,29126.04,
2026-09-11T01:48:26.148261+00:00,200,45731.23,
2026-09-11T01:48:19.888565+00:00,200,52013.68,
2026-09-11T01:48:55.516966+00:00,200,16408.56,
2026-09-11T01:48:49.547247+00:00,200,22396.66,
2026-09-11T01:48:35.530262+00:00,200,36428.03,
2026-09-11T01:48:06.678399+00:00,200,65331.70,
2026-09-11T01:48:52.107590+00:00,200,19919.36,
2026-09-11T01:48:34.911190+00:00,200,37122.14,
2026-09-11T01:48:42.542809+00:00,200,29502.38,
2026-09-11T01:48:19.346905+00:00,200,52715.44,
2026-09-11T01:48:51.635291+00:00,200,20445.22,
2026-09-11T01:48:17.821343+00:00,200,54263.04,
2026-09-11T01:48:31.165548+00:00,200,40922.34,
2026-09-11T01:48:45.202862+00:00,200,26928.82,
2026-09-11T01:48:35.323386+00:00,200,36815.83,
2026-09-11T01:48:56.731717+00:00,200,15426.73,
2026-09-11T01:48:37.072954+00:00,200,35149.72,
2026-09-11T01:48:21.523476+00:00,200,50722.99,
2026-09-11T01:47:53.928304+00:00,200,78319.99,
2026-09-11T01:48:49.213760+00:00,200,23036.15,
2026-09-11T01:48:00.080410+00:00,200,72188.13,
2026-09-11T01:48:41.909078+00:00,200,30388.32,
2026-09-11T01:48:51.224842+00:00,200,21074.92,
2026-09-11T01:48:36.302108+00:00,200,36015.48,
2026-09-11T01:48:59.402123+00:00,200,12927.74,
2026-09-11T01:48:48.402748+00:00,200,23934.30,
2026-09-11T01:48:43.082092+00:00,200,29279.88,
2026-09-11T01:49:05.095410+00:00,200,7292.80,
2026-09-11T01:49:07.637736+00:00,200,4759.26,
2026-09-11T01:49:04.877719+00:00,200,7522.26,
2026-09-11T01:48:52.804491+00:00,200,19599.52,
2026-09-11T01:48:18.498104+00:00,200,53917.50,
2026-09-11T01:48:30.991500+00:00,200,41426.39,
2026-09-11T01:48:18.513181+00:00,200,53919.93,
2026-09-11T01:48:42.655057+00:00,200,29792.59,
2026-09-11T01:48:51.360848+00:00,200,21088.25,
2026-09-11T01:48:58.741585+00:00,200,13720.10,
2026-09-11T01:48:46.116548+00:00,200,26356.75,
2026-09-11T01:48:41.991937+00:00,200,30522.29,
2026-09-11T01:48:32.067619+00:00,200,40461.60,
2026-09-11T01:48:10.002001+00:00,200,62538.30,
2026-09-11T01:48:44.663644+00:00,200,27895.32,
2026-09-11T01:48:38.196281+00:00,200,34368.10,
2026-09-11T01:48:56.582469+00:00,200,15981.47,
2026-09-11T01:48:52.868244+00:00,200,19698.96,
2026-09-11T01:49:05.662054+00:00,200,6918.53,
2026-09-11T01:48:44.720481+00:00,200,27887.33,
2026-09-11T01:48:58.479176+00:00,200,14154.12,
2026-09-11T01:49:04.145072+00:00,200,8508.76,
2026-09-11T01:48:52.100173+00:00,200,20556.40,
2026-09-11T01:48:45.687389+00:00,200,26998.85,
2026-09-11T01:48:58.407395+00:00,200,14320.40,
2026-09-11T01:48:58.070305+00:00,200,14665.15,
2026-09-11T01:48:46.333029+00:00,200,26412.54,
2026-09-11T01:49:12.196583+00:00,200,564.85,
2026-09-11T01:48:30.080404+00:00,200,42683.85,
2026-09-11T01:48:34.150126+00:00,200,38628.19,
2026-09-11T01:48:11.111127+00:00,200,61776.33,
2026-09-11T01:48:52.645593+00:00,200,20252.08,
2026-09-11T01:48:47.511701+00:00,200,25381.73,
2026-09-11T01:48:24.719614+00:00,200,48187.44,
2026-09-11T01:48:51.756691+00:00,200,21151.94,
2026-09-11T01:48:52.583093+00:00,200,20330.44,
2026-09-11T01:48:41.100281+00:00,200,31844.99,
2026-09-11T01:48:57.688852+00:00,200,15257.12,
2026-09-11T01:49:06.194187+00:00,200,6769.16,
2026-09-11T01:48:27.788147+00:00,200,45206.52,
2026-09-11T01:48:55.332469+00:00,200,17677.93,
2026-09-11T01:48:35.449782+00:00,200,37588.18,
2026-09-11T01:49:03.293798+00:00,200,9748.85,
2026-09-11T01:49:06.072116+00:00,200,6974.17,
2026-09-11T01:48:56.889324+00:00,200,16165.48,
2026-09-11T01:48:37.771753+00:00,200,35299.97,
2026-09-11T01:48:41.906331+00:00,200,31186.83,
2026-09-11T01:48:28.432960+00:00,200,44673.79,
2026-09-11T01:47:56.097418+00:00,200,77004.93,
2026-09-11T01:49:02.921010+00:00,200,10198.11,
2026-09-11T01:48:59.402123+00:00,200,13749.39,
2026-09-11T01:48:59.478356+00:00,200,13667.20,
2026-09-11T01:49:05.037450+00:00,200,8138.34,
2026-09-11T01:47:43.712512+00:00,200,89466.06,
2026-09-11T01:48:51.810096+00:00,200,21382.36,
2026-09-11T01:48:52.769370+00:00,200,20457.90,
2026-09-11T01:48:40.699174+00:00,200,32530.49,
2026-09-11T01:48:46.227588+00:00,200,27028.39,
2026-09-11T01:48:40.187176+00:00,200,33068.58,
2026-09-11T01:48:52.665230+00:00,200,20607.10,
2026-09-11T01:49:00.132303+00:00,200,13150.09,
2026-09-11T01:49:06.670275+00:00,200,6627.58,
2026-09-11T01:48:12.465209+00:00,200,60843.70,
2026-09-11T01:48:42.957541+00:00,200,30362.05,
2026-09-11T01:48:35.485953+00:00,200,37853.94,
2026-09-11T01:48:19.251288+00:00,200,54102.29,
2026-09-11T01:48:55.760895+00:00,200,17595.39,
2026-09-11T01:48:49.960054+00:00,200,23393.35,
2026-09-11T01:49:13.152071+00:00,200,214.28,
2026-09-11T01:48:54.992572+00:00,200,18377.22,
2026-09-11T01:48:53.706348+00:00,200,19677.56,
2026-09-11T01:48:09.101356+00:00,200,64282.12,
2026-09-11T01:49:13.154083+00:00,200,243.66,
2026-09-11T01:48:48.535043+00:00,200,24864.85,
2026-09-11T01:48:59.803290+00:00,200,13612.36,
2026-09-11T01:48:14.145832+00:00,200,59278.26,
2026-09-11T01:49:05.579329+00:00,200,7856.83,
2026-09-11T01:48:43.451799+00:00,200,29987.10,
2026-09-11T01:48:54.039644+00:00,200,19405.77,
2026-09-11T01:48:58.217369+00:00,200,15243.89,
2026-09-11T01:48:34.114422+00:00,200,39378.19,
2026-09-11T01:49:10.590475+00:00,200,2923.77,
2026-09-11T01:49:13.276136+00:00,200,255.55,
2026-09-11T01:49:05.379892+00:00,200,8180.59,
2026-09-11T01:49:01.758405+00:00,200,11804.35,
2026-09-11T01:48:57.072908+00:00,200,16495.43,
2026-09-11T01:49:11.016870+00:00,200,2568.94,
2026-09-11T01:48:38.714665+00:00,200,34893.82,
2026-09-11T01:48:44.965232+00:00,200,28647.07,
2026-09-11T01:49:03.700112+00:00,200,9914.67,
2026-09-11T01:48:46.782890+00:00,200,26860.86,
2026-09-11T01:48:46.195883+00:00,200,27449.86,
2026-09-11T01:49:11.262075+00:00,200,2390.33,
2026-09-11T01:49:02.989716+00:00,200,10669.55,
2026-09-11T01:49:04.879725+00:00,200,8787.16,
2026-09-11T01:49:09.443674+00:00,200,4235.50,
2026-09-11T01:48:06.835194+00:00,200,66897.19,
2026-09-11T01:49:12.301333+00:00,200,1460.03,
2026-09-11T01:48:45.616845+00:00,200,28170.49,
2026-09-11T01:48:53.423180+00:00,200,20363.54,
2026-09-11T01:48:29.942158+00:00,200,43849.46,
2026-09-11T01:48:54.203476+00:00,200,19590.19,
2026-09-11T01:47:55.612265+00:00,200,78189.26,
2026-09-11T01:48:57.514936+00:00,200,16294.80,
2026-09-11T01:49:07.393781+00:00,200,6421.90,
2026-09-11T01:49:07.327600+00:00,200,6505.01,
2026-09-11T01:47:54.539466+00:00,200,79303.25,
2026-09-11T01:49:12.655210+00:00,200,1199.29,
2026-09-11T01:49:09.600961+00:00,200,4259.59,
2026-09-11T01:49:00.585888+00:00,200,13290.07,
2026-09-11T01:48:52.873156+00:00,200,21030.12,
2026-09-11T01:48:44.671988+00:00,200,29245.26,
2026-09-11T01:49:11.018877+00:00,200,2912.80,
2026-09-11T01:47:57.509156+00:00,200,76424.85,
2026-09-11T01:48:08.000851+00:00,200,65964.28,
2026-09-11T01:47:56.144730+00:00,200,77838.64,
2026-09-11T01:48:48.295608+00:00,200,25692.25,
2026-09-11T01:49:13.313910+00:00,200,683.22,
2026-09-11T01:48:56.831481+00:00,200,17183.36,
2026-09-11T01:49:05.679695+00:00,200,8352.61,
2026-09-11T01:48:33.415411+00:00,200,40624.00,
2026-09-11T01:48:25.399891+00:00,200,48650.10,
2026-09-11T01:48:22.032494+00:00,200,52067.73,
2026-09-11T01:49:02.050577+00:00,200,12050.64,
2026-09-11T01:49:09.961556+00:00,200,4166.89,
2026-09-11T01:48:39.885808+00:00,200,34253.87,
2026-09-11T01:47:50.627441+00:00,200,83516.64,
2026-09-11T01:48:54.953503+00:00,200,19226.97,
2026-09-11T01:48:52.726115+00:00,200,21461.49,
2026-09-11T01:48:50.159930+00:00,200,24051.54,
2026-09-11T01:49:13.961730+00:00,200,251.71,
2026-09-11T01:48:54.922190+00:00,200,19293.33,
2026-09-11T01:49:09.537579+00:00,200,4691.55,
2026-09-11T01:48:20.171613+00:00,200,54059.99,
2026-09-11T01:49:11.253188+00:00,200,2976.90,
2026-09-11T01:49:03.786112+00:00,200,10468.66,
2026-09-11T01:48:53.898232+00:00,200,20357.47,
2026-09-11T01:49:06.118671+00:00,200,8149.12,
2026-09-11T01:48:32.817419+00:00,200,41451.73,
2026-09-11T01:49:09.147791+00:00,200,5127.73,
2026-09-11T01:49:05.432897+00:00,200,8883.72,
2026-09-11T01:48:35.228943+00:00,200,39127.89,
2026-09-11T01:48:54.376758+00:00,200,19984.84,
2026-09-11T01:48:55.395296+00:00,200,18989.33,
2026-09-11T01:49:13.505329+00:00,200,878.12,
2026-09-11T01:49:05.535093+00:00,200,8865.21,
2026-09-11T01:49:14.211167+00:00,200,210.48,
2026-09-11T01:49:08.580044+00:00,200,5848.07,
2026-09-11T01:49:00.615742+00:00,200,13815.77,
2026-09-11T01:49:06.761521+00:00,200,7674.52,
2026-09-11T01:48:31.054531+00:00,200,43390.04,
2026-09-11T01:49:05.496458+00:00,200,8954.92,
2026-09-11T01:49:09.810470+00:00,200,4643.20,
2026-09-11T01:48:40.632966+00:00,200,33875.08,
2026-09-11T01:49:07.383853+00:00,200,7139.14,
2026-09-11T01:48:54.969198+00:00,200,19551.32,
2026-09-11T01:49:11.312260+00:00,200,3234.99,
2026-09-11T01:49:04.602022+00:00,200,9965.18,
2026-09-11T01:48:08.419464+00:00,200,66150.04,
2026-09-11T01:48:17.897879+00:00,200,56680.46,
2026-09-11T01:48:53.523126+00:00,200,21149.21,
2026-09-11T01:48:11.747396+00:00,200,62929.58,
2026-09-11T01:48:19.888565+00:00,200,54796.06,
2026-09-11T01:49:05.989117+00:00,200,8704.46,
2026-09-11T01:48:10.150169+00:00,200,64551.36,
2026-09-11T01:49:04.477515+00:00,200,10237.14,
2026-09-11T01:48:26.504935+00:00,200,48238.93,
2026-09-11T01:48:35.238418+00:00,200,39511.93,
2026-09-11T01:48:53.143160+00:00,200,21600.49,
2026-09-11T01:48:51.519763+00:00,200,23227.97,
2026-09-11T01:48:51.436102+00:00,200,23320.50,
2026-09-11T01:49:09.610931+00:00,200,5169.45,
2026-09-11T01:49:03.762906+00:00,200,11028.53,
2026-09-11T01:49:14.099880+00:00,200,716.21,
2026-09-11T01:49:05.198908+00:00,200,9633.68,
2026-09-11T01:49:09.698029+00:00,200,5138.79,
2026-09-11T01:48:41.808755+00:00,200,33061.11,
2026-09-11T01:49:02.068644+00:00,200,12812.32,
2026-09-11T01:47:34.699514+00:00,200,100240.30,
2026-09-11T01:47:47.862134+00:00,200,87081.45,
2026-09-11T01:48:55.365416+00:00,200,19589.57,
2026-09-11T01:48:09.791746+00:00,200,65181.14,
2026-09-11T01:49:05.698105+00:00,200,9290.78,
2026-09-11T01:49:05.361817+00:00,200,9632.18,
2026-09-11T01:48:32.863143+00:00,200,42163.12,
2026-09-11T01:49:13.859859+00:00,200,1184.22,
2026-09-11T01:48:55.888323+00:00,200,19148.37,
2026-09-11T01:49:08.690003+00:00,200,6440.84,
2026-09-11T01:48:57.098128+00:00,200,18047.16,
2026-09-11T01:48:35.631968+00:00,200,39540.56,
2026-09-11T01:48:54.187635+00:00,200,21002.88,
2026-09-11T01:48:42.606592+00:00,200,32599.14,
2026-09-11T01:49:01.446922+00:00,200,13766.59,
2026-09-11T01:49:02.335246+00:00,200,12882.19,
2026-09-11T01:48:29.804559+00:00,200,45425.37,
2026-09-11T01:49:11.793627+00:00,200,3457.89,
2026-09-11T01:48:39.792190+00:00,200,35463.81,
2026-09-11T01:49:11.663055+00:00,200,3613.46,
2026-09-11T01:48:55.347481+00:00,200,19954.75,
2026-09-11T01:47:27.183285+00:00,200,108124.96,
2026-09-11T01:49:06.693508+00:00,200,8632.40,
2026-09-11T01:49:09.867497+00:00,200,5466.18,
2026-09-11T01:49:02.676468+00:00,200,12659.02,
2026-09-11T01:48:31.330074+00:00,200,44033.21,
2026-09-11T01:48:33.117253+00:00,200,42255.64,
2026-09-11T01:48:25.586964+00:00,200,49790.17,
2026-09-11T01:48:57.959403+00:00,200,17421.47,
2026-09-11T01:48:03.398724+00:00,200,71986.51,
2026-09-11T01:49:00.522361+00:00,200,14887.37,
2026-09-11T01:48:50.437109+00:00,200,25036.89,
2026-09-11T01:48:56.459339+00:00,200,19088.87,
2026-09-11T01:48:06.676553+00:00,200,68880.65,
2026-09-11T01:49:08.188708+00:00,200,7370.21,
2026-09-11T01:48:42.400047+00:00,200,33162.18,
2026-09-11T01:49:09.784987+00:00,200,5779.67,
2026-09-11T01:49:13.847239+00:00,200,1750.53,
2026-09-11T01:48:53.184685+00:00,200,22416.96,
2026-09-11T01:49:01.722575+00:00,200,13898.10,
2026-09-11T01:48:20.142891+00:00,200,55483.88,
2026-09-11T01:47:47.610734+00:00,200,88019.70,
2026-09-11T01:48:37.695062+00:00,200,37936.68,
2026-09-11T01:48:58.385690+00:00,200,17245.36,
2026-09-11T01:49:14.226509+00:00,200,1418.77,
2026-09-11T01:48:29.713699+00:00,200,45950.80,
2026-09-11T01:48:52.759298+00:00,200,22915.86,
2026-09-11T01:48:45.846373+00:00,200,29826.57,
2026-09-11T01:49:03.003741+00:00,200,12718.83,
2026-09-11T01:48:44.901273+00:00,200,30823.76,
2026-09-11T01:49:07.972742+00:00,200,7780.82,
2026-09-11T01:49:08.045641+00:00,200,7732.81,
2026-09-11T01:48:55.601525+00:00,200,20164.22,
2026-09-11T01:48:59.689497+00:00,200,16091.40,
2026-09-11T01:49:11.345961+00:00,200,4438.48,
2026-09-11T01:48:48.255975+00:00,200,27530.67,
2026-09-11T01:48:31.471721+00:00,200,44313.19,
2026-09-11T01:48:13.125969+00:00,200,62658.49,
2026-09-11T01:48:23.742227+00:00,200,52047.64,
2026-09-11T01:48:54.160989+00:00,200,21631.75,
2026-09-11T01:49:09.660780+00:00,200,6132.85,
2026-09-11T01:48:50.181272+00:00,200,25611.43,
2026-09-11T01:47:48.110652+00:00,200,87688.14,
2026-09-11T01:49:13.388283+00:00,200,2411.13,
2026-09-11T01:48:54.699960+00:00,200,21099.27,
2026-09-11T01:48:45.331588+00:00,200,30470.51,
2026-09-11T01:48:05.533213+00:00,200,70271.28,
2026-09-11T01:49:10.707515+00:00,200,5100.55,
2026-09-11T01:48:29.888542+00:00,200,45920.06,
2026-09-11T01:48:18.442525+00:00,200,57369.05,
2026-09-11T01:49:07.128514+00:00,200,8684.84,
2026-09-11T01:48:49.663445+00:00,200,26143.95,
2026-09-11T01:48:25.730224+00:00,200,50088.29,
2026-09-11T01:48:38.763823+00:00,200,37054.23,
2026-09-11T01:49:15.031971+00:00,200,789.25,
2026-09-11T01:48:57.435890+00:00,200,18387.40,
2026-09-11T01:47:20.273166+00:00,200,115553.72,
2026-09-11T01:49:04.823350+00:00,200,10998.61,
2026-09-11T01:47:33.740036+00:00,200,102092.23,
2026-09-11T01:48:59.344727+00:00,200,16489.29,
2026-09-11T01:48:38.502832+00:00,200,37322.85,
2026-09-11T01:49:15.473735+00:00,200,389.52,
2026-09-11T01:49:13.880860+00:00,200,2018.00,
2026-09-11T01:49:13.303365+00:00,200,2641.71,
2026-09-11T01:48:18.768824+00:00,200,57195.95,
2026-09-11T01:49:10.795004+00:00,200,5231.84,
2026-09-11T01:48:44.143866+00:00,200,31900.87,
2026-09-11T01:48:58.167925+00:00,200,17901.80,
2026-09-11T01:48:44.000415+00:00,200,32069.23,
2026-09-11T01:49:15.644421+00:00,200,460.45,
2026-09-11T01:48:59.487907+00:00,200,16652.06,
2026-09-11T01:49:06.618276+00:00,200,9586.65,
2026-09-11T01:48:40.249719+00:00,200,36013.58,
2026-09-11T01:48:52.798463+00:00,200,23503.97,
2026-09-11T01:48:26.997342+00:00,200,49322.79,
2026-09-11T01:49:11.817551+00:00,200,4511.10,
2026-09-11T01:49:15.132028+00:00,200,1209.41,
2026-09-11T01:49:07.409263+00:00,200,8940.03,
2026-09-11T01:48:52.313133+00:00,200,24038.48,
2026-09-11T01:48:34.902877+00:00,200,41450.09,
2026-09-11T01:49:14.831977+00:00,200,1524.68,
2026-09-11T01:48:33.637597+00:00,200,42710.77,
2026-09-11T01:49:12.396498+00:00,200,3966.76,
2026-09-11T01:48:15.870784+00:00,200,60493.61,
2026-09-11T01:48:35.485953+00:00,200,40934.02,
2026-09-11T01:48:35.607910+00:00,200,40814.74,
2026-09-11T01:49:00.159289+00:00,200,16274.88,
2026-09-11T01:48:47.552354+00:00,200,28885.92,
2026-09-11T01:49:07.325591+00:00,200,9119.86,
2026-09-11T01:49:02.449956+00:00,200,13999.12,
2026-09-11T01:49:03.463406+00:00,200,12988.31,
2026-09-11T01:48:59.843415+00:00,200,16610.66,
2026-09-11T01:49:12.897368+00:00,200,3561.30,
2026-09-11T01:49:12.090311+00:00,200,4365.38,
2026-09-11T01:48:51.241568+00:00,200,25220.56,
2026-09-11T01:49:13.923324+00:00,200,2542.29,
2026-09-11T01:49:08.325195+00:00,200,8144.78,
2026-09-11T01:48:29.445672+00:00,200,47024.26,
2026-09-11T01:49:13.495256+00:00,200,2980.96,
2026-09-11T01:48:32.021606+00:00,200,44453.80,
2026-09-11T01:48:53.049273+00:00,200,23426.61,
2026-09-11T01:48:39.779101+00:00,200,36697.10,
2026-09-11T01:47:56.936551+00:00,200,79543.63,
2026-09-11T01:49:08.198735+00:00,200,8291.45,
2026-09-11T01:48:49.006846+00:00,200,27480.83,
2026-09-11T01:48:45.725899+00:00,200,30770.05,
2026-09-11T01:48:59.118263+00:00,200,17408.58,
2026-09-11T01:48:51.070688+00:00,200,25467.22,
2026-09-11T01:49:01.770442+00:00,200,14809.96,
2026-09-11T01:48:22.247219+00:00,200,54368.49,
2026-09-11T01:48:03.811703+00:00,200,72823.22,
2026-09-11T01:48:32.966723+00:00,200,43691.56,
2026-09-11T01:48:33.431418+00:00,200,43249.82,
2026-09-11T01:48:33.462918+00:00,200,43271.85,
2026-09-11T01:48:16.985488+00:00,200,59776.49,
2026-09-11T01:48:26.144728+00:00,200,50636.02,
2026-09-11T01:48:11.653554+00:00,200,65162.31,
2026-09-11T01:49:04.665102+00:00,200,12172.88,
2026-09-11T01:48:51.250670+00:00,200,25632.77,
2026-09-11T01:48:56.014965+00:00,200,20879.67,
2026-09-11T01:49:09.308117+00:00,200,7599.01,
2026-09-11T01:49:13.786154+00:00,200,3132.50,
2026-09-11T01:48:39.349566+00:00,200,37574.82,
2026-09-11T01:49:05.606780+00:00,200,11332.17,
2026-09-11T01:49:05.775360+00:00,200,11182.68,
2026-09-11T01:48:52.716092+00:00,200,24271.94,
2026-09-11T01:49:09.318622+00:00,200,7677.21,
2026-09-11T01:48:49.937104+00:00,200,27061.47,
2026-09-11T01:48:37.215628+00:00,200,39827.34,
2026-09-11T01:48:42.073709+00:00,200,34990.49,
2026-09-11T01:49:07.144030+00:00,200,9980.28,
2026-09-11T01:48:34.728771+00:00,200,42430.66,
2026-09-11T01:48:37.564812+00:00,200,39625.33,
2026-09-11T01:49:07.898554+00:00,200,9342.05,
2026-09-11T01:48:42.368401+00:00,200,34925.90,
2026-09-11T01:48:33.272043+00:00,200,44088.75,
2026-09-11T01:48:51.866051+00:00,200,25501.78,
2026-09-11T01:49:11.288866+00:00,200,6081.80,
2026-09-11T01:48:11.274908+00:00,200,66113.63,
2026-09-11T01:48:43.628462+00:00,200,33783.95,
2026-09-11T01:49:16.616566+00:00,200,808.05,
2026-09-11T01:49:13.680853+00:00,200,3780.19,
2026-09-11T01:48:43.049913+00:00,200,34507.19,
2026-09-11T01:48:33.302050+00:00,200,44277.41,
2026-09-11T01:48:46.976086+00:00,200,30633.38,
2026-09-11T01:48:51.410915+00:00,200,26219.53,
2026-09-11T01:47:33.985856+00:00,200,103659.03,
2026-09-11T01:48:05.745387+00:00,200,71917.87,
2026-09-11T01:48:55.439579+00:00,200,22267.32,
2026-09-11T01:48:18.597749+00:00,200,59125.26,
2026-09-11T01:48:04.082557+00:00,200,73666.48,
2026-09-11T01:49:05.513996+00:00,200,12301.26,
2026-09-11T01:48:53.754920+00:00,200,24113.49,
2026-09-11T01:48:30.319521+00:00,200,47582.74,
2026-09-11T01:49:01.687291+00:00,200,16231.80,
2026-09-11T01:47:45.893030+00:00,200,92019.19,
2026-09-11T01:47:37.181086+00:00,200,100783.31,
2026-09-11T01:48:39.034293+00:00,200,38968.52,
2026-09-11T01:48:30.441353+00:00,200,47574.24,
2026-09-11T01:49:00.476751+00:00,200,17567.68,
2026-09-11T01:49:06.860503+00:00,200,11224.89,
2026-09-11T01:49:05.320610+00:00,200,12772.49,
2026-09-11T01:48:55.220998+00:00,200,22907.77,
2026-09-11T01:48:09.138514+00:00,200,69020.80,
2026-09-11T01:49:07.244842+00:00,200,10925.86,
2026-09-11T01:48:16.376972+00:00,200,61876.33,
2026-09-11T01:49:05.290802+00:00,200,12979.07,
2026-09-11T01:49:14.690534+00:00,200,3582.32,
2026-09-11T01:48:57.273088+00:00,200,21011.73,
2026-09-11T01:48:54.969198+00:00,200,23323.17,
2026-09-11T01:49:08.965455+00:00,200,9374.22,
2026-09-11T01:49:10.255293+00:00,200,8153.32,
2026-09-11T01:48:58.224608+00:00,200,20207.66,
2026-09-11T01:49:13.568120+00:00,200,4913.78,
2026-09-11T01:49:03.821739+00:00,200,14682.25,
2026-09-11T01:48:28.724936+00:00,200,49779.33,
2026-09-11T01:48:48.039680+00:00,200,30490.77,
2026-09-11T01:49:16.258512+00:00,200,2277.21,
2026-09-11T01:49:04.027256+00:00,200,14579.31,
2026-09-11T01:49:01.406955+00:00,200,17238.02,
2026-09-11T01:48:28.480797+00:00,200,50219.19,
2026-09-11T01:48:10.598079+00:00,200,68109.43,
2026-09-11T01:47:47.954126+00:00,200,90762.91,
2026-09-11T01:48:59.875191+00:00,200,18844.51,
2026-09-11T01:49:03.580104+00:00,200,15155.34,
2026-09-11T01:49:14.818607+00:00,200,3930.50,
2026-09-11T01:49:04.137488+00:00,200,14615.52,
2026-09-11T01:49:11.744551+00:00,200,7062.06,
2026-09-11T01:49:07.291115+00:00,200,11574.05,
2026-09-11T01:48:13.061473+00:00,200,65817.50,
2026-09-11T01:48:42.900559+00:00,200,36019.25,
2026-09-11T01:47:56.398520+00:00,200,82531.39,
2026-09-11T01:49:09.968698+00:00,200,8980.77,
2026-09-11T01:48:58.200745+00:00,200,20759.72,
2026-09-11T01:49:11.439955+00:00,200,7555.11,
2026-09-11T01:49:03.067703+00:00,200,15937.76,
2026-09-11T01:49:09.550883+00:00,200,9507.76,
2026-09-11T01:49:03.480374+00:00,200,15602.02,
2026-09-11T01:49:11.878993+00:00,200,7230.86,
2026-09-11T01:48:59.525481+00:00,200,19599.28,
2026-09-11T01:49:18.481764+00:00,200,650.70,
2026-09-11T01:49:14.181265+00:00,200,5013.11,
2026-09-11T01:48:28.791958+00:00,200,50431.03,
2026-09-11T01:49:06.701534+00:00,200,12536.14,
2026-09-11T01:48:59.210254+00:00,200,20050.67,
2026-09-11T01:48:53.017237+00:00,200,26267.15,
2026-09-11T01:48:40.664620+00:00,200,38671.02,
2026-09-11T01:49:13.992195+00:00,200,5377.94,
2026-09-11T01:47:59.519585+00:00,200,79880.03,
2026-09-11T01:49:12.330099+00:00,200,7082.95,
2026-09-11T01:48:47.884132+00:00,200,31540.57,
2026-09-11T01:48:52.297125+00:00,200,27141.81,
2026-09-11T01:49:12.761389+00:00,200,6739.25,
2026-09-11T01:48:01.472858+00:00,200,78062.98,
2026-09-11T01:48:56.955990+00:00,200,22663.13,
2026-09-11T01:49:16.315591+00:00,200,3335.11,
2026-09-11T01:48:51.230411+00:00,200,28451.69,
2026-09-11T01:48:33.843846+00:00,200,45843.70,
2026-09-11T01:49:04.565114+00:00,200,15153.08,
2026-09-11T01:48:59.098648+00:00,200,20633.59,
2026-09-11T01:48:27.030544+00:00,200,52736.64,
2026-09-11T01:48:44.397453+00:00,200,35436.10,
2026-09-11T01:48:23.988887+00:00,200,55912.75,
2026-09-11T01:49:17.269551+00:00,200,2654.38,
2026-09-11T01:48:37.660185+00:00,200,42297.16,
2026-09-11T01:48:01.451254+00:00,200,78528.35,
2026-09-11T01:49:06.551669+00:00,200,13441.03,
2026-09-11T01:48:47.414790+00:00,200,32588.07,
2026-09-11T01:49:07.604097+00:00,200,12458.21,
2026-09-11T01:47:02.613028+00:00,200,137456.15,
2026-09-11T01:49:09.668816+00:00,200,10414.78,
2026-09-11T01:49:12.297321+00:00,200,7796.51,
2026-09-11T01:48:53.537615+00:00,200,26588.72,
2026-09-11T01:49:07.902338+00:00,200,12229.01,
2026-09-11T01:49:04.477515+00:00,200,15691.61,
2026-09-11T01:48:56.061939+00:00,200,24115.09,
2026-09-11T01:48:47.351804+00:00,200,32849.59,
2026-09-11T01:48:53.184685+00:00,200,27040.50,
2026-09-11T01:49:19.836990+00:00,200,409.43,
2026-09-11T01:48:43.366521+00:00,200,36890.87,
2026-09-11T01:49:09.168791+00:00,200,11119.24,
2026-09-11T01:48:46.639933+00:00,200,33657.27,
2026-09-11T01:48:55.792564+00:00,200,24528.12,
2026-09-11T01:48:38.201836+00:00,200,42194.91,
2026-09-11T01:48:57.347628+00:00,200,23058.98,
2026-09-11T01:48:51.023962+00:00,200,29458.75,
2026-09-11T01:49:15.679631+00:00,200,4805.56,
2026-09-11T01:49:09.349051+00:00,200,11152.39,
2026-09-11T01:48:53.458448+00:00,200,27065.61,
2026-09-11T01:48:58.557569+00:00,200,21996.61,
2026-09-11T01:49:10.192206+00:00,200,10367.59,
2026-09-11T01:48:51.140968+00:00,200,29438.77,
2026-09-11T01:48:46.988868+00:00,200,33597.75,
2026-09-11T01:48:24.325854+00:00,200,56268.93,
2026-09-11T01:48:26.873492+00:00,200,53752.12,
2026-09-11T01:48:46.188147+00:00,200,34457.72,
2026-09-11T01:49:08.135355+00:00,200,12521.75,
2026-09-11T01:49:01.078330+00:00,200,19599.25,
2026-09-11T01:49:19.222272+00:00,200,1469.86,
2026-09-11T01:48:54.922190+00:00,200,25821.96,
2026-09-11T01:49:18.164494+00:00,200,2663.44,
2026-09-11T01:48:08.651585+00:00,200,72185.90,
2026-09-11T01:48:24.508625+00:00,200,56337.46,
2026-09-11T01:48:48.700126+00:00,200,32149.63,
2026-09-11T01:48:39.250295+00:00,200,41593.66,
2026-09-11T01:48:52.759298+00:00,200,28126.88,
2026-09-11T01:49:20.063354+00:00,200,825.32,
2026-09-11T01:49:02.410907+00:00,200,18491.66,
2026-09-11T01:49:02.192370+00:00,200,18789.96,
2026-09-11T01:48:49.077016+00:00,200,31911.72,
2026-09-11T01:49:01.698872+00:00,200,19321.83,
2026-09-11T01:48:44.096582+00:00,200,37003.88,
2026-09-11T01:49:01.767433+00:00,200,19338.28,
2026-09-11T01:48:12.604180+00:00,200,68518.32,
2026-09-11T01:49:16.300462+00:00,200,4825.19,
2026-09-11T01:48:11.422931+00:00,200,69759.76,
2026-09-11T01:48:38.849134+00:00,200,42359.14,
2026-09-11T01:48:36.328339+00:00,200,44932.77,
2026-09-11T01:48:28.602366+00:00,200,52667.96,
2026-09-11T01:49:13.255828+00:00,200,8025.46,
2026-09-11T01:49:00.447775+00:00,200,20918.89,
2026-09-11T01:49:13.997786+00:00,200,7420.77,
2026-09-11T01:48:37.796919+00:00,200,43642.76,
2026-09-11T01:48:54.139763+00:00,200,27308.66,
2026-09-11T01:49:16.493692+00:00,200,4985.30,
2026-09-11T01:49:07.612116+00:00,200,13905.05,
2026-09-11T01:48:55.476093+00:00,200,26089.62,
2026-09-11T01:48:55.999019+00:00,200,25601.90,
2026-09-11T01:48:47.864926+00:00,200,33782.19,
2026-09-11T01:49:07.855448+00:00,200,13798.37,
2026-09-11T01:48:51.127429+00:00,200,30531.21,
2026-09-11T01:49:07.040637+00:00,200,14639.64,
2026-09-11T01:48:26.737864+00:00,200,54948.35,
2026-09-11T01:48:58.447929+00:00,200,23253.18,
2026-09-11T01:49:08.248410+00:00,200,13463.71,
2026-09-11T01:49:10.142129+00:00,200,11583.91,
2026-09-11T01:49:05.973388+00:00,200,15754.18,
2026-09-11T01:48:57.248996+00:00,200,24481.93,
2026-09-11T01:49:04.226391+00:00,200,17517.91,
2026-09-11T01:48:48.613943+00:00,200,33135.48,
2026-09-11T01:49:16.441108+00:00,200,5315.26,
2026-09-11T01:48:56.491008+00:00,200,25276.61,
2026-09-11T01:49:14.688170+00:00,200,7097.58,
2026-09-11T01:49:05.348510+00:00,200,16440.40,
2026-09-11T01:48:45.115072+00:00,200,36673.57,
2026-09-11T01:49:04.410101+00:00,200,17392.15,
2026-09-11T01:49:17.412053+00:00,200,4418.61,
2026-09-11T01:48:12.237641+00:00,200,69611.77,
2026-09-11T01:48:26.868801+00:00,200,54983.25,
2026-09-11T01:48:50.581144+00:00,200,31300.06,
2026-09-11T01:49:02.368197+00:00,200,19522.42,
2026-09-11T01:48:22.004722+00:00,200,59887.95,
2026-09-11T01:48:41.682470+00:00,200,40215.58,
2026-09-11T01:49:12.963502+00:00,200,8942.49,
2026-09-11T01:48:44.208879+00:00,200,37696.22,
2026-09-11T01:47:45.738245+00:00,200,96171.29,
2026-09-11T01:49:12.012930+00:00,200,9918.66,
2026-09-11T01:48:22.517695+00:00,200,59421.62,
2026-09-11T01:49:17.965461+00:00,200,3982.07,
2026-09-11T01:49:16.486126+00:00,200,5487.50,
2026-09-11T01:49:14.990287+00:00,200,6987.27,
2026-09-11T01:49:21.729550+00:00,200,261.30,
2026-09-11T01:49:15.787676+00:00,200,6205.84,
2026-09-11T01:48:26.303198+00:00,200,55713.00,
2026-09-11T01:49:16.735107+00:00,200,5296.90,
2026-09-11T01:48:34.212394+00:00,200,47829.70,
2026-09-11T01:48:33.510934+00:00,200,48549.39,
2026-09-11T01:49:16.908013+00:00,200,5158.45,
2026-09-11T01:49:04.173223+00:00,200,17905.66,
2026-09-11T01:48:16.776715+00:00,200,65318.66,
2026-09-11T01:48:57.618520+00:00,200,24479.27,
2026-09-11T01:48:49.235388+00:00,200,32883.07,
2026-09-11T01:48:30.943102+00:00,200,51194.01,
2026-09-11T01:48:16.194474+00:00,200,65944.22,
2026-09-11T01:48:29.652914+00:00,200,52487.56,
2026-09-11T01:48:44.995068+00:00,200,37145.43,
2026-09-11T01:49:06.198186+00:00,200,15944.39,
2026-09-11T01:48:17.178102+00:00,200,64976.89,
2026-09-11T01:47:52.971327+00:00,200,89197.47,
2026-09-11T01:49:00.041781+00:00,200,22192.11,
2026-09-11T01:48:58.653606+00:00,200,23591.65,
2026-09-11T01:48:51.475730+00:00,200,30785.05,
2026-09-11T01:49:13.874719+00:00,200,8408.95,
2026-09-11T01:48:57.740473+00:00,200,24599.66,
2026-09-11T01:48:53.311601+00:00,200,29062.28,
2026-09-11T01:49:08.896096+00:00,200,13481.90,
2026-09-11T01:48:59.714495+00:00,200,22659.25,
2026-09-11T01:48:34.763827+00:00,200,47625.41,
2026-09-11T01:48:25.842239+00:00,200,56543.93,
2026-09-11T01:49:11.333375+00:00,200,11065.96,
2026-09-11T01:48:41.061583+00:00,200,41339.66,
2026-09-11T01:49:10.315528+00:00,200,12095.69,
2026-09-11T01:49:10.169052+00:00,200,12261.03,
2026-09-11T01:48:33.074742+00:00,200,49357.22,
2026-09-11T01:49:13.258849+00:00,200,9178.91,
2026-09-11T01:49:10.841971+00:00,200,11628.66,
2026-09-11T01:49:21.743896+00:00,200,767.54,
2026-09-11T01:49:22.262685+00:00,200,253.34,
2026-09-11T01:48:56.165284+00:00,200,26354.27,
2026-09-11T01:48:41.550069+00:00,200,40996.75,
2026-09-11T01:49:13.665600+00:00,200,8894.29,
2026-09-11T01:49:02.803729+00:00,200,19764.82,
2026-09-11T01:48:53.723660+00:00,200,28916.37,
2026-09-11T01:49:12.224633+00:00,200,10452.45,
2026-09-11T01:47:13.673088+00:00,200,129007.78,
2026-09-11T01:48:45.674410+00:00,200,37046.40,
2026-09-11T01:49:15.791686+00:00,200,6939.23,
2026-09-11T01:49:15.813382+00:00,200,6933.89,
2026-09-11T01:49:04.447599+00:00,200,18323.62,
2026-09-11T01:49:07.865002+00:00,200,14950.70,
2026-09-11T01:48:49.273036+00:00,200,33573.09,
2026-09-11T01:48:58.582486+00:00,200,24284.04,
2026-09-11T01:49:04.456720+00:00,200,18422.48,
2026-09-11T01:49:01.393346+00:00,200,21491.14,
2026-09-11T01:49:07.391775+00:00,200,15503.01,
2026-09-11T01:49:16.928556+00:00,200,5980.53,
2026-09-11T01:49:10.968316+00:00,200,11959.54,
2026-09-11T01:49:02.727786+00:00,200,20201.60,
2026-09-11T01:49:17.430535+00:00,200,5507.40,
2026-09-11T01:49:10.764203+00:00,200,12178.00,
2026-09-11T01:48:36.961438+00:00,200,45990.59,
2026-09-11T01:49:00.558681+00:00,200,22412.08,
2026-09-11T01:47:34.810063+00:00,200,108151.07,
2026-09-11T01:48:19.598372+00:00,200,63414.24,
2026-09-11T01:48:32.097672+00:00,200,50928.71,
2026-09-11T01:48:43.451285+00:00,200,39594.63,
2026-09-11T01:48:48.360867+00:00,200,34691.81,
2026-09-11T01:48:49.785651+00:00,200,33284.54,
2026-09-11T01:49:06.193188+00:00,200,16890.76,
2026-09-11T01:49:07.641748+00:00,200,15445.96,
2026-09-11T01:48:53.169026+00:00,200,29934.03,
2026-09-11T01:47:36.252234+00:00,200,106856.36,
2026-09-11T01:49:08.639945+00:00,200,14478.76,
2026-09-11T01:49:01.173196+00:00,200,21946.80,
2026-09-11T01:49:08.906617+00:00,200,14265.37,
2026-09-11T01:48:30.237997+00:00,200,52938.67,
2026-09-11T01:48:50.555634+00:00,200,32643.80,
2026-09-11T01:49:09.269669+00:00,200,13944.67,
2026-09-11T01:48:30.520410+00:00,200,52709.33,
2026-09-11T01:48:27.766742+00:00,200,55467.82,
2026-09-11T01:48:35.498601+00:00,200,47743.16,
2026-09-11T01:48:56.109831+00:00,200,27144.21,
2026-09-11T01:48:07.613243+00:00,200,75651.67,
2026-09-11T01:49:03.760901+00:00,200,19512.54,
2026-09-11T01:47:58.403111+00:00,200,84885.76,
2026-09-11T01:49:19.781147+00:00,200,3534.11,
2026-09-11T01:49:23.015723+00:00,200,307.69,
2026-09-11T01:48:48.613943+00:00,200,34716.39,
2026-09-11T01:49:16.526915+00:00,200,6804.97,
2026-09-11T01:48:51.904320+00:00,200,31452.78,
2026-09-11T01:48:18.502009+00:00,200,64903.48,
2026-09-11T01:48:14.585481+00:00,200,68834.43,
2026-09-11T01:48:47.797645+00:00,200,35627.20,
2026-09-11T01:49:22.471040+00:00,200,987.80,
2026-09-11T01:48:33.415411+00:00,200,50040.92,
2026-09-11T01:48:34.650886+00:00,200,48807.35,
2026-09-11T01:48:29.399257+00:00,200,54072.62,
2026-09-11T01:49:09.156206+00:00,200,14333.26,
2026-09-11T01:48:54.764474+00:00,200,28729.69,
2026-09-11T01:49:22.011614+00:00,200,1490.11,
2026-09-11T01:49:20.128279+00:00,200,3412.70,
2026-09-11T01:48:00.170169+00:00,200,83391.94,
2026-09-11T01:48:49.866418+00:00,200,33712.72,
2026-09-11T01:48:53.086759+00:00,200,30517.22,
2026-09-11T01:49:11.749564+00:00,200,11867.02,
2026-09-11T01:49:07.802475+00:00,200,15867.53,
2026-09-11T01:49:07.721077+00:00,200,15962.87,
2026-09-11T01:48:50.955719+00:00,200,32726.31,
2026-09-11T01:49:16.423349+00:00,200,7263.11,
2026-09-11T01:49:04.511398+00:00,200,19176.32,
2026-09-11T01:49:02.188362+00:00,200,21503.01,
2026-09-11T01:49:06.821623+00:00,200,16871.06,
2026-09-11T01:49:04.668117+00:00,200,19025.41,
2026-09-11T01:48:37.288096+00:00,200,46415.32,
2026-09-11T01:48:50.511806+00:00,200,33207.75,
2026-09-11T01:48:30.986476+00:00,200,52738.73,
2026-09-11T01:48:56.905998+00:00,200,26847.67,
2026-09-11T01:49:10.570865+00:00,200,13197.56,
2026-09-11T01:48:24.188433+00:00,200,59581.40,
2026-09-11T01:48:49.261521+00:00,200,34536.51,
2026-09-11T01:48:12.607913+00:00,200,71209.74,
2026-09-11T01:47:39.988319+00:00,200,103828.27,
2026-09-11T01:48:53.343558+00:00,200,30473.49,
2026-09-11T01:49:02.820772+00:00,200,21007.58,
2026-09-11T01:47:41.140656+00:00,200,102675.72,
2026-09-11T01:49:22.349367+00:00,200,1481.38,
2026-09-11T01:48:22.214760+00:00,200,61619.32,
2026-09-11T01:49:19.072577+00:00,200,4762.15,
2026-09-11T01:49:05.898169+00:00,200,17936.78,
2026-09-11T01:49:15.778461+00:00,200,8059.07,
2026-09-11T01:49:10.559469+00:00,200,13287.88,
2026-09-11T01:49:07.440825+00:00,200,16415.34,
2026-09-11T01:48:54.375249+00:00,200,29491.35,
2026-09-11T01:48:36.727565+00:00,200,47147.75,
2026-09-11T01:49:13.395304+00:00,200,10495.15,
2026-09-11T01:48:32.688931+00:00,200,51222.39,
2026-09-11T01:48:38.297217+00:00,200,45635.26,
2026-09-11T01:48:44.507754+00:00,200,39444.91,
2026-09-11T01:49:07.313174+00:00,200,16653.22,
2026-09-11T01:49:10.872898+00:00,200,13098.33,
2026-09-11T01:49:00.809445+00:00,200,23173.04,
2026-09-11T01:49:12.090311+00:00,200,11895.38,
2026-09-11T01:48:29.591138+00:00,200,54394.52,
2026-09-11T01:48:58.235990+00:00,200,25758.65,
2026-09-11T01:48:14.018341+00:00,200,69984.40,
2026-09-11T01:49:01.941874+00:00,200,22097.15,
2026-09-11T01:49:14.523310+00:00,200,9531.03,
2026-09-11T01:49:17.611932+00:00,200,6493.56,
2026-09-11T01:49:04.141549+00:00,200,20017.06,
2026-09-11T01:49:18.407086+00:00,200,5759.76,
2026-09-11T01:48:38.427191+00:00,200,45748.21,
2026-09-11T01:49:05.399012+00:00,200,18802.37,
2026-09-11T01:48:19.535304+00:00,200,64668.15,
2026-09-11T01:48:59.841355+00:00,200,24381.94,
2026-09-11T01:48:57.173763+00:00,200,27059.05,
2026-09-11T01:48:49.459223+00:00,200,34834.84,
2026-09-11T01:48:17.378509+00:00,200,66971.54,
2026-09-11T01:48:43.267249+00:00,200,41091.61,
2026-09-11T01:49:14.430152+00:00,200,9940.11,
2026-09-11T01:49:24.105114+00:00,200,302.97,
2026-09-11T01:49:10.888501+00:00,200,13523.52,
2026-09-11T01:49:04.865610+00:00,200,19572.16,
2026-09-11T01:49:07.635731+00:00,200,16804.51,
2026-09-11T01:49:20.132289+00:00,200,4310.52,
2026-09-11T01:49:15.941441+00:00,200,8502.34,
2026-09-11T01:49:22.569168+00:00,200,1905.63,
2026-09-11T01:48:48.641821+00:00,200,35835.24,
2026-09-11T01:49:05.673493+00:00,200,18824.54,
2026-09-11T01:49:06.957148+00:00,200,17571.48,
2026-09-11T01:49:21.575085+00:00,200,2961.33,
2026-09-11T01:49:00.429696+00:00,200,24116.15,
2026-09-11T01:48:26.571422+00:00,200,57999.30,
2026-09-11T01:49:13.802488+00:00,200,10782.38,
2026-09-11T01:48:38.939502+00:00,200,45645.31,
2026-09-11T01:48:49.817194+00:00,200,34794.63,
2026-09-11T01:49:08.103836+00:00,200,16514.24,
2026-09-11T01:48:56.145259+00:00,200,28485.56,
2026-09-11T01:48:39.711177+00:00,200,44952.11,
2026-09-11T01:48:50.119121+00:00,200,34564.55,
2026-09-11T01:49:14.453024+00:00,200,10239.31,
2026-09-11T01:48:52.281790+00:00,200,32408.17,
2026-09-11T01:49:24.413406+00:00,200,285.30,
2026-09-11T01:49:21.601376+00:00,200,3099.04,
2026-09-11T01:49:07.260733+00:00,200,17444.60,
2026-09-11T01:49:03.487742+00:00,200,21241.68,
2026-09-11T01:48:50.576077+00:00,200,34158.08,
2026-09-11T01:48:58.921257+00:00,200,25821.05,
2026-09-11T01:49:00.795148+00:00,200,23952.75,
2026-09-11T01:49:14.271565+00:00,200,10499.71,
2026-09-11T01:48:38.226379+00:00,200,46556.00,
2026-09-11T01:48:50.026836+00:00,200,34785.55,
2026-09-11T01:49:09.725629+00:00,200,15089.04,
2026-09-11T01:49:08.272843+00:00,200,16545.60,
2026-09-11T01:48:59.373404+00:00,200,25457.38,
2026-09-11T01:49:16.640469+00:00,200,8234.44,
2026-09-11T01:49:06.410235+00:00,200,18469.42,
2026-09-11T01:49:11.023895+00:00,200,13863.61,
2026-09-11T01:49:04.901790+00:00,200,19991.05,
2026-09-11T01:49:16.072318+00:00,200,8833.71,
2026-09-11T01:49:17.815455+00:00,200,7220.16,
2026-09-11T01:49:14.143758+00:00,200,10897.54,
2026-09-11T01:48:56.369421+00:00,200,28673.16,
2026-09-11T01:49:13.213538+00:00,200,11858.16,
2026-09-11T01:48:44.842873+00:00,200,40231.90,
2026-09-11T01:49:08.162047+00:00,200,16954.03,
2026-09-11T01:49:12.686387+00:00,200,12470.81,
2026-09-11T01:48:43.445769+00:00,200,41722.08,
2026-09-11T01:48:59.421045+00:00,200,25789.95,
2026-09-11T01:48:43.461600+00:00,200,41747.24,
2026-09-11T01:49:17.631980+00:00,200,7587.09,
2026-09-11T01:48:54.382777+00:00,200,30835.47,
2026-09-11T01:49:15.795696+00:00,200,9450.04,
2026-09-11T01:48:35.549592+00:00,200,49697.02,
2026-09-11T01:49:09.246188+00:00,200,16005.09,
2026-09-11T01:49:06.532958+00:00,200,18726.42,
2026-09-11T01:49:01.882298+00:00,200,23387.49,
2026-09-11T01:49:05.660048+00:00,200,19681.57,
2026-09-11T01:48:59.300444+00:00,200,26061.83,
2026-09-11T01:48:48.895795+00:00,200,36471.55,
2026-09-11T01:49:14.939128+00:00,200,10449.66,
2026-09-11T01:48:11.608895+00:00,200,73805.21,
2026-09-11T01:49:14.428147+00:00,200,11019.43,
2026-09-11T01:47:43.265657+00:00,200,102199.35,
2026-09-11T01:48:58.988484+00:00,200,26482.08,
2026-09-11T01:49:13.364026+00:00,200,12105.44,
2026-09-11T01:49:03.455866+00:00,200,22026.54,
2026-09-11T01:49:04.489327+00:00,200,20982.96,
2026-09-11T01:49:15.535606+00:00,200,9950.89,
2026-09-11T01:48:59.581120+00:00,200,25920.23,
2026-09-11T01:48:46.101864+00:00,200,39407.06,
2026-09-11T01:48:35.655387+00:00,200,49865.28,
2026-09-11T01:48:59.907998+00:00,200,25617.04,
2026-09-11T01:48:25.216801+00:00,200,60306.93,
2026-09-11T01:48:47.747638+00:00,200,37849.22,
2026-09-11T01:49:22.516069+00:00,200,3101.76,
2026-09-11T01:48:42.296554+00:00,200,43352.64,
2026-09-11T01:49:14.015732+00:00,200,11644.02,
2026-09-11T01:48:53.049273+00:00,200,32619.10,
2026-09-11T01:48:25.762248+00:00,200,59946.54,
2026-09-11T01:48:49.401349+00:00,200,36311.37,
2026-09-11T01:49:20.309530+00:00,200,5415.85,
2026-09-11T01:48:42.835669+00:00,200,42898.97,
2026-09-11T01:49:22.153681+00:00,200,3634.17,
2026-09-11T01:48:30.965445+00:00,200,54827.34,
2026-09-11T01:49:08.673299+00:00,200,17127.65,
2026-09-11T01:48:43.656154+00:00,200,42165.02,
2026-09-11T01:48:53.015447+00:00,200,32821.24,
2026-09-11T01:48:36.924511+00:00,200,48951.31,
2026-09-11T01:48:39.377752+00:00,200,46501.31,
2026-09-11T01:49:07.586433+00:00,200,18320.92,
2026-09-11T01:49:21.886329+00:00,200,4032.82,
2026-09-11T01:48:12.754415+00:00,200,73171.77,
2026-09-11T01:49:25.651957+00:00,200,275.98,
2026-09-11T01:49:02.761769+00:00,200,23167.64,
2026-09-11T01:49:10.676890+00:00,200,15265.69,
2026-09-11T01:49:04.454714+00:00,200,21508.47,
2026-09-11T01:48:16.294083+00:00,200,69681.55,
2026-09-11T01:48:45.502413+00:00,200,40472.09,
2026-09-11T01:49:14.273570+00:00,200,11727.88,
2026-09-11T01:49:01.101660+00:00,200,24916.90,
2026-09-11T01:49:22.676926+00:00,200,3350.86,
2026-09-11T01:48:45.255818+00:00,200,40775.79,
2026-09-11T01:49:24.437401+00:00,200,1608.84,
2026-09-11T01:49:23.424738+00:00,200,2623.48,
2026-09-11T01:48:23.496959+00:00,200,62575.24,
2026-09-11T01:49:14.269561+00:00,200,11811.81,
2026-09-11T01:49:23.224434+00:00,200,2862.14,
2026-09-11T01:48:57.641579+00:00,200,28451.46,
2026-09-11T01:49:00.994534+00:00,200,25109.96,
2026-09-11T01:48:40.423127+00:00,200,45683.60,
2026-09-11T01:48:58.538927+00:00,200,27570.34,
2026-09-11T01:48:41.029660+00:00,200,45073.94,
2026-09-11T01:48:32.431355+00:00,200,53690.66,
2026-09-11T01:49:21.986692+00:00,200,4143.23,
2026-09-11T01:47:49.121485+00:00,200,97021.57,
2026-09-11T01:49:14.744418+00:00,200,11400.34,
2026-09-11T01:48:58.005321+00:00,200,28162.41,
2026-09-11T01:48:49.832928+00:00,200,36342.39,
2026-09-11T01:48:43.160274+00:00,200,43012.91,
2026-09-11T01:48:50.119121+00:00,200,36093.72,
2026-09-11T01:48:58.821600+00:00,200,27436.51,
2026-09-11T01:49:15.826990+00:00,200,10476.15,
2026-09-11T01:48:40.919429+00:00,200,45378.07,
2026-09-11T01:49:17.749543+00:00,200,8603.63,
2026-09-11T01:49:07.822569+00:00,200,18537.27,
2026-09-11T01:47:53.103410+00:00,200,93258.84,
2026-09-11T01:49:09.445694+00:00,200,16943.57,
2026-09-11T01:48:59.332598+00:00,200,27063.37,
2026-09-11T01:48:57.959403+00:00,200,28428.09,
2026-09-11T01:49:16.746777+00:00,200,9671.54,
2026-09-11T01:49:08.977499+00:00,200,17458.19,
2026-09-11T01:49:13.115005+00:00,200,13326.52,
2026-09-11T01:48:53.074081+00:00,200,33370.03,
2026-09-11T01:48:23.097916+00:00,200,63355.55,
2026-09-11T01:49:00.716346+00:00,200,25757.52,
2026-09-11T01:49:14.042982+00:00,200,12440.86,
2026-09-11T01:48:00.864802+00:00,200,85643.00,
2026-09-11T01:48:42.400047+00:00,200,44121.90,
2026-09-11T01:49:26.302759+00:00,200,272.57,
2026-09-11T01:49:23.461407+00:00,200,3141.79,
2026-09-11T01:49:00.914875+00:00,200,25694.38,
2026-09-11T01:49:05.404030+00:00,200,21248.56,
2026-09-11T01:49:24.829455+00:00,200,1827.42,
2026-09-11T01:48:42.878986+00:00,200,43869.87,
2026-09-11T01:48:46.798397+00:00,200,39974.17,
2026-09-11T01:49:23.088226+00:00,200,3738.60,
2026-09-11T01:48:26.280229+00:00,200,60560.39,
2026-09-11T01:49:16.677338+00:00,200,10224.93,
2026-09-11T01:48:57.940512+00:00,200,28981.14,
2026-09-11T01:49:06.987098+00:00,200,19952.66,
2026-09-11T01:48:32.538095+00:00,200,54408.94,
2026-09-11T01:47:29.656378+00:00,200,117304.50,
2026-09-11T01:48:00.642114+00:00,200,86328.21,
2026-09-11T01:49:00.716346+00:00,200,26273.04,
2026-09-11T01:48:55.747834+00:00,200,31272.95,
2026-09-11T01:49:22.137215+00:00,200,4900.19,
2026-09-11T01:48:27.077735+00:00,200,59966.40,
2026-09-11T01:48:15.141462+00:00,200,71911.11,
2026-09-11T01:49:16.044002+00:00,200,11010.18,
2026-09-11T01:48:51.853033+00:00,200,35215.78,
2026-09-11T01:49:01.616796+00:00,200,25459.94,
2026-09-11T01:48:11.577756+00:00,200,75515.89,
2026-09-11T01:49:26.757620+00:00,200,357.00,
2026-09-11T01:48:29.902882+00:00,200,57258.81,
2026-09-11T01:49:18.002583+00:00,200,9168.65,
2026-09-11T01:49:23.719174+00:00,200,3469.42,
2026-09-11T01:48:36.945760+00:00,200,50291.52,
2026-09-11T01:48:07.695442+00:00,200,79565.92,
2026-09-11T01:48:37.685510+00:00,200,49582.50,
2026-09-11T01:49:25.034722+00:00,200,2241.30,
2026-09-11T01:49:21.901351+00:00,200,5377.57,
2026-09-11T01:48:39.163455+00:00,200,48120.53,
2026-09-11T01:48:34.362142+00:00,200,52925.80,
2026-09-11T01:49:23.094616+00:00,200,4207.39,
2026-09-11T01:49:17.615943+00:00,200,9711.78,
2026-09-11T01:48:41.730754+00:00,200,45644.16,
2026-09-11T01:48:34.106974+00:00,200,53286.32,
2026-09-11T01:49:06.098136+00:00,200,21303.79,
2026-09-11T01:49:24.831462+00:00,200,2574.09,
2026-09-11T01:49:19.991664+00:00,200,7443.12,
2026-09-11T01:49:05.186875+00:00,200,22266.79,
2026-09-11T01:47:20.440994+00:00,200,127020.15,
2026-09-11T01:48:56.606004+00:00,200,30858.56,
2026-09-11T01:49:03.950772+00:00,200,23536.37,
2026-09-11T01:49:13.093848+00:00,200,14432.06,
2026-09-11T01:48:18.561014+00:00,200,68972.66,
2026-09-11T01:49:16.990501+00:00,200,10551.04,
2026-09-11T01:49:13.833640+00:00,200,13728.92,
2026-09-11T01:48:51.313974+00:00,200,36248.47,
2026-09-11T01:49:25.075032+00:00,200,2501.84,
2026-09-11T01:48:43.335511+00:00,200,44298.62,
2026-09-11T01:49:08.633507+00:00,200,19027.20,
2026-09-11T01:49:09.666810+00:00,200,18011.71,
2026-09-11T01:49:16.558946+00:00,200,11126.40,
2026-09-11T01:48:36.105444+00:00,200,51600.90,
2026-09-11T01:49:02.208245+00:00,200,25507.62,
2026-09-11T01:47:57.386660+00:00,200,90329.93,
2026-09-11T01:48:04.891161+00:00,200,82840.60,
2026-09-11T01:48:40.329178+00:00,200,47406.58,
2026-09-11T01:48:37.000368+00:00,200,50762.04,
2026-09-11T01:49:11.501167+00:00,200,16267.30,
2026-09-11T01:48:49.149719+00:00,200,38621.08,
2026-09-11T01:49:02.776690+00:00,200,25033.97,
2026-09-11T01:48:14.608575+00:00,200,73244.50,
2026-09-11T01:49:01.828745+00:00,200,26038.73,
2026-09-11T01:48:57.032708+00:00,200,30845.90,
2026-09-11T01:49:04.697730+00:00,200,23189.48,
2026-09-11T01:48:12.768347+00:00,200,75149.78,
2026-09-11T01:49:01.770442+00:00,200,26154.84,
2026-09-11T01:49:22.953251+00:00,200,4976.18,
2026-09-11T01:48:50.171131+00:00,200,37798.10,
2026-09-11T01:49:00.684591+00:00,200,27297.57,
2026-09-11T01:49:08.183375+00:00,200,19818.38,
2026-09-11T01:48:23.065187+00:00,200,64946.80,
2026-09-11T01:47:51.187726+00:00,200,96836.45,
2026-09-11T01:49:21.686143+00:00,200,6348.57,
2026-09-11T01:49:02.261297+00:00,200,25797.83,
2026-09-11T01:49:25.796819+00:00,200,2264.27,
2026-09-11T01:48:08.830369+00:00,200,79234.69,
2026-09-11T01:47:55.461633+00:00,200,92651.41,
2026-09-11T01:48:55.034006+00:00,200,33085.50,
2026-09-11T01:49:15.323100+00:00,200,12800.00,
2026-09-11T01:49:15.334723+00:00,200,12790.66,
2026-09-11T01:49:22.682449+00:00,200,5447.03,
2026-09-11T01:49:03.254220+00:00,200,24876.11,
2026-09-11T01:48:03.985651+00:00,200,84148.64,
2026-09-11T01:49:18.960819+00:00,200,9180.11,
2026-09-11T01:49:03.784098+00:00,200,24383.52,
2026-09-11T01:49:13.444964+00:00,200,14725.64,
2026-09-11T01:49:20.413014+00:00,200,7773.01,
2026-09-11T01:48:56.512755+00:00,200,31688.79,
2026-09-11T01:49:27.973910+00:00,200,278.70,
2026-09-11T01:49:10.719271+00:00,200,17546.19,
2026-09-11T01:48:26.633719+00:00,200,61645.32,
2026-09-11T01:48:37.771753+00:00,200,50514.84,
2026-09-11T01:49:25.801843+00:00,200,2494.79,
2026-09-11T01:49:22.095445+00:00,200,6223.43,
2026-09-11T01:48:11.504592+00:00,200,76821.78,
2026-09-11T01:48:44.312078+00:00,200,44061.76,
2026-09-11T01:48:29.445672+00:00,200,58916.22,
2026-09-11T01:48:48.474307+00:00,200,39917.98,
2026-09-11T01:48:53.598066+00:00,200,34793.18,
2026-09-11T01:49:26.908470+00:00,200,1529.41,
2026-09-11T01:49:23.824166+00:00,200,4626.36,
2026-09-11T01:49:22.724221+00:00,200,5753.28,
2026-09-11T01:49:15.625077+00:00,200,12880.97,
2026-09-11T01:49:02.363183+00:00,200,26147.26,
2026-09-11T01:49:02.653789+00:00,200,25861.64,
2026-09-11T01:49:03.647253+00:00,200,24873.57,
2026-09-11T01:48:56.449457+00:00,200,32082.06,
2026-09-11T01:48:57.546842+00:00,200,31002.77,
2026-09-11T01:49:15.409053+00:00,200,13180.89,
2026-09-11T01:47:57.025941+00:00,200,91566.70,
2026-09-11T01:49:03.565499+00:00,200,25033.76,
2026-09-11T01:48:51.579276+00:00,200,37027.13,
2026-09-11T01:47:53.710973+00:00,200,94911.84,
2026-09-11T01:49:03.762906+00:00,200,24863.83,
2026-09-11T01:49:08.885162+00:00,200,19751.80,
2026-09-11T01:48:13.640434+00:00,200,75035.34,
2026-09-11T01:49:03.603730+00:00,200,25081.49,
2026-09-11T01:49:25.252982+00:00,200,3444.68,
2026-09-11T01:48:16.993436+00:00,200,71713.93,
2026-09-11T01:48:14.368721+00:00,200,74336.60,
2026-09-11T01:49:24.371780+00:00,200,4353.96,
2026-09-11T01:49:24.447026+00:00,200,4291.05,
2026-09-11T01:49:21.975370+00:00,200,6785.08,
2026-09-11T01:49:04.990163+00:00,200,23777.14,
2026-09-11T01:49:05.078308+00:00,200,23683.58,
2026-09-11T01:49:21.104944+00:00,200,7669.72,
2026-09-11T01:49:18.643899+00:00,200,10135.25,
2026-09-11T01:49:09.455285+00:00,200,19365.60,
2026-09-11T01:48:06.653805+00:00,200,82206.34,
2026-09-11T01:49:25.474394+00:00,200,3377.74,
2026-09-11T01:49:15.782476+00:00,200,13086.03,
2026-09-11T01:48:51.718103+00:00,200,37168.08,
2026-09-11T01:49:16.460783+00:00,200,12437.09,
2026-09-11T01:49:24.727006+00:00,200,4191.57,
2026-09-11T01:49:02.007593+00:00,200,26920.58,
2026-09-11T01:48:38.201836+00:00,200,50740.07,
2026-09-11T01:48:44.147509+00:00,200,44825.21,
2026-09-11T01:47:49.080516+00:00,200,99908.76,
2026-09-11T01:49:22.439200+00:00,200,6575.96,
2026-09-11T01:49:06.484811+00:00,200,22532.74,
2026-09-11T01:48:37.135757+00:00,200,51870.46,
2026-09-11T01:48:15.653423+00:00,200,73390.90,
2026-09-11T01:48:51.250670+00:00,200,37802.27,
2026-09-11T01:49:09.406750+00:00,200,19651.86,
2026-09-11T01:49:00.228526+00:00,200,28837.86,
2026-09-11T01:48:41.797494+00:00,200,47273.03,
2026-09-11T01:48:45.671454+00:00,200,43402.89,
2026-09-11T01:49:00.210967+00:00,200,28870.09,
2026-09-11T01:48:38.872188+00:00,200,50218.52,
2026-09-11T01:49:13.413332+00:00,200,15690.23,
2026-09-11T01:48:54.626522+00:00,200,34506.89,
2026-09-11T01:49:14.422129+00:00,200,14720.31,
2026-09-11T01:49:14.128299+00:00,200,15019.75,
2026-09-11T01:49:04.309955+00:00,200,24859.31,
2026-09-11T01:48:35.538224+00:00,200,53661.56,
2026-09-11T01:49:22.430647+00:00,200,6789.88,
2026-09-11T01:49:02.504982+00:00,200,26738.33,
2026-09-11T01:48:30.838781+00:00,200,58403.35,
2026-09-11T01:49:04.747846+00:00,200,24512.08,
2026-09-11T01:49:28.508034+00:00,200,770.67,
2026-09-11T01:48:47.386980+00:00,200,41887.60,
2026-09-11T01:49:07.405252+00:00,200,21906.25,
2026-09-11T01:48:44.763697+00:00,200,44556.16,
2026-09-11T01:48:51.127429+00:00,200,38199.17,
2026-09-11T01:49:03.544233+00:00,200,25784.53,
2026-09-11T01:49:14.544631+00:00,200,14790.51,
2026-09-11T01:49:14.236083+00:00,200,15106.76,
2026-09-11T01:49:00.172224+00:00,200,29174.61,
2026-09-11T01:49:05.789878+00:00,200,23583.71,
2026-09-11T01:48:22.495817+00:00,200,66887.58,
2026-09-11T01:48:49.181807+00:00,200,40205.14,
2026-09-11T01:48:34.798177+00:00,200,54593.52,
2026-09-11T01:48:58.772687+00:00,200,30632.92,
2026-09-11T01:48:59.461564+00:00,200,29957.36,
2026-09-11T01:48:30.287960+00:00,200,59138.85,
2026-09-11T01:49:11.402917+00:00,200,18023.91,
2026-09-11T01:49:10.922637+00:00,200,18548.70,
2026-09-11T01:48:53.807877+00:00,200,35678.41,
2026-09-11T01:48:46.633392+00:00,200,42898.72,
2026-09-11T01:48:27.686208+00:00,200,61848.91,
2026-09-11T01:49:20.991108+00:00,200,8551.38,
2026-09-11T01:48:31.892623+00:00,200,57651.77,
2026-09-11T01:48:44.540312+00:00,200,45035.37,
2026-09-11T01:47:33.364140+00:00,200,116221.35,
2026-09-11T01:48:10.546429+00:00,200,79049.62,
2026-09-11T01:49:05.689734+00:00,200,23926.70,
2026-09-11T01:49:29.375742+00:00,200,244.63,
2026-09-11T01:49:10.243929+00:00,200,19376.61,
2026-09-11T01:48:52.446831+00:00,200,37184.20,
2026-09-11T01:48:26.957665+00:00,200,62700.42,
2026-09-11T01:48:30.201971+00:00,200,59494.62,
2026-09-11T01:49:08.088046+00:00,200,21665.02,
2026-09-11T01:49:10.832651+00:00,200,18937.20,
2026-09-11T01:49:09.986801+00:00,200,19802.47,
2026-09-11T01:49:03.936800+00:00,200,25859.22,
2026-09-11T01:48:53.089785+00:00,200,36712.23,
2026-09-11T01:48:43.899471+00:00,200,45917.75,
2026-09-11T01:49:14.023751+00:00,200,15791.75,
2026-09-11T01:49:02.623719+00:00,200,27203.96,
2026-09-11T01:49:29.582941+00:00,200,265.28,
2026-09-11T01:48:39.774976+00:00,200,50083.70,
2026-09-11T01:49:21.701883+00:00,200,8179.90,
2026-09-11T01:49:16.347288+00:00,200,13551.61,
2026-09-11T01:49:14.704356+00:00,200,15200.82,
2026-09-11T01:48:47.897960+00:00,200,42009.69,
2026-09-11T01:47:31.267609+00:00,200,118643.19,
2026-09-11T01:48:49.796149+00:00,200,40122.22,
2026-09-11T01:49:14.881988+00:00,200,15031.36,
2026-09-11T01:49:29.645425+00:00,200,276.00,
2026-09-11T01:47:59.873027+00:00,200,90071.01,
2026-09-11T01:48:51.142027+00:00,200,38807.38,
2026-09-11T01:49:24.053460+00:00,200,5900.53,
2026-09-11T01:49:27.532066+00:00,200,2430.94,
2026-09-11T01:49:20.132289+00:00,200,9832.21,
2026-09-11T01:49:18.996329+00:00,200,10983.98,
2026-09-11T01:49:07.089721+00:00,200,22894.61,
2026-09-11T01:48:17.247492+00:00,200,72790.91,
2026-09-11T01:49:15.173611+00:00,200,14879.77,
2026-09-11T01:49:09.689999+00:00,200,20372.00,
2026-09-11T01:49:23.833738+00:00,200,6261.66,
2026-09-11T01:48:57.308430+00:00,200,32824.99,
2026-09-11T01:49:07.941294+00:00,200,22210.70,
2026-09-11T01:48:55.095268+00:00,200,35063.99,
2026-09-11T01:49:16.070311+00:00,200,14101.49,
2026-09-11T01:48:59.423050+00:00,200,30771.09,
2026-09-11T01:49:16.419340+00:00,200,13788.94,
2026-09-11T01:49:02.366193+00:00,200,27848.76,
2026-09-11T01:48:21.251446+00:00,200,68969.12,
2026-09-11T01:49:16.958292+00:00,200,13272.54,
2026-09-11T01:48:39.870151+00:00,200,50368.44,
2026-09-11T01:49:04.128453+00:00,200,26114.97,
2026-09-11T01:49:16.896967+00:00,200,13346.85,
2026-09-11T01:48:33.827806+00:00,200,56445.69,
2026-09-11T01:49:19.718788+00:00,200,10609.28,
2026-09-11T01:48:38.588834+00:00,200,51742.02,
2026-09-11T01:49:13.427099+00:00,200,16907.92,
2026-09-11T01:47:44.537171+00:00,200,105802.64,
2026-09-11T01:49:21.886329+00:00,200,8462.77,
2026-09-11T01:49:21.680294+00:00,200,8684.13,
2026-09-11T01:49:23.290753+00:00,200,7096.52,
2026-09-11T01:48:57.466897+00:00,200,32914.57,
2026-09-11T01:49:25.340833+00:00,200,5055.63,
2026-09-11T01:49:23.688158+00:00,200,6725.87,
2026-09-11T01:49:15.211138+00:00,200,15234.31,
2026-09-11T01:49:10.704249+00:00,200,19757.57,
2026-09-11T01:49:04.410101+00:00,200,26046.05,
2026-09-11T01:49:01.142777+00:00,200,29331.20,
2026-09-11T01:49:08.704069+00:00,200,21789.30,
2026-09-11T01:47:22.924827+00:00,200,127565.35,
2026-09-11T01:49:06.771154+00:00,200,23729.10,
2026-09-11T01:49:09.214989+00:00,200,21302.94,
2026-09-11T01:49:19.431980+00:00,200,11094.50,
2026-09-11T01:49:00.004231+00:00,200,30537.77,
2026-09-11T01:48:42.551664+00:00,200,47994.94,
2026-09-11T01:48:59.806135+00:00,200,30763.62,
2026-09-11T01:48:30.498583+00:00,200,60076.63,
2026-09-11T01:49:24.817729+00:00,200,5777.19,
2026-09-11T01:49:02.986990+00:00,200,27648.32,
2026-09-11T01:48:23.328101+00:00,200,67320.83,
2026-09-11T01:49:13.530822+00:00,200,17136.22,
2026-09-11T01:48:56.764403+00:00,200,33919.28,
2026-09-11T01:49:29.200512+00:00,200,1491.34,
2026-09-11T01:49:03.810143+00:00,200,26896.54,
2026-09-11T01:49:23.690766+00:00,200,7023.51,
2026-09-11T01:49:29.064864+00:00,200,1652.16,
2026-09-11T01:48:50.260245+00:00,200,40482.12,
2026-09-11T01:48:47.966516+00:00,200,42808.54,
2026-09-11T01:49:30.519045+00:00,200,266.93,
2026-09-11T01:49:26.359018+00:00,200,4447.31,
2026-09-11T01:48:43.366521+00:00,200,47448.23,
2026-09-11T01:48:34.816191+00:00,200,56008.31,
2026-09-11T01:48:13.719945+00:00,200,77122.89,
2026-09-11T01:49:07.231288+00:00,200,23619.17,
2026-09-11T01:49:10.213644+00:00,200,20640.48,
2026-09-11T01:48:55.665049+00:00,200,35191.36,
2026-09-11T01:49:29.630091+00:00,200,1253.26,
2026-09-11T01:48:33.657291+00:00,200,57236.17,
2026-09-11T01:48:51.868372+00:00,200,39026.34,
2026-09-11T01:49:14.336136+00:00,200,16574.08,
2026-09-11T01:49:28.052287+00:00,200,2850.93,
2026-09-11T01:48:53.169026+00:00,200,37778.78,
2026-09-11T01:49:28.712823+00:00,200,2243.55,
2026-09-11T01:48:52.483348+00:00,200,38482.03,
2026-09-11T01:49:24.626009+00:00,200,6362.23,
2026-09-11T01:49:23.263694+00:00,200,7742.16,
2026-09-11T01:48:58.505863+00:00,200,32518.19,
2026-09-11T01:48:59.053755+00:00,200,31992.76,
2026-09-11T01:49:25.222348+00:00,200,5848.01,
2026-09-11T01:48:55.120030+00:00,200,35956.59,
2026-09-11T01:48:59.259600+00:00,200,31822.88,
2026-09-11T01:49:10.109607+00:00,200,20980.59,
2026-09-11T01:49:16.458779+00:00,200,14661.81,
2026-09-11T01:48:23.194902+00:00,200,67954.84,
2026-09-11T01:48:58.618011+00:00,200,32547.51,
2026-09-11T01:48:26.190962+00:00,200,64982.05,
2026-09-11T01:49:04.543532+00:00,200,26630.69,
2026-09-11T01:49:09.230271+00:00,200,21952.86,
2026-09-11T01:48:05.220081+00:00,200,86008.13,
2026-09-11T01:49:10.377092+00:00,200,20863.07,
2026-09-11T01:49:03.326907+00:00,200,27933.43,
2026-09-11T01:48:58.661799+00:00,200,32613.54,
2026-09-11T01:49:26.840921+00:00,200,4438.94,
2026-09-11T01:48:38.928977+00:00,200,52355.27,
2026-09-11T01:49:28.860305+00:00,200,2426.23,
2026-09-11T01:49:21.099376+00:00,200,10199.48,
2026-09-11T01:48:57.732285+00:00,200,33569.38,
2026-09-11T01:49:23.069786+00:00,200,8239.65,
2026-09-11T01:49:30.887803+00:00,200,441.73,
2026-09-11T01:49:31.075770+00:00,200,270.04,
2026-09-11T01:47:56.744525+00:00,200,94624.55,
2026-09-11T01:48:40.687550+00:00,200,50689.48,
2026-09-11T01:48:37.096308+00:00,200,54292.84,
2026-09-11T01:48:42.058197+00:00,200,49333.34,
2026-09-11T01:49:03.480374+00:00,200,27910.16,
2026-09-11T01:48:52.260224+00:00,200,39140.17,
2026-09-11T01:49:02.105564+00:00,200,29296.74,
2026-09-11T01:49:02.868594+00:00,200,28536.75,
2026-09-11T01:49:25.952149+00:00,200,5457.50,
2026-09-11T01:49:28.708810+00:00,200,2709.37,
2026-09-11T01:48:38.329392+00:00,200,53113.03,
2026-09-11T01:49:05.387919+00:00,200,26058.29,
2026-09-11T01:48:50.822414+00:00,200,40630.94,
2026-09-11T01:48:13.518965+00:00,200,77937.89,
2026-09-11T01:49:31.224504+00:00,200,237.41,
2026-09-11T01:49:26.093496+00:00,200,5406.84,
2026-09-11T01:49:19.619225+00:00,200,11909.53,
2026-09-11T01:49:15.876013+00:00,200,15668.84,
2026-09-11T01:48:20.829054+00:00,200,70756.99,
2026-09-11T01:48:39.080637+00:00,200,52509.04,
2026-09-11T01:48:43.822524+00:00,200,47791.43,
2026-09-11T01:48:06.604336+00:00,200,85008.88,
2026-09-11T01:49:29.338296+00:00,200,2290.93,
2026-09-11T01:47:42.596917+00:00,200,109037.48,
2026-09-11T01:49:31.370854+00:00,200,281.50,
2026-09-11T01:48:47.773362+00:00,200,43883.33,
2026-09-11T01:49:08.889955+00:00,200,22779.28,
2026-09-11T01:49:12.515191+00:00,200,19174.93,
2026-09-11T01:49:26.949260+00:00,200,4764.79,
2026-09-11T01:49:28.731414+00:00,200,2994.03,
2026-09-11T01:49:31.437198+00:00,200,285.03,
2026-09-11T01:49:04.896522+00:00,200,26850.76,
2026-09-11T01:49:27.717940+00:00,200,4038.37,
2026-09-11T01:48:56.635891+00:00,200,35138.77,
2026-09-11T01:47:41.083150+00:00,200,110697.87,
2026-09-11T01:49:26.508780+00:00,200,5321.40,
2026-09-11T01:49:24.877927+00:00,200,7004.96,
2026-09-11T01:47:50.286248+00:00,200,101617.67,
2026-09-11T01:49:01.133429+00:00,200,30777.15,
2026-09-11T01:49:14.259987+00:00,200,17660.76,
2026-09-11T01:49:30.897829+00:00,200,1030.32,
2026-09-11T01:49:31.731583+00:00,200,211.91,
2026-09-11T01:48:59.279159+00:00,200,32682.71,
2026-09-11T01:49:31.733590+00:00,200,238.60,
2026-09-11T01:49:00.739568+00:00,200,31243.89,
2026-09-11T01:49:23.867389+00:00,200,8118.21,
2026-09-11T01:49:31.165771+00:00,200,828.00,
2026-09-11T01:48:20.018068+00:00,200,71983.71,
2026-09-11T01:48:21.318911+00:00,200,70697.36,
2026-09-11T01:49:30.546448+00:00,200,1478.01,
2026-09-11T01:48:49.006846+00:00,200,43020.07,
2026-09-11T01:49:03.901204+00:00,200,28130.69,
2026-09-11T01:48:50.311386+00:00,200,41754.84,
2026-09-11T01:49:28.393576+00:00,200,3687.98,
2026-09-11T01:48:27.971792+00:00,200,64124.16,
2026-09-11T01:48:30.113098+00:00,200,61988.55,
2026-09-11T01:49:28.898166+00:00,200,3216.05,
2026-09-11T01:49:09.607249+00:00,200,22512.31,
2026-09-11T01:48:49.380574+00:00,200,42746.78,
2026-09-11T01:49:22.075107+00:00,200,10058.43,
2026-09-11T01:49:29.330275+00:00,200,2815.00,
2026-09-11T01:48:47.865963+00:00,200,44286.20,
2026-09-11T01:49:12.733844+00:00,200,19427.21,
2026-09-11T01:48:41.947651+00:00,200,50233.46,
2026-09-11T01:48:09.609463+00:00,200,82577.98,
2026-09-11T01:48:25.098978+00:00,200,67106.78,
2026-09-11T01:49:29.079534+00:00,200,3139.60,
2026-09-11T01:49:15.818971+00:00,200,16405.64,
2026-09-11T01:49:08.394891+00:00,200,23831.82,
2026-09-11T01:49:25.819178+00:00,200,6421.69,
2026-09-11T01:48:55.442595+00:00,200,36801.29,
2026-09-11T01:49:28.126365+00:00,200,4142.38,
2026-09-11T01:49:20.242286+00:00,200,12032.24,
2026-09-11T01:49:04.798814+00:00,200,27510.33,
2026-09-11T01:49:25.171083+00:00,200,7152.63,
2026-09-11T01:49:15.836566+00:00,200,16531.50,
2026-09-11T01:48:49.257324+00:00,200,43121.70,
2026-09-11T01:49:22.927962+00:00,200,9485.92,
2026-09-11T01:49:20.485613+00:00,200,11932.57,
2026-09-11T01:49:02.814773+00:00,200,29647.68,
2026-09-11T01:49:27.867145+00:00,200,4614.61,
2026-09-11T01:49:22.552440+00:00,200,9934.91,
2026-09-11T01:49:26.399930+00:00,200,6096.94,
2026-09-11T01:48:23.954286+00:00,200,68554.27,
2026-09-11T01:49:28.049278+00:00,200,4461.12,
2026-09-11T01:48:43.461600+00:00,200,49043.15,
2026-09-11T01:48:50.213165+00:00,200,42297.45,
2026-09-11T01:48:36.281297+00:00,200,56235.76,
2026-09-11T01:49:13.178111+00:00,200,19350.81,
2026-09-11T01:48:27.613215+00:00,200,64917.99,
2026-09-11T01:49:21.418543+00:00,200,11120.45,
2026-09-11T01:49:16.587733+00:00,200,15952.95,
2026-09-11T01:49:29.136504+00:00,200,3413.85,
2026-09-11T01:48:23.887526+00:00,200,68695.92,
2026-09-11T01:49:12.082238+00:00,200,20504.60,
2026-09-11T01:49:14.316220+00:00,200,18279.01,
2026-09-11T01:49:19.991664+00:00,200,12594.93,
2026-09-11T01:49:06.095327+00:00,200,26509.33,
2026-09-11T01:49:13.646623+00:00,200,18984.33,
2026-09-11T01:49:23.690766+00:00,200,8953.73,
2026-09-11T01:48:40.868755+00:00,200,51780.77,
2026-09-11T01:49:06.401598+00:00,200,26289.21,
2026-09-11T01:48:51.423888+00:00,200,41279.30,
2026-09-11T01:49:30.091388+00:00,200,2619.91,
2026-09-11T01:49:13.854830+00:00,200,18888.85,
2026-09-11T01:49:27.454116+00:00,200,5297.42,
2026-09-11T01:49:09.273691+00:00,200,23480.17,
2026-09-11T01:48:59.323061+00:00,200,33458.15,
2026-09-11T01:49:05.473477+00:00,200,27311.13,
2026-09-11T01:49:10.082475+00:00,200,22708.57,
2026-09-11T01:48:15.370626+00:00,200,77433.25,
2026-09-11T01:49:24.815723+00:00,200,7994.83,
2026-09-11T01:49:25.877754+00:00,200,6951.39,
2026-09-11T01:49:26.071609+00:00,200,6772.14,
2026-09-11T01:49:17.559706+00:00,200,15293.17,
2026-09-11T01:47:57.842596+00:00,200,95046.08,
2026-09-11T01:49:06.249250+00:00,200,26666.45,
2026-09-11T01:49:30.736108+00:00,200,2189.86,
2026-09-11T01:49:32.632607+00:00,200,301.33,
2026-09-11T01:49:19.955798+00:00,200,12980.82,
2026-09-11T01:49:04.513403+00:00,200,28470.05,
2026-09-11T01:49:30.784438+00:00,200,2200.87,
2026-09-11T01:47:44.427436+00:00,200,108573.38,
2026-09-11T01:48:38.185689+00:00,200,54831.83,
2026-09-11T01:49:09.654663+00:00,200,23370.19,
2026-09-11T01:48:25.887732+00:00,200,67153.53,
2026-09-11T01:48:18.698221+00:00,200,74361.84,
2026-09-11T01:48:46.460596+00:00,200,46633.03,
2026-09-11T01:49:15.797701+00:00,200,17303.66,
2026-09-11T01:49:29.440103+00:00,200,3670.39,
2026-09-11T01:49:14.561074+00:00,200,18552.90,
2026-09-11T01:49:10.289390+00:00,200,22835.73,
2026-09-11T01:49:15.860673+00:00,200,17273.96,
2026-09-11T01:48:54.219569+00:00,200,38946.67,
2026-09-11T01:49:16.363042+00:00,200,16808.34,
2026-09-11T01:49:01.279471+00:00,200,31917.49,
2026-09-11T01:49:08.458046+00:00,200,24744.73,
2026-09-11T01:49:26.397925+00:00,200,6812.75,
2026-09-11T01:49:09.300578+00:00,200,23926.63,
2026-09-11T01:48:33.390543+00:00,200,59839.48,
2026-09-11T01:48:59.451540+00:00,200,33791.53,
2026-09-11T01:49:18.752418+00:00,200,14507.82,
2026-09-11T01:49:25.906926+00:00,200,7367.47,
2026-09-11T01:49:31.634482+00:00,200,1650.66,
2026-09-11T01:48:46.263267+00:00,200,47021.35,
2026-09-11T01:49:27.069756+00:00,200,6239.47,
2026-09-11T01:48:24.782463+00:00,200,68530.73,
2026-09-11T01:49:28.456186+00:00,200,4900.75,
2026-09-11T01:49:06.667754+00:00,200,26694.52,
2026-09-11T01:49:01.820455+00:00,200,31541.98,
2026-09-11T01:49:15.628626+00:00,200,17773.86,
2026-09-11T01:49:01.770442+00:00,200,31669.49,
2026-09-11T01:48:37.689025+00:00,200,55789.24,
2026-09-11T01:49:11.201413+00:00,200,22283.48,
2026-09-11T01:48:53.271495+00:00,200,40246.04,
2026-09-11T01:49:05.229497+00:00,200,28290.49,
2026-09-11T01:48:56.880983+00:00,200,36652.21,
2026-09-11T01:49:09.205270+00:00,200,24348.51,
2026-09-11T01:49:24.443016+00:00,200,9123.10,
2026-09-11T01:49:15.789681+00:00,200,17798.07,
2026-09-11T01:49:27.869153+00:00,200,5744.88,
2026-09-11T01:49:13.373463+00:00,200,20242.16,
2026-09-11T01:48:19.298635+00:00,200,74322.33,
2026-09-11T01:49:33.401053+00:00,200,229.70,
2026-09-11T01:49:12.831110+00:00,200,20818.34,
2026-09-11T01:48:52.488230+00:00,200,41154.71,
2026-09-11T01:49:18.432304+00:00,200,15230.05,
2026-09-11T01:49:11.098337+00:00,200,22570.46,
2026-09-11T01:49:16.466806+00:00,200,17214.50,
2026-09-11T01:49:14.781025+00:00,200,18916.63,
2026-09-11T01:49:28.512310+00:00,200,5190.08,
2026-09-11T01:48:55.796813+00:00,200,37909.50,
2026-09-11T01:49:30.897829+00:00,200,2818.31,
2026-09-11T01:49:26.946508+00:00,200,6777.27,
2026-09-11T01:48:52.794586+00:00,200,40930.95,
2026-09-11T01:49:13.462955+00:00,200,20269.97,
2026-09-11T01:49:23.968080+00:00,200,9771.54,
2026-09-11T01:49:31.650269+00:00,200,2093.93,
2026-09-11T01:48:45.559717+00:00,200,48218.44,
2026-09-11T01:48:25.523724+00:00,200,68262.17,
2026-09-11T01:49:12.289929+00:00,200,21506.84,
2026-09-11T01:49:33.138935+00:00,200,679.52,
2026-09-11T01:48:13.670492+00:00,200,80144.84,
2026-09-11T01:49:17.384722+00:00,200,16447.94,
2026-09-11T01:48:48.847712+00:00,200,44995.65,
2026-09-11T01:49:24.478258+00:00,200,9403.64,
2026-09-11T01:49:23.617429+00:00,200,10281.29,
2026-09-11T01:49:18.019466+00:00,200,15880.70,
2026-09-11T01:49:18.864604+00:00,200,15068.01,
2026-09-11T01:49:03.088928+00:00,200,30856.63,
2026-09-11T01:49:24.901526+00:00,200,9047.76,
2026-09-11T01:49:19.687625+00:00,200,14264.10,
2026-09-11T01:49:09.579599+00:00,200,24391.45,
2026-09-11T01:49:10.656142+00:00,200,23339.52,
2026-09-11T01:49:20.657859+00:00,200,13355.59,
2026-09-11T01:49:30.275493+00:00,200,3743.89,
2026-09-11T01:49:12.927498+00:00,200,21098.44,
2026-09-11T01:49:13.796471+00:00,200,20250.99,
2026-09-11T01:49:27.469454+00:00,200,6622.29,
2026-09-11T01:48:59.091592+00:00,200,35007.41,
2026-09-11T01:48:33.487879+00:00,200,60615.30,
2026-09-11T01:49:28.929360+00:00,200,5178.21,
2026-09-11T01:49:04.289971+00:00,200,29821.99,
2026-09-11T01:49:03.768510+00:00,200,30348.31,
2026-09-11T01:49:20.559381+00:00,200,13570.20,
2026-09-11T01:48:55.712923+00:00,200,38421.02,
2026-09-11T01:49:11.713622+00:00,200,22428.10,
2026-09-11T01:49:07.208956+00:00,200,26959.60,
2026-09-11T01:49:08.305120+00:00,200,25889.65,
2026-09-11T01:48:48.330064+00:00,200,45874.10,
2026-09-11T01:49:08.649150+00:00,200,25584.24,
2026-09-11T01:49:32.114530+00:00,200,2133.97,
2026-09-11T01:49:32.753997+00:00,200,1495.84,
2026-09-11T01:49:14.387059+00:00,200,19865.13,
2026-09-11T01:48:01.435472+00:00,200,92825.46,
2026-09-11T01:48:39.233422+00:00,200,55031.20,
2026-09-11T01:48:30.767133+00:00,200,63505.71,
2026-09-11T01:48:45.874707+00:00,200,48416.68,
2026-09-11T01:49:32.098235+00:00,200,2217.24,
2026-09-11T01:48:54.719513+00:00,200,39598.95,
2026-09-11T01:49:14.149528+00:00,200,20174.13,
2026-09-11T01:49:08.785726+00:00,200,25554.91,
2026-09-11T01:49:00.093749+00:00,200,34263.55,
2026-09-11T01:49:01.846601+00:00,200,32520.77,
2026-09-11T01:48:28.804226+00:00,200,65572.57,
2026-09-11T01:49:05.363823+00:00,200,29035.61,
2026-09-11T01:49:23.404891+00:00,200,11014.10,
2026-09-11T01:49:22.524678+00:00,200,11922.17,
2026-09-11T01:49:33.488554+00:00,200,973.32,
2026-09-11T01:49:29.250286+00:00,200,5217.75,
2026-09-11T01:48:57.879563+00:00,200,36579.46,
2026-09-11T01:49:33.211010+00:00,200,1272.88,
2026-09-11T01:48:43.668994+00:00,200,50826.46,
2026-09-11T01:49:13.299793+00:00,200,21211.69,
2026-09-11T01:49:19.123616+00:00,200,15389.44,
2026-09-11T01:48:49.169964+00:00,200,45349.98,
2026-09-11T01:49:33.663353+00:00,200,875.55,
2026-09-11T01:49:17.424517+00:00,200,17148.45,
2026-09-11T01:49:10.155432+00:00,200,24436.96,
2026-09-11T01:49:32.899613+00:00,200,1711.05,
2026-09-11T01:49:31.437198+00:00,200,3189.26,
2026-09-11T01:48:55.649405+00:00,200,38980.43,
2026-09-11T01:49:08.996316+00:00,200,25648.79,
2026-09-11T01:49:09.625003+00:00,200,25028.64,
2026-09-11T01:49:21.852488+00:00,200,12813.91,
2026-09-11T01:49:31.288227+00:00,200,3383.70,
2026-09-11T01:49:31.972801+00:00,200,2703.84,
2026-09-11T01:48:09.587234+00:00,200,85118.25,
2026-09-11T01:48:59.142804+00:00,200,35580.14,
2026-09-11T01:47:49.556144+00:00,200,105178.92,
2026-09-11T01:49:34.080147+00:00,200,660.17,
2026-09-11T01:48:58.314166+00:00,200,36447.24,
2026-09-11T01:48:37.278871+00:00,200,57489.97,
2026-09-11T01:48:30.000355+00:00,200,64789.96,
2026-09-11T01:48:55.831245+00:00,200,38965.33,
2026-09-11T01:48:55.191547+00:00,200,39626.04,
2026-09-11T01:49:11.487608+00:00,200,23346.92,
2026-09-11T01:48:36.471911+00:00,200,58362.57,
2026-09-11T01:49:14.051003+00:00,200,20790.60,
2026-09-11T01:48:53.864175+00:00,200,40984.16,
2026-09-11T01:48:37.488468+00:00,200,57405.92,
2026-09-11T01:49:24.174807+00:00,200,10733.80,
2026-09-11T01:49:14.216479+00:00,200,20719.21,
2026-09-11T01:49:18.129296+00:00,200,16812.12,
2026-09-11T01:49:27.236554+00:00,200,7710.85,
2026-09-11T01:49:02.137761+00:00,200,32815.87,
2026-09-11T01:49:34.096868+00:00,200,856.79,
2026-09-11T01:48:52.331226+00:00,200,42642.38,
2026-09-11T01:49:10.252476+00:00,200,24742.78,
2026-09-11T01:49:04.280644+00:00,200,30717.35,
2026-09-11T01:49:03.567505+00:00,200,31431.06,
2026-09-11T01:48:54.541542+00:00,200,40474.56,
2026-09-11T01:49:01.164407+00:00,200,33893.63,
2026-09-11T01:48:59.623037+00:00,200,35438.36,
2026-09-11T01:48:53.391088+00:00,200,41684.58,
2026-09-11T01:49:08.158037+00:00,200,26926.28,
2026-09-11T01:49:03.505629+00:00,200,31583.86,
2026-09-11T01:49:26.136147+00:00,200,8983.59,
2026-09-11T01:49:30.363969+00:00,200,4766.87,
2026-09-11T01:48:57.106046+00:00,200,38027.17,
2026-09-11T01:49:01.450936+00:00,200,33689.42,
2026-09-11T01:49:34.511464+00:00,200,631.89,
2026-09-11T01:49:28.022316+00:00,200,7114.69,
2026-09-11T01:49:30.393676+00:00,200,4753.64,
2026-09-11T01:48:59.501120+00:00,200,35698.08,
2026-09-11T01:49:26.483374+00:00,200,8733.53,
2026-09-11T01:49:16.945948+00:00,200,18285.80,
2026-09-11T01:48:43.712566+00:00,200,51567.13,
2026-09-11T01:49:16.484121+00:00,200,18798.62,
2026-09-11T01:49:23.688158+00:00,200,11597.49,
2026-09-11T01:49:28.510752+00:00,200,6780.91,
2026-09-11T01:48:51.392654+00:00,200,43895.98,
2026-09-11T01:49:16.452763+00:00,200,18868.43,
2026-09-11T01:49:04.901790+00:00,200,30421.08,
2026-09-11T01:49:12.447482+00:00,200,22878.35,
2026-09-11T01:48:53.856391+00:00,200,41474.25,
2026-09-11T01:49:18.708636+00:00,200,16650.52,
2026-09-11T01:48:35.824393+00:00,200,59547.35,
2026-09-11T01:49:06.769093+00:00,200,28610.29,
2026-09-11T01:49:09.532568+00:00,200,25871.00,
2026-09-11T01:49:13.612032+00:00,200,21797.75,
2026-09-11T01:49:32.598793+00:00,200,2820.47,
2026-09-11T01:49:29.259811+00:00,200,6171.91,
2026-09-11T01:49:00.031252+00:00,200,35431.85,
2026-09-11T01:49:14.247700+00:00,200,21221.63,
2026-09-11T01:49:05.686930+00:00,200,29787.02,
2026-09-11T01:48:29.982615+00:00,200,65495.72,
2026-09-11T01:49:35.279629+00:00,200,208.89,
2026-09-11T01:49:08.689354+00:00,200,26807.84,
2026-09-11T01:49:34.571732+00:00,200,931.68,
2026-09-11T01:48:36.461991+00:00,200,59054.25,
2026-09-11T01:49:33.479028+00:00,200,2063.86,
2026-09-11T01:47:59.353659+00:00,200,96182.30,
2026-09-11T01:49:04.034837+00:00,200,31518.13,
2026-09-11T01:49:04.703755+00:00,200,30855.37,
2026-09-11T01:49:25.615866+00:00,200,9950.94,
2026-09-11T01:49:35.358117+00:00,200,239.54,
2026-09-11T01:48:54.153024+00:00,200,41454.25,
2026-09-11T01:49:20.287836+00:00,200,15329.47,
2026-09-11T01:48:48.278117+00:00,200,47350.34,
2026-09-11T01:49:20.402990+00:00,200,15256.00,
2026-09-11T01:48:40.111016+00:00,200,55563.81,
2026-09-11T01:49:03.209538+00:00,200,32487.79,
2026-09-11T01:49:23.732410+00:00,200,11982.25,
2026-09-11T01:49:30.808298+00:00,200,4912.76,
2026-09-11T01:49:13.626932+00:00,200,22116.05,
2026-09-11T01:48:55.747834+00:00,200,40007.78,
2026-09-11T01:49:34.096868+00:00,200,1677.64,
2026-09-11T01:49:14.977395+00:00,200,20833.89,
2026-09-11T01:49:09.494574+00:00,200,26344.67,
2026-09-11T01:48:55.796813+00:00,200,40037.62,
2026-09-11T01:49:28.052287+00:00,200,7793.85,
2026-09-11T01:47:58.661870+00:00,200,97217.34,
2026-09-11T01:49:31.239963+00:00,200,4644.69,
2026-09-11T01:49:18.044203+00:00,200,17857.05,
2026-09-11T01:48:36.486353+00:00,200,59415.60,
2026-09-11T01:49:28.022316+00:00,200,7878.74,
2026-09-11T01:49:15.820976+00:00,200,20093.69,
2026-09-11T01:49:34.096868+00:00,200,1821.50,
2026-09-11T01:48:48.489661+00:00,200,47441.31,
2026-09-11T01:49:10.843976+00:00,200,25110.20,
2026-09-11T01:49:09.808459+00:00,200,26152.52,
2026-09-11T01:49:08.508742+00:00,200,27461.00,
2026-09-11T01:49:26.041124+00:00,200,9940.47,
2026-09-11T01:49:34.046727+00:00,200,1941.29,
2026-09-11T01:48:56.614328+00:00,200,39419.08,
2026-09-11T01:49:23.119553+00:00,200,12929.25,
2026-09-11T01:49:03.732927+00:00,200,32338.79,
2026-09-11T01:49:21.842911+00:00,200,14246.70,
2026-09-11T01:49:14.923664+00:00,200,21194.57,
2026-09-11T01:49:01.602788+00:00,200,34541.63,
2026-09-11T01:49:25.153535+00:00,200,10997.36,
2026-09-11T01:49:12.949694+00:00,200,23211.76,
2026-09-11T01:49:10.783293+00:00,200,25400.81,
2026-09-11T01:49:33.521497+00:00,200,2682.65,
2026-09-11T01:49:22.374720+00:00,200,13837.60,
2026-09-11T01:48:43.700627+00:00,200,52519.21,
2026-09-11T01:47:57.556949+00:00,200,98674.81,
2026-09-11T01:48:38.343614+00:00,200,57906.68,
2026-09-11T01:48:11.729125+00:00,200,84530.13,
2026-09-11T01:49:08.660676+00:00,200,27610.28,
2026-09-11T01:47:48.856203+00:00,200,107430.88,
2026-09-11T01:49:32.809310+00:00,200,3487.80,
2026-09-11T01:48:48.081098+00:00,200,48233.84,
2026-09-11T01:49:20.847721+00:00,200,15480.20,
2026-09-11T01:49:30.956341+00:00,200,5374.50,
2026-09-11T01:48:45.586422+00:00,200,50757.15,
2026-09-11T01:48:33.637597+00:00,200,62750.53,
2026-09-11T01:49:13.788159+00:00,200,22611.08,
2026-09-11T01:49:28.172816+00:00,200,8232.40,
2026-09-11T01:48:39.163455+00:00,200,57250.05,
2026-09-11T01:48:53.872934+00:00,200,42544.33,
2026-09-11T01:49:12.244712+00:00,200,24177.80,
2026-09-11T01:49:34.170581+00:00,200,2280.61,
2026-09-11T01:48:34.868320+00:00,200,61602.89,
2026-09-11T01:49:12.535284+00:00,200,23947.19,
2026-09-11T01:48:41.202069+00:00,200,55304.03,
2026-09-11T01:49:13.735551+00:00,200,22776.93,
2026-09-11T01:49:10.032260+00:00,200,26490.99,
2026-09-11T01:49:23.894265+00:00,200,12634.34,
2026-09-11T01:49:10.333488+00:00,200,26192.79,
2026-09-11T01:48:20.779788+00:00,200,75769.84,
2026-09-11T01:49:28.122352+00:00,200,8433.32,
2026-09-11T01:48:50.236836+00:00,200,46327.01,
2026-09-11T01:49:11.178253+00:00,200,25414.19,
2026-09-11T01:48:30.582759+00:00,200,66015.68,
2026-09-11T01:49:07.948011+00:00,200,28647.35,
2026-09-11T01:48:53.833266+00:00,200,42781.15,
2026-09-11T01:49:13.319198+00:00,200,23301.82,
2026-09-11T01:49:20.169615+00:00,200,16458.76,
2026-09-11T01:49:31.717108+00:00,200,4951.69,
2026-09-11T01:49:08.167562+00:00,200,28517.21,
2026-09-11T01:49:24.013173+00:00,200,12687.23,
2026-09-11T01:49:30.911623+00:00,200,5793.90,
2026-09-11T01:48:55.204937+00:00,200,41500.57,
2026-09-11T01:49:02.457975+00:00,200,34259.39,
2026-09-11T01:49:05.001738+00:00,200,31726.56,
2026-09-11T01:49:25.270089+00:00,200,11478.32,
2026-09-11T01:49:27.049307+00:00,200,9733.81,
2026-09-11T01:49:29.944881+00:00,200,6890.88,
2026-09-11T01:48:17.737374+00:00,200,79101.84,
2026-09-11T01:48:39.743130+00:00,200,57093.84,
2026-09-11T01:49:14.356576+00:00,200,22501.71,
2026-09-11T01:49:12.461089+00:00,200,24429.43,
2026-09-11T01:49:03.770515+00:00,200,33152.90,
2026-09-11T01:49:19.234313+00:00,200,17698.26,
2026-09-11T01:48:47.408989+00:00,200,49540.51,
2026-09-11T01:49:17.904520+00:00,200,19098.71,
2026-09-11T01:49:20.189184+00:00,200,16826.31,
2026-09-11T01:49:13.702418+00:00,200,23316.39,
2026-09-11T01:48:26.287536+00:00,200,70735.48,
2026-09-11T01:49:30.602044+00:00,200,6426.93,
2026-09-11T01:49:19.681605+00:00,200,17357.24,
2026-09-11T01:48:58.763117+00:00,200,38280.61,
2026-09-11T01:49:00.850173+00:00,200,36202.70,
2026-09-11T01:48:50.111229+00:00,200,46937.90,
2026-09-11T01:49:26.576200+00:00,200,10483.46,
2026-09-11T01:49:36.849041+00:00,200,222.24,
2026-09-11T01:48:52.456371+00:00,200,44611.29,
2026-09-11T01:49:10.312518+00:00,200,26779.65,
2026-09-11T01:48:41.220060+00:00,200,55883.35,
2026-09-11T01:49:15.232500+00:00,200,21876.45,
2026-09-11T01:48:46.704860+00:00,200,50407.75,
2026-09-11T01:49:13.653503+00:00,200,23506.60,
2026-09-11T01:49:32.180542+00:00,200,4993.15,
2026-09-11T01:49:15.372115+00:00,200,21814.55,
2026-09-11T01:48:20.389273+00:00,200,76807.70,
2026-09-11T01:49:24.213136+00:00,200,12986.61,
2026-09-11T01:48:44.491470+00:00,200,52708.93,
2026-09-11T01:47:43.155570+00:00,200,114047.84,
2026-09-11T01:49:05.779373+00:00,200,31451.54,
2026-09-11T01:48:54.541542+00:00,200,42702.97,
2026-09-11T01:49:29.147427+00:00,200,8130.89,
2026-09-11T01:48:49.770124+00:00,200,47521.09,
2026-09-11T01:49:36.852269+00:00,200,440.01,
2026-09-11T01:49:35.899709+00:00,200,1414.13,
2026-09-11T01:49:36.787561+00:00,200,543.82,
2026-09-11T01:49:11.292618+00:00,200,26038.61,
2026-09-11T01:48:42.942308+00:00,200,54394.02,
2026-09-11T01:49:34.908395+00:00,200,2444.18,
2026-09-11T01:49:13.929071+00:00,200,23475.11,
2026-09-11T01:48:35.761989+00:00,200,61649.76,
2026-09-11T01:48:36.040960+00:00,200,61382.19,
2026-09-11T01:49:14.674487+00:00,200,22751.33,
2026-09-11T01:49:30.441720+00:00,200,6990.13,
2026-09-11T01:48:53.487067+00:00,200,43941.47,
2026-09-11T01:49:23.121560+00:00,200,14321.11,
2026-09-11T01:49:06.809218+00:00,200,30648.95,
2026-09-11T01:48:57.688852+00:00,200,39775.54,
2026-09-11T01:49:15.415068+00:00,200,22081.25,
2026-09-11T01:49:22.846630+00:00,200,14657.28,
2026-09-11T01:49:30.594996+00:00,200,6910.78,
2026-09-11T01:49:08.295304+00:00,200,29213.71,
2026-09-11T01:49:24.486721+00:00,200,13032.54,
2026-09-11T01:49:28.393576+00:00,200,9170.71,
2026-09-11T01:49:22.263685+00:00,200,15309.23,
2026-09-11T01:49:09.006642+00:00,200,28571.25,
2026-09-11T01:48:39.965153+00:00,200,57609.06,
2026-09-11T01:49:29.770314+00:00,200,7815.11,
2026-09-11T01:48:55.867444+00:00,200,41724.57,
2026-09-11T01:49:27.284320+00:00,200,10313.84,
2026-09-11T01:48:15.049937+00:00,200,82562.45,
2026-09-11T01:48:34.183218+00:00,200,63430.66,
2026-09-11T01:48:20.343832+00:00,200,77279.63,
2026-09-11T01:49:31.617042+00:00,200,6027.95,
2026-09-11T01:48:53.905890+00:00,200,43750.97,
2026-09-11T01:48:39.779101+00:00,200,57881.40,
2026-09-11T01:49:13.039032+00:00,200,24627.19,
2026-09-11T01:48:39.981211+00:00,200,57684.54,
2026-09-11T01:49:27.660767+00:00,200,10017.92,
2026-09-11T01:49:23.473525+00:00,200,14210.20,
2026-09-11T01:49:23.955205+00:00,200,13775.70,
2026-09-11T01:49:11.448988+00:00,200,26298.37,
2026-09-11T01:49:08.756626+00:00,200,28994.81,
2026-09-11T01:49:33.725029+00:00,200,4043.84,
2026-09-11T01:49:35.142738+00:00,200,2642.85,
2026-09-11T01:49:12.400024+00:00,200,25387.83,
2026-09-11T01:49:18.917273+00:00,200,18885.15,
2026-09-11T01:48:43.937416+00:00,200,53872.54,
2026-09-11T01:49:02.597964+00:00,200,35220.62,
2026-09-11T01:49:34.356412+00:00,200,3479.79,
2026-09-11T01:49:28.774811+00:00,200,9068.23,
2026-09-11T01:49:10.373045+00:00,200,27473.56,
2026-09-11T01:47:57.826900+00:00,200,100024.57,
2026-09-11T01:49:05.469234+00:00,200,32410.01,
2026-09-11T01:49:36.994474+00:00,200,886.04,
2026-09-11T01:49:23.694267+00:00,200,14234.24,
2026-09-11T01:49:19.336451+00:00,200,18601.51,
2026-09-11T01:49:25.928803+00:00,200,12013.69,
2026-09-11T01:48:58.755358+00:00,200,39189.73,
2026-09-11T01:49:15.666407+00:00,200,22283.41,
2026-09-11T01:48:16.021111+00:00,200,81938.47,
2026-09-11T01:49:35.880372+00:00,200,2083.56,
2026-09-11T01:49:29.853094+00:00,200,8127.86,
2026-09-11T01:49:37.768825+00:00,200,248.10,
2026-09-11T01:48:47.194311+00:00,200,50841.74,
2026-09-11T01:49:23.816848+00:00,200,14231.12,
2026-09-11T01:48:27.920731+00:00,200,70133.72,
2026-09-11T01:49:07.671615+00:00,200,30387.18,
2026-09-11T01:49:36.185535+00:00,200,1884.61,
2026-09-11T01:49:05.350516+00:00,200,32741.98,
2026-09-11T01:48:52.437570+00:00,200,45659.75,
2026-09-11T01:49:34.018281+00:00,200,4099.53,
2026-09-11T01:49:28.604648+00:00,200,9518.96,
2026-09-11T01:48:27.954802+00:00,200,70179.92,
2026-09-11T01:48:54.637645+00:00,200,43503.29,
2026-09-11T01:49:30.052145+00:00,200,8103.25,
2026-09-11T01:49:25.962186+00:00,200,12198.05,
2026-09-11T01:49:25.711600+00:00,200,12505.68,
2026-09-11T01:48:50.680781+00:00,200,47532.63,
2026-09-11T01:48:33.169300+00:00,200,65075.75,
2026-09-11T01:49:29.953458+00:00,200,8330.03,
2026-09-11T01:49:29.957961+00:00,200,8324.92,
2026-09-11T01:49:21.790740+00:00,200,16491.44,
2026-09-11T01:49:10.229284+00:00,200,28078.58,
2026-09-11T01:49:32.753064+00:00,200,5559.97,
2026-09-11T01:48:44.080753+00:00,200,54235.12,
2026-09-11T01:49:35.553259+00:00,200,2783.18,
2026-09-11T01:48:58.326814+00:00,200,40011.72,
2026-09-11T01:48:51.296570+00:00,200,47052.49,
2026-09-11T01:49:19.371416+00:00,200,18982.24,
2026-09-11T01:49:27.700615+00:00,200,10656.92,
2026-09-11T01:49:00.714341+00:00,200,37655.03,
2026-09-11T01:48:42.130558+00:00,200,56243.81,
2026-09-11T01:49:23.488784+00:00,200,14926.28,
2026-09-11T01:49:07.299135+00:00,200,31122.56,
2026-09-11T01:49:11.646761+00:00,200,26790.60,
2026-09-11T01:48:12.422369+00:00,200,86039.55,
2026-09-11T01:48:58.905168+00:00,200,39570.23,
2026-09-11T01:48:55.379424+00:00,200,43112.74,
2026-09-11T01:49:28.130379+00:00,200,10363.25,
2026-09-11T01:49:06.583925+00:00,200,31911.87,
2026-09-11T01:48:39.300816+00:00,200,59191.12,
2026-09-11T01:49:13.045578+00:00,200,25466.50,
2026-09-11T01:49:15.797701+00:00,200,22721.14,
2026-09-11T01:49:34.192796+00:00,200,4327.35,
2026-09-11T01:48:22.339329+00:00,200,76185.66,
2026-09-11T01:49:02.781734+00:00,200,35750.04,
2026-09-11T01:49:38.273105+00:00,200,260.58,
2026-09-11T01:49:07.399237+00:00,200,31155.16,
2026-09-11T01:48:27.135860+00:00,200,71427.91,
2026-09-11T01:49:15.778461+00:00,200,22787.78,
2026-09-11T01:49:37.644092+00:00,200,937.25,
2026-09-11T01:49:25.270089+00:00,200,13348.63,
2026-09-11T01:48:51.900126+00:00,200,46726.72,
2026-09-11T01:49:32.031681+00:00,200,6600.12,
2026-09-11T01:48:35.053131+00:00,200,63577.99,
2026-09-11T01:49:28.209410+00:00,200,10428.15,
2026-09-11T01:49:36.668818+00:00,200,1972.80,
2026-09-11T01:48:54.014278+00:00,200,44656.18,
2026-09-11T01:49:03.225422+00:00,200,35453.09,
2026-09-11T01:49:32.594781+00:00,200,6100.52,
2026-09-11T01:48:36.520360+00:00,200,62185.56,
2026-09-11T01:49:24.199047+00:00,200,14512.30,
2026-09-11T01:49:18.608207+00:00,200,20130.15,
2026-09-11T01:48:42.782990+00:00,200,55978.46,
2026-09-11T01:49:38.566087+00:00,200,235.38,
2026-09-11T01:48:26.512863+00:00,200,72289.26,
2026-09-11T01:49:38.017403+00:00,200,812.99,
2026-09-11T01:49:34.467657+00:00,200,4381.71,
2026-09-11T01:49:27.396449+00:00,200,11461.28,
2026-09-11T01:49:03.996304+00:00,200,34879.10,
2026-09-11T01:48:42.368401+00:00,200,56510.05,
2026-09-11T01:49:15.327119+00:00,200,23559.27,
2026-09-11T01:48:46.084108+00:00,200,52814.65,
2026-09-11T01:49:38.678458+00:00,200,247.14,
2026-09-11T01:49:26.257716+00:00,200,12674.37,
2026-09-11T01:49:07.651521+00:00,200,31289.86,
2026-09-11T01:49:20.483608+00:00,200,18475.26,
2026-09-11T01:49:21.477629+00:00,200,17541.29,
2026-09-11T01:49:33.136928+00:00,200,5913.84,
2026-09-11T01:49:30.461908+00:00,200,8590.82,
2026-09-11T01:48:42.273655+00:00,200,56780.22,
2026-09-11T01:49:23.824166+00:00,200,15234.61,
2026-09-11T01:49:20.848959+00:00,200,18255.20,
2026-09-11T01:49:29.301206+00:00,200,9818.39,
2026-09-11T01:48:29.069959+00:00,200,70066.92,
2026-09-11T01:49:23.724420+00:00,200,15444.90,
2026-09-11T01:49:34.251850+00:00,200,4926.40,
2026-09-11T01:49:11.838557+00:00,200,27341.87,
2026-09-11T01:49:01.949342+00:00,200,37254.63,
2026-09-11T01:47:46.702401+00:00,200,112503.96,
2026-09-11T01:49:18.917273+00:00,200,20299.90,
2026-09-11T01:49:34.784106+00:00,200,4444.30,
2026-09-11T01:49:27.036725+00:00,200,12200.74,
2026-09-11T01:49:15.332716+00:00,200,23922.09,
2026-09-11T01:48:33.970757+00:00,200,65285.86,
2026-09-11T01:49:03.501618+00:00,200,35770.18,
2026-09-11T01:49:22.138242+00:00,200,17140.41,
2026-09-11T01:48:41.813515+00:00,200,57467.29,
2026-09-11T01:49:32.033687+00:00,200,7292.22,
2026-09-11T01:48:02.645301+00:00,200,96681.35,
2026-09-11T01:48:55.649405+00:00,200,43694.06,
2026-09-11T01:48:26.562737+00:00,200,72787.90,
2026-09-11T01:49:32.223291+00:00,200,7129.65,
2026-09-11T01:49:02.622046+00:00,200,36738.04,
2026-09-11T01:49:37.376882+00:00,200,1986.71,
2026-09-11T01:49:00.268528+00:00,200,39104.01,
2026-09-11T01:49:12.656380+00:00,200,26721.81,
2026-09-11T01:49:34.461282+00:00,200,4930.16,
2026-09-11T01:49:27.331584+00:00,200,12065.69,
2026-09-11T01:49:29.574258+00:00,200,9830.12,
2026-09-11T01:48:48.856702+00:00,200,50562.77,
2026-09-11T01:49:37.228920+00:00,200,2203.92,
2026-09-11T01:49:27.290430+00:00,200,12176.23,
2026-09-11T01:49:03.386375+00:00,200,36074.80,
2026-09-11T01:49:07.106874+00:00,200,32375.97,
2026-09-11T01:48:27.028035+00:00,200,72502.87,
2026-09-11T01:49:38.615939+00:00,200,922.52,
2026-09-11T01:48:53.166322+00:00,200,46391.15,
2026-09-11T01:47:28.136158+00:00,200,131438.91,
2026-09-11T01:49:27.633365+00:00,200,11945.00,
2026-09-11T01:49:20.320362+00:00,200,19260.41,
2026-09-11T01:49:18.535546+00:00,200,21048.84,
2026-09-11T01:49:07.786330+00:00,200,31821.75,
2026-09-11T01:48:23.654618+00:00,200,75961.43,
2026-09-11T01:49:34.725124+00:00,200,4906.67,
2026-09-11T01:49:14.946056+00:00,200,24703.93,
2026-09-11T01:48:30.309516+00:00,200,69339.64,
2026-09-11T01:49:07.596456+00:00,200,32064.16,
2026-09-11T01:49:33.650738+00:00,200,6014.94,
2026-09-11T01:49:37.731255+00:00,200,1949.79,
2026-09-11T01:49:12.927498+00:00,200,26778.09,
2026-09-11T01:48:47.338651+00:00,200,52371.15,
2026-09-11T01:49:29.907758+00:00,200,9834.12,
2026-09-11T01:48:37.000368+00:00,200,62757.75,
2026-09-11T01:49:31.266619+00:00,200,8505.29,
2026-09-11T01:49:10.745927+00:00,200,29028.28,
2026-09-11T01:48:39.250295+00:00,200,60541.49,
2026-09-11T01:48:49.643227+00:00,200,50146.46,
2026-09-11T01:49:37.846858+00:00,200,1953.82,
2026-09-11T01:49:05.063549+00:00,200,34775.03,
2026-09-11T01:49:24.689073+00:00,200,15175.92,
2026-09-11T01:49:32.587139+00:00,200,7291.20,
2026-09-11T01:48:52.963087+00:00,200,46908.30,
2026-09-11T01:49:31.920380+00:00,200,7977.56,
2026-09-11T01:48:57.823295+00:00,200,42076.07,
2026-09-11T01:49:36.419344+00:00,200,3485.75,
2026-09-11T01:49:05.965119+00:00,200,33944.97,
2026-09-11T01:49:39.702656+00:00,200,217.49,
2026-09-11T01:49:28.120345+00:00,200,11829.59,
2026-09-11T01:49:30.822576+00:00,200,9127.78,
2026-09-11T01:49:04.984146+00:00,200,34974.56,
2026-09-11T01:49:01.140627+00:00,200,38855.20,
2026-09-11T01:49:34.933822+00:00,200,5063.49,
2026-09-11T01:49:08.148439+00:00,200,31857.49,
2026-09-11T01:49:38.057696+00:00,200,1953.15,
2026-09-11T01:49:26.093496+00:00,200,13922.64,
2026-09-11T01:48:39.536597+00:00,200,60481.27,
2026-09-11T01:49:35.285860+00:00,200,4741.72,
2026-09-11T01:49:01.639686+00:00,200,38413.97,
2026-09-11T01:49:32.230290+00:00,200,7821.34,
2026-09-11T01:48:39.695925+00:00,200,60369.53,
2026-09-11T01:49:31.391887+00:00,200,8713.07,
2026-09-11T01:49:38.713739+00:00,200,1407.39,
2026-09-11T01:48:53.176512+00:00,200,46940.16,
2026-09-11T01:48:57.292476+00:00,200,42839.94,
2026-09-11T01:49:12.132245+00:00,200,28014.92,
2026-09-11T01:48:54.953503+00:00,200,45196.37,
2026-09-11T01:49:29.492427+00:00,200,10666.20,
2026-09-11T01:49:30.474695+00:00,200,9694.03,
2026-09-11T01:49:02.681635+00:00,200,37497.13,
2026-09-11T01:48:53.260065+00:00,200,46926.01,
2026-09-11T01:49:39.880085+00:00,200,354.64,
2026-09-11T01:49:18.905249+00:00,200,21338.82,
2026-09-11T01:47:41.695950+00:00,200,118554.90,
2026-09-11T01:48:51.142027+00:00,200,49112.55,
2026-09-11T01:48:56.412408+00:00,200,43852.92,
2026-09-11T01:48:58.141302+00:00,200,42136.72,
2026-09-11T01:48:49.059355+00:00,200,51219.82,
2026-09-11T01:48:59.444707+00:00,200,40847.10,
2026-09-11T01:49:12.432822+00:00,200,27869.19,
2026-09-11T01:49:29.016619+00:00,200,11290.07,
2026-09-11T01:49:31.452777+00:00,200,8858.91,
2026-09-11T01:48:47.997593+00:00,200,52357.69,
2026-09-11T01:48:33.272043+00:00,200,67097.81,
2026-09-11T01:48:20.627728+00:00,200,79768.53,
2026-09-11T01:49:33.166318+00:00,200,7230.56,
2026-09-11T01:48:55.697023+00:00,200,44695.27,
2026-09-11T01:49:32.585055+00:00,200,7823.77,
2026-09-11T01:49:32.225297+00:00,200,8218.25,
2026-09-11T01:49:31.119306+00:00,200,9325.44,
2026-09-11T01:48:57.457959+00:00,200,42992.20,
2026-09-11T01:49:35.559956+00:00,200,4925.18,
2026-09-11T01:49:36.602693+00:00,200,3921.06,
2026-09-11T01:49:38.138289+00:00,200,2387.37,
2026-09-11T01:49:38.285142+00:00,200,2254.08,
2026-09-11T01:49:37.811839+00:00,200,2726.18,
2026-09-11T01:49:14.105547+00:00,200,26469.27,
2026-09-11T01:49:05.706462+00:00,200,34883.53,
2026-09-11T01:48:52.916527+00:00,200,47685.60,
2026-09-11T01:49:04.023244+00:00,200,36584.68,
2026-09-11T01:48:42.981107+00:00,200,57632.41,
2026-09-11T01:49:37.477747+00:00,200,3173.91,
2026-09-11T01:49:23.686153+00:00,200,16974.98,
2026-09-11T01:49:35.291885+00:00,200,5373.03,
2026-09-11T01:49:22.138242+00:00,200,18536.12,
2026-09-11T01:49:01.402946+00:00,200,39335.50,
2026-09-11T01:49:02.845374+00:00,200,37898.71,
2026-09-11T01:48:37.698079+00:00,200,63042.00,
2026-09-11T01:49:03.326907+00:00,200,37424.10,
2026-09-11T01:49:02.447951+00:00,200,38307.21,
2026-09-11T01:48:45.141673+00:00,200,55619.14,
2026-09-11T01:49:13.760548+00:00,200,27013.67,
2026-09-11T01:49:24.584599+00:00,200,16198.51,
2026-09-11T01:49:35.323298+00:00,200,5480.40,
2026-09-11T01:48:26.263253+00:00,200,74548.08,
2026-09-11T01:49:35.673589+00:00,200,5142.31,
2026-09-11T01:48:23.442322+00:00,200,77374.06,
2026-09-11T01:49:39.867326+00:00,200,955.24,
2026-09-11T01:49:19.447557+00:00,200,21387.03,
2026-09-11T01:49:30.983418+00:00,200,9848.74,
2026-09-11T01:48:27.012888+00:00,200,73839.71,
2026-09-11T01:49:39.465521+00:00,200,1397.26,
2026-09-11T01:49:15.364086+00:00,200,25511.74,
2026-09-11T01:49:25.726357+00:00,200,15168.90,
2026-09-11T01:48:35.966642+00:00,200,64955.54,
2026-09-11T01:48:23.670905+00:00,200,77263.26,
2026-09-11T01:48:41.114704+00:00,200,59819.48,
2026-09-11T01:48:56.474994+00:00,200,44453.28,
2026-09-11T01:48:52.204548+00:00,200,48788.81,
2026-09-11T01:49:15.549747+00:00,200,25455.97,
2026-09-11T01:49:37.752783+00:00,200,3278.31,
2026-09-11T01:48:41.320035+00:00,200,59714.31,
2026-09-11T01:49:37.503211+00:00,200,3541.15,
2026-09-11T01:48:25.746290+00:00,200,75296.82,
2026-09-11T01:48:35.437258+00:00,200,65629.47,
2026-09-11T01:48:00.203446+00:00,200,100870.18,
2026-09-11T01:48:27.979894+00:00,200,73107.02,
2026-09-11T01:48:43.382482+00:00,200,57702.66,
2026-09-11T01:48:44.160672+00:00,200,56927.59,
2026-09-11T01:49:11.790345+00:00,200,29309.59,
2026-09-11T01:49:34.319183+00:00,200,6787.39,
2026-09-11T01:49:33.779611+00:00,200,7337.84,
2026-09-11T01:49:28.973330+00:00,200,12173.59,
2026-09-11T01:47:45.415530+00:00,200,115755.48,
2026-09-11T01:49:03.749159+00:00,200,37467.89,
2026-09-11T01:48:49.803458+00:00,200,51414.39,
2026-09-11T01:49:38.533854+00:00,200,2720.61,
2026-09-11T01:48:55.111008+00:00,200,46143.87,
2026-09-11T01:48:04.572153+00:00,200,96691.50,
2026-09-11T01:49:00.697002+00:00,200,40575.13,
2026-09-11T01:49:02.640427+00:00,200,38634.10,
2026-09-11T01:48:27.529971+00:00,200,73765.82,
2026-09-11T01:49:34.737853+00:00,200,6562.35,
2026-09-11T01:49:35.148756+00:00,200,6163.01,
2026-09-11T01:48:59.057767+00:00,200,42258.16,
2026-09-11T01:49:22.816705+00:00,200,18503.47,
2026-09-11T01:49:12.325556+00:00,200,29014.13,
2026-09-11T01:49:14.754623+00:00,200,26585.49,
2026-09-11T01:49:39.483317+00:00,200,1869.46,
2026-09-11T01:49:12.749938+00:00,200,28614.38,
2026-09-11T01:48:39.583970+00:00,200,61794.92,
2026-09-11T01:49:26.017418+00:00,200,15380.07,
2026-09-11T01:47:50.936474+00:00,200,110478.15,
2026-09-11T01:49:35.933361+00:00,200,5495.68,
2026-09-11T01:48:26.566733+00:00,200,74865.78,
2026-09-11T01:49:08.931647+00:00,200,32516.72,
2026-09-11T01:49:12.417190+00:00,200,29044.80,
2026-09-11T01:49:05.136494+00:00,200,36362.15,
2026-09-11T01:49:37.331042+00:00,200,4177.39,
2026-09-11T01:49:16.940150+00:00,200,24600.00,
2026-09-11T01:49:36.684881+00:00,200,4885.02,
2026-09-11T01:49:24.785028+00:00,200,16826.37,
2026-09-11T01:48:32.474721+00:00,200,69165.06,
2026-09-11T01:49:12.031968+00:00,200,29622.25,
2026-09-11T01:48:14.069778+00:00,200,87590.15,
2026-09-11T01:49:06.730744+00:00,200,34952.37,
2026-09-11T01:49:26.417504+00:00,200,15272.42,
2026-09-11T01:49:25.259553+00:00,200,16465.30,
2026-09-11T01:49:36.580978+00:00,200,5150.25,
2026-09-11T01:49:07.762680+00:00,200,33984.40,
2026-09-11T01:49:31.216882+00:00,200,10542.39,
2026-09-11T01:48:45.846373+00:00,200,55920.78,
2026-09-11T01:49:12.519427+00:00,200,29258.95,
2026-09-11T01:49:34.739862+00:00,200,7059.58,
2026-09-11T01:49:33.564528+00:00,200,8238.98,
2026-09-11T01:48:47.615512+00:00,200,54208.39,
2026-09-11T01:49:04.873957+00:00,200,36963.42,
2026-09-11T01:49:30.822576+00:00,200,11015.49,
2026-09-11T01:49:10.814861+00:00,200,31046.13,
2026-09-11T01:48:23.860249+00:00,200,78010.80,
2026-09-11T01:48:24.516151+00:00,200,77360.49,
2026-09-11T01:49:23.363435+00:00,200,18530.34,
2026-09-11T01:49:18.878384+00:00,200,23017.16,
2026-09-11T01:48:46.959616+00:00,200,54998.05,
2026-09-11T01:47:52.696917+00:00,200,109271.17,
2026-09-11T01:49:10.578884+00:00,200,31416.09,
2026-09-11T01:48:51.439638+00:00,200,50571.43,
2026-09-11T01:48:43.797769+00:00,200,58221.36,
2026-09-11T01:48:45.659386+00:00,200,56358.29,
2026-09-11T01:49:12.626766+00:00,200,29400.40,
2026-09-11T01:48:40.502813+00:00,200,61522.11,
2026-09-11T01:48:37.676320+00:00,200,64360.03,
2026-09-11T01:48:01.467249+00:00,200,100603.07,
2026-09-11T01:49:34.323199+00:00,200,7783.72,
2026-09-11T01:49:23.503119+00:00,200,18616.31,
2026-09-11T01:49:30.353604+00:00,200,11773.05,
2026-09-11T01:49:31.547438+00:00,200,10581.90,
2026-09-11T01:49:38.220245+00:00,200,3928.03,
2026-09-11T01:49:37.635099+00:00,200,4533.81,
2026-09-11T01:49:15.834561+00:00,200,26340.41,
2026-09-11T01:49:41.570475+00:00,200,607.69,
2026-09-11T01:49:15.190705+00:00,200,26986.54,
2026-09-11T01:49:10.976340+00:00,200,31223.32,
2026-09-11T01:49:21.986692+00:00,200,20212.65,
2026-09-11T01:49:35.409240+00:00,200,6805.39,
2026-09-11T01:49:19.961789+00:00,200,22326.26,
2026-09-11T01:48:48.597366+00:00,200,53710.73,
2026-09-11T01:49:37.009592+00:00,200,5311.62,
2026-09-11T01:49:37.544760+00:00,200,4790.17,
2026-09-11T01:49:40.933381+00:00,200,1410.56,
2026-09-11T01:48:57.108309+00:00,200,45243.43,
2026-09-11T01:49:36.298601+00:00,200,6059.05,
2026-09-11T01:49:27.769615+00:00,200,14595.57,
2026-09-11T01:48:47.681116+00:00,200,54707.13,
2026-09-11T01:49:13.055642+00:00,200,29341.04,
2026-09-11T01:48:13.938887+00:00,200,88459.68,
2026-09-11T01:48:54.605113+00:00,200,47800.10,
2026-09-11T01:49:06.638120+00:00,200,35823.57,
2026-09-11T01:48:46.877371+00:00,200,55592.36,
2026-09-11T01:48:42.878986+00:00,200,59608.97,
2026-09-11T01:48:44.377788+00:00,200,58124.93,
2026-09-11T01:49:09.467085+00:00,200,33041.95,
2026-09-11T01:48:53.639585+00:00,200,48885.12,
2026-09-11T01:49:00.566252+00:00,200,41991.11,
2026-09-11T01:49:38.499065+00:00,200,4075.87,
2026-09-11T01:49:13.493587+00:00,200,29084.83,
2026-09-11T01:49:08.752063+00:00,200,33836.45,
2026-09-11T01:48:27.350750+00:00,200,75272.69,
2026-09-11T01:47:47.407449+00:00,200,115231.09,
2026-09-11T01:48:42.702024+00:00,200,59967.27,
2026-09-11T01:49:42.395813+00:00,200,298.52,
2026-09-11T01:49:42.168925+00:00,200,535.26,
2026-09-11T01:49:41.429083+00:00,200,1299.32,
2026-09-11T01:49:36.628391+00:00,200,6118.66,
2026-09-11T01:49:41.640077+00:00,200,1111.85,
2026-09-11T01:48:22.249068+00:00,200,80539.15,
2026-09-11T01:49:40.287298+00:00,200,2505.23,
2026-09-11T01:49:38.508601+00:00,200,4328.74,
2026-09-11T01:49:28.682443+00:00,200,14178.54,
2026-09-11T01:48:34.358108+00:00,200,68512.15,
2026-09-11T01:49:25.699039+00:00,200,17180.31,
2026-09-11T01:49:10.920631+00:00,200,31965.24,
2026-09-11T01:49:41.432594+00:00,200,1468.29,
2026-09-11T01:49:00.479761+00:00,200,42423.57,
2026-09-11T01:49:21.790740+00:00,200,21104.69,
2026-09-11T01:48:30.586292+00:00,200,72334.18,
2026-09-11T01:48:51.539083+00:00,200,51402.63,
2026-09-11T01:49:38.155393+00:00,200,4787.40,
2026-09-11T01:48:32.172978+00:00,200,70771.27,
2026-09-11T01:48:48.800127+00:00,200,54178.72,
2026-09-11T01:49:28.630823+00:00,200,14352.77,
2026-09-11T01:49:00.327552+00:00,200,42677.67,
2026-09-11T01:49:22.246285+00:00,200,20761.42,
2026-09-11T01:48:58.283937+00:00,200,44724.61,
2026-09-11T01:49:18.291816+00:00,200,24730.53,
2026-09-11T01:49:15.754322+00:00,200,27280.50,
2026-09-11T01:48:29.606790+00:00,200,73433.50,
2026-09-11T01:49:42.840633+00:00,200,200.26,
2026-09-11T01:49:40.595689+00:00,200,2450.26,
2026-09-11T01:48:49.027362+00:00,200,54020.54,
2026-09-11T01:49:40.301421+00:00,200,2765.80,
2026-09-11T01:49:41.418361+00:00,200,1657.82,
2026-09-11T01:49:40.140573+00:00,200,2940.46,
2026-09-11T01:49:33.742838+00:00,200,9356.72,
2026-09-11T01:49:32.227551+00:00,200,10882.25,
2026-09-11T01:49:12.270435+00:00,200,30842.02,
2026-09-11T01:49:42.408486+00:00,200,735.61,
2026-09-11T01:49:15.607020+00:00,200,27546.74,
2026-09-11T01:49:36.613779+00:00,200,6570.13,
2026-09-11T01:49:27.460134+00:00,200,15725.88,
2026-09-11T01:48:39.026588+00:00,200,64167.18,
2026-09-11T01:49:12.079754+00:00,200,31146.53,
2026-09-11T01:49:32.509336+00:00,200,10725.39,
2026-09-11T01:49:08.285517+00:00,200,34953.82,
2026-09-11T01:49:09.258359+00:00,200,33988.39,
2026-09-11T01:48:54.266998+00:00,200,48976.49,
2026-09-11T01:49:25.527184+00:00,200,17736.69,
2026-09-11T01:48:52.059707+00:00,200,51237.11,
2026-09-11T01:49:04.305944+00:00,200,39006.34,
2026-09-11T01:48:44.030963+00:00,200,59305.51,
2026-09-11T01:49:08.652189+00:00,200,34704.80,
2026-09-11T01:49:40.445606+00:00,200,2915.72,
2026-09-11T01:48:46.687361+00:00,200,56706.17,
2026-09-11T01:49:05.322615+00:00,200,38084.44,
2026-09-11T01:49:36.423354+00:00,200,7001.64,
2026-09-11T01:48:17.987311+00:00,200,85442.91,
2026-09-11T01:49:35.079197+00:00,200,8359.25,
2026-09-11T01:48:58.107740+00:00,200,45324.77,
2026-09-11T01:49:36.834606+00:00,200,6614.30,
2026-09-11T01:49:31.047561+00:00,200,12426.67,
2026-09-11T01:49:32.137316+00:00,200,11353.76,
2026-09-11T01:49:37.960437+00:00,200,5534.04,
2026-09-11T01:49:00.439733+00:00,200,43055.73,
2026-09-11T01:49:14.719083+00:00,200,28786.33,
2026-09-11T01:49:27.761127+00:00,200,15746.60,
2026-09-11T01:49:32.189595+00:00,200,11326.77,
2026-09-11T01:49:26.652644+00:00,200,16876.27,
2026-09-11T01:49:41.760157+00:00,200,1772.76,
2026-09-11T01:49:11.065257+00:00,200,32505.31,
2026-09-11T01:49:14.576416+00:00,200,29001.34,
2026-09-11T01:49:42.403878+00:00,200,1202.28,
2026-09-11T01:48:15.506918+00:00,200,88108.49,
2026-09-11T01:49:30.386657+00:00,200,13251.61,
2026-09-11T01:49:32.532230+00:00,200,11117.48,
2026-09-11T01:48:53.872530+00:00,200,49797.16,
2026-09-11T01:49:02.645312+00:00,200,41032.67,
2026-09-11T01:49:25.212321+00:00,200,18487.90,
2026-09-11T01:49:02.539199+00:00,200,41170.91,
2026-09-11T01:48:47.322708+00:00,200,56389.81,
2026-09-11T01:49:39.230627+00:00,200,4498.29,
2026-09-11T01:49:29.048346+00:00,200,14683.23,
2026-09-11T01:49:33.900959+00:00,200,9851.99,
2026-09-11T01:49:01.578916+00:00,200,42175.89,
2026-09-11T01:48:32.356099+00:00,200,71422.16,
2026-09-11T01:49:43.606609+00:00,200,222.16,
2026-09-11T01:49:33.953026+00:00,200,9877.82,
2026-09-11T01:49:38.761901+00:00,200,5076.86,
2026-09-11T01:49:30.338320+00:00,200,13495.76,
2026-09-11T01:47:47.196255+00:00,200,116658.87,
2026-09-11T01:49:27.093340+00:00,200,16776.44,
2026-09-11T01:49:07.972742+00:00,200,35901.25,
2026-09-11T01:49:27.436571+00:00,200,16466.13,
2026-09-11T01:48:14.864929+00:00,200,89040.99,
2026-09-11T01:48:40.075637+00:00,200,63843.40,
2026-09-11T01:49:22.086476+00:00,200,21865.29,
2026-09-11T01:49:33.706657+00:00,200,10257.26,
2026-09-11T01:48:32.596719+00:00,200,71367.64,
2026-09-11T01:48:47.178483+00:00,200,56797.00,
2026-09-11T01:49:27.202268+00:00,200,16785.11,
2026-09-11T01:49:13.440150+00:00,200,30559.61,
2026-09-11T01:49:16.817773+00:00,200,27184.35,
2026-09-11T01:49:34.654835+00:00,200,9350.62,
2026-09-11T01:49:11.387813+00:00,200,32619.73,
2026-09-11T01:48:23.776865+00:00,200,80237.95,
2026-09-11T01:49:01.609550+00:00,200,42412.52,
2026-09-11T01:49:08.727839+00:00,200,35304.88,
2026-09-11T01:47:57.811645+00:00,200,106212.98,
2026-09-11T01:49:38.581117+00:00,200,5460.33,
2026-09-11T01:49:13.024654+00:00,200,31025.39,
2026-09-11T01:49:27.571776+00:00,200,16556.86,
2026-09-11T01:48:53.881651+00:00,200,50263.11,
2026-09-11T01:48:32.060067+00:00,200,72100.38,
2026-09-11T01:48:50.355062+00:00,200,53822.72,
2026-09-11T01:48:49.343210+00:00,200,54845.33,
2026-09-11T01:49:04.686080+00:00,200,39515.32,
2026-09-11T01:49:30.909616+00:00,200,13292.96,
2026-09-11T01:47:56.049751+00:00,200,108161.43,
2026-09-11T01:48:14.905759+00:00,200,89341.35,
2026-09-11T01:48:41.589365+00:00,200,62664.79,
2026-09-11T01:49:05.545750+00:00,200,38718.72,
2026-09-11T01:49:10.504625+00:00,200,33773.78,
2026-09-11T01:49:20.844711+00:00,200,23439.69,
2026-09-11T01:48:18.661389+00:00,200,85621.90,
2026-09-11T01:48:29.575354+00:00,200,74733.47,
2026-09-11T01:49:40.106868+00:00,200,4221.10,
2026-09-11T01:49:27.182663+00:00,200,17144.85,
2026-09-11T01:49:41.828866+00:00,200,2508.66,
2026-09-11T01:47:39.806735+00:00,200,124540.95,
2026-09-11T01:49:02.145879+00:00,200,42222.72,
2026-09-11T01:48:36.755818+00:00,200,67626.75,
2026-09-11T01:49:21.727549+00:00,200,22672.11,
2026-09-11T01:49:40.034880+00:00,200,4373.13,
2026-09-11T01:49:44.160019+00:00,200,259.07,
2026-09-11T01:49:34.265239+00:00,200,10160.66,
2026-09-11T01:49:12.776768+00:00,200,31653.48,
2026-09-11T01:49:14.508934+00:00,200,29952.44,
2026-09-11T01:48:58.588502+00:00,200,45878.06,
2026-09-11T01:49:21.551670+00:00,200,22942.37,
2026-09-11T01:48:45.275135+00:00,200,59216.73,
2026-09-11T01:48:39.377752+00:00,200,65122.85,
2026-09-11T01:49:37.738875+00:00,200,6775.16,
2026-09-11T01:49:02.981288+00:00,200,41546.95,
2026-09-11T01:48:45.115072+00:00,200,59415.52,
2026-09-11T01:49:35.217022+00:00,200,9331.84,
2026-09-11T01:49:41.654790+00:00,200,2895.46,
2026-09-11T01:48:39.855160+00:00,200,64701.44,
2026-09-11T01:49:15.174787+00:00,200,29407.27,
2026-09-11T01:49:31.390375+00:00,200,13211.65,
2026-09-11T01:48:34.023670+00:00,200,70585.56,
2026-09-11T01:49:27.024535+00:00,200,17599.98,
2026-09-11T01:49:26.654650+00:00,200,17985.99,
2026-09-11T01:48:29.433704+00:00,200,75218.80,
2026-09-11T01:49:03.223417+00:00,200,41430.97,
2026-09-11T01:49:23.968080+00:00,200,20714.85,
2026-09-11T01:48:36.317764+00:00,200,68399.16,
2026-09-11T01:47:43.376401+00:00,200,121350.88,
2026-09-11T01:48:14.895875+00:00,200,89838.77,
2026-09-11T01:49:09.614459+00:00,200,35138.08,
2026-09-11T01:49:34.420069+00:00,200,10341.37,
2026-09-11T01:49:37.866637+00:00,200,6898.68,
2026-09-11T01:49:31.535284+00:00,200,13263.59,
2026-09-11T01:49:13.816267+00:00,200,31004.22,
2026-09-11T01:49:07.387874+00:00,200,37467.70,
2026-09-11T01:49:21.786739+00:00,200,23117.25,
2026-09-11T01:49:03.027000+00:00,200,41902.46,
2026-09-11T01:49:32.924900+00:00,200,12019.51,
2026-09-11T01:49:44.681906+00:00,200,264.03,
2026-09-11T01:48:37.787473+00:00,200,67158.44,
2026-09-11T01:48:24.341991+00:00,200,80638.96,
2026-09-11T01:48:56.128574+00:00,200,48870.14,
2026-09-11T01:47:27.211289+00:00,200,137807.23,
2026-09-11T01:47:57.493148+00:00,200,107527.64,
2026-09-11T01:49:27.168211+00:00,200,17874.13,
2026-09-11T01:49:37.786412+00:00,200,7255.56,
2026-09-11T01:49:08.764932+00:00,200,36283.88,
2026-09-11T01:49:28.684191+00:00,200,16369.99,
2026-09-11T01:49:31.175053+00:00,200,13913.12,
2026-09-11T01:49:38.925569+00:00,200,6174.06,
2026-09-11T01:49:42.252856+00:00,200,2849.45,
2026-09-11T01:49:06.705134+00:00,200,38417.29,
2026-09-11T01:49:43.951690+00:00,200,1184.41,
2026-09-11T01:49:02.007593+00:00,200,43154.84,
2026-09-11T01:48:50.006808+00:00,200,55153.72,
2026-09-11T01:49:06.019465+00:00,200,39194.85,
2026-09-11T01:49:30.588979+00:00,200,14631.71,
2026-09-11T01:49:38.733188+00:00,200,6505.04,
2026-09-11T01:49:43.570651+00:00,200,1675.76,
2026-09-11T01:48:51.951552+00:00,200,53304.03,
2026-09-11T01:48:57.465889+00:00,200,47828.79,
2026-09-11T01:49:02.192370+00:00,200,43100.49,
2026-09-11T01:49:16.761222+00:00,200,28543.06,
2026-09-11T01:49:02.285990+00:00,200,43028.14,
2026-09-11T01:49:05.183834+00:00,200,40148.62,
2026-09-11T01:48:14.097854+00:00,200,91238.84,
2026-09-11T01:49:41.219056+00:00,200,4165.20,
2026-09-11T01:48:53.537615+00:00,200,51881.06,
2026-09-11T01:48:57.387917+00:00,200,48030.63,
2026-09-11T01:49:40.149780+00:00,200,5282.66,
2026-09-11T01:49:40.124473+00:00,200,5313.32,
2026-09-11T01:48:14.416879+00:00,200,91034.20,
2026-09-11T01:49:08.396400+00:00,200,37059.37,
2026-09-11T01:49:09.977768+00:00,200,35487.84,
2026-09-11T01:48:50.739070+00:00,200,54742.67,
2026-09-11T01:49:41.403272+00:00,200,4104.57,
2026-09-11T01:48:55.991489+00:00,200,49522.47,
2026-09-11T01:49:34.848625+00:00,200,10710.03,
2026-09-11T01:49:21.905604+00:00,200,23656.41,
2026-09-11T01:49:33.932460+00:00,200,11649.54,
2026-09-11T01:48:10.805234+00:00,200,94793.93,
2026-09-11T01:49:13.233334+00:00,200,32372.17,
2026-09-11T01:48:13.528351+00:00,200,92074.56,
2026-09-11T01:49:02.190367+00:00,200,43435.75,
2026-09-11T01:48:20.471439+00:00,200,85216.15,
2026-09-11T01:48:18.740002+00:00,200,86964.13,
2026-09-11T01:48:32.172978+00:00,200,73569.98,
2026-09-11T01:49:37.277163+00:00,200,8468.18,
2026-09-11T01:49:14.186862+00:00,200,31560.61,
2026-09-11T01:49:44.808949+00:00,200,940.62,
2026-09-11T01:49:05.404030+00:00,200,40339.93,
2026-09-11T01:49:14.253729+00:00,200,31498.55,
2026-09-11T01:49:42.992146+00:00,200,2762.36,
2026-09-11T01:49:08.231613+00:00,200,37527.08,
2026-09-11T01:49:13.013051+00:00,200,32754.89,
2026-09-11T01:49:42.924814+00:00,200,2854.64,
2026-09-11T01:48:54.424067+00:00,200,51359.52,
2026-09-11T01:49:38.347878+00:00,200,7448.25,
2026-09-11T01:49:45.562523+00:00,200,254.14,
2026-09-11T01:49:37.044277+00:00,200,8778.64,
2026-09-11T01:48:35.354362+00:00,200,70489.22,
2026-09-11T01:49:40.369974+00:00,200,5490.14,
2026-09-11T01:49:24.530002+00:00,200,21347.89,
2026-09-11T01:49:24.727006+00:00,200,21159.93,
2026-09-11T01:49:40.783780+00:00,200,5117.53,
2026-09-11T01:49:32.485740+00:00,200,13424.08,
2026-09-11T01:49:02.614104+00:00,200,43301.51,
2026-09-11T01:48:43.493437+00:00,200,62426.59,
2026-09-11T01:49:27.926145+00:00,200,18000.58,
2026-09-11T01:48:10.136663+00:00,200,95810.73,
2026-09-11T01:49:18.168882+00:00,200,27814.54,
2026-09-11T01:49:27.808995+00:00,200,18181.02,
2026-09-11T01:49:38.495052+00:00,200,7497.89,
2026-09-11T01:49:43.108449+00:00,200,2886.13,
2026-09-11T01:49:33.177247+00:00,200,12849.70,
2026-09-11T01:49:24.702651+00:00,200,21343.22,
2026-09-11T01:49:30.241159+00:00,200,15820.17,
2026-09-11T01:49:16.462787+00:00,200,29603.10,
2026-09-11T01:48:28.550607+00:00,200,77513.98,
2026-09-11T01:49:30.571754+00:00,200,15505.68,
2026-09-11T01:48:28.846120+00:00,200,77253.68,
2026-09-11T01:49:42.729824+00:00,200,3373.98,
2026-09-11T01:49:37.343487+00:00,200,8775.32,
2026-09-11T01:49:20.600504+00:00,200,25541.33,
2026-09-11T01:49:21.262353+00:00,200,24892.27,
2026-09-11T01:49:29.390252+00:00,200,16773.91,
2026-09-11T01:48:02.722153+00:00,200,103485.10,
2026-09-11T01:48:25.006762+00:00,200,81213.05,
2026-09-11T01:49:29.616953+00:00,200,16606.14,
2026-09-11T01:49:35.199089+00:00,200,11060.36,
2026-09-11T01:49:00.202936+00:00,200,46072.69,
2026-09-11T01:49:15.780468+00:00,200,30517.76,
2026-09-11T01:49:32.831516+00:00,200,13472.59,
2026-09-11T01:48:25.671261+00:00,200,80674.67,
2026-09-11T01:49:10.076361+00:00,200,36284.15,
2026-09-11T01:49:38.363558+00:00,200,8004.13,
2026-09-11T01:49:13.976447+00:00,200,32400.85,
2026-09-11T01:49:35.934366+00:00,200,10451.60,
2026-09-11T01:49:10.171561+00:00,200,36221.14,
2026-09-11T01:48:41.331092+00:00,200,65072.08,
2026-09-11T01:49:44.548287+00:00,200,1864.67,
2026-09-11T01:49:43.353732+00:00,200,3068.43,
2026-09-11T01:49:32.716289+00:00,200,13732.92,
2026-09-11T01:49:30.216051+00:00,200,16236.67,
2026-09-11T01:49:38.353529+00:00,200,8127.88,
2026-09-11T01:49:43.007401+00:00,200,3478.48,
2026-09-11T01:49:01.240673+00:00,200,45248.59,
2026-09-11T01:48:58.927980+00:00,200,47566.49,
2026-09-11T01:49:46.276506+00:00,200,233.91,
2026-09-11T01:48:44.080753+00:00,200,62434.71,
2026-09-11T01:49:24.664980+00:00,200,21856.88,
2026-09-11T01:49:22.408894+00:00,200,24130.84,
2026-09-11T01:49:38.522292+00:00,200,8056.57,
2026-09-11T01:49:39.435432+00:00,200,7157.65,
2026-09-11T01:48:55.843022+00:00,200,50763.75,
2026-09-11T01:49:46.353129+00:00,200,276.96,
2026-09-11T01:49:25.525176+00:00,200,21114.99,
2026-09-11T01:48:54.366959+00:00,200,52278.75,
2026-09-11T01:49:33.338273+00:00,200,13321.04,
2026-09-11T01:49:35.516024+00:00,200,11147.30,
2026-09-11T01:49:04.745828+00:00,200,41920.45,
2026-09-11T01:49:28.630823+00:00,200,18053.71,
2026-09-11T01:49:45.752843+00:00,200,939.98,
2026-09-11T01:49:03.480374+00:00,200,43222.93,
2026-09-11T01:49:12.415183+00:00,200,34294.96,
2026-09-11T01:48:58.511878+00:00,200,48201.85,
2026-09-11T01:48:59.373404+00:00,200,47349.62,
2026-09-11T01:49:31.300307+00:00,200,15431.78,
2026-09-11T01:49:36.525044+00:00,200,10224.44,
2026-09-11T01:48:40.625834+00:00,200,66130.92,
2026-09-11T01:48:44.856949+00:00,200,61942.82,
2026-09-11T01:49:41.072007+00:00,200,5742.33,
2026-09-11T01:49:40.810536+00:00,200,6032.67,
2026-09-11T01:48:59.537025+00:00,200,47316.66,
2026-09-11T01:49:26.363029+00:00,200,20529.68,
2026-09-11T01:49:41.259839+00:00,200,5647.79,
2026-09-11T01:49:14.445464+00:00,200,32483.56,
2026-09-11T01:49:40.285294+00:00,200,6660.29,
2026-09-11T01:48:14.247425+00:00,200,92697.23,
2026-09-11T01:49:06.933537+00:00,200,40019.39,
2026-09-11T01:49:40.734397+00:00,200,6224.92,
2026-09-11T01:49:03.094711+00:00,200,43879.21,
2026-09-11T01:49:31.984357+00:00,200,15005.81,
2026-09-11T01:49:35.838926+00:00,200,11158.48,
2026-09-11T01:49:16.468810+00:00,200,30538.85,
2026-09-11T01:49:38.485187+00:00,200,8548.33,
2026-09-11T01:49:45.423710+00:00,200,1611.07,
2026-09-11T01:49:20.231985+00:00,200,26811.46,
2026-09-11T01:49:45.746823+00:00,200,1321.30,
2026-09-11T01:49:39.178485+00:00,200,7900.57,
2026-09-11T01:49:25.250975+00:00,200,21833.11,
2026-09-11T01:49:01.131410+00:00,200,45952.99,
2026-09-11T01:48:54.902646+00:00,200,52207.35,
2026-09-11T01:49:27.043905+00:00,200,20070.19,
2026-09-11T01:48:53.391088+00:00,200,53718.61,
2026-09-11T01:49:46.892537+00:00,200,252.32,
2026-09-11T01:49:27.413275+00:00,200,19731.78,
2026-09-11T01:49:34.824567+00:00,200,12355.20,
2026-09-11T01:49:29.919836+00:00,200,17268.29,
2026-09-11T01:49:41.092119+00:00,200,6097.29,
2026-09-11T01:49:33.016268+00:00,200,14195.29,
2026-09-11T01:48:51.774956+00:00,200,55434.84,
2026-09-11T01:49:27.375212+00:00,200,19868.16,
2026-09-11T01:48:50.213165+00:00,200,57037.66,
2026-09-11T01:49:10.598504+00:00,200,36672.95,
2026-09-11T01:49:25.218338+00:00,200,22118.10,
2026-09-11T01:49:10.942762+00:00,200,36420.48,
2026-09-11T01:49:06.187676+00:00,200,41187.24,
2026-09-11T01:49:21.714996+00:00,200,25665.59,
2026-09-11T01:49:36.686386+00:00,200,10721.22,
2026-09-11T01:48:58.126502+00:00,200,49278.66,
2026-09-11T01:49:20.578913+00:00,200,26832.25,
2026-09-11T01:49:33.625393+00:00,200,13803.44,
2026-09-11T01:49:41.271415+00:00,200,6163.61,
2026-09-11T01:49:29.818945+00:00,200,17619.60,
2026-09-11T01:49:14.680084+00:00,200,32772.58,
2026-09-11T01:49:17.069221+00:00,200,30384.47,
2026-09-11T01:48:28.724936+00:00,200,78725.41,
2026-09-11T01:49:25.360883+00:00,200,22108.54,
2026-09-11T01:49:06.093318+00:00,200,41377.85,
2026-09-11T01:48:39.181713+00:00,200,68296.69,
2026-09-11T01:48:59.289407+00:00,200,48192.10,
2026-09-11T01:49:38.830626+00:00,200,8655.88,
2026-09-11T01:49:35.531724+00:00,200,11944.98,
2026-09-11T01:49:38.421720+00:00,200,9072.95,
2026-09-11T01:48:04.064642+00:00,200,103428.05,
2026-09-11T01:49:32.116035+00:00,200,15390.73,
2026-09-11T01:49:30.952330+00:00,200,16565.99,
2026-09-11T01:49:40.940459+00:00,200,6578.92,
2026-09-11T01:49:12.392481+00:00,200,35153.11,
2026-09-11T01:49:37.614986+00:00,200,9932.44,
2026-09-11T01:49:01.189000+00:00,200,46389.02,
2026-09-11T01:49:40.028557+00:00,200,7550.34,
2026-09-11T01:49:35.000018+00:00,200,12596.08,
2026-09-11T01:48:58.141302+00:00,200,49493.20,
2026-09-11T01:49:28.858796+00:00,200,18789.62,
2026-09-11T01:49:31.747255+00:00,200,15947.35,
2026-09-11T01:48:25.826296+00:00,200,81867.77,
2026-09-11T01:49:25.411801+00:00,200,22334.02,
2026-09-11T01:49:39.791928+00:00,200,7963.67,
2026-09-11T01:49:35.987929+00:00,200,11807.83,
2026-09-11T01:49:35.332849+00:00,200,12478.17,
2026-09-11T01:49:44.494498+00:00,200,3330.82,
2026-09-11T01:49:04.390446+00:00,200,43440.14,
2026-09-11T01:49:16.448736+00:00,200,31400.03,
2026-09-11T01:48:51.788691+00:00,200,56058.33,
2026-09-11T01:49:19.732118+00:00,200,28145.06,
2026-09-11T01:48:42.415933+00:00,200,65456.69,
2026-09-11T01:49:01.042842+00:00,200,46843.51,
2026-09-11T01:49:28.258591+00:00,200,19659.59,
2026-09-11T01:49:42.340849+00:00,200,5599.60,
2026-09-11T01:49:27.576803+00:00,200,20379.42,
2026-09-11T01:49:45.169141+00:00,200,2790.30,
2026-09-11T01:48:01.245413+00:00,200,106748.91,
2026-09-11T01:48:59.814464+00:00,200,48181.76,
2026-09-11T01:49:46.245123+00:00,200,1749.37,
2026-09-11T01:49:43.906052+00:00,200,4117.04,
2026-09-11T01:49:25.472390+00:00,200,22552.48,
2026-09-11T01:49:07.666068+00:00,200,40364.20,
2026-09-11T01:49:43.153952+00:00,200,4910.85,
2026-09-11T01:49:07.247355+00:00,200,40827.58,
2026-09-11T01:49:08.881968+00:00,200,39192.68,
2026-09-11T01:49:10.410394+00:00,200,37718.96,
2026-09-11T01:49:37.667856+00:00,200,10483.74,
2026-09-11T01:49:41.047265+00:00,200,7106.58,
2026-09-11T01:48:46.813939+00:00,200,61343.21,
2026-09-11T01:48:25.710724+00:00,200,82462.32,
2026-09-11T01:49:44.002134+00:00,200,4173.46,
2026-09-11T01:49:27.685487+00:00,200,20500.43,
2026-09-11T01:49:18.503871+00:00,200,29695.01,
2026-09-11T01:48:51.423888+00:00,200,56802.98,
2026-09-11T01:48:40.064685+00:00,200,68181.66,
2026-09-11T01:49:43.998409+00:00,200,4252.32,
2026-09-11T01:49:01.512290+00:00,200,46745.23,
2026-09-11T01:49:03.829306+00:00,200,44455.78,
2026-09-11T01:49:14.610985+00:00,200,33719.05,
2026-09-11T01:49:33.710670+00:00,200,14624.00,
2026-09-11T01:49:29.824432+00:00,200,18523.33,
2026-09-11T01:49:39.136937+00:00,200,9219.71,
2026-09-11T01:48:42.975312+00:00,200,65387.03,
2026-09-11T01:48:43.959446+00:00,200,64401.26,
2026-09-11T01:48:58.968320+00:00,200,49405.86,
2026-09-11T01:49:00.472738+00:00,200,47903.85,
2026-09-11T01:49:19.601631+00:00,200,28789.79,
2026-09-11T01:49:39.373285+00:00,200,9023.39,
2026-09-11T01:49:11.958857+00:00,200,36445.75,
2026-09-11T01:49:44.653475+00:00,200,3784.88,
2026-09-11T01:48:29.966550+00:00,200,78465.79,
2026-09-11T01:49:29.749393+00:00,200,18706.13,
2026-09-11T01:49:40.734397+00:00,200,7725.13,
2026-09-11T01:48:50.171131+00:00,200,58298.53,
2026-09-11T01:47:41.437904+00:00,200,127034.28,
2026-09-11T01:49:30.843752+00:00,200,17636.60,
2026-09-11T01:49:18.507620+00:00,200,29984.46,
2026-09-11T01:48:54.266998+00:00,200,54222.71,
2026-09-11T01:48:02.641464+00:00,200,105863.09,
2026-09-11T01:49:04.559096+00:00,200,43950.65,
2026-09-11T01:49:44.418652+00:00,200,4108.27,
2026-09-11T01:49:39.385325+00:00,200,9152.64,
2026-09-11T01:49:17.359794+00:00,200,31174.21,
2026-09-11T01:48:53.089785+00:00,200,55461.45,
2026-09-11T01:49:11.766333+00:00,200,36797.14,
2026-09-11T01:47:56.644412+00:00,200,111923.17,
2026-09-11T01:49:30.194833+00:00,200,18423.39,
2026-09-11T01:49:32.650381+00:00,200,15967.99,
2026-09-11T01:49:33.902967+00:00,200,14725.01,
2026-09-11T01:49:06.807211+00:00,200,41821.68,
2026-09-11T01:49:03.673742+00:00,200,44971.00,
2026-09-11T01:49:32.073224+00:00,200,16585.61,
2026-09-11T01:49:36.725881+00:00,200,11936.48,
2026-09-11T01:48:25.587971+00:00,200,83084.04,
2026-09-11T01:49:25.214326+00:00,200,23464.06,
2026-09-11T01:49:17.123721+00:00,200,31555.95,
2026-09-11T01:49:03.386375+00:00,200,45328.08,
2026-09-11T01:49:30.393676+00:00,200,18335.43,
2026-09-11T01:49:38.217732+00:00,200,10529.62,
2026-09-11T01:48:24.834694+00:00,200,83911.93,
2026-09-11T01:49:15.048633+00:00,200,33709.19,
2026-09-11T01:48:05.587836+00:00,200,103167.65,
2026-09-11T01:49:15.797701+00:00,200,32957.10,
2026-09-11T01:49:37.842847+00:00,200,10923.93,
2026-09-11T01:49:06.931531+00:00,200,41884.71,
2026-09-11T01:48:24.037543+00:00,200,84774.89,
2026-09-11T01:49:15.596610+00:00,200,33224.88,
2026-09-11T01:47:57.014933+00:00,200,111815.18,
2026-09-11T01:49:34.471668+00:00,200,14359.99,
2026-09-11T01:48:56.673755+00:00,200,52168.62,
2026-09-11T01:49:25.659988+00:00,200,23207.66,
2026-09-11T01:49:13.041038+00:00,200,35852.71,
2026-09-11T01:49:34.685259+00:00,200,14228.00,
2026-09-11T01:49:15.725197+00:00,200,33193.68,
2026-09-11T01:49:25.474394+00:00,200,23445.44,
2026-09-11T01:49:30.336313+00:00,200,18583.98,
2026-09-11T01:49:21.124443+00:00,200,27831.39,
2026-09-11T01:49:38.092391+00:00,200,10891.62,
2026-09-11T01:48:33.685930+00:00,200,75301.09,
2026-09-11T01:48:30.736004+00:00,200,78262.62,
2026-09-11T01:49:02.430300+00:00,200,46575.31,
2026-09-11T01:49:10.747943+00:00,200,38264.46,
2026-09-11T01:49:37.197601+00:00,200,11817.58,
2026-09-11T01:49:35.503991+00:00,200,13515.43,
2026-09-11T01:49:44.277400+00:00,200,4787.87,
2026-09-11T01:48:54.105881+00:00,200,54966.23,
2026-09-11T01:49:12.046212+00:00,200,37040.19,
2026-09-11T01:49:03.140285+00:00,200,45968.85,
2026-09-11T01:49:05.761657+00:00,200,43353.44,
2026-09-11T01:49:43.472694+00:00,200,5644.20,
2026-09-11T01:49:34.895712+00:00,200,14227.52,
2026-09-11T01:49:41.352762+00:00,200,7784.11,
2026-09-11T01:47:35.042429+00:00,200,134105.78,
2026-09-11T01:49:27.524295+00:00,200,21644.50,
2026-09-11T01:49:36.506137+00:00,200,12677.69,
2026-09-11T01:49:31.275149+00:00,200,17911.98,
2026-09-11T01:48:13.815367+00:00,200,95376.11,
2026-09-11T01:48:35.730903+00:00,200,73466.89,
2026-09-11T01:49:19.643105+00:00,200,29559.00,
2026-09-11T01:48:36.990814+00:00,200,72229.40,
2026-09-11T01:48:17.107671+00:00,200,92121.16,
2026-09-11T01:49:37.878258+00:00,200,11360.03,
2026-09-11T01:49:14.400204+00:00,200,34850.83,
2026-09-11T01:49:43.311849+00:00,200,5947.61,
2026-09-11T01:49:13.174538+00:00,200,36102.13,
2026-09-11T01:49:29.405297+00:00,200,19883.38,
2026-09-11T01:49:43.496666+00:00,200,5815.46,
2026-09-11T01:48:56.598212+00:00,200,52730.13,
2026-09-11T01:49:37.572002+00:00,200,11765.40,
2026-09-11T01:49:39.791928+00:00,200,9542.91,
2026-09-11T01:49:05.873117+00:00,200,43495.67,
2026-09-11T01:49:34.247840+00:00,200,15136.16,
2026-09-11T01:48:52.993285+00:00,200,56404.81,
2026-09-11T01:48:46.633392+00:00,200,62801.61,
2026-09-11T01:48:14.671307+00:00,200,94761.92,
2026-09-11T01:49:21.214013+00:00,200,28254.94,
2026-09-11T01:49:42.896004+00:00,200,6567.14,
2026-09-11T01:49:34.856684+00:00,200,14615.24,
2026-09-11T01:49:39.321448+00:00,200,10160.24,
2026-09-11T01:48:35.824393+00:00,200,73668.82,
2026-09-11T01:48:29.942158+00:00,200,79568.42,
2026-09-11T01:49:31.391887+00:00,200,18122.13,
2026-09-11T01:49:35.766380+00:00,200,13760.15,
2026-09-11T01:49:02.192370+00:00,200,47342.47,
2026-09-11T01:49:22.170029+00:00,200,27372.87,
2026-09-11T01:49:15.682139+00:00,200,33877.91,
2026-09-11T01:48:41.315203+00:00,200,68286.88,
2026-09-11T01:49:13.560099+00:00,200,36072.26,
2026-09-11T01:49:46.154766+00:00,200,3485.05,
2026-09-11T01:49:16.990501+00:00,200,32648.28,
2026-09-11T01:48:16.861128+00:00,200,92822.91,
2026-09-11T01:48:28.213398+00:00,200,81481.23,
2026-09-11T01:49:09.869504+00:00,200,39828.52,
2026-09-11T01:49:34.933822+00:00,200,14755.50,
2026-09-11T01:49:42.984248+00:00,200,6721.87,
2026-09-11T01:49:40.369974+00:00,200,9338.67,
2026-09-11T01:48:21.806526+00:00,200,87909.00,
2026-09-11T01:49:27.569269+00:00,200,22147.05,
2026-09-11T01:49:26.136147+00:00,200,23583.08,
2026-09-11T01:49:20.625734+00:00,200,29101.76,
2026-09-11T01:48:50.772345+00:00,200,58972.38,
2026-09-11T01:49:09.906144+00:00,200,39846.56,
2026-09-11T01:49:43.403919+00:00,200,6355.66,
2026-09-11T01:49:35.719088+00:00,200,14044.80,
2026-09-11T01:49:18.716203+00:00,200,31076.19,
2026-09-11T01:49:08.210336+00:00,200,41593.39,
2026-09-11T01:48:17.156679+00:00,200,92657.32,
2026-09-11T01:49:32.539118+00:00,200,17291.26,
2026-09-11T01:48:53.523126+00:00,200,56309.41,
2026-09-11T01:49:04.338753+00:00,200,45500.53,
2026-09-11T01:49:39.764477+00:00,200,10110.98,
2026-09-11T01:49:42.354433+00:00,200,7522.30,
2026-09-11T01:49:11.172224+00:00,200,38705.95,
2026-09-11T01:48:32.077456+00:00,200,77811.00,
2026-09-11T01:48:55.515960+00:00,200,54372.71,
2026-09-11T01:48:37.249676+00:00,200,72717.72,
2026-09-11T01:49:13.119018+00:00,200,36875.29,
2026-09-11T01:49:38.941581+00:00,200,11053.07,
2026-09-11T01:48:52.826103+00:00,200,57171.40,
2026-09-11T01:49:38.048106+00:00,200,11955.60,
2026-09-11T01:48:55.967152+00:00,200,54032.97,
2026-09-11T01:49:37.331945+00:00,200,12674.28,
2026-09-11T01:49:43.067243+00:00,200,6942.19,
2026-09-11T01:47:35.926886+00:00,200,134084.09,
2026-09-11T01:49:04.559096+00:00,200,45452.99,
2026-09-11T01:49:10.859336+00:00,200,39155.58,
2026-09-11T01:49:12.476392+00:00,200,37547.69,
2026-09-11T01:49:25.888227+00:00,200,24143.30,
2026-09-11T01:49:40.688426+00:00,200,9378.79,
2026-09-11T01:48:22.171464+00:00,200,87913.09,
2026-09-11T01:49:03.611502+00:00,200,46472.91,
2026-09-11T01:49:40.617127+00:00,200,9475.95,
2026-09-11T01:48:34.180202+00:00,200,75928.06,
2026-09-11T01:49:42.746485+00:00,200,7397.88,
2026-09-11T01:49:05.764840+00:00,200,44389.37,
2026-09-11T01:49:42.817948+00:00,200,7340.24,
2026-09-11T01:49:35.134952+00:00,200,15036.69,
2026-09-11T01:49:45.489448+00:00,200,4683.44,
2026-09-11T01:48:52.615563+00:00,200,57573.60,
2026-09-11T01:48:19.123694+00:00,200,91076.31,
2026-09-11T01:49:41.131091+00:00,200,9090.38,
2026-09-11T01:49:02.061644+00:00,200,48175.11,
2026-09-11T01:49:25.153535+00:00,200,25079.89,
2026-09-11T01:49:37.506724+00:00,200,12757.95,
2026-09-11T01:49:33.554393+00:00,200,16712.40,
2026-09-11T01:48:51.842163+00:00,200,58434.19,
2026-09-11T01:49:05.232718+00:00,200,45084.20,
2026-09-11T01:49:33.881606+00:00,200,16495.92,
2026-09-11T01:49:31.755543+00:00,200,18627.13,
2026-09-11T01:49:22.234119+00:00,200,28169.51,
2026-09-11T01:49:32.605205+00:00,200,17800.31,
2026-09-11T01:49:24.271779+00:00,200,26138.62,
2026-09-11T01:49:45.087052+00:00,200,5339.65,
2026-09-11T01:49:31.583958+00:00,200,18853.04,
2026-09-11T01:48:58.204738+00:00,200,52255.55,
2026-09-11T01:49:18.268380+00:00,200,32211.43,
2026-09-11T01:49:05.948165+00:00,200,44537.91,
2026-09-11T01:48:19.272961+00:00,200,91230.71,
2026-09-11T01:49:27.279735+00:00,200,23239.14,
2026-09-11T01:49:46.451861+00:00,200,4068.50,
2026-09-11T01:48:46.704860+00:00,200,63806.51,
2026-09-11T01:49:21.182298+00:00,200,29373.62,
2026-09-11T01:48:38.789505+00:00,200,71767.91,
2026-09-11T01:47:42.306590+00:00,200,128260.76,
2026-09-11T01:49:30.706402+00:00,200,19867.77,
2026-09-11T01:49:14.156125+00:00,200,36435.37,
2026-09-11T01:49:45.993279+00:00,200,4643.05,
2026-09-11T01:49:15.628626+00:00,200,35032.27,
2026-09-11T01:49:46.222547+00:00,200,4445.61,
2026-09-11T01:49:15.797701+00:00,200,34863.47,
2026-09-11T01:49:25.978814+00:00,200,24695.34,
2026-09-11T01:49:04.118886+00:00,200,46557.14,
2026-09-11T01:49:06.901318+00:00,200,43781.29,
2026-09-11T01:49:28.854612+00:00,200,21835.12,
2026-09-11T01:49:34.998012+00:00,200,15702.65,
2026-09-11T01:49:34.249845+00:00,200,16461.43,
2026-09-11T01:49:40.853738+00:00,200,9878.82,
2026-09-11T01:48:56.822650+00:00,200,53908.75,
2026-09-11T01:49:27.454116+00:00,200,23298.17,
2026-09-11T01:49:43.710213+00:00,200,7066.71,
2026-09-11T01:49:29.219656+00:00,200,21558.62,
2026-09-11T01:49:29.392260+00:00,200,21393.95,
2026-09-11T01:49:05.428884+00:00,200,45362.89,
2026-09-11T01:49:41.398687+00:00,200,9396.68,
2026-09-11T01:49:01.594187+00:00,200,49203.88,
2026-09-11T01:49:09.463070+00:00,200,41339.47,
2026-09-11T01:49:06.438439+00:00,200,44397.52,
2026-09-11T01:48:54.747511+00:00,200,56077.58,
2026-09-11T01:49:40.747086+00:00,200,10097.58,
2026-09-11T01:49:45.463061+00:00,200,5381.63,
2026-09-11T01:49:45.255109+00:00,200,5591.29,
2026-09-11T01:49:07.520688+00:00,200,43344.83,
2026-09-11T01:49:32.694683+00:00,200,18199.47,
2026-09-11T01:49:46.458886+00:00,200,4441.20,
2026-09-11T01:49:40.936892+00:00,200,9984.69,
2026-09-11T01:48:47.351804+00:00,200,63602.24,
2026-09-11T01:49:10.961272+00:00,200,40006.11,
2026-09-11T01:49:46.424080+00:00,200,4561.49,
2026-09-11T01:49:21.883899+00:00,200,29126.16,
2026-09-11T01:49:46.045769+00:00,200,4972.65,
2026-09-11T01:47:57.099709+00:00,200,113928.51,
2026-09-11T01:49:33.972387+00:00,200,17080.23,
2026-09-11T01:49:12.901380+00:00,200,38158.16,
2026-09-11T01:49:30.388662+00:00,200,20697.32,
2026-09-11T01:49:13.912742+00:00,200,37181.19,
2026-09-11T01:48:46.513962+00:00,200,64585.58,
2026-09-11T01:49:32.268798+00:00,200,18844.42,
2026-09-11T01:49:09.668816+00:00,200,41454.99,
2026-09-11T01:49:21.439862+00:00,200,29686.68,
2026-09-11T01:49:30.542926+00:00,200,20591.74,
2026-09-11T01:49:13.384273+00:00,200,37753.37,
2026-09-11T01:49:15.559286+00:00,200,35584.39,
2026-09-11T01:49:41.887270+00:00,200,9275.44,
2026-09-11T01:49:45.100419+00:00,200,6081.45,
2026-09-11T01:48:22.522308+00:00,200,88691.57,
2026-09-11T01:48:53.237535+00:00,200,58017.06,
2026-09-11T01:49:20.740816+00:00,200,30518.37,
2026-09-11T01:49:10.702244+00:00,200,40575.83,
2026-09-11T01:49:30.153191+00:00,200,21148.11,
2026-09-11T01:49:44.601745+00:00,200,6709.88,
2026-09-11T01:48:24.137228+00:00,200,87181.89,
2026-09-11T01:49:16.086932+00:00,200,35244.07,
2026-09-11T01:49:38.414625+00:00,200,12932.25,
2026-09-11T01:48:52.475970+00:00,200,58875.46,
2026-09-11T01:49:23.857410+00:00,200,27498.12,
2026-09-11T01:49:46.519516+00:00,200,4853.01,
2026-09-11T01:49:32.514104+00:00,200,18868.91,
2026-09-11T01:48:57.945536+00:00,200,53458.12,
2026-09-11T01:49:36.194295+00:00,200,15232.80,
2026-09-11T01:48:45.418424+00:00,200,66036.31,
2026-09-11T01:49:41.318842+00:00,200,10139.06,
2026-09-11T01:48:59.065835+00:00,200,52384.48,
2026-09-11T01:49:42.878140+00:00,200,8586.80,
2026-09-11T01:48:47.314823+00:00,200,64181.67,
2026-09-11T01:48:54.858307+00:00,200,56642.36,
2026-09-11T01:48:50.892406+00:00,200,60615.21,
2026-09-11T01:48:52.713077+00:00,200,58796.20,
2026-09-11T01:49:39.958662+00:00,200,11557.26,
2026-09-11T01:48:03.051728+00:00,200,108468.44,
2026-09-11T01:49:39.284347+00:00,200,12248.30,
2026-09-11T01:49:31.023572+00:00,200,20532.73,
2026-09-11T01:49:42.531080+00:00,200,9029.92,
2026-09-11T01:49:46.388861+00:00,200,5184.62,
2026-09-11T01:49:20.069598+00:00,200,31515.86,
2026-09-11T01:49:13.812258+00:00,200,37783.46,
2026-09-11T01:49:30.076213+00:00,200,21521.46,
2026-09-11T01:49:00.145999+00:00,200,51459.59,
2026-09-11T01:49:23.575536+00:00,200,28048.03,
2026-09-11T01:49:27.267586+00:00,200,24390.26,
2026-09-11T01:49:08.357203+00:00,200,43312.88,
2026-09-11T01:49:09.029597+00:00,200,42691.70,
2026-09-11T01:49:10.333488+00:00,200,41413.37,
2026-09-11T01:49:08.241386+00:00,200,43517.32,
2026-09-11T01:49:44.653475+00:00,200,7128.53,
2026-09-11T01:49:10.394713+00:00,200,41385.25,
2026-09-11T01:48:52.259194+00:00,200,59545.31,
2026-09-11T01:49:16.355427+00:00,200,35461.21,
2026-09-11T01:49:28.763184+00:00,200,23059.57,
2026-09-11T01:48:25.970769+00:00,200,85855.16,
2026-09-11T01:49:01.038815+00:00,200,50797.69,
2026-09-11T01:49:26.187461+00:00,200,25685.33,
2026-09-11T01:49:34.994379+00:00,200,16881.46,
2026-09-11T01:49:09.795019+00:00,200,42082.09,
2026-09-11T01:49:23.986157+00:00,200,27901.38,
2026-09-11T01:49:42.670277+00:00,200,9218.12,
2026-09-11T01:49:42.016701+00:00,200,9912.92,
2026-09-11T01:49:12.728572+00:00,200,39208.55,
2026-09-11T01:48:58.233980+00:00,200,53715.23,
2026-09-11T01:48:23.904282+00:00,200,88040.89,
2026-09-11T01:48:49.880736+00:00,200,62071.61,
2026-09-11T01:49:20.501192+00:00,200,31463.69,
2026-09-11T01:48:43.071520+00:00,200,68891.33,
2026-09-11T01:48:35.485953+00:00,200,76479.97,
2026-09-11T01:49:00.975897+00:00,200,51011.18,
2026-09-11T01:49:44.991385+00:00,200,7022.18,
2026-09-11T01:49:05.078308+00:00,200,46931.96,
2026-09-11T01:48:57.804211+00:00,200,54211.86,
2026-09-11T01:49:08.354577+00:00,200,43682.45,
2026-09-11T01:48:42.289001+00:00,200,69758.77,
2026-09-11T01:47:42.642165+00:00,200,129415.92,
2026-09-11T01:49:34.116516+00:00,200,17951.47,
2026-09-11T01:49:39.249979+00:00,200,12839.75,
2026-09-11T01:49:33.327224+00:00,200,18796.26,
2026-09-11T01:49:40.004901+00:00,200,12142.38,
2026-09-11T01:49:43.716230+00:00,200,8444.56,
2026-09-11T01:49:44.468122+00:00,200,7740.59,
2026-09-11T01:49:27.405253+00:00,200,24846.03,
2026-09-11T01:49:05.729497+00:00,200,46524.19,
2026-09-11T01:49:14.528847+00:00,200,37732.11,
2026-09-11T01:49:34.398469+00:00,200,17864.95,
2026-09-11T01:49:00.370055+00:00,200,51895.55,
2026-09-11T01:49:20.854724+00:00,200,31437.09,
2026-09-11T01:48:59.660167+00:00,200,52635.73,
2026-09-11T01:49:44.075152+00:00,200,8238.37,
2026-09-11T01:48:26.398632+00:00,200,85912.81,
2026-09-11T01:48:46.529401+00:00,200,65802.28,
2026-09-11T01:49:44.002134+00:00,200,8321.49,
2026-09-11T01:49:44.530241+00:00,200,7815.67,
2026-09-11T01:49:34.773558+00:00,200,17597.08,
2026-09-11T01:49:37.407375+00:00,200,14968.80,
2026-09-11T01:49:25.580794+00:00,200,26800.50,
2026-09-11T01:49:39.233235+00:00,200,13169.82,
2026-09-11T01:49:44.002134+00:00,200,8416.15,
2026-09-11T01:49:43.424976+00:00,200,9005.16,
2026-09-11T01:49:33.361984+00:00,200,19105.32,
2026-09-11T01:48:16.954420+00:00,200,95520.39,
2026-09-11T01:48:27.143199+00:00,200,85343.69,
2026-09-11T01:48:56.528950+00:00,200,55962.83,
2026-09-11T01:49:33.818387+00:00,200,18683.82,
2026-09-11T01:49:35.998033+00:00,200,16507.25,
2026-09-11T01:49:30.499657+00:00,200,22013.23,
2026-09-11T01:49:18.718208+00:00,200,33801.66,
2026-09-11T01:49:41.101697+00:00,200,11420.78,
2026-09-11T01:48:47.856581+00:00,200,64665.01,
2026-09-11T01:49:41.800933+00:00,200,10721.63,
2026-09-11T01:48:47.747638+00:00,200,64813.19,
2026-09-11T01:49:28.252574+00:00,200,24314.09,
2026-09-11T01:49:41.682959+00:00,200,10887.36,
2026-09-11T01:49:44.253035+00:00,200,8318.48,
2026-09-11T01:49:45.817128+00:00,200,6757.47,
2026-09-11T01:49:19.422409+00:00,200,33161.99,
2026-09-11T01:49:46.260857+00:00,200,6355.82,
2026-09-11T01:49:42.583663+00:00,200,10031.78,
2026-09-11T01:49:46.509296+00:00,200,6110.55,
2026-09-11T01:49:41.966778+00:00,200,10675.22,
2026-09-11T01:48:04.846544+00:00,200,107834.11,
2026-09-11T01:48:09.959962+00:00,200,102719.09,
2026-09-11T01:49:44.186604+00:00,200,8544.50,
2026-09-11T01:48:53.723660+00:00,200,59013.13,
2026-09-11T01:49:27.706370+00:00,200,25064.37,
2026-09-11T01:49:37.596328+00:00,200,15180.74,
2026-09-11T01:48:06.787029+00:00,200,105999.54,
2026-09-11T01:49:07.685443+00:00,200,45124.33,
2026-09-11T01:49:23.457829+00:00,200,29352.03,
2026-09-11T01:49:00.923825+00:00,200,51887.78,
2026-09-11T01:48:34.066424+00:00,200,78746.11,
2026-09-11T01:47:55.737058+00:00,200,117082.72,
2026-09-11T01:49:44.033130+00:00,200,8794.82,
2026-09-11T01:49:12.567037+00:00,200,40273.11,
2026-09-11T01:49:11.667934+00:00,200,41182.76,
2026-09-11T01:48:52.844743+00:00,200,60007.65,
2026-09-11T01:49:33.519492+00:00,200,19348.24,
2026-09-11T01:49:44.991982+00:00,200,7884.88,
2026-09-11T01:49:06.530952+00:00,200,46361.88,
2026-09-11T01:49:22.450848+00:00,200,30447.75,
2026-09-11T01:49:05.318605+00:00,200,47580.35,
2026-09-11T01:49:08.325195+00:00,200,44574.74,
2026-09-11T01:48:57.292476+00:00,200,55670.21,
2026-09-11T01:49:46.750195+00:00,200,6224.82,
2026-09-11T01:49:22.391296+00:00,200,30594.24,
2026-09-11T01:49:44.903760+00:00,200,8091.73,
2026-09-11T01:49:26.003833+00:00,200,26997.12,
2026-09-11T01:49:38.285142+00:00,200,14710.42,
2026-09-11T01:49:39.581136+00:00,200,13447.14,
2026-09-11T01:47:56.034006+00:00,200,116993.19,
2026-09-11T01:49:10.671873+00:00,200,42366.24,
2026-09-11T01:48:40.092724+00:00,200,72954.00,
2026-09-11T01:48:33.575975+00:00,200,79483.63,
2026-09-11T01:49:09.357187+00:00,200,43708.65,
2026-09-11T01:49:40.833878+00:00,200,12240.85,
2026-09-11T01:49:33.041237+00:00,200,20052.09,
2026-09-11T01:49:46.220541+00:00,200,6876.58,
2026-09-11T01:49:38.112787+00:00,200,14976.44,
2026-09-11T01:49:09.748286+00:00,200,43359.16,
2026-09-11T01:48:38.730601+00:00,200,74389.11,
2026-09-11T01:48:22.621892+00:00,200,90508.23,
2026-09-11T01:49:31.829645+00:00,200,21307.76,
2026-09-11T01:49:02.359173+00:00,200,50789.34,
2026-09-11T01:49:45.965238+00:00,200,7199.34,
2026-09-11T01:49:39.398453+00:00,200,13802.81,
2026-09-11T01:49:09.664801+00:00,200,43555.27,
2026-09-11T01:49:00.910862+00:00,200,52340.01,
2026-09-11T01:49:29.016619+00:00,200,24237.82,
2026-09-11T01:49:27.719946+00:00,200,25543.47,
2026-09-11T01:48:43.366521+00:00,200,69917.28,
2026-09-11T01:49:37.518820+00:00,200,15775.01,
2026-09-11T01:48:40.502813+00:00,200,72789.26,
2026-09-11T01:49:37.563972+00:00,200,15745.97,
2026-09-11T01:49:36.694435+00:00,200,16623.99,
2026-09-11T01:49:17.199316+00:00,200,36127.74,
2026-09-11T01:49:18.952070+00:00,200,34389.47,
2026-09-11T01:49:21.402499+00:00,200,31951.16,
2026-09-11T01:49:35.713514+00:00,200,17648.42,
2026-09-11T01:49:22.153681+00:00,200,31206.58,
2026-09-11T01:49:41.942052+00:00,200,11436.80,
2026-09-11T01:49:34.637517+00:00,200,18774.32,
2026-09-11T01:49:41.747518+00:00,200,11673.43,
2026-09-11T01:49:25.474394+00:00,200,27941.57,
2026-09-11T01:49:43.431997+00:00,200,10005.34,
2026-09-11T01:49:31.015804+00:00,200,22453.07,
2026-09-11T01:49:32.116035+00:00,200,21355.06,
2026-09-11T01:49:31.327309+00:00,200,22183.70,
2026-09-11T01:49:37.677890+00:00,200,15839.28,
2026-09-11T01:48:39.068751+00:00,200,74459.63,
2026-09-11T01:49:37.052013+00:00,200,16477.40,
2026-09-11T01:49:43.578229+00:00,200,9952.14,
2026-09-11T01:49:27.170735+00:00,200,26377.67,
2026-09-11T01:49:29.418729+00:00,200,24158.51,
2026-09-11T01:49:34.259874+00:00,200,19318.05,
2026-09-11T01:48:55.808446+00:00,200,57774.28,
2026-09-11T01:48:35.538224+00:00,200,78056.53,
2026-09-11T01:49:17.927096+00:00,200,35683.59,
2026-09-11T01:49:39.279263+00:00,200,14346.99,
2026-09-11T01:48:22.980441+00:00,200,90657.42,
2026-09-11T01:49:32.791280+00:00,200,20870.39,
2026-09-11T01:48:54.462114+00:00,200,59204.85,
2026-09-11T01:49:11.923564+00:00,200,41746.76,
2026-09-11T01:49:37.582167+00:00,200,16088.92,
2026-09-11T01:49:36.142688+00:00,200,17545.30,
2026-09-11T01:49:46.858594+00:00,200,6834.16,
2026-09-11T01:49:10.417188+00:00,200,43286.07,
2026-09-11T01:49:08.206321+00:00,200,45511.00,
2026-09-11T01:48:41.598730+00:00,200,72128.97,
2026-09-11T01:49:40.617127+00:00,200,13155.29,
2026-09-11T01:49:41.580262+00:00,200,12200.15,
2026-09-11T01:48:01.783360+00:00,200,112025.19,
2026-09-11T01:49:09.222501+00:00,200,44596.45,
2026-09-11T01:48:55.151936+00:00,200,58669.94,
2026-09-11T01:48:59.201591+00:00,200,54627.45,
2026-09-11T01:49:15.824985+00:00,200,38019.01,
2026-09-11T01:49:45.304510+00:00,200,8549.12,
2026-09-11T01:49:36.049777+00:00,200,17813.12,
2026-09-11T01:48:58.968320+00:00,200,54918.00,
2026-09-11T01:49:26.219251+00:00,200,27698.02,
2026-09-11T01:49:40.244380+00:00,200,13679.27,
2026-09-11T01:48:16.764709+00:00,200,97161.17,
2026-09-11T01:49:15.275907+00:00,200,38654.44,
2026-09-11T01:49:26.112357+00:00,200,27821.10,
2026-09-11T01:48:48.212472+00:00,200,65725.63,
2026-09-11T01:49:35.034312+00:00,200,18917.91,
2026-09-11T01:49:43.041621+00:00,200,10913.47,
2026-09-11T01:49:30.207765+00:00,200,23784.24,
2026-09-11T01:49:15.563654+00:00,200,38437.27,
2026-09-11T01:49:42.119809+00:00,200,11888.84,
2026-09-11T01:49:11.829847+00:00,200,42196.29,
2026-09-11T01:49:44.333407+00:00,200,9693.93,
2026-09-11T01:48:58.361597+00:00,200,55730.87,
2026-09-11T01:49:40.309940+00:00,200,13792.61,
2026-09-11T01:48:46.263267+00:00,200,67832.25,
2026-09-11T01:49:22.027159+00:00,200,32080.96,
2026-09-11T01:48:51.621057+00:00,200,62512.10,
2026-09-11T01:48:33.779943+00:00,200,80359.44,
2026-09-11T01:49:41.036698+00:00,200,13109.47,
2026-09-11T01:49:32.530225+00:00,200,21634.07,
2026-09-11T01:47:32.819425+00:00,200,141365.80,
2026-09-11T01:48:54.541542+00:00,200,59657.37,
2026-09-11T01:49:34.341320+00:00,200,19877.78,
2026-09-11T01:48:14.331349+00:00,200,99939.84,
2026-09-11T01:49:23.803668+00:00,200,30505.98,
2026-09-11T01:49:41.691511+00:00,200,12618.90,
2026-09-11T01:49:20.827771+00:00,200,33495.78,
2026-09-11T01:49:21.748535+00:00,200,32568.25,
2026-09-11T01:49:30.685807+00:00,200,23655.58,
2026-09-11T01:48:49.213760+00:00,200,65124.79,
2026-09-11T01:49:40.205123+00:00,200,14178.55,
2026-09-11T01:49:44.425177+00:00,200,9976.98,
2026-09-11T01:49:43.193330+00:00,200,11222.30,
2026-09-11T01:49:14.871684+00:00,200,39546.95,
2026-09-11T01:49:40.404799+00:00,200,14023.95,
2026-09-11T01:49:44.284432+00:00,200,10146.06,
2026-09-11T01:49:37.025514+00:00,200,17412.62,
2026-09-11T01:48:30.345145+00:00,200,84099.98,
2026-09-11T01:49:01.015763+00:00,200,53431.63,
2026-09-11T01:49:46.066833+00:00,200,8400.77,
2026-09-11T01:49:43.913148+00:00,200,10557.37,
2026-09-11T01:48:39.631695+00:00,200,74849.81,
2026-09-11T01:48:58.401277+00:00,200,56085.00,
2026-09-11T01:49:30.649154+00:00,200,23839.98,
2026-09-11T01:49:39.578125+00:00,200,14910.60,
2026-09-11T01:49:04.122895+00:00,200,50384.47,
2026-09-11T01:49:46.670562+00:00,200,7830.07,
2026-09-11T01:49:35.567311+00:00,200,18960.35,
2026-09-11T01:48:43.986606+00:00,200,70563.29,
2026-09-11T01:49:21.886329+00:00,200,32670.44,
2026-09-11T01:48:51.736433+00:00,200,62840.33,
2026-09-11T01:49:20.882411+00:00,200,33709.17,
2026-09-11T01:49:38.858202+00:00,200,15788.43,
2026-09-11T01:49:41.507694+00:00,200,13144.94,
2026-09-11T01:48:41.114704+00:00,200,73535.87,
2026-09-11T01:49:38.903810+00:00,200,15771.63,
2026-09-11T01:49:21.986692+00:00,200,32693.59,
2026-09-11T01:47:51.812382+00:00,200,122874.27,
2026-09-11T01:49:03.355627+00:00,200,51329.91,
2026-09-11T01:49:11.644135+00:00,200,43050.16,
2026-09-11T01:48:28.279284+00:00,200,86421.15,
2026-09-11T01:49:40.061346+00:00,200,14639.88,
2026-09-11T01:49:04.015407+00:00,200,50688.13,
2026-09-11T01:49:27.929704+00:00,200,26777.26,
2026-09-11T01:49:24.706662+00:00,200,30016.78,
2026-09-11T01:49:37.580646+00:00,200,17146.26,
2026-09-11T01:49:29.979076+00:00,200,24770.24,
2026-09-11T01:49:44.626814+00:00,200,10134.03,
2026-09-11T01:48:57.308430+00:00,200,57458.00,
2026-09-11T01:49:23.030142+00:00,200,31770.72,
2026-09-11T01:49:03.197283+00:00,200,51605.62,
2026-09-11T01:49:37.315428+00:00,200,17519.36,
2026-09-11T01:48:28.081968+00:00,200,86794.54,
2026-09-11T01:49:31.411209+00:00,200,23465.90,
2026-09-11T01:48:42.289001+00:00,200,72586.48,
2026-09-11T01:49:13.347497+00:00,200,41538.96,
2026-09-11T01:48:45.021235+00:00,200,69872.36,
2026-09-11T01:49:36.328892+00:00,200,18568.39,
2026-09-11T01:49:39.666449+00:00,200,15261.93,
2026-09-11T01:49:34.478794+00:00,200,20450.68,
2026-09-11T01:49:00.327552+00:00,200,54614.34,
2026-09-11T01:48:52.583093+00:00,200,62377.55,
2026-09-11T01:48:49.233878+00:00,200,65744.95,
2026-09-11T01:49:15.797701+00:00,200,39174.95,
2026-09-11T01:49:36.116436+00:00,200,18869.15,
2026-09-11T01:48:50.159930+00:00,200,64827.10,
2026-09-11T01:49:35.419264+00:00,200,19572.57,
2026-09-11T01:49:43.113835+00:00,200,11884.66,
2026-09-11T01:49:29.346316+00:00,200,25666.02,
2026-09-11T01:49:28.589105+00:00,200,26474.72,
2026-09-11T01:49:20.648117+00:00,200,34419.75,
2026-09-11T01:49:20.682257+00:00,200,34402.27,
2026-09-11T01:48:37.952502+00:00,200,77132.65,
2026-09-11T01:49:00.038083+00:00,200,55063.77,
2026-09-11T01:49:03.256225+00:00,200,51849.00,
2026-09-11T01:49:16.495698+00:00,200,38621.52,
2026-09-11T01:49:14.523310+00:00,200,40617.72,
2026-09-11T01:49:13.282150+00:00,200,41869.54,
2026-09-11T01:48:50.780661+00:00,200,64392.15,
2026-09-11T01:49:45.953227+00:00,200,9243.50,
2026-09-11T01:49:36.270774+00:00,200,18952.26,
2026-09-11T01:49:12.957478+00:00,200,42268.57,
2026-09-11T01:49:00.311978+00:00,200,54916.60,
2026-09-11T01:48:29.719243+00:00,200,85524.16,
2026-09-11T01:48:58.643327+00:00,200,56601.53,
2026-09-11T01:49:39.900280+00:00,200,15353.67,
2026-09-11T01:48:24.310030+00:00,200,90958.48,
2026-09-11T01:49:37.199606+00:00,200,18083.60,
2026-09-11T01:49:29.957469+00:00,200,25333.75,
2026-09-11T01:49:04.816248+00:00,200,50483.96,
2026-09-11T01:49:29.533500+00:00,200,25771.20,
2026-09-11T01:49:41.800427+00:00,200,13504.81,
2026-09-11T01:49:41.870431+00:00,200,13437.12,
2026-09-11T01:49:04.098847+00:00,200,51209.22,
2026-09-11T01:49:26.080670+00:00,200,29230.15,
2026-09-11T01:49:40.359704+00:00,200,14955.21,
2026-09-11T01:49:34.502589+00:00,200,20813.97,
2026-09-11T01:49:41.177132+00:00,200,14147.58,
2026-09-11T01:49:22.511902+00:00,200,32813.00,
2026-09-11T01:49:36.998186+00:00,200,18322.73,
2026-09-11T01:48:21.446881+00:00,200,93878.75,
2026-09-11T01:48:57.115569+00:00,200,58210.44,
2026-09-11T01:49:17.799219+00:00,200,37545.36,
2026-09-11T01:49:36.072138+00:00,200,19288.05,
2026-09-11T01:49:46.845022+00:00,200,8514.23,
2026-09-11T01:49:28.139696+00:00,200,27220.33,
2026-09-11T01:48:37.024725+00:00,200,78333.76,
2026-09-11T01:49:02.797951+00:00,200,52563.12,
2026-09-11T01:49:33.275116+00:00,200,22088.39,
2026-09-11T01:49:15.630631+00:00,200,39733.13,
2026-09-11T01:47:32.855892+00:00,200,142509.36,
2026-09-11T01:49:31.083355+00:00,200,24282.33,
2026-09-11T01:49:40.448684+00:00,200,14916.12,
2026-09-11T01:48:41.846975+00:00,200,73517.18,
2026-09-11T01:49:04.686080+00:00,200,50680.08,
2026-09-11T01:49:38.635095+00:00,200,16768.15,
2026-09-11T01:49:37.118120+00:00,200,18285.71,
2026-09-11T01:48:34.312447+00:00,200,81098.73,
2026-09-11T01:49:39.655872+00:00,200,15812.59,
2026-09-11T01:49:45.750837+00:00,200,9743.21,
2026-09-11T01:49:39.273144+00:00,200,16235.40,
2026-09-11T01:48:37.564812+00:00,200,77958.17,
2026-09-11T01:49:41.455573+00:00,200,14075.64,
2026-09-11T01:49:23.667082+00:00,200,31875.50,
2026-09-11T01:49:34.420069+00:00,200,21125.76,
2026-09-11T01:49:46.298056+00:00,200,9268.37,
2026-09-11T01:48:32.896922+00:00,200,82675.41,
2026-09-11T01:49:17.459740+00:00,200,38129.24,
2026-09-11T01:49:23.349880+00:00,200,32241.66,
2026-09-11T01:49:33.657337+00:00,200,21961.66,
2026-09-11T01:49:18.085686+00:00,200,37534.96,
2026-09-11T01:49:37.880770+00:00,200,17750.75,
2026-09-11T01:49:28.622793+00:00,200,27015.12,
2026-09-11T01:49:40.574072+00:00,200,15068.23,
2026-09-11T01:49:32.145336+00:00,200,23510.72,
2026-09-11T01:49:02.182348+00:00,200,53505.44,
2026-09-11T01:48:56.856006+00:00,200,58839.57,
2026-09-11T01:49:41.043749+00:00,200,14676.77,
2026-09-11T01:49:44.175857+00:00,200,11597.52,
2026-09-11T01:49:46.402995+00:00,200,9365.67,
2026-09-11T01:49:08.670411+00:00,200,47119.45,
2026-09-11T01:49:27.918122+00:00,200,27887.97,
2026-09-11T01:49:29.535505+00:00,200,26296.96,
2026-09-11T01:49:23.541952+00:00,200,32297.12,
2026-09-11T01:49:43.668727+00:00,200,12212.25,
2026-09-11T01:49:09.385425+00:00,200,46505.61,
2026-09-11T01:49:38.958510+00:00,200,16937.29,
2026-09-11T01:49:38.490704+00:00,200,17421.50,
2026-09-11T01:48:47.446601+00:00,200,68472.34,
2026-09-11T01:49:29.383065+00:00,200,26543.11,
2026-09-11T01:49:35.980622+00:00,200,19946.38,
2026-09-11T01:49:09.841544+00:00,200,46112.14,
2026-09-11T01:49:12.912950+00:00,200,43049.81,
2026-09-11T01:49:46.638877+00:00,200,9363.91,
2026-09-11T01:49:27.982870+00:00,200,28063.04,
2026-09-11T01:49:40.777014+00:00,200,15276.18,
2026-09-11T01:49:32.322874+00:00,200,23727.82,
2026-09-11T01:48:52.931643+00:00,200,63124.20,
2026-09-11T01:49:38.629522+00:00,200,17454.04,
2026-09-11T01:48:49.975976+00:00,200,66100.70,
2026-09-11T01:49:05.513996+00:00,200,50574.55,
2026-09-11T01:48:47.424546+00:00,200,68690.99,
2026-09-11T01:48:44.477400+00:00,200,71631.54,
2026-09-11T01:49:17.359794+00:00,200,38773.42,
2026-09-11T01:48:18.072902+00:00,200,98072.87,
2026-09-11T01:49:39.106906+00:00,200,17045.33,
2026-09-11T01:49:45.292414+00:00,200,10879.96,
2026-09-11T01:49:05.723866+00:00,200,50466.56,
2026-09-11T01:49:12.569044+00:00,200,43636.24,
2026-09-11T01:49:08.668405+00:00,200,47550.55,
2026-09-11T01:49:38.469132+00:00,200,17768.23,
2026-09-11T01:48:28.004784+00:00,200,88226.48,
2026-09-11T01:49:40.526861+00:00,200,15718.20,
2026-09-11T01:49:26.167240+00:00,200,30100.76,
2026-09-11T01:49:41.219056+00:00,200,15052.32,
2026-09-11T01:49:38.369127+00:00,200,17908.75,
2026-09-11T01:49:23.982414+00:00,200,32318.12,
2026-09-11T01:49:40.605224+00:00,200,15746.18,
2026-09-11T01:48:09.555925+00:00,200,106829.50,
2026-09-11T01:48:29.759745+00:00,200,86637.30,
2026-09-11T01:49:36.532566+00:00,200,19872.16,
2026-09-11T01:49:31.284216+00:00,200,25132.09,
2026-09-11T01:49:32.518116+00:00,200,23903.31,
2026-09-11T01:49:05.922788+00:00,200,50523.27,
2026-09-11T01:49:30.667709+00:00,200,25790.96,
2026-09-11T01:49:37.980039+00:00,200,18487.44,
2026-09-11T01:49:10.024237+00:00,200,46452.34,
2026-09-11T01:48:21.555636+00:00,200,94938.23,
2026-09-11T01:49:17.369722+00:00,200,39132.30,
2026-09-11T01:49:22.394486+00:00,200,34112.68,
2026-09-11T01:47:56.883546+00:00,200,119627.32,
2026-09-11T01:49:07.075781+00:00,200,49448.49,
2026-09-11T01:49:03.525237+00:00,200,53005.06,
2026-09-11T01:49:12.250315+00:00,200,44283.88,
2026-09-11T01:48:35.580956+00:00,200,80950.35,
2026-09-11T01:49:37.746212+00:00,200,18807.62,
2026-09-11T01:49:43.649634+00:00,200,12944.65,
2026-09-11T01:49:42.487831+00:00,200,14110.58,
2026-09-11T01:49:37.598333+00:00,200,19059.04,
2026-09-11T01:49:23.245519+00:00,200,33426.62,
2026-09-11T01:47:36.795834+00:00,200,139874.67,
2026-09-11T01:49:29.787943+00:00,200,26884.88,
2026-09-11T01:49:37.297817+00:00,200,19380.96,
2026-09-11T01:49:22.285248+00:00,200,34399.69,
2026-09-11T01:49:32.550153+00:00,200,24145.64,
2026-09-11T01:49:09.829556+00:00,200,46863.77,
2026-09-11T01:49:21.828579+00:00,200,34872.74,
2026-09-11T01:48:52.600759+00:00,200,64105.58,
2026-09-11T01:48:56.999814+00:00,200,59710.58,
2026-09-11T01:49:15.797701+00:00,200,40915.69,
2026-09-11T01:49:32.462157+00:00,200,24274.54,
2026-09-11T01:49:43.668727+00:00,200,13063.14,
2026-09-11T01:49:24.038164+00:00,200,32734.64,
2026-09-11T01:48:37.503555+00:00,200,79311.63,
2026-09-11T01:48:27.529472+00:00,200,89293.59,
2026-09-11T01:49:25.595861+00:00,200,31230.30,
2026-09-11T01:49:03.868661+00:00,200,52983.40,
2026-09-11T01:49:30.495647+00:00,200,26363.55,
2026-09-11T01:48:54.432414+00:00,200,62434.85,
2026-09-11T01:48:47.648312+00:00,200,69226.38,
2026-09-11T01:49:08.045641+00:00,200,48835.32,
2026-09-11T01:48:58.871244+00:00,200,58041.41,
2026-09-11T01:48:35.751615+00:00,200,81168.58,
2026-09-11T01:49:23.508294+00:00,200,33423.09,
2026-09-11T01:49:34.612122+00:00,200,22337.11,
2026-09-11T01:49:33.715504+00:00,200,23239.30,
2026-09-11T01:49:06.003934+00:00,200,50952.76,
2026-09-11T01:48:33.264496+00:00,200,83725.25,
2026-09-11T01:49:29.095407+00:00,200,27894.67,
2026-09-11T01:49:45.928184+00:00,200,11069.24,
2026-09-11T01:47:21.574306+00:00,200,155472.09,
2026-09-11T01:49:23.757446+00:00,200,33294.29,
2026-09-11T01:49:09.450715+00:00,200,47603.36,
2026-09-11T01:48:59.895113+00:00,200,57179.19,
2026-09-11T01:49:06.087788+00:00,200,51009.22,
2026-09-11T01:49:01.542832+00:00,200,55573.57,
2026-09-11T01:49:26.824778+00:00,200,30297.05,
2026-09-11T01:49:46.665545+00:00,200,10482.97,
2026-09-11T01:49:36.946916+00:00,200,20218.23,
2026-09-11T01:49:40.802505+00:00,200,16385.97,
2026-09-11T01:49:12.908939+00:00,200,44287.89,
2026-09-11T01:49:28.295727+00:00,200,28905.53,
2026-09-11T01:49:13.107441+00:00,200,44161.82,
2026-09-11T01:49:32.481636+00:00,200,24836.54,
2026-09-11T01:49:15.828995+00:00,200,41491.39,
2026-09-11T01:49:41.086062+00:00,200,16240.64,
2026-09-11T01:49:39.951790+00:00,200,17379.33,
2026-09-11T01:49:03.724812+00:00,200,53607.05,
2026-09-11T01:49:40.525111+00:00,200,16808.09,
2026-09-11T01:48:32.236621+00:00,200,85140.76,
2026-09-11T01:49:44.048374+00:00,200,13369.12,
2026-09-11T01:49:00.800712+00:00,200,56633.41,
2026-09-11T01:48:39.937898+00:00,200,77514.62,
2026-09-11T01:48:04.543769+00:00,200,112954.96,
2026-09-11T01:48:23.352960+00:00,200,94163.82,
2026-09-11T01:49:38.563574+00:00,200,18968.88,
2026-09-11T01:49:31.304316+00:00,200,26229.84,
2026-09-11T01:49:20.553988+00:00,200,37005.48,
2026-09-11T01:48:47.386980+00:00,200,70193.66,
2026-09-11T01:49:00.572278+00:00,200,57021.51,
2026-09-11T01:49:45.041854+00:00,200,12566.19,
2026-09-11T01:49:04.720799+00:00,200,52904.80,
2026-09-11T01:49:29.470971+00:00,200,28165.17,
2026-09-11T01:49:07.022538+00:00,200,50617.64,
2026-09-11T01:49:42.948059+00:00,200,14696.36,
2026-09-11T01:49:33.613658+00:00,200,24033.78,
2026-09-11T01:48:50.056374+00:00,200,67633.35,
2026-09-11T01:49:19.081916+00:00,200,38647.47,
2026-09-11T01:49:04.489327+00:00,200,53242.46,
2026-09-11T01:48:49.004359+00:00,200,68741.67,
2026-09-11T01:48:35.112572+00:00,200,82645.18,
2026-09-11T01:48:23.871288+00:00,200,93887.58,
2026-09-11T01:49:26.288083+00:00,200,31477.76,
2026-09-11T01:48:58.968320+00:00,200,58796.75,
2026-09-11T01:49:40.652608+00:00,200,17135.11,
2026-09-11T01:49:41.991882+00:00,200,15808.46,
2026-09-11T01:49:22.170643+00:00,200,35638.14,
2026-09-11T01:48:34.258129+00:00,200,83557.90,
2026-09-11T01:49:14.831977+00:00,200,43005.24,
2026-09-11T01:49:26.454445+00:00,200,31398.28,
2026-09-11T01:49:17.990633+00:00,200,39862.94,
2026-09-11T01:49:08.558886+00:00,200,49309.15,
2026-09-11T01:49:29.059930+00:00,200,28816.74,
2026-09-11T01:47:38.443996+00:00,200,139440.32,
2026-09-11T01:49:10.117527+00:00,200,47766.92,
2026-09-11T01:48:48.895795+00:00,200,68987.54,
2026-09-11T01:49:35.657951+00:00,200,22289.62,
2026-09-11T01:49:23.990167+00:00,200,33968.54,
2026-09-11T01:49:27.074924+00:00,200,30887.70,
2026-09-11T01:49:04.031268+00:00,200,53944.82,
2026-09-11T01:49:23.224434+00:00,200,34750.22,
2026-09-11T01:49:46.360712+00:00,200,11630.09,
2026-09-11T01:48:52.012967+00:00,200,65984.49,
2026-09-11T01:49:45.991273+00:00,200,12011.11,
2026-09-11T01:49:26.396211+00:00,200,31619.82,
2026-09-11T01:48:00.178473+00:00,200,117847.27,
2026-09-11T01:49:39.772505+00:00,200,18278.34,
2026-09-11T01:49:17.239847+00:00,200,40826.45,
2026-09-11T01:49:46.485603+00:00,200,11589.66,
2026-09-11T01:48:04.023558+00:00,200,114051.56,
2026-09-11T01:48:37.825782+00:00,200,80269.70,
2026-09-11T01:49:35.301190+00:00,200,22807.17,
2026-09-11T01:49:28.695755+00:00,200,29425.72,
2026-09-11T01:49:15.044151+00:00,200,43080.05,
2026-09-11T01:49:34.834595+00:00,200,23332.34,
2026-09-11T01:48:52.924555+00:00,200,65261.65,
2026-09-11T01:49:37.662830+00:00,200,20544.10,
2026-09-11T01:48:08.877069+00:00,200,109343.38,
2026-09-11T01:48:15.127073+00:00,200,103098.16,
2026-09-11T01:49:16.446731+00:00,200,41790.29,
2026-09-11T01:49:29.849386+00:00,200,28388.90,
2026-09-11T01:47:24.009966+00:00,200,154233.84,
2026-09-11T01:49:30.182737+00:00,200,28091.59,
2026-09-11T01:49:36.451141+00:00,200,21825.56,
2026-09-11T01:48:43.366521+00:00,200,74912.61,
2026-09-11T01:49:35.899709+00:00,200,22386.24,
2026-09-11T01:48:37.873340+00:00,200,80437.20,
2026-09-11T01:49:43.781111+00:00,200,14533.02,
2026-09-11T01:49:26.775208+00:00,200,31554.24,
2026-09-11T01:48:56.523413+00:00,200,61830.56,
2026-09-11T01:48:31.821760+00:00,200,86536.23,
2026-09-11T01:49:45.887884+00:00,200,12460.50,
2026-09-11T01:49:40.291308+00:00,200,18097.56,
2026-09-11T01:49:06.488552+00:00,200,51920.51,
2026-09-11T01:49:37.937595+00:00,200,20481.22,
2026-09-11T01:49:46.623215+00:00,200,11794.91,
2026-09-11T01:49:45.758860+00:00,200,12682.80,
2026-09-11T01:49:36.250274+00:00,200,22228.89,
2026-09-11T01:49:36.158074+00:00,200,22342.61,
2026-09-11T01:49:00.811191+00:00,200,57692.27,
2026-09-11T01:49:44.407151+00:00,200,14107.73,
2026-09-11T01:49:05.158692+00:00,200,53387.64,
2026-09-11T01:49:32.029675+00:00,200,26518.87,
2026-09-11T01:49:30.849767+00:00,200,27727.42,
2026-09-11T01:49:41.775092+00:00,200,16831.55,
2026-09-11T01:49:38.696710+00:00,200,19934.50,
2026-09-11T01:48:34.679461+00:00,200,83963.32,
2026-09-11T01:49:38.306950+00:00,200,20339.43,
2026-09-11T01:49:29.281087+00:00,200,29376.24,
2026-09-11T01:49:34.312728+00:00,200,24362.47,
2026-09-11T01:49:32.646369+00:00,200,26034.94,
2026-09-11T01:49:04.264875+00:00,200,54430.32,
2026-09-11T01:48:48.935236+00:00,200,69766.57,
2026-09-11T01:48:43.824533+00:00,200,74886.10,
2026-09-11T01:48:17.258088+00:00,200,101447.72,
2026-09-11T01:49:33.535532+00:00,200,25184.17,
2026-09-11T01:49:43.022311+00:00,200,15699.60,
2026-09-11T01:48:50.769540+00:00,200,67960.40,
2026-09-11T01:48:46.976086+00:00,200,71773.87,
2026-09-11T01:49:45.603101+00:00,200,13170.84,
2026-09-11T01:49:25.369188+00:00,200,33431.06,
2026-09-11T01:49:39.709200+00:00,200,19096.79,
2026-09-11T01:49:32.221285+00:00,200,26598.00,
2026-09-11T01:49:29.344311+00:00,200,29478.71,
2026-09-11T01:49:23.172773+00:00,200,35650.67,
2026-09-11T01:49:27.775152+00:00,200,31048.82,
2026-09-11T01:49:42.696120+00:00,200,16134.49,
2026-09-11T01:48:48.363374+00:00,200,70500.36,
2026-09-11T01:48:25.147848+00:00,200,93723.19,
2026-09-11T01:49:11.553615+00:00,200,47320.90,
2026-09-11T01:49:35.060000+00:00,200,23857.19,
2026-09-11T01:47:55.413644+00:00,200,123509.30,
2026-09-11T01:49:06.915947+00:00,200,52012.80,
2026-09-11T01:49:31.583958+00:00,200,27372.28,
2026-09-11T01:49:03.086348+00:00,200,55881.17,
2026-09-11T01:48:58.153147+00:00,200,60812.10,
2026-09-11T01:49:24.361075+00:00,200,34628.11,
2026-09-11T01:49:28.185997+00:00,200,30814.34,
2026-09-11T01:49:32.935179+00:00,200,26105.24,
2026-09-11T01:48:47.053552+00:00,200,71990.98,
2026-09-11T01:49:39.540756+00:00,200,19514.24,
2026-09-11T01:49:40.052369+00:00,200,19029.76,
2026-09-11T01:47:57.414687+00:00,200,121690.54,
2026-09-11T01:49:40.255959+00:00,200,18904.50,
2026-09-11T01:49:07.990352+00:00,200,51179.30,
2026-09-11T01:49:45.508052+00:00,200,13692.73,
2026-09-11T01:48:31.159480+00:00,200,88055.58,
2026-09-11T01:49:24.873917+00:00,200,34374.77,
2026-09-11T01:48:44.271993+00:00,200,74983.97,
2026-09-11T01:48:19.282619+00:00,200,99973.87,
2026-09-11T01:49:45.508052+00:00,200,13772.58,
2026-09-11T01:49:40.186291+00:00,200,19139.55,
2026-09-11T01:49:14.756942+00:00,200,44568.72,
2026-09-11T01:49:32.935179+00:00,200,26394.27,
2026-09-11T01:49:41.666233+00:00,200,17665.52,
2026-09-11T01:49:22.423634+00:00,200,36916.53,
2026-09-11T01:49:01.387587+00:00,200,57969.61,
2026-09-11T01:49:36.287393+00:00,200,23101.71,
2026-09-11T01:49:15.374120+00:00,200,44023.77,
2026-09-11T01:48:38.110211+00:00,200,81309.95,
2026-09-11T01:49:45.456196+00:00,200,13964.26,
2026-09-11T01:49:16.315591+00:00,200,43094.09,
2026-09-11T01:49:29.426496+00:00,200,30022.44,
2026-09-11T01:49:14.232074+00:00,200,45221.80,
2026-09-11T01:49:42.455224+00:00,200,17032.71,
2026-09-11T01:47:37.618906+00:00,200,141883.89,
2026-09-11T01:49:09.658772+00:00,200,49852.84,
2026-09-11T01:47:57.509156+00:00,200,121997.16,
2026-09-11T01:49:07.465902+00:00,200,52052.85,
2026-09-11T01:48:58.578473+00:00,200,60953.07,
2026-09-11T01:49:33.604074+00:00,200,25941.19,
2026-09-11T01:48:46.976086+00:00,200,72575.90,
2026-09-11T01:49:10.146873+00:00,200,49447.82,
2026-09-11T01:48:50.335658+00:00,200,69277.07,
2026-09-11T01:49:20.888908+00:00,200,38736.81,
2026-09-11T01:49:02.584964+00:00,200,57041.68,
2026-09-11T01:49:23.104970+00:00,200,36523.95,
2026-09-11T01:49:36.307328+00:00,200,23323.86,
2026-09-11T01:48:59.065835+00:00,200,60566.45,
2026-09-11T01:49:45.887884+00:00,200,13740.44,
2026-09-11T01:48:08.986900+00:00,200,110665.25,
2026-09-11T01:49:21.021745+00:00,200,38650.45,
2026-09-11T01:48:38.668275+00:00,200,81005.02,
2026-09-11T01:48:16.055898+00:00,200,103629.29,
2026-09-11T01:48:54.573232+00:00,200,65111.23,
2026-09-11T01:49:07.080797+00:00,200,52622.84,
2026-09-11T01:49:37.945141+00:00,200,21767.30,
2026-09-11T01:49:30.171601+00:00,200,29546.18,
2026-09-11T01:49:01.120817+00:00,200,58634.99,
2026-09-11T01:49:03.295804+00:00,200,56460.19,
2026-09-11T01:48:31.208016+00:00,200,88566.95,
2026-09-11T01:48:05.828056+00:00,200,113950.22,
2026-09-11T01:49:37.058030+00:00,200,22746.78,
2026-09-11T01:49:17.578754+00:00,200,42250.00,
2026-09-11T01:49:36.240074+00:00,200,23602.77,
2026-09-11T01:48:44.608747+00:00,200,75310.60,
2026-09-11T01:48:36.748302+00:00,200,83171.52,
2026-09-11T01:49:35.683095+00:00,200,24241.82,
2026-09-11T01:49:11.765151+00:00,200,48171.51,
2026-09-11T01:49:35.057995+00:00,200,24879.44,
2026-09-11T01:49:34.128545+00:00,200,25818.18,
2026-09-11T01:49:37.102671+00:00,200,22845.87,
2026-09-11T01:48:57.324892+00:00,200,62651.79,
2026-09-11T01:49:37.664836+00:00,200,22335.18,
2026-09-11T01:49:35.853278+00:00,200,24150.29,
2026-09-11T01:49:25.509578+00:00,200,34502.57,
2026-09-11T01:49:20.083326+00:00,200,39930.70,
2026-09-11T01:49:45.909784+00:00,200,14105.48,
2026-09-11T01:49:31.926392+00:00,200,28104.17,
2026-09-11T01:48:50.755658+00:00,200,69317.48,
2026-09-11T01:49:44.729854+00:00,200,15352.36,
2026-09-11T01:48:42.186138+00:00,200,77948.06,
2026-09-11T01:49:32.116035+00:00,200,28023.42,
2026-09-11T01:49:40.008410+00:00,200,20168.20,
2026-09-11T01:49:28.763184+00:00,200,31440.26,
2026-09-11T01:49:15.832553+00:00,200,44412.54,
2026-09-11T01:48:57.768779+00:00,200,62474.76,
2026-09-11T01:49:42.729069+00:00,200,17523.84,
2026-09-11T01:49:28.985383+00:00,200,31264.98,
2026-09-11T01:49:33.797157+00:00,200,26475.51,
2026-09-11T01:49:42.455224+00:00,200,17813.24,
2026-09-11T01:49:45.863743+00:00,200,14433.55,
2026-09-11T01:48:50.880052+00:00,200,69420.14,
2026-09-11T01:49:11.957353+00:00,200,48346.70,
2026-09-11T01:49:37.423982+00:00,200,22880.87,
2026-09-11T01:49:39.348859+00:00,200,20950.33,
2026-09-11T01:49:40.542647+00:00,200,19790.24,
2026-09-11T01:49:07.847709+00:00,200,52491.54,
2026-09-11T01:49:34.538174+00:00,200,25807.89,
2026-09-11T01:49:20.210816+00:00,200,40168.47,
2026-09-11T01:49:39.180995+00:00,200,21206.19,
2026-09-11T01:49:03.461392+00:00,200,56934.17,
2026-09-11T01:49:00.181229+00:00,200,60219.74,
2026-09-11T01:49:42.025334+00:00,200,18392.09,
2026-09-11T01:49:10.520104+00:00,200,49904.34,
2026-09-11T01:49:39.621338+00:00,200,20835.77,
2026-09-11T01:49:41.255826+00:00,200,19231.28,
2026-09-11T01:48:25.008767+00:00,200,95486.76,
2026-09-11T01:49:34.759963+00:00,200,25746.29,
2026-09-11T01:49:03.647253+00:00,200,56866.90,
2026-09-11T01:49:25.976188+00:00,200,34547.01,
2026-09-11T01:49:11.461660+00:00,200,49074.68,
2026-09-11T01:48:35.789316+00:00,200,84742.48,
2026-09-11T01:49:36.033089+00:00,200,24512.48,
2026-09-11T01:48:34.457733+00:00,200,86142.12,
2026-09-11T01:49:46.607947+00:00,200,13984.16,
2026-09-11T01:49:07.694939+00:00,200,52905.58,
2026-09-11T01:48:42.384060+00:00,200,78230.85,
2026-09-11T01:48:30.676178+00:00,200,89954.78,
2026-09-11T01:49:42.344400+00:00,200,18287.70,
2026-09-11T01:49:32.414830+00:00,200,28229.90,
2026-09-11T01:49:32.495773+00:00,200,28153.63,
2026-09-11T01:48:55.506519+00:00,200,65159.51,
2026-09-11T01:48:46.719956+00:00,200,73952.06,
2026-09-11T01:49:41.275425+00:00,200,19423.87,
2026-09-11T01:49:39.212113+00:00,200,21499.04,
2026-09-11T01:49:37.646100+00:00,200,23067.56,
2026-09-11T01:49:38.069764+00:00,200,22648.31,
2026-09-11T01:49:03.370527+00:00,200,57338.23,
2026-09-11T01:49:28.376120+00:00,200,32344.29,
2026-09-11T01:48:42.511689+00:00,200,78200.73,
2026-09-11T01:49:34.973803+00:00,200,25767.29,
2026-09-11T01:49:31.183912+00:00,200,29567.29,
2026-09-11T01:49:44.550292+00:00,200,16211.47,
2026-09-11T01:49:35.132932+00:00,200,25640.80,
2026-09-11T01:49:32.204421+00:00,200,28572.75,
2026-09-11T01:49:26.088969+00:00,200,34702.38,
2026-09-11T01:49:35.496430+00:00,200,25301.88,
2026-09-11T01:49:30.330306+00:00,200,30491.55,
2026-09-11T01:49:36.211668+00:00,200,24624.04,
2026-09-11T01:49:28.636162+00:00,200,32204.72,
2026-09-11T01:49:16.472560+00:00,200,44383.76,
2026-09-11T01:49:00.194324+00:00,200,60671.59,
2026-09-11T01:47:30.052660+00:00,200,150814.78,
2026-09-11T01:48:39.202692+00:00,200,81667.94,
2026-09-11T01:49:00.992526+00:00,200,59904.32,
2026-09-11T01:49:37.497137+00:00,200,23409.43,
2026-09-11T01:49:35.697140+00:00,200,25216.65,
2026-09-11T01:49:08.552873+00:00,200,52374.13,
2026-09-11T01:49:13.354376+00:00,200,47603.50,
2026-09-11T01:49:43.081114+00:00,200,17900.45,
2026-09-11T01:47:52.564362+00:00,200,128425.09,
2026-09-11T01:49:39.116629+00:00,200,21874.89,
2026-09-11T01:49:40.652608+00:00,200,20335.60,
2026-09-11T01:49:32.520120+00:00,200,28479.62,
2026-09-11T01:47:31.756053+00:00,200,149286.35,
2026-09-11T01:49:40.321048+00:00,200,20724.60,
2026-09-11T01:49:37.441983+00:00,200,23610.64,
2026-09-11T01:48:59.606199+00:00,200,61454.50,
2026-09-11T01:49:26.351443+00:00,200,34716.07,
2026-09-11T01:48:32.731522+00:00,200,88339.76,
2026-09-11T01:49:23.933096+00:00,200,37141.96,
2026-09-11T01:49:35.616783+00:00,200,25464.53,
2026-09-11T01:49:26.922374+00:00,200,34197.23,
2026-09-11T01:49:28.821967+00:00,200,32306.51,
2026-09-11T01:49:45.754849+00:00,200,15378.66,
2026-09-11T01:49:44.561621+00:00,200,16590.83,
2026-09-11T01:49:39.049879+00:00,200,22102.87,
2026-09-11T01:49:37.964447+00:00,200,23194.19,
2026-09-11T01:49:33.124779+00:00,200,28050.39,
2026-09-11T01:49:26.104635+00:00,200,35087.97,
2026-09-11T01:49:39.483317+00:00,200,21718.82,
2026-09-11T01:49:39.331725+00:00,200,21884.95,
2026-09-11T01:49:33.667364+00:00,200,27550.26,
2026-09-11T01:49:33.997558+00:00,200,27223.67,
2026-09-11T01:48:16.479548+00:00,200,104770.83,
2026-09-11T01:49:38.143303+00:00,200,23132.43,
2026-09-11T01:49:36.556719+00:00,200,24738.88,
2026-09-11T01:48:42.502740+00:00,200,78793.78,
2026-09-11T01:49:12.999927+00:00,200,48308.27,
2026-09-11T01:49:33.452423+00:00,200,27858.19,
2026-09-11T01:49:32.741272+00:00,200,28584.44,
2026-09-11T01:48:46.206801+00:00,200,75127.17,
2026-09-11T01:49:03.487742+00:00,200,57844.73,
2026-09-11T01:49:23.044996+00:00,200,38294.83,
2026-09-11T01:49:21.748535+00:00,200,39594.65,
2026-09-11T01:49:27.049307+00:00,200,34298.23,
2026-09-11T01:49:46.756525+00:00,200,14602.17,
2026-09-11T01:49:05.356278+00:00,200,56004.32,
2026-09-11T01:49:13.359895+00:00,200,48003.49,
2026-09-11T01:48:57.920676+00:00,200,63442.63,
2026-09-11T01:49:23.332586+00:00,200,38052.98,
2026-09-11T01:49:14.053012+00:00,200,47375.61,
2026-09-11T01:49:10.472900+00:00,200,50968.97,
2026-09-11T01:48:40.760068+00:00,200,80695.74,
2026-09-11T01:49:23.053006+00:00,200,38412.31,
2026-09-11T01:49:08.971041+00:00,200,52501.79,
2026-09-11T01:48:14.624271+00:00,200,106877.44,
2026-09-11T01:49:23.683629+00:00,200,37827.95,
2026-09-11T01:49:24.239006+00:00,200,37274.36,
2026-09-11T01:49:33.436801+00:00,200,28080.22,
2026-09-11T01:49:27.281735+00:00,200,34276.72,
2026-09-11T01:49:25.502014+00:00,200,36056.50,
2026-09-11T01:48:59.222616+00:00,200,62351.36,
2026-09-11T01:49:34.633984+00:00,200,26938.21,
2026-09-11T01:48:51.241568+00:00,200,70336.10,
2026-09-11T01:47:38.860888+00:00,200,142730.97,
2026-09-11T01:49:08.605347+00:00,200,52995.69,
2026-09-11T01:49:11.134025+00:00,200,50484.90,
2026-09-11T01:49:30.230683+00:00,200,31393.77,
2026-09-11T01:49:42.980236+00:00,200,18657.08,
2026-09-11T01:49:34.025772+00:00,200,27631.39,
2026-09-11T01:49:37.453094+00:00,200,24218.72,
2026-09-11T01:48:01.138532+00:00,200,120547.09,
2026-09-11T01:49:36.474188+00:00,200,25267.06,
2026-09-11T01:48:00.203446+00:00,200,121547.23,
2026-09-11T01:48:39.514013+00:00,200,82241.77,
2026-09-11T01:49:11.067267+00:00,200,50699.04,
2026-09-11T01:49:11.301137+00:00,200,50468.50,
2026-09-11T01:49:03.925632+00:00,200,57858.52,
2026-09-11T01:49:38.631528+00:00,200,23154.17,
2026-09-11T01:49:31.883286+00:00,200,29903.75,
2026-09-11T01:48:57.371909+00:00,200,64420.99,
2026-09-11T01:49:00.404539+00:00,200,61394.13,
2026-09-11T01:48:49.002350+00:00,200,72806.23,
2026-09-11T01:48:34.864803+00:00,200,86945.28,
2026-09-11T01:49:12.565032+00:00,200,49255.67,
2026-09-11T01:48:42.194404+00:00,200,79631.22,
2026-09-11T01:49:42.613771+00:00,200,19207.48,
2026-09-11T01:49:28.485473+00:00,200,33356.25,
2026-09-11T01:49:12.247217+00:00,200,49615.41,
2026-09-11T01:49:32.310379+00:00,200,29554.04,
2026-09-11T01:49:40.006906+00:00,200,21861.37,
2026-09-11T01:48:55.681142+00:00,200,66190.16,
2026-09-11T01:49:10.353496+00:00,200,51528.36,
2026-09-11T01:49:43.700622+00:00,200,18184.40,
2026-09-11T01:48:35.885761+00:00,200,86009.64,
2026-09-11T01:49:23.237858+00:00,200,38661.97,
2026-09-11T01:49:36.694435+00:00,200,25208.51,
2026-09-11T01:48:39.377752+00:00,200,82537.60,
2026-09-11T01:49:15.966009+00:00,200,45996.93,
2026-09-11T01:49:45.582650+00:00,200,16416.04,
2026-09-11T01:49:45.625843+00:00,200,16386.67,
2026-09-11T01:49:01.571786+00:00,200,60443.80,
2026-09-11T01:49:44.758513+00:00,200,17273.80,
2026-09-11T01:49:38.159142+00:00,200,23875.01,
2026-09-11T01:48:45.782621+00:00,200,76240.90,
2026-09-11T01:49:10.255293+00:00,200,51788.85,
2026-09-11T01:49:43.536438+00:00,200,18534.35,
2026-09-11T01:49:40.836388+00:00,200,21245.35,
2026-09-11T01:49:03.631584+00:00,200,58463.97,
2026-09-11T01:48:34.122619+00:00,200,87980.56,
2026-09-11T01:49:02.629741+00:00,200,59479.79,
2026-09-11T01:49:13.645617+00:00,200,48470.44,
2026-09-11T01:49:11.268739+00:00,200,50847.09,
2026-09-11T01:49:46.489130+00:00,200,15634.47,
2026-09-11T01:49:06.236675+00:00,200,55893.17,
2026-09-11T01:49:09.001296+00:00,200,53135.15,
2026-09-11T01:47:55.331312+00:00,200,126807.35,
2026-09-11T01:49:31.527892+00:00,200,30619.63,
2026-09-11T01:49:13.792459+00:00,200,48370.61,
2026-09-11T01:49:39.381309+00:00,200,22788.23,
2026-09-11T01:49:42.591166+00:00,200,19580.16,
2026-09-11T01:49:31.944227+00:00,200,30239.63,
2026-09-11T01:48:32.613568+00:00,200,89597.68,
2026-09-11T01:49:01.155225+00:00,200,61067.09,
2026-09-11T01:49:22.432314+00:00,200,39806.81,
2026-09-11T01:48:41.830238+00:00,200,80413.17,
2026-09-11T01:48:10.323442+00:00,200,111926.73,
2026-09-11T01:49:39.900280+00:00,200,22364.95,
2026-09-11T01:48:48.098476+00:00,200,74169.24,
2026-09-11T01:47:36.379123+00:00,200,145897.12,
2026-09-11T01:49:41.895547+00:00,200,20427.88,
2026-09-11T01:49:07.768699+00:00,200,54559.26,
2026-09-11T01:49:30.038838+00:00,200,32317.31,
2026-09-11T01:49:00.041781+00:00,200,62320.63,
2026-09-11T01:49:46.402995+00:00,200,15959.58,
2026-09-11T01:49:43.239556+00:00,200,19131.76,
2026-09-11T01:49:21.948873+00:00,200,40435.32,
2026-09-11T01:49:19.287703+00:00,200,43098.35,
2026-09-11T01:49:46.704297+00:00,200,15697.58,
2026-09-11T01:49:07.837048+00:00,200,54573.15,
2026-09-11T01:49:45.878313+00:00,200,16535.57,
2026-09-11T01:49:08.764932+00:00,200,53646.20,
2026-09-11T01:49:12.407165+00:00,200,50042.89,
2026-09-11T01:48:35.546692+00:00,200,86922.64,
2026-09-11T01:49:34.664864+00:00,200,27806.77,
2026-09-11T01:49:40.675629+00:00,200,21810.39,
2026-09-11T01:48:35.023501+00:00,200,87465.78,
2026-09-11T01:48:58.496287+00:00,200,64001.79,
2026-09-11T01:49:34.676450+00:00,200,27827.00,
2026-09-11T01:48:30.088973+00:00,200,92415.27,
2026-09-11T01:49:32.715637+00:00,200,29792.91,
2026-09-11T01:49:23.461407+00:00,200,39062.99,
2026-09-11T01:49:23.769092+00:00,200,38766.34,
2026-09-11T01:49:28.525510+00:00,200,34063.34,
2026-09-11T01:49:05.798144+00:00,200,56809.41,
2026-09-11T01:49:04.440366+00:00,200,58172.23,
2026-09-11T01:49:44.803735+00:00,200,17835.61,
2026-09-11T01:49:17.869294+00:00,200,44786.63,
2026-09-11T01:49:37.353514+00:00,200,25311.02,
2026-09-11T01:49:16.350910+00:00,200,46318.93,
2026-09-11T01:49:24.694630+00:00,200,37977.20,
2026-09-11T01:49:42.107639+00:00,200,20575.92,
2026-09-11T01:49:03.157371+00:00,200,59536.87,
2026-09-11T01:49:33.258471+00:00,200,29438.04,
2026-09-11T01:49:46.025107+00:00,200,16681.84,
2026-09-11T01:49:41.340184+00:00,200,21381.45,
2026-09-11T01:48:55.428949+00:00,200,67290.32,
2026-09-11T01:48:30.865056+00:00,200,91862.84,
2026-09-11T01:49:37.508739+00:00,200,25227.84,
2026-09-11T01:49:46.493150+00:00,200,16252.70,
2026-09-11T01:49:23.837537+00:00,200,38920.29,
2026-09-11T01:49:30.717289+00:00,200,32040.07,
2026-09-11T01:49:42.150514+00:00,200,20617.16,
2026-09-11T01:49:16.104049+00:00,200,46673.17,
2026-09-11T01:49:35.305202+00:00,200,27485.57,
2026-09-11T01:49:43.407930+00:00,200,19390.09,
2026-09-11T01:48:52.115158+00:00,200,70682.61,
2026-09-11T01:48:47.158504+00:00,200,75644.27,
2026-09-11T01:49:30.495647+00:00,200,32324.28,
2026-09-11T01:49:07.279675+00:00,200,55559.75,
2026-09-11T01:49:44.002134+00:00,200,18878.94,
2026-09-11T01:48:20.731268+00:00,200,102193.53,
2026-09-11T01:49:42.328562+00:00,200,20608.36,
2026-09-11T01:49:15.311400+00:00,200,47654.43,
2026-09-11T01:49:13.406769+00:00,200,49571.40,
2026-09-11T01:49:11.510294+00:00,200,51485.49,
2026-09-11T01:48:22.144960+00:00,200,100863.41,
2026-09-11T01:49:39.404471+00:00,200,23617.21,
2026-09-11T01:49:45.310542+00:00,200,17710.45,
2026-09-11T01:49:26.508780+00:00,200,36529.98,
2026-09-11T01:48:42.930601+00:00,200,80122.36,
2026-09-11T01:49:20.501192+00:00,200,42557.35,
2026-09-11T01:49:46.368730+00:00,200,16694.38,
2026-09-11T01:49:22.095445+00:00,200,40972.36,
2026-09-11T01:49:39.362757+00:00,200,23724.00,
2026-09-11T01:49:29.804911+00:00,200,33284.30,
2026-09-11T01:49:22.724221+00:00,200,40364.79,
2026-09-11T01:49:28.884853+00:00,200,34222.69,
2026-09-11T01:49:03.279621+00:00,200,59835.11,
2026-09-11T01:49:36.921949+00:00,200,26215.60,
2026-09-11T01:49:37.928051+00:00,200,25213.49,
2026-09-11T01:49:46.078164+00:00,200,17068.56,
2026-09-11T01:49:39.019804+00:00,200,24128.51,
2026-09-11T01:48:13.384996+00:00,200,109773.57,
2026-09-11T01:49:26.961593+00:00,200,36220.04,
2026-09-11T01:49:44.037459+00:00,200,19144.84,
2026-09-11T01:48:52.488230+00:00,200,70698.86,
2026-09-11T01:49:30.161467+00:00,200,33038.98,
2026-09-11T01:49:09.087445+00:00,200,54150.75,
2026-09-11T01:48:50.535785+00:00,200,72717.66,
2026-09-11T01:49:37.173847+00:00,200,26127.41,
2026-09-11T01:49:12.541303+00:00,200,50770.51,
2026-09-11T01:48:28.724936+00:00,200,94584.00,
2026-09-11T01:47:46.253924+00:00,200,137064.29,
2026-09-11T01:48:33.370555+00:00,200,89959.66,
2026-09-11T01:49:34.138097+00:00,200,29201.57,
2026-09-11T01:49:17.289989+00:00,200,46046.65,
2026-09-11T01:48:36.089387+00:00,200,87257.04,
2026-09-11T01:49:34.091353+00:00,200,29273.03,
2026-09-11T01:48:11.729125+00:00,200,111645.79,
2026-09-11T01:49:12.580494+00:00,200,50809.72,
2026-09-11T01:49:38.849855+00:00,200,24570.07,
2026-09-11T01:49:43.893495+00:00,200,19519.08,
2026-09-11T01:49:27.678457+00:00,200,35749.95,
2026-09-11T01:49:00.390962+00:00,200,63053.30,
2026-09-11T01:49:15.785670+00:00,200,47660.03,
2026-09-11T01:48:23.135922+00:00,200,100317.11,
2026-09-11T01:49:31.391887+00:00,200,32062.81,
2026-09-11T01:49:22.641845+00:00,200,40826.87,
2026-09-11T01:48:29.777610+00:00,200,93713.72,
2026-09-11T01:48:51.519763+00:00,200,71974.44,
2026-09-11T01:49:29.426496+00:00,200,34098.84,
2026-09-11T01:49:11.314267+00:00,200,52244.25,
2026-09-11T01:49:35.017209+00:00,200,28548.74,
2026-09-11T01:49:08.657088+00:00,200,54911.22,
2026-09-11T01:49:35.741396+00:00,200,27831.13,
2026-09-11T01:49:30.635801+00:00,200,32942.00,
2026-09-11T01:49:11.630645+00:00,200,51972.78,
2026-09-11T01:49:38.799959+00:00,200,24820.39,
2026-09-11T01:49:21.788741+00:00,200,41833.41,
2026-09-11T01:49:44.913980+00:00,200,18720.35,
2026-09-11T01:47:38.686011+00:00,200,144957.04,
2026-09-11T01:49:38.237579+00:00,200,25401.58,
2026-09-11T01:48:37.278871+00:00,200,86363.99,
2026-09-11T01:49:16.205895+00:00,200,47456.99,
2026-09-11T01:49:36.481082+00:00,200,27196.81,
2026-09-11T01:49:17.706251+00:00,200,45976.89,
2026-09-11T01:49:18.377917+00:00,200,45311.29,
2026-09-11T01:49:08.471399+00:00,200,55219.42,
2026-09-11T01:49:40.395125+00:00,200,23316.06,
2026-09-11T01:48:55.687106+00:00,200,68025.97,
2026-09-11T01:48:48.244306+00:00,200,75482.91,
2026-09-11T01:49:42.035820+00:00,200,21696.73,
2026-09-11T01:49:32.539118+00:00,200,31202.99,
2026-09-11T01:48:24.846362+00:00,200,98900.56,
2026-09-11T01:48:39.917285+00:00,200,83837.47,
2026-09-11T01:49:38.533854+00:00,200,25259.65,
2026-09-11T01:49:18.734246+00:00,200,45063.67,
2026-09-11T01:49:41.725606+00:00,200,22090.07,
2026-09-11T01:48:43.255878+00:00,200,80564.77,
2026-09-11T01:49:39.578125+00:00,200,24248.55,
2026-09-11T01:49:11.985697+00:00,200,51845.55,
2026-09-11T01:49:24.167900+00:00,200,39670.59,
2026-09-11T01:49:37.805327+00:00,200,26043.27,
2026-09-11T01:47:25.148510+00:00,200,158699.24,
2026-09-11T01:49:04.755927+00:00,200,59099.82,
2026-09-11T01:49:44.499767+00:00,200,19364.33,
2026-09-11T01:49:06.534963+00:00,200,57334.15,
2026-09-11T01:49:45.994292+00:00,200,17883.58,
2026-09-11T01:48:54.850021+00:00,200,69029.96,
2026-09-11T01:49:45.915037+00:00,200,17967.80,
2026-09-11T01:48:42.878986+00:00,200,81018.13,
2026-09-11T01:49:36.694435+00:00,200,27202.17,
2026-09-11T01:49:40.166323+00:00,200,23747.30,
2026-09-11T01:49:44.160019+00:00,200,19767.36,
2026-09-11T01:49:21.272869+00:00,200,42665.18,
2026-09-11T01:48:54.747511+00:00,200,69229.17,
2026-09-11T01:49:16.779866+00:00,200,47225.52,
2026-09-11T01:49:09.424370+00:00,200,54590.46,
2026-09-11T01:49:43.184260+00:00,200,20835.17,
2026-09-11T01:49:37.085493+00:00,200,26970.72,
2026-09-11T01:48:52.631075+00:00,200,71426.78,
2026-09-11T01:48:19.739359+00:00,200,104338.53,
2026-09-11T01:48:50.374206+00:00,200,73712.75,
2026-09-11T01:49:32.008793+00:00,200,32088.17,
2026-09-11T01:49:42.357681+00:00,200,21742.91,
2026-09-11T01:49:25.924792+00:00,200,38180.02,
2026-09-11T01:48:49.590547+00:00,200,74516.50,
2026-09-11T01:49:05.563490+00:00,200,58570.74,
2026-09-11T01:49:25.034722+00:00,200,39091.43,
2026-09-11T01:49:32.781298+00:00,200,31381.89,
2026-09-11T01:49:29.057924+00:00,200,35112.61,
2026-09-11T01:49:27.484975+00:00,200,36685.33,
2026-09-11T01:49:42.312650+00:00,200,21867.57,
2026-09-11T01:49:22.399836+00:00,200,41812.47,
2026-09-11T01:48:27.051822+00:00,200,97161.42,
2026-09-11T01:49:18.806996+00:00,200,45409.10,
2026-09-11T01:48:48.641821+00:00,200,75591.92,
2026-09-11T01:49:45.783532+00:00,200,18463.15,
2026-09-11T01:49:07.047674+00:00,200,57226.00,
2026-09-11T01:48:27.405980+00:00,200,96884.57,
2026-09-11T01:49:35.531724+00:00,200,28754.99,
2026-09-11T01:49:46.693271+00:00,200,17639.58,
2026-09-11T01:49:40.775010+00:00,200,23560.15,
2026-09-11T01:49:39.028411+00:00,200,25309.76,
2026-09-11T01:48:56.173953+00:00,200,68178.25,
2026-09-11T01:49:35.953517+00:00,200,28412.53,
2026-09-11T01:49:35.206964+00:00,200,29167.79,
2026-09-11T01:49:46.168802+00:00,200,18206.60,
2026-09-11T01:49:24.576382+00:00,200,39806.11,
2026-09-11T01:49:42.133841+00:00,200,22258.65,
2026-09-11T01:49:37.576014+00:00,200,26820.73,
2026-09-11T01:49:43.186273+00:00,200,21224.96,
2026-09-11T01:49:13.227314+00:00,200,51206.48,
2026-09-11T01:49:15.822981+00:00,200,48615.67,
2026-09-11T01:49:27.077947+00:00,200,37363.48,
2026-09-11T01:49:19.004666+00:00,200,45454.66,
2026-09-11T01:49:39.897128+00:00,200,24565.65,
2026-09-11T01:49:45.370827+00:00,200,19115.00,
2026-09-11T01:49:37.107698+00:00,200,27378.69,
2026-09-11T01:49:45.245970+00:00,200,19245.34,
2026-09-11T01:48:54.027060+00:00,200,70461.72,
2026-09-11T01:48:54.039644+00:00,200,70453.91,
2026-09-11T01:49:27.113089+00:00,200,37385.87,
2026-09-11T01:49:05.857265+00:00,200,58662.70,
2026-09-11T01:49:41.117995+00:00,200,23405.29,
2026-09-11T01:49:44.384207+00:00,200,20138.60,
2026-09-11T01:49:33.797157+00:00,200,30738.37,
2026-09-11T01:48:36.540257+00:00,200,87997.61,
2026-09-11T01:48:59.533012+00:00,200,65006.15,
2026-09-11T01:49:09.306111+00:00,200,55243.41,
2026-09-11T01:48:44.080753+00:00,200,80472.61,
2026-09-11T01:49:17.645127+00:00,200,46920.63,
2026-09-11T01:49:24.727006+00:00,200,39858.03,
2026-09-11T01:49:18.699095+00:00,200,45888.27,
2026-09-11T01:49:38.017403+00:00,200,26569.36,
2026-09-11T01:49:07.999942+00:00,200,56606.72,
2026-09-11T01:49:20.902861+00:00,200,43712.67,
2026-09-11T01:49:27.733544+00:00,200,36885.46,
2026-09-11T01:49:02.635293+00:00,200,61992.79,
2026-09-11T01:49:31.089371+00:00,200,33540.82,
2026-09-11T01:49:27.887279+00:00,200,36755.20,
2026-09-11T01:49:36.347371+00:00,200,28300.03,
2026-09-11T01:49:39.770499+00:00,200,24895.40,
2026-09-11T01:48:11.770440+00:00,200,112926.59,
2026-09-11T01:48:58.228872+00:00,200,66471.90,
2026-09-11T01:49:26.047215+00:00,200,38658.72,
2026-09-11T01:49:40.124473+00:00,200,24582.64,
2026-09-11T01:49:15.797701+00:00,200,48924.59,
2026-09-11T01:48:50.535785+00:00,200,74190.64,
2026-09-11T01:49:27.879691+00:00,200,36859.65,
2026-09-11T01:49:28.759174+00:00,200,35981.90,
2026-09-11T01:48:34.846111+00:00,200,89891.08,
2026-09-11T01:49:32.803524+00:00,200,31945.73,
2026-09-11T01:49:33.847528+00:00,200,30912.84,
2026-09-11T01:49:21.790740+00:00,200,42969.43,
2026-09-11T01:49:26.607029+00:00,200,38177.81,
2026-09-11T01:49:35.325302+00:00,200,29495.69,
2026-09-11T01:49:44.200693+00:00,200,20625.90,
2026-09-11T01:49:29.899784+00:00,200,34950.36,
2026-09-11T01:48:48.257000+00:00,200,76593.98,
2026-09-11T01:49:28.397586+00:00,200,36456.46,
2026-09-11T01:49:45.822644+00:00,200,19030.96,
2026-09-11T01:49:32.420676+00:00,200,32444.88,
2026-09-11T01:49:38.886948+00:00,200,26019.14,
2026-09-11T01:49:38.316718+00:00,200,26589.34,
2026-09-11T01:49:04.377118+00:00,200,60548.29,
2026-09-11T01:49:16.659195+00:00,200,48288.92,
2026-09-11T01:49:25.926797+00:00,200,39032.75,
2026-09-11T01:49:32.243109+00:00,200,32722.31,
2026-09-11T01:49:26.799673+00:00,200,38176.80,
2026-09-11T01:49:33.118287+00:00,200,31865.02,
2026-09-11T01:49:31.657285+00:00,200,33328.79,
2026-09-11T01:48:22.013227+00:00,200,103014.47,
2026-09-11T01:49:31.391887+00:00,200,33624.78,
2026-09-11T01:49:44.928707+00:00,200,20099.57,
2026-09-11T01:49:33.058016+00:00,200,31984.21,
2026-09-11T01:49:29.059930+00:00,200,35984.22,
2026-09-11T01:49:38.555586+00:00,200,26489.48,
2026-09-11T01:49:31.452777+00:00,200,33595.37,
2026-09-11T01:49:10.845981+00:00,200,54217.15,
2026-09-11T01:48:44.599938+00:00,200,80465.14,
2026-09-11T01:49:20.266803+00:00,200,44808.34,
2026-09-11T01:49:45.924166+00:00,200,19161.87,
2026-09-11T01:49:04.366589+00:00,200,60720.82,
2026-09-11T01:49:42.503743+00:00,200,22579.83,
2026-09-11T01:49:11.348988+00:00,200,53742.06,
2026-09-11T01:49:15.148906+00:00,200,49990.38,
2026-09-11T01:47:45.003661+00:00,200,140130.51,
2026-09-11T01:48:56.268954+00:00,200,68884.18,
2026-09-11T01:49:38.931219+00:00,200,26223.26,
2026-09-11T01:48:59.215581+00:00,200,65966.03,
2026-09-11T01:49:31.858664+00:00,200,33349.51,
2026-09-11T01:49:06.260523+00:00,200,58956.57,
2026-09-11T01:49:10.884491+00:00,200,54343.43,
2026-09-11T01:49:04.765577+00:00,200,60464.48,
2026-09-11T01:49:40.279280+00:00,200,24964.06,
2026-09-11T01:49:03.370527+00:00,200,61867.25,
2026-09-11T01:49:09.887907+00:00,200,55360.75,
2026-09-11T01:49:35.488909+00:00,200,29765.08,
2026-09-11T01:49:45.133603+00:00,200,20128.09,
2026-09-11T01:49:10.063185+00:00,200,55206.93,
2026-09-11T01:47:59.471760+00:00,200,125811.24,
2026-09-11T01:49:35.379764+00:00,200,29906.69,
2026-09-11T01:49:38.375149+00:00,200,26930.33,
2026-09-11T01:48:03.668125+00:00,200,121628.38,
2026-09-11T01:49:13.587260+00:00,200,51730.80,
2026-09-11T01:48:19.343152+00:00,200,105975.77,
2026-09-11T01:49:16.357445+00:00,200,48983.97,
2026-09-11T01:48:34.936139+00:00,200,90443.15,
2026-09-11T01:48:32.530169+00:00,200,92848.52,
2026-09-11T01:48:22.659364+00:00,200,102727.43,
2026-09-11T01:48:48.816206+00:00,200,76581.17,
2026-09-11T01:48:33.922275+00:00,200,91494.49,
2026-09-11T01:49:12.163938+00:00,200,53281.18,
2026-09-11T01:49:46.072592+00:00,200,19386.12,
2026-09-11T01:49:43.038091+00:00,200,22423.34,
2026-09-11T01:49:10.063185+00:00,200,55406.35,
2026-09-11T01:49:44.945368+00:00,200,20553.99,
2026-09-11T01:49:34.287384+00:00,200,31214.21,
2026-09-11T01:49:26.127880+00:00,200,39391.22,
2026-09-11T01:49:38.493046+00:00,200,27034.11,
2026-09-11T01:49:45.333442+00:00,200,20199.42,
2026-09-11T01:49:35.140729+00:00,200,30393.50,
2026-09-11T01:49:16.436956+00:00,200,49107.34,
2026-09-11T01:49:39.584155+00:00,200,25985.47,
2026-09-11T01:48:59.222616+00:00,200,66358.44,
2026-09-11T01:49:16.360476+00:00,200,49226.02,
2026-09-11T01:49:29.955463+00:00,200,35636.28,
2026-09-11T01:49:40.652608+00:00,200,24938.69,
2026-09-11T01:48:52.659853+00:00,200,72943.50,
2026-09-11T01:49:28.516488+00:00,200,37088.75,
2026-09-11T01:49:35.474348+00:00,200,30135.65,
2026-09-11T01:49:23.837537+00:00,200,41783.90,
2026-09-11T01:49:35.372661+00:00,200,30253.68,
2026-09-11T01:49:21.768642+00:00,200,43859.36,
2026-09-11T01:49:01.972599+00:00,200,63657.15,
2026-09-11T01:49:33.732800+00:00,200,31910.70,
2026-09-11T01:49:29.906124+00:00,200,35745.28,
2026-09-11T01:47:30.595889+00:00,200,155069.35,
2026-09-11T01:49:10.351491+00:00,200,55328.80,
2026-09-11T01:49:33.307973+00:00,200,32393.48,
2026-09-11T01:48:31.355229+00:00,200,94357.06,
2026-09-11T01:49:28.860305+00:00,200,36844.20,
2026-09-11T01:49:36.899632+00:00,200,28819.63,
2026-09-11T01:48:32.421855+00:00,200,93310.22,
2026-09-11T01:49:40.008410+00:00,200,25717.10,
2026-09-11T01:49:41.767233+00:00,200,23976.53,
2026-09-11T01:48:43.135444+00:00,200,82629.80,
2026-09-11T01:49:13.564109+00:00,200,52217.36,
2026-09-11T01:49:42.066740+00:00,200,23720.00,
2026-09-11T01:48:40.935528+00:00,200,84858.90,
2026-09-11T01:49:15.374120+00:00,200,50461.55,
2026-09-11T01:49:44.337433+00:00,200,21504.30,
2026-09-11T01:48:50.368393+00:00,200,75526.25,
2026-09-11T01:49:42.885946+00:00,200,23026.08,
2026-09-11T01:49:15.306382+00:00,200,50612.33,
2026-09-11T01:49:39.262073+00:00,200,26660.46,
2026-09-11T01:49:17.100253+00:00,200,48815.78,
2026-09-11T01:48:31.227851+00:00,200,94698.36,
2026-09-11T01:49:45.387440+00:00,200,20541.66,
2026-09-11T01:49:12.632802+00:00,200,53296.42,
2026-09-11T01:49:14.561074+00:00,200,51377.64,
2026-09-11T01:49:24.741717+00:00,200,41215.78,
2026-09-11T01:49:36.717852+00:00,200,29250.45,
2026-09-11T01:49:07.395786+00:00,200,58573.96,
2026-09-11T01:48:48.571927+00:00,200,77406.04,
2026-09-11T01:49:28.167795+00:00,200,37820.73,
2026-09-11T01:49:19.260898+00:00,200,46731.83,
2026-09-11T01:49:23.274636+00:00,200,42719.07,
2026-09-11T01:49:45.162316+00:00,200,20834.58,
2026-09-11T01:49:22.941240+00:00,200,43090.10,
2026-09-11T01:49:35.598303+00:00,200,30461.77,
2026-09-11T01:49:05.870656+00:00,200,60191.16,
2026-09-11T01:49:34.506599+00:00,200,31564.50,
2026-09-11T01:49:46.710553+00:00,200,19364.21,
2026-09-11T01:49:44.741039+00:00,200,21333.99,
2026-09-11T01:49:23.880557+00:00,200,42215.61,
2026-09-11T01:49:44.499767+00:00,200,21605.54,
2026-09-11T01:49:42.358679+00:00,200,23765.59,
2026-09-11T01:49:39.472664+00:00,200,26666.39,
2026-09-11T01:49:36.202865+00:00,200,29941.85,
2026-09-11T01:49:42.288277+00:00,200,23859.25,
2026-09-11T01:49:03.474359+00:00,200,62673.93,
2026-09-11T01:49:09.001296+00:00,200,57148.53,
2026-09-11T01:48:32.655259+00:00,200,93499.29,
2026-09-11T01:48:38.626131+00:00,200,87529.01,
2026-09-11T01:49:43.953695+00:00,200,22192.92,
2026-09-11T01:49:40.760673+00:00,200,25452.47,
2026-09-11T01:49:41.538850+00:00,200,24680.24,
2026-09-11T01:49:25.369188+00:00,200,40864.53,
2026-09-11T01:49:06.486546+00:00,200,59750.56,
2026-09-11T01:49:18.744020+00:00,200,47494.44,
2026-09-11T01:49:13.660031+00:00,200,52607.80,
2026-09-11T01:49:29.071430+00:00,200,37210.05,
2026-09-11T01:49:35.488909+00:00,200,30816.87,
2026-09-11T01:48:53.598066+00:00,200,72707.47,
2026-09-11T01:49:46.769830+00:00,200,19578.07,
2026-09-11T01:49:40.857748+00:00,200,25492.06,
2026-09-11T01:49:44.368352+00:00,200,21988.30,
2026-09-11T01:48:48.676673+00:00,200,77683.16,
2026-09-11T01:49:44.289590+00:00,200,22073.46,
2026-09-11T01:49:08.564465+00:00,200,57800.61,
2026-09-11T01:49:31.944227+00:00,200,34443.57,
2026-09-11T01:49:38.191399+00:00,200,28197.47,
2026-09-11T01:49:41.838929+00:00,200,24553.49,
2026-09-11T01:49:06.842718+00:00,200,59552.50,
2026-09-11T01:49:46.119644+00:00,200,20282.38,
2026-09-11T01:48:49.135261+00:00,200,77287.09,
2026-09-11T01:48:58.479176+00:00,200,67947.53,
2026-09-11T01:49:27.258690+00:00,200,39172.09,
2026-09-11T01:49:38.637100+00:00,200,27799.07,
2026-09-11T01:49:10.658830+00:00,200,55791.12,
2026-09-11T01:49:30.927590+00:00,200,35528.43,
2026-09-11T01:48:13.052986+00:00,200,113416.89,
2026-09-11T01:49:37.665842+00:00,200,28822.88,
2026-09-11T01:49:39.660886+00:00,200,26828.54,
2026-09-11T01:49:46.303071+00:00,200,20186.47,
2026-09-11T01:49:45.743267+00:00,200,20777.98,
2026-09-11T01:49:23.263694+00:00,200,43267.00,
2026-09-11T01:49:25.928803+00:00,200,40626.09,
2026-09-11T01:49:42.550391+00:00,200,24023.15,
2026-09-11T01:49:33.517487+00:00,200,33069.55,
2026-09-11T01:49:36.937073+00:00,200,29676.63,
2026-09-11T01:48:58.521458+00:00,200,68093.73,
2026-09-11T01:49:28.941089+00:00,200,37675.80,
2026-09-11T01:49:34.513470+00:00,200,32107.35,
2026-09-11T01:49:29.242267+00:00,200,37381.12,
2026-09-11T01:49:26.304766+00:00,200,40326.29,
2026-09-11T01:49:24.349047+00:00,200,42283.85,
2026-09-11T01:49:39.910034+00:00,200,26729.42,
2026-09-11T01:49:42.896004+00:00,200,23739.52,
2026-09-11T01:48:15.172443+00:00,200,111503.71,
2026-09-11T01:48:53.943518+00:00,200,72750.55,
2026-09-11T01:48:29.874430+00:00,200,96822.66,
2026-09-11T01:49:26.511790+00:00,200,40183.80,
2026-09-11T01:48:55.290004+00:00,200,71416.61,
2026-09-11T01:49:17.163217+00:00,200,49554.63,
2026-09-11T01:49:45.857723+00:00,200,20862.05,
2026-09-11T01:49:30.853775+00:00,200,35872.65,
2026-09-11T01:48:53.799002+00:00,200,72932.93,
2026-09-11T01:48:47.263827+00:00,200,79481.35,
2026-09-11T01:49:36.261994+00:00,200,30486.28,
2026-09-11T01:49:32.014807+00:00,200,34740.67,
2026-09-11T01:49:04.557090+00:00,200,62206.04,
2026-09-11T01:49:37.433899+00:00,200,29331.54,
2026-09-11T01:48:34.405884+00:00,200,92364.25,
2026-09-11T01:49:18.539297+00:00,200,48235.38,
2026-09-11T01:48:38.074240+00:00,200,88713.14,
2026-09-11T01:48:54.156993+00:00,200,72632.22,
2026-09-11T01:49:28.116206+00:00,200,38693.44,
2026-09-11T01:48:46.386425+00:00,200,80416.71,
2026-09-11T01:49:02.164994+00:00,200,64658.97,
2026-09-11T01:49:41.505689+00:00,200,25332.85,
2026-09-11T01:49:36.798751+00:00,200,30076.96,
2026-09-11T01:49:24.140851+00:00,200,42736.27,
2026-09-11T01:49:23.316191+00:00,200,43569.35,
2026-09-11T01:49:38.337852+00:00,200,28555.26,
2026-09-11T01:49:31.984357+00:00,200,34917.57,
2026-09-11T01:49:24.533068+00:00,200,42384.97,
2026-09-11T01:49:11.152917+00:00,200,55759.48,
2026-09-11T01:49:21.661925+00:00,200,45263.63,
2026-09-11T01:49:33.794809+00:00,200,33147.56,
2026-09-11T01:49:29.879937+00:00,200,37062.89,
2026-09-11T01:49:17.919692+00:00,200,49025.78,
2026-09-11T01:49:08.315430+00:00,200,58632.76,
2026-09-11T01:48:31.717338+00:00,200,95230.44,
2026-09-11T01:49:19.906626+00:00,200,47043.83,
2026-09-11T01:48:59.943580+00:00,200,67022.10,
2026-09-11T01:48:14.069778+00:00,200,112932.36,
2026-09-11T01:49:35.791774+00:00,200,31228.99,
2026-09-11T01:48:10.674875+00:00,200,116342.83,
2026-09-11T01:49:15.400468+00:00,200,51661.47,
2026-09-11T01:48:42.942308+00:00,200,84136.61,
2026-09-11T01:49:39.772505+00:00,200,27315.75,
2026-09-11T01:49:37.177878+00:00,200,29921.01,
2026-09-11T01:49:18.252980+00:00,200,48846.87,
2026-09-11T01:48:24.341991+00:00,200,102748.29,
2026-09-11T01:49:40.249941+00:00,200,26855.41,
2026-09-11T01:49:46.854583+00:00,200,20280.45,
2026-09-11T01:48:59.646843+00:00,200,67488.61,
2026-09-11T01:49:35.084250+00:00,200,32050.97,
2026-09-11T01:49:29.316953+00:00,200,37848.01,
2026-09-11T01:49:04.612057+00:00,200,62561.01,
2026-09-11T01:49:03.017643+00:00,200,64166.24,
2026-09-11T01:48:19.649558+00:00,200,107538.75,
2026-09-11T01:49:40.397130+00:00,200,26793.41,
2026-09-11T01:49:11.244073+00:00,200,55956.69,
2026-09-11T01:49:24.440413+00:00,200,42763.19,
2026-09-11T01:49:29.966352+00:00,200,37245.75,
2026-09-11T01:49:35.281848+00:00,200,31978.53,
2026-09-11T01:49:29.618758+00:00,200,37659.57,
2026-09-11T01:49:37.786412+00:00,200,29506.16,
2026-09-11T01:49:36.096881+00:00,200,31196.70,
2026-09-11T01:48:44.522960+00:00,200,82769.60,
2026-09-11T01:49:46.106094+00:00,200,21210.89,
2026-09-11T01:49:24.588611+00:00,200,42730.01,
2026-09-11T01:49:15.793691+00:00,200,51535.49,
2026-09-11T01:49:19.412385+00:00,200,47928.01,
2026-09-11T01:49:41.301484+00:00,200,26042.19,
2026-09-11T01:48:26.202882+00:00,200,101138.78,
2026-09-11T01:49:44.246212+00:00,200,23105.46,
2026-09-11T01:49:16.454767+00:00,200,50900.78,
2026-09-11T01:49:11.400909+00:00,200,55957.41,
2026-09-11T01:49:07.100349+00:00,200,60260.36,
2026-09-11T01:49:42.174950+00:00,200,25190.10,
2026-09-11T01:49:37.186471+00:00,200,30181.93,
2026-09-11T01:49:08.560891+00:00,200,58810.09,
2026-09-11T01:48:38.201836+00:00,200,89196.57,
2026-09-11T01:49:31.005969+00:00,200,36441.70,
2026-09-11T01:49:04.173223+00:00,200,63276.32,
2026-09-11T01:49:13.610027+00:00,200,53850.91,
2026-09-11T01:49:25.072005+00:00,200,42390.84,
2026-09-11T01:49:41.377927+00:00,200,26087.06,
2026-09-11T01:49:16.918525+00:00,200,50557.95,
2026-09-11T01:49:09.312720+00:00,200,58183.98,
2026-09-11T01:48:56.276800+00:00,200,71246.20,
2026-09-11T01:49:24.224113+00:00,200,43306.68,
2026-09-11T01:49:04.832208+00:00,200,62731.14,
2026-09-11T01:49:36.399200+00:00,200,31176.92,
2026-09-11T01:49:43.298478+00:00,200,24286.14,
2026-09-11T01:49:39.995866+00:00,200,27591.08,
2026-09-11T01:49:42.206975+00:00,200,25387.04,
2026-09-11T01:49:18.738262+00:00,200,48862.16,
2026-09-11T01:48:34.805840+00:00,200,92819.02,
2026-09-11T01:49:40.291308+00:00,200,27335.80,
2026-09-11T01:49:19.131970+00:00,200,48497.53,
2026-09-11T01:49:22.064969+00:00,200,45564.34,
2026-09-11T01:49:25.246963+00:00,200,42390.25,
2026-09-11T01:49:29.535505+00:00,200,38107.36,
2026-09-11T01:49:15.816965+00:00,200,51842.10,
2026-09-11T01:49:46.539134+00:00,200,21120.55,
2026-09-11T01:49:14.437446+00:00,200,53241.27,
2026-09-11T01:48:51.849511+00:00,200,75831.90,
2026-09-11T01:48:56.126562+00:00,200,71558.48,
2026-09-11T01:48:21.095179+00:00,200,106593.08,
2026-09-11T01:49:29.015613+00:00,200,38686.00,
2026-09-11T01:48:45.941578+00:00,200,81761.97,
2026-09-11T01:49:15.260827+00:00,200,52457.58,
2026-09-11T01:49:24.015791+00:00,200,43716.69,
2026-09-11T01:49:00.952650+00:00,200,66801.36,
2026-09-11T01:48:43.082092+00:00,200,84664.74,
2026-09-11T01:49:38.652749+00:00,200,29109.37,
2026-09-11T01:49:35.321293+00:00,200,32443.89,
2026-09-11T01:49:43.754683+00:00,200,24010.99,
2026-09-11T01:49:39.204313+00:00,200,28583.52,
2026-09-11T01:49:22.771333+00:00,200,45016.68,
2026-09-11T01:49:26.027443+00:00,200,41772.35,
2026-09-11T01:49:42.476231+00:00,200,25328.13,
2026-09-11T01:49:25.836792+00:00,200,41990.35,
2026-09-11T01:49:29.796583+00:00,200,38037.00,
2026-09-11T01:49:16.142393+00:00,200,51696.67,
2026-09-11T01:48:03.601836+00:00,200,124251.65,
2026-09-11T01:48:47.408414+00:00,200,80446.64,
2026-09-11T01:49:08.790376+00:00,200,59069.22,
2026-09-11T01:49:09.256354+00:00,200,58608.60,
2026-09-11T01:49:24.499868+00:00,200,43367.01,
2026-09-11T01:49:39.419797+00:00,200,28453.07,
2026-09-11T01:49:01.078330+00:00,200,66816.92,
2026-09-11T01:49:33.199849+00:00,200,34702.54,
2026-09-11T01:48:52.600759+00:00,200,75314.73,
2026-09-11T01:49:31.903773+00:00,200,36034.94,
2026-09-11T01:49:22.957812+00:00,200,44983.63,
2026-09-11T01:49:22.824530+00:00,200,45113.11,
2026-09-11T01:49:16.026346+00:00,200,51921.69,
2026-09-11T01:48:47.051853+00:00,200,80906.17,
2026-09-11T01:49:43.492069+00:00,200,24468.23,
2026-09-11T01:49:10.559469+00:00,200,57403.80,
2026-09-11T01:48:51.035940+00:00,200,76937.53,
2026-09-11T01:49:33.685588+00:00,200,34292.34,
2026-09-11T01:49:39.236961+00:00,200,28756.26,
2026-09-11T01:49:17.723772+00:00,200,50271.68,
2026-09-11T01:49:41.461140+00:00,200,26535.00,
2026-09-11T01:49:42.704145+00:00,200,25309.05,
2026-09-11T01:49:38.925569+00:00,200,29117.02,
2026-09-11T01:49:43.727812+00:00,200,24323.54,
2026-09-11T01:48:31.671823+00:00,200,96407.03,
2026-09-11T01:49:38.508601+00:00,200,29568.91,
2026-09-11T01:49:27.811001+00:00,200,40293.65,
2026-09-11T01:49:44.128454+00:00,200,23977.12,
2026-09-11T01:49:36.390618+00:00,200,31722.22,
2026-09-11T01:49:22.380067+00:00,200,45741.51,
2026-09-11T01:49:22.039619+00:00,200,46107.21,
2026-09-11T01:49:07.064738+00:00,200,61089.83,
2026-09-11T01:49:06.620283+00:00,200,61545.88,
2026-09-11T01:49:31.391887+00:00,200,36775.38,
2026-09-11T01:49:04.856581+00:00,200,63325.12,
2026-09-11T01:48:51.455684+00:00,200,76720.80,
2026-09-11T01:49:37.836831+00:00,200,30355.56,
2026-09-11T01:49:45.025212+00:00,200,23167.68,
2026-09-11T01:49:14.815340+00:00,200,53382.26,
2026-09-11T01:48:27.084351+00:00,200,101128.75,
2026-09-11T01:48:53.442042+00:00,200,74769.72,
2026-09-11T01:49:33.836948+00:00,200,34385.42,
2026-09-11T01:49:33.949009+00:00,200,34291.30,
2026-09-11T01:49:42.789471+00:00,200,25461.18,
2026-09-11T01:48:53.253541+00:00,200,75001.31,
2026-09-11T01:48:41.082326+00:00,200,87187.89,
2026-09-11T01:49:08.840484+00:00,200,59440.14,
2026-09-11T01:48:43.630472+00:00,200,84648.71,
2026-09-11T01:48:51.495344+00:00,200,76792.65,
2026-09-11T01:49:09.762903+00:00,200,58533.24,
2026-09-11T01:49:46.591983+00:00,200,21723.90,
2026-09-11T01:49:30.328297+00:00,200,38013.56,
2026-09-11T01:49:07.791927+00:00,200,60564.60,
2026-09-11T01:49:44.399128+00:00,200,23968.46,
2026-09-11T01:49:12.457074+00:00,200,55914.38,
2026-09-11T01:49:40.750460+00:00,200,27622.11,
2026-09-11T01:49:28.552078+00:00,200,39825.31,
2026-09-11T01:48:18.731978+00:00,200,109650.33,
2026-09-11T01:48:38.675840+00:00,200,89725.97,
2026-09-11T01:48:20.337807+00:00,200,108097.67,
2026-09-11T01:49:32.507330+00:00,200,35928.27,
2026-09-11T01:48:56.707606+00:00,200,71743.32,
2026-09-11T01:49:33.234738+00:00,200,35223.32,
2026-09-11T01:47:21.552968+00:00,200,166920.66,
2026-09-11T01:49:37.054017+00:00,200,31432.68,
2026-09-11T01:48:42.105561+00:00,200,86379.42,
2026-09-11T01:49:30.249022+00:00,200,38249.80,
2026-09-11T01:49:39.218281+00:00,200,29300.58,
2026-09-11T01:48:24.251738+00:00,200,104269.61,
2026-09-11T01:48:52.946113+00:00,200,75595.80,
2026-09-11T01:49:32.375870+00:00,200,36164.76,
2026-09-11T01:49:24.474249+00:00,200,44077.50,
2026-09-11T01:48:42.446475+00:00,200,86118.27,
2026-09-11T01:48:49.635208+00:00,200,78930.49,
2026-09-11T01:49:28.006005+00:00,200,40573.46,
2026-09-11T01:49:07.136486+00:00,200,61459.14,
2026-09-11T01:49:14.990287+00:00,200,53605.49,
2026-09-11T01:49:22.560807+00:00,200,46050.35,
2026-09-11T01:49:36.224713+00:00,200,32385.92,
2026-09-11T01:49:15.252279+00:00,200,53360.25,
2026-09-11T01:49:46.814337+00:00,200,21811.00,
2026-09-11T01:49:32.322874+00:00,200,36302.82,
2026-09-11T01:49:28.169800+00:00,200,40466.80,
2026-09-11T01:49:38.032394+00:00,200,30619.40,
2026-09-11T01:49:43.854602+00:00,200,24807.78,
2026-09-11T01:48:41.457604+00:00,200,87203.03,
2026-09-11T01:49:43.616595+00:00,200,25052.38,
2026-09-11T01:49:40.079169+00:00,200,28600.17,
2026-09-11T01:49:13.806243+00:00,200,54876.36,
2026-09-11T01:48:44.980420+00:00,200,83709.07,
2026-09-11T01:49:34.141606+00:00,200,34604.70,
2026-09-11T01:49:26.654650+00:00,200,42092.68,
2026-09-11T01:49:38.095908+00:00,200,30685.02,
2026-09-11T01:49:45.419697+00:00,200,23364.43,
2026-09-11T01:49:35.958094+00:00,200,32830.39,
2026-09-11T01:49:09.479133+00:00,200,59323.67,
2026-09-11T01:49:34.338307+00:00,200,34473.22,
2026-09-11T01:49:37.827540+00:00,200,30983.22,
2026-09-11T01:49:10.736337+00:00,200,58080.31,
2026-09-11T01:49:29.277822+00:00,200,39540.24,
2026-09-11T01:49:34.933822+00:00,200,33889.30,
2026-09-11T01:49:39.584155+00:00,200,29248.59,
2026-09-11T01:49:21.647492+00:00,200,47189.76,
2026-09-11T01:48:45.022066+00:00,200,83820.33,
2026-09-11T01:49:08.864964+00:00,200,59978.74,
2026-09-11T01:49:45.104004+00:00,200,23750.60,
2026-09-11T01:49:41.612152+00:00,200,27261.86,
2026-09-11T01:48:14.406185+00:00,200,114465.05,
2026-09-11T01:48:52.947120+00:00,200,75927.39,
2026-09-11T01:49:45.220682+00:00,200,23669.83,
2026-09-11T01:49:33.586731+00:00,200,35339.27,
2026-09-11T01:49:05.210494+00:00,200,63734.16,
2026-09-11T01:49:21.932816+00:00,200,47058.98,
2026-09-11T01:49:22.971851+00:00,200,46032.57,
2026-09-11T01:49:43.623957+00:00,200,25403.00,
2026-09-11T01:49:44.753880+00:00,200,24283.30,
2026-09-11T01:49:35.130926+00:00,200,33931.73,
2026-09-11T01:47:52.589317+00:00,200,136478.91,
2026-09-11T01:49:23.205875+00:00,200,45870.31,
2026-09-11T01:49:44.532247+00:00,200,24576.91,
2026-09-11T01:49:23.702941+00:00,200,45421.14,
2026-09-11T01:49:36.883958+00:00,200,32233.97,
2026-09-11T01:49:34.959483+00:00,200,34167.05,
2026-09-11T01:49:45.214597+00:00,200,23920.23,
2026-09-11T01:49:42.637267+00:00,200,26500.16,
2026-09-11T01:48:55.905141+00:00,200,73251.79,
2026-09-11T01:48:16.041861+00:00,200,113135.95,
2026-09-11T01:49:36.621368+00:00,200,32558.55,
2026-09-11T01:49:46.568467+00:00,200,22611.71,
2026-09-11T01:49:04.404582+00:00,200,64778.60,
2026-09-11T01:48:41.240476+00:00,200,87948.85,
2026-09-11T01:49:44.852393+00:00,200,24342.05,
2026-09-11T01:49:43.509098+00:00,200,25696.25,
2026-09-11T01:48:15.512402+00:00,200,113700.48,
2026-09-11T01:49:34.592530+00:00,200,34620.96,
2026-09-11T01:49:37.930070+00:00,200,31308.13,
2026-09-11T01:49:19.767557+00:00,200,49474.82,
2026-09-11T01:49:43.100864+00:00,200,26143.16,
2026-09-11T01:49:39.791928+00:00,200,29473.55,
2026-09-11T01:49:02.681635+00:00,200,66592.87,
2026-09-11T01:49:38.708276+00:00,200,30586.61,
2026-09-11T01:49:45.432078+00:00,200,23891.44,
2026-09-11T01:49:42.896004+00:00,200,26419.93,
2026-09-11T01:48:47.997593+00:00,200,81336.41,
2026-09-11T01:49:07.930202+00:00,200,61436.62,
2026-09-11T01:49:34.672439+00:00,200,34705.45,
2026-09-11T01:49:22.938108+00:00,200,46446.95,
2026-09-11T01:49:37.811839+00:00,200,31568.55,
2026-09-11T01:49:43.009775+00:00,200,26378.73,
2026-09-11T01:48:47.876097+00:00,200,81521.82,
2026-09-11T01:48:41.855763+00:00,200,87542.94,
2026-09-11T01:49:21.654893+00:00,200,47763.95,
2026-09-11T01:49:34.274836+00:00,200,35153.33,
2026-09-11T01:48:36.882795+00:00,200,92550.31,
2026-09-11T01:49:39.650356+00:00,200,29801.66,
2026-09-11T01:49:13.357888+00:00,200,56097.47,
2026-09-11T01:49:24.545149+00:00,200,44912.72,
2026-09-11T01:49:37.199606+00:00,200,32270.86,
2026-09-11T01:49:29.699777+00:00,200,39772.42,
2026-09-11T01:49:46.143201+00:00,200,23339.02,
2026-09-11T01:49:24.298239+00:00,200,45185.27,
2026-09-11T01:49:40.523103+00:00,200,28969.84,
2026-09-11T01:48:52.012967+00:00,200,77494.00,
2026-09-11T01:48:21.394292+00:00,200,108136.42,
2026-09-11T01:49:45.780517+00:00,200,23762.24,
2026-09-11T01:49:23.600075+00:00,200,45946.49,
2026-09-11T01:49:38.874908+00:00,200,30688.67,
2026-09-11T01:48:05.932008+00:00,200,123636.57,
2026-09-11T01:49:40.996844+00:00,200,28574.23,
2026-09-11T01:49:43.637733+00:00,200,25936.05,
2026-09-11T01:49:25.474394+00:00,200,44090.25,
2026-09-11T01:49:06.793417+00:00,200,62809.30,
2026-09-11T01:48:53.442042+00:00,200,76165.82,
2026-09-11T01:49:43.985565+00:00,200,25625.86,
2026-09-11T01:48:39.779101+00:00,200,89846.01,
2026-09-11T01:49:42.041786+00:00,200,27588.97,
2026-09-11T01:49:44.945368+00:00,200,24693.51,
2026-09-11T01:49:02.715932+00:00,200,66934.76,
2026-09-11T01:49:35.841405+00:00,200,33813.50,
2026-09-11T01:49:41.078878+00:00,200,28576.76,
2026-09-11T01:49:12.037731+00:00,200,57624.99,
2026-09-11T01:49:31.309438+00:00,200,38358.88,
2026-09-11T01:49:10.745927+00:00,200,58923.21,
2026-09-11T01:48:32.038054+00:00,200,97637.65,
2026-09-11T01:49:13.395304+00:00,200,56287.49,
2026-09-11T01:49:28.779490+00:00,200,40919.57,
2026-09-11T01:49:20.592486+00:00,200,49107.96,
2026-09-11T01:49:40.605838+00:00,200,29093.18,
2026-09-11T01:49:14.706896+00:00,200,55004.04,
2026-09-11T01:48:41.616696+00:00,200,88115.84,
2026-09-11T01:49:39.348859+00:00,200,30420.35,
2026-09-11T01:49:43.045633+00:00,200,26727.50,
2026-09-11T01:49:19.538769+00:00,200,50240.40,
2026-09-11T01:48:57.857518+00:00,200,71936.62,
2026-09-11T01:47:55.724291+00:00,200,134069.73,
2026-09-11T01:49:06.697522+00:00,200,63104.59,
2026-09-11T01:49:15.685906+00:00,200,54123.75,
2026-09-11T01:49:38.283137+00:00,200,31558.02,
2026-09-11T01:49:11.605618+00:00,200,58241.14,
2026-09-11T01:49:33.006239+00:00,200,36870.51,
2026-09-11T01:48:44.948624+00:00,200,84928.86,
2026-09-11T01:48:26.445886+00:00,200,103439.65,
2026-09-11T01:49:34.645276+00:00,200,35247.83,
2026-09-11T01:49:13.123031+00:00,200,56773.55,
2026-09-11T01:49:43.273002+00:00,200,26625.09,
2026-09-11T01:49:04.040851+00:00,200,65869.73,
2026-09-11T01:48:28.238253+00:00,200,101674.06,
2026-09-11T01:49:10.586462+00:00,200,59330.70,
2026-09-11T01:47:43.884520+00:00,200,146034.39,
2026-09-11T01:49:33.103554+00:00,200,36839.20,
2026-09-11T01:49:43.494660+00:00,200,26466.84,
2026-09-11T01:49:44.447581+00:00,200,25517.42,
2026-09-11T01:49:43.969574+00:00,200,25990.91,
2026-09-11T01:49:43.830115+00:00,200,26142.81,
2026-09-11T01:48:59.476609+00:00,200,70497.43,
2026-09-11T01:49:35.468773+00:00,200,34507.68,
2026-09-11T01:49:28.725401+00:00,200,41253.97,
2026-09-11T01:49:23.835532+00:00,200,46152.05,
2026-09-11T01:49:21.701883+00:00,200,48292.72,
2026-09-11T01:48:05.176152+00:00,200,124815.13,
2026-09-11T01:49:29.535505+00:00,200,40456.59,
2026-09-11T01:49:12.343638+00:00,200,57657.73,
2026-09-11T01:49:45.006599+00:00,200,25003.10,
2026-09-11T01:49:37.028634+00:00,200,32984.65,
2026-09-11T01:48:34.433056+00:00,200,95589.48,
2026-09-11T01:49:45.454191+00:00,200,24576.39,
2026-09-11T01:49:33.745832+00:00,200,36288.31,
2026-09-11T01:49:43.953695+00:00,200,26075.32,
2026-09-11T01:49:43.004689+00:00,200,27067.08,
2026-09-11T01:49:29.916240+00:00,200,40173.22,
2026-09-11T01:48:37.278871+00:00,200,92829.93,
2026-09-11T01:49:21.915009+00:00,200,48199.48,
2026-09-11T01:49:45.475833+00:00,200,24641.28,
2026-09-11T01:49:44.764015+00:00,200,25364.64,
2026-09-11T01:48:52.124297+00:00,200,78006.55,
2026-09-11T01:49:32.844819+00:00,200,37300.81,
2026-09-11T01:49:25.447181+00:00,200,44698.52,
2026-09-11T01:48:19.029704+00:00,200,111157.81,
2026-09-11T01:49:03.857099+00:00,200,66335.86,
2026-09-11T01:49:18.539297+00:00,200,51653.44,
2026-09-11T01:49:40.408809+00:00,200,29786.23,
2026-09-11T01:49:08.080286+00:00,200,62117.20,
2026-09-11T01:48:29.019416+00:00,200,101182.64,
2026-09-11T01:49:14.752605+00:00,200,55455.70,
2026-09-11T01:49:43.075065+00:00,200,27170.63,
2026-09-11T01:49:31.452777+00:00,200,38781.70,
2026-09-11T01:49:43.034341+00:00,200,27225.73,
2026-09-11T01:47:41.903989+00:00,200,148356.13,
2026-09-11T01:49:30.297809+00:00,200,39978.39,
2026-09-11T01:48:37.415355+00:00,200,92877.98,
2026-09-11T01:49:07.845194+00:00,200,62464.67,
2026-09-11T01:47:33.040959+00:00,200,157278.05,
2026-09-11T01:49:00.039503+00:00,200,70279.77,
2026-09-11T01:49:45.108564+00:00,200,25211.92,
2026-09-11T01:49:28.052287+00:00,200,42265.42,
2026-09-11T01:49:04.260863+00:00,200,66069.61,
2026-09-11T01:48:56.914423+00:00,200,73425.91,
2026-09-11T01:49:45.438098+00:00,200,24916.75,
2026-09-11T01:49:07.619690+00:00,200,62737.89,
2026-09-11T01:49:31.767629+00:00,200,38599.88,
2026-09-11T01:49:23.769092+00:00,200,46617.00,
2026-09-11T01:49:31.775529+00:00,200,38611.09,
2026-09-11T01:49:43.226964+00:00,200,27170.40,
2026-09-11T01:48:45.179429+00:00,200,85213.28,
2026-09-11T01:49:24.373787+00:00,200,46040.47,
2026-09-11T01:49:29.074947+00:00,200,41346.23,
2026-09-11T01:49:22.746427+00:00,200,47676.16,
2026-09-11T01:49:40.445606+00:00,200,29986.03,
2026-09-11T01:49:34.383789+00:00,200,36052.60,
2026-09-11T01:49:07.992357+00:00,200,62445.57,
2026-09-11T01:49:23.847016+00:00,200,46595.03,
2026-09-11T01:49:43.243568+00:00,200,27200.91,
2026-09-11T01:49:07.316925+00:00,200,63152.25,
2026-09-11T01:48:34.816191+00:00,200,95653.30,
2026-09-11T01:47:50.627441+00:00,200,139847.73,
2026-09-11T01:49:21.036102+00:00,200,49442.40,
2026-09-11T01:49:24.771371+00:00,200,45725.72,
2026-09-11T01:49:12.369069+00:00,200,58132.33,
2026-09-11T01:49:32.419096+00:00,200,38089.76,
2026-09-11T01:49:02.410907+00:00,200,68099.76,
2026-09-11T01:48:36.169270+00:00,200,94374.32,
2026-09-11T01:49:44.348632+00:00,200,26200.17,
2026-09-11T01:48:00.649872+00:00,200,129891.86,
2026-09-11T01:49:06.131471+00:00,200,64463.30,
2026-09-11T01:49:26.448875+00:00,200,44147.93,
2026-09-11T01:48:57.514936+00:00,200,73078.11,
2026-09-11T01:49:46.712558+00:00,200,23890.47,
2026-09-11T01:49:41.492031+00:00,200,29114.97,
2026-09-11T01:47:53.811794+00:00,200,136789.15,
2026-09-11T01:49:27.302659+00:00,200,43317.90,
2026-09-11T01:47:56.607906+00:00,200,134013.78,
2026-09-11T01:49:34.955472+00:00,200,35684.79,
2026-09-11T01:48:45.513107+00:00,200,85142.07,
2026-09-11T01:49:22.882761+00:00,200,47792.07,
2026-09-11T01:49:42.364678+00:00,200,28314.97,
2026-09-11T01:49:27.737553+00:00,200,42940.55,
2026-09-11T01:49:28.135687+00:00,200,42549.03,
2026-09-11T01:49:46.581631+00:00,200,24105.06,
2026-09-11T01:48:54.006393+00:00,200,76692.92,
2026-09-11T01:49:44.320810+00:00,200,26380.21,
2026-09-11T01:49:32.986426+00:00,200,37716.25,
2026-09-11T01:49:27.541604+00:00,200,43161.23,
2026-09-11T01:49:40.008410+00:00,200,30692.79,
2026-09-11T01:48:25.778278+00:00,200,104955.37,
2026-09-11T01:49:39.854946+00:00,200,30881.69,
2026-09-11T01:48:55.601525+00:00,200,75144.82,
2026-09-11T01:49:09.843552+00:00,200,60925.02,
2026-09-11T01:49:43.263963+00:00,200,27515.90,
2026-09-11T01:49:18.275969+00:00,200,52510.30,
2026-09-11T01:49:44.221323+00:00,200,26565.45,
2026-09-11T01:49:40.145760+00:00,200,30641.00,
2026-09-11T01:49:40.234967+00:00,200,30567.76,
2026-09-11T01:49:31.417230+00:00,200,39384.94,
2026-09-11T01:49:06.245656+00:00,200,64558.86,
2026-09-11T01:49:45.687474+00:00,200,25149.32,
2026-09-11T01:49:32.613768+00:00,200,38232.29,
2026-09-11T01:47:58.166609+00:00,200,132688.80,
2026-09-11T01:49:30.061963+00:00,200,40804.59,
2026-09-11T01:48:52.297125+00:00,200,78586.48,
2026-09-11T01:48:16.916713+00:00,200,113980.04,
2026-09-11T01:49:11.673734+00:00,200,59230.80,
2026-09-11T01:49:30.493642+00:00,200,40439.15,
2026-09-11T01:49:23.471521+00:00,200,47464.71,
2026-09-11T01:49:17.665403+00:00,200,53281.21,
2026-09-11T01:49:43.361296+00:00,200,27590.45,
2026-09-11T01:49:06.353777+00:00,200,64606.67,
2026-09-11T01:49:05.220047+00:00,200,65741.13,
2026-09-11T01:49:43.448087+00:00,200,27521.70,
2026-09-11T01:49:45.984075+00:00,200,24997.87,
2026-09-11T01:49:45.121531+00:00,200,25861.31,
2026-09-11T01:49:30.750615+00:00,200,40249.42,
2026-09-11T01:48:51.884195+00:00,200,79104.61,
2026-09-11T01:49:40.817811+00:00,200,30183.95,
2026-09-11T01:49:39.058208+00:00,200,31946.64,
2026-09-11T01:49:46.805302+00:00,200,24221.86,
2026-09-11T01:49:41.320569+00:00,200,29716.63,
2026-09-11T01:49:14.748841+00:00,200,56295.08,
2026-09-11T01:49:05.426868+00:00,200,65617.77,
2026-09-11T01:49:46.386851+00:00,200,24658.50,
2026-09-11T01:47:57.353819+00:00,200,133710.95,
2026-09-11T01:49:19.107548+00:00,200,51960.24,
2026-09-11T01:49:31.169789+00:00,200,39901.44,
2026-09-11T01:49:09.245183+00:00,200,61841.46,
2026-09-11T01:48:44.349147+00:00,200,86742.56,
2026-09-11T01:49:42.940721+00:00,200,28159.14,
2026-09-11T01:48:17.281653+00:00,200,113819.68,
2026-09-11T01:48:45.770358+00:00,200,85329.29,
2026-09-11T01:48:47.338651+00:00,200,83766.97,
2026-09-11T01:49:23.419856+00:00,200,47702.34,
2026-09-11T01:49:46.060812+00:00,200,25083.48,
2026-09-11T01:49:15.216208+00:00,200,55944.25,
2026-09-11T01:48:51.788691+00:00,200,79361.11,
2026-09-11T01:49:29.659021+00:00,200,41509.96,
2026-09-11T01:49:26.143474+00:00,200,45025.30,
2026-09-11T01:49:43.450969+00:00,200,27725.80,
2026-09-11T01:48:01.104938+00:00,200,130067.45,
2026-09-11T01:49:06.422784+00:00,200,64774.45,
2026-09-11T01:49:28.006005+00:00,200,43185.65,
2026-09-11T01:49:43.731822+00:00,200,27473.68,
2026-09-11T01:49:18.286494+00:00,200,52932.06,
2026-09-11T01:49:04.688085+00:00,200,66548.20,
2026-09-11T01:49:39.053593+00:00,200,32208.53,
2026-09-11T01:48:25.517154+00:00,200,105746.60,
2026-09-11T01:49:22.138242+00:00,200,49131.93,
2026-09-11T01:49:35.119384+00:00,200,36156.66,
2026-09-11T01:49:09.654663+00:00,200,61632.92,
2026-09-11T01:49:16.885430+00:00,200,54404.21,
2026-09-11T01:49:15.561291+00:00,200,55735.80,
2026-09-11T01:49:31.148071+00:00,200,40155.56,
2026-09-11T01:49:20.092705+00:00,200,51213.56,
2026-09-11T01:49:39.744292+00:00,200,31581.05,
2026-09-11T01:49:26.104635+00:00,200,45223.47,
2026-09-11T01:49:31.345339+00:00,200,40010.27,
2026-09-11T01:49:38.335847+00:00,200,33040.67,
2026-09-11T01:49:41.297474+00:00,200,30084.24,
2026-09-11T01:49:36.316545+00:00,200,35066.10,
2026-09-11T01:49:32.514104+00:00,200,38870.13,
2026-09-11T01:48:45.308022+00:00,200,86080.81,
2026-09-11T01:49:33.241455+00:00,200,38162.49,
2026-09-11T01:49:35.467266+00:00,200,35944.90,
2026-09-11T01:49:13.934636+00:00,200,57481.88,
2026-09-11T01:49:07.542433+00:00,200,63874.82,
2026-09-11T01:49:12.409172+00:00,200,59029.78,
2026-09-11T01:49:43.811156+00:00,200,27640.70,
2026-09-11T01:49:44.643918+00:00,200,26813.00,
2026-09-11T01:49:38.878255+00:00,200,32580.25,
2026-09-11T01:49:36.161573+00:00,200,35299.08,
2026-09-11T01:49:44.609767+00:00,200,26851.74,
2026-09-11T01:49:34.253857+00:00,200,37212.79,
2026-09-11T01:49:19.980640+00:00,200,51495.83,
2026-09-11T01:48:48.879765+00:00,200,82601.40,
2026-09-11T01:49:07.804224+00:00,200,63686.60,
2026-09-11T01:49:32.162400+00:00,200,39339.90,
2026-09-11T01:49:11.836460+00:00,200,59669.66,
2026-09-11T01:48:04.086574+00:00,200,127448.62,
2026-09-11T01:49:46.723883+00:00,200,24817.32,
2026-09-11T01:49:40.546247+00:00,200,31006.08,
2026-09-11T01:49:20.698098+00:00,200,50855.22,
2026-09-11T01:49:44.717309+00:00,200,26845.82,
2026-09-11T01:49:01.261821+00:00,200,70318.23,
2026-09-11T01:48:59.809831+00:00,200,71791.33,
2026-09-11T01:49:11.341409+00:00,200,60263.50,
2026-09-11T01:48:40.824057+00:00,200,90780.95,
2026-09-11T01:49:09.252344+00:00,200,62367.30,
2026-09-11T01:49:31.780126+00:00,200,39855.41,
2026-09-11T01:49:09.607249+00:00,200,62033.62,
2026-09-11T01:49:11.868591+00:00,200,59784.75,
2026-09-11T01:49:37.943133+00:00,200,33718.31,
2026-09-11T01:49:44.821165+00:00,200,26842.92,
2026-09-11T01:49:45.050188+00:00,200,26613.03,
2026-09-11T01:49:02.267739+00:00,200,69454.46,
2026-09-11T01:49:21.932816+00:00,200,49792.31,
2026-09-11T01:49:16.476102+00:00,200,55254.27,
2026-09-11T01:49:08.446204+00:00,200,63285.56,
2026-09-11T01:49:37.948865+00:00,200,33790.23,
2026-09-11T01:49:24.889511+00:00,200,46853.78,
2026-09-11T01:48:43.636510+00:00,200,88121.09,
2026-09-11T01:48:30.148555+00:00,200,101612.73,
2026-09-11T01:47:35.588675+00:00,200,156176.93,
2026-09-11T01:49:46.202006+00:00,200,25581.97,
2026-09-11T01:49:44.144016+00:00,200,27643.37,
2026-09-11T01:49:42.870119+00:00,200,28936.65,
2026-09-11T01:49:36.749184+00:00,200,35062.12,
2026-09-11T01:49:05.588427+00:00,200,66226.98,
2026-09-11T01:49:45.748829+00:00,200,26067.36,
2026-09-11T01:48:09.641489+00:00,200,122220.26,
2026-09-11T01:49:42.503743+00:00,200,29392.06,
2026-09-11T01:48:04.684262+00:00,200,127218.71,
2026-09-11T01:49:02.589660+00:00,200,69317.67,
2026-09-11T01:49:43.235542+00:00,200,28673.78,
2026-09-11T01:49:31.381331+00:00,200,40540.22,
2026-09-11T01:48:23.687591+00:00,200,108234.00,
2026-09-11T01:49:43.504688+00:00,200,28434.00,
2026-09-11T01:49:25.670584+00:00,200,46268.98,
2026-09-11T01:49:01.576313+00:00,200,70368.82,
2026-09-11T01:49:41.031163+00:00,200,30915.54,
2026-09-11T01:48:54.992572+00:00,200,76947.57,
2026-09-11T01:49:41.027413+00:00,200,30961.40,
2026-09-11T01:49:03.595711+00:00,200,68395.07,
2026-09-11T01:49:33.615665+00:00,200,38379.89,
2026-09-11T01:49:32.276946+00:00,200,39721.13,
2026-09-11T01:49:26.175792+00:00,200,45823.94,
2026-09-11T01:49:40.944472+00:00,200,31067.97,
2026-09-11T01:49:29.907758+00:00,200,42099.91,
2026-09-11T01:48:41.980197+00:00,200,90048.77,
2026-09-11T01:48:56.491008+00:00,200,75527.25,
2026-09-11T01:47:59.811286+00:00,200,132223.24,
2026-09-11T01:49:39.393344+00:00,200,32661.77,
2026-09-11T01:49:10.268149+00:00,200,61798.50,
2026-09-11T01:49:36.417339+00:00,200,35655.51,
2026-09-11T01:49:45.341238+00:00,200,26737.32,
2026-09-11T01:49:44.950161+00:00,200,27131.92,
2026-09-11T01:48:29.684526+00:00,200,102405.05,
2026-09-11T01:49:06.307241+00:00,200,65796.09,
2026-09-11T01:49:26.436840+00:00,200,45692.21,
2026-09-11T01:49:42.387108+00:00,200,29753.11,
2026-09-11T01:49:45.859732+00:00,200,26307.95,
2026-09-11T01:49:44.328839+00:00,200,27842.43,
2026-09-11T01:49:46.449781+00:00,200,25724.91,
2026-09-11T01:49:13.189928+00:00,200,58984.92,
2026-09-11T01:49:00.937704+00:00,200,71263.74,
2026-09-11T01:49:22.058751+00:00,200,50151.69,
2026-09-11T01:49:32.916431+00:00,200,39299.78,
2026-09-11T01:49:11.912917+00:00,200,60319.29,
2026-09-11T01:48:48.752711+00:00,200,83483.28,
2026-09-11T01:49:28.278102+00:00,200,43966.55,
2026-09-11T01:49:16.491687+00:00,200,55759.33,
2026-09-11T01:47:42.442773+00:00,200,149820.47,
2026-09-11T01:49:36.513452+00:00,200,35790.70,
2026-09-11T01:49:32.156385+00:00,200,40148.19,
2026-09-11T01:49:38.095908+00:00,200,34208.84,
2026-09-11T01:48:46.582733+00:00,200,85727.67,
2026-09-11T01:48:41.029660+00:00,200,91290.23,
2026-09-11T01:48:38.064551+00:00,200,94258.28,
2026-09-11T01:49:39.632912+00:00,200,32698.73,
2026-09-11T01:49:35.576853+00:00,200,36757.68,
2026-09-11T01:49:43.710213+00:00,200,28627.27,
2026-09-11T01:49:10.654136+00:00,200,61697.33,
2026-09-11T01:48:43.398206+00:00,200,88951.77,
2026-09-11T01:49:31.910794+00:00,200,40460.73,
2026-09-11T01:48:59.832249+00:00,200,72555.86,
2026-09-11T01:49:00.212975+00:00,200,72187.18,
2026-09-11T01:48:58.425115+00:00,200,73984.26,
2026-09-11T01:49:29.142521+00:00,200,43281.35,
2026-09-11T01:49:42.791476+00:00,200,29637.75,
2026-09-11T01:49:38.473152+00:00,200,33960.83,
2026-09-11T01:49:12.887804+00:00,200,59547.53,
2026-09-11T01:48:36.162056+00:00,200,96276.46,
2026-09-11T01:49:41.836308+00:00,200,30613.04,
2026-09-11T01:48:44.547057+00:00,200,87915.34,
2026-09-11T01:49:43.985565+00:00,200,28478.09,
2026-09-11T01:49:45.033523+00:00,200,27448.08,
2026-09-11T01:48:39.282177+00:00,200,93199.06,
2026-09-11T01:49:41.105713+00:00,200,31380.85,
2026-09-11T01:49:15.891688+00:00,200,56590.25,
2026-09-11T01:49:26.473352+00:00,200,46016.74,
2026-09-11T01:49:02.465058+00:00,200,70024.97,
2026-09-11T01:49:29.105482+00:00,200,43393.88,
2026-09-11T01:49:00.406545+00:00,200,72097.98,
2026-09-11T01:49:42.178566+00:00,200,30343.75,
2026-09-11T01:49:23.824166+00:00,200,48702.52,
2026-09-11T01:49:43.516388+00:00,200,29018.24,
2026-09-11T01:49:22.115976+00:00,200,50418.99,
2026-09-11T01:48:29.530852+00:00,200,103002.46,
2026-09-11T01:49:07.493074+00:00,200,65071.81,
2026-09-11T01:49:37.611686+00:00,200,34966.64,
2026-09-11T01:48:25.650724+00:00,200,106941.55,
2026-09-11T01:49:28.290186+00:00,200,44323.62,
2026-09-11T01:49:22.880027+00:00,200,49749.79,
2026-09-11T01:49:43.139017+00:00,200,29486.70,
2026-09-11T01:47:54.708505+00:00,200,137917.61,
2026-09-11T01:49:43.047639+00:00,200,29604.30,
2026-09-11T01:49:35.608329+00:00,200,37046.21,
2026-09-11T01:48:59.031350+00:00,200,73627.24,
2026-09-11T01:48:39.552665+00:00,200,93107.52,
2026-09-11T01:48:53.442042+00:00,200,79230.23,
2026-09-11T01:48:53.793605+00:00,200,78882.64,
2026-09-11T01:49:33.701077+00:00,200,38982.70,
2026-09-11T01:48:46.418382+00:00,200,86269.87,
2026-09-11T01:48:52.195088+00:00,200,80498.40,
2026-09-11T01:49:22.341606+00:00,200,50359.10,
2026-09-11T01:49:23.994390+00:00,200,48735.67,
2026-09-11T01:49:15.797701+00:00,200,56927.77,
2026-09-11T01:48:58.555563+00:00,200,74184.11,
2026-09-11T01:49:08.274409+00:00,200,64474.65,
2026-09-11T01:49:30.821341+00:00,200,41933.77,
2026-09-11T01:49:42.174950+00:00,200,30582.27,
2026-09-11T01:49:08.258005+00:00,200,64501.51,
2026-09-11T01:49:31.106263+00:00,200,41653.26,
2026-09-11T01:49:23.318200+00:00,200,49443.59,
2026-09-11T01:48:57.098128+00:00,200,75680.90,
2026-09-11T01:49:33.945001+00:00,200,38848.35,
2026-09-11T01:49:42.125089+00:00,200,30694.98,
2026-09-11T01:49:20.886902+00:00,200,51937.06,
2026-09-11T01:49:41.891726+00:00,200,30934.23,
2026-09-11T01:49:29.348063+00:00,200,43480.86,
2026-09-11T01:48:24.936372+00:00,200,107890.59,
2026-09-11T01:49:36.396238+00:00,200,36451.72,
2026-09-11T01:48:52.281790+00:00,200,80564.74,
2026-09-11T01:48:58.244436+00:00,200,74614.55,
2026-09-11T01:49:31.670839+00:00,200,41219.44,
2026-09-11T01:49:38.641110+00:00,200,34249.13,
2026-09-11T01:47:38.768555+00:00,200,154122.43,
2026-09-11T01:49:43.438324+00:00,200,29472.08,
2026-09-11T01:49:33.820393+00:00,200,39095.99,
2026-09-11T01:48:38.391576+00:00,200,94529.10,
2026-09-11T01:49:40.481778+00:00,200,32448.32,
2026-09-11T01:48:41.014058+00:00,200,91921.86,
2026-09-11T01:48:32.231713+00:00,200,100715.17,
2026-09-11T01:49:21.977912+00:00,200,50990.57,
2026-09-11T01:48:52.239303+00:00,200,80732.19,
2026-09-11T01:49:29.857740+00:00,200,43125.99,
2026-09-11T01:49:06.422784+00:00,200,66563.29,
2026-09-11T01:49:25.116101+00:00,200,47875.45,
2026-09-11T01:49:25.388936+00:00,200,47603.70,
2026-09-11T01:49:38.508601+00:00,200,34475.46,
2026-09-11T01:49:39.348859+00:00,200,33647.58,
2026-09-11T01:48:25.016802+00:00,200,107983.83,
2026-09-11T01:49:42.216000+00:00,200,30822.34,
2026-09-11T01:49:22.929969+00:00,200,50122.70,
2026-09-11T01:49:20.534381+00:00,200,52528.14,
2026-09-11T01:49:38.833249+00:00,200,34239.97,
2026-09-11T01:49:29.756909+00:00,200,43320.21,
2026-09-11T01:49:02.279361+00:00,200,70805.37,
2026-09-11T01:49:28.128373+00:00,200,44956.70,
2026-09-11T01:49:31.629054+00:00,200,41458.60,
2026-09-11T01:49:33.284523+00:00,200,39808.32,
2026-09-11T01:49:21.905604+00:00,200,51187.06,
2026-09-11T01:49:10.747943+00:00,200,62360.80,
2026-09-11T01:48:37.631150+00:00,200,95475.23,
2026-09-11T01:49:11.881001+00:00,200,61234.26,
2026-09-11T01:48:55.857550+00:00,200,77261.16,
2026-09-11T01:49:34.933822+00:00,200,38184.94,
2026-09-11T01:49:31.068894+00:00,200,42079.15,
2026-09-11T01:49:16.990501+00:00,200,56149.99,
2026-09-11T01:49:10.060171+00:00,200,63095.72,
2026-09-11T01:49:01.548846+00:00,200,71610.67,
2026-09-11T01:47:42.844945+00:00,200,150334.00,
2026-09-11T01:49:39.608691+00:00,200,33576.21,
2026-09-11T01:48:04.152301+00:00,200,129055.75,
2026-09-11T01:49:08.331213+00:00,200,64891.53,
2026-09-11T01:49:44.021035+00:00,200,29208.91,
2026-09-11T01:49:38.436420+00:00,200,34795.42,
2026-09-11T01:49:04.009391+00:00,200,69224.18,
2026-09-11T01:49:24.407802+00:00,200,48862.22,
2026-09-11T01:49:11.857352+00:00,200,61425.28,
2026-09-11T01:47:49.772149+00:00,200,143515.82,
2026-09-11T01:49:28.329374+00:00,200,44978.89,
2026-09-11T01:49:23.330154+00:00,200,49983.08,
2026-09-11T01:49:43.906052+00:00,200,29411.96,
2026-09-11T01:48:31.421744+00:00,200,101899.35,
2026-09-11T01:49:03.386375+00:00,200,69934.42,
2026-09-11T01:48:45.480906+00:00,200,87834.10,
2026-09-11T01:49:16.538637+00:00,200,56791.48,
2026-09-11T01:48:50.897301+00:00,200,82428.07,
2026-09-11T01:49:46.101578+00:00,200,27232.08,
2026-09-11T01:48:03.772874+00:00,200,129569.07,
2026-09-11T01:48:23.048934+00:00,200,110311.46,
2026-09-11T01:49:15.791686+00:00,200,57587.45,
2026-09-11T01:49:33.028253+00:00,200,40353.63,
2026-09-11T01:49:37.038678+00:00,200,36356.21,
2026-09-11T01:49:36.587006+00:00,200,36802.81,
2026-09-11T01:49:41.338677+00:00,200,32057.34,
2026-09-11T01:49:25.521613+00:00,200,47878.92,
2026-09-11T01:49:29.923847+00:00,200,43488.34,
2026-09-11T01:49:45.214597+00:00,200,28236.01,
2026-09-11T01:49:14.455029+00:00,200,59017.61,
2026-09-11T01:49:42.200139+00:00,200,31272.58,
2026-09-11T01:49:10.643353+00:00,200,62828.97,
2026-09-11T01:49:00.668810+00:00,200,72805.30,
2026-09-11T01:49:01.763423+00:00,200,71709.85,
2026-09-11T01:49:35.631884+00:00,200,37844.13,
2026-09-11T01:49:30.242626+00:00,200,43254.03,
2026-09-11T01:49:18.090443+00:00,200,55405.28,
2026-09-11T01:49:21.120746+00:00,200,52385.83,
2026-09-11T01:49:21.198139+00:00,200,52322.95,
2026-09-11T01:49:29.828218+00:00,200,43709.09,
2026-09-11T01:49:41.146532+00:00,200,32396.75,
2026-09-11T01:49:18.340694+00:00,200,55214.34,
2026-09-11T01:47:43.927095+00:00,200,149630.28,
2026-09-11T01:49:26.598922+00:00,200,46974.42,
2026-09-11T01:48:48.434795+00:00,200,85143.31,
2026-09-11T01:48:52.424989+00:00,200,81153.52,
2026-09-11T01:48:33.464605+00:00,200,100131.50,
2026-09-11T01:49:05.956599+00:00,200,67638.34,
2026-09-11T01:48:51.804587+00:00,200,81792.22,
2026-09-11T01:48:34.862576+00:00,200,98744.09,
2026-09-11T01:48:57.959403+00:00,200,75634.34,
2026-09-11T01:49:25.470385+00:00,200,48140.46,
2026-09-11T01:49:44.514367+00:00,200,29116.38,
2026-09-11T01:49:37.437968+00:00,200,36195.57,
2026-09-11T01:49:06.842718+00:00,200,66800.95,
2026-09-11T01:47:42.360491+00:00,200,151287.02,
2026-09-11T01:49:42.147587+00:00,200,31530.97,
2026-09-11T01:49:43.361296+00:00,200,30323.58,
2026-09-11T01:49:34.773558+00:00,200,38915.03,
2026-09-11T01:48:56.050361+00:00,200,77643.09,
2026-09-11T01:49:14.391673+00:00,200,59307.16,
2026-09-11T01:49:24.631579+00:00,200,49068.23,
2026-09-11T01:49:36.481082+00:00,200,37219.60,
2026-09-11T01:49:18.198818+00:00,200,55503.32,
2026-09-11T01:48:24.798380+00:00,200,108930.61,
2026-09-11T01:49:26.151494+00:00,200,47575.59,
2026-09-11T01:49:43.872429+00:00,200,29863.00,
2026-09-11T01:49:45.554963+00:00,200,28177.73,
2026-09-11T01:49:33.632422+00:00,200,40117.68,
2026-09-11T01:49:19.197071+00:00,200,54552.81,
2026-09-11T01:49:43.841064+00:00,200,29911.28,
2026-09-11T01:49:23.111283+00:00,200,50643.77,
2026-09-11T01:49:29.326543+00:00,200,44436.79,
2026-09-11T01:48:38.946750+00:00,200,94827.21,
2026-09-11T01:49:16.363042+00:00,200,57415.03,
2026-09-11T01:49:11.773470+00:00,200,62007.61,
2026-09-11T01:49:44.698710+00:00,200,29071.79,
2026-09-11T01:49:06.227435+00:00,200,67557.39,
2026-09-11T01:49:44.459112+00:00,200,29326.95,
2026-09-11T01:49:00.621258+00:00,200,73155.23,
2026-09-11T01:49:45.790594+00:00,200,27998.01,
2026-09-11T01:49:14.422129+00:00,200,59382.21,
2026-09-11T01:49:28.374114+00:00,200,45436.27,
2026-09-11T01:49:00.188299+00:00,200,73641.80,
2026-09-11T01:49:26.982844+00:00,200,46853.50,
2026-09-11T01:49:37.425988+00:00,200,36430.57,
2026-09-11T01:48:41.017631+00:00,200,92842.68,
2026-09-11T01:49:00.893524+00:00,200,72982.53,
2026-09-11T01:48:12.304723+00:00,200,121573.32,
2026-09-11T01:49:45.041854+00:00,200,28836.06,
2026-09-11T01:49:32.024421+00:00,200,41855.69,
2026-09-11T01:49:33.898951+00:00,200,39983.45,
2026-09-11T01:48:11.557260+00:00,200,122345.92,
2026-09-11T01:49:21.732548+00:00,200,52181.43,
2026-09-11T01:48:43.534794+00:00,200,90380.29,
2026-09-11T01:48:12.718321+00:00,200,121199.15,
2026-09-11T01:49:46.659527+00:00,200,27284.64,
2026-09-11T01:48:59.956234+00:00,200,73999.84,
2026-09-11T01:48:40.183572+00:00,200,93774.21,
2026-09-11T01:49:42.573633+00:00,200,31396.70,
2026-09-11T01:49:24.688067+00:00,200,49285.56,
2026-09-11T01:49:05.341101+00:00,200,68631.39,
2026-09-11T01:48:45.543832+00:00,200,88422.11,
2026-09-11T01:49:23.605644+00:00,200,50391.65,
2026-09-11T01:48:48.489661+00:00,200,85499.91,
2026-09-11T01:49:12.143757+00:00,200,61854.19,
2026-09-11T01:48:40.566058+00:00,200,93435.86,
2026-09-11T01:49:41.731016+00:00,200,32281.35,
2026-09-11T01:48:55.037921+00:00,200,78973.24,
2026-09-11T01:48:54.318675+00:00,200,79693.05,
2026-09-11T01:49:19.922627+00:00,200,54102.20,
2026-09-11T01:49:37.009592+00:00,200,37011.58,
2026-09-11T01:49:04.392051+00:00,200,69641.23,
2026-09-11T01:49:38.568179+00:00,200,35473.24,
2026-09-11T01:49:16.838971+00:00,200,57203.22,
2026-09-11T01:49:29.618758+00:00,200,44425.14,
2026-09-11T01:49:29.548903+00:00,200,44517.57,
2026-09-11T01:48:55.687106+00:00,200,78380.61,
2026-09-11T01:49:34.704827+00:00,200,39373.72,
2026-09-11T01:49:32.368961+00:00,200,41724.36,
2026-09-11T01:49:38.672943+00:00,200,35421.05,
2026-09-11T01:49:34.205271+00:00,200,39890.85,
2026-09-11T01:48:51.170194+00:00,200,82928.73,
2026-09-11T01:48:16.950633+00:00,200,117158.55,
2026-09-11T01:49:29.989158+00:00,200,44126.29,
2026-09-11T01:49:28.599130+00:00,200,45519.41,
2026-09-11T01:48:34.395683+00:00,200,99732.61,
2026-09-11T01:49:31.961575+00:00,200,42175.24,
2026-09-11T01:49:38.357541+00:00,200,35792.82,
2026-09-11T01:49:41.842098+00:00,200,32309.32,
2026-09-11T01:49:40.118898+00:00,200,34037.75,
2026-09-11T01:49:04.205232+00:00,200,69956.18,
2026-09-11T01:49:38.741586+00:00,200,35422.60,
2026-09-11T01:49:33.355969+00:00,200,40816.02,
2026-09-11T01:49:07.982330+00:00,200,66192.59,
2026-09-11T01:48:49.902736+00:00,200,84274.73,
2026-09-11T01:49:23.215410+00:00,200,50962.73,
2026-09-11T01:49:06.840711+00:00,200,67338.86,
2026-09-11T01:49:45.297963+00:00,200,28881.91,
2026-09-11T01:49:33.091310+00:00,200,41123.84,
2026-09-11T01:49:39.325463+00:00,200,34899.49,
2026-09-11T01:49:43.243568+00:00,200,30988.71,
2026-09-11T01:48:55.665049+00:00,200,78584.97,
2026-09-11T01:48:45.166772+00:00,200,89092.16,
2026-09-11T01:49:28.731414+00:00,200,45515.32,
2026-09-11T01:49:45.242404+00:00,200,29016.47,
2026-09-11T01:49:38.312967+00:00,200,35949.72,
2026-09-11T01:48:48.047741+00:00,200,86214.92,
2026-09-11T01:49:36.839006+00:00,200,37436.38,
2026-09-11T01:48:25.640077+00:00,200,108639.11,
2026-09-11T01:49:23.911143+00:00,200,50372.15,
2026-09-11T01:49:34.791852+00:00,200,39485.21,
2026-09-11T01:49:08.949889+00:00,200,65337.51,
2026-09-11T01:49:24.812210+00:00,200,49490.83,
2026-09-11T01:48:58.741585+00:00,200,75575.34,
2026-09-11T01:48:55.729576+00:00,200,78597.14,
2026-09-11T01:49:19.261919+00:00,200,55067.00,
2026-09-11T01:49:35.808168+00:00,200,38528.37,
2026-09-11T01:49:30.708408+00:00,200,43644.00,
2026-09-11T01:49:33.293302+00:00,200,41068.23,
2026-09-11T01:49:04.629677+00:00,200,69731.99,
2026-09-11T01:49:22.378059+00:00,200,51988.92,
2026-09-11T01:49:14.356576+00:00,200,60007.93,
2026-09-11T01:49:42.942468+00:00,200,31427.57,
2026-09-11T01:48:24.230570+00:00,200,110131.47,
2026-09-11T01:48:33.859958+00:00,200,100514.76,
2026-09-11T01:47:53.055630+00:00,200,141322.98,
2026-09-11T01:48:47.525822+00:00,200,86872.41,
2026-09-11T01:49:33.997558+00:00,200,40424.47,
2026-09-11T01:49:22.970336+00:00,200,51454.49,
2026-09-11T01:49:24.698641+00:00,200,49739.57,
2026-09-11T01:49:42.861536+00:00,200,31580.44,
2026-09-11T01:49:36.094876+00:00,200,38348.64,
2026-09-11T01:49:39.664444+00:00,200,34779.91,
2026-09-11T01:49:03.823748+00:00,200,70628.85,
2026-09-11T01:48:33.812529+00:00,200,100646.18,
2026-09-11T01:49:35.231607+00:00,200,39234.57,
2026-09-11T01:49:37.077444+00:00,200,37393.98,
2026-09-11T01:49:37.159951+00:00,200,37313.08,
2026-09-11T01:49:46.068840+00:00,200,28406.08,
2026-09-11T01:49:35.970241+00:00,200,38510.54,
2026-09-11T01:49:10.604068+00:00,200,63877.89,
2026-09-11T01:49:40.166323+00:00,200,34308.12,
2026-09-11T01:49:40.876719+00:00,200,33613.08,
2026-09-11T01:49:03.569509+00:00,200,70936.44,
2026-09-11T01:49:02.976505+00:00,200,71529.79,
2026-09-11T01:49:36.529056+00:00,200,38027.51,
2026-09-11T01:49:44.202698+00:00,200,30354.84,
2026-09-11T01:49:39.885099+00:00,200,34682.54,
2026-09-11T01:48:53.176512+00:00,200,81388.61,
2026-09-11T01:49:24.907044+00:00,200,49663.70,
2026-09-11T01:49:45.055696+00:00,200,29515.87,
2026-09-11T01:49:16.482116+00:00,200,58090.47,
2026-09-11T01:49:15.213146+00:00,200,59360.47,
2026-09-11T01:49:35.400658+00:00,200,39176.77,
2026-09-11T01:49:15.557281+00:00,200,59029.90,
2026-09-11T01:49:11.690651+00:00,200,62896.00,
2026-09-11T01:48:41.495118+00:00,200,93093.07,
2026-09-11T01:49:22.705903+00:00,200,51891.15,
2026-09-11T01:48:31.163540+00:00,200,103434.54,
2026-09-11T01:49:26.939110+00:00,200,47674.93,
2026-09-11T01:49:25.708576+00:00,200,48918.38,
2026-09-11T01:48:48.244306+00:00,200,86393.56,
2026-09-11T01:49:25.464871+00:00,200,49180.07,
2026-09-11T01:49:35.883158+00:00,200,38762.23,
2026-09-11T01:49:45.754849+00:00,200,28899.35,
2026-09-11T01:49:24.157452+00:00,200,50497.33,
2026-09-11T01:49:40.817811+00:00,200,33855.56,
2026-09-11T01:49:26.440854+00:00,200,48242.79,
2026-09-11T01:49:01.094151+00:00,200,73600.53,
2026-09-11T01:49:35.774767+00:00,200,38923.44,
2026-09-11T01:48:34.405884+00:00,200,100296.72,
2026-09-11T01:49:34.366440+00:00,200,40336.11,
2026-09-11T01:49:34.013260+00:00,200,40695.85,
2026-09-11T01:49:30.412329+00:00,200,44303.15,
2026-09-11T01:49:04.173223+00:00,200,70532.19,
2026-09-11T01:49:40.920882+00:00,200,33801.67,
2026-09-11T01:49:32.939189+00:00,200,41791.74,
2026-09-11T01:49:09.901863+00:00,200,64844.84,
2026-09-11T01:48:27.710096+00:00,200,107045.91,
2026-09-11T01:49:35.481877+00:00,200,39281.65,
2026-09-11T01:49:36.562735+00:00,200,38212.91,
2026-09-11T01:48:55.796813+00:00,200,78982.38,
2026-09-11T01:48:53.783826+00:00,200,80991.27,
2026-09-11T01:48:04.851646+00:00,200,129930.36,
2026-09-11T01:48:54.922190+00:00,200,79847.20,
2026-09-11T01:49:46.665545+00:00,200,28131.13,
2026-09-11T01:48:40.502813+00:00,200,94287.46,
2026-09-11T01:49:25.930808+00:00,200,48883.79,
2026-09-11T01:49:32.849617+00:00,200,41968.00,
2026-09-11T01:49:39.170202+00:00,200,35659.86,
2026-09-11T01:48:20.257725+00:00,200,114575.64,
2026-09-11T01:48:05.000608+00:00,200,129837.15,
2026-09-11T01:49:25.034722+00:00,200,49797.42,
2026-09-11T01:49:35.402665+00:00,200,39441.97,
2026-09-11T01:48:37.488468+00:00,200,97361.46,
2026-09-11T01:49:39.529740+00:00,200,35335.54,
2026-09-11T01:49:13.599305+00:00,200,61271.54,
2026-09-11T01:49:31.662493+00:00,200,43217.04,
2026-09-11T01:49:02.620041+00:00,200,72270.30,
2026-09-11T01:49:22.893507+00:00,200,51996.22,
2026-09-11T01:49:10.997810+00:00,200,63900.59,
2026-09-11T01:49:28.524506+00:00,200,46383.94,
2026-09-11T01:48:59.956234+00:00,200,74957.62,
2026-09-11T01:48:54.537484+00:00,200,80382.27,
2026-09-11T01:49:04.823350+00:00,200,70103.39,
2026-09-11T01:49:32.783793+00:00,200,42153.06,
2026-09-11T01:49:32.100492+00:00,200,42842.28,
2026-09-11T01:49:28.284116+00:00,200,46665.21,
2026-09-11T01:48:46.574052+00:00,200,88377.46,
2026-09-11T01:48:56.284889+00:00,200,78661.52,
2026-09-11T01:49:05.202472+00:00,200,69764.63,
2026-09-11T01:49:45.603101+00:00,200,29368.35,
2026-09-11T01:49:12.060575+00:00,200,62922.95,
2026-09-11T01:48:01.845834+00:00,200,133140.75,
2026-09-11T01:49:01.162397+00:00,200,73831.41,
2026-09-11T01:48:12.512739+00:00,200,122470.17,
2026-09-11T01:49:26.390195+00:00,200,48626.01,
2026-09-11T01:49:26.971768+00:00,200,48048.18,
2026-09-11T01:49:34.602575+00:00,200,40426.30,
2026-09-11T01:49:31.614960+00:00,200,43415.88,
2026-09-11T01:49:44.346626+00:00,200,30691.37,
2026-09-11T01:48:30.660954+00:00,200,104370.58,
2026-09-11T01:49:21.368047+00:00,200,53677.77,
2026-09-11T01:49:02.426749+00:00,200,72620.69,
2026-09-11T01:49:33.194828+00:00,200,41866.72,
2026-09-11T01:49:46.388861+00:00,200,28675.84,
2026-09-11T01:49:43.440328+00:00,200,31627.23,
2026-09-11T01:49:08.043625+00:00,200,67040.40,
2026-09-11T01:49:04.166406+00:00,200,70919.43,
2026-09-11T01:49:24.747732+00:00,200,50341.90,
2026-09-11T01:48:26.112854+00:00,200,108983.41,
2026-09-11T01:49:39.130783+00:00,200,35973.97,
2026-09-11T01:49:30.692829+00:00,200,44414.76,
2026-09-11T01:49:05.146302+00:00,200,69963.86,
2026-09-11T01:49:28.959157+00:00,200,46174.51,
2026-09-11T01:48:20.875615+00:00,200,114258.97,
2026-09-11T01:48:34.395683+00:00,200,100744.55,
2026-09-11T01:49:45.748829+00:00,200,29401.06,
2026-09-11T01:49:17.043907+00:00,200,58113.38,
2026-09-11T01:49:06.572269+00:00,200,68586.83,
2026-09-11T01:48:11.084468+00:00,200,124076.52,
2026-09-11T01:49:29.596029+00:00,200,45581.46,
2026-09-11T01:49:39.681209+00:00,200,35498.15,
2026-09-11T01:49:35.433298+00:00,200,39757.80,
2026-09-11T01:49:12.571051+00:00,200,62627.41,
2026-09-11T01:49:24.624003+00:00,200,50583.94,
2026-09-11T01:49:36.331903+00:00,200,38888.99,
2026-09-11T01:48:45.862361+00:00,200,89356.85,
2026-09-11T01:49:34.444948+00:00,200,40778.75,
2026-09-11T01:49:26.051225+00:00,200,49174.89,
2026-09-11T01:48:46.135020+00:00,200,89091.13,
2026-09-11T01:49:14.954785+00:00,200,60296.32,
2026-09-11T01:49:15.719624+00:00,200,59539.56,
2026-09-11T01:49:44.536258+00:00,200,30726.53,
2026-09-11T01:49:23.561771+00:00,200,51713.33,
2026-09-11T01:48:46.167796+00:00,200,89106.40,
2026-09-11T01:49:00.885326+00:00,200,74393.85,
2026-09-11T01:49:38.799959+00:00,200,36480.02,
2026-09-11T01:48:24.133213+00:00,200,111153.15,
2026-09-11T01:49:34.168575+00:00,200,41122.33,
2026-09-11T01:49:43.336903+00:00,200,31956.20,
2026-09-11T01:48:35.354362+00:00,200,99934.44,
2026-09-11T01:49:19.500690+00:00,200,55805.35,
2026-09-11T01:49:30.778539+00:00,200,44540.09,
2026-09-11T01:48:48.278117+00:00,200,87041.58,
2026-09-11T01:49:23.820019+00:00,200,51517.75,
2026-09-11T01:49:44.624809+00:00,200,30713.96,
2026-09-11T01:49:22.866236+00:00,200,52475.11,
2026-09-11T01:49:23.083712+00:00,200,52263.66,
2026-09-11T01:48:50.764002+00:00,200,84582.67,
2026-09-11T01:49:39.924095+00:00,200,35456.53,
2026-09-11T01:49:43.532429+00:00,200,31860.19,
2026-09-11T01:49:35.150762+00:00,200,40252.28,
2026-09-11T01:49:38.053687+00:00,200,37354.86,
2026-09-11T01:49:31.411209+00:00,200,43999.67,
2026-09-11T01:49:15.044151+00:00,200,60366.78,
2026-09-11T01:49:31.313774+00:00,200,44120.66,
2026-09-11T01:48:54.922190+00:00,200,80515.82,
2026-09-11T01:49:08.665391+00:00,200,66776.18,
2026-09-11T01:49:44.585314+00:00,200,30864.42,
2026-09-11T01:48:58.776244+00:00,200,76679.05,
2026-09-11T01:49:20.332969+00:00,200,55126.42,
2026-09-11T01:48:03.985651+00:00,200,131473.49,
2026-09-11T01:47:22.984717+00:00,200,172493.39,
2026-09-11T01:49:19.401055+00:00,200,56087.16,
2026-09-11T01:49:41.316833+00:00,200,34174.90,
2026-09-11T01:48:04.097681+00:00,200,131415.95,
2026-09-11T01:48:31.883735+00:00,200,103634.88,
2026-09-11T01:48:36.930044+00:00,200,98589.80,
2026-09-11T01:49:35.090272+00:00,200,40436.77,
2026-09-11T01:49:46.648434+00:00,200,28883.29,
2026-09-11T01:49:12.728572+00:00,200,62805.64,
2026-09-11T01:48:55.233696+00:00,200,80303.47,
2026-09-11T01:49:13.961730+00:00,200,61573.85,
2026-09-11T01:49:40.863764+00:00,200,34679.36,
2026-09-11T01:49:30.469935+00:00,200,45076.04,
2026-09-11T01:49:08.994311+00:00,200,66556.06,
2026-09-11T01:49:33.230292+00:00,200,42337.75,
2026-09-11T01:48:49.975976+00:00,200,85600.25,
2026-09-11T01:48:57.784871+00:00,200,77789.19,
2026-09-11T01:48:23.168897+00:00,200,112427.01,
2026-09-11T01:49:36.600688+00:00,200,39003.99,
2026-09-11T01:49:02.333228+00:00,200,73285.24,
2026-09-11T01:49:40.443602+00:00,200,35180.26,
2026-09-11T01:49:20.690606+00:00,200,54933.61,
2026-09-11T01:49:37.453094+00:00,200,38167.60,
2026-09-11T01:48:59.703529+00:00,200,75935.24,
2026-09-11T01:49:15.632636+00:00,200,60016.49,
2026-09-11T01:49:31.993197+00:00,200,43670.70,
2026-09-11T01:49:37.252046+00:00,200,38412.85,
2026-09-11T01:48:46.032371+00:00,200,89638.23,
2026-09-11T01:49:41.217310+00:00,200,34465.89,
2026-09-11T01:48:56.639356+00:00,200,79045.16,
2026-09-11T01:49:22.910984+00:00,200,52781.61,
2026-09-11T01:49:41.364312+00:00,200,34334.24,
2026-09-11T01:49:10.904542+00:00,200,64794.40,
2026-09-11T01:49:35.914984+00:00,200,39795.42,
2026-09-11T01:49:26.031453+00:00,200,49684.96,
2026-09-11T01:49:39.949784+00:00,200,35774.03,
2026-09-11T01:49:41.311510+00:00,200,34413.24,
2026-09-11T01:48:40.399802+00:00,200,95324.63,
2026-09-11T01:49:28.319350+00:00,200,47410.62,
2026-09-11T01:48:49.627270+00:00,200,86103.79,
2026-09-11T01:49:10.729812+00:00,200,65010.13,
2026-09-11T01:49:30.967100+00:00,200,44780.67,
2026-09-11T01:47:53.669244+00:00,200,142090.86,
2026-09-11T01:48:51.168193+00:00,200,84599.15,
2026-09-11T01:49:09.766444+00:00,200,66001.21,
2026-09-11T01:48:19.551117+00:00,200,116213.12,
2026-09-11T01:49:41.725606+00:00,200,34068.80,
2026-09-11T01:49:06.198186+00:00,200,69602.88,
2026-09-11T01:49:46.663540+00:00,200,29149.31,
2026-09-11T01:47:51.028438+00:00,200,144784.62,
2026-09-11T01:47:54.389576+00:00,200,141427.28,
2026-09-11T01:49:38.112787+00:00,200,37705.73,
2026-09-11T01:49:44.041471+00:00,200,31783.59,
2026-09-11T01:49:37.279916+00:00,200,38552.06,
2026-09-11T01:48:26.231337+00:00,200,109604.94,
2026-09-11T01:48:26.749623+00:00,200,109085.90,
2026-09-11T01:49:27.929704+00:00,200,47916.04,
2026-09-11T01:49:39.055599+00:00,200,36797.68,
2026-09-11T01:49:16.478106+00:00,200,59374.78,
2026-09-11T01:49:32.828543+00:00,200,43036.47,
2026-09-11T01:49:37.091446+00:00,200,38774.46,
2026-09-11T01:49:34.522017+00:00,200,41345.55,
2026-09-11T01:49:07.683437+00:00,200,68194.59,
2026-09-11T01:48:44.567760+00:00,200,91316.79,
2026-09-11T01:49:23.874165+00:00,200,52037.60,
2026-09-11T01:49:45.707082+00:00,200,30219.80,
2026-09-11T01:49:33.723025+00:00,200,42208.66,
2026-09-11T01:49:46.479969+00:00,200,29452.95,
2026-09-11T01:49:02.474082+00:00,200,73449.32,
2026-09-11T01:48:39.349566+00:00,200,96574.71,
2026-09-11T01:49:28.597124+00:00,200,47341.96,
2026-09-11T01:49:27.561707+00:00,200,48380.52,
2026-09-11T01:49:40.158304+00:00,200,35785.97,
2026-09-11T01:48:38.638929+00:00,200,97303.76,
2026-09-11T01:48:27.016914+00:00,200,108940.75,
2026-09-11T01:48:26.904411+00:00,200,109060.40,
2026-09-11T01:48:48.351954+00:00,200,87625.91,
2026-09-11T01:49:43.826512+00:00,200,32154.55,
2026-09-11T01:49:41.005356+00:00,200,34985.52,
2026-09-11T01:49:37.071812+00:00,200,38921.20,
2026-09-11T01:49:06.963168+00:00,200,69029.90,
2026-09-11T01:49:37.292232+00:00,200,38716.44,
2026-09-11T01:49:37.205621+00:00,200,38812.81,
2026-09-11T01:49:43.173330+00:00,200,32847.30,
2026-09-11T01:48:35.151032+00:00,200,100866.25,
2026-09-11T01:49:37.411393+00:00,200,38614.10,
2026-09-11T01:49:45.562523+00:00,200,30465.39,
2026-09-11T01:49:41.957598+00:00,200,34085.91,
2026-09-11T01:49:01.865699+00:00,200,74178.48,
2026-09-11T01:49:25.734932+00:00,200,50314.53,
2026-09-11T01:49:40.893794+00:00,200,35154.40,
2026-09-11T01:48:30.407399+00:00,200,105639.07,
2026-09-11T01:49:42.896004+00:00,200,33162.12,
2026-09-11T01:49:34.096868+00:00,200,41979.24,
2026-09-11T01:49:39.936424+00:00,200,36151.79,
2026-09-11T01:49:29.169053+00:00,200,46935.85,
2026-09-11T01:49:33.111308+00:00,200,42995.88,
2026-09-11T01:49:30.526609+00:00,200,45588.24,
2026-09-11T01:49:31.509176+00:00,200,44613.41,
2026-09-11T01:49:04.639257+00:00,200,71486.19,
2026-09-11T01:49:42.012083+00:00,200,34115.15,
2026-09-11T01:49:39.556965+00:00,200,36573.69,
2026-09-11T01:48:28.165177+00:00,200,107967.52,
2026-09-11T01:48:50.119121+00:00,200,86014.36,
2026-09-11T01:49:16.277297+00:00,200,59870.17,
2026-09-11T01:49:13.081215+00:00,200,63066.92,
2026-09-11T01:49:42.046042+00:00,200,34104.93,
2026-09-11T01:48:44.671988+00:00,200,91483.11,
2026-09-11T01:48:51.350809+00:00,200,84807.80,
2026-09-11T01:48:25.122787+00:00,200,111057.25,
2026-09-11T01:49:03.680233+00:00,200,72505.05,
2026-09-11T01:48:44.323724+00:00,200,91868.93,
2026-09-11T01:49:34.838348+00:00,200,41368.01,
2026-09-11T01:48:45.623342+00:00,200,90581.94,
2026-09-11T01:49:36.405215+00:00,200,39804.92,
2026-09-11T01:48:51.423888+00:00,200,84781.88,
2026-09-11T01:49:21.453619+00:00,200,54762.41,
2026-09-11T01:49:43.839056+00:00,200,32378.04,
2026-09-11T01:49:27.327572+00:00,200,48893.94,
2026-09-11T01:48:55.395296+00:00,200,80822.30,
2026-09-11T01:48:55.873970+00:00,200,80356.98,
2026-09-11T01:49:32.713631+00:00,200,43539.12,
2026-09-11T01:49:34.842092+00:00,200,41421.27,
2026-09-11T01:48:55.127260+00:00,200,81145.53,
2026-09-11T01:49:45.768447+00:00,200,30508.03,
2026-09-11T01:48:29.513456+00:00,200,106769.59,
2026-09-11T01:49:12.606264+00:00,200,63682.79,
2026-09-11T01:49:25.821189+00:00,200,50470.40,
2026-09-11T01:48:47.419645+00:00,200,88880.20,
2026-09-11T01:49:31.688297+00:00,200,44616.89,
2026-09-11T01:49:34.224150+00:00,200,42074.79,
2026-09-11T01:48:36.503585+00:00,200,99801.01,
2026-09-11T01:49:36.549145+00:00,200,39763.76,
2026-09-11T01:49:40.756664+00:00,200,35560.04,
2026-09-11T01:49:07.054712+00:00,200,69262.89,
2026-09-11T01:49:33.677412+00:00,200,42640.31,
2026-09-11T01:47:56.798200+00:00,200,139539.41,
2026-09-11T01:48:48.660622+00:00,200,87672.90,
2026-09-11T01:48:15.418571+00:00,200,120930.48,
2026-09-11T01:49:25.034722+00:00,200,51324.22,
2026-09-11T01:48:55.016932+00:00,200,81349.99,
2026-09-11T01:49:44.263390+00:00,200,32104.94,
2026-09-11T01:49:33.228287+00:00,200,43144.35,
2026-09-11T01:49:43.869913+00:00,200,32512.20,
2026-09-11T01:49:28.921784+00:00,200,47462.28,
2026-09-11T01:49:04.042856+00:00,200,72342.89,
2026-09-11T01:48:32.621826+00:00,200,103775.00,
2026-09-11T01:48:26.119193+00:00,200,110280.40,
2026-09-11T01:49:44.431764+00:00,200,31970.29,
2026-09-11T01:48:39.902251+00:00,200,96500.64,
2026-09-11T01:49:42.750496+00:00,200,33666.38,
2026-09-11T01:49:45.658505+00:00,200,30761.03,
2026-09-11T01:49:33.038592+00:00,200,43384.19,
2026-09-11T01:49:41.862426+00:00,200,34566.20,
2026-09-11T01:49:08.533676+00:00,200,67897.64,
2026-09-11T01:49:31.279168+00:00,200,45152.81,
2026-09-11T01:49:43.754683+00:00,200,32677.07,
2026-09-11T01:49:39.839598+00:00,200,36604.63,
2026-09-11T01:48:52.297125+00:00,200,84142.59,
2026-09-11T01:49:33.361984+00:00,200,43081.14,
2026-09-11T01:49:23.174942+00:00,200,53268.74,
2026-09-11T01:49:46.164792+00:00,200,30294.88,
2026-09-11T01:49:30.221040+00:00,200,46240.54,
2026-09-11T01:49:29.165041+00:00,200,47303.46,
2026-09-11T01:49:28.442295+00:00,200,48037.39,
2026-09-11T01:48:06.703472+00:00,200,129778.02,
2026-09-11T01:48:48.630251+00:00,200,87868.18,
2026-09-11T01:49:46.732853+00:00,200,29773.54,
2026-09-11T01:49:25.789527+00:00,200,50717.14,
2026-09-11T01:49:32.983732+00:00,200,43524.98,
2026-09-11T01:49:14.790330+00:00,200,61722.68,
2026-09-11T01:49:22.550803+00:00,200,53969.17,
2026-09-11T01:49:20.986041+00:00,200,55534.80,
2026-09-11T01:49:35.905217+00:00,200,40617.93,
2026-09-11T01:49:24.600229+00:00,200,51934.62,
2026-09-11T01:48:55.843022+00:00,200,80693.74,
2026-09-11T01:48:59.040145+00:00,200,77500.76,
2026-09-11T01:49:44.248218+00:00,200,32306.76,
2026-09-11T01:48:44.349147+00:00,200,92204.53,
2026-09-11T01:49:23.824166+00:00,200,52732.09,
2026-09-11T01:49:41.099691+00:00,200,35464.09,
2026-09-11T01:48:59.603641+00:00,200,76968.86,
2026-09-11T01:48:57.677212+00:00,200,78902.82,
2026-09-11T01:48:32.722500+00:00,200,103859.84,
2026-09-11T01:49:41.273421+00:00,200,35311.57,
2026-09-11T01:49:03.756892+00:00,200,72834.17,
2026-09-11T01:49:12.763396+00:00,200,63828.12,
2026-09-11T01:49:46.523030+00:00,200,30076.09,
2026-09-11T01:48:46.307158+00:00,200,90290.82,
2026-09-11T01:48:46.163780+00:00,200,90445.71,
2026-09-11T01:49:10.547882+00:00,200,66073.16,
2026-09-11T01:49:45.603101+00:00,200,31007.97,
2026-09-11T01:47:49.924140+00:00,200,146701.56,
2026-09-11T01:49:43.081114+00:00,200,33557.86,
2026-09-11T01:48:38.375701+00:00,200,98260.03,
2026-09-11T01:48:39.520905+00:00,200,97123.72,
2026-09-11T01:49:21.515751+00:00,200,55138.27,
2026-09-11T01:49:09.416793+00:00,200,67248.31,
2026-09-11T01:49:19.059485+00:00,200,57604.88,
2026-09-11T01:48:51.410915+00:00,200,85258.78,
2026-09-11T01:49:46.355135+00:00,200,30324.53,
2026-09-11T01:49:16.343120+00:00,200,60338.63,
2026-09-11T01:49:32.080325+00:00,200,44605.72,
2026-09-11T01:49:13.436139+00:00,200,63251.29,
2026-09-11T01:47:15.492160+00:00,200,181193.99,
2026-09-11T01:48:45.369207+00:00,200,91320.57,
2026-09-11T01:48:52.569013+00:00,200,84136.26,
2026-09-11T01:49:21.281339+00:00,200,55428.00,
2026-09-11T01:49:30.853775+00:00,200,45855.84,
2026-09-11T01:49:14.228514+00:00,200,62492.99,
2026-09-11T01:49:37.682921+00:00,200,39039.34,
2026-09-11T01:49:29.255801+00:00,200,47474.25,
2026-09-11T01:49:42.016701+00:00,200,34711.24,
2026-09-11T01:49:30.141134+00:00,200,46594.07,
2026-09-11T01:49:01.885820+00:00,200,74850.05,
2026-09-11T01:49:43.528419+00:00,200,33213.59,
2026-09-11T01:49:03.386375+00:00,200,73352.89,
2026-09-11T01:48:49.975976+00:00,200,86777.10,
2026-09-11T01:49:05.787003+00:00,200,70968.57,
2026-09-11T01:49:39.348859+00:00,200,37407.02,
2026-09-11T01:48:57.229203+00:00,200,79528.80,
2026-09-11T01:49:42.577645+00:00,200,34186.17,
2026-09-11T01:48:59.337203+00:00,200,77427.90,
2026-09-11T01:49:40.810536+00:00,200,35952.66,
2026-09-11T01:49:35.891414+00:00,200,40878.23,
